code,ticker,name,signal_month,status,months_active,rsi14,rsi5,rsi14_up,rsi5_up,diff,gc_month,gc_price,signal_month_close,period_price,return_since_gc_pct,sma25,sma75,sma200,price_above_sma25,price_above_sma75,price_above_sma200,perfect_order,sma25_up,sma75_up,sma200_up,avg_volume30,high52_price,high52_distance_pct,high52_breakout,volume_ratio_5_30,atr14_pct,atr_ratio_10_20,vcp_tight,stage,supertrend_up,rsr_score,rsr_momentum,mvp_signal,cosmos_focus,cosmos_focus_type,signal_version,monthly_rsi14,monthly_rsi_ma5,monthly_rsi14_up,monthly_rsi_ma5_up,monthly_rsi_spread
4310,4310.T,ドリームインキュベータ,2021-12,NEW,1,39.75,58.99,True,True,19.24,2021-12,1582.0,1582.0,1582.0,0.0,1245.28,970.12,,True,True,,,True,True,,164043.0,,,,0.6,5.71,0.98,True,1,True,,,,False,,tv_wilder_rsi14_sma5_v1,58.99,39.75,True,True,19.24
6958,6958.T,日本シイエムケイ,2021-12,CONTINUE,4,49.51,65.16,True,True,15.65,2021-09,433.0,693.0,693.0,60.05,431.32,,,True,,,,True,,,206440.0,,,,1.34,3.83,1.34,False,1,True,,,,False,,tv_wilder_rsi14_sma5_v1,65.16,49.51,True,True,15.65
7734,7734.T,理研計器,2021-12,CONTINUE,5,71.17,85.83,True,True,14.66,2021-08,1421.0,2935.0,2935.0,106.54,1333.44,,,True,,,,,,,,,,,,2.59,0.95,True,1,True,,,,False,,tv_wilder_rsi14_sma5_v1,85.83,71.17,True,True,14.66
1814,1814.T,大末建設,2021-12,CONTINUE,2,57.6,71.71,True,True,14.1,2021-11,1118.0,1397.0,1397.0,24.96,1079.24,1006.72,,True,True,,,True,,,76967.0,,,,0.57,4.27,0.84,True,1,True,,,,False,,tv_wilder_rsi14_sma5_v1,71.71,57.6,True,True,14.1
8550,8550.T,栃木銀行,2021-12,NEW,1,45.85,59.26,True,True,13.41,2021-12,231.0,231.0,231.0,0.0,187.24,182.85,,True,True,,,True,True,,383867.0,,,,2.76,2.75,1.41,False,1,True,,,,False,,tv_wilder_rsi14_sma5_v1,59.26,45.85,True,True,13.41
2676,2676.T,高千穂交易,2021-12,CONTINUE,7,63.05,75.78,True,True,12.73,2021-06,578.5,772.5,772.5,33.54,,,,,,,,,,,,,,,,,,,,,,,,False,,tv_wilder_rsi14_sma5_v1,75.78,63.05,True,True,12.73
6078,6078.T,バリューＨＲ,2021-12,CONTINUE,4,64.34,77.0,True,True,12.67,2021-09,900.5,1409.0,1409.0,56.47,872.38,,,True,,,,True,,,55120.0,,,,1.37,2.29,1.11,False,1,True,,,,False,,tv_wilder_rsi14_sma5_v1,77.0,64.34,True,True,12.67
3853,3853.T,アステリア,2021-12,CONTINUE,2,50.34,62.48,True,True,12.14,2021-11,803.0,1115.0,1115.0,38.85,773.8,720.11,,True,True,,,True,,,283203.0,,,,1.55,6.33,1.38,False,1,True,,,,False,,tv_wilder_rsi14_sma5_v1,62.48,50.34,True,True,12.14
2307,2307.T,クロスキャット,2021-12,CONTINUE,5,59.4,71.24,True,True,11.85,2021-08,563.5,928.0,928.0,64.69,509.12,,,True,,,,,,,,,,,,3.5,1.55,False,1,True,,,,False,,tv_wilder_rsi14_sma5_v1,71.24,59.4,True,True,11.85
6779,6779.T,日本電波工業,2021-12,CONTINUE,2,70.26,81.91,True,True,11.65,2021-11,1684.0,1791.0,1791.0,6.35,1319.08,1017.13,,True,True,,,True,,,944143.0,,,,1.0,9.87,1.14,False,1,True,,,,False,,tv_wilder_rsi14_sma5_v1,81.91,70.26,True,True,11.65
8007,8007.T,高島,2021-12,CONTINUE,4,58.88,70.29,True,True,11.41,2021-09,234.62,301.38,301.38,28.45,230.84,,,True,,,,True,,,43013.0,,,,1.31,2.12,1.22,False,1,True,,,,False,,tv_wilder_rsi14_sma5_v1,70.29,58.88,True,True,11.41
9755,9755.T,応用地質,2021-12,CONTINUE,6,68.89,80.25,True,True,11.37,2021-07,1289.0,2150.0,2150.0,66.8,,,,,,,,,,,,,,,,,,,1,True,,,,False,,tv_wilder_rsi14_sma5_v1,80.25,68.89,True,True,11.37
4980,4980.T,デクセリアルズ,2021-12,CONTINUE,2,76.0,86.86,True,True,10.85,2021-11,1115.0,1385.0,1385.0,24.22,1034.73,825.7,,True,True,,,True,,,2464770.0,,,,0.61,3.98,0.8,True,1,True,,,,False,,tv_wilder_rsi14_sma5_v1,86.86,76.0,True,True,10.85
8158,8158.T,ソーダニッカ,2021-12,CONTINUE,5,59.49,70.27,True,True,10.79,2021-08,577.0,823.0,823.0,42.63,547.92,,,True,,,,,,,,,,,,1.44,1.03,False,1,True,,,,False,,tv_wilder_rsi14_sma5_v1,70.27,59.49,True,True,10.79
6055,6055.T,ジャパンマテリアル,2021-12,CONTINUE,4,54.01,64.63,True,True,10.62,2021-09,1305.0,1894.0,1894.0,45.13,1309.16,,,False,,,,True,,,351227.0,,,,1.78,2.91,1.12,False,1,True,,,,False,,tv_wilder_rsi14_sma5_v1,64.63,54.01,True,True,10.62
5344,5344.T,ＭＡＲＵＷＡ,2021-12,CONTINUE,4,67.57,78.16,True,True,10.59,2021-09,11430.0,16300.0,16300.0,42.61,11358.4,,,True,,,,True,,,26820.0,,,,1.02,3.39,1.07,False,1,True,,,,False,,tv_wilder_rsi14_sma5_v1,78.16,67.57,True,True,10.59
6104,6104.T,芝浦機械,2021-12,CONTINUE,6,59.3,69.6,True,True,10.3,2021-07,2594.0,3760.0,3760.0,44.95,,,,,,,,,,,,,,,,,,,1,True,,,,False,,tv_wilder_rsi14_sma5_v1,69.6,59.3,True,True,10.3
6787,6787.T,メイコー,2021-12,CONTINUE,3,66.43,76.47,True,True,10.04,2021-10,3145.0,4760.0,4760.0,51.35,2998.2,,,True,,,,False,,,192453.0,,,,0.63,3.67,0.99,True,1,True,,,,False,,tv_wilder_rsi14_sma5_v1,76.47,66.43,True,True,10.04
8091,8091.T,ニチモウ,2021-12,CONTINUE,2,55.44,65.31,True,True,9.87,2021-11,1014.5,1211.5,1211.5,19.42,1018.5,1016.24,,False,False,,,True,,,15900.0,,,,1.0,2.69,1.13,False,1,False,,,,False,,tv_wilder_rsi14_sma5_v1,65.31,55.44,True,True,9.87
6875,6875.T,メガチップス,2021-12,CONTINUE,4,67.85,77.64,True,True,9.79,2021-09,3370.0,5150.0,5150.0,52.82,3442.4,,,False,,,,True,,,103677.0,,,,0.86,3.34,1.05,False,1,False,,,,False,,tv_wilder_rsi14_sma5_v1,77.64,67.85,True,True,9.79
3580,3580.T,小松マテーレ,2021-12,CONTINUE,2,61.73,71.4,True,True,9.67,2021-11,1177.0,1276.0,1276.0,8.41,1094.84,1012.16,,True,True,,,True,,,62143.0,,,,1.23,3.68,0.89,True,1,True,,,,False,,tv_wilder_rsi14_sma5_v1,71.4,61.73,True,True,9.67
7995,7995.T,バルカー,2021-12,CONTINUE,14,56.84,66.44,True,True,9.61,2020-11,1870.0,2712.0,2712.0,45.03,,,,,,,,,,,,,,,,,,,,,,,,False,,tv_wilder_rsi14_sma5_v1,66.44,56.84,True,True,9.61
8343,8343.T,秋田銀行,2021-12,NEW,1,40.54,49.91,True,True,9.37,2021-12,1635.0,1635.0,1635.0,0.0,1546.72,1493.75,,True,True,,,True,True,,29143.0,,,,0.58,1.24,1.03,False,1,True,,,,False,,tv_wilder_rsi14_sma5_v1,49.91,40.54,True,True,9.37
9381,9381.T,エーアイテイー,2021-12,NEW,1,59.61,68.85,True,True,9.24,2021-12,1461.0,1461.0,1461.0,0.0,1295.96,1210.71,,True,True,,,True,True,,33583.0,,,,0.9,2.48,0.98,True,1,True,,,,False,,tv_wilder_rsi14_sma5_v1,68.85,59.61,True,True,9.24
6941,6941.T,山一電機,2021-12,CONTINUE,5,61.87,70.65,True,True,8.78,2021-08,1654.0,2326.0,2326.0,40.63,1630.88,,,True,,,,,,,,,,,,3.36,1.07,False,1,False,,,,False,,tv_wilder_rsi14_sma5_v1,70.65,61.87,True,True,8.78
7182,7182.T,ゆうちょ銀行,2021-12,CONTINUE,2,47.14,55.48,True,True,8.34,2021-11,928.0,1055.0,1055.0,13.69,899.64,941.28,,True,False,,,False,,,3653750.0,,,,0.85,2.02,0.96,True,1,True,,,,False,,tv_wilder_rsi14_sma5_v1,55.48,47.14,True,True,8.34
4229,4229.T,群栄化学工業,2021-12,CONTINUE,7,61.64,69.93,True,True,8.29,2021-06,2456.0,3795.0,3795.0,54.52,,,,,,,,,,,,,,,,,,,,,,,,False,,tv_wilder_rsi14_sma5_v1,69.93,61.64,True,True,8.29
7433,7433.T,伯東,2021-12,CONTINUE,12,76.32,84.39,True,True,8.08,2021-01,1225.0,2648.0,2648.0,116.16,,,,,,,,,,,,,,,,,,,,,,,,False,,tv_wilder_rsi14_sma5_v1,84.39,76.32,True,True,8.08
4765,4765.T,ＳＢＩグローバルアセットマネジメント,2021-12,CONTINUE,5,70.38,78.44,True,True,8.06,2021-08,486.0,644.0,644.0,32.51,465.16,,,True,,,,,,,,,,,,2.01,1.06,False,1,True,,,,False,,tv_wilder_rsi14_sma5_v1,78.44,70.38,True,True,8.06
5991,5991.T,日本発条,2021-12,CONTINUE,3,52.31,60.36,True,True,8.06,2021-10,857.0,978.0,978.0,14.12,836.28,,,True,,,,True,,,495593.0,,,,1.4,2.05,0.96,True,1,True,,,,False,,tv_wilder_rsi14_sma5_v1,60.36,52.31,True,True,8.06
3302,3302.T,帝国繊維,2021-12,NEW,1,46.25,54.23,True,True,7.98,2021-12,2321.0,2321.0,2321.0,0.0,2100.96,2067.72,,True,True,,,True,True,,70583.0,,,,2.25,2.87,1.18,False,1,True,,,,False,,tv_wilder_rsi14_sma5_v1,54.23,46.25,True,True,7.98
5631,5631.T,日本製鋼所,2021-12,CONTINUE,4,64.69,72.66,True,True,7.97,2021-09,2917.0,3860.0,3860.0,32.33,2867.4,,,True,,,,True,,,392603.0,,,,0.77,2.78,0.96,True,1,True,,,,False,,tv_wilder_rsi14_sma5_v1,72.66,64.69,True,True,7.97
1662,1662.T,石油資源開発,2021-12,CONTINUE,4,52.1,59.92,True,True,7.82,2021-09,420.0,501.2,501.2,19.33,390.18,,,True,,,,True,,,903550.0,,,,1.4,2.19,1.31,False,1,True,,,,False,,tv_wilder_rsi14_sma5_v1,59.92,52.1,True,True,7.82
6850,6850.T,チノー,2021-12,NEW,1,54.19,61.98,True,True,7.8,2021-12,837.0,837.0,837.0,0.0,781.62,747.31,,True,True,,,True,True,,45647.0,,,,1.02,2.61,1.04,False,1,True,,,,False,,tv_wilder_rsi14_sma5_v1,61.98,54.19,True,True,7.8
6368,6368.T,オルガノ,2021-12,NEW,1,61.37,69.09,True,True,7.72,2021-12,2162.5,2162.5,2162.5,0.0,1875.7,1772.37,,True,True,,,True,True,,189440.0,,,,1.92,2.78,1.04,False,1,True,,,,False,,tv_wilder_rsi14_sma5_v1,69.09,61.37,True,True,7.72
8381,8381.T,山陰合同銀行,2021-12,CONTINUE,10,49.07,56.75,True,True,7.68,2021-03,561.0,648.0,648.0,15.51,,,,,,,,,,,,,,,,,,,,,,,,False,,tv_wilder_rsi14_sma5_v1,56.75,49.07,True,True,7.68
1852,1852.T,淺沼組,2021-12,CONTINUE,2,60.96,68.49,True,True,7.53,2021-11,526.0,550.0,550.0,4.56,486.4,466.35,,True,True,,,True,,,731133.0,,,,1.28,3.09,1.25,False,1,True,,,,False,,tv_wilder_rsi14_sma5_v1,68.49,60.96,True,True,7.53
4216,4216.T,旭有機材,2021-12,CONTINUE,2,51.93,59.46,True,True,7.53,2021-11,1490.0,1727.0,1727.0,15.91,1448.52,1456.27,,True,True,,,True,,,59683.0,,,,1.39,2.39,0.94,True,1,True,,,,False,,tv_wilder_rsi14_sma5_v1,59.46,51.93,True,True,7.53
7826,7826.T,フルヤ金属,2021-12,CONTINUE,5,66.24,73.68,True,True,7.44,2021-08,2806.67,4023.33,4023.33,43.35,2475.87,,,True,,,,,,,,,,,,4.72,0.94,True,1,True,,,,False,,tv_wilder_rsi14_sma5_v1,73.68,66.24,True,True,7.44
6590,6590.T,芝浦メカトロニクス,2021-12,CONTINUE,2,67.79,75.19,True,True,7.4,2021-11,550.0,643.33,643.33,16.97,528.59,482.94,,True,True,,,True,,,1215900.0,,,,1.29,3.45,1.11,False,1,True,,,,False,,tv_wilder_rsi14_sma5_v1,75.19,67.79,True,True,7.4
1873,1873.T,日本ハウスホールディングス,2021-12,NEW,1,54.39,61.78,True,True,7.39,2021-12,507.0,507.0,507.0,0.0,420.72,412.16,,True,True,,,True,True,,332163.0,,,,0.93,4.35,0.86,True,1,True,,,,False,,tv_wilder_rsi14_sma5_v1,61.78,54.39,True,True,7.39
6264,6264.T,マルマエ,2021-12,CONTINUE,2,69.6,76.93,True,True,7.33,2021-11,1496.5,1565.0,1565.0,4.58,1338.44,1125.97,,True,True,,,True,,,871893.0,,,,0.73,6.11,1.21,False,1,True,,,,False,,tv_wilder_rsi14_sma5_v1,76.93,69.6,True,True,7.33
5757,5757.T,ＣＫサンエツ,2021-12,CONTINUE,3,52.44,59.62,True,True,7.19,2021-10,3420.0,4000.0,4000.0,16.96,3166.96,,,True,,,,False,,,9643.0,,,,1.01,3.11,1.09,False,1,True,,,,False,,tv_wilder_rsi14_sma5_v1,59.62,52.44,True,True,7.19
8358,8358.T,スルガ銀行,2021-12,CONTINUE,5,45.81,52.96,True,True,7.15,2021-08,362.0,508.0,508.0,40.33,349.76,,,True,,,,,,,,,,,,2.43,0.88,True,1,True,,,,False,,tv_wilder_rsi14_sma5_v1,52.96,45.81,True,True,7.15
8366,8366.T,滋賀銀行,2021-12,NEW,1,39.47,46.57,True,True,7.1,2021-12,413.8,413.8,413.8,0.0,387.03,381.14,,True,True,,,True,True,,624417.0,,,,0.61,1.84,0.93,True,1,True,,,,False,,tv_wilder_rsi14_sma5_v1,46.57,39.47,True,True,7.1
7723,7723.T,愛知時計電機,2021-12,NEW,1,62.91,69.98,True,True,7.07,2021-12,1793.33,1793.33,1793.33,0.0,1588.27,1574.0,,True,True,,,True,True,,14740.0,,,,2.31,3.27,1.43,False,1,True,,,,False,,tv_wilder_rsi14_sma5_v1,69.98,62.91,True,True,7.07
2737,2737.T,トーメンデバイス,2021-12,CONTINUE,7,77.53,84.58,True,True,7.05,2021-06,4065.0,7510.0,7510.0,84.75,,,,,,,,,,,,,,,,,,,,,,,,False,,tv_wilder_rsi14_sma5_v1,84.58,77.53,True,True,7.05
8541,8541.T,愛媛銀行,2021-12,NEW,1,34.13,41.12,True,True,6.99,2021-12,834.0,834.0,834.0,0.0,781.8,783.01,,True,True,,,True,True,,54013.0,,,,0.81,1.58,1.0,False,1,True,,,,False,,tv_wilder_rsi14_sma5_v1,41.12,34.13,True,True,6.99
4825,4825.T,ウェザーニューズ,2021-12,CONTINUE,5,76.2,83.17,True,False,6.98,2021-08,1445.0,2405.0,2405.0,66.44,1409.0,,,True,,,,,,,,,,,,1.63,1.09,False,1,True,,,,False,,tv_wilder_rsi14_sma5_v1,83.17,76.2,False,True,6.98
7911,7911.T,ＴＯＰＰＡＮホールディングス,2021-12,NEW,1,54.22,61.13,True,True,6.91,2021-12,2156.0,2156.0,2156.0,0.0,1945.24,1909.47,,True,True,,,True,True,,1217680.0,,,,0.57,2.2,0.96,True,1,True,,,,False,,tv_wilder_rsi14_sma5_v1,61.13,54.22,True,True,6.91
7821,7821.T,前田工繊,2021-12,CONTINUE,2,66.51,73.33,False,True,6.82,2021-11,1755.0,1962.5,1962.5,11.82,1746.7,1704.8,,True,True,,,True,,,90127.0,,,,1.21,2.72,1.01,False,1,True,,,,False,,tv_wilder_rsi14_sma5_v1,73.33,66.51,True,False,6.82
6279,6279.T,瑞光,2021-12,NEW,1,44.15,50.93,True,True,6.78,2021-12,998.0,998.0,998.0,0.0,908.96,911.43,,True,True,,,True,False,,15913.0,,,,1.85,2.51,1.22,False,1,True,,,,False,,tv_wilder_rsi14_sma5_v1,50.93,44.15,True,True,6.78
8002,8002.T,丸紅,2021-12,CONTINUE,3,63.99,70.72,True,True,6.73,2021-10,961.2,1119.5,1119.5,16.47,944.35,,,True,,,,True,,,6109433.0,,,,0.93,2.01,0.97,True,1,True,,,,False,,tv_wilder_rsi14_sma5_v1,70.72,63.99,True,True,6.73
9769,9769.T,学究社,2021-12,CONTINUE,8,59.67,66.36,True,True,6.69,2021-05,1323.0,1551.0,1551.0,17.23,,,,,,,,,,,,,,,,,,,,,,,,False,,tv_wilder_rsi14_sma5_v1,66.36,59.67,True,True,6.69
6962,6962.T,大真空,2021-12,CONTINUE,3,75.52,82.21,True,False,6.68,2021-10,1010.0,1556.0,1556.0,54.06,1002.32,,,True,,,,True,,,551130.0,,,,0.47,3.6,0.83,True,1,True,,,,False,,tv_wilder_rsi14_sma5_v1,82.21,75.52,False,True,6.68
3431,3431.T,宮地エンジニアリンググループ,2021-12,CONTINUE,6,65.26,71.92,True,True,6.66,2021-07,630.0,812.5,812.5,28.97,,,,,,,,,,,,,,,,,,,1,True,,,,False,,tv_wilder_rsi14_sma5_v1,71.92,65.26,True,True,6.66
7921,7921.T,ＴＡＫＡＲＡ＆ＣＯＭＰＡＮＹ,2021-12,NEW,1,50.27,56.86,True,True,6.58,2021-12,1975.0,1975.0,1975.0,0.0,1789.56,1789.45,,True,True,,,True,True,,63790.0,,,,1.7,1.93,1.29,False,1,True,,,,False,,tv_wilder_rsi14_sma5_v1,56.86,50.27,True,True,6.58
1976,1976.T,明星工業,2021-12,NEW,1,43.94,50.47,True,True,6.53,2021-12,759.0,759.0,759.0,0.0,707.16,706.88,,True,True,,,True,False,,206163.0,,,,0.46,1.53,0.9,True,1,True,,,,False,,tv_wilder_rsi14_sma5_v1,50.47,43.94,True,True,6.53
6744,6744.T,能美防災,2021-12,NEW,1,48.66,55.18,True,True,6.52,2021-12,2251.0,2251.0,2251.0,0.0,2164.32,2102.91,,True,True,,,True,True,,82210.0,,,,0.44,2.16,0.74,True,1,True,,,,False,,tv_wilder_rsi14_sma5_v1,55.18,48.66,True,True,6.52
4528,4528.T,小野薬品工業,2021-12,CONTINUE,2,47.53,54.04,True,True,6.51,2021-11,2505.5,2856.0,2856.0,13.99,2456.14,2529.79,,True,False,,,True,,,1111600.0,,,,1.85,2.0,1.01,False,1,True,,,,False,,tv_wilder_rsi14_sma5_v1,54.04,47.53,True,True,6.51
6871,6871.T,日本マイクロニクス,2021-12,CONTINUE,3,60.85,67.31,True,True,6.46,2021-10,1503.0,1854.0,1854.0,23.35,1400.96,,,True,,,,False,,,355757.0,,,,0.74,3.28,0.9,True,1,True,,,,False,,tv_wilder_rsi14_sma5_v1,67.31,60.85,True,True,6.46
5988,5988.T,パイオラックス,2021-12,CONTINUE,7,46.28,52.69,True,True,6.41,2021-06,1528.0,1758.0,1758.0,15.05,,,,,,,,,,,,,,,,,,,,,,,,False,,tv_wilder_rsi14_sma5_v1,52.69,46.28,True,True,6.41
6294,6294.T,オカダアイヨン,2021-12,CONTINUE,2,58.22,64.63,True,True,6.41,2021-11,1417.0,1582.0,1582.0,11.64,1358.0,1341.76,,True,True,,,True,,,21713.0,,,,2.45,4.0,1.33,False,1,True,,,,False,,tv_wilder_rsi14_sma5_v1,64.63,58.22,True,True,6.41
4975,4975.T,ＪＣＵ,2021-12,CONTINUE,6,66.43,72.84,True,True,6.4,2021-07,4005.0,5470.0,5470.0,36.58,,,,,,,,,,,,,,,,,,,1,True,,,,False,,tv_wilder_rsi14_sma5_v1,72.84,66.43,True,True,6.4
8103,8103.T,明和産業,2021-12,CONTINUE,4,69.04,75.39,True,True,6.35,2021-09,937.0,997.0,997.0,6.4,971.92,,,False,,,,True,,,1117867.0,,,,1.19,4.45,0.51,True,1,False,,,,False,,tv_wilder_rsi14_sma5_v1,75.39,69.04,True,True,6.35
9824,9824.T,泉州電業,2021-12,NEW,1,72.82,79.17,True,True,6.35,2021-12,2975.0,2975.0,2975.0,0.0,2683.7,2476.47,,True,True,,,True,True,,42907.0,,,,0.74,2.38,0.77,True,1,True,,,,False,,tv_wilder_rsi14_sma5_v1,79.17,72.82,True,True,6.35
7735,7735.T,ＳＣＲＥＥＮホールディングス,2021-12,CONTINUE,3,66.09,72.43,True,True,6.34,2021-10,2642.5,3092.5,3092.5,17.03,2360.0,,,True,,,,False,,,2766600.0,,,,1.67,3.8,1.02,False,1,True,,,,False,,tv_wilder_rsi14_sma5_v1,72.43,66.09,True,True,6.34
5232,5232.T,住友大阪セメント,2021-12,CONTINUE,4,43.63,49.91,True,True,6.28,2021-09,3125.0,3535.0,3535.0,13.12,3108.28,,,True,,,,True,,,218017.0,,,,1.32,1.97,1.12,False,1,True,,,,False,,tv_wilder_rsi14_sma5_v1,49.91,43.63,True,True,6.28
8377,8377.T,ほくほくフィナンシャルグループ,2021-12,NEW,1,40.38,46.66,True,True,6.28,2021-12,914.0,914.0,914.0,0.0,813.6,833.31,,True,True,,,False,False,,345160.0,,,,1.79,2.22,1.3,False,1,True,,,,False,,tv_wilder_rsi14_sma5_v1,46.66,40.38,True,True,6.28
6902,6902.T,デンソー,2021-12,CONTINUE,3,70.74,76.86,True,True,6.12,2021-10,2055.75,2382.25,2382.25,15.88,1918.28,,,True,,,,False,,,6267547.0,,,,1.03,2.35,1.08,False,1,True,,,,False,,tv_wilder_rsi14_sma5_v1,76.86,70.74,True,True,6.12
8522,8522.T,名古屋銀行,2021-12,NEW,1,43.72,49.84,True,True,6.12,2021-12,914.67,914.67,914.67,0.0,846.0,844.85,,True,True,,,True,True,,282580.0,,,,0.45,2.43,1.02,False,1,True,,,,False,,tv_wilder_rsi14_sma5_v1,49.84,43.72,True,True,6.12
3465,3465.T,ケイアイスター不動産,2021-12,CONTINUE,4,81.54,87.62,True,True,6.08,2021-09,2845.0,4465.0,4465.0,56.94,2793.2,,,True,,,,True,,,939213.0,,,,0.52,4.16,0.86,True,1,False,,,,False,,tv_wilder_rsi14_sma5_v1,87.62,81.54,True,True,6.08
6504,6504.T,富士電機,2021-12,CONTINUE,3,70.67,76.75,True,True,6.08,2021-10,5550.0,6280.0,6280.0,13.15,4993.4,,,True,,,,False,,,605787.0,,,,1.34,2.71,1.05,False,1,True,,,,False,,tv_wilder_rsi14_sma5_v1,76.75,70.67,True,True,6.08
6200,6200.T,インソース,2021-12,CONTINUE,3,61.1,67.18,True,True,6.07,2021-10,1137.5,1408.5,1408.5,23.82,1108.36,,,True,,,,True,,,297127.0,,,,0.56,3.0,0.75,True,1,True,,,,False,,tv_wilder_rsi14_sma5_v1,67.18,61.1,True,True,6.07
8345,8345.T,岩手銀行,2021-12,NEW,1,34.3,40.35,True,True,6.04,2021-12,467.0,467.0,467.0,0.0,437.93,427.67,,True,True,,,True,True,,170360.0,,,,0.82,1.56,1.02,False,1,True,,,,False,,tv_wilder_rsi14_sma5_v1,40.35,34.3,True,True,6.04
6727,6727.T,ワコム,2021-12,CONTINUE,5,58.83,64.83,True,True,6.0,2021-08,717.0,916.0,916.0,27.75,712.96,,,True,,,,,,,,,,,,2.83,0.92,True,1,False,,,,False,,tv_wilder_rsi14_sma5_v1,64.83,58.83,True,True,6.0
6490,6490.T,ＰＩＬＬＡＲ,2021-12,CONTINUE,14,82.01,88.01,True,True,5.99,2020-11,1621.0,3720.0,3720.0,129.49,,,,,,,,,,,,,,,,,,,,,,,,False,,tv_wilder_rsi14_sma5_v1,88.01,82.01,True,True,5.99
8035,8035.T,東京エレクトロン,2021-12,CONTINUE,3,80.65,86.59,True,True,5.94,2021-10,17616.67,22093.33,22093.33,25.41,16476.0,,,True,,,,False,,,3304480.0,,,,0.99,2.97,0.9,True,1,True,,,,False,,tv_wilder_rsi14_sma5_v1,86.59,80.65,True,True,5.94
5186,5186.T,ニッタ,2021-12,NEW,1,51.52,57.45,True,True,5.93,2021-12,2947.0,2947.0,2947.0,0.0,2841.72,2752.61,,True,True,,,True,True,,47020.0,,,,0.48,1.64,0.87,True,1,True,,,,False,,tv_wilder_rsi14_sma5_v1,57.45,51.52,True,True,5.93
7246,7246.T,プレス工業,2021-12,CONTINUE,2,48.93,54.86,True,True,5.93,2021-11,373.0,390.0,390.0,4.56,380.48,357.43,,False,True,,,True,,,955413.0,,,,0.69,4.0,0.8,True,1,False,,,,False,,tv_wilder_rsi14_sma5_v1,54.86,48.93,True,True,5.93
2146,2146.T,ＵＴグループ,2021-12,CONTINUE,4,57.26,63.14,True,True,5.88,2021-09,225.0,288.33,288.33,28.15,209.96,,,True,,,,True,,,3372700.0,,,,0.74,3.53,1.09,False,1,True,,,,False,,tv_wilder_rsi14_sma5_v1,63.14,57.26,True,True,5.88
3569,3569.T,セーレン,2021-12,CONTINUE,3,63.05,68.91,True,True,5.86,2021-10,2294.0,2517.0,2517.0,9.72,2202.24,,,True,,,,True,,,234623.0,,,,1.81,2.38,0.87,True,1,True,,,,False,,tv_wilder_rsi14_sma5_v1,68.91,63.05,True,True,5.86
8052,8052.T,椿本興業,2021-12,CONTINUE,6,56.11,61.92,True,True,5.81,2021-07,1178.33,1478.33,1478.33,25.46,,,,,,,,,,,,,,,,,,,1,True,,,,False,,tv_wilder_rsi14_sma5_v1,61.92,56.11,True,True,5.81
1518,1518.T,三井松島ホールディングス,2021-12,NEW,1,66.07,71.85,True,True,5.79,2021-12,378.2,378.2,378.2,0.0,296.98,296.68,,True,True,,,True,True,,5035417.0,,,,1.79,4.13,1.26,False,1,True,,,,False,,tv_wilder_rsi14_sma5_v1,71.85,66.07,True,True,5.79
8032,8032.T,日本紙パルプ商事,2021-12,NEW,1,51.64,57.41,True,True,5.77,2021-12,412.0,412.0,412.0,0.0,391.72,386.89,,True,True,,,True,True,,100833.0,,,,0.71,1.77,1.12,False,1,True,,,,False,,tv_wilder_rsi14_sma5_v1,57.41,51.64,True,True,5.77
6652,6652.T,ＩＤＥＣ,2021-12,CONTINUE,8,63.1,68.81,True,True,5.71,2021-05,2044.0,2787.0,2787.0,36.35,,,,,,,,,,,,,,,,,,,,,,,,False,,tv_wilder_rsi14_sma5_v1,68.81,63.1,True,True,5.71
3443,3443.T,川田テクノロジーズ,2021-12,NEW,1,39.79,45.46,True,True,5.66,2021-12,475.56,475.56,475.56,0.0,435.04,432.87,,True,True,,,True,True,,155400.0,,,,1.11,2.42,1.22,False,1,True,,,,False,,tv_wilder_rsi14_sma5_v1,45.46,39.79,True,True,5.66
6323,6323.T,ローツェ,2021-12,CONTINUE,3,70.55,76.19,True,True,5.64,2021-10,1088.0,1241.0,1241.0,14.06,917.2,,,True,,,,True,,,2589333.0,,,,0.88,5.91,0.93,True,1,True,,,,False,,tv_wilder_rsi14_sma5_v1,76.19,70.55,True,True,5.64
9310,9310.T,日本トランスシティ,2021-12,NEW,1,58.68,64.28,True,True,5.6,2021-12,709.0,709.0,709.0,0.0,632.04,621.75,,True,True,,,True,True,,52320.0,,,,0.94,2.53,0.99,True,1,True,,,,False,,tv_wilder_rsi14_sma5_v1,64.28,58.68,True,True,5.6
6807,6807.T,日本航空電子工業,2021-12,CONTINUE,3,53.17,58.68,True,True,5.52,2021-10,1883.0,1991.0,1991.0,5.74,1649.48,,,True,,,,False,,,246297.0,,,,2.45,2.52,1.19,False,1,True,,,,False,,tv_wilder_rsi14_sma5_v1,58.68,53.17,True,True,5.52
1982,1982.T,日比谷総合設備,2021-12,NEW,1,53.41,58.92,True,True,5.51,2021-12,1028.0,1028.0,1028.0,0.0,995.9,975.23,,True,True,,,True,True,,131713.0,,,,0.39,1.78,0.97,True,1,True,,,,False,,tv_wilder_rsi14_sma5_v1,58.92,53.41,True,True,5.51
5334,5334.T,日本特殊陶業,2021-12,CONTINUE,5,48.84,54.33,True,True,5.49,2021-08,1692.0,2003.0,2003.0,18.38,1648.52,,,True,,,,,,,,,,,,1.76,1.01,False,1,True,,,,False,,tv_wilder_rsi14_sma5_v1,54.33,48.84,True,True,5.49
9332,9332.T,ＮＩＳＳＯホールディングス,2021-12,CONTINUE,2,47.81,53.24,True,True,5.43,2021-11,808.0,905.0,905.0,12.0,780.56,755.87,,True,True,,,True,,,146923.0,,,,1.32,4.08,0.99,True,1,True,,,,False,,tv_wilder_rsi14_sma5_v1,53.24,47.81,True,True,5.43
2217,2217.T,モロゾフ,2021-12,NEW,1,50.26,55.63,True,True,5.37,2021-12,983.33,983.33,983.33,0.0,919.73,915.58,,True,True,,,True,True,,26860.0,,,,0.87,1.94,0.69,True,1,True,,,,False,,tv_wilder_rsi14_sma5_v1,55.63,50.26,True,True,5.37
4626,4626.T,太陽ホールディングス,2021-12,CONTINUE,5,60.36,65.71,True,True,5.35,2021-08,1492.5,1740.0,1740.0,16.58,1418.9,,,True,,,,,,,,,,,,1.9,0.76,True,1,True,,,,False,,tv_wilder_rsi14_sma5_v1,65.71,60.36,True,True,5.35
4112,4112.T,保土谷化学工業,2021-12,NEW,1,57.42,62.72,True,True,5.29,2021-12,2960.0,2960.0,2960.0,0.0,2728.5,2597.8,,True,True,,,True,True,,86120.0,,,,0.49,2.8,0.9,True,1,True,,,,False,,tv_wilder_rsi14_sma5_v1,62.72,57.42,True,True,5.29
4828,4828.T,ビジネスエンジニアリング,2021-12,NEW,1,59.84,65.12,True,True,5.29,2021-12,386.0,386.0,386.0,0.0,361.56,354.32,,True,True,,,True,True,,77700.0,,,,3.41,2.34,1.07,False,1,True,,,,False,,tv_wilder_rsi14_sma5_v1,65.12,59.84,True,True,5.29
4617,4617.T,中国塗料,2021-12,NEW,1,46.71,51.99,True,True,5.28,2021-12,950.0,950.0,950.0,0.0,908.56,882.08,,True,True,,,True,True,,190627.0,,,,0.63,1.93,1.03,False,1,True,,,,False,,tv_wilder_rsi14_sma5_v1,51.99,46.71,True,True,5.28
3333,3333.T,あさひ,2021-12,NEW,1,45.75,50.97,True,True,5.22,2021-12,1448.0,1448.0,1448.0,0.0,1342.2,1347.77,,True,True,,,True,True,,143313.0,,,,1.65,2.03,1.21,False,1,True,,,,False,,tv_wilder_rsi14_sma5_v1,50.97,45.75,True,True,5.22
4203,4203.T,住友ベークライト,2021-12,CONTINUE,17,66.76,71.91,True,True,5.15,2020-08,1404.0,2915.0,2915.0,107.62,,,,,,,,,,,,,,,,,,,,,,,,False,,tv_wilder_rsi14_sma5_v1,71.91,66.76,True,True,5.15
9837,9837.T,モリト,2021-12,NEW,1,50.5,55.63,True,True,5.14,2021-12,744.0,744.0,744.0,0.0,690.16,689.45,,True,True,,,True,True,,26403.0,,,,0.96,1.56,0.98,True,1,True,,,,False,,tv_wilder_rsi14_sma5_v1,55.63,50.5,True,True,5.14
6479,6479.T,ミネベアミツミ,2021-12,CONTINUE,2,65.52,70.65,True,True,5.13,2021-11,3000.0,3265.0,3265.0,8.83,3044.28,2920.95,,False,True,,,True,,,1100080.0,,,,1.24,3.0,0.99,True,1,True,,,,False,,tv_wilder_rsi14_sma5_v1,70.65,65.52,True,True,5.13
8341,8341.T,七十七銀行,2021-12,NEW,1,40.32,45.43,True,True,5.11,2021-12,445.0,445.0,445.0,0.0,415.76,414.37,,True,True,,,True,True,,553160.0,,,,0.75,1.34,0.99,True,1,True,,,,False,,tv_wilder_rsi14_sma5_v1,45.43,40.32,True,True,5.11
6146,6146.T,ディスコ,2021-12,CONTINUE,2,59.51,64.61,True,True,5.1,2021-11,10866.67,11716.67,11716.67,7.82,10798.67,10675.6,,True,True,,,True,,,598760.0,,,,1.04,2.7,1.13,False,1,False,,,,False,,tv_wilder_rsi14_sma5_v1,64.61,59.51,True,True,5.1
6800,6800.T,ヨコオ,2021-12,CONTINUE,2,52.58,57.68,True,True,5.1,2021-11,2684.0,2960.0,2960.0,10.28,2600.64,2569.03,,True,True,,,True,,,103677.0,,,,0.84,4.39,1.05,False,1,True,,,,False,,tv_wilder_rsi14_sma5_v1,57.68,52.58,True,True,5.1
6996,6996.T,ニチコン,2021-12,CONTINUE,2,53.49,58.58,True,True,5.09,2021-11,1162.0,1263.0,1263.0,8.69,1121.88,1090.59,,True,True,,,True,,,443740.0,,,,1.29,3.2,0.91,True,1,True,,,,False,,tv_wilder_rsi14_sma5_v1,58.58,53.49,True,True,5.09
3687,3687.T,フィックスターズ,2021-12,CONTINUE,2,38.34,43.42,True,True,5.07,2021-11,831.0,891.0,891.0,7.22,795.2,778.95,,True,True,,,True,,,120397.0,,,,1.51,6.13,1.46,False,1,True,,,,False,,tv_wilder_rsi14_sma5_v1,43.42,38.34,True,True,5.07
8714,8714.T,池田泉州ホールディングス,2021-12,NEW,1,39.1,44.16,True,True,5.06,2021-12,170.0,170.0,170.0,0.0,159.84,162.31,,True,True,,,True,False,,2089137.0,,,,0.54,1.68,1.04,False,1,True,,,,False,,tv_wilder_rsi14_sma5_v1,44.16,39.1,True,True,5.06
2154,2154.T,オープンアップグループ,2021-12,CONTINUE,4,54.47,59.49,True,True,5.02,2021-09,1310.0,1693.0,1693.0,29.24,1293.68,,,True,,,,True,,,365797.0,,,,0.91,2.61,1.02,False,1,True,,,,False,,tv_wilder_rsi14_sma5_v1,59.49,54.47,True,True,5.02
6298,6298.T,ワイエイシイホールディングス,2021-12,NEW,1,52.88,57.85,False,True,4.97,2021-12,559.0,559.0,559.0,0.0,468.32,468.05,,True,True,,,False,True,,288373.0,,,,2.26,3.72,1.26,False,1,True,,,,False,,tv_wilder_rsi14_sma5_v1,57.85,52.88,True,False,4.97
3993,3993.T,ＰＫＳＨＡＴｅｃｈｎｏｌｏｇｙ,2021-12,CONTINUE,2,41.69,46.64,True,True,4.95,2021-11,2328.0,2512.0,2512.0,7.9,2120.16,1959.75,,True,True,,,True,,,405287.0,,,,1.8,7.29,1.35,False,1,True,,,,False,,tv_wilder_rsi14_sma5_v1,46.64,41.69,True,True,4.95
8544,8544.T,京葉銀行,2021-12,NEW,1,39.06,44.02,True,True,4.95,2021-12,466.0,466.0,466.0,0.0,442.52,444.59,,True,True,,,True,True,,176797.0,,,,0.91,1.49,1.07,False,1,True,,,,False,,tv_wilder_rsi14_sma5_v1,44.02,39.06,True,True,4.95
1429,1429.T,日本アクア,2021-12,CONTINUE,5,53.8,58.74,True,True,4.94,2021-08,581.0,687.0,687.0,18.24,550.28,,,True,,,,,,,,,,,,2.86,1.07,False,1,True,,,,False,,tv_wilder_rsi14_sma5_v1,58.74,53.8,True,True,4.94
8713,8713.T,フィデアホールディングス,2021-12,NEW,1,50.91,55.85,True,True,4.94,2021-12,1337.0,1337.0,1337.0,0.0,1259.12,1236.4,,True,True,,,True,True,,41493.0,,,,1.01,1.69,1.04,False,1,True,,,,False,,tv_wilder_rsi14_sma5_v1,55.85,50.91,True,True,4.94
8766,8766.T,東京海上ホールディングス,2021-12,NEW,1,61.11,66.03,True,True,4.92,2021-12,2130.67,2130.67,2130.67,0.0,2053.57,2024.12,,True,True,,,True,True,,4998550.0,,,,0.47,1.89,0.86,True,1,True,,,,False,,tv_wilder_rsi14_sma5_v1,66.03,61.11,True,True,4.92
6417,6417.T,ＳＡＮＫＹＯ,2021-12,CONTINUE,2,43.37,48.24,True,True,4.87,2021-11,578.8,596.2,596.2,3.01,581.98,567.75,,False,True,,,True,,,1478883.0,,,,1.11,1.81,0.78,True,1,False,,,,False,,tv_wilder_rsi14_sma5_v1,48.24,43.37,True,True,4.87
8368,8368.T,百五銀行,2021-12,NEW,1,48.85,53.73,True,True,4.87,2021-12,344.0,344.0,344.0,0.0,335.0,331.96,,True,True,,,True,True,,282723.0,,,,0.69,1.37,0.97,True,1,True,,,,False,,tv_wilder_rsi14_sma5_v1,53.73,48.85,True,True,4.87
4046,4046.T,大阪ソーダ,2021-12,NEW,1,54.69,59.55,True,True,4.86,2021-12,608.0,608.0,608.0,0.0,568.54,556.64,,True,True,,,True,True,,289783.0,,,,0.61,2.01,0.85,True,1,True,,,,False,,tv_wilder_rsi14_sma5_v1,59.55,54.69,True,True,4.86
5959,5959.T,岡部,2021-12,CONTINUE,4,41.14,46.0,True,True,4.86,2021-09,703.0,725.0,725.0,3.13,688.96,,,True,,,,True,,,62370.0,,,,1.12,1.67,1.17,False,1,True,,,,False,,tv_wilder_rsi14_sma5_v1,46.0,41.14,True,True,4.86
8167,8167.T,リテールパートナーズ,2021-12,CONTINUE,2,48.55,53.33,True,True,4.78,2021-11,1212.0,1371.0,1371.0,13.12,1231.76,1230.77,,False,False,,,True,,,38073.0,,,,1.23,3.1,0.94,True,1,True,,,,False,,tv_wilder_rsi14_sma5_v1,53.33,48.55,True,True,4.78
6869,6869.T,シスメックス,2021-12,CONTINUE,4,67.76,72.52,True,True,4.76,2021-09,4643.33,5183.33,5183.33,11.63,4587.27,,,True,,,,True,,,1323760.0,,,,1.05,3.46,1.07,False,1,True,,,,False,,tv_wilder_rsi14_sma5_v1,72.52,67.76,True,True,4.76
4665,4665.T,ダスキン,2021-12,CONTINUE,5,49.09,53.81,True,True,4.72,2021-08,2640.0,2809.0,2809.0,6.4,2590.4,,,True,,,,,,,,,,,,1.09,0.85,True,1,True,,,,False,,tv_wilder_rsi14_sma5_v1,53.81,49.09,True,True,4.72
2922,2922.T,なとり,2021-12,NEW,1,56.74,61.44,True,True,4.7,2021-12,2043.0,2043.0,2043.0,0.0,1984.52,1965.71,,True,True,,,True,True,,8260.0,,,,1.09,0.81,0.78,True,1,True,,,,False,,tv_wilder_rsi14_sma5_v1,61.44,56.74,True,True,4.7
7970,7970.T,信越ポリマー,2021-12,NEW,1,55.41,60.09,True,True,4.68,2021-12,1107.0,1107.0,1107.0,0.0,1070.12,1042.03,,True,True,,,True,True,,193123.0,,,,0.56,2.05,0.78,True,1,True,,,,False,,tv_wilder_rsi14_sma5_v1,60.09,55.41,True,True,4.68
8081,8081.T,カナデン,2021-12,NEW,1,37.65,42.32,True,True,4.67,2021-12,1063.0,1063.0,1063.0,0.0,1038.12,1035.92,,True,True,,,True,True,,22137.0,,,,0.49,2.28,1.06,False,1,True,,,,False,,tv_wilder_rsi14_sma5_v1,42.32,37.65,True,True,4.67
8387,8387.T,四国銀行,2021-12,NEW,1,42.12,46.77,True,True,4.66,2021-12,776.0,776.0,776.0,0.0,741.88,744.08,,True,True,,,True,True,,69623.0,,,,0.81,1.27,0.99,True,1,True,,,,False,,tv_wilder_rsi14_sma5_v1,46.77,42.12,True,True,4.66
9658,9658.T,ビジネスブレイン太田昭和,2021-12,CONTINUE,3,65.26,69.89,True,True,4.63,2021-10,651.67,683.33,683.33,4.86,599.59,,,True,,,,True,,,32210.0,,,,1.19,1.78,0.93,True,1,True,,,,False,,tv_wilder_rsi14_sma5_v1,69.89,65.26,True,True,4.63
8558,8558.T,東和銀行,2021-12,NEW,1,36.16,40.75,True,True,4.59,2021-12,542.0,542.0,542.0,0.0,511.56,519.64,,True,True,,,True,True,,75417.0,,,,0.83,1.63,0.99,True,1,True,,,,False,,tv_wilder_rsi14_sma5_v1,40.75,36.16,True,True,4.59
3371,3371.T,ソフトクリエイトホールディングス,2021-12,CONTINUE,7,65.19,69.75,True,False,4.56,2021-06,1275.0,2175.0,2175.0,70.59,,,,,,,,,,,,,,,,,,,,,,,,False,,tv_wilder_rsi14_sma5_v1,69.75,65.19,False,True,4.56
7745,7745.T,Ａ＆Ｄホロンホールディングス,2021-12,CONTINUE,2,56.19,60.74,True,True,4.56,2021-11,1118.0,1263.0,1263.0,12.97,1200.28,1102.77,,False,True,,,True,,,234187.0,,,,1.1,7.67,0.96,True,1,False,,,,False,,tv_wilder_rsi14_sma5_v1,60.74,56.19,True,True,4.56
5011,5011.T,ニチレキグループ,2021-12,NEW,1,47.4,51.92,True,True,4.52,2021-12,1422.0,1422.0,1422.0,0.0,1392.8,1346.32,,True,True,,,True,True,,126260.0,,,,0.28,2.33,1.08,False,1,True,,,,False,,tv_wilder_rsi14_sma5_v1,51.92,47.4,True,True,4.52
6728,6728.T,アルバック,2021-12,CONTINUE,5,70.02,74.49,True,True,4.47,2021-08,5940.0,7200.0,7200.0,21.21,5672.0,,,True,,,,,,,,,,,,2.81,1.0,True,1,True,,,,False,,tv_wilder_rsi14_sma5_v1,74.49,70.02,True,True,4.47
7282,7282.T,豊田合成,2021-12,NEW,1,45.89,50.36,True,True,4.47,2021-12,2502.0,2502.0,2502.0,0.0,2399.44,2346.69,,True,True,,,True,True,,353713.0,,,,0.74,1.78,0.95,True,1,True,,,,False,,tv_wilder_rsi14_sma5_v1,50.36,45.89,True,True,4.47
1605,1605.T,ＩＮＰＥＸ,2021-12,CONTINUE,4,54.95,59.39,True,True,4.44,2021-09,876.0,1002.0,1002.0,14.38,791.88,,,True,,,,True,,,11678280.0,,,,1.64,2.65,1.33,False,1,True,,,,False,,tv_wilder_rsi14_sma5_v1,59.39,54.95,True,True,4.44
4569,4569.T,杏林製薬,2021-12,NEW,1,42.49,46.88,True,True,4.39,2021-12,1846.0,1846.0,1846.0,0.0,1775.44,1786.92,,True,True,,,True,False,,98423.0,,,,0.77,1.39,0.82,True,1,True,,,,False,,tv_wilder_rsi14_sma5_v1,46.88,42.49,True,True,4.39
6966,6966.T,三井ハイテック,2021-12,CONTINUE,7,87.35,91.74,True,True,4.38,2021-06,1278.0,2254.0,2254.0,76.37,,,,,,,,,,,,,,,,,,,,,,,,False,,tv_wilder_rsi14_sma5_v1,91.74,87.35,True,True,4.38
7914,7914.T,共同印刷,2021-12,CONTINUE,2,47.4,51.77,True,True,4.37,2021-11,690.25,716.25,716.25,3.77,677.23,671.37,,True,True,,,True,,,40813.0,,,,1.89,2.04,0.82,True,1,True,,,,False,,tv_wilder_rsi14_sma5_v1,51.77,47.4,True,True,4.37
6758,6758.T,ソニーグループ,2021-12,CONTINUE,6,79.14,83.5,True,True,4.36,2021-07,2275.0,2895.0,2895.0,27.25,,,,,,,,,,,,,,,,,,,1,True,,,,False,,tv_wilder_rsi14_sma5_v1,83.5,79.14,True,True,4.36
8130,8130.T,サンゲツ,2021-12,NEW,1,43.88,48.24,True,True,4.36,2021-12,1623.0,1623.0,1623.0,0.0,1583.16,1583.95,,True,True,,,True,False,,83147.0,,,,0.98,1.88,1.05,False,1,True,,,,False,,tv_wilder_rsi14_sma5_v1,48.24,43.88,True,True,4.36
5121,5121.T,藤倉コンポジット,2021-12,CONTINUE,5,70.46,74.76,True,True,4.31,2021-08,721.0,914.0,914.0,26.77,588.24,,,True,,,,,,,,,,,,4.98,0.99,True,1,True,,,,False,,tv_wilder_rsi14_sma5_v1,74.76,70.46,True,True,4.31
2117,2117.T,ウェルネオシュガー,2021-12,NEW,1,38.46,42.73,True,True,4.27,2021-12,1714.0,1714.0,1714.0,0.0,1685.0,1700.56,,True,True,,,True,False,,11993.0,,,,0.76,1.22,1.05,False,1,True,,,,False,,tv_wilder_rsi14_sma5_v1,42.73,38.46,True,True,4.27
3844,3844.T,コムチュア,2021-12,CONTINUE,5,63.54,67.81,True,True,4.27,2021-08,2993.0,3610.0,3610.0,20.61,2597.04,,,True,,,,,,,,,,,,2.54,1.02,False,1,True,,,,False,,tv_wilder_rsi14_sma5_v1,67.81,63.54,True,True,4.27
8818,8818.T,京阪神ビルディング,2021-12,NEW,1,52.08,56.33,True,True,4.25,2021-12,781.0,781.0,781.0,0.0,755.32,726.1,,True,True,,,True,True,,191140.0,,,,0.86,2.18,0.86,True,1,True,,,,False,,tv_wilder_rsi14_sma5_v1,56.33,52.08,True,True,4.25
2181,2181.T,パーソルホールディングス,2021-12,CONTINUE,7,69.64,73.87,True,True,4.23,2021-06,219.5,334.0,334.0,52.16,,,,,,,,,,,,,,,,,,,,,,,,False,,tv_wilder_rsi14_sma5_v1,73.87,69.64,True,True,4.23
8101,8101.T,ＧＳＩクレオス,2021-12,NEW,1,58.51,62.73,True,True,4.22,2021-12,1182.0,1182.0,1182.0,0.0,1098.52,1031.61,,True,True,,,True,True,,130467.0,,,,1.06,2.54,1.15,False,1,True,,,,False,,tv_wilder_rsi14_sma5_v1,62.73,58.51,True,True,4.22
5122,5122.T,オカモト,2021-12,NEW,1,45.92,50.13,True,True,4.21,2021-12,4225.0,4225.0,4225.0,0.0,4068.0,4101.73,,True,True,,,True,False,,15853.0,,,,0.58,1.9,1.08,False,1,True,,,,False,,tv_wilder_rsi14_sma5_v1,50.13,45.92,True,True,4.21
6460,6460.T,セガサミーホールディングス,2021-12,CONTINUE,5,56.74,60.95,True,False,4.21,2021-08,1486.0,1807.0,1807.0,21.6,1424.92,,,True,,,,,,,,,,,,2.63,0.98,True,1,True,,,,False,,tv_wilder_rsi14_sma5_v1,60.95,56.74,False,True,4.21
3156,3156.T,レスター,2021-12,NEW,1,48.15,52.33,True,True,4.19,2021-12,2016.0,2016.0,2016.0,0.0,1926.64,1908.32,,True,True,,,True,True,,59587.0,,,,0.77,1.55,1.02,False,1,True,,,,False,,tv_wilder_rsi14_sma5_v1,52.33,48.15,True,True,4.19
1833,1833.T,奥村組,2021-12,CONTINUE,2,55.53,59.7,True,True,4.17,2021-11,3140.0,3225.0,3225.0,2.71,3096.08,3059.87,,True,True,,,True,,,97383.0,,,,0.94,3.1,0.77,True,1,True,,,,False,,tv_wilder_rsi14_sma5_v1,59.7,55.53,True,True,4.17
8473,8473.T,ＳＢＩホールディングス,2021-12,CONTINUE,4,56.04,60.21,True,True,4.17,2021-09,1380.5,1567.5,1567.5,13.55,1389.12,,,False,,,,True,,,3236427.0,,,,0.91,3.15,0.93,True,1,False,,,,False,,tv_wilder_rsi14_sma5_v1,60.21,56.04,True,True,4.17
6508,6508.T,明電舎,2021-12,CONTINUE,2,62.81,66.88,True,True,4.06,2021-11,2588.0,2740.0,2740.0,5.87,2617.6,2516.47,,False,True,,,True,,,154390.0,,,,1.14,3.13,1.03,False,1,True,,,,False,,tv_wilder_rsi14_sma5_v1,66.88,62.81,True,True,4.06
7751,7751.T,キヤノン,2021-12,NEW,1,53.24,57.28,True,True,4.04,2021-12,2801.0,2801.0,2801.0,0.0,2696.76,2685.92,,True,True,,,True,True,,4359487.0,,,,0.81,1.96,0.93,True,1,True,,,,False,,tv_wilder_rsi14_sma5_v1,57.28,53.24,True,True,4.04
2733,2733.T,あらた,2021-12,NEW,1,45.29,49.31,True,True,4.02,2021-12,2202.5,2202.5,2202.5,0.0,2044.9,2087.2,,True,True,,,True,False,,61320.0,,,,1.1,1.57,1.04,False,1,True,,,,False,,tv_wilder_rsi14_sma5_v1,49.31,45.29,True,True,4.02
6480,6480.T,日本トムソン,2021-12,CONTINUE,2,57.2,61.22,False,False,4.02,2021-11,691.0,681.0,681.0,-1.45,650.16,592.24,,True,True,,,True,,,484067.0,,,,0.86,4.53,1.06,False,1,True,,,,False,,tv_wilder_rsi14_sma5_v1,61.22,57.2,False,False,4.02
4658,4658.T,日本空調サービス,2021-12,CONTINUE,4,57.03,61.03,True,True,4.0,2021-09,796.0,811.0,811.0,1.88,761.68,,,True,,,,True,,,127363.0,,,,1.07,3.45,1.53,False,1,True,,,,False,,tv_wilder_rsi14_sma5_v1,61.03,57.03,True,True,4.0
2108,2108.T,日本甜菜製糖,2021-12,NEW,1,44.42,48.41,True,True,3.99,2021-12,1706.0,1706.0,1706.0,0.0,1655.08,1655.08,,True,True,,,True,True,,15280.0,,,,0.74,2.45,1.3,False,1,False,,,,False,,tv_wilder_rsi14_sma5_v1,48.41,44.42,True,True,3.99
7322,7322.T,三十三フィナンシャルグループ,2021-12,NEW,1,44.92,48.9,True,True,3.98,2021-12,368.0,368.0,368.0,0.0,359.32,356.83,,True,True,,,True,False,,150480.0,,,,0.54,1.14,0.88,True,1,True,,,,False,,tv_wilder_rsi14_sma5_v1,48.9,44.92,True,True,3.98
5208,5208.T,有沢製作所,2021-12,CONTINUE,3,51.58,55.54,True,True,3.96,2021-10,969.0,987.0,987.0,1.86,887.68,,,True,,,,False,,,114717.0,,,,1.89,1.92,1.04,False,1,True,,,,False,,tv_wilder_rsi14_sma5_v1,55.54,51.58,True,True,3.96
4661,4661.T,オリエンタルランド,2021-12,CONTINUE,5,60.36,64.31,True,True,3.95,2021-08,3332.0,3879.0,3879.0,16.42,3131.4,,,True,,,,,,,,,,,,1.73,1.06,False,1,True,,,,False,,tv_wilder_rsi14_sma5_v1,64.31,60.36,True,True,3.95
5214,5214.T,日本電気硝子,2021-12,CONTINUE,4,57.29,61.18,True,True,3.89,2021-09,2655.0,2949.0,2949.0,11.07,2421.92,,,True,,,,False,,,729803.0,,,,2.01,2.22,1.26,False,1,True,,,,False,,tv_wilder_rsi14_sma5_v1,61.18,57.29,True,True,3.89
6237,6237.T,イワキ,2021-12,CONTINUE,4,52.24,56.13,True,True,3.89,2021-09,953.0,1042.0,1042.0,9.34,981.0,,,False,,,,True,,,20490.0,,,,0.99,2.72,1.16,False,1,False,,,,False,,tv_wilder_rsi14_sma5_v1,56.13,52.24,True,True,3.89
2292,2292.T,Ｓ   Ｆｏｏｄｓ,2021-12,CONTINUE,3,50.42,54.3,True,True,3.88,2021-10,3290.0,3480.0,3480.0,5.78,3036.12,,,True,,,,False,,,82343.0,,,,1.17,2.04,1.08,False,1,True,,,,False,,tv_wilder_rsi14_sma5_v1,54.3,50.42,True,True,3.88
8053,8053.T,住友商事,2021-12,NEW,1,55.91,59.8,True,True,3.88,2021-12,425.12,425.12,425.12,0.0,409.49,406.84,,True,True,,,True,True,,12680907.0,,,,0.66,1.31,0.98,True,1,True,,,,False,,tv_wilder_rsi14_sma5_v1,59.8,55.91,True,True,3.88
9507,9507.T,四国電力,2021-12,CONTINUE,2,43.24,47.12,True,True,3.88,2021-11,755.0,810.0,810.0,7.28,733.36,762.85,,True,False,,,False,,,661640.0,,,,1.03,2.0,0.96,True,1,True,,,,False,,tv_wilder_rsi14_sma5_v1,47.12,43.24,True,True,3.88
6273,6273.T,ＳＭＣ,2021-12,CONTINUE,2,70.3,74.17,True,True,3.87,2021-11,72650.0,77590.0,77590.0,6.8,71995.2,70922.67,,True,True,,,True,,,193563.0,,,,0.94,2.88,1.1,False,1,True,,,,False,,tv_wilder_rsi14_sma5_v1,74.17,70.3,True,True,3.87
9900,9900.T,サガミホールディングス,2021-12,NEW,1,37.18,41.05,True,True,3.87,2021-12,1052.0,1052.0,1052.0,0.0,1033.4,1032.6,,True,True,,,False,True,,85333.0,,,,1.22,1.58,0.99,True,1,False,,,,False,,tv_wilder_rsi14_sma5_v1,41.05,37.18,True,True,3.87
8001,8001.T,伊藤忠商事,2021-12,NEW,1,66.14,69.99,True,True,3.85,2021-12,703.6,703.6,703.6,0.0,687.7,673.36,,True,True,,,True,True,,13970683.0,,,,0.6,1.38,0.86,True,1,True,,,,False,,tv_wilder_rsi14_sma5_v1,69.99,66.14,True,True,3.85
2294,2294.T,柿安本店,2021-12,NEW,1,54.75,58.57,True,True,3.82,2021-12,2808.0,2808.0,2808.0,0.0,2709.6,2676.97,,True,True,,,True,True,,9863.0,,,,1.14,1.08,0.85,True,1,True,,,,False,,tv_wilder_rsi14_sma5_v1,58.57,54.75,True,True,3.82
3659,3659.T,ネクソン,2021-12,CONTINUE,2,44.46,48.26,True,False,3.8,2021-11,2254.0,2224.0,2224.0,-1.33,2247.0,2074.28,,True,True,,,True,,,2832900.0,,,,1.1,5.5,0.95,True,1,True,,,,False,,tv_wilder_rsi14_sma5_v1,48.26,44.46,False,True,3.8
6971,6971.T,京セラ,2021-12,NEW,1,54.82,58.61,True,True,3.8,2021-12,1796.75,1796.75,1796.75,0.0,1778.17,1744.82,,True,True,,,True,True,,3660560.0,,,,0.64,1.56,0.92,True,1,True,,,,False,,tv_wilder_rsi14_sma5_v1,58.61,54.82,True,True,3.8
2914,2914.T,日本たばこ産業,2021-12,CONTINUE,10,49.64,53.43,True,True,3.79,2021-03,2125.0,2322.5,2322.5,9.29,,,,,,,,,,,,,,,,,,,,,,,,False,,tv_wilder_rsi14_sma5_v1,53.43,49.64,True,True,3.79
8141,8141.T,新光商事,2021-12,CONTINUE,7,54.26,58.05,True,True,3.79,2021-06,777.0,918.0,918.0,18.15,,,,,,,,,,,,,,,,,,,,,,,,False,,tv_wilder_rsi14_sma5_v1,58.05,54.26,True,True,3.79
6481,6481.T,ＴＨＫ,2021-12,CONTINUE,2,43.2,46.98,False,True,3.78,2021-11,2711.0,2773.0,2773.0,2.29,2561.76,2563.89,,True,True,,,True,,,1932913.0,,,,2.0,3.63,1.04,False,1,True,,,,False,,tv_wilder_rsi14_sma5_v1,46.98,43.2,True,False,3.78
8015,8015.T,豊田通商,2021-12,NEW,1,64.83,68.59,False,True,3.76,2021-12,1766.67,1766.67,1766.67,0.0,1706.8,1682.04,,True,True,,,False,True,,2351310.0,,,,0.58,2.49,0.94,True,1,True,,,,False,,tv_wilder_rsi14_sma5_v1,68.59,64.83,True,False,3.76
8551,8551.T,北日本銀行,2021-12,NEW,1,38.15,41.88,True,True,3.73,2021-12,1592.0,1592.0,1592.0,0.0,1500.52,1543.09,,True,True,,,False,False,,13773.0,,,,0.7,1.59,1.05,False,1,True,,,,False,,tv_wilder_rsi14_sma5_v1,41.88,38.15,True,True,3.73
6920,6920.T,レーザーテック,2021-12,CONTINUE,2,85.88,89.58,True,True,3.7,2021-11,29745.0,35290.0,35290.0,18.64,28405.0,25923.67,,True,True,,,True,,,4263127.0,,,,1.14,5.19,1.12,False,1,True,,,,False,,tv_wilder_rsi14_sma5_v1,89.58,85.88,True,True,3.7
7613,7613.T,シークス,2021-12,CONTINUE,2,46.61,50.31,True,True,3.7,2021-11,1331.0,1416.0,1416.0,6.39,1302.92,1263.29,,True,True,,,True,,,158840.0,,,,1.23,3.54,1.05,False,1,True,,,,False,,tv_wilder_rsi14_sma5_v1,50.31,46.61,True,True,3.7
2001,2001.T,ニップン,2021-12,NEW,1,47.53,51.22,True,True,3.69,2021-12,1656.0,1656.0,1656.0,0.0,1626.88,1631.64,,True,True,,,True,False,,86887.0,,,,0.71,1.19,1.0,False,1,True,,,,False,,tv_wilder_rsi14_sma5_v1,51.22,47.53,True,True,3.69
8185,8185.T,チヨダ,2021-12,NEW,1,27.7,31.38,True,True,3.68,2021-12,777.0,777.0,777.0,0.0,749.32,775.23,,True,True,,,False,False,,72800.0,,,,0.9,1.57,0.93,True,1,True,,,,False,,tv_wilder_rsi14_sma5_v1,31.38,27.7,True,True,3.68
1835,1835.T,東鉄工業,2021-12,NEW,1,42.1,45.76,True,True,3.66,2021-12,2507.0,2507.0,2507.0,0.0,2414.24,2455.37,,True,True,,,True,False,,53753.0,,,,0.88,1.43,1.0,False,1,True,,,,False,,tv_wilder_rsi14_sma5_v1,45.76,42.1,True,True,3.66
6363,6363.T,酉島製作所,2021-12,NEW,1,52.33,55.99,True,True,3.66,2021-12,957.0,957.0,957.0,0.0,912.76,914.77,,True,True,,,True,False,,27760.0,,,,1.19,1.93,1.13,False,1,True,,,,False,,tv_wilder_rsi14_sma5_v1,55.99,52.33,True,True,3.66
1719,1719.T,安藤・間,2021-12,CONTINUE,2,54.25,57.9,True,True,3.65,2021-11,841.0,865.0,865.0,2.85,825.2,819.39,,True,True,,,True,,,726667.0,,,,0.75,3.8,0.58,True,1,True,,,,False,,tv_wilder_rsi14_sma5_v1,57.9,54.25,True,True,3.65
5541,5541.T,大平洋金属,2021-12,CONTINUE,4,47.77,51.38,True,True,3.61,2021-09,1867.0,2131.0,2131.0,14.14,1855.44,,,True,,,,True,,,409387.0,,,,0.67,4.08,0.89,True,1,True,,,,False,,tv_wilder_rsi14_sma5_v1,51.38,47.77,True,True,3.61
6762,6762.T,ＴＤＫ,2021-12,CONTINUE,3,51.57,55.17,True,False,3.6,2021-10,826.0,898.0,898.0,8.72,778.59,,,True,,,,False,,,14107083.0,,,,1.68,2.79,1.0,True,1,True,,,,False,,tv_wilder_rsi14_sma5_v1,55.17,51.57,False,True,3.6
7893,7893.T,プロネクサス,2021-12,NEW,1,47.22,50.81,True,True,3.59,2021-12,1116.0,1116.0,1116.0,0.0,1074.16,1075.35,,True,True,,,True,True,,15397.0,,,,1.3,1.92,1.06,False,1,True,,,,False,,tv_wilder_rsi14_sma5_v1,50.81,47.22,True,True,3.59
7729,7729.T,東京精密,2021-12,CONTINUE,2,57.69,61.26,True,True,3.56,2021-11,4800.0,5100.0,5100.0,6.25,4952.8,4768.93,,False,True,,,True,,,357240.0,,,,1.16,3.1,0.95,True,1,False,,,,False,,tv_wilder_rsi14_sma5_v1,61.26,57.69,True,True,3.56
9081,9081.T,神奈川中央交通,2021-12,NEW,1,38.98,42.53,True,True,3.55,2021-12,3440.0,3440.0,3440.0,0.0,3345.4,3429.0,,True,True,,,False,False,,3930.0,,,,0.97,1.6,0.89,True,1,True,,,,False,,tv_wilder_rsi14_sma5_v1,42.53,38.98,True,True,3.55
8566,8566.T,リコーリース,2021-12,NEW,1,59.6,63.12,True,True,3.53,2021-12,3860.0,3860.0,3860.0,0.0,3771.0,3719.8,,True,True,,,True,True,,30747.0,,,,0.61,1.08,0.87,True,1,True,,,,False,,tv_wilder_rsi14_sma5_v1,63.12,59.6,True,True,3.53
7189,7189.T,西日本フィナンシャルホールディングス,2021-12,CONTINUE,5,46.72,50.23,True,True,3.5,2021-08,695.0,744.0,744.0,7.05,669.8,,,True,,,,,,,,,,,,1.68,0.88,True,1,True,,,,False,,tv_wilder_rsi14_sma5_v1,50.23,46.72,True,True,3.5
8159,8159.T,立花エレテック,2021-12,CONTINUE,5,46.69,50.19,True,True,3.5,2021-08,1494.0,1601.0,1601.0,7.16,1463.36,,,True,,,,,,,,,,,,1.39,1.02,False,1,True,,,,False,,tv_wilder_rsi14_sma5_v1,50.19,46.69,True,True,3.5
4433,4433.T,ﾋﾄ･ｺﾐｭﾆｹｰｼｮﾝｽﾞ･ﾎｰﾙﾃﾞｨﾝｸﾞｽ,2021-12,CONTINUE,3,58.74,62.22,True,False,3.48,2021-10,2195.0,2364.0,2364.0,7.7,1957.48,,,True,,,,True,,,66987.0,,,,1.12,4.51,1.11,False,1,True,,,,False,,tv_wilder_rsi14_sma5_v1,62.22,58.74,False,True,3.48
4307,4307.T,野村総合研究所,2021-12,CONTINUE,5,78.84,82.31,True,True,3.47,2021-08,4135.0,4935.0,4935.0,19.35,3793.8,,,True,,,,,,,,,,,,2.0,1.18,False,1,True,,,,False,,tv_wilder_rsi14_sma5_v1,82.31,78.84,True,True,3.47
6326,6326.T,クボタ,2021-12,NEW,1,61.42,64.88,True,True,3.46,2021-12,2553.5,2553.5,2553.5,0.0,2508.9,2434.2,,True,True,,,True,True,,2566987.0,,,,0.48,1.95,0.95,True,1,True,,,,False,,tv_wilder_rsi14_sma5_v1,64.88,61.42,True,True,3.46
6745,6745.T,ホーチキ,2021-12,CONTINUE,4,47.03,50.49,True,True,3.46,2021-09,401.33,434.0,434.0,8.14,399.97,,,True,,,,True,,,57360.0,,,,1.14,2.33,1.15,False,1,True,,,,False,,tv_wilder_rsi14_sma5_v1,50.49,47.03,True,True,3.46
7733,7733.T,オリンパス,2021-12,CONTINUE,5,64.67,68.11,True,True,3.44,2021-08,2311.5,2649.5,2649.5,14.62,2274.36,,,True,,,,,,,,,,,,2.46,0.94,True,1,False,,,,False,,tv_wilder_rsi14_sma5_v1,68.11,64.67,True,True,3.44
8031,8031.T,三井物産,2021-12,NEW,1,69.18,72.58,True,True,3.41,2021-12,1361.75,1361.75,1361.75,0.0,1312.69,1287.05,,True,True,,,True,True,,8977080.0,,,,0.44,1.44,0.93,True,1,False,,,,False,,tv_wilder_rsi14_sma5_v1,72.58,69.18,True,True,3.41
8418,8418.T,山口フィナンシャルグループ,2021-12,NEW,1,43.63,47.03,True,True,3.41,2021-12,673.0,673.0,673.0,0.0,646.12,654.23,,True,True,,,True,True,,842430.0,,,,0.77,1.59,1.04,False,1,True,,,,False,,tv_wilder_rsi14_sma5_v1,47.03,43.63,True,True,3.41
9889,9889.T,ＪＢＣＣホールディングス,2021-12,CONTINUE,7,57.47,60.87,True,True,3.41,2021-06,364.75,446.0,446.0,22.28,,,,,,,,,,,,,,,,,,,,,,,,False,,tv_wilder_rsi14_sma5_v1,60.87,57.47,True,True,3.41
4392,4392.T,ＦＩＧ,2021-12,CONTINUE,4,54.22,57.61,True,False,3.4,2021-09,292.0,325.0,325.0,11.3,286.0,,,True,,,,True,,,44127.0,,,,1.45,2.45,1.3,False,1,True,,,,False,,tv_wilder_rsi14_sma5_v1,57.61,54.22,False,True,3.4
1414,1414.T,ショーボンドホールディングス,2021-12,CONTINUE,2,57.5,60.86,True,True,3.36,2021-11,1221.25,1292.5,1292.5,5.83,1224.95,1230.83,,False,False,,,True,,,635973.0,,,,1.27,2.05,0.95,True,1,True,,,,False,,tv_wilder_rsi14_sma5_v1,60.86,57.5,True,True,3.36
8919,8919.T,カチタス,2021-12,CONTINUE,6,74.53,77.9,True,True,3.36,2021-07,3255.0,4425.0,4425.0,35.94,,,,,,,,,,,,,,,,,,,1,True,,,,False,,tv_wilder_rsi14_sma5_v1,77.9,74.53,True,True,3.36
7180,7180.T,九州フィナンシャルグループ,2021-12,NEW,1,43.3,46.65,True,True,3.35,2021-12,418.0,418.0,418.0,0.0,406.16,403.69,,True,True,,,True,False,,626690.0,,,,0.67,1.56,1.14,False,1,True,,,,False,,tv_wilder_rsi14_sma5_v1,46.65,43.3,True,True,3.35
9551,9551.T,メタウォーター,2021-12,CONTINUE,2,46.47,49.81,True,True,3.34,2021-11,1950.0,2023.0,2023.0,3.74,1974.76,1911.75,,False,True,,,True,,,155900.0,,,,0.56,2.38,0.99,True,1,True,,,,False,,tv_wilder_rsi14_sma5_v1,49.81,46.47,True,True,3.34
6914,6914.T,オプテックスグループ,2021-12,NEW,1,46.89,50.21,True,True,3.33,2021-12,1643.0,1643.0,1643.0,0.0,1592.72,1535.75,,True,True,,,True,True,,166197.0,,,,0.47,3.43,0.95,True,1,True,,,,False,,tv_wilder_rsi14_sma5_v1,50.21,46.89,True,True,3.33
3151,3151.T,バイタルケーエスケー・ホールディングス,2021-12,CONTINUE,6,39.56,42.88,True,True,3.31,2021-07,739.0,807.0,807.0,9.2,,,,,,,,,,,,,,,,,,,1,True,,,,False,,tv_wilder_rsi14_sma5_v1,42.88,39.56,True,True,3.31
8591,8591.T,オリックス,2021-12,CONTINUE,6,67.26,70.58,True,True,3.31,2021-07,1912.0,2347.5,2347.5,22.78,,,,,,,,,,,,,,,,,,,1,True,,,,False,,tv_wilder_rsi14_sma5_v1,70.58,67.26,True,True,3.31
6315,6315.T,ＴＯＷＡ,2021-12,CONTINUE,2,72.96,76.22,True,True,3.27,2021-11,1066.67,1081.67,1081.67,1.41,994.68,907.48,,True,True,,,True,,,3750870.0,,,,0.84,6.57,1.08,False,1,True,,,,False,,tv_wilder_rsi14_sma5_v1,76.22,72.96,True,True,3.27
7966,7966.T,リンテック,2021-12,NEW,1,54.7,57.97,True,True,3.27,2021-12,2635.0,2635.0,2635.0,0.0,2635.96,2588.08,,False,True,,,True,True,,126107.0,,,,0.7,1.71,1.07,False,1,False,,,,False,,tv_wilder_rsi14_sma5_v1,57.97,54.7,True,True,3.27
8360,8360.T,山梨中央銀行,2021-12,NEW,1,40.25,43.49,True,True,3.24,2021-12,860.0,860.0,860.0,0.0,832.4,836.28,,True,True,,,True,True,,55973.0,,,,0.8,1.27,0.9,True,1,True,,,,False,,tv_wilder_rsi14_sma5_v1,43.49,40.25,True,True,3.24
4534,4534.T,持田製薬,2021-12,NEW,1,39.54,42.76,True,True,3.23,2021-12,3480.0,3480.0,3480.0,0.0,3393.0,3380.6,,True,True,,,True,False,,43627.0,,,,0.61,1.69,0.96,True,1,True,,,,False,,tv_wilder_rsi14_sma5_v1,42.76,39.54,True,True,3.23
8008,8008.T,ヨンドシーホールディングス,2021-12,NEW,1,39.85,43.07,True,True,3.22,2021-12,1761.0,1761.0,1761.0,0.0,1669.64,1724.31,,True,True,,,False,False,,116557.0,,,,0.67,1.44,1.01,False,1,True,,,,False,,tv_wilder_rsi14_sma5_v1,43.07,39.85,True,True,3.22
6594,6594.T,ニデック,2021-12,CONTINUE,2,65.25,68.45,True,True,3.2,2021-11,6500.0,6760.0,6760.0,4.0,6476.4,6355.2,,True,True,,,True,,,2840500.0,,,,1.05,2.29,1.15,False,1,False,,,,False,,tv_wilder_rsi14_sma5_v1,68.45,65.25,True,True,3.2
7832,7832.T,バンダイナムコホールディングス,2021-12,CONTINUE,4,62.48,65.69,True,True,3.2,2021-09,2800.0,2998.0,2998.0,7.07,2779.97,,,True,,,,True,,,2178610.0,,,,1.33,2.42,1.1,False,1,False,,,,False,,tv_wilder_rsi14_sma5_v1,65.69,62.48,True,True,3.2
9052,9052.T,山陽電気鉄道,2021-12,NEW,1,44.66,47.85,True,True,3.19,2021-12,2017.0,2017.0,2017.0,0.0,1997.16,1997.52,,True,True,,,True,True,,15190.0,,,,0.67,1.06,0.85,True,1,False,,,,False,,tv_wilder_rsi14_sma5_v1,47.85,44.66,True,True,3.19
4345,4345.T,シーティーエス,2021-12,NEW,1,49.78,52.96,True,True,3.18,2021-12,841.0,841.0,841.0,0.0,796.08,803.27,,True,True,,,False,True,,59880.0,,,,1.01,2.7,1.25,False,1,True,,,,False,,tv_wilder_rsi14_sma5_v1,52.96,49.78,True,True,3.18
1928,1928.T,積水ハウス,2021-12,NEW,1,57.06,60.22,True,True,3.17,2021-12,2469.0,2469.0,2469.0,0.0,2363.54,2373.38,,True,True,,,False,True,,1838573.0,,,,0.65,1.55,0.84,True,1,True,,,,False,,tv_wilder_rsi14_sma5_v1,60.22,57.06,True,True,3.17
9267,9267.T,ＧｅｎｋｙＤｒｕｇＳｔｏｒｅｓ,2021-12,NEW,1,66.94,70.12,True,True,3.17,2021-12,3070.0,3070.0,3070.0,0.0,2682.0,2651.67,,True,True,,,True,True,,173813.0,,,,0.86,3.58,1.11,False,1,True,,,,False,,tv_wilder_rsi14_sma5_v1,70.12,66.94,True,True,3.17
6965,6965.T,浜松ホトニクス,2021-12,CONTINUE,2,67.5,70.66,True,True,3.16,2021-11,3490.0,3670.0,3670.0,5.16,3505.4,3368.73,,False,True,,,True,,,646160.0,,,,1.4,2.8,0.89,True,1,True,,,,False,,tv_wilder_rsi14_sma5_v1,70.66,67.5,True,True,3.16
7459,7459.T,メディパルホールディングス,2021-12,NEW,1,48.93,52.09,True,True,3.16,2021-12,2155.0,2155.0,2155.0,0.0,2100.72,2107.89,,True,True,,,True,False,,559447.0,,,,0.49,1.45,0.91,True,1,True,,,,False,,tv_wilder_rsi14_sma5_v1,52.09,48.93,True,True,3.16
8386,8386.T,百十四銀行,2021-12,NEW,1,35.9,39.04,True,True,3.14,2021-12,376.25,376.25,376.25,0.0,359.82,370.79,,True,True,,,True,False,,551760.0,,,,0.42,1.4,0.97,True,1,True,,,,False,,tv_wilder_rsi14_sma5_v1,39.04,35.9,True,True,3.14
6345,6345.T,アイチコーポレーション,2021-12,CONTINUE,3,48.48,51.59,True,True,3.11,2021-10,806.0,809.0,809.0,0.37,775.72,,,True,,,,True,,,98183.0,,,,1.96,2.12,1.2,False,1,True,,,,False,,tv_wilder_rsi14_sma5_v1,51.59,48.48,True,True,3.11
7059,7059.T,コプロ・ホールディングス,2021-12,CONTINUE,3,48.31,51.42,True,True,3.11,2021-10,306.25,335.25,335.25,9.47,303.93,,,True,,,,True,,,255667.0,,,,0.9,1.74,0.78,True,1,False,,,,False,,tv_wilder_rsi14_sma5_v1,51.42,48.31,True,True,3.11
7611,7611.T,ハイデイ日高,2021-12,NEW,1,45.48,48.56,True,True,3.08,2021-12,1732.0,1732.0,1732.0,0.0,1633.6,1659.85,,True,True,,,True,False,,84140.0,,,,1.75,1.69,1.2,False,1,True,,,,False,,tv_wilder_rsi14_sma5_v1,48.56,45.48,True,True,3.08
4718,4718.T,早稲田アカデミー,2021-12,NEW,1,55.26,58.33,True,True,3.07,2021-12,1045.0,1045.0,1045.0,0.0,1038.24,1019.01,,True,True,,,True,True,,30213.0,,,,0.89,1.52,0.94,True,1,True,,,,False,,tv_wilder_rsi14_sma5_v1,58.33,55.26,True,True,3.07
6254,6254.T,野村マイクロ・サイエンス,2021-12,CONTINUE,5,78.1,81.16,True,True,3.06,2021-08,1215.0,1395.0,1395.0,14.81,1133.35,,,True,,,,,,,,,,,,6.12,0.83,True,1,True,,,,False,,tv_wilder_rsi14_sma5_v1,81.16,78.1,True,True,3.06
5261,5261.T,リソルホールディングス,2021-12,NEW,1,55.29,58.34,True,True,3.05,2021-12,4240.0,4240.0,4240.0,0.0,4149.2,4126.2,,True,True,,,True,True,,5483.0,,,,1.05,0.73,0.93,True,1,True,,,,False,,tv_wilder_rsi14_sma5_v1,58.34,55.29,True,True,3.05
6845,6845.T,アズビル,2021-12,CONTINUE,5,63.24,66.29,True,True,3.05,2021-08,1193.75,1310.0,1310.0,9.74,1122.8,,,True,,,,,,,,,,,,2.77,0.98,True,1,True,,,,False,,tv_wilder_rsi14_sma5_v1,66.29,63.24,True,True,3.05
6804,6804.T,ホシデン,2021-12,CONTINUE,3,52.5,55.54,True,False,3.04,2021-10,1197.0,1153.0,1153.0,-3.68,982.88,,,True,,,,True,,,496233.0,,,,3.27,2.55,1.35,False,1,True,,,,False,,tv_wilder_rsi14_sma5_v1,55.54,52.5,False,True,3.04
9987,9987.T,スズケン,2021-12,NEW,1,37.12,40.14,True,True,3.02,2021-12,3320.0,3320.0,3320.0,0.0,3267.6,3228.67,,True,True,,,True,True,,197533.0,,,,0.5,1.96,0.97,True,1,True,,,,False,,tv_wilder_rsi14_sma5_v1,40.14,37.12,True,True,3.02
7942,7942.T,ＪＳＰ,2021-12,NEW,1,42.56,45.56,True,True,3.0,2021-12,1635.0,1635.0,1635.0,0.0,1600.08,1606.75,,True,True,,,True,True,,30267.0,,,,0.9,1.39,0.91,True,1,True,,,,False,,tv_wilder_rsi14_sma5_v1,45.56,42.56,True,True,3.0
6506,6506.T,安川電機,2021-12,NEW,1,60.24,63.22,True,True,2.97,2021-12,5640.0,5640.0,5640.0,0.0,5599.6,5385.87,,True,True,,,True,True,,1400923.0,,,,0.61,2.24,0.89,True,1,True,,,,False,,tv_wilder_rsi14_sma5_v1,63.22,60.24,True,True,2.97
9861,9861.T,吉野家ホールディングス,2021-12,CONTINUE,4,53.57,56.52,True,True,2.96,2021-09,2259.0,2321.0,2321.0,2.74,2158.0,,,True,,,,True,,,525433.0,,,,0.59,2.2,1.15,False,1,True,,,,False,,tv_wilder_rsi14_sma5_v1,56.52,53.57,True,True,2.96
6358,6358.T,酒井重工業,2021-12,CONTINUE,2,52.75,55.71,True,True,2.95,2021-11,1376.5,1389.5,1389.5,0.94,1332.96,1292.49,,True,True,,,True,,,37653.0,,,,1.78,4.13,1.39,False,1,False,,,,False,,tv_wilder_rsi14_sma5_v1,55.71,52.75,True,True,2.95
4507,4507.T,塩野義製薬,2021-12,CONTINUE,7,63.85,66.77,True,True,2.92,2021-06,1930.33,2708.33,2708.33,40.3,,,,,,,,,,,,,,,,,,,,,,,,False,,tv_wilder_rsi14_sma5_v1,66.77,63.85,True,True,2.92
8511,8511.T,日本証券金融,2021-12,NEW,1,68.19,71.11,True,True,2.92,2021-12,960.0,960.0,960.0,0.0,872.12,867.81,,True,True,,,True,True,,198757.0,,,,1.25,3.07,1.44,False,1,True,,,,False,,tv_wilder_rsi14_sma5_v1,71.11,68.19,True,True,2.92
7148,7148.T,ＦＰＧ,2021-12,NEW,1,44.98,47.88,False,True,2.9,2021-12,684.0,684.0,684.0,0.0,595.72,645.91,,True,True,,,False,False,,568970.0,,,,1.21,3.29,1.35,False,1,True,,,,False,,tv_wilder_rsi14_sma5_v1,47.88,44.98,True,False,2.9
8798,8798.T,アドバンスクリエイト,2021-12,NEW,1,53.35,56.22,True,True,2.87,2021-12,1101.0,1101.0,1101.0,0.0,1054.48,1060.72,,True,True,,,True,True,,35317.0,,,,0.59,1.68,1.01,False,1,True,,,,False,,tv_wilder_rsi14_sma5_v1,56.22,53.35,True,True,2.87
9303,9303.T,住友倉庫,2021-12,CONTINUE,11,69.17,72.04,True,True,2.87,2021-02,1464.0,1942.0,1942.0,32.65,,,,,,,,,,,,,,,,,,,,,,,,False,,tv_wilder_rsi14_sma5_v1,72.04,69.17,True,True,2.87
2811,2811.T,カゴメ,2021-12,NEW,1,45.79,48.64,True,True,2.86,2021-12,2992.0,2992.0,2992.0,0.0,2945.44,2925.83,,True,True,,,True,True,,196710.0,,,,0.65,1.44,0.84,True,1,True,,,,False,,tv_wilder_rsi14_sma5_v1,48.64,45.79,True,True,2.86
6089,6089.T,ウィルグループ,2021-12,CONTINUE,5,60.49,63.35,True,True,2.86,2021-08,1281.0,1436.0,1436.0,12.1,1125.0,,,True,,,,,,,,,,,,3.01,0.98,True,1,True,,,,False,,tv_wilder_rsi14_sma5_v1,63.35,60.49,True,True,2.86
7203,7203.T,トヨタ自動車,2021-12,CONTINUE,8,69.06,71.92,True,True,2.86,2021-05,1823.0,2105.5,2105.5,15.5,,,,,,,,,,,,,,,,,,,,,,,,False,,tv_wilder_rsi14_sma5_v1,71.92,69.06,True,True,2.86
8344,8344.T,山形銀行,2021-12,NEW,1,30.33,33.19,True,True,2.86,2021-12,868.0,868.0,868.0,0.0,847.76,847.08,,True,True,,,True,False,,62867.0,,,,0.75,1.69,1.08,False,1,True,,,,False,,tv_wilder_rsi14_sma5_v1,33.19,30.33,True,True,2.86
6419,6419.T,マースグループホールディングス,2021-12,NEW,1,44.72,47.57,True,True,2.85,2021-12,1685.0,1685.0,1685.0,0.0,1645.4,1650.49,,True,True,,,True,False,,10683.0,,,,0.83,1.42,1.02,False,1,True,,,,False,,tv_wilder_rsi14_sma5_v1,47.57,44.72,True,True,2.85
2359,2359.T,コア,2021-12,NEW,1,58.59,61.43,True,True,2.83,2021-12,1657.0,1657.0,1657.0,0.0,1607.6,1601.52,,True,True,,,False,True,,19990.0,,,,0.8,2.53,0.91,True,1,False,,,,False,,tv_wilder_rsi14_sma5_v1,61.43,58.59,True,True,2.83
4047,4047.T,関東電化工業,2021-12,NEW,1,60.15,62.97,True,True,2.83,2021-12,1133.0,1133.0,1133.0,0.0,1048.32,1045.57,,True,True,,,True,False,,164433.0,,,,1.11,2.33,1.12,False,1,True,,,,False,,tv_wilder_rsi14_sma5_v1,62.97,60.15,True,True,2.83
9506,9506.T,東北電力,2021-12,CONTINUE,2,36.69,39.51,True,True,2.83,2021-11,786.0,816.0,816.0,3.82,756.4,807.4,,True,False,,,False,,,4907620.0,,,,2.58,1.55,1.01,False,1,True,,,,False,,tv_wilder_rsi14_sma5_v1,39.51,36.69,True,True,2.83
7184,7184.T,富山第一銀行,2021-12,NEW,1,45.53,48.32,True,True,2.79,2021-12,295.0,295.0,295.0,0.0,279.4,288.47,,True,True,,,False,False,,76620.0,,,,0.82,1.5,1.09,False,1,True,,,,False,,tv_wilder_rsi14_sma5_v1,48.32,45.53,True,True,2.79
3765,3765.T,ｶﾞﾝﾎｰ･ｵﾝﾗｲﾝ･ｴﾝﾀｰﾃｲﾒﾝﾄ,2021-12,CONTINUE,3,51.08,53.86,True,False,2.78,2021-10,2134.0,2588.0,2588.0,21.27,2080.36,,,True,,,,False,,,345810.0,,,,0.8,1.59,0.86,True,1,True,,,,False,,tv_wilder_rsi14_sma5_v1,53.86,51.08,False,True,2.78
8392,8392.T,大分銀行,2021-12,NEW,1,35.02,37.8,True,True,2.78,2021-12,365.6,365.6,365.6,0.0,351.53,363.75,,True,True,,,False,False,,124417.0,,,,1.29,1.57,1.06,False,1,True,,,,False,,tv_wilder_rsi14_sma5_v1,37.8,35.02,True,True,2.78
9511,9511.T,沖縄電力,2021-12,NEW,1,40.93,43.71,True,True,2.78,2021-12,1455.0,1455.0,1455.0,0.0,1442.6,1432.96,,True,True,,,True,True,,125393.0,,,,0.7,1.33,0.99,True,1,True,,,,False,,tv_wilder_rsi14_sma5_v1,43.71,40.93,True,True,2.78
4023,4023.T,クレハ,2021-12,CONTINUE,6,59.53,62.3,True,True,2.77,2021-07,2386.67,2740.0,2740.0,14.8,,,,,,,,,,,,,,,,,,,1,True,,,,False,,tv_wilder_rsi14_sma5_v1,62.3,59.53,True,True,2.77
7259,7259.T,アイシン,2021-12,NEW,1,53.36,56.13,False,True,2.77,2021-12,1470.0,1470.0,1470.0,0.0,1445.73,1413.53,,True,True,,,True,True,,2207840.0,,,,0.45,2.0,0.93,True,1,True,,,,False,,tv_wilder_rsi14_sma5_v1,56.13,53.36,True,False,2.77
8424,8424.T,芙蓉総合リース,2021-12,NEW,1,58.3,61.05,True,True,2.75,2021-12,2656.67,2656.67,2656.67,0.0,2586.0,2569.11,,True,True,,,True,True,,102660.0,,,,0.54,1.46,0.78,True,1,True,,,,False,,tv_wilder_rsi14_sma5_v1,61.05,58.3,True,True,2.75
9508,9508.T,九州電力,2021-12,NEW,1,41.65,44.39,True,True,2.74,2021-12,857.0,857.0,857.0,0.0,850.56,843.53,,True,True,,,True,True,,1705397.0,,,,0.59,1.48,1.02,False,1,True,,,,False,,tv_wilder_rsi14_sma5_v1,44.39,41.65,True,True,2.74
2659,2659.T,サンエー,2021-12,NEW,1,45.14,47.88,True,True,2.73,2021-12,2090.0,2090.0,2090.0,0.0,2086.2,2068.9,,True,True,,,False,True,,62793.0,,,,0.71,1.56,0.93,True,1,True,,,,False,,tv_wilder_rsi14_sma5_v1,47.88,45.14,True,True,2.73
1968,1968.T,太平電業,2021-12,NEW,1,59.85,62.57,True,True,2.72,2021-12,956.67,956.67,956.67,0.0,928.93,921.95,,True,True,,,True,True,,74650.0,,,,0.46,1.85,0.99,True,1,True,,,,False,,tv_wilder_rsi14_sma5_v1,62.57,59.85,True,True,2.72
3433,3433.T,トーカロ,2021-12,CONTINUE,3,59.97,62.69,True,False,2.72,2021-10,1392.0,1475.0,1475.0,5.96,1314.04,,,True,,,,False,,,191203.0,,,,1.31,2.79,0.98,True,1,True,,,,False,,tv_wilder_rsi14_sma5_v1,62.69,59.97,False,True,2.72
8346,8346.T,東邦銀行,2021-12,NEW,1,40.57,43.29,True,True,2.72,2021-12,212.0,212.0,212.0,0.0,204.92,207.41,,True,True,,,True,False,,446653.0,,,,0.79,1.42,0.95,True,1,True,,,,False,,tv_wilder_rsi14_sma5_v1,43.29,40.57,True,True,2.72
5192,5192.T,三ツ星ベルト,2021-12,NEW,1,56.89,59.6,True,True,2.71,2021-12,2156.0,2156.0,2156.0,0.0,2058.76,2030.84,,True,True,,,True,True,,52823.0,,,,0.64,1.72,0.97,True,1,True,,,,False,,tv_wilder_rsi14_sma5_v1,59.6,56.89,True,True,2.71
6101,6101.T,ツガミ,2021-12,NEW,1,57.59,60.3,True,True,2.71,2021-12,1757.0,1757.0,1757.0,0.0,1582.96,1617.45,,True,True,,,True,False,,434910.0,,,,0.79,3.24,1.02,False,1,True,,,,False,,tv_wilder_rsi14_sma5_v1,60.3,57.59,True,True,2.71
7715,7715.T,長野計器,2021-12,CONTINUE,4,66.19,68.9,True,False,2.71,2021-09,1257.0,1577.0,1577.0,25.46,1178.36,,,True,,,,True,,,116687.0,,,,3.45,3.87,1.4,False,1,True,,,,False,,tv_wilder_rsi14_sma5_v1,68.9,66.19,False,True,2.71
5310,5310.T,東洋炭素,2021-12,CONTINUE,20,67.33,70.03,True,True,2.7,2020-05,1626.0,3200.0,3200.0,96.8,,,,,,,,,,,,,,,,,,,,,,,,False,,tv_wilder_rsi14_sma5_v1,70.03,67.33,True,True,2.7
7840,7840.T,フランスベッドホールディングス,2021-12,NEW,1,48.58,51.29,True,True,2.7,2021-12,922.0,922.0,922.0,0.0,902.72,911.03,,True,True,,,True,False,,62120.0,,,,0.47,1.12,0.81,True,1,True,,,,False,,tv_wilder_rsi14_sma5_v1,51.29,48.58,True,True,2.7
1780,1780.T,ヤマウラ,2021-12,NEW,1,55.88,58.57,True,True,2.69,2021-12,965.0,965.0,965.0,0.0,946.6,933.13,,True,True,,,True,True,,21960.0,,,,1.54,0.86,1.12,False,1,True,,,,False,,tv_wilder_rsi14_sma5_v1,58.57,55.88,True,True,2.69
4097,4097.T,高圧ガス工業,2021-12,NEW,1,50.81,53.5,True,True,2.69,2021-12,789.0,789.0,789.0,0.0,771.64,769.6,,True,True,,,True,True,,34717.0,,,,0.95,2.48,1.05,False,1,True,,,,False,,tv_wilder_rsi14_sma5_v1,53.5,50.81,True,True,2.69
5844,5844.T,京都フィナンシャルグループ,2021-12,NEW,1,50.7,53.37,True,True,2.67,2021-12,1332.5,1332.5,1332.5,0.0,1250.4,1273.42,,True,True,,,False,True,,667520.0,,,,1.18,2.63,1.17,False,1,True,,,,False,,tv_wilder_rsi14_sma5_v1,53.37,50.7,True,True,2.67
5384,5384.T,フジミインコーポレーテッド,2021-12,CONTINUE,10,86.12,88.78,True,True,2.66,2021-03,1438.33,2583.33,2583.33,79.61,,,,,,,,,,,,,,,,,,,,,,,,False,,tv_wilder_rsi14_sma5_v1,88.78,86.12,True,True,2.66
8359,8359.T,八十二長野銀行,2021-12,NEW,1,46.43,49.1,True,True,2.66,2021-12,393.0,393.0,393.0,0.0,375.24,384.6,,True,True,,,True,True,,981583.0,,,,0.67,1.51,1.06,False,1,True,,,,False,,tv_wilder_rsi14_sma5_v1,49.1,46.43,True,True,2.66
9304,9304.T,澁澤倉庫,2021-12,NEW,1,54.1,56.76,True,True,2.65,2021-12,584.75,584.75,584.75,0.0,563.91,560.67,,True,True,,,True,True,,52680.0,,,,0.85,1.97,1.03,False,1,True,,,,False,,tv_wilder_rsi14_sma5_v1,56.76,54.1,True,True,2.65
6196,6196.T,ストライクグループ,2021-12,CONTINUE,4,53.3,55.93,True,False,2.64,2021-09,1406.67,1706.67,1706.67,21.33,1392.0,,,True,,,,True,,,181960.0,,,,1.26,3.07,1.17,False,1,True,,,,False,,tv_wilder_rsi14_sma5_v1,55.93,53.3,False,True,2.64
3099,3099.T,三越伊勢丹ホールディングス,2021-12,NEW,1,51.46,54.1,True,True,2.63,2021-12,850.0,850.0,850.0,0.0,807.8,825.73,,True,True,,,False,True,,2471190.0,,,,0.93,2.38,0.96,True,1,True,,,,False,,tv_wilder_rsi14_sma5_v1,54.1,51.46,True,True,2.63
8338,8338.T,筑波銀行,2021-12,NEW,1,44.15,46.78,True,True,2.63,2021-12,177.0,177.0,177.0,0.0,166.12,171.96,,True,True,,,False,False,,361853.0,,,,1.07,1.94,1.11,False,1,True,,,,False,,tv_wilder_rsi14_sma5_v1,46.78,44.15,True,True,2.63
6333,6333.T,ＴＥＩＫＯＫＵ,2021-12,CONTINUE,5,57.3,59.93,True,True,2.62,2021-08,1306.0,1479.0,1479.0,13.25,1264.64,,,True,,,,,,,,,,,,1.32,0.93,True,1,True,,,,False,,tv_wilder_rsi14_sma5_v1,59.93,57.3,True,True,2.62
3445,3445.T,ＲＳ   Ｔｅｃｈｎｏｌｏｇｉｅｓ,2021-12,CONTINUE,2,58.0,60.61,True,True,2.61,2021-11,3220.0,3405.0,3405.0,5.75,3271.0,3042.6,,False,True,,,True,,,112273.0,,,,1.13,4.97,1.19,False,1,False,,,,False,,tv_wilder_rsi14_sma5_v1,60.61,58.0,True,True,2.61
5423,5423.T,東京製鐵,2021-12,NEW,1,70.57,73.18,True,True,2.6,2021-12,1377.0,1377.0,1377.0,0.0,1333.56,1245.08,,True,True,,,True,True,,604950.0,,,,0.43,2.44,0.88,True,1,True,,,,False,,tv_wilder_rsi14_sma5_v1,73.18,70.57,True,True,2.6
8070,8070.T,東京産業,2021-12,CONTINUE,6,63.97,66.52,True,True,2.55,2021-07,701.0,753.0,753.0,7.42,,,,,,,,,,,,,,,,,,,1,True,,,,False,,tv_wilder_rsi14_sma5_v1,66.52,63.97,True,True,2.55
167A,167A.T,リョーサン菱洋ホールディングス,2021-12,NEW,1,46.87,49.4,True,True,2.53,2021-12,2398.0,2398.0,2398.0,0.0,2292.32,2336.4,,True,True,,,False,True,,200507.0,,,,0.95,1.31,0.98,True,1,True,,,,False,,tv_wilder_rsi14_sma5_v1,49.4,46.87,True,True,2.53
3741,3741.T,セック,2021-12,NEW,1,38.96,41.48,False,True,2.52,2021-12,1211.0,1211.0,1211.0,0.0,1157.38,1186.33,,True,True,,,False,False,,53160.0,,,,0.69,4.25,1.12,False,1,True,,,,False,,tv_wilder_rsi14_sma5_v1,41.48,38.96,True,False,2.52
7242,7242.T,カヤバ,2021-12,NEW,1,50.38,52.87,False,True,2.49,2021-12,1612.5,1612.5,1612.5,0.0,1499.16,1525.47,,True,True,,,False,False,,206987.0,,,,1.34,2.05,1.02,False,1,True,,,,False,,tv_wilder_rsi14_sma5_v1,52.87,50.38,True,False,2.49
9324,9324.T,安田倉庫,2021-12,NEW,1,53.25,55.74,True,True,2.49,2021-12,984.0,984.0,984.0,0.0,968.92,972.25,,True,True,,,True,True,,17970.0,,,,0.88,1.1,0.79,True,1,True,,,,False,,tv_wilder_rsi14_sma5_v1,55.74,53.25,True,True,2.49
4538,4538.T,扶桑薬品工業,2021-12,NEW,1,51.45,53.92,True,True,2.47,2021-12,2600.0,2600.0,2600.0,0.0,2517.44,2546.43,,True,True,,,False,True,,10273.0,,,,0.65,2.3,0.76,True,1,True,,,,False,,tv_wilder_rsi14_sma5_v1,53.92,51.45,True,True,2.47
6857,6857.T,アドバンテスト,2021-12,NEW,1,70.02,72.49,True,True,2.46,2021-12,2725.0,2725.0,2725.0,0.0,2594.2,2519.93,,True,True,,,True,True,,6457600.0,,,,0.65,2.56,0.92,True,1,True,,,,False,,tv_wilder_rsi14_sma5_v1,72.49,70.02,True,True,2.46
6954,6954.T,ファナック,2021-12,NEW,1,51.79,54.25,False,True,2.46,2021-12,4876.0,4876.0,4876.0,0.0,4765.44,4775.69,,True,True,,,True,False,,3550667.0,,,,0.6,2.03,0.92,True,1,True,,,,False,,tv_wilder_rsi14_sma5_v1,54.25,51.79,True,False,2.46
9869,9869.T,加藤産業,2021-12,NEW,1,46.47,48.93,True,True,2.46,2021-12,3350.0,3350.0,3350.0,0.0,3254.8,3270.53,,True,True,,,True,False,,27417.0,,,,0.72,1.55,1.05,False,1,True,,,,False,,tv_wilder_rsi14_sma5_v1,48.93,46.47,True,True,2.46
7740,7740.T,タムロン,2021-12,NEW,1,63.58,66.04,True,True,2.45,2021-12,356.88,356.88,356.88,0.0,345.35,333.92,,True,True,,,True,True,,534747.0,,,,0.77,2.1,0.96,True,1,True,,,,False,,tv_wilder_rsi14_sma5_v1,66.04,63.58,True,True,2.45
3116,3116.T,トヨタ紡織,2021-12,CONTINUE,2,59.75,62.18,False,True,2.42,2021-11,2239.0,2256.0,2256.0,0.76,2262.8,2119.93,,False,True,,,True,,,684243.0,,,,0.7,2.33,0.85,True,1,True,,,,False,,tv_wilder_rsi14_sma5_v1,62.18,59.75,True,False,2.42
9531,9531.T,東京瓦斯,2021-12,NEW,1,38.99,41.4,True,True,2.41,2021-12,2062.0,2062.0,2062.0,0.0,2030.4,2019.04,,True,True,,,True,False,,1311743.0,,,,0.47,1.53,0.94,True,1,True,,,,False,,tv_wilder_rsi14_sma5_v1,41.4,38.99,True,True,2.41
4390,4390.T,ＩＰＳ,2021-12,NEW,1,48.8,51.19,False,True,2.39,2021-12,2210.0,2210.0,2210.0,0.0,2111.92,2036.07,,True,True,,,True,False,,149187.0,,,,0.61,4.39,1.13,False,1,True,,,,False,,tv_wilder_rsi14_sma5_v1,51.19,48.8,True,False,2.39
7912,7912.T,大日本印刷,2021-12,NEW,1,60.27,62.65,True,True,2.38,2021-12,1446.5,1446.5,1446.5,0.0,1392.1,1392.67,,True,True,,,False,True,,1528133.0,,,,0.52,1.8,0.94,True,1,True,,,,False,,tv_wilder_rsi14_sma5_v1,62.65,60.27,True,True,2.38
4763,4763.T,クリーク・アンド・リバー社,2021-12,CONTINUE,12,70.6,72.96,True,True,2.37,2021-01,1152.0,2037.0,2037.0,76.82,,,,,,,,,,,,,,,,,,,,,,,,False,,tv_wilder_rsi14_sma5_v1,72.96,70.6,True,True,2.37
1861,1861.T,熊谷組,2021-12,NEW,1,48.47,50.83,True,True,2.36,2021-12,717.75,717.75,717.75,0.0,708.31,707.91,,True,True,,,True,True,,694160.0,,,,0.52,1.33,0.92,True,1,True,,,,False,,tv_wilder_rsi14_sma5_v1,50.83,48.47,True,True,2.36
5715,5715.T,古河機械金属,2021-12,NEW,1,46.95,49.31,True,True,2.36,2021-12,1270.0,1270.0,1270.0,0.0,1245.36,1248.0,,True,True,,,True,True,,52570.0,,,,0.99,1.45,1.08,False,1,True,,,,False,,tv_wilder_rsi14_sma5_v1,49.31,46.95,True,True,2.36
8361,8361.T,大垣共立銀行,2021-12,NEW,1,41.37,43.72,True,True,2.36,2021-12,1933.0,1933.0,1933.0,0.0,1877.08,1917.25,,True,True,,,True,False,,56933.0,,,,0.91,1.71,0.98,True,1,True,,,,False,,tv_wilder_rsi14_sma5_v1,43.72,41.37,True,True,2.36
7537,7537.T,丸文,2021-12,CONTINUE,8,65.84,68.18,True,False,2.34,2021-05,592.0,845.0,845.0,42.74,,,,,,,,,,,,,,,,,,,,,,,,False,,tv_wilder_rsi14_sma5_v1,68.18,65.84,False,True,2.34
7846,7846.T,パイロットコーポレーション,2021-12,CONTINUE,12,58.4,60.74,True,True,2.34,2021-01,1000.0,1466.67,1466.67,46.67,,,,,,,,,,,,,,,,,,,,,,,,False,,tv_wilder_rsi14_sma5_v1,60.74,58.4,True,True,2.34
6507,6507.T,シンフォニアテクノロジー,2021-12,CONTINUE,3,48.88,51.2,True,True,2.33,2021-10,1310.0,1312.0,1312.0,0.15,1210.56,,,True,,,,False,,,138323.0,,,,2.25,3.61,1.3,False,1,True,,,,False,,tv_wilder_rsi14_sma5_v1,51.2,48.88,True,True,2.33
8393,8393.T,宮崎銀行,2021-12,NEW,1,40.59,42.91,True,True,2.32,2021-12,416.0,416.0,416.0,0.0,403.32,410.5,,True,True,,,True,False,,123283.0,,,,0.89,1.09,1.04,False,1,True,,,,False,,tv_wilder_rsi14_sma5_v1,42.91,40.59,True,True,2.32
5821,5821.T,平河ヒューテック,2021-12,NEW,1,50.08,52.35,True,True,2.27,2021-12,1251.0,1251.0,1251.0,0.0,1197.16,1201.41,,True,True,,,True,True,,15570.0,,,,1.13,2.31,0.9,True,1,True,,,,False,,tv_wilder_rsi14_sma5_v1,52.35,50.08,True,True,2.27
9880,9880.T,イノテック,2021-12,NEW,1,63.69,65.89,True,True,2.2,2021-12,1503.0,1503.0,1503.0,0.0,1410.96,1414.01,,True,True,,,False,True,,53000.0,,,,1.22,2.05,1.05,False,1,True,,,,False,,tv_wilder_rsi14_sma5_v1,65.89,63.69,True,True,2.2
8154,8154.T,加賀電子,2021-12,NEW,1,62.93,65.1,True,True,2.17,2021-12,1635.0,1635.0,1635.0,0.0,1532.64,1530.11,,True,True,,,True,True,,114627.0,,,,0.74,2.0,0.92,True,1,True,,,,False,,tv_wilder_rsi14_sma5_v1,65.1,62.93,True,True,2.17
6861,6861.T,キーエンス,2021-12,CONTINUE,8,78.05,80.2,True,True,2.15,2021-05,53870.0,72280.0,72280.0,34.17,,,,,,,,,,,,,,,,,,,,,,,,False,,tv_wilder_rsi14_sma5_v1,80.2,78.05,True,True,2.15
8303,8303.T,SBI新生銀行,2021-12,CONTINUE,4,57.52,59.67,True,False,2.15,2021-09,1874.0,1873.0,1873.0,-0.05,1651.52,,,True,,,,True,,,1886290.0,,,,1.18,3.51,0.51,True,1,True,,,,False,,tv_wilder_rsi14_sma5_v1,59.67,57.52,False,True,2.15
9505,9505.T,北陸電力,2021-12,CONTINUE,2,37.05,39.2,True,True,2.15,2021-11,563.0,585.0,585.0,3.91,554.32,581.88,,True,False,,,False,,,624270.0,,,,0.95,1.8,1.07,False,1,True,,,,False,,tv_wilder_rsi14_sma5_v1,39.2,37.05,True,True,2.15
7962,7962.T,キングジム,2021-12,NEW,1,48.45,50.58,True,True,2.12,2021-12,891.0,891.0,891.0,0.0,878.08,881.8,,True,True,,,True,True,,28460.0,,,,0.82,1.59,1.01,False,1,True,,,,False,,tv_wilder_rsi14_sma5_v1,50.58,48.45,True,True,2.12
5333,5333.T,ＮＧＫ,2021-12,NEW,1,54.03,56.13,True,True,2.1,2021-12,1944.0,1944.0,1944.0,0.0,1889.64,1910.03,,True,True,,,False,True,,898197.0,,,,0.51,1.57,0.89,True,1,True,,,,False,,tv_wilder_rsi14_sma5_v1,56.13,54.03,True,True,2.1
6364,6364.T,ＡＩＲＭＡＮ,2021-12,NEW,1,42.62,44.71,False,True,2.09,2021-12,1007.0,1007.0,1007.0,0.0,988.72,984.76,,True,True,,,True,False,,21133.0,,,,0.54,1.74,0.98,True,1,False,,,,False,,tv_wilder_rsi14_sma5_v1,44.71,42.62,True,False,2.09
8308,8308.T,りそなホールディングス,2021-12,NEW,1,50.4,52.49,True,True,2.09,2021-12,447.4,447.4,447.4,0.0,437.6,441.99,,True,True,,,True,True,,10801100.0,,,,0.41,1.32,0.96,True,1,True,,,,False,,tv_wilder_rsi14_sma5_v1,52.49,50.4,True,True,2.09
9936,9936.T,王将フードサービス,2021-12,NEW,1,50.77,52.84,True,True,2.08,2021-12,2036.67,2036.67,2036.67,0.0,2011.2,2010.67,,True,True,,,True,True,,80040.0,,,,0.56,1.05,0.82,True,1,True,,,,False,,tv_wilder_rsi14_sma5_v1,52.84,50.77,True,True,2.08
1301,1301.T,極洋,2021-12,NEW,1,54.38,56.45,True,True,2.07,2021-12,3080.0,3080.0,3080.0,0.0,3036.92,3043.93,,True,True,,,False,True,,11063.0,,,,0.72,1.25,0.91,True,1,True,,,,False,,tv_wilder_rsi14_sma5_v1,56.45,54.38,True,True,2.07
6988,6988.T,日東電工,2021-12,NEW,1,55.63,57.7,True,True,2.07,2021-12,1778.0,1778.0,1778.0,0.0,1704.24,1681.17,,True,True,,,False,True,,3038800.0,,,,0.57,1.67,0.86,True,1,True,,,,False,,tv_wilder_rsi14_sma5_v1,57.7,55.63,True,True,2.07
4078,4078.T,堺化学工業,2021-12,NEW,1,52.77,54.83,True,True,2.06,2021-12,2292.0,2292.0,2292.0,0.0,2231.08,2225.32,,True,True,,,True,True,,112733.0,,,,0.61,1.84,0.83,True,1,True,,,,False,,tv_wilder_rsi14_sma5_v1,54.83,52.77,True,True,2.06
5440,5440.T,共英製鋼,2021-12,NEW,1,44.91,46.95,True,True,2.04,2021-12,1415.0,1415.0,1415.0,0.0,1336.08,1366.61,,True,True,,,False,False,,69123.0,,,,0.96,1.88,0.98,True,1,True,,,,False,,tv_wilder_rsi14_sma5_v1,46.95,44.91,True,True,2.04
8125,8125.T,ワキタ,2021-12,NEW,1,49.98,52.02,True,True,2.04,2021-12,1076.0,1076.0,1076.0,0.0,1055.8,1050.68,,True,True,,,True,True,,60677.0,,,,0.61,1.79,1.05,False,1,True,,,,False,,tv_wilder_rsi14_sma5_v1,52.02,49.98,True,True,2.04
4826,4826.T,ＣＩＪ,2021-12,NEW,1,49.38,51.39,True,True,2.01,2021-12,240.28,240.28,240.28,0.0,234.01,236.12,,True,True,,,True,False,,93036.0,,,,2.02,1.24,0.82,True,1,True,,,,False,,tv_wilder_rsi14_sma5_v1,51.39,49.38,True,True,2.01
8316,8316.T,三井住友フィナンシャルグループ,2021-12,NEW,1,53.86,55.85,True,True,2.0,2021-12,1314.33,1314.33,1314.33,0.0,1290.63,1295.63,,True,True,,,True,True,,17047120.0,,,,0.55,1.03,0.93,True,1,True,,,,False,,tv_wilder_rsi14_sma5_v1,55.85,53.86,True,True,2.0
8336,8336.T,武蔵野銀行,2021-12,NEW,1,47.91,49.9,True,True,1.99,2021-12,599.67,599.67,599.67,0.0,559.8,584.82,,True,True,,,False,False,,311810.0,,,,0.46,1.54,0.97,True,1,True,,,,False,,tv_wilder_rsi14_sma5_v1,49.9,47.91,True,True,1.99
1870,1870.T,矢作建設工業,2021-12,NEW,1,46.37,48.35,True,True,1.98,2021-12,765.0,765.0,765.0,0.0,741.08,764.59,,True,True,,,True,True,,37687.0,,,,0.78,2.3,0.96,True,1,True,,,,False,,tv_wilder_rsi14_sma5_v1,48.35,46.37,True,True,1.98
9305,9305.T,ヤマタネ,2021-12,NEW,1,55.83,57.81,True,True,1.98,2021-12,807.5,807.5,807.5,0.0,798.7,802.06,,True,True,,,True,True,,23287.0,,,,0.91,1.51,0.94,True,1,True,,,,False,,tv_wilder_rsi14_sma5_v1,57.81,55.83,True,True,1.98
9509,9509.T,北海道電力,2021-12,NEW,1,48.67,50.62,True,True,1.95,2021-12,513.0,513.0,513.0,0.0,501.72,505.55,,True,True,,,True,False,,581333.0,,,,0.57,1.73,0.91,True,1,True,,,,False,,tv_wilder_rsi14_sma5_v1,50.62,48.67,True,True,1.95
8309,8309.T,三井住友トラストグループ,2021-12,NEW,1,52.95,54.89,True,True,1.94,2021-12,1921.5,1921.5,1921.5,0.0,1905.74,1911.88,,True,True,,,True,True,,2272907.0,,,,0.46,1.45,0.96,True,1,True,,,,False,,tv_wilder_rsi14_sma5_v1,54.89,52.95,True,True,1.94
7504,7504.T,高速,2021-12,NEW,1,55.82,57.75,True,True,1.93,2021-12,1665.0,1665.0,1665.0,0.0,1568.2,1570.11,,True,True,,,True,False,,9600.0,,,,0.82,1.45,0.87,True,1,True,,,,False,,tv_wilder_rsi14_sma5_v1,57.75,55.82,True,True,1.93
4369,4369.T,トリケミカル研究所,2021-12,CONTINUE,3,58.98,60.89,True,True,1.91,2021-10,3405.0,3645.0,3645.0,7.05,3311.6,,,True,,,,False,,,195023.0,,,,0.87,2.98,0.83,True,1,False,,,,False,,tv_wilder_rsi14_sma5_v1,60.89,58.98,True,True,1.91
3093,3093.T,トレジャー・ファクトリー,2021-12,NEW,1,51.56,53.45,False,True,1.89,2021-12,475.0,475.0,475.0,0.0,458.54,466.81,,True,True,,,False,True,,32073.0,,,,0.82,3.17,0.89,True,1,True,,,,False,,tv_wilder_rsi14_sma5_v1,53.45,51.56,True,False,1.89
6361,6361.T,荏原製作所,2021-12,CONTINUE,20,77.69,79.57,True,True,1.88,2020-05,519.4,1278.0,1278.0,146.05,,,,,,,,,,,,,,,,,,,,,,,,False,,tv_wilder_rsi14_sma5_v1,79.57,77.69,True,True,1.88
9347,9347.T,日本管財ホールディングス,2021-12,NEW,1,77.88,79.74,True,True,1.87,2021-12,2889.0,2889.0,2889.0,0.0,2781.32,2750.93,,True,True,,,False,True,,38843.0,,,,1.05,1.35,1.03,False,1,True,,,,False,,tv_wilder_rsi14_sma5_v1,79.74,77.88,True,True,1.87
2282,2282.T,日本ハム,2021-12,NEW,1,43.72,45.58,False,True,1.86,2021-12,4140.0,4140.0,4140.0,0.0,4015.8,4084.13,,True,True,,,True,False,,797180.0,,,,0.42,1.53,1.03,False,1,True,,,,False,,tv_wilder_rsi14_sma5_v1,45.58,43.72,True,False,1.86
4044,4044.T,セントラル硝子,2021-12,NEW,1,46.28,48.14,False,True,1.86,2021-12,2132.0,2132.0,2132.0,0.0,2055.24,2094.25,,True,True,,,False,False,,65387.0,,,,0.65,1.48,1.02,False,1,True,,,,False,,tv_wilder_rsi14_sma5_v1,48.14,46.28,True,False,1.86
7744,7744.T,ノーリツ鋼機,2021-12,CONTINUE,2,58.31,60.18,True,False,1.86,2021-11,914.33,904.33,904.33,-1.09,818.88,827.45,,True,True,,,True,,,426170.0,,,,2.15,4.47,1.25,False,1,True,,,,False,,tv_wilder_rsi14_sma5_v1,60.18,58.31,False,True,1.86
8056,8056.T,ＢＩＰＲＯＧＹ,2021-12,CONTINUE,3,48.45,50.31,False,False,1.86,2021-10,3190.0,3230.0,3230.0,1.25,3046.8,,,True,,,,True,,,376877.0,,,,1.28,2.38,1.03,False,1,True,,,,False,,tv_wilder_rsi14_sma5_v1,50.31,48.45,False,False,1.86
3941,3941.T,レンゴー,2021-12,NEW,1,49.23,51.09,False,True,1.85,2021-12,870.0,870.0,870.0,0.0,842.2,855.73,,True,True,,,True,False,,831860.0,,,,0.61,1.58,0.81,True,1,True,,,,False,,tv_wilder_rsi14_sma5_v1,51.09,49.23,True,False,1.85
3183,3183.T,ウイン・パートナーズ,2021-12,NEW,1,44.62,46.46,True,True,1.84,2021-12,995.0,995.0,995.0,0.0,962.0,962.76,,True,True,,,True,False,,41243.0,,,,0.6,0.85,0.85,True,1,True,,,,False,,tv_wilder_rsi14_sma5_v1,46.46,44.62,True,True,1.84
8388,8388.T,阿波銀行,2021-12,NEW,1,42.95,44.77,True,True,1.83,2021-12,2172.0,2172.0,2172.0,0.0,2150.12,2163.36,,True,True,,,True,True,,71350.0,,,,0.47,2.39,1.07,False,1,True,,,,False,,tv_wilder_rsi14_sma5_v1,44.77,42.95,True,True,1.83
3086,3086.T,Ｊ．フロントリテイリング,2021-12,NEW,1,48.5,50.32,True,True,1.82,2021-12,1047.0,1047.0,1047.0,0.0,968.36,1023.81,,True,True,,,False,True,,1446670.0,,,,1.2,2.76,1.1,False,1,True,,,,False,,tv_wilder_rsi14_sma5_v1,50.32,48.5,True,True,1.82
6247,6247.T,日阪製作所,2021-12,NEW,1,49.47,51.29,True,True,1.82,2021-12,863.0,863.0,863.0,0.0,827.64,853.89,,True,True,,,False,False,,31120.0,,,,0.95,2.42,0.97,True,1,True,,,,False,,tv_wilder_rsi14_sma5_v1,51.29,49.47,True,True,1.82
2175,2175.T,エス・エム・エス,2021-12,CONTINUE,5,65.66,67.46,True,True,1.8,2021-08,3895.0,4530.0,4530.0,16.3,3408.8,,,True,,,,,,,,,,,,3.21,1.11,False,1,True,,,,False,,tv_wilder_rsi14_sma5_v1,67.46,65.66,True,True,1.8
9612,9612.T,ラックランド,2021-12,CONTINUE,21,66.94,68.74,True,True,1.8,2020-04,1880.0,2995.0,2995.0,59.31,,,,,,,,,,,,,,,,,,,,,,,,False,,tv_wilder_rsi14_sma5_v1,68.74,66.94,True,True,1.8
2734,2734.T,サーラコーポレーション,2021-12,NEW,1,52.92,54.71,True,True,1.79,2021-12,632.0,632.0,632.0,0.0,613.0,623.76,,True,True,,,False,True,,192227.0,,,,0.41,1.55,0.87,True,1,True,,,,False,,tv_wilder_rsi14_sma5_v1,54.71,52.92,True,True,1.79
1815,1815.T,鉄建建設,2021-12,NEW,1,34.89,36.65,True,True,1.77,2021-12,1792.0,1792.0,1792.0,0.0,1779.52,1807.6,,True,False,,,False,False,,35770.0,,,,1.65,1.32,1.05,False,1,False,,,,False,,tv_wilder_rsi14_sma5_v1,36.65,34.89,True,True,1.77
6810,6810.T,マクセル,2021-12,NEW,1,50.04,51.81,True,True,1.77,2021-12,1368.0,1368.0,1368.0,0.0,1401.56,1360.4,,False,True,,,True,True,,183363.0,,,,1.0,2.35,1.0,True,1,False,,,,False,,tv_wilder_rsi14_sma5_v1,51.81,50.04,True,True,1.77
4971,4971.T,メック,2021-12,CONTINUE,2,73.2,74.96,False,False,1.76,2021-11,4120.0,4005.0,4005.0,-2.79,3593.0,3375.04,,True,True,,,True,,,157483.0,,,,0.9,4.44,1.06,False,1,True,,,,False,,tv_wilder_rsi14_sma5_v1,74.96,73.2,False,False,1.76
8163,8163.T,ＳＲＳホールディングス,2021-12,NEW,1,38.21,39.96,True,True,1.76,2021-12,783.0,783.0,783.0,0.0,763.56,778.15,,True,True,,,False,False,,124547.0,,,,1.83,1.4,1.1,False,1,True,,,,False,,tv_wilder_rsi14_sma5_v1,39.96,38.21,True,True,1.76
3661,3661.T,エムアップホールディングス,2021-12,CONTINUE,4,61.44,63.2,True,False,1.75,2021-09,458.12,515.0,515.0,12.41,407.28,,,True,,,,True,,,442907.0,,,,1.34,2.82,1.07,False,1,True,,,,False,,tv_wilder_rsi14_sma5_v1,63.2,61.44,False,True,1.75
8600,8600.T,トモニホールディングス,2021-12,NEW,1,44.85,46.59,True,True,1.74,2021-12,317.0,317.0,317.0,0.0,302.12,312.17,,True,True,,,True,False,,272120.0,,,,0.66,1.6,1.0,False,1,True,,,,False,,tv_wilder_rsi14_sma5_v1,46.59,44.85,True,True,1.74
4021,4021.T,日産化学,2021-12,CONTINUE,5,62.91,64.63,True,True,1.72,2021-08,6170.0,6680.0,6680.0,8.27,5622.8,,,True,,,,,,,,,,,,2.16,0.99,True,1,True,,,,False,,tv_wilder_rsi14_sma5_v1,64.63,62.91,True,True,1.72
7974,7974.T,任天堂,2021-12,NEW,1,49.49,51.21,False,True,1.72,2021-12,5365.0,5365.0,5365.0,0.0,5313.08,5179.17,,True,True,,,True,True,,7896233.0,,,,0.64,2.08,1.04,False,1,True,,,,False,,tv_wilder_rsi14_sma5_v1,51.21,49.49,True,False,1.72
3038,3038.T,神戸物産,2021-12,CONTINUE,2,67.76,69.47,True,True,1.71,2021-11,4280.0,4455.0,4455.0,4.09,4149.2,4066.47,,True,True,,,True,,,1549840.0,,,,1.17,3.16,1.34,False,1,False,,,,False,,tv_wilder_rsi14_sma5_v1,69.47,67.76,True,True,1.71
1820,1820.T,西松建設,2021-12,NEW,1,69.51,71.21,False,True,1.7,2021-12,3645.0,3645.0,3645.0,0.0,3526.6,3483.33,,True,True,,,True,True,,288953.0,,,,0.4,2.48,0.91,True,1,True,,,,False,,tv_wilder_rsi14_sma5_v1,71.21,69.51,True,False,1.7
6820,6820.T,アイコム,2021-12,NEW,1,44.71,46.41,True,True,1.7,2021-12,2432.0,2432.0,2432.0,0.0,2378.68,2392.45,,True,True,,,True,False,,9337.0,,,,0.66,1.92,0.92,True,1,True,,,,False,,tv_wilder_rsi14_sma5_v1,46.41,44.71,True,True,1.7
8399,8399.T,琉球銀行,2021-12,NEW,1,38.09,39.78,True,True,1.69,2021-12,763.0,763.0,763.0,0.0,747.8,764.41,,True,False,,,True,False,,71980.0,,,,0.99,1.63,0.97,True,1,True,,,,False,,tv_wilder_rsi14_sma5_v1,39.78,38.09,True,True,1.69
2267,2267.T,ヤクルト本社,2021-12,NEW,1,48.43,50.09,False,True,1.66,2021-12,3000.0,3000.0,3000.0,0.0,2958.4,2903.53,,True,True,,,True,False,,1091847.0,,,,0.61,1.93,1.09,False,1,True,,,,False,,tv_wilder_rsi14_sma5_v1,50.09,48.43,True,False,1.66
6282,6282.T,オイレス工業,2021-12,NEW,1,52.43,54.07,True,True,1.65,2021-12,1689.0,1689.0,1689.0,0.0,1721.92,1701.55,,False,False,,,True,True,,40557.0,,,,1.09,1.87,1.05,False,1,False,,,,False,,tv_wilder_rsi14_sma5_v1,54.07,52.43,True,True,1.65
6809,6809.T,ＴＯＡ,2021-12,NEW,1,42.76,44.4,True,True,1.64,2021-12,808.0,808.0,808.0,0.0,782.88,810.72,,True,False,,,False,False,,34777.0,,,,0.55,2.8,1.23,False,1,False,,,,False,,tv_wilder_rsi14_sma5_v1,44.4,42.76,True,True,1.64
7844,7844.T,マーベラス,2021-12,CONTINUE,3,44.09,45.73,True,True,1.64,2021-10,722.0,731.0,731.0,1.25,711.44,,,True,,,,True,,,142300.0,,,,0.6,1.72,0.96,True,1,True,,,,False,,tv_wilder_rsi14_sma5_v1,45.73,44.09,True,True,1.64
6674,6674.T,ジーエス・ユアサコーポレーション,2021-12,NEW,1,50.27,51.89,False,True,1.62,2021-12,2558.0,2558.0,2558.0,0.0,2447.88,2468.85,,True,True,,,True,False,,575033.0,,,,0.56,2.05,0.95,True,1,True,,,,False,,tv_wilder_rsi14_sma5_v1,51.89,50.27,True,False,1.62
2802,2802.T,味の素,2021-12,CONTINUE,8,74.26,75.85,True,True,1.6,2021-05,1258.0,1748.5,1748.5,38.99,,,,,,,,,,,,,,,,,,,,,,,,False,,tv_wilder_rsi14_sma5_v1,75.85,74.26,True,True,1.6
3106,3106.T,倉敷紡績,2021-12,NEW,1,45.23,46.82,True,True,1.59,2021-12,1957.0,1957.0,1957.0,0.0,1932.16,1941.85,,True,True,,,True,False,,22847.0,,,,0.81,1.97,1.01,False,1,True,,,,False,,tv_wilder_rsi14_sma5_v1,46.82,45.23,True,True,1.59
3245,3245.T,ディア・ライフ,2021-12,CONTINUE,12,55.59,57.18,True,True,1.59,2021-01,436.0,547.0,547.0,25.46,,,,,,,,,,,,,,,,,,,,,,,,False,,tv_wilder_rsi14_sma5_v1,57.18,55.59,True,True,1.59
7988,7988.T,ニフコ,2021-12,NEW,1,52.47,54.06,False,True,1.59,2021-12,3610.0,3610.0,3610.0,0.0,3371.4,3534.8,,True,True,,,False,False,,247617.0,,,,0.69,2.47,0.86,True,1,True,,,,False,,tv_wilder_rsi14_sma5_v1,54.06,52.47,True,False,1.59
2681,2681.T,ゲオホールディングス,2021-12,NEW,1,44.98,46.55,True,True,1.57,2021-12,1239.0,1239.0,1239.0,0.0,1221.84,1220.04,,True,True,,,True,True,,95033.0,,,,0.66,1.71,0.9,True,1,True,,,,False,,tv_wilder_rsi14_sma5_v1,46.55,44.98,True,True,1.57
4189,4189.T,ＫＨネオケム,2021-12,CONTINUE,5,58.05,59.6,True,True,1.55,2021-08,3000.0,3180.0,3180.0,6.0,2783.88,,,True,,,,,,,,,,,,2.99,0.82,True,1,True,,,,False,,tv_wilder_rsi14_sma5_v1,59.6,58.05,True,True,1.55
6645,6645.T,オムロン,2021-12,CONTINUE,7,73.55,75.09,True,True,1.55,2021-06,8810.0,11460.0,11460.0,30.08,,,,,,,,,,,,,,,,,,,,,,,,False,,tv_wilder_rsi14_sma5_v1,75.09,73.55,True,True,1.55
9278,9278.T,ブックオフグループホールディングス,2021-12,NEW,1,58.56,60.11,True,True,1.55,2021-12,1008.0,1008.0,1008.0,0.0,986.6,987.23,,True,True,,,False,True,,14520.0,,,,1.16,0.79,0.85,True,1,True,,,,False,,tv_wilder_rsi14_sma5_v1,60.11,58.56,True,True,1.55
6235,6235.T,オプトラン,2021-12,NEW,1,46.4,47.94,True,True,1.54,2021-12,2376.0,2376.0,2376.0,0.0,2395.52,2332.64,,False,True,,,True,True,,132650.0,,,,0.83,2.56,1.03,False,1,True,,,,False,,tv_wilder_rsi14_sma5_v1,47.94,46.4,True,True,1.54
7438,7438.T,コンドーテック,2021-12,NEW,1,47.1,48.63,True,True,1.53,2021-12,1002.0,1002.0,1002.0,0.0,975.36,987.65,,True,True,,,False,False,,17287.0,,,,1.52,1.9,0.99,True,1,True,,,,False,,tv_wilder_rsi14_sma5_v1,48.63,47.1,True,True,1.53
3480,3480.T,ジェイ・エス・ビー,2021-12,NEW,1,51.41,52.94,False,True,1.52,2021-12,1580.0,1580.0,1580.0,0.0,1463.46,1478.28,,True,True,,,True,False,,110627.0,,,,0.7,4.07,0.97,True,1,True,,,,False,,tv_wilder_rsi14_sma5_v1,52.94,51.41,True,False,1.52
4027,4027.T,テイカ,2021-12,NEW,1,42.05,43.57,True,True,1.52,2021-12,1297.0,1297.0,1297.0,0.0,1252.72,1300.93,,True,False,,,False,False,,20020.0,,,,0.64,2.2,0.97,True,1,True,,,,False,,tv_wilder_rsi14_sma5_v1,43.57,42.05,True,True,1.52
2163,2163.T,アルトナー,2021-12,NEW,1,51.36,52.87,True,True,1.51,2021-12,876.0,876.0,876.0,0.0,839.48,856.59,,True,True,,,False,True,,18453.0,,,,0.72,1.77,0.66,True,1,True,,,,False,,tv_wilder_rsi14_sma5_v1,52.87,51.36,True,True,1.51
2335,2335.T,キューブシステム,2021-12,NEW,1,50.06,51.57,True,True,1.51,2021-12,1045.0,1045.0,1045.0,0.0,956.72,1003.63,,True,True,,,False,False,,33737.0,,,,2.01,2.33,1.15,False,1,True,,,,False,,tv_wilder_rsi14_sma5_v1,51.57,50.06,True,True,1.51
3154,3154.T,メディアスホールディングス,2021-12,NEW,1,51.94,53.44,False,True,1.5,2021-12,947.0,947.0,947.0,0.0,931.68,926.68,,True,True,,,True,True,,17157.0,,,,1.6,1.82,0.98,True,1,True,,,,False,,tv_wilder_rsi14_sma5_v1,53.44,51.94,True,False,1.5
2875,2875.T,東洋水産,2021-12,NEW,1,50.4,51.87,True,True,1.47,2021-12,4875.0,4875.0,4875.0,0.0,4794.6,4857.93,,True,True,,,True,True,,316840.0,,,,0.69,1.95,1.01,False,1,True,,,,False,,tv_wilder_rsi14_sma5_v1,51.87,50.4,True,True,1.47
9795,9795.T,ステップ,2021-12,NEW,1,62.3,63.76,True,True,1.45,2021-12,1912.0,1912.0,1912.0,0.0,1844.24,1868.23,,True,True,,,True,True,,11903.0,,,,0.82,2.34,1.05,False,1,False,,,,False,,tv_wilder_rsi14_sma5_v1,63.76,62.3,True,True,1.45
3186,3186.T,ネクステージ,2021-12,NEW,1,69.95,71.39,False,True,1.44,2021-12,2377.0,2377.0,2377.0,0.0,2355.12,2243.67,,True,True,,,True,True,,382317.0,,,,0.94,3.72,1.04,False,1,True,,,,False,,tv_wilder_rsi14_sma5_v1,71.39,69.95,True,False,1.44
6806,6806.T,ヒロセ電機,2021-12,CONTINUE,5,66.98,68.42,True,True,1.44,2021-08,18330.0,19340.0,19340.0,5.51,17205.6,,,True,,,,,,,,,,,,2.23,1.14,False,1,True,,,,False,,tv_wilder_rsi14_sma5_v1,68.42,66.98,True,True,1.44
7683,7683.T,ダブルエー,2021-12,NEW,1,43.21,44.65,True,True,1.43,2021-12,800.0,800.0,800.0,0.0,772.77,799.57,,True,True,,,False,True,,42693.0,,,,0.34,3.4,0.86,True,1,True,,,,False,,tv_wilder_rsi14_sma5_v1,44.65,43.21,True,True,1.43
9735,9735.T,セコム,2021-12,NEW,1,40.15,41.58,False,True,1.43,2021-12,3993.0,3993.0,3993.0,0.0,3934.18,3992.41,,True,True,,,True,False,,1218107.0,,,,0.52,1.46,0.86,True,1,False,,,,False,,tv_wilder_rsi14_sma5_v1,41.58,40.15,True,False,1.43
5331,5331.T,ノリタケ,2021-12,NEW,1,60.58,62.0,True,True,1.42,2021-12,1255.0,1255.0,1255.0,0.0,1201.15,1208.02,,True,True,,,False,True,,106093.0,,,,0.98,1.99,1.12,False,1,False,,,,False,,tv_wilder_rsi14_sma5_v1,62.0,60.58,True,True,1.42
5451,5451.T,ヨドコウ,2021-12,NEW,1,58.01,59.44,True,True,1.42,2021-12,509.0,509.0,509.0,0.0,488.42,490.95,,True,True,,,True,True,,172850.0,,,,0.52,1.67,0.88,True,1,True,,,,False,,tv_wilder_rsi14_sma5_v1,59.44,58.01,True,True,1.42
8057,8057.T,内田洋行,2021-12,NEW,1,53.08,54.47,True,True,1.39,2021-12,1054.0,1054.0,1054.0,0.0,1011.72,1017.8,,True,True,,,True,False,,137417.0,,,,0.68,1.73,0.78,True,1,True,,,,False,,tv_wilder_rsi14_sma5_v1,54.47,53.08,True,True,1.39
7199,7199.T,プレミアグループ,2021-12,NEW,1,69.48,70.86,False,True,1.38,2021-12,1258.33,1258.33,1258.33,0.0,1214.73,1170.82,,True,True,,,True,True,,161360.0,,,,0.71,3.55,0.84,True,1,False,,,,False,,tv_wilder_rsi14_sma5_v1,70.86,69.48,True,False,1.38
6390,6390.T,加藤製作所,2021-12,NEW,1,30.96,32.33,False,True,1.37,2021-12,829.0,829.0,829.0,0.0,808.2,840.47,,True,False,,,False,False,,64403.0,,,,1.01,2.32,0.96,True,1,False,,,,False,,tv_wilder_rsi14_sma5_v1,32.33,30.96,True,False,1.37
7630,7630.T,壱番屋,2021-12,NEW,1,45.79,47.17,False,True,1.37,2021-12,929.0,929.0,929.0,0.0,909.84,918.53,,True,True,,,False,False,,104283.0,,,,1.18,1.3,1.09,False,1,True,,,,False,,tv_wilder_rsi14_sma5_v1,47.17,45.79,True,False,1.37
8334,8334.T,群馬銀行,2021-12,NEW,1,44.73,46.1,True,True,1.37,2021-12,352.0,352.0,352.0,0.0,343.04,353.87,,True,False,,,False,False,,1556963.0,,,,0.69,1.62,0.98,True,1,True,,,,False,,tv_wilder_rsi14_sma5_v1,46.1,44.73,True,True,1.37
8174,8174.T,日本瓦斯,2021-12,NEW,1,48.33,49.68,False,True,1.35,2021-12,1525.0,1525.0,1525.0,0.0,1514.32,1501.35,,True,True,,,True,False,,511007.0,,,,0.49,2.52,0.73,True,1,True,,,,False,,tv_wilder_rsi14_sma5_v1,49.68,48.33,True,False,1.35
8877,8877.T,エスリード,2021-12,NEW,1,53.0,54.34,True,True,1.34,2021-12,1685.0,1685.0,1685.0,0.0,1649.4,1663.28,,True,True,,,False,True,,12430.0,,,,0.97,1.07,0.8,True,1,True,,,,False,,tv_wilder_rsi14_sma5_v1,54.34,53.0,True,True,1.34
2433,2433.T,博報堂ＤＹホールディングス,2021-12,NEW,1,57.47,58.79,True,True,1.33,2021-12,1916.0,1916.0,1916.0,0.0,1851.8,1868.03,,True,True,,,True,True,,649660.0,,,,0.72,2.2,0.82,True,1,True,,,,False,,tv_wilder_rsi14_sma5_v1,58.79,57.47,True,True,1.33
8524,8524.T,北洋銀行,2021-12,NEW,1,48.95,50.27,True,True,1.33,2021-12,250.0,250.0,250.0,0.0,244.76,246.16,,True,True,,,True,False,,573440.0,,,,0.64,2.0,1.03,False,1,True,,,,False,,tv_wilder_rsi14_sma5_v1,50.27,48.95,True,True,1.33
6050,6050.T,イー・ガーディアン,2021-12,CONTINUE,5,60.04,61.36,True,False,1.32,2021-08,3310.0,3420.0,3420.0,3.32,3001.04,,,True,,,,,,,,,,,,3.22,0.77,True,1,True,,,,False,,tv_wilder_rsi14_sma5_v1,61.36,60.04,False,True,1.32
2730,2730.T,エディオン,2021-12,NEW,1,48.8,50.09,False,True,1.29,2021-12,1073.0,1073.0,1073.0,0.0,1043.04,1061.47,,True,True,,,False,False,,407903.0,,,,0.59,1.05,0.81,True,1,True,,,,False,,tv_wilder_rsi14_sma5_v1,50.09,48.8,True,False,1.29
7245,7245.T,大同メタル工業,2021-12,NEW,1,47.82,49.11,True,True,1.29,2021-12,606.0,606.0,606.0,0.0,589.88,604.87,,True,True,,,False,True,,58157.0,,,,0.77,1.54,0.92,True,1,False,,,,False,,tv_wilder_rsi14_sma5_v1,49.11,47.82,True,True,1.29
9319,9319.T,中央倉庫,2021-12,NEW,1,43.05,44.32,True,True,1.27,2021-12,981.0,981.0,981.0,0.0,962.24,980.31,,True,True,,,False,False,,7983.0,,,,1.01,0.83,0.84,True,1,True,,,,False,,tv_wilder_rsi14_sma5_v1,44.32,43.05,True,True,1.27
2908,2908.T,フジッコ,2021-12,NEW,1,41.67,42.92,True,True,1.25,2021-12,1881.0,1881.0,1881.0,0.0,1856.28,1898.89,,True,False,,,False,False,,88507.0,,,,1.01,1.36,0.81,True,1,True,,,,False,,tv_wilder_rsi14_sma5_v1,42.92,41.67,True,True,1.25
4204,4204.T,積水化学工業,2021-12,NEW,1,53.43,54.68,True,True,1.25,2021-12,1922.0,1922.0,1922.0,0.0,1923.56,1911.56,,False,True,,,True,True,,854110.0,,,,0.59,1.69,0.95,True,1,True,,,,False,,tv_wilder_rsi14_sma5_v1,54.68,53.43,True,True,1.25
7581,7581.T,サイゼリヤ,2021-12,CONTINUE,4,60.96,62.21,True,True,1.25,2021-09,2916.0,3005.0,3005.0,3.05,2696.44,,,True,,,,True,,,311303.0,,,,0.81,2.54,1.06,False,1,True,,,,False,,tv_wilder_rsi14_sma5_v1,62.21,60.96,True,True,1.25
6135,6135.T,牧野フライス製作所,2021-12,NEW,1,49.11,50.34,True,True,1.24,2021-12,4110.0,4110.0,4110.0,0.0,3836.4,4028.87,,True,True,,,False,False,,103460.0,,,,0.79,2.33,1.0,False,1,True,,,,False,,tv_wilder_rsi14_sma5_v1,50.34,49.11,True,True,1.24
3482,3482.T,ロードスターキャピタル,2021-12,NEW,1,52.45,53.67,True,True,1.22,2021-12,1006.0,1006.0,1006.0,0.0,932.88,958.79,,True,True,,,False,False,,163580.0,,,,1.79,3.42,1.12,False,1,True,,,,False,,tv_wilder_rsi14_sma5_v1,53.67,52.45,True,True,1.22
6472,6472.T,ＮＴＮ,2021-12,NEW,1,42.9,44.12,False,True,1.22,2021-12,240.0,240.0,240.0,0.0,228.24,241.88,,True,False,,,False,False,,4687017.0,,,,0.79,2.41,0.98,True,1,True,,,,False,,tv_wilder_rsi14_sma5_v1,44.12,42.9,True,False,1.22
8051,8051.T,山善,2021-12,NEW,1,52.73,53.95,True,True,1.22,2021-12,1076.0,1076.0,1076.0,0.0,1026.04,1054.79,,True,True,,,False,False,,116650.0,,,,0.86,1.85,0.96,True,1,True,,,,False,,tv_wilder_rsi14_sma5_v1,53.95,52.73,True,True,1.22
4318,4318.T,クイック,2021-12,CONTINUE,5,54.84,56.03,True,True,1.2,2021-08,458.33,483.67,483.67,5.53,427.4,,,True,,,,,,,,,,,,1.97,1.04,False,1,True,,,,False,,tv_wilder_rsi14_sma5_v1,56.03,54.84,True,True,1.2
4967,4967.T,小林製薬,2021-12,CONTINUE,3,46.2,47.4,True,True,1.2,2021-10,9110.0,9040.0,9040.0,-0.77,8710.4,,,True,,,,False,,,125897.0,,,,1.03,2.02,1.09,False,1,True,,,,False,,tv_wilder_rsi14_sma5_v1,47.4,46.2,True,True,1.2
4362,4362.T,日本精化,2021-12,NEW,1,72.15,73.34,True,True,1.19,2021-12,2388.0,2388.0,2388.0,0.0,2194.52,2194.01,,True,True,,,True,True,,28193.0,,,,0.69,3.42,1.11,False,1,True,,,,False,,tv_wilder_rsi14_sma5_v1,73.34,72.15,True,True,1.19
9699,9699.T,ニシオホールディングス,2021-12,NEW,1,51.07,52.24,False,True,1.18,2021-12,2872.0,2872.0,2872.0,0.0,2685.52,2798.03,,True,True,,,False,False,,41397.0,,,,1.19,1.87,0.94,True,1,True,,,,False,,tv_wilder_rsi14_sma5_v1,52.24,51.07,True,False,1.18
6277,6277.T,ホソカワミクロン,2021-12,NEW,1,56.97,58.1,True,True,1.13,2021-12,3410.0,3410.0,3410.0,0.0,3137.12,3224.63,,True,True,,,True,False,,35353.0,,,,0.69,2.15,0.99,True,1,True,,,,False,,tv_wilder_rsi14_sma5_v1,58.1,56.97,True,True,1.13
9503,9503.T,関西電力,2021-12,NEW,1,45.45,46.57,True,True,1.13,2021-12,1074.0,1074.0,1074.0,0.0,1058.92,1072.79,,True,True,,,True,False,,2010740.0,,,,0.67,1.2,0.97,True,1,True,,,,False,,tv_wilder_rsi14_sma5_v1,46.57,45.45,True,True,1.13
9850,9850.T,グルメ杵屋,2021-12,NEW,1,48.33,49.45,True,True,1.12,2021-12,1006.0,1006.0,1006.0,0.0,999.6,1000.23,,True,True,,,True,True,,21823.0,,,,1.26,1.49,0.96,True,1,False,,,,False,,tv_wilder_rsi14_sma5_v1,49.45,48.33,True,True,1.12
6118,6118.T,アイダエンジニアリング,2021-12,NEW,1,56.37,57.47,True,True,1.11,2021-12,1069.0,1069.0,1069.0,0.0,983.24,1017.12,,True,True,,,False,False,,131660.0,,,,1.24,2.57,1.07,False,1,True,,,,False,,tv_wilder_rsi14_sma5_v1,57.47,56.37,True,True,1.11
8367,8367.T,南都銀行,2021-12,NEW,1,44.4,45.51,True,True,1.11,2021-12,388.2,388.2,388.2,0.0,376.2,389.64,,True,False,,,False,False,,239650.0,,,,0.73,1.5,1.02,False,1,True,,,,False,,tv_wilder_rsi14_sma5_v1,45.51,44.4,True,True,1.11
9744,9744.T,メイテックグループホールディングス,2021-12,CONTINUE,3,62.56,63.65,True,True,1.09,2021-10,2273.33,2256.67,2256.67,-0.73,2133.2,,,True,,,,False,,,159700.0,,,,1.45,2.47,1.13,False,1,True,,,,False,,tv_wilder_rsi14_sma5_v1,63.65,62.56,True,True,1.09
3382,3382.T,セブン＆アイ  ･ホールディングス,2021-12,NEW,1,59.59,60.66,False,True,1.08,2021-12,1685.33,1685.33,1685.33,0.0,1632.55,1641.87,,True,True,,,True,True,,5398670.0,,,,0.6,1.79,1.01,False,1,True,,,,False,,tv_wilder_rsi14_sma5_v1,60.66,59.59,True,False,1.08
1934,1934.T,ユアテック,2021-12,NEW,1,45.35,46.41,False,True,1.06,2021-12,672.0,672.0,672.0,0.0,641.84,677.79,,True,False,,,False,False,,80070.0,,,,0.7,1.76,0.96,True,1,True,,,,False,,tv_wilder_rsi14_sma5_v1,46.41,45.35,True,False,1.06
9003,9003.T,相鉄ホールディングス,2021-12,NEW,1,36.87,37.93,True,True,1.06,2021-12,2106.0,2106.0,2106.0,0.0,2047.0,2131.57,,True,False,,,False,False,,162240.0,,,,0.71,1.57,0.84,True,1,False,,,,False,,tv_wilder_rsi14_sma5_v1,37.93,36.87,True,True,1.06
3199,3199.T,綿半ホールディングス,2021-12,NEW,1,51.6,52.63,True,True,1.03,2021-12,1265.0,1265.0,1265.0,0.0,1257.76,1252.28,,True,True,,,True,True,,18390.0,,,,1.32,1.44,1.01,False,1,True,,,,False,,tv_wilder_rsi14_sma5_v1,52.63,51.6,True,True,1.03
417A,417A.T,ブルーゾーンホールディングス,2021-12,NEW,1,53.51,54.54,True,True,1.03,2021-12,1398.0,1398.0,1398.0,0.0,1377.44,1373.12,,True,True,,,True,False,,219783.0,,,,0.6,1.71,0.85,True,1,True,,,,False,,tv_wilder_rsi14_sma5_v1,54.54,53.51,True,True,1.03
4568,4568.T,第一三共,2021-12,CONTINUE,5,53.26,54.28,True,True,1.02,2021-08,2614.5,2925.0,2925.0,11.88,2317.18,,,True,,,,,,,,,,,,3.6,1.05,False,1,True,,,,False,,tv_wilder_rsi14_sma5_v1,54.28,53.26,True,True,1.02
7033,7033.T,マネジメントソリューションズ,2021-12,NEW,1,74.86,75.88,True,True,1.02,2021-12,3585.0,3585.0,3585.0,0.0,3143.52,3341.97,,True,True,,,False,True,,152673.0,,,,0.98,5.18,0.96,True,1,True,,,,False,,tv_wilder_rsi14_sma5_v1,75.88,74.86,True,True,1.02
6113,6113.T,アマダ,2021-12,NEW,1,50.56,51.57,True,True,1.01,2021-12,1139.0,1139.0,1139.0,0.0,1122.24,1149.37,,True,False,,,False,False,,1195270.0,,,,0.7,2.28,1.1,False,1,False,,,,False,,tv_wilder_rsi14_sma5_v1,51.57,50.56,True,True,1.01
8074,8074.T,ＹＵＡＳＡ,2021-12,NEW,1,46.35,47.36,False,True,1.01,2021-12,2979.0,2979.0,2979.0,0.0,2903.72,2983.67,,True,False,,,False,False,,37950.0,,,,0.68,1.52,0.95,True,1,True,,,,False,,tv_wilder_rsi14_sma5_v1,47.36,46.35,True,False,1.01
4684,4684.T,オービック,2021-12,CONTINUE,2,61.72,62.72,True,True,1.0,2021-11,4198.0,4320.0,4320.0,2.91,4205.84,4290.0,,False,False,,,False,,,693317.0,,,,1.53,2.29,1.06,False,1,False,,,,False,,tv_wilder_rsi14_sma5_v1,62.72,61.72,True,True,1.0
6723,6723.T,ルネサスエレクトロニクス,2021-12,CONTINUE,4,68.27,69.27,True,False,1.0,2021-09,1396.0,1423.0,1423.0,1.93,1322.48,,,True,,,,True,,,12828807.0,,,,1.21,4.43,1.1,False,1,True,,,,False,,tv_wilder_rsi14_sma5_v1,69.27,68.27,False,True,1.0
7327,7327.T,第四北越フィナンシャルグループ,2021-12,NEW,1,46.42,47.43,True,True,1.0,2021-12,423.33,423.33,423.33,0.0,408.65,423.21,,True,True,,,False,False,,496480.0,,,,0.55,1.71,0.97,True,1,True,,,,False,,tv_wilder_rsi14_sma5_v1,47.43,46.42,True,True,1.0
7552,7552.T,ハピネット,2021-12,NEW,1,53.56,54.56,True,True,1.0,2021-12,750.5,750.5,750.5,0.0,743.82,749.28,,True,True,,,False,True,,62320.0,,,,0.74,1.2,0.9,True,1,True,,,,False,,tv_wilder_rsi14_sma5_v1,54.56,53.56,True,True,1.0
9946,9946.T,ミニストップ,2021-12,NEW,1,43.27,44.27,True,True,1.0,2021-12,1405.0,1405.0,1405.0,0.0,1395.2,1415.29,,True,False,,,False,False,,34797.0,,,,0.95,1.07,0.89,True,1,True,,,,False,,tv_wilder_rsi14_sma5_v1,44.27,43.27,True,True,1.0
6740,6740.T,ジャパンディスプレイ,2021-12,CONTINUE,2,32.88,33.86,True,False,0.98,2021-11,37.0,36.0,36.0,-2.7,36.56,36.29,,True,True,,,True,,,14860750.0,,,,1.26,4.25,1.0,False,1,True,,,,False,,tv_wilder_rsi14_sma5_v1,33.86,32.88,False,True,0.98
1762,1762.T,髙松コンストラクショングループ,2021-12,NEW,1,39.96,40.93,True,True,0.97,2021-12,1971.0,1971.0,1971.0,0.0,1944.56,1985.93,,True,False,,,True,False,,45960.0,,,,0.74,1.11,1.0,True,1,True,,,,False,,tv_wilder_rsi14_sma5_v1,40.93,39.96,True,True,0.97
3284,3284.T,フージャースホールディングス,2021-12,NEW,1,49.5,50.47,False,True,0.97,2021-12,679.0,679.0,679.0,0.0,652.68,674.07,,True,True,,,False,False,,64627.0,,,,0.98,2.0,1.01,False,1,True,,,,False,,tv_wilder_rsi14_sma5_v1,50.47,49.5,True,False,0.97
2753,2753.T,あみやき亭,2021-12,NEW,1,44.6,45.55,True,True,0.96,2021-12,982.67,982.67,982.67,0.0,971.32,989.56,,True,False,,,False,True,,27450.0,,,,1.9,1.0,0.77,True,1,True,,,,False,,tv_wilder_rsi14_sma5_v1,45.55,44.6,True,True,0.96
8113,8113.T,ユニ・チャーム,2021-12,CONTINUE,2,59.45,60.41,True,True,0.96,2021-11,1629.33,1666.33,1666.33,2.27,1559.79,1590.02,,True,True,,,True,,,3746860.0,,,,1.13,1.81,0.85,True,1,True,,,,False,,tv_wilder_rsi14_sma5_v1,60.41,59.45,True,True,0.96
9887,9887.T,松屋フーズホールディングス,2021-12,NEW,1,49.02,49.97,False,True,0.95,2021-12,3620.0,3620.0,3620.0,0.0,3556.4,3621.53,,True,False,,,False,False,,15390.0,,,,0.88,1.06,0.85,True,1,True,,,,False,,tv_wilder_rsi14_sma5_v1,49.97,49.02,True,False,0.95
6430,6430.T,ダイコク電機,2021-12,CONTINUE,5,51.88,52.82,True,True,0.94,2021-08,1065.0,1210.0,1210.0,13.62,913.44,,,True,,,,,,,,,,,,2.03,1.38,False,1,True,,,,False,,tv_wilder_rsi14_sma5_v1,52.82,51.88,True,True,0.94
1801,1801.T,大成建設,2021-12,NEW,1,43.8,44.73,False,True,0.93,2021-12,3495.0,3495.0,3495.0,0.0,3471.2,3581.47,,True,False,,,False,False,,702727.0,,,,0.52,1.53,0.96,True,1,True,,,,False,,tv_wilder_rsi14_sma5_v1,44.73,43.8,True,False,0.93
3153,3153.T,八洲電機,2021-12,NEW,1,53.93,54.87,True,True,0.93,2021-12,982.0,982.0,982.0,0.0,943.48,965.15,,True,True,,,True,False,,14960.0,,,,0.8,1.35,0.97,True,1,True,,,,False,,tv_wilder_rsi14_sma5_v1,54.87,53.93,True,True,0.93
2801,2801.T,キッコーマン,2021-12,NEW,1,68.61,69.53,True,True,0.92,2021-12,1934.0,1934.0,1934.0,0.0,1817.92,1837.89,,True,True,,,False,True,,2223150.0,,,,0.91,2.56,1.0,False,1,True,,,,False,,tv_wilder_rsi14_sma5_v1,69.53,68.61,True,True,0.92
3132,3132.T,マクニカホールディングス,2021-12,NEW,1,64.26,65.18,False,True,0.92,2021-12,917.33,917.33,917.33,0.0,884.68,886.25,,True,True,,,False,True,,436500.0,,,,0.85,2.18,1.05,False,1,True,,,,False,,tv_wilder_rsi14_sma5_v1,65.18,64.26,True,False,0.92
4088,4088.T,エア・ウォーター,2021-12,NEW,1,51.16,52.07,True,True,0.92,2021-12,1776.0,1776.0,1776.0,0.0,1767.92,1768.47,,True,True,,,True,False,,497723.0,,,,0.57,1.7,0.92,True,1,True,,,,False,,tv_wilder_rsi14_sma5_v1,52.07,51.16,True,True,0.92
7172,7172.T,ジャパンインベストメントアドバイザー,2021-12,NEW,1,44.39,45.3,False,True,0.91,2021-12,806.88,806.88,806.88,0.0,766.32,790.92,,True,True,,,True,False,,269879.0,,,,0.65,2.44,0.98,True,1,True,,,,False,,tv_wilder_rsi14_sma5_v1,45.3,44.39,True,False,0.91
8252,8252.T,丸井グループ,2021-12,CONTINUE,4,52.54,53.43,True,True,0.9,2021-09,2172.0,2165.0,2165.0,-0.32,2074.28,,,True,,,,True,,,1158087.0,,,,1.29,2.63,1.12,False,1,True,,,,False,,tv_wilder_rsi14_sma5_v1,53.43,52.54,True,True,0.9
8084,8084.T,ＲＹＯＤＥＮ,2021-12,NEW,1,60.23,61.12,True,True,0.89,2021-12,1826.0,1826.0,1826.0,0.0,1760.48,1765.21,,True,True,,,True,False,,19150.0,,,,0.92,1.35,0.92,True,1,True,,,,False,,tv_wilder_rsi14_sma5_v1,61.12,60.23,True,True,0.89
8364,8364.T,清水銀行,2021-12,NEW,1,43.76,44.62,True,True,0.87,2021-12,1592.0,1592.0,1592.0,0.0,1560.96,1587.35,,True,True,,,True,False,,10430.0,,,,0.88,1.84,1.19,False,1,True,,,,False,,tv_wilder_rsi14_sma5_v1,44.62,43.76,True,True,0.87
6140,6140.T,旭ダイヤモンド工業,2021-12,CONTINUE,12,55.45,56.26,True,True,0.81,2021-01,455.0,653.0,653.0,43.52,,,,,,,,,,,,,,,,,,,,,,,,False,,tv_wilder_rsi14_sma5_v1,56.26,55.45,True,True,0.81
5713,5713.T,住友金属鉱山,2021-12,NEW,1,54.17,54.97,False,True,0.8,2021-12,4350.0,4350.0,4350.0,0.0,4375.16,4346.44,,False,True,,,False,True,,1209660.0,,,,0.62,1.71,1.07,False,1,False,,,,False,,tv_wilder_rsi14_sma5_v1,54.97,54.17,True,False,0.8
9435,9435.T,光通信,2021-12,NEW,1,39.95,40.75,False,True,0.8,2021-12,17710.0,17710.0,17710.0,0.0,17694.0,18202.8,,True,False,,,False,False,,74413.0,,,,0.53,1.85,0.85,True,1,True,,,,False,,tv_wilder_rsi14_sma5_v1,40.75,39.95,True,False,0.8
3167,3167.T,ＴＯＫＡＩホールディングス,2021-12,NEW,1,42.6,43.39,False,True,0.79,2021-12,869.0,869.0,869.0,0.0,852.76,876.81,,True,False,,,False,False,,213880.0,,,,0.73,1.13,1.0,False,1,False,,,,False,,tv_wilder_rsi14_sma5_v1,43.39,42.6,True,False,0.79
3774,3774.T,インターネットイニシアティブ,2021-12,CONTINUE,10,83.32,84.11,True,False,0.79,2021-03,1299.0,2375.0,2375.0,82.83,,,,,,,,,,,,,,,,,,,,,,,,False,,tv_wilder_rsi14_sma5_v1,84.11,83.32,False,True,0.79
7595,7595.T,アルゴグラフィックス,2021-12,NEW,1,52.39,53.17,False,True,0.79,2021-12,806.25,806.25,806.25,0.0,769.89,791.37,,True,True,,,True,False,,96960.0,,,,0.83,2.5,0.98,True,1,True,,,,False,,tv_wilder_rsi14_sma5_v1,53.17,52.39,True,False,0.79
9412,9412.T,スカパーＪＳＡＴ,2021-12,NEW,1,45.69,46.48,True,True,0.79,2021-12,420.0,420.0,420.0,0.0,418.56,429.4,,True,False,,,False,True,,682840.0,,,,0.45,1.34,0.97,True,1,True,,,,False,,tv_wilder_rsi14_sma5_v1,46.48,45.69,True,True,0.79
3105,3105.T,日清紡ホールディングス,2021-12,NEW,1,49.7,50.46,False,True,0.76,2021-12,875.0,875.0,875.0,0.0,868.04,869.11,,True,True,,,False,False,,1058907.0,,,,1.08,1.8,1.02,False,1,True,,,,False,,tv_wilder_rsi14_sma5_v1,50.46,49.7,True,False,0.76
3968,3968.T,セグエグループ,2021-12,NEW,1,40.57,41.33,False,True,0.75,2021-12,259.67,259.67,259.67,0.0,255.12,260.57,,True,False,,,False,False,,164670.0,,,,0.87,2.93,1.14,False,1,False,,,,False,,tv_wilder_rsi14_sma5_v1,41.33,40.57,True,False,0.75
6332,6332.T,月島ホールディングス,2021-12,NEW,1,43.07,43.82,True,True,0.75,2021-12,1134.0,1134.0,1134.0,0.0,1120.48,1151.07,,True,False,,,False,False,,44663.0,,,,0.86,2.23,0.96,True,1,True,,,,False,,tv_wilder_rsi14_sma5_v1,43.82,43.07,True,True,0.75
6706,6706.T,電気興業,2021-12,CONTINUE,4,46.6,47.35,True,False,0.74,2021-09,2548.0,2506.0,2506.0,-1.65,2395.32,,,True,,,,True,,,43277.0,,,,0.98,2.55,1.4,False,1,True,,,,False,,tv_wilder_rsi14_sma5_v1,47.35,46.6,False,True,0.74
7949,7949.T,小松ウオール工業,2021-12,NEW,1,49.99,50.73,False,True,0.74,2021-12,966.0,966.0,966.0,0.0,954.5,965.37,,True,True,,,False,False,,15320.0,,,,0.43,1.33,0.93,True,1,True,,,,False,,tv_wilder_rsi14_sma5_v1,50.73,49.99,True,False,0.74
9513,9513.T,電源開発,2021-12,NEW,1,38.14,38.87,False,True,0.73,2021-12,1527.0,1527.0,1527.0,0.0,1507.8,1541.92,,True,False,,,True,False,,902797.0,,,,0.69,1.35,0.95,True,1,True,,,,False,,tv_wilder_rsi14_sma5_v1,38.87,38.14,True,False,0.73
6923,6923.T,スタンレー電気,2021-12,CONTINUE,2,46.33,47.05,True,False,0.72,2021-11,2952.0,2879.0,2879.0,-2.47,3080.4,2907.64,,False,True,,,True,,,811867.0,,,,1.08,3.52,0.99,True,1,False,,,,False,,tv_wilder_rsi14_sma5_v1,47.05,46.33,False,True,0.72
5902,5902.T,ホッカンホールディングス,2021-12,NEW,1,45.03,45.74,True,True,0.71,2021-12,1452.0,1452.0,1452.0,0.0,1433.84,1462.84,,True,False,,,False,False,,13270.0,,,,1.07,1.18,0.95,True,1,True,,,,False,,tv_wilder_rsi14_sma5_v1,45.74,45.03,True,True,0.71
7731,7731.T,ニコン,2021-12,NEW,1,53.6,54.31,True,True,0.71,2021-12,1240.0,1240.0,1240.0,0.0,1203.0,1233.4,,True,True,,,True,True,,2063750.0,,,,0.64,2.13,0.99,True,1,True,,,,False,,tv_wilder_rsi14_sma5_v1,54.31,53.6,True,True,0.71
3984,3984.T,ユーザーローカル,2021-12,NEW,1,46.47,47.16,True,True,0.7,2021-12,1820.0,1820.0,1820.0,0.0,1656.6,1814.39,,True,True,,,False,False,,58777.0,,,,1.36,3.5,1.07,False,1,True,,,,False,,tv_wilder_rsi14_sma5_v1,47.16,46.47,True,True,0.7
6278,6278.T,ユニオンツール,2021-12,NEW,1,61.18,61.88,False,True,0.7,2021-12,3980.0,3980.0,3980.0,0.0,3880.6,3871.13,,True,True,,,True,False,,24280.0,,,,1.01,2.09,1.02,False,1,True,,,,False,,tv_wilder_rsi14_sma5_v1,61.88,61.18,True,False,0.7
4323,4323.T,日本システム技術,2021-12,CONTINUE,6,66.9,67.59,True,False,0.69,2021-07,452.5,638.75,638.75,41.16,,,,,,,,,,,,,,,,,,,1,True,,,,False,,tv_wilder_rsi14_sma5_v1,67.59,66.9,False,True,0.69
8395,8395.T,佐賀銀行,2021-12,NEW,1,48.08,48.75,True,True,0.67,2021-12,1449.0,1449.0,1449.0,0.0,1429.12,1446.48,,True,True,,,True,False,,23747.0,,,,0.58,1.34,0.97,True,1,True,,,,False,,tv_wilder_rsi14_sma5_v1,48.75,48.08,True,True,0.67
8881,8881.T,日神グループホールディングス,2021-12,NEW,1,54.79,55.44,True,True,0.66,2021-12,507.0,507.0,507.0,0.0,483.32,498.92,,True,True,,,False,False,,52337.0,,,,0.98,1.54,0.81,True,1,True,,,,False,,tv_wilder_rsi14_sma5_v1,55.44,54.79,True,True,0.66
4732,4732.T,ユー・エス・エス,2021-12,NEW,1,45.1,45.75,False,True,0.65,2021-12,898.0,898.0,898.0,0.0,890.4,914.17,,True,False,,,False,False,,1540827.0,,,,0.61,1.66,0.97,True,1,True,,,,False,,tv_wilder_rsi14_sma5_v1,45.75,45.1,True,False,0.65
2471,2471.T,エスプール,2021-12,CONTINUE,4,64.51,65.14,True,False,0.64,2021-09,1047.0,1217.0,1217.0,16.24,1015.76,,,True,,,,True,,,340940.0,,,,0.89,2.99,1.07,False,1,True,,,,False,,tv_wilder_rsi14_sma5_v1,65.14,64.51,False,True,0.64
4668,4668.T,明光ネットワークジャパン,2021-12,NEW,1,39.04,39.68,True,True,0.64,2021-12,569.0,569.0,569.0,0.0,558.28,584.43,,True,False,,,False,False,,66340.0,,,,0.66,1.29,0.96,True,1,True,,,,False,,tv_wilder_rsi14_sma5_v1,39.68,39.04,True,True,0.64
8133,8133.T,伊藤忠エネクス,2021-12,NEW,1,52.14,52.78,False,True,0.64,2021-12,997.0,997.0,997.0,0.0,978.52,1004.57,,True,False,,,False,False,,124293.0,,,,0.95,1.2,0.93,True,1,True,,,,False,,tv_wilder_rsi14_sma5_v1,52.78,52.14,True,False,0.64
1938,1938.T,日本リーテック,2021-12,NEW,1,42.67,43.3,False,True,0.63,2021-12,1554.0,1554.0,1554.0,0.0,1523.08,1560.11,,True,False,,,True,False,,14200.0,,,,0.63,4.32,0.91,True,1,True,,,,False,,tv_wilder_rsi14_sma5_v1,43.3,42.67,True,False,0.63
4099,4099.T,四国化成ホールディングス,2021-12,NEW,1,60.34,60.97,True,True,0.63,2021-12,705.5,705.5,705.5,0.0,695.6,700.23,,True,True,,,False,True,,88227.0,,,,0.72,2.2,0.99,True,1,True,,,,False,,tv_wilder_rsi14_sma5_v1,60.97,60.34,True,True,0.63
8795,8795.T,Ｔ＆Ｄホールディングス,2021-12,NEW,1,55.05,55.68,True,True,0.63,2021-12,1472.0,1472.0,1472.0,0.0,1431.68,1479.56,,True,False,,,True,True,,3263290.0,,,,0.42,2.03,0.92,True,1,True,,,,False,,tv_wilder_rsi14_sma5_v1,55.68,55.05,True,True,0.63
5714,5714.T,ＤＯＷＡホールディングス,2021-12,NEW,1,58.95,59.58,True,True,0.62,2021-12,4835.0,4835.0,4835.0,0.0,4534.4,4614.33,,True,True,,,False,False,,268353.0,,,,0.57,2.05,1.03,False,1,True,,,,False,,tv_wilder_rsi14_sma5_v1,59.58,58.95,True,True,0.62
7167,7167.T,めぶきフィナンシャルグループ,2021-12,NEW,1,45.91,46.53,True,True,0.62,2021-12,237.0,237.0,237.0,0.0,232.72,239.2,,True,False,,,False,False,,5401577.0,,,,0.58,1.69,0.94,True,1,True,,,,False,,tv_wilder_rsi14_sma5_v1,46.53,45.91,True,True,0.62
6473,6473.T,ジェイテクト,2021-12,NEW,1,46.81,47.42,False,True,0.61,2021-12,1005.0,1005.0,1005.0,0.0,1027.08,1019.21,,False,False,,,False,True,,1203633.0,,,,0.71,2.37,0.92,True,1,False,,,,False,,tv_wilder_rsi14_sma5_v1,47.42,46.81,True,False,0.61
7520,7520.T,エコス,2021-12,NEW,1,50.83,51.44,True,True,0.61,2021-12,1905.0,1905.0,1905.0,0.0,1849.44,1893.75,,True,True,,,False,False,,12763.0,,,,0.98,1.47,0.79,True,1,True,,,,False,,tv_wilder_rsi14_sma5_v1,51.44,50.83,True,True,0.61
7071,7071.T,アンビスホールディングス,2021-12,CONTINUE,5,81.02,81.6,True,False,0.59,2021-08,1960.0,2645.0,2645.0,34.95,1605.1,,,True,,,,,,,,,,,,4.07,1.17,False,1,True,,,,False,,tv_wilder_rsi14_sma5_v1,81.6,81.02,False,True,0.59
9628,9628.T,燦ホールディングス,2021-12,NEW,1,61.15,61.74,True,True,0.59,2021-12,761.5,761.5,761.5,0.0,749.24,742.06,,True,True,,,True,True,,37607.0,,,,0.69,2.41,0.91,True,1,True,,,,False,,tv_wilder_rsi14_sma5_v1,61.74,61.15,True,True,0.59
2742,2742.T,ハローズ,2021-12,NEW,1,47.91,48.49,True,True,0.58,2021-12,2827.0,2827.0,2827.0,0.0,2723.6,2801.09,,True,True,,,False,False,,20707.0,,,,1.67,1.75,1.07,False,1,True,,,,False,,tv_wilder_rsi14_sma5_v1,48.49,47.91,True,True,0.58
6454,6454.T,マックス,2021-12,NEW,1,59.68,60.26,False,True,0.58,2021-12,480.0,480.0,480.0,0.0,462.38,464.28,,True,True,,,True,False,,145520.0,,,,0.88,1.67,1.02,False,1,True,,,,False,,tv_wilder_rsi14_sma5_v1,60.26,59.68,True,False,0.58
3657,3657.T,ﾎﾟｰﾙﾄｩｳｨﾝﾎｰﾙﾃﾞｨﾝｸﾞｽ,2021-12,NEW,1,49.51,50.06,True,True,0.55,2021-12,1036.0,1036.0,1036.0,0.0,969.28,1007.65,,True,True,,,False,False,,117750.0,,,,0.73,1.85,0.97,True,1,True,,,,False,,tv_wilder_rsi14_sma5_v1,50.06,49.51,True,True,0.55
4801,4801.T,セントラルスポーツ,2021-12,NEW,1,46.34,46.89,True,True,0.55,2021-12,2450.0,2450.0,2450.0,0.0,2409.92,2477.35,,True,False,,,False,True,,12717.0,,,,0.84,1.68,0.85,True,1,False,,,,False,,tv_wilder_rsi14_sma5_v1,46.89,46.34,True,True,0.55
5932,5932.T,三協立山,2021-12,NEW,1,38.12,38.67,False,True,0.55,2021-12,724.0,724.0,724.0,0.0,713.92,746.59,,True,False,,,False,False,,48317.0,,,,0.75,1.68,0.85,True,1,False,,,,False,,tv_wilder_rsi14_sma5_v1,38.67,38.12,True,False,0.55
9619,9619.T,イチネンホールディングス,2021-12,NEW,1,53.0,53.55,True,True,0.55,2021-12,1337.0,1337.0,1337.0,0.0,1334.24,1345.79,,True,False,,,False,True,,33930.0,,,,0.77,1.62,0.83,True,1,False,,,,False,,tv_wilder_rsi14_sma5_v1,53.55,53.0,True,True,0.55
6588,6588.T,東芝テック,2021-12,NEW,1,59.73,60.27,True,True,0.54,2021-12,4705.0,4705.0,4705.0,0.0,4531.6,4619.0,,True,True,,,False,False,,34757.0,,,,0.88,2.0,0.86,True,1,True,,,,False,,tv_wilder_rsi14_sma5_v1,60.27,59.73,True,True,0.54
5970,5970.T,ジーテクト,2021-12,NEW,1,48.93,49.47,False,True,0.53,2021-12,1429.0,1429.0,1429.0,0.0,1402.96,1431.59,,True,False,,,True,False,,31957.0,,,,0.82,1.78,0.97,True,1,True,,,,False,,tv_wilder_rsi14_sma5_v1,49.47,48.93,True,False,0.53
7867,7867.T,タカラトミー,2021-12,NEW,1,53.53,54.07,True,True,0.53,2021-12,1099.0,1099.0,1099.0,0.0,1078.84,1096.41,,True,True,,,True,True,,250347.0,,,,0.6,1.73,0.83,True,1,True,,,,False,,tv_wilder_rsi14_sma5_v1,54.07,53.53,True,True,0.53
9788,9788.T,ナック,2021-12,NEW,1,51.07,51.59,True,True,0.52,2021-12,481.0,481.0,481.0,0.0,475.32,481.61,,True,False,,,False,True,,14367.0,,,,1.16,0.77,0.83,True,1,False,,,,False,,tv_wilder_rsi14_sma5_v1,51.59,51.07,True,True,0.52
8707,8707.T,岩井コスモホールディングス,2021-12,NEW,1,48.92,49.43,False,True,0.51,2021-12,1355.0,1355.0,1355.0,0.0,1327.76,1363.81,,True,False,,,False,False,,56880.0,,,,0.92,1.25,0.84,True,1,False,,,,False,,tv_wilder_rsi14_sma5_v1,49.43,48.92,True,False,0.51
9504,9504.T,中国電力,2021-12,NEW,1,30.97,31.48,True,True,0.51,2021-12,931.0,931.0,931.0,0.0,926.4,955.65,,True,False,,,True,False,,1176183.0,,,,0.73,1.34,1.08,False,1,False,,,,False,,tv_wilder_rsi14_sma5_v1,31.48,30.97,True,True,0.51
4612,4612.T,日本ペイントホールディングス,2021-12,NEW,1,45.09,45.58,False,True,0.49,2021-12,1254.0,1254.0,1254.0,0.0,1243.72,1243.48,,True,True,,,True,False,,1951040.0,,,,0.64,3.5,1.0,False,1,False,,,,False,,tv_wilder_rsi14_sma5_v1,45.58,45.09,True,False,0.49
9432,9432.T,ＮＴＴ,2021-12,CONTINUE,5,64.84,65.33,True,True,0.49,2021-08,117.44,126.0,126.0,7.29,114.55,,,True,,,,,,,,,,,,1.19,0.89,True,1,True,,,,False,,tv_wilder_rsi14_sma5_v1,65.33,64.84,True,True,0.49
9974,9974.T,ベルク,2021-12,NEW,1,47.51,47.98,True,True,0.47,2021-12,5630.0,5630.0,5630.0,0.0,5490.8,5605.73,,True,True,,,True,False,,17653.0,,,,0.91,1.99,1.05,False,1,True,,,,False,,tv_wilder_rsi14_sma5_v1,47.98,47.51,True,True,0.47
1879,1879.T,新日本建設,2021-12,NEW,1,46.38,46.84,False,True,0.46,2021-12,817.0,817.0,817.0,0.0,811.4,843.87,,True,False,,,False,False,,35423.0,,,,0.79,2.06,1.01,False,1,True,,,,False,,tv_wilder_rsi14_sma5_v1,46.84,46.38,True,False,0.46
3861,3861.T,王子ホールディングス,2021-12,NEW,1,46.77,47.22,False,True,0.46,2021-12,557.0,557.0,557.0,0.0,552.24,564.71,,True,False,,,False,False,,2754810.0,,,,0.66,1.37,0.95,True,1,False,,,,False,,tv_wilder_rsi14_sma5_v1,47.22,46.77,True,False,0.46
6707,6707.T,サンケン電気,2021-12,NEW,1,69.27,69.72,True,True,0.45,2021-12,6310.0,6310.0,6310.0,0.0,6024.4,5976.13,,True,True,,,True,True,,81907.0,,,,1.1,2.33,1.0,False,1,True,,,,False,,tv_wilder_rsi14_sma5_v1,69.72,69.27,True,True,0.45
7241,7241.T,フタバ産業,2021-12,NEW,1,42.05,42.5,False,True,0.45,2021-12,435.0,435.0,435.0,0.0,410.68,441.16,,True,False,,,False,False,,313203.0,,,,0.49,2.33,1.06,False,1,True,,,,False,,tv_wilder_rsi14_sma5_v1,42.5,42.05,True,False,0.45
8058,8058.T,三菱商事,2021-12,NEW,1,66.14,66.59,True,True,0.45,2021-12,1217.33,1217.33,1217.33,0.0,1188.57,1186.64,,True,True,,,True,True,,10990810.0,,,,0.66,1.27,0.86,True,1,True,,,,False,,tv_wilder_rsi14_sma5_v1,66.59,66.14,True,True,0.45
4527,4527.T,ロート製薬,2021-12,NEW,1,56.24,56.68,True,True,0.44,2021-12,1737.5,1737.5,1737.5,0.0,1698.9,1705.6,,True,True,,,True,True,,395860.0,,,,0.55,1.96,0.92,True,1,True,,,,False,,tv_wilder_rsi14_sma5_v1,56.68,56.24,True,True,0.44
5288,5288.T,アジアパイルホールディングス,2021-12,NEW,1,43.05,43.5,False,True,0.44,2021-12,450.0,450.0,450.0,0.0,433.04,455.99,,True,False,,,False,False,,69623.0,,,,1.31,1.54,0.92,True,1,True,,,,False,,tv_wilder_rsi14_sma5_v1,43.5,43.05,True,False,0.44
4095,4095.T,日本パーカライジング,2021-12,NEW,1,48.29,48.72,True,True,0.43,2021-12,1125.0,1125.0,1125.0,0.0,1110.32,1140.37,,True,False,,,False,False,,91790.0,,,,0.73,2.17,1.08,False,1,False,,,,False,,tv_wilder_rsi14_sma5_v1,48.72,48.29,True,True,0.43
9678,9678.T,カナモト,2021-12,NEW,1,46.75,47.17,False,True,0.43,2021-12,2410.0,2410.0,2410.0,0.0,2298.76,2446.63,,True,False,,,False,False,,130180.0,,,,0.82,1.7,0.86,True,1,True,,,,False,,tv_wilder_rsi14_sma5_v1,47.17,46.75,True,False,0.43
3626,3626.T,ＴＩＳ,2021-12,CONTINUE,12,74.88,75.29,True,False,0.42,2021-01,2330.0,3425.0,3425.0,47.0,,,,,,,,,,,,,,,,,,,,,,,,False,,tv_wilder_rsi14_sma5_v1,75.29,74.88,False,True,0.42
6459,6459.T,大和冷機工業,2021-12,NEW,1,60.1,60.52,True,True,0.42,2021-12,1265.0,1265.0,1265.0,0.0,1232.76,1255.81,,True,True,,,False,True,,52633.0,,,,0.88,2.55,0.99,True,1,False,,,,False,,tv_wilder_rsi14_sma5_v1,60.52,60.1,True,True,0.42
8624,8624.T,いちよし証券,2021-12,NEW,1,52.83,53.24,True,True,0.42,2021-12,659.0,659.0,659.0,0.0,641.16,659.81,,True,False,,,True,True,,115973.0,,,,0.88,1.71,0.93,True,1,True,,,,False,,tv_wilder_rsi14_sma5_v1,53.24,52.83,True,True,0.42
9601,9601.T,松竹,2021-12,NEW,1,46.27,46.68,True,True,0.41,2021-12,12010.0,12010.0,12010.0,0.0,11583.6,12208.8,,True,False,,,False,False,,28417.0,,,,0.69,2.39,1.03,False,1,True,,,,False,,tv_wilder_rsi14_sma5_v1,46.68,46.27,True,True,0.41
3405,3405.T,クラレ,2021-12,NEW,1,40.53,40.92,True,True,0.4,2021-12,999.0,999.0,999.0,0.0,995.84,1031.17,,True,False,,,False,False,,2225747.0,,,,1.02,1.24,1.03,False,1,True,,,,False,,tv_wilder_rsi14_sma5_v1,40.92,40.53,True,True,0.4
6407,6407.T,ＣＫＤ,2021-12,NEW,1,56.81,57.21,True,True,0.4,2021-12,2337.0,2337.0,2337.0,0.0,2298.92,2318.59,,True,True,,,False,False,,369400.0,,,,0.64,2.82,1.03,False,1,False,,,,False,,tv_wilder_rsi14_sma5_v1,57.21,56.81,True,True,0.4
9474,9474.T,ゼンリン,2021-12,NEW,1,37.05,37.45,False,True,0.4,2021-12,993.0,993.0,993.0,0.0,978.96,1024.6,,True,False,,,False,False,,82280.0,,,,0.78,1.97,1.06,False,1,True,,,,False,,tv_wilder_rsi14_sma5_v1,37.45,37.05,True,False,0.4
8601,8601.T,大和証券グループ本社,2021-12,NEW,1,61.78,62.17,True,True,0.39,2021-12,648.7,648.7,648.7,0.0,649.38,656.67,,False,False,,,True,True,,4808620.0,,,,0.56,1.59,0.98,True,1,False,,,,False,,tv_wilder_rsi14_sma5_v1,62.17,61.78,True,True,0.39
2462,2462.T,ライク,2021-12,NEW,1,48.29,48.67,False,True,0.38,2021-12,1783.0,1783.0,1783.0,0.0,1724.6,1793.27,,True,False,,,False,False,,64077.0,,,,0.86,2.67,0.86,True,1,True,,,,False,,tv_wilder_rsi14_sma5_v1,48.67,48.29,True,False,0.38
2395,2395.T,新日本科学,2021-12,CONTINUE,3,67.68,68.05,False,False,0.37,2021-10,1437.0,1420.0,1420.0,-1.18,1075.24,,,True,,,,True,,,1197337.0,,,,2.55,5.25,1.47,False,1,True,,,,False,,tv_wilder_rsi14_sma5_v1,68.05,67.68,False,False,0.37
6841,6841.T,横河電機,2021-12,CONTINUE,4,54.25,54.62,True,False,0.37,2021-09,1959.0,2074.0,2074.0,5.87,1894.16,,,True,,,,True,,,1007053.0,,,,1.02,2.41,0.96,True,1,True,,,,False,,tv_wilder_rsi14_sma5_v1,54.62,54.25,False,True,0.37
8283,8283.T,ＰＡＬＴＡＣ,2021-12,NEW,1,43.07,43.44,False,True,0.37,2021-12,4735.0,4735.0,4735.0,0.0,4583.2,4889.6,,True,False,,,False,False,,67583.0,,,,0.57,1.86,0.9,True,1,False,,,,False,,tv_wilder_rsi14_sma5_v1,43.44,43.07,True,False,0.37
9119,9119.T,飯野海運,2021-12,NEW,1,61.0,61.37,True,True,0.37,2021-12,546.0,546.0,546.0,0.0,538.4,538.05,,True,True,,,True,True,,411883.0,,,,0.51,2.0,0.77,True,1,True,,,,False,,tv_wilder_rsi14_sma5_v1,61.37,61.0,True,True,0.37
9534,9534.T,北海道瓦斯,2021-12,NEW,1,48.27,48.64,False,True,0.37,2021-12,304.8,304.8,304.8,0.0,300.69,304.78,,True,True,,,False,False,,123617.0,,,,0.82,1.1,1.0,False,1,True,,,,False,,tv_wilder_rsi14_sma5_v1,48.64,48.27,True,False,0.37
5726,5726.T,大阪チタニウムテクノロジーズ,2021-12,NEW,1,37.78,38.14,True,True,0.36,2021-12,790.0,790.0,790.0,0.0,793.32,812.8,,False,False,,,False,True,,261307.0,,,,0.63,2.32,0.78,True,1,False,,,,False,,tv_wilder_rsi14_sma5_v1,38.14,37.78,True,True,0.36
3921,3921.T,ネオジャパン,2021-12,NEW,1,46.9,47.25,True,True,0.35,2021-12,1445.0,1445.0,1445.0,0.0,1338.76,1403.17,,True,True,,,True,False,,82977.0,,,,0.67,4.34,0.9,True,1,True,,,,False,,tv_wilder_rsi14_sma5_v1,47.25,46.9,True,True,0.35
6814,6814.T,古野電気,2021-12,NEW,1,56.45,56.81,True,True,0.35,2021-12,1211.0,1211.0,1211.0,0.0,1174.84,1210.79,,True,True,,,False,True,,48777.0,,,,0.94,1.81,0.88,True,1,False,,,,False,,tv_wilder_rsi14_sma5_v1,56.81,56.45,True,True,0.35
3649,3649.T,ファインデックス,2021-12,CONTINUE,2,48.17,48.51,False,False,0.34,2021-11,1014.0,1006.0,1006.0,-0.79,994.88,1011.8,,True,True,,,True,,,74037.0,,,,0.79,6.09,1.08,False,1,True,,,,False,,tv_wilder_rsi14_sma5_v1,48.51,48.17,False,False,0.34
5602,5602.T,栗本鐵工所,2021-12,NEW,1,43.93,44.27,False,True,0.33,2021-12,314.8,314.8,314.8,0.0,306.23,320.09,,True,False,,,False,False,,89000.0,,,,1.35,2.31,1.12,False,1,False,,,,False,,tv_wilder_rsi14_sma5_v1,44.27,43.93,True,False,0.33
5802,5802.T,住友電気工業,2021-12,NEW,1,51.65,51.95,False,True,0.31,2021-12,374.88,374.88,374.88,0.0,377.11,381.09,,False,False,,,False,True,,9052040.0,,,,0.53,1.9,0.94,True,1,False,,,,False,,tv_wilder_rsi14_sma5_v1,51.95,51.65,True,False,0.31
7466,7466.T,ＳＰＫ,2021-12,NEW,1,53.77,54.08,True,True,0.31,2021-12,695.5,695.5,695.5,0.0,685.1,692.22,,True,True,,,True,True,,16173.0,,,,0.72,1.55,0.73,True,1,True,,,,False,,tv_wilder_rsi14_sma5_v1,54.08,53.77,True,True,0.31
7550,7550.T,ゼンショーホールディングス,2021-12,NEW,1,54.43,54.75,False,True,0.31,2021-12,2704.0,2704.0,2704.0,0.0,2658.64,2682.07,,True,True,,,True,False,,227827.0,,,,0.72,1.3,0.93,True,1,False,,,,False,,tv_wilder_rsi14_sma5_v1,54.75,54.43,True,False,0.31
7278,7278.T,エクセディ,2021-12,NEW,1,44.87,45.17,True,True,0.3,2021-12,1665.0,1665.0,1665.0,0.0,1679.92,1711.96,,False,False,,,False,True,,115747.0,,,,1.07,1.72,1.01,False,1,False,,,,False,,tv_wilder_rsi14_sma5_v1,45.17,44.87,True,True,0.3
4820,4820.T,イーエムシステムズ,2021-12,NEW,1,45.45,45.74,False,True,0.29,2021-12,755.0,755.0,755.0,0.0,751.96,771.75,,True,False,,,False,False,,49123.0,,,,0.78,2.07,1.04,False,1,True,,,,False,,tv_wilder_rsi14_sma5_v1,45.74,45.45,True,False,0.29
5946,5946.T,長府製作所,2021-12,NEW,1,44.72,45.01,True,True,0.29,2021-12,2040.0,2040.0,2040.0,0.0,2044.32,2073.03,,False,False,,,False,True,,26140.0,,,,2.35,1.6,0.96,True,1,False,,,,False,,tv_wilder_rsi14_sma5_v1,45.01,44.72,True,True,0.29
7231,7231.T,トピー工業,2021-12,NEW,1,36.02,36.3,False,True,0.28,2021-12,1115.0,1115.0,1115.0,0.0,1090.88,1159.63,,True,False,,,False,False,,39273.0,,,,0.79,1.71,0.98,True,1,False,,,,False,,tv_wilder_rsi14_sma5_v1,36.3,36.02,True,False,0.28
5949,5949.T,ユニプレス,2021-12,NEW,1,36.93,37.2,False,True,0.27,2021-12,804.0,804.0,804.0,0.0,753.32,848.27,,True,False,,,False,False,,289580.0,,,,0.66,2.41,1.02,False,1,True,,,,False,,tv_wilder_rsi14_sma5_v1,37.2,36.93,True,False,0.27
6703,6703.T,沖電気工業,2021-12,NEW,1,39.87,40.14,False,True,0.27,2021-12,904.0,904.0,904.0,0.0,882.64,935.32,,True,False,,,False,False,,350400.0,,,,0.77,1.76,0.91,True,1,True,,,,False,,tv_wilder_rsi14_sma5_v1,40.14,39.87,True,False,0.27
7296,7296.T,エフ  ･シー  ･シー,2021-12,NEW,1,37.86,38.13,False,True,0.27,2021-12,1497.0,1497.0,1497.0,0.0,1477.84,1549.07,,True,False,,,False,False,,150603.0,,,,0.77,1.7,0.96,True,1,True,,,,False,,tv_wilder_rsi14_sma5_v1,38.13,37.86,True,False,0.27
5659,5659.T,日本精線,2021-12,NEW,1,62.02,62.28,False,True,0.26,2021-12,994.0,994.0,994.0,0.0,955.76,959.03,,True,True,,,True,False,,100033.0,,,,0.84,0.89,1.2,False,1,True,,,,False,,tv_wilder_rsi14_sma5_v1,62.28,62.02,True,False,0.26
1878,1878.T,大東建託,2021-12,NEW,1,53.31,53.56,False,True,0.25,2021-12,2634.0,2634.0,2634.0,0.0,2577.84,2642.93,,True,False,,,False,True,,948233.0,,,,0.46,1.42,0.84,True,1,True,,,,False,,tv_wilder_rsi14_sma5_v1,53.56,53.31,True,False,0.25
7102,7102.T,日本車輌製造,2021-12,NEW,1,38.91,39.16,True,True,0.25,2021-12,2059.0,2059.0,2059.0,0.0,2036.84,2075.57,,True,False,,,False,False,,10663.0,,,,1.08,1.32,0.98,True,1,False,,,,False,,tv_wilder_rsi14_sma5_v1,39.16,38.91,True,True,0.25
8203,8203.T,ＭｒＭａｘＨＤ,2021-12,NEW,1,48.59,48.85,False,True,0.25,2021-12,607.0,607.0,607.0,0.0,568.76,608.79,,True,False,,,False,False,,83743.0,,,,1.08,2.04,0.91,True,1,True,,,,False,,tv_wilder_rsi14_sma5_v1,48.85,48.59,True,False,0.25
6798,6798.T,ＳＭＫ,2021-12,NEW,1,40.61,40.83,False,True,0.23,2021-12,2282.0,2282.0,2282.0,0.0,2264.16,2324.08,,True,False,,,False,False,,12260.0,,,,0.98,2.04,1.06,False,1,True,,,,False,,tv_wilder_rsi14_sma5_v1,40.83,40.61,True,False,0.23
6770,6770.T,アルプスアルパイン,2021-12,NEW,1,38.06,38.28,True,True,0.22,2021-12,1085.0,1085.0,1085.0,0.0,1066.48,1128.8,,True,False,,,False,False,,1928860.0,,,,0.63,2.02,0.92,True,1,False,,,,False,,tv_wilder_rsi14_sma5_v1,38.28,38.06,True,True,0.22
6999,6999.T,ＫＯＡ,2021-12,NEW,1,54.41,54.63,False,True,0.22,2021-12,1613.0,1613.0,1613.0,0.0,1579.8,1636.19,,True,False,,,False,False,,144043.0,,,,0.74,1.98,0.97,True,1,False,,,,False,,tv_wilder_rsi14_sma5_v1,54.63,54.41,True,False,0.22
6351,6351.T,鶴見製作所,2021-12,NEW,1,43.76,43.97,False,True,0.21,2021-12,828.0,828.0,828.0,0.0,796.68,847.31,,True,False,,,False,False,,128673.0,,,,0.42,1.71,0.94,True,1,True,,,,False,,tv_wilder_rsi14_sma5_v1,43.97,43.76,True,False,0.21
3608,3608.T,ＴＳＩホールディングス,2021-12,CONTINUE,4,43.82,44.03,True,False,0.2,2021-09,356.0,339.0,339.0,-4.78,334.36,,,True,,,,True,,,541230.0,,,,1.02,3.17,1.2,False,1,True,,,,False,,tv_wilder_rsi14_sma5_v1,44.03,43.82,False,True,0.2
7525,7525.T,リックス,2021-12,NEW,1,45.56,45.76,False,True,0.2,2021-12,1493.0,1493.0,1493.0,0.0,1489.0,1501.17,,True,False,,,False,False,,4533.0,,,,1.55,1.24,0.93,True,1,True,,,,False,,tv_wilder_rsi14_sma5_v1,45.76,45.56,True,False,0.2
6379,6379.T,レイズネクスト,2021-12,NEW,1,49.69,49.87,True,True,0.19,2021-12,1169.0,1169.0,1169.0,0.0,1170.28,1204.11,,False,False,,,False,True,,41380.0,,,,0.98,1.64,0.89,True,1,False,,,,False,,tv_wilder_rsi14_sma5_v1,49.87,49.69,True,True,0.19
9902,9902.T,日伝,2021-12,NEW,1,55.89,56.08,True,True,0.19,2021-12,2351.0,2351.0,2351.0,0.0,2273.96,2314.09,,True,True,,,True,False,,18750.0,,,,0.64,1.82,0.9,True,1,True,,,,False,,tv_wilder_rsi14_sma5_v1,56.08,55.89,True,True,0.19
7173,7173.T,東京きらぼしフィナンシャルグループ,2021-12,NEW,1,52.25,52.43,False,True,0.18,2021-12,189.75,189.75,189.75,0.0,181.79,186.78,,True,True,,,True,False,,713253.0,,,,0.71,1.71,0.97,True,1,True,,,,False,,tv_wilder_rsi14_sma5_v1,52.43,52.25,True,False,0.18
2109,2109.T,ＤＭ三井製糖,2021-12,NEW,1,44.05,44.21,True,True,0.16,2021-12,1938.0,1938.0,1938.0,0.0,1918.68,1975.12,,True,False,,,False,False,,37310.0,,,,0.76,1.22,0.9,True,1,False,,,,False,,tv_wilder_rsi14_sma5_v1,44.21,44.05,True,True,0.16
3548,3548.T,バロックジャパンリミテッド,2021-12,NEW,1,51.0,51.16,False,True,0.15,2021-12,855.0,855.0,855.0,0.0,842.2,861.59,,True,False,,,False,True,,36300.0,,,,1.58,1.48,0.79,True,1,True,,,,False,,tv_wilder_rsi14_sma5_v1,51.16,51.0,True,False,0.15
6178,6178.T,日本郵政,2021-12,NEW,1,45.96,46.11,False,True,0.15,2021-12,896.8,896.8,896.8,0.0,882.01,899.49,,True,False,,,True,False,,14100507.0,,,,0.64,1.04,0.95,True,1,True,,,,False,,tv_wilder_rsi14_sma5_v1,46.11,45.96,True,False,0.15
9405,9405.T,朝日放送グループホールディングス,2021-12,NEW,1,48.49,48.64,True,True,0.15,2021-12,711.0,711.0,711.0,0.0,700.32,719.07,,True,False,,,False,False,,20707.0,,,,1.33,1.9,1.16,False,1,True,,,,False,,tv_wilder_rsi14_sma5_v1,48.64,48.49,True,True,0.15
9722,9722.T,藤田観光,2021-12,NEW,1,54.83,54.99,True,True,0.15,2021-12,494.2,494.2,494.2,0.0,480.26,490.53,,True,True,,,False,True,,328083.0,,,,1.39,2.87,1.04,False,1,True,,,,False,,tv_wilder_rsi14_sma5_v1,54.99,54.83,True,True,0.15
4461,4461.T,第一工業製薬,2021-12,NEW,1,43.77,43.9,False,True,0.14,2021-12,3215.0,3215.0,3215.0,0.0,3123.76,3227.39,,True,False,,,False,False,,27307.0,,,,0.91,2.13,0.97,True,1,False,,,,False,,tv_wilder_rsi14_sma5_v1,43.9,43.77,True,False,0.14
1515,1515.T,日鉄鉱業,2021-12,NEW,1,57.92,58.05,True,True,0.13,2021-12,659.0,659.0,659.0,0.0,633.4,652.93,,True,True,,,False,False,,218867.0,,,,0.81,2.22,1.16,False,1,True,,,,False,,tv_wilder_rsi14_sma5_v1,58.05,57.92,True,True,0.13
3040,3040.T,ソリトンシステムズ,2021-12,NEW,1,47.4,47.53,False,True,0.13,2021-12,1395.0,1395.0,1395.0,0.0,1274.52,1379.28,,True,True,,,False,False,,94043.0,,,,1.02,3.0,0.95,True,1,True,,,,False,,tv_wilder_rsi14_sma5_v1,47.53,47.4,True,False,0.13
6340,6340.T,澁谷工業,2021-12,NEW,1,46.45,46.57,False,True,0.13,2021-12,2990.0,2990.0,2990.0,0.0,2953.56,3037.72,,True,False,,,False,False,,23667.0,,,,0.98,2.32,1.0,True,1,False,,,,False,,tv_wilder_rsi14_sma5_v1,46.57,46.45,True,False,0.13
8999,8999.T,グランディハウス,2021-12,NEW,1,57.44,57.58,True,True,0.13,2021-12,491.0,491.0,491.0,0.0,475.56,486.91,,True,True,,,False,False,,43223.0,,,,0.69,1.48,0.95,True,1,False,,,,False,,tv_wilder_rsi14_sma5_v1,57.58,57.44,True,True,0.13
6785,6785.T,鈴木,2021-12,CONTINUE,3,50.05,50.17,False,False,0.12,2021-10,900.0,884.0,884.0,-1.78,873.28,,,True,,,,True,,,56427.0,,,,0.59,1.88,0.92,True,1,True,,,,False,,tv_wilder_rsi14_sma5_v1,50.17,50.05,False,False,0.12
8593,8593.T,三菱ＨＣキャピタル,2021-12,NEW,1,49.77,49.89,False,True,0.12,2021-12,569.0,569.0,569.0,0.0,558.84,573.49,,True,False,,,False,False,,2773213.0,,,,0.6,1.27,0.82,True,1,True,,,,False,,tv_wilder_rsi14_sma5_v1,49.89,49.77,True,False,0.12
9025,9025.T,鴻池運輸,2021-12,NEW,1,48.25,48.37,False,True,0.12,2021-12,1232.0,1232.0,1232.0,0.0,1166.8,1223.29,,True,True,,,False,False,,81753.0,,,,1.01,2.44,1.21,False,1,True,,,,False,,tv_wilder_rsi14_sma5_v1,48.37,48.25,True,False,0.12
1911,1911.T,住友林業,2021-12,CONTINUE,4,58.64,58.75,True,False,0.11,2021-09,714.67,742.0,742.0,3.82,726.08,,,False,,,,True,,,2687190.0,,,,0.77,2.64,1.2,False,1,False,,,,False,,tv_wilder_rsi14_sma5_v1,58.75,58.64,False,True,0.11
4674,4674.T,クレスコ,2021-12,NEW,1,63.77,63.87,True,True,0.1,2021-12,1045.5,1045.5,1045.5,0.0,997.38,1016.85,,True,True,,,False,True,,49647.0,,,,0.91,2.21,0.97,True,1,True,,,,False,,tv_wilder_rsi14_sma5_v1,63.87,63.77,True,True,0.1
5019,5019.T,出光興産,2021-12,CONTINUE,5,53.27,53.36,True,True,0.09,2021-08,527.6,587.4,587.4,11.33,522.26,,,True,,,,,,,,,,,,1.68,0.97,True,1,True,,,,False,,tv_wilder_rsi14_sma5_v1,53.36,53.27,True,True,0.09
8011,8011.T,三陽商会,2021-12,NEW,1,45.78,45.87,True,True,0.09,2021-12,889.0,889.0,889.0,0.0,893.08,921.23,,False,False,,,True,True,,70990.0,,,,1.18,3.5,0.86,True,1,True,,,,False,,tv_wilder_rsi14_sma5_v1,45.87,45.78,True,True,0.09
8218,8218.T,コメリ,2021-12,NEW,1,46.98,47.07,False,True,0.09,2021-12,2557.0,2557.0,2557.0,0.0,2537.28,2620.56,,True,False,,,False,False,,73857.0,,,,0.77,1.4,0.92,True,1,True,,,,False,,tv_wilder_rsi14_sma5_v1,47.07,46.98,True,False,0.09
9048,9048.T,名古屋鉄道,2021-12,NEW,1,31.96,32.05,True,True,0.09,2021-12,1750.0,1750.0,1750.0,0.0,1716.84,1874.93,,True,False,,,False,False,,785437.0,,,,0.61,2.0,0.81,True,1,False,,,,False,,tv_wilder_rsi14_sma5_v1,32.05,31.96,True,True,0.09
2229,2229.T,カルビー,2021-12,NEW,1,43.18,43.27,True,True,0.08,2021-12,2669.0,2669.0,2669.0,0.0,2657.4,2742.71,,True,False,,,False,False,,384750.0,,,,0.54,1.43,0.99,True,1,False,,,,False,,tv_wilder_rsi14_sma5_v1,43.27,43.18,True,True,0.08
7972,7972.T,イトーキ,2021-12,NEW,1,43.94,44.02,True,True,0.08,2021-12,357.0,357.0,357.0,0.0,359.08,369.39,,False,False,,,False,True,,93203.0,,,,1.64,2.08,0.99,True,1,True,,,,False,,tv_wilder_rsi14_sma5_v1,44.02,43.94,True,True,0.08
8136,8136.T,サンリオ,2021-12,CONTINUE,11,62.53,62.6,True,True,0.08,2021-02,116.07,166.6,166.6,43.54,,,,,,,,,,,,,,,,,,,,,,,,False,,tv_wilder_rsi14_sma5_v1,62.6,62.53,True,True,0.08
3252,3252.T,地主,2021-12,NEW,1,53.24,53.31,False,True,0.06,2021-12,1719.0,1719.0,1719.0,0.0,1775.52,1759.19,,False,False,,,True,True,,79983.0,,,,1.8,1.57,0.97,True,1,False,,,,False,,tv_wilder_rsi14_sma5_v1,53.31,53.24,True,False,0.06
6302,6302.T,住友重機械工業,2021-12,NEW,1,47.9,47.96,False,True,0.06,2021-12,2789.0,2789.0,2789.0,0.0,2660.04,2830.8,,True,False,,,False,False,,483430.0,,,,0.68,1.99,0.92,True,1,True,,,,False,,tv_wilder_rsi14_sma5_v1,47.96,47.9,True,False,0.06
6995,6995.T,東海理化電機製作所,2021-12,NEW,1,43.34,43.41,False,True,0.06,2021-12,1548.0,1548.0,1548.0,0.0,1539.56,1597.11,,True,False,,,False,False,,147247.0,,,,0.75,1.77,0.84,True,1,False,,,,False,,tv_wilder_rsi14_sma5_v1,43.41,43.34,True,False,0.06
4611,4611.T,大日本塗料,2021-12,NEW,1,41.28,41.33,True,True,0.04,2021-12,827.0,827.0,827.0,0.0,825.2,847.53,,True,False,,,False,False,,27463.0,,,,1.14,1.4,0.96,True,1,True,,,,False,,tv_wilder_rsi14_sma5_v1,41.33,41.28,True,True,0.04
4704,4704.T,トレンドマイクロ,2021-12,CONTINUE,8,57.51,57.56,True,False,0.04,2021-05,5550.0,6390.0,6390.0,15.14,,,,,,,,,,,,,,,,,,,,,,,,False,,tv_wilder_rsi14_sma5_v1,57.56,57.51,False,True,0.04
8061,8061.T,西華産業,2021-12,NEW,1,54.29,54.33,False,True,0.04,2021-12,546.33,546.33,546.33,0.0,529.73,544.4,,True,True,,,False,False,,47680.0,,,,0.8,2.25,0.85,True,1,True,,,,False,,tv_wilder_rsi14_sma5_v1,54.33,54.29,True,False,0.04
9672,9672.T,東京都競馬,2021-12,NEW,1,49.1,49.14,False,True,0.04,2021-12,4265.0,4265.0,4265.0,0.0,4193.0,4310.13,,True,False,,,False,True,,132540.0,,,,1.33,2.23,0.95,True,1,True,,,,False,,tv_wilder_rsi14_sma5_v1,49.14,49.1,True,False,0.04
4401,4401.T,ＡＤＥＫＡ,2021-12,NEW,1,68.24,68.26,True,True,0.01,2021-12,2567.0,2567.0,2567.0,0.0,2528.08,2522.03,,True,True,,,True,True,,191167.0,,,,0.9,2.27,0.93,True,1,True,,,,False,,tv_wilder_rsi14_sma5_v1,68.26,68.24,True,True,0.01
8410,8410.T,セブン銀行,2021-12,NEW,1,42.8,42.81,True,True,0.01,2021-12,238.0,238.0,238.0,0.0,235.04,241.95,,True,False,,,True,False,,3898680.0,,,,0.82,1.23,0.87,True,1,True,,,,False,,tv_wilder_rsi14_sma5_v1,42.81,42.8,True,True,0.01
3436,3436.T,ＳＵＭＣＯ,2021-12,CONTINUE,2,54.73,54.74,False,False,0.0,2021-11,2488.0,2349.0,2349.0,-5.59,2367.08,2322.67,,True,True,,,True,,,7547727.0,,,,0.84,2.84,0.95,True,1,True,,,,False,,tv_wilder_rsi14_sma5_v1,54.74,54.73,False,False,0.0
