code,ticker,name,signal_month,status,months_active,rsi14,rsi5,rsi14_up,rsi5_up,diff,gc_month,gc_price,signal_month_close,period_price,return_since_gc_pct,sma25,sma75,sma200,price_above_sma25,price_above_sma75,price_above_sma200,perfect_order,sma25_up,sma75_up,sma200_up,avg_volume30,high52_price,high52_distance_pct,high52_breakout,volume_ratio_5_30,atr14_pct,atr_ratio_10_20,vcp_tight,stage,supertrend_up,rsr_score,rsr_momentum,mvp_signal,cosmos_focus,cosmos_focus_type,signal_version,monthly_rsi14,monthly_rsi_ma5,monthly_rsi14_up,monthly_rsi_ma5_up,monthly_rsi_spread
7769,7769.T,リズム,2021-08,CONTINUE,2,47.46,66.27,True,True,18.81,2021-07,838.0,1413.0,1413.0,68.62,,,,,,,,,,,,,,,,,,,1,True,,,,False,,tv_wilder_rsi14_sma5_v1,66.27,47.46,True,True,18.81
9274,9274.T,ＫＰＰグループホールディングス,2021-08,CONTINUE,6,46.64,62.67,True,True,16.03,2021-03,255.0,366.0,366.0,43.53,,,,,,,,,,,,,,,,,,,,,,,,False,,tv_wilder_rsi14_sma5_v1,62.67,46.64,True,True,16.03
4362,4362.T,日本精化,2021-08,CONTINUE,3,60.41,73.81,True,True,13.4,2021-06,1499.0,2098.0,2098.0,39.96,,,,,,,,,,,,,,,,,,,,,,,,False,,tv_wilder_rsi14_sma5_v1,73.81,60.41,True,True,13.4
3964,3964.T,オークネット,2021-08,CONTINUE,4,59.23,72.62,True,True,13.39,2021-05,343.0,521.25,521.25,51.97,,,,,,,,,,,,,,,,,,,,,,,,False,,tv_wilder_rsi14_sma5_v1,72.62,59.23,True,True,13.39
6620,6620.T,宮越ホールディングス,2021-08,CONTINUE,8,59.03,72.15,True,True,13.12,2021-01,702.0,1821.0,1821.0,159.4,,,,,,,,,,,,,,,,,,,,,,,,False,,tv_wilder_rsi14_sma5_v1,72.15,59.03,True,True,13.12
6763,6763.T,帝国通信工業,2021-08,CONTINUE,4,51.83,64.88,True,True,13.06,2021-05,1166.0,1415.0,1415.0,21.36,,,,,,,,,,,,,,,,,,,,,,,,False,,tv_wilder_rsi14_sma5_v1,64.88,51.83,True,True,13.06
1888,1888.T,若築建設,2021-08,CONTINUE,9,58.6,71.22,True,True,12.62,2020-12,1173.0,1953.0,1953.0,66.5,,,,,,,,,,,,,,,,,,,,,,,,False,,tv_wilder_rsi14_sma5_v1,71.22,58.6,True,True,12.62
1518,1518.T,三井松島ホールディングス,2021-08,CONTINUE,10,51.27,63.84,True,True,12.57,2020-11,147.6,263.8,263.8,78.73,,,,,,,,,,,,,,,,,,,,,,,,False,,tv_wilder_rsi14_sma5_v1,63.84,51.27,True,True,12.57
3925,3925.T,ダブルスタンダード,2021-08,CONTINUE,4,56.27,68.67,True,True,12.4,2021-05,2427.5,3975.0,3975.0,63.75,,,,,,,,,,,,,,,,,,,,,,,,False,,tv_wilder_rsi14_sma5_v1,68.67,56.27,True,True,12.4
7990,7990.T,グローブライド,2021-08,CONTINUE,3,71.01,83.09,True,True,12.07,2021-06,2242.5,3700.0,3700.0,64.99,,,,,,,,,,,,,,,,,,,,,,,,False,,tv_wilder_rsi14_sma5_v1,83.09,71.01,True,True,12.07
9110,9110.T,ＮＳユナイテッド海運,2021-08,CONTINUE,9,64.99,76.75,True,True,11.76,2020-12,1395.0,3655.0,3655.0,162.01,,,,,,,,,,,,,,,,,,,,,,,,False,,tv_wilder_rsi14_sma5_v1,76.75,64.99,True,True,11.76
5121,5121.T,藤倉コンポジット,2021-08,NEW,1,55.93,67.38,True,True,11.46,2021-08,721.0,721.0,721.0,0.0,588.24,,,True,,,,,,,,,,,,4.98,0.99,True,1,True,,,,False,,tv_wilder_rsi14_sma5_v1,67.38,55.93,True,True,11.46
7414,7414.T,小野建,2021-08,CONTINUE,2,51.75,63.19,True,True,11.45,2021-07,1336.0,1590.0,1590.0,19.01,,,,,,,,,,,,,,,,,,,1,True,,,,False,,tv_wilder_rsi14_sma5_v1,63.19,51.75,True,True,11.45
5632,5632.T,三菱製鋼,2021-08,CONTINUE,10,49.14,60.44,True,True,11.3,2020-11,554.0,1262.0,1262.0,127.8,,,,,,,,,,,,,,,,,,,,,,,,False,,tv_wilder_rsi14_sma5_v1,60.44,49.14,True,True,11.3
6413,6413.T,理想科学工業,2021-08,CONTINUE,4,54.75,65.97,True,True,11.22,2021-05,864.5,1164.5,1164.5,34.7,,,,,,,,,,,,,,,,,,,,,,,,False,,tv_wilder_rsi14_sma5_v1,65.97,54.75,True,True,11.22
9267,9267.T,ＧｅｎｋｙＤｒｕｇＳｔｏｒｅｓ,2021-08,CONTINUE,3,56.84,67.53,True,True,10.69,2021-06,1940.0,2575.0,2575.0,32.73,,,,,,,,,,,,,,,,,,,,,,,,False,,tv_wilder_rsi14_sma5_v1,67.53,56.84,True,True,10.69
4689,4689.T,ＬＩＮＥヤフー,2021-08,CONTINUE,2,54.08,64.66,True,True,10.57,2021-07,546.5,717.0,717.0,31.2,,,,,,,,,,,,,,,,,,,1,True,,,,False,,tv_wilder_rsi14_sma5_v1,64.66,54.08,True,True,10.57
4526,4526.T,理研ビタミン,2021-08,CONTINUE,6,43.02,53.55,True,True,10.52,2021-03,1365.0,1823.0,1823.0,33.55,,,,,,,,,,,,,,,,,,,,,,,,False,,tv_wilder_rsi14_sma5_v1,53.55,43.02,True,True,10.52
9104,9104.T,商船三井,2021-08,CONTINUE,13,76.18,86.69,True,True,10.51,2020-08,654.33,2833.33,2833.33,333.01,,,,,,,,,,,,,,,,,,,,,,,,False,,tv_wilder_rsi14_sma5_v1,86.69,76.18,True,True,10.51
8075,8075.T,神鋼商事,2021-08,CONTINUE,7,60.18,70.61,True,True,10.43,2021-02,641.33,1063.33,1063.33,65.8,,,,,,,,,,,,,,,,,,,,,,,,False,,tv_wilder_rsi14_sma5_v1,70.61,60.18,True,True,10.43
5408,5408.T,中山製鋼所,2021-08,NEW,1,48.57,58.84,True,True,10.27,2021-08,505.0,505.0,505.0,0.0,419.32,,,True,,,,,,,,,,,,3.73,1.28,False,1,True,,,,False,,tv_wilder_rsi14_sma5_v1,58.84,48.57,True,True,10.27
4527,4527.T,ロート製薬,2021-08,CONTINUE,3,47.46,57.61,True,True,10.15,2021-06,1492.5,1730.0,1730.0,15.91,,,,,,,,,,,,,,,,,,,,,,,,False,,tv_wilder_rsi14_sma5_v1,57.61,47.46,True,True,10.15
3151,3151.T,バイタルケーエスケー・ホールディングス,2021-08,CONTINUE,2,31.04,40.94,True,True,9.9,2021-07,739.0,813.0,813.0,10.01,,,,,,,,,,,,,,,,,,,1,True,,,,False,,tv_wilder_rsi14_sma5_v1,40.94,31.04,True,True,9.9
7637,7637.T,白銅,2021-08,CONTINUE,6,66.12,75.87,True,True,9.75,2021-03,1782.0,2704.0,2704.0,51.74,,,,,,,,,,,,,,,,,,,,,,,,False,,tv_wilder_rsi14_sma5_v1,75.87,66.12,True,True,9.75
4507,4507.T,塩野義製薬,2021-08,CONTINUE,3,50.42,60.0,True,True,9.59,2021-06,1930.33,2317.33,2317.33,20.05,,,,,,,,,,,,,,,,,,,,,,,,False,,tv_wilder_rsi14_sma5_v1,60.0,50.42,True,True,9.59
4462,4462.T,石原ケミカル,2021-08,CONTINUE,2,58.03,67.61,True,True,9.58,2021-07,1125.0,1346.5,1346.5,19.69,,,,,,,,,,,,,,,,,,,1,True,,,,False,,tv_wilder_rsi14_sma5_v1,67.61,58.03,True,True,9.58
4687,4687.T,ＴＤＣソフト,2021-08,CONTINUE,2,58.66,68.24,True,True,9.58,2021-07,547.5,683.0,683.0,24.75,,,,,,,,,,,,,,,,,,,1,True,,,,False,,tv_wilder_rsi14_sma5_v1,68.24,58.66,True,True,9.58
8848,8848.T,レオパレス２１,2021-08,CONTINUE,3,40.49,50.07,True,True,9.58,2021-06,139.0,239.0,239.0,71.94,,,,,,,,,,,,,,,,,,,,,,,,False,,tv_wilder_rsi14_sma5_v1,50.07,40.49,True,True,9.58
6194,6194.T,アトラエ,2021-08,CONTINUE,7,61.22,70.68,True,True,9.47,2021-02,1572.5,2738.0,2738.0,74.12,,,,,,,,,,,,,,,,,,,,,,,,False,,tv_wilder_rsi14_sma5_v1,70.68,61.22,True,True,9.47
9543,9543.T,静岡ガス,2021-08,CONTINUE,4,58.18,67.52,True,True,9.34,2021-05,1045.0,1280.0,1280.0,22.49,,,,,,,,,,,,,,,,,,,,,,,,False,,tv_wilder_rsi14_sma5_v1,67.52,58.18,True,True,9.34
2170,2170.T,リンクアンドモチベーション,2021-08,CONTINUE,3,58.42,67.57,True,True,9.15,2021-06,782.0,1026.0,1026.0,31.2,,,,,,,,,,,,,,,,,,,,,,,,False,,tv_wilder_rsi14_sma5_v1,67.57,58.42,True,True,9.15
4714,4714.T,リソー教育グループ,2021-08,CONTINUE,3,51.33,60.46,True,True,9.14,2021-06,333.0,399.0,399.0,19.82,,,,,,,,,,,,,,,,,,,,,,,,False,,tv_wilder_rsi14_sma5_v1,60.46,51.33,True,True,9.14
4958,4958.T,長谷川香料,2021-08,CONTINUE,6,58.38,67.51,True,True,9.13,2021-03,2115.0,2792.0,2792.0,32.01,,,,,,,,,,,,,,,,,,,,,,,,False,,tv_wilder_rsi14_sma5_v1,67.51,58.38,True,True,9.13
5805,5805.T,ＳＷＣＣ,2021-08,CONTINUE,4,68.42,77.54,True,True,9.12,2021-05,1696.0,2292.0,2292.0,35.14,,,,,,,,,,,,,,,,,,,,,,,,False,,tv_wilder_rsi14_sma5_v1,77.54,68.42,True,True,9.12
2475,2475.T,ＷＤＢホールディングス,2021-08,CONTINUE,4,52.7,61.81,True,True,9.11,2021-05,2550.0,3415.0,3415.0,33.92,,,,,,,,,,,,,,,,,,,,,,,,False,,tv_wilder_rsi14_sma5_v1,61.81,52.7,True,True,9.11
3150,3150.T,グリムス,2021-08,CONTINUE,4,62.76,71.79,True,True,9.03,2021-05,1818.0,2795.0,2795.0,53.74,,,,,,,,,,,,,,,,,,,,,,,,False,,tv_wilder_rsi14_sma5_v1,71.79,62.76,True,True,9.03
6238,6238.T,フリュー,2021-08,CONTINUE,4,59.09,68.05,True,True,8.96,2021-05,1135.0,1556.0,1556.0,37.09,,,,,,,,,,,,,,,,,,,,,,,,False,,tv_wilder_rsi14_sma5_v1,68.05,59.09,True,True,8.96
4272,4272.T,日本化薬,2021-08,CONTINUE,9,47.96,56.88,True,True,8.91,2020-12,956.0,1218.0,1218.0,27.41,,,,,,,,,,,,,,,,,,,,,,,,False,,tv_wilder_rsi14_sma5_v1,56.88,47.96,True,True,8.91
6430,6430.T,ダイコク電機,2021-08,NEW,1,37.05,45.91,True,True,8.86,2021-08,1065.0,1065.0,1065.0,0.0,913.44,,,True,,,,,,,,,,,,2.03,1.38,False,1,True,,,,False,,tv_wilder_rsi14_sma5_v1,45.91,37.05,True,True,8.86
9628,9628.T,燦ホールディングス,2021-08,CONTINUE,4,52.03,60.87,True,True,8.83,2021-05,595.5,712.5,712.5,19.65,,,,,,,,,,,,,,,,,,,,,,,,False,,tv_wilder_rsi14_sma5_v1,60.87,52.03,True,True,8.83
9962,9962.T,ミスミグループ本社,2021-08,CONTINUE,4,65.18,73.95,True,True,8.76,2021-05,3520.0,4365.0,4365.0,24.01,,,,,,,,,,,,,,,,,,,,,,,,False,,tv_wilder_rsi14_sma5_v1,73.95,65.18,True,True,8.76
7846,7846.T,パイロットコーポレーション,2021-08,CONTINUE,8,49.96,58.72,True,True,8.75,2021-01,1000.0,1413.33,1413.33,41.33,,,,,,,,,,,,,,,,,,,,,,,,False,,tv_wilder_rsi14_sma5_v1,58.72,49.96,True,True,8.75
8132,8132.T,シナネンホールディングス,2021-08,CONTINUE,2,61.3,69.97,True,True,8.68,2021-07,3040.0,3495.0,3495.0,14.97,,,,,,,,,,,,,,,,,,,1,True,,,,False,,tv_wilder_rsi14_sma5_v1,69.97,61.3,True,True,8.68
7456,7456.T,松田産業,2021-08,NEW,1,71.13,79.79,True,True,8.65,2021-08,2925.0,2925.0,2925.0,0.0,2426.96,,,True,,,,,,,,,,,,4.86,1.05,False,1,True,,,,False,,tv_wilder_rsi14_sma5_v1,79.79,71.13,True,True,8.65
3676,3676.T,デジタルハーツホールディングス,2021-08,NEW,1,62.79,71.27,True,True,8.47,2021-08,1971.0,1971.0,1971.0,0.0,1718.0,,,True,,,,,,,,,,,,3.76,0.97,True,1,True,,,,False,,tv_wilder_rsi14_sma5_v1,71.27,62.79,True,True,8.47
6367,6367.T,ダイキン工業,2021-08,CONTINUE,2,65.33,73.75,True,True,8.42,2021-07,22665.0,27405.0,27405.0,20.91,,,,,,,,,,,,,,,,,,,1,True,,,,False,,tv_wilder_rsi14_sma5_v1,73.75,65.33,True,True,8.42
3697,3697.T,ＳＨＩＦＴ,2021-08,CONTINUE,5,73.17,81.58,True,True,8.41,2021-04,1066.67,1676.0,1676.0,57.13,,,,,,,,,,,,,,,,,,,,,,,,False,,tv_wilder_rsi14_sma5_v1,81.58,73.17,True,True,8.41
5480,5480.T,日本冶金工業,2021-08,CONTINUE,4,57.45,65.86,True,True,8.41,2021-05,2257.0,2691.0,2691.0,19.23,,,,,,,,,,,,,,,,,,,,,,,,False,,tv_wilder_rsi14_sma5_v1,65.86,57.45,True,True,8.41
7309,7309.T,シマノ,2021-08,CONTINUE,3,67.57,75.92,True,True,8.36,2021-06,26350.0,32300.0,32300.0,22.58,,,,,,,,,,,,,,,,,,,,,,,,False,,tv_wilder_rsi14_sma5_v1,75.92,67.57,True,True,8.36
3038,3038.T,神戸物産,2021-08,CONTINUE,3,65.72,74.0,True,True,8.28,2021-06,3500.0,4280.0,4280.0,22.29,,,,,,,,,,,,,,,,,,,,,,,,False,,tv_wilder_rsi14_sma5_v1,74.0,65.72,True,True,8.28
6490,6490.T,ＰＩＬＬＡＲ,2021-08,CONTINUE,10,69.74,77.92,True,True,8.18,2020-11,1621.0,2589.0,2589.0,59.72,,,,,,,,,,,,,,,,,,,,,,,,False,,tv_wilder_rsi14_sma5_v1,77.92,69.74,True,True,8.18
9303,9303.T,住友倉庫,2021-08,CONTINUE,7,59.69,67.86,True,True,8.18,2021-02,1464.0,1788.0,1788.0,22.13,,,,,,,,,,,,,,,,,,,,,,,,False,,tv_wilder_rsi14_sma5_v1,67.86,59.69,True,True,8.18
4809,4809.T,パラカ,2021-08,CONTINUE,2,46.17,54.23,True,True,8.07,2021-07,1675.0,1844.0,1844.0,10.09,,,,,,,,,,,,,,,,,,,1,True,,,,False,,tv_wilder_rsi14_sma5_v1,54.23,46.17,True,True,8.07
2168,2168.T,パソナグループ,2021-08,CONTINUE,3,63.39,71.44,True,True,8.06,2021-06,2160.0,2668.0,2668.0,23.52,,,,,,,,,,,,,,,,,,,,,,,,False,,tv_wilder_rsi14_sma5_v1,71.44,63.39,True,True,8.06
4275,4275.T,カーリット,2021-08,CONTINUE,3,56.79,64.84,True,True,8.05,2021-06,723.0,878.0,878.0,21.44,,,,,,,,,,,,,,,,,,,,,,,,False,,tv_wilder_rsi14_sma5_v1,64.84,56.79,True,True,8.05
7433,7433.T,伯東,2021-08,CONTINUE,8,63.44,71.37,True,True,7.93,2021-01,1225.0,1805.0,1805.0,47.35,,,,,,,,,,,,,,,,,,,,,,,,False,,tv_wilder_rsi14_sma5_v1,71.37,63.44,True,True,7.93
3397,3397.T,トリドールホールディングス,2021-08,CONTINUE,8,68.31,76.22,True,True,7.91,2021-01,1535.0,2323.0,2323.0,51.34,,,,,,,,,,,,,,,,,,,,,,,,False,,tv_wilder_rsi14_sma5_v1,76.22,68.31,True,True,7.91
3923,3923.T,ラクス,2021-08,CONTINUE,3,73.3,81.21,True,True,7.91,2021-06,1517.5,1945.0,1945.0,28.17,,,,,,,,,,,,,,,,,,,,,,,,False,,tv_wilder_rsi14_sma5_v1,81.21,73.3,True,True,7.91
9025,9025.T,鴻池運輸,2021-08,CONTINUE,7,46.52,54.43,True,True,7.91,2021-02,1033.0,1369.0,1369.0,32.53,,,,,,,,,,,,,,,,,,,,,,,,False,,tv_wilder_rsi14_sma5_v1,54.43,46.52,True,True,7.91
7741,7741.T,ＨＯＹＡ,2021-08,CONTINUE,4,70.7,78.54,True,True,7.85,2021-05,14350.0,17780.0,17780.0,23.9,,,,,,,,,,,,,,,,,,,,,,,,False,,tv_wilder_rsi14_sma5_v1,78.54,70.7,True,True,7.85
9629,9629.T,ピー  ･シー  ･エー,2021-08,CONTINUE,2,57.15,64.95,True,True,7.8,2021-07,1600.0,1813.33,1813.33,13.33,,,,,,,,,,,,,,,,,,,1,True,,,,False,,tv_wilder_rsi14_sma5_v1,64.95,57.15,True,True,7.8
3028,3028.T,アルペン,2021-08,CONTINUE,4,74.02,81.8,True,True,7.78,2021-05,2686.0,3475.0,3475.0,29.37,,,,,,,,,,,,,,,,,,,,,,,,False,,tv_wilder_rsi14_sma5_v1,81.8,74.02,True,True,7.78
2802,2802.T,味の素,2021-08,CONTINUE,4,64.89,72.66,True,True,7.76,2021-05,1258.0,1622.0,1622.0,28.93,,,,,,,,,,,,,,,,,,,,,,,,False,,tv_wilder_rsi14_sma5_v1,72.66,64.89,True,True,7.76
9932,9932.T,杉本商事,2021-08,CONTINUE,2,60.9,68.66,True,True,7.75,2021-07,1234.0,1335.0,1335.0,8.18,,,,,,,,,,,,,,,,,,,1,True,,,,False,,tv_wilder_rsi14_sma5_v1,68.66,60.9,True,True,7.75
2211,2211.T,不二家,2021-08,CONTINUE,2,49.5,57.15,True,True,7.65,2021-07,2261.0,2378.0,2378.0,5.17,,,,,,,,,,,,,,,,,,,1,True,,,,False,,tv_wilder_rsi14_sma5_v1,57.15,49.5,True,True,7.65
8399,8399.T,琉球銀行,2021-08,CONTINUE,3,32.39,40.04,True,True,7.65,2021-06,718.0,803.0,803.0,11.84,,,,,,,,,,,,,,,,,,,,,,,,False,,tv_wilder_rsi14_sma5_v1,40.04,32.39,True,True,7.65
2175,2175.T,エス・エム・エス,2021-08,NEW,1,55.5,63.12,True,True,7.62,2021-08,3895.0,3895.0,3895.0,0.0,3408.8,,,True,,,,,,,,,,,,3.21,1.11,False,1,True,,,,False,,tv_wilder_rsi14_sma5_v1,63.12,55.5,True,True,7.62
2491,2491.T,バリューコマース,2021-08,CONTINUE,2,61.12,68.74,True,True,7.62,2021-07,3790.0,4515.0,4515.0,19.13,,,,,,,,,,,,,,,,,,,1,True,,,,False,,tv_wilder_rsi14_sma5_v1,68.74,61.12,True,True,7.62
4483,4483.T,ＪＭＤＣ,2021-08,CONTINUE,3,70.62,78.21,True,True,7.59,2021-06,5540.0,7540.0,7540.0,36.1,,,,,,,,,,,,,,,,,,,,,,,,False,,tv_wilder_rsi14_sma5_v1,78.21,70.62,True,True,7.59
8194,8194.T,ライフコーポレーション,2021-08,CONTINUE,3,56.18,63.75,True,True,7.57,2021-06,1762.5,2175.0,2175.0,23.4,,,,,,,,,,,,,,,,,,,,,,,,False,,tv_wilder_rsi14_sma5_v1,63.75,56.18,True,True,7.57
3844,3844.T,コムチュア,2021-08,NEW,1,52.61,60.15,True,True,7.54,2021-08,2993.0,2993.0,2993.0,0.0,2597.04,,,True,,,,,,,,,,,,2.54,1.02,False,1,True,,,,False,,tv_wilder_rsi14_sma5_v1,60.15,52.61,True,True,7.54
4112,4112.T,保土谷化学工業,2021-08,NEW,1,50.39,57.91,True,True,7.52,2021-08,2535.0,2535.0,2535.0,0.0,2263.1,,,True,,,,,,,,,,,,3.28,1.07,False,1,True,,,,False,,tv_wilder_rsi14_sma5_v1,57.91,50.39,True,True,7.52
6866,6866.T,日置電機,2021-08,CONTINUE,6,69.94,77.47,True,True,7.52,2021-03,4295.0,8140.0,8140.0,89.52,,,,,,,,,,,,,,,,,,,,,,,,False,,tv_wilder_rsi14_sma5_v1,77.47,69.94,True,True,7.52
1969,1969.T,高砂熱学工業,2021-08,CONTINUE,10,57.55,65.06,True,True,7.51,2020-11,716.5,1063.5,1063.5,48.43,,,,,,,,,,,,,,,,,,,,,,,,False,,tv_wilder_rsi14_sma5_v1,65.06,57.55,True,True,7.51
5411,5411.T,ＪＦＥホールディングス,2021-08,NEW,1,56.34,63.83,True,True,7.49,2021-08,1785.0,1785.0,1785.0,0.0,1500.32,,,True,,,,,,,,,,,,4.41,1.04,False,1,True,,,,False,,tv_wilder_rsi14_sma5_v1,63.83,56.34,True,True,7.49
6050,6050.T,イー・ガーディアン,2021-08,NEW,1,54.59,62.06,True,True,7.47,2021-08,3310.0,3310.0,3310.0,0.0,3001.04,,,True,,,,,,,,,,,,3.22,0.77,True,1,True,,,,False,,tv_wilder_rsi14_sma5_v1,62.06,54.59,True,True,7.47
8281,8281.T,ゼビオホールディングス,2021-08,CONTINUE,4,46.86,54.3,True,True,7.44,2021-05,941.0,1105.0,1105.0,17.43,,,,,,,,,,,,,,,,,,,,,,,,False,,tv_wilder_rsi14_sma5_v1,54.3,46.86,True,True,7.44
4694,4694.T,ビー・エム・エル,2021-08,NEW,1,64.68,72.1,True,True,7.42,2021-08,4450.0,4450.0,4450.0,0.0,4305.6,,,True,,,,,,,,,,,,3.68,0.77,True,1,True,,,,False,,tv_wilder_rsi14_sma5_v1,72.1,64.68,True,True,7.42
4722,4722.T,フューチャー,2021-08,NEW,1,58.47,65.89,True,True,7.42,2021-08,1226.0,1226.0,1226.0,0.0,1090.3,,,True,,,,,,,,,,,,2.97,1.16,False,1,True,,,,False,,tv_wilder_rsi14_sma5_v1,65.89,58.47,True,True,7.42
6062,6062.T,チャーム  ･ケア  ･コーポレーション,2021-08,NEW,1,58.33,65.74,True,True,7.41,2021-08,1523.0,1523.0,1523.0,0.0,1366.52,,,True,,,,,,,,,,,,4.87,0.82,True,1,True,,,,False,,tv_wilder_rsi14_sma5_v1,65.74,58.33,True,True,7.41
6645,6645.T,オムロン,2021-08,CONTINUE,3,64.73,72.13,True,True,7.4,2021-06,8810.0,10380.0,10380.0,17.82,,,,,,,,,,,,,,,,,,,,,,,,False,,tv_wilder_rsi14_sma5_v1,72.13,64.73,True,True,7.4
4091,4091.T,日本酸素ホールディングス,2021-08,CONTINUE,10,61.15,68.54,True,True,7.39,2020-11,1744.0,2670.0,2670.0,53.1,,,,,,,,,,,,,,,,,,,,,,,,False,,tv_wilder_rsi14_sma5_v1,68.54,61.15,True,True,7.39
7723,7723.T,愛知時計電機,2021-08,CONTINUE,3,53.44,60.77,True,True,7.33,2021-06,1433.33,1540.0,1540.0,7.44,,,,,,,,,,,,,,,,,,,,,,,,False,,tv_wilder_rsi14_sma5_v1,60.77,53.44,True,True,7.33
2207,2207.T,ｍｅｉｔｏ,2021-08,CONTINUE,7,59.09,66.41,True,True,7.32,2021-02,1511.0,1735.0,1735.0,14.82,,,,,,,,,,,,,,,,,,,,,,,,False,,tv_wilder_rsi14_sma5_v1,66.41,59.09,True,True,7.32
3315,3315.T,日本コークス工業,2021-08,NEW,1,60.6,67.91,False,True,7.31,2021-08,126.0,126.0,126.0,0.0,112.24,,,True,,,,,,,,,,,,3.34,0.98,True,1,True,,,,False,,tv_wilder_rsi14_sma5_v1,67.91,60.6,True,False,7.31
4078,4078.T,堺化学工業,2021-08,CONTINUE,2,44.13,51.4,True,True,7.27,2021-07,1891.0,2130.0,2130.0,12.64,,,,,,,,,,,,,,,,,,,1,True,,,,False,,tv_wilder_rsi14_sma5_v1,51.4,44.13,True,True,7.27
9107,9107.T,川崎汽船,2021-08,CONTINUE,13,72.58,79.83,True,True,7.25,2020-08,131.44,612.22,612.22,365.77,,,,,,,,,,,,,,,,,,,,,,,,False,,tv_wilder_rsi14_sma5_v1,79.83,72.58,True,True,7.25
7747,7747.T,朝日インテック,2021-08,CONTINUE,2,49.66,56.9,True,True,7.23,2021-07,2958.0,3330.0,3330.0,12.58,,,,,,,,,,,,,,,,,,,1,True,,,,False,,tv_wilder_rsi14_sma5_v1,56.9,49.66,True,True,7.23
2975,2975.T,スター・マイカ・ホールディングス,2021-08,CONTINUE,3,44.36,51.56,True,True,7.2,2021-06,600.0,695.5,695.5,15.92,,,,,,,,,,,,,,,,,,,,,,,,False,,tv_wilder_rsi14_sma5_v1,51.56,44.36,True,True,7.2
4631,4631.T,ＤＩＣ,2021-08,CONTINUE,7,51.76,58.93,True,True,7.17,2021-02,2609.0,3165.0,3165.0,21.31,,,,,,,,,,,,,,,,,,,,,,,,False,,tv_wilder_rsi14_sma5_v1,58.93,51.76,True,True,7.17
3349,3349.T,コスモス薬品,2021-08,CONTINUE,3,58.54,65.7,True,True,7.16,2021-06,8150.0,9740.0,9740.0,19.51,,,,,,,,,,,,,,,,,,,,,,,,False,,tv_wilder_rsi14_sma5_v1,65.7,58.54,True,True,7.16
7701,7701.T,島津製作所,2021-08,CONTINUE,3,65.35,72.5,True,True,7.15,2021-06,4295.0,4935.0,4935.0,14.9,,,,,,,,,,,,,,,,,,,,,,,,False,,tv_wilder_rsi14_sma5_v1,72.5,65.35,True,True,7.15
2181,2181.T,パーソルホールディングス,2021-08,CONTINUE,3,56.38,63.49,True,True,7.11,2021-06,219.5,257.2,257.2,17.18,,,,,,,,,,,,,,,,,,,,,,,,False,,tv_wilder_rsi14_sma5_v1,63.49,56.38,True,True,7.11
4251,4251.T,恵和,2021-08,CONTINUE,5,75.24,82.34,True,True,7.11,2021-04,1328.0,2392.5,2392.5,80.16,,,,,,,,,,,,,,,,,,,,,,,,False,,tv_wilder_rsi14_sma5_v1,82.34,75.24,True,True,7.11
5192,5192.T,三ツ星ベルト,2021-08,CONTINUE,4,49.74,56.85,True,True,7.11,2021-05,1754.0,2013.0,2013.0,14.77,,,,,,,,,,,,,,,,,,,,,,,,False,,tv_wilder_rsi14_sma5_v1,56.85,49.74,True,True,7.11
9418,9418.T,Ｕ－ＮＥＸＴＨＯＬＤＩＮＧＳ,2021-08,CONTINUE,12,75.67,82.78,True,True,7.11,2020-09,418.67,1028.33,1028.33,145.62,,,,,,,,,,,,,,,,,,,,,,,,False,,tv_wilder_rsi14_sma5_v1,82.78,75.67,True,True,7.11
6586,6586.T,マキタ,2021-08,CONTINUE,4,61.73,68.83,True,True,7.1,2021-05,5280.0,6320.0,6320.0,19.7,,,,,,,,,,,,,,,,,,,,,,,,False,,tv_wilder_rsi14_sma5_v1,68.83,61.73,True,True,7.1
6638,6638.T,ミマキエンジニアリング,2021-08,CONTINUE,13,63.17,70.2,True,True,7.03,2020-08,382.0,917.0,917.0,140.05,,,,,,,,,,,,,,,,,,,,,,,,False,,tv_wilder_rsi14_sma5_v1,70.2,63.17,True,True,7.03
9742,9742.T,アイネス,2021-08,NEW,1,52.47,59.49,True,True,7.03,2021-08,1580.0,1580.0,1580.0,0.0,1433.64,,,True,,,,,,,,,,,,2.36,1.18,False,1,True,,,,False,,tv_wilder_rsi14_sma5_v1,59.49,52.47,True,True,7.03
2384,2384.T,ＳＢＳホールディングス,2021-08,CONTINUE,6,73.1,80.1,True,True,7.0,2021-03,2769.0,3960.0,3960.0,43.01,,,,,,,,,,,,,,,,,,,,,,,,False,,tv_wilder_rsi14_sma5_v1,80.1,73.1,True,True,7.0
8934,8934.T,サンフロンティア不動産,2021-08,CONTINUE,3,50.9,57.9,True,True,7.0,2021-06,1046.0,1144.0,1144.0,9.37,,,,,,,,,,,,,,,,,,,,,,,,False,,tv_wilder_rsi14_sma5_v1,57.9,50.9,True,True,7.0
9663,9663.T,ナガワ,2021-08,CONTINUE,2,55.74,62.74,True,True,6.99,2021-07,8760.0,10760.0,10760.0,22.83,,,,,,,,,,,,,,,,,,,1,True,,,,False,,tv_wilder_rsi14_sma5_v1,62.74,55.74,True,True,6.99
7780,7780.T,メニコン,2021-08,CONTINUE,6,73.41,80.37,True,True,6.96,2021-03,3265.0,4515.0,4515.0,38.28,,,,,,,,,,,,,,,,,,,,,,,,False,,tv_wilder_rsi14_sma5_v1,80.37,73.41,True,True,6.96
7236,7236.T,ティラド,2021-08,CONTINUE,10,64.75,71.67,True,True,6.92,2020-11,127.9,312.5,312.5,144.33,,,,,,,,,,,,,,,,,,,,,,,,False,,tv_wilder_rsi14_sma5_v1,71.67,64.75,True,True,6.92
9902,9902.T,日伝,2021-08,CONTINUE,3,52.6,59.47,True,True,6.87,2021-06,2154.0,2422.0,2422.0,12.44,,,,,,,,,,,,,,,,,,,,,,,,False,,tv_wilder_rsi14_sma5_v1,59.47,52.6,True,True,6.87
4097,4097.T,高圧ガス工業,2021-08,NEW,1,42.77,49.62,True,True,6.85,2021-08,747.0,747.0,747.0,0.0,715.24,,,True,,,,,,,,,,,,3.21,1.18,False,1,True,,,,False,,tv_wilder_rsi14_sma5_v1,49.62,42.77,True,True,6.85
4725,4725.T,ＣＡＣＨｏｌｄｉｎｇｓ,2021-08,NEW,1,55.79,62.64,True,True,6.85,2021-08,1651.0,1651.0,1651.0,0.0,1500.08,,,True,,,,,,,,,,,,3.58,1.1,False,1,True,,,,False,,tv_wilder_rsi14_sma5_v1,62.64,55.79,True,True,6.85
8022,8022.T,美津濃,2021-08,CONTINUE,10,53.15,60.0,True,True,6.85,2020-11,604.0,871.67,871.67,44.32,,,,,,,,,,,,,,,,,,,,,,,,False,,tv_wilder_rsi14_sma5_v1,60.0,53.15,True,True,6.85
9101,9101.T,日本郵船,2021-08,CONTINUE,13,86.19,92.95,True,True,6.76,2020-08,552.67,2956.67,2956.67,434.98,,,,,,,,,,,,,,,,,,,,,,,,False,,tv_wilder_rsi14_sma5_v1,92.95,86.19,True,True,6.76
6861,6861.T,キーエンス,2021-08,CONTINUE,4,69.57,76.31,True,True,6.74,2021-05,53870.0,66130.0,66130.0,22.76,,,,,,,,,,,,,,,,,,,,,,,,False,,tv_wilder_rsi14_sma5_v1,76.31,69.57,True,True,6.74
3880,3880.T,大王製紙,2021-08,CONTINUE,2,60.82,67.52,True,True,6.7,2021-07,1880.0,2062.0,2062.0,9.68,,,,,,,,,,,,,,,,,,,1,True,,,,False,,tv_wilder_rsi14_sma5_v1,67.52,60.82,True,True,6.7
7593,7593.T,ＶＴホールディングス,2021-08,CONTINUE,4,55.95,62.65,True,True,6.7,2021-05,463.0,539.0,539.0,16.41,,,,,,,,,,,,,,,,,,,,,,,,False,,tv_wilder_rsi14_sma5_v1,62.65,55.95,True,True,6.7
4553,4553.T,東和薬品,2021-08,CONTINUE,8,58.15,64.85,True,True,6.69,2021-01,2093.0,2952.0,2952.0,41.04,,,,,,,,,,,,,,,,,,,,,,,,False,,tv_wilder_rsi14_sma5_v1,64.85,58.15,True,True,6.69
9824,9824.T,泉州電業,2021-08,CONTINUE,3,62.63,69.33,True,True,6.69,2021-06,1942.5,2162.5,2162.5,11.33,,,,,,,,,,,,,,,,,,,,,,,,False,,tv_wilder_rsi14_sma5_v1,69.33,62.63,True,True,6.69
9837,9837.T,モリト,2021-08,CONTINUE,2,43.34,49.99,True,True,6.65,2021-07,655.0,686.0,686.0,4.73,,,,,,,,,,,,,,,,,,,1,True,,,,False,,tv_wilder_rsi14_sma5_v1,49.99,43.34,True,True,6.65
6742,6742.T,京三製作所,2021-08,CONTINUE,4,45.55,52.18,True,True,6.63,2021-05,425.0,472.0,472.0,11.06,,,,,,,,,,,,,,,,,,,,,,,,False,,tv_wilder_rsi14_sma5_v1,52.18,45.55,True,True,6.63
8136,8136.T,サンリオ,2021-08,CONTINUE,7,51.4,58.01,True,True,6.61,2021-02,116.07,145.53,145.53,25.39,,,,,,,,,,,,,,,,,,,,,,,,False,,tv_wilder_rsi14_sma5_v1,58.01,51.4,True,True,6.61
1332,1332.T,ニッスイ,2021-08,CONTINUE,9,52.26,58.86,True,True,6.6,2020-12,426.0,606.0,606.0,42.25,,,,,,,,,,,,,,,,,,,,,,,,False,,tv_wilder_rsi14_sma5_v1,58.86,52.26,True,True,6.6
8084,8084.T,ＲＹＯＤＥＮ,2021-08,CONTINUE,3,56.51,63.06,True,True,6.56,2021-06,1625.0,1786.0,1786.0,9.91,,,,,,,,,,,,,,,,,,,,,,,,False,,tv_wilder_rsi14_sma5_v1,63.06,56.51,True,True,6.56
8137,8137.T,サンワ   テクノス,2021-08,CONTINUE,13,61.24,67.68,True,True,6.45,2020-08,822.0,1436.0,1436.0,74.7,,,,,,,,,,,,,,,,,,,,,,,,False,,tv_wilder_rsi14_sma5_v1,67.68,61.24,True,True,6.45
2212,2212.T,山崎製パン,2021-08,NEW,1,43.15,49.56,True,True,6.41,2021-08,1805.0,1805.0,1805.0,0.0,1656.68,,,True,,,,,,,,,,,,1.84,1.03,False,1,True,,,,False,,tv_wilder_rsi14_sma5_v1,49.56,43.15,True,True,6.41
6089,6089.T,ウィルグループ,2021-08,NEW,1,53.17,59.58,True,True,6.41,2021-08,1281.0,1281.0,1281.0,0.0,1125.0,,,True,,,,,,,,,,,,3.01,0.98,True,1,True,,,,False,,tv_wilder_rsi14_sma5_v1,59.58,53.17,True,True,6.41
9757,9757.T,船井総研ホールディングス,2021-08,CONTINUE,4,51.22,57.64,True,True,6.41,2021-05,1161.0,1357.5,1357.5,16.93,,,,,,,,,,,,,,,,,,,,,,,,False,,tv_wilder_rsi14_sma5_v1,57.64,51.22,True,True,6.41
7173,7173.T,東京きらぼしフィナンシャルグループ,2021-08,CONTINUE,7,50.48,56.88,True,True,6.4,2021-02,152.12,204.25,204.25,34.26,,,,,,,,,,,,,,,,,,,,,,,,False,,tv_wilder_rsi14_sma5_v1,56.88,50.48,True,True,6.4
7508,7508.T,Ｇ－７ホールディングス,2021-08,CONTINUE,6,71.95,78.35,True,True,6.4,2021-03,1319.5,1990.0,1990.0,50.81,,,,,,,,,,,,,,,,,,,,,,,,False,,tv_wilder_rsi14_sma5_v1,78.35,71.95,True,True,6.4
6849,6849.T,日本光電工業,2021-08,CONTINUE,3,50.57,56.95,True,True,6.38,2021-06,1585.0,1847.5,1847.5,16.56,,,,,,,,,,,,,,,,,,,,,,,,False,,tv_wilder_rsi14_sma5_v1,56.95,50.57,True,True,6.38
5384,5384.T,フジミインコーポレーテッド,2021-08,CONTINUE,6,76.57,82.93,True,True,6.35,2021-03,1438.33,2046.67,2046.67,42.29,,,,,,,,,,,,,,,,,,,,,,,,False,,tv_wilder_rsi14_sma5_v1,82.93,76.57,True,True,6.35
7537,7537.T,丸文,2021-08,CONTINUE,4,54.03,60.36,True,True,6.33,2021-05,592.0,705.0,705.0,19.09,,,,,,,,,,,,,,,,,,,,,,,,False,,tv_wilder_rsi14_sma5_v1,60.36,54.03,True,True,6.33
2264,2264.T,森永乳業,2021-08,CONTINUE,3,66.19,72.51,True,True,6.32,2021-06,723.75,867.5,867.5,19.86,,,,,,,,,,,,,,,,,,,,,,,,False,,tv_wilder_rsi14_sma5_v1,72.51,66.19,True,True,6.32
7762,7762.T,シチズン時計,2021-08,CONTINUE,9,48.83,55.11,True,True,6.28,2020-12,294.0,481.0,481.0,63.61,,,,,,,,,,,,,,,,,,,,,,,,False,,tv_wilder_rsi14_sma5_v1,55.11,48.83,True,True,6.28
3632,3632.T,グリーホールディングス,2021-08,CONTINUE,3,58.95,65.2,True,True,6.25,2021-06,588.0,649.0,649.0,10.37,,,,,,,,,,,,,,,,,,,,,,,,False,,tv_wilder_rsi14_sma5_v1,65.2,58.95,True,True,6.25
6459,6459.T,大和冷機工業,2021-08,CONTINUE,2,53.52,59.73,True,True,6.22,2021-07,1139.0,1221.0,1221.0,7.2,,,,,,,,,,,,,,,,,,,1,True,,,,False,,tv_wilder_rsi14_sma5_v1,59.73,53.52,True,True,6.22
2587,2587.T,サントリービバレッジ＆フード,2021-08,NEW,1,47.62,53.81,True,True,6.19,2021-08,4405.0,4405.0,4405.0,0.0,4097.0,,,True,,,,,,,,,,,,2.7,0.72,True,1,True,,,,False,,tv_wilder_rsi14_sma5_v1,53.81,47.62,True,True,6.19
4021,4021.T,日産化学,2021-08,NEW,1,54.83,60.97,True,True,6.13,2021-08,6170.0,6170.0,6170.0,0.0,5622.8,,,True,,,,,,,,,,,,2.16,0.99,True,1,True,,,,False,,tv_wilder_rsi14_sma5_v1,60.97,54.83,True,True,6.13
5702,5702.T,大紀アルミニウム工業所,2021-08,CONTINUE,2,69.77,75.88,True,True,6.11,2021-07,1207.0,1485.0,1485.0,23.03,,,,,,,,,,,,,,,,,,,1,True,,,,False,,tv_wilder_rsi14_sma5_v1,75.88,69.77,True,True,6.11
6036,6036.T,ＫｅｅＰｅｒ技研,2021-08,CONTINUE,3,79.19,85.29,True,True,6.11,2021-06,2900.0,3600.0,3600.0,24.14,,,,,,,,,,,,,,,,,,,,,,,,False,,tv_wilder_rsi14_sma5_v1,85.29,79.19,True,True,6.11
7599,7599.T,ＩＤＯＭ,2021-08,CONTINUE,2,60.15,66.24,True,False,6.09,2021-07,999.0,939.0,939.0,-6.01,,,,,,,,,,,,,,,,,,,1,True,,,,False,,tv_wilder_rsi14_sma5_v1,66.24,60.15,False,True,6.09
9347,9347.T,日本管財ホールディングス,2021-08,CONTINUE,7,74.76,80.83,True,True,6.07,2021-02,2089.0,2656.0,2656.0,27.14,,,,,,,,,,,,,,,,,,,,,,,,False,,tv_wilder_rsi14_sma5_v1,80.83,74.76,True,True,6.07
1979,1979.T,大氣社,2021-08,CONTINUE,8,55.02,61.08,True,True,6.06,2021-01,1397.0,1770.0,1770.0,26.7,,,,,,,,,,,,,,,,,,,,,,,,False,,tv_wilder_rsi14_sma5_v1,61.08,55.02,True,True,6.06
4626,4626.T,太陽ホールディングス,2021-08,NEW,1,52.96,58.99,False,True,6.03,2021-08,1492.5,1492.5,1492.5,0.0,1418.9,,,True,,,,,,,,,,,,1.9,0.76,True,1,True,,,,False,,tv_wilder_rsi14_sma5_v1,58.99,52.96,True,False,6.03
5444,5444.T,大和工業,2021-08,CONTINUE,16,68.29,74.32,True,True,6.03,2020-05,2225.0,4160.0,4160.0,86.97,,,,,,,,,,,,,,,,,,,,,,,,False,,tv_wilder_rsi14_sma5_v1,74.32,68.29,True,True,6.03
8113,8113.T,ユニ・チャーム,2021-08,NEW,1,55.17,61.19,True,True,6.03,2021-08,1634.67,1634.67,1634.67,0.0,1570.67,,,True,,,,,,,,,,,,1.79,0.87,True,1,True,,,,False,,tv_wilder_rsi14_sma5_v1,61.19,55.17,True,True,6.03
3763,3763.T,プロシップ,2021-08,CONTINUE,3,54.49,60.49,True,True,6.0,2021-06,699.0,792.5,792.5,13.38,,,,,,,,,,,,,,,,,,,,,,,,False,,tv_wilder_rsi14_sma5_v1,60.49,54.49,True,True,6.0
2201,2201.T,森永製菓,2021-08,NEW,1,39.37,45.33,True,True,5.95,2021-08,1930.0,1930.0,1930.0,0.0,1871.2,,,True,,,,,,,,,,,,1.99,0.88,True,1,True,,,,False,,tv_wilder_rsi14_sma5_v1,45.33,39.37,True,True,5.95
3148,3148.T,クリエイトＳＤホールディングス,2021-08,CONTINUE,2,54.54,60.48,True,True,5.94,2021-07,3670.0,3885.0,3885.0,5.86,,,,,,,,,,,,,,,,,,,1,True,,,,False,,tv_wilder_rsi14_sma5_v1,60.48,54.54,True,True,5.94
8999,8999.T,グランディハウス,2021-08,NEW,1,53.62,59.56,True,True,5.94,2021-08,496.0,496.0,496.0,0.0,465.52,,,True,,,,,,,,,,,,2.32,0.65,True,1,True,,,,False,,tv_wilder_rsi14_sma5_v1,59.56,53.62,True,True,5.94
8051,8051.T,山善,2021-08,CONTINUE,3,50.27,56.19,True,True,5.92,2021-06,1000.0,1095.0,1095.0,9.5,,,,,,,,,,,,,,,,,,,,,,,,False,,tv_wilder_rsi14_sma5_v1,56.19,50.27,True,True,5.92
2270,2270.T,雪印メグミルク,2021-08,NEW,1,42.27,48.19,True,True,5.91,2021-08,2305.0,2305.0,2305.0,0.0,2213.12,,,True,,,,,,,,,,,,2.32,0.75,True,1,True,,,,False,,tv_wilder_rsi14_sma5_v1,48.19,42.27,True,True,5.91
6098,6098.T,リクルートホールディングス,2021-08,CONTINUE,2,66.75,72.66,True,True,5.91,2021-07,5629.0,6500.0,6500.0,15.47,,,,,,,,,,,,,,,,,,,1,True,,,,False,,tv_wilder_rsi14_sma5_v1,72.66,66.75,True,True,5.91
8630,8630.T,ＳＯＭＰＯホールディングス,2021-08,CONTINUE,2,55.13,61.04,True,True,5.91,2021-07,1510.0,1609.33,1609.33,6.58,,,,,,,,,,,,,,,,,,,1,True,,,,False,,tv_wilder_rsi14_sma5_v1,61.04,55.13,True,True,5.91
4046,4046.T,大阪ソーダ,2021-08,NEW,1,46.81,52.71,True,True,5.9,2021-08,533.6,533.6,533.6,0.0,507.32,,,True,,,,,,,,,,,,1.65,1.07,False,1,True,,,,False,,tv_wilder_rsi14_sma5_v1,52.71,46.81,True,True,5.9
2918,2918.T,わらべや日洋ホールディングス,2021-08,CONTINUE,8,61.01,66.9,True,True,5.89,2021-01,1630.0,2409.0,2409.0,47.79,,,,,,,,,,,,,,,,,,,,,,,,False,,tv_wilder_rsi14_sma5_v1,66.9,61.01,True,True,5.89
7327,7327.T,第四北越フィナンシャルグループ,2021-08,CONTINUE,13,43.93,49.82,True,True,5.89,2020-08,339.83,451.67,451.67,32.91,,,,,,,,,,,,,,,,,,,,,,,,False,,tv_wilder_rsi14_sma5_v1,49.82,43.93,True,True,5.89
4323,4323.T,日本システム技術,2021-08,CONTINUE,2,54.65,60.52,True,True,5.87,2021-07,452.5,472.75,472.75,4.48,,,,,,,,,,,,,,,,,,,1,True,,,,False,,tv_wilder_rsi14_sma5_v1,60.52,54.65,True,True,5.87
7476,7476.T,アズワン,2021-08,CONTINUE,3,59.07,64.94,True,True,5.87,2021-06,3627.5,4087.5,4087.5,12.68,,,,,,,,,,,,,,,,,,,,,,,,False,,tv_wilder_rsi14_sma5_v1,64.94,59.07,True,True,5.87
7187,7187.T,ジェイリース,2021-08,CONTINUE,8,78.75,84.61,True,True,5.86,2021-01,380.5,819.5,819.5,115.37,,,,,,,,,,,,,,,,,,,,,,,,False,,tv_wilder_rsi14_sma5_v1,84.61,78.75,True,True,5.86
4633,4633.T,サカタインクス,2021-08,CONTINUE,2,46.67,52.51,True,True,5.83,2021-07,1070.0,1141.0,1141.0,6.64,,,,,,,,,,,,,,,,,,,1,True,,,,False,,tv_wilder_rsi14_sma5_v1,52.51,46.67,True,True,5.83
9627,9627.T,アインホールディングス,2021-08,NEW,1,48.82,54.59,True,True,5.77,2021-08,7430.0,7430.0,7430.0,0.0,7081.6,,,True,,,,,,,,,,,,1.94,0.98,True,1,True,,,,False,,tv_wilder_rsi14_sma5_v1,54.59,48.82,True,True,5.77
4229,4229.T,群栄化学工業,2021-08,CONTINUE,3,47.37,53.13,True,True,5.76,2021-06,2456.0,2700.0,2700.0,9.93,,,,,,,,,,,,,,,,,,,,,,,,False,,tv_wilder_rsi14_sma5_v1,53.13,47.37,True,True,5.76
3774,3774.T,インターネットイニシアティブ,2021-08,CONTINUE,6,75.52,81.28,True,True,5.75,2021-03,1299.0,1917.5,1917.5,47.61,,,,,,,,,,,,,,,,,,,,,,,,False,,tv_wilder_rsi14_sma5_v1,81.28,75.52,True,True,5.75
2594,2594.T,キーコーヒー,2021-08,CONTINUE,2,47.63,53.33,True,True,5.69,2021-07,2117.0,2197.0,2197.0,3.78,,,,,,,,,,,,,,,,,,,1,True,,,,False,,tv_wilder_rsi14_sma5_v1,53.33,47.63,True,True,5.69
7867,7867.T,タカラトミー,2021-08,CONTINUE,2,48.48,54.17,True,True,5.69,2021-07,960.0,1080.0,1080.0,12.5,,,,,,,,,,,,,,,,,,,1,True,,,,False,,tv_wilder_rsi14_sma5_v1,54.17,48.48,True,True,5.69
2897,2897.T,日清食品ホールディングス,2021-08,NEW,1,46.83,52.51,True,True,5.68,2021-08,2853.33,2853.33,2853.33,0.0,2737.6,,,True,,,,,,,,,,,,1.49,0.9,True,1,True,,,,False,,tv_wilder_rsi14_sma5_v1,52.51,46.83,True,True,5.68
4443,4443.T,Ｓａｎｓａｎ,2021-08,NEW,1,62.51,68.18,True,True,5.67,2021-08,2935.0,2935.0,2935.0,0.0,2364.8,,,True,,,,,,,,,,,,4.08,1.21,False,1,True,,,,False,,tv_wilder_rsi14_sma5_v1,68.18,62.51,True,True,5.67
7984,7984.T,コクヨ,2021-08,CONTINUE,12,60.8,66.38,True,True,5.57,2020-09,330.0,481.25,481.25,45.83,,,,,,,,,,,,,,,,,,,,,,,,False,,tv_wilder_rsi14_sma5_v1,66.38,60.8,True,True,5.57
1975,1975.T,朝日工業社,2021-08,CONTINUE,4,51.53,57.07,True,True,5.55,2021-05,740.5,857.5,857.5,15.8,,,,,,,,,,,,,,,,,,,,,,,,False,,tv_wilder_rsi14_sma5_v1,57.07,51.53,True,True,5.55
4116,4116.T,大日精化工業,2021-08,NEW,1,43.39,48.94,True,True,5.55,2021-08,633.75,633.75,633.75,0.0,600.89,,,True,,,,,,,,,,,,2.42,0.81,True,1,True,,,,False,,tv_wilder_rsi14_sma5_v1,48.94,43.39,True,True,5.55
8367,8367.T,南都銀行,2021-08,CONTINUE,7,40.97,46.5,True,True,5.52,2021-02,362.4,402.8,402.8,11.15,,,,,,,,,,,,,,,,,,,,,,,,False,,tv_wilder_rsi14_sma5_v1,46.5,40.97,True,True,5.52
2590,2590.T,ダイドーグループホールディングス,2021-08,CONTINUE,2,52.02,57.52,True,True,5.5,2021-07,2655.0,2810.0,2810.0,5.84,,,,,,,,,,,,,,,,,,,1,True,,,,False,,tv_wilder_rsi14_sma5_v1,57.52,52.02,True,True,5.5
9759,9759.T,ＮＳＤ,2021-08,CONTINUE,3,54.92,60.41,True,True,5.49,2021-06,1856.0,2049.0,2049.0,10.4,,,,,,,,,,,,,,,,,,,,,,,,False,,tv_wilder_rsi14_sma5_v1,60.41,54.92,True,True,5.49
1945,1945.T,東京エネシス,2021-08,CONTINUE,13,57.24,62.71,True,True,5.46,2020-08,769.0,1056.0,1056.0,37.32,,,,,,,,,,,,,,,,,,,,,,,,False,,tv_wilder_rsi14_sma5_v1,62.71,57.24,True,True,5.46
3994,3994.T,マネーフォワード,2021-08,CONTINUE,5,73.18,78.64,True,True,5.46,2021-04,5850.0,8860.0,8860.0,51.45,,,,,,,,,,,,,,,,,,,,,,,,False,,tv_wilder_rsi14_sma5_v1,78.64,73.18,True,True,5.46
6363,6363.T,酉島製作所,2021-08,NEW,1,50.29,55.74,True,True,5.45,2021-08,947.0,947.0,947.0,0.0,898.8,,,True,,,,,,,,,,,,2.24,1.29,False,1,True,,,,False,,tv_wilder_rsi14_sma5_v1,55.74,50.29,True,True,5.45
5803,5803.T,フジクラ,2021-08,CONTINUE,2,57.85,63.28,True,True,5.43,2021-07,92.83,105.67,105.67,13.82,,,,,,,,,,,,,,,,,,,1,True,,,,False,,tv_wilder_rsi14_sma5_v1,63.28,57.85,True,True,5.43
6420,6420.T,ガリレイ,2021-08,CONTINUE,3,56.78,62.19,True,True,5.41,2021-06,2232.5,2425.0,2425.0,8.62,,,,,,,,,,,,,,,,,,,,,,,,False,,tv_wilder_rsi14_sma5_v1,62.19,56.78,True,True,5.41
7504,7504.T,高速,2021-08,CONTINUE,3,53.81,59.22,True,True,5.41,2021-06,1473.0,1633.0,1633.0,10.86,,,,,,,,,,,,,,,,,,,,,,,,False,,tv_wilder_rsi14_sma5_v1,59.22,53.81,True,True,5.41
6652,6652.T,ＩＤＥＣ,2021-08,CONTINUE,4,54.53,59.93,True,True,5.4,2021-05,2044.0,2284.0,2284.0,11.74,,,,,,,,,,,,,,,,,,,,,,,,False,,tv_wilder_rsi14_sma5_v1,59.93,54.53,True,True,5.4
8012,8012.T,長瀬産業,2021-08,CONTINUE,2,56.57,61.96,True,True,5.4,2021-07,417.25,453.75,453.75,8.75,,,,,,,,,,,,,,,,,,,1,True,,,,False,,tv_wilder_rsi14_sma5_v1,61.96,56.57,True,True,5.4
9715,9715.T,トランス・コスモス,2021-08,CONTINUE,6,60.72,66.1,True,True,5.39,2021-03,2986.0,3440.0,3440.0,15.2,,,,,,,,,,,,,,,,,,,,,,,,False,,tv_wilder_rsi14_sma5_v1,66.1,60.72,True,True,5.39
7322,7322.T,三十三フィナンシャルグループ,2021-08,CONTINUE,7,41.14,46.48,True,True,5.34,2021-02,337.5,364.0,364.0,7.85,,,,,,,,,,,,,,,,,,,,,,,,False,,tv_wilder_rsi14_sma5_v1,46.48,41.14,True,True,5.34
7994,7994.T,オカムラ,2021-08,CONTINUE,13,70.15,75.44,True,True,5.29,2020-08,745.0,1692.0,1692.0,127.11,,,,,,,,,,,,,,,,,,,,,,,,False,,tv_wilder_rsi14_sma5_v1,75.44,70.15,True,True,5.29
4216,4216.T,旭有機材,2021-08,NEW,1,46.11,51.39,True,True,5.28,2021-08,1493.0,1493.0,1493.0,0.0,1418.28,,,True,,,,,,,,,,,,1.56,0.89,True,1,True,,,,False,,tv_wilder_rsi14_sma5_v1,51.39,46.11,True,True,5.28
6330,6330.T,東洋エンジニアリング,2021-08,CONTINUE,12,58.67,63.94,True,True,5.26,2020-09,339.0,891.0,891.0,162.83,,,,,,,,,,,,,,,,,,,,,,,,False,,tv_wilder_rsi14_sma5_v1,63.94,58.67,True,True,5.26
1873,1873.T,日本ハウスホールディングス,2021-08,CONTINUE,4,51.08,56.33,True,True,5.25,2021-05,342.0,424.0,424.0,23.98,,,,,,,,,,,,,,,,,,,,,,,,False,,tv_wilder_rsi14_sma5_v1,56.33,51.08,True,True,5.25
7917,7917.T,ＺＡＣＲＯＳ,2021-08,NEW,1,55.15,60.41,True,True,5.25,2021-08,1146.25,1146.25,1146.25,0.0,1082.0,,,True,,,,,,,,,,,,2.66,1.11,False,1,True,,,,False,,tv_wilder_rsi14_sma5_v1,60.41,55.15,True,True,5.25
2737,2737.T,トーメンデバイス,2021-08,CONTINUE,3,65.07,70.31,True,False,5.23,2021-06,4065.0,4950.0,4950.0,21.77,,,,,,,,,,,,,,,,,,,,,,,,False,,tv_wilder_rsi14_sma5_v1,70.31,65.07,False,True,5.23
6454,6454.T,マックス,2021-08,CONTINUE,8,58.15,63.36,True,True,5.21,2021-01,380.25,481.75,481.75,26.69,,,,,,,,,,,,,,,,,,,,,,,,False,,tv_wilder_rsi14_sma5_v1,63.36,58.15,True,True,5.21
1417,1417.T,ミライト・ワン,2021-08,CONTINUE,10,63.65,68.82,True,True,5.17,2020-11,1565.0,2191.0,2191.0,40.0,,,,,,,,,,,,,,,,,,,,,,,,False,,tv_wilder_rsi14_sma5_v1,68.82,63.65,True,True,5.17
4536,4536.T,参天製薬,2021-08,CONTINUE,3,42.78,47.96,True,True,5.17,2021-06,1530.0,1640.0,1640.0,7.19,,,,,,,,,,,,,,,,,,,,,,,,False,,tv_wilder_rsi14_sma5_v1,47.96,42.78,True,True,5.17
6315,6315.T,ＴＯＷＡ,2021-08,CONTINUE,3,70.38,75.55,True,True,5.17,2021-06,760.33,908.67,908.67,19.51,,,,,,,,,,,,,,,,,,,,,,,,False,,tv_wilder_rsi14_sma5_v1,75.55,70.38,True,True,5.17
8725,8725.T,ＭＳ＆ＡＤ  ｲﾝｼｭｱﾗﾝｽｸﾞﾙｰﾌﾟﾎｰﾙﾃﾞｨﾝｸﾞｽ,2021-08,CONTINUE,13,52.85,58.0,True,True,5.16,2020-08,980.33,1185.0,1185.0,20.88,,,,,,,,,,,,,,,,,,,,,,,,False,,tv_wilder_rsi14_sma5_v1,58.0,52.85,True,True,5.16
6309,6309.T,巴工業,2021-08,CONTINUE,9,55.16,60.31,True,True,5.15,2020-12,663.33,786.67,786.67,18.59,,,,,,,,,,,,,,,,,,,,,,,,False,,tv_wilder_rsi14_sma5_v1,60.31,55.16,True,True,5.15
8600,8600.T,トモニホールディングス,2021-08,NEW,1,41.01,46.15,True,True,5.15,2021-08,323.0,323.0,323.0,0.0,309.68,,,True,,,,,,,,,,,,1.75,0.9,True,1,True,,,,False,,tv_wilder_rsi14_sma5_v1,46.15,41.01,True,True,5.15
1952,1952.T,新日本空調,2021-08,CONTINUE,2,52.33,57.46,False,True,5.13,2021-07,1119.5,1188.0,1188.0,6.12,,,,,,,,,,,,,,,,,,,1,True,,,,False,,tv_wilder_rsi14_sma5_v1,57.46,52.33,True,False,5.13
417A,417A.T,ブルーゾーンホールディングス,2021-08,NEW,1,51.56,56.68,True,True,5.13,2021-08,1430.0,1430.0,1430.0,0.0,1381.28,,,True,,,,,,,,,,,,2.02,1.12,False,1,True,,,,False,,tv_wilder_rsi14_sma5_v1,56.68,51.56,True,True,5.13
6544,6544.T,ｼﾞｬﾊﾟﾝｴﾚﾍﾞｰﾀｰｻｰﾋﾞｽﾎｰﾙﾃﾞｨﾝｸﾞｽ,2021-08,CONTINUE,3,66.73,71.85,True,True,5.12,2021-06,1291.0,1450.5,1450.5,12.35,,,,,,,,,,,,,,,,,,,,,,,,False,,tv_wilder_rsi14_sma5_v1,71.85,66.73,True,True,5.12
4743,4743.T,アイティフォー,2021-08,NEW,1,48.22,53.33,True,True,5.11,2021-08,874.0,874.0,874.0,0.0,796.92,,,True,,,,,,,,,,,,2.68,0.83,True,1,True,,,,False,,tv_wilder_rsi14_sma5_v1,53.33,48.22,True,True,5.11
8070,8070.T,東京産業,2021-08,CONTINUE,2,57.81,62.92,True,True,5.11,2021-07,701.0,706.0,706.0,0.71,,,,,,,,,,,,,,,,,,,1,True,,,,False,,tv_wilder_rsi14_sma5_v1,62.92,57.81,True,True,5.11
1780,1780.T,ヤマウラ,2021-08,NEW,1,53.95,59.05,True,True,5.1,2021-08,960.0,960.0,960.0,0.0,924.56,,,True,,,,,,,,,,,,0.95,0.72,True,1,True,,,,False,,tv_wilder_rsi14_sma5_v1,59.05,53.95,True,True,5.1
3431,3431.T,宮地エンジニアリンググループ,2021-08,CONTINUE,2,58.17,63.27,True,True,5.1,2021-07,630.0,664.25,664.25,5.44,,,,,,,,,,,,,,,,,,,1,True,,,,False,,tv_wilder_rsi14_sma5_v1,63.27,58.17,True,True,5.1
6947,6947.T,図研,2021-08,CONTINUE,6,66.6,71.69,True,True,5.09,2021-03,2826.0,3650.0,3650.0,29.16,,,,,,,,,,,,,,,,,,,,,,,,False,,tv_wilder_rsi14_sma5_v1,71.69,66.6,True,True,5.09
7912,7912.T,大日本印刷,2021-08,CONTINUE,7,53.13,58.22,True,True,5.09,2021-02,957.0,1308.0,1308.0,36.68,,,,,,,,,,,,,,,,,,,,,,,,False,,tv_wilder_rsi14_sma5_v1,58.22,53.13,True,True,5.09
8544,8544.T,京葉銀行,2021-08,CONTINUE,2,33.13,38.19,True,True,5.06,2021-07,418.0,445.0,445.0,6.46,,,,,,,,,,,,,,,,,,,1,True,,,,False,,tv_wilder_rsi14_sma5_v1,38.19,33.13,True,True,5.06
9075,9075.T,福山通運,2021-08,NEW,1,50.44,55.49,True,True,5.05,2021-08,4630.0,4630.0,4630.0,0.0,4396.4,,,True,,,,,,,,,,,,3.12,1.02,False,1,True,,,,False,,tv_wilder_rsi14_sma5_v1,55.49,50.44,True,True,5.05
9302,9302.T,三井倉庫ホールディングス,2021-08,CONTINUE,4,66.92,71.97,True,True,5.05,2021-05,761.33,894.33,894.33,17.47,,,,,,,,,,,,,,,,,,,,,,,,False,,tv_wilder_rsi14_sma5_v1,71.97,66.92,True,True,5.05
3371,3371.T,ソフトクリエイトホールディングス,2021-08,CONTINUE,3,54.19,59.21,True,True,5.02,2021-06,1275.0,1550.0,1550.0,21.57,,,,,,,,,,,,,,,,,,,,,,,,False,,tv_wilder_rsi14_sma5_v1,59.21,54.19,True,True,5.02
4368,4368.T,扶桑化学工業,2021-08,NEW,1,63.97,68.97,True,True,4.99,2021-08,1510.0,1510.0,1510.0,0.0,1428.8,,,True,,,,,,,,,,,,2.44,0.92,True,1,True,,,,False,,tv_wilder_rsi14_sma5_v1,68.97,63.97,True,True,4.99
4318,4318.T,クイック,2021-08,NEW,1,48.65,53.63,True,True,4.98,2021-08,458.33,458.33,458.33,0.0,427.4,,,True,,,,,,,,,,,,1.97,1.04,False,1,True,,,,False,,tv_wilder_rsi14_sma5_v1,53.63,48.65,True,True,4.98
4092,4092.T,日本化学工業,2021-08,CONTINUE,3,56.04,60.99,True,True,4.96,2021-06,3025.0,3325.0,3325.0,9.92,,,,,,,,,,,,,,,,,,,,,,,,False,,tv_wilder_rsi14_sma5_v1,60.99,56.04,True,True,4.96
8059,8059.T,第一実業,2021-08,CONTINUE,12,68.2,73.15,True,True,4.95,2020-09,1235.0,1570.0,1570.0,27.13,,,,,,,,,,,,,,,,,,,,,,,,False,,tv_wilder_rsi14_sma5_v1,73.15,68.2,True,True,4.95
8058,8058.T,三菱商事,2021-08,CONTINUE,2,59.38,64.3,True,True,4.93,2021-07,1020.67,1103.67,1103.67,8.13,,,,,,,,,,,,,,,,,,,1,True,,,,False,,tv_wilder_rsi14_sma5_v1,64.3,59.38,True,True,4.93
2801,2801.T,キッコーマン,2021-08,NEW,1,61.73,66.65,True,True,4.91,2021-08,1652.0,1652.0,1652.0,0.0,1460.88,,,True,,,,,,,,,,,,2.28,0.93,True,1,True,,,,False,,tv_wilder_rsi14_sma5_v1,66.65,61.73,True,True,4.91
7915,7915.T,ＮＩＳＳＨＡ,2021-08,CONTINUE,4,55.19,60.1,True,True,4.91,2021-05,1525.0,1778.0,1778.0,16.59,,,,,,,,,,,,,,,,,,,,,,,,False,,tv_wilder_rsi14_sma5_v1,60.1,55.19,True,True,4.91
4099,4099.T,四国化成ホールディングス,2021-08,CONTINUE,12,55.26,60.16,True,True,4.9,2020-09,582.5,689.5,689.5,18.37,,,,,,,,,,,,,,,,,,,,,,,,False,,tv_wilder_rsi14_sma5_v1,60.16,55.26,True,True,4.9
2882,2882.T,イートアンドホールディングス,2021-08,CONTINUE,3,56.94,61.84,True,True,4.89,2021-06,1921.0,2076.0,2076.0,8.07,,,,,,,,,,,,,,,,,,,,,,,,False,,tv_wilder_rsi14_sma5_v1,61.84,56.94,True,True,4.89
4928,4928.T,ノエビアホールディングス,2021-08,CONTINUE,8,52.97,57.85,True,True,4.89,2021-01,4595.0,5840.0,5840.0,27.09,,,,,,,,,,,,,,,,,,,,,,,,False,,tv_wilder_rsi14_sma5_v1,57.85,52.97,True,True,4.89
9052,9052.T,山陽電気鉄道,2021-08,CONTINUE,3,39.38,44.26,True,True,4.88,2021-06,1894.0,1982.0,1982.0,4.65,,,,,,,,,,,,,,,,,,,,,,,,False,,tv_wilder_rsi14_sma5_v1,44.26,39.38,True,True,4.88
8919,8919.T,カチタス,2021-08,CONTINUE,2,65.34,70.22,True,True,4.87,2021-07,3255.0,3660.0,3660.0,12.44,,,,,,,,,,,,,,,,,,,1,True,,,,False,,tv_wilder_rsi14_sma5_v1,70.22,65.34,True,True,4.87
9889,9889.T,ＪＢＣＣホールディングス,2021-08,CONTINUE,3,47.59,52.46,True,True,4.87,2021-06,364.75,388.25,388.25,6.44,,,,,,,,,,,,,,,,,,,,,,,,False,,tv_wilder_rsi14_sma5_v1,52.46,47.59,True,True,4.87
6951,6951.T,日本電子,2021-08,CONTINUE,5,73.19,77.99,True,True,4.81,2021-04,6150.0,8130.0,8130.0,32.2,,,,,,,,,,,,,,,,,,,,,,,,False,,tv_wilder_rsi14_sma5_v1,77.99,73.19,True,True,4.81
5185,5185.T,フコク,2021-08,CONTINUE,6,64.76,69.55,True,True,4.8,2021-03,816.0,1029.0,1029.0,26.1,,,,,,,,,,,,,,,,,,,,,,,,False,,tv_wilder_rsi14_sma5_v1,69.55,64.76,True,True,4.8
4331,4331.T,テイクアンドギヴ・ニーズ,2021-08,CONTINUE,3,51.19,55.98,True,True,4.78,2021-06,987.0,1085.0,1085.0,9.93,,,,,,,,,,,,,,,,,,,,,,,,False,,tv_wilder_rsi14_sma5_v1,55.98,51.19,True,True,4.78
4307,4307.T,野村総合研究所,2021-08,NEW,1,70.54,75.31,True,True,4.77,2021-08,4135.0,4135.0,4135.0,0.0,3793.8,,,True,,,,,,,,,,,,2.0,1.18,False,1,True,,,,False,,tv_wilder_rsi14_sma5_v1,75.31,70.54,True,True,4.77
2127,2127.T,日本Ｍ＆Ａセンターホールディングス,2021-08,CONTINUE,2,60.15,64.91,True,True,4.76,2021-07,3040.0,3290.0,3290.0,8.22,,,,,,,,,,,,,,,,,,,1,True,,,,False,,tv_wilder_rsi14_sma5_v1,64.91,60.15,True,True,4.76
9795,9795.T,ステップ,2021-08,CONTINUE,6,58.0,62.77,True,False,4.76,2021-03,1568.0,1783.0,1783.0,13.71,,,,,,,,,,,,,,,,,,,,,,,,False,,tv_wilder_rsi14_sma5_v1,62.77,58.0,False,True,4.76
4401,4401.T,ＡＤＥＫＡ,2021-08,CONTINUE,2,63.05,67.8,True,True,4.75,2021-07,2202.0,2404.0,2404.0,9.17,,,,,,,,,,,,,,,,,,,1,True,,,,False,,tv_wilder_rsi14_sma5_v1,67.8,63.05,True,True,4.75
8386,8386.T,百十四銀行,2021-08,CONTINUE,2,33.2,37.95,True,True,4.75,2021-07,377.5,398.0,398.0,5.43,,,,,,,,,,,,,,,,,,,1,True,,,,False,,tv_wilder_rsi14_sma5_v1,37.95,33.2,True,True,4.75
9793,9793.T,ダイセキ,2021-08,CONTINUE,13,74.87,79.61,True,True,4.74,2020-08,2131.67,4455.0,4455.0,108.99,,,,,,,,,,,,,,,,,,,,,,,,False,,tv_wilder_rsi14_sma5_v1,79.61,74.87,True,True,4.74
1414,1414.T,ショーボンドホールディングス,2021-08,NEW,1,53.41,58.14,True,True,4.73,2021-08,1236.25,1236.25,1236.25,0.0,1196.75,,,True,,,,,,,,,,,,1.73,0.94,True,1,True,,,,False,,tv_wilder_rsi14_sma5_v1,58.14,53.41,True,True,4.73
4547,4547.T,キッセイ薬品工業,2021-08,CONTINUE,2,44.55,49.26,True,True,4.71,2021-07,2245.0,2422.0,2422.0,7.88,,,,,,,,,,,,,,,,,,,1,True,,,,False,,tv_wilder_rsi14_sma5_v1,49.26,44.55,True,True,4.71
6976,6976.T,太陽誘電,2021-08,CONTINUE,3,67.58,72.27,True,True,4.69,2021-06,5490.0,6240.0,6240.0,13.66,,,,,,,,,,,,,,,,,,,,,,,,False,,tv_wilder_rsi14_sma5_v1,72.27,67.58,True,True,4.69
2809,2809.T,キユーピー,2021-08,NEW,1,56.66,61.34,True,True,4.68,2021-08,2710.0,2710.0,2710.0,0.0,2543.12,,,True,,,,,,,,,,,,1.47,1.07,False,1,True,,,,False,,tv_wilder_rsi14_sma5_v1,61.34,56.66,True,True,4.68
5976,5976.T,高周波熱錬,2021-08,CONTINUE,9,44.08,48.76,True,True,4.68,2020-12,472.0,626.0,626.0,32.63,,,,,,,,,,,,,,,,,,,,,,,,False,,tv_wilder_rsi14_sma5_v1,48.76,44.08,True,True,4.68
9684,9684.T,ｽｸｳｪｱ･ｴﾆｯｸｽ･ﾎｰﾙﾃﾞｨﾝｸﾞｽ,2021-08,NEW,1,54.85,59.51,True,True,4.67,2021-08,2136.67,2136.67,2136.67,0.0,2071.07,,,True,,,,,,,,,,,,2.18,0.82,True,1,True,,,,False,,tv_wilder_rsi14_sma5_v1,59.51,54.85,True,True,4.67
7609,7609.T,ダイトロン,2021-08,NEW,1,60.39,65.03,True,True,4.65,2021-08,1119.0,1119.0,1119.0,0.0,1049.7,,,True,,,,,,,,,,,,2.44,0.9,True,1,True,,,,False,,tv_wilder_rsi14_sma5_v1,65.03,60.39,True,True,4.65
2229,2229.T,カルビー,2021-08,NEW,1,37.63,42.27,True,True,4.63,2021-08,2726.0,2726.0,2726.0,0.0,2625.64,,,True,,,,,,,,,,,,1.54,1.15,False,1,True,,,,False,,tv_wilder_rsi14_sma5_v1,42.27,37.63,True,True,4.63
8153,8153.T,モスフードサービス,2021-08,CONTINUE,2,54.93,59.56,False,True,4.63,2021-07,3130.0,3305.0,3305.0,5.59,,,,,,,,,,,,,,,,,,,1,True,,,,False,,tv_wilder_rsi14_sma5_v1,59.56,54.93,True,False,4.63
6118,6118.T,アイダエンジニアリング,2021-08,CONTINUE,3,54.58,59.2,True,True,4.62,2021-06,989.0,1064.0,1064.0,7.58,,,,,,,,,,,,,,,,,,,,,,,,False,,tv_wilder_rsi14_sma5_v1,59.2,54.58,True,True,4.62
6272,6272.T,レオン自動機,2021-08,CONTINUE,6,51.7,56.31,True,True,4.61,2021-03,1174.0,1488.0,1488.0,26.75,,,,,,,,,,,,,,,,,,,,,,,,False,,tv_wilder_rsi14_sma5_v1,56.31,51.7,True,True,4.61
5195,5195.T,バンドー化学,2021-08,CONTINUE,10,54.95,59.54,True,True,4.59,2020-11,576.0,924.0,924.0,60.42,,,,,,,,,,,,,,,,,,,,,,,,False,,tv_wilder_rsi14_sma5_v1,59.54,54.95,True,True,4.59
8584,8584.T,ジャックス,2021-08,CONTINUE,13,60.58,65.18,True,True,4.59,2020-08,1745.0,2751.0,2751.0,57.65,,,,,,,,,,,,,,,,,,,,,,,,False,,tv_wilder_rsi14_sma5_v1,65.18,60.58,True,True,4.59
3854,3854.T,アイル,2021-08,NEW,1,55.67,60.25,True,True,4.58,2021-08,1827.0,1827.0,1827.0,0.0,1606.28,,,True,,,,,,,,,,,,3.09,1.07,False,1,True,,,,False,,tv_wilder_rsi14_sma5_v1,60.25,55.67,True,True,4.58
6718,6718.T,アイホン,2021-08,NEW,1,60.91,65.48,True,True,4.57,2021-08,2194.0,2194.0,2194.0,0.0,1998.24,,,True,,,,,,,,,,,,1.99,1.23,False,1,True,,,,False,,tv_wilder_rsi14_sma5_v1,65.48,60.91,True,True,4.57
8336,8336.T,武蔵野銀行,2021-08,NEW,1,44.58,49.14,True,True,4.56,2021-08,599.67,599.67,599.67,0.0,571.33,,,True,,,,,,,,,,,,1.84,0.95,True,1,True,,,,False,,tv_wilder_rsi14_sma5_v1,49.14,44.58,True,True,4.56
8370,8370.T,紀陽銀行,2021-08,NEW,1,46.6,51.16,False,True,4.56,2021-08,1570.0,1570.0,1570.0,0.0,1522.6,,,True,,,,,,,,,,,,1.76,0.97,True,1,True,,,,False,,tv_wilder_rsi14_sma5_v1,51.16,46.6,True,False,4.56
3580,3580.T,小松マテーレ,2021-08,NEW,1,55.0,59.55,True,True,4.55,2021-08,985.0,985.0,985.0,0.0,958.8,,,True,,,,,,,,,,,,2.86,1.16,False,1,True,,,,False,,tv_wilder_rsi14_sma5_v1,59.55,55.0,True,True,4.55
2288,2288.T,丸大食品,2021-08,CONTINUE,3,40.98,45.52,True,True,4.54,2021-06,1695.0,1778.0,1778.0,4.9,,,,,,,,,,,,,,,,,,,,,,,,False,,tv_wilder_rsi14_sma5_v1,45.52,40.98,True,True,4.54
4704,4704.T,トレンドマイクロ,2021-08,CONTINUE,4,49.85,54.39,True,True,4.53,2021-05,5550.0,6030.0,6030.0,8.65,,,,,,,,,,,,,,,,,,,,,,,,False,,tv_wilder_rsi14_sma5_v1,54.39,49.85,True,True,4.53
5947,5947.T,リンナイ,2021-08,NEW,1,55.93,60.47,False,True,4.53,2021-08,3943.33,3943.33,3943.33,0.0,3644.4,,,True,,,,,,,,,,,,2.11,0.97,True,1,True,,,,False,,tv_wilder_rsi14_sma5_v1,60.47,55.93,True,False,4.53
9310,9310.T,日本トランスシティ,2021-08,CONTINUE,3,53.38,57.91,True,True,4.53,2021-06,537.0,591.0,591.0,10.06,,,,,,,,,,,,,,,,,,,,,,,,False,,tv_wilder_rsi14_sma5_v1,57.91,53.38,True,True,4.53
4025,4025.T,多木化学,2021-08,CONTINUE,2,52.72,57.22,True,True,4.5,2021-07,5780.0,6360.0,6360.0,10.03,,,,,,,,,,,,,,,,,,,1,True,,,,False,,tv_wilder_rsi14_sma5_v1,57.22,52.72,True,True,4.5
4446,4446.T,Ｌｉｎｋ－Ｕグループ,2021-08,CONTINUE,3,49.95,54.44,True,True,4.49,2021-06,1589.0,1649.0,1649.0,3.78,,,,,,,,,,,,,,,,,,,,,,,,False,,tv_wilder_rsi14_sma5_v1,54.44,49.95,True,True,4.49
8818,8818.T,京阪神ビルディング,2021-08,NEW,1,51.03,55.48,True,True,4.46,2021-08,766.0,766.0,766.0,0.0,722.2,,,True,,,,,,,,,,,,2.16,1.09,False,1,True,,,,False,,tv_wilder_rsi14_sma5_v1,55.48,51.03,True,True,4.46
6532,6532.T,ベイカレント,2021-08,CONTINUE,7,87.5,91.95,True,True,4.45,2021-02,2144.0,5470.0,5470.0,155.13,,,,,,,,,,,,,,,,,,,,,,,,False,,tv_wilder_rsi14_sma5_v1,91.95,87.5,True,True,4.45
7943,7943.T,ニチハ,2021-08,NEW,1,51.6,56.04,False,True,4.44,2021-08,3240.0,3240.0,3240.0,0.0,2998.32,,,True,,,,,,,,,,,,2.93,1.03,False,1,True,,,,False,,tv_wilder_rsi14_sma5_v1,56.04,51.6,True,False,4.44
9364,9364.T,上組,2021-08,CONTINUE,7,53.95,58.36,True,True,4.42,2021-02,1992.0,2378.0,2378.0,19.38,,,,,,,,,,,,,,,,,,,,,,,,False,,tv_wilder_rsi14_sma5_v1,58.36,53.95,True,True,4.42
9746,9746.T,ＴＫＣ,2021-08,NEW,1,60.6,65.01,True,True,4.41,2021-08,3765.0,3765.0,3765.0,0.0,3487.2,,,True,,,,,,,,,,,,2.85,1.0,False,1,True,,,,False,,tv_wilder_rsi14_sma5_v1,65.01,60.6,True,True,4.41
4919,4919.T,ミルボン,2021-08,NEW,1,55.99,60.38,True,True,4.39,2021-08,6840.0,6840.0,6840.0,0.0,6415.6,,,True,,,,,,,,,,,,2.39,0.82,True,1,True,,,,False,,tv_wilder_rsi14_sma5_v1,60.38,55.99,True,True,4.39
6806,6806.T,ヒロセ電機,2021-08,NEW,1,61.0,65.4,True,True,4.39,2021-08,18330.0,18330.0,18330.0,0.0,17205.6,,,True,,,,,,,,,,,,2.23,1.14,False,1,True,,,,False,,tv_wilder_rsi14_sma5_v1,65.4,61.0,True,True,4.39
5957,5957.T,日東精工,2021-08,CONTINUE,2,54.08,58.46,True,True,4.38,2021-07,587.0,624.0,624.0,6.3,,,,,,,,,,,,,,,,,,,1,True,,,,False,,tv_wilder_rsi14_sma5_v1,58.46,54.08,True,True,4.38
8151,8151.T,東陽テクニカ,2021-08,CONTINUE,4,54.86,59.24,True,True,4.37,2021-05,1100.0,1197.0,1197.0,8.82,,,,,,,,,,,,,,,,,,,,,,,,False,,tv_wilder_rsi14_sma5_v1,59.24,54.86,True,True,4.37
4047,4047.T,関東電化工業,2021-08,CONTINUE,9,57.02,61.32,True,True,4.31,2020-12,792.0,1072.0,1072.0,35.35,,,,,,,,,,,,,,,,,,,,,,,,False,,tv_wilder_rsi14_sma5_v1,61.32,57.02,True,True,4.31
7839,7839.T,ＳＨＯＥＩ,2021-08,CONTINUE,2,66.37,70.64,False,True,4.27,2021-07,2280.0,2415.0,2415.0,5.92,,,,,,,,,,,,,,,,,,,1,True,,,,False,,tv_wilder_rsi14_sma5_v1,70.64,66.37,True,False,4.27
8337,8337.T,千葉興業銀行,2021-08,NEW,1,45.64,49.91,True,True,4.27,2021-08,290.0,290.0,290.0,0.0,264.6,,,True,,,,,,,,,,,,2.17,1.08,False,1,True,,,,False,,tv_wilder_rsi14_sma5_v1,49.91,45.64,True,True,4.27
8392,8392.T,大分銀行,2021-08,NEW,1,30.1,34.35,False,True,4.26,2021-08,367.2,367.2,367.2,0.0,349.3,,,True,,,,,,,,,,,,1.68,1.07,False,1,True,,,,False,,tv_wilder_rsi14_sma5_v1,34.35,30.1,True,False,4.26
9612,9612.T,ラックランド,2021-08,CONTINUE,17,61.09,65.34,True,True,4.25,2020-04,1880.0,2820.0,2820.0,50.0,,,,,,,,,,,,,,,,,,,,,,,,False,,tv_wilder_rsi14_sma5_v1,65.34,61.09,True,True,4.25
4538,4538.T,扶桑薬品工業,2021-08,CONTINUE,2,46.85,51.08,False,True,4.24,2021-07,2335.0,2483.0,2483.0,6.34,,,,,,,,,,,,,,,,,,,1,True,,,,False,,tv_wilder_rsi14_sma5_v1,51.08,46.85,True,False,4.24
8410,8410.T,セブン銀行,2021-08,CONTINUE,3,40.71,44.95,True,True,4.24,2021-06,236.0,251.0,251.0,6.36,,,,,,,,,,,,,,,,,,,,,,,,False,,tv_wilder_rsi14_sma5_v1,44.95,40.71,True,True,4.24
6498,6498.T,キッツ,2021-08,CONTINUE,6,56.18,60.41,True,True,4.23,2021-03,641.0,815.0,815.0,27.15,,,,,,,,,,,,,,,,,,,,,,,,False,,tv_wilder_rsi14_sma5_v1,60.41,56.18,True,True,4.23
6925,6925.T,ウシオ電機,2021-08,CONTINUE,10,63.27,67.49,True,True,4.22,2020-11,1315.0,1989.0,1989.0,51.25,,,,,,,,,,,,,,,,,,,,,,,,False,,tv_wilder_rsi14_sma5_v1,67.49,63.27,True,True,4.22
3626,3626.T,ＴＩＳ,2021-08,CONTINUE,8,70.58,74.79,True,True,4.21,2021-01,2330.0,3110.0,3110.0,33.48,,,,,,,,,,,,,,,,,,,,,,,,False,,tv_wilder_rsi14_sma5_v1,74.79,70.58,True,True,4.21
5401,5401.T,日本製鉄,2021-08,NEW,1,61.45,65.63,True,True,4.18,2021-08,449.6,449.6,449.6,0.0,409.9,,,True,,,,,,,,,,,,3.56,1.03,False,1,True,,,,False,,tv_wilder_rsi14_sma5_v1,65.63,61.45,True,True,4.18
2307,2307.T,クロスキャット,2021-08,NEW,1,47.36,51.51,True,True,4.15,2021-08,563.5,563.5,563.5,0.0,509.12,,,True,,,,,,,,,,,,3.5,1.55,False,1,True,,,,False,,tv_wilder_rsi14_sma5_v1,51.51,47.36,True,True,4.15
4973,4973.T,日本高純度化学,2021-08,CONTINUE,4,58.41,62.52,True,True,4.11,2021-05,2869.0,2991.0,2991.0,4.25,,,,,,,,,,,,,,,,,,,,,,,,False,,tv_wilder_rsi14_sma5_v1,62.52,58.41,True,True,4.11
7679,7679.T,薬王堂ホールディングス,2021-08,NEW,1,43.07,47.18,False,True,4.11,2021-08,2487.0,2487.0,2487.0,0.0,2422.64,,,True,,,,,,,,,,,,1.66,0.85,True,1,True,,,,False,,tv_wilder_rsi14_sma5_v1,47.18,43.07,True,False,4.11
8381,8381.T,山陰合同銀行,2021-08,CONTINUE,6,43.9,48.0,True,True,4.11,2021-03,561.0,573.0,573.0,2.14,,,,,,,,,,,,,,,,,,,,,,,,False,,tv_wilder_rsi14_sma5_v1,48.0,43.9,True,True,4.11
2001,2001.T,ニップン,2021-08,NEW,1,42.93,47.03,False,True,4.1,2021-08,1617.0,1617.0,1617.0,0.0,1617.56,,,False,,,,,,,,,,,,1.09,1.0,True,1,True,,,,False,,tv_wilder_rsi14_sma5_v1,47.03,42.93,True,False,4.1
6419,6419.T,マースグループホールディングス,2021-08,CONTINUE,7,42.28,46.37,True,True,4.09,2021-02,1575.0,1691.0,1691.0,7.37,,,,,,,,,,,,,,,,,,,,,,,,False,,tv_wilder_rsi14_sma5_v1,46.37,42.28,True,True,4.09
7596,7596.T,魚力,2021-08,CONTINUE,13,73.38,77.47,True,True,4.09,2020-08,1755.0,2144.0,2144.0,22.17,,,,,,,,,,,,,,,,,,,,,,,,False,,tv_wilder_rsi14_sma5_v1,77.47,73.38,True,True,4.09
2875,2875.T,東洋水産,2021-08,NEW,1,42.82,46.9,True,True,4.08,2021-08,4555.0,4555.0,4555.0,0.0,4336.2,,,True,,,,,,,,,,,,2.16,1.06,False,1,True,,,,False,,tv_wilder_rsi14_sma5_v1,46.9,42.82,True,True,4.08
6465,6465.T,ホシザキ,2021-08,NEW,1,54.09,58.16,True,True,4.07,2021-08,5165.0,5165.0,5165.0,0.0,4869.8,,,True,,,,,,,,,,,,1.79,0.98,True,1,True,,,,False,,tv_wilder_rsi14_sma5_v1,58.16,54.09,True,True,4.07
2327,2327.T,日鉄ソリューションズ,2021-08,CONTINUE,3,55.4,59.46,True,True,4.06,2021-06,1790.0,1865.0,1865.0,4.19,,,,,,,,,,,,,,,,,,,,,,,,False,,tv_wilder_rsi14_sma5_v1,59.46,55.4,True,True,4.06
7164,7164.T,全国保証,2021-08,CONTINUE,2,56.75,60.8,False,True,4.04,2021-07,2480.0,2620.0,2620.0,5.65,,,,,,,,,,,,,,,,,,,1,True,,,,False,,tv_wilder_rsi14_sma5_v1,60.8,56.75,True,False,4.04
3391,3391.T,ツルハホールディングス,2021-08,NEW,1,48.33,52.36,False,True,4.03,2021-08,2770.0,2770.0,2770.0,0.0,2712.96,,,True,,,,,,,,,,,,2.16,1.06,False,1,True,,,,False,,tv_wilder_rsi14_sma5_v1,52.36,48.33,True,False,4.03
3992,3992.T,ニーズウェル,2021-08,CONTINUE,3,47.29,51.32,True,True,4.03,2021-06,163.5,179.5,179.5,9.79,,,,,,,,,,,,,,,,,,,,,,,,False,,tv_wilder_rsi14_sma5_v1,51.32,47.29,True,True,4.03
6371,6371.T,椿本チエイン,2021-08,CONTINUE,10,51.25,55.28,True,True,4.02,2020-11,843.0,1131.67,1131.67,34.24,,,,,,,,,,,,,,,,,,,,,,,,False,,tv_wilder_rsi14_sma5_v1,55.28,51.25,True,True,4.02
7856,7856.T,萩原工業,2021-08,NEW,1,47.69,51.71,True,True,4.02,2021-08,1506.0,1506.0,1506.0,0.0,1459.44,,,True,,,,,,,,,,,,1.4,1.07,False,1,True,,,,False,,tv_wilder_rsi14_sma5_v1,51.71,47.69,True,True,4.02
8566,8566.T,リコーリース,2021-08,NEW,1,55.4,59.41,True,True,4.01,2021-08,3650.0,3650.0,3650.0,0.0,3504.6,,,True,,,,,,,,,,,,1.62,1.03,False,1,True,,,,False,,tv_wilder_rsi14_sma5_v1,59.41,55.4,True,True,4.01
8388,8388.T,阿波銀行,2021-08,NEW,1,39.84,43.84,False,True,4.0,2021-08,2189.0,2189.0,2189.0,0.0,2075.8,,,True,,,,,,,,,,,,1.78,1.01,False,1,True,,,,False,,tv_wilder_rsi14_sma5_v1,43.84,39.84,True,False,4.0
2002,2002.T,日清製粉グループ本社,2021-08,CONTINUE,2,45.54,49.53,False,True,3.99,2021-07,1766.0,1804.0,1804.0,2.15,,,,,,,,,,,,,,,,,,,1,True,,,,False,,tv_wilder_rsi14_sma5_v1,49.53,45.54,True,False,3.99
2109,2109.T,ＤＭ三井製糖,2021-08,CONTINUE,3,38.42,42.41,True,True,3.99,2021-06,1867.0,1935.0,1935.0,3.64,,,,,,,,,,,,,,,,,,,,,,,,False,,tv_wilder_rsi14_sma5_v1,42.41,38.42,True,True,3.99
4189,4189.T,ＫＨネオケム,2021-08,NEW,1,53.8,57.79,True,True,3.99,2021-08,3000.0,3000.0,3000.0,0.0,2783.88,,,True,,,,,,,,,,,,2.99,0.82,True,1,True,,,,False,,tv_wilder_rsi14_sma5_v1,57.79,53.8,True,True,3.99
4813,4813.T,ＡＣＣＥＳＳ,2021-08,CONTINUE,7,52.06,56.05,True,True,3.99,2021-02,818.0,965.0,965.0,17.97,,,,,,,,,,,,,,,,,,,,,,,,False,,tv_wilder_rsi14_sma5_v1,56.05,52.06,True,True,3.99
4765,4765.T,ＳＢＩグローバルアセットマネジメント,2021-08,NEW,1,59.03,62.99,False,True,3.96,2021-08,486.0,486.0,486.0,0.0,465.16,,,True,,,,,,,,,,,,2.01,1.06,False,1,True,,,,False,,tv_wilder_rsi14_sma5_v1,62.99,59.03,True,False,3.96
6412,6412.T,平和,2021-08,CONTINUE,7,50.49,54.45,True,True,3.96,2021-02,1608.0,2007.0,2007.0,24.81,,,,,,,,,,,,,,,,,,,,,,,,False,,tv_wilder_rsi14_sma5_v1,54.45,50.49,True,True,3.96
3232,3232.T,三重交通グループホールディングス,2021-08,CONTINUE,2,46.95,50.91,False,True,3.95,2021-07,479.0,501.0,501.0,4.59,,,,,,,,,,,,,,,,,,,1,True,,,,False,,tv_wilder_rsi14_sma5_v1,50.91,46.95,True,False,3.95
9424,9424.T,日本通信,2021-08,NEW,1,54.01,57.95,False,True,3.94,2021-08,254.0,254.0,254.0,0.0,212.8,,,True,,,,,,,,,,,,3.97,1.28,False,1,True,,,,False,,tv_wilder_rsi14_sma5_v1,57.95,54.01,True,False,3.94
2410,2410.T,キャリアデザインセンター,2021-08,CONTINUE,7,49.01,52.93,True,True,3.92,2021-02,991.0,1184.0,1184.0,19.48,,,,,,,,,,,,,,,,,,,,,,,,False,,tv_wilder_rsi14_sma5_v1,52.93,49.01,True,True,3.92
4914,4914.T,高砂香料工業,2021-08,CONTINUE,12,53.01,56.92,True,True,3.91,2020-09,435.6,578.6,578.6,32.83,,,,,,,,,,,,,,,,,,,,,,,,False,,tv_wilder_rsi14_sma5_v1,56.92,53.01,True,True,3.91
8368,8368.T,百五銀行,2021-08,NEW,1,43.53,47.44,False,True,3.91,2021-08,324.0,324.0,324.0,0.0,312.88,,,True,,,,,,,,,,,,1.32,1.05,False,1,True,,,,False,,tv_wilder_rsi14_sma5_v1,47.44,43.53,True,False,3.91
8881,8881.T,日神グループホールディングス,2021-08,CONTINUE,2,52.14,56.05,True,True,3.91,2021-07,472.0,503.0,503.0,6.57,,,,,,,,,,,,,,,,,,,1,True,,,,False,,tv_wilder_rsi14_sma5_v1,56.05,52.14,True,True,3.91
7955,7955.T,クリナップ,2021-08,CONTINUE,7,47.43,51.33,True,True,3.9,2021-02,502.0,571.0,571.0,13.75,,,,,,,,,,,,,,,,,,,,,,,,False,,tv_wilder_rsi14_sma5_v1,51.33,47.43,True,True,3.9
4045,4045.T,東亞合成,2021-08,NEW,1,51.41,55.3,False,True,3.89,2021-08,1258.0,1258.0,1258.0,0.0,1205.16,,,True,,,,,,,,,,,,1.66,0.93,True,1,True,,,,False,,tv_wilder_rsi14_sma5_v1,55.3,51.41,True,False,3.89
6273,6273.T,ＳＭＣ,2021-08,NEW,1,67.31,71.17,True,True,3.86,2021-08,70510.0,70510.0,70510.0,0.0,68250.8,,,True,,,,,,,,,,,,2.22,0.84,True,1,False,,,,False,,tv_wilder_rsi14_sma5_v1,71.17,67.31,True,True,3.86
1835,1835.T,東鉄工業,2021-08,NEW,1,38.25,42.07,False,True,3.82,2021-08,2457.0,2457.0,2457.0,0.0,2403.52,,,True,,,,,,,,,,,,1.53,0.9,True,1,True,,,,False,,tv_wilder_rsi14_sma5_v1,42.07,38.25,True,False,3.82
8591,8591.T,オリックス,2021-08,CONTINUE,2,59.86,63.68,True,True,3.82,2021-07,1912.0,2051.5,2051.5,7.3,,,,,,,,,,,,,,,,,,,1,True,,,,False,,tv_wilder_rsi14_sma5_v1,63.68,59.86,True,True,3.82
6619,6619.T,ダブル・スコープ,2021-08,CONTINUE,2,45.68,49.49,True,True,3.81,2021-07,766.0,841.0,841.0,9.79,,,,,,,,,,,,,,,,,,,1,True,,,,False,,tv_wilder_rsi14_sma5_v1,49.49,45.68,True,True,3.81
4521,4521.T,科研製薬,2021-08,CONTINUE,8,47.5,51.3,True,True,3.79,2021-01,4100.0,4970.0,4970.0,21.22,,,,,,,,,,,,,,,,,,,,,,,,False,,tv_wilder_rsi14_sma5_v1,51.3,47.5,True,True,3.79
6856,6856.T,堀場製作所,2021-08,CONTINUE,10,59.42,63.16,True,True,3.75,2020-11,5600.0,7870.0,7870.0,40.54,,,,,,,,,,,,,,,,,,,,,,,,False,,tv_wilder_rsi14_sma5_v1,63.16,59.42,True,True,3.75
6817,6817.T,スミダコーポレーション,2021-08,CONTINUE,3,55.28,59.02,True,True,3.74,2021-06,1208.0,1311.0,1311.0,8.53,,,,,,,,,,,,,,,,,,,,,,,,False,,tv_wilder_rsi14_sma5_v1,59.02,55.28,True,True,3.74
9065,9065.T,山九,2021-08,CONTINUE,8,53.96,57.7,True,True,3.74,2021-01,3940.0,5130.0,5130.0,30.2,,,,,,,,,,,,,,,,,,,,,,,,False,,tv_wilder_rsi14_sma5_v1,57.7,53.96,True,True,3.74
3092,3092.T,ＺＯＺＯ,2021-08,CONTINUE,8,68.27,71.99,True,True,3.72,2021-01,977.67,1398.33,1398.33,43.03,,,,,,,,,,,,,,,,,,,,,,,,False,,tv_wilder_rsi14_sma5_v1,71.99,68.27,True,True,3.72
6277,6277.T,ホソカワミクロン,2021-08,NEW,1,56.43,60.14,False,True,3.71,2021-08,3290.0,3290.0,3290.0,0.0,3226.2,,,True,,,,,,,,,,,,2.2,0.95,True,1,True,,,,False,,tv_wilder_rsi14_sma5_v1,60.14,56.43,True,False,3.71
6349,6349.T,小森コーポレーション,2021-08,CONTINUE,10,44.07,47.77,True,True,3.7,2020-11,713.0,847.0,847.0,18.79,,,,,,,,,,,,,,,,,,,,,,,,False,,tv_wilder_rsi14_sma5_v1,47.77,44.07,True,True,3.7
5201,5201.T,ＡＧＣ,2021-08,NEW,1,66.82,70.5,True,True,3.68,2021-08,5320.0,5320.0,5320.0,0.0,4958.6,,,True,,,,,,,,,,,,2.07,1.1,False,1,True,,,,False,,tv_wilder_rsi14_sma5_v1,70.5,66.82,True,True,3.68
9936,9936.T,王将フードサービス,2021-08,CONTINUE,2,46.39,50.07,True,True,3.68,2021-07,1953.33,1976.67,1976.67,1.19,,,,,,,,,,,,,,,,,,,1,True,,,,False,,tv_wilder_rsi14_sma5_v1,50.07,46.39,True,True,3.68
2593,2593.T,伊藤園,2021-08,CONTINUE,3,53.41,57.07,True,True,3.66,2021-06,6590.0,6960.0,6960.0,5.61,,,,,,,,,,,,,,,,,,,,,,,,False,,tv_wilder_rsi14_sma5_v1,57.07,53.41,True,True,3.66
7184,7184.T,富山第一銀行,2021-08,NEW,1,42.37,46.02,False,True,3.65,2021-08,291.0,291.0,291.0,0.0,282.56,,,True,,,,,,,,,,,,1.84,0.92,True,1,True,,,,False,,tv_wilder_rsi14_sma5_v1,46.02,42.37,True,False,3.65
6929,6929.T,日本セラミック,2021-08,CONTINUE,4,55.65,59.28,True,True,3.64,2021-05,2806.0,3020.0,3020.0,7.63,,,,,,,,,,,,,,,,,,,,,,,,False,,tv_wilder_rsi14_sma5_v1,59.28,55.65,True,True,3.64
4674,4674.T,クレスコ,2021-08,CONTINUE,10,60.06,63.66,True,True,3.6,2020-11,640.0,980.5,980.5,53.2,,,,,,,,,,,,,,,,,,,,,,,,False,,tv_wilder_rsi14_sma5_v1,63.66,60.06,True,True,3.6
8771,8771.T,イー・ギャランティ,2021-08,CONTINUE,3,61.53,65.12,True,True,3.58,2021-06,2349.0,2444.0,2444.0,4.04,,,,,,,,,,,,,,,,,,,,,,,,False,,tv_wilder_rsi14_sma5_v1,65.12,61.53,True,True,3.58
3636,3636.T,三菱総合研究所,2021-08,NEW,1,51.5,55.05,True,True,3.56,2021-08,4270.0,4270.0,4270.0,0.0,4039.6,,,True,,,,,,,,,,,,1.83,1.11,False,1,True,,,,False,,tv_wilder_rsi14_sma5_v1,55.05,51.5,True,True,3.56
4114,4114.T,日本触媒,2021-08,NEW,1,45.2,48.75,False,True,3.56,2021-08,1457.5,1457.5,1457.5,0.0,1403.7,,,True,,,,,,,,,,,,2.3,0.92,True,1,True,,,,False,,tv_wilder_rsi14_sma5_v1,48.75,45.2,True,False,3.56
8343,8343.T,秋田銀行,2021-08,NEW,1,35.14,38.71,True,True,3.56,2021-08,1462.0,1462.0,1462.0,0.0,1423.0,,,True,,,,,,,,,,,,1.31,0.98,True,1,True,,,,False,,tv_wilder_rsi14_sma5_v1,38.71,35.14,True,True,3.56
9119,9119.T,飯野海運,2021-08,NEW,1,57.56,61.11,False,True,3.55,2021-08,526.0,526.0,526.0,0.0,489.2,,,True,,,,,,,,,,,,6.07,0.95,True,1,True,,,,False,,tv_wilder_rsi14_sma5_v1,61.11,57.56,True,False,3.55
4971,4971.T,メック,2021-08,CONTINUE,6,71.68,75.21,True,True,3.54,2021-03,2409.0,3365.0,3365.0,39.68,,,,,,,,,,,,,,,,,,,,,,,,False,,tv_wilder_rsi14_sma5_v1,75.21,71.68,True,True,3.54
7981,7981.T,タカラスタンダード,2021-08,CONTINUE,2,49.38,52.92,True,True,3.54,2021-07,1589.0,1662.0,1662.0,4.59,,,,,,,,,,,,,,,,,,,1,True,,,,False,,tv_wilder_rsi14_sma5_v1,52.92,49.38,True,True,3.54
9143,9143.T,ＳＧホールディングス,2021-08,CONTINUE,3,64.95,68.49,True,True,3.54,2021-06,2913.0,2992.0,2992.0,2.71,,,,,,,,,,,,,,,,,,,,,,,,False,,tv_wilder_rsi14_sma5_v1,68.49,64.95,True,True,3.54
2148,2148.T,アイティメディア,2021-08,CONTINUE,3,58.26,61.8,True,True,3.53,2021-06,2007.0,2224.0,2224.0,10.81,,,,,,,,,,,,,,,,,,,,,,,,False,,tv_wilder_rsi14_sma5_v1,61.8,58.26,True,True,3.53
3817,3817.T,ＳＲＡホールディングス,2021-08,CONTINUE,4,53.18,56.7,True,True,3.52,2021-05,2597.0,2779.0,2779.0,7.01,,,,,,,,,,,,,,,,,,,,,,,,False,,tv_wilder_rsi14_sma5_v1,56.7,53.18,True,True,3.52
9503,9503.T,関西電力,2021-08,NEW,1,44.17,47.68,False,True,3.51,2021-08,1105.0,1105.0,1105.0,0.0,1085.68,,,True,,,,,,,,,,,,1.37,0.91,True,1,True,,,,False,,tv_wilder_rsi14_sma5_v1,47.68,44.17,True,False,3.51
1379,1379.T,ホクト,2021-08,NEW,1,45.25,48.73,False,True,3.47,2021-08,1993.0,1993.0,1993.0,0.0,1936.64,,,True,,,,,,,,,,,,1.25,1.12,False,1,True,,,,False,,tv_wilder_rsi14_sma5_v1,48.73,45.25,True,False,3.47
3950,3950.T,ザ・パック,2021-08,CONTINUE,2,44.69,48.16,True,True,3.47,2021-07,944.33,981.0,981.0,3.88,,,,,,,,,,,,,,,,,,,1,True,,,,False,,tv_wilder_rsi14_sma5_v1,48.16,44.69,True,True,3.47
4188,4188.T,三菱ケミカルグループ,2021-08,CONTINUE,9,62.23,65.71,True,True,3.47,2020-12,624.2,965.8,965.8,54.73,,,,,,,,,,,,,,,,,,,,,,,,False,,tv_wilder_rsi14_sma5_v1,65.71,62.23,True,True,3.47
4516,4516.T,日本新薬,2021-08,CONTINUE,4,51.6,55.06,True,True,3.46,2021-05,7840.0,8930.0,8930.0,13.9,,,,,,,,,,,,,,,,,,,,,,,,False,,tv_wilder_rsi14_sma5_v1,55.06,51.6,True,True,3.46
4540,4540.T,ツムラ,2021-08,NEW,1,55.56,59.02,False,True,3.46,2021-08,3785.0,3785.0,3785.0,0.0,3618.4,,,True,,,,,,,,,,,,1.67,1.04,False,1,True,,,,False,,tv_wilder_rsi14_sma5_v1,59.02,55.56,True,False,3.46
4923,4923.T,コタ,2021-08,NEW,1,63.73,67.19,False,True,3.46,2021-08,1127.69,1127.69,1127.69,0.0,1099.47,,,True,,,,,,,,,,,,1.94,0.81,True,1,True,,,,False,,tv_wilder_rsi14_sma5_v1,67.19,63.73,True,False,3.46
7180,7180.T,九州フィナンシャルグループ,2021-08,NEW,1,42.48,45.94,False,True,3.46,2021-08,427.0,427.0,427.0,0.0,406.48,,,True,,,,,,,,,,,,1.64,1.01,False,1,True,,,,False,,tv_wilder_rsi14_sma5_v1,45.94,42.48,True,False,3.46
9755,9755.T,応用地質,2021-08,CONTINUE,2,50.83,54.28,True,True,3.45,2021-07,1289.0,1341.0,1341.0,4.03,,,,,,,,,,,,,,,,,,,1,True,,,,False,,tv_wilder_rsi14_sma5_v1,54.28,50.83,True,True,3.45
2220,2220.T,亀田製菓,2021-08,NEW,1,42.47,45.89,False,True,3.42,2021-08,1555.0,1555.0,1555.0,0.0,1533.87,,,True,,,,,,,,,,,,1.31,0.95,True,1,True,,,,False,,tv_wilder_rsi14_sma5_v1,45.89,42.47,True,False,3.42
3201,3201.T,日本毛織,2021-08,CONTINUE,3,50.42,53.8,True,True,3.39,2021-06,967.0,1028.0,1028.0,6.31,,,,,,,,,,,,,,,,,,,,,,,,False,,tv_wilder_rsi14_sma5_v1,53.8,50.42,True,True,3.39
9956,9956.T,バローホールディングス,2021-08,CONTINUE,2,49.09,52.43,True,True,3.34,2021-07,2319.0,2458.0,2458.0,5.99,,,,,,,,,,,,,,,,,,,1,True,,,,False,,tv_wilder_rsi14_sma5_v1,52.43,49.09,True,True,3.34
6088,6088.T,シグマクシス・ホールディングス,2021-08,CONTINUE,6,62.35,65.68,True,True,3.33,2021-03,465.5,633.5,633.5,36.09,,,,,,,,,,,,,,,,,,,,,,,,False,,tv_wilder_rsi14_sma5_v1,65.68,62.35,True,True,3.33
6247,6247.T,日阪製作所,2021-08,NEW,1,46.72,50.04,True,True,3.32,2021-08,852.0,852.0,852.0,0.0,826.08,,,True,,,,,,,,,,,,1.22,0.99,True,1,True,,,,False,,tv_wilder_rsi14_sma5_v1,50.04,46.72,True,True,3.32
7725,7725.T,インターアクション,2021-08,NEW,1,57.32,60.64,True,True,3.32,2021-08,2743.0,2743.0,2743.0,0.0,2544.84,,,True,,,,,,,,,,,,2.51,0.85,True,1,True,,,,False,,tv_wilder_rsi14_sma5_v1,60.64,57.32,True,True,3.32
8032,8032.T,日本紙パルプ商事,2021-08,CONTINUE,2,46.52,49.82,True,True,3.3,2021-07,367.5,374.5,374.5,1.9,,,,,,,,,,,,,,,,,,,1,True,,,,False,,tv_wilder_rsi14_sma5_v1,49.82,46.52,True,True,3.3
4975,4975.T,ＪＣＵ,2021-08,CONTINUE,2,58.43,61.7,False,True,3.27,2021-07,4005.0,4160.0,4160.0,3.87,,,,,,,,,,,,,,,,,,,1,True,,,,False,,tv_wilder_rsi14_sma5_v1,61.7,58.43,True,False,3.27
6197,6197.T,ソラスト,2021-08,NEW,1,54.68,57.94,True,True,3.26,2021-08,1510.0,1510.0,1510.0,0.0,1369.84,,,True,,,,,,,,,,,,3.16,0.95,True,1,True,,,,False,,tv_wilder_rsi14_sma5_v1,57.94,54.68,True,True,3.26
8364,8364.T,清水銀行,2021-08,NEW,1,41.54,44.78,True,True,3.24,2021-08,1632.0,1632.0,1632.0,0.0,1584.8,,,True,,,,,,,,,,,,1.36,0.94,True,1,True,,,,False,,tv_wilder_rsi14_sma5_v1,44.78,41.54,True,True,3.24
4665,4665.T,ダスキン,2021-08,NEW,1,44.12,47.35,False,True,3.23,2021-08,2640.0,2640.0,2640.0,0.0,2590.4,,,True,,,,,,,,,,,,1.09,0.85,True,1,True,,,,False,,tv_wilder_rsi14_sma5_v1,47.35,44.12,True,False,3.23
6151,6151.T,日東工器,2021-08,NEW,1,46.84,50.05,True,True,3.22,2021-08,1985.0,1985.0,1985.0,0.0,1920.96,,,True,,,,,,,,,,,,2.12,1.08,False,1,True,,,,False,,tv_wilder_rsi14_sma5_v1,50.05,46.84,True,True,3.22
4559,4559.T,ゼリア新薬工業,2021-08,CONTINUE,4,52.97,56.19,True,True,3.21,2021-05,2092.0,2162.0,2162.0,3.35,,,,,,,,,,,,,,,,,,,,,,,,False,,tv_wilder_rsi14_sma5_v1,56.19,52.97,True,True,3.21
5186,5186.T,ニッタ,2021-08,CONTINUE,7,49.12,52.33,True,True,3.21,2021-02,2312.0,2755.0,2755.0,19.16,,,,,,,,,,,,,,,,,,,,,,,,False,,tv_wilder_rsi14_sma5_v1,52.33,49.12,True,True,3.21
8097,8097.T,三愛オブリ,2021-08,CONTINUE,3,57.36,60.57,True,True,3.21,2021-06,1286.0,1373.0,1373.0,6.77,,,,,,,,,,,,,,,,,,,,,,,,False,,tv_wilder_rsi14_sma5_v1,60.57,57.36,True,True,3.21
9037,9037.T,ハマキョウレックス,2021-08,CONTINUE,3,48.45,51.66,True,True,3.21,2021-06,797.5,820.0,820.0,2.82,,,,,,,,,,,,,,,,,,,,,,,,False,,tv_wilder_rsi14_sma5_v1,51.66,48.45,True,True,3.21
2501,2501.T,サッポロホールディングス,2021-08,CONTINUE,3,51.17,54.38,True,True,3.2,2021-06,462.4,474.4,474.4,2.6,,,,,,,,,,,,,,,,,,,,,,,,False,,tv_wilder_rsi14_sma5_v1,54.38,51.17,True,True,3.2
3186,3186.T,ネクステージ,2021-08,CONTINUE,2,67.72,70.92,False,False,3.2,2021-07,2245.0,2192.0,2192.0,-2.36,,,,,,,,,,,,,,,,,,,1,True,,,,False,,tv_wilder_rsi14_sma5_v1,70.92,67.72,False,False,3.2
6533,6533.T,ＯｒｃｈｅｓｔｒａＨｏｌｄｉｎｇｓ,2021-08,NEW,1,66.83,70.04,False,True,3.2,2021-08,3655.0,3655.0,3655.0,0.0,2876.28,,,True,,,,,,,,,,,,4.95,1.27,False,1,True,,,,False,,tv_wilder_rsi14_sma5_v1,70.04,66.83,True,False,3.2
8624,8624.T,いちよし証券,2021-08,CONTINUE,2,49.19,52.39,True,True,3.2,2021-07,601.0,641.0,641.0,6.66,,,,,,,,,,,,,,,,,,,1,True,,,,False,,tv_wilder_rsi14_sma5_v1,52.39,49.19,True,True,3.2
4324,4324.T,電通グループ,2021-08,CONTINUE,4,53.15,56.33,True,True,3.18,2021-05,3760.0,4080.0,4080.0,8.51,,,,,,,,,,,,,,,,,,,,,,,,False,,tv_wilder_rsi14_sma5_v1,56.33,53.15,True,True,3.18
5938,5938.T,ＬＩＸＩＬ,2021-08,NEW,1,65.66,68.84,False,True,3.18,2021-08,3205.0,3205.0,3205.0,0.0,3111.2,,,True,,,,,,,,,,,,2.14,0.98,True,1,False,,,,False,,tv_wilder_rsi14_sma5_v1,68.84,65.66,True,False,3.18
6728,6728.T,アルバック,2021-08,NEW,1,63.44,66.61,True,True,3.17,2021-08,5940.0,5940.0,5940.0,0.0,5672.0,,,True,,,,,,,,,,,,2.81,1.0,True,1,True,,,,False,,tv_wilder_rsi14_sma5_v1,66.61,63.44,True,True,3.17
2810,2810.T,ハウス食品グループ本社,2021-08,CONTINUE,2,46.14,49.3,False,True,3.16,2021-07,3405.0,3530.0,3530.0,3.67,,,,,,,,,,,,,,,,,,,1,True,,,,False,,tv_wilder_rsi14_sma5_v1,49.3,46.14,True,False,3.16
5451,5451.T,ヨドコウ,2021-08,NEW,1,57.16,60.32,False,True,3.16,2021-08,496.8,496.8,496.8,0.0,476.07,,,True,,,,,,,,,,,,2.08,1.02,False,1,True,,,,False,,tv_wilder_rsi14_sma5_v1,60.32,57.16,True,False,3.16
5911,5911.T,横河ブリッジホールディングス,2021-08,CONTINUE,3,54.3,57.46,True,True,3.16,2021-06,2105.0,2240.0,2240.0,6.41,,,,,,,,,,,,,,,,,,,,,,,,False,,tv_wilder_rsi14_sma5_v1,57.46,54.3,True,True,3.16
8766,8766.T,東京海上ホールディングス,2021-08,CONTINUE,2,51.11,54.27,True,True,3.16,2021-07,1736.67,1792.33,1792.33,3.21,,,,,,,,,,,,,,,,,,,1,True,,,,False,,tv_wilder_rsi14_sma5_v1,54.27,51.11,True,True,3.16
6310,6310.T,井関農機,2021-08,NEW,1,50.13,53.28,False,True,3.15,2021-08,1580.0,1580.0,1580.0,0.0,1563.28,,,True,,,,,,,,,,,,3.94,0.86,True,1,False,,,,False,,tv_wilder_rsi14_sma5_v1,53.28,50.13,True,False,3.15
7864,7864.T,フジシールインターナショナル,2021-08,NEW,1,48.12,51.27,True,True,3.14,2021-08,2473.0,2473.0,2473.0,0.0,2373.48,,,True,,,,,,,,,,,,2.28,0.98,True,1,True,,,,False,,tv_wilder_rsi14_sma5_v1,51.27,48.12,True,True,3.14
2742,2742.T,ハローズ,2021-08,CONTINUE,2,48.24,51.37,True,True,3.13,2021-07,2830.0,2996.0,2996.0,5.87,,,,,,,,,,,,,,,,,,,1,True,,,,False,,tv_wilder_rsi14_sma5_v1,51.37,48.24,True,True,3.13
8362,8362.T,福井銀行,2021-08,NEW,1,42.09,45.22,False,True,3.13,2021-08,1573.0,1573.0,1573.0,0.0,1475.24,,,True,,,,,,,,,,,,1.48,1.09,False,1,True,,,,False,,tv_wilder_rsi14_sma5_v1,45.22,42.09,True,False,3.13
8395,8395.T,佐賀銀行,2021-08,NEW,1,44.92,48.05,True,True,3.13,2021-08,1442.0,1442.0,1442.0,0.0,1401.4,,,True,,,,,,,,,,,,1.18,1.0,False,1,True,,,,False,,tv_wilder_rsi14_sma5_v1,48.05,44.92,True,True,3.13
8129,8129.T,東邦ホールディングス,2021-08,CONTINUE,2,41.96,45.07,False,True,3.12,2021-07,1832.0,1909.0,1909.0,4.2,,,,,,,,,,,,,,,,,,,1,True,,,,False,,tv_wilder_rsi14_sma5_v1,45.07,41.96,True,False,3.12
8130,8130.T,サンゲツ,2021-08,CONTINUE,3,42.14,45.26,False,True,3.12,2021-06,1548.0,1609.0,1609.0,3.94,,,,,,,,,,,,,,,,,,,,,,,,False,,tv_wilder_rsi14_sma5_v1,45.26,42.14,True,False,3.12
8860,8860.T,フジ住宅,2021-08,NEW,1,50.11,53.23,False,True,3.12,2021-08,686.0,686.0,686.0,0.0,657.72,,,True,,,,,,,,,,,,1.55,0.92,True,1,True,,,,False,,tv_wilder_rsi14_sma5_v1,53.23,50.11,True,False,3.12
7189,7189.T,西日本フィナンシャルホールディングス,2021-08,NEW,1,42.88,45.98,False,True,3.1,2021-08,695.0,695.0,695.0,0.0,669.8,,,True,,,,,,,,,,,,1.68,0.88,True,1,True,,,,False,,tv_wilder_rsi14_sma5_v1,45.98,42.88,True,False,3.1
8014,8014.T,蝶理,2021-08,CONTINUE,4,51.35,54.45,True,False,3.1,2021-05,1716.0,1836.0,1836.0,6.99,,,,,,,,,,,,,,,,,,,,,,,,False,,tv_wilder_rsi14_sma5_v1,54.45,51.35,False,True,3.1
3539,3539.T,ＪＭホールディングス,2021-08,NEW,1,47.56,50.65,True,True,3.09,2021-08,1146.5,1146.5,1146.5,0.0,1068.44,,,True,,,,,,,,,,,,1.94,1.05,False,1,True,,,,False,,tv_wilder_rsi14_sma5_v1,50.65,47.56,True,True,3.09
4996,4996.T,クミアイ化学工業,2021-08,NEW,1,48.06,51.15,False,True,3.09,2021-08,910.0,910.0,910.0,0.0,865.56,,,True,,,,,,,,,,,,1.99,1.16,False,1,True,,,,False,,tv_wilder_rsi14_sma5_v1,51.15,48.06,True,False,3.09
6358,6358.T,酒井重工業,2021-08,CONTINUE,3,46.23,49.32,True,False,3.09,2021-06,1240.0,1227.0,1227.0,-1.05,,,,,,,,,,,,,,,,,,,,,,,,False,,tv_wilder_rsi14_sma5_v1,49.32,46.23,False,True,3.09
1959,1959.T,クラフティア,2021-08,CONTINUE,2,54.3,57.39,False,True,3.08,2021-07,3885.0,3955.0,3955.0,1.8,,,,,,,,,,,,,,,,,,,1,True,,,,False,,tv_wilder_rsi14_sma5_v1,57.39,54.3,True,False,3.08
4028,4028.T,石原産業,2021-08,CONTINUE,8,55.99,59.07,True,True,3.08,2021-01,735.0,1136.0,1136.0,54.56,,,,,,,,,,,,,,,,,,,,,,,,False,,tv_wilder_rsi14_sma5_v1,59.07,55.99,True,True,3.08
1961,1961.T,三機工業,2021-08,CONTINUE,10,60.42,63.48,True,True,3.07,2020-11,383.0,498.33,498.33,30.11,,,,,,,,,,,,,,,,,,,,,,,,False,,tv_wilder_rsi14_sma5_v1,63.48,60.42,True,True,3.07
6966,6966.T,三井ハイテック,2021-08,CONTINUE,3,78.86,81.93,False,False,3.07,2021-06,1278.0,1266.0,1266.0,-0.94,,,,,,,,,,,,,,,,,,,,,,,,False,,tv_wilder_rsi14_sma5_v1,81.93,78.86,False,False,3.07
1833,1833.T,奥村組,2021-08,CONTINUE,9,51.49,54.56,True,True,3.06,2020-12,2551.0,3020.0,3020.0,18.38,,,,,,,,,,,,,,,,,,,,,,,,False,,tv_wilder_rsi14_sma5_v1,54.56,51.49,True,True,3.06
1301,1301.T,極洋,2021-08,CONTINUE,2,51.92,54.97,False,True,3.05,2021-07,2971.0,3015.0,3015.0,1.48,,,,,,,,,,,,,,,,,,,1,True,,,,False,,tv_wilder_rsi14_sma5_v1,54.97,51.92,True,False,3.05
1333,1333.T,Ｕｍｉｏｓ,2021-08,NEW,1,45.75,48.8,False,True,3.05,2021-08,845.33,845.33,845.33,0.0,812.71,,,True,,,,,,,,,,,,1.78,0.98,True,1,True,,,,False,,tv_wilder_rsi14_sma5_v1,48.8,45.75,True,False,3.05
2153,2153.T,Ｅ・Ｊホールディングス,2021-08,CONTINUE,6,63.13,66.17,True,False,3.04,2021-03,1061.0,1261.0,1261.0,18.85,,,,,,,,,,,,,,,,,,,,,,,,False,,tv_wilder_rsi14_sma5_v1,66.17,63.13,False,True,3.04
5930,5930.T,文化シャッター,2021-08,CONTINUE,4,62.6,65.64,True,False,3.04,2021-05,1085.0,1166.0,1166.0,7.47,,,,,,,,,,,,,,,,,,,,,,,,False,,tv_wilder_rsi14_sma5_v1,65.64,62.6,False,True,3.04
4290,4290.T,プレステージ・インターナショナル,2021-08,NEW,1,44.36,47.39,False,True,3.03,2021-08,755.0,755.0,755.0,0.0,735.84,,,True,,,,,,,,,,,,2.46,1.03,False,1,True,,,,False,,tv_wilder_rsi14_sma5_v1,47.39,44.36,True,False,3.03
7966,7966.T,リンテック,2021-08,NEW,1,49.93,52.95,True,True,3.02,2021-08,2493.0,2493.0,2493.0,0.0,2448.48,,,True,,,,,,,,,,,,1.53,0.84,True,1,True,,,,False,,tv_wilder_rsi14_sma5_v1,52.95,49.93,True,True,3.02
8387,8387.T,四国銀行,2021-08,NEW,1,37.51,40.54,False,True,3.02,2021-08,730.0,730.0,730.0,0.0,716.28,,,True,,,,,,,,,,,,1.34,1.05,False,1,True,,,,False,,tv_wilder_rsi14_sma5_v1,40.54,37.51,True,False,3.02
8714,8714.T,池田泉州ホールディングス,2021-08,NEW,1,37.06,40.07,False,True,3.02,2021-08,168.0,168.0,168.0,0.0,164.28,,,True,,,,,,,,,,,,1.91,0.95,True,1,True,,,,False,,tv_wilder_rsi14_sma5_v1,40.07,37.06,True,False,3.02
2792,2792.T,ハニーズホールディングス,2021-08,CONTINUE,2,48.7,51.71,True,False,3.01,2021-07,1135.0,1135.0,1135.0,0.0,,,,,,,,,,,,,,,,,,,1,True,,,,False,,tv_wilder_rsi14_sma5_v1,51.71,48.7,False,True,3.01
3036,3036.T,アルコニックス,2021-08,NEW,1,53.66,56.66,False,True,3.01,2021-08,1591.0,1591.0,1591.0,0.0,1533.12,,,True,,,,,,,,,,,,2.6,0.87,True,1,True,,,,False,,tv_wilder_rsi14_sma5_v1,56.66,53.66,True,False,3.01
7607,7607.T,進和,2021-08,CONTINUE,4,52.2,55.21,True,True,3.01,2021-05,2104.0,2277.0,2277.0,8.22,,,,,,,,,,,,,,,,,,,,,,,,False,,tv_wilder_rsi14_sma5_v1,55.21,52.2,True,True,3.01
4577,4577.T,ダイト,2021-08,NEW,1,49.82,52.82,True,True,2.99,2021-08,1640.91,1640.91,1640.91,0.0,1546.91,,,True,,,,,,,,,,,,1.38,1.18,False,1,True,,,,False,,tv_wilder_rsi14_sma5_v1,52.82,49.82,True,True,2.99
8424,8424.T,芙蓉総合リース,2021-08,NEW,1,56.67,59.65,False,True,2.98,2021-08,2533.33,2533.33,2533.33,0.0,2429.73,,,True,,,,,,,,,,,,1.54,1.01,False,1,True,,,,False,,tv_wilder_rsi14_sma5_v1,59.65,56.67,True,False,2.98
4968,4968.T,荒川化学工業,2021-08,NEW,1,44.76,47.72,False,True,2.96,2021-08,1261.0,1261.0,1261.0,0.0,1239.88,,,True,,,,,,,,,,,,1.89,0.93,True,1,True,,,,False,,tv_wilder_rsi14_sma5_v1,47.72,44.76,True,False,2.96
4023,4023.T,クレハ,2021-08,CONTINUE,2,55.63,58.59,False,True,2.95,2021-07,2386.67,2503.33,2503.33,4.89,,,,,,,,,,,,,,,,,,,1,True,,,,False,,tv_wilder_rsi14_sma5_v1,58.59,55.63,True,False,2.95
8354,8354.T,ふくおかフィナンシャルグループ,2021-08,NEW,1,48.91,51.87,False,True,2.95,2021-08,2033.0,2033.0,2033.0,0.0,1992.24,,,True,,,,,,,,,,,,1.77,0.87,True,1,True,,,,False,,tv_wilder_rsi14_sma5_v1,51.87,48.91,True,False,2.95
9974,9974.T,ベルク,2021-08,NEW,1,46.18,49.13,False,True,2.95,2021-08,5800.0,5800.0,5800.0,0.0,5707.6,,,True,,,,,,,,,,,,1.83,0.81,True,1,True,,,,False,,tv_wilder_rsi14_sma5_v1,49.13,46.18,True,False,2.95
5714,5714.T,ＤＯＷＡホールディングス,2021-08,NEW,1,61.49,64.42,True,True,2.93,2021-08,4830.0,4830.0,4830.0,0.0,4524.2,,,True,,,,,,,,,,,,2.58,0.91,True,1,False,,,,False,,tv_wilder_rsi14_sma5_v1,64.42,61.49,True,True,2.93
4763,4763.T,クリーク・アンド・リバー社,2021-08,CONTINUE,8,64.43,67.34,True,False,2.91,2021-01,1152.0,1770.0,1770.0,53.65,,,,,,,,,,,,,,,,,,,,,,,,False,,tv_wilder_rsi14_sma5_v1,67.34,64.43,False,True,2.91
8359,8359.T,八十二長野銀行,2021-08,NEW,1,42.58,45.48,False,True,2.91,2021-08,379.0,379.0,379.0,0.0,367.48,,,True,,,,,,,,,,,,1.98,1.02,False,1,True,,,,False,,tv_wilder_rsi14_sma5_v1,45.48,42.58,True,False,2.91
9934,9934.T,因幡電機産業,2021-08,CONTINUE,3,55.41,58.32,True,True,2.91,2021-06,1293.0,1348.5,1348.5,4.29,,,,,,,,,,,,,,,,,,,,,,,,False,,tv_wilder_rsi14_sma5_v1,58.32,55.41,True,True,2.91
5929,5929.T,三和ホールディングス,2021-08,NEW,1,58.71,61.61,False,True,2.9,2021-08,1462.0,1462.0,1462.0,0.0,1399.56,,,True,,,,,,,,,,,,1.78,0.98,True,1,True,,,,False,,tv_wilder_rsi14_sma5_v1,61.61,58.71,True,False,2.9
7186,7186.T,横浜フィナンシャルグループ,2021-08,NEW,1,50.23,53.13,False,True,2.9,2021-08,427.0,427.0,427.0,0.0,421.96,,,True,,,,,,,,,,,,1.66,0.81,True,1,True,,,,False,,tv_wilder_rsi14_sma5_v1,53.13,50.23,True,False,2.9
4681,4681.T,リゾートトラスト,2021-08,CONTINUE,3,54.49,57.37,True,True,2.88,2021-06,907.0,951.5,951.5,4.91,,,,,,,,,,,,,,,,,,,,,,,,False,,tv_wilder_rsi14_sma5_v1,57.37,54.49,True,True,2.88
2296,2296.T,伊藤ハム米久ホールディングス,2021-08,CONTINUE,3,51.18,54.05,True,True,2.87,2021-06,3575.0,3715.0,3715.0,3.92,,,,,,,,,,,,,,,,,,,,,,,,False,,tv_wilder_rsi14_sma5_v1,54.05,51.18,True,True,2.87
6508,6508.T,明電舎,2021-08,CONTINUE,2,59.08,61.93,False,True,2.85,2021-07,2367.0,2458.0,2458.0,3.84,,,,,,,,,,,,,,,,,,,1,True,,,,False,,tv_wilder_rsi14_sma5_v1,61.93,59.08,True,False,2.85
9024,9024.T,西武ホールディングス,2021-08,CONTINUE,7,45.57,48.43,True,True,2.85,2021-02,1280.0,1326.0,1326.0,3.59,,,,,,,,,,,,,,,,,,,,,,,,False,,tv_wilder_rsi14_sma5_v1,48.43,45.57,True,True,2.85
3088,3088.T,マツキヨココカラ＆カンパニー,2021-08,CONTINUE,4,57.41,60.26,False,True,2.84,2021-05,1575.0,1700.0,1700.0,7.94,,,,,,,,,,,,,,,,,,,,,,,,False,,tv_wilder_rsi14_sma5_v1,60.26,57.41,True,False,2.84
1942,1942.T,関電工,2021-08,CONTINUE,2,48.89,51.69,False,True,2.8,2021-07,916.0,946.0,946.0,3.28,,,,,,,,,,,,,,,,,,,1,True,,,,False,,tv_wilder_rsi14_sma5_v1,51.69,48.89,True,False,2.8
9744,9744.T,メイテックグループホールディングス,2021-08,CONTINUE,2,59.9,62.7,True,True,2.8,2021-07,2053.33,2140.0,2140.0,4.22,,,,,,,,,,,,,,,,,,,1,True,,,,False,,tv_wilder_rsi14_sma5_v1,62.7,59.9,True,True,2.8
3179,3179.T,シュッピン,2021-08,CONTINUE,3,55.64,58.43,True,True,2.79,2021-06,1126.0,1216.0,1216.0,7.99,,,,,,,,,,,,,,,,,,,,,,,,False,,tv_wilder_rsi14_sma5_v1,58.43,55.64,True,True,2.79
8923,8923.T,トーセイ,2021-08,CONTINUE,3,50.84,53.63,True,True,2.79,2021-06,536.5,582.0,582.0,8.48,,,,,,,,,,,,,,,,,,,,,,,,False,,tv_wilder_rsi14_sma5_v1,53.63,50.84,True,True,2.79
8304,8304.T,あおぞら銀行,2021-08,CONTINUE,13,50.49,53.28,True,True,2.78,2020-08,1905.0,2581.0,2581.0,35.49,,,,,,,,,,,,,,,,,,,,,,,,False,,tv_wilder_rsi14_sma5_v1,53.28,50.49,True,True,2.78
1930,1930.T,北陸電気工事,2021-08,CONTINUE,3,59.23,61.99,True,False,2.75,2021-06,1035.0,1072.5,1072.5,3.62,,,,,,,,,,,,,,,,,,,,,,,,False,,tv_wilder_rsi14_sma5_v1,61.99,59.23,False,True,2.75
4095,4095.T,日本パーカライジング,2021-08,CONTINUE,4,47.07,49.81,False,True,2.74,2021-05,1092.0,1149.0,1149.0,5.22,,,,,,,,,,,,,,,,,,,,,,,,False,,tv_wilder_rsi14_sma5_v1,49.81,47.07,True,False,2.74
2267,2267.T,ヤクルト本社,2021-08,CONTINUE,8,50.43,53.15,True,False,2.72,2021-01,2670.0,3170.0,3170.0,18.73,,,,,,,,,,,,,,,,,,,,,,,,False,,tv_wilder_rsi14_sma5_v1,53.15,50.43,False,True,2.72
8361,8361.T,大垣共立銀行,2021-08,NEW,1,39.39,42.11,False,True,2.72,2021-08,1956.0,1956.0,1956.0,0.0,1885.48,,,True,,,,,,,,,,,,1.23,1.0,True,1,True,,,,False,,tv_wilder_rsi14_sma5_v1,42.11,39.39,True,False,2.72
6282,6282.T,オイレス工業,2021-08,CONTINUE,2,47.87,50.55,False,True,2.68,2021-07,1614.0,1624.0,1624.0,0.62,,,,,,,,,,,,,,,,,,,1,True,,,,False,,tv_wilder_rsi14_sma5_v1,50.55,47.87,True,False,2.68
7740,7740.T,タムロン,2021-08,CONTINUE,9,61.23,63.9,True,True,2.67,2020-12,228.25,329.88,329.88,44.52,,,,,,,,,,,,,,,,,,,,,,,,False,,tv_wilder_rsi14_sma5_v1,63.9,61.23,True,True,2.67
4041,4041.T,日本曹達,2021-08,CONTINUE,2,56.78,59.44,False,True,2.66,2021-07,1752.5,1760.0,1760.0,0.43,,,,,,,,,,,,,,,,,,,1,True,,,,False,,tv_wilder_rsi14_sma5_v1,59.44,56.78,True,False,2.66
9416,9416.T,ビジョン,2021-08,NEW,1,50.1,52.76,True,True,2.66,2021-08,1207.0,1207.0,1207.0,0.0,1128.32,,,True,,,,,,,,,,,,4.46,0.78,True,1,False,,,,False,,tv_wilder_rsi14_sma5_v1,52.76,50.1,True,True,2.66
2461,2461.T,ファンコミュニケーションズ,2021-08,CONTINUE,3,38.22,40.87,True,True,2.65,2021-06,396.0,411.0,411.0,3.79,,,,,,,,,,,,,,,,,,,,,,,,False,,tv_wilder_rsi14_sma5_v1,40.87,38.22,True,True,2.65
4719,4719.T,アルファシステムズ,2021-08,CONTINUE,2,61.95,64.59,True,False,2.64,2021-07,4010.0,3945.0,3945.0,-1.62,,,,,,,,,,,,,,,,,,,1,True,,,,False,,tv_wilder_rsi14_sma5_v1,64.59,61.95,False,True,2.64
6395,6395.T,タダノ,2021-08,NEW,1,54.84,57.47,False,True,2.63,2021-08,1198.0,1198.0,1198.0,0.0,1167.72,,,True,,,,,,,,,,,,2.74,1.0,True,1,False,,,,False,,tv_wilder_rsi14_sma5_v1,57.47,54.84,True,False,2.63
8052,8052.T,椿本興業,2021-08,CONTINUE,2,50.14,52.76,False,True,2.61,2021-07,1178.33,1230.0,1230.0,4.38,,,,,,,,,,,,,,,,,,,1,True,,,,False,,tv_wilder_rsi14_sma5_v1,52.76,50.14,True,False,2.61
4301,4301.T,アミューズ,2021-08,NEW,1,45.08,47.67,False,True,2.6,2021-08,2360.0,2360.0,2360.0,0.0,2288.56,,,True,,,,,,,,,,,,2.1,1.17,False,1,True,,,,False,,tv_wilder_rsi14_sma5_v1,47.67,45.08,True,False,2.6
4578,4578.T,大塚ホールディングス,2021-08,NEW,1,50.08,52.67,False,True,2.6,2021-08,4681.0,4681.0,4681.0,0.0,4589.44,,,True,,,,,,,,,,,,1.84,0.84,True,1,True,,,,False,,tv_wilder_rsi14_sma5_v1,52.67,50.08,True,False,2.6
4543,4543.T,テルモ,2021-08,NEW,1,59.87,62.45,True,True,2.59,2021-08,2298.5,2298.5,2298.5,0.0,2208.26,,,True,,,,,,,,,,,,1.99,0.98,True,1,True,,,,False,,tv_wilder_rsi14_sma5_v1,62.45,59.87,True,True,2.59
9850,9850.T,グルメ杵屋,2021-08,CONTINUE,4,44.22,46.81,True,True,2.59,2021-05,967.0,984.0,984.0,1.76,,,,,,,,,,,,,,,,,,,,,,,,False,,tv_wilder_rsi14_sma5_v1,46.81,44.22,True,True,2.59
8043,8043.T,スターゼン,2021-08,NEW,1,50.11,52.67,False,True,2.57,2021-08,746.0,746.0,746.0,0.0,743.91,,,True,,,,,,,,,,,,1.47,0.77,True,1,True,,,,False,,tv_wilder_rsi14_sma5_v1,52.67,50.11,True,False,2.57
7167,7167.T,めぶきフィナンシャルグループ,2021-08,NEW,1,45.38,47.94,False,True,2.56,2021-08,246.0,246.0,246.0,0.0,242.68,,,True,,,,,,,,,,,,1.86,0.99,True,1,True,,,,False,,tv_wilder_rsi14_sma5_v1,47.94,45.38,True,False,2.56
8346,8346.T,東邦銀行,2021-08,NEW,1,39.46,42.02,False,True,2.56,2021-08,216.0,216.0,216.0,0.0,212.68,,,True,,,,,,,,,,,,1.12,0.82,True,1,True,,,,False,,tv_wilder_rsi14_sma5_v1,42.02,39.46,True,False,2.56
4471,4471.T,三洋化成工業,2021-08,CONTINUE,4,55.34,57.89,True,False,2.55,2021-05,5560.0,5890.0,5890.0,5.94,,,,,,,,,,,,,,,,,,,,,,,,False,,tv_wilder_rsi14_sma5_v1,57.89,55.34,False,True,2.55
7033,7033.T,マネジメントソリューションズ,2021-08,NEW,1,69.57,72.13,True,True,2.55,2021-08,2850.0,2850.0,2850.0,0.0,2612.92,,,True,,,,,,,,,,,,3.55,1.22,False,1,True,,,,False,,tv_wilder_rsi14_sma5_v1,72.13,69.57,True,True,2.55
5901,5901.T,東洋製罐グループホールディングス,2021-08,CONTINUE,9,50.16,52.7,True,True,2.54,2020-12,1127.0,1532.0,1532.0,35.94,,,,,,,,,,,,,,,,,,,,,,,,False,,tv_wilder_rsi14_sma5_v1,52.7,50.16,True,True,2.54
6588,6588.T,東芝テック,2021-08,NEW,1,60.19,62.72,True,True,2.53,2021-08,4710.0,4710.0,4710.0,0.0,4586.4,,,True,,,,,,,,,,,,2.89,0.9,True,1,False,,,,False,,tv_wilder_rsi14_sma5_v1,62.72,60.19,True,True,2.53
6724,6724.T,セイコーエプソン,2021-08,NEW,1,61.22,63.74,True,True,2.52,2021-08,2050.0,2050.0,2050.0,0.0,2046.4,,,True,,,,,,,,,,,,2.39,1.12,False,1,False,,,,False,,tv_wilder_rsi14_sma5_v1,63.74,61.22,True,True,2.52
4718,4718.T,早稲田アカデミー,2021-08,CONTINUE,3,49.65,52.16,True,True,2.51,2021-06,931.0,950.0,950.0,2.04,,,,,,,,,,,,,,,,,,,,,,,,False,,tv_wilder_rsi14_sma5_v1,52.16,49.65,True,True,2.51
8158,8158.T,ソーダニッカ,2021-08,NEW,1,49.51,52.0,True,True,2.49,2021-08,577.0,577.0,577.0,0.0,547.92,,,True,,,,,,,,,,,,1.44,1.03,False,1,True,,,,False,,tv_wilder_rsi14_sma5_v1,52.0,49.51,True,True,2.49
3191,3191.T,ジョイフル本田,2021-08,CONTINUE,3,46.83,49.3,False,True,2.47,2021-06,1354.0,1404.0,1404.0,3.69,,,,,,,,,,,,,,,,,,,,,,,,False,,tv_wilder_rsi14_sma5_v1,49.3,46.83,True,False,2.47
4662,4662.T,フォーカスシステムズ,2021-08,CONTINUE,3,53.74,56.2,True,True,2.46,2021-06,1032.0,1016.0,1016.0,-1.55,,,,,,,,,,,,,,,,,,,,,,,,False,,tv_wilder_rsi14_sma5_v1,56.2,53.74,True,True,2.46
6617,6617.T,東光高岳,2021-08,NEW,1,53.49,55.95,False,True,2.46,2021-08,1498.0,1498.0,1498.0,0.0,1448.84,,,True,,,,,,,,,,,,2.79,1.03,False,1,True,,,,False,,tv_wilder_rsi14_sma5_v1,55.95,53.49,True,False,2.46
9434,9434.T,ソフトバンク,2021-08,NEW,1,55.13,57.59,True,True,2.46,2021-08,147.35,147.35,147.35,0.0,146.42,,,True,,,,,,,,,,,,0.74,0.77,True,1,True,,,,False,,tv_wilder_rsi14_sma5_v1,57.59,55.13,True,True,2.46
4027,4027.T,テイカ,2021-08,NEW,1,40.12,42.57,False,True,2.45,2021-08,1324.0,1324.0,1324.0,0.0,1264.44,,,True,,,,,,,,,,,,2.19,0.77,True,1,True,,,,False,,tv_wilder_rsi14_sma5_v1,42.57,40.12,True,False,2.45
4544,4544.T,Ｈ．Ｕ．グループホールディングス,2021-08,NEW,1,51.77,54.22,False,True,2.45,2021-08,3250.0,3250.0,3250.0,0.0,3056.2,,,True,,,,,,,,,,,,2.89,0.97,True,1,True,,,,False,,tv_wilder_rsi14_sma5_v1,54.22,51.77,True,False,2.45
2733,2733.T,あらた,2021-08,NEW,1,46.1,48.53,False,True,2.43,2021-08,2230.0,2230.0,2230.0,0.0,2164.5,,,True,,,,,,,,,,,,2.03,1.08,False,1,True,,,,False,,tv_wilder_rsi14_sma5_v1,48.53,46.1,True,False,2.43
4901,4901.T,富士フイルムホールディングス,2021-08,NEW,1,76.99,79.43,True,True,2.43,2021-08,3022.67,3022.67,3022.67,0.0,2791.76,,,True,,,,,,,,,,,,2.43,1.07,False,1,True,,,,False,,tv_wilder_rsi14_sma5_v1,79.43,76.99,True,True,2.43
7734,7734.T,理研計器,2021-08,NEW,1,56.04,58.47,True,True,2.43,2021-08,1421.0,1421.0,1421.0,0.0,1333.44,,,True,,,,,,,,,,,,2.59,0.95,True,1,True,,,,False,,tv_wilder_rsi14_sma5_v1,58.47,56.04,True,True,2.43
9644,9644.T,タナベコンサルティンググループ,2021-08,CONTINUE,4,55.94,58.35,True,True,2.42,2021-05,354.5,375.25,375.25,5.85,,,,,,,,,,,,,,,,,,,,,,,,False,,tv_wilder_rsi14_sma5_v1,58.35,55.94,True,True,2.42
1720,1720.T,東急建設,2021-08,CONTINUE,10,54.09,56.51,True,False,2.41,2020-11,469.0,751.0,751.0,60.13,,,,,,,,,,,,,,,,,,,,,,,,False,,tv_wilder_rsi14_sma5_v1,56.51,54.09,False,True,2.41
5423,5423.T,東京製鐵,2021-08,CONTINUE,8,69.11,71.52,True,True,2.41,2021-01,737.0,1188.0,1188.0,61.19,,,,,,,,,,,,,,,,,,,,,,,,False,,tv_wilder_rsi14_sma5_v1,71.52,69.11,True,True,2.41
8141,8141.T,新光商事,2021-08,CONTINUE,3,44.6,47.01,True,False,2.41,2021-06,777.0,790.0,790.0,1.67,,,,,,,,,,,,,,,,,,,,,,,,False,,tv_wilder_rsi14_sma5_v1,47.01,44.6,False,True,2.41
3665,3665.T,エニグモ,2021-08,CONTINUE,4,55.98,58.38,True,True,2.4,2021-05,1324.0,1460.0,1460.0,10.27,,,,,,,,,,,,,,,,,,,,,,,,False,,tv_wilder_rsi14_sma5_v1,58.38,55.98,True,True,2.4
4997,4997.T,日本農薬,2021-08,NEW,1,50.32,52.71,True,True,2.39,2021-08,544.0,544.0,544.0,0.0,527.96,,,True,,,,,,,,,,,,1.73,0.9,True,1,True,,,,False,,tv_wilder_rsi14_sma5_v1,52.71,50.32,True,True,2.39
8057,8057.T,内田洋行,2021-08,CONTINUE,6,52.42,54.82,True,True,2.39,2021-03,985.0,1042.0,1042.0,5.79,,,,,,,,,,,,,,,,,,,,,,,,False,,tv_wilder_rsi14_sma5_v1,54.82,52.42,True,True,2.39
2922,2922.T,なとり,2021-08,CONTINUE,2,54.59,56.97,False,True,2.38,2021-07,1933.0,1952.0,1952.0,0.98,,,,,,,,,,,,,,,,,,,1,True,,,,False,,tv_wilder_rsi14_sma5_v1,56.97,54.59,True,False,2.38
4661,4661.T,オリエンタルランド,2021-08,NEW,1,54.29,56.66,False,True,2.36,2021-08,3332.0,3332.0,3332.0,0.0,3131.4,,,True,,,,,,,,,,,,1.73,1.06,False,1,True,,,,False,,tv_wilder_rsi14_sma5_v1,56.66,54.29,True,False,2.36
4956,4956.T,コニシ,2021-08,NEW,1,51.91,54.27,False,True,2.36,2021-08,839.0,839.0,839.0,0.0,833.8,,,True,,,,,,,,,,,,2.28,1.08,False,1,True,,,,False,,tv_wilder_rsi14_sma5_v1,54.27,51.91,True,False,2.36
5351,5351.T,品川リフラ,2021-08,CONTINUE,13,62.72,65.08,True,False,2.35,2020-08,447.0,794.0,794.0,77.63,,,,,,,,,,,,,,,,,,,,,,,,False,,tv_wilder_rsi14_sma5_v1,65.08,62.72,False,True,2.35
8079,8079.T,正栄食品工業,2021-08,NEW,1,52.03,54.37,False,True,2.34,2021-08,4165.0,4165.0,4165.0,0.0,4041.2,,,True,,,,,,,,,,,,0.99,1.13,False,1,True,,,,False,,tv_wilder_rsi14_sma5_v1,54.37,52.03,True,False,2.34
3834,3834.T,朝日ネット,2021-08,NEW,1,45.74,48.07,False,True,2.33,2021-08,738.0,738.0,738.0,0.0,711.6,,,True,,,,,,,,,,,,1.99,0.87,True,1,True,,,,False,,tv_wilder_rsi14_sma5_v1,48.07,45.74,True,False,2.33
7466,7466.T,ＳＰＫ,2021-08,CONTINUE,6,52.47,54.8,True,True,2.33,2021-03,646.0,693.0,693.0,7.28,,,,,,,,,,,,,,,,,,,,,,,,False,,tv_wilder_rsi14_sma5_v1,54.8,52.47,True,True,2.33
7238,7238.T,曙ブレーキ工業,2021-08,NEW,1,49.33,51.65,False,True,2.32,2021-08,188.0,188.0,188.0,0.0,180.0,,,True,,,,,,,,,,,,3.23,1.04,False,1,True,,,,False,,tv_wilder_rsi14_sma5_v1,51.65,49.33,True,False,2.32
8522,8522.T,名古屋銀行,2021-08,NEW,1,43.37,45.69,False,True,2.32,2021-08,885.33,885.33,885.33,0.0,838.67,,,True,,,,,,,,,,,,1.9,1.0,False,1,True,,,,False,,tv_wilder_rsi14_sma5_v1,45.69,43.37,True,False,2.32
1982,1982.T,日比谷総合設備,2021-08,CONTINUE,2,49.18,51.48,False,True,2.3,2021-07,935.5,945.5,945.5,1.07,,,,,,,,,,,,,,,,,,,1,True,,,,False,,tv_wilder_rsi14_sma5_v1,51.48,49.18,True,False,2.3
3106,3106.T,倉敷紡績,2021-08,CONTINUE,3,42.58,44.88,True,True,2.3,2021-06,1902.0,1948.0,1948.0,2.42,,,,,,,,,,,,,,,,,,,,,,,,False,,tv_wilder_rsi14_sma5_v1,44.88,42.58,True,True,2.3
7475,7475.T,アルビス,2021-08,NEW,1,45.79,48.08,False,True,2.29,2021-08,2398.0,2398.0,2398.0,0.0,2363.88,,,True,,,,,,,,,,,,0.84,0.98,True,1,True,,,,False,,tv_wilder_rsi14_sma5_v1,48.08,45.79,True,False,2.29
7731,7731.T,ニコン,2021-08,NEW,1,49.52,51.81,True,True,2.29,2021-08,1159.0,1159.0,1159.0,0.0,1104.88,,,True,,,,,,,,,,,,2.56,0.94,True,1,True,,,,False,,tv_wilder_rsi14_sma5_v1,51.81,49.52,True,True,2.29
3167,3167.T,ＴＯＫＡＩホールディングス,2021-08,NEW,1,43.89,46.17,False,True,2.28,2021-08,917.0,917.0,917.0,0.0,903.44,,,True,,,,,,,,,,,,0.87,1.09,False,1,True,,,,False,,tv_wilder_rsi14_sma5_v1,46.17,43.89,True,False,2.28
2734,2734.T,サーラコーポレーション,2021-08,NEW,1,49.92,52.19,False,True,2.27,2021-08,606.0,606.0,606.0,0.0,604.48,,,True,,,,,,,,,,,,1.18,0.98,True,1,True,,,,False,,tv_wilder_rsi14_sma5_v1,52.19,49.92,True,False,2.27
9769,9769.T,学究社,2021-08,CONTINUE,4,53.82,56.05,True,True,2.23,2021-05,1323.0,1378.0,1378.0,4.16,,,,,,,,,,,,,,,,,,,,,,,,False,,tv_wilder_rsi14_sma5_v1,56.05,53.82,True,True,2.23
4528,4528.T,小野薬品工業,2021-08,NEW,1,46.19,48.38,False,True,2.2,2021-08,2644.0,2644.0,2644.0,0.0,2544.14,,,True,,,,,,,,,,,,1.67,1.05,False,1,True,,,,False,,tv_wilder_rsi14_sma5_v1,48.38,46.19,True,False,2.2
6744,6744.T,能美防災,2021-08,CONTINUE,2,47.64,49.82,True,True,2.18,2021-07,2089.0,2136.0,2136.0,2.25,,,,,,,,,,,,,,,,,,,1,True,,,,False,,tv_wilder_rsi14_sma5_v1,49.82,47.64,True,True,2.18
8697,8697.T,日本取引所グループ,2021-08,NEW,1,57.25,59.42,False,True,2.18,2021-08,1309.5,1309.5,1309.5,0.0,1287.55,,,True,,,,,,,,,,,,1.93,0.97,True,1,True,,,,False,,tv_wilder_rsi14_sma5_v1,59.42,57.25,True,False,2.18
8713,8713.T,フィデアホールディングス,2021-08,NEW,1,49.46,51.64,False,True,2.18,2021-08,1260.0,1260.0,1260.0,0.0,1234.8,,,True,,,,,,,,,,,,1.53,0.93,True,1,True,,,,False,,tv_wilder_rsi14_sma5_v1,51.64,49.46,True,False,2.18
1766,1766.T,東建コーポレーション,2021-08,NEW,1,62.51,64.67,False,True,2.16,2021-08,10480.0,10480.0,10480.0,0.0,10078.8,,,True,,,,,,,,,,,,1.86,1.12,False,1,True,,,,False,,tv_wilder_rsi14_sma5_v1,64.67,62.51,True,False,2.16
4568,4568.T,第一三共,2021-08,NEW,1,48.32,50.48,False,True,2.16,2021-08,2614.5,2614.5,2614.5,0.0,2317.18,,,True,,,,,,,,,,,,3.6,1.05,False,1,True,,,,False,,tv_wilder_rsi14_sma5_v1,50.48,48.32,True,False,2.16
6981,6981.T,村田製作所,2021-08,CONTINUE,2,61.83,63.97,False,True,2.14,2021-07,3013.33,3039.67,3039.67,0.87,,,,,,,,,,,,,,,,,,,1,True,,,,False,,tv_wilder_rsi14_sma5_v1,63.97,61.83,True,False,2.14
1429,1429.T,日本アクア,2021-08,NEW,1,47.86,49.99,False,True,2.13,2021-08,581.0,581.0,581.0,0.0,550.28,,,True,,,,,,,,,,,,2.86,1.07,False,1,True,,,,False,,tv_wilder_rsi14_sma5_v1,49.99,47.86,True,False,2.13
2874,2874.T,横浜冷凍,2021-08,CONTINUE,3,45.83,47.95,False,True,2.12,2021-06,882.0,898.0,898.0,1.81,,,,,,,,,,,,,,,,,,,,,,,,False,,tv_wilder_rsi14_sma5_v1,47.95,45.83,True,False,2.12
9507,9507.T,四国電力,2021-08,NEW,1,40.63,42.75,False,True,2.12,2021-08,771.0,771.0,771.0,0.0,752.16,,,True,,,,,,,,,,,,1.26,0.92,True,1,True,,,,False,,tv_wilder_rsi14_sma5_v1,42.75,40.63,True,False,2.12
6136,6136.T,オーエスジー,2021-08,CONTINUE,3,50.24,52.34,True,False,2.1,2021-06,1926.0,1977.0,1977.0,2.65,,,,,,,,,,,,,,,,,,,,,,,,False,,tv_wilder_rsi14_sma5_v1,52.34,50.24,False,True,2.1
3003,3003.T,ヒューリック,2021-08,NEW,1,58.53,60.62,False,True,2.09,2021-08,1290.0,1290.0,1290.0,0.0,1269.76,,,True,,,,,,,,,,,,1.5,0.97,True,1,True,,,,False,,tv_wilder_rsi14_sma5_v1,60.62,58.53,True,False,2.09
8053,8053.T,住友商事,2021-08,NEW,1,52.17,54.25,False,True,2.09,2021-08,388.62,388.62,388.62,0.0,383.38,,,True,,,,,,,,,,,,1.45,0.83,True,1,True,,,,False,,tv_wilder_rsi14_sma5_v1,54.25,52.17,True,False,2.09
9692,9692.T,シーイーシー,2021-08,CONTINUE,4,45.63,47.71,True,False,2.08,2021-05,1388.0,1560.0,1560.0,12.39,,,,,,,,,,,,,,,,,,,,,,,,False,,tv_wilder_rsi14_sma5_v1,47.71,45.63,False,True,2.08
1860,1860.T,戸田建設,2021-08,NEW,1,57.36,59.42,False,True,2.06,2021-08,804.0,804.0,804.0,0.0,789.08,,,True,,,,,,,,,,,,1.66,0.98,True,1,True,,,,False,,tv_wilder_rsi14_sma5_v1,59.42,57.36,True,False,2.06
6486,6486.T,イーグル工業,2021-08,CONTINUE,2,55.73,57.78,True,False,2.05,2021-07,1292.0,1250.0,1250.0,-3.25,,,,,,,,,,,,,,,,,,,1,True,,,,False,,tv_wilder_rsi14_sma5_v1,57.78,55.73,False,True,2.05
9843,9843.T,ニトリホールディングス,2021-08,CONTINUE,2,54.01,56.06,False,False,2.05,2021-07,4161.0,4116.0,4116.0,-1.08,,,,,,,,,,,,,,,,,,,1,True,,,,False,,tv_wilder_rsi14_sma5_v1,56.06,54.01,False,False,2.05
5331,5331.T,ノリタケ,2021-08,CONTINUE,8,53.35,55.39,True,True,2.04,2021-01,811.25,1062.5,1062.5,30.97,,,,,,,,,,,,,,,,,,,,,,,,False,,tv_wilder_rsi14_sma5_v1,55.39,53.35,True,True,2.04
5357,5357.T,ヨータイ,2021-08,CONTINUE,16,78.75,80.79,True,True,2.04,2020-05,697.0,1275.0,1275.0,82.93,,,,,,,,,,,,,,,,,,,,,,,,False,,tv_wilder_rsi14_sma5_v1,80.79,78.75,True,True,2.04
9602,9602.T,東宝,2021-08,CONTINUE,6,57.19,59.23,True,False,2.04,2021-03,898.0,952.0,952.0,6.01,,,,,,,,,,,,,,,,,,,,,,,,False,,tv_wilder_rsi14_sma5_v1,59.23,57.19,False,True,2.04
6178,6178.T,日本郵政,2021-08,CONTINUE,2,47.33,49.34,False,True,2.02,2021-07,929.1,944.3,944.3,1.64,,,,,,,,,,,,,,,,,,,1,True,,,,False,,tv_wilder_rsi14_sma5_v1,49.34,47.33,True,False,2.02
6417,6417.T,ＳＡＮＫＹＯ,2021-08,NEW,1,39.57,41.58,False,True,2.01,2021-08,560.4,560.4,560.4,0.0,560.48,,,False,,,,,,,,,,,,1.29,0.94,True,1,True,,,,False,,tv_wilder_rsi14_sma5_v1,41.58,39.57,True,False,2.01
3197,3197.T,すかいらーくホールディングス,2021-08,NEW,1,44.9,46.9,False,True,2.0,2021-08,1579.0,1579.0,1579.0,0.0,1507.08,,,True,,,,,,,,,,,,1.62,0.86,True,1,True,,,,False,,tv_wilder_rsi14_sma5_v1,46.9,44.9,True,False,2.0
7965,7965.T,象印マホービン,2021-08,NEW,1,50.8,52.79,False,True,2.0,2021-08,1730.0,1730.0,1730.0,0.0,1597.64,,,True,,,,,,,,,,,,1.7,0.95,True,1,True,,,,False,,tv_wilder_rsi14_sma5_v1,52.79,50.8,True,False,2.0
9830,9830.T,トラスコ中山,2021-08,CONTINUE,3,53.93,55.93,False,True,1.99,2021-06,2832.0,2944.0,2944.0,3.95,,,,,,,,,,,,,,,,,,,,,,,,False,,tv_wilder_rsi14_sma5_v1,55.93,53.93,True,False,1.99
6814,6814.T,古野電気,2021-08,CONTINUE,2,51.04,53.02,True,True,1.98,2021-07,1077.0,1093.0,1093.0,1.49,,,,,,,,,,,,,,,,,,,1,True,,,,False,,tv_wilder_rsi14_sma5_v1,53.02,51.04,True,True,1.98
1762,1762.T,髙松コンストラクショングループ,2021-08,NEW,1,40.74,42.71,False,True,1.97,2021-08,2083.0,2083.0,2083.0,0.0,2033.96,,,True,,,,,,,,,,,,1.15,0.85,True,1,True,,,,False,,tv_wilder_rsi14_sma5_v1,42.71,40.74,True,False,1.97
9739,9739.T,ＮＳＷ,2021-08,CONTINUE,4,52.83,54.81,True,False,1.97,2021-05,2277.0,2355.0,2355.0,3.43,,,,,,,,,,,,,,,,,,,,,,,,False,,tv_wilder_rsi14_sma5_v1,54.81,52.83,False,True,1.97
5393,5393.T,ニチアス,2021-08,NEW,1,58.94,60.9,True,True,1.96,2021-08,973.0,973.0,973.0,0.0,947.88,,,True,,,,,,,,,,,,1.91,0.91,True,1,True,,,,False,,tv_wilder_rsi14_sma5_v1,60.9,58.94,True,True,1.96
4548,4548.T,生化学工業,2021-08,CONTINUE,4,46.18,48.13,True,True,1.95,2021-05,1152.0,1110.0,1110.0,-3.65,,,,,,,,,,,,,,,,,,,,,,,,False,,tv_wilder_rsi14_sma5_v1,48.13,46.18,True,True,1.95
9005,9005.T,東急,2021-08,CONTINUE,7,46.63,48.58,True,True,1.95,2021-02,1464.0,1515.0,1515.0,3.48,,,,,,,,,,,,,,,,,,,,,,,,False,,tv_wilder_rsi14_sma5_v1,48.58,46.63,True,True,1.95
2676,2676.T,高千穂交易,2021-08,CONTINUE,3,55.66,57.6,True,True,1.94,2021-06,578.5,590.0,590.0,1.99,,,,,,,,,,,,,,,,,,,,,,,,False,,tv_wilder_rsi14_sma5_v1,57.6,55.66,True,True,1.94
2198,2198.T,アイ  ･ケイ  ･ケイホールディングス,2021-08,NEW,1,51.24,53.17,False,True,1.92,2021-08,686.0,686.0,686.0,0.0,668.44,,,True,,,,,,,,,,,,1.37,1.07,False,1,True,,,,False,,tv_wilder_rsi14_sma5_v1,53.17,51.24,True,False,1.92
6458,6458.T,新晃工業,2021-08,NEW,1,60.58,62.49,False,True,1.92,2021-08,727.67,727.67,727.67,0.0,721.6,,,True,,,,,,,,,,,,2.19,0.76,True,1,False,,,,False,,tv_wilder_rsi14_sma5_v1,62.49,60.58,True,False,1.92
4042,4042.T,東ソー,2021-08,NEW,1,57.88,59.79,False,True,1.91,2021-08,1998.0,1998.0,1998.0,0.0,1938.12,,,True,,,,,,,,,,,,1.87,0.76,True,1,True,,,,False,,tv_wilder_rsi14_sma5_v1,59.79,57.88,True,False,1.91
2353,2353.T,日本駐車場開発,2021-08,NEW,1,54.79,56.69,True,True,1.9,2021-08,167.0,167.0,167.0,0.0,161.56,,,True,,,,,,,,,,,,1.97,0.97,True,1,True,,,,False,,tv_wilder_rsi14_sma5_v1,56.69,54.79,True,True,1.9
7071,7071.T,アンビスホールディングス,2021-08,NEW,1,76.53,78.41,True,True,1.88,2021-08,1960.0,1960.0,1960.0,0.0,1605.1,,,True,,,,,,,,,,,,4.07,1.17,False,1,True,,,,False,,tv_wilder_rsi14_sma5_v1,78.41,76.53,True,True,1.88
8358,8358.T,スルガ銀行,2021-08,NEW,1,36.37,38.26,False,True,1.88,2021-08,362.0,362.0,362.0,0.0,349.76,,,True,,,,,,,,,,,,2.43,0.88,True,1,True,,,,False,,tv_wilder_rsi14_sma5_v1,38.26,36.37,True,False,1.88
3153,3153.T,八洲電機,2021-08,NEW,1,55.31,57.18,False,True,1.87,2021-08,991.0,991.0,991.0,0.0,966.72,,,True,,,,,,,,,,,,1.05,1.11,False,1,True,,,,False,,tv_wilder_rsi14_sma5_v1,57.18,55.31,True,False,1.87
6845,6845.T,アズビル,2021-08,NEW,1,59.71,61.58,False,True,1.87,2021-08,1193.75,1193.75,1193.75,0.0,1122.8,,,True,,,,,,,,,,,,2.77,0.98,True,1,True,,,,False,,tv_wilder_rsi14_sma5_v1,61.58,59.71,True,False,1.87
8037,8037.T,カメイ,2021-08,NEW,1,49.25,51.13,False,True,1.87,2021-08,1174.0,1174.0,1174.0,0.0,1165.0,,,True,,,,,,,,,,,,1.83,0.89,True,1,True,,,,False,,tv_wilder_rsi14_sma5_v1,51.13,49.25,True,False,1.87
8876,8876.T,リログループ,2021-08,CONTINUE,3,47.61,49.48,True,True,1.87,2021-06,2540.0,2466.0,2466.0,-2.91,,,,,,,,,,,,,,,,,,,,,,,,False,,tv_wilder_rsi14_sma5_v1,49.48,47.61,True,True,1.87
3034,3034.T,クオールホールディングス,2021-08,CONTINUE,9,52.99,54.84,False,True,1.85,2020-12,1125.0,1563.0,1563.0,38.93,,,,,,,,,,,,,,,,,,,,,,,,False,,tv_wilder_rsi14_sma5_v1,54.84,52.99,True,False,1.85
3076,3076.T,あい   ホールディングス,2021-08,NEW,1,55.68,57.51,False,True,1.83,2021-08,2234.0,2234.0,2234.0,0.0,2130.48,,,True,,,,,,,,,,,,2.73,1.15,False,1,True,,,,False,,tv_wilder_rsi14_sma5_v1,57.51,55.68,True,False,1.83
4212,4212.T,積水樹脂,2021-08,CONTINUE,6,50.51,52.34,True,True,1.83,2021-03,2097.0,2186.0,2186.0,4.24,,,,,,,,,,,,,,,,,,,,,,,,False,,tv_wilder_rsi14_sma5_v1,52.34,50.51,True,True,1.83
9603,9603.T,エイチ・アイ・エス,2021-08,NEW,1,51.19,53.01,True,True,1.82,2021-08,2554.0,2554.0,2554.0,0.0,2375.64,,,True,,,,,,,,,,,,3.58,1.09,False,1,True,,,,False,,tv_wilder_rsi14_sma5_v1,53.01,51.19,True,True,1.82
8550,8550.T,栃木銀行,2021-08,NEW,1,39.66,41.47,False,True,1.81,2021-08,176.0,176.0,176.0,0.0,171.68,,,True,,,,,,,,,,,,1.34,1.0,False,1,True,,,,False,,tv_wilder_rsi14_sma5_v1,41.47,39.66,True,False,1.81
2379,2379.T,ディップ,2021-08,NEW,1,60.08,61.87,True,True,1.8,2021-08,3500.0,3500.0,3500.0,0.0,3287.4,,,True,,,,,,,,,,,,3.17,1.02,False,1,True,,,,False,,tv_wilder_rsi14_sma5_v1,61.87,60.08,True,True,1.8
1950,1950.T,日本電設工業,2021-08,CONTINUE,2,41.2,42.98,False,False,1.79,2021-07,1910.0,1863.0,1863.0,-2.46,,,,,,,,,,,,,,,,,,,1,True,,,,False,,tv_wilder_rsi14_sma5_v1,42.98,41.2,False,False,1.79
2326,2326.T,デジタルアーツ,2021-08,NEW,1,52.48,54.27,False,True,1.79,2021-08,8740.0,8740.0,8740.0,0.0,8067.2,,,True,,,,,,,,,,,,2.54,0.89,True,1,True,,,,False,,tv_wilder_rsi14_sma5_v1,54.27,52.48,True,False,1.79
3245,3245.T,ディア・ライフ,2021-08,CONTINUE,8,50.82,52.61,True,True,1.79,2021-01,436.0,486.0,486.0,11.47,,,,,,,,,,,,,,,,,,,,,,,,False,,tv_wilder_rsi14_sma5_v1,52.61,50.82,True,True,1.79
7751,7751.T,キヤノン,2021-08,NEW,1,51.15,52.93,True,True,1.79,2021-08,2611.5,2611.5,2611.5,0.0,2589.58,,,True,,,,,,,,,,,,1.54,1.06,False,1,True,,,,False,,tv_wilder_rsi14_sma5_v1,52.93,51.15,True,True,1.79
6517,6517.T,デンヨー,2021-08,NEW,1,51.53,53.31,False,True,1.78,2021-08,2052.0,2052.0,2052.0,0.0,2035.72,,,True,,,,,,,,,,,,1.76,0.93,True,1,True,,,,False,,tv_wilder_rsi14_sma5_v1,53.31,51.53,True,False,1.78
3402,3402.T,東レ,2021-08,CONTINUE,4,54.25,56.02,True,True,1.77,2021-05,710.6,741.8,741.8,4.39,,,,,,,,,,,,,,,,,,,,,,,,False,,tv_wilder_rsi14_sma5_v1,56.02,54.25,True,True,1.77
7951,7951.T,ヤマハ,2021-08,NEW,1,59.09,60.86,True,True,1.77,2021-08,2163.33,2163.33,2163.33,0.0,2078.93,,,True,,,,,,,,,,,,2.38,1.09,False,1,True,,,,False,,tv_wilder_rsi14_sma5_v1,60.86,59.09,True,True,1.77
9003,9003.T,相鉄ホールディングス,2021-08,NEW,1,36.04,37.8,False,True,1.77,2021-08,2210.0,2210.0,2210.0,0.0,2174.32,,,True,,,,,,,,,,,,2.32,1.14,False,1,True,,,,False,,tv_wilder_rsi14_sma5_v1,37.8,36.04,True,False,1.77
2664,2664.T,カワチ薬品,2021-08,NEW,1,41.78,43.54,False,True,1.76,2021-08,2300.0,2300.0,2300.0,0.0,2272.0,,,True,,,,,,,,,,,,1.76,1.14,False,1,True,,,,False,,tv_wilder_rsi14_sma5_v1,43.54,41.78,True,False,1.76
6222,6222.T,島精機製作所,2021-08,NEW,1,44.67,46.43,False,True,1.76,2021-08,2088.0,2088.0,2088.0,0.0,1988.48,,,True,,,,,,,,,,,,2.56,0.96,True,1,True,,,,False,,tv_wilder_rsi14_sma5_v1,46.43,44.67,True,False,1.76
2266,2266.T,六甲バター,2021-08,NEW,1,42.5,44.24,False,True,1.74,2021-08,1585.0,1585.0,1585.0,0.0,1558.44,,,True,,,,,,,,,,,,1.76,0.91,True,1,True,,,,False,,tv_wilder_rsi14_sma5_v1,44.24,42.5,True,False,1.74
7269,7269.T,スズキ,2021-08,NEW,1,49.46,51.19,False,True,1.74,2021-08,1189.0,1189.0,1189.0,0.0,1155.08,,,True,,,,,,,,,,,,2.65,0.96,True,1,False,,,,False,,tv_wilder_rsi14_sma5_v1,51.19,49.46,True,False,1.74
5262,5262.T,日本ヒューム,2021-08,NEW,1,46.62,48.33,False,True,1.72,2021-08,369.5,369.5,369.5,0.0,365.56,,,True,,,,,,,,,,,,0.92,1.11,False,1,True,,,,False,,tv_wilder_rsi14_sma5_v1,48.33,46.62,True,False,1.72
4337,4337.T,ぴあ,2021-08,CONTINUE,4,47.25,48.96,True,True,1.71,2021-05,3215.0,3365.0,3365.0,4.67,,,,,,,,,,,,,,,,,,,,,,,,False,,tv_wilder_rsi14_sma5_v1,48.96,47.25,True,True,1.71
4569,4569.T,杏林製薬,2021-08,NEW,1,42.03,43.73,False,True,1.71,2021-08,1823.0,1823.0,1823.0,0.0,1810.48,,,True,,,,,,,,,,,,1.25,0.93,True,1,True,,,,False,,tv_wilder_rsi14_sma5_v1,43.73,42.03,True,False,1.71
5943,5943.T,ノーリツ,2021-08,CONTINUE,4,59.97,61.67,True,True,1.71,2021-05,1913.0,1897.0,1897.0,-0.84,,,,,,,,,,,,,,,,,,,,,,,,False,,tv_wilder_rsi14_sma5_v1,61.67,59.97,True,True,1.71
6167,6167.T,冨士ダイス,2021-08,CONTINUE,2,48.42,50.12,False,False,1.7,2021-07,679.0,674.0,674.0,-0.74,,,,,,,,,,,,,,,,,,,1,True,,,,False,,tv_wilder_rsi14_sma5_v1,50.12,48.42,False,False,1.7
3360,3360.T,シップヘルスケアホールディングス,2021-08,NEW,1,56.2,57.89,False,True,1.69,2021-08,2798.0,2798.0,2798.0,0.0,2746.68,,,True,,,,,,,,,,,,2.42,1.05,False,1,True,,,,False,,tv_wilder_rsi14_sma5_v1,57.89,56.2,True,False,1.69
8093,8093.T,極東貿易,2021-08,CONTINUE,4,62.25,63.94,True,False,1.69,2021-05,1085.0,1198.5,1198.5,10.46,,,,,,,,,,,,,,,,,,,,,,,,False,,tv_wilder_rsi14_sma5_v1,63.94,62.25,False,True,1.69
8804,8804.T,東京建物,2021-08,CONTINUE,2,57.24,58.93,False,True,1.69,2021-07,1640.0,1685.0,1685.0,2.74,,,,,,,,,,,,,,,,,,,1,True,,,,False,,tv_wilder_rsi14_sma5_v1,58.93,57.24,True,False,1.69
3107,3107.T,ダイワボウホールディングス,2021-08,CONTINUE,4,64.69,66.37,True,False,1.68,2021-05,1709.0,2092.0,2092.0,22.41,,,,,,,,,,,,,,,,,,,,,,,,False,,tv_wilder_rsi14_sma5_v1,66.37,64.69,False,True,1.68
6333,6333.T,ＴＥＩＫＯＫＵ,2021-08,NEW,1,51.39,53.07,False,True,1.68,2021-08,1306.0,1306.0,1306.0,0.0,1264.64,,,True,,,,,,,,,,,,1.32,0.93,True,1,True,,,,False,,tv_wilder_rsi14_sma5_v1,53.07,51.39,True,False,1.68
9304,9304.T,澁澤倉庫,2021-08,NEW,1,51.58,53.25,False,True,1.67,2021-08,542.5,542.5,542.5,0.0,533.37,,,True,,,,,,,,,,,,1.94,1.0,False,1,True,,,,False,,tv_wilder_rsi14_sma5_v1,53.25,51.58,True,False,1.67
1926,1926.T,ライト工業,2021-08,CONTINUE,2,60.33,61.98,False,False,1.65,2021-07,1956.0,1925.0,1925.0,-1.58,,,,,,,,,,,,,,,,,,,1,True,,,,False,,tv_wilder_rsi14_sma5_v1,61.98,60.33,False,False,1.65
9305,9305.T,ヤマタネ,2021-08,CONTINUE,16,54.17,55.82,True,False,1.65,2020-05,616.5,779.5,779.5,26.44,,,,,,,,,,,,,,,,,,,,,,,,False,,tv_wilder_rsi14_sma5_v1,55.82,54.17,False,True,1.65
6289,6289.T,技研製作所,2021-08,NEW,1,55.14,56.77,False,True,1.63,2021-08,4735.0,4735.0,4735.0,0.0,4564.8,,,True,,,,,,,,,,,,1.67,1.11,False,1,True,,,,False,,tv_wilder_rsi14_sma5_v1,56.77,55.14,True,False,1.63
7453,7453.T,良品計画,2021-08,NEW,1,51.32,52.95,False,True,1.63,2021-08,1179.0,1179.0,1179.0,0.0,1124.46,,,True,,,,,,,,,,,,2.24,1.01,False,1,True,,,,False,,tv_wilder_rsi14_sma5_v1,52.95,51.32,True,False,1.63
5310,5310.T,東洋炭素,2021-08,CONTINUE,16,61.52,63.14,True,False,1.62,2020-05,1626.0,2756.0,2756.0,69.5,,,,,,,,,,,,,,,,,,,,,,,,False,,tv_wilder_rsi14_sma5_v1,63.14,61.52,False,True,1.62
2371,2371.T,カカクコム,2021-08,NEW,1,59.35,60.95,True,True,1.6,2021-08,3430.0,3430.0,3430.0,0.0,3216.16,,,True,,,,,,,,,,,,2.68,0.84,True,1,True,,,,False,,tv_wilder_rsi14_sma5_v1,60.95,59.35,True,True,1.6
5108,5108.T,ブリヂストン,2021-08,NEW,1,62.69,64.28,True,True,1.59,2021-08,2532.0,2532.0,2532.0,0.0,2474.18,,,True,,,,,,,,,,,,1.93,0.87,True,1,True,,,,False,,tv_wilder_rsi14_sma5_v1,64.28,62.69,True,True,1.59
6250,6250.T,やまびこ,2021-08,CONTINUE,4,52.74,54.34,True,True,1.59,2021-05,1219.0,1266.0,1266.0,3.86,,,,,,,,,,,,,,,,,,,,,,,,False,,tv_wilder_rsi14_sma5_v1,54.34,52.74,True,True,1.59
1515,1515.T,日鉄鉱業,2021-08,NEW,1,58.39,59.97,False,True,1.58,2021-08,667.0,667.0,667.0,0.0,637.0,,,True,,,,,,,,,,,,2.67,1.02,False,1,True,,,,False,,tv_wilder_rsi14_sma5_v1,59.97,58.39,True,False,1.58
4951,4951.T,エステー,2021-08,NEW,1,46.51,48.08,False,True,1.58,2021-08,1799.0,1799.0,1799.0,0.0,1753.76,,,True,,,,,,,,,,,,1.31,1.02,False,1,True,,,,False,,tv_wilder_rsi14_sma5_v1,48.08,46.51,True,False,1.58
6800,6800.T,ヨコオ,2021-08,CONTINUE,2,50.94,52.52,False,True,1.58,2021-07,2660.0,2666.0,2666.0,0.23,,,,,,,,,,,,,,,,,,,1,True,,,,False,,tv_wilder_rsi14_sma5_v1,52.52,50.94,True,False,1.58
7520,7520.T,エコス,2021-08,NEW,1,51.51,53.09,False,True,1.58,2021-08,1948.0,1948.0,1948.0,0.0,1921.6,,,True,,,,,,,,,,,,1.57,1.01,False,1,True,,,,False,,tv_wilder_rsi14_sma5_v1,53.09,51.51,True,False,1.58
1899,1899.T,福田組,2021-08,NEW,1,49.57,51.12,False,True,1.55,2021-08,2515.0,2515.0,2515.0,0.0,2443.3,,,True,,,,,,,,,,,,1.14,1.04,False,1,True,,,,False,,tv_wilder_rsi14_sma5_v1,51.12,49.57,True,False,1.55
4819,4819.T,デジタルガレージ,2021-08,NEW,1,60.54,62.09,True,True,1.55,2021-08,5030.0,5030.0,5030.0,0.0,4739.4,,,True,,,,,,,,,,,,2.83,0.9,True,1,True,,,,False,,tv_wilder_rsi14_sma5_v1,62.09,60.54,True,True,1.55
2674,2674.T,ハードオフコーポレーション,2021-08,NEW,1,48.95,50.48,False,True,1.54,2021-08,781.0,781.0,781.0,0.0,775.12,,,True,,,,,,,,,,,,1.25,0.97,True,1,True,,,,False,,tv_wilder_rsi14_sma5_v1,50.48,48.95,True,False,1.54
3486,3486.T,グローバル・リンク・マネジメント,2021-08,NEW,1,51.23,52.77,False,True,1.54,2021-08,453.0,453.0,453.0,0.0,438.9,,,True,,,,,,,,,,,,2.14,1.02,False,1,False,,,,False,,tv_wilder_rsi14_sma5_v1,52.77,51.23,True,False,1.54
6058,6058.T,ベクトル,2021-08,CONTINUE,2,46.81,48.32,False,False,1.51,2021-07,1033.0,1026.0,1026.0,-0.68,,,,,,,,,,,,,,,,,,,1,True,,,,False,,tv_wilder_rsi14_sma5_v1,48.32,46.81,False,False,1.51
6810,6810.T,マクセル,2021-08,NEW,1,46.37,47.87,False,True,1.51,2021-08,1295.0,1295.0,1295.0,0.0,1332.92,,,False,,,,,,,,,,,,2.56,0.84,True,1,False,,,,False,,tv_wilder_rsi14_sma5_v1,47.87,46.37,True,False,1.51
4523,4523.T,エーザイ,2021-08,CONTINUE,4,53.82,55.3,True,True,1.48,2021-05,7358.0,9086.0,9086.0,23.48,,,,,,,,,,,,,,,,,,,,,,,,False,,tv_wilder_rsi14_sma5_v1,55.3,53.82,True,True,1.48
6254,6254.T,野村マイクロ・サイエンス,2021-08,NEW,1,76.1,77.57,False,True,1.48,2021-08,1215.0,1215.0,1215.0,0.0,1133.35,,,True,,,,,,,,,,,,6.12,0.83,True,1,True,,,,False,,tv_wilder_rsi14_sma5_v1,77.57,76.1,True,False,1.48
9832,9832.T,オートバックスセブン,2021-08,CONTINUE,9,49.33,50.81,True,False,1.48,2020-12,1427.0,1535.0,1535.0,7.57,,,,,,,,,,,,,,,,,,,,,,,,False,,tv_wilder_rsi14_sma5_v1,50.81,49.33,False,True,1.48
9887,9887.T,松屋フーズホールディングス,2021-08,CONTINUE,3,47.25,48.73,True,False,1.48,2021-06,3525.0,3585.0,3585.0,1.7,,,,,,,,,,,,,,,,,,,,,,,,False,,tv_wilder_rsi14_sma5_v1,48.73,47.25,False,True,1.48
6104,6104.T,芝浦機械,2021-08,CONTINUE,2,51.6,53.06,False,True,1.46,2021-07,2594.0,2628.0,2628.0,1.31,,,,,,,,,,,,,,,,,,,1,True,,,,False,,tv_wilder_rsi14_sma5_v1,53.06,51.6,True,False,1.46
7182,7182.T,ゆうちょ銀行,2021-08,NEW,1,45.63,47.09,False,True,1.46,2021-08,963.0,963.0,963.0,0.0,953.32,,,True,,,,,,,,,,,,1.65,1.02,False,1,True,,,,False,,tv_wilder_rsi14_sma5_v1,47.09,45.63,True,False,1.46
4776,4776.T,サイボウズ,2021-08,NEW,1,56.73,58.17,True,True,1.45,2021-08,2522.0,2522.0,2522.0,0.0,2339.2,,,True,,,,,,,,,,,,3.08,0.98,True,1,True,,,,False,,tv_wilder_rsi14_sma5_v1,58.17,56.73,True,True,1.45
6460,6460.T,セガサミーホールディングス,2021-08,NEW,1,48.9,50.34,False,True,1.45,2021-08,1486.0,1486.0,1486.0,0.0,1424.92,,,True,,,,,,,,,,,,2.63,0.98,True,1,True,,,,False,,tv_wilder_rsi14_sma5_v1,50.34,48.9,True,False,1.45
9880,9880.T,イノテック,2021-08,NEW,1,62.74,64.19,True,True,1.45,2021-08,1395.0,1395.0,1395.0,0.0,1380.52,,,True,,,,,,,,,,,,2.04,0.95,True,1,False,,,,False,,tv_wilder_rsi14_sma5_v1,64.19,62.74,True,True,1.45
1871,1871.T,ピーエス・コンストラクション,2021-08,NEW,1,51.98,53.41,False,True,1.43,2021-08,649.0,649.0,649.0,0.0,633.96,,,True,,,,,,,,,,,,2.18,0.94,True,1,True,,,,False,,tv_wilder_rsi14_sma5_v1,53.41,51.98,True,False,1.43
4044,4044.T,セントラル硝子,2021-08,CONTINUE,2,48.24,49.68,False,True,1.43,2021-07,2205.0,2220.0,2220.0,0.68,,,,,,,,,,,,,,,,,,,1,True,,,,False,,tv_wilder_rsi14_sma5_v1,49.68,48.24,True,False,1.43
5332,5332.T,ＴＯＴＯ,2021-08,NEW,1,56.21,57.64,False,True,1.43,2021-08,5990.0,5990.0,5990.0,0.0,5901.6,,,True,,,,,,,,,,,,1.92,1.01,False,1,True,,,,False,,tv_wilder_rsi14_sma5_v1,57.64,56.21,True,False,1.43
9509,9509.T,北海道電力,2021-08,NEW,1,48.94,50.36,True,True,1.43,2021-08,515.0,515.0,515.0,0.0,506.2,,,True,,,,,,,,,,,,1.79,1.01,False,1,True,,,,False,,tv_wilder_rsi14_sma5_v1,50.36,48.94,True,True,1.43
1944,1944.T,きんでん,2021-08,NEW,1,54.58,56.0,False,True,1.42,2021-08,1863.0,1863.0,1863.0,0.0,1821.36,,,True,,,,,,,,,,,,1.35,1.06,False,1,True,,,,False,,tv_wilder_rsi14_sma5_v1,56.0,54.58,True,False,1.42
1870,1870.T,矢作建設工業,2021-08,NEW,1,42.52,43.93,False,True,1.41,2021-08,734.0,734.0,734.0,0.0,718.72,,,True,,,,,,,,,,,,1.53,1.11,False,1,True,,,,False,,tv_wilder_rsi14_sma5_v1,43.93,42.52,True,False,1.41
4985,4985.T,アース製薬,2021-08,CONTINUE,4,51.84,53.25,False,True,1.41,2021-05,6300.0,6510.0,6510.0,3.33,,,,,,,,,,,,,,,,,,,,,,,,False,,tv_wilder_rsi14_sma5_v1,53.25,51.84,True,False,1.41
3678,3678.T,メディアドゥ,2021-08,NEW,1,51.13,52.53,False,True,1.4,2021-08,5340.0,5340.0,5340.0,0.0,4736.2,,,True,,,,,,,,,,,,3.02,1.1,False,1,True,,,,False,,tv_wilder_rsi14_sma5_v1,52.53,51.13,True,False,1.4
3180,3180.T,ビューティガレージ,2021-08,NEW,1,66.72,68.11,True,True,1.39,2021-08,2295.0,2295.0,2295.0,0.0,2141.1,,,True,,,,,,,,,,,,4.27,1.26,False,1,True,,,,False,,tv_wilder_rsi14_sma5_v1,68.11,66.72,True,True,1.39
8360,8360.T,山梨中央銀行,2021-08,NEW,1,38.68,40.07,False,True,1.39,2021-08,838.0,838.0,838.0,0.0,824.96,,,True,,,,,,,,,,,,1.68,1.11,False,1,True,,,,False,,tv_wilder_rsi14_sma5_v1,40.07,38.68,True,False,1.39
7246,7246.T,プレス工業,2021-08,CONTINUE,10,45.5,46.87,True,False,1.38,2020-11,303.0,346.0,346.0,14.19,,,,,,,,,,,,,,,,,,,,,,,,False,,tv_wilder_rsi14_sma5_v1,46.87,45.5,False,True,1.38
7278,7278.T,エクセディ,2021-08,CONTINUE,8,43.16,44.54,True,True,1.38,2021-01,1562.0,1667.0,1667.0,6.72,,,,,,,,,,,,,,,,,,,,,,,,False,,tv_wilder_rsi14_sma5_v1,44.54,43.16,True,True,1.38
8338,8338.T,筑波銀行,2021-08,NEW,1,42.94,44.32,False,True,1.38,2021-08,175.0,175.0,175.0,0.0,171.88,,,True,,,,,,,,,,,,1.43,1.0,False,1,True,,,,False,,tv_wilder_rsi14_sma5_v1,44.32,42.94,True,False,1.38
9511,9511.T,沖縄電力,2021-08,NEW,1,39.4,40.78,False,True,1.38,2021-08,1430.0,1430.0,1430.0,0.0,1417.76,,,True,,,,,,,,,,,,0.98,1.0,False,1,True,,,,False,,tv_wilder_rsi14_sma5_v1,40.78,39.4,True,False,1.38
9946,9946.T,ミニストップ,2021-08,CONTINUE,3,42.58,43.96,False,False,1.38,2021-06,1416.0,1422.0,1422.0,0.42,,,,,,,,,,,,,,,,,,,,,,,,False,,tv_wilder_rsi14_sma5_v1,43.96,42.58,False,False,1.38
6727,6727.T,ワコム,2021-08,NEW,1,53.82,55.19,False,True,1.37,2021-08,717.0,717.0,717.0,0.0,712.96,,,True,,,,,,,,,,,,2.83,0.92,True,1,False,,,,False,,tv_wilder_rsi14_sma5_v1,55.19,53.82,True,False,1.37
7157,7157.T,ライフネット生命保険,2021-08,NEW,1,55.9,57.26,False,True,1.37,2021-08,1293.0,1293.0,1293.0,0.0,1180.84,,,True,,,,,,,,,,,,3.84,1.11,False,1,True,,,,False,,tv_wilder_rsi14_sma5_v1,57.26,55.9,True,False,1.37
8850,8850.T,スターツコーポレーション,2021-08,CONTINUE,3,56.02,57.38,False,False,1.36,2021-06,2843.0,2857.0,2857.0,0.49,,,,,,,,,,,,,,,,,,,,,,,,False,,tv_wilder_rsi14_sma5_v1,57.38,56.02,False,False,1.36
6278,6278.T,ユニオンツール,2021-08,CONTINUE,13,62.3,63.64,True,False,1.35,2020-08,2923.0,3965.0,3965.0,35.65,,,,,,,,,,,,,,,,,,,,,,,,False,,tv_wilder_rsi14_sma5_v1,63.64,62.3,False,True,1.35
2222,2222.T,寿スピリッツ,2021-08,NEW,1,57.07,58.41,False,True,1.34,2021-08,1456.0,1456.0,1456.0,0.0,1333.6,,,True,,,,,,,,,,,,3.26,0.99,True,1,True,,,,False,,tv_wilder_rsi14_sma5_v1,58.41,57.07,True,False,1.34
3762,3762.T,テクマトリックス,2021-08,NEW,1,55.85,57.19,False,True,1.34,2021-08,1975.0,1975.0,1975.0,0.0,1718.72,,,True,,,,,,,,,,,,2.62,0.99,True,1,True,,,,False,,tv_wilder_rsi14_sma5_v1,57.19,55.85,True,False,1.34
3708,3708.T,特種東海製紙,2021-08,NEW,1,49.91,51.23,False,True,1.33,2021-08,1491.67,1491.67,1491.67,0.0,1516.87,,,False,,,,,,,,,,,,2.57,1.04,False,1,True,,,,False,,tv_wilder_rsi14_sma5_v1,51.23,49.91,True,False,1.33
3963,3963.T,シンクロ・フード,2021-08,NEW,1,46.67,48.01,True,True,1.33,2021-08,386.0,386.0,386.0,0.0,364.64,,,True,,,,,,,,,,,,2.63,0.89,True,1,True,,,,False,,tv_wilder_rsi14_sma5_v1,48.01,46.67,True,True,1.33
4565,4565.T,ネクセラファーマ,2021-08,NEW,1,48.75,50.08,False,True,1.33,2021-08,1772.0,1772.0,1772.0,0.0,1674.56,,,True,,,,,,,,,,,,3.37,0.92,True,1,True,,,,False,,tv_wilder_rsi14_sma5_v1,50.08,48.75,True,False,1.33
4709,4709.T,ＩＤホールディングス,2021-08,CONTINUE,6,51.49,52.83,True,False,1.33,2021-03,425.0,462.5,462.5,8.82,,,,,,,,,,,,,,,,,,,,,,,,False,,tv_wilder_rsi14_sma5_v1,52.83,51.49,False,True,1.33
9869,9869.T,加藤産業,2021-08,NEW,1,46.96,48.29,False,True,1.33,2021-08,3365.0,3365.0,3365.0,0.0,3358.0,,,True,,,,,,,,,,,,1.62,1.05,False,1,True,,,,False,,tv_wilder_rsi14_sma5_v1,48.29,46.96,True,False,1.33
8159,8159.T,立花エレテック,2021-08,NEW,1,43.15,44.47,False,True,1.32,2021-08,1494.0,1494.0,1494.0,0.0,1463.36,,,True,,,,,,,,,,,,1.39,1.02,False,1,True,,,,False,,tv_wilder_rsi14_sma5_v1,44.47,43.15,True,False,1.32
1925,1925.T,大和ハウス工業,2021-08,CONTINUE,13,54.32,55.62,True,True,1.3,2020-08,2840.5,3356.0,3356.0,18.15,,,,,,,,,,,,,,,,,,,,,,,,False,,tv_wilder_rsi14_sma5_v1,55.62,54.32,True,True,1.3
2217,2217.T,モロゾフ,2021-08,NEW,1,48.04,49.34,False,True,1.3,2021-08,910.0,910.0,910.0,0.0,897.6,,,True,,,,,,,,,,,,1.02,0.95,True,1,True,,,,False,,tv_wilder_rsi14_sma5_v1,49.34,48.04,True,False,1.3
2317,2317.T,システナ,2021-08,NEW,1,59.81,61.11,False,True,1.3,2021-08,559.25,559.25,559.25,0.0,519.12,,,True,,,,,,,,,,,,2.25,0.95,True,1,True,,,,False,,tv_wilder_rsi14_sma5_v1,61.11,59.81,True,False,1.3
8393,8393.T,宮崎銀行,2021-08,NEW,1,39.11,40.41,False,True,1.3,2021-08,412.8,412.8,412.8,0.0,403.64,,,True,,,,,,,,,,,,1.15,0.87,True,1,True,,,,False,,tv_wilder_rsi14_sma5_v1,40.41,39.11,True,False,1.3
4503,4503.T,アステラス製薬,2021-08,NEW,1,54.6,55.89,True,True,1.29,2021-08,1857.0,1857.0,1857.0,0.0,1824.68,,,True,,,,,,,,,,,,1.94,1.03,False,1,True,,,,False,,tv_wilder_rsi14_sma5_v1,55.89,54.6,True,True,1.29
2910,2910.T,ロック・フィールド,2021-08,NEW,1,50.23,51.51,False,True,1.28,2021-08,1543.0,1543.0,1543.0,0.0,1492.92,,,True,,,,,,,,,,,,1.69,1.16,False,1,True,,,,False,,tv_wilder_rsi14_sma5_v1,51.51,50.23,True,False,1.28
5122,5122.T,オカモト,2021-08,CONTINUE,7,46.44,47.72,True,True,1.28,2021-02,4015.0,4170.0,4170.0,3.86,,,,,,,,,,,,,,,,,,,,,,,,False,,tv_wilder_rsi14_sma5_v1,47.72,46.44,True,True,1.28
9716,9716.T,乃村工藝社,2021-08,NEW,1,46.6,47.88,True,True,1.28,2021-08,903.0,903.0,903.0,0.0,875.36,,,True,,,,,,,,,,,,2.11,0.92,True,1,True,,,,False,,tv_wilder_rsi14_sma5_v1,47.88,46.6,True,True,1.28
6134,6134.T,ＦＵＪＩ,2021-08,NEW,1,63.28,64.55,False,True,1.27,2021-08,2853.0,2853.0,2853.0,0.0,2684.88,,,True,,,,,,,,,,,,2.7,1.02,False,1,True,,,,False,,tv_wilder_rsi14_sma5_v1,64.55,63.28,True,False,1.27
1968,1968.T,太平電業,2021-08,NEW,1,57.92,59.18,True,True,1.26,2021-08,898.0,898.0,898.0,0.0,892.48,,,True,,,,,,,,,,,,1.33,0.88,True,1,True,,,,False,,tv_wilder_rsi14_sma5_v1,59.18,57.92,True,True,1.26
3668,3668.T,コロプラ,2021-08,NEW,1,44.89,46.14,True,True,1.25,2021-08,833.0,833.0,833.0,0.0,811.8,,,True,,,,,,,,,,,,1.87,0.77,True,1,True,,,,False,,tv_wilder_rsi14_sma5_v1,46.14,44.89,True,True,1.25
6191,6191.T,エアトリ,2021-08,NEW,1,61.65,62.89,True,True,1.25,2021-08,2934.0,2934.0,2934.0,0.0,2478.04,,,True,,,,,,,,,,,,5.87,1.08,False,1,True,,,,False,,tv_wilder_rsi14_sma5_v1,62.89,61.65,True,True,1.25
6758,6758.T,ソニーグループ,2021-08,CONTINUE,2,71.74,72.99,False,False,1.24,2021-07,2275.0,2272.0,2272.0,-0.13,,,,,,,,,,,,,,,,,,,1,True,,,,False,,tv_wilder_rsi14_sma5_v1,72.99,71.74,False,False,1.24
7840,7840.T,フランスベッドホールディングス,2021-08,NEW,1,50.01,51.25,False,True,1.24,2021-08,925.0,925.0,925.0,0.0,924.12,,,True,,,,,,,,,,,,1.0,0.88,True,1,True,,,,False,,tv_wilder_rsi14_sma5_v1,51.25,50.01,True,False,1.24
8111,8111.T,ゴールドウイン,2021-08,CONTINUE,2,49.74,50.98,False,False,1.24,2021-07,2276.67,2243.33,2243.33,-1.46,,,,,,,,,,,,,,,,,,,1,True,,,,False,,tv_wilder_rsi14_sma5_v1,50.98,49.74,False,False,1.24
1980,1980.T,ダイダン,2021-08,NEW,1,49.93,51.16,False,True,1.23,2021-08,450.5,450.5,450.5,0.0,446.27,,,True,,,,,,,,,,,,2.26,1.16,False,1,True,,,,False,,tv_wilder_rsi14_sma5_v1,51.16,49.93,True,False,1.23
2492,2492.T,インフォマート,2021-08,NEW,1,55.16,56.39,True,True,1.23,2021-08,981.0,981.0,981.0,0.0,922.64,,,True,,,,,,,,,,,,2.89,0.94,True,1,True,,,,False,,tv_wilder_rsi14_sma5_v1,56.39,55.16,True,True,1.23
6859,6859.T,エスペック,2021-08,CONTINUE,4,55.33,56.56,True,False,1.23,2021-05,2013.0,2195.0,2195.0,9.04,,,,,,,,,,,,,,,,,,,,,,,,False,,tv_wilder_rsi14_sma5_v1,56.56,55.33,False,True,1.23
8078,8078.T,阪和興業,2021-08,NEW,1,57.5,58.73,False,True,1.23,2021-08,660.0,660.0,660.0,0.0,669.24,,,False,,,,,,,,,,,,3.13,0.95,True,1,False,,,,False,,tv_wilder_rsi14_sma5_v1,58.73,57.5,True,False,1.23
9928,9928.T,ミロク情報サービス,2021-08,NEW,1,33.35,34.58,False,True,1.23,2021-08,1647.0,1647.0,1647.0,0.0,1526.08,,,True,,,,,,,,,,,,2.3,1.1,False,1,True,,,,False,,tv_wilder_rsi14_sma5_v1,34.58,33.35,True,False,1.23
6474,6474.T,不二越,2021-08,CONTINUE,2,49.29,50.51,False,False,1.22,2021-07,4435.0,4305.0,4305.0,-2.93,,,,,,,,,,,,,,,,,,,1,True,,,,False,,tv_wilder_rsi14_sma5_v1,50.51,49.29,False,False,1.22
7976,7976.T,三菱鉛筆,2021-08,NEW,1,44.01,45.23,False,True,1.22,2021-08,1457.0,1457.0,1457.0,0.0,1438.2,,,True,,,,,,,,,,,,2.19,1.03,False,1,True,,,,False,,tv_wilder_rsi14_sma5_v1,45.23,44.01,True,False,1.22
2681,2681.T,ゲオホールディングス,2021-08,CONTINUE,3,42.06,43.27,True,False,1.21,2021-06,1230.0,1193.0,1193.0,-3.01,,,,,,,,,,,,,,,,,,,,,,,,False,,tv_wilder_rsi14_sma5_v1,43.27,42.06,False,True,1.21
3765,3765.T,ｶﾞﾝﾎｰ･ｵﾝﾗｲﾝ･ｴﾝﾀｰﾃｲﾒﾝﾄ,2021-08,NEW,1,45.81,47.03,True,True,1.21,2021-08,2143.0,2143.0,2143.0,0.0,2121.76,,,True,,,,,,,,,,,,2.94,1.01,False,1,True,,,,False,,tv_wilder_rsi14_sma5_v1,47.03,45.81,True,True,1.21
5902,5902.T,ホッカンホールディングス,2021-08,NEW,1,42.33,43.54,False,True,1.21,2021-08,1431.0,1431.0,1431.0,0.0,1426.32,,,True,,,,,,,,,,,,1.14,1.06,False,1,False,,,,False,,tv_wilder_rsi14_sma5_v1,43.54,42.33,True,False,1.21
8892,8892.T,エスコン,2021-08,CONTINUE,4,49.75,50.96,True,True,1.21,2021-05,765.0,782.0,782.0,2.22,,,,,,,,,,,,,,,,,,,,,,,,False,,tv_wilder_rsi14_sma5_v1,50.96,49.75,True,True,1.21
9743,9743.T,丹青社,2021-08,NEW,1,47.51,48.72,True,True,1.21,2021-08,878.0,878.0,878.0,0.0,841.88,,,True,,,,,,,,,,,,2.13,1.06,False,1,True,,,,False,,tv_wilder_rsi14_sma5_v1,48.72,47.51,True,True,1.21
8142,8142.T,トーホー,2021-08,NEW,1,41.49,42.69,False,True,1.2,2021-08,543.67,543.67,543.67,0.0,518.93,,,True,,,,,,,,,,,,1.72,1.07,False,1,True,,,,False,,tv_wilder_rsi14_sma5_v1,42.69,41.49,True,False,1.2
9468,9468.T,ＫＡＤＯＫＡＷＡ,2021-08,NEW,1,78.01,79.21,True,True,1.2,2021-08,2525.0,2525.0,2525.0,0.0,2392.7,,,True,,,,,,,,,,,,2.51,0.86,True,1,True,,,,False,,tv_wilder_rsi14_sma5_v1,79.21,78.01,True,True,1.2
9513,9513.T,電源開発,2021-08,NEW,1,39.1,40.3,False,True,1.2,2021-08,1644.0,1644.0,1644.0,0.0,1635.92,,,True,,,,,,,,,,,,1.28,0.95,True,1,True,,,,False,,tv_wilder_rsi14_sma5_v1,40.3,39.1,True,False,1.2
8163,8163.T,ＳＲＳホールディングス,2021-08,NEW,1,39.86,41.04,False,True,1.18,2021-08,820.0,820.0,820.0,0.0,809.24,,,True,,,,,,,,,,,,0.86,0.96,True,1,True,,,,False,,tv_wilder_rsi14_sma5_v1,41.04,39.86,True,False,1.18
9788,9788.T,ナック,2021-08,NEW,1,47.89,49.07,False,True,1.18,2021-08,465.5,465.5,465.5,0.0,465.36,,,True,,,,,,,,,,,,0.83,0.72,True,1,True,,,,False,,tv_wilder_rsi14_sma5_v1,49.07,47.89,True,False,1.18
7522,7522.T,ワタミ,2021-08,NEW,1,42.52,43.69,False,True,1.17,2021-08,952.0,952.0,952.0,0.0,934.84,,,True,,,,,,,,,,,,2.61,0.95,True,1,True,,,,False,,tv_wilder_rsi14_sma5_v1,43.69,42.52,True,False,1.17
7459,7459.T,メディパルホールディングス,2021-08,NEW,1,48.13,49.29,False,True,1.16,2021-08,2103.0,2103.0,2103.0,0.0,2120.72,,,False,,,,,,,,,,,,1.87,0.97,True,1,True,,,,False,,tv_wilder_rsi14_sma5_v1,49.29,48.13,True,False,1.16
3946,3946.T,トーモク,2021-08,CONTINUE,4,56.03,57.18,True,True,1.15,2021-05,1915.0,1909.0,1909.0,-0.31,,,,,,,,,,,,,,,,,,,,,,,,False,,tv_wilder_rsi14_sma5_v1,57.18,56.03,True,True,1.15
4118,4118.T,カネカ,2021-08,NEW,1,60.36,61.51,False,True,1.15,2021-08,4555.0,4555.0,4555.0,0.0,4436.6,,,True,,,,,,,,,,,,2.6,1.08,False,1,True,,,,False,,tv_wilder_rsi14_sma5_v1,61.51,60.36,True,False,1.15
9001,9001.T,東武鉄道,2021-08,NEW,1,42.29,43.43,False,True,1.14,2021-08,2871.0,2871.0,2871.0,0.0,2855.32,,,True,,,,,,,,,,,,2.04,1.18,False,1,True,,,,False,,tv_wilder_rsi14_sma5_v1,43.43,42.29,True,False,1.14
5988,5988.T,パイオラックス,2021-08,CONTINUE,3,40.85,41.97,False,True,1.13,2021-06,1528.0,1526.0,1526.0,-0.13,,,,,,,,,,,,,,,,,,,,,,,,False,,tv_wilder_rsi14_sma5_v1,41.97,40.85,True,False,1.13
8377,8377.T,ほくほくフィナンシャルグループ,2021-08,NEW,1,38.55,39.68,False,True,1.13,2021-08,844.0,844.0,844.0,0.0,811.68,,,True,,,,,,,,,,,,1.72,1.08,False,1,True,,,,False,,tv_wilder_rsi14_sma5_v1,39.68,38.55,True,False,1.13
256A,256A.T,飛島ホールディングス,2021-08,CONTINUE,2,43.07,44.19,False,True,1.12,2021-07,1088.0,1092.0,1092.0,0.37,,,,,,,,,,,,,,,,,,,1,True,,,,False,,tv_wilder_rsi14_sma5_v1,44.19,43.07,True,False,1.12
2335,2335.T,キューブシステム,2021-08,NEW,1,52.27,53.38,False,True,1.11,2021-08,1093.0,1093.0,1093.0,0.0,1026.92,,,True,,,,,,,,,,,,1.99,0.93,True,1,True,,,,False,,tv_wilder_rsi14_sma5_v1,53.38,52.27,True,False,1.11
3193,3193.T,エターナルホスピタリティグループ,2021-08,CONTINUE,9,48.85,49.96,True,True,1.11,2020-12,1452.0,1784.0,1784.0,22.87,,,,,,,,,,,,,,,,,,,,,,,,False,,tv_wilder_rsi14_sma5_v1,49.96,48.85,True,True,1.11
3679,3679.T,じげん,2021-08,CONTINUE,3,46.21,47.29,False,False,1.09,2021-06,418.0,425.0,425.0,1.67,,,,,,,,,,,,,,,,,,,,,,,,False,,tv_wilder_rsi14_sma5_v1,47.29,46.21,False,False,1.09
9432,9432.T,ＮＴＴ,2021-08,NEW,1,60.24,61.34,False,True,1.09,2021-08,117.44,117.44,117.44,0.0,114.55,,,True,,,,,,,,,,,,1.19,0.89,True,1,True,,,,False,,tv_wilder_rsi14_sma5_v1,61.34,60.24,True,False,1.09
9722,9722.T,藤田観光,2021-08,CONTINUE,8,51.08,52.16,True,False,1.08,2021-01,295.2,447.0,447.0,51.42,,,,,,,,,,,,,,,,,,,,,,,,False,,tv_wilder_rsi14_sma5_v1,52.16,51.08,False,True,1.08
2206,2206.T,江崎グリコ,2021-08,NEW,1,39.53,40.6,False,True,1.07,2021-08,4160.0,4160.0,4160.0,0.0,4173.2,,,False,,,,,,,,,,,,1.66,0.91,True,1,True,,,,False,,tv_wilder_rsi14_sma5_v1,40.6,39.53,True,False,1.07
9989,9989.T,サンドラッグ,2021-08,NEW,1,46.06,47.13,False,True,1.07,2021-08,3655.0,3655.0,3655.0,0.0,3611.2,,,True,,,,,,,,,,,,2.32,1.03,False,1,True,,,,False,,tv_wilder_rsi14_sma5_v1,47.13,46.06,True,False,1.07
3457,3457.T,ＡｎｄＤｏホールディングス,2021-08,NEW,1,45.26,46.32,False,True,1.06,2021-08,1049.0,1049.0,1049.0,0.0,1000.96,,,True,,,,,,,,,,,,2.38,1.18,False,1,True,,,,False,,tv_wilder_rsi14_sma5_v1,46.32,45.26,True,False,1.06
6369,6369.T,トーヨーカネツ,2021-08,NEW,1,51.66,52.72,False,True,1.06,2021-08,1243.0,1243.0,1243.0,0.0,1225.3,,,True,,,,,,,,,,,,1.96,1.02,False,1,False,,,,False,,tv_wilder_rsi14_sma5_v1,52.72,51.66,True,False,1.06
7525,7525.T,リックス,2021-08,CONTINUE,3,47.86,48.92,True,True,1.06,2021-06,1562.0,1561.0,1561.0,-0.06,,,,,,,,,,,,,,,,,,,,,,,,False,,tv_wilder_rsi14_sma5_v1,48.92,47.86,True,True,1.06
4634,4634.T,ａｒｔｉｅｎｃｅ,2021-08,CONTINUE,2,43.48,44.53,True,True,1.05,2021-07,2000.0,2023.0,2023.0,1.15,,,,,,,,,,,,,,,,,,,1,True,,,,False,,tv_wilder_rsi14_sma5_v1,44.53,43.48,True,True,1.05
4686,4686.T,ジャストシステム,2021-08,CONTINUE,3,54.62,55.67,True,True,1.05,2021-06,6540.0,6500.0,6500.0,-0.61,,,,,,,,,,,,,,,,,,,,,,,,False,,tv_wilder_rsi14_sma5_v1,55.67,54.62,True,True,1.05
9842,9842.T,アークランズ,2021-08,NEW,1,48.48,49.53,False,True,1.05,2021-08,1533.0,1533.0,1533.0,0.0,1543.64,,,False,,,,,,,,,,,,2.03,0.76,True,1,True,,,,False,,tv_wilder_rsi14_sma5_v1,49.53,48.48,True,False,1.05
6788,6788.T,日本トリム,2021-08,NEW,1,44.86,45.9,False,True,1.04,2021-08,3800.0,3800.0,3800.0,0.0,3809.4,,,False,,,,,,,,,,,,2.11,0.96,True,1,True,,,,False,,tv_wilder_rsi14_sma5_v1,45.9,44.86,True,False,1.04
9405,9405.T,朝日放送グループホールディングス,2021-08,NEW,1,46.44,47.49,False,True,1.04,2021-08,709.0,709.0,709.0,0.0,706.96,,,True,,,,,,,,,,,,0.72,0.92,True,1,True,,,,False,,tv_wilder_rsi14_sma5_v1,47.49,46.44,True,False,1.04
6902,6902.T,デンソー,2021-08,NEW,1,69.08,70.11,False,True,1.03,2021-08,1927.5,1927.5,1927.5,0.0,1889.2,,,True,,,,,,,,,,,,2.84,1.4,False,1,True,,,,False,,tv_wilder_rsi14_sma5_v1,70.11,69.08,True,False,1.03
7199,7199.T,プレミアグループ,2021-08,CONTINUE,13,71.77,72.8,True,True,1.03,2020-08,655.33,1146.67,1146.67,74.97,,,,,,,,,,,,,,,,,,,,,,,,False,,tv_wilder_rsi14_sma5_v1,72.8,71.77,True,True,1.03
2784,2784.T,アルフレッサホールディングス,2021-08,NEW,1,38.23,39.26,False,True,1.02,2021-08,1741.0,1741.0,1741.0,0.0,1718.8,,,True,,,,,,,,,,,,1.72,0.95,True,1,True,,,,False,,tv_wilder_rsi14_sma5_v1,39.26,38.23,True,False,1.02
8524,8524.T,北洋銀行,2021-08,NEW,1,49.61,50.64,False,True,1.02,2021-08,254.0,254.0,254.0,0.0,247.68,,,True,,,,,,,,,,,,2.5,1.07,False,1,True,,,,False,,tv_wilder_rsi14_sma5_v1,50.64,49.61,True,False,1.02
9534,9534.T,北海道瓦斯,2021-08,NEW,1,51.35,52.38,False,True,1.02,2021-08,312.4,312.4,312.4,0.0,312.52,,,False,,,,,,,,,,,,1.12,1.09,False,1,True,,,,False,,tv_wilder_rsi14_sma5_v1,52.38,51.35,True,False,1.02
4064,4064.T,日本カーバイド工業,2021-08,NEW,1,47.42,48.42,False,True,1.01,2021-08,1319.0,1319.0,1319.0,0.0,1294.04,,,True,,,,,,,,,,,,1.2,0.94,True,1,True,,,,False,,tv_wilder_rsi14_sma5_v1,48.42,47.42,True,False,1.01
3104,3104.T,富士紡ホールディングス,2021-08,NEW,1,60.67,61.67,False,True,1.0,2021-08,1415.0,1415.0,1415.0,0.0,1358.93,,,True,,,,,,,,,,,,1.79,0.85,True,1,True,,,,False,,tv_wilder_rsi14_sma5_v1,61.67,60.67,True,False,1.0
3548,3548.T,バロックジャパンリミテッド,2021-08,CONTINUE,13,48.33,49.33,True,False,1.0,2020-08,632.0,824.0,824.0,30.38,,,,,,,,,,,,,,,,,,,,,,,,False,,tv_wilder_rsi14_sma5_v1,49.33,48.33,False,True,1.0
6080,6080.T,Ｍ＆Ａキャピタルパートナーズ,2021-08,CONTINUE,3,56.23,57.23,False,True,1.0,2021-06,5420.0,5350.0,5350.0,-1.29,,,,,,,,,,,,,,,,,,,,,,,,False,,tv_wilder_rsi14_sma5_v1,57.23,56.23,True,False,1.0
9706,9706.T,日本空港ビルデング,2021-08,NEW,1,49.89,50.89,False,True,1.0,2021-08,5000.0,5000.0,5000.0,0.0,4856.4,,,True,,,,,,,,,,,,2.71,1.06,False,1,True,,,,False,,tv_wilder_rsi14_sma5_v1,50.89,49.89,True,False,1.0
5707,5707.T,東邦亜鉛,2021-08,NEW,1,44.44,45.43,False,True,0.99,2021-08,2033.0,2033.0,2033.0,0.0,1957.88,,,True,,,,,,,,,,,,3.68,0.98,True,1,False,,,,False,,tv_wilder_rsi14_sma5_v1,45.43,44.44,True,False,0.99
4218,4218.T,ニチバン,2021-08,NEW,1,48.89,49.85,False,True,0.96,2021-08,1792.0,1792.0,1792.0,0.0,1781.0,,,True,,,,,,,,,,,,1.69,0.92,True,1,True,,,,False,,tv_wilder_rsi14_sma5_v1,49.85,48.89,True,False,0.96
5933,5933.T,アルインコ,2021-08,NEW,1,51.24,52.21,True,True,0.96,2021-08,1022.0,1022.0,1022.0,0.0,1009.04,,,True,,,,,,,,,,,,1.08,1.04,False,1,True,,,,False,,tv_wilder_rsi14_sma5_v1,52.21,51.24,True,True,0.96
6258,6258.T,平田機工,2021-08,NEW,1,48.91,49.87,False,True,0.96,2021-08,2253.33,2253.33,2253.33,0.0,2120.67,,,True,,,,,,,,,,,,2.94,0.94,True,1,False,,,,False,,tv_wilder_rsi14_sma5_v1,49.87,48.91,True,False,0.96
8065,8065.T,佐藤商事,2021-08,CONTINUE,4,56.88,57.84,True,False,0.96,2021-05,1112.0,1155.0,1155.0,3.87,,,,,,,,,,,,,,,,,,,,,,,,False,,tv_wilder_rsi14_sma5_v1,57.84,56.88,False,True,0.96
1879,1879.T,新日本建設,2021-08,CONTINUE,2,48.53,49.48,False,True,0.95,2021-07,857.0,862.0,862.0,0.58,,,,,,,,,,,,,,,,,,,1,True,,,,False,,tv_wilder_rsi14_sma5_v1,49.48,48.53,True,False,0.95
4847,4847.T,インテリジェント   ウェイブ,2021-08,NEW,1,44.92,45.87,False,True,0.95,2021-08,638.0,638.0,638.0,0.0,607.4,,,True,,,,,,,,,,,,2.22,0.8,True,1,True,,,,False,,tv_wilder_rsi14_sma5_v1,45.87,44.92,True,False,0.95
8255,8255.T,アクシアル   リテイリング,2021-08,NEW,1,45.53,46.48,False,True,0.95,2021-08,995.0,995.0,995.0,0.0,987.45,,,True,,,,,,,,,,,,2.16,0.93,True,1,True,,,,False,,tv_wilder_rsi14_sma5_v1,46.48,45.53,True,False,0.95
3156,3156.T,レスター,2021-08,CONTINUE,2,47.42,48.37,False,False,0.94,2021-07,1940.0,1925.0,1925.0,-0.77,,,,,,,,,,,,,,,,,,,1,True,,,,False,,tv_wilder_rsi14_sma5_v1,48.37,47.42,False,False,0.94
3865,3865.T,北越コーポレーション,2021-08,CONTINUE,10,61.25,62.19,True,False,0.94,2020-11,351.0,604.0,604.0,72.08,,,,,,,,,,,,,,,,,,,,,,,,False,,tv_wilder_rsi14_sma5_v1,62.19,61.25,False,True,0.94
6752,6752.T,パナソニックホールディングス,2021-08,NEW,1,57.37,58.3,False,True,0.94,2021-08,1312.0,1312.0,1312.0,0.0,1312.86,,,False,,,,,,,,,,,,2.27,1.17,False,1,False,,,,False,,tv_wilder_rsi14_sma5_v1,58.3,57.37,True,False,0.94
6294,6294.T,オカダアイヨン,2021-08,CONTINUE,4,54.47,55.4,False,False,0.93,2021-05,1303.0,1310.0,1310.0,0.54,,,,,,,,,,,,,,,,,,,,,,,,False,,tv_wilder_rsi14_sma5_v1,55.4,54.47,False,False,0.93
7510,7510.T,たけびし,2021-08,CONTINUE,4,53.16,54.08,True,True,0.92,2021-05,1571.0,1563.0,1563.0,-0.51,,,,,,,,,,,,,,,,,,,,,,,,False,,tv_wilder_rsi14_sma5_v1,54.08,53.16,True,True,0.92
6971,6971.T,京セラ,2021-08,NEW,1,53.97,54.88,False,True,0.91,2021-08,1711.5,1711.5,1711.5,0.0,1689.32,,,True,,,,,,,,,,,,1.7,1.07,False,1,True,,,,False,,tv_wilder_rsi14_sma5_v1,54.88,53.97,True,False,0.91
8750,8750.T,第一ライフグループ,2021-08,NEW,1,60.93,61.83,True,True,0.9,2021-08,542.38,542.38,542.38,0.0,532.86,,,True,,,,,,,,,,,,1.84,0.88,True,1,True,,,,False,,tv_wilder_rsi14_sma5_v1,61.83,60.93,True,True,0.9
2602,2602.T,日清オイリオグループ,2021-08,NEW,1,45.21,46.1,False,True,0.89,2021-08,1020.0,1020.0,1020.0,0.0,1018.6,,,True,,,,,,,,,,,,0.92,0.91,True,1,True,,,,False,,tv_wilder_rsi14_sma5_v1,46.1,45.21,True,False,0.89
4801,4801.T,セントラルスポーツ,2021-08,NEW,1,44.77,45.66,False,True,0.89,2021-08,2441.0,2441.0,2441.0,0.0,2368.36,,,True,,,,,,,,,,,,1.87,1.12,False,1,True,,,,False,,tv_wilder_rsi14_sma5_v1,45.66,44.77,True,False,0.89
7203,7203.T,トヨタ自動車,2021-08,CONTINUE,4,65.67,66.56,True,False,0.89,2021-05,1823.0,1918.4,1918.4,5.23,,,,,,,,,,,,,,,,,,,,,,,,False,,tv_wilder_rsi14_sma5_v1,66.56,65.67,False,True,0.89
4519,4519.T,中外製薬,2021-08,NEW,1,52.08,52.96,False,True,0.88,2021-08,4308.0,4308.0,4308.0,0.0,4143.8,,,True,,,,,,,,,,,,1.82,1.09,False,1,True,,,,False,,tv_wilder_rsi14_sma5_v1,52.96,52.08,True,False,0.88
7820,7820.T,ニホンフラッシュ,2021-08,NEW,1,49.73,50.62,False,True,0.88,2021-08,1269.0,1269.0,1269.0,0.0,1243.2,,,True,,,,,,,,,,,,2.09,1.0,True,1,True,,,,False,,tv_wilder_rsi14_sma5_v1,50.62,49.73,True,False,0.88
7201,7201.T,日産自動車,2021-08,CONTINUE,2,47.7,48.57,False,False,0.87,2021-07,630.9,578.5,578.5,-8.31,,,,,,,,,,,,,,,,,,,1,True,,,,False,,tv_wilder_rsi14_sma5_v1,48.57,47.7,False,False,0.87
2914,2914.T,日本たばこ産業,2021-08,CONTINUE,6,44.73,45.59,True,False,0.86,2021-03,2125.0,2132.5,2132.5,0.35,,,,,,,,,,,,,,,,,,,,,,,,False,,tv_wilder_rsi14_sma5_v1,45.59,44.73,False,True,0.86
7600,7600.T,日本エム・ディ・エム,2021-08,CONTINUE,3,57.75,58.59,False,False,0.84,2021-06,2183.0,2297.0,2297.0,5.22,,,,,,,,,,,,,,,,,,,,,,,,False,,tv_wilder_rsi14_sma5_v1,58.59,57.75,False,False,0.84
4534,4534.T,持田製薬,2021-08,NEW,1,42.16,42.99,False,True,0.82,2021-08,3665.0,3665.0,3665.0,0.0,3567.8,,,True,,,,,,,,,,,,1.86,0.92,True,1,True,,,,False,,tv_wilder_rsi14_sma5_v1,42.99,42.16,True,False,0.82
6141,6141.T,DMG森精機,2021-08,NEW,1,57.66,58.49,True,True,0.82,2021-08,1966.0,1966.0,1966.0,0.0,1836.56,,,True,,,,,,,,,,,,2.3,0.92,True,1,True,,,,False,,tv_wilder_rsi14_sma5_v1,58.49,57.66,True,True,0.82
2294,2294.T,柿安本店,2021-08,NEW,1,50.57,51.38,False,True,0.81,2021-08,2540.0,2540.0,2540.0,0.0,2515.0,,,True,,,,,,,,,,,,0.76,1.07,False,1,True,,,,False,,tv_wilder_rsi14_sma5_v1,51.38,50.57,True,False,0.81
2108,2108.T,日本甜菜製糖,2021-08,CONTINUE,4,42.91,43.71,True,True,0.8,2021-05,1616.0,1646.0,1646.0,1.86,,,,,,,,,,,,,,,,,,,,,,,,False,,tv_wilder_rsi14_sma5_v1,43.71,42.91,True,True,0.8
4088,4088.T,エア・ウォーター,2021-08,NEW,1,51.26,52.04,False,True,0.78,2021-08,1774.0,1774.0,1774.0,0.0,1754.92,,,True,,,,,,,,,,,,2.2,0.74,True,1,True,,,,False,,tv_wilder_rsi14_sma5_v1,52.04,51.26,True,False,0.78
8341,8341.T,七十七銀行,2021-08,NEW,1,39.04,39.82,False,True,0.78,2021-08,416.0,416.0,416.0,0.0,400.45,,,True,,,,,,,,,,,,1.55,0.95,True,1,True,,,,False,,tv_wilder_rsi14_sma5_v1,39.82,39.04,True,False,0.78
6571,6571.T,キュービーネットホールディングス,2021-08,NEW,1,47.6,48.36,True,True,0.76,2021-08,1771.0,1771.0,1771.0,0.0,1662.36,,,True,,,,,,,,,,,,3.59,1.05,False,1,True,,,,False,,tv_wilder_rsi14_sma5_v1,48.36,47.6,True,True,0.76
8585,8585.T,オリエントコーポレーション,2021-08,NEW,1,54.2,54.96,False,True,0.76,2021-08,1500.0,1500.0,1500.0,0.0,1447.6,,,True,,,,,,,,,,,,2.24,1.06,False,1,True,,,,False,,tv_wilder_rsi14_sma5_v1,54.96,54.2,True,False,0.76
3091,3091.T,ブロンコビリー,2021-08,CONTINUE,3,48.94,49.69,True,False,0.75,2021-06,1187.5,1206.0,1206.0,1.56,,,,,,,,,,,,,,,,,,,,,,,,False,,tv_wilder_rsi14_sma5_v1,49.69,48.94,False,True,0.75
7483,7483.T,ドウシシャ,2021-08,NEW,1,46.9,47.65,False,True,0.75,2021-08,1754.0,1754.0,1754.0,0.0,1708.84,,,True,,,,,,,,,,,,1.24,0.94,True,1,True,,,,False,,tv_wilder_rsi14_sma5_v1,47.65,46.9,True,False,0.75
3101,3101.T,東洋紡,2021-08,CONTINUE,2,45.77,46.49,False,False,0.73,2021-07,1384.0,1363.0,1363.0,-1.52,,,,,,,,,,,,,,,,,,,1,True,,,,False,,tv_wilder_rsi14_sma5_v1,46.49,45.77,False,False,0.73
8331,8331.T,千葉銀行,2021-08,NEW,1,55.22,55.96,False,True,0.73,2021-08,687.0,687.0,687.0,0.0,670.4,,,True,,,,,,,,,,,,1.78,0.82,True,1,True,,,,False,,tv_wilder_rsi14_sma5_v1,55.96,55.22,True,False,0.73
5946,5946.T,長府製作所,2021-08,NEW,1,42.46,43.18,False,True,0.72,2021-08,2023.0,2023.0,2023.0,0.0,2025.72,,,False,,,,,,,,,,,,0.97,1.01,False,1,True,,,,False,,tv_wilder_rsi14_sma5_v1,43.18,42.46,True,False,0.72
8739,8739.T,スパークス・グループ,2021-08,NEW,1,53.76,54.47,False,True,0.71,2021-08,1370.0,1370.0,1370.0,0.0,1287.8,,,True,,,,,,,,,,,,3.02,1.16,False,1,True,,,,False,,tv_wilder_rsi14_sma5_v1,54.47,53.76,True,False,0.71
6820,6820.T,アイコム,2021-08,NEW,1,45.42,46.12,False,True,0.69,2021-08,2459.0,2459.0,2459.0,0.0,2409.88,,,True,,,,,,,,,,,,1.34,0.85,True,1,True,,,,False,,tv_wilder_rsi14_sma5_v1,46.12,45.42,True,False,0.69
7911,7911.T,ＴＯＰＰＡＮホールディングス,2021-08,NEW,1,53.92,54.61,True,True,0.69,2021-08,1890.0,1890.0,1890.0,0.0,1871.56,,,True,,,,,,,,,,,,1.9,1.09,False,1,True,,,,False,,tv_wilder_rsi14_sma5_v1,54.61,53.92,True,True,0.69
5659,5659.T,日本精線,2021-08,CONTINUE,5,65.51,66.18,True,False,0.68,2021-04,846.0,998.0,998.0,17.97,,,,,,,,,,,,,,,,,,,,,,,,False,,tv_wilder_rsi14_sma5_v1,66.18,65.51,False,True,0.68
6361,6361.T,荏原製作所,2021-08,CONTINUE,16,74.6,75.28,True,True,0.68,2020-05,519.4,1096.0,1096.0,111.01,,,,,,,,,,,,,,,,,,,,,,,,False,,tv_wilder_rsi14_sma5_v1,75.28,74.6,True,True,0.68
4826,4826.T,ＣＩＪ,2021-08,NEW,1,49.54,50.21,False,True,0.67,2021-08,237.5,237.5,237.5,0.0,235.38,,,True,,,,,,,,,,,,1.09,0.85,True,1,True,,,,False,,tv_wilder_rsi14_sma5_v1,50.21,49.54,True,False,0.67
8798,8798.T,アドバンスクリエイト,2021-08,CONTINUE,2,50.27,50.94,False,False,0.67,2021-07,1003.0,986.0,986.0,-1.69,,,,,,,,,,,,,,,,,,,1,True,,,,False,,tv_wilder_rsi14_sma5_v1,50.94,50.27,False,False,0.67
2980,2980.T,SREホールディングス,2021-08,NEW,1,74.5,75.16,True,True,0.66,2021-08,7550.0,7550.0,7550.0,0.0,6724.8,,,True,,,,,,,,,,,,4.53,1.01,False,1,True,,,,False,,tv_wilder_rsi14_sma5_v1,75.16,74.5,True,True,0.66
4554,4554.T,富士製薬工業,2021-08,NEW,1,42.47,43.12,False,True,0.66,2021-08,1155.0,1155.0,1155.0,0.0,1135.32,,,True,,,,,,,,,,,,1.52,0.93,True,1,True,,,,False,,tv_wilder_rsi14_sma5_v1,43.12,42.47,True,False,0.66
8334,8334.T,群馬銀行,2021-08,NEW,1,44.66,45.33,False,True,0.66,2021-08,355.0,355.0,355.0,0.0,356.0,,,False,,,,,,,,,,,,1.69,0.9,True,1,True,,,,False,,tv_wilder_rsi14_sma5_v1,45.33,44.66,True,False,0.66
9202,9202.T,ＡＮＡホールディングス,2021-08,NEW,1,44.08,44.75,True,True,0.66,2021-08,2605.5,2605.5,2605.5,0.0,2571.48,,,True,,,,,,,,,,,,2.29,0.94,True,1,True,,,,False,,tv_wilder_rsi14_sma5_v1,44.75,44.08,True,True,0.66
4611,4611.T,大日本塗料,2021-08,NEW,1,40.8,41.45,False,True,0.65,2021-08,852.0,852.0,852.0,0.0,851.92,,,True,,,,,,,,,,,,1.06,0.92,True,1,True,,,,False,,tv_wilder_rsi14_sma5_v1,41.45,40.8,True,False,0.65
7438,7438.T,コンドーテック,2021-08,NEW,1,47.96,48.6,False,True,0.64,2021-08,1011.0,1011.0,1011.0,0.0,1000.76,,,True,,,,,,,,,,,,1.15,0.91,True,1,True,,,,False,,tv_wilder_rsi14_sma5_v1,48.6,47.96,True,False,0.64
8418,8418.T,山口フィナンシャルグループ,2021-08,NEW,1,41.8,42.44,False,True,0.64,2021-08,642.0,642.0,642.0,0.0,639.88,,,True,,,,,,,,,,,,1.51,0.88,True,1,True,,,,False,,tv_wilder_rsi14_sma5_v1,42.44,41.8,True,False,0.64
9044,9044.T,ＮＡＮＫＡＩ,2021-08,NEW,1,42.91,43.55,False,True,0.64,2021-08,2363.0,2363.0,2363.0,0.0,2339.0,,,True,,,,,,,,,,,,2.06,1.08,False,1,True,,,,False,,tv_wilder_rsi14_sma5_v1,43.55,42.91,True,False,0.64
9900,9900.T,サガミホールディングス,2021-08,NEW,1,34.82,35.46,False,True,0.64,2021-08,1031.0,1031.0,1031.0,0.0,1026.36,,,True,,,,,,,,,,,,1.2,0.86,True,1,True,,,,False,,tv_wilder_rsi14_sma5_v1,35.46,34.82,True,False,0.64
3612,3612.T,ワールド,2021-08,NEW,1,41.12,41.75,False,True,0.63,2021-08,696.5,696.5,696.5,0.0,678.9,,,True,,,,,,,,,,,,1.95,0.8,True,1,True,,,,False,,tv_wilder_rsi14_sma5_v1,41.75,41.12,True,False,0.63
8793,8793.T,ＮＥＣキャピタルソリューション,2021-08,CONTINUE,10,56.16,56.79,True,False,0.63,2020-11,1813.0,2123.0,2123.0,17.1,,,,,,,,,,,,,,,,,,,,,,,,False,,tv_wilder_rsi14_sma5_v1,56.79,56.16,False,True,0.63
5019,5019.T,出光興産,2021-08,NEW,1,47.14,47.76,False,True,0.62,2021-08,527.6,527.6,527.6,0.0,522.26,,,True,,,,,,,,,,,,1.68,0.97,True,1,True,,,,False,,tv_wilder_rsi14_sma5_v1,47.76,47.14,True,False,0.62
8242,8242.T,エイチ・ツー・オー   リテイリング,2021-08,NEW,1,43.52,44.14,False,True,0.62,2021-08,864.0,864.0,864.0,0.0,820.6,,,True,,,,,,,,,,,,2.17,0.97,True,1,True,,,,False,,tv_wilder_rsi14_sma5_v1,44.14,43.52,True,False,0.62
9991,9991.T,ジェコス,2021-08,NEW,1,44.84,45.46,False,True,0.62,2021-08,889.0,889.0,889.0,0.0,877.88,,,True,,,,,,,,,,,,1.16,1.24,False,1,True,,,,False,,tv_wilder_rsi14_sma5_v1,45.46,44.84,True,False,0.62
2124,2124.T,ジェイエイシーリクルートメント,2021-08,NEW,1,51.17,51.77,True,True,0.61,2021-08,447.0,447.0,447.0,0.0,433.96,,,True,,,,,,,,,,,,3.15,1.07,False,1,True,,,,False,,tv_wilder_rsi14_sma5_v1,51.77,51.17,True,True,0.61
2209,2209.T,井村屋グループ,2021-08,NEW,1,49.67,50.28,False,True,0.61,2021-08,2355.0,2355.0,2355.0,0.0,2288.32,,,True,,,,,,,,,,,,0.99,1.18,False,1,True,,,,False,,tv_wilder_rsi14_sma5_v1,50.28,49.67,True,False,0.61
4403,4403.T,日油,2021-08,NEW,1,72.14,72.75,False,True,0.61,2021-08,2030.0,2030.0,2030.0,0.0,1968.53,,,True,,,,,,,,,,,,2.32,0.63,True,1,True,,,,False,,tv_wilder_rsi14_sma5_v1,72.75,72.14,True,False,0.61
5440,5440.T,共英製鋼,2021-08,NEW,1,46.41,47.02,False,True,0.61,2021-08,1464.0,1464.0,1464.0,0.0,1418.2,,,True,,,,,,,,,,,,2.69,0.93,True,1,False,,,,False,,tv_wilder_rsi14_sma5_v1,47.02,46.41,True,False,0.61
8154,8154.T,加賀電子,2021-08,CONTINUE,4,60.8,61.41,True,True,0.61,2021-05,1477.0,1449.5,1449.5,-1.86,,,,,,,,,,,,,,,,,,,,,,,,False,,tv_wilder_rsi14_sma5_v1,61.41,60.8,True,True,0.61
8622,8622.T,水戸証券,2021-08,NEW,1,58.88,59.49,False,True,0.61,2021-08,304.0,304.0,304.0,0.0,296.48,,,True,,,,,,,,,,,,1.76,1.17,False,1,True,,,,False,,tv_wilder_rsi14_sma5_v1,59.49,58.88,True,False,0.61
4825,4825.T,ウェザーニューズ,2021-08,NEW,1,63.99,64.59,True,True,0.6,2021-08,1445.0,1445.0,1445.0,0.0,1409.0,,,True,,,,,,,,,,,,1.63,1.09,False,1,True,,,,False,,tv_wilder_rsi14_sma5_v1,64.59,63.99,True,True,0.6
8160,8160.T,木曽路,2021-08,CONTINUE,3,44.13,44.72,True,False,0.6,2021-06,2340.0,2341.0,2341.0,0.04,,,,,,,,,,,,,,,,,,,,,,,,False,,tv_wilder_rsi14_sma5_v1,44.72,44.13,False,True,0.6
9765,9765.T,オオバ,2021-08,NEW,1,56.89,57.49,False,True,0.6,2021-08,821.0,821.0,821.0,0.0,802.44,,,True,,,,,,,,,,,,2.28,1.2,False,1,True,,,,False,,tv_wilder_rsi14_sma5_v1,57.49,56.89,True,False,0.6
2502,2502.T,アサヒグループホールディングス,2021-08,NEW,1,57.67,58.26,True,True,0.59,2021-08,1704.67,1704.67,1704.67,0.0,1682.11,,,True,,,,,,,,,,,,2.08,0.95,True,1,True,,,,False,,tv_wilder_rsi14_sma5_v1,58.26,57.67,True,True,0.59
3657,3657.T,ﾎﾟｰﾙﾄｩｳｨﾝﾎｰﾙﾃﾞｨﾝｸﾞｽ,2021-08,NEW,1,51.98,52.57,False,True,0.59,2021-08,1100.0,1100.0,1100.0,0.0,1051.56,,,True,,,,,,,,,,,,2.05,1.04,False,1,True,,,,False,,tv_wilder_rsi14_sma5_v1,52.57,51.98,True,False,0.59
2359,2359.T,コア,2021-08,CONTINUE,2,55.25,55.81,False,False,0.57,2021-07,1509.0,1503.0,1503.0,-0.4,,,,,,,,,,,,,,,,,,,1,True,,,,False,,tv_wilder_rsi14_sma5_v1,55.81,55.25,False,False,0.57
2930,2930.T,北の達人コーポレーション,2021-08,CONTINUE,2,47.85,48.42,False,False,0.57,2021-07,540.0,513.0,513.0,-5.0,,,,,,,,,,,,,,,,,,,1,True,,,,False,,tv_wilder_rsi14_sma5_v1,48.42,47.85,False,False,0.57
5463,5463.T,丸一鋼管,2021-08,NEW,1,49.22,49.79,True,True,0.57,2021-08,902.0,902.0,902.0,0.0,888.6,,,True,,,,,,,,,,,,1.44,0.89,True,1,True,,,,False,,tv_wilder_rsi14_sma5_v1,49.79,49.22,True,True,0.57
1976,1976.T,明星工業,2021-08,NEW,1,46.4,46.96,False,True,0.56,2021-08,748.0,748.0,748.0,0.0,750.84,,,False,,,,,,,,,,,,1.13,1.05,False,1,True,,,,False,,tv_wilder_rsi14_sma5_v1,46.96,46.4,True,False,0.56
8061,8061.T,西華産業,2021-08,NEW,1,57.76,58.33,True,True,0.56,2021-08,573.33,573.33,573.33,0.0,551.35,,,True,,,,,,,,,,,,2.04,0.98,True,1,True,,,,False,,tv_wilder_rsi14_sma5_v1,58.33,57.76,True,True,0.56
2130,2130.T,メンバーズ,2021-08,CONTINUE,13,69.95,70.5,True,True,0.55,2020-08,1589.0,3300.0,3300.0,107.68,,,,,,,,,,,,,,,,,,,,,,,,False,,tv_wilder_rsi14_sma5_v1,70.5,69.95,True,True,0.55
5706,5706.T,三井金属,2021-08,NEW,1,53.25,53.8,False,True,0.55,2021-08,3340.0,3340.0,3340.0,0.0,3265.4,,,True,,,,,,,,,,,,3.02,0.9,True,1,False,,,,False,,tv_wilder_rsi14_sma5_v1,53.8,53.25,True,False,0.55
7745,7745.T,Ａ＆Ｄホロンホールディングス,2021-08,NEW,1,56.41,56.95,False,True,0.55,2021-08,1120.0,1120.0,1120.0,0.0,1030.76,,,True,,,,,,,,,,,,2.79,0.89,True,1,True,,,,False,,tv_wilder_rsi14_sma5_v1,56.95,56.41,True,False,0.55
4228,4228.T,積水化成品工業,2021-08,CONTINUE,7,43.7,44.24,True,False,0.54,2021-02,545.0,597.0,597.0,9.54,,,,,,,,,,,,,,,,,,,,,,,,False,,tv_wilder_rsi14_sma5_v1,44.24,43.7,False,True,0.54
5334,5334.T,日本特殊陶業,2021-08,NEW,1,43.87,44.39,False,True,0.53,2021-08,1692.0,1692.0,1692.0,0.0,1648.52,,,True,,,,,,,,,,,,1.76,1.01,False,1,True,,,,False,,tv_wilder_rsi14_sma5_v1,44.39,43.87,True,False,0.53
2753,2753.T,あみやき亭,2021-08,CONTINUE,4,41.73,42.25,False,False,0.52,2021-05,954.67,962.33,962.33,0.8,,,,,,,,,,,,,,,,,,,,,,,,False,,tv_wilder_rsi14_sma5_v1,42.25,41.73,False,False,0.52
3769,3769.T,ＧＭＯペイメントゲートウェイ,2021-08,NEW,1,63.58,64.1,False,True,0.52,2021-08,14470.0,14470.0,14470.0,0.0,13788.0,,,True,,,,,,,,,,,,2.4,0.99,True,1,True,,,,False,,tv_wilder_rsi14_sma5_v1,64.1,63.58,True,False,0.52
4617,4617.T,中国塗料,2021-08,NEW,1,46.89,47.4,False,False,0.52,2021-08,905.0,905.0,905.0,0.0,902.4,,,True,,,,,,,,,,,,1.55,1.06,False,1,True,,,,False,,tv_wilder_rsi14_sma5_v1,47.4,46.89,False,False,0.52
6741,6741.T,日本信号,2021-08,NEW,1,42.98,43.48,False,True,0.5,2021-08,928.0,928.0,928.0,0.0,917.56,,,True,,,,,,,,,,,,1.05,0.96,True,1,True,,,,False,,tv_wilder_rsi14_sma5_v1,43.48,42.98,True,False,0.5
7995,7995.T,バルカー,2021-08,CONTINUE,10,50.13,50.63,True,True,0.5,2020-11,1870.0,2137.0,2137.0,14.28,,,,,,,,,,,,,,,,,,,,,,,,False,,tv_wilder_rsi14_sma5_v1,50.63,50.13,True,True,0.5
7921,7921.T,ＴＡＫＡＲＡ＆ＣＯＭＰＡＮＹ,2021-08,NEW,1,48.0,48.49,False,True,0.49,2021-08,1766.0,1766.0,1766.0,0.0,1744.28,,,True,,,,,,,,,,,,1.12,0.98,True,1,True,,,,False,,tv_wilder_rsi14_sma5_v1,48.49,48.0,True,False,0.49
9031,9031.T,西日本鉄道,2021-08,NEW,1,48.12,48.61,False,True,0.49,2021-08,2719.0,2719.0,2719.0,0.0,2726.0,,,False,,,,,,,,,,,,1.93,0.99,True,1,True,,,,False,,tv_wilder_rsi14_sma5_v1,48.61,48.12,True,False,0.49
9324,9324.T,安田倉庫,2021-08,CONTINUE,2,51.58,52.06,False,False,0.48,2021-07,950.0,947.0,947.0,-0.32,,,,,,,,,,,,,,,,,,,1,True,,,,False,,tv_wilder_rsi14_sma5_v1,52.06,51.58,False,False,0.48
6768,6768.T,タムラ製作所,2021-08,CONTINUE,4,58.27,58.72,True,False,0.45,2021-05,558.0,740.0,740.0,32.62,,,,,,,,,,,,,,,,,,,,,,,,False,,tv_wilder_rsi14_sma5_v1,58.72,58.27,False,True,0.45
6506,6506.T,安川電機,2021-08,NEW,1,62.6,63.04,False,False,0.44,2021-08,5380.0,5380.0,5380.0,0.0,5437.2,,,False,,,,,,,,,,,,2.47,1.03,False,1,False,,,,False,,tv_wilder_rsi14_sma5_v1,63.04,62.6,False,False,0.44
9790,9790.T,福井コンピュータホールディングス,2021-08,NEW,1,61.71,62.15,True,True,0.44,2021-08,4355.0,4355.0,4355.0,0.0,4081.2,,,True,,,,,,,,,,,,3.08,1.18,False,1,True,,,,False,,tv_wilder_rsi14_sma5_v1,62.15,61.71,True,True,0.44
7004,7004.T,カナデビア,2021-08,NEW,1,66.41,66.84,False,True,0.43,2021-08,797.0,797.0,797.0,0.0,811.6,,,False,,,,,,,,,,,,2.29,0.94,True,1,True,,,,False,,tv_wilder_rsi14_sma5_v1,66.84,66.41,True,False,0.43
9142,9142.T,九州旅客鉄道,2021-08,NEW,1,42.97,43.39,False,True,0.42,2021-08,2491.0,2491.0,2491.0,0.0,2456.4,,,True,,,,,,,,,,,,1.71,0.9,True,1,True,,,,False,,tv_wilder_rsi14_sma5_v1,43.39,42.97,True,False,0.42
3673,3673.T,ブロードリーフ,2021-08,NEW,1,47.2,47.61,False,True,0.41,2021-08,262.5,262.5,262.5,0.0,253.84,,,True,,,,,,,,,,,,1.36,0.95,True,1,True,,,,False,,tv_wilder_rsi14_sma5_v1,47.61,47.2,True,False,0.41
8217,8217.T,オークワ,2021-08,NEW,1,41.97,42.38,False,True,0.41,2021-08,1112.0,1112.0,1112.0,0.0,1119.76,,,False,,,,,,,,,,,,1.8,1.14,False,1,True,,,,False,,tv_wilder_rsi14_sma5_v1,42.38,41.97,True,False,0.41
8601,8601.T,大和証券グループ本社,2021-08,NEW,1,60.57,60.99,True,True,0.41,2021-08,622.5,622.5,622.5,0.0,594.08,,,True,,,,,,,,,,,,1.58,1.04,False,1,True,,,,False,,tv_wilder_rsi14_sma5_v1,60.99,60.57,True,True,0.41
1808,1808.T,長谷工コーポレーション,2021-08,NEW,1,56.28,56.68,False,True,0.4,2021-08,1524.0,1524.0,1524.0,0.0,1500.52,,,True,,,,,,,,,,,,1.7,0.93,True,1,True,,,,False,,tv_wilder_rsi14_sma5_v1,56.68,56.28,True,False,0.4
2269,2269.T,明治ホールディングス,2021-08,CONTINUE,2,41.32,41.72,False,False,0.4,2021-07,3390.0,3380.0,3380.0,-0.29,,,,,,,,,,,,,,,,,,,1,True,,,,False,,tv_wilder_rsi14_sma5_v1,41.72,41.32,False,False,0.4
3778,3778.T,さくらインターネット,2021-08,NEW,1,48.08,48.48,False,True,0.4,2021-08,625.0,625.0,625.0,0.0,600.96,,,True,,,,,,,,,,,,2.06,0.94,True,1,True,,,,False,,tv_wilder_rsi14_sma5_v1,48.48,48.08,True,False,0.4
8167,8167.T,リテールパートナーズ,2021-08,NEW,1,46.26,46.66,False,False,0.4,2021-08,1191.0,1191.0,1191.0,0.0,1225.0,,,False,,,,,,,,,,,,2.57,1.08,False,1,True,,,,False,,tv_wilder_rsi14_sma5_v1,46.66,46.26,False,False,0.4
6615,6615.T,ユー・エム・シー・エレクトロニクス,2021-08,NEW,1,50.41,50.79,False,False,0.39,2021-08,814.0,814.0,814.0,0.0,813.76,,,True,,,,,,,,,,,,4.48,0.91,True,1,False,,,,False,,tv_wilder_rsi14_sma5_v1,50.79,50.41,False,False,0.39
9616,9616.T,共立メンテナンス,2021-08,CONTINUE,2,46.78,47.18,True,True,0.39,2021-07,1807.5,1817.5,1817.5,0.55,,,,,,,,,,,,,,,,,,,1,True,,,,False,,tv_wilder_rsi14_sma5_v1,47.18,46.78,True,True,0.39
9622,9622.T,スペース,2021-08,NEW,1,43.25,43.64,False,True,0.39,2021-08,905.0,905.0,905.0,0.0,908.16,,,False,,,,,,,,,,,,1.25,0.98,True,1,True,,,,False,,tv_wilder_rsi14_sma5_v1,43.64,43.25,True,False,0.39
9502,9502.T,中部電力,2021-08,NEW,1,45.8,46.18,False,True,0.38,2021-08,1329.0,1329.0,1329.0,0.0,1337.44,,,False,,,,,,,,,,,,1.27,0.96,True,1,True,,,,False,,tv_wilder_rsi14_sma5_v1,46.18,45.8,True,False,0.38
4369,4369.T,トリケミカル研究所,2021-08,NEW,1,59.12,59.5,False,True,0.37,2021-08,3505.0,3505.0,3505.0,0.0,3210.8,,,True,,,,,,,,,,,,2.71,1.09,False,1,True,,,,False,,tv_wilder_rsi14_sma5_v1,59.5,59.12,True,False,0.37
7245,7245.T,大同メタル工業,2021-08,CONTINUE,9,46.12,46.49,True,False,0.37,2020-12,511.0,587.0,587.0,14.87,,,,,,,,,,,,,,,,,,,,,,,,False,,tv_wilder_rsi14_sma5_v1,46.49,46.12,False,True,0.37
8344,8344.T,山形銀行,2021-08,NEW,1,30.06,30.43,False,True,0.37,2021-08,864.0,864.0,864.0,0.0,856.76,,,True,,,,,,,,,,,,1.93,1.03,False,1,True,,,,False,,tv_wilder_rsi14_sma5_v1,30.43,30.06,True,False,0.37
3199,3199.T,綿半ホールディングス,2021-08,NEW,1,51.47,51.83,False,True,0.36,2021-08,1248.0,1248.0,1248.0,0.0,1239.64,,,True,,,,,,,,,,,,1.33,1.06,False,1,True,,,,False,,tv_wilder_rsi14_sma5_v1,51.83,51.47,True,False,0.36
7595,7595.T,アルゴグラフィックス,2021-08,CONTINUE,3,54.88,55.24,True,False,0.35,2021-06,833.75,820.0,820.0,-1.65,,,,,,,,,,,,,,,,,,,,,,,,False,,tv_wilder_rsi14_sma5_v1,55.24,54.88,False,True,0.35
2378,2378.T,ルネサンス,2021-08,NEW,1,46.55,46.89,True,True,0.34,2021-08,1172.0,1172.0,1172.0,0.0,1150.08,,,True,,,,,,,,,,,,2.79,1.01,False,1,True,,,,False,,tv_wilder_rsi14_sma5_v1,46.89,46.55,True,True,0.34
2533,2533.T,オエノンホールディングス,2021-08,NEW,1,47.19,47.52,False,True,0.34,2021-08,377.0,377.0,377.0,0.0,375.32,,,True,,,,,,,,,,,,1.31,1.05,False,1,True,,,,False,,tv_wilder_rsi14_sma5_v1,47.52,47.19,True,False,0.34
3288,3288.T,オープンハウスグループ,2021-08,CONTINUE,6,67.99,68.33,True,False,0.34,2021-03,4720.0,5360.0,5360.0,13.56,,,,,,,,,,,,,,,,,,,,,,,,False,,tv_wilder_rsi14_sma5_v1,68.33,67.99,False,True,0.34
8935,8935.T,ＦＪネクストホールディングス,2021-08,NEW,1,53.87,54.2,False,False,0.33,2021-08,1027.0,1027.0,1027.0,0.0,1027.04,,,False,,,,,,,,,,,,1.28,0.84,True,1,True,,,,False,,tv_wilder_rsi14_sma5_v1,54.2,53.87,False,False,0.33
4828,4828.T,ビジネスエンジニアリング,2021-08,NEW,1,57.02,57.35,False,True,0.32,2021-08,333.0,333.0,333.0,0.0,329.9,,,True,,,,,,,,,,,,1.65,0.78,True,1,False,,,,False,,tv_wilder_rsi14_sma5_v1,57.35,57.02,True,False,0.32
3475,3475.T,グッドコムアセット,2021-08,CONTINUE,2,60.3,60.6,False,False,0.3,2021-07,742.5,724.5,724.5,-2.42,,,,,,,,,,,,,,,,,,,1,True,,,,False,,tv_wilder_rsi14_sma5_v1,60.6,60.3,False,False,0.3
4203,4203.T,住友ベークライト,2021-08,CONTINUE,13,62.06,62.35,True,True,0.29,2020-08,1404.0,2375.0,2375.0,69.16,,,,,,,,,,,,,,,,,,,,,,,,False,,tv_wilder_rsi14_sma5_v1,62.35,62.06,True,True,0.29
6140,6140.T,旭ダイヤモンド工業,2021-08,CONTINUE,8,44.57,44.86,False,False,0.29,2021-01,455.0,519.0,519.0,14.07,,,,,,,,,,,,,,,,,,,,,,,,False,,tv_wilder_rsi14_sma5_v1,44.86,44.57,False,False,0.29
9619,9619.T,イチネンホールディングス,2021-08,NEW,1,49.14,49.41,False,True,0.28,2021-08,1240.0,1240.0,1240.0,0.0,1240.6,,,False,,,,,,,,,,,,1.54,1.06,False,1,False,,,,False,,tv_wilder_rsi14_sma5_v1,49.41,49.14,True,False,0.28
4613,4613.T,関西ペイント,2021-08,NEW,1,54.54,54.81,False,True,0.27,2021-08,2851.0,2851.0,2851.0,0.0,2779.64,,,True,,,,,,,,,,,,1.99,0.87,True,1,True,,,,False,,tv_wilder_rsi14_sma5_v1,54.81,54.54,True,False,0.27
9006,9006.T,京浜急行電鉄,2021-08,NEW,1,37.99,38.25,False,True,0.26,2021-08,1342.0,1342.0,1342.0,0.0,1329.92,,,True,,,,,,,,,,,,1.89,0.96,True,1,True,,,,False,,tv_wilder_rsi14_sma5_v1,38.25,37.99,True,False,0.26
3050,3050.T,ＤＣＭホールディングス,2021-08,CONTINUE,2,46.4,46.64,False,False,0.25,2021-07,1078.0,1062.0,1062.0,-1.48,,,,,,,,,,,,,,,,,,,1,True,,,,False,,tv_wilder_rsi14_sma5_v1,46.64,46.4,False,False,0.25
8541,8541.T,愛媛銀行,2021-08,NEW,1,32.74,32.99,False,True,0.25,2021-08,782.0,782.0,782.0,0.0,763.72,,,True,,,,,,,,,,,,1.31,1.01,False,1,True,,,,False,,tv_wilder_rsi14_sma5_v1,32.99,32.74,True,False,0.25
7733,7733.T,オリンパス,2021-08,NEW,1,60.83,61.08,False,True,0.24,2021-08,2311.5,2311.5,2311.5,0.0,2274.36,,,True,,,,,,,,,,,,2.46,0.94,True,1,False,,,,False,,tv_wilder_rsi14_sma5_v1,61.08,60.83,True,False,0.24
8570,8570.T,イオンフィナンシャルサービス,2021-08,CONTINUE,2,44.83,45.07,False,False,0.24,2021-07,1345.0,1295.0,1295.0,-3.72,,,,,,,,,,,,,,,,,,,1,True,,,,False,,tv_wilder_rsi14_sma5_v1,45.07,44.83,False,False,0.24
8050,8050.T,セイコーグループ,2021-08,CONTINUE,8,54.58,54.81,True,False,0.23,2021-01,703.0,1092.5,1092.5,55.41,,,,,,,,,,,,,,,,,,,,,,,,False,,tv_wilder_rsi14_sma5_v1,54.81,54.58,False,True,0.23
1820,1820.T,西松建設,2021-08,CONTINUE,9,71.92,72.14,True,False,0.22,2020-12,2114.0,3470.0,3470.0,64.14,,,,,,,,,,,,,,,,,,,,,,,,False,,tv_wilder_rsi14_sma5_v1,72.14,71.92,False,True,0.22
8237,8237.T,松屋,2021-08,NEW,1,53.98,54.2,True,True,0.22,2021-08,931.0,931.0,931.0,0.0,892.2,,,True,,,,,,,,,,,,2.61,0.92,True,1,True,,,,False,,tv_wilder_rsi14_sma5_v1,54.2,53.98,True,True,0.22
9621,9621.T,建設技術研究所,2021-08,NEW,1,61.98,62.2,False,True,0.22,2021-08,1233.0,1233.0,1233.0,0.0,1180.72,,,True,,,,,,,,,,,,2.83,0.95,True,1,True,,,,False,,tv_wilder_rsi14_sma5_v1,62.2,61.98,True,False,0.22
5741,5741.T,ＵＡＣＪ,2021-08,CONTINUE,3,58.25,58.45,False,False,0.21,2021-06,695.75,682.25,682.25,-1.94,,,,,,,,,,,,,,,,,,,,,,,,False,,tv_wilder_rsi14_sma5_v1,58.45,58.25,False,False,0.21
2531,2531.T,宝ホールディングス,2021-08,NEW,1,58.17,58.36,False,True,0.2,2021-08,1425.0,1425.0,1425.0,0.0,1371.36,,,True,,,,,,,,,,,,2.49,0.72,True,1,True,,,,False,,tv_wilder_rsi14_sma5_v1,58.36,58.17,True,False,0.2
2811,2811.T,カゴメ,2021-08,NEW,1,46.03,46.24,False,True,0.2,2021-08,2926.0,2926.0,2926.0,0.0,2896.0,,,True,,,,,,,,,,,,1.45,1.04,False,1,True,,,,False,,tv_wilder_rsi14_sma5_v1,46.24,46.03,True,False,0.2
5208,5208.T,有沢製作所,2021-08,NEW,1,49.55,49.74,False,True,0.19,2021-08,916.0,916.0,916.0,0.0,909.12,,,True,,,,,,,,,,,,2.14,1.0,False,1,False,,,,False,,tv_wilder_rsi14_sma5_v1,49.74,49.55,True,False,0.19
8803,8803.T,平和不動産,2021-08,NEW,1,69.72,69.91,True,True,0.19,2021-08,2130.0,2130.0,2130.0,0.0,2019.1,,,True,,,,,,,,,,,,1.84,1.04,False,1,True,,,,False,,tv_wilder_rsi14_sma5_v1,69.91,69.72,True,True,0.19
2060,2060.T,フィード・ワン,2021-08,NEW,1,40.05,40.23,False,True,0.18,2021-08,760.0,760.0,760.0,0.0,744.32,,,True,,,,,,,,,,,,1.33,0.89,True,1,True,,,,False,,tv_wilder_rsi14_sma5_v1,40.23,40.05,True,False,0.18
3105,3105.T,日清紡ホールディングス,2021-08,CONTINUE,13,52.72,52.88,True,False,0.17,2020-08,735.0,913.0,913.0,24.22,,,,,,,,,,,,,,,,,,,,,,,,False,,tv_wilder_rsi14_sma5_v1,52.88,52.72,False,True,0.17
1938,1938.T,日本リーテック,2021-08,NEW,1,44.64,44.8,False,False,0.16,2021-08,1691.0,1691.0,1691.0,0.0,1677.56,,,True,,,,,,,,,,,,3.13,1.03,False,1,True,,,,False,,tv_wilder_rsi14_sma5_v1,44.8,44.64,False,False,0.16
3139,3139.T,ラクト・ジャパン,2021-08,NEW,1,43.56,43.71,False,True,0.16,2021-08,2714.0,2714.0,2714.0,0.0,2644.52,,,True,,,,,,,,,,,,1.76,0.99,True,1,True,,,,False,,tv_wilder_rsi14_sma5_v1,43.71,43.56,True,False,0.16
4062,4062.T,イビデン,2021-08,NEW,1,76.0,76.16,True,True,0.16,2021-08,2970.0,2970.0,2970.0,0.0,2884.2,,,True,,,,,,,,,,,,2.74,1.07,False,1,False,,,,False,,tv_wilder_rsi14_sma5_v1,76.16,76.0,True,True,0.16
2752,2752.T,フジオフードグループ本社,2021-08,CONTINUE,2,50.04,50.18,False,False,0.15,2021-07,1343.0,1335.0,1335.0,-0.6,,,,,,,,,,,,,,,,,,,1,True,,,,False,,tv_wilder_rsi14_sma5_v1,50.18,50.04,False,False,0.15
4666,4666.T,パーク２４,2021-08,NEW,1,49.8,49.96,True,True,0.15,2021-08,2123.0,2123.0,2123.0,0.0,2048.36,,,True,,,,,,,,,,,,2.99,1.13,False,1,True,,,,False,,tv_wilder_rsi14_sma5_v1,49.96,49.8,True,True,0.15
5757,5757.T,ＣＫサンエツ,2021-08,NEW,1,50.61,50.76,False,True,0.15,2021-08,3330.0,3330.0,3330.0,0.0,3075.56,,,True,,,,,,,,,,,,2.48,0.81,True,1,True,,,,False,,tv_wilder_rsi14_sma5_v1,50.76,50.61,True,False,0.15
6986,6986.T,双葉電子工業,2021-08,NEW,1,32.19,32.34,False,True,0.14,2021-08,800.0,800.0,800.0,0.0,793.8,,,True,,,,,,,,,,,,1.85,1.05,False,1,True,,,,False,,tv_wilder_rsi14_sma5_v1,32.34,32.19,True,False,0.14
9535,9535.T,広島ガス,2021-08,NEW,1,52.33,52.48,False,True,0.14,2021-08,376.0,376.0,376.0,0.0,372.6,,,True,,,,,,,,,,,,0.74,0.84,True,1,True,,,,False,,tv_wilder_rsi14_sma5_v1,52.48,52.33,True,False,0.14
3231,3231.T,野村不動産ホールディングス,2021-08,NEW,1,62.26,62.39,True,True,0.13,2021-08,563.0,563.0,563.0,0.0,562.56,,,True,,,,,,,,,,,,2.05,0.93,True,1,False,,,,False,,tv_wilder_rsi14_sma5_v1,62.39,62.26,True,True,0.13
3864,3864.T,三菱製紙,2021-08,CONTINUE,8,40.04,40.18,False,False,0.13,2021-01,337.0,356.0,356.0,5.64,,,,,,,,,,,,,,,,,,,,,,,,False,,tv_wilder_rsi14_sma5_v1,40.18,40.04,False,False,0.13
9009,9009.T,京成電鉄,2021-08,NEW,1,48.21,48.34,False,True,0.13,2021-08,1128.33,1128.33,1128.33,0.0,1097.93,,,True,,,,,,,,,,,,2.32,1.03,False,1,True,,,,False,,tv_wilder_rsi14_sma5_v1,48.34,48.21,True,False,0.13
2726,2726.T,パルグループホールディングス,2021-08,CONTINUE,11,57.46,57.58,True,False,0.12,2020-10,302.0,420.5,420.5,39.24,,,,,,,,,,,,,,,,,,,,,,,,False,,tv_wilder_rsi14_sma5_v1,57.58,57.46,False,True,0.12
8613,8613.T,丸三証券,2021-08,NEW,1,54.69,54.81,False,True,0.12,2021-08,627.0,627.0,627.0,0.0,612.64,,,True,,,,,,,,,,,,1.54,0.98,True,1,True,,,,False,,tv_wilder_rsi14_sma5_v1,54.81,54.69,True,False,0.12
3843,3843.T,フリービット,2021-08,NEW,1,46.93,47.04,False,True,0.11,2021-08,831.0,831.0,831.0,0.0,795.2,,,True,,,,,,,,,,,,1.7,0.92,True,1,True,,,,False,,tv_wilder_rsi14_sma5_v1,47.04,46.93,True,False,0.11
6381,6381.T,アネスト岩田,2021-08,CONTINUE,3,52.44,52.55,False,False,0.11,2021-06,1012.0,1020.0,1020.0,0.79,,,,,,,,,,,,,,,,,,,,,,,,False,,tv_wilder_rsi14_sma5_v1,52.55,52.44,False,False,0.11
2767,2767.T,円谷フィールズホールディングス,2021-08,CONTINUE,2,46.92,47.02,False,False,0.1,2021-07,266.0,246.5,246.5,-7.33,,,,,,,,,,,,,,,,,,,1,True,,,,False,,tv_wilder_rsi14_sma5_v1,47.02,46.92,False,False,0.1
6941,6941.T,山一電機,2021-08,NEW,1,55.08,55.15,True,True,0.07,2021-08,1654.0,1654.0,1654.0,0.0,1630.88,,,True,,,,,,,,,,,,3.36,1.07,False,1,False,,,,False,,tv_wilder_rsi14_sma5_v1,55.15,55.08,True,True,0.07
7947,7947.T,エフピコ,2021-08,NEW,1,56.84,56.9,False,True,0.07,2021-08,4215.0,4215.0,4215.0,0.0,4188.2,,,True,,,,,,,,,,,,1.88,0.98,True,1,True,,,,False,,tv_wilder_rsi14_sma5_v1,56.9,56.84,True,False,0.07
8439,8439.T,東京センチュリー,2021-08,NEW,1,52.06,52.12,False,True,0.06,2021-08,1572.5,1572.5,1572.5,0.0,1504.9,,,True,,,,,,,,,,,,2.98,0.92,True,1,True,,,,False,,tv_wilder_rsi14_sma5_v1,52.12,52.06,True,False,0.06
6963,6963.T,ローム,2021-08,NEW,1,62.51,62.56,False,False,0.05,2021-08,2655.0,2655.0,2655.0,0.0,2556.3,,,True,,,,,,,,,,,,2.1,1.03,False,1,True,,,,False,,tv_wilder_rsi14_sma5_v1,62.56,62.51,False,False,0.05
9438,9438.T,エムティーアイ,2021-08,NEW,1,48.55,48.6,False,False,0.05,2021-08,713.0,713.0,713.0,0.0,697.64,,,True,,,,,,,,,,,,2.64,0.74,True,1,True,,,,False,,tv_wilder_rsi14_sma5_v1,48.6,48.55,False,False,0.05
3183,3183.T,ウイン・パートナーズ,2021-08,NEW,1,45.3,45.34,False,False,0.04,2021-08,992.0,992.0,992.0,0.0,1000.68,,,False,,,,,,,,,,,,0.93,0.82,True,1,True,,,,False,,tv_wilder_rsi14_sma5_v1,45.34,45.3,False,False,0.04
3443,3443.T,川田テクノロジーズ,2021-08,NEW,1,36.9,36.93,False,True,0.03,2021-08,412.78,412.78,412.78,0.0,409.36,,,True,,,,,,,,,,,,1.97,0.83,True,1,True,,,,False,,tv_wilder_rsi14_sma5_v1,36.93,36.9,True,False,0.03
9531,9531.T,東京瓦斯,2021-08,NEW,1,40.72,40.75,False,True,0.03,2021-08,2116.0,2116.0,2116.0,0.0,2134.66,,,False,,,,,,,,,,,,1.48,1.04,False,1,True,,,,False,,tv_wilder_rsi14_sma5_v1,40.75,40.72,True,False,0.03
1887,1887.T,日本国土開発,2021-08,NEW,1,47.26,47.28,False,False,0.02,2021-08,576.0,576.0,576.0,0.0,575.36,,,True,,,,,,,,,,,,1.26,0.94,True,1,True,,,,False,,tv_wilder_rsi14_sma5_v1,47.28,47.26,False,False,0.02
7826,7826.T,フルヤ金属,2021-08,NEW,1,61.41,61.43,False,True,0.02,2021-08,2806.67,2806.67,2806.67,0.0,2475.87,,,True,,,,,,,,,,,,4.72,0.94,True,1,True,,,,False,,tv_wilder_rsi14_sma5_v1,61.43,61.41,True,False,0.02
8011,8011.T,三陽商会,2021-08,CONTINUE,10,43.01,43.04,True,True,0.02,2020-11,529.0,861.0,861.0,62.76,,,,,,,,,,,,,,,,,,,,,,,,False,,tv_wilder_rsi14_sma5_v1,43.04,43.01,True,True,0.02
3002,3002.T,グンゼ,2021-08,CONTINUE,7,53.39,53.4,True,False,0.01,2021-02,1817.5,2230.0,2230.0,22.7,,,,,,,,,,,,,,,,,,,,,,,,False,,tv_wilder_rsi14_sma5_v1,53.4,53.39,False,True,0.01
7868,7868.T,広済堂ホールディングス,2021-08,NEW,1,58.09,58.1,False,True,0.01,2021-08,199.2,199.2,199.2,0.0,172.83,,,True,,,,,,,,,,,,5.29,1.34,False,1,True,,,,False,,tv_wilder_rsi14_sma5_v1,58.1,58.09,True,False,0.01
1951,1951.T,エクシオグループ,2021-08,NEW,1,52.2,52.21,False,True,0.0,2021-08,1381.0,1381.0,1381.0,0.0,1360.42,,,True,,,,,,,,,,,,1.47,1.03,False,1,True,,,,False,,tv_wilder_rsi14_sma5_v1,52.21,52.2,True,False,0.0
3482,3482.T,ロードスターキャピタル,2021-08,NEW,1,55.93,55.93,False,True,0.0,2021-08,1061.0,1061.0,1061.0,0.0,1015.68,,,True,,,,,,,,,,,,3.37,0.87,True,1,True,,,,False,,tv_wilder_rsi14_sma5_v1,55.93,55.93,True,False,0.0
4202,4202.T,ダイセル,2021-08,CONTINUE,9,48.62,48.62,True,False,0.0,2020-12,753.0,886.0,886.0,17.66,,,,,,,,,,,,,,,,,,,,,,,,False,,tv_wilder_rsi14_sma5_v1,48.62,48.62,False,True,0.0
