code,ticker,name,signal_month,status,months_active,rsi14,rsi5,rsi14_up,rsi5_up,diff,gc_month,gc_price,signal_month_close,period_price,return_since_gc_pct,sma25,sma75,sma200,price_above_sma25,price_above_sma75,price_above_sma200,perfect_order,sma25_up,sma75_up,sma200_up,avg_volume30,high52_price,high52_distance_pct,high52_breakout,volume_ratio_5_30,atr14_pct,atr_ratio_10_20,vcp_tight,stage,supertrend_up,rsr_score,rsr_momentum,mvp_signal,cosmos_focus,cosmos_focus_type,signal_version,monthly_rsi14,monthly_rsi_ma5,monthly_rsi14_up,monthly_rsi_ma5_up,monthly_rsi_spread
6651,6651.T,日東工業,2022-07,CONTINUE,3,54.98,68.34,True,True,13.36,2022-05,2203.0,2587.0,2587.0,17.43,1826.64,1654.29,1656.88,True,True,True,False,True,True,,175150.0,,,,1.73,4.25,0.94,True,1,True,,,,False,,tv_wilder_rsi14_sma5_v1,68.34,54.98,True,True,13.36
2726,2726.T,パルグループホールディングス,2022-07,CONTINUE,3,54.81,68.14,True,True,13.34,2022-05,403.5,567.75,567.75,40.71,370.18,378.05,398.36,True,True,True,False,True,False,,424773.0,,,,1.26,2.47,0.95,True,3,True,,,,False,,tv_wilder_rsi14_sma5_v1,68.14,54.81,True,True,13.34
3687,3687.T,フィックスターズ,2022-07,CONTINUE,5,48.47,60.59,True,True,12.12,2022-03,831.0,1181.0,1181.0,42.12,734.4,772.95,,True,True,,,True,False,,83383.0,,,,1.36,3.71,1.04,False,1,True,,,,False,,tv_wilder_rsi14_sma5_v1,60.59,48.47,True,True,12.12
5192,5192.T,三ツ星ベルト,2022-07,CONTINUE,3,64.84,76.19,True,True,11.35,2022-05,2797.0,3220.0,3220.0,15.12,2350.88,2143.68,2077.16,True,True,True,True,True,True,,99777.0,,,,1.47,4.34,0.82,True,1,True,,,,False,,tv_wilder_rsi14_sma5_v1,76.19,64.84,True,True,11.35
6999,6999.T,ＫＯＡ,2022-07,CONTINUE,4,56.02,67.11,True,True,11.09,2022-04,1537.0,2131.0,2131.0,38.65,1384.36,1409.16,,True,True,,,True,False,,222550.0,,,,2.62,3.59,1.32,False,1,True,,,,False,,tv_wilder_rsi14_sma5_v1,67.11,56.02,True,True,11.09
9072,9072.T,ニッコンホールディングス,2022-07,CONTINUE,2,46.18,57.14,True,True,10.96,2022-06,1075.5,1219.5,1219.5,13.39,1042.46,1020.39,1068.6,True,True,True,False,True,False,False,274127.0,,,,1.57,1.7,1.0,False,3,True,,,,False,,tv_wilder_rsi14_sma5_v1,57.14,46.18,True,True,10.96
9412,9412.T,スカパーＪＳＡＴ,2022-07,CONTINUE,3,55.73,66.62,True,True,10.89,2022-05,465.0,557.0,557.0,19.78,447.36,432.92,429.26,True,True,True,True,True,True,,755240.0,,,,1.25,1.98,0.62,True,1,True,,,,False,,tv_wilder_rsi14_sma5_v1,66.62,55.73,True,True,10.89
4044,4044.T,セントラル硝子,2022-07,CONTINUE,5,62.87,73.37,True,True,10.5,2022-03,2087.0,3265.0,3265.0,56.44,2052.48,2086.79,,True,True,,,False,True,,100893.0,,,,0.8,2.09,0.87,True,1,True,,,,False,,tv_wilder_rsi14_sma5_v1,73.37,62.87,True,True,10.5
8614,8614.T,東洋証券,2022-07,CONTINUE,4,58.56,68.84,True,True,10.28,2022-04,175.0,238.0,238.0,36.0,160.2,156.47,,True,True,,,True,True,,674987.0,,,,1.03,4.57,1.36,False,1,True,,,,False,,tv_wilder_rsi14_sma5_v1,68.84,58.56,True,True,10.28
4828,4828.T,ビジネスエンジニアリング,2022-07,CONTINUE,6,67.63,77.87,True,True,10.24,2022-02,378.0,542.0,542.0,43.39,354.1,358.31,,True,True,,,False,True,,50400.0,,,,1.35,2.84,1.26,False,1,True,,,,False,,tv_wilder_rsi14_sma5_v1,77.87,67.63,True,True,10.24
3093,3093.T,トレジャー・ファクトリー,2022-07,CONTINUE,6,59.87,70.09,True,True,10.21,2022-02,470.0,750.5,750.5,59.68,453.94,460.63,,True,True,,,True,True,,112140.0,,,,1.26,3.54,0.92,True,1,True,,,,False,,tv_wilder_rsi14_sma5_v1,70.09,59.87,True,True,10.21
4813,4813.T,ＡＣＣＥＳＳ,2022-07,CONTINUE,3,41.25,51.46,True,True,10.21,2022-05,579.0,798.0,798.0,37.82,566.72,568.73,737.12,True,True,False,False,False,False,,74450.0,,,,0.92,3.11,1.0,False,4,True,,,,False,,tv_wilder_rsi14_sma5_v1,51.46,41.25,True,True,10.21
6324,6324.T,ハーモニック・ドライブ・システムズ,2022-07,CONTINUE,2,38.93,49.1,True,True,10.17,2022-06,3955.0,5030.0,5030.0,27.18,3448.0,3604.67,4470.07,True,True,False,False,True,False,False,403483.0,,,,1.4,4.01,0.98,True,4,True,,,,False,,tv_wilder_rsi14_sma5_v1,49.1,38.93,True,True,10.17
2918,2918.T,わらべや日洋ホールディングス,2022-07,CONTINUE,2,47.46,57.62,True,True,10.16,2022-06,1769.0,2214.0,2214.0,25.16,1725.24,1712.89,1950.62,True,True,False,False,True,False,False,59423.0,,,,0.83,1.84,0.96,True,4,True,,,,False,,tv_wilder_rsi14_sma5_v1,57.62,47.46,True,True,10.16
2875,2875.T,東洋水産,2022-07,CONTINUE,3,50.62,60.62,True,True,10.01,2022-05,4815.0,5650.0,5650.0,17.34,4346.0,4481.6,4655.0,True,True,True,False,True,False,,1232970.0,,,,2.13,4.0,0.94,True,1,True,,,,False,,tv_wilder_rsi14_sma5_v1,60.62,50.62,True,True,10.01
8153,8153.T,モスフードサービス,2022-07,CONTINUE,3,52.55,62.18,True,True,9.63,2022-05,3040.0,3420.0,3420.0,12.5,2997.68,2979.85,3083.16,True,True,False,False,True,False,,84997.0,,,,1.09,1.29,0.95,True,4,True,,,,False,,tv_wilder_rsi14_sma5_v1,62.18,52.55,True,True,9.63
9274,9274.T,ＫＰＰグループホールディングス,2022-07,CONTINUE,3,59.06,68.64,True,True,9.59,2022-05,391.0,496.0,496.0,26.85,326.76,327.17,337.33,True,True,True,False,True,True,,397010.0,,,,1.64,4.42,1.12,False,1,True,,,,False,,tv_wilder_rsi14_sma5_v1,68.64,59.06,True,True,9.59
3964,3964.T,オークネット,2022-07,CONTINUE,3,57.42,66.9,True,True,9.48,2022-05,446.25,586.25,586.25,31.37,413.6,399.61,445.92,True,True,True,False,True,True,,163413.0,,,,0.78,4.15,0.92,True,1,True,,,,False,,tv_wilder_rsi14_sma5_v1,66.9,57.42,True,True,9.48
8074,8074.T,ＹＵＡＳＡ,2022-07,CONTINUE,3,53.14,62.58,True,True,9.44,2022-05,3205.0,3605.0,3605.0,12.48,3018.76,2961.4,2972.95,True,True,True,False,True,True,,53630.0,,,,1.19,2.14,0.86,True,1,True,,,,False,,tv_wilder_rsi14_sma5_v1,62.58,53.14,True,True,9.44
5726,5726.T,大阪チタニウムテクノロジーズ,2022-07,CONTINUE,8,72.84,82.19,True,True,9.35,2021-12,790.0,2767.0,2767.0,250.25,793.32,812.8,,False,False,,,False,True,,261307.0,,,,0.63,2.32,0.78,True,1,False,,,,False,,tv_wilder_rsi14_sma5_v1,82.19,72.84,True,True,9.35
1929,1929.T,日特建設,2022-07,CONTINUE,6,55.51,64.85,True,True,9.34,2022-02,738.0,870.0,870.0,17.89,694.72,675.77,,True,True,,,True,False,,76810.0,,,,0.72,1.84,0.71,True,1,True,,,,False,,tv_wilder_rsi14_sma5_v1,64.85,55.51,True,True,9.34
7970,7970.T,信越ポリマー,2022-07,CONTINUE,2,60.47,69.75,True,True,9.29,2022-06,1181.0,1372.0,1372.0,16.17,1143.52,1098.29,1071.36,True,True,True,True,True,True,True,153777.0,,,,1.54,2.56,1.24,False,2,True,,,,False,,tv_wilder_rsi14_sma5_v1,69.75,60.47,True,True,9.29
9627,9627.T,アインホールディングス,2022-07,CONTINUE,2,49.2,58.45,True,True,9.25,2022-06,7250.0,7660.0,7660.0,5.66,6636.4,6177.87,6272.75,True,True,True,False,True,True,False,155047.0,,,,0.63,2.63,0.88,True,3,True,,,,False,,tv_wilder_rsi14_sma5_v1,58.45,49.2,True,True,9.25
2792,2792.T,ハニーズホールディングス,2022-07,CONTINUE,6,52.79,61.98,True,True,9.19,2022-02,1023.0,1279.0,1279.0,25.02,1024.68,1031.2,,False,False,,,True,False,,67050.0,,,,0.6,1.18,0.92,True,1,True,,,,False,,tv_wilder_rsi14_sma5_v1,61.98,52.79,True,True,9.19
9041,9041.T,近鉄グループホールディングス,2022-07,CONTINUE,6,47.73,56.92,True,True,9.19,2022-02,3455.0,4390.0,4390.0,27.06,3459.4,3371.27,,False,True,,,True,False,,461790.0,,,,1.11,2.48,1.01,False,1,True,,,,False,,tv_wilder_rsi14_sma5_v1,56.92,47.73,True,True,9.19
2607,2607.T,不二製油,2022-07,CONTINUE,2,35.32,44.48,True,True,9.16,2022-06,2142.0,2268.0,2268.0,5.88,1915.72,1894.17,2233.11,True,True,False,False,True,False,False,280570.0,,,,1.91,2.55,1.28,False,4,True,,,,False,,tv_wilder_rsi14_sma5_v1,44.48,35.32,True,True,9.16
9983,9983.T,ファーストリテイリング,2022-07,CONTINUE,2,47.85,57.01,True,True,9.16,2022-06,23693.33,26733.33,26733.33,12.83,22565.2,20993.24,22386.6,True,True,True,False,True,True,False,2065150.0,,,,0.92,2.39,0.82,True,3,True,,,,False,,tv_wilder_rsi14_sma5_v1,57.01,47.85,True,True,9.16
2229,2229.T,カルビー,2022-07,CONTINUE,2,42.4,51.49,True,True,9.1,2022-06,2736.0,2854.0,2854.0,4.31,2490.72,2431.83,2590.12,True,True,True,False,True,True,False,544860.0,,,,1.48,2.46,1.36,False,3,True,,,,False,,tv_wilder_rsi14_sma5_v1,51.49,42.4,True,True,9.1
8086,8086.T,ニプロ,2022-07,CONTINUE,2,40.55,49.65,True,True,9.09,2022-06,1067.0,1165.0,1165.0,9.18,1042.2,1030.08,1085.91,True,True,False,False,True,False,False,381423.0,,,,0.86,1.51,0.98,True,4,True,,,,False,,tv_wilder_rsi14_sma5_v1,49.65,40.55,True,True,9.09
9960,9960.T,東テク,2022-07,CONTINUE,4,57.19,66.26,True,True,9.07,2022-04,883.33,1150.0,1150.0,30.19,778.52,795.11,,True,True,,,False,False,,45070.0,,,,1.77,4.02,1.37,False,1,True,,,,False,,tv_wilder_rsi14_sma5_v1,66.26,57.19,True,True,9.07
8570,8570.T,イオンフィナンシャルサービス,2022-07,CONTINUE,3,46.27,55.14,True,True,8.87,2022-05,1202.0,1450.0,1450.0,20.63,1190.0,1193.31,1279.65,True,True,False,False,False,False,,570267.0,,,,0.81,2.1,0.84,True,4,False,,,,False,,tv_wilder_rsi14_sma5_v1,55.14,46.27,True,True,8.87
3186,3186.T,ネクステージ,2022-07,CONTINUE,2,59.11,67.96,True,True,8.84,2022-06,2335.0,2930.0,2930.0,25.48,2173.16,2148.12,2296.82,True,True,True,False,True,False,True,359177.0,,,,1.4,3.88,1.04,False,2,True,,,,False,,tv_wilder_rsi14_sma5_v1,67.96,59.11,True,True,8.84
7525,7525.T,リックス,2022-07,CONTINUE,8,64.84,73.29,True,True,8.45,2021-12,1493.0,2071.0,2071.0,38.71,1489.0,1501.17,,True,False,,,False,False,,4533.0,,,,1.55,1.24,0.93,True,1,True,,,,False,,tv_wilder_rsi14_sma5_v1,73.29,64.84,True,True,8.45
4784,4784.T,ＧＭＯインターネット,2022-07,CONTINUE,4,45.02,53.4,True,True,8.38,2022-04,405.0,486.0,486.0,20.0,402.68,403.51,,True,True,,,True,False,,4067.0,,,,0.5,1.2,0.98,True,1,True,,,,False,,tv_wilder_rsi14_sma5_v1,53.4,45.02,True,True,8.38
6804,6804.T,ホシデン,2022-07,CONTINUE,4,59.86,68.17,True,True,8.31,2022-04,1246.0,1479.0,1479.0,18.7,1189.52,1170.69,,True,True,,,True,True,,197670.0,,,,1.17,2.12,1.09,False,1,True,,,,False,,tv_wilder_rsi14_sma5_v1,68.17,59.86,True,True,8.31
1887,1887.T,日本国土開発,2022-07,NEW,1,45.95,54.21,True,True,8.26,2022-07,608.0,608.0,608.0,0.0,548.76,533.09,547.51,True,True,True,False,True,True,False,271330.0,,,,1.07,2.81,1.55,False,1,True,,,,False,,tv_wilder_rsi14_sma5_v1,54.21,45.95,True,True,8.26
8850,8850.T,スターツコーポレーション,2022-07,CONTINUE,2,50.09,58.34,True,True,8.26,2022-06,2787.0,2879.0,2879.0,3.3,2576.56,2441.27,2543.41,True,True,True,False,True,True,False,95080.0,,,,1.14,2.07,1.09,False,3,True,,,,False,,tv_wilder_rsi14_sma5_v1,58.34,50.09,True,True,8.26
4694,4694.T,ビー・エム・エル,2022-07,CONTINUE,4,50.52,58.69,True,True,8.17,2022-04,3345.0,3925.0,3925.0,17.34,3229.8,3349.07,,True,False,,,True,False,,128303.0,,,,1.32,2.81,1.15,False,1,True,,,,False,,tv_wilder_rsi14_sma5_v1,58.69,50.52,True,True,8.17
4343,4343.T,イオンファンタジー,2022-07,CONTINUE,7,54.11,62.21,True,True,8.1,2022-01,1913.0,2973.0,2973.0,55.41,1860.8,1868.63,,True,True,,,True,False,,73957.0,,,,1.08,3.31,1.07,False,1,False,,,,False,,tv_wilder_rsi14_sma5_v1,62.21,54.11,True,True,8.1
3661,3661.T,エムアップホールディングス,2022-07,CONTINUE,5,64.58,72.64,True,True,8.06,2022-03,516.5,768.0,768.0,48.69,470.04,453.81,,True,True,,,True,False,,849193.0,,,,0.94,5.87,1.08,False,1,True,,,,False,,tv_wilder_rsi14_sma5_v1,72.64,64.58,True,True,8.06
7740,7740.T,タムロン,2022-07,CONTINUE,3,54.65,62.71,True,True,8.06,2022-05,307.12,358.25,358.25,16.65,294.8,292.58,317.4,True,True,False,False,True,False,,397413.0,,,,1.18,2.22,0.75,True,4,True,,,,False,,tv_wilder_rsi14_sma5_v1,62.71,54.65,True,True,8.06
4549,4549.T,栄研化学,2022-07,CONTINUE,2,43.2,51.23,True,True,8.03,2022-06,1784.0,1964.0,1964.0,10.09,1666.8,1689.33,1832.39,True,True,False,False,True,False,False,127517.0,,,,1.11,1.96,1.16,False,4,True,,,,False,,tv_wilder_rsi14_sma5_v1,51.23,43.2,True,True,8.03
4820,4820.T,イーエムシステムズ,2022-07,CONTINUE,6,57.69,65.66,True,True,7.97,2022-02,720.0,1100.0,1100.0,52.78,675.84,720.44,,True,False,,,False,False,,68443.0,,,,1.35,2.67,0.91,True,1,True,,,,False,,tv_wilder_rsi14_sma5_v1,65.66,57.69,True,True,7.97
8151,8151.T,東陽テクニカ,2022-07,CONTINUE,3,52.26,60.21,True,True,7.96,2022-05,1079.0,1224.0,1224.0,13.44,1036.32,1052.39,1103.66,True,True,False,False,False,False,,50463.0,,,,1.22,1.78,0.82,True,4,True,,,,False,,tv_wilder_rsi14_sma5_v1,60.21,52.26,True,True,7.96
2220,2220.T,亀田製菓,2022-07,CONTINUE,4,45.26,53.21,True,False,7.95,2022-04,1405.0,1575.0,1575.0,12.1,1353.47,1363.0,,True,True,,,False,False,,54740.0,,,,1.17,1.43,1.19,False,1,True,,,,False,,tv_wilder_rsi14_sma5_v1,53.21,45.26,False,True,7.95
2674,2674.T,ハードオフコーポレーション,2022-07,CONTINUE,6,58.73,66.68,True,True,7.95,2022-02,810.0,965.0,965.0,19.14,771.84,743.19,,True,True,,,True,True,,30653.0,,,,0.78,1.9,0.86,True,1,True,,,,False,,tv_wilder_rsi14_sma5_v1,66.68,58.73,True,True,7.95
8160,8160.T,木曽路,2022-07,CONTINUE,2,41.37,49.31,True,True,7.95,2022-06,2183.0,2276.0,2276.0,4.26,2143.76,2090.36,2167.14,True,True,True,False,True,False,False,91840.0,,,,0.86,1.38,1.1,False,3,True,,,,False,,tv_wilder_rsi14_sma5_v1,49.31,41.37,True,True,7.95
5929,5929.T,三和ホールディングス,2022-07,CONTINUE,3,51.58,59.52,True,True,7.94,2022-05,1236.0,1430.0,1430.0,15.7,1205.28,1212.03,1295.7,True,True,False,False,True,False,,616910.0,,,,0.94,3.46,0.69,True,4,True,,,,False,,tv_wilder_rsi14_sma5_v1,59.52,51.58,True,True,7.94
7955,7955.T,クリナップ,2022-07,CONTINUE,3,51.08,59.03,True,True,7.94,2022-05,557.0,621.0,621.0,11.49,533.04,533.88,542.9,True,True,True,False,True,True,,34693.0,,,,0.97,1.51,0.76,True,1,True,,,,False,,tv_wilder_rsi14_sma5_v1,59.03,51.08,True,True,7.94
9364,9364.T,上組,2022-07,CONTINUE,6,59.64,67.53,True,True,7.9,2022-02,2230.0,2700.0,2700.0,21.08,2210.24,2201.77,,True,True,,,True,False,,328173.0,,,,0.9,1.9,0.9,True,1,False,,,,False,,tv_wilder_rsi14_sma5_v1,67.53,59.64,True,True,7.9
9301,9301.T,三菱倉庫,2022-07,CONTINUE,5,54.43,62.19,True,True,7.77,2022-03,608.0,711.0,711.0,16.94,571.58,566.08,,True,True,,,True,False,,1421550.0,,,,1.19,2.34,1.03,False,1,True,,,,False,,tv_wilder_rsi14_sma5_v1,62.19,54.43,True,True,7.77
3139,3139.T,ラクト・ジャパン,2022-07,CONTINUE,3,39.52,47.16,True,True,7.65,2022-05,1998.0,2445.0,2445.0,22.37,2006.76,2012.35,2338.99,False,False,False,False,False,False,,42147.0,,,,2.38,1.94,1.05,False,4,True,,,,False,,tv_wilder_rsi14_sma5_v1,47.16,39.52,True,True,7.65
1961,1961.T,三機工業,2022-07,CONTINUE,2,58.4,66.03,True,True,7.63,2022-06,512.0,552.33,552.33,7.88,495.03,487.26,485.44,True,True,True,True,True,True,True,460390.0,,,,0.97,1.62,1.04,False,3,True,,,,False,,tv_wilder_rsi14_sma5_v1,66.03,58.4,True,True,7.63
5988,5988.T,パイオラックス,2022-07,CONTINUE,3,52.55,60.11,True,False,7.56,2022-05,1840.0,1985.0,1985.0,7.88,1464.16,1567.92,1619.2,True,True,True,False,False,False,,86197.0,,,,3.35,3.33,1.23,False,3,True,,,,False,,tv_wilder_rsi14_sma5_v1,60.11,52.55,False,True,7.56
7211,7211.T,三菱自動車工業,2022-07,CONTINUE,5,55.15,62.64,True,True,7.49,2022-03,331.0,460.0,460.0,38.97,293.6,314.49,,True,True,,,False,False,,16562560.0,,,,1.08,3.28,0.94,True,1,True,,,,False,,tv_wilder_rsi14_sma5_v1,62.64,55.15,True,True,7.49
4732,4732.T,ユー・エス・エス,2022-07,CONTINUE,8,62.08,69.54,True,True,7.46,2021-12,898.0,1302.5,1302.5,45.04,890.4,914.17,,True,False,,,False,False,,1540827.0,,,,0.61,1.66,0.97,True,1,True,,,,False,,tv_wilder_rsi14_sma5_v1,69.54,62.08,True,True,7.46
1662,1662.T,石油資源開発,2022-07,CONTINUE,3,66.09,73.52,True,True,7.43,2022-05,631.0,697.0,697.0,10.46,534.88,540.64,484.99,True,True,True,False,True,True,,2253133.0,,,,1.0,4.53,0.97,True,1,True,,,,False,,tv_wilder_rsi14_sma5_v1,73.52,66.09,True,True,7.43
4847,4847.T,インテリジェント   ウェイブ,2022-07,CONTINUE,6,51.69,59.1,True,False,7.41,2022-02,583.0,773.0,773.0,32.59,548.56,542.77,,True,True,,,True,False,,55350.0,,,,0.88,3.31,1.07,False,1,True,,,,False,,tv_wilder_rsi14_sma5_v1,59.1,51.69,False,True,7.41
6381,6381.T,アネスト岩田,2022-07,CONTINUE,5,46.4,53.8,True,True,7.4,2022-03,830.0,970.0,970.0,16.87,821.6,828.35,,True,True,,,True,False,,105267.0,,,,0.77,1.91,1.0,False,1,True,,,,False,,tv_wilder_rsi14_sma5_v1,53.8,46.4,True,True,7.4
8897,8897.T,ＭＩＲＡＲＴＨホールディングス,2022-07,CONTINUE,3,48.86,56.26,True,True,7.4,2022-05,331.0,369.0,369.0,11.48,306.96,306.99,304.44,True,True,True,False,True,True,,299637.0,,,,1.61,2.61,0.99,True,3,True,,,,False,,tv_wilder_rsi14_sma5_v1,56.26,48.86,True,True,7.4
4958,4958.T,長谷川香料,2022-07,CONTINUE,2,58.15,65.52,True,True,7.37,2022-06,2759.0,3040.0,3040.0,10.18,2537.16,2519.32,2626.05,True,True,True,False,True,True,False,61043.0,,,,1.89,2.82,1.21,False,3,True,,,,False,,tv_wilder_rsi14_sma5_v1,65.52,58.15,True,True,7.37
9065,9065.T,山九,2022-07,NEW,1,42.04,49.41,True,True,7.37,2022-07,4400.0,4400.0,4400.0,0.0,4024.6,3889.33,4290.88,True,True,True,False,True,True,False,141880.0,,,,1.61,1.68,1.04,False,3,True,,,,False,,tv_wilder_rsi14_sma5_v1,49.41,42.04,True,True,7.37
3034,3034.T,クオールホールディングス,2022-07,CONTINUE,3,46.36,53.7,True,True,7.34,2022-05,1254.0,1491.0,1491.0,18.9,1138.88,1180.64,1375.49,True,True,False,False,True,False,,154860.0,,,,2.01,3.58,0.86,True,4,True,,,,False,,tv_wilder_rsi14_sma5_v1,53.7,46.36,True,True,7.34
9990,9990.T,サックスバーホールディングス,2022-07,CONTINUE,3,42.61,49.95,True,True,7.34,2022-05,594.0,614.0,614.0,3.37,525.76,510.8,533.41,True,True,True,False,True,True,,61197.0,,,,1.78,2.14,1.07,False,3,True,,,,False,,tv_wilder_rsi14_sma5_v1,49.95,42.61,True,True,7.34
4933,4933.T,Ｉ－ｎｅ,2022-07,CONTINUE,5,52.78,60.07,True,True,7.28,2022-03,1607.5,2362.5,2362.5,46.97,1375.78,1440.23,,True,True,,,True,False,,37067.0,,,,1.1,4.95,0.95,True,1,True,,,,False,,tv_wilder_rsi14_sma5_v1,60.07,52.78,True,True,7.28
1975,1975.T,朝日工業社,2022-07,CONTINUE,5,54.41,61.63,True,True,7.22,2022-03,801.0,947.0,947.0,18.23,767.23,762.58,,True,True,,,True,False,,22367.0,,,,1.39,2.92,1.16,False,1,True,,,,False,,tv_wilder_rsi14_sma5_v1,61.63,54.41,True,True,7.22
5334,5334.T,日本特殊陶業,2022-07,CONTINUE,3,60.95,68.13,True,True,7.18,2022-05,2443.0,2596.0,2596.0,6.26,2268.44,2085.47,1943.83,True,True,True,True,True,True,,1319197.0,,,,0.9,2.33,0.69,True,1,True,,,,False,,tv_wilder_rsi14_sma5_v1,68.13,60.95,True,True,7.18
8267,8267.T,イオン,2022-07,NEW,1,44.39,51.55,True,True,7.16,2022-07,893.0,893.0,893.0,0.0,846.39,807.89,854.36,True,True,True,False,True,False,False,7711820.0,,,,0.61,1.49,0.7,True,3,True,,,,False,,tv_wilder_rsi14_sma5_v1,51.55,44.39,True,True,7.16
9037,9037.T,ハマキョウレックス,2022-07,NEW,1,45.91,53.06,True,True,7.15,2022-07,796.25,796.25,796.25,0.0,753.35,728.72,735.71,True,True,True,False,True,True,False,158120.0,,,,0.71,1.55,0.91,True,3,True,,,,False,,tv_wilder_rsi14_sma5_v1,53.06,45.91,True,True,7.15
4452,4452.T,花王,2022-07,CONTINUE,3,33.95,41.09,True,True,7.14,2022-05,2598.0,2892.5,2892.5,11.34,2566.18,2541.83,2932.61,True,True,False,False,True,False,,3653853.0,,,,1.07,2.46,0.88,True,4,False,,,,False,,tv_wilder_rsi14_sma5_v1,41.09,33.95,True,True,7.14
9052,9052.T,山陽電気鉄道,2022-07,CONTINUE,8,55.56,62.67,True,True,7.11,2021-12,2017.0,2250.0,2250.0,11.55,1997.16,1997.52,,True,True,,,True,True,,15190.0,,,,0.67,1.06,0.85,True,1,False,,,,False,,tv_wilder_rsi14_sma5_v1,62.67,55.56,True,True,7.11
7550,7550.T,ゼンショーホールディングス,2022-07,CONTINUE,8,65.15,72.24,True,True,7.09,2021-12,2704.0,3515.0,3515.0,29.99,2658.64,2682.07,,True,True,,,True,False,,227827.0,,,,0.72,1.3,0.93,True,1,False,,,,False,,tv_wilder_rsi14_sma5_v1,72.24,65.15,True,True,7.09
2602,2602.T,日清オイリオグループ,2022-07,CONTINUE,4,48.34,55.43,True,True,7.08,2022-04,978.33,1080.0,1080.0,10.39,966.03,982.9,,True,False,,,False,True,,253480.0,,,,0.92,1.32,1.15,False,1,False,,,,False,,tv_wilder_rsi14_sma5_v1,55.43,48.34,True,True,7.08
6351,6351.T,鶴見製作所,2022-07,CONTINUE,8,54.65,61.73,True,True,7.08,2021-12,828.0,1022.5,1022.5,23.49,796.68,847.31,,True,False,,,False,False,,128673.0,,,,0.42,1.71,0.94,True,1,True,,,,False,,tv_wilder_rsi14_sma5_v1,61.73,54.65,True,True,7.08
2734,2734.T,サーラコーポレーション,2022-07,CONTINUE,2,56.72,63.79,True,True,7.07,2022-06,705.0,725.0,725.0,2.84,648.0,638.81,631.86,True,True,True,True,True,True,True,78757.0,,,,1.89,1.93,1.12,False,2,True,,,,False,,tv_wilder_rsi14_sma5_v1,63.79,56.72,True,True,7.07
4719,4719.T,アルファシステムズ,2022-07,CONTINUE,3,59.65,66.7,True,True,7.05,2022-05,4155.0,4910.0,4910.0,18.17,3855.8,3872.47,3962.28,True,True,True,False,False,True,,6310.0,,,,1.31,2.77,1.12,False,1,True,,,,False,,tv_wilder_rsi14_sma5_v1,66.7,59.65,True,True,7.05
7421,7421.T,カッパ・クリエイト,2022-07,CONTINUE,3,50.04,56.98,True,True,6.95,2022-05,1389.0,1474.0,1474.0,6.12,1366.16,1363.75,1364.62,True,True,True,False,True,True,,81713.0,,,,0.96,1.84,0.89,True,3,True,,,,False,,tv_wilder_rsi14_sma5_v1,56.98,50.04,True,True,6.95
9039,9039.T,サカイ引越センター,2022-07,CONTINUE,4,43.93,50.88,True,True,6.95,2022-04,2217.5,2470.0,2470.0,11.39,2103.3,2134.9,,True,True,,,True,False,,43487.0,,,,1.05,2.38,1.06,False,1,True,,,,False,,tv_wilder_rsi14_sma5_v1,50.88,43.93,True,True,6.95
2749,2749.T,ＪＰホールディングス,2022-07,CONTINUE,3,41.78,48.72,True,True,6.94,2022-05,227.0,256.0,256.0,12.78,216.64,219.45,243.29,True,True,False,False,True,False,,213117.0,,,,0.75,2.45,0.87,True,4,True,,,,False,,tv_wilder_rsi14_sma5_v1,48.72,41.78,True,True,6.94
1968,1968.T,太平電業,2022-07,CONTINUE,3,58.5,65.43,True,True,6.93,2022-05,914.0,1013.33,1013.33,10.87,886.03,894.98,909.38,True,True,True,False,False,False,,102000.0,,,,1.77,1.71,0.87,True,3,True,,,,False,,tv_wilder_rsi14_sma5_v1,65.43,58.5,True,True,6.93
7157,7157.T,ライフネット生命保険,2022-07,CONTINUE,3,38.63,45.55,True,False,6.92,2022-05,629.0,821.0,821.0,30.52,588.88,573.28,890.0,True,True,False,False,True,False,,605320.0,,,,1.69,5.75,1.1,False,4,True,,,,False,,tv_wilder_rsi14_sma5_v1,45.55,38.63,False,True,6.92
2676,2676.T,高千穂交易,2022-07,CONTINUE,3,72.86,79.75,True,True,6.9,2022-05,915.0,1010.5,1010.5,10.44,820.52,782.11,700.74,True,True,True,True,True,True,,58273.0,,,,0.94,3.05,1.03,False,1,True,,,,False,,tv_wilder_rsi14_sma5_v1,79.75,72.86,True,True,6.9
3939,3939.T,カナミックネットワーク,2022-07,CONTINUE,5,44.17,51.07,True,True,6.9,2022-03,522.0,613.0,613.0,17.43,484.92,468.2,,True,True,,,True,False,,80400.0,,,,0.71,2.64,0.97,True,1,True,,,,False,,tv_wilder_rsi14_sma5_v1,51.07,44.17,True,True,6.9
8424,8424.T,芙蓉総合リース,2022-07,CONTINUE,3,54.3,61.2,True,True,6.9,2022-05,2456.67,2720.0,2720.0,10.72,2412.93,2413.6,2500.08,True,True,False,False,True,False,,185660.0,,,,1.4,2.05,0.97,True,4,True,,,,False,,tv_wilder_rsi14_sma5_v1,61.2,54.3,True,True,6.9
2267,2267.T,ヤクルト本社,2022-07,CONTINUE,8,62.44,69.34,True,True,6.89,2021-12,3000.0,4050.0,4050.0,35.0,2958.4,2903.53,,True,True,,,True,False,,1091847.0,,,,0.61,1.93,1.09,False,1,True,,,,False,,tv_wilder_rsi14_sma5_v1,69.34,62.44,True,True,6.89
3626,3626.T,ＴＩＳ,2022-07,CONTINUE,3,63.13,70.01,True,True,6.88,2022-05,3375.0,3755.0,3755.0,11.26,3232.96,2910.39,3076.28,True,True,True,False,True,True,,963133.0,,,,1.86,3.91,0.95,True,1,True,,,,False,,tv_wilder_rsi14_sma5_v1,70.01,63.13,True,True,6.88
8022,8022.T,美津濃,2022-07,CONTINUE,3,49.04,55.91,True,True,6.86,2022-05,751.0,831.33,831.33,10.7,725.81,726.29,783.13,True,True,False,False,True,True,,260750.0,,,,1.15,3.03,0.86,True,4,True,,,,False,,tv_wilder_rsi14_sma5_v1,55.91,49.04,True,True,6.86
9936,9936.T,王将フードサービス,2022-07,CONTINUE,6,58.09,64.95,True,False,6.86,2022-02,2016.67,2323.33,2323.33,15.21,1987.73,2004.31,,True,True,,,False,True,,74030.0,,,,1.21,1.02,0.93,True,1,True,,,,False,,tv_wilder_rsi14_sma5_v1,64.95,58.09,False,True,6.86
6810,6810.T,マクセル,2022-07,CONTINUE,3,47.91,54.75,True,True,6.83,2022-05,1260.0,1386.0,1386.0,10.0,1185.44,1183.28,1288.3,True,True,False,False,True,False,,157997.0,,,,1.23,2.81,0.94,True,4,True,,,,False,,tv_wilder_rsi14_sma5_v1,54.75,47.91,True,True,6.83
3245,3245.T,ディア・ライフ,2022-07,CONTINUE,3,57.36,64.14,True,True,6.79,2022-05,541.0,628.0,628.0,16.08,519.2,520.32,526.1,True,True,True,False,False,False,,237460.0,,,,1.36,1.47,0.92,True,1,True,,,,False,,tv_wilder_rsi14_sma5_v1,64.14,57.36,True,True,6.79
1888,1888.T,若築建設,2022-07,CONTINUE,5,65.29,72.06,True,True,6.77,2022-03,1953.0,2400.0,2400.0,22.89,1958.64,1857.04,,False,True,,,True,False,,31940.0,,,,1.61,2.84,1.12,False,1,True,,,,False,,tv_wilder_rsi14_sma5_v1,72.06,65.29,True,True,6.77
3673,3673.T,ブロードリーフ,2022-07,CONTINUE,4,41.99,48.71,True,True,6.71,2022-04,184.5,234.5,234.5,27.1,185.46,179.11,,False,True,,,True,False,,798227.0,,,,1.02,2.57,0.97,True,1,True,,,,False,,tv_wilder_rsi14_sma5_v1,48.71,41.99,True,True,6.71
7184,7184.T,富山第一銀行,2022-07,CONTINUE,8,62.63,69.33,True,True,6.7,2021-12,295.0,419.0,419.0,42.03,279.4,288.47,,True,True,,,False,False,,76620.0,,,,0.82,1.5,1.09,False,1,True,,,,False,,tv_wilder_rsi14_sma5_v1,69.33,62.63,True,True,6.7
5288,5288.T,アジアパイルホールディングス,2022-07,CONTINUE,3,45.42,52.11,True,True,6.69,2022-05,461.0,490.0,490.0,6.29,439.44,434.93,450.75,True,True,True,False,True,True,,56967.0,,,,0.93,1.55,0.86,True,3,True,,,,False,,tv_wilder_rsi14_sma5_v1,52.11,45.42,True,True,6.69
5261,5261.T,リソルホールディングス,2022-07,CONTINUE,8,65.91,72.55,True,True,6.64,2021-12,4240.0,4970.0,4970.0,17.22,4149.2,4126.2,,True,True,,,True,True,,5483.0,,,,1.05,0.73,0.93,True,1,True,,,,False,,tv_wilder_rsi14_sma5_v1,72.55,65.91,True,True,6.64
6379,6379.T,レイズネクスト,2022-07,CONTINUE,3,48.27,54.91,True,True,6.64,2022-05,1157.0,1222.0,1222.0,5.62,1095.4,1102.51,1150.14,True,True,True,False,True,False,,55000.0,,,,1.24,2.14,0.93,True,3,True,,,,False,,tv_wilder_rsi14_sma5_v1,54.91,48.27,True,True,6.64
8714,8714.T,池田泉州ホールディングス,2022-07,CONTINUE,8,51.48,58.12,True,True,6.64,2021-12,170.0,207.0,207.0,21.76,159.84,162.31,,True,True,,,True,False,,2089137.0,,,,0.54,1.68,1.04,False,1,True,,,,False,,tv_wilder_rsi14_sma5_v1,58.12,51.48,True,True,6.64
1882,1882.T,東亜道路工業,2022-07,CONTINUE,3,69.7,76.3,True,True,6.6,2022-05,535.0,595.0,595.0,11.21,506.82,500.19,487.21,True,True,True,True,True,True,,100600.0,,,,1.37,2.12,1.1,False,1,True,,,,False,,tv_wilder_rsi14_sma5_v1,76.3,69.7,True,True,6.6
2503,2503.T,キリンホールディングス,2022-07,CONTINUE,4,47.97,54.54,True,True,6.58,2022-04,1900.5,2185.5,2185.5,15.0,1812.88,1845.58,,True,True,,,False,False,,3222630.0,,,,1.26,1.73,1.18,False,1,True,,,,False,,tv_wilder_rsi14_sma5_v1,54.54,47.97,True,True,6.58
7839,7839.T,ＳＨＯＥＩ,2022-07,CONTINUE,4,66.89,73.46,True,True,6.57,2022-04,2412.5,2840.0,2840.0,17.72,2333.4,2212.77,,True,True,,,True,True,,181407.0,,,,1.43,3.04,1.1,False,1,True,,,,False,,tv_wilder_rsi14_sma5_v1,73.46,66.89,True,True,6.57
9928,9928.T,ミロク情報サービス,2022-07,NEW,1,37.0,43.53,True,True,6.53,2022-07,1500.0,1500.0,1500.0,0.0,1288.32,1242.71,1394.73,True,True,True,False,True,False,False,78367.0,,,,0.95,2.42,1.01,False,3,True,,,,False,,tv_wilder_rsi14_sma5_v1,43.53,37.0,True,True,6.53
6070,6070.T,キャリアリンク,2022-07,CONTINUE,3,55.22,61.72,True,True,6.5,2022-05,2058.0,2265.0,2265.0,10.06,1641.56,1492.64,1550.38,True,True,True,False,True,True,,193510.0,,,,1.33,5.39,0.99,True,3,True,,,,False,,tv_wilder_rsi14_sma5_v1,61.72,55.22,True,True,6.5
8233,8233.T,高島屋,2022-07,CONTINUE,7,56.9,63.38,True,True,6.49,2022-01,543.5,712.0,712.0,31.0,535.82,540.41,,True,True,,,True,False,,1810593.0,,,,0.77,2.04,1.08,False,1,True,,,,False,,tv_wilder_rsi14_sma5_v1,63.38,56.9,True,True,6.49
3087,3087.T,ドトール・日レスホールディングス,2022-07,CONTINUE,2,43.82,50.3,True,True,6.48,2022-06,1540.0,1661.0,1661.0,7.86,1522.96,1508.32,1581.42,True,True,False,False,True,False,False,95253.0,,,,1.25,1.25,1.08,False,4,True,,,,False,,tv_wilder_rsi14_sma5_v1,50.3,43.82,True,True,6.48
6370,6370.T,栗田工業,2022-07,CONTINUE,3,56.56,63.01,True,True,6.45,2022-05,4985.0,5380.0,5380.0,7.92,4637.2,4587.73,5060.8,True,True,False,False,True,False,,503577.0,,,,1.05,2.69,0.86,True,4,True,,,,False,,tv_wilder_rsi14_sma5_v1,63.01,56.56,True,True,6.45
8550,8550.T,栃木銀行,2022-07,CONTINUE,8,62.97,69.38,True,True,6.42,2021-12,231.0,298.0,298.0,29.0,187.24,182.85,,True,True,,,True,True,,383867.0,,,,2.76,2.75,1.41,False,1,True,,,,False,,tv_wilder_rsi14_sma5_v1,69.38,62.97,True,True,6.42
9682,9682.T,ＤＴＳ,2022-07,CONTINUE,6,65.38,71.79,True,True,6.42,2022-02,686.0,842.5,842.5,22.81,655.68,632.98,,True,True,,,True,True,,408053.0,,,,0.91,2.14,0.95,True,1,True,,,,False,,tv_wilder_rsi14_sma5_v1,71.79,65.38,True,True,6.42
5410,5410.T,合同製鐵,2022-07,CONTINUE,2,36.68,43.08,True,True,6.41,2022-06,1345.0,1460.0,1460.0,8.55,1337.16,1303.32,1380.47,True,True,False,False,True,True,False,41153.0,,,,0.71,2.29,0.97,True,4,False,,,,False,,tv_wilder_rsi14_sma5_v1,43.08,36.68,True,True,6.41
9042,9042.T,阪急阪神ホールディングス,2022-07,CONTINUE,6,51.85,58.25,True,True,6.4,2022-02,3435.0,3845.0,3845.0,11.94,3444.0,3413.67,,False,True,,,True,False,,560777.0,,,,1.01,2.1,0.9,True,1,True,,,,False,,tv_wilder_rsi14_sma5_v1,58.25,51.85,True,True,6.4
9503,9503.T,関西電力,2022-07,CONTINUE,8,58.79,65.19,True,True,6.4,2021-12,1074.0,1350.0,1350.0,25.7,1058.92,1072.79,,True,True,,,True,False,,2010740.0,,,,0.67,1.2,0.97,True,1,True,,,,False,,tv_wilder_rsi14_sma5_v1,65.19,58.79,True,True,6.4
2217,2217.T,モロゾフ,2022-07,CONTINUE,6,62.94,69.29,True,True,6.36,2022-02,926.0,1216.67,1216.67,31.39,918.11,924.7,,True,True,,,False,True,,35840.0,,,,0.65,1.89,0.84,True,1,False,,,,False,,tv_wilder_rsi14_sma5_v1,69.29,62.94,True,True,6.36
3360,3360.T,シップヘルスケアホールディングス,2022-07,CONTINUE,3,44.77,51.12,True,True,6.35,2022-05,2295.0,2536.0,2536.0,10.5,2197.72,2170.52,2527.45,True,True,False,False,True,False,,326887.0,,,,1.23,2.36,0.83,True,4,True,,,,False,,tv_wilder_rsi14_sma5_v1,51.12,44.77,True,True,6.35
6905,6905.T,コーセル,2022-07,CONTINUE,2,37.54,43.89,True,True,6.35,2022-06,818.0,867.0,867.0,5.99,811.44,790.27,855.35,True,True,False,False,True,True,False,96983.0,,,,1.2,3.26,1.07,False,4,True,,,,False,,tv_wilder_rsi14_sma5_v1,43.89,37.54,True,True,6.35
8253,8253.T,クレディセゾン,2022-07,CONTINUE,6,56.09,62.45,True,True,6.35,2022-02,1295.0,1694.0,1694.0,30.81,1315.36,1252.23,,False,True,,,True,False,,956257.0,,,,1.0,2.54,1.08,False,1,False,,,,False,,tv_wilder_rsi14_sma5_v1,62.45,56.09,True,True,6.35
9513,9513.T,電源開発,2022-07,CONTINUE,8,55.77,62.12,True,False,6.35,2021-12,1527.0,2242.0,2242.0,46.82,1507.8,1541.92,,True,False,,,True,False,,902797.0,,,,0.69,1.35,0.95,True,1,True,,,,False,,tv_wilder_rsi14_sma5_v1,62.12,55.77,False,True,6.35
8081,8081.T,カナデン,2022-07,CONTINUE,3,40.67,47.01,True,True,6.34,2022-05,1006.0,1068.0,1068.0,6.16,953.88,990.44,1018.63,True,True,False,False,False,False,,28463.0,,,,0.99,1.96,0.87,True,4,True,,,,False,,tv_wilder_rsi14_sma5_v1,47.01,40.67,True,True,6.34
3963,3963.T,シンクロ・フード,2022-07,CONTINUE,3,45.58,51.91,True,False,6.33,2022-05,289.0,385.0,385.0,33.22,279.32,280.04,334.07,True,True,False,False,False,False,,153433.0,,,,1.23,6.01,0.87,True,4,False,,,,False,,tv_wilder_rsi14_sma5_v1,51.91,45.58,False,True,6.33
4559,4559.T,ゼリア新薬工業,2022-07,CONTINUE,4,51.9,58.21,True,True,6.31,2022-04,1990.0,2187.0,2187.0,9.9,1937.76,1949.28,,True,True,,,False,False,,87350.0,,,,1.05,1.82,1.09,False,1,True,,,,False,,tv_wilder_rsi14_sma5_v1,58.21,51.9,True,True,6.31
5021,5021.T,コスモエネルギーホールディングス,2022-07,CONTINUE,6,67.53,73.82,True,True,6.29,2022-02,1298.0,2000.0,2000.0,54.08,1204.8,1170.91,,True,True,,,True,False,,939393.0,,,,1.24,3.13,1.38,False,1,True,,,,False,,tv_wilder_rsi14_sma5_v1,73.82,67.53,True,True,6.29
9831,9831.T,ヤマダホールディングス,2022-07,CONTINUE,4,44.97,51.26,True,False,6.29,2022-04,387.0,480.0,480.0,24.03,382.88,390.25,,True,False,,,False,False,,6855933.0,,,,0.83,1.13,1.01,False,1,True,,,,False,,tv_wilder_rsi14_sma5_v1,51.26,44.97,False,True,6.29
4684,4684.T,オービック,2022-07,CONTINUE,3,53.49,59.77,True,True,6.28,2022-05,3816.0,4232.0,4232.0,10.9,3792.4,3701.15,3999.72,True,True,False,False,True,True,,1030800.0,,,,1.06,2.52,0.86,True,4,True,,,,False,,tv_wilder_rsi14_sma5_v1,59.77,53.49,True,True,6.28
5947,5947.T,リンナイ,2022-07,CONTINUE,2,44.84,51.1,True,True,6.26,2022-06,3110.0,3360.0,3360.0,8.04,3006.13,2928.44,3409.78,True,True,False,False,True,False,False,1153150.0,,,,0.52,2.23,0.96,True,4,True,,,,False,,tv_wilder_rsi14_sma5_v1,51.1,44.84,True,True,6.26
7224,7224.T,新明和工業,2022-07,CONTINUE,6,49.95,56.19,True,False,6.24,2022-02,931.0,1061.0,1061.0,13.96,908.88,893.07,,True,True,,,True,False,,162313.0,,,,1.13,1.66,1.0,True,1,True,,,,False,,tv_wilder_rsi14_sma5_v1,56.19,49.95,False,True,6.24
4665,4665.T,ダスキン,2022-07,CONTINUE,2,53.16,59.35,True,True,6.19,2022-06,2892.0,3000.0,3000.0,3.73,2751.2,2748.97,2734.91,True,True,True,True,True,True,True,93520.0,,,,1.35,1.21,1.18,False,2,True,,,,False,,tv_wilder_rsi14_sma5_v1,59.35,53.16,True,True,6.19
3591,3591.T,ワコールホールディングス,2022-07,CONTINUE,3,41.4,47.55,True,True,6.16,2022-05,1990.0,2152.0,2152.0,8.14,1910.96,1908.33,2107.41,True,True,False,False,True,False,,153960.0,,,,1.4,2.53,0.95,True,4,True,,,,False,,tv_wilder_rsi14_sma5_v1,47.55,41.4,True,True,6.16
6005,6005.T,三浦工業,2022-07,NEW,1,34.98,41.14,True,True,6.16,2022-07,3190.0,3190.0,3190.0,0.0,3031.44,2836.68,3385.64,True,True,False,False,True,True,False,466477.0,,,,0.63,2.49,0.82,True,4,True,,,,False,,tv_wilder_rsi14_sma5_v1,41.14,34.98,True,True,6.16
5011,5011.T,ニチレキグループ,2022-07,CONTINUE,3,46.44,52.57,True,True,6.13,2022-05,1307.0,1393.0,1393.0,6.58,1226.4,1241.99,1296.26,True,True,True,False,True,False,,55543.0,,,,1.54,1.83,0.95,True,3,True,,,,False,,tv_wilder_rsi14_sma5_v1,52.57,46.44,True,True,6.13
8050,8050.T,セイコーグループ,2022-07,CONTINUE,3,60.3,66.43,True,True,6.13,2022-05,1300.0,1460.0,1460.0,12.31,1171.82,1132.35,1132.1,True,True,True,True,True,True,,305133.0,,,,1.72,3.76,0.95,True,1,True,,,,False,,tv_wilder_rsi14_sma5_v1,66.43,60.3,True,True,6.13
9621,9621.T,建設技術研究所,2022-07,CONTINUE,3,56.88,62.99,True,True,6.1,2022-05,1236.0,1359.0,1359.0,9.95,1180.56,1149.3,1216.79,True,True,True,False,True,False,,58360.0,,,,0.94,2.88,0.72,True,1,True,,,,False,,tv_wilder_rsi14_sma5_v1,62.99,56.88,True,True,6.1
7867,7867.T,タカラトミー,2022-07,CONTINUE,8,62.92,69.0,True,True,6.09,2021-12,1099.0,1470.0,1470.0,33.76,1078.84,1096.41,,True,True,,,True,True,,250347.0,,,,0.6,1.73,0.83,True,1,True,,,,False,,tv_wilder_rsi14_sma5_v1,69.0,62.92,True,True,6.09
4543,4543.T,テルモ,2022-07,CONTINUE,3,49.62,55.67,True,True,6.05,2022-05,2085.0,2265.5,2265.5,8.66,1984.6,1914.23,2212.89,True,True,False,False,True,False,,4351913.0,,,,1.41,2.15,0.87,True,4,True,,,,False,,tv_wilder_rsi14_sma5_v1,55.67,49.62,True,True,6.05
8032,8032.T,日本紙パルプ商事,2022-07,NEW,1,50.47,56.52,False,True,6.05,2022-07,417.0,417.0,417.0,0.0,397.38,379.66,389.67,True,True,True,False,True,False,True,145600.0,,,,0.61,1.52,0.92,True,2,True,,,,False,,tv_wilder_rsi14_sma5_v1,56.52,50.47,True,False,6.05
8584,8584.T,ジャックス,2022-07,CONTINUE,4,68.08,74.12,True,True,6.04,2022-04,3300.0,3795.0,3795.0,15.0,3166.6,3147.33,,True,True,,,True,True,,99207.0,,,,0.98,2.38,1.26,False,1,True,,,,False,,tv_wilder_rsi14_sma5_v1,74.12,68.08,True,True,6.04
1801,1801.T,大成建設,2022-07,CONTINUE,3,51.54,57.56,True,True,6.02,2022-05,3850.0,4240.0,4240.0,10.13,3679.8,3673.87,3624.47,True,True,True,True,True,True,,845417.0,,,,1.34,2.6,0.75,True,1,True,,,,False,,tv_wilder_rsi14_sma5_v1,57.56,51.54,True,True,6.02
3284,3284.T,フージャースホールディングス,2022-07,CONTINUE,3,56.0,62.03,True,True,6.02,2022-05,808.0,814.0,814.0,0.74,718.8,684.56,678.63,True,True,True,True,True,True,,118510.0,,,,0.84,2.93,0.83,True,1,True,,,,False,,tv_wilder_rsi14_sma5_v1,62.03,56.0,True,True,6.02
1377,1377.T,サカタのタネ,2022-07,CONTINUE,7,64.61,70.61,True,True,6.0,2022-01,3360.0,4830.0,4830.0,43.75,3305.8,3326.0,,True,True,,,True,False,,79343.0,,,,1.03,2.4,0.92,True,1,True,,,,False,,tv_wilder_rsi14_sma5_v1,70.61,64.61,True,True,6.0
3387,3387.T,クリエイト・レストランツ・ホールディン,2022-07,CONTINUE,5,55.14,61.13,True,True,5.99,2022-03,361.5,505.5,505.5,39.83,350.7,358.5,,True,True,,,False,False,,1748153.0,,,,0.69,2.05,0.87,True,1,False,,,,False,,tv_wilder_rsi14_sma5_v1,61.13,55.14,True,True,5.99
6339,6339.T,新東工業,2022-07,NEW,1,40.74,46.68,True,True,5.94,2022-07,729.0,729.0,729.0,0.0,699.16,685.21,699.55,True,True,True,False,True,True,False,72833.0,,,,1.03,1.43,0.82,True,3,True,,,,False,,tv_wilder_rsi14_sma5_v1,46.68,40.74,True,True,5.94
9715,9715.T,トランス・コスモス,2022-07,CONTINUE,3,57.9,63.84,True,True,5.94,2022-05,3475.0,3760.0,3760.0,8.2,3179.0,3165.05,3266.43,True,True,True,False,True,True,,93393.0,,,,2.06,2.51,1.0,True,1,True,,,,False,,tv_wilder_rsi14_sma5_v1,63.84,57.9,True,True,5.94
1950,1950.T,日本電設工業,2022-07,CONTINUE,6,43.05,48.98,True,True,5.93,2022-02,1592.0,1807.0,1807.0,13.51,1517.08,1594.25,,True,False,,,False,False,,63037.0,,,,0.87,2.5,0.97,True,1,True,,,,False,,tv_wilder_rsi14_sma5_v1,48.98,43.05,True,True,5.93
8111,8111.T,ゴールドウイン,2022-07,CONTINUE,4,54.97,60.88,True,True,5.91,2022-04,2183.33,2760.0,2760.0,26.41,2076.27,2041.02,,True,True,,,True,False,,252690.0,,,,1.01,2.17,0.99,True,1,True,,,,False,,tv_wilder_rsi14_sma5_v1,60.88,54.97,True,True,5.91
7611,7611.T,ハイデイ日高,2022-07,CONTINUE,8,56.67,62.56,True,True,5.89,2021-12,1732.0,2157.0,2157.0,24.54,1633.6,1659.85,,True,True,,,True,False,,84140.0,,,,1.75,1.69,1.2,False,1,True,,,,False,,tv_wilder_rsi14_sma5_v1,62.56,56.67,True,True,5.89
3774,3774.T,インターネットイニシアティブ,2022-07,CONTINUE,3,69.5,75.37,True,True,5.88,2022-05,2367.5,2685.0,2685.0,13.41,2137.3,1997.23,2049.14,True,True,True,False,True,True,,719620.0,,,,1.03,4.74,0.89,True,1,True,,,,False,,tv_wilder_rsi14_sma5_v1,75.37,69.5,True,True,5.88
2335,2335.T,キューブシステム,2022-07,NEW,1,48.18,54.03,True,True,5.85,2022-07,1065.0,1065.0,1065.0,0.0,990.16,934.8,948.07,True,True,True,False,True,True,False,37797.0,,,,0.68,1.8,0.93,True,1,True,,,,False,,tv_wilder_rsi14_sma5_v1,54.03,48.18,True,True,5.85
6073,6073.T,アサンテ,2022-07,CONTINUE,2,39.55,45.39,True,True,5.84,2022-06,1490.0,1578.0,1578.0,5.91,1508.44,1487.64,1621.14,False,True,False,False,True,False,False,21413.0,,,,1.71,1.71,1.35,False,4,True,,,,False,,tv_wilder_rsi14_sma5_v1,45.39,39.55,True,True,5.84
7595,7595.T,アルゴグラフィックス,2022-07,CONTINUE,3,52.36,58.18,True,True,5.82,2022-05,781.25,861.25,861.25,10.24,767.5,765.76,787.46,True,True,False,False,True,False,,154600.0,,,,1.19,2.49,0.96,True,4,True,,,,False,,tv_wilder_rsi14_sma5_v1,58.18,52.36,True,True,5.82
8185,8185.T,チヨダ,2022-07,CONTINUE,3,33.41,39.21,True,True,5.81,2022-05,722.0,806.0,806.0,11.63,700.64,715.75,758.04,True,True,False,False,False,False,,59813.0,,,,1.5,1.94,0.88,True,4,False,,,,False,,tv_wilder_rsi14_sma5_v1,39.21,33.41,True,True,5.81
1301,1301.T,極洋,2022-07,CONTINUE,8,65.69,71.49,True,True,5.8,2021-12,3080.0,3620.0,3620.0,17.53,3036.92,3043.93,,True,True,,,False,True,,11063.0,,,,0.72,1.25,0.91,True,1,True,,,,False,,tv_wilder_rsi14_sma5_v1,71.49,65.69,True,True,5.8
8101,8101.T,ＧＳＩクレオス,2022-07,CONTINUE,4,65.63,71.43,True,True,5.8,2022-04,1194.0,1463.0,1463.0,22.53,1164.16,1167.89,,True,True,,,True,True,,71197.0,,,,0.78,1.85,0.91,True,1,False,,,,False,,tv_wilder_rsi14_sma5_v1,71.43,65.63,True,True,5.8
6364,6364.T,ＡＩＲＭＡＮ,2022-07,NEW,1,37.31,43.08,True,True,5.77,2022-07,919.0,919.0,919.0,0.0,891.08,855.87,907.41,True,True,True,False,True,True,False,26537.0,,,,0.89,2.25,1.05,False,3,True,,,,False,,tv_wilder_rsi14_sma5_v1,43.08,37.31,True,True,5.77
6306,6306.T,日工,2022-07,CONTINUE,3,46.38,52.12,True,True,5.74,2022-05,617.0,649.0,649.0,5.19,611.6,615.09,636.38,True,True,False,False,False,False,,40183.0,,,,1.08,1.25,0.87,True,4,False,,,,False,,tv_wilder_rsi14_sma5_v1,52.12,46.38,True,True,5.74
5938,5938.T,ＬＩＸＩＬ,2022-07,CONTINUE,3,49.01,54.73,True,True,5.72,2022-05,2459.0,2738.0,2738.0,11.35,2419.52,2369.11,2776.6,True,True,False,False,True,False,,1534270.0,,,,1.39,2.94,0.81,True,4,True,,,,False,,tv_wilder_rsi14_sma5_v1,54.73,49.01,True,True,5.72
1518,1518.T,三井松島ホールディングス,2022-07,CONTINUE,5,74.87,80.58,True,True,5.71,2022-03,382.2,643.0,643.0,68.24,395.98,354.89,,False,True,,,True,True,,12184283.0,,,,0.58,7.51,0.87,True,1,True,,,,False,,tv_wilder_rsi14_sma5_v1,80.58,74.87,True,True,5.71
3106,3106.T,倉敷紡績,2022-07,CONTINUE,3,46.29,51.99,True,True,5.7,2022-05,1929.0,2037.0,2037.0,5.6,1832.24,1825.13,1896.13,True,True,True,False,True,False,,48213.0,,,,1.05,2.26,0.68,True,3,True,,,,False,,tv_wilder_rsi14_sma5_v1,51.99,46.29,True,True,5.7
9887,9887.T,松屋フーズホールディングス,2022-07,CONTINUE,6,55.29,60.99,True,True,5.7,2022-02,3680.0,4055.0,4055.0,10.19,3608.8,3582.73,,True,True,,,True,False,,14407.0,,,,1.44,0.96,0.93,True,1,True,,,,False,,tv_wilder_rsi14_sma5_v1,60.99,55.29,True,True,5.7
1946,1946.T,トーエネック,2022-07,CONTINUE,6,49.35,55.03,True,True,5.67,2022-02,712.0,747.0,747.0,4.92,650.72,648.57,,True,True,,,True,False,,33733.0,,,,1.58,2.2,1.0,False,1,True,,,,False,,tv_wilder_rsi14_sma5_v1,55.03,49.35,True,True,5.67
6820,6820.T,アイコム,2022-07,CONTINUE,6,49.23,54.9,True,True,5.67,2022-02,2383.0,2602.0,2602.0,9.19,2361.52,2369.29,,True,True,,,False,False,,11517.0,,,,2.08,1.84,0.96,True,1,True,,,,False,,tv_wilder_rsi14_sma5_v1,54.9,49.23,True,True,5.67
9302,9302.T,三井倉庫ホールディングス,2022-07,CONTINUE,3,64.65,70.32,True,True,5.67,2022-05,975.33,1031.67,1031.67,5.78,892.19,827.72,826.81,True,True,True,True,True,True,,299400.0,,,,1.07,2.44,0.77,True,1,True,,,,False,,tv_wilder_rsi14_sma5_v1,70.32,64.65,True,True,5.67
4928,4928.T,ノエビアホールディングス,2022-07,CONTINUE,3,52.89,58.51,True,True,5.62,2022-05,5510.0,5900.0,5900.0,7.08,5206.2,5103.27,5375.02,True,True,True,False,True,True,,43407.0,,,,1.61,2.05,0.95,True,3,True,,,,False,,tv_wilder_rsi14_sma5_v1,58.51,52.89,True,True,5.62
6457,6457.T,グローリー,2022-07,CONTINUE,2,40.74,46.34,True,True,5.59,2022-06,2048.0,2205.0,2205.0,7.67,2045.6,2046.07,2179.23,True,True,False,False,True,False,False,186493.0,,,,0.89,1.63,1.05,False,4,True,,,,False,,tv_wilder_rsi14_sma5_v1,46.34,40.74,True,True,5.59
1893,1893.T,五洋建設,2022-07,CONTINUE,4,48.28,53.86,True,False,5.58,2022-04,637.0,729.0,729.0,14.44,628.36,624.16,,True,True,,,True,False,,1271890.0,,,,0.68,2.02,0.95,True,1,True,,,,False,,tv_wilder_rsi14_sma5_v1,53.86,48.28,False,True,5.58
2791,2791.T,大黒天物産,2022-07,NEW,1,44.84,50.41,True,True,5.58,2022-07,5450.0,5450.0,5450.0,0.0,4729.4,4636.27,5185.02,True,True,True,False,True,False,False,78820.0,,,,1.19,4.55,0.94,True,3,True,,,,False,,tv_wilder_rsi14_sma5_v1,50.41,44.84,True,True,5.58
6200,6200.T,インソース,2022-07,CONTINUE,3,56.39,61.97,True,True,5.58,2022-05,1128.0,1399.0,1399.0,24.02,1060.46,1041.22,1103.62,True,True,True,False,False,True,,411373.0,,,,1.16,4.7,0.86,True,1,True,,,,False,,tv_wilder_rsi14_sma5_v1,61.97,56.39,True,True,5.58
6807,6807.T,日本航空電子工業,2022-07,CONTINUE,3,57.39,62.97,True,True,5.58,2022-05,1978.0,2262.0,2262.0,14.36,1927.92,1889.89,1826.31,True,True,True,True,False,True,,250063.0,,,,0.73,2.2,0.76,True,1,False,,,,False,,tv_wilder_rsi14_sma5_v1,62.97,57.39,True,True,5.58
7780,7780.T,メニコン,2022-07,CONTINUE,2,48.08,53.64,True,True,5.56,2022-06,3115.0,3340.0,3340.0,7.22,2885.32,2799.72,3319.36,True,True,False,False,True,True,False,326813.0,,,,0.85,3.63,1.17,False,4,True,,,,False,,tv_wilder_rsi14_sma5_v1,53.64,48.08,True,True,5.56
4544,4544.T,Ｈ．Ｕ．グループホールディングス,2022-07,CONTINUE,2,49.11,54.66,True,True,5.54,2022-06,2949.0,3185.0,3185.0,8.0,2733.24,2845.43,2889.75,True,True,True,False,False,False,False,288053.0,,,,1.01,1.7,1.03,False,3,True,,,,False,,tv_wilder_rsi14_sma5_v1,54.66,49.11,True,True,5.54
9502,9502.T,中部電力,2022-07,CONTINUE,6,51.16,56.7,True,True,5.54,2022-02,1153.0,1420.0,1420.0,23.16,1165.48,1180.13,,False,False,,,False,False,,2996300.0,,,,0.97,1.59,0.67,True,1,False,,,,False,,tv_wilder_rsi14_sma5_v1,56.7,51.16,True,True,5.54
9934,9934.T,因幡電機産業,2022-07,CONTINUE,3,52.36,57.9,True,True,5.54,2022-05,1302.0,1384.5,1384.5,6.34,1284.66,1286.53,1323.05,True,True,False,False,True,False,,135273.0,,,,1.4,1.97,0.78,True,4,True,,,,False,,tv_wilder_rsi14_sma5_v1,57.9,52.36,True,True,5.54
2060,2060.T,フィード・ワン,2022-07,CONTINUE,2,35.22,40.74,True,True,5.51,2022-06,682.0,706.0,706.0,3.52,665.04,663.61,702.58,True,True,False,False,True,False,False,47047.0,,,,1.12,1.99,1.24,False,4,True,,,,False,,tv_wilder_rsi14_sma5_v1,40.74,35.22,True,True,5.51
2874,2874.T,横浜冷凍,2022-07,CONTINUE,2,47.72,53.23,True,True,5.5,2022-06,880.0,907.0,907.0,3.07,853.24,859.72,862.0,True,True,True,False,False,False,False,112120.0,,,,1.04,1.27,1.1,False,3,True,,,,False,,tv_wilder_rsi14_sma5_v1,53.23,47.72,True,True,5.5
7994,7994.T,オカムラ,2022-07,CONTINUE,2,49.32,54.81,True,True,5.49,2022-06,1212.0,1322.0,1322.0,9.08,1126.68,1152.65,1288.68,True,True,False,False,False,False,False,207527.0,,,,1.4,2.06,1.01,False,4,True,,,,False,,tv_wilder_rsi14_sma5_v1,54.81,49.32,True,True,5.49
6617,6617.T,東光高岳,2022-07,CONTINUE,6,61.29,66.76,True,True,5.47,2022-02,1448.0,1927.0,1927.0,33.08,1418.92,1407.84,,True,True,,,False,False,,52283.0,,,,0.88,1.95,0.91,True,1,False,,,,False,,tv_wilder_rsi14_sma5_v1,66.76,61.29,True,True,5.47
7860,7860.T,エイベックス,2022-07,CONTINUE,2,49.8,55.27,True,True,5.47,2022-06,1348.0,1520.0,1520.0,12.76,1265.08,1325.4,1438.07,True,True,False,False,True,False,False,403467.0,,,,0.72,3.13,0.86,True,4,True,,,,False,,tv_wilder_rsi14_sma5_v1,55.27,49.8,True,True,5.47
8410,8410.T,セブン銀行,2022-07,CONTINUE,8,47.5,52.97,True,True,5.47,2021-12,238.0,264.0,264.0,10.92,235.04,241.95,,True,False,,,True,False,,3898680.0,,,,0.82,1.23,0.87,True,1,True,,,,False,,tv_wilder_rsi14_sma5_v1,52.97,47.5,True,True,5.47
8425,8425.T,みずほリース,2022-07,CONTINUE,2,49.77,55.24,True,True,5.47,2022-06,621.0,661.0,661.0,6.44,618.76,607.31,641.01,True,True,False,False,True,False,False,446200.0,,,,1.08,1.77,0.96,True,4,True,,,,False,,tv_wilder_rsi14_sma5_v1,55.24,49.77,True,True,5.47
7596,7596.T,魚力,2022-07,CONTINUE,6,72.96,78.42,True,True,5.46,2022-02,2095.0,2492.0,2492.0,18.95,2047.44,2025.73,,True,True,,,True,True,,4450.0,,,,1.03,1.1,1.09,False,1,True,,,,False,,tv_wilder_rsi14_sma5_v1,78.42,72.96,True,True,5.46
7616,7616.T,コロワイド,2022-07,CONTINUE,3,49.76,55.21,True,True,5.45,2022-05,1722.0,1947.0,1947.0,13.07,1707.4,1713.33,1710.38,True,True,True,False,True,True,,342140.0,,,,0.8,2.61,0.86,True,3,True,,,,False,,tv_wilder_rsi14_sma5_v1,55.21,49.76,True,True,5.45
7628,7628.T,オーハシテクニカ,2022-07,CONTINUE,2,43.01,48.44,True,True,5.44,2022-06,651.0,691.0,691.0,6.14,646.28,643.41,691.39,True,True,False,False,True,False,False,60213.0,,,,0.79,1.28,1.04,False,4,True,,,,False,,tv_wilder_rsi14_sma5_v1,48.44,43.01,True,True,5.44
8739,8739.T,スパークス・グループ,2022-07,CONTINUE,3,51.62,57.05,True,True,5.43,2022-05,1330.0,1505.0,1505.0,13.16,1265.2,1285.87,1387.4,True,True,False,False,False,False,,60536.0,,,,0.95,2.44,0.96,True,4,True,,,,False,,tv_wilder_rsi14_sma5_v1,57.05,51.62,True,True,5.43
5142,5142.T,アキレス,2022-07,CONTINUE,6,41.83,47.26,True,True,5.42,2022-02,1293.0,1400.0,1400.0,8.28,1256.52,1257.27,,True,True,,,True,False,,16020.0,,,,1.45,1.92,1.04,False,1,True,,,,False,,tv_wilder_rsi14_sma5_v1,47.26,41.83,True,True,5.42
7733,7733.T,オリンパス,2022-07,CONTINUE,3,61.41,66.77,True,True,5.36,2022-05,2690.5,2818.0,2818.0,4.74,2519.34,2355.92,2414.89,True,True,True,False,True,True,,5068587.0,,,,1.3,3.89,0.71,True,1,True,,,,False,,tv_wilder_rsi14_sma5_v1,66.77,61.41,True,True,5.36
4923,4923.T,コタ,2022-07,CONTINUE,2,61.29,66.63,True,True,5.34,2022-06,1189.3,1252.26,1252.26,5.29,1143.93,1130.9,1135.51,True,True,True,False,True,True,True,30390.0,,,,1.66,1.6,1.25,False,1,True,,,,False,,tv_wilder_rsi14_sma5_v1,66.63,61.29,True,True,5.34
2269,2269.T,明治ホールディングス,2022-07,CONTINUE,2,42.99,48.33,True,True,5.33,2022-06,3330.0,3475.0,3475.0,4.35,3205.4,3256.13,3422.55,True,True,False,False,False,False,False,1159300.0,,,,1.01,1.76,1.24,False,4,True,,,,False,,tv_wilder_rsi14_sma5_v1,48.33,42.99,True,True,5.33
5932,5932.T,三協立山,2022-07,NEW,1,34.91,40.24,True,True,5.33,2022-07,646.0,646.0,646.0,0.0,595.88,589.71,649.38,True,True,False,False,True,False,False,116953.0,,,,0.5,3.49,1.05,False,4,True,,,,False,,tv_wilder_rsi14_sma5_v1,40.24,34.91,True,True,5.33
1899,1899.T,福田組,2022-07,CONTINUE,6,49.03,54.34,True,True,5.3,2022-02,2155.0,2492.5,2492.5,15.66,2173.7,2145.0,,False,True,,,True,False,,17507.0,,,,0.91,2.3,1.17,False,1,False,,,,False,,tv_wilder_rsi14_sma5_v1,54.34,49.03,True,True,5.3
4528,4528.T,小野薬品工業,2022-07,CONTINUE,9,64.01,69.31,True,True,5.3,2021-11,2505.5,3738.0,3738.0,49.19,2456.14,2529.79,,True,False,,,True,,,1111600.0,,,,1.85,2.0,1.01,False,1,True,,,,False,,tv_wilder_rsi14_sma5_v1,69.31,64.01,True,True,5.3
8163,8163.T,ＳＲＳホールディングス,2022-07,CONTINUE,8,50.34,55.64,True,True,5.3,2021-12,783.0,890.0,890.0,13.67,763.56,778.15,,True,True,,,False,False,,124547.0,,,,1.83,1.4,1.1,False,1,True,,,,False,,tv_wilder_rsi14_sma5_v1,55.64,50.34,True,True,5.3
3660,3660.T,アイスタイル,2022-07,CONTINUE,3,38.04,43.32,True,True,5.29,2022-05,221.0,276.0,276.0,24.89,178.08,181.8,286.83,True,True,False,False,True,False,,909723.0,,,,1.19,5.79,1.07,False,4,True,,,,False,,tv_wilder_rsi14_sma5_v1,43.32,38.04,True,True,5.29
9438,9438.T,エムティーアイ,2022-07,CONTINUE,2,37.0,42.29,True,True,5.29,2022-06,491.0,533.0,533.0,8.55,455.4,455.52,562.34,True,True,False,False,True,False,False,93240.0,,,,1.41,4.06,1.18,False,4,True,,,,False,,tv_wilder_rsi14_sma5_v1,42.29,37.0,True,True,5.29
6619,6619.T,ダブル・スコープ,2022-07,CONTINUE,4,60.13,65.4,True,False,5.27,2022-04,958.0,1870.0,1870.0,95.2,872.24,875.03,,True,True,,,True,True,,3785590.0,,,,1.63,6.61,1.18,False,1,True,,,,False,,tv_wilder_rsi14_sma5_v1,65.4,60.13,False,True,5.27
3393,3393.T,スターティアホールディングス,2022-07,CONTINUE,3,44.2,49.45,True,True,5.25,2022-05,786.0,917.0,917.0,16.67,620.6,611.71,1085.3,True,True,False,False,True,False,,103737.0,,,,1.03,5.82,1.08,False,4,True,,,,False,,tv_wilder_rsi14_sma5_v1,49.45,44.2,True,True,5.25
2681,2681.T,ゲオホールディングス,2022-07,NEW,1,49.11,54.35,False,True,5.24,2022-07,1404.0,1404.0,1404.0,0.0,1312.68,1260.83,1259.04,True,True,True,True,True,True,True,78027.0,,,,1.08,2.1,0.99,True,2,True,,,,False,,tv_wilder_rsi14_sma5_v1,54.35,49.11,True,False,5.24
7231,7231.T,トピー工業,2022-07,CONTINUE,3,43.56,48.77,True,False,5.2,2022-05,1330.0,1321.0,1321.0,-0.68,1165.04,1096.53,1135.1,True,True,True,False,True,True,,67130.0,,,,0.78,2.92,0.59,True,1,True,,,,False,,tv_wilder_rsi14_sma5_v1,48.77,43.56,False,True,5.2
4206,4206.T,アイカ工業,2022-07,NEW,1,37.61,42.78,True,True,5.17,2022-07,3070.0,3070.0,3070.0,0.0,2949.72,2906.53,3152.09,True,True,False,False,True,False,False,149003.0,,,,0.83,1.6,0.98,True,4,True,,,,False,,tv_wilder_rsi14_sma5_v1,42.78,37.61,True,True,5.17
3201,3201.T,日本毛織,2022-07,CONTINUE,6,50.72,55.88,True,True,5.16,2022-02,905.0,1036.0,1036.0,14.48,894.72,900.79,,True,True,,,False,False,,114937.0,,,,0.73,1.62,1.09,False,1,False,,,,False,,tv_wilder_rsi14_sma5_v1,55.88,50.72,True,True,5.16
6674,6674.T,ジーエス・ユアサコーポレーション,2022-07,NEW,1,45.2,50.35,True,True,5.14,2022-07,2416.0,2416.0,2416.0,0.0,2240.36,2192.52,2334.15,True,True,True,False,True,False,False,335127.0,,,,1.44,2.01,1.05,False,3,True,,,,False,,tv_wilder_rsi14_sma5_v1,50.35,45.2,True,True,5.14
8793,8793.T,ＮＥＣキャピタルソリューション,2022-07,CONTINUE,2,50.93,56.05,False,True,5.12,2022-06,2039.0,2142.0,2142.0,5.05,1981.12,2018.59,2043.19,True,True,False,False,True,False,False,21443.0,,,,1.35,1.0,1.03,False,4,True,,,,False,,tv_wilder_rsi14_sma5_v1,56.05,50.93,True,False,5.12
7313,7313.T,テイ・エステック,2022-07,CONTINUE,2,45.69,50.78,True,True,5.09,2022-06,1407.0,1510.0,1510.0,7.32,1387.6,1359.67,1427.27,True,True,False,False,True,False,False,351670.0,,,,1.12,2.36,1.18,False,4,True,,,,False,,tv_wilder_rsi14_sma5_v1,50.78,45.69,True,True,5.09
7730,7730.T,マニー,2022-07,NEW,1,34.48,39.57,True,True,5.09,2022-07,1568.0,1568.0,1568.0,0.0,1481.68,1453.28,1596.19,True,True,False,False,True,True,False,372677.0,,,,0.82,3.46,0.79,True,4,True,,,,False,,tv_wilder_rsi14_sma5_v1,39.57,34.48,True,True,5.09
8227,8227.T,しまむら,2022-07,CONTINUE,2,58.12,63.2,True,True,5.08,2022-06,5955.0,6380.0,6380.0,7.14,5590.8,5611.73,5214.57,True,True,True,False,False,True,True,455680.0,,,,2.16,3.38,1.44,False,2,True,,,,False,,tv_wilder_rsi14_sma5_v1,63.2,58.12,True,True,5.08
9279,9279.T,ギフトホールディングス,2022-07,NEW,1,54.13,59.21,True,True,5.08,2022-07,1328.5,1328.5,1328.5,0.0,1169.5,1126.77,1229.51,True,True,True,False,True,True,False,154280.0,,,,1.36,2.73,1.02,False,3,True,,,,False,,tv_wilder_rsi14_sma5_v1,59.21,54.13,True,True,5.08
1898,1898.T,世紀東急工業,2022-07,CONTINUE,3,48.11,53.17,True,True,5.06,2022-05,805.0,828.0,828.0,2.86,766.36,774.09,809.11,True,True,False,False,True,False,,95080.0,,,,1.08,1.94,0.88,True,4,True,,,,False,,tv_wilder_rsi14_sma5_v1,53.17,48.11,True,True,5.06
4547,4547.T,キッセイ薬品工業,2022-07,CONTINUE,7,55.77,60.78,True,True,5.01,2022-01,2311.0,2813.0,2813.0,21.72,2273.96,2288.49,,True,True,,,True,False,,63240.0,,,,1.12,2.43,1.1,False,1,True,,,,False,,tv_wilder_rsi14_sma5_v1,60.78,55.77,True,True,5.01
4396,4396.T,システムサポートホールディングス,2022-07,CONTINUE,5,47.31,52.3,True,True,4.99,2022-03,558.0,651.0,651.0,16.67,528.54,531.5,,True,True,,,True,False,,65247.0,,,,0.96,2.41,0.96,True,1,True,,,,False,,tv_wilder_rsi14_sma5_v1,52.3,47.31,True,True,4.99
7607,7607.T,進和,2022-07,CONTINUE,3,50.04,55.01,True,True,4.97,2022-05,2175.0,2281.0,2281.0,4.87,2052.68,1986.91,2122.09,True,True,True,False,True,False,,16380.0,,,,1.35,1.91,0.86,True,3,True,,,,False,,tv_wilder_rsi14_sma5_v1,55.01,50.04,True,True,4.97
5195,5195.T,バンドー化学,2022-07,CONTINUE,3,56.22,61.13,True,True,4.91,2022-05,900.0,965.0,965.0,7.22,859.36,862.8,888.32,True,True,True,False,True,False,,56207.0,,,,1.29,3.04,0.78,True,3,True,,,,False,,tv_wilder_rsi14_sma5_v1,61.13,56.22,True,True,4.91
9889,9889.T,ＪＢＣＣホールディングス,2022-07,CONTINUE,3,51.65,56.55,True,True,4.89,2022-05,405.75,430.0,430.0,5.98,385.44,377.23,400.99,True,True,True,False,True,False,,132667.0,,,,1.27,1.96,0.81,True,1,True,,,,False,,tv_wilder_rsi14_sma5_v1,56.55,51.65,True,True,4.89
9031,9031.T,西日本鉄道,2022-07,CONTINUE,5,51.67,56.55,True,True,4.88,2022-03,2683.0,2928.0,2928.0,9.13,2619.36,2604.75,,True,True,,,True,False,,204253.0,,,,2.1,2.42,0.98,True,1,True,,,,False,,tv_wilder_rsi14_sma5_v1,56.55,51.67,True,True,4.88
5101,5101.T,横浜ゴム,2022-07,CONTINUE,2,48.04,52.91,True,True,4.87,2022-06,1837.0,1937.0,1937.0,5.44,1769.56,1700.32,1795.59,True,True,True,False,True,True,False,860777.0,,,,1.25,3.12,1.22,False,3,True,,,,False,,tv_wilder_rsi14_sma5_v1,52.91,48.04,True,True,4.87
7979,7979.T,松風,2022-07,CONTINUE,3,46.31,51.16,True,True,4.85,2022-05,829.5,901.0,901.0,8.62,761.08,807.49,942.78,True,True,False,False,False,False,,90433.0,,,,2.14,2.99,1.01,False,4,True,,,,False,,tv_wilder_rsi14_sma5_v1,51.16,46.31,True,True,4.85
6282,6282.T,オイレス工業,2022-07,NEW,1,45.21,50.05,True,True,4.84,2022-07,1599.0,1599.0,1599.0,0.0,1575.8,1538.69,1602.25,True,True,False,False,True,True,False,50463.0,,,,0.9,1.49,0.94,True,4,True,,,,False,,tv_wilder_rsi14_sma5_v1,50.05,45.21,True,True,4.84
6333,6333.T,ＴＥＩＫＯＫＵ,2022-07,CONTINUE,5,63.3,68.15,True,True,4.84,2022-03,1574.0,1828.0,1828.0,16.14,1440.12,1427.33,,True,True,,,True,True,,70557.0,,,,1.52,3.32,1.15,False,1,True,,,,False,,tv_wilder_rsi14_sma5_v1,68.15,63.3,True,True,4.84
3763,3763.T,プロシップ,2022-07,CONTINUE,3,54.24,59.07,True,True,4.83,2022-05,740.0,809.0,809.0,9.32,686.5,703.42,754.0,True,True,False,False,False,False,,67160.0,,,,1.39,2.35,0.89,True,4,True,,,,False,,tv_wilder_rsi14_sma5_v1,59.07,54.24,True,True,4.83
6947,6947.T,図研,2022-07,CONTINUE,2,50.87,55.69,True,True,4.82,2022-06,3055.0,3380.0,3380.0,10.64,2899.96,2915.41,3401.88,True,True,False,False,True,False,False,63817.0,,,,1.12,2.84,1.07,False,4,True,,,,False,,tv_wilder_rsi14_sma5_v1,55.69,50.87,True,True,4.82
5976,5976.T,高周波熱錬,2022-07,CONTINUE,3,50.87,55.66,True,True,4.79,2022-05,640.0,675.0,675.0,5.47,599.68,589.41,604.02,True,True,True,False,True,False,,163673.0,,,,1.43,2.86,1.15,False,1,True,,,,False,,tv_wilder_rsi14_sma5_v1,55.66,50.87,True,True,4.79
6954,6954.T,ファナック,2022-07,CONTINUE,3,46.6,51.39,True,True,4.79,2022-05,4221.0,4565.0,4565.0,8.15,4054.16,4175.45,4554.38,True,True,False,False,False,False,,4749083.0,,,,1.45,2.62,0.97,True,4,False,,,,False,,tv_wilder_rsi14_sma5_v1,51.39,46.6,True,True,4.79
1808,1808.T,長谷工コーポレーション,2022-07,CONTINUE,3,55.61,60.39,True,True,4.78,2022-05,1540.0,1616.0,1616.0,4.94,1468.2,1447.4,1463.78,True,True,True,False,True,True,,966960.0,,,,1.02,2.17,0.73,True,1,True,,,,False,,tv_wilder_rsi14_sma5_v1,60.39,55.61,True,True,4.78
9511,9511.T,沖縄電力,2022-07,CONTINUE,2,38.91,43.69,False,True,4.78,2022-06,1312.0,1350.0,1350.0,2.9,1230.32,1288.04,1377.53,True,True,False,False,True,False,False,220393.0,,,,1.12,1.5,1.14,False,4,True,,,,False,,tv_wilder_rsi14_sma5_v1,43.69,38.91,True,False,4.78
8359,8359.T,八十二長野銀行,2022-07,CONTINUE,8,57.46,62.22,True,False,4.77,2021-12,393.0,494.0,494.0,25.7,375.24,384.6,,True,True,,,True,True,,981583.0,,,,0.67,1.51,1.06,False,1,True,,,,False,,tv_wilder_rsi14_sma5_v1,62.22,57.46,False,True,4.77
2733,2733.T,あらた,2022-07,CONTINUE,3,43.22,47.98,True,True,4.76,2022-05,2007.5,2052.5,2052.5,2.24,1861.0,1866.43,2016.67,True,True,False,False,True,False,,99780.0,,,,1.14,2.12,0.87,True,4,True,,,,False,,tv_wilder_rsi14_sma5_v1,47.98,43.22,True,True,4.76
6750,6750.T,エレコム,2022-07,CONTINUE,6,42.05,46.81,True,True,4.76,2022-02,1573.0,1698.0,1698.0,7.95,1453.24,1470.4,,True,True,,,False,False,,435337.0,,,,0.92,2.92,1.0,False,1,True,,,,False,,tv_wilder_rsi14_sma5_v1,46.81,42.05,True,True,4.76
7943,7943.T,ニチハ,2022-07,CONTINUE,2,43.73,48.48,True,True,4.76,2022-06,2640.0,2737.0,2737.0,3.67,2500.92,2430.07,2777.57,True,True,False,False,True,False,False,61943.0,,,,1.59,2.67,1.15,False,4,True,,,,False,,tv_wilder_rsi14_sma5_v1,48.48,43.73,True,True,4.76
9006,9006.T,京浜急行電鉄,2022-07,CONTINUE,6,45.91,50.66,True,False,4.75,2022-02,1204.0,1475.0,1475.0,22.51,1214.04,1189.37,,False,True,,,True,False,,806433.0,,,,0.97,2.88,0.99,True,1,True,,,,False,,tv_wilder_rsi14_sma5_v1,50.66,45.91,False,True,4.75
6814,6814.T,古野電気,2022-07,CONTINUE,3,47.62,52.36,True,True,4.74,2022-05,1009.0,1100.0,1100.0,9.02,972.84,1009.87,1104.95,True,False,False,False,False,False,,73550.0,,,,0.92,1.63,0.93,True,4,True,,,,False,,tv_wilder_rsi14_sma5_v1,52.36,47.62,True,True,4.74
9744,9744.T,メイテックグループホールディングス,2022-07,NEW,1,62.68,67.42,True,True,4.74,2022-07,2501.0,2501.0,2501.0,0.0,2309.17,2269.55,2251.61,True,True,True,True,True,True,True,196647.0,,,,1.36,2.2,1.1,False,1,True,,,,False,,tv_wilder_rsi14_sma5_v1,67.42,62.68,True,True,4.74
4812,4812.T,電通総研,2022-07,CONTINUE,3,59.24,63.97,True,True,4.73,2022-05,1368.33,1483.33,1483.33,8.4,1314.87,1262.33,1296.26,True,True,True,False,True,True,,350690.0,,,,1.15,3.33,0.85,True,3,True,,,,False,,tv_wilder_rsi14_sma5_v1,63.97,59.24,True,True,4.73
8255,8255.T,アクシアル   リテイリング,2022-07,NEW,1,39.79,44.53,True,True,4.73,2022-07,852.5,852.5,852.5,0.0,825.7,793.91,823.54,True,True,True,False,True,True,False,95173.0,,,,0.87,1.82,0.91,True,3,True,,,,False,,tv_wilder_rsi14_sma5_v1,44.53,39.79,True,True,4.73
2153,2153.T,Ｅ・Ｊホールディングス,2022-07,CONTINUE,2,57.29,62.0,True,True,4.72,2022-06,1189.0,1310.0,1310.0,10.18,1152.8,1171.56,1208.3,True,True,False,False,False,False,False,42503.0,,,,0.84,1.91,1.18,False,4,True,,,,False,,tv_wilder_rsi14_sma5_v1,62.0,57.29,True,True,4.72
4613,4613.T,関西ペイント,2022-07,NEW,1,34.5,39.22,False,True,4.72,2022-07,1900.0,1900.0,1900.0,0.0,1860.24,1767.48,2180.86,True,True,False,False,True,False,False,1229503.0,,,,0.81,2.53,0.84,True,4,True,,,,False,,tv_wilder_rsi14_sma5_v1,39.22,34.5,True,False,4.72
5471,5471.T,大同特殊鋼,2022-07,NEW,1,41.43,46.14,True,True,4.72,2022-07,790.0,790.0,790.0,0.0,723.92,715.6,788.28,True,True,True,False,True,False,False,805117.0,,,,1.36,2.12,1.03,False,3,True,,,,False,,tv_wilder_rsi14_sma5_v1,46.14,41.43,True,True,4.72
6652,6652.T,ＩＤＥＣ,2022-07,CONTINUE,3,60.21,64.93,True,True,4.72,2022-05,2660.0,2952.0,2952.0,10.98,2432.44,2437.05,2441.64,True,True,True,False,True,False,,79940.0,,,,1.02,3.09,0.93,True,1,True,,,,False,,tv_wilder_rsi14_sma5_v1,64.93,60.21,True,True,4.72
8113,8113.T,ユニ・チャーム,2022-07,CONTINUE,3,52.4,57.1,True,True,4.7,2022-05,1474.0,1609.33,1609.33,9.18,1467.83,1442.24,1537.49,True,True,False,False,True,False,,4177310.0,,,,1.21,1.86,0.8,True,4,False,,,,False,,tv_wilder_rsi14_sma5_v1,57.1,52.4,True,True,4.7
8219,8219.T,青山商事,2022-07,CONTINUE,3,41.3,45.99,True,False,4.69,2022-05,292.0,292.0,292.0,0.0,248.32,230.68,238.61,True,True,True,False,True,True,,1517530.0,,,,1.74,4.58,1.04,False,1,True,,,,False,,tv_wilder_rsi14_sma5_v1,45.99,41.3,False,True,4.69
9008,9008.T,京王電鉄,2022-07,CONTINUE,2,38.85,43.53,True,True,4.68,2022-06,971.0,1016.0,1016.0,4.63,912.56,936.59,1022.14,True,True,False,False,True,False,False,2563033.0,,,,0.97,2.84,1.09,False,4,True,,,,False,,tv_wilder_rsi14_sma5_v1,43.53,38.85,True,True,4.68
6284,6284.T,日精エー  ･エス  ･ビー機械,2022-07,CONTINUE,3,43.51,48.18,True,True,4.67,2022-05,3200.0,3670.0,3670.0,14.69,2943.64,3005.05,3390.16,True,True,False,False,False,False,,52713.0,,,,2.2,2.99,1.01,False,4,True,,,,False,,tv_wilder_rsi14_sma5_v1,48.18,43.51,True,True,4.67
9025,9025.T,鴻池運輸,2022-07,CONTINUE,3,48.12,52.79,True,True,4.67,2022-05,1168.0,1288.0,1288.0,10.27,1132.08,1149.35,1203.58,True,True,False,False,True,False,,55743.0,,,,1.66,2.55,0.9,True,4,True,,,,False,,tv_wilder_rsi14_sma5_v1,52.79,48.12,True,True,4.67
3193,3193.T,エターナルホスピタリティグループ,2022-07,CONTINUE,3,54.63,59.28,True,False,4.65,2022-05,1898.0,2300.0,2300.0,21.18,1795.2,1801.93,1827.54,True,True,True,False,False,True,,47393.0,,,,1.13,2.01,1.05,False,1,True,,,,False,,tv_wilder_rsi14_sma5_v1,59.28,54.63,False,True,4.65
2914,2914.T,日本たばこ産業,2022-07,CONTINUE,4,51.7,56.34,True,True,4.64,2022-04,2223.5,2387.5,2387.5,7.38,2153.58,2206.39,,True,True,,,True,False,,6046930.0,,,,1.1,1.2,0.89,True,1,True,,,,False,,tv_wilder_rsi14_sma5_v1,56.34,51.7,True,True,4.64
3153,3153.T,八洲電機,2022-07,CONTINUE,3,53.56,58.19,True,True,4.64,2022-05,990.0,1028.0,1028.0,3.84,957.96,949.45,961.09,True,True,True,False,True,True,,16757.0,,,,1.48,1.74,1.08,False,1,True,,,,False,,tv_wilder_rsi14_sma5_v1,58.19,53.56,True,True,4.64
4022,4022.T,ラサ工業,2022-07,CONTINUE,3,48.9,53.52,True,True,4.62,2022-05,385.0,380.2,380.2,-1.25,333.76,318.34,342.66,True,True,True,False,True,True,,494817.0,,,,0.81,3.29,0.77,True,1,True,,,,False,,tv_wilder_rsi14_sma5_v1,53.52,48.9,True,True,4.62
1945,1945.T,東京エネシス,2022-07,CONTINUE,2,51.51,56.12,True,True,4.61,2022-06,968.0,1036.0,1036.0,7.02,951.88,967.39,1016.59,True,True,False,False,True,False,False,63207.0,,,,1.31,4.17,0.95,True,4,False,,,,False,,tv_wilder_rsi14_sma5_v1,56.12,51.51,True,True,4.61
5933,5933.T,アルインコ,2022-07,NEW,1,40.44,45.05,True,True,4.61,2022-07,902.0,902.0,902.0,0.0,875.16,859.05,909.37,True,True,False,False,True,True,False,48767.0,,,,0.89,1.43,1.11,False,4,True,,,,False,,tv_wilder_rsi14_sma5_v1,45.05,40.44,True,True,4.61
4480,4480.T,メドレー,2022-07,CONTINUE,5,51.13,55.73,True,True,4.6,2022-03,2584.0,3285.0,3285.0,27.13,2150.08,2165.67,,True,True,,,True,False,,659810.0,,,,0.77,6.2,1.02,False,1,True,,,,False,,tv_wilder_rsi14_sma5_v1,55.73,51.13,True,True,4.6
6036,6036.T,ＫｅｅＰｅｒ技研,2022-07,CONTINUE,5,63.1,67.69,True,True,4.6,2022-03,2490.0,3550.0,3550.0,42.57,2098.76,2086.03,,True,True,,,True,False,,217450.0,,,,0.98,4.33,1.07,False,1,True,,,,False,,tv_wilder_rsi14_sma5_v1,67.69,63.1,True,True,4.6
5901,5901.T,東洋製罐グループホールディングス,2022-07,NEW,1,49.66,54.23,True,True,4.58,2022-07,1526.0,1526.0,1526.0,0.0,1451.88,1401.79,1415.03,True,True,True,False,True,True,True,591777.0,,,,0.81,1.53,0.92,True,2,True,,,,False,,tv_wilder_rsi14_sma5_v1,54.23,49.66,True,True,4.58
6412,6412.T,平和,2022-07,CONTINUE,4,51.88,56.46,True,True,4.58,2022-04,1953.0,2075.0,2075.0,6.25,1876.04,1886.87,,True,True,,,False,False,,204080.0,,,,0.98,1.33,1.01,False,1,True,,,,False,,tv_wilder_rsi14_sma5_v1,56.46,51.88,True,True,4.58
9861,9861.T,吉野家ホールディングス,2022-07,CONTINUE,3,59.79,64.37,True,True,4.58,2022-05,2386.0,2577.0,2577.0,8.01,2383.88,2374.91,2289.86,True,True,True,True,True,True,,477683.0,,,,0.54,1.77,1.01,False,1,True,,,,False,,tv_wilder_rsi14_sma5_v1,64.37,59.79,True,True,4.58
6741,6741.T,日本信号,2022-07,CONTINUE,5,47.01,51.58,True,False,4.57,2022-03,882.0,982.0,982.0,11.34,872.0,890.99,,True,False,,,False,False,,96463.0,,,,1.16,2.01,0.93,True,1,True,,,,False,,tv_wilder_rsi14_sma5_v1,51.58,47.01,False,True,4.57
2678,2678.T,アスクル,2022-07,CONTINUE,2,48.58,53.13,True,True,4.55,2022-06,1618.0,1753.0,1753.0,8.34,1485.44,1544.67,1556.9,True,True,True,False,False,False,False,343573.0,,,,1.8,2.58,1.15,False,3,True,,,,False,,tv_wilder_rsi14_sma5_v1,53.13,48.58,True,True,4.55
7148,7148.T,ＦＰＧ,2022-07,CONTINUE,8,58.39,62.92,True,True,4.54,2021-12,684.0,1034.0,1034.0,51.17,595.72,645.91,,True,True,,,False,False,,568970.0,,,,1.21,3.29,1.35,False,1,True,,,,False,,tv_wilder_rsi14_sma5_v1,62.92,58.39,True,True,4.54
8012,8012.T,長瀬産業,2022-07,CONTINUE,2,58.6,63.12,True,True,4.52,2022-06,466.0,498.25,498.25,6.92,461.24,458.96,460.9,True,True,True,False,True,True,True,958627.0,,,,1.09,2.08,1.03,False,1,False,,,,False,,tv_wilder_rsi14_sma5_v1,63.12,58.6,True,True,4.52
9044,9044.T,ＮＡＮＫＡＩ,2022-07,CONTINUE,7,51.76,56.28,True,False,4.52,2022-01,2269.0,2621.0,2621.0,15.51,2202.08,2198.19,,True,True,,,True,False,,195930.0,,,,1.03,1.99,1.07,False,1,True,,,,False,,tv_wilder_rsi14_sma5_v1,56.28,51.76,False,True,4.52
3636,3636.T,三菱総合研究所,2022-07,CONTINUE,5,52.21,56.72,True,True,4.51,2022-03,4000.0,4390.0,4390.0,9.75,3871.6,3867.07,,True,True,,,True,True,,51647.0,,,,0.67,1.74,0.85,True,1,True,,,,False,,tv_wilder_rsi14_sma5_v1,56.72,52.21,True,True,4.51
9517,9517.T,イーレックス,2022-07,CONTINUE,4,52.93,57.44,True,True,4.51,2022-04,1988.0,2402.0,2402.0,20.82,1894.88,1757.72,,True,True,,,True,False,,1282253.0,,,,0.78,5.48,0.93,True,1,True,,,,False,,tv_wilder_rsi14_sma5_v1,57.44,52.93,True,True,4.51
2413,2413.T,エムスリー,2022-07,NEW,1,40.07,44.57,True,True,4.5,2022-07,4615.0,4615.0,4615.0,0.0,4009.2,3975.84,4863.76,True,True,False,False,True,False,False,3517177.0,,,,1.69,3.59,0.98,True,4,True,,,,False,,tv_wilder_rsi14_sma5_v1,44.57,40.07,True,True,4.5
9989,9989.T,サンドラッグ,2022-07,CONTINUE,2,39.6,44.09,True,True,4.49,2022-06,3030.0,3120.0,3120.0,2.97,2865.68,2923.31,3104.07,True,True,False,False,True,False,False,435760.0,,,,1.15,2.39,1.22,False,4,True,,,,False,,tv_wilder_rsi14_sma5_v1,44.09,39.6,True,True,4.49
2915,2915.T,ケンコーマヨネーズ,2022-07,CONTINUE,2,38.68,43.15,True,True,4.48,2022-06,1447.0,1498.0,1498.0,3.52,1405.12,1399.6,1424.08,True,True,True,False,True,True,False,24687.0,,,,1.11,2.0,1.01,False,3,True,,,,False,,tv_wilder_rsi14_sma5_v1,43.15,38.68,True,True,4.48
6099,6099.T,エラン,2022-07,CONTINUE,3,48.6,53.09,True,True,4.48,2022-05,1060.0,1173.0,1173.0,10.66,1007.4,1010.93,1120.24,True,True,False,False,False,True,,119863.0,,,,1.61,4.04,0.97,True,4,True,,,,False,,tv_wilder_rsi14_sma5_v1,53.09,48.6,True,True,4.48
6745,6745.T,ホーチキ,2022-07,CONTINUE,3,48.95,53.43,True,True,4.48,2022-05,406.67,442.33,442.33,8.77,406.6,405.83,407.65,True,True,False,False,True,True,,76700.0,,,,1.58,2.85,0.87,True,1,True,,,,False,,tv_wilder_rsi14_sma5_v1,53.43,48.95,True,True,4.48
8593,8593.T,三菱ＨＣキャピタル,2022-07,CONTINUE,4,54.42,58.9,True,True,4.48,2022-04,585.0,643.0,643.0,9.91,578.48,586.57,,True,False,,,True,True,,3545990.0,,,,0.71,1.48,0.97,True,1,False,,,,False,,tv_wilder_rsi14_sma5_v1,58.9,54.42,True,True,4.48
1964,1964.T,中外炉工業,2022-07,CONTINUE,3,45.57,50.03,True,True,4.46,2022-05,1686.0,1730.0,1730.0,2.61,1561.52,1564.97,1655.98,True,True,True,False,True,False,,35480.0,,,,0.94,3.06,1.04,False,3,True,,,,False,,tv_wilder_rsi14_sma5_v1,50.03,45.57,True,True,4.46
3402,3402.T,東レ,2022-07,CONTINUE,3,50.07,54.53,True,False,4.46,2022-05,666.3,732.6,732.6,9.95,638.58,635.55,685.66,True,True,False,False,True,False,,5534640.0,,,,1.28,2.19,0.96,True,4,True,,,,False,,tv_wilder_rsi14_sma5_v1,54.53,50.07,False,True,4.46
4554,4554.T,富士製薬工業,2022-07,NEW,1,35.87,40.33,True,True,4.46,2022-07,1000.0,1000.0,1000.0,0.0,982.84,954.24,1006.89,True,True,False,False,True,True,False,33690.0,,,,0.83,1.45,0.95,True,4,True,,,,False,,tv_wilder_rsi14_sma5_v1,40.33,35.87,True,True,4.46
9081,9081.T,神奈川中央交通,2022-07,CONTINUE,3,46.24,50.7,True,True,4.46,2022-05,3485.0,3610.0,3610.0,3.59,3351.0,3432.53,3423.7,True,True,True,False,False,True,,4980.0,,,,1.78,2.08,1.1,False,1,True,,,,False,,tv_wilder_rsi14_sma5_v1,50.7,46.24,True,True,4.46
4912,4912.T,ライオン,2022-07,CONTINUE,3,35.51,39.96,True,True,4.45,2022-05,1439.0,1532.0,1532.0,6.46,1365.08,1395.11,1609.35,True,True,False,False,True,False,,2616087.0,,,,2.25,2.78,0.93,True,4,True,,,,False,,tv_wilder_rsi14_sma5_v1,39.96,35.51,True,True,4.45
8309,8309.T,三井住友トラストグループ,2022-07,CONTINUE,2,57.91,62.36,True,True,4.45,2022-06,2090.0,2181.0,2181.0,4.35,2047.6,2011.35,1978.88,True,True,True,True,True,True,True,2851807.0,,,,1.08,2.06,1.16,False,2,True,,,,False,,tv_wilder_rsi14_sma5_v1,62.36,57.91,True,True,4.45
4809,4809.T,パラカ,2022-07,CONTINUE,7,54.09,58.52,True,True,4.43,2022-01,1591.0,1900.0,1900.0,19.42,1578.44,1586.77,,True,True,,,True,False,,9623.0,,,,1.12,1.68,1.07,False,1,False,,,,False,,tv_wilder_rsi14_sma5_v1,58.52,54.09,True,True,4.43
4801,4801.T,セントラルスポーツ,2022-07,CONTINUE,3,47.62,52.03,True,True,4.42,2022-05,2427.0,2569.0,2569.0,5.85,2376.48,2389.4,2425.19,True,True,True,False,False,False,,13550.0,,,,1.0,1.77,1.04,False,1,True,,,,False,,tv_wilder_rsi14_sma5_v1,52.03,47.62,True,True,4.42
8892,8892.T,エスコン,2022-07,NEW,1,51.34,55.76,True,True,4.42,2022-07,842.0,842.0,842.0,0.0,772.68,773.09,781.46,True,True,True,False,True,False,False,212603.0,,,,1.98,2.2,1.29,False,1,True,,,,False,,tv_wilder_rsi14_sma5_v1,55.76,51.34,True,True,4.42
7187,7187.T,ジェイリース,2022-07,CONTINUE,2,63.49,67.89,True,True,4.4,2022-06,995.5,1056.0,1056.0,6.08,925.66,856.11,930.96,True,True,True,False,True,True,True,746060.0,,,,1.11,4.87,1.15,False,1,True,,,,False,,tv_wilder_rsi14_sma5_v1,67.89,63.49,True,True,4.4
6222,6222.T,島精機製作所,2022-07,CONTINUE,5,47.49,51.88,True,True,4.39,2022-03,1870.0,2221.0,2221.0,18.77,1773.6,1872.37,,True,False,,,False,False,,90310.0,,,,0.88,2.62,0.94,True,1,True,,,,False,,tv_wilder_rsi14_sma5_v1,51.88,47.49,True,True,4.39
8771,8771.T,イー・ギャランティ,2022-07,CONTINUE,4,53.07,57.46,True,True,4.39,2022-04,2166.0,2326.0,2326.0,7.39,2095.16,1994.13,,True,True,,,True,False,,152790.0,,,,0.84,2.5,0.88,True,1,True,,,,False,,tv_wilder_rsi14_sma5_v1,57.46,53.07,True,True,4.39
2501,2501.T,サッポロホールディングス,2022-07,CONTINUE,6,62.74,67.11,True,False,4.37,2022-02,455.4,594.6,594.6,30.57,455.98,453.64,,False,True,,,True,False,,1271650.0,,,,0.97,2.37,1.25,False,1,False,,,,False,,tv_wilder_rsi14_sma5_v1,67.11,62.74,False,True,4.37
8007,8007.T,高島,2022-07,CONTINUE,3,67.62,71.99,True,True,4.37,2022-05,310.0,329.5,329.5,6.29,297.95,292.99,269.55,True,True,True,True,True,True,,125173.0,,,,0.66,1.67,0.73,True,1,True,,,,False,,tv_wilder_rsi14_sma5_v1,71.99,67.62,True,True,4.37
7261,7261.T,マツダ,2022-07,CONTINUE,5,56.16,60.52,True,True,4.36,2022-03,909.0,1116.0,1116.0,22.77,838.52,890.07,,True,True,,,False,False,,6323193.0,,,,0.85,3.15,0.82,True,1,True,,,,False,,tv_wilder_rsi14_sma5_v1,60.52,56.16,True,True,4.36
9143,9143.T,ＳＧホールディングス,2022-07,NEW,1,49.75,54.11,True,True,4.36,2022-07,2528.0,2528.0,2528.0,0.0,2437.76,2308.15,2462.09,True,True,True,False,True,True,False,944440.0,,,,0.75,2.09,0.85,True,3,True,,,,False,,tv_wilder_rsi14_sma5_v1,54.11,49.75,True,True,4.36
3837,3837.T,アドソル日進,2022-07,NEW,1,38.79,43.14,True,True,4.35,2022-07,868.0,868.0,868.0,0.0,803.52,781.07,852.3,True,True,True,False,True,False,False,41813.0,,,,0.89,1.68,0.9,True,3,True,,,,False,,tv_wilder_rsi14_sma5_v1,43.14,38.79,True,True,4.35
9045,9045.T,京阪ホールディングス,2022-07,CONTINUE,6,42.07,46.42,True,False,4.34,2022-02,3060.0,3310.0,3310.0,8.17,2859.12,2760.08,,True,True,,,True,False,,463437.0,,,,1.06,3.3,1.0,True,1,True,,,,False,,tv_wilder_rsi14_sma5_v1,46.42,42.07,False,True,4.34
2897,2897.T,日清食品ホールディングス,2022-07,CONTINUE,2,54.35,58.68,True,True,4.33,2022-06,3123.33,3213.33,3213.33,2.88,2891.6,2911.87,2898.93,True,True,True,False,False,False,True,1064420.0,,,,1.16,1.95,1.19,False,1,True,,,,False,,tv_wilder_rsi14_sma5_v1,58.68,54.35,True,True,4.33
4565,4565.T,ネクセラファーマ,2022-07,NEW,1,41.76,46.09,True,True,4.32,2022-07,1430.0,1430.0,1430.0,0.0,1229.52,1203.87,1511.48,True,True,False,False,True,False,False,873063.0,,,,1.84,3.79,1.06,False,4,True,,,,False,,tv_wilder_rsi14_sma5_v1,46.09,41.76,True,True,4.32
5801,5801.T,古河電気工業,2022-07,CONTINUE,2,39.35,43.67,True,True,4.32,2022-06,222.8,231.8,231.8,4.04,222.89,217.71,230.13,False,True,False,False,True,False,False,4006100.0,,,,0.9,2.4,1.11,False,4,False,,,,False,,tv_wilder_rsi14_sma5_v1,43.67,39.35,True,True,4.32
2288,2288.T,丸大食品,2022-07,CONTINUE,2,38.99,43.3,True,True,4.31,2022-06,1535.0,1571.0,1571.0,2.35,1503.0,1498.48,1564.65,True,True,False,False,True,False,False,25347.0,,,,1.11,1.25,1.13,False,4,True,,,,False,,tv_wilder_rsi14_sma5_v1,43.3,38.99,True,True,4.31
8387,8387.T,四国銀行,2022-07,CONTINUE,4,49.97,54.28,True,True,4.31,2022-04,779.0,846.0,846.0,8.6,745.64,779.53,,True,False,,,False,False,,160717.0,,,,1.03,1.86,1.15,False,1,True,,,,False,,tv_wilder_rsi14_sma5_v1,54.28,49.97,True,True,4.31
3349,3349.T,コスモス薬品,2022-07,NEW,1,43.22,47.51,False,True,4.29,2022-07,7155.0,7155.0,7155.0,0.0,6808.2,6231.0,7504.43,True,True,False,False,True,False,False,434033.0,,,,0.62,3.15,0.86,True,4,True,,,,False,,tv_wilder_rsi14_sma5_v1,47.51,43.22,True,False,4.29
4151,4151.T,協和キリン,2022-07,CONTINUE,2,48.42,52.71,True,True,4.29,2022-06,3050.0,3130.0,3130.0,2.62,2886.76,2835.73,3171.97,True,True,False,False,True,True,False,1051083.0,,,,1.03,2.44,0.99,True,4,True,,,,False,,tv_wilder_rsi14_sma5_v1,52.71,48.42,True,True,4.29
8097,8097.T,三愛オブリ,2022-07,CONTINUE,3,43.8,48.09,True,True,4.29,2022-05,959.0,1068.0,1068.0,11.37,953.24,947.61,1183.68,True,True,False,False,False,False,,169897.0,,,,1.29,2.23,0.89,True,4,True,,,,False,,tv_wilder_rsi14_sma5_v1,48.09,43.8,True,True,4.29
2127,2127.T,日本Ｍ＆Ａセンターホールディングス,2022-07,NEW,1,37.02,41.3,True,True,4.28,2022-07,1765.0,1765.0,1765.0,0.0,1588.48,1497.11,2154.74,True,True,False,False,True,False,False,2656097.0,,,,0.88,3.69,0.82,True,4,True,,,,False,,tv_wilder_rsi14_sma5_v1,41.3,37.02,True,True,4.28
6455,6455.T,モリタホールディングス,2022-07,CONTINUE,4,35.85,40.1,True,True,4.25,2022-04,1247.0,1347.0,1347.0,8.02,1235.36,1244.39,,True,True,,,True,False,,47110.0,,,,1.38,2.18,1.12,False,1,True,,,,False,,tv_wilder_rsi14_sma5_v1,40.1,35.85,True,True,4.25
8098,8098.T,稲畑産業,2022-07,NEW,1,66.16,70.4,False,True,4.24,2022-07,2409.0,2409.0,2409.0,0.0,2292.16,2215.44,1985.4,True,True,True,True,True,True,True,170130.0,,,,1.11,1.61,0.98,True,2,True,,,,False,,tv_wilder_rsi14_sma5_v1,70.4,66.16,True,False,4.24
9948,9948.T,アークス,2022-07,NEW,1,42.61,46.86,True,True,4.24,2022-07,2119.0,2119.0,2119.0,0.0,2080.96,2028.99,2114.01,True,True,True,False,True,False,False,87250.0,,,,0.72,1.53,0.87,True,3,True,,,,False,,tv_wilder_rsi14_sma5_v1,46.86,42.61,True,True,4.24
6272,6272.T,レオン自動機,2022-07,CONTINUE,4,46.79,51.02,True,True,4.23,2022-04,1102.0,1297.0,1297.0,17.7,1037.6,1020.56,,True,True,,,True,False,,55260.0,,,,1.04,2.83,1.08,False,1,True,,,,False,,tv_wilder_rsi14_sma5_v1,51.02,46.79,True,True,4.23
7270,7270.T,ＳＵＢＡＲＵ,2022-07,CONTINUE,3,48.49,52.73,True,False,4.23,2022-05,2227.5,2317.0,2317.0,4.02,2050.78,1936.96,2061.01,True,True,True,False,True,False,,3660560.0,,,,0.95,3.04,0.88,True,1,True,,,,False,,tv_wilder_rsi14_sma5_v1,52.73,48.49,False,True,4.23
7888,7888.T,三光合成,2022-07,NEW,1,46.22,50.45,True,True,4.23,2022-07,379.0,379.0,379.0,0.0,358.0,346.83,365.42,True,True,True,False,True,True,False,235970.0,,,,1.0,4.26,1.16,False,3,True,,,,False,,tv_wilder_rsi14_sma5_v1,50.45,46.22,True,True,4.23
6754,6754.T,アンリツ,2022-07,NEW,1,38.8,43.0,True,True,4.21,2022-07,1622.0,1622.0,1622.0,0.0,1519.56,1515.83,1661.14,True,True,False,False,True,False,False,1109207.0,,,,1.49,2.17,1.06,False,4,True,,,,False,,tv_wilder_rsi14_sma5_v1,43.0,38.8,True,True,4.21
7947,7947.T,エフピコ,2022-07,CONTINUE,2,33.42,37.6,True,True,4.18,2022-06,2838.0,2994.0,2994.0,5.5,2702.92,2798.87,3440.0,True,True,False,False,False,False,False,154100.0,,,,1.36,2.39,1.16,False,4,True,,,,False,,tv_wilder_rsi14_sma5_v1,37.6,33.42,True,True,4.18
8585,8585.T,オリエントコーポレーション,2022-07,CONTINUE,2,46.19,50.38,True,True,4.18,2022-06,1280.0,1350.0,1350.0,5.47,1258.8,1252.0,1334.15,True,True,False,False,True,True,False,347940.0,,,,0.82,1.9,1.14,False,4,True,,,,False,,tv_wilder_rsi14_sma5_v1,50.38,46.19,True,True,4.18
5440,5440.T,共英製鋼,2022-07,CONTINUE,2,46.01,50.17,False,True,4.16,2022-06,1382.0,1473.0,1473.0,6.58,1344.8,1330.99,1399.08,True,True,False,False,True,False,False,78530.0,,,,1.37,2.33,0.97,True,1,False,,,,False,,tv_wilder_rsi14_sma5_v1,50.17,46.01,True,False,4.16
6135,6135.T,牧野フライス製作所,2022-07,CONTINUE,5,51.59,55.72,True,True,4.13,2022-03,3875.0,4500.0,4500.0,16.13,3745.0,3845.8,,True,True,,,True,True,,134397.0,,,,0.64,2.31,0.83,True,1,True,,,,False,,tv_wilder_rsi14_sma5_v1,55.72,51.59,True,True,4.13
7832,7832.T,バンダイナムコホールディングス,2022-07,CONTINUE,3,63.73,67.86,True,True,4.13,2022-05,3208.33,3453.33,3453.33,7.64,2992.01,2949.09,2880.05,True,True,True,True,False,True,,1937850.0,,,,1.19,2.63,0.8,True,1,True,,,,False,,tv_wilder_rsi14_sma5_v1,67.86,63.73,True,True,4.13
5105,5105.T,ＴＯＹＯＴＩＲＥ,2022-07,CONTINUE,3,47.53,51.65,True,True,4.12,2022-05,1724.0,1776.0,1776.0,3.02,1607.32,1539.35,1749.51,True,True,False,False,True,False,,761987.0,,,,0.87,4.26,0.69,True,4,True,,,,False,,tv_wilder_rsi14_sma5_v1,51.65,47.53,True,True,4.12
7296,7296.T,エフ  ･シー  ･シー,2022-07,CONTINUE,2,35.08,39.21,True,True,4.12,2022-06,1348.0,1413.0,1413.0,4.82,1363.56,1328.68,1445.53,False,True,False,False,True,False,False,128213.0,,,,0.86,1.92,1.06,False,4,False,,,,False,,tv_wilder_rsi14_sma5_v1,39.21,35.08,True,True,4.12
7239,7239.T,タチエス,2022-07,CONTINUE,3,45.19,49.3,True,True,4.11,2022-05,1151.0,1182.0,1182.0,2.69,1057.84,1051.07,1200.29,True,True,False,False,True,False,,78017.0,,,,0.54,2.38,0.79,True,4,True,,,,False,,tv_wilder_rsi14_sma5_v1,49.3,45.19,True,True,4.11
7981,7981.T,タカラスタンダード,2022-07,NEW,1,39.08,43.19,True,True,4.11,2022-07,1330.0,1330.0,1330.0,0.0,1305.48,1276.4,1356.96,True,True,False,False,True,True,False,130483.0,,,,0.59,1.38,0.99,True,4,True,,,,False,,tv_wilder_rsi14_sma5_v1,43.19,39.08,True,True,4.11
9759,9759.T,ＮＳＤ,2022-07,CONTINUE,6,65.27,69.38,True,True,4.11,2022-02,2149.0,2491.0,2491.0,15.91,2066.68,2106.27,,True,True,,,True,True,,120670.0,,,,1.23,2.01,0.92,True,1,True,,,,False,,tv_wilder_rsi14_sma5_v1,69.38,65.27,True,True,4.11
2053,2053.T,中部飼料,2022-07,CONTINUE,7,39.93,44.02,True,True,4.09,2022-01,1017.0,1094.0,1094.0,7.57,993.2,1013.36,,True,True,,,True,False,,54743.0,,,,0.77,1.92,1.07,False,1,True,,,,False,,tv_wilder_rsi14_sma5_v1,44.02,39.93,True,True,4.09
3107,3107.T,ダイワボウホールディングス,2022-07,CONTINUE,3,53.35,57.42,True,True,4.07,2022-05,1730.0,1903.0,1903.0,10.0,1673.48,1680.8,1824.81,True,True,False,False,True,True,,236023.0,,,,1.29,3.01,0.71,True,4,True,,,,False,,tv_wilder_rsi14_sma5_v1,57.42,53.35,True,True,4.07
7762,7762.T,シチズン時計,2022-07,CONTINUE,3,58.87,62.93,True,True,4.06,2022-05,551.0,581.0,581.0,5.44,519.08,501.05,500.12,True,True,True,True,True,True,,1910223.0,,,,0.95,3.47,0.7,True,1,True,,,,False,,tv_wilder_rsi14_sma5_v1,62.93,58.87,True,True,4.06
1871,1871.T,ピーエス・コンストラクション,2022-07,CONTINUE,3,48.22,52.27,True,True,4.05,2022-05,602.0,628.0,628.0,4.32,574.24,588.28,616.65,True,True,False,False,False,False,,134040.0,,,,0.95,1.57,0.94,True,4,True,,,,False,,tv_wilder_rsi14_sma5_v1,52.27,48.22,True,True,4.05
7599,7599.T,ＩＤＯＭ,2022-07,CONTINUE,3,52.61,56.66,True,True,4.05,2022-05,675.0,806.0,806.0,19.41,655.12,671.04,762.29,True,True,False,False,False,False,,636260.0,,,,0.69,3.1,0.82,True,4,False,,,,False,,tv_wilder_rsi14_sma5_v1,56.66,52.61,True,True,4.05
3199,3199.T,綿半ホールディングス,2022-07,CONTINUE,8,57.77,61.81,True,True,4.04,2021-12,1265.0,1433.0,1433.0,13.28,1257.76,1252.28,,True,True,,,True,True,,18390.0,,,,1.32,1.44,1.01,False,1,True,,,,False,,tv_wilder_rsi14_sma5_v1,61.81,57.77,True,True,4.04
5803,5803.T,フジクラ,2022-07,CONTINUE,7,65.29,69.34,True,True,4.04,2022-01,102.67,133.33,133.33,29.87,97.56,99.93,,True,True,,,True,False,,8743420.0,,,,1.6,4.35,1.28,False,1,False,,,,False,,tv_wilder_rsi14_sma5_v1,69.34,65.29,True,True,4.04
6806,6806.T,ヒロセ電機,2022-07,CONTINUE,3,57.41,61.45,True,True,4.04,2022-05,17920.0,19030.0,19030.0,6.19,17034.8,17080.8,17979.95,True,True,False,False,True,False,,105517.0,,,,1.63,1.99,0.81,True,4,True,,,,False,,tv_wilder_rsi14_sma5_v1,61.45,57.41,True,True,4.04
8237,8237.T,松屋,2022-07,CONTINUE,3,48.67,52.7,True,False,4.03,2022-05,823.0,909.0,909.0,10.45,767.24,742.23,856.12,True,True,False,False,True,True,,210360.0,,,,1.96,3.27,0.83,True,4,True,,,,False,,tv_wilder_rsi14_sma5_v1,52.7,48.67,False,True,4.03
3635,3635.T,コーエーテクモホールディングス,2022-07,CONTINUE,3,54.16,58.18,True,True,4.02,2022-05,2280.0,2315.0,2315.0,1.54,2121.2,2062.4,2303.06,True,True,False,False,True,True,,887387.0,,,,0.93,2.62,0.85,True,4,True,,,,False,,tv_wilder_rsi14_sma5_v1,58.18,54.16,True,True,4.02
6136,6136.T,オーエスジー,2022-07,NEW,1,45.41,49.43,False,True,4.02,2022-07,1815.0,1815.0,1815.0,0.0,1659.32,1647.89,1783.81,True,True,True,False,True,False,False,403770.0,,,,1.68,2.39,0.94,True,3,True,,,,False,,tv_wilder_rsi14_sma5_v1,49.43,45.41,True,False,4.02
6507,6507.T,シンフォニアテクノロジー,2022-07,CONTINUE,3,52.69,56.71,True,True,4.02,2022-05,1359.0,1442.0,1442.0,6.11,1301.8,1295.28,1267.38,True,True,True,True,True,True,,87107.0,,,,1.06,2.91,0.82,True,1,True,,,,False,,tv_wilder_rsi14_sma5_v1,56.71,52.69,True,True,4.02
9142,9142.T,九州旅客鉄道,2022-07,CONTINUE,6,50.58,54.6,True,False,4.02,2022-02,2540.0,2782.0,2782.0,9.53,2487.24,2464.11,,True,True,,,True,False,,1032803.0,,,,1.06,2.4,1.03,False,1,False,,,,False,,tv_wilder_rsi14_sma5_v1,54.6,50.58,False,True,4.02
3475,3475.T,グッドコムアセット,2022-07,CONTINUE,3,50.22,54.24,True,True,4.01,2022-05,593.5,635.0,635.0,6.99,551.78,545.33,605.15,True,True,False,False,True,True,,93280.0,,,,1.11,2.23,0.91,True,4,True,,,,False,,tv_wilder_rsi14_sma5_v1,54.24,50.22,True,True,4.01
4763,4763.T,クリーク・アンド・リバー社,2022-07,NEW,1,67.68,71.69,True,True,4.01,2022-07,2361.0,2361.0,2361.0,0.0,2164.6,2067.57,1964.67,True,True,True,True,True,True,True,111880.0,,,,0.95,4.41,1.0,False,1,True,,,,False,,tv_wilder_rsi14_sma5_v1,71.69,67.68,True,True,4.01
167A,167A.T,リョーサン菱洋ホールディングス,2022-07,CONTINUE,3,43.54,47.54,True,False,4.0,2022-05,2110.0,2236.0,2236.0,5.97,2077.52,2038.35,2216.97,True,True,False,False,True,False,,84287.0,,,,1.31,1.65,0.98,True,4,True,,,,False,,tv_wilder_rsi14_sma5_v1,47.54,43.54,False,True,4.0
7921,7921.T,ＴＡＫＡＲＡ＆ＣＯＭＰＡＮＹ,2022-07,NEW,1,52.81,56.82,True,True,4.0,2022-07,2007.0,2007.0,2007.0,0.0,1899.48,1869.09,1847.8,True,True,True,True,True,False,True,47357.0,,,,1.21,1.95,1.06,False,2,True,,,,False,,tv_wilder_rsi14_sma5_v1,56.82,52.81,True,True,4.0
9534,9534.T,北海道瓦斯,2022-07,CONTINUE,4,54.13,58.13,True,False,4.0,2022-04,301.8,327.0,327.0,8.35,296.27,299.3,,True,True,,,False,False,,123700.0,,,,1.19,1.09,1.06,False,1,True,,,,False,,tv_wilder_rsi14_sma5_v1,58.13,54.13,False,True,4.0
8304,8304.T,あおぞら銀行,2022-07,CONTINUE,6,54.68,58.68,True,True,3.99,2022-02,2602.0,2775.0,2775.0,6.65,2660.56,2610.19,,False,False,,,True,False,,683813.0,,,,1.0,1.93,0.97,True,1,False,,,,False,,tv_wilder_rsi14_sma5_v1,58.68,54.68,True,True,3.99
8923,8923.T,トーセイ,2022-07,CONTINUE,6,54.59,58.59,True,True,3.99,2022-02,543.5,638.0,638.0,17.39,530.22,518.19,,True,True,,,True,False,,417427.0,,,,1.06,1.77,1.01,False,1,True,,,,False,,tv_wilder_rsi14_sma5_v1,58.59,54.59,True,True,3.99
9069,9069.T,センコーグループホールディングス,2022-07,NEW,1,44.9,48.89,False,True,3.99,2022-07,918.0,918.0,918.0,0.0,901.68,873.77,920.33,True,True,False,False,True,False,False,358467.0,,,,0.76,1.37,0.9,True,4,True,,,,False,,tv_wilder_rsi14_sma5_v1,48.89,44.9,True,False,3.99
4220,4220.T,リケンテクノス,2022-07,NEW,1,44.02,48.0,True,True,3.98,2022-07,469.0,469.0,469.0,0.0,441.68,435.64,472.96,True,True,False,False,True,False,False,96267.0,,,,1.89,2.31,1.09,False,4,True,,,,False,,tv_wilder_rsi14_sma5_v1,48.0,44.02,True,True,3.98
6592,6592.T,マブチモーター,2022-07,NEW,1,43.63,47.59,False,True,3.96,2022-07,950.0,950.0,950.0,0.0,922.05,902.37,934.02,True,True,True,False,True,False,False,949613.0,,,,1.15,2.02,0.98,True,1,True,,,,False,,tv_wilder_rsi14_sma5_v1,47.59,43.63,True,False,3.96
8346,8346.T,東邦銀行,2022-07,CONTINUE,2,42.22,46.18,True,True,3.96,2022-06,208.0,214.0,214.0,2.88,201.44,203.68,208.06,True,True,False,False,True,False,False,551083.0,,,,1.47,1.65,1.03,False,4,False,,,,False,,tv_wilder_rsi14_sma5_v1,46.18,42.22,True,True,3.96
8935,8935.T,ＦＪネクストホールディングス,2022-07,CONTINUE,3,54.91,58.88,True,True,3.96,2022-05,1065.0,1085.0,1085.0,1.88,1030.72,1005.92,1016.33,True,True,True,False,True,True,,75230.0,,,,0.92,1.92,0.91,True,1,True,,,,False,,tv_wilder_rsi14_sma5_v1,58.88,54.91,True,True,3.96
2117,2117.T,ウェルネオシュガー,2022-07,NEW,1,46.34,50.29,False,True,3.95,2022-07,1782.0,1782.0,1782.0,0.0,1773.4,1739.84,1731.22,True,True,True,True,True,True,True,14157.0,,,,0.9,1.48,1.03,False,2,True,,,,False,,tv_wilder_rsi14_sma5_v1,50.29,46.34,True,False,3.95
6454,6454.T,マックス,2022-07,NEW,1,45.94,49.88,False,True,3.95,2022-07,424.5,424.5,424.5,0.0,411.47,399.71,429.43,True,True,False,False,True,False,False,202640.0,,,,1.05,1.87,0.9,True,4,True,,,,False,,tv_wilder_rsi14_sma5_v1,49.88,45.94,True,False,3.95
4390,4390.T,ＩＰＳ,2022-07,CONTINUE,6,53.22,57.16,True,True,3.94,2022-02,2001.0,2592.0,2592.0,29.54,1892.48,2002.77,,True,False,,,False,False,,102313.0,,,,0.78,4.53,1.09,False,1,True,,,,False,,tv_wilder_rsi14_sma5_v1,57.16,53.22,True,True,3.94
2922,2922.T,なとり,2022-07,NEW,1,56.33,60.25,False,True,3.93,2022-07,2086.0,2086.0,2086.0,0.0,2056.8,2012.83,2000.16,True,True,True,True,True,True,True,12513.0,,,,0.69,1.09,0.89,True,2,True,,,,False,,tv_wilder_rsi14_sma5_v1,60.25,56.33,True,False,3.93
3395,3395.T,サンマルクホールディングス,2022-07,CONTINUE,2,43.82,47.75,True,True,3.93,2022-06,1583.0,1628.0,1628.0,2.84,1552.4,1533.15,1528.34,True,True,True,True,True,False,True,46797.0,,,,1.5,1.45,1.07,False,1,True,,,,False,,tv_wilder_rsi14_sma5_v1,47.75,43.82,True,True,3.93
8273,8273.T,イズミ,2022-07,CONTINUE,2,36.96,40.89,True,True,3.93,2022-06,1018.33,1036.67,1036.67,1.8,977.2,980.49,1070.94,True,True,False,False,True,False,False,348810.0,,,,1.0,1.7,1.0,False,4,True,,,,False,,tv_wilder_rsi14_sma5_v1,40.89,36.96,True,True,3.93
8876,8876.T,リログループ,2022-07,CONTINUE,4,44.58,48.51,True,True,3.93,2022-04,1871.0,2198.0,2198.0,17.48,1849.84,1859.41,,True,True,,,True,False,,472370.0,,,,0.96,2.99,0.98,True,1,False,,,,False,,tv_wilder_rsi14_sma5_v1,48.51,44.58,True,True,3.93
1332,1332.T,ニッスイ,2022-07,CONTINUE,2,51.66,55.56,True,True,3.9,2022-06,573.0,598.0,598.0,4.36,545.8,552.52,572.15,True,True,True,False,True,True,False,1505533.0,,,,1.11,2.13,1.15,False,3,True,,,,False,,tv_wilder_rsi14_sma5_v1,55.56,51.66,True,True,3.9
1813,1813.T,不動テトラ,2022-07,NEW,1,46.32,50.21,True,True,3.89,2022-07,1639.0,1639.0,1639.0,0.0,1610.44,1581.04,1623.62,True,True,True,False,True,True,False,46370.0,,,,0.85,1.54,0.87,True,3,True,,,,False,,tv_wilder_rsi14_sma5_v1,50.21,46.32,True,True,3.89
2982,2982.T,ＡＤワークスグループ,2022-07,CONTINUE,5,44.34,48.23,True,True,3.89,2022-03,150.0,156.0,156.0,4.0,142.84,144.48,,True,True,,,True,False,,144930.0,,,,1.47,1.57,0.87,True,1,True,,,,False,,tv_wilder_rsi14_sma5_v1,48.23,44.34,True,True,3.89
7240,7240.T,ＮＯＫ,2022-07,NEW,1,39.66,43.55,True,True,3.89,2022-07,1188.0,1188.0,1188.0,0.0,1154.88,1139.88,1203.62,True,True,False,False,False,True,False,471253.0,,,,0.67,2.23,0.81,True,4,True,,,,False,,tv_wilder_rsi14_sma5_v1,43.55,39.66,True,True,3.89
9001,9001.T,東武鉄道,2022-07,CONTINUE,6,50.61,54.49,True,True,3.89,2022-02,2825.0,3150.0,3150.0,11.5,2816.0,2722.01,,True,True,,,True,True,,549323.0,,,,0.86,2.18,0.96,True,1,True,,,,False,,tv_wilder_rsi14_sma5_v1,54.49,50.61,True,True,3.89
2594,2594.T,キーコーヒー,2022-07,CONTINUE,3,47.75,51.63,True,True,3.88,2022-05,2061.0,2132.0,2132.0,3.44,2040.2,2040.88,2092.74,True,True,False,False,True,True,,32970.0,,,,0.94,1.08,0.83,True,4,True,,,,False,,tv_wilder_rsi14_sma5_v1,51.63,47.75,True,True,3.88
7972,7972.T,イトーキ,2022-07,CONTINUE,6,47.51,51.38,True,True,3.88,2022-02,358.0,394.0,394.0,10.06,350.68,355.61,,True,True,,,False,False,,51857.0,,,,0.85,1.92,1.04,False,1,True,,,,False,,tv_wilder_rsi14_sma5_v1,51.38,47.51,True,True,3.88
8392,8392.T,大分銀行,2022-07,CONTINUE,2,41.66,45.53,True,True,3.87,2022-06,373.6,391.2,391.2,4.71,362.39,370.46,373.09,True,True,True,False,True,False,True,188783.0,,,,0.83,1.47,0.97,True,2,True,,,,False,,tv_wilder_rsi14_sma5_v1,45.53,41.66,True,True,3.87
9519,9519.T,レノバ,2022-07,CONTINUE,3,45.87,49.74,True,True,3.87,2022-05,1908.0,2507.0,2507.0,31.39,1748.92,1621.87,3262.69,True,True,False,False,True,True,,5064300.0,,,,1.13,7.03,0.9,True,4,True,,,,False,,tv_wilder_rsi14_sma5_v1,49.74,45.87,True,True,3.87
8174,8174.T,日本瓦斯,2022-07,CONTINUE,4,56.84,60.7,True,True,3.86,2022-04,1842.0,1991.0,1991.0,8.09,1548.52,1579.45,,True,True,,,True,True,,471123.0,,,,1.59,3.6,1.26,False,1,True,,,,False,,tv_wilder_rsi14_sma5_v1,60.7,56.84,True,True,3.86
4527,4527.T,ロート製薬,2022-07,CONTINUE,2,56.38,60.23,False,True,3.84,2022-06,1960.0,1990.0,1990.0,1.53,1764.5,1770.13,1733.01,True,True,True,False,True,False,True,605527.0,,,,1.3,3.29,1.21,False,2,True,,,,False,,tv_wilder_rsi14_sma5_v1,60.23,56.38,True,False,3.84
8132,8132.T,シナネンホールディングス,2022-07,NEW,1,57.01,60.85,True,True,3.84,2022-07,3660.0,3660.0,3660.0,0.0,3500.4,3394.53,3394.41,True,True,True,True,True,True,False,12580.0,,,,1.07,2.48,1.02,False,1,True,,,,False,,tv_wilder_rsi14_sma5_v1,60.85,57.01,True,True,3.84
8370,8370.T,紀陽銀行,2022-07,NEW,1,45.17,49.01,True,True,3.84,2022-07,1457.0,1457.0,1457.0,0.0,1385.32,1382.21,1430.29,True,True,True,False,True,False,False,126650.0,,,,0.73,1.49,0.85,True,3,True,,,,False,,tv_wilder_rsi14_sma5_v1,49.01,45.17,True,True,3.84
6088,6088.T,シグマクシス・ホールディングス,2022-07,NEW,1,54.45,58.28,True,True,3.83,2022-07,623.5,623.5,623.5,0.0,575.82,551.14,595.84,True,True,True,False,True,True,False,351913.0,,,,0.94,3.02,0.9,True,3,True,,,,False,,tv_wilder_rsi14_sma5_v1,58.28,54.45,True,True,3.83
6369,6369.T,トーヨーカネツ,2022-07,CONTINUE,3,55.24,59.06,True,True,3.82,2022-05,1383.5,1385.0,1385.0,0.11,1271.42,1242.21,1262.95,True,True,True,False,True,True,,86573.0,,,,1.94,3.06,1.21,False,1,True,,,,False,,tv_wilder_rsi14_sma5_v1,59.06,55.24,True,True,3.82
7976,7976.T,三菱鉛筆,2022-07,CONTINUE,6,45.4,49.22,True,False,3.82,2022-02,1281.0,1413.0,1413.0,10.3,1230.12,1228.03,,True,True,,,True,False,,132927.0,,,,1.41,2.45,1.13,False,1,True,,,,False,,tv_wilder_rsi14_sma5_v1,49.22,45.4,False,True,3.82
8093,8093.T,極東貿易,2022-07,CONTINUE,3,58.39,62.22,True,True,3.82,2022-05,1293.5,1331.5,1331.5,2.94,1197.38,1156.55,1220.49,True,True,True,False,True,False,,75667.0,,,,0.61,2.4,0.77,True,3,True,,,,False,,tv_wilder_rsi14_sma5_v1,62.22,58.39,True,True,3.82
9729,9729.T,トーカイ,2022-07,NEW,1,34.86,38.67,True,True,3.81,2022-07,1780.0,1780.0,1780.0,0.0,1701.36,1687.53,1858.8,True,True,False,False,True,False,False,44887.0,,,,0.6,1.66,1.01,False,4,True,,,,False,,tv_wilder_rsi14_sma5_v1,38.67,34.86,True,True,3.81
3915,3915.T,テラスカイ,2022-07,CONTINUE,3,38.76,42.55,True,True,3.79,2022-05,1391.0,1693.0,1693.0,21.71,1313.48,1445.33,1779.88,True,False,False,False,False,False,,105067.0,,,,0.82,4.38,1.04,False,4,True,,,,False,,tv_wilder_rsi14_sma5_v1,42.55,38.76,True,True,3.79
4082,4082.T,第一稀元素化学工業,2022-07,CONTINUE,3,47.36,51.16,True,False,3.79,2022-05,1052.0,1171.0,1171.0,11.31,1006.92,1000.03,1271.56,True,True,False,False,True,False,,110240.0,,,,1.0,3.75,0.99,True,4,True,,,,False,,tv_wilder_rsi14_sma5_v1,51.16,47.36,False,True,3.79
8360,8360.T,山梨中央銀行,2022-07,CONTINUE,8,56.71,60.5,True,True,3.79,2021-12,860.0,1140.0,1140.0,32.56,832.4,836.28,,True,True,,,True,True,,55973.0,,,,0.8,1.27,0.9,True,1,True,,,,False,,tv_wilder_rsi14_sma5_v1,60.5,56.71,True,True,3.79
3038,3038.T,神戸物産,2022-07,NEW,1,53.35,57.13,False,True,3.78,2022-07,3785.0,3785.0,3785.0,0.0,3476.2,3264.6,3670.25,True,True,True,False,True,False,False,1166437.0,,,,1.1,2.46,1.11,False,1,True,,,,False,,tv_wilder_rsi14_sma5_v1,57.13,53.35,True,False,3.78
6287,6287.T,サトー,2022-07,CONTINUE,3,38.95,42.73,True,True,3.78,2022-05,1901.0,1983.0,1983.0,4.31,1808.96,1821.8,2216.88,True,True,False,False,True,False,,125927.0,,,,1.46,2.59,0.82,True,4,True,,,,False,,tv_wilder_rsi14_sma5_v1,42.73,38.95,True,True,3.78
3941,3941.T,レンゴー,2022-07,NEW,1,41.48,45.25,False,True,3.77,2022-07,776.0,776.0,776.0,0.0,747.64,735.87,799.3,True,True,False,False,True,False,False,949830.0,,,,0.84,1.51,1.06,False,4,True,,,,False,,tv_wilder_rsi14_sma5_v1,45.25,41.48,True,False,3.77
6436,6436.T,アマノ,2022-07,CONTINUE,4,46.45,50.22,True,True,3.76,2022-04,2509.0,2550.0,2550.0,1.63,2158.52,2227.24,,True,True,,,False,False,,233583.0,,,,2.31,2.66,1.26,False,1,True,,,,False,,tv_wilder_rsi14_sma5_v1,50.22,46.45,True,True,3.76
2593,2593.T,伊藤園,2022-07,CONTINUE,2,47.08,50.82,False,True,3.75,2022-06,6080.0,6260.0,6260.0,2.96,5457.6,5643.2,6376.5,True,True,False,False,False,False,False,281523.0,,,,1.28,2.96,1.24,False,4,True,,,,False,,tv_wilder_rsi14_sma5_v1,50.82,47.08,True,False,3.75
4095,4095.T,日本パーカライジング,2022-07,NEW,1,37.78,41.52,True,True,3.74,2022-07,955.0,955.0,955.0,0.0,936.24,913.89,1006.49,True,True,False,False,True,False,False,178720.0,,,,0.5,1.68,0.9,True,4,True,,,,False,,tv_wilder_rsi14_sma5_v1,41.52,37.78,True,True,3.74
7182,7182.T,ゆうちょ銀行,2022-07,CONTINUE,2,51.36,55.1,True,True,3.74,2022-06,1055.0,1063.0,1063.0,0.76,1007.36,998.73,999.17,True,True,True,False,True,False,True,3099767.0,,,,1.15,1.54,1.07,False,2,True,,,,False,,tv_wilder_rsi14_sma5_v1,55.1,51.36,True,True,3.74
7747,7747.T,朝日インテック,2022-07,NEW,1,43.49,47.23,True,True,3.74,2022-07,2449.0,2449.0,2449.0,0.0,2291.2,2208.92,2373.78,True,True,True,False,True,True,False,1282580.0,,,,0.71,2.98,0.81,True,3,True,,,,False,,tv_wilder_rsi14_sma5_v1,47.23,43.49,True,True,3.74
8566,8566.T,リコーリース,2022-07,CONTINUE,2,50.0,53.72,False,True,3.73,2022-06,3495.0,3570.0,3570.0,2.15,3454.6,3413.0,3610.65,True,True,False,False,True,False,False,47200.0,,,,1.11,1.41,1.13,False,4,True,,,,False,,tv_wilder_rsi14_sma5_v1,53.72,50.0,True,False,3.73
9605,9605.T,東映,2022-07,CONTINUE,3,49.62,53.34,True,True,3.72,2022-05,3692.0,3812.0,3812.0,3.25,3488.88,3478.69,3780.17,True,True,False,False,True,True,,121683.0,,,,1.18,3.13,1.09,False,4,True,,,,False,,tv_wilder_rsi14_sma5_v1,53.34,49.62,True,True,3.72
2882,2882.T,イートアンドホールディングス,2022-07,CONTINUE,3,60.25,63.95,True,True,3.71,2022-05,2310.0,2404.0,2404.0,4.07,2215.72,2160.45,2184.16,True,True,True,False,True,False,,15743.0,,,,1.39,1.42,0.97,True,1,True,,,,False,,tv_wilder_rsi14_sma5_v1,63.95,60.25,True,True,3.71
7173,7173.T,東京きらぼしフィナンシャルグループ,2022-07,CONTINUE,8,62.02,65.71,True,False,3.69,2021-12,189.75,273.0,273.0,43.87,181.79,186.78,,True,True,,,True,False,,713253.0,,,,0.71,1.71,0.97,True,1,True,,,,False,,tv_wilder_rsi14_sma5_v1,65.71,62.02,False,True,3.69
7984,7984.T,コクヨ,2022-07,CONTINUE,2,53.25,56.95,True,True,3.69,2022-06,429.5,442.25,442.25,2.97,418.51,413.94,427.79,True,True,True,False,False,True,False,965213.0,,,,1.15,2.6,1.06,False,3,True,,,,False,,tv_wilder_rsi14_sma5_v1,56.95,53.25,True,True,3.69
8088,8088.T,岩谷産業,2022-07,NEW,1,49.02,52.71,True,True,3.69,2022-07,1390.0,1390.0,1390.0,0.0,1339.4,1317.73,1408.7,True,True,False,False,True,True,False,589507.0,,,,0.84,1.77,1.04,False,4,True,,,,False,,tv_wilder_rsi14_sma5_v1,52.71,49.02,True,True,3.69
9602,9602.T,東宝,2022-07,CONTINUE,4,56.13,59.83,True,True,3.69,2022-04,966.0,1054.0,1054.0,9.11,944.12,938.93,,True,True,,,False,False,,2053767.0,,,,0.86,2.81,0.91,True,1,True,,,,False,,tv_wilder_rsi14_sma5_v1,59.83,56.13,True,True,3.69
4246,4246.T,ダイキョーニシカワ,2022-07,CONTINUE,2,38.79,42.47,True,True,3.68,2022-06,521.0,557.0,557.0,6.91,507.6,513.35,573.97,True,True,False,False,True,False,False,113700.0,,,,0.87,2.03,0.99,True,4,True,,,,False,,tv_wilder_rsi14_sma5_v1,42.47,38.79,True,True,3.68
4344,4344.T,ソースネクスト,2022-07,CONTINUE,5,42.92,46.59,True,True,3.68,2022-03,172.0,236.0,236.0,37.21,162.08,166.73,,True,True,,,True,False,,1062273.0,,,,0.96,3.86,1.04,False,1,True,,,,False,,tv_wilder_rsi14_sma5_v1,46.59,42.92,True,True,3.68
4578,4578.T,大塚ホールディングス,2022-07,CONTINUE,5,51.66,55.34,True,False,3.68,2022-03,4232.0,4754.0,4754.0,12.33,4046.56,4105.04,,True,True,,,True,False,,1017517.0,,,,0.91,1.93,0.98,True,1,True,,,,False,,tv_wilder_rsi14_sma5_v1,55.34,51.66,False,True,3.68
6140,6140.T,旭ダイヤモンド工業,2022-07,CONTINUE,3,51.84,55.53,True,True,3.68,2022-05,597.0,644.0,644.0,7.87,572.44,577.72,606.14,True,True,False,False,False,False,,214770.0,,,,1.6,2.54,0.89,True,1,True,,,,False,,tv_wilder_rsi14_sma5_v1,55.53,51.84,True,True,3.68
6247,6247.T,日阪製作所,2022-07,CONTINUE,3,47.63,51.31,True,True,3.68,2022-05,831.0,849.0,849.0,2.17,784.52,793.68,826.43,True,True,True,False,True,False,,51563.0,,,,1.2,2.51,0.92,True,3,True,,,,False,,tv_wilder_rsi14_sma5_v1,51.31,47.63,True,True,3.68
2395,2395.T,新日本科学,2022-07,CONTINUE,3,66.24,69.91,True,True,3.67,2022-05,1653.0,2050.0,2050.0,24.02,1469.32,1537.45,1351.89,True,True,True,False,False,True,,770577.0,,,,1.45,4.96,1.04,False,1,True,,,,False,,tv_wilder_rsi14_sma5_v1,69.91,66.24,True,True,3.67
547A,547A.T,ムニノバホールディングス,2022-07,NEW,1,56.61,60.29,True,True,3.67,2022-07,389.0,389.0,389.0,0.0,370.0,361.15,361.81,True,True,True,False,True,True,True,2588060.0,,,,1.33,2.28,1.2,False,1,True,,,,False,,tv_wilder_rsi14_sma5_v1,60.29,56.61,True,True,3.67
6498,6498.T,キッツ,2022-07,NEW,1,46.7,50.36,True,True,3.67,2022-07,701.0,701.0,701.0,0.0,668.28,667.31,691.8,True,True,True,False,False,False,False,205870.0,,,,1.51,1.78,0.97,True,3,True,,,,False,,tv_wilder_rsi14_sma5_v1,50.36,46.7,True,True,3.67
9068,9068.T,丸全昭和運輸,2022-07,NEW,1,48.81,52.48,True,True,3.67,2022-07,3275.0,3275.0,3275.0,0.0,3138.04,3078.64,3179.68,True,True,True,False,True,True,False,43543.0,,,,0.49,2.01,0.84,True,3,True,,,,False,,tv_wilder_rsi14_sma5_v1,52.48,48.81,True,True,3.67
9882,9882.T,イエローハット,2022-07,CONTINUE,4,48.32,51.99,True,True,3.67,2022-04,812.0,869.0,869.0,7.02,796.54,803.93,,True,True,,,False,False,,244433.0,,,,0.52,1.61,1.02,False,1,True,,,,False,,tv_wilder_rsi14_sma5_v1,51.99,48.32,True,True,3.67
1925,1925.T,大和ハウス工業,2022-07,NEW,1,48.32,51.98,True,True,3.66,2022-07,3293.0,3293.0,3293.0,0.0,3210.6,3140.88,3295.76,True,True,False,False,True,True,False,1443960.0,,,,0.97,1.48,0.9,True,4,True,,,,False,,tv_wilder_rsi14_sma5_v1,51.98,48.32,True,True,3.66
6367,6367.T,ダイキン工業,2022-07,CONTINUE,2,51.66,55.31,True,True,3.66,2022-06,21750.0,23250.0,23250.0,6.9,20926.6,20864.47,23296.6,True,True,False,False,True,False,False,930717.0,,,,1.31,3.04,1.0,False,4,True,,,,False,,tv_wilder_rsi14_sma5_v1,55.31,51.66,True,True,3.66
1803,1803.T,清水建設,2022-07,CONTINUE,2,41.88,45.52,True,True,3.64,2022-06,750.0,753.0,753.0,0.4,723.44,721.35,759.98,True,True,False,False,True,False,False,2545787.0,,,,0.84,2.01,0.98,True,4,True,,,,False,,tv_wilder_rsi14_sma5_v1,45.52,41.88,True,True,3.64
4523,4523.T,エーザイ,2022-07,CONTINUE,2,39.53,43.17,True,True,3.64,2022-06,5725.0,6077.0,6077.0,6.15,5360.56,5581.39,6537.84,True,True,False,False,False,False,False,1039537.0,,,,1.0,2.1,0.98,True,4,True,,,,False,,tv_wilder_rsi14_sma5_v1,43.17,39.53,True,True,3.64
4548,4548.T,生化学工業,2022-07,NEW,1,34.94,38.58,True,True,3.64,2022-07,861.0,861.0,861.0,0.0,854.48,828.12,904.77,True,True,False,False,True,False,False,98010.0,,,,0.68,1.72,0.87,True,4,True,,,,False,,tv_wilder_rsi14_sma5_v1,38.58,34.94,True,True,3.64
5186,5186.T,ニッタ,2022-07,NEW,1,53.11,56.74,True,True,3.63,2022-07,2922.0,2922.0,2922.0,0.0,2827.4,2813.47,2784.4,True,True,True,True,False,True,True,44553.0,,,,0.63,1.53,1.02,False,2,True,,,,False,,tv_wilder_rsi14_sma5_v1,56.74,53.11,True,True,3.63
6481,6481.T,ＴＨＫ,2022-07,NEW,1,45.75,49.38,True,True,3.63,2022-07,2800.0,2800.0,2800.0,0.0,2648.64,2639.07,2651.99,True,True,True,False,False,True,True,859607.0,,,,1.54,2.77,0.93,True,2,True,,,,False,,tv_wilder_rsi14_sma5_v1,49.38,45.75,True,True,3.63
8008,8008.T,ヨンドシーホールディングス,2022-07,CONTINUE,3,43.86,47.49,True,False,3.63,2022-05,1736.0,1808.0,1808.0,4.15,1706.8,1674.27,1715.37,True,True,True,False,True,False,,53310.0,,,,0.7,1.23,0.89,True,3,True,,,,False,,tv_wilder_rsi14_sma5_v1,47.49,43.86,False,True,3.63
5333,5333.T,ＮＧＫ,2022-07,CONTINUE,3,51.71,55.34,True,True,3.62,2022-05,1916.0,1938.0,1938.0,1.15,1799.2,1754.91,1845.76,True,True,True,False,True,False,,1217823.0,,,,1.35,1.73,0.81,True,1,True,,,,False,,tv_wilder_rsi14_sma5_v1,55.34,51.71,True,True,3.62
7893,7893.T,プロネクサス,2022-07,NEW,1,49.15,52.76,True,True,3.61,2022-07,1133.0,1133.0,1133.0,0.0,1102.64,1073.48,1075.46,True,True,True,False,True,True,True,17533.0,,,,1.1,1.97,0.89,True,2,True,,,,False,,tv_wilder_rsi14_sma5_v1,52.76,49.15,True,True,3.61
8725,8725.T,ＭＳ＆ＡＤ  ｲﾝｼｭｱﾗﾝｽｸﾞﾙｰﾌﾟﾎｰﾙﾃﾞｨﾝｸﾞｽ,2022-07,CONTINUE,3,63.31,66.92,True,True,3.61,2022-05,1364.33,1439.0,1439.0,5.47,1288.88,1303.43,1254.98,True,True,True,False,False,False,,4368730.0,,,,1.8,2.5,1.16,False,1,True,,,,False,,tv_wilder_rsi14_sma5_v1,66.92,63.31,True,True,3.61
2317,2317.T,システナ,2022-07,NEW,1,47.53,51.13,True,True,3.6,2022-07,454.0,454.0,454.0,0.0,441.24,429.65,439.75,True,True,True,False,True,True,False,848623.0,,,,1.01,3.46,1.11,False,3,True,,,,False,,tv_wilder_rsi14_sma5_v1,51.13,47.53,True,True,3.6
7988,7988.T,ニフコ,2022-07,CONTINUE,3,46.23,49.82,True,True,3.59,2022-05,3010.0,3210.0,3210.0,6.64,2787.8,2903.48,3310.05,True,True,False,False,True,False,,392407.0,,,,1.09,2.5,0.97,True,4,True,,,,False,,tv_wilder_rsi14_sma5_v1,49.82,46.23,True,True,3.59
8919,8919.T,カチタス,2022-07,NEW,1,49.79,53.38,False,True,3.59,2022-07,3330.0,3330.0,3330.0,0.0,3142.16,3029.83,3564.46,True,True,False,False,True,False,False,190243.0,,,,0.62,2.51,0.92,True,4,True,,,,False,,tv_wilder_rsi14_sma5_v1,53.38,49.79,True,False,3.59
4041,4041.T,日本曹達,2022-07,CONTINUE,6,62.91,66.49,True,False,3.58,2022-02,1685.0,2097.5,2097.5,24.48,1670.2,1660.33,,True,True,,,True,False,,100293.0,,,,0.7,2.8,0.89,True,1,True,,,,False,,tv_wilder_rsi14_sma5_v1,66.49,62.91,False,True,3.58
4403,4403.T,日油,2022-07,CONTINUE,2,50.59,54.16,True,True,3.57,2022-06,1676.67,1746.67,1746.67,4.17,1662.93,1624.71,1797.98,True,True,False,False,True,True,False,863900.0,,,,0.84,2.7,0.96,True,4,False,,,,False,,tv_wilder_rsi14_sma5_v1,54.16,50.59,True,True,3.57
4633,4633.T,サカタインクス,2022-07,NEW,1,42.53,46.1,True,True,3.57,2022-07,986.0,986.0,986.0,0.0,952.24,937.57,975.43,True,True,True,False,True,True,False,118990.0,,,,1.27,1.85,0.95,True,3,True,,,,False,,tv_wilder_rsi14_sma5_v1,46.1,42.53,True,True,3.57
6183,6183.T,ベルシステム２４ホールディングス,2022-07,NEW,1,47.5,51.05,True,True,3.56,2022-07,1538.0,1538.0,1538.0,0.0,1438.44,1436.64,1396.38,True,True,True,True,True,True,False,208563.0,,,,0.74,2.54,0.99,True,3,True,,,,False,,tv_wilder_rsi14_sma5_v1,51.05,47.5,True,True,3.56
6387,6387.T,サムコ,2022-07,CONTINUE,3,50.72,54.27,True,True,3.56,2022-05,2615.0,2810.0,2810.0,7.46,2484.16,2414.23,2668.45,True,True,False,False,False,True,,33797.0,,,,1.08,2.85,0.94,True,4,True,,,,False,,tv_wilder_rsi14_sma5_v1,54.27,50.72,True,True,3.56
8060,8060.T,キヤノンマーケティングジャパン,2022-07,CONTINUE,7,62.59,66.15,True,True,3.56,2022-01,1167.5,1557.5,1557.5,33.4,1142.78,1161.11,,True,True,,,False,False,,295660.0,,,,2.13,2.1,1.2,False,1,False,,,,False,,tv_wilder_rsi14_sma5_v1,66.15,62.59,True,True,3.56
2124,2124.T,ジェイエイシーリクルートメント,2022-07,NEW,1,50.07,53.62,True,True,3.55,2022-07,489.25,489.25,489.25,0.0,458.69,446.77,486.21,True,True,True,False,True,True,False,347773.0,,,,0.75,1.99,1.0,False,3,True,,,,False,,tv_wilder_rsi14_sma5_v1,53.62,50.07,True,True,3.55
3817,3817.T,ＳＲＡホールディングス,2022-07,NEW,1,54.5,58.05,True,True,3.55,2022-07,2936.0,2936.0,2936.0,0.0,2873.24,2821.59,2839.97,True,True,True,False,True,True,False,19807.0,,,,0.95,1.62,1.1,False,1,True,,,,False,,tv_wilder_rsi14_sma5_v1,58.05,54.5,True,True,3.55
7278,7278.T,エクセディ,2022-07,CONTINUE,3,45.89,49.44,True,True,3.55,2022-05,1692.0,1728.0,1728.0,2.13,1614.12,1597.63,1663.31,True,True,True,False,True,False,,228497.0,,,,0.75,1.94,0.73,True,3,True,,,,False,,tv_wilder_rsi14_sma5_v1,49.44,45.89,True,True,3.55
4502,4502.T,武田薬品工業,2022-07,CONTINUE,7,51.2,54.75,True,True,3.54,2022-01,3328.0,3925.0,3925.0,17.94,3262.28,3205.92,,True,True,,,True,False,,5597223.0,,,,1.08,1.71,0.99,True,1,True,,,,False,,tv_wilder_rsi14_sma5_v1,54.75,51.2,True,True,3.54
6869,6869.T,シスメックス,2022-07,NEW,1,41.99,45.51,True,True,3.52,2022-07,3102.0,3102.0,3102.0,0.0,2939.37,2821.19,3570.57,True,True,False,False,True,True,False,1781770.0,,,,0.81,2.75,0.93,True,4,True,,,,False,,tv_wilder_rsi14_sma5_v1,45.51,41.99,True,True,3.52
7649,7649.T,スギホールディングス,2022-07,CONTINUE,2,38.13,41.65,False,True,3.52,2022-06,1983.33,2000.0,2000.0,0.84,1783.07,1858.31,2242.72,True,True,False,False,True,False,False,724910.0,,,,1.77,2.95,1.18,False,4,True,,,,False,,tv_wilder_rsi14_sma5_v1,41.65,38.13,True,False,3.52
3561,3561.T,力の源ホールディングス,2022-07,CONTINUE,5,48.62,52.13,True,False,3.51,2022-03,572.0,684.0,684.0,19.58,571.4,568.12,,True,True,,,True,False,,29750.0,,,,1.87,1.61,0.9,True,1,True,,,,False,,tv_wilder_rsi14_sma5_v1,52.13,48.62,False,True,3.51
4718,4718.T,早稲田アカデミー,2022-07,CONTINUE,4,61.88,65.38,True,False,3.5,2022-04,1055.0,1160.0,1160.0,9.95,1040.28,1027.56,,True,True,,,True,False,,31777.0,,,,0.66,1.51,1.12,False,1,True,,,,False,,tv_wilder_rsi14_sma5_v1,65.38,61.88,False,True,3.5
8801,8801.T,三井不動産,2022-07,CONTINUE,6,60.4,63.9,True,True,3.5,2022-02,852.33,988.83,988.83,16.01,829.09,810.27,,True,True,,,True,False,,9060290.0,,,,0.94,2.46,0.93,True,1,True,,,,False,,tv_wilder_rsi14_sma5_v1,63.9,60.4,True,True,3.5
2301,2301.T,学情,2022-07,NEW,1,42.83,46.33,True,True,3.49,2022-07,1046.0,1046.0,1046.0,0.0,972.32,953.99,1037.88,True,True,True,False,True,False,False,76670.0,,,,0.7,2.15,0.92,True,3,True,,,,False,,tv_wilder_rsi14_sma5_v1,46.33,42.83,True,True,3.49
7172,7172.T,ジャパンインベストメントアドバイザー,2022-07,CONTINUE,6,46.39,49.87,True,True,3.48,2022-02,718.19,870.76,870.76,21.24,698.55,738.32,,True,False,,,False,False,,153466.0,,,,0.56,3.85,1.05,False,1,True,,,,False,,tv_wilder_rsi14_sma5_v1,49.87,46.39,True,True,3.48
3916,3916.T,ﾃﾞｼﾞﾀﾙ･ｲﾝﾌｫﾒｰｼｮﾝ･ﾃｸﾉﾛｼﾞｰ,2022-07,CONTINUE,3,44.05,47.52,True,True,3.47,2022-05,723.0,722.0,722.0,-0.14,632.3,629.36,741.47,True,True,False,False,True,True,,163500.0,,,,1.5,4.05,1.14,False,4,True,,,,False,,tv_wilder_rsi14_sma5_v1,47.52,44.05,True,True,3.47
3835,3835.T,ｅＢＡＳＥ,2022-07,CONTINUE,2,40.42,43.88,True,True,3.46,2022-06,531.0,575.0,575.0,8.29,524.16,506.4,612.19,True,True,False,False,True,False,False,129517.0,,,,0.65,3.39,0.87,True,4,True,,,,False,,tv_wilder_rsi14_sma5_v1,43.88,40.42,True,True,3.46
6363,6363.T,酉島製作所,2022-07,CONTINUE,8,70.65,74.11,True,True,3.46,2021-12,957.0,1342.0,1342.0,40.23,912.76,914.77,,True,True,,,True,False,,27760.0,,,,1.19,1.93,1.13,False,1,True,,,,False,,tv_wilder_rsi14_sma5_v1,74.11,70.65,True,True,3.46
3091,3091.T,ブロンコビリー,2022-07,CONTINUE,5,49.97,53.42,True,True,3.45,2022-03,1135.5,1247.0,1247.0,9.82,1110.34,1137.99,,True,False,,,True,False,,54373.0,,,,0.98,1.68,0.91,True,1,True,,,,False,,tv_wilder_rsi14_sma5_v1,53.42,49.97,True,True,3.45
6809,6809.T,ＴＯＡ,2022-07,CONTINUE,3,42.91,46.36,True,True,3.45,2022-05,816.0,784.0,784.0,-3.92,771.96,736.89,783.85,True,True,True,False,True,True,,129787.0,,,,0.49,2.42,0.59,True,3,True,,,,False,,tv_wilder_rsi14_sma5_v1,46.36,42.91,True,True,3.45
7447,7447.T,ナガイレーベン,2022-07,NEW,1,36.21,39.67,False,True,3.45,2022-07,2022.0,2022.0,2022.0,0.0,1966.2,1927.11,2110.53,True,True,False,False,True,False,False,32607.0,,,,0.96,1.82,0.94,True,4,True,,,,False,,tv_wilder_rsi14_sma5_v1,39.67,36.21,True,False,3.45
9757,9757.T,船井総研ホールディングス,2022-07,NEW,1,45.67,49.12,True,True,3.45,2022-07,1169.0,1169.0,1169.0,0.0,1128.28,1077.41,1190.51,True,True,False,False,True,True,False,129620.0,,,,0.82,1.78,0.97,True,4,True,,,,False,,tv_wilder_rsi14_sma5_v1,49.12,45.67,True,True,3.45
1951,1951.T,エクシオグループ,2022-07,NEW,1,37.74,41.18,False,True,3.44,2022-07,1112.0,1112.0,1112.0,0.0,1070.5,1061.94,1164.76,True,True,False,False,True,False,False,781360.0,,,,1.07,1.38,0.92,True,4,True,,,,False,,tv_wilder_rsi14_sma5_v1,41.18,37.74,True,False,3.44
4951,4951.T,エステー,2022-07,CONTINUE,2,40.35,43.79,True,True,3.44,2022-06,1506.0,1562.0,1562.0,3.72,1471.76,1487.24,1559.61,True,True,False,False,True,False,False,20893.0,,,,1.2,1.48,1.2,False,4,True,,,,False,,tv_wilder_rsi14_sma5_v1,43.79,40.35,True,True,3.44
6340,6340.T,澁谷工業,2022-07,NEW,1,37.16,40.59,True,True,3.44,2022-07,2487.0,2487.0,2487.0,0.0,2407.12,2341.43,2600.88,True,True,False,False,True,False,False,33500.0,,,,0.67,1.68,0.76,True,4,True,,,,False,,tv_wilder_rsi14_sma5_v1,40.59,37.16,True,True,3.44
3993,3993.T,ＰＫＳＨＡＴｅｃｈｎｏｌｏｇｙ,2022-07,NEW,1,43.77,47.19,True,True,3.43,2022-07,2269.0,2269.0,2269.0,0.0,2016.44,2005.09,2079.36,True,True,True,False,False,True,True,207627.0,,,,1.03,3.61,1.18,False,1,True,,,,False,,tv_wilder_rsi14_sma5_v1,47.19,43.77,True,True,3.43
5444,5444.T,大和工業,2022-07,CONTINUE,5,65.27,68.7,True,True,3.43,2022-03,3715.0,4530.0,4530.0,21.94,3700.6,3687.2,,True,True,,,True,True,,202523.0,,,,1.06,3.63,0.93,True,1,True,,,,False,,tv_wilder_rsi14_sma5_v1,68.7,65.27,True,True,3.43
4392,4392.T,ＦＩＧ,2022-07,CONTINUE,3,53.14,56.55,True,False,3.41,2022-05,310.0,324.0,324.0,4.52,292.4,287.85,295.56,True,True,True,False,True,True,,78403.0,,,,1.3,3.55,0.85,True,1,True,,,,False,,tv_wilder_rsi14_sma5_v1,56.55,53.14,False,True,3.41
7989,7989.T,立川ブラインド工業,2022-07,NEW,1,41.71,45.13,True,True,3.41,2022-07,1105.0,1105.0,1105.0,0.0,1076.92,1077.31,1116.55,True,True,False,False,False,False,False,17203.0,,,,0.56,1.86,0.96,True,4,True,,,,False,,tv_wilder_rsi14_sma5_v1,45.13,41.71,True,True,3.41
6914,6914.T,オプテックスグループ,2022-07,CONTINUE,6,56.61,60.01,True,True,3.4,2022-02,1664.0,2059.0,2059.0,23.74,1532.4,1557.01,,True,True,,,False,True,,115717.0,,,,1.24,3.31,1.19,False,1,True,,,,False,,tv_wilder_rsi14_sma5_v1,60.01,56.61,True,True,3.4
8130,8130.T,サンゲツ,2022-07,CONTINUE,2,45.37,48.77,True,True,3.4,2022-06,1558.0,1601.0,1601.0,2.76,1540.68,1539.13,1568.66,True,True,False,False,False,False,False,120313.0,,,,1.2,1.18,1.2,False,4,True,,,,False,,tv_wilder_rsi14_sma5_v1,48.77,45.37,True,True,3.4
6644,6644.T,大崎電気工業,2022-07,CONTINUE,6,42.49,45.88,True,True,3.39,2022-02,489.0,516.0,516.0,5.52,475.96,472.12,,True,True,,,True,False,,138320.0,,,,0.83,1.52,0.78,True,1,True,,,,False,,tv_wilder_rsi14_sma5_v1,45.88,42.49,True,True,3.39
8798,8798.T,アドバンスクリエイト,2022-07,NEW,1,48.29,51.68,True,True,3.39,2022-07,1009.0,1009.0,1009.0,0.0,973.56,949.45,999.06,True,True,True,False,True,True,False,33017.0,,,,1.12,1.22,0.92,True,3,True,,,,False,,tv_wilder_rsi14_sma5_v1,51.68,48.29,True,True,3.39
9533,9533.T,東邦瓦斯,2022-07,CONTINUE,4,36.42,39.8,True,False,3.39,2022-04,763.75,798.75,798.75,4.58,670.41,717.19,,True,True,,,False,False,,1364347.0,,,,1.55,3.54,1.17,False,1,True,,,,False,,tv_wilder_rsi14_sma5_v1,39.8,36.42,False,True,3.39
2462,2462.T,ライク,2022-07,CONTINUE,8,59.86,63.22,True,True,3.37,2021-12,1783.0,2363.0,2363.0,32.53,1724.6,1793.27,,True,False,,,False,False,,64077.0,,,,0.86,2.67,0.86,True,1,True,,,,False,,tv_wilder_rsi14_sma5_v1,63.22,59.86,True,True,3.37
6151,6151.T,日東工器,2022-07,NEW,1,38.57,41.94,True,True,3.37,2022-07,1593.0,1593.0,1593.0,0.0,1539.08,1509.25,1645.61,True,True,False,False,True,False,False,18317.0,,,,1.25,1.97,1.0,True,4,True,,,,False,,tv_wilder_rsi14_sma5_v1,41.94,38.57,True,True,3.37
6349,6349.T,小森コーポレーション,2022-07,CONTINUE,6,47.03,50.38,True,False,3.35,2022-02,750.0,809.0,809.0,7.87,707.92,700.97,,True,True,,,True,False,,164670.0,,,,0.72,2.31,1.14,False,1,True,,,,False,,tv_wilder_rsi14_sma5_v1,50.38,47.03,False,True,3.35
6844,6844.T,新電元工業,2022-07,CONTINUE,3,47.42,50.77,True,True,3.35,2022-05,3200.0,3480.0,3480.0,8.75,3042.52,2999.48,3540.61,True,True,False,False,True,False,,64647.0,,,,0.67,3.6,0.86,True,4,True,,,,False,,tv_wilder_rsi14_sma5_v1,50.77,47.42,True,True,3.35
8595,8595.T,ジャフコグループ,2022-07,NEW,1,45.58,48.93,True,True,3.35,2022-07,1800.0,1800.0,1800.0,0.0,1721.08,1647.56,1943.36,True,True,False,False,True,False,False,334540.0,,,,0.89,2.91,1.16,False,4,True,,,,False,,tv_wilder_rsi14_sma5_v1,48.93,45.58,True,True,3.35
9740,9740.T,セントラル警備保障,2022-07,CONTINUE,3,39.71,43.06,True,False,3.35,2022-05,2252.0,2544.0,2544.0,12.97,2168.92,2309.93,2494.95,True,False,False,False,False,False,,40270.0,,,,0.68,2.13,0.93,True,4,True,,,,False,,tv_wilder_rsi14_sma5_v1,43.06,39.71,False,True,3.35
4568,4568.T,第一三共,2022-07,CONTINUE,4,58.03,61.37,True,True,3.34,2022-04,3262.0,3523.0,3523.0,8.0,2863.98,2646.39,,True,True,,,True,True,,4939267.0,,,,1.17,2.74,1.01,False,1,True,,,,False,,tv_wilder_rsi14_sma5_v1,61.37,58.03,True,True,3.34
7038,7038.T,フロンティア・マネジメント,2022-07,CONTINUE,6,48.67,52.02,True,True,3.34,2022-02,923.0,1400.0,1400.0,51.68,721.96,768.51,,True,True,,,True,False,,122127.0,,,,1.25,5.82,1.31,False,1,True,,,,False,,tv_wilder_rsi14_sma5_v1,52.02,48.67,True,True,3.34
4118,4118.T,カネカ,2022-07,NEW,1,43.52,46.84,False,True,3.33,2022-07,3590.0,3590.0,3590.0,0.0,3435.0,3393.73,3688.95,True,True,False,False,True,False,False,213657.0,,,,0.87,1.82,0.88,True,4,True,,,,False,,tv_wilder_rsi14_sma5_v1,46.84,43.52,True,False,3.33
1802,1802.T,大林組,2022-07,CONTINUE,2,48.81,52.12,True,False,3.31,2022-06,985.0,976.0,976.0,-0.91,956.56,923.77,926.44,True,True,True,False,True,True,True,2591067.0,,,,0.88,1.88,1.04,False,1,True,,,,False,,tv_wilder_rsi14_sma5_v1,52.12,48.81,False,True,3.31
2170,2170.T,リンクアンドモチベーション,2022-07,CONTINUE,3,45.36,48.68,True,True,3.31,2022-05,454.0,579.0,579.0,27.53,445.16,451.13,704.03,True,True,False,False,False,False,,729827.0,,,,0.78,4.25,0.91,True,4,False,,,,False,,tv_wilder_rsi14_sma5_v1,48.68,45.36,True,True,3.31
8551,8551.T,北日本銀行,2022-07,CONTINUE,2,43.16,46.47,True,True,3.31,2022-06,1599.0,1660.0,1660.0,3.81,1563.44,1572.6,1582.7,True,True,True,False,True,False,False,12140.0,,,,0.71,1.7,0.99,True,3,True,,,,False,,tv_wilder_rsi14_sma5_v1,46.47,43.16,True,True,3.31
2910,2910.T,ロック・フィールド,2022-07,NEW,1,47.26,50.56,False,True,3.3,2022-07,1520.0,1520.0,1520.0,0.0,1480.64,1438.93,1512.39,True,True,True,False,True,True,False,61437.0,,,,0.73,1.08,0.92,True,3,True,,,,False,,tv_wilder_rsi14_sma5_v1,50.56,47.26,True,False,3.3
4046,4046.T,大阪ソーダ,2022-07,CONTINUE,2,60.83,64.13,True,True,3.3,2022-06,640.0,678.0,678.0,5.94,620.28,623.06,592.27,True,True,True,False,True,True,True,353233.0,,,,1.17,1.88,1.02,False,2,True,,,,False,,tv_wilder_rsi14_sma5_v1,64.13,60.83,True,True,3.3
7840,7840.T,フランスベッドホールディングス,2022-07,CONTINUE,3,48.48,51.78,False,True,3.3,2022-05,896.0,920.0,920.0,2.68,879.44,890.69,904.4,True,True,False,False,True,False,,45367.0,,,,1.03,1.26,0.94,True,4,True,,,,False,,tv_wilder_rsi14_sma5_v1,51.78,48.48,True,False,3.3
3923,3923.T,ラクス,2022-07,NEW,1,43.87,47.16,True,True,3.28,2022-07,928.5,928.5,928.5,0.0,864.48,792.26,1124.94,True,True,False,False,True,True,False,4708620.0,,,,0.76,4.5,0.92,True,4,True,,,,False,,tv_wilder_rsi14_sma5_v1,47.16,43.87,True,True,3.28
8344,8344.T,山形銀行,2022-07,CONTINUE,2,37.86,41.14,False,True,3.28,2022-06,899.0,915.0,915.0,1.78,873.16,872.11,882.1,True,True,True,False,True,False,True,53743.0,,,,1.14,2.49,1.16,False,2,True,,,,False,,tv_wilder_rsi14_sma5_v1,41.14,37.86,True,False,3.28
8999,8999.T,グランディハウス,2022-07,NEW,1,59.5,62.78,False,True,3.28,2022-07,564.0,564.0,564.0,0.0,541.96,531.53,519.64,True,True,True,True,True,False,True,62457.0,,,,1.06,1.48,1.08,False,2,True,,,,False,,tv_wilder_rsi14_sma5_v1,62.78,59.5,True,False,3.28
3854,3854.T,アイル,2022-07,CONTINUE,5,51.56,54.82,True,True,3.26,2022-03,1548.0,1648.0,1648.0,6.46,1372.16,1360.08,,True,True,,,True,False,,39583.0,,,,1.01,3.63,0.97,True,1,True,,,,False,,tv_wilder_rsi14_sma5_v1,54.82,51.56,True,True,3.26
5930,5930.T,文化シャッター,2022-07,CONTINUE,2,49.76,53.02,False,True,3.26,2022-06,998.0,1031.0,1031.0,3.31,980.44,973.09,1039.09,True,True,False,False,True,False,False,117377.0,,,,1.26,1.62,1.07,False,4,True,,,,False,,tv_wilder_rsi14_sma5_v1,53.02,49.76,True,False,3.26
4931,4931.T,新日本製薬,2022-07,CONTINUE,6,44.3,47.55,True,True,3.25,2022-02,1377.0,1609.0,1609.0,16.85,1241.96,1245.92,,True,True,,,True,False,,140070.0,,,,0.51,5.17,0.94,True,1,True,,,,False,,tv_wilder_rsi14_sma5_v1,47.55,44.3,True,True,3.25
9684,9684.T,ｽｸｳｪｱ･ｴﾆｯｸｽ･ﾎｰﾙﾃﾞｨﾝｸﾞｽ,2022-07,CONTINUE,3,51.74,54.98,True,True,3.24,2022-05,2136.67,2053.33,2053.33,-3.9,1888.53,1856.53,1978.13,True,True,True,False,True,True,,1947110.0,,,,0.97,3.05,0.91,True,1,True,,,,False,,tv_wilder_rsi14_sma5_v1,54.98,51.74,True,True,3.24
3002,3002.T,グンゼ,2022-07,NEW,1,43.02,46.23,True,True,3.21,2022-07,1935.0,1935.0,1935.0,0.0,1890.6,1862.73,1956.78,True,True,False,False,True,False,False,62340.0,,,,0.7,1.29,1.03,False,4,True,,,,False,,tv_wilder_rsi14_sma5_v1,46.23,43.02,True,True,3.21
9658,9658.T,ビジネスブレイン太田昭和,2022-07,NEW,1,43.7,46.9,False,True,3.2,2022-07,504.0,504.0,504.0,0.0,483.97,483.04,541.63,True,True,False,False,True,True,False,78290.0,,,,0.7,1.99,0.86,True,4,True,,,,False,,tv_wilder_rsi14_sma5_v1,46.9,43.7,True,False,3.2
4323,4323.T,日本システム技術,2022-07,NEW,1,62.54,65.74,True,True,3.19,2022-07,687.5,687.5,687.5,0.0,628.43,612.46,603.09,True,True,True,True,True,True,True,94120.0,,,,0.66,3.39,1.0,True,1,True,,,,False,,tv_wilder_rsi14_sma5_v1,65.74,62.54,True,True,3.19
8136,8136.T,サンリオ,2022-07,CONTINUE,5,64.33,67.52,True,False,3.19,2022-03,167.2,203.67,203.67,21.81,156.85,159.02,,True,True,,,True,False,,4043550.0,,,,1.45,2.76,0.8,True,1,True,,,,False,,tv_wilder_rsi14_sma5_v1,67.52,64.33,False,True,3.19
6768,6768.T,タムラ製作所,2022-07,NEW,1,47.07,50.25,True,True,3.18,2022-07,616.0,616.0,616.0,0.0,588.0,569.8,630.78,True,True,False,False,True,False,False,528623.0,,,,0.87,2.45,1.0,False,4,True,,,,False,,tv_wilder_rsi14_sma5_v1,50.25,47.07,True,True,3.18
9509,9509.T,北海道電力,2022-07,CONTINUE,3,48.24,51.43,True,True,3.18,2022-05,492.0,511.0,511.0,3.86,499.28,497.96,503.85,False,False,False,False,True,False,,827853.0,,,,1.21,2.26,0.84,True,4,True,,,,False,,tv_wilder_rsi14_sma5_v1,51.43,48.24,True,True,3.18
9997,9997.T,ベルーナ,2022-07,CONTINUE,2,44.2,47.38,True,True,3.18,2022-06,745.0,776.0,776.0,4.16,694.76,702.15,735.78,True,True,True,False,True,False,False,194387.0,,,,1.03,1.84,1.08,False,3,True,,,,False,,tv_wilder_rsi14_sma5_v1,47.38,44.2,True,True,3.18
4307,4307.T,野村総合研究所,2022-07,NEW,1,54.16,57.33,False,True,3.17,2022-07,3985.0,3985.0,3985.0,0.0,3831.4,3714.6,4131.25,True,True,False,False,True,False,False,1870953.0,,,,0.68,2.17,0.94,True,4,True,,,,False,,tv_wilder_rsi14_sma5_v1,57.33,54.16,True,False,3.17
7936,7936.T,アシックス,2022-07,CONTINUE,2,54.21,57.39,True,True,3.17,2022-06,613.25,630.0,630.0,2.73,608.07,565.61,614.92,True,True,False,False,True,True,True,4693400.0,,,,1.06,3.72,0.9,True,4,False,,,,False,,tv_wilder_rsi14_sma5_v1,57.39,54.21,True,True,3.17
8804,8804.T,東京建物,2022-07,CONTINUE,2,61.01,64.18,True,True,3.17,2022-06,1869.0,1954.0,1954.0,4.55,1776.28,1797.71,1735.98,True,True,True,False,False,True,True,1070013.0,,,,1.28,2.59,1.12,False,2,True,,,,False,,tv_wilder_rsi14_sma5_v1,64.18,61.01,True,True,3.17
6143,6143.T,ソディック,2022-07,CONTINUE,3,44.71,47.87,True,True,3.16,2022-05,786.0,829.0,829.0,5.47,736.6,751.63,825.88,True,True,False,False,False,False,,442697.0,,,,1.9,2.26,0.94,True,4,True,,,,False,,tv_wilder_rsi14_sma5_v1,47.87,44.71,True,True,3.16
7482,7482.T,シモジマ,2022-07,NEW,1,40.94,44.11,True,True,3.16,2022-07,1007.0,1007.0,1007.0,0.0,990.12,950.63,1026.24,True,True,False,False,True,True,False,14627.0,,,,0.73,1.84,1.0,False,4,True,,,,False,,tv_wilder_rsi14_sma5_v1,44.11,40.94,True,True,3.16
8418,8418.T,山口フィナンシャルグループ,2022-07,CONTINUE,8,52.06,55.23,True,True,3.16,2021-12,673.0,751.0,751.0,11.59,646.12,654.23,,True,True,,,True,True,,842430.0,,,,0.77,1.59,1.04,False,1,True,,,,False,,tv_wilder_rsi14_sma5_v1,55.23,52.06,True,True,3.16
9434,9434.T,ソフトバンク,2022-07,CONTINUE,4,55.38,58.54,True,True,3.16,2022-04,151.5,153.85,153.85,1.55,147.45,146.21,,True,True,,,True,True,,95896733.0,,,,1.01,1.18,1.07,False,1,True,,,,False,,tv_wilder_rsi14_sma5_v1,58.54,55.38,True,True,3.16
6630,6630.T,ヤーマン,2022-07,CONTINUE,5,53.17,56.32,True,False,3.15,2022-03,1149.0,1549.0,1549.0,34.81,1035.44,964.63,,True,True,,,True,False,,726987.0,,,,0.91,5.32,0.97,True,1,True,,,,False,,tv_wilder_rsi14_sma5_v1,56.32,53.17,False,True,3.15
7965,7965.T,象印マホービン,2022-07,NEW,1,43.92,47.08,True,True,3.15,2022-07,1472.0,1472.0,1472.0,0.0,1462.8,1406.64,1472.05,True,True,False,False,True,True,False,116100.0,,,,0.46,2.04,0.75,True,4,True,,,,False,,tv_wilder_rsi14_sma5_v1,47.08,43.92,True,True,3.15
2121,2121.T,ＭＩＸＩ,2022-07,CONTINUE,2,45.06,48.2,True,True,3.14,2022-06,2252.0,2334.0,2334.0,3.64,2171.84,2194.39,2263.97,True,True,False,False,True,False,False,245787.0,,,,1.07,2.31,1.14,False,4,True,,,,False,,tv_wilder_rsi14_sma5_v1,48.2,45.06,True,True,3.14
6971,6971.T,京セラ,2022-07,CONTINUE,3,56.32,59.47,True,True,3.14,2022-05,1816.75,1842.0,1842.0,1.39,1749.12,1693.44,1723.08,True,True,True,False,True,True,,3680453.0,,,,1.36,1.57,0.88,True,1,True,,,,False,,tv_wilder_rsi14_sma5_v1,59.47,56.32,True,True,3.14
3678,3678.T,メディアドゥ,2022-07,NEW,1,34.87,38.0,True,True,3.13,2022-07,2191.0,2191.0,2191.0,0.0,1952.12,1867.15,2908.88,True,True,False,False,True,False,False,163593.0,,,,1.14,5.14,1.05,False,4,True,,,,False,,tv_wilder_rsi14_sma5_v1,38.0,34.87,True,True,3.13
5659,5659.T,日本精線,2022-07,NEW,1,52.85,55.99,True,True,3.13,2022-07,910.0,910.0,910.0,0.0,874.08,850.87,896.38,True,True,True,False,True,True,False,50400.0,,,,1.26,1.85,1.02,False,3,True,,,,False,,tv_wilder_rsi14_sma5_v1,55.99,52.85,True,True,3.13
7199,7199.T,プレミアグループ,2022-07,NEW,1,68.01,71.14,False,True,3.13,2022-07,1516.67,1516.67,1516.67,0.0,1422.0,1335.11,1263.06,True,True,True,True,True,True,True,203720.0,,,,1.09,2.96,1.02,False,2,True,,,,False,,tv_wilder_rsi14_sma5_v1,71.14,68.01,True,False,3.13
7419,7419.T,ノジマ,2022-07,CONTINUE,4,53.29,56.42,True,True,3.13,2022-04,435.5,485.17,485.17,11.4,411.31,405.76,,True,True,,,True,True,,709700.0,,,,1.62,1.89,1.14,False,1,True,,,,False,,tv_wilder_rsi14_sma5_v1,56.42,53.29,True,True,3.13
3288,3288.T,オープンハウスグループ,2022-07,CONTINUE,2,55.87,58.99,True,True,3.12,2022-06,5400.0,5790.0,5790.0,7.22,5352.4,5274.47,5876.68,True,True,False,False,True,True,True,405257.0,,,,0.8,3.0,1.09,False,4,True,,,,False,,tv_wilder_rsi14_sma5_v1,58.99,55.87,True,True,3.12
7226,7226.T,極東開発工業,2022-07,CONTINUE,2,45.95,49.06,True,True,3.11,2022-06,1437.0,1449.0,1449.0,0.84,1430.24,1368.04,1473.79,True,True,False,False,True,True,False,114370.0,,,,0.86,1.72,0.8,True,4,True,,,,False,,tv_wilder_rsi14_sma5_v1,49.06,45.95,True,True,3.11
6448,6448.T,ブラザー工業,2022-07,CONTINUE,5,55.42,58.52,True,True,3.1,2022-03,2237.0,2478.0,2478.0,10.77,2135.32,2161.19,,True,True,,,False,True,,899173.0,,,,0.63,2.16,0.82,True,1,True,,,,False,,tv_wilder_rsi14_sma5_v1,58.52,55.42,True,True,3.1
9543,9543.T,静岡ガス,2022-07,CONTINUE,2,45.56,48.66,True,True,3.1,2022-06,909.0,942.0,942.0,3.63,851.52,864.59,997.29,True,True,False,False,False,False,False,155923.0,,,,1.18,2.63,1.07,False,4,True,,,,False,,tv_wilder_rsi14_sma5_v1,48.66,45.56,True,True,3.1
1861,1861.T,熊谷組,2022-07,CONTINUE,2,47.47,50.55,False,True,3.09,2022-06,687.75,707.0,707.0,2.8,676.67,681.22,701.92,True,True,False,False,True,False,True,617040.0,,,,0.74,1.39,0.97,True,4,False,,,,False,,tv_wilder_rsi14_sma5_v1,50.55,47.47,True,False,3.09
8242,8242.T,エイチ・ツー・オー   リテイリング,2022-07,CONTINUE,6,50.7,53.78,True,False,3.08,2022-02,860.0,996.0,996.0,15.81,834.92,825.97,,True,True,,,True,False,,492783.0,,,,0.83,2.69,1.07,False,1,True,,,,False,,tv_wilder_rsi14_sma5_v1,53.78,50.7,False,True,3.08
2930,2930.T,北の達人コーポレーション,2022-07,CONTINUE,2,31.89,34.97,True,True,3.07,2022-06,204.0,220.0,220.0,7.84,199.48,201.67,296.73,True,True,False,False,True,False,False,1521600.0,,,,0.71,4.48,0.81,True,4,True,,,,False,,tv_wilder_rsi14_sma5_v1,34.97,31.89,True,True,3.07
7951,7951.T,ヤマハ,2022-07,CONTINUE,3,47.26,50.33,True,True,3.07,2022-05,1773.33,1880.0,1880.0,6.02,1713.87,1743.33,1971.95,True,True,False,False,False,False,,1418840.0,,,,1.46,2.73,0.98,True,4,True,,,,False,,tv_wilder_rsi14_sma5_v1,50.33,47.26,True,True,3.07
1375,1375.T,ユキグニファクトリー,2022-07,NEW,1,20.47,23.53,True,True,3.06,2022-07,953.0,953.0,953.0,0.0,934.72,951.13,1141.93,True,True,False,False,True,False,False,100513.0,,,,0.71,1.27,1.01,False,4,True,,,,False,,tv_wilder_rsi14_sma5_v1,23.53,20.47,True,True,3.06
6197,6197.T,ソラスト,2022-07,NEW,1,35.96,39.03,False,True,3.06,2022-07,851.0,851.0,851.0,0.0,757.96,765.48,1006.93,True,True,False,False,True,False,False,235150.0,,,,1.28,2.87,1.07,False,4,True,,,,False,,tv_wilder_rsi14_sma5_v1,39.03,35.96,True,False,3.06
8142,8142.T,トーホー,2022-07,CONTINUE,5,38.17,41.23,True,False,3.06,2022-03,380.0,418.67,418.67,10.18,356.56,376.92,,True,True,,,True,False,,136470.0,,,,0.58,3.58,0.94,True,1,True,,,,False,,tv_wilder_rsi14_sma5_v1,41.23,38.17,False,True,3.06
5108,5108.T,ブリヂストン,2022-07,CONTINUE,3,57.25,60.31,True,True,3.05,2022-05,2541.5,2599.0,2599.0,2.26,2426.86,2364.08,2467.01,True,True,True,False,True,False,,3940847.0,,,,1.24,2.08,0.98,True,1,True,,,,False,,tv_wilder_rsi14_sma5_v1,60.31,57.25,True,True,3.05
4043,4043.T,トクヤマ,2022-07,CONTINUE,2,36.13,39.17,True,True,3.04,2022-06,1726.0,1791.0,1791.0,3.77,1749.72,1717.12,1856.95,False,True,False,False,True,False,False,394580.0,,,,0.73,2.57,1.01,False,4,True,,,,False,,tv_wilder_rsi14_sma5_v1,39.17,36.13,True,True,3.04
9381,9381.T,エーアイテイー,2022-07,NEW,1,66.92,69.96,True,True,3.04,2022-07,1824.0,1824.0,1824.0,0.0,1661.88,1566.91,1415.01,True,True,True,True,True,True,True,85087.0,,,,0.98,5.07,1.02,False,2,True,,,,False,,tv_wilder_rsi14_sma5_v1,69.96,66.92,True,True,3.04
6594,6594.T,ニデック,2022-07,NEW,1,40.51,43.54,False,True,3.03,2022-07,4599.0,4599.0,4599.0,0.0,4449.26,4296.29,5226.31,True,True,False,False,True,False,False,5379453.0,,,,0.91,2.93,1.0,True,4,True,,,,False,,tv_wilder_rsi14_sma5_v1,43.54,40.51,True,False,3.03
7721,7721.T,東京計器,2022-07,CONTINUE,7,64.52,67.54,True,True,3.02,2022-01,1007.0,1345.0,1345.0,33.57,997.12,1002.53,,True,True,,,True,False,,58080.0,,,,1.21,2.01,1.19,False,1,False,,,,False,,tv_wilder_rsi14_sma5_v1,67.54,64.52,True,True,3.02
8848,8848.T,レオパレス２１,2022-07,CONTINUE,6,52.75,55.77,True,False,3.02,2022-02,204.0,278.0,278.0,36.27,192.4,194.72,,True,True,,,True,False,,1804480.0,,,,0.83,7.0,1.12,False,1,True,,,,False,,tv_wilder_rsi14_sma5_v1,55.77,52.75,False,True,3.02
9090,9090.T,ＡＺ－ＣＯＭ丸和ホールディングス,2022-07,CONTINUE,4,47.98,51.0,True,True,3.02,2022-04,1521.0,1523.0,1523.0,0.13,1300.76,1212.11,,True,True,,,True,False,,289777.0,,,,1.2,3.39,1.03,False,1,True,,,,False,,tv_wilder_rsi14_sma5_v1,51.0,47.98,True,True,3.02
5949,5949.T,ユニプレス,2022-07,CONTINUE,4,39.83,42.84,True,True,3.01,2022-04,749.0,833.0,833.0,11.21,725.04,753.81,,True,False,,,True,False,,196277.0,,,,0.94,2.4,0.97,True,1,True,,,,False,,tv_wilder_rsi14_sma5_v1,42.84,39.83,True,True,3.01
7931,7931.T,未来工業,2022-07,CONTINUE,3,38.44,41.45,True,True,3.01,2022-05,1557.0,1562.0,1562.0,0.32,1482.52,1511.04,1577.19,True,True,False,False,False,False,,8297.0,,,,1.98,1.74,1.13,False,4,True,,,,False,,tv_wilder_rsi14_sma5_v1,41.45,38.44,True,True,3.01
3276,3276.T,ＪＰＭＣ,2022-07,CONTINUE,3,41.37,44.37,True,True,3.0,2022-05,1015.0,1060.0,1060.0,4.43,995.16,1007.95,1083.95,True,True,False,False,False,True,,27253.0,,,,1.03,1.67,0.9,True,4,True,,,,False,,tv_wilder_rsi14_sma5_v1,44.37,41.37,True,True,3.0
6459,6459.T,大和冷機工業,2022-07,CONTINUE,2,48.56,51.57,True,True,3.0,2022-06,1100.0,1131.0,1131.0,2.82,1056.76,1063.51,1156.84,True,True,False,False,True,False,False,59543.0,,,,1.62,2.65,1.23,False,4,True,,,,False,,tv_wilder_rsi14_sma5_v1,51.57,48.56,True,True,3.0
8439,8439.T,東京センチュリー,2022-07,CONTINUE,2,40.35,43.34,True,True,3.0,2022-06,1122.5,1168.75,1168.75,4.12,1075.0,1063.8,1316.24,True,True,False,False,True,False,False,1728707.0,,,,1.01,3.01,1.06,False,4,True,,,,False,,tv_wilder_rsi14_sma5_v1,43.34,40.35,True,True,3.0
1766,1766.T,東建コーポレーション,2022-07,NEW,1,47.77,50.76,False,True,2.99,2022-07,8860.0,8860.0,8860.0,0.0,8213.2,8337.73,8876.1,True,True,False,False,True,False,False,32093.0,,,,0.68,1.81,0.78,True,4,True,,,,False,,tv_wilder_rsi14_sma5_v1,50.76,47.77,True,False,2.99
9678,9678.T,カナモト,2022-07,NEW,1,39.14,42.14,False,True,2.99,2022-07,2043.0,2043.0,2043.0,0.0,1973.52,1952.08,2168.7,True,True,False,False,True,False,False,89050.0,,,,1.03,1.44,0.88,True,4,True,,,,False,,tv_wilder_rsi14_sma5_v1,42.14,39.14,True,False,2.99
6737,6737.T,ＥＩＺＯ,2022-07,CONTINUE,2,42.91,45.89,True,False,2.97,2022-06,1885.0,1855.0,1855.0,-1.59,1870.8,1788.6,1938.21,True,True,False,False,True,True,False,113847.0,,,,0.97,2.15,1.12,False,4,True,,,,False,,tv_wilder_rsi14_sma5_v1,45.89,42.91,False,True,2.97
1979,1979.T,大氣社,2022-07,CONTINUE,2,50.69,53.66,True,True,2.96,2022-06,1590.0,1642.5,1642.5,3.3,1565.76,1552.67,1563.41,True,True,True,False,True,True,False,134027.0,,,,1.08,2.25,1.09,False,3,False,,,,False,,tv_wilder_rsi14_sma5_v1,53.66,50.69,True,True,2.96
2613,2613.T,Ｊ－オイルミルズ,2022-07,CONTINUE,2,37.93,40.89,False,True,2.96,2022-06,1608.0,1619.0,1619.0,0.68,1537.8,1583.83,1685.48,True,True,False,False,False,False,False,48640.0,,,,1.05,1.2,1.17,False,4,True,,,,False,,tv_wilder_rsi14_sma5_v1,40.89,37.93,True,False,2.96
3391,3391.T,ツルハホールディングス,2022-07,CONTINUE,2,28.87,31.82,False,True,2.96,2022-06,1474.0,1516.0,1516.0,2.85,1379.44,1423.17,2033.54,True,True,False,False,True,False,False,3360100.0,,,,0.8,3.32,1.25,False,4,True,,,,False,,tv_wilder_rsi14_sma5_v1,31.82,28.87,True,False,2.96
1814,1814.T,大末建設,2022-07,CONTINUE,3,66.51,69.46,True,True,2.95,2022-05,1555.0,1554.0,1554.0,-0.06,1449.92,1356.35,1198.0,True,True,True,True,True,True,,64563.0,,,,0.7,2.6,0.86,True,1,True,,,,False,,tv_wilder_rsi14_sma5_v1,69.46,66.51,True,True,2.95
6432,6432.T,竹内製作所,2022-07,NEW,1,49.23,52.17,True,True,2.95,2022-07,2555.0,2555.0,2555.0,0.0,2392.6,2368.53,2607.11,True,True,False,False,True,False,False,334490.0,,,,0.66,2.58,0.63,True,4,True,,,,False,,tv_wilder_rsi14_sma5_v1,52.17,49.23,True,True,2.95
7012,7012.T,川崎重工業,2022-07,CONTINUE,7,53.62,56.57,True,True,2.95,2022-01,441.4,519.0,519.0,17.58,441.15,438.05,,True,True,,,True,False,,7636933.0,,,,0.91,3.13,1.13,False,1,False,,,,False,,tv_wilder_rsi14_sma5_v1,56.57,53.62,True,True,2.95
3104,3104.T,富士紡ホールディングス,2022-07,NEW,1,44.56,47.5,True,True,2.94,2022-07,1161.67,1161.67,1161.67,0.0,1111.27,1091.42,1208.08,True,True,False,False,False,False,False,65840.0,,,,1.17,1.94,1.04,False,4,True,,,,False,,tv_wilder_rsi14_sma5_v1,47.5,44.56,True,True,2.94
7868,7868.T,広済堂ホールディングス,2022-07,CONTINUE,4,53.67,56.61,True,False,2.94,2022-04,160.4,214.8,214.8,33.92,162.42,161.6,,False,False,,,False,True,,392167.0,,,,1.05,2.58,0.91,True,1,True,,,,False,,tv_wilder_rsi14_sma5_v1,56.61,53.67,False,True,2.94
1835,1835.T,東鉄工業,2022-07,CONTINUE,2,42.61,45.52,False,False,2.91,2022-06,2423.0,2378.0,2378.0,-1.86,2287.08,2242.28,2378.14,True,True,True,False,True,False,False,94167.0,,,,1.29,2.04,1.19,False,3,True,,,,False,,tv_wilder_rsi14_sma5_v1,45.52,42.61,False,False,2.91
1980,1980.T,ダイダン,2022-07,CONTINUE,2,41.29,44.19,False,True,2.9,2022-06,352.17,366.67,366.67,4.12,342.03,343.58,374.42,True,True,False,False,True,False,False,315900.0,,,,0.64,1.71,0.99,True,4,True,,,,False,,tv_wilder_rsi14_sma5_v1,44.19,41.29,True,False,2.9
2410,2410.T,キャリアデザインセンター,2022-07,NEW,1,51.26,54.16,False,True,2.9,2022-07,1211.0,1211.0,1211.0,0.0,1159.76,1110.91,1103.7,True,True,True,True,True,False,False,25860.0,,,,1.24,2.37,0.9,True,1,True,,,,False,,tv_wilder_rsi14_sma5_v1,54.16,51.26,True,False,2.9
9508,9508.T,九州電力,2022-07,CONTINUE,3,44.45,47.34,True,False,2.89,2022-05,837.0,870.0,870.0,3.94,849.04,848.44,846.87,False,False,False,True,True,True,,2225670.0,,,,0.87,1.82,0.84,True,4,True,,,,False,,tv_wilder_rsi14_sma5_v1,47.34,44.45,False,True,2.89
7545,7545.T,西松屋チェーン,2022-07,NEW,1,56.82,59.69,True,True,2.87,2022-07,1640.0,1640.0,1640.0,0.0,1542.36,1513.27,1472.81,True,True,True,True,True,True,True,485273.0,,,,0.87,2.38,1.21,False,1,True,,,,False,,tv_wilder_rsi14_sma5_v1,59.69,56.82,True,True,2.87
2353,2353.T,日本駐車場開発,2022-07,CONTINUE,6,55.79,58.63,True,False,2.84,2022-02,140.0,169.0,169.0,20.71,136.12,137.69,,True,True,,,True,False,,1692217.0,,,,0.98,2.45,1.15,False,1,False,,,,False,,tv_wilder_rsi14_sma5_v1,58.63,55.79,False,True,2.84
5970,5970.T,ジーテクト,2022-07,NEW,1,44.41,47.24,False,True,2.84,2022-07,1336.0,1336.0,1336.0,0.0,1312.16,1285.25,1353.4,True,True,False,False,True,True,False,45793.0,,,,0.74,1.91,0.92,True,4,True,,,,False,,tv_wilder_rsi14_sma5_v1,47.24,44.41,True,False,2.84
2931,2931.T,ユーグレナ,2022-07,CONTINUE,6,52.85,55.68,True,False,2.83,2022-02,760.0,932.0,932.0,22.63,743.2,757.6,,True,True,,,True,False,,1613993.0,,,,0.68,3.96,1.37,False,1,False,,,,False,,tv_wilder_rsi14_sma5_v1,55.68,52.85,False,True,2.83
7198,7198.T,ＳＢＩアルヒ,2022-07,CONTINUE,2,37.86,40.69,True,True,2.83,2022-06,1012.0,1066.0,1066.0,5.34,986.4,994.75,1092.74,True,True,False,False,True,False,False,228967.0,,,,0.9,1.64,1.06,False,4,True,,,,False,,tv_wilder_rsi14_sma5_v1,40.69,37.86,True,True,2.83
8316,8316.T,三井住友フィナンシャルグループ,2022-07,CONTINUE,2,55.27,58.1,False,True,2.83,2022-06,1344.0,1369.0,1369.0,1.86,1339.28,1323.75,1327.69,True,True,True,False,True,False,True,19205620.0,,,,1.04,1.63,1.11,False,2,True,,,,False,,tv_wilder_rsi14_sma5_v1,58.1,55.27,True,False,2.83
8381,8381.T,山陰合同銀行,2022-07,CONTINUE,2,55.07,57.89,False,True,2.82,2022-06,654.0,674.0,674.0,3.06,660.8,652.68,628.95,False,True,True,True,True,False,True,315800.0,,,,0.93,1.67,1.02,False,2,True,,,,False,,tv_wilder_rsi14_sma5_v1,57.89,55.07,True,False,2.82
8830,8830.T,住友不動産,2022-07,CONTINUE,4,49.39,52.22,True,True,2.82,2022-04,1717.0,1829.5,1829.5,6.55,1716.1,1717.61,,True,False,,,True,True,,2201433.0,,,,1.31,2.55,1.06,False,1,True,,,,False,,tv_wilder_rsi14_sma5_v1,52.22,49.39,True,True,2.82
8860,8860.T,フジ住宅,2022-07,CONTINUE,3,48.35,51.17,True,True,2.82,2022-05,655.0,667.0,667.0,1.83,625.8,633.0,664.05,True,True,False,False,True,False,,49973.0,,,,1.17,1.6,0.83,True,4,True,,,,False,,tv_wilder_rsi14_sma5_v1,51.17,48.35,True,True,2.82
2207,2207.T,ｍｅｉｔｏ,2022-07,CONTINUE,2,54.73,57.54,False,True,2.81,2022-06,1643.0,1671.0,1671.0,1.7,1623.96,1616.51,1668.22,True,True,False,False,True,False,False,15397.0,,,,1.43,1.12,1.18,False,4,True,,,,False,,tv_wilder_rsi14_sma5_v1,57.54,54.73,True,False,2.81
4443,4443.T,Ｓａｎｓａｎ,2022-07,NEW,1,41.96,44.75,True,True,2.79,2022-07,1321.0,1321.0,1321.0,0.0,1087.8,1098.95,1730.9,True,True,False,False,True,False,False,3142543.0,,,,0.76,6.1,1.19,False,4,True,,,,False,,tv_wilder_rsi14_sma5_v1,44.75,41.96,True,True,2.79
9843,9843.T,ニトリホールディングス,2022-07,NEW,1,35.66,38.44,False,True,2.79,2022-07,2812.0,2812.0,2812.0,0.0,2710.2,2634.73,3242.22,True,True,False,False,True,False,False,2530433.0,,,,1.01,2.28,0.94,True,4,True,,,,False,,tv_wilder_rsi14_sma5_v1,38.44,35.66,True,False,2.79
3679,3679.T,じげん,2022-07,CONTINUE,5,42.13,44.91,True,True,2.78,2022-03,301.0,340.0,340.0,12.96,288.6,295.44,,True,True,,,False,False,,554833.0,,,,0.9,2.8,0.87,True,1,True,,,,False,,tv_wilder_rsi14_sma5_v1,44.91,42.13,True,True,2.78
6986,6986.T,双葉電子工業,2022-07,CONTINUE,4,29.34,32.12,True,True,2.78,2022-04,665.0,686.0,686.0,3.16,659.8,664.4,,True,True,,,True,False,,172390.0,,,,2.86,2.87,1.22,False,1,False,,,,False,,tv_wilder_rsi14_sma5_v1,32.12,29.34,True,True,2.78
7269,7269.T,スズキ,2022-07,CONTINUE,2,45.25,48.03,False,True,2.78,2022-06,1066.0,1080.75,1080.75,1.38,1012.41,996.43,1128.09,True,True,False,False,True,False,False,6581453.0,,,,1.26,2.53,1.05,False,4,True,,,,False,,tv_wilder_rsi14_sma5_v1,48.03,45.25,True,False,2.78
7294,7294.T,ヨロズ,2022-07,CONTINUE,3,35.55,38.33,True,False,2.78,2022-05,832.0,883.0,883.0,6.13,774.32,844.81,1034.72,True,False,False,False,False,False,,63007.0,,,,1.26,2.68,0.82,True,4,True,,,,False,,tv_wilder_rsi14_sma5_v1,38.33,35.55,False,True,2.78
3649,3649.T,ファインデックス,2022-07,CONTINUE,2,36.95,39.72,True,True,2.77,2022-06,652.0,696.0,696.0,6.75,627.88,650.43,836.62,True,True,False,False,True,False,False,107213.0,,,,1.23,3.44,1.19,False,4,True,,,,False,,tv_wilder_rsi14_sma5_v1,39.72,36.95,True,True,2.77
256A,256A.T,飛島ホールディングス,2022-07,NEW,1,44.03,46.78,False,True,2.75,2022-07,1063.0,1063.0,1063.0,0.0,1037.76,1019.51,1040.81,True,True,True,False,True,False,False,46230.0,,,,1.21,1.4,1.1,False,3,True,,,,False,,tv_wilder_rsi14_sma5_v1,46.78,44.03,True,False,2.75
6062,6062.T,チャーム  ･ケア  ･コーポレーション,2022-07,NEW,1,48.39,51.13,True,True,2.74,2022-07,1224.0,1224.0,1224.0,0.0,1046.56,1094.59,1261.67,True,True,False,False,True,False,False,199447.0,,,,1.04,3.0,1.11,False,4,True,,,,False,,tv_wilder_rsi14_sma5_v1,51.13,48.39,True,True,2.74
8051,8051.T,山善,2022-07,CONTINUE,2,47.05,49.79,False,True,2.74,2022-06,992.0,1003.0,1003.0,1.11,974.6,955.69,1010.27,True,True,False,False,True,False,False,189750.0,,,,1.33,2.36,1.12,False,4,True,,,,False,,tv_wilder_rsi14_sma5_v1,49.79,47.05,True,False,2.74
8715,8715.T,アニコムホールディングス,2022-07,CONTINUE,3,36.81,39.53,True,True,2.72,2022-05,666.0,680.0,680.0,2.1,638.28,668.65,778.03,True,False,False,False,True,False,,339727.0,,,,1.24,3.49,1.06,False,4,True,,,,False,,tv_wilder_rsi14_sma5_v1,39.53,36.81,True,True,2.72
9009,9009.T,京成電鉄,2022-07,CONTINUE,3,50.88,53.59,True,False,2.71,2022-05,1120.0,1210.0,1210.0,8.04,1121.73,1119.78,1119.91,False,True,True,False,False,True,,1746680.0,,,,1.32,2.49,0.77,True,3,False,,,,False,,tv_wilder_rsi14_sma5_v1,53.59,50.88,False,True,2.71
9962,9962.T,ミスミグループ本社,2022-07,NEW,1,44.68,47.39,False,True,2.71,2022-07,3295.0,3295.0,3295.0,0.0,3095.48,3022.84,3787.97,True,True,False,False,True,False,False,1053280.0,,,,0.78,2.65,0.96,True,4,True,,,,False,,tv_wilder_rsi14_sma5_v1,47.39,44.68,True,False,2.71
9900,9900.T,サガミホールディングス,2022-07,NEW,1,50.99,53.68,False,True,2.7,2022-07,1195.0,1195.0,1195.0,0.0,1153.64,1141.17,1107.3,True,True,True,True,True,False,True,95973.0,,,,0.44,1.74,0.84,True,2,True,,,,False,,tv_wilder_rsi14_sma5_v1,53.68,50.99,True,False,2.7
2281,2281.T,プリマハム,2022-07,CONTINUE,2,37.83,40.53,False,False,2.69,2022-06,2277.0,2264.0,2264.0,-0.57,2155.28,2176.28,2433.51,True,True,False,False,True,False,False,92747.0,,,,1.22,1.62,1.2,False,4,True,,,,False,,tv_wilder_rsi14_sma5_v1,40.53,37.83,False,False,2.69
4097,4097.T,高圧ガス工業,2022-07,NEW,1,42.22,44.91,False,True,2.69,2022-07,682.0,682.0,682.0,0.0,668.64,653.89,707.28,True,True,False,False,True,False,False,52617.0,,,,0.83,1.84,0.85,True,4,True,,,,False,,tv_wilder_rsi14_sma5_v1,44.91,42.22,True,False,2.69
4743,4743.T,アイティフォー,2022-07,NEW,1,48.66,51.34,True,True,2.69,2022-07,826.0,826.0,826.0,0.0,794.2,786.72,800.31,True,True,True,False,True,True,False,62573.0,,,,1.41,1.7,1.0,False,3,True,,,,False,,tv_wilder_rsi14_sma5_v1,51.34,48.66,True,True,2.69
4668,4668.T,明光ネットワークジャパン,2022-07,CONTINUE,6,43.44,46.12,True,True,2.68,2022-02,563.0,621.0,621.0,10.3,565.32,562.24,,False,True,,,True,False,,53077.0,,,,1.18,1.33,1.05,False,1,True,,,,False,,tv_wilder_rsi14_sma5_v1,46.12,43.44,True,True,2.68
8334,8334.T,群馬銀行,2022-07,CONTINUE,2,49.81,52.49,False,False,2.68,2022-06,383.0,381.0,381.0,-0.52,370.96,365.75,364.6,True,True,True,True,True,False,True,1609233.0,,,,0.97,1.9,0.97,True,2,True,,,,False,,tv_wilder_rsi14_sma5_v1,52.49,49.81,False,False,2.68
9470,9470.T,学研ホールディングス,2022-07,CONTINUE,2,35.81,38.49,True,False,2.68,2022-06,954.0,950.0,950.0,-0.42,876.56,894.55,1008.15,True,True,False,False,True,False,False,182027.0,,,,0.95,2.01,1.12,False,4,True,,,,False,,tv_wilder_rsi14_sma5_v1,38.49,35.81,False,True,2.68
1721,1721.T,コムシスホールディングス,2022-07,CONTINUE,2,43.05,45.72,False,True,2.67,2022-06,2586.0,2668.0,2668.0,3.17,2504.8,2592.63,2701.36,True,False,False,False,False,False,False,520330.0,,,,0.83,1.81,1.12,False,4,True,,,,False,,tv_wilder_rsi14_sma5_v1,45.72,43.05,True,False,2.67
1879,1879.T,新日本建設,2022-07,NEW,1,41.09,43.76,True,True,2.67,2022-07,743.0,743.0,743.0,0.0,727.88,721.57,764.64,True,True,False,False,False,False,False,71497.0,,,,0.89,1.72,0.98,True,4,True,,,,False,,tv_wilder_rsi14_sma5_v1,43.76,41.09,True,True,2.67
6770,6770.T,アルプスアルパイン,2022-07,CONTINUE,8,47.02,49.69,True,False,2.66,2021-12,1085.0,1377.0,1377.0,26.91,1066.48,1128.8,,True,False,,,False,False,,1928860.0,,,,0.63,2.02,0.92,True,1,False,,,,False,,tv_wilder_rsi14_sma5_v1,49.69,47.02,False,True,2.66
3397,3397.T,トリドールホールディングス,2022-07,NEW,1,61.46,64.11,False,True,2.65,2022-07,2574.0,2574.0,2574.0,0.0,2481.64,2368.2,2439.87,True,True,True,False,True,True,False,406567.0,,,,0.65,1.98,0.73,True,3,True,,,,False,,tv_wilder_rsi14_sma5_v1,64.11,61.46,True,False,2.65
5408,5408.T,中山製鋼所,2022-07,NEW,1,49.95,52.6,False,True,2.65,2022-07,451.0,451.0,451.0,0.0,431.44,426.87,435.38,True,True,True,False,True,False,False,301807.0,,,,1.03,1.76,1.07,False,1,True,,,,False,,tv_wilder_rsi14_sma5_v1,52.6,49.95,True,False,2.65
9850,9850.T,グルメ杵屋,2022-07,NEW,1,50.95,53.59,False,True,2.64,2022-07,1046.0,1046.0,1046.0,0.0,1028.56,1019.41,1014.15,True,True,True,True,True,False,True,44423.0,,,,0.53,1.41,1.0,False,2,True,,,,False,,tv_wilder_rsi14_sma5_v1,53.59,50.95,True,False,2.64
5208,5208.T,有沢製作所,2022-07,NEW,1,54.23,56.87,False,True,2.63,2022-07,1053.0,1053.0,1053.0,0.0,1013.68,1009.11,983.32,True,True,True,True,False,True,True,95840.0,,,,0.87,1.25,0.89,True,2,True,,,,False,,tv_wilder_rsi14_sma5_v1,56.87,54.23,True,False,2.63
5851,5851.T,リョービ,2022-07,NEW,1,38.29,40.92,True,True,2.63,2022-07,1117.0,1117.0,1117.0,0.0,1063.16,1072.84,1098.1,True,True,True,False,False,True,False,132723.0,,,,1.38,2.31,1.09,False,3,True,,,,False,,tv_wilder_rsi14_sma5_v1,40.92,38.29,True,True,2.63
2206,2206.T,江崎グリコ,2022-07,CONTINUE,2,40.59,43.21,True,False,2.62,2022-06,3925.0,3885.0,3885.0,-1.02,3726.6,3730.93,3844.53,True,True,True,False,False,False,False,312587.0,,,,2.19,1.95,1.16,False,3,True,,,,False,,tv_wilder_rsi14_sma5_v1,43.21,40.59,False,True,2.62
2801,2801.T,キッコーマン,2022-07,NEW,1,51.71,54.32,False,True,2.61,2022-07,1574.0,1574.0,1574.0,0.0,1533.12,1481.41,1661.29,True,True,False,False,True,False,False,2798833.0,,,,0.81,2.26,1.01,False,4,True,,,,False,,tv_wilder_rsi14_sma5_v1,54.32,51.71,True,False,2.61
8802,8802.T,三菱地所,2022-07,CONTINUE,7,56.42,59.02,True,True,2.6,2022-01,1657.0,1976.0,1976.0,19.25,1622.76,1652.38,,True,True,,,True,False,,3487660.0,,,,1.02,1.72,0.94,True,1,False,,,,False,,tv_wilder_rsi14_sma5_v1,59.02,56.42,True,True,2.6
3086,3086.T,Ｊ．フロントリテイリング,2022-07,CONTINUE,3,51.25,53.84,True,False,2.59,2022-05,1041.0,1115.0,1115.0,7.11,994.28,992.28,1004.48,True,True,True,False,True,False,,1731027.0,,,,1.29,2.77,1.04,False,1,True,,,,False,,tv_wilder_rsi14_sma5_v1,53.84,51.25,False,True,2.59
7552,7552.T,ハピネット,2022-07,CONTINUE,3,56.85,59.42,True,True,2.58,2022-05,791.0,803.0,803.0,1.52,766.08,770.95,754.5,True,True,True,False,True,True,,90200.0,,,,0.85,1.49,0.8,True,1,True,,,,False,,tv_wilder_rsi14_sma5_v1,59.42,56.85,True,True,2.58
7915,7915.T,ＮＩＳＳＨＡ,2022-07,CONTINUE,3,49.92,52.5,True,True,2.58,2022-05,1493.0,1558.0,1558.0,4.35,1454.16,1400.96,1589.59,True,True,False,False,True,False,,203933.0,,,,0.81,2.76,0.69,True,4,True,,,,False,,tv_wilder_rsi14_sma5_v1,52.5,49.92,True,True,2.58
9699,9699.T,ニシオホールディングス,2022-07,NEW,1,49.98,52.56,True,True,2.58,2022-07,2867.0,2867.0,2867.0,0.0,2773.68,2751.33,2765.49,True,True,True,False,True,False,False,30943.0,,,,0.82,1.61,0.79,True,3,True,,,,False,,tv_wilder_rsi14_sma5_v1,52.56,49.98,True,True,2.58
7679,7679.T,薬王堂ホールディングス,2022-07,CONTINUE,2,40.29,42.86,False,True,2.57,2022-06,2094.0,2098.0,2098.0,0.19,2025.48,2025.53,2226.47,True,True,False,False,True,False,False,32070.0,,,,0.97,2.02,1.05,False,4,True,,,,False,,tv_wilder_rsi14_sma5_v1,42.86,40.29,True,False,2.57
4956,4956.T,コニシ,2022-07,NEW,1,48.11,50.67,True,True,2.56,2022-07,810.5,810.5,810.5,0.0,790.24,774.77,811.21,True,True,False,False,True,True,False,84153.0,,,,0.62,1.74,0.94,True,4,True,,,,False,,tv_wilder_rsi14_sma5_v1,50.67,48.11,True,True,2.56
6445,6445.T,ジャノメ,2022-07,CONTINUE,2,52.48,55.03,True,True,2.56,2022-06,716.0,750.0,750.0,4.75,704.8,702.59,708.5,True,True,True,False,True,False,True,68343.0,,,,1.06,1.96,1.19,False,1,True,,,,False,,tv_wilder_rsi14_sma5_v1,55.03,52.48,True,True,2.56
9003,9003.T,相鉄ホールディングス,2022-07,CONTINUE,8,45.9,48.46,True,False,2.56,2021-12,2106.0,2347.0,2347.0,11.44,2047.0,2131.57,,True,False,,,False,False,,162240.0,,,,0.71,1.57,0.84,True,1,False,,,,False,,tv_wilder_rsi14_sma5_v1,48.46,45.9,False,True,2.56
3950,3950.T,ザ・パック,2022-07,NEW,1,38.42,40.97,False,True,2.55,2022-07,809.0,809.0,809.0,0.0,788.05,774.37,861.99,True,True,False,False,True,False,False,207040.0,,,,0.47,2.07,0.84,True,4,True,,,,False,,tv_wilder_rsi14_sma5_v1,40.97,38.42,True,False,2.55
6050,6050.T,イー・ガーディアン,2022-07,NEW,1,52.49,55.03,True,True,2.55,2022-07,3155.0,3155.0,3155.0,0.0,2948.2,2934.6,3032.35,True,True,True,False,True,True,False,73393.0,,,,1.04,2.59,1.09,False,1,True,,,,False,,tv_wilder_rsi14_sma5_v1,55.03,52.49,True,True,2.55
6413,6413.T,理想科学工業,2022-07,NEW,1,56.74,59.29,False,True,2.55,2022-07,1216.0,1216.0,1216.0,0.0,1162.14,1138.29,1098.31,True,True,True,True,True,True,False,91580.0,,,,1.01,2.13,0.9,True,1,True,,,,False,,tv_wilder_rsi14_sma5_v1,59.29,56.74,True,False,2.55
7949,7949.T,小松ウオール工業,2022-07,CONTINUE,3,49.33,51.89,True,True,2.55,2022-05,953.0,965.0,965.0,1.26,922.32,926.75,948.76,True,True,True,False,True,False,,16973.0,,,,1.22,1.29,0.85,True,3,True,,,,False,,tv_wilder_rsi14_sma5_v1,51.89,49.33,True,True,2.55
9790,9790.T,福井コンピュータホールディングス,2022-07,CONTINUE,4,48.95,51.5,True,True,2.55,2022-04,3250.0,3505.0,3505.0,7.85,3198.88,3120.52,,True,True,,,True,False,,34910.0,,,,1.05,2.48,0.96,True,1,False,,,,False,,tv_wilder_rsi14_sma5_v1,51.5,48.95,True,True,2.55
2670,2670.T,エービーシー・マート,2022-07,CONTINUE,4,46.33,48.88,True,False,2.54,2022-04,1786.67,1873.33,1873.33,4.85,1651.2,1671.04,,True,True,,,True,False,,907840.0,,,,0.96,2.58,1.0,True,1,True,,,,False,,tv_wilder_rsi14_sma5_v1,48.88,46.33,False,True,2.54
6841,6841.T,横河電機,2022-07,CONTINUE,5,57.34,59.89,True,True,2.54,2022-03,2099.0,2347.0,2347.0,11.82,1998.44,1990.19,,True,True,,,True,False,,1104750.0,,,,0.84,3.36,0.94,True,1,True,,,,False,,tv_wilder_rsi14_sma5_v1,59.89,57.34,True,True,2.54
9005,9005.T,東急,2022-07,CONTINUE,2,50.89,53.44,True,True,2.54,2022-06,1598.0,1626.0,1626.0,1.75,1524.88,1575.53,1580.6,True,True,True,False,False,False,True,1621290.0,,,,0.89,2.07,1.09,False,1,True,,,,False,,tv_wilder_rsi14_sma5_v1,53.44,50.89,True,True,2.54
2659,2659.T,サンエー,2022-07,CONTINUE,2,46.64,49.16,False,True,2.52,2022-06,2050.0,2087.5,2087.5,1.83,2005.1,2034.3,2050.47,True,True,False,False,False,False,False,70280.0,,,,1.34,1.21,1.14,False,4,True,,,,False,,tv_wilder_rsi14_sma5_v1,49.16,46.64,True,False,2.52
5020,5020.T,ＥＮＥＯＳホールディングス,2022-07,CONTINUE,7,55.32,57.84,True,False,2.52,2022-01,455.3,511.7,511.7,12.39,447.08,447.12,,True,True,,,True,False,,14839027.0,,,,1.2,1.73,1.09,False,1,True,,,,False,,tv_wilder_rsi14_sma5_v1,57.84,55.32,False,True,2.52
7821,7821.T,前田工繊,2022-07,NEW,1,49.77,52.28,False,True,2.51,2022-07,1550.0,1550.0,1550.0,0.0,1480.94,1404.49,1592.8,True,True,False,False,True,False,False,142207.0,,,,0.59,1.72,0.9,True,4,True,,,,False,,tv_wilder_rsi14_sma5_v1,52.28,49.77,True,False,2.51
3289,3289.T,東急不動産ホールディングス,2022-07,CONTINUE,6,56.06,58.56,True,True,2.5,2022-02,639.0,718.0,718.0,12.36,650.44,636.33,,False,True,,,True,False,,2484797.0,,,,0.87,2.66,0.94,True,1,True,,,,False,,tv_wilder_rsi14_sma5_v1,58.56,56.06,True,True,2.5
8282,8282.T,ケーズホールディングス,2022-07,CONTINUE,6,52.56,55.05,True,True,2.5,2022-02,1240.0,1342.0,1342.0,8.23,1199.08,1156.47,,True,True,,,True,True,,1160713.0,,,,0.96,1.97,0.9,True,1,True,,,,False,,tv_wilder_rsi14_sma5_v1,55.05,52.56,True,True,2.5
1333,1333.T,Ｕｍｉｏｓ,2022-07,CONTINUE,2,46.82,49.31,True,False,2.49,2022-06,851.33,826.0,826.0,-2.98,806.0,805.0,822.83,True,True,True,False,True,False,True,1089910.0,,,,0.76,2.44,1.02,False,1,True,,,,False,,tv_wilder_rsi14_sma5_v1,49.31,46.82,False,True,2.49
1939,1939.T,四電工,2022-07,CONTINUE,2,60.71,63.19,True,True,2.49,2022-06,590.33,609.67,609.67,3.27,569.99,571.21,560.44,True,True,True,False,True,True,True,55190.0,,,,1.35,1.81,1.0,False,1,True,,,,False,,tv_wilder_rsi14_sma5_v1,63.19,60.71,True,True,2.49
4208,4208.T,ＵＢＥ,2022-07,NEW,1,46.94,49.41,False,True,2.47,2022-07,2076.0,2076.0,2076.0,0.0,2043.84,2021.24,2045.15,True,True,True,False,True,True,False,415650.0,,,,0.93,1.36,0.96,True,3,True,,,,False,,tv_wilder_rsi14_sma5_v1,49.41,46.94,True,False,2.47
8052,8052.T,椿本興業,2022-07,NEW,1,49.05,51.52,False,True,2.47,2022-07,1260.0,1260.0,1260.0,0.0,1227.47,1207.76,1282.55,True,True,False,False,True,False,False,11310.0,,,,0.94,1.52,1.03,False,4,True,,,,False,,tv_wilder_rsi14_sma5_v1,51.52,49.05,True,False,2.47
6560,6560.T,エル・ティー・エス,2022-07,CONTINUE,5,53.06,55.51,True,False,2.46,2022-03,2928.0,3695.0,3695.0,26.2,2370.68,2424.12,,True,True,,,True,False,,37403.0,,,,0.8,4.15,1.05,False,1,True,,,,False,,tv_wilder_rsi14_sma5_v1,55.51,53.06,False,True,2.46
9974,9974.T,ベルク,2022-07,NEW,1,45.61,48.07,True,True,2.46,2022-07,5500.0,5500.0,5500.0,0.0,5273.2,5264.87,5385.62,True,True,True,False,True,False,False,18627.0,,,,0.92,1.77,0.84,True,3,True,,,,False,,tv_wilder_rsi14_sma5_v1,48.07,45.61,True,True,2.46
7513,7513.T,コジマ,2022-07,CONTINUE,6,52.48,54.93,True,True,2.45,2022-02,547.0,664.0,664.0,21.39,537.72,545.59,,True,True,,,True,False,,119817.0,,,,1.05,1.95,1.05,False,1,True,,,,False,,tv_wilder_rsi14_sma5_v1,54.93,52.48,True,True,2.45
2809,2809.T,キユーピー,2022-07,CONTINUE,2,45.49,47.93,False,True,2.44,2022-06,2294.0,2310.0,2310.0,0.7,2183.68,2238.09,2396.63,True,True,False,False,True,False,False,429903.0,,,,1.38,1.89,1.29,False,4,True,,,,False,,tv_wilder_rsi14_sma5_v1,47.93,45.49,True,False,2.44
7581,7581.T,サイゼリヤ,2022-07,CONTINUE,2,50.91,53.34,False,True,2.43,2022-06,2688.0,2698.0,2698.0,0.37,2580.28,2510.35,2747.51,True,True,False,False,True,False,True,223270.0,,,,0.82,1.87,0.79,True,4,True,,,,False,,tv_wilder_rsi14_sma5_v1,53.34,50.91,True,False,2.43
6620,6620.T,宮越ホールディングス,2022-07,CONTINUE,2,48.74,51.15,True,True,2.41,2022-06,939.0,997.0,997.0,6.18,875.08,867.28,1023.72,True,True,False,False,True,True,False,45833.0,,,,1.27,3.63,0.92,True,4,True,,,,False,,tv_wilder_rsi14_sma5_v1,51.15,48.74,True,True,2.41
8276,8276.T,平和堂,2022-07,CONTINUE,2,45.57,47.98,True,True,2.41,2022-06,1997.0,2000.0,2000.0,0.15,1913.92,1923.2,1970.91,True,True,True,False,False,False,False,121603.0,,,,1.17,1.47,1.22,False,3,True,,,,False,,tv_wilder_rsi14_sma5_v1,47.98,45.57,True,True,2.41
3401,3401.T,帝人,2022-07,CONTINUE,2,38.0,40.4,True,False,2.4,2022-06,1413.0,1406.0,1406.0,-0.5,1382.48,1361.87,1427.21,True,True,False,False,True,True,False,852423.0,,,,0.86,2.27,1.02,False,4,True,,,,False,,tv_wilder_rsi14_sma5_v1,40.4,38.0,False,True,2.4
5232,5232.T,住友大阪セメント,2022-07,NEW,1,47.88,50.28,True,True,2.4,2022-07,3505.0,3505.0,3505.0,0.0,3469.0,3428.13,3439.72,True,True,True,False,True,True,True,275437.0,,,,0.97,1.74,0.74,True,2,True,,,,False,,tv_wilder_rsi14_sma5_v1,50.28,47.88,True,True,2.4
5121,5121.T,藤倉コンポジット,2022-07,CONTINUE,3,61.38,63.78,True,False,2.39,2022-05,892.0,886.0,886.0,-0.67,752.08,722.25,762.04,True,True,True,False,True,False,,216133.0,,,,1.23,4.25,0.94,True,1,True,,,,False,,tv_wilder_rsi14_sma5_v1,63.78,61.38,False,True,2.39
5957,5957.T,日東精工,2022-07,NEW,1,45.02,47.41,True,True,2.39,2022-07,517.0,517.0,517.0,0.0,495.28,493.69,546.75,True,True,False,False,True,True,False,54427.0,,,,1.95,1.7,0.89,True,4,True,,,,False,,tv_wilder_rsi14_sma5_v1,47.41,45.02,True,True,2.39
6407,6407.T,ＣＫＤ,2022-07,NEW,1,44.87,47.26,False,True,2.39,2022-07,1876.0,1876.0,1876.0,0.0,1773.88,1767.45,1997.35,True,True,False,False,False,False,False,255517.0,,,,0.78,2.42,1.05,False,4,True,,,,False,,tv_wilder_rsi14_sma5_v1,47.26,44.87,True,False,2.39
3180,3180.T,ビューティガレージ,2022-07,NEW,1,47.0,49.38,False,True,2.38,2022-07,1420.0,1420.0,1420.0,0.0,1294.92,1299.49,1502.88,True,True,False,False,True,True,False,64360.0,,,,1.1,2.7,0.91,True,4,True,,,,False,,tv_wilder_rsi14_sma5_v1,49.38,47.0,True,False,2.38
4088,4088.T,エア・ウォーター,2022-07,NEW,1,50.64,53.01,True,True,2.38,2022-07,1785.0,1785.0,1785.0,0.0,1730.44,1710.28,1725.49,True,True,True,False,True,True,False,507103.0,,,,1.15,1.85,1.02,False,1,True,,,,False,,tv_wilder_rsi14_sma5_v1,53.01,50.64,True,True,2.38
8020,8020.T,兼松,2022-07,NEW,1,50.49,52.85,False,True,2.37,2022-07,691.5,691.5,691.5,0.0,681.16,670.59,662.76,True,True,True,True,True,False,False,389553.0,,,,0.83,1.18,0.86,True,1,True,,,,False,,tv_wilder_rsi14_sma5_v1,52.85,50.49,True,False,2.37
5122,5122.T,オカモト,2022-07,NEW,1,43.82,46.17,False,True,2.35,2022-07,3940.0,3940.0,3940.0,0.0,3868.0,3846.53,3970.35,True,True,False,False,True,False,False,24703.0,,,,1.66,1.97,1.1,False,4,True,,,,False,,tv_wilder_rsi14_sma5_v1,46.17,43.82,True,False,2.35
6277,6277.T,ホソカワミクロン,2022-07,CONTINUE,2,45.37,47.72,True,True,2.35,2022-06,2602.0,2727.0,2727.0,4.8,2605.0,2544.41,2901.2,False,True,False,False,True,False,False,64097.0,,,,0.62,1.96,0.89,True,4,False,,,,False,,tv_wilder_rsi14_sma5_v1,47.72,45.37,True,True,2.35
7095,7095.T,ＭａｃｂｅｅＰｌａｎｅｔ,2022-07,NEW,1,55.2,57.55,True,True,2.35,2022-07,1807.5,1807.5,1807.5,0.0,1684.4,1557.73,1732.71,True,True,True,False,True,True,False,197853.0,,,,0.52,3.97,0.67,True,3,True,,,,False,,tv_wilder_rsi14_sma5_v1,57.55,55.2,True,True,2.35
2432,2432.T,ディー・エヌ・エー,2022-07,CONTINUE,5,49.9,52.23,True,True,2.33,2022-03,1860.0,1962.0,1962.0,5.48,1813.04,1773.16,,True,True,,,True,True,,585687.0,,,,0.88,2.16,0.88,True,1,True,,,,False,,tv_wilder_rsi14_sma5_v1,52.23,49.9,True,True,2.33
3443,3443.T,川田テクノロジーズ,2022-07,NEW,1,39.09,41.42,True,True,2.33,2022-07,407.22,407.22,407.22,0.0,403.24,392.33,415.66,True,True,False,False,True,False,False,75240.0,,,,0.72,1.85,0.92,True,4,True,,,,False,,tv_wilder_rsi14_sma5_v1,41.42,39.09,True,True,2.33
3778,3778.T,さくらインターネット,2022-07,NEW,1,46.83,49.15,True,True,2.32,2022-07,588.0,588.0,588.0,0.0,556.6,555.53,553.28,True,True,True,True,True,True,False,67257.0,,,,2.52,1.93,1.04,False,3,True,,,,False,,tv_wilder_rsi14_sma5_v1,49.15,46.83,True,True,2.32
1941,1941.T,中電工,2022-07,CONTINUE,2,43.18,45.49,False,False,2.31,2022-06,2138.0,2135.0,2135.0,-0.14,2093.32,2095.13,2148.54,True,True,False,False,True,False,False,64477.0,,,,1.07,1.21,1.1,False,4,True,,,,False,,tv_wilder_rsi14_sma5_v1,45.49,43.18,False,False,2.31
1969,1969.T,高砂熱学工業,2022-07,NEW,1,44.09,46.4,False,True,2.31,2022-07,844.5,844.5,844.5,0.0,820.78,815.01,910.45,True,True,False,False,True,False,False,219420.0,,,,0.9,2.01,1.02,False,4,True,,,,False,,tv_wilder_rsi14_sma5_v1,46.4,44.09,True,False,2.31
9007,9007.T,小田急電鉄,2022-07,CONTINUE,2,36.01,38.32,True,True,2.31,2022-06,1825.0,1900.0,1900.0,4.11,1761.16,1894.03,2119.91,True,False,False,False,False,False,False,1312197.0,,,,0.88,2.34,1.03,False,4,False,,,,False,,tv_wilder_rsi14_sma5_v1,38.32,36.01,True,True,2.31
9505,9505.T,北陸電力,2022-07,CONTINUE,2,35.7,38.01,True,True,2.31,2022-06,532.0,542.0,542.0,1.88,519.72,536.45,561.87,True,False,False,False,False,False,False,568943.0,,,,0.99,1.97,1.07,False,4,True,,,,False,,tv_wilder_rsi14_sma5_v1,38.01,35.7,True,True,2.31
2587,2587.T,サントリービバレッジ＆フード,2022-07,CONTINUE,2,59.63,61.93,True,True,2.3,2022-06,5130.0,5250.0,5250.0,2.34,4926.0,4878.13,4609.38,True,True,True,True,False,True,True,689060.0,,,,0.98,2.49,1.12,False,2,True,,,,False,,tv_wilder_rsi14_sma5_v1,61.93,59.63,True,True,2.3
8173,8173.T,Ｊｏｓｈｉｎ,2022-07,CONTINUE,2,38.86,41.16,True,True,2.3,2022-06,1944.0,2000.0,2000.0,2.88,1886.68,1919.77,2116.82,True,True,False,False,False,False,False,61213.0,,,,1.05,1.61,1.0,False,4,True,,,,False,,tv_wilder_rsi14_sma5_v1,41.16,38.86,True,True,2.3
3291,3291.T,飯田グループホールディングス,2022-07,CONTINUE,2,45.42,47.69,True,True,2.28,2022-06,2089.0,2174.0,2174.0,4.07,2058.64,2084.08,2401.9,True,True,False,False,True,False,False,734510.0,,,,0.95,2.13,0.99,True,4,True,,,,False,,tv_wilder_rsi14_sma5_v1,47.69,45.42,True,True,2.28
7466,7466.T,ＳＰＫ,2022-07,CONTINUE,3,52.67,54.93,True,True,2.26,2022-05,684.5,699.5,699.5,2.19,661.52,660.97,675.24,True,True,True,False,False,True,,17447.0,,,,1.6,1.69,0.95,True,3,True,,,,False,,tv_wilder_rsi14_sma5_v1,54.93,52.67,True,True,2.26
3388,3388.T,明治電機工業,2022-07,CONTINUE,3,36.38,38.62,True,True,2.24,2022-05,1098.0,1100.0,1100.0,0.18,1042.32,1062.56,1215.52,True,True,False,False,True,False,,27607.0,,,,1.0,1.95,1.03,False,4,True,,,,False,,tv_wilder_rsi14_sma5_v1,38.62,36.38,True,True,2.24
8697,8697.T,日本取引所グループ,2022-07,NEW,1,42.82,45.04,True,True,2.22,2022-07,1054.25,1054.25,1054.25,0.0,1050.32,1027.6,1145.36,True,True,False,False,True,False,False,2437400.0,,,,0.98,2.1,1.06,False,4,True,,,,False,,tv_wilder_rsi14_sma5_v1,45.04,42.82,True,True,2.22
3064,3064.T,ＭｏｎｏｔａＲＯ,2022-07,NEW,1,50.2,52.41,True,True,2.21,2022-07,2365.0,2365.0,2365.0,0.0,2184.36,2111.27,2224.5,True,True,True,False,True,False,False,1968970.0,,,,0.65,3.11,0.93,True,3,True,,,,False,,tv_wilder_rsi14_sma5_v1,52.41,50.2,True,True,2.21
3498,3498.T,霞ヶ関キャピタル,2022-07,NEW,1,50.07,52.28,True,True,2.21,2022-07,1275.5,1275.5,1275.5,0.0,1190.16,1093.37,1386.74,True,True,False,False,True,False,True,390553.0,,,,0.48,4.2,0.77,True,4,True,,,,False,,tv_wilder_rsi14_sma5_v1,52.28,50.07,True,True,2.21
5602,5602.T,栗本鐵工所,2022-07,CONTINUE,5,47.88,50.09,True,True,2.21,2022-03,314.0,332.0,332.0,5.73,305.33,308.85,,True,True,,,False,False,,86833.0,,,,1.49,1.71,0.95,True,1,True,,,,False,,tv_wilder_rsi14_sma5_v1,50.09,47.88,True,True,2.21
6706,6706.T,電気興業,2022-07,NEW,1,46.69,48.9,True,True,2.21,2022-07,2483.0,2483.0,2483.0,0.0,2462.48,2473.11,2456.66,True,True,True,False,False,True,True,31400.0,,,,0.71,1.66,0.81,True,3,False,,,,False,,tv_wilder_rsi14_sma5_v1,48.9,46.69,True,True,2.21
1926,1926.T,ライト工業,2022-07,NEW,1,54.84,57.04,False,True,2.2,2022-07,1961.0,1961.0,1961.0,0.0,1877.88,1829.16,1909.73,True,True,True,False,True,False,False,138660.0,,,,0.89,1.18,0.88,True,3,True,,,,False,,tv_wilder_rsi14_sma5_v1,57.04,54.84,True,False,2.2
8014,8014.T,蝶理,2022-07,CONTINUE,4,56.17,58.37,True,True,2.2,2022-04,1910.0,1983.0,1983.0,3.82,1771.6,1775.2,,True,True,,,True,False,,23883.0,,,,1.89,2.06,1.3,False,1,True,,,,False,,tv_wilder_rsi14_sma5_v1,58.37,56.17,True,True,2.2
9946,9946.T,ミニストップ,2022-07,CONTINUE,2,47.44,49.64,True,False,2.2,2022-06,1463.0,1460.0,1460.0,-0.21,1418.2,1415.92,1424.05,True,True,True,False,True,False,False,46290.0,,,,1.08,1.12,1.0,False,1,True,,,,False,,tv_wilder_rsi14_sma5_v1,49.64,47.44,False,True,2.2
4521,4521.T,科研製薬,2022-07,CONTINUE,2,38.58,40.77,False,True,2.19,2022-06,3815.0,3880.0,3880.0,1.7,3713.0,3826.6,4152.07,True,False,False,False,False,False,False,72260.0,,,,1.22,1.51,1.09,False,4,True,,,,False,,tv_wilder_rsi14_sma5_v1,40.77,38.58,True,False,2.19
9722,9722.T,藤田観光,2022-07,CONTINUE,3,56.27,58.46,True,False,2.19,2022-05,495.2,541.0,541.0,9.25,473.68,468.77,473.28,True,True,True,False,True,True,,185117.0,,,,1.47,2.95,0.96,True,1,True,,,,False,,tv_wilder_rsi14_sma5_v1,58.46,56.27,False,True,2.19
7818,7818.T,トランザクション,2022-07,CONTINUE,4,49.97,52.15,True,True,2.18,2022-04,525.5,565.5,565.5,7.61,508.84,503.94,,True,True,,,True,False,,77973.0,,,,1.6,3.28,1.15,False,1,True,,,,False,,tv_wilder_rsi14_sma5_v1,52.15,49.97,True,True,2.18
8341,8341.T,七十七銀行,2022-07,CONTINUE,8,57.66,59.84,True,False,2.18,2021-12,445.0,590.67,590.67,32.73,415.76,414.37,,True,True,,,True,True,,553160.0,,,,0.75,1.34,0.99,True,1,True,,,,False,,tv_wilder_rsi14_sma5_v1,59.84,57.66,False,True,2.18
3771,3771.T,システムリサーチ,2022-07,CONTINUE,5,54.39,56.56,True,True,2.17,2022-03,936.5,1053.0,1053.0,12.44,914.5,927.16,,True,True,,,True,False,,23487.0,,,,1.46,2.91,1.12,False,1,True,,,,False,,tv_wilder_rsi14_sma5_v1,56.56,54.39,True,True,2.17
4204,4204.T,積水化学工業,2022-07,CONTINUE,3,49.53,51.7,False,True,2.17,2022-05,1850.0,1864.0,1864.0,0.76,1733.6,1776.64,1863.88,True,True,False,False,True,False,,1203617.0,,,,1.63,1.96,0.85,True,4,True,,,,False,,tv_wilder_rsi14_sma5_v1,51.7,49.53,True,False,2.17
2004,2004.T,昭和産業,2022-07,CONTINUE,2,34.3,36.45,False,False,2.16,2022-06,2542.0,2532.0,2532.0,-0.39,2451.08,2548.87,2661.49,True,False,False,False,False,False,False,47723.0,,,,1.16,1.37,1.1,False,4,True,,,,False,,tv_wilder_rsi14_sma5_v1,36.45,34.3,False,False,2.16
9616,9616.T,共立メンテナンス,2022-07,CONTINUE,6,61.55,63.71,True,True,2.16,2022-02,2125.0,2550.0,2550.0,20.0,2105.4,2075.5,,True,True,,,True,True,,491540.0,,,,0.91,3.5,0.94,True,1,True,,,,False,,tv_wilder_rsi14_sma5_v1,63.71,61.55,True,True,2.16
2181,2181.T,パーソルホールディングス,2022-07,NEW,1,54.12,56.27,True,True,2.15,2022-07,273.7,273.7,273.7,0.0,262.36,252.73,279.36,True,True,False,False,True,True,False,6133733.0,,,,0.84,2.63,0.95,True,4,True,,,,False,,tv_wilder_rsi14_sma5_v1,56.27,54.12,True,True,2.15
2590,2590.T,ダイドーグループホールディングス,2022-07,CONTINUE,2,48.45,50.6,False,True,2.15,2022-06,2515.0,2540.0,2540.0,0.99,2475.3,2445.83,2538.18,True,True,False,False,False,True,False,59680.0,,,,1.0,1.76,1.06,False,4,True,,,,False,,tv_wilder_rsi14_sma5_v1,50.6,48.45,True,False,2.15
3302,3302.T,帝国繊維,2022-07,CONTINUE,2,38.35,40.49,False,True,2.15,2022-06,1650.0,1682.0,1682.0,1.94,1579.0,1614.44,1872.42,True,True,False,False,True,False,False,82457.0,,,,0.71,2.29,1.07,False,4,True,,,,False,,tv_wilder_rsi14_sma5_v1,40.49,38.35,True,False,2.15
4901,4901.T,富士フイルムホールディングス,2022-07,CONTINUE,2,53.15,55.3,True,True,2.15,2022-06,2426.0,2520.0,2520.0,3.87,2375.19,2399.77,2684.71,True,True,False,False,True,False,False,4072340.0,,,,1.11,2.19,0.91,True,4,False,,,,False,,tv_wilder_rsi14_sma5_v1,55.3,53.15,True,True,2.15
6923,6923.T,スタンレー電気,2022-07,NEW,1,36.51,38.66,False,True,2.15,2022-07,2323.0,2323.0,2323.0,0.0,2303.0,2253.95,2584.19,True,True,False,False,True,False,False,631417.0,,,,1.08,2.3,0.83,True,4,True,,,,False,,tv_wilder_rsi14_sma5_v1,38.66,36.51,True,False,2.15
7167,7167.T,めぶきフィナンシャルグループ,2022-07,CONTINUE,2,51.96,54.11,False,True,2.15,2022-06,267.0,268.0,268.0,0.37,256.2,255.84,251.21,True,True,True,True,True,False,True,5028997.0,,,,0.98,2.06,1.08,False,2,True,,,,False,,tv_wilder_rsi14_sma5_v1,54.11,51.96,True,False,2.15
8366,8366.T,滋賀銀行,2022-07,CONTINUE,8,59.38,61.52,True,False,2.15,2021-12,413.8,539.8,539.8,30.45,387.03,381.14,,True,True,,,True,True,,624417.0,,,,0.61,1.84,0.93,True,1,True,,,,False,,tv_wilder_rsi14_sma5_v1,61.52,59.38,False,True,2.15
6845,6845.T,アズビル,2022-07,NEW,1,46.36,48.5,False,True,2.14,2022-07,996.25,996.25,996.25,0.0,948.05,935.23,1083.29,True,True,False,False,True,False,False,1888933.0,,,,0.72,2.56,0.93,True,4,True,,,,False,,tv_wilder_rsi14_sma5_v1,48.5,46.36,True,False,2.14
7004,7004.T,カナデビア,2022-07,CONTINUE,3,58.01,60.14,False,False,2.14,2022-05,787.0,830.0,830.0,5.46,746.36,739.27,799.67,True,True,False,False,True,False,,887480.0,,,,0.76,3.37,0.82,True,4,True,,,,False,,tv_wilder_rsi14_sma5_v1,60.14,58.01,False,False,2.14
3676,3676.T,デジタルハーツホールディングス,2022-07,NEW,1,54.49,56.62,True,True,2.13,2022-07,1940.0,1940.0,1940.0,0.0,1810.52,1744.11,1871.81,True,True,True,False,True,True,False,85053.0,,,,1.01,2.85,0.98,True,3,True,,,,False,,tv_wilder_rsi14_sma5_v1,56.62,54.49,True,True,2.13
4725,4725.T,ＣＡＣＨｏｌｄｉｎｇｓ,2022-07,NEW,1,50.3,52.43,True,True,2.13,2022-07,1440.0,1440.0,1440.0,0.0,1401.56,1388.68,1436.37,True,True,True,False,False,False,False,18560.0,,,,0.73,1.74,0.99,True,3,True,,,,False,,tv_wilder_rsi14_sma5_v1,52.43,50.3,True,True,2.13
5110,5110.T,住友ゴム工業,2022-07,CONTINUE,3,46.31,48.44,True,True,2.13,2022-05,1177.0,1194.0,1194.0,1.44,1153.68,1123.88,1237.9,True,True,False,False,True,False,,1024267.0,,,,0.98,2.27,0.84,True,4,True,,,,False,,tv_wilder_rsi14_sma5_v1,48.44,46.31,True,True,2.13
7459,7459.T,メディパルホールディングス,2022-07,NEW,1,45.52,47.65,False,True,2.13,2022-07,2005.0,2005.0,2005.0,0.0,1984.36,1935.2,2034.68,True,True,False,False,True,False,False,706343.0,,,,1.0,1.62,1.06,False,4,True,,,,False,,tv_wilder_rsi14_sma5_v1,47.65,45.52,True,False,2.13
9984,9984.T,ソフトバンクグループ,2022-07,NEW,1,44.21,46.34,True,True,2.13,2022-07,1401.25,1401.25,1401.25,0.0,1352.12,1325.7,1378.72,True,True,True,False,True,True,False,54509013.0,,,,0.91,2.75,0.91,True,3,True,,,,False,,tv_wilder_rsi14_sma5_v1,46.34,44.21,True,True,2.13
4249,4249.T,森六,2022-07,NEW,1,42.8,44.92,True,True,2.12,2022-07,1859.0,1859.0,1859.0,0.0,1831.76,1821.51,1855.95,True,True,True,False,False,False,False,32310.0,,,,0.73,1.41,0.9,True,3,True,,,,False,,tv_wilder_rsi14_sma5_v1,44.92,42.8,True,True,2.12
6798,6798.T,ＳＭＫ,2022-07,NEW,1,39.94,42.06,True,True,2.12,2022-07,2205.0,2205.0,2205.0,0.0,2153.56,2150.11,2209.74,True,True,False,False,True,False,False,18097.0,,,,3.22,3.03,1.32,False,4,True,,,,False,,tv_wilder_rsi14_sma5_v1,42.06,39.94,True,True,2.12
4641,4641.T,アルプス技研,2022-07,NEW,1,49.13,51.23,True,True,2.11,2022-07,646.0,646.0,646.0,0.0,609.03,618.69,632.21,True,True,True,False,False,False,False,202670.0,,,,1.2,1.53,1.05,False,3,True,,,,False,,tv_wilder_rsi14_sma5_v1,51.23,49.13,True,True,2.11
2579,2579.T,ｺｶ･ｺｰﾗ ﾎﾞﾄﾗｰｽﾞｼﾞｬﾊﾟﾝﾎｰﾙﾃﾞｨﾝｸﾞｽ,2022-07,CONTINUE,2,41.52,43.62,True,False,2.1,2022-06,1620.0,1511.0,1511.0,-6.73,1474.16,1456.57,1464.41,True,True,True,False,True,True,False,899223.0,,,,1.67,2.82,1.18,False,1,True,,,,False,,tv_wilder_rsi14_sma5_v1,43.62,41.52,False,True,2.1
9076,9076.T,セイノーホールディングス,2022-07,CONTINUE,2,37.85,39.95,False,True,2.1,2022-06,1086.0,1100.0,1100.0,1.29,1051.48,1065.52,1179.35,True,True,False,False,True,False,False,485257.0,,,,1.39,2.1,1.13,False,4,True,,,,False,,tv_wilder_rsi14_sma5_v1,39.95,37.85,True,False,2.1
4919,4919.T,ミルボン,2022-07,NEW,1,45.05,47.14,False,True,2.09,2022-07,5350.0,5350.0,5350.0,0.0,5050.2,5077.6,5591.77,True,True,False,False,True,False,False,101353.0,,,,0.9,1.77,0.89,True,4,True,,,,False,,tv_wilder_rsi14_sma5_v1,47.14,45.05,True,False,2.09
6113,6113.T,アマダ,2022-07,NEW,1,46.92,49.01,True,True,2.09,2022-07,1067.0,1067.0,1067.0,0.0,1026.4,1023.39,1073.88,True,True,False,False,False,False,False,1258703.0,,,,0.74,1.82,0.98,True,4,True,,,,False,,tv_wilder_rsi14_sma5_v1,49.01,46.92,True,True,2.09
4687,4687.T,ＴＤＣソフト,2022-07,NEW,1,53.11,55.19,True,True,2.08,2022-07,582.5,582.5,582.5,0.0,552.56,541.15,563.75,True,True,True,False,True,False,False,59713.0,,,,1.77,2.51,1.09,False,3,True,,,,False,,tv_wilder_rsi14_sma5_v1,55.19,53.11,True,True,2.08
1934,1934.T,ユアテック,2022-07,CONTINUE,2,49.68,51.74,False,False,2.07,2022-06,738.0,726.0,726.0,-1.63,705.4,691.68,686.49,True,True,True,True,True,False,True,77450.0,,,,1.68,1.83,1.14,False,1,True,,,,False,,tv_wilder_rsi14_sma5_v1,51.74,49.68,False,False,2.07
6653,6653.T,正興電機製作所,2022-07,NEW,1,44.16,46.23,True,True,2.07,2022-07,1192.0,1192.0,1192.0,0.0,1127.44,1124.56,1164.83,True,True,True,False,True,False,False,43597.0,,,,1.84,2.85,0.92,True,3,True,,,,False,,tv_wilder_rsi14_sma5_v1,46.23,44.16,True,True,2.07
1878,1878.T,大東建託,2022-07,NEW,1,49.09,51.15,False,True,2.06,2022-07,2518.0,2518.0,2518.0,0.0,2415.84,2346.67,2513.3,True,True,True,False,True,False,False,1008817.0,,,,0.87,1.42,0.86,True,3,True,,,,False,,tv_wilder_rsi14_sma5_v1,51.15,49.09,True,False,2.06
7011,7011.T,三菱重工業,2022-07,CONTINUE,7,66.88,68.94,True,True,2.06,2022-01,309.9,492.1,492.1,58.79,295.07,286.4,,True,True,,,True,True,,21246700.0,,,,0.9,2.59,1.0,False,1,True,,,,False,,tv_wilder_rsi14_sma5_v1,68.94,66.88,True,True,2.06
4574,4574.T,大幸薬品,2022-07,NEW,1,32.09,34.14,True,True,2.05,2022-07,620.0,620.0,620.0,0.0,605.72,598.21,667.72,True,True,False,False,True,True,False,147070.0,,,,0.79,2.71,1.12,False,4,True,,,,False,,tv_wilder_rsi14_sma5_v1,34.14,32.09,True,True,2.05
7510,7510.T,たけびし,2022-07,CONTINUE,4,49.59,51.63,True,True,2.04,2022-04,1459.0,1503.0,1503.0,3.02,1452.88,1441.51,,True,True,,,True,False,,19897.0,,,,0.65,1.08,0.83,True,1,False,,,,False,,tv_wilder_rsi14_sma5_v1,51.63,49.59,True,True,2.04
7701,7701.T,島津製作所,2022-07,NEW,1,57.57,59.62,True,True,2.04,2022-07,4715.0,4715.0,4715.0,0.0,4509.0,4474.73,4454.98,True,True,True,True,False,True,False,562243.0,,,,0.73,2.23,0.94,True,3,True,,,,False,,tv_wilder_rsi14_sma5_v1,59.62,57.57,True,True,2.04
8043,8043.T,スターゼン,2022-07,NEW,1,46.0,48.04,False,True,2.04,2022-07,680.33,680.33,680.33,0.0,677.93,662.02,673.86,True,True,True,False,True,False,False,39730.0,,,,0.7,1.39,0.91,True,3,True,,,,False,,tv_wilder_rsi14_sma5_v1,48.04,46.0,True,False,2.04
2730,2730.T,エディオン,2022-07,CONTINUE,8,56.8,58.83,True,False,2.03,2021-12,1073.0,1254.0,1254.0,16.87,1043.04,1061.47,,True,True,,,False,False,,407903.0,,,,0.59,1.05,0.81,True,1,True,,,,False,,tv_wilder_rsi14_sma5_v1,58.83,56.8,False,True,2.03
1944,1944.T,きんでん,2022-07,CONTINUE,2,41.06,43.08,False,True,2.02,2022-06,1567.0,1568.0,1568.0,0.06,1514.32,1537.53,1680.12,True,True,False,False,True,False,False,280453.0,,,,1.14,1.59,1.01,False,4,True,,,,False,,tv_wilder_rsi14_sma5_v1,43.08,41.06,True,False,2.02
6331,6331.T,三菱化工機,2022-07,CONTINUE,3,43.03,45.06,True,True,2.02,2022-05,695.0,683.33,683.33,-1.68,661.73,663.8,735.88,True,True,False,False,True,False,,50200.0,,,,1.15,1.85,0.95,True,4,True,,,,False,,tv_wilder_rsi14_sma5_v1,45.06,43.03,True,True,2.02
2815,2815.T,アリアケジャパン,2022-07,CONTINUE,2,38.59,40.6,False,False,2.01,2022-06,5580.0,5290.0,5290.0,-5.2,5301.0,5161.6,5995.25,True,True,False,False,True,False,False,66983.0,,,,1.32,2.28,1.1,False,4,True,,,,False,,tv_wilder_rsi14_sma5_v1,40.6,38.59,False,False,2.01
6302,6302.T,住友重機械工業,2022-07,CONTINUE,3,50.67,52.68,True,True,2.01,2022-05,3030.0,3025.0,3025.0,-0.17,2870.6,2821.88,2866.89,True,True,True,False,True,False,,416420.0,,,,1.09,2.14,0.81,True,3,True,,,,False,,tv_wilder_rsi14_sma5_v1,52.68,50.67,True,True,2.01
3076,3076.T,あい   ホールディングス,2022-07,NEW,1,40.81,42.81,True,True,2.0,2022-07,1677.0,1677.0,1677.0,0.0,1603.32,1631.75,1807.72,True,True,False,False,False,False,False,89257.0,,,,0.57,1.47,0.85,True,4,True,,,,False,,tv_wilder_rsi14_sma5_v1,42.81,40.81,True,True,2.0
7280,7280.T,ミツバ,2022-07,CONTINUE,3,40.07,42.07,True,True,1.99,2022-05,405.0,416.0,416.0,2.72,374.32,368.32,488.8,True,True,False,False,True,False,,211073.0,,,,0.91,5.04,0.91,True,4,True,,,,False,,tv_wilder_rsi14_sma5_v1,42.07,40.07,True,True,1.99
7593,7593.T,ＶＴホールディングス,2022-07,CONTINUE,2,51.51,53.5,False,True,1.99,2022-06,482.0,484.0,484.0,0.41,464.44,461.65,478.42,True,True,True,False,True,False,False,242177.0,,,,1.59,1.9,1.13,False,3,True,,,,False,,tv_wilder_rsi14_sma5_v1,53.5,51.51,True,False,1.99
9628,9628.T,燦ホールディングス,2022-07,CONTINUE,3,65.67,67.67,True,True,1.99,2022-05,953.0,932.5,932.5,-2.15,839.54,796.99,760.49,True,True,True,True,True,True,,33173.0,,,,1.26,3.67,0.95,True,1,True,,,,False,,tv_wilder_rsi14_sma5_v1,67.67,65.67,True,True,1.99
2531,2531.T,宝ホールディングス,2022-07,NEW,1,43.37,45.36,False,True,1.98,2022-07,1074.0,1074.0,1074.0,0.0,1026.0,1012.39,1166.28,True,True,False,False,True,False,False,556360.0,,,,0.98,1.82,0.86,True,4,True,,,,False,,tv_wilder_rsi14_sma5_v1,45.36,43.37,True,False,1.98
9746,9746.T,ＴＫＣ,2022-07,NEW,1,54.43,56.41,True,True,1.98,2022-07,3490.0,3490.0,3490.0,0.0,3385.6,3342.07,3300.35,True,True,True,True,True,True,False,45837.0,,,,0.64,1.94,0.96,True,1,True,,,,False,,tv_wilder_rsi14_sma5_v1,56.41,54.43,True,True,1.98
3543,3543.T,コメダホールディングス,2022-07,CONTINUE,4,58.02,59.99,True,False,1.97,2022-04,2238.0,2278.0,2278.0,1.79,2103.92,2090.67,,True,True,,,True,True,,265993.0,,,,1.12,1.94,1.11,False,1,True,,,,False,,tv_wilder_rsi14_sma5_v1,59.99,58.02,False,True,1.97
4290,4290.T,プレステージ・インターナショナル,2022-07,CONTINUE,2,44.12,46.1,True,True,1.97,2022-06,676.0,690.0,690.0,2.07,634.44,655.76,698.71,True,True,False,False,True,False,False,251483.0,,,,1.3,3.34,1.04,False,4,True,,,,False,,tv_wilder_rsi14_sma5_v1,46.1,44.12,True,True,1.97
4526,4526.T,理研ビタミン,2022-07,CONTINUE,2,48.47,50.45,True,True,1.97,2022-06,1700.0,1727.0,1727.0,1.59,1615.88,1652.21,1713.43,True,True,False,False,False,False,False,76537.0,,,,2.51,1.66,1.19,False,4,True,,,,False,,tv_wilder_rsi14_sma5_v1,50.45,48.47,True,True,1.97
6564,6564.T,ミダックホールディングス,2022-07,CONTINUE,3,50.36,52.34,True,True,1.97,2022-05,2852.0,2931.0,2931.0,2.77,2359.36,2402.11,3779.77,True,True,False,False,False,False,,119150.0,,,,1.12,5.35,0.96,True,4,True,,,,False,,tv_wilder_rsi14_sma5_v1,52.34,50.36,True,True,1.97
3028,3028.T,アルペン,2022-07,CONTINUE,2,44.77,46.73,True,True,1.96,2022-06,2021.0,2075.0,2075.0,2.67,1993.56,1984.11,2280.89,True,True,False,False,True,False,False,193967.0,,,,1.58,2.19,1.19,False,4,True,,,,False,,tv_wilder_rsi14_sma5_v1,46.73,44.77,True,True,1.96
4552,4552.T,ＪＣＲファーマ,2022-07,CONTINUE,5,46.89,48.85,True,True,1.96,2022-03,2257.0,2465.0,2465.0,9.22,2120.12,2130.36,,True,True,,,True,False,,350597.0,,,,1.14,2.52,0.89,True,1,True,,,,False,,tv_wilder_rsi14_sma5_v1,48.85,46.89,True,True,1.96
1780,1780.T,ヤマウラ,2022-07,NEW,1,53.99,55.94,False,True,1.95,2022-07,958.0,958.0,958.0,0.0,952.76,937.59,949.82,True,True,True,False,True,False,True,14487.0,,,,0.8,1.04,0.89,True,2,True,,,,False,,tv_wilder_rsi14_sma5_v1,55.94,53.99,True,False,1.95
1959,1959.T,クラフティア,2022-07,NEW,1,41.79,43.73,False,True,1.94,2022-07,2891.0,2891.0,2891.0,0.0,2742.28,2753.56,3112.22,True,True,False,False,True,False,False,207623.0,,,,1.67,1.79,0.98,True,4,True,,,,False,,tv_wilder_rsi14_sma5_v1,43.73,41.79,True,False,1.94
7282,7282.T,豊田合成,2022-07,CONTINUE,2,41.57,43.52,True,False,1.94,2022-06,2143.0,2091.0,2091.0,-2.43,2125.24,1985.39,2207.16,True,True,False,False,True,True,False,461433.0,,,,1.09,2.38,1.06,False,4,True,,,,False,,tv_wilder_rsi14_sma5_v1,43.52,41.57,False,True,1.94
6098,6098.T,リクルートホールディングス,2022-07,NEW,1,47.7,49.62,True,True,1.93,2022-07,4953.0,4953.0,4953.0,0.0,4341.24,4518.96,5637.57,True,True,False,False,True,False,False,5292173.0,,,,1.03,2.87,0.99,True,4,True,,,,False,,tv_wilder_rsi14_sma5_v1,49.62,47.7,True,True,1.93
3668,3668.T,コロプラ,2022-07,CONTINUE,4,39.41,41.33,True,True,1.92,2022-04,642.0,669.0,669.0,4.21,653.92,649.72,,False,False,,,True,False,,213013.0,,,,0.88,1.79,0.83,True,1,True,,,,False,,tv_wilder_rsi14_sma5_v1,41.33,39.41,True,True,1.92
9506,9506.T,東北電力,2022-07,CONTINUE,2,35.15,37.06,True,True,1.91,2022-06,727.0,737.0,737.0,1.38,714.76,729.76,766.98,True,False,False,False,False,False,False,2612820.0,,,,1.11,1.74,1.09,False,4,False,,,,False,,tv_wilder_rsi14_sma5_v1,37.06,35.15,True,True,1.91
6430,6430.T,ダイコク電機,2022-07,CONTINUE,2,53.2,55.1,True,True,1.9,2022-06,1237.0,1274.0,1274.0,2.99,1205.04,1219.67,1223.55,True,True,True,False,True,False,True,26380.0,,,,1.31,2.14,1.09,False,1,True,,,,False,,tv_wilder_rsi14_sma5_v1,55.1,53.2,True,True,1.9
9064,9064.T,ヤマトホールディングス,2022-07,NEW,1,42.65,44.55,True,True,1.9,2022-07,2321.0,2321.0,2321.0,0.0,2255.32,2280.01,2436.43,True,True,False,False,True,False,False,1330013.0,,,,0.89,1.62,0.93,True,4,True,,,,False,,tv_wilder_rsi14_sma5_v1,44.55,42.65,True,True,1.9
9832,9832.T,オートバックスセブン,2022-07,CONTINUE,2,44.6,46.49,False,True,1.9,2022-06,1398.0,1402.0,1402.0,0.29,1379.16,1368.71,1408.29,True,True,False,False,True,False,False,198600.0,,,,1.09,1.33,1.15,False,4,True,,,,False,,tv_wilder_rsi14_sma5_v1,46.49,44.6,True,False,1.9
4914,4914.T,高砂香料工業,2022-07,NEW,1,45.62,47.5,False,True,1.89,2022-07,514.8,514.8,514.8,0.0,507.34,496.48,535.66,True,True,False,False,True,False,False,115817.0,,,,0.79,2.07,1.05,False,4,True,,,,False,,tv_wilder_rsi14_sma5_v1,47.5,45.62,True,False,1.89
7483,7483.T,ドウシシャ,2022-07,CONTINUE,4,42.81,44.7,True,True,1.89,2022-04,1532.0,1579.0,1579.0,3.07,1500.92,1516.32,,True,True,,,False,False,,82753.0,,,,0.83,1.54,1.05,False,1,True,,,,False,,tv_wilder_rsi14_sma5_v1,44.7,42.81,True,True,1.89
2108,2108.T,日本甜菜製糖,2022-07,CONTINUE,3,46.96,48.84,True,False,1.88,2022-05,1666.0,1695.0,1695.0,1.74,1644.8,1670.0,1662.35,True,False,True,False,True,False,,15120.0,,,,1.44,1.45,1.01,False,1,True,,,,False,,tv_wilder_rsi14_sma5_v1,48.84,46.96,False,True,1.88
4202,4202.T,ダイセル,2022-07,CONTINUE,3,46.04,47.92,False,True,1.88,2022-05,831.0,843.0,843.0,1.44,802.56,819.59,838.57,True,True,False,False,True,False,,910060.0,,,,0.95,2.02,0.68,True,4,True,,,,False,,tv_wilder_rsi14_sma5_v1,47.92,46.04,True,False,1.88
7537,7537.T,丸文,2022-07,NEW,1,55.14,57.02,True,True,1.88,2022-07,781.0,781.0,781.0,0.0,742.88,734.64,757.75,True,True,True,False,False,True,False,101173.0,,,,0.8,1.69,0.98,True,1,True,,,,False,,tv_wilder_rsi14_sma5_v1,57.02,55.14,True,True,1.88
4776,4776.T,サイボウズ,2022-07,NEW,1,34.42,36.29,False,True,1.87,2022-07,1141.0,1141.0,1141.0,0.0,1051.28,1102.12,1562.73,True,True,False,False,True,False,False,333580.0,,,,0.89,3.47,0.88,True,4,True,,,,False,,tv_wilder_rsi14_sma5_v1,36.29,34.42,True,False,1.87
8200,8200.T,リンガーハット,2022-07,CONTINUE,6,50.04,51.91,True,True,1.87,2022-02,2241.0,2332.0,2332.0,4.06,2241.8,2221.52,,False,True,,,True,True,,180753.0,,,,2.17,1.69,1.07,False,1,False,,,,False,,tv_wilder_rsi14_sma5_v1,51.91,50.04,True,True,1.87
3176,3176.T,三洋貿易,2022-07,NEW,1,46.01,47.86,True,True,1.85,2022-07,504.5,504.5,504.5,0.0,497.14,487.31,502.03,True,True,True,False,True,True,False,69953.0,,,,1.18,1.27,0.94,True,3,True,,,,False,,tv_wilder_rsi14_sma5_v1,47.86,46.01,True,True,1.85
6103,6103.T,オークマ,2022-07,CONTINUE,3,47.86,49.71,True,True,1.85,2022-05,2605.0,2605.0,2605.0,0.0,2468.5,2420.03,2552.75,True,True,True,False,True,False,,358160.0,,,,1.48,2.95,0.79,True,3,True,,,,False,,tv_wilder_rsi14_sma5_v1,49.71,47.86,True,True,1.85
6383,6383.T,ダイフク,2022-07,NEW,1,46.02,47.87,True,True,1.85,2022-07,2813.33,2813.33,2813.33,0.0,2705.6,2676.58,2904.23,True,True,False,False,True,False,False,1575200.0,,,,0.67,2.74,0.96,True,4,True,,,,False,,tv_wilder_rsi14_sma5_v1,47.87,46.02,True,True,1.85
6417,6417.T,ＳＡＮＫＹＯ,2022-07,CONTINUE,9,68.07,69.92,True,True,1.85,2021-11,578.8,835.0,835.0,44.26,581.98,567.75,,False,True,,,True,,,1478883.0,,,,1.11,1.81,0.78,True,1,False,,,,False,,tv_wilder_rsi14_sma5_v1,69.92,68.07,True,True,1.85
7475,7475.T,アルビス,2022-07,NEW,1,44.66,46.5,True,True,1.84,2022-07,2263.0,2263.0,2263.0,0.0,2245.52,2227.08,2233.09,True,True,True,False,True,True,False,6517.0,,,,1.22,1.13,1.06,False,3,True,,,,False,,tv_wilder_rsi14_sma5_v1,46.5,44.66,True,True,1.84
3092,3092.T,ＺＯＺＯ,2022-07,NEW,1,45.16,46.99,False,True,1.83,2022-07,954.33,954.33,954.33,0.0,913.04,915.46,1062.13,True,True,False,False,True,False,False,4449850.0,,,,1.05,2.39,0.81,True,4,True,,,,False,,tv_wilder_rsi14_sma5_v1,46.99,45.16,True,False,1.83
6925,6925.T,ウシオ電機,2022-07,NEW,1,52.92,54.74,False,True,1.83,2022-07,1828.0,1828.0,1828.0,0.0,1738.56,1710.52,1856.2,True,True,False,False,True,False,False,395397.0,,,,0.77,1.86,1.05,False,4,True,,,,False,,tv_wilder_rsi14_sma5_v1,54.74,52.92,True,False,1.83
8037,8037.T,カメイ,2022-07,CONTINUE,4,46.2,48.03,True,True,1.83,2022-04,1044.0,1074.0,1074.0,2.87,1022.0,1032.8,,True,True,,,False,False,,58413.0,,,,0.87,1.74,1.03,False,1,False,,,,False,,tv_wilder_rsi14_sma5_v1,48.03,46.2,True,True,1.83
2175,2175.T,エス・エム・エス,2022-07,NEW,1,47.73,49.55,True,True,1.82,2022-07,3175.0,3175.0,3175.0,0.0,2902.48,2947.85,3513.22,True,True,False,False,True,False,False,326567.0,,,,0.98,2.94,0.87,True,4,True,,,,False,,tv_wilder_rsi14_sma5_v1,49.55,47.73,True,True,1.82
3048,3048.T,ビックカメラ,2022-07,CONTINUE,7,52.55,54.36,True,False,1.82,2022-01,999.0,1156.0,1156.0,15.72,976.4,979.39,,True,True,,,True,False,,629203.0,,,,1.18,2.34,0.94,True,1,True,,,,False,,tv_wilder_rsi14_sma5_v1,54.36,52.55,False,True,1.82
6371,6371.T,椿本チエイン,2022-07,NEW,1,48.37,50.18,False,True,1.8,2022-07,1050.0,1050.0,1050.0,0.0,1030.8,1022.49,1042.99,True,True,True,False,False,False,False,211810.0,,,,0.8,1.81,1.05,False,3,True,,,,False,,tv_wilder_rsi14_sma5_v1,50.18,48.37,True,False,1.8
6258,6258.T,平田機工,2022-07,NEW,1,39.35,41.14,False,True,1.79,2022-07,1581.67,1581.67,1581.67,0.0,1476.07,1487.29,1810.7,True,True,False,False,True,False,False,94850.0,,,,1.59,2.23,1.02,False,4,True,,,,False,,tv_wilder_rsi14_sma5_v1,41.14,39.35,True,False,1.79
2980,2980.T,SREホールディングス,2022-07,NEW,1,40.28,42.05,False,True,1.78,2022-07,2737.0,2737.0,2737.0,0.0,2473.56,2380.6,4629.9,True,True,False,False,True,False,False,766977.0,,,,0.66,5.42,0.78,True,4,True,,,,False,,tv_wilder_rsi14_sma5_v1,42.05,40.28,True,False,1.78
3836,3836.T,アバントグループ,2022-07,CONTINUE,5,52.25,54.04,True,True,1.78,2022-03,1355.0,1378.0,1378.0,1.7,1174.08,1140.51,,True,True,,,True,False,,81027.0,,,,1.35,4.14,1.04,False,1,True,,,,False,,tv_wilder_rsi14_sma5_v1,54.04,52.25,True,True,1.78
5344,5344.T,ＭＡＲＵＷＡ,2022-07,NEW,1,68.55,70.33,True,True,1.78,2022-07,16990.0,16990.0,16990.0,0.0,15559.6,15137.6,14572.9,True,True,True,True,True,True,True,54777.0,,,,1.64,3.68,1.18,False,2,True,,,,False,,tv_wilder_rsi14_sma5_v1,70.33,68.55,True,True,1.78
5946,5946.T,長府製作所,2022-07,NEW,1,38.62,40.4,False,True,1.78,2022-07,1858.0,1858.0,1858.0,0.0,1793.44,1818.01,1943.04,True,True,False,False,True,False,False,52853.0,,,,1.77,1.54,0.9,True,4,True,,,,False,,tv_wilder_rsi14_sma5_v1,40.4,38.62,True,False,1.78
9435,9435.T,光通信,2022-07,NEW,1,36.65,38.43,True,True,1.78,2022-07,14630.0,14630.0,14630.0,0.0,14318.4,14328.8,15497.35,True,True,False,False,True,True,False,88950.0,,,,0.58,1.79,0.93,True,4,True,,,,False,,tv_wilder_rsi14_sma5_v1,38.43,36.65,True,True,1.78
6472,6472.T,ＮＴＮ,2022-07,CONTINUE,3,45.48,47.25,True,False,1.77,2022-05,263.0,245.0,245.0,-6.84,232.2,217.97,234.72,True,True,True,False,True,True,,6346050.0,,,,1.0,4.4,1.01,False,3,True,,,,False,,tv_wilder_rsi14_sma5_v1,47.25,45.48,False,True,1.77
6788,6788.T,日本トリム,2022-07,CONTINUE,2,31.69,33.46,True,False,1.77,2022-06,2519.0,2467.0,2467.0,-2.06,2466.48,2466.79,2987.68,True,True,False,False,True,False,False,13130.0,,,,1.03,2.49,1.11,False,4,True,,,,False,,tv_wilder_rsi14_sma5_v1,33.46,31.69,False,True,1.77
1852,1852.T,淺沼組,2022-07,CONTINUE,2,60.61,62.36,False,False,1.75,2022-06,536.0,534.2,534.2,-0.34,530.76,525.08,514.09,True,True,True,True,True,False,True,312200.0,,,,0.81,1.4,1.06,False,2,False,,,,False,,tv_wilder_rsi14_sma5_v1,62.36,60.61,False,False,1.75
3903,3903.T,ｇｕｍｉ,2022-07,CONTINUE,2,43.43,45.17,True,False,1.75,2022-06,701.0,627.0,627.0,-10.56,582.44,574.45,678.89,True,True,True,False,True,True,False,1578617.0,,,,1.21,6.56,0.98,True,3,True,,,,False,,tv_wilder_rsi14_sma5_v1,45.17,43.43,False,True,1.75
2201,2201.T,森永製菓,2022-07,CONTINUE,6,50.75,52.48,True,False,1.74,2022-02,1870.0,2090.0,2090.0,11.76,1832.6,1871.63,,True,False,,,False,False,,305940.0,,,,1.01,1.8,0.98,True,1,False,,,,False,,tv_wilder_rsi14_sma5_v1,52.48,50.75,False,True,1.74
8393,8393.T,宮崎銀行,2022-07,CONTINUE,2,43.81,45.55,False,True,1.74,2022-06,418.4,420.8,420.8,0.57,412.46,414.59,416.76,True,True,True,False,True,False,True,146000.0,,,,1.14,1.17,1.06,False,2,True,,,,False,,tv_wilder_rsi14_sma5_v1,45.55,43.81,True,False,1.74
7856,7856.T,萩原工業,2022-07,CONTINUE,3,37.58,39.31,False,True,1.73,2022-05,1147.0,1107.0,1107.0,-3.49,1086.44,1127.64,1313.26,True,True,False,False,False,False,,35623.0,,,,0.64,2.2,0.85,True,4,True,,,,False,,tv_wilder_rsi14_sma5_v1,39.31,37.58,True,False,1.73
4973,4973.T,日本高純度化学,2022-07,NEW,1,38.24,39.95,False,True,1.71,2022-07,2340.0,2340.0,2340.0,0.0,2301.64,2323.28,2505.02,True,True,False,False,False,False,False,13320.0,,,,1.74,1.87,1.14,False,4,True,,,,False,,tv_wilder_rsi14_sma5_v1,39.95,38.24,True,False,1.71
7942,7942.T,ＪＳＰ,2022-07,NEW,1,39.47,41.18,False,True,1.71,2022-07,1472.0,1472.0,1472.0,0.0,1437.16,1437.09,1529.46,True,True,False,False,True,False,False,54900.0,,,,1.05,1.32,0.95,True,4,True,,,,False,,tv_wilder_rsi14_sma5_v1,41.18,39.47,True,False,1.71
8630,8630.T,ＳＯＭＰＯホールディングス,2022-07,CONTINUE,3,65.71,67.42,True,False,1.71,2022-05,1949.33,1973.33,1973.33,1.23,1755.76,1745.62,1692.96,True,True,True,True,True,False,,3345960.0,,,,1.89,2.5,1.18,False,1,True,,,,False,,tv_wilder_rsi14_sma5_v1,67.42,65.71,False,True,1.71
9739,9739.T,ＮＳＷ,2022-07,CONTINUE,5,53.35,55.06,True,True,1.71,2022-03,2191.0,2443.0,2443.0,11.5,2131.72,2162.56,,True,True,,,True,False,,19103.0,,,,0.84,2.18,0.81,True,1,False,,,,False,,tv_wilder_rsi14_sma5_v1,55.06,53.35,True,True,1.71
1762,1762.T,髙松コンストラクショングループ,2022-07,NEW,1,47.57,49.27,True,True,1.7,2022-07,2126.0,2126.0,2126.0,0.0,2075.72,2092.23,2031.9,True,True,True,False,True,False,True,55340.0,,,,0.92,1.58,1.02,False,2,True,,,,False,,tv_wilder_rsi14_sma5_v1,49.27,47.57,True,True,1.7
4061,4061.T,デンカ,2022-07,NEW,1,46.91,48.61,False,True,1.7,2022-07,3435.0,3435.0,3435.0,0.0,3335.2,3321.2,3529.3,True,True,False,False,True,False,False,312397.0,,,,0.83,1.8,0.96,True,4,True,,,,False,,tv_wilder_rsi14_sma5_v1,48.61,46.91,True,False,1.7
4569,4569.T,杏林製薬,2022-07,CONTINUE,2,45.67,47.37,False,True,1.7,2022-06,1774.0,1806.0,1806.0,1.8,1708.28,1774.37,1794.79,True,False,False,False,False,False,False,110283.0,,,,1.29,1.88,1.31,False,4,True,,,,False,,tv_wilder_rsi14_sma5_v1,47.37,45.67,True,False,1.7
8934,8934.T,サンフロンティア不動産,2022-07,CONTINUE,2,53.69,55.35,True,False,1.67,2022-06,1118.0,1113.0,1113.0,-0.45,1083.44,1067.73,1059.11,True,True,True,True,True,True,False,122387.0,,,,1.3,2.11,1.07,False,3,True,,,,False,,tv_wilder_rsi14_sma5_v1,55.35,53.69,False,True,1.67
3097,3097.T,物語コーポレーション,2022-07,CONTINUE,2,47.88,49.54,False,False,1.66,2022-06,1953.33,1946.67,1946.67,-0.34,1914.53,1843.6,2132.65,True,True,False,False,True,False,False,387040.0,,,,1.54,2.94,0.99,True,4,True,,,,False,,tv_wilder_rsi14_sma5_v1,49.54,47.88,False,False,1.66
4689,4689.T,ＬＩＮＥヤフー,2022-07,NEW,1,42.42,44.05,False,True,1.64,2022-07,469.1,469.1,469.1,0.0,427.11,440.91,563.83,True,True,False,False,True,False,False,18430323.0,,,,1.13,2.43,0.94,True,4,True,,,,False,,tv_wilder_rsi14_sma5_v1,44.05,42.42,True,False,1.64
4301,4301.T,アミューズ,2022-07,NEW,1,43.15,44.78,True,True,1.63,2022-07,2031.0,2031.0,2031.0,0.0,1984.96,2000.87,2053.64,True,True,False,False,False,True,False,33340.0,,,,0.89,1.51,0.89,True,4,True,,,,False,,tv_wilder_rsi14_sma5_v1,44.78,43.15,True,True,1.63
5563,5563.T,新日本電工,2022-07,CONTINUE,3,57.94,59.56,True,True,1.63,2022-05,354.0,359.0,359.0,1.41,331.48,336.75,326.06,True,True,True,False,True,True,,1259407.0,,,,0.81,3.45,0.86,True,1,True,,,,False,,tv_wilder_rsi14_sma5_v1,59.56,57.94,True,True,1.63
8252,8252.T,丸井グループ,2022-07,CONTINUE,11,58.38,60.01,True,True,1.63,2021-09,2172.0,2418.0,2418.0,11.33,2074.28,,,True,,,,True,,,1158087.0,,,,1.29,2.63,1.12,False,1,True,,,,False,,tv_wilder_rsi14_sma5_v1,60.01,58.38,True,True,1.63
4676,4676.T,フジ・メディア・ホールディングス,2022-07,CONTINUE,2,44.77,46.38,False,True,1.62,2022-06,1149.0,1155.0,1155.0,0.52,1129.32,1138.88,1171.39,True,True,False,False,True,False,False,639190.0,,,,0.93,2.08,0.99,True,4,False,,,,False,,tv_wilder_rsi14_sma5_v1,46.38,44.77,True,False,1.62
6458,6458.T,新晃工業,2022-07,NEW,1,44.74,46.36,False,True,1.62,2022-07,560.67,560.67,560.67,0.0,553.09,533.59,589.67,True,True,False,False,True,False,False,89990.0,,,,0.68,1.58,0.92,True,4,True,,,,False,,tv_wilder_rsi14_sma5_v1,46.36,44.74,True,False,1.62
6516,6516.T,山洋電気,2022-07,NEW,1,46.27,47.88,True,True,1.61,2022-07,1833.33,1833.33,1833.33,0.0,1745.6,1739.69,1809.77,True,True,True,False,False,True,False,123460.0,,,,0.8,2.03,0.95,True,3,True,,,,False,,tv_wilder_rsi14_sma5_v1,47.88,46.27,True,True,1.61
3865,3865.T,北越コーポレーション,2022-07,CONTINUE,2,56.79,58.4,False,True,1.6,2022-06,700.0,701.0,701.0,0.14,663.08,664.69,711.22,True,True,False,False,True,False,True,411357.0,,,,0.99,2.35,0.92,True,4,True,,,,False,,tv_wilder_rsi14_sma5_v1,58.4,56.79,True,False,1.6
3844,3844.T,コムチュア,2022-07,NEW,1,52.46,54.05,True,True,1.59,2022-07,2988.0,2988.0,2988.0,0.0,2805.68,2791.39,3005.12,True,True,False,False,True,False,False,64990.0,,,,0.98,2.16,0.9,True,4,True,,,,False,,tv_wilder_rsi14_sma5_v1,54.05,52.46,True,True,1.59
1982,1982.T,日比谷総合設備,2022-07,CONTINUE,3,50.87,52.43,True,False,1.56,2022-05,945.0,966.0,966.0,2.22,924.9,937.36,955.25,True,True,False,False,False,False,,70220.0,,,,1.56,1.97,0.84,True,4,False,,,,False,,tv_wilder_rsi14_sma5_v1,52.43,50.87,False,True,1.56
6330,6330.T,東洋エンジニアリング,2022-07,CONTINUE,3,48.82,50.38,True,True,1.56,2022-05,620.0,658.0,658.0,6.13,615.32,615.53,733.02,True,True,False,False,False,False,,164087.0,,,,0.69,3.44,0.76,True,4,False,,,,False,,tv_wilder_rsi14_sma5_v1,50.38,48.82,True,True,1.56
6995,6995.T,東海理化電機製作所,2022-07,CONTINUE,2,40.94,42.5,False,False,1.56,2022-06,1480.0,1456.0,1456.0,-1.62,1460.56,1441.15,1524.27,True,True,False,False,True,False,False,188473.0,,,,1.18,2.41,1.05,False,4,True,,,,False,,tv_wilder_rsi14_sma5_v1,42.5,40.94,False,False,1.56
2871,2871.T,ニチレイ,2022-07,CONTINUE,2,39.3,40.84,False,True,1.55,2022-06,1179.5,1186.5,1186.5,0.59,1142.54,1174.27,1287.3,True,True,False,False,False,False,False,1008853.0,,,,1.31,1.92,1.21,False,4,True,,,,False,,tv_wilder_rsi14_sma5_v1,40.84,39.3,True,False,1.55
3232,3232.T,三重交通グループホールディングス,2022-07,CONTINUE,3,47.96,49.51,True,False,1.55,2022-05,481.0,484.0,484.0,0.62,466.96,462.89,482.66,True,True,False,False,True,True,,90347.0,,,,1.08,1.77,0.92,True,4,True,,,,False,,tv_wilder_rsi14_sma5_v1,49.51,47.96,False,True,1.55
7164,7164.T,全国保証,2022-07,NEW,1,46.34,47.89,False,True,1.55,2022-07,2257.5,2257.5,2257.5,0.0,2178.8,2195.03,2399.34,True,True,False,False,True,False,False,320113.0,,,,0.93,1.36,0.94,True,4,True,,,,False,,tv_wilder_rsi14_sma5_v1,47.89,46.34,True,False,1.55
9869,9869.T,加藤産業,2022-07,CONTINUE,2,47.45,49.0,True,True,1.55,2022-06,3255.0,3290.0,3290.0,1.08,3108.6,3186.33,3234.05,True,True,True,False,False,False,False,62863.0,,,,1.69,1.93,1.11,False,3,True,,,,False,,tv_wilder_rsi14_sma5_v1,49.0,47.45,True,True,1.55
6856,6856.T,堀場製作所,2022-07,NEW,1,48.26,49.79,True,True,1.54,2022-07,6530.0,6530.0,6530.0,0.0,6140.0,6254.53,6577.05,True,True,False,False,False,False,False,173180.0,,,,1.36,2.12,0.92,True,4,True,,,,False,,tv_wilder_rsi14_sma5_v1,49.79,48.26,True,True,1.54
9504,9504.T,中国電力,2022-07,CONTINUE,2,29.29,30.83,True,False,1.54,2022-06,873.0,870.0,870.0,-0.34,853.16,870.47,916.6,True,True,False,False,False,False,False,2188907.0,,,,0.77,1.75,1.06,False,4,True,,,,False,,tv_wilder_rsi14_sma5_v1,30.83,29.29,False,True,1.54
2212,2212.T,山崎製パン,2022-07,CONTINUE,2,45.53,47.05,True,False,1.53,2022-06,1657.0,1608.0,1608.0,-2.96,1557.12,1554.24,1627.09,True,True,True,False,False,True,False,787720.0,,,,1.24,2.39,1.26,False,3,True,,,,False,,tv_wilder_rsi14_sma5_v1,47.05,45.53,False,True,1.53
5463,5463.T,丸一鋼管,2022-07,NEW,1,54.75,56.28,True,True,1.53,2022-07,979.67,979.67,979.67,0.0,962.36,956.0,911.17,True,True,True,True,False,True,True,343660.0,,,,0.74,1.57,0.9,True,2,True,,,,False,,tv_wilder_rsi14_sma5_v1,56.28,54.75,True,True,1.53
7820,7820.T,ニホンフラッシュ,2022-07,CONTINUE,2,39.16,40.7,False,False,1.53,2022-06,997.0,980.0,980.0,-1.71,968.52,962.45,1042.78,True,True,False,False,True,False,False,41627.0,,,,0.75,2.71,1.04,False,4,True,,,,False,,tv_wilder_rsi14_sma5_v1,40.7,39.16,False,False,1.53
8137,8137.T,サンワ   テクノス,2022-07,NEW,1,55.26,56.78,True,True,1.53,2022-07,1421.0,1421.0,1421.0,0.0,1327.8,1344.0,1416.81,True,True,True,False,False,True,False,34440.0,,,,1.3,1.96,1.08,False,3,True,,,,False,,tv_wilder_rsi14_sma5_v1,56.78,55.26,True,True,1.53
2475,2475.T,ＷＤＢホールディングス,2022-07,NEW,1,44.42,45.94,True,True,1.52,2022-07,2544.0,2544.0,2544.0,0.0,2433.16,2435.61,2805.09,True,True,False,False,True,False,False,21560.0,,,,0.8,2.5,0.98,True,4,True,,,,False,,tv_wilder_rsi14_sma5_v1,45.94,44.42,True,True,1.52
2664,2664.T,カワチ薬品,2022-07,NEW,1,41.75,43.27,False,True,1.52,2022-07,2150.0,2150.0,2150.0,0.0,2153.2,2095.44,2202.2,False,True,False,False,True,False,False,47987.0,,,,0.88,1.45,1.03,False,4,True,,,,False,,tv_wilder_rsi14_sma5_v1,43.27,41.75,True,False,1.52
2331,2331.T,ＡＬＳＯＫ,2022-07,CONTINUE,2,31.76,33.27,False,False,1.51,2022-06,754.0,744.0,744.0,-1.33,722.36,748.43,862.2,True,True,False,False,False,False,False,3806667.0,,,,0.53,2.03,1.06,False,4,True,,,,False,,tv_wilder_rsi14_sma5_v1,33.27,31.76,False,False,1.51
4078,4078.T,堺化学工業,2022-07,NEW,1,45.03,46.55,True,True,1.51,2022-07,1940.0,1940.0,1940.0,0.0,1889.64,1881.65,2016.89,True,True,False,False,False,False,False,34887.0,,,,0.82,1.41,0.79,True,4,True,,,,False,,tv_wilder_rsi14_sma5_v1,46.55,45.03,True,True,1.51
5802,5802.T,住友電気工業,2022-07,CONTINUE,2,48.91,50.42,False,False,1.51,2022-06,374.75,368.38,368.38,-1.7,370.48,359.42,374.1,True,True,True,False,True,False,True,9169587.0,,,,1.04,2.26,1.05,False,1,True,,,,False,,tv_wilder_rsi14_sma5_v1,50.42,48.91,False,False,1.51
6184,6184.T,鎌倉新書,2022-07,CONTINUE,5,40.43,41.95,True,True,1.51,2022-03,631.0,616.0,616.0,-2.38,513.92,550.12,,True,True,,,True,False,,613850.0,,,,1.56,6.42,1.11,False,1,True,,,,False,,tv_wilder_rsi14_sma5_v1,41.95,40.43,True,True,1.51
8411,8411.T,みずほフィナンシャルグループ,2022-07,NEW,1,51.64,53.14,True,True,1.51,2022-07,1583.5,1583.5,1583.5,0.0,1562.0,1549.75,1541.05,True,True,True,True,True,False,False,7866463.0,,,,0.76,1.28,0.92,True,1,True,,,,False,,tv_wilder_rsi14_sma5_v1,53.14,51.64,True,True,1.51
3109,3109.T,シキボウ,2022-07,CONTINUE,3,42.77,44.27,True,True,1.5,2022-05,908.0,904.0,904.0,-0.44,880.0,891.76,911.96,True,True,False,False,False,False,,24367.0,,,,1.55,1.22,0.76,True,4,True,,,,False,,tv_wilder_rsi14_sma5_v1,44.27,42.77,True,True,1.5
2327,2327.T,日鉄ソリューションズ,2022-07,NEW,1,56.68,58.17,True,True,1.49,2022-07,1952.5,1952.5,1952.5,0.0,1880.3,1870.43,1820.17,True,True,True,True,True,True,False,257873.0,,,,0.96,1.81,0.99,True,1,True,,,,False,,tv_wilder_rsi14_sma5_v1,58.17,56.68,True,True,1.49
4927,4927.T,ポーラ・オルビスホールディングス,2022-07,CONTINUE,3,35.96,37.45,False,False,1.49,2022-05,1578.0,1624.0,1624.0,2.92,1509.24,1612.61,2015.8,True,False,False,False,False,False,,1343410.0,,,,2.12,2.79,0.91,True,4,True,,,,False,,tv_wilder_rsi14_sma5_v1,37.45,35.96,False,False,1.49
3741,3741.T,セック,2022-07,CONTINUE,5,44.12,45.6,True,False,1.48,2022-03,1131.0,1224.5,1224.5,8.27,1098.5,1115.57,,True,True,,,True,False,,30940.0,,,,0.93,2.24,0.99,True,1,True,,,,False,,tv_wilder_rsi14_sma5_v1,45.6,44.12,False,True,1.48
4634,4634.T,ａｒｔｉｅｎｃｅ,2022-07,NEW,1,42.85,44.33,True,True,1.48,2022-07,1935.0,1935.0,1935.0,0.0,1922.12,1931.76,1934.2,True,True,True,False,False,True,False,177843.0,,,,1.09,1.27,0.85,True,3,False,,,,False,,tv_wilder_rsi14_sma5_v1,44.33,42.85,True,True,1.48
6178,6178.T,日本郵政,2022-07,CONTINUE,3,50.19,51.68,True,False,1.48,2022-05,959.6,956.3,956.3,-0.34,921.73,934.81,928.19,True,True,True,False,True,False,,11264610.0,,,,1.16,1.64,0.79,True,1,True,,,,False,,tv_wilder_rsi14_sma5_v1,51.68,50.19,False,True,1.48
4503,4503.T,アステラス製薬,2022-07,CONTINUE,6,60.64,62.1,True,False,1.46,2022-02,1918.5,2087.5,2087.5,8.81,1956.08,1901.11,,False,True,,,True,True,,5227813.0,,,,1.24,2.33,0.93,True,1,True,,,,False,,tv_wilder_rsi14_sma5_v1,62.1,60.64,False,True,1.46
7246,7246.T,プレス工業,2022-07,CONTINUE,4,55.8,57.26,True,True,1.46,2022-04,391.0,408.0,408.0,4.35,372.64,380.13,,True,True,,,True,False,,501900.0,,,,1.29,2.17,1.06,False,1,True,,,,False,,tv_wilder_rsi14_sma5_v1,57.26,55.8,True,True,1.46
9697,9697.T,カプコン,2022-07,NEW,1,64.56,66.03,True,True,1.46,2022-07,1845.0,1845.0,1845.0,0.0,1790.5,1712.33,1544.81,True,True,True,True,True,True,True,2092673.0,,,,1.57,3.19,1.09,False,2,True,,,,False,,tv_wilder_rsi14_sma5_v1,66.03,64.56,True,True,1.46
7327,7327.T,第四北越フィナンシャルグループ,2022-07,NEW,1,46.95,48.4,False,True,1.45,2022-07,426.67,426.67,426.67,0.0,419.31,417.31,425.57,True,True,True,False,True,False,False,372740.0,,,,0.81,1.47,0.79,True,1,True,,,,False,,tv_wilder_rsi14_sma5_v1,48.4,46.95,True,False,1.45
5757,5757.T,ＣＫサンエツ,2022-07,NEW,1,58.18,59.62,False,True,1.44,2022-07,4170.0,4170.0,4170.0,0.0,4106.6,4056.73,3886.15,True,True,True,True,True,True,True,7317.0,,,,0.58,2.2,0.65,True,2,True,,,,False,,tv_wilder_rsi14_sma5_v1,59.62,58.18,True,False,1.44
8133,8133.T,伊藤忠エネクス,2022-07,NEW,1,57.41,58.85,True,True,1.44,2022-07,1070.0,1070.0,1070.0,0.0,1059.08,1053.01,1028.59,True,True,True,True,True,True,True,114240.0,,,,0.97,1.29,0.84,True,2,True,,,,False,,tv_wilder_rsi14_sma5_v1,58.85,57.41,True,True,1.44
1930,1930.T,北陸電気工事,2022-07,NEW,1,40.22,41.64,False,True,1.42,2022-07,777.0,777.0,777.0,0.0,768.96,761.04,826.22,True,True,False,False,True,False,False,17700.0,,,,0.93,1.96,1.1,False,4,True,,,,False,,tv_wilder_rsi14_sma5_v1,41.64,40.22,True,False,1.42
4483,4483.T,ＪＭＤＣ,2022-07,NEW,1,54.91,56.33,False,True,1.42,2022-07,6570.0,6570.0,6570.0,0.0,6285.6,5803.6,6550.75,True,True,True,False,True,True,False,383443.0,,,,0.84,4.48,0.84,True,3,True,,,,False,,tv_wilder_rsi14_sma5_v1,56.33,54.91,True,False,1.42
3925,3925.T,ダブルスタンダード,2022-07,NEW,1,44.21,45.62,True,True,1.41,2022-07,2057.0,2057.0,2057.0,0.0,1977.12,1933.44,2522.28,True,True,False,False,True,False,False,75873.0,,,,0.95,2.79,0.97,True,4,True,,,,False,,tv_wilder_rsi14_sma5_v1,45.62,44.21,True,True,1.41
8395,8395.T,佐賀銀行,2022-07,CONTINUE,2,48.55,49.96,False,False,1.41,2022-06,1471.0,1468.0,1468.0,-0.2,1438.2,1447.01,1461.26,True,True,True,False,True,False,True,19857.0,,,,0.74,1.54,1.1,False,1,True,,,,False,,tv_wilder_rsi14_sma5_v1,49.96,48.55,False,False,1.41
1414,1414.T,ショーボンドホールディングス,2022-07,CONTINUE,6,66.89,68.29,True,False,1.4,2022-02,1282.5,1470.0,1470.0,14.62,1274.3,1269.5,,True,True,,,True,True,,560707.0,,,,1.02,1.8,1.15,False,1,True,,,,False,,tv_wilder_rsi14_sma5_v1,68.29,66.89,False,True,1.4
7575,7575.T,日本ライフライン,2022-07,NEW,1,38.37,39.78,False,True,1.4,2022-07,989.0,989.0,989.0,0.0,946.12,972.84,1061.41,True,True,False,False,True,False,False,224323.0,,,,1.05,1.84,1.08,False,4,True,,,,False,,tv_wilder_rsi14_sma5_v1,39.78,38.37,True,False,1.4
8075,8075.T,神鋼商事,2022-07,CONTINUE,2,66.71,68.11,False,False,1.4,2022-06,1291.67,1288.33,1288.33,-0.26,1272.53,1220.47,1176.89,True,True,True,True,True,False,True,46980.0,,,,1.16,2.39,1.06,False,2,False,,,,False,,tv_wilder_rsi14_sma5_v1,68.11,66.71,False,False,1.4
9788,9788.T,ナック,2022-07,CONTINUE,2,51.43,52.83,False,False,1.4,2022-06,489.5,487.0,487.0,-0.51,479.5,479.06,481.07,True,True,True,False,True,False,True,28273.0,,,,1.26,1.24,1.16,False,1,True,,,,False,,tv_wilder_rsi14_sma5_v1,52.83,51.43,False,False,1.4
1719,1719.T,安藤・間,2022-07,NEW,1,55.45,56.84,False,True,1.39,2022-07,895.0,895.0,895.0,0.0,857.04,847.63,857.29,True,True,True,False,True,False,True,467690.0,,,,1.3,1.34,0.81,True,2,True,,,,False,,tv_wilder_rsi14_sma5_v1,56.84,55.45,True,False,1.39
2296,2296.T,伊藤ハム米久ホールディングス,2022-07,CONTINUE,2,45.32,46.71,False,False,1.39,2022-06,3455.0,3330.0,3330.0,-3.62,3352.2,3328.67,3395.55,True,True,True,False,True,False,False,109549.0,,,,0.94,1.44,0.92,True,3,True,,,,False,,tv_wilder_rsi14_sma5_v1,46.71,45.32,False,False,1.39
7242,7242.T,カヤバ,2022-07,CONTINUE,2,49.63,51.03,True,False,1.39,2022-06,1547.5,1540.0,1540.0,-0.48,1512.94,1466.29,1505.38,True,True,True,False,True,True,False,206833.0,,,,0.95,2.15,1.11,False,3,True,,,,False,,tv_wilder_rsi14_sma5_v1,51.03,49.63,False,True,1.39
7683,7683.T,ダブルエー,2022-07,CONTINUE,2,38.28,39.64,False,False,1.36,2022-06,620.25,618.25,618.25,-0.32,616.53,607.09,702.86,True,True,False,False,True,False,False,16573.0,,,,0.38,2.65,0.77,True,4,False,,,,False,,tv_wilder_rsi14_sma5_v1,39.64,38.28,False,False,1.36
5989,5989.T,エイチワン,2022-07,NEW,1,41.4,42.75,False,True,1.35,2022-07,613.0,613.0,613.0,0.0,610.04,599.19,640.35,True,True,False,False,True,True,False,43460.0,,,,0.68,1.7,0.9,True,4,True,,,,False,,tv_wilder_rsi14_sma5_v1,42.75,41.4,True,False,1.35
6506,6506.T,安川電機,2022-07,NEW,1,48.24,49.58,True,True,1.35,2022-07,4625.0,4625.0,4625.0,0.0,4402.8,4399.73,4802.45,True,True,False,False,False,False,False,1657000.0,,,,0.86,2.97,0.97,True,4,True,,,,False,,tv_wilder_rsi14_sma5_v1,49.58,48.24,True,True,1.35
9735,9735.T,セコム,2022-07,NEW,1,50.74,52.09,True,True,1.35,2022-07,4445.0,4445.0,4445.0,0.0,4346.12,4328.53,4173.86,True,True,True,True,True,True,True,1128947.0,,,,0.9,1.59,0.91,True,2,True,,,,False,,tv_wilder_rsi14_sma5_v1,52.09,50.74,True,True,1.35
2154,2154.T,オープンアップグループ,2022-07,NEW,1,53.92,55.26,False,True,1.34,2022-07,1591.0,1591.0,1591.0,0.0,1561.68,1503.12,1568.96,True,True,True,False,True,False,True,237090.0,,,,1.21,2.26,1.0,False,1,True,,,,False,,tv_wilder_rsi14_sma5_v1,55.26,53.92,True,False,1.34
8005,8005.T,スクロール,2022-07,CONTINUE,2,54.59,55.93,False,False,1.34,2022-06,910.0,886.0,886.0,-2.64,872.4,849.76,858.97,True,True,True,False,True,False,True,196443.0,,,,1.13,2.3,0.98,True,3,True,,,,False,,tv_wilder_rsi14_sma5_v1,55.93,54.59,False,False,1.34
8217,8217.T,オークワ,2022-07,NEW,1,35.79,37.12,False,True,1.33,2022-07,880.0,880.0,880.0,0.0,864.52,862.61,938.83,True,True,False,False,True,False,False,45737.0,,,,0.72,1.44,0.92,True,4,True,,,,False,,tv_wilder_rsi14_sma5_v1,37.12,35.79,True,False,1.33
9842,9842.T,アークランズ,2022-07,NEW,1,47.77,49.11,False,True,1.33,2022-07,1543.0,1543.0,1543.0,0.0,1562.48,1527.05,1586.14,False,True,False,False,True,True,False,140753.0,,,,0.55,2.06,0.77,True,4,True,,,,False,,tv_wilder_rsi14_sma5_v1,49.11,47.77,True,False,1.33
1952,1952.T,新日本空調,2022-07,NEW,1,43.84,45.16,False,True,1.32,2022-07,946.5,946.5,946.5,0.0,930.56,913.76,1020.39,True,True,False,False,True,False,False,75793.0,,,,0.65,1.79,0.9,True,4,True,,,,False,,tv_wilder_rsi14_sma5_v1,45.16,43.84,True,False,1.32
5981,5981.T,東京製綱,2022-07,CONTINUE,3,48.15,49.47,True,True,1.32,2022-05,919.0,937.0,937.0,1.96,877.76,879.03,905.79,True,True,True,False,False,True,,33163.0,,,,0.99,2.88,0.84,True,3,True,,,,False,,tv_wilder_rsi14_sma5_v1,49.47,48.15,True,True,1.32
8399,8399.T,琉球銀行,2022-07,NEW,1,44.06,45.38,False,True,1.32,2022-07,804.0,804.0,804.0,0.0,795.16,792.47,789.32,True,True,True,True,True,False,False,92823.0,,,,0.62,1.76,1.02,False,1,True,,,,False,,tv_wilder_rsi14_sma5_v1,45.38,44.06,True,False,1.32
3548,3548.T,バロックジャパンリミテッド,2022-07,CONTINUE,3,47.56,48.87,True,True,1.31,2022-05,813.0,817.0,817.0,0.49,791.44,796.59,837.76,True,True,False,False,True,False,,45173.0,,,,1.27,1.28,0.94,True,4,True,,,,False,,tv_wilder_rsi14_sma5_v1,48.87,47.56,True,True,1.31
6584,6584.T,三櫻工業,2022-07,NEW,1,41.66,42.97,True,True,1.31,2022-07,694.0,694.0,694.0,0.0,686.44,674.97,801.76,True,True,False,False,True,True,False,149500.0,,,,0.84,2.5,0.99,True,4,True,,,,False,,tv_wilder_rsi14_sma5_v1,42.97,41.66,True,True,1.31
6763,6763.T,帝国通信工業,2022-07,NEW,1,60.35,61.66,True,True,1.31,2022-07,1480.0,1480.0,1480.0,0.0,1427.48,1405.85,1374.03,True,True,True,True,True,True,False,16557.0,,,,1.59,1.97,1.05,False,1,True,,,,False,,tv_wilder_rsi14_sma5_v1,61.66,60.35,True,True,1.31
8367,8367.T,南都銀行,2022-07,NEW,1,48.03,49.33,False,True,1.3,2022-07,404.0,404.0,404.0,0.0,400.74,397.33,396.97,True,True,True,True,True,False,False,272250.0,,,,0.76,1.44,0.88,True,1,True,,,,False,,tv_wilder_rsi14_sma5_v1,49.33,48.03,True,False,1.3
4212,4212.T,積水樹脂,2022-07,NEW,1,36.82,38.11,False,True,1.29,2022-07,1734.0,1734.0,1734.0,0.0,1724.64,1713.0,1900.68,True,True,False,False,True,False,False,65783.0,,,,1.13,1.64,0.9,True,4,True,,,,False,,tv_wilder_rsi14_sma5_v1,38.11,36.82,True,False,1.29
6194,6194.T,アトラエ,2022-07,NEW,1,49.81,51.1,True,True,1.29,2022-07,1906.0,1906.0,1906.0,0.0,1708.52,1705.36,1995.83,True,True,False,False,False,False,False,100920.0,,,,0.54,3.5,0.92,True,4,True,,,,False,,tv_wilder_rsi14_sma5_v1,51.1,49.81,True,True,1.29
6501,6501.T,日立製作所,2022-07,CONTINUE,3,63.33,64.62,True,True,1.29,2022-05,1345.0,1340.8,1340.8,-0.31,1280.42,1197.18,1263.95,True,True,True,False,True,True,,14022983.0,,,,0.99,1.98,0.77,True,1,True,,,,False,,tv_wilder_rsi14_sma5_v1,64.62,63.33,True,True,1.29
2784,2784.T,アルフレッサホールディングス,2022-07,CONTINUE,2,44.89,46.18,True,False,1.28,2022-06,1825.0,1772.0,1772.0,-2.9,1728.32,1739.76,1685.17,True,True,True,False,False,False,True,585700.0,,,,0.84,2.43,1.2,False,2,True,,,,False,,tv_wilder_rsi14_sma5_v1,46.18,44.89,False,True,1.28
4109,4109.T,ステラケミファ,2022-07,NEW,1,43.36,44.64,True,True,1.28,2022-07,2512.0,2512.0,2512.0,0.0,2440.36,2446.8,2541.62,True,True,False,False,False,False,False,31377.0,,,,0.73,1.43,0.98,True,4,True,,,,False,,tv_wilder_rsi14_sma5_v1,44.64,43.36,True,True,1.28
4997,4997.T,日本農薬,2022-07,CONTINUE,7,63.13,64.41,True,False,1.28,2022-01,525.0,685.0,685.0,30.48,500.2,503.57,,True,True,,,True,False,,89860.0,,,,1.44,2.64,1.25,False,1,True,,,,False,,tv_wilder_rsi14_sma5_v1,64.41,63.13,False,True,1.28
8377,8377.T,ほくほくフィナンシャルグループ,2022-07,NEW,1,43.78,45.07,False,True,1.28,2022-07,857.0,857.0,857.0,0.0,838.28,835.25,864.91,True,True,False,False,True,False,False,266337.0,,,,0.83,1.65,0.91,True,1,True,,,,False,,tv_wilder_rsi14_sma5_v1,45.07,43.78,True,False,1.28
1870,1870.T,矢作建設工業,2022-07,NEW,1,50.42,51.69,True,True,1.27,2022-07,800.0,800.0,800.0,0.0,787.44,783.88,771.01,True,True,True,True,True,False,False,34253.0,,,,0.55,1.74,0.82,True,1,True,,,,False,,tv_wilder_rsi14_sma5_v1,51.69,50.42,True,True,1.27
6859,6859.T,エスペック,2022-07,NEW,1,43.93,45.21,False,True,1.27,2022-07,1832.0,1832.0,1832.0,0.0,1783.44,1780.07,1988.21,True,True,False,False,False,False,False,53810.0,,,,0.87,1.75,0.8,True,4,True,,,,False,,tv_wilder_rsi14_sma5_v1,45.21,43.93,True,False,1.27
6952,6952.T,カシオ計算機,2022-07,CONTINUE,2,38.17,39.43,True,True,1.26,2022-06,1259.0,1294.0,1294.0,2.78,1239.36,1297.41,1456.96,True,False,False,False,False,False,False,1406707.0,,,,0.68,2.33,0.83,True,4,True,,,,False,,tv_wilder_rsi14_sma5_v1,39.43,38.17,True,True,1.26
2270,2270.T,雪印メグミルク,2022-07,NEW,1,38.09,39.35,False,True,1.25,2022-07,1851.0,1851.0,1851.0,0.0,1853.08,1829.01,1979.57,False,True,False,False,True,False,False,163623.0,,,,0.89,1.48,0.93,True,4,True,,,,False,,tv_wilder_rsi14_sma5_v1,39.35,38.09,True,False,1.25
6390,6390.T,加藤製作所,2022-07,CONTINUE,3,32.43,33.68,True,True,1.25,2022-05,815.0,807.0,807.0,-0.98,776.6,793.32,831.83,True,True,False,False,False,False,,26267.0,,,,1.23,2.52,0.84,True,4,True,,,,False,,tv_wilder_rsi14_sma5_v1,33.68,32.43,True,True,1.25
7102,7102.T,日本車輌製造,2022-07,NEW,1,43.19,44.44,True,True,1.25,2022-07,2134.0,2134.0,2134.0,0.0,2083.76,2083.4,2076.64,True,True,True,True,True,False,False,7220.0,,,,0.76,1.39,0.88,True,1,True,,,,False,,tv_wilder_rsi14_sma5_v1,44.44,43.19,True,True,1.25
4662,4662.T,フォーカスシステムズ,2022-07,NEW,1,48.92,50.16,True,True,1.24,2022-07,930.0,930.0,930.0,0.0,910.4,905.91,945.14,True,True,False,False,True,False,False,22950.0,,,,0.8,1.49,1.11,False,4,True,,,,False,,tv_wilder_rsi14_sma5_v1,50.16,48.92,True,True,1.24
1812,1812.T,鹿島建設,2022-07,CONTINUE,2,52.9,54.13,False,False,1.23,2022-06,1557.0,1516.0,1516.0,-2.63,1456.12,1460.13,1433.01,True,True,True,False,True,False,True,1766743.0,,,,0.89,2.12,1.19,False,1,True,,,,False,,tv_wilder_rsi14_sma5_v1,54.13,52.9,False,False,1.23
3788,3788.T,GMOｸﾞﾛｰﾊﾞﾙｻｲﾝ･ﾎｰﾙﾃﾞｨﾝｸﾞｽ,2022-07,NEW,1,51.78,53.0,True,True,1.22,2022-07,5930.0,5930.0,5930.0,0.0,5420.4,5504.67,4832.55,True,True,True,False,True,False,True,68510.0,,,,1.1,3.18,1.03,False,2,True,,,,False,,tv_wilder_rsi14_sma5_v1,53.0,51.78,True,True,1.22
3148,3148.T,クリエイトＳＤホールディングス,2022-07,NEW,1,45.9,47.11,False,True,1.21,2022-07,3075.0,3075.0,3075.0,0.0,3047.2,2957.17,3156.93,True,True,False,False,True,False,False,78557.0,,,,0.64,2.05,0.79,True,4,True,,,,False,,tv_wilder_rsi14_sma5_v1,47.11,45.9,True,False,1.21
6058,6058.T,ベクトル,2022-07,NEW,1,51.28,52.48,True,True,1.2,2022-07,1206.0,1206.0,1206.0,0.0,1065.72,1110.72,1146.03,True,True,True,False,True,False,False,412380.0,,,,1.15,4.0,1.39,False,1,True,,,,False,,tv_wilder_rsi14_sma5_v1,52.48,51.28,True,True,1.2
7600,7600.T,日本エム・ディ・エム,2022-07,NEW,1,43.6,44.8,True,True,1.2,2022-07,1650.0,1650.0,1650.0,0.0,1620.08,1578.87,1737.07,True,True,False,False,True,True,False,34780.0,,,,0.76,2.58,0.98,True,4,True,,,,False,,tv_wilder_rsi14_sma5_v1,44.8,43.6,True,True,1.2
9692,9692.T,シーイーシー,2022-07,NEW,1,42.49,43.69,True,True,1.2,2022-07,1223.0,1223.0,1223.0,0.0,1190.8,1188.77,1189.15,True,True,True,False,True,False,False,90523.0,,,,0.79,1.82,0.82,True,3,True,,,,False,,tv_wilder_rsi14_sma5_v1,43.69,42.49,True,True,1.2
5741,5741.T,ＵＡＣＪ,2022-07,NEW,1,47.2,48.4,False,True,1.19,2022-07,561.5,561.5,561.5,0.0,532.09,543.33,595.78,True,True,False,False,False,False,False,757787.0,,,,0.8,2.29,1.0,False,4,True,,,,False,,tv_wilder_rsi14_sma5_v1,48.4,47.2,True,False,1.19
3167,3167.T,ＴＯＫＡＩホールディングス,2022-07,CONTINUE,3,45.5,46.68,False,False,1.18,2022-05,879.0,887.0,887.0,0.91,868.2,880.09,881.96,True,False,False,False,False,False,,206880.0,,,,1.47,1.21,0.76,True,4,True,,,,False,,tv_wilder_rsi14_sma5_v1,46.68,45.5,False,False,1.18
6544,6544.T,ｼﾞｬﾊﾟﾝｴﾚﾍﾞｰﾀｰｻｰﾋﾞｽﾎｰﾙﾃﾞｨﾝｸﾞｽ,2022-07,NEW,1,43.45,44.63,True,True,1.18,2022-07,790.0,790.0,790.0,0.0,754.06,763.09,899.05,True,True,False,False,True,False,False,492053.0,,,,0.85,2.54,0.88,True,4,True,,,,False,,tv_wilder_rsi14_sma5_v1,44.63,43.45,True,True,1.18
8877,8877.T,エスリード,2022-07,NEW,1,53.09,54.27,False,True,1.18,2022-07,1717.0,1717.0,1717.0,0.0,1690.28,1681.64,1692.88,True,True,True,False,True,False,True,13600.0,,,,1.12,1.4,0.98,True,2,True,,,,False,,tv_wilder_rsi14_sma5_v1,54.27,53.09,True,False,1.18
3197,3197.T,すかいらーくホールディングス,2022-07,CONTINUE,6,48.47,49.64,True,False,1.17,2022-02,1507.0,1586.0,1586.0,5.24,1496.88,1512.71,,True,False,,,False,False,,1299497.0,,,,0.77,1.82,1.22,False,1,False,,,,False,,tv_wilder_rsi14_sma5_v1,49.64,48.47,False,True,1.17
5393,5393.T,ニチアス,2022-07,NEW,1,44.68,45.85,False,True,1.17,2022-07,788.67,788.67,788.67,0.0,772.81,763.42,834.75,True,True,False,False,True,False,False,453720.0,,,,0.75,1.71,0.89,True,4,True,,,,False,,tv_wilder_rsi14_sma5_v1,45.85,44.68,True,False,1.17
9449,9449.T,ＧＭＯインターネットグループ,2022-07,NEW,1,47.84,49.01,True,True,1.17,2022-07,2599.0,2599.0,2599.0,0.0,2485.4,2483.4,2678.68,True,True,False,False,True,False,False,400543.0,,,,1.29,2.32,0.83,True,4,True,,,,False,,tv_wilder_rsi14_sma5_v1,49.01,47.84,True,True,1.17
6420,6420.T,ガリレイ,2022-07,NEW,1,43.5,44.65,False,True,1.16,2022-07,1825.0,1825.0,1825.0,0.0,1755.3,1755.57,2008.35,True,True,False,False,True,False,False,46880.0,,,,0.93,1.93,0.85,True,4,True,,,,False,,tv_wilder_rsi14_sma5_v1,44.65,43.5,True,False,1.16
9619,9619.T,イチネンホールディングス,2022-07,NEW,1,49.05,50.21,False,True,1.16,2022-07,1272.0,1272.0,1272.0,0.0,1247.48,1235.25,1287.18,True,True,False,False,True,False,False,25257.0,,,,0.66,1.29,0.84,True,4,True,,,,False,,tv_wilder_rsi14_sma5_v1,50.21,49.05,True,False,1.16
6395,6395.T,タダノ,2022-07,NEW,1,45.66,46.81,True,True,1.15,2022-07,962.0,962.0,962.0,0.0,935.24,935.12,1026.38,True,True,False,False,False,False,False,255640.0,,,,0.54,2.5,0.89,True,4,True,,,,False,,tv_wilder_rsi14_sma5_v1,46.81,45.66,True,True,1.15
1976,1976.T,明星工業,2022-07,CONTINUE,3,45.92,47.06,False,True,1.14,2022-05,726.0,710.0,710.0,-2.2,685.88,697.96,710.36,True,True,True,False,False,False,,120850.0,,,,1.68,2.08,1.06,False,3,True,,,,False,,tv_wilder_rsi14_sma5_v1,47.06,45.92,True,False,1.14
6471,6471.T,日本精工,2022-07,CONTINUE,2,40.58,41.72,True,True,1.14,2022-06,730.0,742.0,742.0,1.64,760.88,734.91,751.96,False,False,False,False,True,True,False,2261223.0,,,,1.06,2.72,1.06,False,4,False,,,,False,,tv_wilder_rsi14_sma5_v1,41.72,40.58,True,True,1.14
7744,7744.T,ノーリツ鋼機,2022-07,CONTINUE,3,52.14,53.26,True,True,1.13,2022-05,782.67,791.33,791.33,1.11,732.59,708.88,779.7,True,True,True,False,False,False,,573950.0,,,,0.8,3.08,1.1,False,3,True,,,,False,,tv_wilder_rsi14_sma5_v1,53.26,52.14,True,True,1.13
3221,3221.T,ヨシックスホールディングス,2022-07,CONTINUE,6,51.13,52.25,True,False,1.12,2022-02,2193.0,2277.0,2277.0,3.83,2093.36,2019.2,,True,True,,,True,False,,40460.0,,,,1.83,3.04,1.14,False,1,False,,,,False,,tv_wilder_rsi14_sma5_v1,52.25,51.13,False,True,1.12
3962,3962.T,チェンジホールディングス,2022-07,CONTINUE,6,46.98,48.1,True,False,1.12,2022-02,1760.0,1996.0,1996.0,13.41,1525.92,1806.24,,True,False,,,False,False,,902563.0,,,,1.27,6.2,1.15,False,1,True,,,,False,,tv_wilder_rsi14_sma5_v1,48.1,46.98,False,True,1.12
8214,8214.T,ＡＯＫＩホールディングス,2022-07,CONTINUE,4,45.08,46.21,True,False,1.12,2022-04,612.0,652.0,652.0,6.54,590.28,587.73,,True,True,,,True,False,,156787.0,,,,1.01,1.93,0.85,True,1,True,,,,False,,tv_wilder_rsi14_sma5_v1,46.21,45.08,False,True,1.12
9991,9991.T,ジェコス,2022-07,CONTINUE,3,43.12,44.24,True,False,1.12,2022-05,829.0,821.0,821.0,-0.97,796.4,809.31,830.83,True,True,False,False,False,False,,22080.0,,,,1.17,1.86,0.89,True,4,True,,,,False,,tv_wilder_rsi14_sma5_v1,44.24,43.12,False,True,1.12
6744,6744.T,能美防災,2022-07,CONTINUE,2,41.12,42.22,False,False,1.1,2022-06,1854.0,1843.0,1843.0,-0.59,1730.04,1828.11,1989.0,True,True,False,False,False,False,False,66307.0,,,,1.57,2.2,1.07,False,4,True,,,,False,,tv_wilder_rsi14_sma5_v1,42.22,41.12,False,False,1.1
6920,6920.T,レーザーテック,2022-07,NEW,1,51.58,52.68,False,True,1.1,2022-07,19335.0,19335.0,19335.0,0.0,17270.0,17478.73,22637.0,True,True,False,False,True,False,False,7446457.0,,,,0.91,3.95,0.97,True,4,True,,,,False,,tv_wilder_rsi14_sma5_v1,52.68,51.58,True,False,1.1
4902,4902.T,コニカミノルタ,2022-07,NEW,1,43.11,44.2,True,True,1.09,2022-07,470.0,470.0,470.0,0.0,458.4,461.96,496.12,True,True,False,False,True,False,False,4168187.0,,,,0.96,2.05,1.02,False,4,True,,,,False,,tv_wilder_rsi14_sma5_v1,44.2,43.11,True,True,1.09
5902,5902.T,ホッカンホールディングス,2022-07,NEW,1,36.94,38.03,False,True,1.09,2022-07,1258.0,1258.0,1258.0,0.0,1249.64,1238.21,1351.89,True,True,False,False,True,False,False,20720.0,,,,0.73,1.29,0.8,True,4,True,,,,False,,tv_wilder_rsi14_sma5_v1,38.03,36.94,True,False,1.09
2359,2359.T,コア,2022-07,NEW,1,51.47,52.55,False,True,1.08,2022-07,1518.0,1518.0,1518.0,0.0,1487.0,1472.57,1538.56,True,True,False,False,True,False,False,14097.0,,,,1.11,2.15,1.02,False,4,True,,,,False,,tv_wilder_rsi14_sma5_v1,52.55,51.47,True,False,1.08
2371,2371.T,カカクコム,2022-07,NEW,1,45.96,47.03,True,True,1.08,2022-07,2591.0,2591.0,2591.0,0.0,2379.44,2451.47,2808.84,True,True,False,False,True,False,False,1630230.0,,,,0.76,3.0,0.99,True,4,True,,,,False,,tv_wilder_rsi14_sma5_v1,47.03,45.96,True,True,1.08
2502,2502.T,アサヒグループホールディングス,2022-07,NEW,1,49.34,50.42,False,True,1.08,2022-07,1540.0,1540.0,1540.0,0.0,1512.17,1497.41,1541.93,True,True,False,False,True,True,False,5708090.0,,,,1.11,1.72,0.87,True,4,True,,,,False,,tv_wilder_rsi14_sma5_v1,50.42,49.34,True,False,1.08
6622,6622.T,ダイヘン,2022-07,CONTINUE,3,47.99,49.07,False,False,1.08,2022-05,4195.0,4175.0,4175.0,-0.48,3848.6,3990.67,4398.55,True,True,False,False,False,False,,92207.0,,,,1.09,2.96,0.88,True,4,True,,,,False,,tv_wilder_rsi14_sma5_v1,49.07,47.99,False,False,1.08
2810,2810.T,ハウス食品グループ本社,2022-07,CONTINUE,2,40.57,41.64,True,True,1.07,2022-06,2827.0,2858.0,2858.0,1.1,2757.68,2874.25,3024.9,True,False,False,False,False,False,False,280147.0,,,,1.3,1.88,1.3,False,4,True,,,,False,,tv_wilder_rsi14_sma5_v1,41.64,40.57,True,True,1.07
3252,3252.T,地主,2022-07,CONTINUE,6,65.99,67.05,True,False,1.06,2022-02,1794.0,2022.0,2022.0,12.71,1742.72,1753.43,,True,True,,,True,True,,33380.0,,,,0.91,1.46,1.18,False,1,True,,,,False,,tv_wilder_rsi14_sma5_v1,67.05,65.99,False,True,1.06
6517,6517.T,デンヨー,2022-07,NEW,1,40.96,42.02,False,True,1.06,2022-07,1628.0,1628.0,1628.0,0.0,1601.84,1593.59,1701.63,True,True,False,False,True,False,False,21570.0,,,,0.72,1.83,0.94,True,4,True,,,,False,,tv_wilder_rsi14_sma5_v1,42.02,40.96,True,False,1.06
3031,3031.T,ラクーンホールディングス,2022-07,CONTINUE,5,48.51,49.56,True,False,1.05,2022-03,1270.0,1526.0,1526.0,20.16,1114.8,1231.99,,True,True,,,False,False,,267383.0,,,,0.78,4.75,0.94,True,1,True,,,,False,,tv_wilder_rsi14_sma5_v1,49.56,48.51,False,True,1.05
3088,3088.T,マツキヨココカラ＆カンパニー,2022-07,CONTINUE,6,55.02,56.07,True,False,1.05,2022-02,1470.0,1673.33,1673.33,13.83,1375.07,1431.2,,True,True,,,True,False,,1857930.0,,,,1.07,3.15,1.24,False,1,True,,,,False,,tv_wilder_rsi14_sma5_v1,56.07,55.02,False,True,1.05
3834,3834.T,朝日ネット,2022-07,NEW,1,40.9,41.95,True,True,1.05,2022-07,596.0,596.0,596.0,0.0,587.64,584.35,612.5,True,True,False,False,True,False,False,34673.0,,,,0.65,1.29,0.94,True,4,True,,,,False,,tv_wilder_rsi14_sma5_v1,41.95,40.9,True,True,1.05
4540,4540.T,ツムラ,2022-07,NEW,1,45.37,46.41,False,True,1.04,2022-07,3115.0,3115.0,3115.0,0.0,3142.08,3067.63,3251.86,False,True,False,False,True,False,False,108993.0,,,,0.72,1.78,0.94,True,4,True,,,,False,,tv_wilder_rsi14_sma5_v1,46.41,45.37,True,False,1.04
4709,4709.T,ＩＤホールディングス,2022-07,NEW,1,45.97,47.0,False,True,1.04,2022-07,424.5,424.5,424.5,0.0,420.22,418.25,429.42,True,True,False,False,False,False,False,38527.0,,,,1.4,1.95,1.01,False,4,True,,,,False,,tv_wilder_rsi14_sma5_v1,47.0,45.97,True,False,1.04
4792,4792.T,山田コンサルティンググループ,2022-07,NEW,1,45.56,46.6,True,True,1.04,2022-07,1168.0,1168.0,1168.0,0.0,1143.4,1159.45,1150.6,True,True,True,False,True,False,False,21823.0,,,,0.46,1.91,0.76,True,1,True,,,,False,,tv_wilder_rsi14_sma5_v1,46.6,45.56,True,True,1.04
8057,8057.T,内田洋行,2022-07,CONTINUE,2,51.11,52.15,True,False,1.04,2022-06,1004.0,1000.0,1000.0,-0.4,1011.92,953.52,976.77,False,True,True,False,True,True,False,236683.0,,,,0.43,2.18,0.75,True,3,True,,,,False,,tv_wilder_rsi14_sma5_v1,52.15,51.11,False,True,1.04
8154,8154.T,加賀電子,2022-07,NEW,1,59.06,60.09,True,True,1.04,2022-07,1612.5,1612.5,1612.5,0.0,1539.32,1535.88,1533.56,True,True,True,True,False,False,False,137573.0,,,,0.8,1.81,0.89,True,1,True,,,,False,,tv_wilder_rsi14_sma5_v1,60.09,59.06,True,True,1.04
4218,4218.T,ニチバン,2022-07,NEW,1,44.26,45.29,False,True,1.03,2022-07,1672.0,1672.0,1672.0,0.0,1641.12,1650.36,1740.7,True,True,False,False,True,False,False,17403.0,,,,0.93,0.78,0.88,True,4,True,,,,False,,tv_wilder_rsi14_sma5_v1,45.29,44.26,True,False,1.03
4385,4385.T,メルカリ,2022-07,NEW,1,34.58,35.61,False,True,1.03,2022-07,2285.0,2285.0,2285.0,0.0,2112.0,2174.17,4034.44,True,True,False,False,True,False,False,6818433.0,,,,1.18,3.63,0.86,True,4,True,,,,False,,tv_wilder_rsi14_sma5_v1,35.61,34.58,True,False,1.03
9020,9020.T,東日本旅客鉄道,2022-07,CONTINUE,2,43.83,44.86,True,True,1.03,2022-06,2312.67,2313.33,2313.33,0.03,2274.21,2288.35,2329.23,True,True,False,False,True,False,False,5254390.0,,,,1.02,2.01,1.0,False,4,False,,,,False,,tv_wilder_rsi14_sma5_v1,44.86,43.83,True,True,1.03
1911,1911.T,住友林業,2022-07,NEW,1,51.36,52.38,False,True,1.02,2022-07,685.67,685.67,685.67,0.0,670.49,662.59,707.09,True,True,False,False,True,False,False,3173020.0,,,,0.99,1.59,0.9,True,4,True,,,,False,,tv_wilder_rsi14_sma5_v1,52.38,51.36,True,False,1.02
6268,6268.T,ナブテスコ,2022-07,CONTINUE,2,41.82,42.84,True,False,1.02,2022-06,3170.0,3170.0,3170.0,0.0,3196.6,3110.41,3451.47,False,True,False,False,True,True,False,654720.0,,,,1.2,3.99,1.14,False,4,True,,,,False,,tv_wilder_rsi14_sma5_v1,42.84,41.82,False,True,1.02
6539,6539.T,ＭＳ－Ｊａｐａｎ,2022-07,CONTINUE,3,42.9,43.92,True,False,1.02,2022-05,867.0,873.0,873.0,0.69,812.28,826.09,931.11,True,True,False,False,False,False,,19803.0,,,,1.15,2.88,0.94,True,4,True,,,,False,,tv_wilder_rsi14_sma5_v1,43.92,42.9,False,True,1.02
6615,6615.T,ユー・エム・シー・エレクトロニクス,2022-07,CONTINUE,5,40.46,41.47,True,False,1.02,2022-03,423.0,442.0,442.0,4.49,385.12,409.2,,True,True,,,True,False,,99263.0,,,,0.63,3.73,0.91,True,1,True,,,,False,,tv_wilder_rsi14_sma5_v1,41.47,40.46,False,True,1.02
3407,3407.T,旭化成,2022-07,NEW,1,47.03,48.04,False,True,1.01,2022-07,1065.5,1065.5,1065.5,0.0,1054.54,1055.71,1091.66,True,True,False,False,True,False,False,3170853.0,,,,0.7,1.72,0.83,True,4,False,,,,False,,tv_wilder_rsi14_sma5_v1,48.04,47.03,True,False,1.01
6055,6055.T,ジャパンマテリアル,2022-07,CONTINUE,2,60.43,61.44,True,True,1.01,2022-06,1937.0,1962.0,1962.0,1.29,1882.16,1823.45,1687.77,True,True,True,True,True,True,True,263140.0,,,,1.08,3.02,1.15,False,2,True,,,,False,,tv_wilder_rsi14_sma5_v1,61.44,60.43,True,True,1.01
9742,9742.T,アイネス,2022-07,CONTINUE,2,55.68,56.69,True,False,1.01,2022-06,1624.0,1617.0,1617.0,-0.43,1546.52,1543.6,1529.61,True,True,True,True,True,True,True,33620.0,,,,1.45,2.46,1.13,False,1,True,,,,False,,tv_wilder_rsi14_sma5_v1,56.69,55.68,False,True,1.01
7717,7717.T,ブイ・テクノロジー,2022-07,NEW,1,34.16,35.15,False,True,0.99,2022-07,2975.0,2975.0,2975.0,0.0,2880.36,2924.45,3355.03,True,True,False,False,False,False,False,48857.0,,,,0.66,2.08,0.92,True,4,True,,,,False,,tv_wilder_rsi14_sma5_v1,35.15,34.16,True,False,0.99
5310,5310.T,東洋炭素,2022-07,NEW,1,58.66,59.64,False,True,0.98,2022-07,3015.0,3015.0,3015.0,0.0,2900.44,2860.28,2996.97,True,True,True,False,True,False,False,90223.0,,,,0.9,2.42,0.92,True,1,True,,,,False,,tv_wilder_rsi14_sma5_v1,59.64,58.66,True,False,0.98
4461,4461.T,第一工業製薬,2022-07,NEW,1,34.97,35.94,False,True,0.97,2022-07,2347.0,2347.0,2347.0,0.0,2323.88,2351.8,2765.97,True,False,False,False,True,False,False,78300.0,,,,1.07,2.3,0.98,True,4,False,,,,False,,tv_wilder_rsi14_sma5_v1,35.94,34.97,True,False,0.97
2222,2222.T,寿スピリッツ,2022-07,CONTINUE,6,55.16,56.11,True,False,0.96,2022-02,1226.0,1450.0,1450.0,18.27,1088.04,1160.97,,True,True,,,True,False,,976783.0,,,,1.16,4.63,1.0,False,1,True,,,,False,,tv_wilder_rsi14_sma5_v1,56.11,55.16,False,True,0.96
8345,8345.T,岩手銀行,2022-07,CONTINUE,8,43.94,44.9,True,False,0.96,2021-12,467.0,495.0,495.0,6.0,437.93,427.67,,True,True,,,True,True,,170360.0,,,,0.82,1.56,1.02,False,1,True,,,,False,,tv_wilder_rsi14_sma5_v1,44.9,43.94,False,True,0.96
2163,2163.T,アルトナー,2022-07,CONTINUE,2,51.73,52.67,False,False,0.95,2022-06,880.0,880.0,880.0,0.0,850.88,854.59,861.77,True,True,True,False,True,False,True,72647.0,,,,1.16,1.9,1.0,False,1,True,,,,False,,tv_wilder_rsi14_sma5_v1,52.67,51.73,False,False,0.95
2802,2802.T,味の素,2022-07,NEW,1,64.29,65.23,False,True,0.94,2022-07,1749.0,1749.0,1749.0,0.0,1707.62,1630.51,1673.79,True,True,True,False,True,False,True,3463153.0,,,,0.81,1.6,0.8,True,1,True,,,,False,,tv_wilder_rsi14_sma5_v1,65.23,64.29,True,False,0.94
4825,4825.T,ウェザーニューズ,2022-07,NEW,1,56.98,57.92,False,True,0.94,2022-07,1935.0,1935.0,1935.0,0.0,1827.1,1730.33,1971.9,True,True,False,False,True,False,True,294520.0,,,,0.4,2.53,0.8,True,4,True,,,,False,,tv_wilder_rsi14_sma5_v1,57.92,56.98,True,False,0.94
6785,6785.T,鈴木,2022-07,NEW,1,45.71,46.64,True,True,0.94,2022-07,802.0,802.0,802.0,0.0,785.76,783.45,831.63,True,True,False,False,False,True,False,29973.0,,,,0.8,1.75,0.83,True,4,False,,,,False,,tv_wilder_rsi14_sma5_v1,46.64,45.71,True,True,0.94
8706,8706.T,極東証券,2022-07,NEW,1,40.74,41.68,False,True,0.94,2022-07,696.0,696.0,696.0,0.0,694.88,688.73,734.64,True,True,False,False,True,False,False,44840.0,,,,0.97,1.46,0.92,True,4,True,,,,False,,tv_wilder_rsi14_sma5_v1,41.68,40.74,True,False,0.94
6473,6473.T,ジェイテクト,2022-07,CONTINUE,3,46.26,47.2,True,False,0.93,2022-05,981.0,980.0,980.0,-0.1,945.04,948.03,990.1,True,True,False,False,True,False,,1260163.0,,,,0.84,2.26,0.78,True,4,True,,,,False,,tv_wilder_rsi14_sma5_v1,47.2,46.26,False,True,0.93
7752,7752.T,リコー,2022-07,CONTINUE,3,51.42,52.35,True,True,0.93,2022-05,1084.0,1066.0,1066.0,-1.66,1007.12,1004.25,1056.27,True,True,True,False,True,False,,3929473.0,,,,1.56,2.75,0.8,True,3,True,,,,False,,tv_wilder_rsi14_sma5_v1,52.35,51.42,True,True,0.93
2002,2002.T,日清製粉グループ本社,2022-07,NEW,1,44.9,45.82,True,True,0.92,2022-07,1636.0,1636.0,1636.0,0.0,1626.0,1615.04,1667.67,True,True,False,False,True,False,False,882183.0,,,,1.07,1.62,1.05,False,4,True,,,,False,,tv_wilder_rsi14_sma5_v1,45.82,44.9,True,True,0.92
9501,9501.T,東京電力ホールディングス,2022-07,CONTINUE,7,63.56,64.47,True,False,0.92,2022-01,306.0,523.0,523.0,70.92,298.4,310.4,,True,False,,,False,False,,14914620.0,,,,1.46,2.59,1.29,False,1,True,,,,False,,tv_wilder_rsi14_sma5_v1,64.47,63.56,False,True,0.92
9507,9507.T,四国電力,2022-07,NEW,1,45.74,46.67,False,False,0.92,2022-07,786.0,786.0,786.0,0.0,794.08,778.89,788.21,False,True,False,False,True,False,False,596803.0,,,,0.86,1.88,0.94,True,1,True,,,,False,,tv_wilder_rsi14_sma5_v1,46.67,45.74,False,False,0.92
1720,1720.T,東急建設,2022-07,CONTINUE,2,45.48,46.39,False,False,0.91,2022-06,637.0,630.0,630.0,-1.1,614.2,634.36,691.71,True,True,False,False,True,False,False,378430.0,,,,0.93,1.81,0.97,True,4,True,,,,False,,tv_wilder_rsi14_sma5_v1,46.39,45.48,False,False,0.91
5852,5852.T,アーレスティ,2022-07,CONTINUE,3,42.35,43.26,True,False,0.91,2022-05,372.0,379.0,379.0,1.88,358.44,368.87,398.49,True,True,False,False,False,False,,91163.0,,,,0.92,3.07,1.08,False,4,False,,,,False,,tv_wilder_rsi14_sma5_v1,43.26,42.35,False,True,0.91
7516,7516.T,コーナン商事,2022-07,NEW,1,55.42,56.33,True,True,0.91,2022-07,3725.0,3725.0,3725.0,0.0,3747.0,3681.6,3570.38,False,True,True,True,True,True,True,99587.0,,,,1.52,2.18,0.88,True,2,True,,,,False,,tv_wilder_rsi14_sma5_v1,56.33,55.42,True,True,0.91
8203,8203.T,ＭｒＭａｘＨＤ,2022-07,CONTINUE,5,49.81,50.71,True,False,0.91,2022-03,584.0,626.0,626.0,7.19,569.8,589.0,,True,False,,,False,True,,149867.0,,,,0.54,1.81,0.75,True,1,True,,,,False,,tv_wilder_rsi14_sma5_v1,50.71,49.81,False,True,0.91
2378,2378.T,ルネサンス,2022-07,CONTINUE,2,39.52,40.42,False,True,0.9,2022-06,954.0,956.0,956.0,0.21,943.68,954.55,1078.17,True,False,False,False,True,False,False,51267.0,,,,1.0,1.96,0.98,True,4,True,,,,False,,tv_wilder_rsi14_sma5_v1,40.42,39.52,True,False,0.9
2752,2752.T,フジオフードグループ本社,2022-07,NEW,1,50.77,51.67,True,True,0.9,2022-07,1364.0,1364.0,1364.0,0.0,1351.72,1348.36,1348.29,True,True,True,True,False,True,False,118203.0,,,,0.32,1.16,0.96,True,3,False,,,,False,,tv_wilder_rsi14_sma5_v1,51.67,50.77,True,True,0.9
3105,3105.T,日清紡ホールディングス,2022-07,NEW,1,58.25,59.15,True,True,0.9,2022-07,1057.0,1057.0,1057.0,0.0,1047.0,1030.28,972.65,True,True,True,True,False,True,True,798820.0,,,,1.53,1.88,0.91,True,2,False,,,,False,,tv_wilder_rsi14_sma5_v1,59.15,58.25,True,True,0.9
4318,4318.T,クイック,2022-07,NEW,1,54.81,55.71,False,True,0.9,2022-07,508.33,508.33,508.33,0.0,477.63,481.35,485.26,True,True,True,False,True,False,True,79240.0,,,,1.33,2.01,0.99,True,2,True,,,,False,,tv_wilder_rsi14_sma5_v1,55.71,54.81,True,False,0.9
6850,6850.T,チノー,2022-07,CONTINUE,3,59.06,59.96,True,True,0.9,2022-05,847.0,842.0,842.0,-0.59,807.5,801.89,773.45,True,True,True,True,True,True,,34140.0,,,,1.03,1.64,0.95,True,1,True,,,,False,,tv_wilder_rsi14_sma5_v1,59.96,59.06,True,True,0.9
7003,7003.T,三井Ｅ＆Ｓ,2022-07,NEW,1,38.42,39.31,True,True,0.89,2022-07,357.0,357.0,357.0,0.0,341.04,353.96,385.75,True,True,False,False,False,False,False,1082890.0,,,,0.94,2.08,0.93,True,4,True,,,,False,,tv_wilder_rsi14_sma5_v1,39.31,38.42,True,True,0.89
4221,4221.T,大倉工業,2022-07,NEW,1,43.41,44.28,False,True,0.87,2022-07,1773.0,1773.0,1773.0,0.0,1720.8,1739.29,1921.47,True,True,False,False,True,False,False,22290.0,,,,1.36,1.46,0.89,True,4,False,,,,False,,tv_wilder_rsi14_sma5_v1,44.28,43.41,True,False,0.87
6861,6861.T,キーエンス,2022-07,NEW,1,48.59,49.45,False,True,0.86,2022-07,52430.0,52430.0,52430.0,0.0,50306.4,50696.27,58973.3,True,True,False,False,True,False,False,706357.0,,,,0.98,2.94,1.0,False,4,True,,,,False,,tv_wilder_rsi14_sma5_v1,49.45,48.59,True,False,0.86
4008,4008.T,住友精化,2022-07,NEW,1,40.63,41.48,False,True,0.85,2022-07,598.0,598.0,598.0,0.0,585.3,590.84,619.91,True,True,False,False,False,False,False,64233.0,,,,0.87,1.23,1.02,False,4,True,,,,False,,tv_wilder_rsi14_sma5_v1,41.48,40.63,True,False,0.85
7245,7245.T,大同メタル工業,2022-07,NEW,1,42.61,43.45,False,True,0.85,2022-07,543.0,543.0,543.0,0.0,535.0,534.47,578.59,True,True,False,False,True,False,False,77650.0,,,,0.75,1.64,0.96,True,4,True,,,,False,,tv_wilder_rsi14_sma5_v1,43.45,42.61,True,False,0.85
7745,7745.T,Ａ＆Ｄホロンホールディングス,2022-07,NEW,1,49.22,50.07,True,True,0.85,2022-07,964.0,964.0,964.0,0.0,913.0,924.97,998.19,True,True,False,False,False,True,False,148110.0,,,,0.99,2.47,0.99,True,4,True,,,,False,,tv_wilder_rsi14_sma5_v1,50.07,49.22,True,True,0.85
2695,2695.T,くら寿司,2022-07,NEW,1,47.36,48.21,False,True,0.84,2022-07,1610.0,1610.0,1610.0,0.0,1598.2,1572.0,1712.11,True,True,False,False,True,False,False,434967.0,,,,0.51,2.34,0.91,True,4,True,,,,False,,tv_wilder_rsi14_sma5_v1,48.21,47.36,True,False,0.84
3765,3765.T,ｶﾞﾝﾎｰ･ｵﾝﾗｲﾝ･ｴﾝﾀｰﾃｲﾒﾝﾄ,2022-07,NEW,1,52.59,53.43,True,True,0.84,2022-07,2591.0,2591.0,2591.0,0.0,2488.16,2486.09,2509.05,True,True,True,False,True,False,True,192237.0,,,,0.85,1.73,0.96,True,2,True,,,,False,,tv_wilder_rsi14_sma5_v1,53.43,52.59,True,True,0.84
3843,3843.T,フリービット,2022-07,NEW,1,46.79,47.63,False,True,0.84,2022-07,874.0,874.0,874.0,0.0,835.16,856.75,981.86,True,True,False,False,False,False,False,58990.0,,,,0.51,2.04,0.98,True,4,True,,,,False,,tv_wilder_rsi14_sma5_v1,47.63,46.79,True,False,0.84
6240,6240.T,ヤマシンフィルタ,2022-07,NEW,1,31.33,32.17,True,True,0.84,2022-07,330.0,330.0,330.0,0.0,324.32,326.04,422.43,True,True,False,False,True,False,False,334557.0,,,,0.73,2.51,0.93,True,4,True,,,,False,,tv_wilder_rsi14_sma5_v1,32.17,31.33,True,True,0.84
7741,7741.T,ＨＯＹＡ,2022-07,NEW,1,48.84,49.68,False,True,0.84,2022-07,13270.0,13270.0,13270.0,0.0,12525.6,12802.07,14824.92,True,True,False,False,False,False,False,1171843.0,,,,0.75,2.69,0.87,True,4,True,,,,False,,tv_wilder_rsi14_sma5_v1,49.68,48.84,True,False,0.84
8061,8061.T,西華産業,2022-07,CONTINUE,6,53.49,54.33,False,True,0.84,2022-02,549.67,550.0,550.0,0.06,528.8,533.35,,True,True,,,False,False,,40620.0,,,,1.04,2.67,0.96,True,1,False,,,,False,,tv_wilder_rsi14_sma5_v1,54.33,53.49,True,False,0.84
3608,3608.T,ＴＳＩホールディングス,2022-07,CONTINUE,3,44.63,45.46,True,False,0.83,2022-05,328.0,332.0,332.0,1.22,314.24,321.57,334.0,True,True,False,False,False,False,,827440.0,,,,0.41,2.61,0.91,True,4,True,,,,False,,tv_wilder_rsi14_sma5_v1,45.46,44.63,False,True,0.83
8281,8281.T,ゼビオホールディングス,2022-07,CONTINUE,2,45.17,46.0,False,False,0.83,2022-06,927.0,920.0,920.0,-0.76,907.4,913.33,957.74,True,True,False,False,True,False,False,181743.0,,,,0.59,1.9,1.0,False,4,True,,,,False,,tv_wilder_rsi14_sma5_v1,46.0,45.17,False,False,0.83
6027,6027.T,弁護士ドットコム,2022-07,CONTINUE,2,36.86,37.68,False,False,0.82,2022-06,3805.0,3800.0,3800.0,-0.13,3749.6,3701.52,5088.69,True,True,False,False,True,False,False,304547.0,,,,0.88,5.91,0.77,True,4,True,,,,False,,tv_wilder_rsi14_sma5_v1,37.68,36.86,False,False,0.82
8343,8343.T,秋田銀行,2022-07,CONTINUE,2,49.42,50.25,False,False,0.82,2022-06,1656.0,1650.0,1650.0,-0.36,1585.28,1635.23,1597.9,True,True,True,False,False,False,True,27143.0,,,,0.86,2.1,1.07,False,2,True,,,,False,,tv_wilder_rsi14_sma5_v1,50.25,49.42,False,False,0.82
1815,1815.T,鉄建建設,2022-07,NEW,1,40.3,41.11,False,True,0.81,2022-07,1821.0,1821.0,1821.0,0.0,1805.0,1809.25,1826.69,True,True,False,False,True,False,False,17803.0,,,,0.84,1.26,0.87,True,1,False,,,,False,,tv_wilder_rsi14_sma5_v1,41.11,40.3,True,False,0.81
6463,6463.T,ＴＰＲ,2022-07,NEW,1,38.13,38.93,False,True,0.81,2022-07,623.5,623.5,623.5,0.0,616.82,618.86,674.79,True,True,False,False,False,False,False,237467.0,,,,0.96,1.83,1.03,False,4,True,,,,False,,tv_wilder_rsi14_sma5_v1,38.93,38.13,True,False,0.81
6141,6141.T,DMG森精機,2022-07,NEW,1,50.57,51.37,True,True,0.8,2022-07,1771.0,1771.0,1771.0,0.0,1703.08,1742.2,1790.96,True,True,False,False,False,True,False,1117680.0,,,,1.09,2.67,0.99,True,4,True,,,,False,,tv_wilder_rsi14_sma5_v1,51.37,50.57,True,True,0.8
7912,7912.T,大日本印刷,2022-07,NEW,1,58.37,59.17,False,True,0.8,2022-07,1465.0,1465.0,1465.0,0.0,1440.1,1423.57,1421.15,True,True,True,True,False,False,True,1447480.0,,,,0.72,1.73,0.82,True,2,False,,,,False,,tv_wilder_rsi14_sma5_v1,59.17,58.37,True,False,0.8
9409,9409.T,テレビ朝日ホールディングス,2022-07,NEW,1,40.59,41.38,False,True,0.8,2022-07,1490.0,1490.0,1490.0,0.0,1515.8,1488.68,1542.93,False,True,False,False,True,True,False,131390.0,,,,0.84,1.82,0.9,True,4,False,,,,False,,tv_wilder_rsi14_sma5_v1,41.38,40.59,True,False,0.8
3694,3694.T,オプティム,2022-07,NEW,1,31.96,32.74,True,True,0.78,2022-07,835.0,835.0,835.0,0.0,792.84,819.25,1118.33,True,True,False,False,True,False,False,154533.0,,,,0.76,2.78,0.87,True,4,True,,,,False,,tv_wilder_rsi14_sma5_v1,32.74,31.96,True,True,0.78
4674,4674.T,クレスコ,2022-07,NEW,1,56.75,57.53,True,True,0.78,2022-07,1045.5,1045.5,1045.5,0.0,992.3,985.69,973.26,True,True,True,True,False,True,False,64400.0,,,,0.78,2.37,1.14,False,1,True,,,,False,,tv_wilder_rsi14_sma5_v1,57.53,56.75,True,True,0.78
7013,7013.T,ＩＨＩ,2022-07,CONTINUE,6,62.86,63.63,True,False,0.78,2022-02,379.71,498.57,498.57,31.3,351.95,345.04,,True,True,,,True,False,,10152683.0,,,,0.98,3.65,0.96,True,1,True,,,,False,,tv_wilder_rsi14_sma5_v1,63.63,62.86,False,True,0.78
9048,9048.T,名古屋鉄道,2022-07,NEW,1,44.26,45.04,True,True,0.78,2022-07,2136.0,2136.0,2136.0,0.0,2075.96,2126.76,1998.62,True,True,True,False,False,False,True,500513.0,,,,0.8,1.82,0.89,True,2,False,,,,False,,tv_wilder_rsi14_sma5_v1,45.04,44.26,True,True,0.78
5703,5703.T,日本軽金属ホールディングス,2022-07,NEW,1,39.55,40.32,False,True,0.77,2022-07,1587.0,1587.0,1587.0,0.0,1532.92,1581.6,1710.54,True,True,False,False,False,False,False,433263.0,,,,0.67,1.18,0.8,True,4,True,,,,False,,tv_wilder_rsi14_sma5_v1,40.32,39.55,True,False,0.77
3769,3769.T,ＧＭＯペイメントゲートウェイ,2022-07,NEW,1,46.75,47.51,True,True,0.76,2022-07,10980.0,10980.0,10980.0,0.0,10252.4,10250.4,11875.3,True,True,False,False,True,False,False,316700.0,,,,0.71,3.01,0.8,True,4,True,,,,False,,tv_wilder_rsi14_sma5_v1,47.51,46.75,True,True,0.76
2975,2975.T,スター・マイカ・ホールディングス,2022-07,CONTINUE,5,55.2,55.95,True,False,0.75,2022-03,661.0,793.0,793.0,19.97,612.38,638.41,,True,True,,,False,False,,77220.0,,,,1.25,2.16,0.94,True,1,True,,,,False,,tv_wilder_rsi14_sma5_v1,55.95,55.2,False,True,0.75
8713,8713.T,フィデアホールディングス,2022-07,NEW,1,51.03,51.78,False,True,0.75,2022-07,1290.0,1290.0,1290.0,0.0,1292.12,1279.11,1295.18,False,True,False,False,True,False,True,43317.0,,,,0.71,1.4,0.87,True,1,True,,,,False,,tv_wilder_rsi14_sma5_v1,51.78,51.03,True,False,0.75
8766,8766.T,東京海上ホールディングス,2022-07,CONTINUE,8,71.43,72.18,True,False,0.75,2021-12,2130.67,2588.0,2588.0,21.46,2053.57,2024.12,,True,True,,,True,True,,4998550.0,,,,0.47,1.89,0.86,True,1,True,,,,False,,tv_wilder_rsi14_sma5_v1,72.18,71.43,False,True,0.75
6238,6238.T,フリュー,2022-07,CONTINUE,2,46.24,46.97,True,False,0.74,2022-06,1128.0,1097.0,1097.0,-2.75,1086.56,1057.4,1268.89,True,True,False,False,True,True,False,200223.0,,,,0.92,3.18,0.91,True,4,False,,,,False,,tv_wilder_rsi14_sma5_v1,46.97,46.24,False,True,0.74
6849,6849.T,日本光電工業,2022-07,NEW,1,44.5,45.23,False,True,0.73,2022-07,1485.0,1485.0,1485.0,0.0,1470.58,1501.28,1577.82,True,False,False,False,False,False,False,517467.0,,,,0.7,2.09,1.01,False,4,True,,,,False,,tv_wilder_rsi14_sma5_v1,45.23,44.5,True,False,0.73
9531,9531.T,東京瓦斯,2022-07,CONTINUE,8,56.41,57.15,True,False,0.73,2021-12,2062.0,2611.0,2611.0,26.62,2030.4,2019.04,,True,True,,,True,False,,1311743.0,,,,0.47,1.53,0.94,True,1,True,,,,False,,tv_wilder_rsi14_sma5_v1,57.15,56.41,False,True,0.73
3183,3183.T,ウイン・パートナーズ,2022-07,NEW,1,47.99,48.71,True,True,0.72,2022-07,1018.0,1018.0,1018.0,0.0,1028.52,1013.07,994.38,False,True,True,True,True,False,True,15413.0,,,,0.97,1.59,0.83,True,2,True,,,,False,,tv_wilder_rsi14_sma5_v1,48.71,47.99,True,True,0.72
1433,1433.T,ベステラ,2022-07,NEW,1,42.45,43.15,False,True,0.7,2022-07,1186.0,1186.0,1186.0,0.0,1144.92,1167.97,1256.97,True,True,False,False,False,False,False,91513.0,,,,0.68,2.95,1.39,False,4,True,,,,False,,tv_wilder_rsi14_sma5_v1,43.15,42.45,True,False,0.7
4216,4216.T,旭有機材,2022-07,NEW,1,63.07,63.76,False,True,0.69,2022-07,2091.0,2091.0,2091.0,0.0,2013.36,1996.28,1830.2,True,True,True,True,False,True,True,45040.0,,,,1.01,1.87,0.97,True,2,True,,,,False,,tv_wilder_rsi14_sma5_v1,63.76,63.07,True,False,0.69
5943,5943.T,ノーリツ,2022-07,NEW,1,43.83,44.52,False,True,0.69,2022-07,1486.0,1486.0,1486.0,0.0,1467.96,1480.71,1594.76,True,True,False,False,False,True,False,151660.0,,,,1.77,1.6,0.97,True,4,True,,,,False,,tv_wilder_rsi14_sma5_v1,44.52,43.83,True,False,0.69
2429,2429.T,ワールドホールディングス,2022-07,NEW,1,49.34,50.02,True,True,0.68,2022-07,2375.0,2375.0,2375.0,0.0,2268.64,2305.57,2423.32,True,True,False,False,True,False,False,21880.0,,,,0.88,1.94,1.01,False,4,True,,,,False,,tv_wilder_rsi14_sma5_v1,50.02,49.34,True,True,0.68
6089,6089.T,ウィルグループ,2022-07,NEW,1,53.05,53.73,False,True,0.68,2022-07,1212.0,1212.0,1212.0,0.0,1185.56,1144.37,1239.94,True,True,False,False,True,False,False,46070.0,,,,0.79,2.01,0.97,True,4,True,,,,False,,tv_wilder_rsi14_sma5_v1,53.73,53.05,True,False,0.68
4985,4985.T,アース製薬,2022-07,NEW,1,40.73,41.4,False,True,0.67,2022-07,5330.0,5330.0,5330.0,0.0,5396.8,5310.8,5818.35,False,True,False,False,True,False,False,81280.0,,,,1.05,1.66,0.84,True,4,True,,,,False,,tv_wilder_rsi14_sma5_v1,41.4,40.73,True,False,0.67
3496,3496.T,アズーム,2022-07,CONTINUE,5,62.4,63.06,True,True,0.66,2022-03,1725.0,1857.5,1857.5,7.68,1399.15,1411.58,,True,True,,,True,False,,139507.0,,,,1.21,5.13,1.09,False,1,True,,,,False,,tv_wilder_rsi14_sma5_v1,63.06,62.4,True,True,0.66
6718,6718.T,アイホン,2022-07,NEW,1,48.45,49.11,False,True,0.66,2022-07,1875.0,1875.0,1875.0,0.0,1799.96,1801.44,2029.7,True,True,False,False,True,False,False,34827.0,,,,0.76,1.47,0.91,True,4,True,,,,False,,tv_wilder_rsi14_sma5_v1,49.11,48.45,True,False,0.66
3486,3486.T,グローバル・リンク・マネジメント,2022-07,CONTINUE,5,52.52,53.17,True,False,0.65,2022-03,442.5,467.5,467.5,5.65,420.02,431.38,,True,True,,,True,False,,31507.0,,,,0.81,1.93,0.67,True,1,True,,,,False,,tv_wilder_rsi14_sma5_v1,53.17,52.52,False,True,0.65
6464,6464.T,ツバキ・ナカシマ,2022-07,NEW,1,38.06,38.7,True,True,0.64,2022-07,943.0,943.0,943.0,0.0,930.76,937.91,1183.96,True,True,False,False,False,False,False,205530.0,,,,0.92,2.47,1.08,False,4,True,,,,False,,tv_wilder_rsi14_sma5_v1,38.7,38.06,True,True,0.64
5991,5991.T,日本発条,2022-07,NEW,1,52.8,53.43,False,True,0.63,2022-07,901.0,901.0,901.0,0.0,896.48,888.33,893.77,True,True,True,False,False,True,True,561317.0,,,,0.72,2.2,0.8,True,2,True,,,,False,,tv_wilder_rsi14_sma5_v1,53.43,52.8,True,False,0.63
6071,6071.T,ＩＢＪ,2022-07,CONTINUE,3,44.86,45.49,True,True,0.63,2022-05,746.0,770.0,770.0,3.22,712.64,741.09,894.29,True,True,False,False,False,False,,145070.0,,,,1.33,3.69,1.01,False,4,True,,,,False,,tv_wilder_rsi14_sma5_v1,45.49,44.86,True,True,0.63
7180,7180.T,九州フィナンシャルグループ,2022-07,NEW,1,43.53,44.17,False,True,0.63,2022-07,392.0,392.0,392.0,0.0,385.88,385.99,402.5,True,True,False,False,True,False,False,915940.0,,,,0.75,1.75,0.84,True,1,True,,,,False,,tv_wilder_rsi14_sma5_v1,44.17,43.53,True,False,0.63
8338,8338.T,筑波銀行,2022-07,NEW,1,51.11,51.74,False,True,0.63,2022-07,196.0,196.0,196.0,0.0,192.96,190.53,188.04,True,True,True,True,True,False,True,214833.0,,,,0.58,1.9,0.85,True,2,True,,,,False,,tv_wilder_rsi14_sma5_v1,51.74,51.11,True,False,0.63
8624,8624.T,いちよし証券,2022-07,CONTINUE,3,49.21,49.84,False,False,0.63,2022-05,633.0,626.0,626.0,-1.11,592.08,621.71,642.03,True,True,False,False,False,False,,223340.0,,,,1.44,2.52,0.89,True,4,True,,,,False,,tv_wilder_rsi14_sma5_v1,49.84,49.21,False,False,0.63
1928,1928.T,積水ハウス,2022-07,CONTINUE,2,54.8,55.42,False,False,0.62,2022-06,2376.5,2356.0,2356.0,-0.86,2319.28,2294.29,2338.27,True,True,True,False,True,False,True,2221227.0,,,,1.16,1.61,0.93,True,1,True,,,,False,,tv_wilder_rsi14_sma5_v1,55.42,54.8,False,False,0.62
4587,4587.T,ペプチドリーム,2022-07,NEW,1,31.85,32.47,True,True,0.62,2022-07,1655.0,1655.0,1655.0,0.0,1510.8,1649.71,2125.94,True,True,False,False,True,False,False,1138973.0,,,,1.3,3.58,0.91,True,4,True,,,,False,,tv_wilder_rsi14_sma5_v1,32.47,31.85,True,True,0.62
7453,7453.T,良品計画,2022-07,CONTINUE,3,38.04,38.65,False,False,0.62,2022-05,685.5,663.5,663.5,-3.21,623.5,714.27,917.33,True,False,False,False,False,False,,12889980.0,,,,1.33,3.39,1.0,True,4,True,,,,False,,tv_wilder_rsi14_sma5_v1,38.65,38.04,False,False,0.62
7532,7532.T,ﾊﾟﾝ･ﾊﾟｼﾌｨｯｸ･ｲﾝﾀｰﾅｼｮﾅﾙﾎｰﾙﾃﾞｨﾝｸﾞｽ,2022-07,CONTINUE,6,49.86,50.48,True,False,0.62,2022-02,376.0,413.4,413.4,9.95,341.45,357.37,,True,True,,,True,False,,12048950.0,,,,0.91,3.54,1.22,False,1,True,,,,False,,tv_wilder_rsi14_sma5_v1,50.48,49.86,False,True,0.62
8129,8129.T,東邦ホールディングス,2022-07,CONTINUE,7,50.85,51.46,True,False,0.61,2022-01,1791.0,2034.0,2034.0,13.57,1745.84,1772.73,,True,True,,,False,False,,129357.0,,,,1.25,2.1,1.05,False,1,True,,,,False,,tv_wilder_rsi14_sma5_v1,51.46,50.85,False,True,0.61
8604,8604.T,野村ホールディングス,2022-07,NEW,1,47.24,47.85,False,True,0.61,2022-07,507.6,507.6,507.6,0.0,504.94,499.21,511.82,True,True,False,False,True,False,False,9765027.0,,,,0.83,1.43,0.96,True,4,True,,,,False,,tv_wilder_rsi14_sma5_v1,47.85,47.24,True,False,0.61
4051,4051.T,GMOフィナンシャルゲート,2022-07,NEW,1,50.18,50.78,True,True,0.6,2022-07,7035.0,7035.0,7035.0,0.0,6499.2,6534.13,9543.75,True,True,False,False,True,False,False,85707.0,,,,1.06,5.35,0.89,True,4,True,,,,False,,tv_wilder_rsi14_sma5_v1,50.78,50.18,True,True,0.6
4433,4433.T,ﾋﾄ･ｺﾐｭﾆｹｰｼｮﾝｽﾞ･ﾎｰﾙﾃﾞｨﾝｸﾞｽ,2022-07,NEW,1,46.15,46.72,False,True,0.57,2022-07,1633.0,1633.0,1633.0,0.0,1571.8,1561.6,1892.24,True,True,False,False,True,False,False,42357.0,,,,0.62,3.16,1.0,False,4,True,,,,False,,tv_wilder_rsi14_sma5_v1,46.72,46.15,True,False,0.57
5482,5482.T,愛知製鋼,2022-07,NEW,1,35.44,36.01,False,True,0.57,2022-07,537.25,537.25,537.25,0.0,525.84,528.72,598.89,True,True,False,False,True,False,False,172800.0,,,,0.76,1.7,0.85,True,4,False,,,,False,,tv_wilder_rsi14_sma5_v1,36.01,35.44,True,False,0.57
6269,6269.T,三井海洋開発,2022-07,NEW,1,40.32,40.89,True,True,0.57,2022-07,1233.0,1233.0,1233.0,0.0,1174.12,1215.12,1345.67,True,True,False,False,False,False,False,165160.0,,,,0.6,2.3,0.84,True,4,True,,,,False,,tv_wilder_rsi14_sma5_v1,40.89,40.32,True,True,0.57
6486,6486.T,イーグル工業,2022-07,NEW,1,45.42,45.99,False,True,0.57,2022-07,1006.0,1006.0,1006.0,0.0,998.32,984.29,1046.37,True,True,False,False,True,True,False,82673.0,,,,0.92,1.76,1.0,False,4,True,,,,False,,tv_wilder_rsi14_sma5_v1,45.99,45.42,True,False,0.57
8167,8167.T,リテールパートナーズ,2022-07,NEW,1,48.11,48.67,False,True,0.57,2022-07,1215.0,1215.0,1215.0,0.0,1196.88,1168.43,1234.7,True,True,False,False,True,False,False,92010.0,,,,1.18,2.4,1.08,False,1,True,,,,False,,tv_wilder_rsi14_sma5_v1,48.67,48.11,True,False,0.57
9201,9201.T,日本航空,2022-07,CONTINUE,3,47.06,47.64,True,False,0.57,2022-05,2346.0,2314.0,2314.0,-1.36,2217.16,2219.81,2285.68,True,True,True,False,True,True,,4377067.0,,,,1.26,2.21,0.95,True,1,True,,,,False,,tv_wilder_rsi14_sma5_v1,47.64,47.06,False,True,0.57
5331,5331.T,ノリタケ,2022-07,NEW,1,49.73,50.28,False,True,0.55,2022-07,1060.0,1060.0,1060.0,0.0,1039.75,1038.23,1116.95,True,True,False,False,False,False,False,98453.0,,,,0.52,1.63,0.93,True,4,True,,,,False,,tv_wilder_rsi14_sma5_v1,50.28,49.73,True,False,0.55
6965,6965.T,浜松ホトニクス,2022-07,NEW,1,50.83,51.37,True,True,0.55,2022-07,3005.0,3005.0,3005.0,0.0,2834.6,2887.53,3108.88,True,True,False,False,False,False,False,746540.0,,,,0.71,2.01,0.84,True,4,True,,,,False,,tv_wilder_rsi14_sma5_v1,51.37,50.83,True,True,0.55
7220,7220.T,武蔵精密工業,2022-07,NEW,1,44.32,44.87,False,True,0.55,2022-07,1421.0,1421.0,1421.0,0.0,1407.28,1368.89,1650.49,True,True,False,False,True,False,False,204847.0,,,,0.82,3.23,0.83,True,4,True,,,,False,,tv_wilder_rsi14_sma5_v1,44.87,44.32,True,False,0.55
7322,7322.T,三十三フィナンシャルグループ,2022-07,NEW,1,45.33,45.86,False,True,0.54,2022-07,352.5,352.5,352.5,0.0,350.74,349.03,360.27,True,True,False,False,True,False,False,168987.0,,,,0.89,0.92,0.79,True,1,False,,,,False,,tv_wilder_rsi14_sma5_v1,45.86,45.33,True,False,0.54
5711,5711.T,三菱マテリアル,2022-07,NEW,1,41.15,41.69,False,True,0.53,2022-07,2010.0,2010.0,2010.0,0.0,1947.68,1991.52,2060.86,True,True,False,False,False,False,False,837420.0,,,,0.6,1.34,0.74,True,4,True,,,,False,,tv_wilder_rsi14_sma5_v1,41.69,41.15,True,False,0.53
6013,6013.T,タクマ,2022-07,NEW,1,44.09,44.62,False,True,0.53,2022-07,1403.0,1403.0,1403.0,0.0,1337.4,1388.33,1431.07,True,True,False,False,False,False,False,221500.0,,,,0.7,2.03,0.9,True,4,True,,,,False,,tv_wilder_rsi14_sma5_v1,44.62,44.09,True,False,0.53
8362,8362.T,福井銀行,2022-07,NEW,1,40.81,41.34,False,True,0.53,2022-07,1359.0,1359.0,1359.0,0.0,1361.88,1345.11,1405.88,False,True,False,False,True,False,False,23370.0,,,,0.46,1.69,0.81,True,4,True,,,,False,,tv_wilder_rsi14_sma5_v1,41.34,40.81,True,False,0.53
1942,1942.T,関電工,2022-07,CONTINUE,2,43.76,44.28,False,False,0.52,2022-06,846.0,825.0,825.0,-2.48,821.72,826.85,860.92,True,True,False,False,True,False,False,298733.0,,,,1.19,1.67,1.14,False,4,True,,,,False,,tv_wilder_rsi14_sma5_v1,44.28,43.76,False,False,0.52
4028,4028.T,石原産業,2022-07,NEW,1,50.73,51.24,False,True,0.52,2022-07,1044.0,1044.0,1044.0,0.0,1025.32,1042.93,1114.64,True,True,False,False,False,False,False,224550.0,,,,0.63,2.27,0.84,True,4,True,,,,False,,tv_wilder_rsi14_sma5_v1,51.24,50.73,True,False,0.52
3657,3657.T,ﾎﾟｰﾙﾄｩｳｨﾝﾎｰﾙﾃﾞｨﾝｸﾞｽ,2022-07,NEW,1,49.62,50.13,False,True,0.51,2022-07,1029.0,1029.0,1029.0,0.0,958.92,990.31,1009.66,True,True,True,False,False,False,False,70290.0,,,,0.67,1.92,0.94,True,1,True,,,,False,,tv_wilder_rsi14_sma5_v1,50.13,49.62,True,False,0.51
6742,6742.T,京三製作所,2022-07,NEW,1,48.0,48.51,True,True,0.51,2022-07,441.0,441.0,441.0,0.0,437.96,434.48,442.88,True,True,False,False,True,True,False,82337.0,,,,0.67,1.52,0.87,True,4,True,,,,False,,tv_wilder_rsi14_sma5_v1,48.51,48.0,True,True,0.51
6996,6996.T,ニチコン,2022-07,CONTINUE,3,56.42,56.94,True,True,0.51,2022-05,1337.0,1272.0,1272.0,-4.86,1241.04,1184.67,1160.28,True,True,True,True,True,True,,511947.0,,,,1.6,3.25,0.97,True,1,True,,,,False,,tv_wilder_rsi14_sma5_v1,56.94,56.42,True,True,0.51
7554,7554.T,幸楽苑,2022-07,CONTINUE,2,39.6,40.1,False,False,0.51,2022-06,1300.0,1290.0,1290.0,-0.77,1289.0,1280.08,1378.5,True,True,False,False,True,False,False,26143.0,,,,1.07,1.31,1.04,False,4,True,,,,False,,tv_wilder_rsi14_sma5_v1,40.1,39.6,False,False,0.51
9830,9830.T,トラスコ中山,2022-07,NEW,1,35.82,36.32,False,True,0.5,2022-07,1888.0,1888.0,1888.0,0.0,1826.36,1880.96,2333.88,True,True,False,False,True,False,False,194320.0,,,,1.37,1.8,0.94,True,4,True,,,,False,,tv_wilder_rsi14_sma5_v1,36.32,35.82,True,False,0.5
2753,2753.T,あみやき亭,2022-07,NEW,1,46.06,46.55,False,True,0.49,2022-07,980.33,980.33,980.33,0.0,986.13,975.32,983.76,False,True,False,False,True,False,True,24340.0,,,,0.64,0.96,0.81,True,4,True,,,,False,,tv_wilder_rsi14_sma5_v1,46.55,46.06,True,False,0.49
6638,6638.T,ミマキエンジニアリング,2022-07,NEW,1,44.92,45.41,False,True,0.49,2022-07,605.0,605.0,605.0,0.0,552.28,583.97,738.75,True,True,False,False,True,False,False,48080.0,,,,2.08,3.53,1.21,False,4,True,,,,False,,tv_wilder_rsi14_sma5_v1,45.41,44.92,True,False,0.49
7267,7267.T,本田技研工業,2022-07,NEW,1,54.18,54.66,False,True,0.49,2022-07,1129.33,1129.33,1129.33,0.0,1115.65,1104.68,1113.4,True,True,True,False,True,False,False,13509470.0,,,,0.85,2.02,0.94,True,3,True,,,,False,,tv_wilder_rsi14_sma5_v1,54.66,54.18,True,False,0.49
8558,8558.T,東和銀行,2022-07,NEW,1,41.04,41.51,False,True,0.48,2022-07,524.0,524.0,524.0,0.0,519.68,519.43,529.08,True,True,False,False,True,False,False,58713.0,,,,1.17,1.58,1.0,False,1,True,,,,False,,tv_wilder_rsi14_sma5_v1,41.51,41.04,True,False,0.48
3539,3539.T,ＪＭホールディングス,2022-07,NEW,1,40.38,40.84,False,True,0.46,2022-07,804.0,804.0,804.0,0.0,810.92,799.09,848.04,False,True,False,False,True,False,False,210513.0,,,,2.09,1.69,1.02,False,4,False,,,,False,,tv_wilder_rsi14_sma5_v1,40.84,40.38,True,False,0.46
5233,5233.T,太平洋セメント,2022-07,CONTINUE,2,38.3,38.75,False,False,0.45,2022-06,2025.0,1991.0,1991.0,-1.68,1988.56,2001.63,2210.51,True,True,False,False,False,False,False,682137.0,,,,0.81,2.36,0.91,True,4,True,,,,False,,tv_wilder_rsi14_sma5_v1,38.75,38.3,False,False,0.45
7874,7874.T,レック,2022-07,NEW,1,34.86,35.31,False,True,0.45,2022-07,718.0,718.0,718.0,0.0,682.0,741.47,856.62,True,False,False,False,True,False,False,65407.0,,,,0.67,1.77,0.92,True,4,True,,,,False,,tv_wilder_rsi14_sma5_v1,35.31,34.86,True,False,0.45
6590,6590.T,芝浦メカトロニクス,2022-07,NEW,1,62.77,63.21,True,True,0.44,2022-07,666.0,666.0,666.0,0.0,640.61,624.04,570.66,True,True,True,True,False,True,True,1002500.0,,,,0.79,3.44,0.91,True,2,True,,,,False,,tv_wilder_rsi14_sma5_v1,63.21,62.77,True,True,0.44
9672,9672.T,東京都競馬,2022-07,NEW,1,47.85,48.29,True,True,0.44,2022-07,4110.0,4110.0,4110.0,0.0,4021.8,3962.4,4148.38,True,True,False,False,True,False,False,106890.0,,,,0.84,1.51,0.96,True,4,True,,,,False,,tv_wilder_rsi14_sma5_v1,48.29,47.85,True,True,0.44
4519,4519.T,中外製薬,2022-07,NEW,1,47.04,47.47,True,True,0.43,2022-07,3734.0,3734.0,3734.0,0.0,3645.48,3686.39,3822.06,True,True,False,False,True,False,False,3031067.0,,,,1.88,2.39,1.07,False,4,True,,,,False,,tv_wilder_rsi14_sma5_v1,47.47,47.04,True,True,0.43
3333,3333.T,あさひ,2022-07,NEW,1,44.79,45.21,False,True,0.42,2022-07,1308.0,1308.0,1308.0,0.0,1296.16,1309.27,1338.1,True,False,False,False,True,False,False,55800.0,,,,0.57,1.04,0.88,True,1,False,,,,False,,tv_wilder_rsi14_sma5_v1,45.21,44.79,True,False,0.42
6724,6724.T,セイコーエプソン,2022-07,NEW,1,53.91,54.32,True,True,0.42,2022-07,1987.0,1987.0,1987.0,0.0,1978.6,2002.13,1957.04,True,False,True,False,False,True,False,1764913.0,,,,0.81,2.24,0.93,True,3,True,,,,False,,tv_wilder_rsi14_sma5_v1,54.32,53.91,True,True,0.42
3101,3101.T,東洋紡,2022-07,NEW,1,35.03,35.44,False,True,0.41,2022-07,1031.0,1031.0,1031.0,0.0,1014.16,1035.45,1172.42,True,False,False,False,False,False,False,621190.0,,,,0.82,1.58,0.82,True,4,False,,,,False,,tv_wilder_rsi14_sma5_v1,35.44,35.03,True,False,0.41
3196,3196.T,ホットランドホールディングス,2022-07,NEW,1,53.14,53.55,True,True,0.41,2022-07,1344.0,1344.0,1344.0,0.0,1328.56,1337.48,1322.67,True,True,True,False,False,True,False,102080.0,,,,0.73,0.93,0.79,True,3,True,,,,False,,tv_wilder_rsi14_sma5_v1,53.55,53.14,True,True,0.41
6101,6101.T,ツガミ,2022-07,NEW,1,45.88,46.3,False,True,0.41,2022-07,1216.0,1216.0,1216.0,0.0,1138.24,1177.32,1351.7,True,True,False,False,False,False,False,375403.0,,,,0.65,2.77,0.93,True,4,True,,,,False,,tv_wilder_rsi14_sma5_v1,46.3,45.88,True,False,0.41
9021,9021.T,西日本旅客鉄道,2022-07,CONTINUE,2,38.97,39.37,True,False,0.41,2022-06,2495.5,2436.0,2436.0,-2.38,2455.98,2472.91,2520.59,True,True,False,False,True,False,False,3118867.0,,,,0.87,2.11,0.98,True,4,True,,,,False,,tv_wilder_rsi14_sma5_v1,39.37,38.97,False,True,0.41
3665,3665.T,エニグモ,2022-07,NEW,1,34.18,34.58,False,True,0.4,2022-07,514.0,514.0,514.0,0.0,509.0,530.33,718.38,True,False,False,False,False,False,False,312837.0,,,,0.7,2.88,0.89,True,4,True,,,,False,,tv_wilder_rsi14_sma5_v1,34.58,34.18,True,False,0.4
3656,3656.T,ＫＬａｂ,2022-07,CONTINUE,5,39.48,39.87,True,False,0.39,2022-03,446.0,464.0,464.0,4.04,407.36,446.49,,True,False,,,False,False,,528987.0,,,,1.57,3.84,1.07,False,1,True,,,,False,,tv_wilder_rsi14_sma5_v1,39.87,39.48,False,True,0.39
7085,7085.T,カーブスホールディングス,2022-07,NEW,1,52.05,52.43,True,True,0.39,2022-07,720.0,720.0,720.0,0.0,679.16,701.25,751.51,True,True,False,False,True,False,False,244383.0,,,,0.92,2.69,0.78,True,4,True,,,,False,,tv_wilder_rsi14_sma5_v1,52.43,52.05,True,True,0.39
8803,8803.T,平和不動産,2022-07,NEW,1,57.47,57.87,False,True,0.39,2022-07,2000.0,2000.0,2000.0,0.0,1971.2,1964.43,1916.38,True,True,True,True,True,False,False,164480.0,,,,0.89,1.81,0.89,True,1,False,,,,False,,tv_wilder_rsi14_sma5_v1,57.87,57.47,True,False,0.39
4768,4768.T,大塚商会,2022-07,NEW,1,37.89,38.27,False,True,0.38,2022-07,2067.5,2067.5,2067.5,0.0,2042.6,2022.13,2308.97,True,True,False,False,True,False,False,1203607.0,,,,1.34,2.54,1.03,False,4,True,,,,False,,tv_wilder_rsi14_sma5_v1,38.27,37.89,True,False,0.38
3612,3612.T,ワールド,2022-07,CONTINUE,6,44.21,44.58,True,False,0.37,2022-02,630.5,667.5,667.5,5.87,599.6,609.04,,True,True,,,True,False,,245713.0,,,,0.85,3.19,0.87,True,1,True,,,,False,,tv_wilder_rsi14_sma5_v1,44.58,44.21,False,True,0.37
4631,4631.T,ＤＩＣ,2022-07,NEW,1,38.71,39.07,False,True,0.36,2022-07,2451.0,2451.0,2451.0,0.0,2424.56,2454.95,2696.47,True,False,False,False,False,False,False,396390.0,,,,1.15,1.52,0.84,True,4,False,,,,False,,tv_wilder_rsi14_sma5_v1,39.07,38.71,True,False,0.36
7956,7956.T,ピジョン,2022-07,NEW,1,31.82,32.18,True,True,0.36,2022-07,1935.0,1935.0,1935.0,0.0,1922.0,1949.27,2171.26,True,False,False,False,True,False,False,882310.0,,,,1.14,2.25,0.99,True,4,True,,,,False,,tv_wilder_rsi14_sma5_v1,32.18,31.82,True,True,0.36
9404,9404.T,日本テレビホールディングス,2022-07,NEW,1,46.44,46.79,False,True,0.35,2022-07,1236.0,1236.0,1236.0,0.0,1254.08,1243.07,1246.67,False,False,False,False,True,False,True,540683.0,,,,0.91,2.18,0.93,True,1,False,,,,False,,tv_wilder_rsi14_sma5_v1,46.79,46.44,True,False,0.35
6533,6533.T,ＯｒｃｈｅｓｔｒａＨｏｌｄｉｎｇｓ,2022-07,NEW,1,50.25,50.6,False,True,0.34,2022-07,2686.0,2686.0,2686.0,0.0,2557.4,2569.03,3162.96,True,True,False,False,True,False,False,32697.0,,,,0.63,2.65,0.85,True,4,True,,,,False,,tv_wilder_rsi14_sma5_v1,50.6,50.25,True,False,0.34
5185,5185.T,フコク,2022-07,CONTINUE,3,56.29,56.62,False,False,0.33,2022-05,989.0,970.0,970.0,-1.92,954.76,949.05,985.98,True,True,True,False,True,False,,25810.0,,,,1.1,1.83,0.93,True,3,True,,,,False,,tv_wilder_rsi14_sma5_v1,56.62,56.29,False,False,0.33
4704,4704.T,トレンドマイクロ,2022-07,NEW,1,63.05,63.37,True,True,0.32,2022-07,7710.0,7710.0,7710.0,0.0,7172.4,7142.4,6724.25,True,True,True,True,True,True,True,704690.0,,,,0.75,1.87,0.88,True,2,True,,,,False,,tv_wilder_rsi14_sma5_v1,63.37,63.05,True,True,0.32
4733,4733.T,オービックビジネスコンサルタント,2022-07,CONTINUE,4,43.83,44.15,True,False,0.32,2022-04,4700.0,4515.0,4515.0,-3.94,4291.2,4256.8,,True,True,,,True,False,,166307.0,,,,1.77,3.74,1.24,False,1,True,,,,False,,tv_wilder_rsi14_sma5_v1,44.15,43.83,False,True,0.32
4680,4680.T,ラウンドワン,2022-07,CONTINUE,5,56.45,56.76,True,False,0.31,2022-03,450.0,496.67,496.67,10.37,437.08,451.39,,True,False,,,False,False,,3211750.0,,,,0.88,4.19,0.87,True,1,True,,,,False,,tv_wilder_rsi14_sma5_v1,56.76,56.45,False,True,0.31
6418,6418.T,日本金銭機械,2022-07,NEW,1,49.78,50.08,True,True,0.3,2022-07,691.0,691.0,691.0,0.0,676.2,678.81,686.12,True,True,True,False,True,True,True,38667.0,,,,0.91,1.68,0.83,True,3,True,,,,False,,tv_wilder_rsi14_sma5_v1,50.08,49.78,True,True,0.3
8016,8016.T,オンワードホールディングス,2022-07,CONTINUE,3,38.83,39.13,False,False,0.3,2022-05,261.0,252.0,252.0,-3.45,248.64,258.16,293.57,True,True,False,False,False,False,,1146950.0,,,,1.75,2.38,1.02,False,4,True,,,,False,,tv_wilder_rsi14_sma5_v1,39.13,38.83,False,False,0.3
7244,7244.T,市光工業,2022-07,NEW,1,34.52,34.81,False,True,0.29,2022-07,366.0,366.0,366.0,0.0,368.64,369.29,453.65,False,False,False,False,False,False,False,203933.0,,,,0.87,2.65,0.92,True,4,True,,,,False,,tv_wilder_rsi14_sma5_v1,34.81,34.52,True,False,0.29
8386,8386.T,百十四銀行,2022-07,NEW,1,47.72,48.0,False,True,0.29,2022-07,425.0,425.0,425.0,0.0,421.72,423.8,404.69,True,True,True,False,False,False,True,289400.0,,,,0.84,1.57,0.91,True,2,False,,,,False,,tv_wilder_rsi14_sma5_v1,48.0,47.72,True,False,0.29
4536,4536.T,参天製薬,2022-07,NEW,1,32.92,33.2,False,True,0.28,2022-07,1077.0,1077.0,1077.0,0.0,1079.72,1048.76,1271.97,False,True,False,False,True,False,False,1786490.0,,,,0.78,1.82,0.91,True,4,True,,,,False,,tv_wilder_rsi14_sma5_v1,33.2,32.92,True,False,0.28
5351,5351.T,品川リフラ,2022-07,NEW,1,55.49,55.77,False,True,0.28,2022-07,741.0,741.0,741.0,0.0,721.48,721.24,744.89,True,True,False,False,True,False,False,63383.0,,,,0.68,1.2,1.01,False,4,True,,,,False,,tv_wilder_rsi14_sma5_v1,55.77,55.49,True,False,0.28
7995,7995.T,バルカー,2022-07,NEW,1,60.63,60.89,False,True,0.27,2022-07,2737.0,2737.0,2737.0,0.0,2620.08,2648.8,2559.86,True,True,True,False,False,False,True,81660.0,,,,1.51,1.87,1.01,False,2,True,,,,False,,tv_wilder_rsi14_sma5_v1,60.89,60.63,True,False,0.27
8011,8011.T,三陽商会,2022-07,CONTINUE,4,46.61,46.88,True,False,0.27,2022-04,845.0,872.0,872.0,3.2,798.92,802.97,,True,True,,,True,False,,78400.0,,,,0.7,4.8,1.01,False,1,True,,,,False,,tv_wilder_rsi14_sma5_v1,46.88,46.61,False,True,0.27
7458,7458.T,第一興商,2022-07,CONTINUE,5,47.66,47.92,True,False,0.26,2022-03,1740.0,1880.0,1880.0,8.05,1719.1,1728.8,,True,True,,,False,False,,213000.0,,,,1.34,2.46,0.86,True,1,True,,,,False,,tv_wilder_rsi14_sma5_v1,47.92,47.66,False,True,0.26
7522,7522.T,ワタミ,2022-07,NEW,1,45.88,46.15,True,True,0.26,2022-07,933.0,933.0,933.0,0.0,914.6,921.64,925.62,True,True,True,False,False,False,False,47073.0,,,,1.03,1.45,0.84,True,3,False,,,,False,,tv_wilder_rsi14_sma5_v1,46.15,45.88,True,True,0.26
8336,8336.T,武蔵野銀行,2022-07,CONTINUE,2,48.5,48.76,False,False,0.26,2022-06,595.0,588.67,588.67,-1.06,589.67,593.47,596.77,True,True,False,False,True,False,True,187490.0,,,,1.16,1.69,1.03,False,4,False,,,,False,,tv_wilder_rsi14_sma5_v1,48.76,48.5,False,False,0.26
6309,6309.T,巴工業,2022-07,NEW,1,56.17,56.41,True,True,0.24,2022-07,804.33,804.33,804.33,0.0,795.57,786.48,776.46,True,True,True,True,True,True,False,23390.0,,,,0.63,1.23,0.88,True,3,True,,,,False,,tv_wilder_rsi14_sma5_v1,56.41,56.17,True,True,0.24
2533,2533.T,オエノンホールディングス,2022-07,NEW,1,36.77,37.0,False,True,0.23,2022-07,306.0,306.0,306.0,0.0,304.76,303.4,334.45,True,True,False,False,True,False,False,81730.0,,,,1.6,2.03,0.83,True,4,True,,,,False,,tv_wilder_rsi14_sma5_v1,37.0,36.77,True,False,0.23
3662,3662.T,エイチームホールディングス,2022-07,CONTINUE,3,36.62,36.86,True,True,0.23,2022-05,731.0,741.0,741.0,1.37,719.32,733.76,1074.08,True,False,False,False,False,False,,67160.0,,,,0.98,2.98,0.82,True,4,False,,,,False,,tv_wilder_rsi14_sma5_v1,36.86,36.62,True,True,0.23
6963,6963.T,ローム,2022-07,NEW,1,51.68,51.91,True,True,0.23,2022-07,2452.5,2452.5,2452.5,0.0,2406.5,2418.97,2470.32,True,True,False,False,False,True,False,2896907.0,,,,0.75,2.6,0.94,True,4,False,,,,False,,tv_wilder_rsi14_sma5_v1,51.91,51.68,True,True,0.23
6196,6196.T,ストライクグループ,2022-07,NEW,1,46.73,46.94,False,True,0.22,2022-07,1293.33,1293.33,1293.33,0.0,1201.13,1245.71,1461.8,True,True,False,False,True,False,False,146950.0,,,,0.9,3.05,0.99,True,4,True,,,,False,,tv_wilder_rsi14_sma5_v1,46.94,46.73,True,False,0.22
6616,6616.T,トレックス・セミコンダクター,2022-07,NEW,1,54.99,55.21,True,True,0.22,2022-07,2711.0,2711.0,2711.0,0.0,2555.12,2578.52,2747.91,True,True,False,False,False,False,False,77033.0,,,,1.0,3.54,1.0,True,4,True,,,,False,,tv_wilder_rsi14_sma5_v1,55.21,54.99,True,True,0.22
2109,2109.T,ＤＭ三井製糖,2022-07,NEW,1,43.81,44.02,False,False,0.21,2022-07,1898.0,1898.0,1898.0,0.0,1910.92,1896.32,1946.54,False,True,False,False,True,False,False,34277.0,,,,0.81,0.96,0.88,True,4,True,,,,False,,tv_wilder_rsi14_sma5_v1,44.02,43.81,False,False,0.21
8331,8331.T,千葉銀行,2022-07,CONTINUE,2,55.78,55.98,False,False,0.21,2022-06,741.0,735.0,735.0,-0.81,714.48,729.05,720.86,True,True,True,False,True,False,True,3299670.0,,,,1.15,2.56,1.01,False,1,True,,,,False,,tv_wilder_rsi14_sma5_v1,55.98,55.78,False,False,0.21
7238,7238.T,曙ブレーキ工業,2022-07,CONTINUE,2,43.5,43.71,False,False,0.2,2022-06,155.0,152.0,152.0,-1.94,159.92,153.87,179.78,False,True,False,False,True,True,False,976233.0,,,,0.71,3.55,0.81,True,4,True,,,,False,,tv_wilder_rsi14_sma5_v1,43.71,43.5,False,False,0.2
4025,4025.T,多木化学,2022-07,NEW,1,44.52,44.71,True,True,0.18,2022-07,4775.0,4775.0,4775.0,0.0,4564.8,4689.73,5248.6,True,True,False,False,True,False,False,15253.0,,,,0.7,2.11,0.76,True,4,True,,,,False,,tv_wilder_rsi14_sma5_v1,44.71,44.52,True,True,0.18
6376,6376.T,日機装,2022-07,NEW,1,42.61,42.78,True,True,0.17,2022-07,823.0,823.0,823.0,0.0,813.92,818.11,852.72,True,True,False,False,False,False,False,329933.0,,,,1.41,1.83,1.02,False,4,False,,,,False,,tv_wilder_rsi14_sma5_v1,42.78,42.61,True,True,0.17
2198,2198.T,アイ  ･ケイ  ･ケイホールディングス,2022-07,CONTINUE,5,46.09,46.26,True,False,0.16,2022-03,620.0,605.0,605.0,-2.42,562.8,584.6,,True,True,,,False,False,,55513.0,,,,1.25,2.83,0.82,True,1,True,,,,False,,tv_wilder_rsi14_sma5_v1,46.26,46.09,False,True,0.16
3946,3946.T,トーモク,2022-07,NEW,1,36.49,36.65,False,False,0.16,2022-07,1489.0,1489.0,1489.0,0.0,1518.36,1503.71,1668.23,False,False,False,False,True,False,False,35457.0,,,,0.91,1.51,0.84,True,4,False,,,,False,,tv_wilder_rsi14_sma5_v1,36.65,36.49,False,False,0.16
4967,4967.T,小林製薬,2022-07,NEW,1,46.77,46.92,False,True,0.15,2022-07,8850.0,8850.0,8850.0,0.0,8779.6,8824.27,9104.2,True,True,False,False,True,False,False,236557.0,,,,1.3,1.84,1.06,False,1,True,,,,False,,tv_wilder_rsi14_sma5_v1,46.92,46.77,True,False,0.15
6480,6480.T,日本トムソン,2022-07,NEW,1,48.53,48.68,False,True,0.15,2022-07,529.0,529.0,529.0,0.0,517.88,525.24,573.75,True,True,False,False,False,False,False,317363.0,,,,0.61,2.16,0.86,True,4,False,,,,False,,tv_wilder_rsi14_sma5_v1,48.68,48.53,True,False,0.15
6740,6740.T,ジャパンディスプレイ,2022-07,CONTINUE,9,55.29,55.44,True,False,0.15,2021-11,37.0,64.0,64.0,72.97,36.56,36.29,,True,True,,,True,,,14860750.0,,,,1.26,4.25,1.0,False,1,True,,,,False,,tv_wilder_rsi14_sma5_v1,55.44,55.29,False,True,0.15
9010,9010.T,富士急行,2022-07,CONTINUE,4,46.82,46.97,True,False,0.15,2022-04,4125.0,4065.0,4065.0,-1.45,3973.4,3984.2,,True,True,,,True,False,,73433.0,,,,1.06,2.79,1.03,False,1,True,,,,False,,tv_wilder_rsi14_sma5_v1,46.97,46.82,False,True,0.15
3405,3405.T,クラレ,2022-07,CONTINUE,8,46.2,46.34,False,False,0.14,2021-12,999.0,1067.0,1067.0,6.81,995.84,1031.17,,True,False,,,False,False,,2225747.0,,,,1.02,1.24,1.03,False,1,True,,,,False,,tv_wilder_rsi14_sma5_v1,46.34,46.2,False,False,0.14
9535,9535.T,広島ガス,2022-07,NEW,1,39.42,39.56,False,False,0.14,2022-07,325.0,325.0,325.0,0.0,322.72,321.44,344.53,True,True,False,False,True,False,False,82290.0,,,,0.87,1.19,0.82,True,4,True,,,,False,,tv_wilder_rsi14_sma5_v1,39.56,39.42,False,False,0.14
6794,6794.T,フォスター電機,2022-07,CONTINUE,3,36.82,36.95,False,False,0.13,2022-05,716.0,707.0,707.0,-1.26,704.0,716.16,781.78,True,False,False,False,True,False,,77447.0,,,,0.82,2.49,0.88,True,4,True,,,,False,,tv_wilder_rsi14_sma5_v1,36.95,36.82,False,False,0.13
4612,4612.T,日本ペイントホールディングス,2022-07,CONTINUE,2,42.0,42.12,True,False,0.12,2022-06,1011.0,1010.0,1010.0,-0.1,977.16,1013.51,1102.55,True,False,False,False,False,False,False,4193770.0,,,,1.01,3.58,1.09,False,4,True,,,,False,,tv_wilder_rsi14_sma5_v1,42.12,42.0,False,True,0.12
5406,5406.T,神戸製鋼所,2022-07,CONTINUE,3,49.17,49.29,True,False,0.12,2022-05,680.0,614.0,614.0,-9.71,622.0,600.64,621.74,True,True,True,False,True,True,,6605773.0,,,,0.66,3.8,0.78,True,3,True,,,,False,,tv_wilder_rsi14_sma5_v1,49.29,49.17,False,True,0.12
2742,2742.T,ハローズ,2022-07,NEW,1,54.49,54.6,True,True,0.11,2022-07,3130.0,3130.0,3130.0,0.0,3072.44,3108.43,2934.47,True,True,True,False,False,True,True,22900.0,,,,0.66,2.29,0.96,True,2,True,,,,False,,tv_wilder_rsi14_sma5_v1,54.6,54.49,True,True,0.11
6823,6823.T,リオン,2022-07,CONTINUE,5,48.42,48.54,True,True,0.11,2022-03,2332.0,2406.0,2406.0,3.17,2178.52,2206.44,,True,True,,,True,False,,34810.0,,,,1.61,3.57,0.87,True,1,True,,,,False,,tv_wilder_rsi14_sma5_v1,48.54,48.42,True,True,0.11
417A,417A.T,ブルーゾーンホールディングス,2022-07,NEW,1,48.33,48.42,False,True,0.09,2022-07,1294.0,1294.0,1294.0,0.0,1263.28,1299.55,1330.0,True,False,False,False,True,False,False,310933.0,,,,0.64,1.3,0.88,True,4,True,,,,False,,tv_wilder_rsi14_sma5_v1,48.42,48.33,True,False,0.09
4446,4446.T,Ｌｉｎｋ－Ｕグループ,2022-07,CONTINUE,2,38.55,38.64,False,False,0.09,2022-06,701.0,675.0,675.0,-3.71,673.2,694.2,923.62,True,True,False,False,True,False,False,43107.0,,,,1.19,4.26,1.1,False,4,True,,,,False,,tv_wilder_rsi14_sma5_v1,38.64,38.55,False,False,0.09
5332,5332.T,ＴＯＴＯ,2022-07,NEW,1,43.68,43.77,False,True,0.09,2022-07,4505.0,4505.0,4505.0,0.0,4488.8,4397.27,4855.52,True,True,False,False,True,False,False,522557.0,,,,0.64,2.23,0.89,True,4,False,,,,False,,tv_wilder_rsi14_sma5_v1,43.77,43.68,True,False,0.09
7236,7236.T,ティラド,2022-07,CONTINUE,3,53.82,53.91,True,False,0.09,2022-05,281.7,259.5,259.5,-7.88,244.84,242.1,278.62,True,True,True,False,True,False,,343433.0,,,,1.35,3.69,0.97,True,3,True,,,,False,,tv_wilder_rsi14_sma5_v1,53.91,53.82,False,True,0.09
3191,3191.T,ジョイフル本田,2022-07,CONTINUE,4,54.92,55.0,False,False,0.08,2022-04,1559.0,1570.0,1570.0,0.71,1533.08,1539.51,,True,True,,,False,True,,124290.0,,,,1.14,1.73,0.96,True,1,True,,,,False,,tv_wilder_rsi14_sma5_v1,55.0,54.92,False,False,0.08
4228,4228.T,積水化成品工業,2022-07,NEW,1,31.46,31.53,False,True,0.07,2022-07,413.0,413.0,413.0,0.0,412.12,413.36,460.0,True,False,False,False,True,False,False,65153.0,,,,0.7,1.44,0.93,True,4,False,,,,False,,tv_wilder_rsi14_sma5_v1,31.53,31.46,True,False,0.07
3663,3663.T,セルシス,2022-07,NEW,1,54.93,54.98,True,True,0.06,2022-07,809.0,809.0,809.0,0.0,729.52,780.09,844.04,True,True,False,False,False,False,False,257783.0,,,,1.12,3.32,1.01,False,4,True,,,,False,,tv_wilder_rsi14_sma5_v1,54.98,54.93,True,True,0.06
8079,8079.T,正栄食品工業,2022-07,NEW,1,50.61,50.66,False,True,0.06,2022-07,3945.0,3945.0,3945.0,0.0,3831.2,3876.0,3962.62,True,True,False,False,True,False,False,35670.0,,,,1.18,1.5,0.85,True,4,True,,,,False,,tv_wilder_rsi14_sma5_v1,50.66,50.61,True,False,0.06
8707,8707.T,岩井コスモホールディングス,2022-07,NEW,1,44.91,44.97,False,True,0.06,2022-07,1257.0,1257.0,1257.0,0.0,1263.08,1252.41,1323.59,False,True,False,False,True,False,False,41133.0,,,,1.19,1.47,0.96,True,4,True,,,,False,,tv_wilder_rsi14_sma5_v1,44.97,44.91,True,False,0.06
6273,6273.T,ＳＭＣ,2022-07,NEW,1,52.93,52.97,False,True,0.04,2022-07,65410.0,65410.0,65410.0,0.0,61930.8,63696.67,67300.5,True,True,False,False,False,False,False,216360.0,,,,0.78,2.79,0.9,True,4,True,,,,False,,tv_wilder_rsi14_sma5_v1,52.97,52.93,True,False,0.04
7181,7181.T,かんぽ生命保険,2022-07,CONTINUE,7,55.85,55.89,True,False,0.04,2022-01,668.33,715.33,715.33,7.03,660.99,626.64,,True,True,,,True,False,,3327180.0,,,,1.03,2.31,1.0,False,1,True,,,,False,,tv_wilder_rsi14_sma5_v1,55.89,55.85,False,True,0.04
9319,9319.T,中央倉庫,2022-07,NEW,1,45.31,45.36,True,True,0.04,2022-07,976.0,976.0,976.0,0.0,978.68,976.68,974.12,False,False,True,True,False,False,False,13273.0,,,,0.98,1.09,0.77,True,3,False,,,,False,,tv_wilder_rsi14_sma5_v1,45.36,45.31,True,True,0.04
7952,7952.T,河合楽器製作所,2022-07,NEW,1,46.04,46.07,False,True,0.03,2022-07,2861.0,2861.0,2861.0,0.0,2700.96,2798.83,3084.26,True,True,False,False,False,False,False,22767.0,,,,1.0,1.59,0.9,True,4,True,,,,False,,tv_wilder_rsi14_sma5_v1,46.07,46.04,True,False,0.03
9424,9424.T,日本通信,2022-07,CONTINUE,3,49.31,49.35,True,False,0.03,2022-05,201.0,199.0,199.0,-1.0,192.12,189.09,204.41,True,True,False,False,False,True,,4186297.0,,,,1.03,4.55,0.9,True,4,True,,,,False,,tv_wilder_rsi14_sma5_v1,49.35,49.31,False,True,0.03
6645,6645.T,オムロン,2022-07,NEW,1,44.45,44.47,False,True,0.02,2022-07,7395.0,7395.0,7395.0,0.0,7063.04,7227.77,8837.02,True,True,False,False,False,False,False,855833.0,,,,1.52,3.1,1.09,False,4,True,,,,False,,tv_wilder_rsi14_sma5_v1,44.47,44.45,True,False,0.02
4324,4324.T,電通グループ,2022-07,NEW,1,56.83,56.85,False,True,0.01,2022-07,4630.0,4630.0,4630.0,0.0,4301.6,4449.73,4335.8,True,True,True,False,True,False,True,947137.0,,,,0.83,2.11,1.08,False,2,True,,,,False,,tv_wilder_rsi14_sma5_v1,56.85,56.83,True,False,0.01
2146,2146.T,ＵＴグループ,2022-07,NEW,1,45.07,45.07,False,True,0.0,2022-07,171.67,171.67,171.67,0.0,162.88,167.84,214.15,True,True,False,False,True,False,False,3954400.0,,,,0.57,3.35,0.88,True,4,True,,,,False,,tv_wilder_rsi14_sma5_v1,45.07,45.07,True,False,0.0
2209,2209.T,井村屋グループ,2022-07,CONTINUE,3,48.85,48.86,False,False,0.0,2022-05,2342.0,2285.0,2285.0,-2.43,2282.52,2276.21,2281.57,True,True,True,False,True,True,,11950.0,,,,1.25,1.89,0.87,True,1,True,,,,False,,tv_wilder_rsi14_sma5_v1,48.86,48.85,False,False,0.0
5844,5844.T,京都フィナンシャルグループ,2022-07,CONTINUE,5,55.61,55.61,True,False,0.0,2022-03,1337.5,1410.0,1410.0,5.42,1306.65,1330.48,,True,True,,,False,True,,918533.0,,,,0.83,2.76,0.95,True,1,True,,,,False,,tv_wilder_rsi14_sma5_v1,55.61,55.61,False,True,0.0
6503,6503.T,三菱電機,2022-07,CONTINUE,3,45.46,45.46,True,False,0.0,2022-05,1416.0,1404.0,1404.0,-0.85,1383.62,1383.19,1460.82,True,True,False,False,True,False,,5072883.0,,,,1.7,2.51,0.86,True,4,True,,,,False,,tv_wilder_rsi14_sma5_v1,45.46,45.46,False,True,0.0
