code,ticker,name,signal_month,status,months_active,rsi14,rsi5,rsi14_up,rsi5_up,diff,gc_month,gc_price,signal_month_close,period_price,return_since_gc_pct,sma25,sma75,sma200,price_above_sma25,price_above_sma75,price_above_sma200,perfect_order,sma25_up,sma75_up,sma200_up,avg_volume30,high52_price,high52_distance_pct,high52_breakout,volume_ratio_5_30,atr14_pct,atr_ratio_10_20,vcp_tight,stage,supertrend_up,rsr_score,rsr_momentum,mvp_signal,cosmos_focus,cosmos_focus_type
7280,7280.T,ミツバ,2022-08,CONTINUE,4,17.98,81.51,True,True,63.53,2022-05,405.0,445.0,445.0,9.88,374.32,368.32,488.8,True,True,False,False,True,False,,211073.0,,,,0.91,5.04,0.91,True,4,True,,,,False,
9790,9790.T,福井コンピュータホールディングス,2022-08,CONTINUE,4,37.0,100.0,True,False,63.0,2022-05,3290.0,3560.0,3560.0,8.21,3256.0,3188.0,3592.32,True,True,False,False,True,True,,40710.0,,,,1.85,3.04,0.98,True,4,True,,,,False,
4082,4082.T,第一稀元素化学工業,2022-08,CONTINUE,3,28.65,90.61,False,True,61.96,2022-06,1181.0,1332.0,1332.0,12.79,1127.84,1037.79,1211.09,True,True,False,False,True,True,False,146890.0,,,,1.35,4.09,1.12,False,4,True,,,,False,
8425,8425.T,みずほリース,2022-08,CONTINUE,2,39.95,100.0,False,True,60.05,2022-07,661.0,674.0,674.0,1.97,638.96,619.06,631.86,True,True,True,False,True,True,False,343067.0,,,,0.73,1.3,0.92,True,3,True,,,,False,
3591,3591.T,ワコールホールディングス,2022-08,CONTINUE,4,40.01,100.0,True,True,59.99,2022-05,1990.0,2230.0,2230.0,12.06,1910.96,1908.33,2107.41,True,True,False,False,True,False,,153960.0,,,,1.4,2.53,0.95,True,4,True,,,,False,
167A,167A.T,リョーサン菱洋ホールディングス,2022-08,CONTINUE,3,38.63,98.36,True,True,59.73,2022-06,2241.0,2279.0,2279.0,1.7,2246.36,2079.76,2215.71,False,True,True,False,True,True,False,131103.0,,,,0.75,2.13,1.0,True,3,True,,,,False,
8876,8876.T,リログループ,2022-08,CONTINUE,4,40.85,100.0,False,False,59.15,2022-05,2133.0,2254.0,2254.0,5.67,1959.72,1849.01,2096.95,True,True,True,False,True,False,,556410.0,,,,1.08,4.0,0.96,True,3,True,,,,False,
4452,4452.T,花王,2022-08,CONTINUE,3,38.97,96.82,True,True,57.85,2022-06,2736.0,3027.5,3027.5,10.65,2649.94,2560.21,2855.77,True,True,False,False,True,True,False,3635073.0,,,,1.36,2.19,1.23,False,4,True,,,,False,
3668,3668.T,コロプラ,2022-08,CONTINUE,4,35.05,92.5,True,True,57.45,2022-05,636.0,705.0,705.0,10.85,628.32,641.01,713.24,True,False,False,False,False,False,,237567.0,,,,1.02,2.82,0.85,True,4,False,,,,False,
8097,8097.T,三愛オブリ,2022-08,CONTINUE,3,42.78,100.0,False,True,57.22,2022-06,963.0,1104.0,1104.0,14.64,975.92,960.91,1143.97,False,True,False,False,True,True,False,177183.0,,,,0.64,2.42,0.88,True,4,False,,,,False,
4912,4912.T,ライオン,2022-08,CONTINUE,4,37.95,92.68,True,True,54.72,2022-05,1439.0,1630.0,1630.0,13.27,1365.08,1395.11,1609.35,True,True,False,False,True,False,,2616087.0,,,,2.25,2.78,0.93,True,4,True,,,,False,
9882,9882.T,イエローハット,2022-08,CONTINUE,5,43.13,97.52,True,True,54.39,2022-04,812.0,901.0,901.0,10.96,796.54,803.93,,True,True,,,False,False,,244433.0,,,,0.52,1.61,1.02,False,1,True,,,,False,
4933,4933.T,Ｉ－ｎｅ,2022-08,CONTINUE,4,45.77,100.0,True,False,54.23,2022-05,1852.5,2595.0,2595.0,40.08,1754.6,1539.78,1864.99,True,True,False,False,True,True,,63287.0,,,,0.81,7.14,0.68,True,4,True,,,,False,
5110,5110.T,住友ゴム工業,2022-08,CONTINUE,4,30.53,83.93,False,False,53.4,2022-05,1177.0,1200.0,1200.0,1.95,1153.68,1123.88,1237.9,True,True,False,False,True,False,,1024267.0,,,,0.98,2.27,0.84,True,4,True,,,,False,
3167,3167.T,ＴＯＫＡＩホールディングス,2022-08,NEW,1,47.39,100.0,False,True,52.61,2022-08,890.0,890.0,890.0,0.0,887.64,879.33,875.8,True,True,True,True,False,True,True,180463.0,941.0,-5.42,False,1.35,1.01,0.98,True,2,False,0.39,0.26,False,False,
3475,3475.T,グッドコムアセット,2022-08,CONTINUE,5,47.5,100.0,True,True,52.5,2022-04,529.5,671.5,671.5,26.82,535.14,540.59,,False,False,,,True,False,,160013.0,,,,0.84,2.89,0.92,True,1,False,,,,False,
4813,4813.T,ＡＣＣＥＳＳ,2022-08,CONTINUE,3,44.34,96.46,False,True,52.12,2022-06,743.0,813.0,813.0,9.42,680.56,602.12,712.61,True,True,True,False,True,True,False,159627.0,,,,0.78,3.58,1.03,False,3,True,,,,False,
7157,7157.T,ライフネット生命保険,2022-08,CONTINUE,3,38.19,89.98,True,True,51.78,2022-06,831.0,896.0,896.0,7.82,692.96,607.75,835.78,True,True,False,False,True,True,False,892267.0,,,,1.08,4.93,0.9,True,4,True,,,,False,
9519,9519.T,レノバ,2022-08,CONTINUE,4,41.98,93.58,False,True,51.6,2022-05,1908.0,3045.0,3045.0,59.59,1748.92,1621.87,3262.69,True,True,False,False,True,True,,5064300.0,,,,1.13,7.03,0.9,True,4,True,,,,False,
7510,7510.T,たけびし,2022-08,CONTINUE,3,48.79,100.0,True,True,51.21,2022-06,1494.0,1533.0,1533.0,2.61,1468.84,1459.52,1477.15,True,True,True,False,True,True,False,11530.0,,,,1.3,1.4,1.17,False,3,True,,,,False,
1786,1786.T,オリエンタル白石,2022-08,CONTINUE,3,38.39,89.47,True,True,51.08,2022-06,239.0,252.0,252.0,5.44,239.2,235.61,244.6,False,True,False,False,True,False,False,320217.0,,,,1.1,1.94,0.96,True,4,True,,,,False,
6073,6073.T,アサンテ,2022-08,CONTINUE,2,43.3,94.22,True,True,50.92,2022-07,1578.0,1658.0,1658.0,5.07,1533.52,1502.23,1594.36,True,True,False,False,True,True,False,23220.0,,,,1.18,1.0,1.02,False,4,True,,,,False,
9990,9990.T,サックスバーホールディングス,2022-08,CONTINUE,4,49.16,100.0,False,True,50.84,2022-05,594.0,618.0,618.0,4.04,525.76,510.8,533.41,True,True,True,False,True,True,,61197.0,,,,1.78,2.14,1.07,False,3,True,,,,False,
9729,9729.T,トーカイ,2022-08,CONTINUE,4,24.83,75.42,True,True,50.59,2022-05,1700.0,1846.0,1846.0,8.59,1691.44,1752.28,2002.02,True,False,False,False,False,False,,34880.0,,,,1.39,1.82,0.81,True,4,False,,,,False,
3673,3673.T,ブロードリーフ,2022-08,CONTINUE,4,49.9,100.0,True,False,50.1,2022-05,195.0,258.0,258.0,32.31,183.36,179.5,222.87,True,True,False,False,False,True,,1345247.0,,,,2.26,3.66,1.04,False,4,True,,,,False,
6615,6615.T,ユー・エム・シー・エレクトロニクス,2022-08,CONTINUE,5,32.25,82.35,True,True,50.1,2022-04,402.0,500.0,500.0,24.38,405.24,396.53,,False,True,,,True,False,,54127.0,,,,0.67,3.32,0.95,True,1,True,,,,False,
6284,6284.T,日精エー  ･エス  ･ビー機械,2022-08,CONTINUE,7,39.57,89.29,True,True,49.72,2022-02,2992.0,4105.0,4105.0,37.2,3008.16,3101.13,,False,False,,,False,False,,45827.0,,,,1.21,3.73,1.03,False,1,False,,,,False,
4204,4204.T,積水化学工業,2022-08,NEW,1,50.51,100.0,True,True,49.49,2022-08,1906.0,1906.0,1906.0,0.0,1904.12,1860.16,1854.08,True,True,True,True,True,True,True,769543.0,2095.0,-9.02,False,1.04,1.66,0.92,True,3,True,1.74,-1.07,False,False,
3360,3360.T,シップヘルスケアホールディングス,2022-08,CONTINUE,3,50.54,100.0,True,True,49.46,2022-06,2413.0,2618.0,2618.0,8.5,2363.04,2196.23,2486.82,True,True,False,False,True,True,False,304237.0,,,,0.84,2.3,0.99,True,4,True,,,,False,
1893,1893.T,五洋建設,2022-08,CONTINUE,5,46.28,95.59,True,False,49.31,2022-04,637.0,737.0,737.0,15.7,628.36,624.16,,True,True,,,True,False,,1271890.0,,,,0.68,2.02,0.95,True,1,True,,,,False,
7242,7242.T,カヤバ,2022-08,CONTINUE,3,39.21,88.15,True,True,48.94,2022-06,1547.5,1655.0,1655.0,6.95,1512.94,1466.29,1505.38,True,True,True,False,True,True,False,206833.0,,,,0.95,2.15,1.11,False,3,True,,,,False,
3388,3388.T,明治電機工業,2022-08,CONTINUE,2,22.14,71.05,False,False,48.92,2022-07,1100.0,1078.0,1078.0,-2.0,1095.32,1070.88,1161.07,True,True,False,False,True,True,False,22707.0,,,,1.3,1.55,0.97,True,4,False,,,,False,
4344,4344.T,ソースネクスト,2022-08,CONTINUE,5,40.06,88.89,False,True,48.82,2022-04,183.0,256.0,256.0,39.89,176.12,164.47,,True,True,,,True,False,,1490060.0,,,,0.78,5.58,1.11,False,1,True,,,,False,
9831,9831.T,ヤマダホールディングス,2022-08,CONTINUE,5,44.48,93.22,True,True,48.74,2022-04,387.0,482.0,482.0,24.55,382.88,390.25,,True,False,,,False,False,,6855933.0,,,,0.83,1.13,1.01,False,1,True,,,,False,
9517,9517.T,イーレックス,2022-08,CONTINUE,3,51.39,100.0,False,True,48.61,2022-06,2199.0,2818.0,2818.0,28.15,2085.16,1975.11,2139.66,True,True,True,False,True,True,False,756210.0,,,,1.1,4.82,1.09,False,3,False,,,,False,
3107,3107.T,ダイワボウホールディングス,2022-08,CONTINUE,3,51.65,100.0,False,True,48.35,2022-06,1769.0,1970.0,1970.0,11.36,1726.56,1682.17,1787.93,True,True,False,False,True,False,False,224007.0,,,,1.05,2.37,1.11,False,4,True,,,,False,
6287,6287.T,サトー,2022-08,CONTINUE,4,27.54,75.89,False,True,48.35,2022-05,1901.0,1923.0,1923.0,1.16,1808.96,1821.8,2216.88,True,True,False,False,True,False,,125927.0,,,,1.46,2.59,0.82,True,4,True,,,,False,
4574,4574.T,大幸薬品,2022-08,CONTINUE,9,15.26,63.54,True,False,48.28,2021-12,824.0,622.0,622.0,-24.51,759.08,828.89,,True,False,,,False,False,,295533.0,,,,1.54,3.49,1.19,False,1,True,,,,False,
6750,6750.T,エレコム,2022-08,CONTINUE,7,38.87,86.58,True,True,47.72,2022-02,1573.0,1701.0,1701.0,8.14,1453.24,1470.4,,True,True,,,False,False,,435337.0,,,,0.92,2.92,1.0,False,1,True,,,,False,
7988,7988.T,ニフコ,2022-08,CONTINUE,3,34.16,81.79,False,True,47.63,2022-06,3165.0,3160.0,3160.0,-0.16,3147.0,2873.96,3271.73,True,True,False,False,True,False,False,310017.0,,,,0.91,3.31,1.18,False,4,True,,,,False,
4043,4043.T,トクヤマ,2022-08,CONTINUE,5,28.28,75.52,True,True,47.24,2022-04,1733.0,1841.0,1841.0,6.23,1682.6,1761.84,,True,False,,,False,False,,474233.0,,,,1.33,2.39,1.12,False,1,True,,,,False,
3393,3393.T,スターティアホールディングス,2022-08,CONTINUE,3,36.31,83.09,False,True,46.78,2022-06,744.0,1038.0,1038.0,39.52,785.32,659.91,968.29,False,True,False,False,True,True,False,154227.0,,,,1.12,6.81,0.96,True,4,False,,,,False,
8061,8061.T,西華産業,2022-08,CONTINUE,3,53.56,100.0,True,True,46.44,2022-06,547.67,552.67,552.67,0.91,543.09,540.85,540.35,True,True,True,True,True,True,False,56820.0,,,,1.39,2.39,1.22,False,3,False,,,,False,
8088,8088.T,岩谷産業,2022-08,CONTINUE,3,37.3,83.54,False,True,46.24,2022-06,1307.5,1425.0,1425.0,8.99,1321.7,1310.73,1438.2,False,False,False,False,True,False,False,755187.0,,,,0.77,2.39,0.94,True,4,False,,,,False,
7628,7628.T,オーハシテクニカ,2022-08,CONTINUE,2,44.08,90.17,True,True,46.09,2022-07,691.0,716.0,716.0,3.62,677.62,650.71,682.29,True,True,True,False,True,True,False,46753.0,,,,0.62,1.47,0.98,True,3,True,,,,False,
5851,5851.T,リョービ,2022-08,CONTINUE,5,37.55,83.58,True,True,46.03,2022-04,1075.0,1299.0,1299.0,20.84,1057.08,1078.61,,True,False,,,True,False,,124500.0,,,,0.86,2.49,1.06,False,1,True,,,,False,
5801,5801.T,古河電気工業,2022-08,CONTINUE,5,39.44,85.45,True,True,46.01,2022-04,212.0,244.9,244.9,15.52,213.23,223.87,,False,False,,,False,False,,3963567.0,,,,0.95,1.82,1.03,False,1,False,,,,False,
9832,9832.T,オートバックスセブン,2022-08,NEW,1,46.85,92.86,True,True,46.01,2022-08,1429.0,1429.0,1429.0,0.0,1423.36,1400.01,1388.19,True,True,True,True,True,True,False,160590.0,1587.0,-9.96,False,1.1,0.96,0.85,True,3,True,1.18,0.96,False,False,
8086,8086.T,ニプロ,2022-08,CONTINUE,5,36.28,82.18,False,True,45.9,2022-04,1026.0,1136.0,1136.0,10.72,1022.32,1051.0,,True,False,,,False,False,,436340.0,,,,1.05,1.43,0.96,True,1,False,,,,False,
8037,8037.T,カメイ,2022-08,CONTINUE,5,48.28,94.17,True,True,45.89,2022-04,1044.0,1099.0,1099.0,5.27,1022.0,1032.8,,True,True,,,False,False,,58413.0,,,,0.87,1.74,1.03,False,1,False,,,,False,
6464,6464.T,ツバキ・ナカシマ,2022-08,CONTINUE,2,30.97,76.84,True,True,45.87,2022-07,943.0,1171.0,1171.0,24.18,930.76,937.91,1183.96,True,True,False,False,False,False,False,205530.0,,,,0.92,2.47,1.08,False,4,True,,,,False,
3002,3002.T,グンゼ,2022-08,CONTINUE,2,29.79,75.32,False,True,45.53,2022-07,1935.0,1970.0,1970.0,1.81,1890.6,1862.73,1956.78,True,True,False,False,True,False,False,62340.0,,,,0.7,1.29,1.03,False,4,True,,,,False,
2594,2594.T,キーコーヒー,2022-08,CONTINUE,5,54.49,100.0,True,True,45.51,2022-04,2032.0,2167.0,2167.0,6.64,2006.24,2038.03,,True,False,,,False,False,,69667.0,,,,0.44,1.05,1.05,False,1,False,,,,False,
8566,8566.T,リコーリース,2022-08,NEW,1,55.09,100.0,False,True,44.91,2022-08,3590.0,3590.0,3590.0,0.0,3654.0,3542.2,3592.47,False,True,False,False,True,True,True,54780.0,3945.0,-9.0,False,0.86,1.22,0.98,True,4,False,0.89,-1.16,False,False,
6306,6306.T,日工,2022-08,CONTINUE,5,32.95,77.78,False,False,44.83,2022-04,612.0,637.0,637.0,4.08,611.24,615.61,,True,False,,,False,False,,57283.0,,,,0.85,1.11,1.0,False,1,False,,,,False,
9509,9509.T,北海道電力,2022-08,CONTINUE,2,51.74,96.55,False,True,44.81,2022-07,511.0,511.0,511.0,0.0,506.4,495.97,498.02,True,True,True,False,True,True,False,904833.0,,,,0.97,2.15,1.07,False,3,True,,,,False,
7730,7730.T,マニー,2022-08,CONTINUE,2,28.2,72.78,True,True,44.58,2022-07,1568.0,1756.0,1756.0,11.99,1481.68,1453.28,1596.19,True,True,False,False,True,True,False,372677.0,,,,0.82,3.46,0.79,True,4,True,,,,False,
2503,2503.T,キリンホールディングス,2022-08,CONTINUE,5,55.51,100.0,True,True,44.49,2022-04,1900.5,2294.5,2294.5,20.73,1812.88,1845.58,,True,True,,,False,False,,3222630.0,,,,1.26,1.73,1.18,False,1,True,,,,False,
8203,8203.T,ＭｒＭａｘＨＤ,2022-08,CONTINUE,6,47.78,91.8,False,False,44.03,2022-03,584.0,635.0,635.0,8.73,569.8,589.0,,True,False,,,False,True,,149867.0,,,,0.54,1.81,0.75,True,1,True,,,,False,
7239,7239.T,タチエス,2022-08,CONTINUE,2,39.81,83.72,False,True,43.91,2022-07,1182.0,1227.0,1227.0,3.81,1115.72,1086.43,1153.93,True,True,True,False,False,True,False,86670.0,,,,1.01,2.09,0.97,True,3,True,,,,False,
7979,7979.T,松風,2022-08,CONTINUE,2,56.32,100.0,True,True,43.68,2022-07,901.0,1121.5,1121.5,24.47,857.02,812.03,904.77,True,True,False,False,True,True,False,59620.0,,,,1.09,1.77,1.1,False,4,True,,,,False,
8860,8860.T,フジ住宅,2022-08,NEW,1,52.68,96.15,False,True,43.48,2022-08,665.0,665.0,665.0,0.0,659.0,653.92,652.4,True,True,True,True,False,True,False,26643.0,758.0,-12.27,False,0.78,0.89,0.75,True,3,False,1.1,-0.65,False,False,
3660,3660.T,アイスタイル,2022-08,CONTINUE,4,49.76,93.23,True,True,43.47,2022-05,221.0,516.0,516.0,133.48,178.08,181.8,286.83,True,True,False,False,True,False,,909723.0,,,,1.19,5.79,1.07,False,4,True,,,,False,
3877,3877.T,中越パルプ工業,2022-08,NEW,1,25.27,68.61,True,True,43.35,2022-08,1000.0,1000.0,1000.0,0.0,942.72,920.96,958.27,True,True,True,False,True,True,False,35573.0,1279.0,-21.81,False,1.38,1.85,1.02,False,3,True,-1.46,4.8,False,False,
5970,5970.T,ジーテクト,2022-08,NEW,1,40.45,83.71,True,True,43.26,2022-08,1397.0,1397.0,1397.0,0.0,1390.84,1328.25,1349.4,True,True,True,False,True,True,False,54917.0,1591.0,-12.19,False,1.22,1.82,0.96,True,3,True,1.67,1.61,False,False,
5933,5933.T,アルインコ,2022-08,CONTINUE,2,32.88,76.12,False,True,43.24,2022-07,902.0,902.0,902.0,0.0,875.16,859.05,909.37,True,True,False,False,True,True,False,48767.0,,,,0.89,1.43,1.11,False,4,True,,,,False,
9025,9025.T,鴻池運輸,2022-08,CONTINUE,3,56.51,99.42,False,True,42.92,2022-06,1269.0,1326.0,1326.0,4.49,1185.48,1152.21,1190.63,True,True,True,False,True,True,False,96467.0,,,,1.77,2.94,1.15,False,3,True,,,,False,
6844,6844.T,新電元工業,2022-08,CONTINUE,3,35.78,78.59,False,True,42.81,2022-06,3390.0,3675.0,3675.0,8.41,3325.0,3104.43,3441.78,True,True,False,False,True,True,False,65713.0,,,,1.72,4.11,1.19,False,4,True,,,,False,
6471,6471.T,日本精工,2022-08,CONTINUE,2,25.07,67.74,True,True,42.67,2022-07,742.0,758.0,758.0,2.16,737.28,737.72,748.44,True,True,False,False,False,True,False,2304773.0,,,,1.05,2.17,0.92,True,4,True,,,,False,
2602,2602.T,日清オイリオグループ,2022-08,CONTINUE,5,57.45,100.0,False,True,42.55,2022-04,978.33,1086.67,1086.67,11.07,966.03,982.9,,True,False,,,False,True,,253480.0,,,,0.92,1.32,1.15,False,1,False,,,,False,
6381,6381.T,アネスト岩田,2022-08,CONTINUE,6,45.54,88.02,False,False,42.48,2022-03,830.0,957.0,957.0,15.3,821.6,828.35,,True,True,,,True,False,,105267.0,,,,0.77,1.91,1.0,False,1,True,,,,False,
4151,4151.T,協和キリン,2022-08,CONTINUE,3,35.35,77.76,False,True,42.41,2022-06,3050.0,3135.0,3135.0,2.79,2886.76,2835.73,3171.97,True,True,False,False,True,True,False,1051083.0,,,,1.03,2.44,0.99,True,4,True,,,,False,
8008,8008.T,ヨンドシーホールディングス,2022-08,CONTINUE,8,44.2,86.5,False,True,42.3,2022-01,1751.0,1786.0,1786.0,2.0,1728.44,1700.01,,True,True,,,True,False,,91077.0,,,,0.83,1.77,0.97,True,1,False,,,,False,
9533,9533.T,東邦瓦斯,2022-08,CONTINUE,6,23.6,65.9,True,True,42.3,2022-03,681.25,781.25,781.25,14.68,703.91,743.37,,False,False,,,False,False,,1418160.0,,,,0.81,3.7,0.87,True,1,False,,,,False,
6364,6364.T,ＡＩＲＭＡＮ,2022-08,CONTINUE,2,34.99,77.25,True,True,42.25,2022-07,919.0,965.0,965.0,5.01,891.08,855.87,907.41,True,True,True,False,True,True,False,26537.0,,,,0.89,2.25,1.05,False,3,True,,,,False,
6584,6584.T,三櫻工業,2022-08,CONTINUE,2,23.8,65.75,False,True,41.94,2022-07,694.0,757.0,757.0,9.08,686.44,674.97,801.76,True,True,False,False,True,True,False,149500.0,,,,0.84,2.5,0.99,True,4,True,,,,False,
7012,7012.T,川崎重工業,2022-08,CONTINUE,5,58.08,100.0,True,False,41.92,2022-04,461.6,542.6,542.6,17.55,450.25,438.45,,True,True,,,True,True,,7304050.0,,,,1.0,3.2,0.99,True,1,True,,,,False,
6644,6644.T,大崎電気工業,2022-08,CONTINUE,5,39.85,81.72,True,True,41.87,2022-04,492.0,527.0,527.0,7.11,484.08,479.67,,True,True,,,True,True,,108350.0,,,,0.71,1.8,1.1,False,1,True,,,,False,
5602,5602.T,栗本鐵工所,2022-08,CONTINUE,5,50.0,91.84,True,False,41.84,2022-04,319.8,330.4,330.4,3.31,315.18,310.61,,True,True,,,True,True,,81250.0,,,,0.9,1.01,1.08,False,1,True,,,,False,
3176,3176.T,三洋貿易,2022-08,CONTINUE,2,27.59,69.32,False,True,41.73,2022-07,504.5,510.5,510.5,1.19,497.14,487.31,502.03,True,True,True,False,True,True,False,69953.0,,,,1.18,1.27,0.94,True,3,True,,,,False,
7482,7482.T,シモジマ,2022-08,NEW,1,48.98,90.34,True,True,41.36,2022-08,1088.0,1088.0,1088.0,0.0,1047.28,991.13,1015.78,True,True,True,False,True,True,False,11670.0,1379.0,-21.1,False,1.11,1.67,0.78,True,3,True,5.91,1.51,False,False,
5101,5101.T,横浜ゴム,2022-08,CONTINUE,3,47.81,89.02,True,True,41.21,2022-06,1837.0,2289.0,2289.0,24.61,1769.56,1700.32,1795.59,True,True,True,False,True,True,False,860777.0,,,,1.25,3.12,1.22,False,3,True,,,,False,
6905,6905.T,コーセル,2022-08,CONTINUE,4,31.35,72.51,True,True,41.17,2022-05,765.0,882.0,882.0,15.29,765.24,788.19,877.2,False,False,False,False,False,False,,79840.0,,,,0.79,2.36,1.09,False,4,True,,,,False,
8022,8022.T,美津濃,2022-08,CONTINUE,3,58.87,100.0,True,True,41.13,2022-06,780.33,895.67,895.67,14.78,752.79,727.8,770.2,True,True,True,False,True,True,False,248970.0,,,,1.71,2.01,1.15,False,3,True,,,,False,
7840,7840.T,フランスベッドホールディングス,2022-08,NEW,1,58.91,100.0,True,True,41.09,2022-08,988.0,988.0,988.0,0.0,928.32,910.39,900.41,True,True,True,True,True,True,True,40323.0,979.0,0.92,True,1.33,1.54,1.1,False,2,True,9.0,2.99,False,True,BREAKOUT
8093,8093.T,極東貿易,2022-08,CONTINUE,2,53.5,94.41,False,True,40.91,2022-07,1331.5,1337.0,1337.0,0.41,1330.0,1254.54,1235.6,True,True,True,True,True,True,True,52713.0,,,,1.24,1.1,0.87,True,1,True,,,,False,
7466,7466.T,ＳＰＫ,2022-08,CONTINUE,3,57.89,98.59,True,True,40.7,2022-06,699.0,702.0,702.0,0.43,685.44,670.79,676.45,True,True,True,False,True,True,True,22220.0,,,,1.18,2.15,0.96,True,3,True,,,,False,
7296,7296.T,エフ  ･シー  ･シー,2022-08,CONTINUE,3,36.87,77.42,True,True,40.55,2022-06,1348.0,1445.0,1445.0,7.2,1363.56,1328.68,1445.53,False,True,False,False,True,False,False,128213.0,,,,0.86,1.92,1.06,False,4,False,,,,False,
8174,8174.T,日本瓦斯,2022-08,CONTINUE,8,59.45,100.0,True,True,40.55,2022-01,1595.0,2222.0,2222.0,39.31,1539.88,1489.0,,True,True,,,True,False,,437243.0,,,,1.56,3.75,1.25,False,1,False,,,,False,
3106,3106.T,倉敷紡績,2022-08,CONTINUE,3,59.54,100.0,True,True,40.46,2022-06,1942.0,2128.0,2128.0,9.58,1991.32,1857.37,1901.07,False,True,True,False,True,True,True,42057.0,,,,1.16,2.15,0.97,True,3,False,,,,False,
4390,4390.T,ＩＰＳ,2022-08,CONTINUE,7,49.97,90.42,True,True,40.45,2022-02,2001.0,2988.0,2988.0,49.33,1892.48,2002.77,,True,False,,,False,False,,102313.0,,,,0.78,4.53,1.09,False,1,True,,,,False,
5943,5943.T,ノーリツ,2022-08,CONTINUE,2,30.05,70.5,True,True,40.45,2022-07,1486.0,1550.0,1550.0,4.31,1467.96,1480.71,1594.76,True,True,False,False,False,True,False,151660.0,,,,1.77,1.6,0.97,True,4,True,,,,False,
7593,7593.T,ＶＴホールディングス,2022-08,NEW,1,52.57,93.02,True,True,40.45,2022-08,483.0,483.0,483.0,0.0,485.52,476.19,467.29,False,True,True,True,False,True,False,213343.0,595.0,-18.82,False,1.04,1.79,0.8,True,3,True,1.03,-0.87,False,False,
4220,4220.T,リケンテクノス,2022-08,CONTINUE,2,36.9,77.31,True,True,40.41,2022-07,469.0,522.0,522.0,11.3,441.68,435.64,472.96,True,True,False,False,True,False,False,96267.0,,,,1.89,2.31,1.09,False,4,True,,,,False,
6516,6516.T,山洋電気,2022-08,CONTINUE,3,28.39,68.68,False,True,40.29,2022-06,1740.0,1816.67,1816.67,4.41,1808.93,1699.53,1878.22,False,True,False,False,True,True,False,153020.0,,,,1.14,2.65,0.95,True,4,False,,,,False,
2053,2053.T,中部飼料,2022-08,CONTINUE,10,45.47,85.71,True,True,40.24,2021-11,944.0,1076.0,1076.0,13.98,1044.12,1101.0,,False,False,,,False,,,115060.0,,,,2.44,2.1,1.1,False,1,False,,,,False,
3180,3180.T,ビューティガレージ,2022-08,NEW,1,35.56,75.75,False,True,40.2,2022-08,1469.0,1469.0,1469.0,0.0,1455.96,1329.75,1451.69,True,True,True,False,True,True,False,46493.0,2460.0,-40.28,False,0.77,3.69,1.01,False,3,True,-8.65,-0.75,False,False,
9983,9983.T,ファーストリテイリング,2022-08,CONTINUE,5,48.81,88.51,True,True,39.69,2022-04,20053.33,27316.67,27316.67,36.22,20614.4,20878.18,,False,False,,,True,False,,1807940.0,,,,1.11,4.02,1.16,False,1,True,,,,False,
7947,7947.T,エフピコ,2022-08,CONTINUE,2,33.45,73.09,True,True,39.64,2022-07,2994.0,3285.0,3285.0,9.72,2916.6,2783.4,3306.35,True,True,False,False,True,False,False,184203.0,,,,1.1,2.34,1.02,False,4,True,,,,False,
3635,3635.T,コーエーテクモホールディングス,2022-08,CONTINUE,4,40.6,79.82,False,True,39.23,2022-05,2280.0,2347.5,2347.5,2.96,2121.2,2062.4,2303.06,True,True,False,False,True,True,,887387.0,,,,0.93,2.62,0.85,True,4,True,,,,False,
4543,4543.T,テルモ,2022-08,CONTINUE,2,50.05,89.26,False,False,39.21,2022-07,2265.5,2253.0,2253.0,-0.55,2134.28,2031.42,2139.37,True,True,True,False,True,True,False,3697200.0,,,,0.91,1.95,0.97,True,3,True,,,,False,
4733,4733.T,オービックビジネスコンサルタント,2022-08,CONTINUE,3,36.29,75.48,True,True,39.19,2022-06,4665.0,5060.0,5060.0,8.47,4387.4,4308.13,4757.02,True,True,False,False,False,True,False,130787.0,,,,1.54,4.43,1.23,False,4,True,,,,False,
2931,2931.T,ユーグレナ,2022-08,CONTINUE,6,55.73,94.86,False,False,39.13,2022-03,822.0,979.0,979.0,19.1,768.76,737.12,,True,True,,,True,False,,1336990.0,,,,1.23,3.22,1.01,False,1,True,,,,False,
6914,6914.T,オプテックスグループ,2022-08,CONTINUE,8,57.79,96.77,True,False,38.98,2022-01,1514.0,2081.0,2081.0,37.45,1566.08,1538.75,,False,False,,,False,True,,111357.0,,,,0.99,3.4,1.15,False,1,False,,,,False,
5471,5471.T,大同特殊鋼,2022-08,CONTINUE,2,27.31,66.2,False,True,38.89,2022-07,790.0,784.0,784.0,-0.76,723.92,715.6,788.28,True,True,True,False,True,False,False,805117.0,,,,1.36,2.12,1.03,False,3,True,,,,False,
7198,7198.T,ＳＢＩアルヒ,2022-08,CONTINUE,5,29.42,68.29,True,False,38.87,2022-04,1001.0,1057.0,1057.0,5.59,1011.68,1047.28,,False,False,,,True,False,,296040.0,,,,0.88,1.77,0.97,True,1,True,,,,False,
4480,4480.T,メドレー,2022-08,CONTINUE,6,34.56,73.29,False,False,38.73,2022-03,2584.0,3135.0,3135.0,21.32,2150.08,2165.67,,True,True,,,True,False,,659810.0,,,,0.77,6.2,1.02,False,1,True,,,,False,
5288,5288.T,アジアパイルホールディングス,2022-08,CONTINUE,5,57.71,96.43,True,True,38.72,2022-04,427.0,505.0,505.0,18.27,425.76,434.31,,True,False,,,False,False,,57273.0,,,,0.94,1.81,1.08,False,1,False,,,,False,
5852,5852.T,アーレスティ,2022-08,CONTINUE,3,35.61,74.24,False,True,38.63,2022-06,381.0,409.0,409.0,7.35,381.72,371.72,391.88,False,True,False,False,True,True,False,93697.0,,,,0.88,3.43,1.15,False,4,False,,,,False,
8897,8897.T,ＭＩＲＡＲＴＨホールディングス,2022-08,CONTINUE,5,59.15,97.62,True,True,38.47,2022-04,297.0,379.0,379.0,27.61,300.52,304.96,,False,False,,,False,True,,166727.0,,,,1.14,1.37,1.01,False,1,False,,,,False,
7949,7949.T,小松ウオール工業,2022-08,CONTINUE,5,44.6,82.91,False,True,38.31,2022-04,922.5,955.0,955.0,3.52,918.84,929.05,,True,False,,,False,False,,18693.0,,,,1.04,1.64,1.16,False,1,False,,,,False,
4523,4523.T,エーザイ,2022-08,CONTINUE,3,12.61,50.88,False,False,38.27,2022-06,5725.0,5697.0,5697.0,-0.49,5360.56,5581.39,6537.84,True,True,False,False,False,False,False,1039537.0,,,,1.0,2.1,0.98,True,4,True,,,,False,
9934,9934.T,因幡電機産業,2022-08,CONTINUE,2,57.06,95.32,False,True,38.26,2022-07,1384.5,1377.5,1377.5,-0.51,1361.16,1318.22,1318.6,True,True,True,False,True,True,False,140700.0,,,,0.95,1.59,0.95,True,1,True,,,,False,
8316,8316.T,三井住友フィナンシャルグループ,2022-08,NEW,1,61.79,100.0,True,True,38.21,2022-08,1398.0,1398.0,1398.0,0.0,1380.63,1352.87,1342.09,True,True,True,True,True,True,True,15179970.0,1487.0,-5.99,False,1.07,0.97,0.89,True,2,True,6.74,0.53,False,False,
9010,9010.T,富士急行,2022-08,CONTINUE,5,27.31,65.41,False,True,38.11,2022-04,4125.0,4115.0,4115.0,-0.24,3973.4,3984.2,,True,True,,,True,False,,73433.0,,,,1.06,2.79,1.03,False,1,True,,,,False,
7595,7595.T,アルゴグラフィックス,2022-08,CONTINUE,3,61.92,100.0,True,True,38.08,2022-06,801.25,971.25,971.25,21.22,783.15,769.82,784.66,True,True,True,False,True,True,False,113493.0,,,,1.07,2.46,1.17,False,3,True,,,,False,
3153,3153.T,八洲電機,2022-08,CONTINUE,5,56.18,94.23,False,True,38.05,2022-04,943.0,1027.0,1027.0,8.91,938.88,947.91,,True,False,,,False,False,,17610.0,,,,1.17,1.38,0.89,True,1,False,,,,False,
2749,2749.T,ＪＰホールディングス,2022-08,CONTINUE,3,44.71,82.69,True,False,37.99,2022-06,252.0,251.0,251.0,-0.4,230.92,221.57,239.03,True,True,True,False,True,True,False,199157.0,,,,1.41,2.86,1.26,False,3,True,,,,False,
7888,7888.T,三光合成,2022-08,CONTINUE,2,54.08,91.84,True,True,37.75,2022-07,379.0,475.0,475.0,25.33,358.0,346.83,365.42,True,True,True,False,True,True,False,235970.0,,,,1.0,4.26,1.16,False,3,True,,,,False,
6737,6737.T,ＥＩＺＯ,2022-08,CONTINUE,2,26.65,64.38,False,True,37.73,2022-07,1855.0,1900.0,1900.0,2.43,1901.9,1813.23,1912.49,False,True,False,False,True,True,False,93793.0,,,,0.99,2.16,1.08,False,4,False,,,,False,
6412,6412.T,平和,2022-08,CONTINUE,3,56.62,94.35,False,True,37.72,2022-06,2013.0,2120.0,2120.0,5.32,1976.0,1917.6,1944.37,True,True,True,False,True,True,False,170350.0,,,,1.26,1.46,1.1,False,1,True,,,,False,
1946,1946.T,トーエネック,2022-08,CONTINUE,7,51.59,89.11,True,True,37.52,2022-02,712.0,736.0,736.0,3.37,650.72,648.57,,True,True,,,True,False,,33733.0,,,,1.58,2.2,1.0,False,1,True,,,,False,
7261,7261.T,マツダ,2022-08,CONTINUE,4,62.52,100.0,True,False,37.48,2022-05,1089.0,1231.0,1231.0,13.04,1018.88,918.67,949.05,True,True,True,False,True,True,,5737060.0,,,,0.99,3.56,0.78,True,1,True,,,,False,
6135,6135.T,牧野フライス製作所,2022-08,CONTINUE,5,48.97,86.39,False,False,37.43,2022-04,3985.0,4410.0,4410.0,10.66,3883.0,3813.87,,True,True,,,True,False,,100773.0,,,,1.23,2.48,0.96,True,1,True,,,,False,
8771,8771.T,イー・ギャランティ,2022-08,CONTINUE,3,48.17,85.59,False,False,37.42,2022-06,2146.0,2298.0,2298.0,7.08,2071.24,2048.12,2215.79,True,True,False,False,False,True,False,105880.0,,,,1.46,3.26,1.15,False,4,True,,,,False,
4549,4549.T,栄研化学,2022-08,CONTINUE,3,39.6,76.99,False,False,37.39,2022-06,1784.0,1910.0,1910.0,7.06,1666.8,1689.33,1832.39,True,True,False,False,True,False,False,127517.0,,,,1.11,1.96,1.16,False,4,True,,,,False,
4931,4931.T,新日本製薬,2022-08,CONTINUE,7,35.18,72.34,False,False,37.16,2022-02,1377.0,1644.0,1644.0,19.39,1241.96,1245.92,,True,True,,,True,False,,140070.0,,,,0.51,5.17,0.94,True,1,True,,,,False,
2222,2222.T,寿スピリッツ,2022-08,CONTINUE,5,55.14,92.27,True,True,37.13,2022-04,1374.0,1610.0,1610.0,17.18,1350.64,1206.47,,True,True,,,True,True,,597383.0,,,,0.59,2.43,0.84,True,1,True,,,,False,
1808,1808.T,長谷工コーポレーション,2022-08,CONTINUE,5,55.91,92.89,False,True,36.98,2022-04,1423.0,1600.0,1600.0,12.44,1400.4,1435.08,,True,False,,,False,False,,1011317.0,,,,0.81,1.53,1.02,False,1,False,,,,False,
6036,6036.T,ＫｅｅＰｅｒ技研,2022-08,CONTINUE,4,63.15,100.0,False,False,36.85,2022-05,3235.0,4135.0,4135.0,27.82,2779.08,2429.73,2745.28,True,True,True,False,True,True,,242443.0,,,,1.25,6.08,1.14,False,1,True,,,,False,
2121,2121.T,ＭＩＸＩ,2022-08,CONTINUE,5,34.92,71.75,False,True,36.83,2022-04,2244.0,2397.0,2397.0,6.82,2243.4,2201.48,,True,True,,,True,True,,250783.0,,,,1.19,2.14,0.99,True,1,True,,,,False,
6448,6448.T,ブラザー工業,2022-08,CONTINUE,6,63.2,100.0,True,False,36.8,2022-03,2237.0,2676.0,2676.0,19.62,2135.32,2161.19,,True,True,,,False,True,,899173.0,,,,0.63,2.16,0.82,True,1,True,,,,False,
2207,2207.T,ｍｅｉｔｏ,2022-08,NEW,1,58.51,95.29,False,True,36.79,2022-08,1667.0,1667.0,1667.0,0.0,1671.24,1647.15,1653.63,False,True,True,False,True,True,False,13853.0,1827.0,-8.76,False,1.57,0.74,0.8,True,3,False,0.6,-0.02,False,False,
6331,6331.T,三菱化工機,2022-08,CONTINUE,4,38.41,75.17,True,True,36.76,2022-05,695.0,769.67,769.67,10.74,661.73,663.8,735.88,True,True,False,False,True,False,,50200.0,,,,1.15,1.85,0.95,True,4,True,,,,False,
1950,1950.T,日本電設工業,2022-08,CONTINUE,6,49.68,86.39,False,False,36.72,2022-03,1583.0,1797.0,1797.0,13.52,1623.0,1588.61,,False,False,,,True,False,,80143.0,,,,1.02,3.16,1.1,False,1,True,,,,False,
4928,4928.T,ノエビアホールディングス,2022-08,CONTINUE,3,52.14,88.84,False,True,36.7,2022-06,5760.0,5780.0,5780.0,0.35,5608.0,5258.27,5358.88,True,True,True,False,True,True,False,45520.0,,,,0.99,1.79,0.99,True,3,True,,,,False,
9301,9301.T,三菱倉庫,2022-08,CONTINUE,5,58.1,94.7,True,False,36.59,2022-04,601.0,726.0,726.0,20.8,600.32,571.35,,True,True,,,True,True,,1293583.0,,,,1.28,2.06,1.01,False,1,True,,,,False,
6222,6222.T,島精機製作所,2022-08,CONTINUE,5,59.24,95.82,True,False,36.58,2022-04,1854.0,2221.0,2221.0,19.8,1867.56,1829.6,,False,True,,,True,False,,65993.0,,,,1.1,2.98,1.16,False,1,False,,,,False,
7552,7552.T,ハピネット,2022-08,NEW,1,63.89,100.0,False,True,36.11,2022-08,808.0,808.0,808.0,0.0,812.38,797.89,773.51,False,True,True,True,True,True,True,46960.0,830.0,-2.65,False,0.6,1.22,0.86,True,2,True,5.27,-1.17,False,False,
1941,1941.T,中電工,2022-08,CONTINUE,5,39.12,75.21,True,True,36.09,2022-04,2090.0,2128.0,2128.0,1.82,2084.4,2119.33,,True,False,,,False,False,,75373.0,,,,1.11,1.27,0.91,True,1,False,,,,False,
9438,9438.T,エムティーアイ,2022-08,CONTINUE,3,37.2,73.23,True,False,36.03,2022-06,491.0,515.0,515.0,4.89,455.4,455.52,562.34,True,True,False,False,True,False,False,93240.0,,,,1.41,4.06,1.18,False,4,True,,,,False,
6370,6370.T,栗田工業,2022-08,CONTINUE,3,51.96,87.97,False,True,36.0,2022-06,4910.0,5460.0,5460.0,11.2,5021.6,4696.33,5057.65,False,True,False,False,True,True,False,440547.0,,,,0.8,2.92,0.95,True,4,False,,,,False,
5202,5202.T,日本板硝子,2022-08,NEW,1,40.93,76.77,True,True,35.83,2022-08,534.0,534.0,534.0,0.0,474.28,419.45,454.95,True,True,True,False,True,True,False,1765650.0,680.0,-21.47,False,0.58,3.37,0.81,True,3,True,12.81,7.99,False,False,
8424,8424.T,芙蓉総合リース,2022-08,CONTINUE,2,64.25,100.0,True,True,35.75,2022-07,2720.0,2746.67,2746.67,0.98,2634.0,2510.67,2513.48,True,True,True,False,True,True,True,171550.0,,,,1.07,1.53,0.93,True,1,True,,,,False,
7313,7313.T,テイ・エステック,2022-08,NEW,1,43.9,79.62,False,True,35.73,2022-08,1564.0,1564.0,1564.0,0.0,1565.32,1450.49,1431.88,False,True,True,True,True,True,True,385360.0,1653.0,-5.38,False,1.02,1.79,0.99,True,2,True,8.94,1.82,False,False,
2670,2670.T,エービーシー・マート,2022-08,CONTINUE,5,42.38,78.03,False,True,35.64,2022-04,1786.67,1870.0,1870.0,4.66,1651.2,1671.04,,True,True,,,True,False,,907840.0,,,,0.96,2.58,1.0,True,1,True,,,,False,
2060,2060.T,フィード・ワン,2022-08,CONTINUE,3,41.53,77.05,True,True,35.52,2022-06,682.0,703.0,703.0,3.08,665.04,663.61,702.58,True,True,False,False,True,False,False,47047.0,,,,1.12,1.99,1.24,False,4,True,,,,False,
7818,7818.T,トランザクション,2022-08,CONTINUE,5,32.37,67.82,False,False,35.45,2022-04,525.5,533.0,533.0,1.43,508.84,503.94,,True,True,,,True,False,,77973.0,,,,1.6,3.28,1.15,False,1,True,,,,False,
6923,6923.T,スタンレー電気,2022-08,NEW,1,34.87,70.2,True,True,35.32,2022-08,2587.0,2587.0,2587.0,0.0,2485.12,2349.51,2547.4,True,True,True,False,True,True,False,635820.0,3385.0,-23.57,False,1.24,2.13,0.95,True,3,True,-2.2,0.4,False,False,
5410,5410.T,合同製鐵,2022-08,CONTINUE,5,58.13,93.36,True,True,35.22,2022-04,1306.0,1835.0,1835.0,40.51,1315.2,1338.39,,False,False,,,True,False,,46827.0,,,,1.27,2.23,1.05,False,1,False,,,,False,
7513,7513.T,コジマ,2022-08,CONTINUE,5,37.47,72.41,True,False,34.94,2022-04,637.0,640.0,640.0,0.47,599.48,558.63,,True,True,,,True,True,,197790.0,,,,0.84,2.7,0.87,True,1,True,,,,False,
8253,8253.T,クレディセゾン,2022-08,CONTINUE,5,65.24,100.0,True,False,34.76,2022-04,1463.0,1752.0,1752.0,19.75,1391.56,1329.43,,True,True,,,True,True,,1418670.0,,,,1.11,4.4,1.45,False,1,True,,,,False,
6272,6272.T,レオン自動機,2022-08,CONTINUE,3,41.23,75.97,False,False,34.73,2022-06,1262.0,1260.0,1260.0,-0.16,1269.96,1134.69,1232.38,False,True,True,False,True,True,False,45567.0,,,,1.28,3.98,1.25,False,3,True,,,,False,
9435,9435.T,光通信,2022-08,CONTINUE,7,44.22,78.93,True,True,34.71,2022-02,14200.0,17650.0,17650.0,24.3,14206.0,16533.87,,False,False,,,False,False,,121663.0,,,,0.95,2.92,1.03,False,1,False,,,,False,
9037,9037.T,ハマキョウレックス,2022-08,CONTINUE,5,49.66,84.33,False,True,34.67,2022-04,730.5,795.0,795.0,8.83,705.07,712.03,,True,True,,,False,False,,122467.0,,,,0.92,2.1,0.99,True,1,True,,,,False,
8593,8593.T,三菱ＨＣキャピタル,2022-08,CONTINUE,5,65.4,100.0,True,True,34.6,2022-04,585.0,676.0,676.0,15.56,578.48,586.57,,True,False,,,True,True,,3545990.0,,,,0.71,1.48,0.97,True,1,False,,,,False,
3401,3401.T,帝人,2022-08,CONTINUE,7,37.64,72.22,True,True,34.58,2022-02,1383.0,1475.0,1475.0,6.65,1422.32,1414.97,,False,False,,,False,False,,912737.0,,,,0.93,2.41,0.75,True,1,False,,,,False,
1801,1801.T,大成建設,2022-08,CONTINUE,5,63.37,97.95,True,True,34.57,2022-04,3525.0,4235.0,4235.0,20.14,3533.2,3660.53,,False,False,,,False,False,,745767.0,,,,1.35,2.06,1.0,False,1,False,,,,False,
2288,2288.T,丸大食品,2022-08,CONTINUE,5,42.93,77.22,False,True,34.3,2022-04,1516.0,1579.0,1579.0,4.16,1493.84,1519.35,,True,False,,,False,False,,31333.0,,,,1.01,1.57,1.2,False,1,False,,,,False,
6070,6070.T,キャリアリンク,2022-08,CONTINUE,6,51.27,85.55,True,True,34.28,2022-03,1466.0,2332.0,2332.0,59.07,1342.2,1405.81,,True,True,,,False,False,,191260.0,,,,0.71,3.88,0.88,True,1,True,,,,False,
8233,8233.T,高島屋,2022-08,CONTINUE,6,65.76,100.0,True,False,34.24,2022-03,581.0,771.5,771.5,32.79,556.18,547.3,,True,True,,,False,True,,2172567.0,,,,0.76,2.59,0.88,True,1,True,,,,False,
7868,7868.T,広済堂ホールディングス,2022-08,CONTINUE,5,59.63,93.86,True,True,34.23,2022-04,160.4,240.4,240.4,49.88,162.42,161.6,,False,False,,,False,True,,392167.0,,,,1.05,2.58,0.91,True,1,True,,,,False,
3915,3915.T,テラスカイ,2022-08,CONTINUE,4,37.09,71.29,True,True,34.2,2022-05,1391.0,1915.0,1915.0,37.67,1313.48,1445.33,1779.88,True,False,False,False,False,False,,105067.0,,,,0.82,4.38,1.04,False,4,True,,,,False,
1929,1929.T,日特建設,2022-08,CONTINUE,7,65.81,100.0,True,True,34.19,2022-02,738.0,903.0,903.0,22.36,694.72,675.77,,True,True,,,True,False,,76810.0,,,,0.72,1.84,0.71,True,1,True,,,,False,
2915,2915.T,ケンコーマヨネーズ,2022-08,CONTINUE,6,47.23,81.42,True,True,34.18,2022-03,1387.0,1529.0,1529.0,10.24,1391.44,1369.79,,False,True,,,True,True,,42107.0,,,,1.53,2.77,0.98,True,1,True,,,,False,
6027,6027.T,弁護士ドットコム,2022-08,CONTINUE,3,11.75,45.93,False,True,34.18,2022-06,3805.0,3860.0,3860.0,1.45,3749.6,3701.52,5088.69,True,True,False,False,True,False,False,304547.0,,,,0.88,5.91,0.77,True,4,True,,,,False,
6455,6455.T,モリタホールディングス,2022-08,CONTINUE,5,24.89,59.04,False,False,34.16,2022-04,1247.0,1270.0,1270.0,1.84,1235.36,1244.39,,True,True,,,True,False,,47110.0,,,,1.38,2.18,1.12,False,1,True,,,,False,
3916,3916.T,ﾃﾞｼﾞﾀﾙ･ｲﾝﾌｫﾒｰｼｮﾝ･ﾃｸﾉﾛｼﾞｰ,2022-08,CONTINUE,4,39.07,73.19,True,True,34.12,2022-05,723.0,787.0,787.0,8.85,632.3,629.36,741.47,True,True,False,False,True,True,,163500.0,,,,1.5,4.05,1.14,False,4,True,,,,False,
6340,6340.T,澁谷工業,2022-08,CONTINUE,2,28.14,62.17,True,True,34.03,2022-07,2487.0,2513.0,2513.0,1.05,2407.12,2341.43,2600.88,True,True,False,False,True,False,False,33500.0,,,,0.67,1.68,0.76,True,4,True,,,,False,
5440,5440.T,共英製鋼,2022-08,NEW,1,53.79,87.79,True,True,34.0,2022-08,1537.0,1537.0,1537.0,0.0,1460.24,1385.43,1403.44,True,True,True,False,True,True,True,82297.0,1682.0,-8.62,False,0.83,2.05,0.99,True,2,True,11.27,2.84,False,False,
7282,7282.T,豊田合成,2022-08,CONTINUE,2,42.7,76.68,True,True,33.98,2022-07,2091.0,2431.0,2431.0,16.26,2159.08,2040.03,2192.18,False,True,False,False,True,True,False,471120.0,,,,1.32,2.54,0.98,True,4,False,,,,False,
8043,8043.T,スターゼン,2022-08,NEW,1,50.63,84.21,True,True,33.58,2022-08,705.67,705.67,705.67,0.0,703.49,677.42,672.92,True,True,True,True,True,True,False,34180.0,780.0,-9.53,False,0.86,1.61,1.07,False,3,True,4.24,1.24,False,False,
5105,5105.T,ＴＯＹＯＴＩＲＥ,2022-08,CONTINUE,4,29.64,63.13,False,False,33.49,2022-05,1724.0,1694.0,1694.0,-1.74,1607.32,1539.35,1749.51,True,True,False,False,True,False,,761987.0,,,,0.87,4.26,0.69,True,4,True,,,,False,
2982,2982.T,ＡＤワークスグループ,2022-08,CONTINUE,4,48.33,81.82,True,False,33.48,2022-05,150.0,157.0,157.0,4.67,148.44,145.49,151.47,True,True,False,False,True,True,,135163.0,,,,1.53,1.48,1.02,False,4,True,,,,False,
9039,9039.T,サカイ引越センター,2022-08,CONTINUE,5,31.98,65.43,False,False,33.45,2022-04,2217.5,2302.5,2302.5,3.83,2103.3,2134.9,,True,True,,,True,False,,43487.0,,,,1.05,2.38,1.06,False,1,True,,,,False,
3284,3284.T,フージャースホールディングス,2022-08,CONTINUE,5,60.49,93.85,True,True,33.37,2022-04,652.0,809.0,809.0,24.08,654.84,668.16,,False,False,,,False,False,,80353.0,,,,1.44,1.54,1.11,False,1,False,,,,False,
4684,4684.T,オービック,2022-08,CONTINUE,3,50.26,83.29,False,False,33.03,2022-06,3838.0,4154.0,4154.0,8.23,3776.32,3736.61,3962.47,True,True,False,False,False,True,False,931150.0,,,,1.12,2.66,1.07,False,4,True,,,,False,
7220,7220.T,武蔵精密工業,2022-08,NEW,1,33.5,66.43,True,True,32.93,2022-08,1698.0,1698.0,1698.0,0.0,1572.68,1449.23,1595.73,True,True,True,False,True,True,False,249950.0,2201.0,-22.85,False,1.01,2.81,1.02,False,3,True,0.94,4.49,False,False,
4768,4768.T,大塚商会,2022-08,CONTINUE,2,28.41,61.21,True,True,32.81,2022-07,2067.5,2265.0,2265.0,9.55,2042.6,2022.13,2308.97,True,True,False,False,True,False,False,1203607.0,,,,1.34,2.54,1.03,False,4,True,,,,False,
2733,2733.T,あらた,2022-08,CONTINUE,3,47.0,79.75,False,True,32.75,2022-06,1952.5,2065.0,2065.0,5.76,1951.5,1865.53,1991.12,True,True,False,False,True,False,False,68580.0,,,,0.75,2.0,0.98,True,4,False,,,,False,
9502,9502.T,中部電力,2022-08,CONTINUE,6,54.11,86.83,False,False,32.72,2022-03,1263.0,1414.0,1414.0,11.96,1197.36,1194.01,,True,True,,,True,True,,3443063.0,,,,1.46,2.75,1.05,False,1,True,,,,False,
6436,6436.T,アマノ,2022-08,CONTINUE,3,44.74,77.22,True,True,32.48,2022-06,2345.0,2589.0,2589.0,10.41,2436.84,2310.93,2479.09,False,True,False,False,True,True,False,210070.0,,,,1.26,2.39,1.09,False,4,False,,,,False,
9041,9041.T,近鉄グループホールディングス,2022-08,CONTINUE,8,67.57,100.0,True,False,32.43,2022-01,3330.0,4740.0,4740.0,42.34,3278.6,3391.33,,True,False,,,True,False,,389397.0,,,,0.99,2.28,1.12,False,1,True,,,,False,
4202,4202.T,ダイセル,2022-08,NEW,1,45.57,77.98,False,True,32.42,2022-08,878.0,878.0,878.0,0.0,861.72,849.43,831.21,True,True,True,True,True,True,False,643547.0,931.0,-5.69,False,0.89,1.57,0.85,True,1,True,2.55,1.36,False,False,
6971,6971.T,京セラ,2022-08,CONTINUE,2,64.5,96.86,True,True,32.36,2022-07,1842.0,1944.5,1944.5,5.56,1805.56,1779.84,1740.44,True,True,True,True,False,True,True,3655667.0,,,,0.85,1.7,0.9,True,2,True,,,,False,
4809,4809.T,パラカ,2022-08,CONTINUE,6,67.37,99.66,True,True,32.3,2022-03,1708.0,2004.0,2004.0,17.33,1684.4,1625.47,,True,True,,,True,True,,9617.0,,,,1.05,1.92,0.92,True,1,True,,,,False,
4403,4403.T,日油,2022-08,CONTINUE,2,42.73,75.0,False,True,32.27,2022-07,1746.67,1766.67,1766.67,1.15,1718.87,1642.0,1751.2,True,True,False,False,True,True,False,607670.0,,,,0.69,1.84,0.96,True,4,True,,,,False,
8020,8020.T,兼松,2022-08,CONTINUE,6,51.95,84.21,True,True,32.26,2022-03,671.0,755.5,755.5,12.59,687.1,659.07,,False,True,,,True,True,,544467.0,,,,0.82,1.8,0.93,True,1,True,,,,False,
5901,5901.T,東洋製罐グループホールディングス,2022-08,NEW,1,57.11,89.34,True,True,32.23,2022-08,1657.0,1657.0,1657.0,0.0,1610.92,1473.91,1443.98,True,True,True,True,True,True,True,477883.0,1667.0,-0.6,False,0.83,1.54,0.93,True,2,True,13.19,-0.31,False,False,
8551,8551.T,北日本銀行,2022-08,NEW,1,52.56,84.71,True,True,32.15,2022-08,1695.0,1695.0,1695.0,0.0,1681.88,1617.43,1599.2,True,True,True,True,True,True,True,8163.0,1797.0,-5.68,False,0.95,1.34,0.98,True,2,True,6.89,0.01,True,True,MVP
1980,1980.T,ダイダン,2022-08,NEW,1,40.32,72.44,True,True,32.12,2022-08,371.0,371.0,371.0,0.0,367.32,352.37,359.95,True,True,True,False,True,True,False,128180.0,479.17,-22.57,False,0.83,1.5,0.83,True,3,True,-0.12,1.86,False,False,
2871,2871.T,ニチレイ,2022-08,NEW,1,35.03,67.13,True,True,32.1,2022-08,1245.5,1245.5,1245.5,0.0,1239.64,1187.81,1240.42,True,True,True,False,True,True,False,1028160.0,1502.5,-17.1,False,0.7,1.32,0.68,True,3,True,0.56,2.28,False,False,
9678,9678.T,カナモト,2022-08,NEW,1,38.38,70.44,True,True,32.06,2022-08,2150.0,2150.0,2150.0,0.0,2109.56,2002.17,2125.95,True,True,True,False,True,True,False,92483.0,2746.0,-21.7,False,1.56,1.44,0.81,True,3,True,-1.96,1.44,False,False,
2930,2930.T,北の達人コーポレーション,2022-08,CONTINUE,3,23.93,55.83,True,True,31.91,2022-06,204.0,239.0,239.0,17.16,199.48,201.67,296.73,True,True,False,False,True,False,False,1521600.0,,,,0.71,4.48,0.81,True,4,True,,,,False,
5444,5444.T,大和工業,2022-08,CONTINUE,5,68.15,100.0,True,False,31.85,2022-04,4200.0,4940.0,4940.0,17.62,3708.8,3683.4,,True,True,,,True,False,,245667.0,,,,1.73,3.1,1.12,False,1,True,,,,False,
7231,7231.T,トピー工業,2022-08,CONTINUE,5,56.04,87.78,True,True,31.74,2022-04,1034.0,1415.0,1415.0,36.85,1028.32,1072.64,,True,False,,,False,False,,40303.0,,,,0.88,1.87,1.05,False,1,False,,,,False,
6768,6768.T,タムラ製作所,2022-08,CONTINUE,2,42.99,74.7,False,True,31.72,2022-07,616.0,741.0,741.0,20.29,588.0,569.8,630.78,True,True,False,False,True,False,False,528623.0,,,,0.87,2.45,1.0,False,4,True,,,,False,
6071,6071.T,ＩＢＪ,2022-08,CONTINUE,3,41.64,73.2,True,True,31.57,2022-06,756.0,945.0,945.0,25.0,725.52,731.28,867.54,True,True,False,False,True,False,False,221187.0,,,,1.87,3.73,1.14,False,4,True,,,,False,
7458,7458.T,第一興商,2022-08,CONTINUE,5,47.05,78.47,True,True,31.42,2022-04,1775.0,2037.5,2037.5,14.79,1747.5,1718.83,,True,True,,,True,False,,197873.0,,,,0.88,2.63,0.96,True,1,False,,,,False,
6809,6809.T,ＴＯＡ,2022-08,CONTINUE,5,43.7,75.1,True,True,31.4,2022-04,701.0,807.0,807.0,15.12,680.04,733.91,,True,False,,,False,False,,40053.0,,,,0.93,1.8,1.05,False,1,True,,,,False,
5930,5930.T,文化シャッター,2022-08,NEW,1,46.86,78.15,True,True,31.29,2022-08,1069.0,1069.0,1069.0,0.0,1054.56,1006.79,1018.74,True,True,True,False,True,True,False,143120.0,1206.0,-11.36,False,0.83,1.37,0.65,True,3,True,3.31,0.73,False,False,
6339,6339.T,新東工業,2022-08,CONTINUE,2,31.54,62.79,False,False,31.25,2022-07,729.0,711.0,711.0,-2.47,699.16,685.21,699.55,True,True,True,False,True,True,False,72833.0,,,,1.03,1.43,0.82,True,3,True,,,,False,
6794,6794.T,フォスター電機,2022-08,NEW,1,36.22,67.28,True,True,31.06,2022-08,779.0,779.0,779.0,0.0,768.48,747.21,737.58,True,True,True,True,True,True,False,154610.0,970.0,-19.69,False,0.83,4.37,0.91,True,3,True,1.9,4.97,False,False,
1899,1899.T,福田組,2022-08,CONTINUE,6,52.16,83.2,True,False,31.04,2022-03,2250.0,2457.5,2457.5,9.22,2170.6,2159.33,,True,True,,,False,True,,22727.0,,,,1.04,2.32,0.9,True,1,True,,,,False,
6472,6472.T,ＮＴＮ,2022-08,CONTINUE,5,44.73,75.76,True,True,31.03,2022-04,208.0,265.0,265.0,27.4,207.84,217.25,,True,False,,,True,False,,5448680.0,,,,0.89,2.58,1.04,False,1,False,,,,False,
6387,6387.T,サムコ,2022-08,CONTINUE,4,45.84,76.78,True,True,30.94,2022-05,2615.0,3135.0,3135.0,19.89,2484.16,2414.23,2668.45,True,True,False,False,False,True,,33797.0,,,,1.08,2.85,0.94,True,4,True,,,,False,
5981,5981.T,東京製綱,2022-08,CONTINUE,6,43.29,74.21,True,True,30.92,2022-03,905.0,1012.0,1012.0,11.82,876.44,881.61,,True,True,,,True,True,,54117.0,,,,0.91,2.73,0.9,True,1,True,,,,False,
4206,4206.T,アイカ工業,2022-08,CONTINUE,3,28.35,59.27,True,True,30.91,2022-06,2832.0,3085.0,3085.0,8.93,2813.64,2922.11,3240.89,True,False,False,False,False,False,False,157763.0,,,,1.0,1.8,1.07,False,4,False,,,,False,
3968,3968.T,セグエグループ,2022-08,CONTINUE,6,30.6,61.49,True,True,30.89,2022-03,209.0,233.67,233.67,11.8,189.91,213.69,,True,False,,,True,False,,232740.0,,,,0.56,3.11,0.85,True,1,True,,,,False,
8410,8410.T,セブン銀行,2022-08,CONTINUE,5,65.56,96.3,False,True,30.74,2022-04,243.0,264.0,264.0,8.64,242.72,246.03,,True,False,,,False,True,,4306787.0,,,,0.91,1.5,0.94,True,1,False,,,,False,
2918,2918.T,わらべや日洋ホールディングス,2022-08,CONTINUE,2,52.16,82.69,False,True,30.53,2022-07,2214.0,2269.0,2269.0,2.48,2046.92,1802.41,1909.86,True,True,True,False,True,True,False,167633.0,,,,0.49,1.98,0.57,True,3,True,,,,False,
3031,3031.T,ラクーンホールディングス,2022-08,CONTINUE,5,28.97,59.46,True,False,30.5,2022-04,1413.0,1397.0,1397.0,-1.13,1264.2,1201.23,,True,True,,,True,False,,251850.0,,,,1.57,4.16,1.26,False,1,True,,,,False,
5185,5185.T,フコク,2022-08,NEW,1,54.67,85.04,True,True,30.37,2022-08,1015.0,1015.0,1015.0,0.0,991.96,979.51,970.3,True,True,True,True,True,True,False,30780.0,1151.0,-11.82,False,1.19,1.55,1.09,False,3,True,3.5,1.43,False,False,
4396,4396.T,システムサポートホールディングス,2022-08,CONTINUE,4,52.66,83.01,True,True,30.35,2022-05,593.0,727.0,727.0,22.6,531.22,527.15,590.12,True,True,True,False,False,True,,58087.0,,,,1.1,2.9,0.9,True,3,True,,,,False,
6379,6379.T,レイズネクスト,2022-08,CONTINUE,2,54.15,84.46,False,True,30.31,2022-07,1222.0,1205.0,1205.0,-1.39,1174.64,1128.83,1150.75,True,True,True,False,True,True,False,54650.0,,,,0.65,1.88,0.87,True,1,True,,,,False,
4801,4801.T,セントラルスポーツ,2022-08,CONTINUE,3,55.04,85.34,True,True,30.29,2022-06,2497.0,2530.0,2530.0,1.32,2438.64,2399.39,2432.74,True,True,True,False,True,True,True,11060.0,,,,1.5,1.43,1.1,False,1,True,,,,False,
7780,7780.T,メニコン,2022-08,CONTINUE,3,43.48,73.75,False,True,30.27,2022-06,3115.0,3375.0,3375.0,8.35,2885.32,2799.72,3319.36,True,True,False,False,True,True,False,326813.0,,,,0.85,3.63,1.17,False,4,True,,,,False,
7532,7532.T,ﾊﾟﾝ･ﾊﾟｼﾌｨｯｸ･ｲﾝﾀｰﾅｼｮﾅﾙﾎｰﾙﾃﾞｨﾝｸﾞｽ,2022-08,CONTINUE,5,53.89,84.11,True,True,30.22,2022-04,402.2,501.0,501.0,24.56,389.12,359.62,,True,True,,,True,True,,10101017.0,,,,1.12,2.86,1.06,False,1,True,,,,False,
6632,6632.T,ＪＶＣケンウッド,2022-08,CONTINUE,5,40.59,70.77,True,True,30.18,2022-04,185.0,205.0,205.0,10.81,175.28,179.27,,True,True,,,False,True,,2082153.0,,,,2.43,3.86,1.37,False,1,True,,,,False,
7984,7984.T,コクヨ,2022-08,CONTINUE,3,53.59,83.64,False,True,30.05,2022-06,429.5,450.0,450.0,4.77,418.51,413.94,427.79,True,True,True,False,False,True,False,965213.0,,,,1.15,2.6,1.06,False,3,True,,,,False,
3626,3626.T,ＴＩＳ,2022-08,CONTINUE,3,69.97,100.0,True,False,30.03,2022-06,3555.0,3990.0,3990.0,12.24,3366.8,3121.24,3118.99,True,True,True,True,True,True,True,892967.0,,,,0.97,2.83,0.99,True,1,True,,,,False,
7003,7003.T,三井Ｅ＆Ｓ,2022-08,CONTINUE,4,42.76,72.67,True,True,29.91,2022-05,361.0,434.0,434.0,20.22,353.56,355.0,415.94,True,True,False,False,False,False,,1176843.0,,,,0.71,2.89,0.83,True,4,False,,,,False,
2607,2607.T,不二製油,2022-08,CONTINUE,3,43.44,73.17,True,True,29.72,2022-06,2142.0,2372.0,2372.0,10.74,1915.72,1894.17,2233.11,True,True,False,False,True,False,False,280570.0,,,,1.91,2.55,1.28,False,4,True,,,,False,
3076,3076.T,あい   ホールディングス,2022-08,CONTINUE,2,48.72,78.38,True,True,29.67,2022-07,1677.0,2141.0,2141.0,27.67,1603.32,1631.75,1807.72,True,True,False,False,False,False,False,89257.0,,,,0.57,1.47,0.85,True,4,True,,,,False,
5108,5108.T,ブリヂストン,2022-08,CONTINUE,2,54.88,84.55,False,True,29.67,2022-07,2599.0,2676.5,2676.5,2.98,2531.5,2484.61,2463.45,True,True,True,True,False,True,False,3616727.0,,,,0.82,1.62,0.98,True,3,True,,,,False,
3097,3097.T,物語コーポレーション,2022-08,NEW,1,47.6,77.25,True,True,29.65,2022-08,2363.33,2363.33,2363.33,0.0,2126.67,1946.84,2035.23,True,True,True,False,True,True,False,258020.0,2686.67,-12.03,False,0.99,3.1,0.77,True,3,True,15.72,7.26,False,False,
9702,9702.T,アイ・エス・ビー,2022-08,CONTINUE,5,39.64,69.27,True,True,29.63,2022-04,1095.0,1278.0,1278.0,16.71,1111.68,1016.63,,False,True,,,True,True,,61957.0,,,,0.75,2.37,0.93,True,1,True,,,,False,
6200,6200.T,インソース,2022-08,CONTINUE,3,56.2,85.69,False,False,29.5,2022-06,1131.0,1414.0,1414.0,25.02,1086.48,1074.67,1114.99,True,True,True,False,True,True,True,359187.0,,,,1.43,4.64,1.04,False,1,True,,,,False,
6178,6178.T,日本郵政,2022-08,NEW,1,56.16,85.54,True,True,29.38,2022-08,961.3,961.3,961.3,0.0,956.88,959.65,936.82,True,True,True,False,False,True,True,8594107.0,1034.5,-7.08,False,1.09,0.87,0.88,True,2,True,3.31,-0.13,False,False,
4680,4680.T,ラウンドワン,2022-08,CONTINUE,5,65.64,94.97,True,True,29.34,2022-04,484.67,670.67,670.67,38.38,477.63,457.78,,True,True,,,True,True,,2124130.0,,,,0.71,3.09,0.94,True,1,True,,,,False,
8570,8570.T,イオンフィナンシャルサービス,2022-08,CONTINUE,3,57.48,86.82,False,False,29.34,2022-06,1278.0,1435.0,1435.0,12.28,1230.04,1201.8,1270.6,True,True,True,False,True,True,False,523440.0,,,,1.42,2.59,1.14,False,3,True,,,,False,
4118,4118.T,カネカ,2022-08,CONTINUE,2,35.87,65.19,True,True,29.32,2022-07,3590.0,3750.0,3750.0,4.46,3435.0,3393.73,3688.95,True,True,False,False,True,False,False,213657.0,,,,0.87,1.82,0.88,True,4,True,,,,False,
4221,4221.T,大倉工業,2022-08,NEW,1,27.01,56.25,False,True,29.24,2022-08,1855.0,1855.0,1855.0,0.0,1816.76,1748.48,1886.59,True,True,False,False,True,True,False,15300.0,2360.0,-21.4,False,0.57,1.57,1.0,True,4,True,-2.77,3.63,False,False,
3687,3687.T,フィックスターズ,2022-08,CONTINUE,10,69.58,98.78,True,False,29.2,2021-11,831.0,1230.0,1230.0,48.01,795.2,778.95,,True,True,,,True,,,120397.0,,,,1.51,6.13,1.46,False,1,True,,,,False,
6269,6269.T,三井海洋開発,2022-08,CONTINUE,4,36.54,65.59,True,True,29.05,2022-05,1306.0,1448.0,1448.0,10.87,1224.84,1215.88,1450.66,True,True,False,False,False,False,,170423.0,,,,0.93,3.64,0.88,True,4,True,,,,False,
6535,6535.T,アイモバイル,2022-08,CONTINUE,5,42.68,71.72,False,True,29.04,2022-04,439.67,477.67,477.67,8.64,417.51,404.73,,True,True,,,True,False,,318510.0,,,,2.11,2.82,1.17,False,1,True,,,,False,
1975,1975.T,朝日工業社,2022-08,CONTINUE,3,63.44,92.47,False,False,29.03,2022-06,846.5,964.5,964.5,13.94,810.1,790.1,792.65,True,True,True,False,True,True,False,25673.0,,,,1.19,2.67,1.04,False,3,True,,,,False,
4446,4446.T,Ｌｉｎｋ－Ｕグループ,2022-08,NEW,1,22.16,51.18,False,True,29.03,2022-08,757.0,757.0,757.0,0.0,714.92,678.41,795.68,True,True,False,False,True,True,False,32297.0,1685.0,-55.07,False,1.95,4.29,1.31,False,4,True,-11.46,3.45,False,False,
7915,7915.T,ＮＩＳＳＨＡ,2022-08,CONTINUE,2,53.92,82.8,True,True,28.87,2022-07,1558.0,1819.0,1819.0,16.75,1505.2,1478.2,1532.84,True,True,True,False,True,True,False,145300.0,,,,1.12,2.12,0.89,True,3,True,,,,False,
8276,8276.T,平和堂,2022-08,CONTINUE,5,39.75,68.6,True,True,28.86,2022-04,1955.0,1992.0,1992.0,1.89,1914.04,1934.41,,True,True,,,False,False,,103790.0,,,,1.11,1.69,1.0,False,1,False,,,,False,
9470,9470.T,学研ホールディングス,2022-08,CONTINUE,3,26.53,55.38,True,True,28.85,2022-06,954.0,982.0,982.0,2.94,876.56,894.55,1008.15,True,True,False,False,True,False,False,182027.0,,,,0.95,2.01,1.12,False,4,True,,,,False,
6486,6486.T,イーグル工業,2022-08,NEW,1,52.52,81.35,True,True,28.83,2022-08,1171.0,1171.0,1171.0,0.0,1082.84,1018.35,1033.47,True,True,True,False,True,True,False,145837.0,1330.0,-11.95,False,1.51,2.42,1.03,False,3,True,9.41,6.74,False,False,
7224,7224.T,新明和工業,2022-08,CONTINUE,5,61.59,90.36,True,True,28.77,2022-04,912.0,1064.0,1064.0,16.67,902.68,904.35,,True,True,,,False,True,,137810.0,,,,0.87,1.41,1.01,False,1,False,,,,False,
9065,9065.T,山九,2022-08,CONTINUE,2,40.91,69.68,False,False,28.77,2022-07,4400.0,4295.0,4295.0,-2.39,4024.6,3889.33,4290.88,True,True,True,False,True,True,False,141880.0,,,,1.61,1.68,1.04,False,3,True,,,,False,
8219,8219.T,青山商事,2022-08,CONTINUE,4,59.0,87.72,True,True,28.72,2022-05,292.0,309.33,309.33,5.94,248.32,230.68,238.61,True,True,True,False,True,True,,1517530.0,,,,1.74,4.58,1.04,False,1,True,,,,False,
7955,7955.T,クリナップ,2022-08,CONTINUE,5,62.75,91.43,False,True,28.68,2022-04,525.0,617.0,617.0,17.52,523.88,533.36,,True,False,,,False,False,,34353.0,,,,1.01,1.36,0.91,True,1,False,,,,False,
8142,8142.T,トーホー,2022-08,CONTINUE,4,42.47,71.15,True,True,28.68,2022-05,385.67,451.33,451.33,17.03,375.99,365.21,439.09,True,True,False,False,True,True,,63230.0,,,,1.18,2.67,0.89,True,4,True,,,,False,
5976,5976.T,高周波熱錬,2022-08,CONTINUE,5,69.37,98.04,True,True,28.67,2022-04,589.0,689.0,689.0,16.98,578.88,589.2,,True,False,,,False,False,,146097.0,,,,0.99,1.77,1.06,False,1,False,,,,False,
9757,9757.T,船井総研ホールディングス,2022-08,CONTINUE,2,49.7,78.35,False,True,28.66,2022-07,1169.0,1197.5,1197.5,2.44,1128.28,1077.41,1190.51,True,True,False,False,True,True,False,129620.0,,,,0.82,1.78,0.97,True,4,True,,,,False,
9008,9008.T,京王電鉄,2022-08,CONTINUE,5,35.35,63.97,True,True,28.62,2022-04,999.0,1064.0,1064.0,6.51,979.36,998.2,,True,True,,,True,False,,2001250.0,,,,1.19,2.09,0.92,True,1,False,,,,False,
8098,8098.T,稲畑産業,2022-08,NEW,1,71.39,100.0,True,True,28.61,2022-08,2442.0,2442.0,2442.0,0.0,2395.0,2300.8,2063.37,True,True,True,True,True,True,True,189627.0,2525.0,-3.29,False,0.79,1.81,0.85,True,2,True,23.53,-0.94,False,False,
2432,2432.T,ディー・エヌ・エー,2022-08,CONTINUE,5,33.99,62.5,False,False,28.51,2022-04,1884.0,1908.0,1908.0,1.27,1907.92,1815.84,,False,True,,,True,True,,487573.0,,,,0.94,2.12,1.06,False,1,False,,,,False,
8014,8014.T,蝶理,2022-08,CONTINUE,5,65.53,94.04,True,True,28.51,2022-04,1910.0,2040.0,2040.0,6.81,1771.6,1775.2,,True,True,,,True,False,,23883.0,,,,1.89,2.06,1.3,False,1,True,,,,False,
7683,7683.T,ダブルエー,2022-08,NEW,1,38.45,66.91,True,True,28.46,2022-08,607.75,607.75,607.75,0.0,616.09,610.28,660.41,False,False,False,False,True,True,False,3827.0,916.25,-33.67,False,0.75,1.44,0.97,True,4,False,-9.0,-1.06,False,False,
9069,9069.T,センコーグループホールディングス,2022-08,CONTINUE,2,38.43,66.87,False,True,28.43,2022-07,918.0,954.0,954.0,3.92,901.68,873.77,920.33,True,True,False,False,True,False,False,358467.0,,,,0.76,1.37,0.9,True,4,True,,,,False,
8113,8113.T,ユニ・チャーム,2022-08,CONTINUE,3,56.71,85.04,False,False,28.33,2022-06,1513.33,1617.0,1617.0,6.85,1455.53,1453.33,1521.13,True,True,False,False,False,True,False,4028810.0,,,,1.11,2.03,1.15,False,4,True,,,,False,
2429,2429.T,ワールドホールディングス,2022-08,CONTINUE,3,45.28,73.59,False,True,28.31,2022-06,2212.0,2759.0,2759.0,24.73,2267.84,2306.13,2480.2,False,False,False,False,False,True,False,41280.0,,,,0.81,3.01,1.22,False,4,False,,,,False,
3289,3289.T,東急不動産ホールディングス,2022-08,CONTINUE,5,59.08,87.38,True,False,28.3,2022-04,677.0,751.0,751.0,10.93,674.0,653.56,,True,True,,,True,True,,2519243.0,,,,0.7,2.22,0.98,True,1,True,,,,False,
9364,9364.T,上組,2022-08,CONTINUE,5,71.7,100.0,False,True,28.3,2022-04,2210.0,2727.0,2727.0,23.39,2177.52,2199.75,,True,True,,,False,False,,298420.0,,,,0.97,1.8,1.01,False,1,False,,,,False,
4923,4923.T,コタ,2022-08,CONTINUE,3,66.72,95.0,False,True,28.28,2022-06,1189.3,1245.18,1245.18,4.7,1143.93,1130.9,1135.51,True,True,True,False,True,True,True,30390.0,,,,1.66,1.6,1.25,False,1,True,,,,False,
3543,3543.T,コメダホールディングス,2022-08,CONTINUE,5,60.12,88.34,False,True,28.21,2022-04,2238.0,2299.0,2299.0,2.73,2103.92,2090.67,,True,True,,,True,True,,265993.0,,,,1.12,1.94,1.11,False,1,True,,,,False,
6151,6151.T,日東工器,2022-08,CONTINUE,2,43.5,71.62,True,True,28.12,2022-07,1593.0,1652.0,1652.0,3.7,1539.08,1509.25,1645.61,True,True,False,False,True,False,False,18317.0,,,,1.25,1.97,1.0,True,4,True,,,,False,
2681,2681.T,ゲオホールディングス,2022-08,NEW,1,64.47,92.54,True,True,28.07,2022-08,1651.0,1651.0,1651.0,0.0,1510.84,1339.4,1293.13,True,True,True,True,True,True,True,216327.0,1712.0,-3.56,False,1.27,4.11,0.65,True,2,True,31.97,4.63,False,False,
7278,7278.T,エクセディ,2022-08,NEW,1,63.38,91.42,True,True,28.04,2022-08,1797.0,1797.0,1797.0,0.0,1794.44,1750.81,1683.24,True,True,True,True,True,True,True,146500.0,1886.0,-4.72,False,0.71,1.39,0.92,True,1,True,6.98,0.96,False,False,
8418,8418.T,山口フィナンシャルグループ,2022-08,NEW,1,71.96,100.0,True,True,28.04,2022-08,764.0,764.0,764.0,0.0,760.44,744.95,712.55,True,True,True,True,True,True,True,578717.0,776.0,-1.55,False,0.91,1.39,0.94,True,2,False,11.03,0.34,False,False,
4095,4095.T,日本パーカライジング,2022-08,CONTINUE,2,36.03,64.04,False,True,28.0,2022-07,955.0,964.0,964.0,0.94,936.24,913.89,1006.49,True,True,False,False,True,False,False,178720.0,,,,0.5,1.68,0.9,True,4,True,,,,False,
6544,6544.T,ｼﾞｬﾊﾟﾝｴﾚﾍﾞｰﾀｰｻｰﾋﾞｽﾎｰﾙﾃﾞｨﾝｸﾞｽ,2022-08,CONTINUE,2,37.87,65.84,True,True,27.97,2022-07,790.0,939.5,939.5,18.92,754.06,763.09,899.05,True,True,False,False,True,False,False,492053.0,,,,0.85,2.54,0.88,True,4,True,,,,False,
4208,4208.T,ＵＢＥ,2022-08,CONTINUE,5,39.43,67.26,True,True,27.83,2022-04,2016.0,2055.0,2055.0,1.93,1977.12,2042.81,,True,False,,,False,False,,489867.0,,,,0.88,1.79,1.02,False,1,True,,,,False,
8150,8150.T,三信電気,2022-08,NEW,1,37.16,64.95,True,True,27.79,2022-08,1723.0,1723.0,1723.0,0.0,1652.52,1593.85,1561.09,True,True,True,True,True,True,True,28140.0,1806.0,-4.6,False,0.55,1.56,0.68,True,2,True,7.0,2.86,False,False,
6908,6908.T,イリソ電子工業,2022-08,NEW,1,40.49,68.23,True,True,27.74,2022-08,4180.0,4180.0,4180.0,0.0,3769.92,3434.51,3813.18,True,True,True,False,True,True,False,138117.0,5500.0,-24.0,False,0.67,3.71,0.87,True,3,True,2.81,4.2,False,False,
7240,7240.T,ＮＯＫ,2022-08,CONTINUE,2,40.32,68.05,True,True,27.73,2022-07,1188.0,1243.0,1243.0,4.63,1154.88,1139.88,1203.62,True,True,False,False,False,True,False,471253.0,,,,0.67,2.23,0.81,True,4,True,,,,False,
9072,9072.T,ニッコンホールディングス,2022-08,CONTINUE,3,48.19,75.89,False,True,27.7,2022-06,1075.5,1182.5,1182.5,9.95,1042.46,1020.39,1068.6,True,True,True,False,True,False,False,274127.0,,,,1.57,1.7,1.0,False,3,True,,,,False,
4812,4812.T,電通総研,2022-08,CONTINUE,5,49.58,77.22,False,False,27.64,2022-04,1243.33,1518.33,1518.33,22.12,1275.13,1213.31,,False,True,,,True,True,,294630.0,,,,1.01,3.12,0.93,True,1,False,,,,False,
8387,8387.T,四国銀行,2022-08,NEW,1,72.45,100.0,True,True,27.55,2022-08,859.0,859.0,859.0,0.0,844.52,830.52,791.73,True,True,True,True,False,True,True,37497.0,859.0,0.0,False,0.8,1.06,0.85,True,2,True,12.08,1.38,False,False,
6330,6330.T,東洋エンジニアリング,2022-08,CONTINUE,3,48.87,76.42,True,False,27.54,2022-06,645.0,693.0,693.0,7.44,640.56,633.63,705.77,True,True,False,False,True,True,False,126197.0,,,,0.98,3.3,0.96,True,4,False,,,,False,
6240,6240.T,ヤマシンフィルタ,2022-08,CONTINUE,2,17.12,44.59,True,True,27.48,2022-07,330.0,341.0,341.0,3.33,324.32,326.04,422.43,True,True,False,False,True,False,False,334557.0,,,,0.73,2.51,0.93,True,4,True,,,,False,
3232,3232.T,三重交通グループホールディングス,2022-08,CONTINUE,5,52.96,80.43,True,True,27.47,2022-04,460.0,484.0,484.0,5.22,456.0,461.41,,True,False,,,False,False,,163100.0,,,,0.78,1.69,0.98,True,1,False,,,,False,
4343,4343.T,イオンファンタジー,2022-08,CONTINUE,6,72.6,100.0,True,True,27.4,2022-03,1924.0,3580.0,3580.0,86.07,1935.72,1931.35,,False,False,,,False,True,,66157.0,,,,0.41,2.34,0.72,True,1,False,,,,False,
7475,7475.T,アルビス,2022-08,CONTINUE,5,48.16,75.5,False,True,27.34,2022-04,2242.0,2311.0,2311.0,3.08,2238.52,2214.64,,True,True,,,True,True,,13910.0,,,,0.77,1.61,1.01,False,1,False,,,,False,
4554,4554.T,富士製薬工業,2022-08,CONTINUE,3,36.15,63.46,True,True,27.31,2022-06,944.0,1025.0,1025.0,8.58,939.44,953.81,1026.09,True,False,False,False,True,False,False,39290.0,,,,1.11,1.27,1.08,False,4,True,,,,False,
9021,9021.T,西日本旅客鉄道,2022-08,CONTINUE,5,36.32,63.63,True,True,27.31,2022-04,2422.0,2716.0,2716.0,12.14,2500.4,2478.35,,False,False,,,True,True,,2515300.0,,,,1.13,1.97,1.0,True,1,False,,,,False,
9989,9989.T,サンドラッグ,2022-08,CONTINUE,7,47.27,74.41,True,True,27.14,2022-02,3120.0,3410.0,3410.0,9.29,3009.32,3056.15,,True,True,,,True,False,,287630.0,,,,1.1,2.36,1.18,False,1,True,,,,False,
5949,5949.T,ユニプレス,2022-08,CONTINUE,5,52.53,79.63,True,True,27.1,2022-04,749.0,964.0,964.0,28.7,725.04,753.81,,True,False,,,True,False,,196277.0,,,,0.94,2.4,0.97,True,1,True,,,,False,
8439,8439.T,東京センチュリー,2022-08,CONTINUE,2,39.03,66.11,True,True,27.09,2022-07,1168.75,1250.0,1250.0,6.95,1148.7,1073.65,1268.84,True,True,False,False,True,True,False,853293.0,,,,0.8,2.48,0.98,True,4,True,,,,False,
8173,8173.T,Ｊｏｓｈｉｎ,2022-08,CONTINUE,5,22.79,49.87,False,True,27.08,2022-04,1990.0,1921.0,1921.0,-3.47,1938.64,2022.69,,True,False,,,False,False,,84347.0,,,,0.82,1.85,1.11,False,1,True,,,,False,
8130,8130.T,サンゲツ,2022-08,NEW,1,56.21,83.22,True,True,27.01,2022-08,1628.0,1628.0,1628.0,0.0,1631.2,1581.77,1574.07,False,True,True,True,True,True,True,143167.0,1698.0,-4.12,False,1.01,1.58,0.89,True,1,True,4.12,1.51,False,False,
3834,3834.T,朝日ネット,2022-08,CONTINUE,5,43.69,70.69,True,True,27.0,2022-04,583.0,636.0,636.0,9.09,579.2,594.13,,True,False,,,False,False,,51547.0,,,,0.98,1.53,1.0,False,1,False,,,,False,
7270,7270.T,ＳＵＢＡＲＵ,2022-08,CONTINUE,4,60.91,87.83,True,True,26.92,2022-05,2227.5,2535.5,2535.5,13.83,2050.78,1936.96,2061.01,True,True,True,False,True,False,,3660560.0,,,,0.95,3.04,0.88,True,1,True,,,,False,
9006,9006.T,京浜急行電鉄,2022-08,CONTINUE,8,54.36,81.18,True,False,26.83,2022-01,1172.0,1433.0,1433.0,22.27,1156.36,1203.01,,True,False,,,True,False,,707417.0,,,,0.88,2.18,1.09,False,1,False,,,,False,
1852,1852.T,淺沼組,2022-08,NEW,1,70.64,97.4,True,True,26.76,2022-08,564.6,564.6,564.6,0.0,543.64,535.81,530.81,True,True,True,True,True,True,True,661200.0,584.6,-3.42,False,0.69,1.78,1.18,False,2,True,10.53,2.33,False,False,
3028,3028.T,アルペン,2022-08,CONTINUE,3,32.96,59.66,False,True,26.7,2022-06,2021.0,2104.0,2104.0,4.11,1993.56,1984.11,2280.89,True,True,False,False,True,False,False,193967.0,,,,1.58,2.19,1.19,False,4,True,,,,False,
8151,8151.T,東陽テクニカ,2022-08,CONTINUE,3,66.26,92.86,True,True,26.6,2022-06,1110.0,1329.0,1329.0,19.73,1099.12,1063.75,1096.88,True,True,True,False,True,True,False,59260.0,,,,1.25,2.01,1.08,False,3,True,,,,False,
4784,4784.T,ＧＭＯインターネット,2022-08,CONTINUE,4,34.85,61.31,False,False,26.46,2022-05,407.0,435.0,435.0,6.88,404.76,402.69,431.21,True,True,False,False,True,False,,2947.0,,,,0.79,0.97,0.93,True,4,True,,,,False,
2301,2301.T,学情,2022-08,CONTINUE,4,41.97,68.42,True,True,26.45,2022-05,961.0,1157.0,1157.0,20.4,937.32,983.6,1090.09,True,False,False,False,False,False,,90070.0,,,,0.73,1.72,0.9,True,4,False,,,,False,
4410,4410.T,ハリマ化成グループ,2022-08,NEW,1,53.58,80.0,True,True,26.42,2022-08,930.0,930.0,930.0,0.0,866.72,796.53,805.58,True,True,True,False,True,True,True,132110.0,991.0,-6.16,False,0.48,1.96,1.12,False,1,True,14.51,4.24,False,False,
3963,3963.T,シンクロ・フード,2022-08,CONTINUE,3,57.76,83.91,True,True,26.15,2022-06,391.0,458.0,458.0,17.14,344.8,302.48,331.76,True,True,True,False,True,True,False,254793.0,,,,1.07,5.99,1.12,False,1,True,,,,False,
3391,3391.T,ツルハホールディングス,2022-08,CONTINUE,2,23.73,49.77,True,True,26.05,2022-07,1516.0,1550.0,1550.0,2.24,1508.08,1398.45,1905.26,True,True,False,False,True,False,False,2153367.0,,,,0.62,2.33,0.91,True,4,True,,,,False,
2229,2229.T,カルビー,2022-08,CONTINUE,3,55.11,81.13,False,True,26.02,2022-06,2736.0,2761.0,2761.0,0.91,2490.72,2431.83,2590.12,True,True,True,False,True,True,False,544860.0,,,,1.48,2.46,1.36,False,3,True,,,,False,
9960,9960.T,東テク,2022-08,CONTINUE,5,65.14,91.16,True,True,26.01,2022-04,883.33,1183.33,1183.33,33.96,778.52,795.11,,True,True,,,False,False,,45070.0,,,,1.77,4.02,1.37,False,1,True,,,,False,
2267,2267.T,ヤクルト本社,2022-08,CONTINUE,7,74.01,100.0,False,False,25.99,2022-02,3115.0,4115.0,4115.0,32.1,2991.0,2953.27,,True,True,,,True,True,,1258893.0,,,,1.05,2.81,1.16,False,1,True,,,,False,
6788,6788.T,日本トリム,2022-08,CONTINUE,2,15.99,41.98,False,True,25.99,2022-07,2467.0,2470.0,2470.0,0.12,2486.68,2433.47,2859.42,False,True,False,False,True,False,False,10587.0,,,,0.82,1.53,0.85,True,4,True,,,,False,
9605,9605.T,東映,2022-08,CONTINUE,4,42.32,68.22,True,True,25.9,2022-05,3692.0,3688.0,3688.0,-0.11,3488.88,3478.69,3780.17,True,True,False,False,True,True,,121683.0,,,,1.18,3.13,1.09,False,4,True,,,,False,
8850,8850.T,スターツコーポレーション,2022-08,CONTINUE,5,45.23,71.11,False,True,25.89,2022-04,2409.0,2684.0,2684.0,11.42,2392.0,2449.93,,True,False,,,False,False,,58557.0,,,,1.07,2.15,1.01,False,1,False,,,,False,
8714,8714.T,池田泉州ホールディングス,2022-08,CONTINUE,9,74.22,100.0,True,True,25.78,2021-12,170.0,221.0,221.0,30.0,159.84,162.31,,True,True,,,True,False,,2089137.0,,,,0.54,1.68,1.04,False,1,True,,,,False,
4613,4613.T,関西ペイント,2022-08,CONTINUE,2,33.84,59.56,True,True,25.72,2022-07,1900.0,2148.0,2148.0,13.05,1860.24,1767.48,2180.86,True,True,False,False,True,False,False,1229503.0,,,,0.81,2.53,0.84,True,4,True,,,,False,
6143,6143.T,ソディック,2022-08,CONTINUE,5,31.52,57.23,True,False,25.7,2022-04,730.0,810.0,810.0,10.96,741.4,767.2,,False,False,,,False,False,,321627.0,,,,1.2,2.15,0.99,True,1,False,,,,False,
6754,6754.T,アンリツ,2022-08,CONTINUE,5,33.8,59.38,True,True,25.59,2022-04,1643.0,1650.0,1650.0,0.43,1594.12,1604.36,,True,True,,,True,False,,1420030.0,,,,1.29,1.84,0.9,True,1,True,,,,False,
6324,6324.T,ハーモニック・ドライブ・システムズ,2022-08,CONTINUE,3,40.84,66.42,False,True,25.58,2022-06,3955.0,5120.0,5120.0,29.46,3448.0,3604.67,4470.07,True,True,False,False,True,False,False,403483.0,,,,1.4,4.01,0.98,True,4,True,,,,False,
2413,2413.T,エムスリー,2022-08,CONTINUE,3,25.96,51.53,False,False,25.56,2022-06,3898.0,4521.0,4521.0,15.98,3737.2,4074.39,5282.78,True,False,False,False,False,False,False,2976517.0,,,,1.25,4.04,1.02,False,4,True,,,,False,
3402,3402.T,東レ,2022-08,CONTINUE,2,55.59,81.14,True,True,25.55,2022-07,732.6,798.9,798.9,9.05,740.28,686.28,684.72,False,True,True,True,True,True,True,8011383.0,,,,0.55,2.17,0.72,True,1,False,,,,False,
7965,7965.T,象印マホービン,2022-08,CONTINUE,2,47.78,73.31,True,True,25.54,2022-07,1472.0,1604.0,1604.0,8.97,1462.8,1406.64,1472.05,True,True,False,False,True,True,False,116100.0,,,,0.46,2.04,0.75,True,4,True,,,,False,
7172,7172.T,ジャパンインベストメントアドバイザー,2022-08,CONTINUE,5,44.26,69.77,False,False,25.51,2022-04,736.18,839.75,839.75,14.07,747.64,714.08,,False,True,,,True,False,,92254.0,,,,0.82,2.11,0.95,True,1,True,,,,False,
7994,7994.T,オカムラ,2022-08,CONTINUE,3,42.24,67.73,False,False,25.49,2022-06,1212.0,1334.0,1334.0,10.07,1126.68,1152.65,1288.68,True,True,False,False,False,False,False,207527.0,,,,1.4,2.06,1.01,False,4,True,,,,False,
4973,4973.T,日本高純度化学,2022-08,CONTINUE,2,26.5,51.94,True,True,25.44,2022-07,2340.0,2416.0,2416.0,3.25,2301.64,2323.28,2505.02,True,True,False,False,False,False,False,13320.0,,,,1.74,1.87,1.14,False,4,True,,,,False,
8614,8614.T,東洋証券,2022-08,CONTINUE,5,74.62,100.0,True,True,25.38,2022-04,175.0,258.0,258.0,47.43,160.2,156.47,,True,True,,,True,True,,674987.0,,,,1.03,4.57,1.36,False,1,True,,,,False,
3612,3612.T,ワールド,2022-08,CONTINUE,5,45.11,70.45,False,True,25.33,2022-04,650.0,679.5,679.5,4.54,639.9,606.47,,True,True,,,True,True,,197813.0,,,,0.76,2.59,1.07,False,1,True,,,,False,
2914,2914.T,日本たばこ産業,2022-08,CONTINUE,2,66.31,91.6,True,True,25.29,2022-07,2387.5,2360.0,2360.0,-1.15,2373.32,2322.28,2285.21,True,True,True,True,False,True,True,5809527.0,,,,0.93,1.05,0.86,True,1,True,,,,False,
6961,6961.T,エンプラス,2022-08,CONTINUE,6,56.36,81.61,True,True,25.26,2022-03,2715.0,4235.0,4235.0,55.99,2609.48,2679.28,,True,True,,,False,False,,37597.0,,,,0.92,2.83,1.03,False,1,True,,,,False,
4180,4180.T,APPIER GROUP,2022-08,NEW,1,43.42,68.67,True,True,25.24,2022-08,1215.0,1215.0,1215.0,0.0,1049.84,911.36,1045.28,True,True,True,False,True,True,False,1012357.0,1972.0,-38.39,False,0.98,8.07,1.0,True,1,True,8.49,5.49,False,False,
7740,7740.T,タムロン,2022-08,CONTINUE,2,64.75,89.96,True,True,25.22,2022-07,358.25,381.25,381.25,6.42,334.51,310.87,315.99,True,True,True,False,True,True,False,823867.0,,,,2.04,2.68,1.02,False,1,True,,,,False,
7419,7419.T,ノジマ,2022-08,CONTINUE,5,51.2,76.41,True,True,25.21,2022-04,435.5,468.67,468.67,7.62,411.31,405.76,,True,True,,,True,True,,709700.0,,,,1.62,1.89,1.14,False,1,True,,,,False,
3679,3679.T,じげん,2022-08,CONTINUE,5,37.3,62.5,False,False,25.2,2022-04,308.0,339.0,339.0,10.06,303.84,296.03,,True,True,,,True,True,,392500.0,,,,0.76,2.23,0.86,True,1,True,,,,False,
4246,4246.T,ダイキョーニシカワ,2022-08,CONTINUE,2,39.56,64.74,True,True,25.19,2022-07,557.0,586.0,586.0,5.21,535.12,513.89,560.35,True,True,False,False,True,True,False,84130.0,,,,0.75,1.67,0.85,True,4,True,,,,False,
8214,8214.T,ＡＯＫＩホールディングス,2022-08,CONTINUE,5,53.73,78.87,True,True,25.14,2022-04,612.0,706.0,706.0,15.36,590.28,587.73,,True,True,,,True,False,,156787.0,,,,1.01,1.93,0.85,True,1,True,,,,False,
7611,7611.T,ハイデイ日高,2022-08,CONTINUE,8,61.54,86.67,False,False,25.12,2022-01,1654.0,2101.0,2101.0,27.03,1664.76,1645.71,,False,True,,,True,False,,143557.0,,,,1.3,1.9,0.77,True,1,False,,,,False,
7976,7976.T,三菱鉛筆,2022-08,CONTINUE,5,47.36,72.45,False,False,25.09,2022-04,1255.0,1399.0,1399.0,11.47,1255.4,1242.35,,False,True,,,False,True,,80527.0,,,,1.37,2.46,1.12,False,1,False,,,,False,
5142,5142.T,アキレス,2022-08,CONTINUE,9,49.04,74.03,False,False,24.99,2021-12,1249.0,1353.0,1353.0,8.33,1241.76,1300.32,,True,False,,,False,False,,18557.0,,,,0.98,1.51,0.94,True,1,True,,,,False,
1934,1934.T,ユアテック,2022-08,NEW,1,53.15,78.1,True,True,24.94,2022-08,751.0,751.0,751.0,0.0,744.08,721.63,690.97,True,True,True,True,True,True,True,44840.0,769.0,-2.34,False,0.6,1.52,0.9,True,2,True,9.86,1.05,False,False,
5802,5802.T,住友電気工業,2022-08,CONTINUE,4,47.12,72.06,True,True,24.94,2022-05,356.38,400.62,400.62,12.42,352.73,360.74,373.77,True,False,False,False,False,False,,9671147.0,,,,1.36,2.3,0.85,True,4,True,,,,False,
1871,1871.T,ピーエス・コンストラクション,2022-08,CONTINUE,4,55.63,80.56,True,True,24.92,2022-05,602.0,651.0,651.0,8.14,574.24,588.28,616.65,True,True,False,False,False,False,,134040.0,,,,0.95,1.57,0.94,True,4,True,,,,False,
8016,8016.T,オンワードホールディングス,2022-08,NEW,1,40.45,65.15,False,True,24.71,2022-08,276.0,276.0,276.0,0.0,262.4,257.77,273.45,True,True,True,False,True,True,False,665300.0,380.0,-27.37,False,0.97,1.94,0.98,True,3,True,-1.68,1.95,True,False,
6005,6005.T,三浦工業,2022-08,CONTINUE,4,23.39,48.09,True,False,24.7,2022-05,2903.0,2981.0,2981.0,2.69,2752.32,2947.61,3804.43,True,False,False,False,False,False,,980237.0,,,,2.62,3.52,0.89,True,4,True,,,,False,
5975,5975.T,東プレ,2022-08,NEW,1,33.65,58.33,True,True,24.68,2022-08,1247.0,1247.0,1247.0,0.0,1125.92,1066.35,1130.18,True,True,True,False,True,True,False,137143.0,1446.0,-13.76,False,1.17,2.96,1.0,False,3,True,7.62,9.65,False,False,
5020,5020.T,ＥＮＥＯＳホールディングス,2022-08,CONTINUE,5,62.53,87.19,False,True,24.66,2022-04,456.2,523.6,523.6,14.77,456.32,457.11,,False,False,,,False,True,,18105413.0,,,,0.95,1.56,0.95,True,1,False,,,,False,
8074,8074.T,ＹＵＡＳＡ,2022-08,CONTINUE,8,64.1,88.74,False,False,24.64,2022-01,2900.0,3515.0,3515.0,21.21,2925.2,2945.75,,False,False,,,True,False,,34473.0,,,,1.13,1.97,1.17,False,1,False,,,,False,
6999,6999.T,ＫＯＡ,2022-08,CONTINUE,4,67.47,92.09,True,True,24.63,2022-05,1705.0,2374.0,2374.0,39.24,1583.36,1447.65,1554.95,True,True,True,False,True,True,,317933.0,,,,0.69,2.35,0.75,True,3,True,,,,False,
9142,9142.T,九州旅客鉄道,2022-08,CONTINUE,5,66.51,91.14,True,True,24.62,2022-04,2554.0,2934.0,2934.0,14.88,2543.12,2508.33,,True,True,,,False,True,,1028273.0,,,,0.72,1.4,0.92,True,1,False,,,,False,
3387,3387.T,クリエイト・レストランツ・ホールディン,2022-08,CONTINUE,5,50.05,74.61,False,False,24.56,2022-04,406.0,456.5,456.5,12.44,374.6,365.21,,True,True,,,True,True,,2233773.0,,,,1.24,4.25,1.3,False,1,True,,,,False,
6810,6810.T,マクセル,2022-08,CONTINUE,3,64.9,89.39,True,True,24.48,2022-06,1325.0,1484.0,1484.0,12.0,1315.4,1226.12,1287.86,True,True,True,False,True,True,True,200760.0,,,,0.72,2.38,0.81,True,1,True,,,,False,
4568,4568.T,第一三共,2022-08,CONTINUE,5,75.53,100.0,True,True,24.47,2022-04,3262.0,4197.0,4197.0,28.66,2863.98,2646.39,,True,True,,,True,True,,4939267.0,,,,1.17,2.74,1.01,False,1,True,,,,False,
4709,4709.T,ＩＤホールディングス,2022-08,NEW,1,50.57,75.0,True,True,24.43,2022-08,453.0,453.0,453.0,0.0,442.82,427.35,426.93,True,True,True,True,True,True,False,39593.0,492.5,-8.02,False,0.75,1.5,0.96,True,3,True,3.47,1.16,False,False,
1961,1961.T,三機工業,2022-08,CONTINUE,5,65.35,89.74,False,True,24.39,2022-04,489.67,548.67,548.67,12.05,476.0,479.77,,True,True,,,False,False,,343160.0,,,,1.14,1.35,1.02,False,1,True,,,,False,
7981,7981.T,タカラスタンダード,2022-08,CONTINUE,2,38.44,62.67,True,True,24.23,2022-07,1330.0,1324.0,1324.0,-0.45,1305.48,1276.4,1356.96,True,True,False,False,True,True,False,130483.0,,,,0.59,1.38,0.99,True,4,True,,,,False,
4502,4502.T,武田薬品工業,2022-08,CONTINUE,6,53.57,77.76,False,False,24.19,2022-03,3498.0,3850.0,3850.0,10.06,3489.36,3357.16,,True,True,,,True,True,,5730867.0,,,,1.12,1.6,0.87,True,1,True,,,,False,
2281,2281.T,プリマハム,2022-08,CONTINUE,3,22.18,46.28,False,True,24.1,2022-06,2277.0,2175.0,2175.0,-4.48,2155.28,2176.28,2433.51,True,True,False,False,True,False,False,92747.0,,,,1.22,1.62,1.2,False,4,True,,,,False,
8185,8185.T,チヨダ,2022-08,CONTINUE,6,41.96,66.05,False,False,24.09,2022-03,736.0,788.0,788.0,7.07,710.32,742.08,,True,False,,,False,False,,77540.0,,,,0.57,1.99,0.81,True,1,True,,,,False,
3708,3708.T,特種東海製紙,2022-08,CONTINUE,2,25.97,50.0,True,True,24.03,2022-07,1056.67,1056.67,1056.67,0.0,1045.67,1078.02,1227.87,True,False,False,False,False,False,False,105270.0,,,,0.85,1.27,0.97,True,4,False,,,,False,
4548,4548.T,生化学工業,2022-08,CONTINUE,2,28.63,52.63,True,True,24.0,2022-07,861.0,884.0,884.0,2.67,854.48,828.12,904.77,True,True,False,False,True,False,False,98010.0,,,,0.68,1.72,0.87,True,4,True,,,,False,
4927,4927.T,ポーラ・オルビスホールディングス,2022-08,CONTINUE,3,19.31,43.31,False,True,24.0,2022-06,1671.0,1548.0,1548.0,-7.36,1586.28,1560.51,1915.99,True,True,False,False,True,False,False,1323840.0,,,,0.97,2.75,1.06,False,4,True,,,,False,
7943,7943.T,ニチハ,2022-08,CONTINUE,2,49.21,73.19,True,True,23.98,2022-07,2737.0,2785.0,2785.0,1.75,2665.96,2465.19,2713.21,True,True,True,False,True,True,False,63443.0,,,,0.91,1.95,1.01,False,3,True,,,,False,
9090,9090.T,ＡＺ－ＣＯＭ丸和ホールディングス,2022-08,CONTINUE,5,52.44,76.42,True,True,23.98,2022-04,1521.0,1681.0,1681.0,10.52,1300.76,1212.11,,True,True,,,True,False,,289777.0,,,,1.2,3.39,1.03,False,1,True,,,,False,
4694,4694.T,ビー・エム・エル,2022-08,CONTINUE,4,46.77,70.46,False,False,23.7,2022-05,3465.0,3575.0,3575.0,3.17,3346.0,3288.47,3712.07,True,True,False,False,True,False,,117733.0,,,,0.82,3.07,0.83,True,4,True,,,,False,
6457,6457.T,グローリー,2022-08,CONTINUE,2,46.26,69.94,False,True,23.68,2022-07,2205.0,2206.0,2206.0,0.05,2132.2,2065.67,2147.11,True,True,True,False,True,True,False,187737.0,,,,0.74,1.56,0.95,True,3,True,,,,False,
7085,7085.T,カーブスホールディングス,2022-08,CONTINUE,3,44.83,68.48,True,True,23.66,2022-06,660.0,830.0,830.0,25.76,672.12,709.47,773.75,False,False,False,False,False,False,False,192743.0,,,,0.81,2.65,1.03,False,4,False,,,,False,
6947,6947.T,図研,2022-08,CONTINUE,3,55.16,78.79,True,True,23.63,2022-06,3055.0,3525.0,3525.0,15.38,2899.96,2915.41,3401.88,True,True,False,False,True,False,False,63817.0,,,,1.12,2.84,1.07,False,4,True,,,,False,
9534,9534.T,北海道瓦斯,2022-08,CONTINUE,5,58.38,82.0,False,True,23.62,2022-04,301.8,326.4,326.4,8.15,296.27,299.3,,True,True,,,False,False,,123700.0,,,,1.19,1.09,1.06,False,1,True,,,,False,
9699,9699.T,ニシオホールディングス,2022-08,CONTINUE,2,43.91,67.46,True,True,23.56,2022-07,2867.0,2914.0,2914.0,1.64,2773.68,2751.33,2765.49,True,True,True,False,True,False,False,30943.0,,,,0.82,1.61,0.79,True,3,True,,,,False,
6651,6651.T,日東工業,2022-08,CONTINUE,7,71.44,94.96,False,True,23.52,2022-02,1612.0,2575.0,2575.0,59.74,1571.8,1578.67,,True,True,,,True,False,,47033.0,,,,1.07,1.76,1.0,False,1,True,,,,False,
4847,4847.T,インテリジェント   ウェイブ,2022-08,CONTINUE,7,71.29,94.79,True,True,23.5,2022-02,583.0,924.0,924.0,58.49,548.56,542.77,,True,True,,,True,False,,55350.0,,,,0.88,3.31,1.07,False,1,True,,,,False,
3087,3087.T,ドトール・日レスホールディングス,2022-08,CONTINUE,2,44.55,68.0,False,True,23.45,2022-07,1661.0,1613.0,1613.0,-2.89,1578.96,1524.13,1569.94,True,True,True,False,True,True,False,132380.0,,,,0.98,1.69,1.08,False,3,True,,,,False,
3771,3771.T,システムリサーチ,2022-08,CONTINUE,5,41.38,64.8,False,False,23.41,2022-04,1004.5,994.5,994.5,-1.0,952.52,916.83,,True,True,,,True,False,,20227.0,,,,1.11,2.01,1.07,False,1,True,,,,False,
6630,6630.T,ヤーマン,2022-08,CONTINUE,6,52.77,76.17,True,False,23.41,2022-03,1149.0,1617.0,1617.0,40.73,1035.44,964.63,,True,True,,,True,False,,726987.0,,,,0.91,5.32,0.97,True,1,True,,,,False,
6954,6954.T,ファナック,2022-08,CONTINUE,2,36.67,60.05,False,False,23.37,2022-07,4565.0,4507.0,4507.0,-1.27,4345.04,4197.08,4415.03,True,True,True,False,True,True,False,4102133.0,,,,1.17,2.62,1.01,False,3,True,,,,False,
2726,2726.T,パルグループホールディングス,2022-08,CONTINUE,3,65.61,88.97,False,True,23.36,2022-06,449.75,578.75,578.75,28.68,431.14,390.66,402.7,True,True,True,False,True,True,True,518213.0,,,,0.85,2.12,1.06,False,1,True,,,,False,
8111,8111.T,ゴールドウイン,2022-08,CONTINUE,5,65.68,88.97,False,False,23.29,2022-04,2183.33,2776.67,2776.67,27.18,2076.27,2041.02,,True,True,,,True,False,,252690.0,,,,1.01,2.17,0.99,True,1,True,,,,False,
4559,4559.T,ゼリア新薬工業,2022-08,CONTINUE,5,49.4,72.66,False,False,23.26,2022-04,1990.0,2083.0,2083.0,4.67,1937.76,1949.28,,True,True,,,False,False,,87350.0,,,,1.05,1.82,1.09,False,1,True,,,,False,
6986,6986.T,双葉電子工業,2022-08,CONTINUE,5,29.04,52.27,True,False,23.23,2022-04,665.0,663.0,663.0,-0.3,659.8,664.4,,True,True,,,True,False,,172390.0,,,,2.86,2.87,1.22,False,1,False,,,,False,
4552,4552.T,ＪＣＲファーマ,2022-08,CONTINUE,5,21.19,44.4,False,False,23.21,2022-04,2428.0,2176.0,2176.0,-10.38,2312.16,2161.93,,True,True,,,True,True,,397143.0,,,,1.04,3.14,1.05,False,1,True,,,,False,
3139,3139.T,ラクト・ジャパン,2022-08,CONTINUE,3,38.36,61.53,False,False,23.17,2022-06,2098.0,2255.0,2255.0,7.48,2053.84,2035.37,2276.09,True,True,False,False,True,True,False,33520.0,,,,0.72,2.25,1.12,False,4,True,,,,False,
5333,5333.T,ＮＧＫ,2022-08,CONTINUE,2,55.86,79.01,True,True,23.14,2022-07,1938.0,1999.0,1999.0,3.15,1877.16,1834.8,1850.65,True,True,True,False,False,True,False,1056803.0,,,,0.96,1.82,0.92,True,1,True,,,,False,
2922,2922.T,なとり,2022-08,NEW,1,65.4,88.48,False,True,23.09,2022-08,2096.0,2096.0,2096.0,0.0,2069.36,2037.43,2014.12,True,True,True,True,True,True,True,7453.0,2142.0,-2.15,False,0.9,1.33,0.8,True,2,True,4.74,0.29,False,False,
9715,9715.T,トランス・コスモス,2022-08,CONTINUE,3,64.13,87.22,True,True,23.09,2022-06,3485.0,3860.0,3860.0,10.76,3495.0,3267.4,3287.98,False,True,True,False,True,True,True,98253.0,,,,0.8,2.5,1.12,False,3,True,,,,False,
2791,2791.T,大黒天物産,2022-08,CONTINUE,4,37.95,61.03,True,True,23.07,2022-05,4635.0,5920.0,5920.0,27.72,4681.0,4856.8,5657.95,False,False,False,False,False,False,,57860.0,,,,1.99,2.64,0.99,True,4,False,,,,False,
7483,7483.T,ドウシシャ,2022-08,CONTINUE,5,36.2,59.26,False,False,23.05,2022-04,1532.0,1524.0,1524.0,-0.52,1500.92,1516.32,,True,True,,,False,False,,82753.0,,,,0.83,1.54,1.05,False,1,True,,,,False,
7607,7607.T,進和,2022-08,CONTINUE,5,50.89,73.94,False,False,23.05,2022-04,1987.0,2220.0,2220.0,11.73,1976.12,1987.96,,True,False,,,True,False,,21087.0,,,,0.87,1.81,0.72,True,1,False,,,,False,
6785,6785.T,鈴木,2022-08,CONTINUE,4,37.52,60.55,True,True,23.03,2022-05,831.0,843.0,843.0,1.44,770.16,779.64,844.29,True,True,False,False,True,False,,26370.0,,,,1.42,2.99,1.04,False,4,True,,,,False,
5947,5947.T,リンナイ,2022-08,CONTINUE,2,50.84,73.85,True,True,23.01,2022-07,3360.0,3573.33,3573.33,6.35,3239.07,2985.73,3312.27,True,True,True,False,True,True,False,576610.0,,,,0.97,1.76,0.88,True,3,True,,,,False,
1968,1968.T,太平電業,2022-08,CONTINUE,3,77.0,100.0,True,False,23.0,2022-06,983.67,1186.67,1186.67,20.64,922.04,902.03,913.18,True,True,True,False,True,True,True,119660.0,,,,1.53,2.09,1.12,False,1,True,,,,False,
5021,5021.T,コスモエネルギーホールディングス,2022-08,CONTINUE,6,77.1,100.0,False,False,22.9,2022-03,1315.0,2072.5,2072.5,57.6,1346.4,1229.84,,False,True,,,True,True,,2854933.0,,,,0.88,3.64,0.71,True,1,False,,,,False,
9984,9984.T,ソフトバンクグループ,2022-08,CONTINUE,5,27.27,50.16,True,False,22.89,2022-04,1317.25,1390.5,1390.5,5.56,1384.14,1314.89,,False,True,,,True,True,,69316213.0,,,,1.1,3.65,1.04,False,1,False,,,,False,
5011,5011.T,ニチレキグループ,2022-08,CONTINUE,3,53.45,76.33,False,True,22.87,2022-06,1298.0,1364.0,1364.0,5.08,1296.52,1247.47,1298.32,True,True,False,False,True,True,True,55840.0,,,,1.18,1.88,1.02,False,4,False,,,,False,
6184,6184.T,鎌倉新書,2022-08,CONTINUE,4,34.84,57.62,True,False,22.78,2022-05,542.0,663.0,663.0,22.32,568.4,553.49,718.8,False,False,False,False,False,True,,208887.0,,,,0.85,3.53,0.95,True,4,False,,,,False,
8584,8584.T,ジャックス,2022-08,CONTINUE,2,77.22,100.0,False,True,22.78,2022-07,3795.0,3845.0,3845.0,1.32,3490.6,3351.6,3163.51,True,True,True,True,True,True,True,82980.0,,,,1.4,1.86,1.19,False,2,True,,,,False,
6183,6183.T,ベルシステム２４ホールディングス,2022-08,CONTINUE,6,40.46,63.16,False,False,22.7,2022-03,1375.0,1490.0,1490.0,8.36,1325.24,1324.52,,True,True,,,False,False,,193447.0,,,,0.79,2.28,0.88,True,1,True,,,,False,
7294,7294.T,ヨロズ,2022-08,CONTINUE,3,28.85,51.45,True,True,22.6,2022-06,886.0,896.0,896.0,1.13,882.12,837.0,1001.32,True,True,False,False,True,False,False,62323.0,,,,0.9,2.88,0.96,True,4,True,,,,False,
6481,6481.T,ＴＨＫ,2022-08,CONTINUE,8,39.14,61.54,True,False,22.39,2022-01,2823.0,2853.0,2853.0,1.06,2847.84,2677.73,,False,True,,,True,True,,1057577.0,,,,0.93,3.61,1.12,False,1,False,,,,False,
2501,2501.T,サッポロホールディングス,2022-08,CONTINUE,5,73.12,95.5,False,True,22.38,2022-04,540.0,611.0,611.0,13.15,475.96,460.61,,True,True,,,True,True,,1493600.0,,,,2.39,2.01,1.27,False,1,True,,,,False,
1976,1976.T,明星工業,2022-08,NEW,1,51.86,74.19,True,True,22.33,2022-08,750.0,750.0,750.0,0.0,720.2,715.16,703.95,True,True,True,True,True,True,True,77520.0,805.0,-6.83,False,1.2,1.8,1.18,False,2,True,4.51,1.74,False,False,
2220,2220.T,亀田製菓,2022-08,CONTINUE,5,52.64,74.89,False,False,22.25,2022-04,1405.0,1513.33,1513.33,7.71,1353.47,1363.0,,True,True,,,False,False,,54740.0,,,,1.17,1.43,1.19,False,1,True,,,,False,
1964,1964.T,中外炉工業,2022-08,CONTINUE,5,34.32,56.51,True,False,22.2,2022-04,1478.0,1667.0,1667.0,12.79,1523.48,1571.69,,False,False,,,False,False,,32263.0,,,,1.75,2.32,1.14,False,1,False,,,,False,
8011,8011.T,三陽商会,2022-08,CONTINUE,3,47.79,69.97,False,True,22.18,2022-06,972.0,897.0,897.0,-7.72,904.8,830.45,867.55,True,True,True,False,True,True,True,75957.0,,,,1.94,4.05,0.99,True,1,True,,,,False,
1882,1882.T,東亜道路工業,2022-08,CONTINUE,5,73.72,95.76,False,True,22.04,2022-04,500.0,590.0,590.0,18.0,491.92,494.68,,True,True,,,False,True,,111433.0,,,,0.98,1.85,1.06,False,1,False,,,,False,
8934,8934.T,サンフロンティア不動産,2022-08,NEW,1,61.46,83.41,False,True,21.95,2022-08,1203.0,1203.0,1203.0,0.0,1161.0,1107.35,1061.48,True,True,True,True,True,True,True,99357.0,1263.0,-4.75,False,0.77,2.15,0.9,True,2,True,13.55,2.61,False,False,
2170,2170.T,リンクアンドモチベーション,2022-08,CONTINUE,3,45.72,67.62,False,False,21.89,2022-06,477.0,644.0,644.0,35.01,452.6,458.23,646.82,True,True,False,False,True,True,False,716013.0,,,,2.06,4.6,1.23,False,4,True,,,,False,
6674,6674.T,ジーエス・ユアサコーポレーション,2022-08,CONTINUE,2,41.86,63.72,True,True,21.86,2022-07,2416.0,2543.0,2543.0,5.26,2240.36,2192.52,2334.15,True,True,True,False,True,False,False,335127.0,,,,1.44,2.01,1.05,False,3,True,,,,False,
4432,4432.T,ウイングアーク１ｓｔ,2022-08,CONTINUE,3,41.81,63.66,False,False,21.85,2022-06,1558.0,1713.0,1713.0,9.95,1457.68,1359.61,1717.95,True,True,False,False,True,True,False,77523.0,,,,1.05,3.1,0.98,True,4,True,,,,False,
3201,3201.T,日本毛織,2022-08,CONTINUE,6,54.41,76.08,False,True,21.67,2022-03,892.0,1025.0,1025.0,14.91,879.08,896.27,,True,False,,,False,False,,132367.0,,,,0.84,1.92,0.89,True,1,True,,,,False,
9076,9076.T,セイノーホールディングス,2022-08,CONTINUE,5,27.18,48.81,True,True,21.63,2022-04,1062.0,1110.0,1110.0,4.52,1057.8,1123.24,,True,False,,,False,False,,484707.0,,,,1.12,2.37,1.0,False,1,False,,,,False,
3048,3048.T,ビックカメラ,2022-08,CONTINUE,6,52.24,73.77,False,False,21.53,2022-03,1082.0,1140.0,1140.0,5.36,1042.04,1004.33,,True,True,,,True,True,,834303.0,,,,0.63,1.7,1.04,False,1,True,,,,False,
2117,2117.T,ウェルネオシュガー,2022-08,NEW,1,55.4,76.92,False,True,21.52,2022-08,1763.0,1763.0,1763.0,0.0,1774.56,1761.01,1738.89,False,True,True,True,False,True,True,9340.0,1829.0,-3.61,False,0.63,1.12,0.93,True,2,True,1.55,-0.76,False,False,
9543,9543.T,静岡ガス,2022-08,CONTINUE,2,51.87,73.32,True,True,21.44,2022-07,942.0,1045.0,1045.0,10.93,918.4,879.68,956.92,True,True,False,False,True,True,False,213743.0,,,,1.87,2.41,0.86,True,4,True,,,,False,
8160,8160.T,木曽路,2022-08,CONTINUE,3,41.75,63.17,False,False,21.42,2022-06,2183.0,2176.0,2176.0,-0.32,2143.76,2090.36,2167.14,True,True,True,False,True,False,False,91840.0,,,,0.86,1.38,1.1,False,3,True,,,,False,
4668,4668.T,明光ネットワークジャパン,2022-08,CONTINUE,6,54.52,75.93,False,False,21.41,2022-03,580.0,608.0,608.0,4.83,564.8,564.83,,True,True,,,False,True,,54383.0,,,,0.96,1.51,0.95,True,1,True,,,,False,
6473,6473.T,ジェイテクト,2022-08,CONTINUE,4,33.48,54.88,True,True,21.41,2022-05,981.0,985.0,985.0,0.41,945.04,948.03,990.1,True,True,False,False,True,False,,1260163.0,,,,0.84,2.26,0.78,True,4,True,,,,False,
1888,1888.T,若築建設,2022-08,CONTINUE,3,76.11,97.51,False,True,21.4,2022-06,2223.0,2488.0,2488.0,11.92,2110.68,2004.53,1964.24,True,True,True,True,True,True,True,31807.0,,,,1.36,2.88,1.03,False,1,True,,,,False,
7211,7211.T,三菱自動車工業,2022-08,CONTINUE,4,77.02,98.31,True,True,21.28,2022-05,385.0,559.0,559.0,45.19,355.36,322.6,325.91,True,True,True,False,True,True,,17632173.0,,,,0.92,3.69,0.91,True,1,True,,,,False,
7956,7956.T,ピジョン,2022-08,CONTINUE,5,23.6,44.82,True,True,21.22,2022-04,2217.0,2083.0,2083.0,-6.04,2123.44,2174.91,,True,True,,,True,False,,646143.0,,,,1.06,2.85,1.08,False,1,True,,,,False,
6798,6798.T,ＳＭＫ,2022-08,CONTINUE,8,50.0,71.2,True,True,21.2,2022-01,2144.0,2465.0,2465.0,14.97,2199.6,2277.49,,False,False,,,False,False,,13857.0,,,,1.63,3.22,0.99,True,1,False,,,,False,
2874,2874.T,横浜冷凍,2022-08,CONTINUE,6,56.52,77.69,True,True,21.16,2022-03,857.0,924.0,924.0,7.82,866.48,853.99,,False,True,,,True,True,,92057.0,,,,1.03,1.55,0.92,True,1,False,,,,False,
6572,6572.T,オープングループ,2022-08,CONTINUE,5,14.08,35.22,False,False,21.14,2022-04,364.0,310.0,310.0,-14.84,351.48,339.24,,True,True,,,True,False,,178743.0,,,,1.25,5.53,1.23,False,1,True,,,,False,
9997,9997.T,ベルーナ,2022-08,CONTINUE,6,32.13,53.27,True,False,21.14,2022-03,726.0,740.0,740.0,1.93,702.24,714.05,,True,True,,,False,False,,279883.0,,,,1.37,2.55,0.96,True,1,True,,,,False,
1802,1802.T,大林組,2022-08,NEW,1,58.38,79.46,True,True,21.08,2022-08,966.0,966.0,966.0,0.0,962.24,956.64,928.47,True,True,True,True,False,True,False,2121303.0,997.0,-3.11,False,0.91,1.25,0.84,True,3,False,4.21,0.57,False,False,
7327,7327.T,第四北越フィナンシャルグループ,2022-08,NEW,1,57.28,78.37,True,True,21.08,2022-08,437.17,437.17,437.17,0.0,430.26,421.1,425.47,True,True,True,False,True,True,False,270320.0,474.5,-7.87,False,0.97,1.21,0.98,True,1,True,3.77,1.26,False,False,
9602,9602.T,東宝,2022-08,CONTINUE,3,61.23,82.3,False,True,21.07,2022-06,981.0,1062.0,1062.0,8.26,990.76,967.24,993.66,False,True,False,False,True,True,True,1472667.0,,,,1.12,2.16,0.92,True,4,False,,,,False,
8237,8237.T,松屋,2022-08,CONTINUE,4,47.9,68.97,False,False,21.06,2022-05,823.0,888.0,888.0,7.9,767.24,742.23,856.12,True,True,False,False,True,True,,210360.0,,,,1.96,3.27,0.83,True,4,True,,,,False,
6268,6268.T,ナブテスコ,2022-08,CONTINUE,5,34.2,55.17,True,True,20.97,2022-04,2978.0,3325.0,3325.0,11.65,3142.24,3251.23,,False,False,,,True,False,,730957.0,,,,1.31,3.45,1.05,False,1,False,,,,False,
9621,9621.T,建設技術研究所,2022-08,CONTINUE,3,59.85,80.77,True,False,20.92,2022-06,1296.5,1306.5,1306.5,0.77,1248.36,1182.2,1223.53,True,True,True,False,True,True,True,48827.0,,,,1.44,2.6,1.18,False,1,True,,,,False,
1377,1377.T,サカタのタネ,2022-08,CONTINUE,6,79.12,100.0,True,False,20.88,2022-03,3710.0,5170.0,5170.0,39.35,3568.0,3404.67,,True,True,,,True,True,,101693.0,,,,1.08,1.7,0.93,True,1,True,,,,False,
1803,1803.T,清水建設,2022-08,CONTINUE,4,40.61,61.48,True,True,20.87,2022-05,685.0,766.0,766.0,11.82,689.76,733.45,769.65,False,False,False,False,False,False,,3108553.0,,,,1.13,2.35,0.69,True,4,False,,,,False,
256A,256A.T,飛島ホールディングス,2022-08,NEW,1,52.4,73.27,True,True,20.87,2022-08,1079.0,1079.0,1079.0,0.0,1075.56,1038.29,1040.22,True,True,True,False,True,True,False,47940.0,1158.0,-6.82,False,0.83,1.39,0.8,True,1,True,2.99,1.24,False,False,
8075,8075.T,神鋼商事,2022-08,NEW,1,77.57,98.41,True,True,20.84,2022-08,1390.0,1390.0,1390.0,0.0,1355.6,1295.93,1215.37,True,True,True,True,True,True,True,79510.0,1425.0,-2.46,False,0.67,1.72,0.69,True,2,True,18.71,-0.51,False,False,
7649,7649.T,スギホールディングス,2022-08,CONTINUE,3,24.29,45.04,True,True,20.75,2022-06,1983.33,1973.33,1973.33,-0.5,1783.07,1858.31,2242.72,True,True,False,False,True,False,False,724910.0,,,,1.77,2.95,1.18,False,4,True,,,,False,
7269,7269.T,スズキ,2022-08,NEW,1,52.17,72.87,True,True,20.7,2022-08,1219.75,1219.75,1219.75,0.0,1169.87,1070.36,1099.42,True,True,True,False,True,True,False,5900773.0,1380.0,-11.61,False,0.74,1.85,0.8,True,3,True,10.92,2.06,False,False,
9627,9627.T,アインホールディングス,2022-08,CONTINUE,5,58.41,79.06,True,True,20.65,2022-04,5840.0,7970.0,7970.0,36.47,6054.4,6060.8,,False,False,,,False,True,,131517.0,,,,2.28,3.05,1.07,False,1,False,,,,False,
8255,8255.T,アクシアル   リテイリング,2022-08,CONTINUE,6,44.13,64.74,True,True,20.61,2022-03,800.0,870.0,870.0,8.75,819.85,824.23,,False,False,,,True,False,,91160.0,,,,1.12,2.48,1.14,False,1,True,,,,False,
9682,9682.T,ＤＴＳ,2022-08,CONTINUE,5,74.5,95.11,True,True,20.61,2022-04,712.25,900.0,900.0,26.36,683.0,663.14,,True,True,,,True,True,,296627.0,,,,1.35,1.65,0.91,True,1,True,,,,False,
9045,9045.T,京阪ホールディングス,2022-08,CONTINUE,8,53.06,73.49,True,True,20.43,2022-01,2651.0,3540.0,3540.0,33.53,2667.08,2778.37,,False,False,,,True,False,,404487.0,,,,1.13,2.5,1.08,False,1,True,,,,False,
9991,9991.T,ジェコス,2022-08,CONTINUE,7,41.21,61.64,False,True,20.43,2022-02,822.0,820.0,820.0,-0.24,811.12,806.13,,True,True,,,True,False,,20983.0,,,,0.87,1.67,1.13,False,1,True,,,,False,
8132,8132.T,シナネンホールディングス,2022-08,NEW,1,62.91,83.33,False,True,20.42,2022-08,3835.0,3835.0,3835.0,0.0,3747.6,3541.93,3423.07,True,True,True,True,True,True,True,12827.0,3925.0,-2.29,False,0.88,1.9,0.89,True,1,True,12.25,-0.51,False,False,
6140,6140.T,旭ダイヤモンド工業,2022-08,CONTINUE,2,70.95,91.23,True,True,20.28,2022-07,644.0,779.0,779.0,20.96,630.48,599.0,617.71,True,True,True,False,True,True,True,179477.0,,,,0.72,1.67,0.86,True,3,True,,,,False,
4022,4022.T,ラサ工業,2022-08,CONTINUE,4,63.38,83.61,True,True,20.23,2022-05,385.0,479.2,479.2,24.47,333.76,318.34,342.66,True,True,True,False,True,True,,494817.0,,,,0.81,3.29,0.77,True,1,True,,,,False,
7733,7733.T,オリンパス,2022-08,CONTINUE,2,75.67,95.9,True,True,20.22,2022-07,2818.0,3010.0,3010.0,6.81,2755.96,2634.45,2500.05,True,True,True,True,True,True,True,3924753.0,,,,0.89,2.45,1.01,False,1,True,,,,False,
9759,9759.T,ＮＳＤ,2022-08,CONTINUE,3,79.78,100.0,False,False,20.22,2022-06,2365.0,2513.0,2513.0,6.26,2345.28,2266.95,2156.2,True,True,True,True,True,True,True,189380.0,,,,0.82,2.42,1.09,False,2,True,,,,False,
1813,1813.T,不動テトラ,2022-08,CONTINUE,3,39.42,59.53,False,False,20.12,2022-06,1542.0,1571.0,1571.0,1.88,1585.6,1560.36,1641.49,False,False,False,False,True,True,False,40473.0,,,,1.37,1.7,1.08,False,4,False,,,,False,
4565,4565.T,ネクセラファーマ,2022-08,CONTINUE,2,48.28,68.37,True,True,20.09,2022-07,1430.0,1746.0,1746.0,22.1,1229.52,1203.87,1511.48,True,True,False,False,True,False,False,873063.0,,,,1.84,3.79,1.06,False,4,True,,,,False,
7013,7013.T,ＩＨＩ,2022-08,CONTINUE,5,66.78,86.85,True,False,20.08,2022-04,423.43,533.57,533.57,26.01,420.7,383.07,,True,True,,,True,True,,8969240.0,,,,1.24,2.85,1.1,False,1,True,,,,False,
4951,4951.T,エステー,2022-08,CONTINUE,6,34.86,54.84,False,True,19.98,2022-03,1527.0,1545.0,1545.0,1.18,1522.52,1525.68,,True,True,,,False,False,,32250.0,,,,1.53,1.46,0.98,True,1,False,,,,False,
5989,5989.T,エイチワン,2022-08,NEW,1,30.03,50.0,True,True,19.97,2022-08,608.0,608.0,608.0,0.0,616.12,607.77,626.75,False,True,False,False,True,True,False,36363.0,768.0,-20.83,False,0.78,1.49,0.81,True,4,False,-5.69,0.82,False,False,
2127,2127.T,日本Ｍ＆Ａセンターホールディングス,2022-08,CONTINUE,2,31.81,51.77,False,False,19.96,2022-07,1765.0,1749.0,1749.0,-0.91,1588.48,1497.11,2154.74,True,True,False,False,True,False,False,2656097.0,,,,0.88,3.69,0.82,True,4,True,,,,False,
7421,7421.T,カッパ・クリエイト,2022-08,CONTINUE,7,45.75,65.69,False,False,19.93,2022-02,1387.0,1417.0,1417.0,2.16,1357.12,1355.95,,True,True,,,True,False,,79753.0,,,,1.59,1.35,0.94,True,1,True,,,,False,
6349,6349.T,小森コーポレーション,2022-08,CONTINUE,5,46.51,66.42,False,False,19.92,2022-04,739.0,772.0,772.0,4.47,711.48,717.21,,True,True,,,False,False,,91957.0,,,,1.15,2.15,1.09,False,1,True,,,,False,
3088,3088.T,マツキヨココカラ＆カンパニー,2022-08,CONTINUE,4,57.44,77.32,True,True,19.88,2022-05,1650.0,1846.67,1846.67,11.92,1515.8,1461.84,1532.94,True,True,True,False,True,True,,2185820.0,,,,1.08,4.03,0.8,True,3,True,,,,False,
5957,5957.T,日東精工,2022-08,CONTINUE,2,47.76,67.54,True,True,19.79,2022-07,517.0,543.0,543.0,5.03,495.28,493.69,546.75,True,True,False,False,True,True,False,54427.0,,,,1.95,1.7,0.89,True,4,True,,,,False,
7447,7447.T,ナガイレーベン,2022-08,CONTINUE,3,22.87,42.62,False,True,19.75,2022-06,1892.0,1954.0,1954.0,3.28,1899.8,1940.69,2180.36,False,False,False,False,False,False,False,32683.0,,,,1.29,2.3,1.06,False,4,False,,,,False,
8242,8242.T,エイチ・ツー・オー   リテイリング,2022-08,CONTINUE,5,55.08,74.73,False,False,19.64,2022-04,847.0,982.0,982.0,15.94,862.08,839.72,,False,True,,,True,True,,370747.0,,,,0.88,2.23,0.95,True,1,True,,,,False,
8267,8267.T,イオン,2022-08,CONTINUE,2,39.5,59.05,False,True,19.55,2022-07,893.0,907.5,907.5,1.62,846.39,807.89,854.36,True,True,True,False,True,False,False,7711820.0,,,,0.61,1.49,0.7,True,3,True,,,,False,
8050,8050.T,セイコーグループ,2022-08,CONTINUE,4,67.49,87.01,False,True,19.52,2022-05,1300.0,1440.5,1440.5,10.81,1171.82,1132.35,1132.1,True,True,True,True,True,True,,305133.0,,,,1.72,3.76,0.95,True,1,True,,,,False,
6376,6376.T,日機装,2022-08,CONTINUE,5,45.6,65.1,True,True,19.5,2022-04,810.0,1019.0,1019.0,25.8,846.12,819.6,,False,False,,,True,True,,341750.0,,,,0.84,2.37,0.88,True,1,False,,,,False,
8798,8798.T,アドバンスクリエイト,2022-08,NEW,1,59.17,78.67,False,True,19.49,2022-08,1080.0,1080.0,1080.0,0.0,1043.08,988.28,997.55,True,True,True,False,True,True,False,39413.0,1160.0,-6.9,False,0.71,1.69,1.06,False,1,True,11.6,3.51,False,False,
9044,9044.T,ＮＡＮＫＡＩ,2022-08,CONTINUE,8,63.48,82.93,True,True,19.46,2022-01,2269.0,2776.0,2776.0,22.34,2202.08,2198.19,,True,True,,,True,False,,195930.0,,,,1.03,1.99,1.07,False,1,True,,,,False,
3231,3231.T,野村不動産ホールディングス,2022-08,CONTINUE,5,65.6,85.04,True,True,19.44,2022-04,631.0,685.0,685.0,8.56,600.97,567.47,,True,True,,,True,True,,3206733.0,,,,1.51,2.33,1.15,False,1,True,,,,False,
6390,6390.T,加藤製作所,2022-08,CONTINUE,5,25.87,45.28,False,False,19.42,2022-04,773.0,773.0,773.0,0.0,781.08,807.29,,False,False,,,False,False,,29880.0,,,,0.69,1.88,0.92,True,1,False,,,,False,
7095,7095.T,ＭａｃｂｅｅＰｌａｎｅｔ,2022-08,CONTINUE,3,48.7,68.11,False,False,19.41,2022-06,1477.5,1927.5,1927.5,30.46,1538.1,1496.3,1778.09,False,False,False,False,True,True,False,197893.0,,,,1.04,6.85,1.06,False,4,False,,,,False,
9434,9434.T,ソフトバンク,2022-08,CONTINUE,4,57.39,76.78,False,True,19.39,2022-05,148.0,152.95,152.95,3.34,148.76,147.23,149.34,False,True,False,False,True,True,,93782467.0,,,,1.48,1.72,0.83,True,4,False,,,,False,
7276,7276.T,小糸製作所,2022-08,NEW,1,22.37,41.74,True,True,19.37,2022-08,2392.5,2392.5,2392.5,0.0,2315.5,2296.77,2654.74,True,True,False,False,True,True,False,937667.0,3690.0,-35.16,False,0.78,2.31,0.94,True,4,True,-15.72,-0.48,False,False,
8081,8081.T,カナデン,2022-08,CONTINUE,10,51.56,70.93,True,True,19.37,2021-11,986.0,1063.0,1063.0,7.81,1038.64,1037.05,,False,False,,,True,,,15050.0,,,,1.04,1.62,0.83,True,1,False,,,,False,
5929,5929.T,三和ホールディングス,2022-08,CONTINUE,4,51.2,70.55,False,False,19.35,2022-05,1236.0,1385.0,1385.0,12.06,1205.28,1212.03,1295.7,True,True,False,False,True,False,,616910.0,,,,0.94,3.46,0.69,True,4,True,,,,False,
5195,5195.T,バンドー化学,2022-08,CONTINUE,2,64.93,84.13,False,True,19.2,2022-07,965.0,1012.0,1012.0,4.87,948.52,899.61,887.93,True,True,True,True,True,True,False,60783.0,,,,0.78,1.75,0.85,True,1,True,,,,False,
2217,2217.T,モロゾフ,2022-08,CONTINUE,12,80.17,99.35,True,False,19.18,2021-09,940.0,1260.0,1260.0,34.04,923.53,,,True,,,,True,,,20620.0,,,,1.18,1.13,1.02,False,1,True,,,,False,
5233,5233.T,太平洋セメント,2022-08,CONTINUE,3,37.9,57.06,True,True,19.16,2022-06,2025.0,2089.0,2089.0,3.16,1988.56,2001.63,2210.51,True,True,False,False,False,False,False,682137.0,,,,0.81,2.36,0.91,True,4,True,,,,False,
9279,9279.T,ギフトホールディングス,2022-08,CONTINUE,2,58.27,77.43,True,True,19.16,2022-07,1328.5,1520.0,1520.0,14.41,1169.5,1126.77,1229.51,True,True,True,False,True,True,False,154280.0,,,,1.36,2.73,1.02,False,3,True,,,,False,
4612,4612.T,日本ペイントホールディングス,2022-08,CONTINUE,8,31.68,50.79,True,True,19.1,2022-01,909.0,1086.0,1086.0,19.47,1064.4,1174.44,,False,False,,,False,False,,6722360.0,,,,0.92,5.39,0.77,True,1,False,,,,False,
9081,9081.T,神奈川中央交通,2022-08,CONTINUE,9,55.25,74.31,True,True,19.06,2021-12,3440.0,3735.0,3735.0,8.58,3345.4,3429.0,,True,True,,,False,False,,3930.0,,,,0.97,1.6,0.89,True,1,True,,,,False,
7613,7613.T,シークス,2022-08,CONTINUE,2,37.31,56.35,True,True,19.04,2022-07,966.0,1117.0,1117.0,15.63,956.04,1003.8,1159.71,True,False,False,False,False,False,False,113713.0,,,,0.65,1.8,0.92,True,4,False,,,,False,
2335,2335.T,キューブシステム,2022-08,CONTINUE,3,49.89,68.92,False,False,19.03,2022-06,904.0,1044.0,1044.0,15.49,916.24,910.59,956.86,False,False,False,False,True,False,False,21087.0,,,,1.1,1.79,0.96,True,4,False,,,,False,
3923,3923.T,ラクス,2022-08,NEW,1,32.03,50.99,False,True,18.96,2022-08,839.5,839.5,839.5,0.0,926.68,835.93,1037.88,False,True,False,False,True,True,False,4159147.0,2387.5,-64.84,False,0.83,5.81,0.88,True,4,False,-20.5,-7.92,False,False,
4662,4662.T,フォーカスシステムズ,2022-08,CONTINUE,2,47.02,65.97,False,True,18.95,2022-07,930.0,1007.0,1007.0,8.28,910.4,905.91,945.14,True,True,False,False,True,False,False,22950.0,,,,0.8,1.49,1.11,False,4,True,,,,False,
1375,1375.T,ユキグニファクトリー,2022-08,CONTINUE,4,20.4,39.33,True,True,18.93,2022-05,851.0,1039.0,1039.0,22.09,955.6,1104.72,1288.1,False,False,False,False,False,False,,206867.0,,,,1.87,2.76,0.78,True,4,False,,,,False,
3836,3836.T,アバントグループ,2022-08,CONTINUE,4,46.09,64.94,False,False,18.85,2022-05,1332.0,1517.0,1517.0,13.89,1208.96,1188.16,1313.93,True,True,True,False,False,True,,81103.0,,,,0.9,4.31,1.01,False,3,True,,,,False,
547A,547A.T,ムニノバホールディングス,2022-08,CONTINUE,2,52.34,71.08,False,True,18.74,2022-07,389.0,394.0,394.0,1.29,370.0,361.15,361.81,True,True,True,False,True,True,True,2588060.0,,,,1.33,2.28,1.2,False,1,True,,,,False,
7989,7989.T,立川ブラインド工業,2022-08,CONTINUE,5,31.06,49.8,False,False,18.74,2022-04,1042.0,1064.0,1064.0,2.11,1074.04,1072.61,,False,False,,,True,False,,17710.0,,,,1.99,2.89,1.12,False,1,False,,,,False,
4044,4044.T,セントラル硝子,2022-08,CONTINUE,5,81.3,100.0,True,False,18.7,2022-04,2391.0,3370.0,3370.0,40.95,2261.52,2139.97,,True,True,,,True,True,,97813.0,,,,0.78,1.7,0.84,True,1,True,,,,False,
7860,7860.T,エイベックス,2022-08,CONTINUE,3,47.88,66.57,False,True,18.69,2022-06,1348.0,1572.0,1572.0,16.62,1265.08,1325.4,1438.07,True,True,False,False,True,False,False,403467.0,,,,0.72,3.13,0.86,True,4,True,,,,False,
3817,3817.T,ＳＲＡホールディングス,2022-08,NEW,1,62.91,81.57,False,True,18.66,2022-08,2964.0,2964.0,2964.0,0.0,2962.96,2875.48,2851.94,True,True,True,True,True,True,True,15037.0,3100.0,-4.39,False,0.59,1.39,0.84,True,1,True,4.85,-0.33,False,False,
9302,9302.T,三井倉庫ホールディングス,2022-08,CONTINUE,6,69.85,88.43,True,True,18.59,2022-03,837.0,1125.0,1125.0,34.41,799.91,797.69,,True,True,,,True,True,,309840.0,,,,1.02,2.49,0.99,True,1,True,,,,False,
6501,6501.T,日立製作所,2022-08,CONTINUE,3,57.57,76.12,False,False,18.55,2022-06,1287.6,1399.2,1399.2,8.67,1338.72,1258.64,1275.69,False,True,True,False,True,True,True,13093650.0,,,,1.15,2.74,1.17,False,3,False,,,,False,
3939,3939.T,カナミックネットワーク,2022-08,CONTINUE,5,40.15,58.7,False,False,18.54,2022-04,506.0,554.0,554.0,9.49,520.24,479.31,,False,True,,,True,True,,72353.0,,,,1.36,2.63,0.97,True,1,False,,,,False,
5408,5408.T,中山製鋼所,2022-08,NEW,1,67.47,86.01,True,True,18.54,2022-08,549.0,549.0,549.0,0.0,528.44,461.24,447.55,True,True,True,True,True,True,True,881930.0,582.0,-5.67,False,0.45,2.49,0.57,True,2,True,26.26,0.48,False,False,
6498,6498.T,キッツ,2022-08,CONTINUE,2,55.66,74.16,True,True,18.5,2022-07,701.0,816.0,816.0,16.41,668.28,667.31,691.8,True,True,True,False,False,False,False,205870.0,,,,1.51,1.78,0.97,True,3,True,,,,False,
2296,2296.T,伊藤ハム米久ホールディングス,2022-08,NEW,1,43.65,62.14,True,True,18.48,2022-08,3370.0,3370.0,3370.0,0.0,3357.6,3364.13,3342.7,True,True,True,False,False,True,False,74433.0,3865.0,-12.81,False,0.8,1.08,0.93,True,3,False,-0.58,0.76,False,False,
3291,3291.T,飯田グループホールディングス,2022-08,CONTINUE,2,33.04,51.48,True,False,18.44,2022-07,2174.0,2123.0,2123.0,-2.35,2122.36,2076.73,2324.12,True,True,False,False,True,False,False,560067.0,,,,1.02,1.81,0.96,True,4,True,,,,False,
2678,2678.T,アスクル,2022-08,CONTINUE,7,53.63,72.05,True,True,18.42,2022-02,1657.0,1847.0,1847.0,11.47,1563.04,1502.69,,True,True,,,True,True,,660047.0,,,,0.67,2.67,0.86,True,1,True,,,,False,
7184,7184.T,富山第一銀行,2022-08,CONTINUE,12,81.62,100.0,True,True,18.38,2021-09,296.0,422.0,422.0,42.57,300.28,,,False,,,,True,,,91280.0,,,,1.47,2.51,1.28,False,1,True,,,,False,
9001,9001.T,東武鉄道,2022-08,CONTINUE,6,63.39,81.6,True,False,18.21,2022-03,2979.0,3295.0,3295.0,10.61,2909.88,2784.12,,True,True,,,True,True,,587560.0,,,,1.43,2.05,0.96,True,1,True,,,,False,
5938,5938.T,ＬＩＸＩＬ,2022-08,CONTINUE,3,41.8,59.97,False,False,18.17,2022-06,2540.0,2439.0,2439.0,-3.98,2516.48,2383.12,2706.16,True,True,False,False,True,True,False,1189033.0,,,,0.86,2.38,1.0,False,4,True,,,,False,
4820,4820.T,イーエムシステムズ,2022-08,CONTINUE,7,58.46,76.59,False,False,18.13,2022-02,720.0,1025.0,1025.0,42.36,675.84,720.44,,True,False,,,False,False,,68443.0,,,,1.35,2.67,0.91,True,1,True,,,,False,
4392,4392.T,ＦＩＧ,2022-08,CONTINUE,3,72.16,90.24,True,True,18.09,2022-06,325.0,392.0,392.0,20.62,311.68,297.11,299.62,True,True,True,False,True,True,True,155940.0,,,,0.71,2.7,0.87,True,2,True,,,,False,
8393,8393.T,宮崎銀行,2022-08,NEW,1,63.78,81.85,True,True,18.08,2022-08,445.6,445.6,445.6,0.0,429.22,417.54,417.52,True,True,True,True,True,True,True,95700.0,462.2,-3.59,False,0.86,1.02,1.05,False,2,True,9.15,2.62,False,False,
6454,6454.T,マックス,2022-08,NEW,1,57.65,75.72,True,True,18.07,2022-08,502.0,502.0,502.0,0.0,481.59,428.05,433.72,True,True,True,False,True,True,True,303133.0,508.25,-1.23,False,0.7,1.99,1.05,False,1,True,18.14,2.68,False,False,
3276,3276.T,ＪＰＭＣ,2022-08,CONTINUE,5,21.95,40.0,False,False,18.05,2022-04,996.0,995.0,995.0,-0.1,1008.2,999.88,,False,False,,,False,False,,30530.0,,,,0.96,1.65,1.1,False,1,False,,,,False,
9412,9412.T,スカパーＪＳＡＴ,2022-08,CONTINUE,5,79.92,97.95,True,True,18.03,2022-04,420.0,554.0,554.0,31.9,414.92,426.71,,True,False,,,False,False,,585910.0,,,,1.18,1.45,1.03,False,1,False,,,,False,
3109,3109.T,シキボウ,2022-08,CONTINUE,2,42.26,60.26,False,True,18.0,2022-07,904.0,907.0,907.0,0.33,897.6,889.69,904.05,True,True,False,False,False,False,False,20890.0,,,,1.55,1.08,1.02,False,4,True,,,,False,
7717,7717.T,ブイ・テクノロジー,2022-08,CONTINUE,2,11.98,29.97,False,True,17.99,2022-07,2975.0,3010.0,3010.0,1.18,2880.36,2924.45,3355.03,True,True,False,False,False,False,False,48857.0,,,,0.66,2.08,0.92,True,4,True,,,,False,
3741,3741.T,セック,2022-08,CONTINUE,9,39.43,57.4,False,False,17.97,2021-12,1211.0,1168.0,1168.0,-3.55,1157.38,1186.33,,True,True,,,False,False,,53160.0,,,,0.69,4.25,1.12,False,1,True,,,,False,
3941,3941.T,レンゴー,2022-08,NEW,1,41.29,59.26,True,True,17.97,2022-08,822.0,822.0,822.0,0.0,796.0,748.13,792.38,True,True,True,False,True,True,False,864310.0,942.0,-12.74,False,0.96,1.74,0.9,True,3,True,4.9,4.45,False,False,
6351,6351.T,鶴見製作所,2022-08,CONTINUE,7,68.81,86.7,True,True,17.88,2022-02,896.5,1075.0,1075.0,19.91,870.0,832.08,,True,True,,,True,False,,67700.0,,,,0.95,2.72,1.12,False,1,True,,,,False,
7034,7034.T,プロレド・パートナーズ,2022-08,CONTINUE,4,3.25,21.12,True,True,17.87,2022-05,548.0,550.0,550.0,0.36,551.0,682.64,1198.2,False,False,False,False,False,False,,63703.0,,,,0.95,4.43,0.87,True,4,False,,,,False,
3665,3665.T,エニグモ,2022-08,CONTINUE,4,17.66,35.49,False,True,17.83,2022-05,552.0,555.0,555.0,0.54,537.48,608.37,902.3,True,False,False,False,False,False,,443797.0,,,,0.58,3.74,0.84,True,4,False,,,,False,
5988,5988.T,パイオラックス,2022-08,NEW,1,72.78,90.59,False,True,17.81,2022-08,2020.0,2020.0,2020.0,0.0,2015.48,1913.25,1755.31,True,True,True,True,True,True,True,167713.0,2101.0,-3.86,False,0.91,1.29,0.83,True,2,True,19.11,-3.24,False,False,
6996,6996.T,ニチコン,2022-08,CONTINUE,2,64.93,82.71,True,True,17.78,2022-07,1272.0,1470.0,1470.0,15.57,1235.68,1250.89,1200.47,True,True,True,False,False,True,True,362947.0,,,,0.89,2.5,0.99,True,2,True,,,,False,
2353,2353.T,日本駐車場開発,2022-08,CONTINUE,6,46.23,64.0,False,False,17.77,2022-03,154.0,161.0,161.0,4.55,149.8,140.97,,True,True,,,True,True,,1968623.0,,,,0.87,2.5,0.74,True,1,True,,,,False,
9503,9503.T,関西電力,2022-08,CONTINUE,7,76.41,94.17,False,True,17.76,2022-02,1162.0,1346.0,1346.0,15.83,1116.92,1081.6,,True,True,,,True,True,,2737070.0,,,,0.92,1.91,0.97,True,1,True,,,,False,
9746,9746.T,ＴＫＣ,2022-08,CONTINUE,3,52.53,70.24,True,False,17.71,2022-06,3290.0,3490.0,3490.0,6.08,3286.2,3321.6,3327.72,True,False,False,False,False,True,False,59667.0,,,,1.01,2.31,1.08,False,4,False,,,,False,
2613,2613.T,Ｊ－オイルミルズ,2022-08,NEW,1,30.85,48.53,False,True,17.68,2022-08,1601.0,1601.0,1601.0,0.0,1621.0,1585.48,1639.38,False,True,False,False,False,True,False,24657.0,1892.0,-15.38,False,0.94,1.02,0.82,True,4,True,-3.82,1.04,False,False,
9052,9052.T,山陽電気鉄道,2022-08,CONTINUE,14,82.45,100.0,True,False,17.55,2021-07,1934.0,2275.0,2275.0,17.63,,,,,,,,,,,,,,,,,,,1,True,,,,False,
9024,9024.T,西武ホールディングス,2022-08,CONTINUE,5,55.02,72.56,True,True,17.53,2022-04,1296.0,1415.0,1415.0,9.18,1288.0,1219.39,,True,True,,,True,True,,1240213.0,,,,0.58,1.98,0.88,True,1,True,,,,False,
1945,1945.T,東京エネシス,2022-08,CONTINUE,3,57.78,75.29,True,True,17.51,2022-06,968.0,1059.0,1059.0,9.4,951.88,967.39,1016.59,True,True,False,False,True,False,False,63207.0,,,,1.31,4.17,0.95,True,4,False,,,,False,
7944,7944.T,ローランド,2022-08,CONTINUE,2,33.89,51.39,True,False,17.5,2022-07,4300.0,4085.0,4085.0,-5.0,4140.4,4322.6,4330.57,True,False,False,False,False,False,False,59493.0,,,,1.33,2.39,1.08,False,4,True,,,,False,
2734,2734.T,サーラコーポレーション,2022-08,CONTINUE,3,73.21,90.7,True,True,17.48,2022-06,705.0,814.0,814.0,15.46,648.0,638.81,631.86,True,True,True,True,True,True,True,78757.0,,,,1.89,1.93,1.12,False,2,True,,,,False,
2760,2760.T,東京エレクトロン   デバイス,2022-08,CONTINUE,2,53.5,70.93,True,True,17.43,2022-07,1743.33,1976.67,1976.67,13.38,1727.47,1770.53,1949.02,True,False,False,False,False,True,False,181470.0,,,,1.7,2.68,0.93,True,4,True,,,,False,
7820,7820.T,ニホンフラッシュ,2022-08,CONTINUE,3,22.49,39.88,False,True,17.4,2022-06,997.0,951.0,951.0,-4.61,968.52,962.45,1042.78,True,True,False,False,True,False,False,41627.0,,,,0.75,2.71,1.04,False,4,True,,,,False,
4578,4578.T,大塚ホールディングス,2022-08,CONTINUE,5,49.22,66.6,False,False,17.38,2022-04,4363.0,4561.0,4561.0,4.54,4229.36,4106.95,,True,True,,,True,True,,967173.0,,,,1.12,1.91,1.09,False,1,True,,,,False,
1939,1939.T,四電工,2022-08,CONTINUE,3,62.03,79.39,True,False,17.36,2022-06,590.33,632.0,632.0,7.06,569.99,571.21,560.44,True,True,True,False,True,True,True,55190.0,,,,1.35,1.81,1.0,False,1,True,,,,False,
6099,6099.T,エラン,2022-08,CONTINUE,4,42.49,59.86,True,False,17.36,2022-05,1060.0,1139.0,1139.0,7.45,1007.4,1010.93,1120.24,True,True,False,False,False,True,,119863.0,,,,1.61,4.04,0.97,True,4,True,,,,False,
7241,7241.T,フタバ産業,2022-08,CONTINUE,2,30.34,47.69,False,True,17.35,2022-07,370.0,361.0,361.0,-2.43,388.16,375.05,397.0,False,False,False,False,False,True,False,202157.0,,,,1.46,2.93,0.93,True,4,False,,,,False,
2462,2462.T,ライク,2022-08,CONTINUE,8,56.38,73.7,False,False,17.31,2022-01,1810.0,2252.0,2252.0,24.42,1767.6,1757.85,,True,True,,,True,False,,78093.0,,,,1.46,4.29,1.12,False,1,True,,,,False,
9042,9042.T,阪急阪神ホールディングス,2022-08,CONTINUE,5,69.9,87.21,True,True,17.31,2022-04,3435.0,4185.0,4185.0,21.83,3495.2,3453.6,,False,False,,,False,True,,488573.0,,,,0.91,1.65,0.89,True,1,False,,,,False,
8060,8060.T,キヤノンマーケティングジャパン,2022-08,CONTINUE,6,64.17,81.29,True,False,17.12,2022-03,1261.5,1582.5,1582.5,25.45,1200.76,1181.19,,True,True,,,False,True,,324753.0,,,,1.04,1.79,0.8,True,1,True,,,,False,
3191,3191.T,ジョイフル本田,2022-08,NEW,1,74.1,91.13,True,True,17.03,2022-08,1741.0,1741.0,1741.0,0.0,1685.48,1621.49,1570.29,True,True,True,True,True,True,True,153097.0,1795.0,-3.01,False,0.69,1.96,0.94,True,2,True,11.27,0.69,False,False,
7173,7173.T,東京きらぼしフィナンシャルグループ,2022-08,NEW,1,71.21,88.19,False,True,16.98,2022-08,281.5,281.5,281.5,0.0,275.06,263.26,229.02,True,True,True,True,False,True,True,1036960.0,297.5,-5.38,False,1.05,2.27,1.22,False,2,True,30.33,0.25,False,False,
3661,3661.T,エムアップホールディングス,2022-08,CONTINUE,3,69.33,86.3,False,False,16.97,2022-06,621.0,728.5,728.5,17.31,622.7,548.91,494.11,False,True,True,True,True,True,True,1275720.0,,,,1.04,5.57,0.97,True,2,True,,,,False,
6995,6995.T,東海理化電機製作所,2022-08,CONTINUE,5,32.58,49.52,True,True,16.94,2022-04,1370.0,1502.0,1502.0,9.64,1455.64,1492.44,,False,False,,,False,False,,236960.0,,,,1.62,2.82,1.18,False,1,False,,,,False,
6929,6929.T,日本セラミック,2022-08,NEW,1,42.91,59.82,True,True,16.9,2022-08,2641.0,2641.0,2641.0,0.0,2409.04,2180.83,2425.39,True,True,True,False,True,True,False,106033.0,3225.0,-18.11,False,1.09,2.41,0.94,True,3,True,7.0,7.07,False,False,
6997,6997.T,日本ケミコン,2022-08,CONTINUE,4,25.25,42.03,True,True,16.78,2022-05,1822.0,1838.0,1838.0,0.88,1810.32,1799.37,1916.62,True,True,False,False,True,True,,218753.0,,,,1.01,3.27,0.78,True,4,False,,,,False,
4922,4922.T,コーセーホールディングス,2022-08,CONTINUE,7,36.82,53.54,True,True,16.72,2022-02,13130.0,13240.0,13240.0,0.84,11752.4,12797.87,,True,True,,,False,False,,257733.0,,,,0.88,3.95,1.12,False,1,True,,,,False,
9201,9201.T,日本航空,2022-08,CONTINUE,5,54.05,70.76,True,True,16.71,2022-04,2151.0,2574.0,2574.0,19.67,2211.04,2203.41,,False,False,,,True,True,,4462880.0,,,,0.79,2.37,0.9,True,1,True,,,,False,
7238,7238.T,曙ブレーキ工業,2022-08,NEW,1,49.15,65.85,True,True,16.7,2022-08,170.0,170.0,170.0,0.0,169.24,160.45,168.57,True,True,True,False,True,True,False,1116807.0,261.0,-34.87,False,0.46,3.53,0.93,True,3,True,0.69,2.0,False,False,
6503,6503.T,三菱電機,2022-08,CONTINUE,4,35.65,52.28,True,False,16.63,2022-05,1416.0,1418.5,1418.5,0.18,1383.62,1383.19,1460.82,True,True,False,False,True,False,,5072883.0,,,,1.7,2.51,0.86,True,4,True,,,,False,
7936,7936.T,アシックス,2022-08,CONTINUE,3,45.12,61.75,False,False,16.63,2022-06,613.25,640.5,640.5,4.44,608.07,565.61,614.92,True,True,False,False,True,True,True,4693400.0,,,,1.06,3.72,0.9,True,4,False,,,,False,
1898,1898.T,世紀東急工業,2022-08,CONTINUE,4,37.6,54.22,False,True,16.61,2022-05,805.0,760.0,760.0,-5.59,766.36,774.09,809.11,True,True,False,False,True,False,,95080.0,,,,1.08,1.94,0.88,True,4,True,,,,False,
7972,7972.T,イトーキ,2022-08,CONTINUE,5,63.27,79.87,True,True,16.6,2022-04,352.0,439.0,439.0,24.72,344.76,347.75,,True,True,,,False,False,,75520.0,,,,1.12,1.97,1.04,False,1,False,,,,False,
6745,6745.T,ホーチキ,2022-08,CONTINUE,3,65.4,81.98,True,True,16.58,2022-06,429.33,448.0,448.0,4.35,415.76,410.28,411.91,True,True,True,False,True,True,True,79790.0,,,,1.36,2.05,1.09,False,2,True,,,,False,
9869,9869.T,加藤産業,2022-08,CONTINUE,2,51.48,68.06,True,True,16.58,2022-07,3290.0,3430.0,3430.0,4.26,3291.2,3209.0,3223.35,False,True,True,False,True,True,False,49770.0,,,,0.55,1.36,0.91,True,1,True,,,,False,
5406,5406.T,神戸製鋼所,2022-08,CONTINUE,5,43.3,59.83,True,True,16.52,2022-04,565.0,636.0,636.0,12.57,572.88,583.03,,False,False,,,False,False,,4366190.0,,,,1.17,2.6,1.14,False,1,False,,,,False,
8095,8095.T,アステナホールディングス,2022-08,CONTINUE,3,34.79,51.28,True,True,16.49,2022-06,446.0,448.0,448.0,0.45,423.84,427.76,479.61,True,True,False,False,False,True,False,222100.0,,,,1.04,2.1,1.09,False,4,True,,,,False,
2674,2674.T,ハードオフコーポレーション,2022-08,CONTINUE,5,83.55,100.0,True,True,16.45,2022-04,815.0,1272.0,1272.0,56.07,797.48,785.43,,True,True,,,False,True,,40927.0,,,,1.05,1.96,1.06,False,1,False,,,,False,
8595,8595.T,ジャフコグループ,2022-08,CONTINUE,3,43.48,59.92,True,True,16.44,2022-06,1636.0,2025.0,2025.0,23.78,1613.4,1689.2,2010.4,True,False,False,False,True,False,False,367793.0,,,,1.08,2.07,1.05,False,4,True,,,,False,
7839,7839.T,ＳＨＯＥＩ,2022-08,CONTINUE,4,73.01,89.39,False,False,16.38,2022-05,2415.0,2775.0,2775.0,14.91,2393.3,2270.0,2355.51,True,True,True,False,True,True,,195807.0,,,,1.04,3.45,0.97,True,1,True,,,,False,
3561,3561.T,力の源ホールディングス,2022-08,CONTINUE,4,56.41,72.78,False,False,16.37,2022-05,675.0,654.0,654.0,-3.11,606.96,579.65,592.31,True,True,True,False,True,True,,51313.0,,,,1.55,3.23,1.14,False,1,True,,,,False,
4462,4462.T,石原ケミカル,2022-08,NEW,1,60.24,76.51,True,True,16.27,2022-08,1329.0,1329.0,1329.0,0.0,1306.24,1292.16,1307.52,True,True,True,False,True,True,False,14067.0,1580.0,-15.89,False,1.1,1.53,1.14,False,3,True,1.31,0.61,False,False,
3662,3662.T,エイチームホールディングス,2022-08,CONTINUE,4,20.78,37.04,True,False,16.25,2022-05,731.0,755.0,755.0,3.28,719.32,733.76,1074.08,True,False,False,False,False,False,,67160.0,,,,0.98,2.98,0.82,True,4,False,,,,False,
4776,4776.T,サイボウズ,2022-08,CONTINUE,2,31.87,48.07,True,True,16.2,2022-07,1141.0,1361.0,1361.0,19.28,1051.28,1102.12,1562.73,True,True,False,False,True,False,False,333580.0,,,,0.89,3.47,0.88,True,4,True,,,,False,
9031,9031.T,西日本鉄道,2022-08,CONTINUE,5,57.82,74.02,False,False,16.2,2022-04,2606.0,2892.0,2892.0,10.97,2626.8,2606.39,,False,False,,,True,True,,184467.0,,,,0.7,1.73,0.97,True,1,False,,,,False,
6564,6564.T,ミダックホールディングス,2022-08,CONTINUE,3,46.85,63.04,False,False,16.19,2022-06,2793.0,3220.0,3220.0,15.29,2732.08,2509.11,3592.7,True,True,False,False,True,True,False,109387.0,,,,0.98,3.53,1.2,False,4,True,,,,False,
3034,3034.T,クオールホールディングス,2022-08,CONTINUE,3,40.87,57.02,False,False,16.15,2022-06,1411.0,1266.0,1266.0,-10.28,1314.88,1200.92,1349.81,True,True,True,False,True,True,False,163807.0,,,,0.7,2.34,0.88,True,3,True,,,,False,
4521,4521.T,科研製薬,2022-08,NEW,1,32.41,48.51,False,True,16.1,2022-08,3870.0,3870.0,3870.0,0.0,3857.0,3806.4,3993.62,True,True,False,False,False,False,False,65570.0,5330.0,-27.39,False,0.73,1.35,0.86,True,4,False,-5.94,1.9,False,False,
6539,6539.T,ＭＳ－Ｊａｐａｎ,2022-08,CONTINUE,3,20.66,36.76,False,False,16.1,2022-06,888.0,797.0,797.0,-10.25,882.56,841.81,915.13,True,True,False,False,True,True,False,22663.0,,,,1.14,2.52,1.0,False,4,True,,,,False,
3116,3116.T,トヨタ紡織,2022-08,NEW,1,39.7,55.78,False,True,16.08,2022-08,2036.0,2036.0,2036.0,0.0,2022.72,2049.07,2089.86,True,False,False,False,False,True,False,517937.0,2488.0,-18.17,False,0.87,2.09,0.87,True,4,True,-3.84,0.4,True,False,
8370,8370.T,紀陽銀行,2022-08,NEW,1,53.48,69.43,True,True,15.95,2022-08,1500.0,1500.0,1500.0,0.0,1501.96,1414.28,1427.91,False,True,True,False,True,True,False,105347.0,1651.0,-9.15,False,0.71,1.87,0.98,True,3,False,3.88,-0.39,False,False,
8360,8360.T,山梨中央銀行,2022-08,CONTINUE,9,80.25,96.19,True,True,15.94,2021-12,860.0,1146.0,1146.0,33.26,832.4,836.28,,True,True,,,True,True,,55973.0,,,,0.8,1.27,0.9,True,1,True,,,,False,
9722,9722.T,藤田観光,2022-08,CONTINUE,3,60.64,76.55,True,False,15.91,2022-06,571.8,541.6,541.6,-5.28,547.98,495.33,484.82,True,True,True,True,True,True,True,390900.0,,,,1.15,3.05,0.9,True,1,True,,,,False,
9697,9697.T,カプコン,2022-08,CONTINUE,6,60.88,76.78,True,False,15.9,2022-03,1484.0,1905.0,1905.0,28.37,1421.64,1377.72,,True,True,,,True,False,,1800820.0,,,,0.62,2.44,1.02,False,1,True,,,,False,
2875,2875.T,東洋水産,2022-08,CONTINUE,3,66.48,82.37,True,True,15.89,2022-06,5290.0,5710.0,5710.0,7.94,4971.2,4541.07,4720.75,True,True,True,False,True,True,True,1043693.0,,,,0.48,2.25,1.03,False,1,True,,,,False,
8012,8012.T,長瀬産業,2022-08,CONTINUE,3,66.8,82.69,False,True,15.89,2022-06,466.0,501.5,501.5,7.62,461.24,458.96,460.9,True,True,True,False,True,True,True,958627.0,,,,1.09,2.08,1.03,False,1,False,,,,False,
8381,8381.T,山陰合同銀行,2022-08,NEW,1,73.63,89.33,False,True,15.7,2022-08,686.0,686.0,686.0,0.0,677.0,663.27,650.09,True,True,True,True,True,True,True,228280.0,709.0,-3.24,False,0.88,1.3,1.02,False,2,True,9.89,0.22,False,False,
8163,8163.T,ＳＲＳホールディングス,2022-08,CONTINUE,9,57.81,73.45,False,False,15.64,2021-12,783.0,860.0,860.0,9.83,763.56,778.15,,True,True,,,False,False,,124547.0,,,,1.83,1.4,1.1,False,1,True,,,,False,
2810,2810.T,ハウス食品グループ本社,2022-08,CONTINUE,5,38.55,54.19,False,True,15.63,2022-04,3040.0,2958.0,2958.0,-2.7,2939.96,2951.35,,True,True,,,False,False,,225127.0,,,,1.67,1.73,1.12,False,1,True,,,,False,
6807,6807.T,日本航空電子工業,2022-08,CONTINUE,3,59.79,75.4,True,False,15.61,2022-06,2043.0,2340.0,2340.0,14.54,2075.28,1974.63,1875.81,False,True,True,True,True,True,True,199283.0,,,,1.15,2.94,1.08,False,2,True,,,,False,
7244,7244.T,市光工業,2022-08,NEW,1,17.42,32.98,True,True,15.55,2022-08,380.0,380.0,380.0,0.0,378.04,372.01,432.06,True,True,False,False,True,True,False,172260.0,719.0,-47.15,False,0.73,2.31,0.93,True,4,True,-18.59,1.88,False,False,
7550,7550.T,ゼンショーホールディングス,2022-08,CONTINUE,6,74.27,89.78,True,True,15.51,2022-03,2861.0,3655.0,3655.0,27.75,2758.6,2728.37,,True,True,,,True,True,,569113.0,,,,2.36,1.83,1.03,False,1,True,,,,False,
2157,2157.T,コシダカホールディングス,2022-08,CONTINUE,5,71.14,86.59,True,True,15.45,2022-04,775.0,873.0,873.0,12.65,737.16,671.15,,True,True,,,True,True,,794073.0,,,,0.92,4.5,1.02,False,1,True,,,,False,
8715,8715.T,アニコムホールディングス,2022-08,CONTINUE,3,32.77,48.21,True,True,15.45,2022-06,648.0,646.0,646.0,-0.31,652.16,641.03,752.12,False,True,False,False,True,False,False,294070.0,,,,1.07,2.76,0.94,True,4,False,,,,False,
9007,9007.T,小田急電鉄,2022-08,CONTINUE,6,23.03,38.46,True,False,15.44,2022-03,2037.0,1911.0,1911.0,-6.19,2002.44,2079.79,,True,False,,,False,False,,1072257.0,,,,0.89,2.84,1.06,False,1,True,,,,False,
6302,6302.T,住友重機械工業,2022-08,CONTINUE,5,46.75,62.08,True,False,15.33,2022-04,2749.0,2939.0,2939.0,6.91,2743.72,2832.97,,True,False,,,False,False,,408203.0,,,,0.92,2.16,1.03,False,1,False,,,,False,
9143,9143.T,ＳＧホールディングス,2022-08,CONTINUE,2,35.41,50.66,False,False,15.25,2022-07,2528.0,2319.0,2319.0,-8.27,2437.76,2308.15,2462.09,True,True,True,False,True,True,False,944440.0,,,,0.75,2.09,0.85,True,3,True,,,,False,
6141,6141.T,DMG森精機,2022-08,CONTINUE,2,46.38,61.61,False,False,15.23,2022-07,1771.0,1824.0,1824.0,2.99,1703.08,1742.2,1790.96,True,True,False,False,False,True,False,1117680.0,,,,1.09,2.67,0.99,True,4,True,,,,False,
6724,6724.T,セイコーエプソン,2022-08,CONTINUE,3,55.06,70.29,True,True,15.23,2022-06,1920.0,2196.0,2196.0,14.38,2144.04,1956.69,1985.63,False,False,False,False,True,True,True,1798573.0,,,,1.42,2.71,1.14,False,4,False,,,,False,
4114,4114.T,日本触媒,2022-08,NEW,1,53.21,68.42,True,True,15.22,2022-08,1385.0,1385.0,1385.0,0.0,1370.3,1338.03,1342.22,True,True,True,False,True,True,False,361187.0,1572.5,-11.92,False,0.75,2.29,0.93,True,3,True,1.44,0.43,False,False,
6804,6804.T,ホシデン,2022-08,CONTINUE,5,79.94,95.16,True,True,15.22,2022-04,1246.0,1586.0,1586.0,27.29,1189.52,1170.69,,True,True,,,True,True,,197670.0,,,,1.17,2.12,1.09,False,1,True,,,,False,
3903,3903.T,ｇｕｍｉ,2022-08,CONTINUE,3,48.18,63.36,True,True,15.19,2022-06,701.0,796.0,796.0,13.55,582.44,574.45,678.89,True,True,True,False,True,True,False,1578617.0,,,,1.21,6.56,0.98,True,3,True,,,,False,
2410,2410.T,キャリアデザインセンター,2022-08,NEW,1,68.85,84.03,True,True,15.17,2022-08,1693.0,1693.0,1693.0,0.0,1516.56,1254.99,1150.29,True,True,True,True,True,True,True,73937.0,1740.0,-2.7,False,0.69,3.37,1.07,False,2,True,51.1,4.22,False,False,
3964,3964.T,オークネット,2022-08,CONTINUE,4,62.27,77.44,False,False,15.17,2022-05,446.25,542.75,542.75,21.62,413.6,399.61,445.92,True,True,True,False,True,True,,163413.0,,,,0.78,4.15,0.92,True,1,True,,,,False,
3946,3946.T,トーモク,2022-08,NEW,1,23.94,39.08,True,True,15.13,2022-08,1539.0,1539.0,1539.0,0.0,1518.04,1507.61,1623.07,True,True,False,False,False,True,False,22817.0,2023.0,-23.92,False,0.65,1.19,1.06,False,4,False,-7.19,1.81,False,False,
7011,7011.T,三菱重工業,2022-08,CONTINUE,7,76.05,91.18,True,False,15.13,2022-02,339.6,537.4,537.4,58.24,318.75,292.26,,True,True,,,True,True,,22901867.0,,,,1.07,2.43,0.89,True,1,True,,,,False,
9064,9064.T,ヤマトホールディングス,2022-08,CONTINUE,3,27.04,42.14,False,False,15.1,2022-06,2170.0,2180.0,2180.0,0.46,2168.04,2293.04,2498.03,True,False,False,False,False,False,False,1631053.0,,,,1.01,2.0,1.09,False,4,False,,,,False,
3925,3925.T,ダブルスタンダード,2022-08,CONTINUE,2,46.41,61.48,False,True,15.07,2022-07,2057.0,2428.0,2428.0,18.04,1977.12,1933.44,2522.28,True,True,False,False,True,False,False,75873.0,,,,0.95,2.79,0.97,True,4,True,,,,False,
7616,7616.T,コロワイド,2022-08,CONTINUE,6,45.58,60.6,False,False,15.02,2022-03,1776.0,1875.0,1875.0,5.57,1727.84,1679.41,,True,True,,,True,True,,488773.0,,,,2.26,2.18,0.99,True,1,True,,,,False,
9658,9658.T,ビジネスブレイン太田昭和,2022-08,NEW,1,44.64,59.65,True,True,15.01,2022-08,530.67,530.67,530.67,0.0,491.75,488.12,528.23,True,True,True,False,True,True,False,89410.0,683.33,-22.34,False,1.44,2.45,1.23,False,3,True,-2.49,5.35,True,False,
4183,4183.T,三井化学,2022-08,CONTINUE,4,37.71,52.7,True,True,14.99,2022-05,1577.5,1572.5,1572.5,-0.32,1516.12,1491.51,1633.25,True,True,False,False,True,False,,1802453.0,,,,1.5,3.24,0.85,True,4,True,,,,False,
2502,2502.T,アサヒグループホールディングス,2022-08,CONTINUE,2,43.45,58.43,True,True,14.97,2022-07,1540.0,1557.67,1557.67,1.15,1512.17,1497.41,1541.93,True,True,False,False,True,True,False,5708090.0,,,,1.11,1.72,0.87,True,4,True,,,,False,
5186,5186.T,ニッタ,2022-08,CONTINUE,2,65.04,80.0,False,True,14.96,2022-07,2922.0,2935.0,2935.0,0.44,2827.4,2813.47,2784.4,True,True,True,True,False,True,True,44553.0,,,,0.63,1.53,1.02,False,2,True,,,,False,
9009,9009.T,京成電鉄,2022-08,CONTINUE,5,56.26,71.18,True,True,14.92,2022-04,1065.0,1300.0,1300.0,22.07,1126.2,1095.68,,False,False,,,True,True,,1450760.0,,,,1.32,2.68,1.07,False,1,False,,,,False,
4008,4008.T,住友精化,2022-08,NEW,1,37.96,52.85,True,True,14.88,2022-08,624.0,624.0,624.0,0.0,617.22,595.33,614.63,True,True,True,False,True,True,False,62533.0,766.0,-18.54,False,0.63,1.59,0.91,True,3,True,-0.39,2.33,False,False,
3186,3186.T,ネクステージ,2022-08,NEW,1,68.01,82.88,False,True,14.87,2022-08,3045.0,3045.0,3045.0,0.0,3044.76,2527.07,2438.16,True,True,True,True,True,True,True,590850.0,3200.0,-4.84,False,0.73,3.23,1.1,False,2,True,37.01,-0.36,False,False,
6814,6814.T,古野電気,2022-08,CONTINUE,3,56.23,71.1,True,True,14.87,2022-06,1010.0,1125.0,1125.0,11.39,1029.88,1007.89,1099.24,False,True,False,False,True,False,False,59370.0,,,,0.93,2.83,1.14,False,4,True,,,,False,
2792,2792.T,ハニーズホールディングス,2022-08,CONTINUE,5,68.27,83.04,False,False,14.77,2022-04,1067.0,1236.0,1236.0,15.84,1056.48,1029.76,,True,True,,,True,True,,91127.0,,,,1.48,1.3,0.94,True,1,True,,,,False,
6817,6817.T,スミダコーポレーション,2022-08,NEW,1,40.8,55.52,False,True,14.72,2022-08,974.0,974.0,974.0,0.0,946.92,854.79,953.61,True,True,True,False,True,True,False,142513.0,1409.0,-30.87,False,0.57,2.95,0.87,True,3,True,-1.3,3.21,False,False,
4919,4919.T,ミルボン,2022-08,NEW,1,46.67,61.35,True,True,14.68,2022-08,5900.0,5900.0,5900.0,0.0,5650.0,5200.67,5480.93,True,True,True,False,True,True,False,74347.0,7090.0,-16.78,False,0.76,2.3,0.92,True,3,True,3.19,3.1,False,False,
3694,3694.T,オプティム,2022-08,CONTINUE,4,19.67,34.28,True,False,14.6,2022-05,836.0,893.0,893.0,6.82,817.08,913.89,1375.09,True,False,False,False,False,False,,274013.0,,,,1.27,5.15,0.99,True,4,False,,,,False,
8101,8101.T,ＧＳＩクレオス,2022-08,CONTINUE,10,85.42,100.0,True,True,14.58,2021-11,1021.0,1607.0,1607.0,57.39,957.24,1005.96,,True,True,,,False,,,122543.0,,,,2.5,3.85,1.21,False,1,True,,,,False,
4587,4587.T,ペプチドリーム,2022-08,CONTINUE,2,10.81,25.32,False,False,14.5,2022-07,1655.0,1681.0,1681.0,1.57,1510.8,1649.71,2125.94,True,True,False,False,True,False,False,1138973.0,,,,1.3,3.58,0.91,True,4,True,,,,False,
9616,9616.T,共立メンテナンス,2022-08,CONTINUE,5,85.58,100.0,True,False,14.42,2022-04,2375.0,2735.0,2735.0,15.16,2318.0,2186.8,,True,True,,,True,True,,544640.0,,,,0.77,3.1,0.79,True,1,False,,,,False,
7752,7752.T,リコー,2022-08,CONTINUE,4,41.42,55.78,True,False,14.36,2022-05,1084.0,1097.0,1097.0,1.2,1007.12,1004.25,1056.27,True,True,True,False,True,False,,3929473.0,,,,1.56,2.75,0.8,True,3,True,,,,False,
1879,1879.T,新日本建設,2022-08,CONTINUE,2,37.29,51.64,True,True,14.35,2022-07,743.0,733.0,733.0,-1.35,727.88,721.57,764.64,True,True,False,False,False,False,False,71497.0,,,,0.89,1.72,0.98,True,4,True,,,,False,
4109,4109.T,ステラケミファ,2022-08,CONTINUE,6,49.0,63.34,True,True,14.34,2022-03,2596.0,2839.0,2839.0,9.36,2461.08,2509.33,,True,True,,,True,False,,63397.0,,,,0.73,3.05,0.87,True,1,True,,,,False,
7283,7283.T,愛三工業,2022-08,NEW,1,36.74,51.08,False,True,14.34,2022-08,733.0,733.0,733.0,0.0,717.52,718.71,733.15,True,True,False,False,True,True,False,111137.0,906.0,-19.09,False,0.68,1.65,1.04,False,4,True,-4.62,2.63,False,False,
1979,1979.T,大氣社,2022-08,CONTINUE,3,47.65,61.94,False,False,14.29,2022-06,1590.0,1602.5,1602.5,0.79,1565.76,1552.67,1563.41,True,True,True,False,True,True,False,134027.0,,,,1.08,2.25,1.09,False,3,False,,,,False,
8252,8252.T,丸井グループ,2022-08,CONTINUE,5,67.1,81.31,True,True,14.21,2022-04,2243.0,2508.0,2508.0,11.81,2243.72,2222.47,,False,True,,,True,True,,700583.0,,,,1.02,2.0,0.9,True,1,True,,,,False,
8153,8153.T,モスフードサービス,2022-08,CONTINUE,4,54.63,68.83,False,False,14.2,2022-05,3040.0,3180.0,3180.0,4.61,2997.68,2979.85,3083.16,True,True,False,False,True,False,,84997.0,,,,1.09,1.29,0.95,True,4,True,,,,False,
9274,9274.T,ＫＰＰグループホールディングス,2022-08,CONTINUE,4,80.81,94.99,True,True,14.18,2022-05,391.0,713.0,713.0,82.35,326.76,327.17,337.33,True,True,True,False,True,True,,397010.0,,,,1.64,4.42,1.12,False,1,True,,,,False,
7575,7575.T,日本ライフライン,2022-08,CONTINUE,5,34.18,48.34,True,True,14.16,2022-04,1085.0,1016.0,1016.0,-6.36,1087.52,1068.84,,False,True,,,True,True,,252877.0,,,,0.9,2.24,1.01,False,1,True,,,,False,
3656,3656.T,ＫＬａｂ,2022-08,CONTINUE,6,30.27,44.41,False,False,14.14,2022-03,446.0,407.0,407.0,-8.74,407.36,446.49,,True,False,,,False,False,,528987.0,,,,1.57,3.84,1.07,False,1,True,,,,False,
3245,3245.T,ディア・ライフ,2022-08,CONTINUE,3,75.06,89.09,True,True,14.03,2022-06,573.0,659.0,659.0,15.01,547.44,530.08,533.75,True,True,True,False,True,True,True,246147.0,,,,1.04,1.71,1.04,False,1,True,,,,False,
7744,7744.T,ノーリツ鋼機,2022-08,CONTINUE,3,54.25,68.27,True,False,14.02,2022-06,766.0,866.0,866.0,13.05,792.93,749.65,778.21,False,True,False,False,True,True,False,578670.0,,,,1.18,3.2,1.12,False,4,False,,,,False,
2004,2004.T,昭和産業,2022-08,NEW,1,32.61,46.61,True,True,14.0,2022-08,2588.0,2588.0,2588.0,0.0,2588.64,2519.64,2611.49,False,True,False,False,True,True,False,23210.0,2878.0,-10.08,False,0.9,0.95,0.91,True,4,True,-1.48,2.05,False,False,
4958,4958.T,長谷川香料,2022-08,CONTINUE,2,64.48,78.48,False,False,14.0,2022-07,3040.0,3020.0,3020.0,-0.66,2917.16,2638.23,2636.97,True,True,True,True,True,True,True,73027.0,,,,0.49,2.19,0.91,True,1,True,,,,False,
6741,6741.T,日本信号,2022-08,CONTINUE,3,51.68,65.64,False,False,13.97,2022-06,983.0,933.0,933.0,-5.09,920.12,898.51,913.46,True,True,True,False,True,True,True,95310.0,,,,1.85,2.11,1.24,False,1,True,,,,False,
7731,7731.T,ニコン,2022-08,CONTINUE,5,67.41,81.35,True,False,13.94,2022-04,1471.0,1593.0,1593.0,8.29,1379.16,1283.37,,True,True,,,True,True,,2919460.0,,,,0.86,2.81,0.98,True,1,True,,,,False,
8830,8830.T,住友不動産,2022-08,CONTINUE,4,39.11,53.05,False,False,13.93,2022-05,1737.5,1710.0,1710.0,-1.58,1691.24,1704.93,1802.84,True,True,False,False,False,False,,2658320.0,,,,1.64,2.94,0.99,True,4,True,,,,False,
1814,1814.T,大末建設,2022-08,CONTINUE,3,71.57,85.5,False,True,13.92,2022-06,1518.0,1534.0,1534.0,1.05,1557.92,1427.93,1260.88,False,True,True,True,True,True,True,37923.0,,,,1.12,1.96,1.0,False,2,False,,,,False,
5902,5902.T,ホッカンホールディングス,2022-08,NEW,1,44.78,58.7,True,True,13.91,2022-08,1335.0,1335.0,1335.0,0.0,1291.84,1253.8,1331.03,True,True,True,False,True,True,False,15340.0,1540.0,-13.31,False,0.93,0.96,0.84,True,3,True,-0.81,2.07,False,False,
9504,9504.T,中国電力,2022-08,CONTINUE,3,26.44,40.3,True,True,13.86,2022-06,873.0,834.0,834.0,-4.47,853.16,870.47,916.6,True,True,False,False,False,False,False,2188907.0,,,,0.77,1.75,1.06,False,4,True,,,,False,
4228,4228.T,積水化成品工業,2022-08,NEW,1,8.4,22.22,False,True,13.82,2022-08,407.0,407.0,407.0,0.0,410.8,410.45,442.18,False,False,False,False,False,False,False,61823.0,635.0,-35.91,False,0.89,1.28,0.98,True,4,False,-12.61,1.59,False,False,
8344,8344.T,山形銀行,2022-08,NEW,1,59.38,73.19,True,True,13.81,2022-08,931.0,931.0,931.0,0.0,932.56,895.25,895.74,False,True,True,False,True,True,True,29340.0,1038.0,-10.31,False,0.64,1.75,0.82,True,2,True,6.9,1.07,False,False,
3086,3086.T,Ｊ．フロントリテイリング,2022-08,CONTINUE,3,56.79,70.57,True,False,13.78,2022-06,1160.0,1106.0,1106.0,-4.66,1119.04,1029.44,1023.84,True,True,True,True,True,True,True,1939430.0,,,,1.04,2.85,0.92,True,1,True,,,,False,
3835,3835.T,ｅＢＡＳＥ,2022-08,CONTINUE,4,34.22,47.99,False,True,13.76,2022-05,485.0,556.0,556.0,14.64,446.32,525.32,641.08,True,False,False,False,False,False,,178977.0,,,,0.7,5.6,1.04,False,4,True,,,,False,
9889,9889.T,ＪＢＣＣホールディングス,2022-08,CONTINUE,2,65.86,79.61,False,True,13.75,2022-07,430.0,457.0,457.0,6.28,407.83,394.23,404.28,True,True,True,False,True,True,True,137667.0,,,,1.54,2.08,1.09,False,1,True,,,,False,
5445,5445.T,東京鐵鋼,2022-08,NEW,1,37.45,51.14,True,True,13.68,2022-08,447.0,447.0,447.0,0.0,440.81,420.62,435.44,True,True,True,False,True,True,False,63150.0,571.67,-21.81,False,0.92,1.96,1.05,False,3,True,1.33,3.31,False,False,
5192,5192.T,三ツ星ベルト,2022-08,CONTINUE,4,82.74,96.39,False,True,13.66,2022-05,2797.0,3210.0,3210.0,14.77,2350.88,2143.68,2077.16,True,True,True,True,True,True,,99777.0,,,,1.47,4.34,0.82,True,1,True,,,,False,
9692,9692.T,シーイーシー,2022-08,CONTINUE,5,37.61,51.27,False,False,13.66,2022-04,1193.0,1293.0,1293.0,8.38,1235.52,1140.77,,False,True,,,True,True,,117307.0,,,,0.62,2.26,0.85,True,1,False,,,,False,
2695,2695.T,くら寿司,2022-08,NEW,1,27.55,41.18,False,True,13.63,2022-08,1620.0,1620.0,1620.0,0.0,1638.5,1577.0,1692.96,False,True,False,False,True,True,False,282333.0,2175.0,-25.52,False,1.03,1.85,0.92,True,4,True,-7.25,-0.77,False,False,
9020,9020.T,東日本旅客鉄道,2022-08,CONTINUE,3,42.12,55.75,True,False,13.63,2022-06,2312.67,2413.0,2413.0,4.34,2274.21,2288.35,2329.23,True,True,False,False,True,False,False,5254390.0,,,,1.02,2.01,1.0,False,4,False,,,,False,
6235,6235.T,オプトラン,2022-08,CONTINUE,3,45.78,59.4,True,True,13.62,2022-06,1800.0,2275.0,2275.0,26.39,1960.04,1956.75,2151.07,False,False,False,False,True,True,False,123257.0,,,,0.99,4.05,1.15,False,4,False,,,,False,
1662,1662.T,石油資源開発,2022-08,CONTINUE,11,86.1,99.71,True,True,13.61,2021-10,415.4,787.0,787.0,89.46,433.26,,,False,,,,True,,,1700983.0,,,,0.95,3.25,0.89,True,1,False,,,,False,
3199,3199.T,綿半ホールディングス,2022-08,CONTINUE,11,80.99,94.59,True,True,13.61,2021-10,1231.0,1436.0,1436.0,16.65,1236.2,,,False,,,,False,,,25820.0,,,,1.26,2.02,1.09,False,1,True,,,,False,
8848,8848.T,レオパレス２１,2022-08,CONTINUE,4,74.12,87.72,True,True,13.6,2022-05,293.0,331.0,331.0,12.97,242.44,212.21,211.65,True,True,True,True,True,True,,4178553.0,,,,0.73,9.63,0.98,True,1,True,,,,False,
5741,5741.T,ＵＡＣＪ,2022-08,NEW,1,42.53,56.12,False,True,13.59,2022-08,604.75,604.75,604.75,0.0,624.88,569.01,589.88,False,True,True,False,True,True,False,1318613.0,778.75,-22.34,False,1.72,3.49,0.94,True,3,False,3.3,0.6,False,False,
9022,9022.T,東海旅客鉄道,2022-08,CONTINUE,5,47.67,61.21,True,True,13.54,2022-04,3282.0,3289.0,3289.0,0.21,3218.2,3130.07,,True,True,,,True,True,,3215667.0,,,,1.25,1.84,1.0,False,1,True,,,,False,
8923,8923.T,トーセイ,2022-08,CONTINUE,6,66.81,80.32,True,True,13.51,2022-03,583.0,697.0,697.0,19.55,548.34,527.03,,True,True,,,True,True,,382273.0,,,,1.02,2.08,0.98,True,1,True,,,,False,
8227,8227.T,しまむら,2022-08,CONTINUE,6,63.41,76.9,False,False,13.49,2022-03,5435.0,6320.0,6320.0,16.28,5325.2,5101.6,,True,True,,,True,True,,384420.0,,,,0.7,2.33,0.9,True,1,True,,,,False,
5932,5932.T,三協立山,2022-08,CONTINUE,2,30.16,43.64,False,False,13.47,2022-07,646.0,613.0,613.0,-5.11,595.88,589.71,649.38,True,True,False,False,True,False,False,116953.0,,,,0.5,3.49,1.05,False,4,True,,,,False,
6333,6333.T,ＴＥＩＫＯＫＵ,2022-08,CONTINUE,3,75.04,88.45,True,False,13.42,2022-06,1595.0,1947.0,1947.0,22.07,1589.48,1571.57,1474.19,True,True,True,True,False,True,True,26560.0,,,,0.69,1.74,0.94,True,2,False,,,,False,
5423,5423.T,東京製鐵,2022-08,CONTINUE,3,62.8,76.2,True,True,13.4,2022-06,1496.0,1481.0,1481.0,-1.0,1545.56,1339.67,1271.12,False,True,True,True,True,True,True,925543.0,,,,0.64,3.35,0.97,True,2,False,,,,False,
1887,1887.T,日本国土開発,2022-08,CONTINUE,3,55.16,68.53,False,False,13.37,2022-06,522.0,605.0,605.0,15.9,513.32,529.4,552.46,True,False,False,False,False,False,False,197753.0,,,,1.02,1.0,0.97,True,4,False,,,,False,
3093,3093.T,トレジャー・ファクトリー,2022-08,CONTINUE,5,76.92,90.3,True,True,13.37,2022-04,480.5,890.0,890.0,85.22,510.3,477.06,,False,True,,,True,True,,77813.0,,,,1.18,5.52,0.9,True,1,False,,,,False,
3774,3774.T,インターネットイニシアティブ,2022-08,CONTINUE,3,67.53,80.83,False,False,13.3,2022-06,2372.5,2535.0,2535.0,6.85,2320.3,2151.0,2110.03,True,True,True,True,True,True,True,617500.0,,,,1.19,3.1,0.99,True,2,True,,,,False,
3091,3091.T,ブロンコビリー,2022-08,CONTINUE,5,50.25,63.53,False,False,13.28,2022-04,1166.5,1191.5,1191.5,2.14,1144.54,1122.95,,True,True,,,True,False,,66053.0,,,,1.62,1.53,1.16,False,1,True,,,,False,
2212,2212.T,山崎製パン,2022-08,CONTINUE,5,52.07,65.34,True,True,13.27,2022-04,1606.0,1638.0,1638.0,1.99,1535.88,1543.53,,True,True,,,True,False,,918237.0,,,,1.53,2.76,1.28,False,1,True,,,,False,
3132,3132.T,マクニカホールディングス,2022-08,NEW,1,58.63,71.85,True,True,13.23,2022-08,1003.33,1003.33,1003.33,0.0,945.59,920.28,893.37,True,True,True,True,True,True,True,600080.0,1016.67,-1.31,False,1.36,1.76,1.04,False,2,True,11.42,2.72,False,False,
7272,7272.T,ヤマハ発動機,2022-08,CONTINUE,2,47.24,60.47,True,True,13.23,2022-07,852.67,966.33,966.33,13.33,844.37,867.28,915.65,True,False,False,False,False,False,False,5771660.0,,,,0.65,2.03,0.91,True,4,False,,,,False,
9416,9416.T,ビジョン,2022-08,NEW,1,54.0,67.23,False,True,13.23,2022-08,1343.0,1343.0,1343.0,0.0,1249.68,1243.24,1217.02,True,True,True,True,True,True,False,434523.0,1664.0,-19.29,False,0.84,4.24,0.97,True,3,True,9.76,1.38,False,False,
1518,1518.T,三井松島ホールディングス,2022-08,CONTINUE,5,85.3,98.49,True,True,13.19,2022-04,408.2,730.0,730.0,78.83,410.21,378.84,,False,True,,,True,True,,9977433.0,,,,0.75,7.2,1.0,False,1,True,,,,False,
5659,5659.T,日本精線,2022-08,CONTINUE,2,50.83,64.02,False,True,13.19,2022-07,910.0,936.0,936.0,2.86,874.08,850.87,896.38,True,True,True,False,True,True,False,50400.0,,,,1.26,1.85,1.02,False,3,True,,,,False,
6371,6371.T,椿本チエイン,2022-08,NEW,1,51.38,64.51,False,True,13.13,2022-08,1076.67,1076.67,1076.67,0.0,1055.53,1044.09,1036.94,True,True,True,True,True,True,False,174820.0,1255.0,-14.21,False,0.91,1.61,1.01,False,3,True,0.16,0.6,True,False,
3221,3221.T,ヨシックスホールディングス,2022-08,CONTINUE,5,52.54,65.58,False,True,13.05,2022-04,2145.0,2302.0,2302.0,7.32,2167.24,2112.07,,False,True,,,True,True,,29143.0,,,,0.82,2.42,0.95,True,1,False,,,,False,
9508,9508.T,九州電力,2022-08,CONTINUE,9,46.98,60.0,False,True,13.02,2021-12,857.0,836.0,836.0,-2.45,850.56,843.53,,True,True,,,True,True,,1705397.0,,,,0.59,1.48,1.02,False,1,True,,,,False,
4041,4041.T,日本曹達,2022-08,CONTINUE,5,76.32,89.27,True,True,12.96,2022-04,1715.0,2307.5,2307.5,34.55,1679.2,1678.6,,True,True,,,False,True,,116533.0,,,,1.11,1.79,1.07,False,1,True,,,,False,
6820,6820.T,アイコム,2022-08,CONTINUE,11,64.9,77.84,True,False,12.94,2021-10,2420.0,2660.0,2660.0,9.92,2391.44,,,True,,,,False,,,17107.0,,,,1.68,1.75,1.06,False,1,False,,,,False,
4275,4275.T,カーリット,2022-08,NEW,1,46.88,59.8,False,True,12.92,2022-08,683.0,683.0,683.0,0.0,661.92,672.8,676.57,True,True,True,False,False,True,False,51813.0,974.0,-29.88,False,0.93,1.98,1.24,False,3,True,-3.79,1.51,False,False,
3649,3649.T,ファインデックス,2022-08,CONTINUE,2,27.1,40.0,False,False,12.9,2022-07,696.0,666.0,666.0,-4.31,665.36,641.49,799.21,True,True,False,False,True,False,False,96047.0,,,,1.37,2.13,0.76,True,4,True,,,,False,
7004,7004.T,カナデビア,2022-08,NEW,1,62.87,75.75,True,True,12.88,2022-08,884.0,884.0,884.0,0.0,849.88,839.23,795.48,True,True,True,True,True,True,False,1004837.0,1010.0,-12.48,False,0.95,2.36,1.0,False,1,True,9.1,0.78,False,False,
7246,7246.T,プレス工業,2022-08,CONTINUE,2,72.73,85.56,True,True,12.83,2022-07,408.0,442.0,442.0,8.33,404.96,402.11,387.7,True,True,True,True,False,True,True,442247.0,,,,0.9,1.8,0.92,True,2,True,,,,False,
3445,3445.T,ＲＳ   Ｔｅｃｈｎｏｌｏｇｉｅｓ,2022-08,CONTINUE,3,52.54,65.28,False,False,12.73,2022-06,3160.0,3440.0,3440.0,8.86,3060.8,3024.2,3033.31,True,True,True,False,True,True,True,99807.0,,,,1.42,3.46,1.0,False,3,False,,,,False,
9513,9513.T,電源開発,2022-08,CONTINUE,7,70.51,83.22,False,False,12.72,2022-02,1825.0,2144.0,2144.0,17.48,1755.6,1575.28,,True,True,,,True,True,,1789863.0,,,,0.62,2.87,0.68,True,1,True,,,,False,
6592,6592.T,マブチモーター,2022-08,CONTINUE,7,45.04,57.75,True,True,12.71,2022-02,991.25,992.5,992.5,0.13,942.2,949.97,,True,True,,,False,False,,1233880.0,,,,1.22,3.69,1.41,False,1,True,,,,False,
6620,6620.T,宮越ホールディングス,2022-08,CONTINUE,2,48.66,61.25,True,False,12.59,2022-07,997.0,986.0,986.0,-1.1,926.4,880.35,972.93,True,True,True,False,True,True,False,36580.0,,,,1.47,3.52,1.04,False,3,True,,,,False,
6517,6517.T,デンヨー,2022-08,NEW,1,37.97,50.52,True,True,12.54,2022-08,1637.0,1637.0,1637.0,0.0,1627.4,1601.39,1659.83,True,True,False,False,True,True,False,21473.0,2321.0,-29.47,False,0.74,1.53,0.73,True,4,False,-4.16,2.29,False,False,
8273,8273.T,イズミ,2022-08,CONTINUE,3,25.93,38.46,False,False,12.54,2022-06,1018.33,1003.33,1003.33,-1.47,977.2,980.49,1070.94,True,True,False,False,True,False,False,348810.0,,,,1.0,1.7,1.0,False,4,True,,,,False,
7453,7453.T,良品計画,2022-08,NEW,1,25.78,38.28,False,True,12.51,2022-08,650.0,650.0,650.0,0.0,655.86,661.94,754.23,False,False,False,False,True,True,False,5348060.0,1307.5,-50.29,False,1.17,1.93,0.93,True,4,True,-22.84,-2.26,False,False,
2108,2108.T,日本甜菜製糖,2022-08,NEW,1,45.44,57.89,False,True,12.46,2022-08,1638.0,1638.0,1638.0,0.0,1651.92,1663.71,1667.74,False,False,False,False,False,True,False,11720.0,1749.0,-6.35,False,0.73,1.04,0.97,True,1,False,-1.41,-0.19,False,False,
1930,1930.T,北陸電気工事,2022-08,CONTINUE,2,24.58,36.96,False,True,12.38,2022-07,777.0,762.0,762.0,-1.93,768.96,761.04,826.22,True,True,False,False,True,False,False,17700.0,,,,0.93,1.96,1.1,False,4,True,,,,False,
6247,6247.T,日阪製作所,2022-08,CONTINUE,3,52.49,64.84,False,True,12.36,2022-06,837.0,832.0,832.0,-0.6,837.52,802.09,827.23,False,True,True,False,True,True,True,56227.0,,,,1.32,3.28,1.27,False,3,False,,,,False,
4732,4732.T,ユー・エス・エス,2022-08,CONTINUE,8,67.12,79.48,False,False,12.35,2022-01,933.0,1232.0,1232.0,32.05,933.06,910.13,,False,True,,,True,False,,1300933.0,,,,0.81,2.01,1.09,False,1,False,,,,False,
7599,7599.T,ＩＤＯＭ,2022-08,CONTINUE,3,57.06,69.41,False,False,12.35,2022-06,746.0,827.0,827.0,10.86,715.92,694.29,737.49,True,True,True,False,True,True,False,482403.0,,,,1.06,3.21,0.96,True,3,True,,,,False,
6617,6617.T,東光高岳,2022-08,CONTINUE,7,73.47,85.8,True,False,12.33,2022-02,1448.0,1933.0,1933.0,33.49,1418.92,1407.84,,True,True,,,False,False,,52283.0,,,,0.88,1.95,0.91,True,1,False,,,,False,
3104,3104.T,富士紡ホールディングス,2022-08,CONTINUE,2,45.63,57.92,True,True,12.29,2022-07,1161.67,1206.67,1206.67,3.87,1111.27,1091.42,1208.08,True,True,False,False,False,False,False,65840.0,,,,1.17,1.94,1.04,False,4,True,,,,False,
6594,6594.T,ニデック,2022-08,CONTINUE,2,29.54,41.82,False,True,12.28,2022-07,4599.0,4662.0,4662.0,1.37,4449.26,4296.29,5226.31,True,True,False,False,True,False,False,5379453.0,,,,0.91,2.93,1.0,True,4,True,,,,False,
1820,1820.T,西松建設,2022-08,NEW,1,67.26,79.53,False,True,12.27,2022-08,4045.0,4045.0,4045.0,0.0,3940.0,4036.93,3832.28,True,True,True,False,False,True,True,309247.0,4445.0,-9.0,False,0.78,1.0,0.75,True,2,True,7.65,1.18,False,False,
2975,2975.T,スター・マイカ・ホールディングス,2022-08,CONTINUE,5,61.48,73.68,False,False,12.2,2022-04,773.0,778.0,778.0,0.65,794.7,685.24,,False,True,,,True,True,,227007.0,,,,0.83,3.03,0.73,True,1,False,,,,False,
6560,6560.T,エル・ティー・エス,2022-08,CONTINUE,6,44.74,56.93,False,False,12.18,2022-03,2928.0,3175.0,3175.0,8.44,2370.68,2424.12,,True,True,,,True,False,,37403.0,,,,0.8,4.15,1.05,False,1,True,,,,False,
6413,6413.T,理想科学工業,2022-08,NEW,1,62.35,74.53,False,True,12.17,2022-08,1238.5,1238.5,1238.5,0.0,1235.76,1162.26,1105.69,True,True,True,True,True,True,True,86300.0,1304.0,-5.02,False,0.88,2.33,0.85,True,2,True,11.71,-1.0,False,False,
5121,5121.T,藤倉コンポジット,2022-08,CONTINUE,2,74.1,86.22,True,True,12.13,2022-07,886.0,1030.0,1030.0,16.25,871.84,816.83,798.62,True,True,True,True,False,True,True,126427.0,,,,0.64,2.23,0.87,True,1,True,,,,False,
8154,8154.T,加賀電子,2022-08,CONTINUE,2,69.68,81.79,True,True,12.11,2022-07,1612.5,2072.5,2072.5,28.53,1539.32,1535.88,1533.56,True,True,True,True,False,False,False,137573.0,,,,0.8,1.81,0.89,True,1,True,,,,False,
6480,6480.T,日本トムソン,2022-08,CONTINUE,2,47.56,59.67,True,True,12.1,2022-07,529.0,576.0,576.0,8.88,517.88,525.24,573.75,True,True,False,False,False,False,False,317363.0,,,,0.61,2.16,0.86,True,4,False,,,,False,
5991,5991.T,日本発条,2022-08,NEW,1,52.47,64.56,True,True,12.09,2022-08,945.0,945.0,945.0,0.0,939.48,919.96,903.72,True,True,True,True,True,True,True,318110.0,1063.0,-11.1,False,0.77,2.01,0.99,True,1,True,8.35,-0.05,False,False,
8739,8739.T,スパークス・グループ,2022-08,CONTINUE,3,59.34,71.43,True,False,12.09,2022-06,1325.0,1505.0,1505.0,13.58,1302.4,1298.07,1386.35,True,True,False,False,True,True,False,57738.0,,,,1.55,2.83,1.3,False,4,True,,,,False,
6849,6849.T,日本光電工業,2022-08,NEW,1,50.48,62.5,True,True,12.02,2022-08,1597.5,1597.5,1597.5,0.0,1533.96,1505.7,1547.38,True,True,True,False,True,True,False,428413.0,2072.5,-22.92,False,1.17,2.0,1.06,False,3,True,-1.93,1.31,True,False,
8359,8359.T,八十二長野銀行,2022-08,CONTINUE,5,68.87,80.87,False,True,12.0,2022-04,428.0,478.0,478.0,11.68,417.36,424.05,,True,True,,,False,True,,1153177.0,,,,1.34,2.07,1.15,False,1,False,,,,False,
5334,5334.T,日本特殊陶業,2022-08,CONTINUE,11,88.03,100.0,True,True,11.97,2021-10,1812.0,2866.0,2866.0,58.17,1739.44,,,True,,,,False,,,969340.0,,,,1.55,1.74,1.08,False,1,True,,,,False,
4956,4956.T,コニシ,2022-08,CONTINUE,2,51.12,63.06,False,True,11.94,2022-07,810.5,817.5,817.5,0.86,790.24,774.77,811.21,True,True,False,False,True,True,False,84153.0,,,,0.62,1.74,0.94,True,4,True,,,,False,
3854,3854.T,アイル,2022-08,CONTINUE,4,58.31,70.23,True,False,11.92,2022-05,1424.0,1775.0,1775.0,24.65,1373.88,1377.19,1531.09,True,True,False,False,False,True,,29770.0,,,,1.24,3.73,1.17,False,4,True,,,,False,
8801,8801.T,三井不動産,2022-08,CONTINUE,5,58.87,70.79,False,False,11.92,2022-04,915.17,941.17,941.17,2.84,894.48,849.19,,True,True,,,True,True,,9106940.0,,,,1.03,2.04,0.99,True,1,True,,,,False,
6013,6013.T,タクマ,2022-08,CONTINUE,6,33.0,44.92,True,True,11.91,2022-03,1429.0,1405.0,1405.0,-1.68,1450.48,1438.19,,False,False,,,True,False,,211807.0,,,,0.95,3.06,0.9,True,1,False,,,,False,
4249,4249.T,森六,2022-08,CONTINUE,2,33.46,45.32,False,True,11.86,2022-07,1859.0,1769.0,1769.0,-4.84,1831.76,1821.51,1855.95,True,True,True,False,False,False,False,32310.0,,,,0.73,1.41,0.9,True,3,True,,,,False,
6779,6779.T,日本電波工業,2022-08,NEW,1,60.69,72.53,True,True,11.84,2022-08,1529.0,1529.0,1529.0,0.0,1335.68,1192.4,1291.4,True,True,True,False,True,True,True,607600.0,1947.0,-21.47,False,1.83,4.84,1.01,False,1,True,40.01,7.93,False,False,
3962,3962.T,チェンジホールディングス,2022-08,CONTINUE,7,32.39,44.2,False,False,11.81,2022-02,1760.0,1887.0,1887.0,7.22,1525.92,1806.24,,True,False,,,False,False,,902563.0,,,,1.27,6.2,1.15,False,1,True,,,,False,
9928,9928.T,ミロク情報サービス,2022-08,CONTINUE,7,48.73,60.47,True,True,11.74,2022-02,1521.0,1548.0,1548.0,1.78,1306.4,1430.75,,True,True,,,False,False,,97220.0,,,,1.04,3.52,0.99,True,1,True,,,,False,
8793,8793.T,ＮＥＣキャピタルソリューション,2022-08,NEW,1,49.77,61.49,False,True,11.72,2022-08,2150.0,2150.0,2150.0,0.0,2134.48,2046.95,2042.83,True,True,True,True,True,True,True,17757.0,2219.0,-3.11,False,0.48,0.86,0.91,True,2,True,7.0,0.92,False,False,
8133,8133.T,伊藤忠エネクス,2022-08,CONTINUE,8,65.0,76.67,True,True,11.67,2022-01,1001.0,1091.0,1091.0,8.99,998.36,997.4,,True,True,,,True,False,,145663.0,,,,1.07,1.48,1.22,False,1,True,,,,False,
2910,2910.T,ロック・フィールド,2022-08,NEW,1,54.24,65.87,True,True,11.64,2022-08,1566.0,1566.0,1566.0,0.0,1558.6,1476.91,1493.85,True,True,True,False,True,True,False,42940.0,1824.0,-14.14,False,0.85,1.22,0.96,True,3,True,5.92,0.9,False,False,
1951,1951.T,エクシオグループ,2022-08,CONTINUE,3,24.77,36.38,False,True,11.62,2022-06,1061.5,1071.0,1071.0,0.89,1050.9,1083.48,1198.93,True,False,False,False,False,False,False,852740.0,,,,1.13,1.78,1.06,False,4,False,,,,False,
3548,3548.T,バロックジャパンリミテッド,2022-08,CONTINUE,2,48.72,60.34,False,False,11.62,2022-07,817.0,794.0,794.0,-2.82,812.92,800.96,827.87,True,True,False,False,True,True,False,46790.0,,,,0.78,1.23,0.86,True,4,True,,,,False,
3837,3837.T,アドソル日進,2022-08,CONTINUE,5,31.3,42.91,False,False,11.62,2022-04,786.0,791.5,791.5,0.7,806.52,816.39,,False,False,,,False,False,,43593.0,,,,0.88,2.55,0.91,True,1,False,,,,False,
6869,6869.T,シスメックス,2022-08,CONTINUE,2,32.23,43.85,False,False,11.61,2022-07,3102.0,2867.67,2867.67,-7.55,2939.37,2821.19,3570.57,True,True,False,False,True,True,False,1781770.0,,,,0.81,2.75,0.93,True,4,True,,,,False,
6363,6363.T,酉島製作所,2022-08,CONTINUE,6,84.47,96.05,True,True,11.58,2022-03,1026.0,1469.0,1469.0,43.18,980.56,945.13,,True,True,,,True,True,,53200.0,,,,0.7,3.24,1.09,False,1,True,,,,False,
3395,3395.T,サンマルクホールディングス,2022-08,NEW,1,50.81,62.28,False,True,11.47,2022-08,1609.0,1609.0,1609.0,0.0,1630.48,1583.89,1536.01,False,True,True,True,True,True,True,47793.0,1689.0,-4.74,False,0.6,1.31,0.85,True,2,False,5.88,-0.76,False,False,
3778,3778.T,さくらインターネット,2022-08,CONTINUE,6,44.79,56.18,False,False,11.39,2022-03,570.0,581.0,581.0,1.93,529.44,533.12,,True,True,,,True,False,,107400.0,,,,1.61,2.27,0.97,True,1,True,,,,False,
8125,8125.T,ワキタ,2022-08,CONTINUE,3,58.33,69.68,True,True,11.34,2022-06,1195.0,1122.0,1122.0,-6.11,1149.08,1076.28,1052.47,True,True,True,True,True,True,True,117483.0,,,,1.07,1.54,1.15,False,2,True,,,,False,
8136,8136.T,サンリオ,2022-08,CONTINUE,3,78.49,89.83,True,True,11.34,2022-06,205.67,245.0,245.0,19.12,173.81,172.13,168.07,True,True,True,True,True,True,True,3759850.0,,,,2.45,2.98,1.28,False,1,True,,,,False,
2897,2897.T,日清食品ホールディングス,2022-08,NEW,1,64.89,76.23,True,True,11.33,2022-08,3320.0,3320.0,3320.0,0.0,3282.93,3091.51,2961.05,True,True,True,True,True,True,True,975660.0,3420.0,-2.92,False,0.62,1.61,0.72,True,2,True,15.14,1.06,False,False,
7609,7609.T,ダイトロン,2022-08,CONTINUE,2,52.69,64.0,True,True,11.32,2022-07,943.0,1057.5,1057.5,12.14,914.44,957.56,988.09,True,False,False,False,False,True,False,61453.0,,,,1.26,1.79,0.93,True,4,True,,,,False,
8935,8935.T,ＦＪネクストホールディングス,2022-08,CONTINUE,5,52.7,64.0,False,False,11.3,2022-04,997.0,1031.0,1031.0,3.41,991.24,991.47,,True,True,,,False,False,,102817.0,,,,0.72,1.07,0.94,True,1,False,,,,False,
7148,7148.T,ＦＰＧ,2022-08,CONTINUE,6,70.59,81.85,True,True,11.25,2022-03,863.0,1256.0,1256.0,45.54,767.28,732.28,,True,True,,,False,True,,882127.0,,,,1.06,3.18,0.87,True,1,True,,,,False,
6407,6407.T,ＣＫＤ,2022-08,CONTINUE,2,36.27,47.46,True,True,11.19,2022-07,1876.0,1851.0,1851.0,-1.33,1773.88,1767.45,1997.35,True,True,False,False,False,False,False,255517.0,,,,0.78,2.42,1.05,False,4,True,,,,False,
8334,8334.T,群馬銀行,2022-08,NEW,1,59.42,70.59,True,True,11.17,2022-08,389.0,389.0,389.0,0.0,380.2,372.93,367.87,True,True,True,True,True,True,True,1161040.0,420.0,-7.38,False,1.32,1.96,1.14,False,2,True,8.6,3.5,False,False,
3983,3983.T,オロ,2022-08,NEW,1,10.36,21.47,False,True,11.11,2022-08,1776.0,1776.0,1776.0,0.0,1571.12,1664.57,2257.32,True,True,False,False,False,False,False,62550.0,4115.0,-56.84,False,1.26,3.63,1.19,False,4,True,-26.78,2.57,True,False,
9740,9740.T,セントラル警備保障,2022-08,CONTINUE,6,39.5,50.58,False,False,11.08,2022-03,2505.0,2519.0,2519.0,0.56,2391.24,2372.56,,True,True,,,True,False,,56150.0,,,,0.67,2.01,1.0,False,1,True,,,,False,
7951,7951.T,ヤマハ,2022-08,CONTINUE,3,43.65,54.7,True,False,11.05,2022-06,1866.67,1820.0,1820.0,-2.5,1811.2,1753.13,1938.8,True,True,False,False,True,True,False,1636020.0,,,,1.09,2.78,0.96,True,4,True,,,,False,
9003,9003.T,相鉄ホールディングス,2022-08,CONTINUE,12,61.67,72.73,False,False,11.05,2021-09,2226.0,2401.0,2401.0,7.86,2203.36,,,True,,,,True,,,345823.0,,,,2.31,2.29,1.15,False,1,False,,,,False,
2124,2124.T,ジェイエイシーリクルートメント,2022-08,CONTINUE,2,56.6,67.61,True,False,11.01,2022-07,489.25,494.5,494.5,1.07,458.69,446.77,486.21,True,True,True,False,True,True,False,347773.0,,,,0.75,1.99,1.0,False,3,True,,,,False,
6841,6841.T,横河電機,2022-08,CONTINUE,4,71.51,82.52,True,False,11.01,2022-05,2318.0,2445.0,2445.0,5.48,2183.04,2057.64,2034.74,True,True,True,True,True,True,,932947.0,,,,1.32,2.35,0.71,True,1,True,,,,False,
6197,6197.T,ソラスト,2022-08,NEW,1,29.9,40.86,False,True,10.97,2022-08,899.0,899.0,899.0,0.0,839.24,757.16,946.01,True,True,False,False,True,False,False,232653.0,1600.0,-43.81,False,1.25,3.79,1.01,False,4,True,-4.26,4.87,True,False,
4763,4763.T,クリーク・アンド・リバー社,2022-08,CONTINUE,3,77.14,88.09,True,False,10.95,2022-06,2049.0,2425.0,2425.0,18.35,1979.76,1985.56,1933.99,True,True,True,False,False,True,True,59423.0,,,,1.2,3.27,1.05,False,1,True,,,,False,
5463,5463.T,丸一鋼管,2022-08,CONTINUE,5,63.87,74.72,True,True,10.85,2022-04,924.67,993.0,993.0,7.39,928.63,916.2,,False,True,,,True,True,,756570.0,,,,0.87,1.58,0.9,True,1,False,,,,False,
3333,3333.T,あさひ,2022-08,NEW,1,41.02,51.85,False,True,10.83,2022-08,1331.0,1331.0,1331.0,0.0,1317.16,1303.93,1337.57,True,True,False,False,True,False,False,31107.0,1462.0,-8.96,False,1.0,0.77,1.1,False,4,False,1.16,1.78,False,False,
5803,5803.T,フジクラ,2022-08,CONTINUE,5,82.74,93.41,True,True,10.67,2022-04,103.5,165.67,165.67,60.06,96.75,98.75,,True,True,,,True,True,,11281680.0,,,,1.67,4.01,1.26,False,1,True,,,,False,
6507,6507.T,シンフォニアテクノロジー,2022-08,CONTINUE,9,64.88,75.56,True,True,10.67,2021-12,1312.0,1516.0,1516.0,15.55,1288.0,1270.0,,True,True,,,False,True,,126040.0,,,,0.54,2.17,1.07,False,1,False,,,,False,
2676,2676.T,高千穂交易,2022-08,NEW,1,89.39,100.0,True,True,10.61,2022-08,1150.0,1150.0,1150.0,0.0,1097.92,988.01,830.22,True,True,True,True,True,True,True,70340.0,1238.0,-7.11,False,1.72,3.5,1.16,False,2,True,53.12,0.13,False,False,
4985,4985.T,アース製薬,2022-08,NEW,1,31.73,42.31,False,True,10.57,2022-08,5460.0,5460.0,5460.0,0.0,5369.6,5308.0,5649.55,True,True,False,False,False,True,False,55070.0,7280.0,-25.0,False,0.95,1.52,0.92,True,4,True,-5.19,3.16,False,False,
9202,9202.T,ＡＮＡホールディングス,2022-08,NEW,1,52.02,62.54,True,True,10.52,2022-08,2687.5,2687.5,2687.5,0.0,2574.54,2518.31,2487.34,True,True,True,True,True,True,False,2876433.0,2974.0,-9.63,False,1.13,1.65,1.1,False,3,True,5.28,1.07,True,False,
4997,4997.T,日本農薬,2022-08,CONTINUE,6,80.55,91.06,True,True,10.51,2022-03,611.0,859.0,859.0,40.59,561.72,524.43,,True,True,,,True,True,,141253.0,,,,0.92,2.51,0.98,True,1,True,,,,False,
2331,2331.T,ＡＬＳＯＫ,2022-08,CONTINUE,2,15.35,25.79,False,True,10.44,2022-07,744.0,723.0,723.0,-2.82,771.76,736.15,838.4,False,True,False,False,True,False,False,2045100.0,,,,1.13,2.35,1.01,False,4,False,,,,False,
4212,4212.T,積水樹脂,2022-08,NEW,1,26.0,36.36,False,True,10.36,2022-08,1726.0,1726.0,1726.0,0.0,1714.48,1704.55,1854.06,True,True,False,False,False,False,False,51883.0,2373.0,-27.27,False,0.95,1.36,1.02,False,4,False,-8.47,2.05,True,False,
8217,8217.T,オークワ,2022-08,NEW,1,36.12,46.48,True,True,10.36,2022-08,911.0,911.0,911.0,0.0,898.0,873.84,914.62,True,True,False,False,True,True,False,37667.0,1260.0,-27.7,False,0.77,1.7,1.14,False,4,True,-5.09,1.73,False,False,
4631,4631.T,ＤＩＣ,2022-08,NEW,1,39.24,49.52,True,True,10.28,2022-08,2505.0,2505.0,2505.0,0.0,2488.28,2469.47,2633.66,True,True,False,False,True,True,False,350587.0,3380.0,-25.89,False,1.15,1.55,0.94,True,4,True,-8.52,1.05,False,False,
7236,7236.T,ティラド,2022-08,CONTINUE,2,52.53,62.8,True,True,10.27,2022-07,259.5,279.8,279.8,7.82,259.36,255.28,267.75,True,True,False,False,False,True,False,273200.0,,,,0.84,2.1,0.87,True,4,False,,,,False,
9769,9769.T,学究社,2022-08,NEW,1,70.05,80.28,True,True,10.24,2022-08,1636.0,1636.0,1636.0,0.0,1592.68,1586.56,1563.67,True,True,True,True,True,True,True,16607.0,1680.0,-2.62,False,0.82,0.9,0.87,True,2,True,6.31,-0.26,False,False,
4028,4028.T,石原産業,2022-08,NEW,1,50.66,60.85,False,True,10.19,2022-08,1128.0,1128.0,1128.0,0.0,1058.4,1055.65,1095.38,True,True,True,False,True,True,False,263707.0,1420.0,-20.56,False,0.89,2.74,1.01,False,3,True,2.18,2.86,False,False,
7199,7199.T,プレミアグループ,2022-08,NEW,1,71.23,81.27,True,True,10.05,2022-08,1738.0,1738.0,1738.0,0.0,1667.32,1451.35,1330.67,True,True,True,True,True,True,True,253357.0,1790.0,-2.91,False,1.27,2.82,1.01,False,2,True,40.13,-0.28,False,False,
2884,2884.T,ヨシムラ・フード・ホールディングス,2022-08,NEW,1,25.72,35.71,True,True,9.99,2022-08,501.0,501.0,501.0,0.0,491.84,503.65,546.39,True,False,False,False,True,False,False,53437.0,810.0,-38.15,False,1.89,1.92,0.95,True,4,True,-17.07,1.18,False,False,
6616,6616.T,トレックス・セミコンダクター,2022-08,CONTINUE,2,48.1,58.02,False,True,9.92,2022-07,2711.0,2952.0,2952.0,8.89,2555.12,2578.52,2747.91,True,True,False,False,False,False,False,77033.0,,,,1.0,3.54,1.0,True,4,True,,,,False,
3486,3486.T,グローバル・リンク・マネジメント,2022-08,CONTINUE,4,54.56,64.41,False,False,9.84,2022-05,456.5,459.5,459.5,0.66,450.44,432.19,456.3,True,True,True,False,True,True,,30073.0,,,,0.77,2.32,0.72,True,1,True,,,,False,
7267,7267.T,本田技研工業,2022-08,NEW,1,54.41,64.16,True,True,9.75,2022-08,1241.33,1241.33,1241.33,0.0,1185.53,1128.8,1118.93,True,True,True,True,True,True,True,12787710.0,1251.67,-0.83,False,0.93,1.95,0.88,True,2,True,11.65,3.71,True,True,MVP
9551,9551.T,メタウォーター,2022-08,NEW,1,47.22,56.96,False,True,9.75,2022-08,2057.0,2057.0,2057.0,0.0,2028.04,2022.32,2008.96,True,True,True,True,True,True,True,85800.0,2182.0,-5.73,False,0.6,1.92,1.0,False,2,True,2.27,0.92,False,False,
9506,9506.T,東北電力,2022-08,CONTINUE,2,28.91,38.64,False,False,9.73,2022-07,737.0,692.0,692.0,-6.11,731.64,730.24,755.67,True,True,False,False,True,True,False,2521857.0,,,,1.0,1.74,0.96,True,4,True,,,,False,
7856,7856.T,萩原工業,2022-08,NEW,1,36.86,46.56,True,True,9.69,2022-08,1107.0,1107.0,1107.0,0.0,1120.64,1118.4,1179.19,False,False,False,False,True,True,False,28030.0,1688.0,-34.42,False,1.16,1.3,1.0,True,4,True,-12.76,-1.25,False,False,
4301,4301.T,アミューズ,2022-08,NEW,1,38.97,48.62,False,True,9.65,2022-08,1939.0,1939.0,1939.0,0.0,2005.84,2014.99,2023.99,False,False,False,False,True,True,False,34153.0,2447.0,-20.76,False,0.73,1.53,0.73,True,4,False,-8.49,-2.83,False,False,
8057,8057.T,内田洋行,2022-08,CONTINUE,3,51.01,60.63,False,False,9.62,2022-06,1004.0,999.0,999.0,-0.5,1011.92,953.52,976.77,False,True,True,False,True,True,False,236683.0,,,,0.43,2.18,0.75,True,3,True,,,,False,
7259,7259.T,アイシン,2022-08,CONTINUE,3,38.96,48.54,True,True,9.58,2022-06,1400.0,1385.0,1385.0,-1.07,1431.33,1352.42,1398.51,False,True,True,False,True,True,True,2732780.0,,,,0.82,2.56,0.9,True,2,True,,,,False,
6963,6963.T,ローム,2022-08,CONTINUE,4,51.75,61.31,True,True,9.57,2022-05,2655.0,2630.0,2630.0,-0.94,2413.7,2312.3,2511.59,True,True,True,False,True,False,,2803547.0,,,,1.23,2.41,0.89,True,1,True,,,,False,
8877,8877.T,エスリード,2022-08,NEW,1,60.43,70.0,True,True,9.57,2022-08,1731.0,1731.0,1731.0,0.0,1722.08,1699.36,1699.17,True,True,True,True,True,True,True,9753.0,1829.0,-5.36,False,0.66,1.05,0.93,True,2,False,3.31,0.26,False,False,
1414,1414.T,ショーボンドホールディングス,2022-08,CONTINUE,15,80.22,89.77,True,False,9.56,2021-06,1156.25,1507.5,1507.5,30.38,,,,,,,,,,,,,,,,,,,,,,,,False,
6088,6088.T,シグマクシス・ホールディングス,2022-08,CONTINUE,3,52.87,62.4,False,False,9.53,2022-06,543.0,620.5,620.5,14.27,527.94,547.64,607.68,True,False,False,False,False,False,False,364147.0,,,,0.84,4.0,1.05,False,4,True,,,,False,
3436,3436.T,ＳＵＭＣＯ,2022-08,CONTINUE,3,33.33,42.86,False,False,9.52,2022-06,1759.0,1910.0,1910.0,8.58,1979.32,1943.79,2139.86,False,False,False,False,True,True,False,5309717.0,,,,1.31,4.06,1.24,False,4,False,,,,False,
7630,7630.T,壱番屋,2022-08,CONTINUE,9,35.1,44.62,False,False,9.52,2021-12,929.0,911.0,911.0,-1.94,909.84,918.53,,True,True,,,False,False,,104283.0,,,,1.18,1.3,1.09,False,1,True,,,,False,
7038,7038.T,フロンティア・マネジメント,2022-08,CONTINUE,7,56.41,65.91,True,False,9.5,2022-02,923.0,1357.0,1357.0,47.02,721.96,768.51,,True,True,,,True,False,,122127.0,,,,1.25,5.82,1.31,False,1,True,,,,False,
6952,6952.T,カシオ計算機,2022-08,CONTINUE,3,28.99,38.44,True,False,9.45,2022-06,1259.0,1322.0,1322.0,5.0,1239.36,1297.41,1456.96,True,False,False,False,False,False,False,1406707.0,,,,0.68,2.33,0.83,True,4,True,,,,False,
6103,6103.T,オークマ,2022-08,CONTINUE,6,48.22,57.58,True,False,9.36,2022-03,2550.0,2650.0,2650.0,3.92,2396.3,2473.93,,True,True,,,False,False,,338933.0,,,,0.63,2.67,0.92,True,1,True,,,,False,
9684,9684.T,ｽｸｳｪｱ･ｴﾆｯｸｽ･ﾎｰﾙﾃﾞｨﾝｸﾞｽ,2022-08,CONTINUE,4,56.22,65.53,True,True,9.31,2022-05,2136.67,2023.33,2023.33,-5.3,1888.53,1856.53,1978.13,True,True,True,False,True,True,,1947110.0,,,,0.97,3.05,0.91,True,1,True,,,,False,
2378,2378.T,ルネサンス,2022-08,NEW,1,30.48,39.67,False,True,9.19,2022-08,963.0,963.0,963.0,0.0,966.2,947.09,1024.95,False,True,False,False,True,True,False,45287.0,1548.0,-37.79,False,0.97,1.46,0.92,True,4,True,-8.29,-0.95,False,False,
3480,3480.T,ジェイ・エス・ビー,2022-08,CONTINUE,7,43.86,53.02,False,True,9.16,2022-02,1587.5,1740.0,1740.0,9.61,1494.96,1478.48,,True,True,,,True,True,,61833.0,,,,0.95,2.84,1.16,False,1,True,,,,False,
5911,5911.T,横河ブリッジホールディングス,2022-08,NEW,1,43.13,52.29,False,True,9.15,2022-08,1949.0,1949.0,1949.0,0.0,1932.4,1937.36,2015.18,True,True,False,False,False,True,False,122357.0,2525.0,-22.81,False,0.95,1.2,1.05,False,4,False,-4.39,0.7,True,False,
2317,2317.T,システナ,2022-08,CONTINUE,4,40.15,49.29,False,False,9.13,2022-05,420.0,429.0,429.0,2.14,427.8,419.96,464.32,False,True,False,False,True,True,,772673.0,,,,1.47,4.52,1.02,False,4,True,,,,False,
7187,7187.T,ジェイリース,2022-08,CONTINUE,2,71.79,80.9,True,True,9.11,2022-07,1056.0,1294.5,1294.5,22.59,1006.28,898.29,936.38,True,True,True,False,True,True,True,842900.0,,,,1.03,5.36,1.16,False,3,True,,,,False,
9948,9948.T,アークス,2022-08,CONTINUE,2,32.07,41.16,False,False,9.09,2022-07,2119.0,2037.0,2037.0,-3.87,2080.96,2028.99,2114.01,True,True,True,False,True,False,False,87250.0,,,,0.72,1.53,0.87,True,3,True,,,,False,
1959,1959.T,クラフティア,2022-08,NEW,1,36.7,45.74,False,True,9.04,2022-08,2811.0,2811.0,2811.0,0.0,2836.08,2749.72,3027.11,False,True,False,False,True,False,False,178223.0,4260.0,-34.01,False,0.47,1.46,0.88,True,4,False,-9.29,1.33,False,False,
3193,3193.T,エターナルホスピタリティグループ,2022-08,CONTINUE,5,57.51,66.55,False,False,9.04,2022-04,1773.0,2165.0,2165.0,22.11,1809.56,1786.0,,False,False,,,True,True,,65563.0,,,,0.88,2.24,0.86,True,1,True,,,,False,
4634,4634.T,ａｒｔｉｅｎｃｅ,2022-08,CONTINUE,5,45.59,54.62,True,True,9.03,2022-04,1935.0,1914.0,1914.0,-1.09,1916.24,1893.89,,True,True,,,True,False,,105373.0,,,,1.02,1.35,0.95,True,1,False,,,,False,
8341,8341.T,七十七銀行,2022-08,CONTINUE,10,77.47,86.44,True,True,8.96,2021-11,385.33,593.0,593.0,53.89,398.43,412.74,,False,False,,,False,,,591680.0,,,,1.23,2.0,0.99,True,1,False,,,,False,
2579,2579.T,ｺｶ･ｺｰﾗ ﾎﾞﾄﾗｰｽﾞｼﾞｬﾊﾟﾝﾎｰﾙﾃﾞｨﾝｸﾞｽ,2022-08,CONTINUE,5,39.87,48.82,False,False,8.95,2022-04,1460.0,1429.0,1429.0,-2.12,1441.28,1419.71,,True,True,,,True,True,,587583.0,,,,1.08,2.22,1.2,False,1,True,,,,False,
4540,4540.T,ツムラ,2022-08,CONTINUE,2,40.58,49.52,True,True,8.94,2022-07,3115.0,3195.0,3195.0,2.57,3142.08,3067.63,3251.86,False,True,False,False,True,False,False,108993.0,,,,0.72,1.78,0.94,True,4,True,,,,False,
6463,6463.T,ＴＰＲ,2022-08,NEW,1,34.95,43.85,True,True,8.9,2022-08,639.0,639.0,639.0,0.0,640.26,624.65,665.17,False,True,False,False,True,True,False,167193.0,790.0,-19.11,False,0.77,1.55,0.85,True,4,True,-7.36,0.84,False,False,
1721,1721.T,コムシスホールディングス,2022-08,CONTINUE,7,35.34,44.22,False,True,8.87,2022-02,2773.0,2594.0,2594.0,-6.46,2740.88,2667.71,,True,True,,,True,False,,631640.0,,,,0.97,2.11,1.18,False,1,True,,,,False,
2685,2685.T,アンドエスティＨＤ,2022-08,CONTINUE,5,49.77,58.64,False,False,8.86,2022-04,2136.0,2021.0,2021.0,-5.38,2029.56,1809.33,,True,True,,,True,True,,358517.0,,,,0.65,3.92,0.91,True,1,True,,,,False,
8032,8032.T,日本紙パルプ商事,2022-08,NEW,1,64.09,72.9,True,True,8.8,2022-08,437.0,437.0,437.0,0.0,426.98,394.67,395.0,True,True,True,False,True,True,True,125733.0,445.0,-1.8,False,0.85,1.97,0.87,True,2,True,15.94,2.62,False,False,
9716,9716.T,乃村工藝社,2022-08,NEW,1,49.49,58.19,False,True,8.71,2022-08,947.0,947.0,947.0,0.0,933.48,904.84,932.89,True,True,True,False,True,True,False,180310.0,1148.0,-17.51,False,0.96,1.93,0.95,True,3,True,2.09,0.26,False,False,
4503,4503.T,アステラス製薬,2022-08,CONTINUE,5,52.36,60.99,False,False,8.63,2022-04,1978.0,1984.5,1984.5,0.33,1998.4,1947.67,,False,True,,,True,True,,5500810.0,,,,0.96,2.81,0.74,True,1,True,,,,False,
8411,8411.T,みずほフィナンシャルグループ,2022-08,CONTINUE,2,50.48,59.11,True,False,8.63,2022-07,1583.5,1593.5,1593.5,0.63,1562.0,1549.75,1541.05,True,True,True,True,True,False,False,7866463.0,,,,0.76,1.28,0.92,True,1,True,,,,False,
1433,1433.T,ベステラ,2022-08,CONTINUE,2,26.71,35.32,False,False,8.61,2022-07,1186.0,1127.0,1127.0,-4.97,1144.92,1167.97,1256.97,True,True,False,False,False,False,False,91513.0,,,,0.68,2.95,1.39,False,4,True,,,,False,
2980,2980.T,SREホールディングス,2022-08,NEW,1,30.77,39.38,False,True,8.61,2022-08,2885.0,2885.0,2885.0,0.0,2988.88,2431.75,4127.57,False,True,False,False,True,True,False,649287.0,10270.0,-71.91,False,1.03,7.03,0.94,True,4,True,-9.19,3.81,False,False,
9068,9068.T,丸全昭和運輸,2022-08,CONTINUE,2,44.27,52.81,True,False,8.53,2022-07,3275.0,3190.0,3190.0,-2.6,3138.04,3078.64,3179.68,True,True,True,False,True,True,False,43543.0,,,,0.49,2.01,0.84,True,3,True,,,,False,
3496,3496.T,アズーム,2022-08,CONTINUE,4,67.97,76.49,True,False,8.52,2022-05,1880.0,2192.5,2192.5,16.62,1753.6,1546.9,1439.9,True,True,True,True,True,True,,221893.0,,,,0.57,6.08,0.73,True,1,True,,,,False,
6706,6706.T,電気興業,2022-08,CONTINUE,5,60.63,69.12,True,True,8.49,2022-04,2445.0,2525.0,2525.0,3.27,2365.56,2361.72,,True,True,,,True,False,,28667.0,,,,0.86,2.0,0.86,True,1,True,,,,False,
7226,7226.T,極東開発工業,2022-08,CONTINUE,3,38.8,47.26,True,False,8.46,2022-06,1437.0,1372.0,1372.0,-4.52,1430.24,1368.04,1473.79,True,True,False,False,True,True,False,114370.0,,,,0.86,1.72,0.8,True,4,True,,,,False,
3608,3608.T,ＴＳＩホールディングス,2022-08,NEW,1,59.86,68.28,True,True,8.41,2022-08,389.0,389.0,389.0,0.0,364.88,349.03,338.28,True,True,True,True,True,True,True,300873.0,397.0,-2.02,False,1.23,2.39,0.86,True,1,True,16.32,2.86,False,False,
6367,6367.T,ダイキン工業,2022-08,CONTINUE,2,56.86,65.25,True,True,8.39,2022-07,23250.0,24485.0,24485.0,5.31,22357.6,21004.8,22859.45,True,True,True,False,True,True,False,873503.0,,,,0.81,2.22,1.0,False,3,True,,,,False,
4091,4091.T,日本酸素ホールディングス,2022-08,NEW,1,56.19,64.49,True,True,8.29,2022-08,2544.0,2544.0,2544.0,0.0,2468.68,2358.39,2373.12,True,True,True,False,True,True,False,582860.0,3100.0,-17.94,False,0.9,2.47,1.13,False,3,True,3.5,-0.05,False,False,
6590,6590.T,芝浦メカトロニクス,2022-08,CONTINUE,2,61.51,69.69,False,True,8.17,2022-07,666.0,774.67,774.67,16.32,640.61,624.04,570.66,True,True,True,True,False,True,True,1002500.0,,,,0.79,3.44,0.91,True,2,True,,,,False,
8386,8386.T,百十四銀行,2022-08,NEW,1,61.25,69.16,False,True,7.91,2022-08,425.0,425.0,425.0,0.0,424.6,425.98,409.98,True,False,True,False,True,True,True,170733.0,459.75,-7.56,False,0.68,1.08,0.87,True,2,False,5.51,0.23,False,False,
7832,7832.T,バンダイナムコホールディングス,2022-08,CONTINUE,3,69.83,77.73,True,False,7.9,2022-06,3193.0,3495.0,3495.0,9.46,3178.09,3066.18,2954.86,True,True,True,True,True,True,True,1917070.0,,,,1.09,2.44,0.9,True,2,False,,,,False,
1720,1720.T,東急建設,2022-08,NEW,1,37.57,45.4,False,True,7.83,2022-08,656.0,656.0,656.0,0.0,641.72,624.13,656.17,True,True,False,False,True,True,False,318607.0,833.0,-21.25,False,1.55,1.33,0.98,True,4,True,0.08,3.64,False,False,
1766,1766.T,東建コーポレーション,2022-08,CONTINUE,2,39.24,47.04,False,True,7.79,2022-07,8860.0,8900.0,8900.0,0.45,8213.2,8337.73,8876.1,True,True,False,False,True,False,False,32093.0,,,,0.68,1.81,0.78,True,4,True,,,,False,
2593,2593.T,伊藤園,2022-08,NEW,1,46.03,53.8,False,True,7.77,2022-08,6140.0,6140.0,6140.0,0.0,6227.2,5912.27,6135.45,False,True,True,False,True,True,False,186893.0,7850.0,-21.78,False,1.45,1.9,0.96,True,3,False,-2.85,-0.77,False,False,
3663,3663.T,セルシス,2022-08,CONTINUE,2,53.1,60.85,True,False,7.75,2022-07,809.0,941.0,941.0,16.32,729.52,780.09,844.04,True,True,False,False,False,False,False,257783.0,,,,1.12,3.32,1.01,False,4,True,,,,False,
6062,6062.T,チャーム  ･ケア  ･コーポレーション,2022-08,CONTINUE,2,50.82,58.5,False,True,7.68,2022-07,1224.0,1255.0,1255.0,2.53,1046.56,1094.59,1261.67,True,True,False,False,True,False,False,199447.0,,,,1.04,3.0,1.11,False,4,True,,,,False,
9531,9531.T,東京瓦斯,2022-08,CONTINUE,9,66.95,74.61,True,True,7.66,2021-12,2062.0,2612.0,2612.0,26.67,2030.4,2019.04,,True,True,,,True,False,,1311743.0,,,,0.47,1.53,0.94,True,1,True,,,,False,
5332,5332.T,ＴＯＴＯ,2022-08,CONTINUE,2,37.45,45.07,True,True,7.62,2022-07,4505.0,4835.0,4835.0,7.33,4488.8,4397.27,4855.52,True,True,False,False,True,False,False,522557.0,,,,0.64,2.23,0.89,True,4,False,,,,False,
5563,5563.T,新日本電工,2022-08,CONTINUE,5,61.02,68.54,True,True,7.52,2022-04,318.0,372.0,372.0,16.98,327.08,327.57,,False,False,,,False,True,,937597.0,,,,1.32,2.61,1.04,False,1,False,,,,False,
9739,9739.T,ＮＳＷ,2022-08,CONTINUE,5,51.26,58.75,False,False,7.49,2022-04,2318.0,2311.0,2311.0,-0.3,2209.48,2155.56,,True,True,,,True,False,,20210.0,,,,1.6,2.61,1.1,False,1,True,,,,False,
8007,8007.T,高島,2022-08,NEW,1,78.48,85.94,False,True,7.47,2022-08,321.88,321.88,321.88,0.0,321.11,317.38,297.8,True,True,True,True,False,True,True,66320.0,330.38,-2.57,False,0.46,1.19,0.66,True,2,False,16.14,-2.43,False,False,
7606,7606.T,ユナイテッドアローズ,2022-08,CONTINUE,4,43.46,50.92,False,False,7.46,2022-05,2029.0,1836.0,1836.0,-9.51,1873.08,1806.87,1897.48,True,True,True,False,True,True,,190167.0,,,,1.11,3.33,0.83,True,1,True,,,,False,
9424,9424.T,日本通信,2022-08,CONTINUE,4,52.14,59.49,True,False,7.35,2022-05,201.0,227.0,227.0,12.94,192.12,189.09,204.41,True,True,False,False,False,True,,4186297.0,,,,1.03,4.55,0.9,True,4,True,,,,False,
8802,8802.T,三菱地所,2022-08,CONTINUE,6,54.77,62.06,False,False,7.29,2022-03,1819.0,1880.0,1880.0,3.35,1744.0,1678.29,,True,True,,,True,True,,4337070.0,,,,1.01,2.32,0.97,True,1,True,,,,False,
3636,3636.T,三菱総合研究所,2022-08,CONTINUE,5,54.04,61.29,False,False,7.26,2022-04,3920.0,4175.0,4175.0,6.51,3943.0,3859.13,,False,True,,,True,False,,49760.0,,,,2.08,1.89,0.91,True,1,False,,,,False,
6762,6762.T,ＴＤＫ,2022-08,NEW,1,55.01,62.26,True,True,7.26,2022-08,983.0,983.0,983.0,0.0,959.16,890.47,878.63,True,True,True,True,True,True,True,10950233.0,1024.0,-4.0,False,0.69,2.39,0.95,True,1,True,10.88,-2.14,False,False,
4097,4097.T,高圧ガス工業,2022-08,NEW,1,52.41,59.57,False,True,7.17,2022-08,670.0,670.0,670.0,0.0,670.0,660.52,696.62,False,True,False,False,False,True,False,42117.0,825.0,-18.79,False,0.69,1.92,1.02,False,4,False,-4.36,0.75,False,False,
8282,8282.T,ケーズホールディングス,2022-08,CONTINUE,7,50.8,57.86,False,False,7.06,2022-02,1240.0,1285.0,1285.0,3.63,1199.08,1156.47,,True,True,,,True,True,,1160713.0,,,,0.96,1.97,0.9,True,1,True,,,,False,
2730,2730.T,エディオン,2022-08,NEW,1,58.05,65.09,False,True,7.04,2022-08,1199.0,1199.0,1199.0,0.0,1216.4,1230.15,1152.78,False,False,True,False,False,True,True,380287.0,1347.0,-10.99,False,0.7,1.1,0.62,True,2,False,6.63,0.33,False,False,
4443,4443.T,Ｓａｎｓａｎ,2022-08,CONTINUE,2,39.38,46.36,False,False,6.97,2022-07,1321.0,1327.0,1327.0,0.45,1087.8,1098.95,1730.9,True,True,False,False,True,False,False,3142543.0,,,,0.76,6.1,1.19,False,4,True,,,,False,
6638,6638.T,ミマキエンジニアリング,2022-08,NEW,1,44.53,51.5,False,True,6.97,2022-08,696.0,696.0,696.0,0.0,670.04,589.07,710.62,True,True,False,False,True,True,False,98170.0,1100.0,-36.73,False,0.47,3.7,0.88,True,4,True,-1.24,5.23,False,False,
4045,4045.T,東亞合成,2022-08,NEW,1,46.38,53.33,True,True,6.96,2022-08,1089.0,1089.0,1089.0,0.0,1087.12,1049.85,1100.88,True,True,False,False,True,True,False,226247.0,1395.0,-21.94,False,0.64,1.71,0.87,True,4,True,-2.56,0.91,False,False,
4996,4996.T,クミアイ化学工業,2022-08,CONTINUE,6,65.95,72.91,True,True,6.96,2022-03,885.0,1088.0,1088.0,22.94,851.36,814.16,,True,True,,,True,True,,221317.0,,,,0.87,3.82,0.92,True,1,True,,,,False,
7525,7525.T,リックス,2022-08,CONTINUE,8,74.05,80.97,False,False,6.92,2022-01,1503.0,1979.0,1979.0,31.67,1488.2,1493.37,,True,True,,,False,False,,5873.0,,,,1.05,0.83,1.1,False,1,True,,,,False,
8713,8713.T,フィデアホールディングス,2022-08,NEW,1,59.33,66.23,True,True,6.9,2022-08,1323.0,1323.0,1323.0,0.0,1312.52,1287.75,1307.12,True,True,True,False,True,True,True,29967.0,1493.0,-11.39,False,0.55,1.0,0.89,True,2,True,4.81,1.27,False,False,
4187,4187.T,大阪有機化学工業,2022-08,NEW,1,23.65,30.48,False,True,6.83,2022-08,2586.0,2586.0,2586.0,0.0,2523.76,2491.79,2924.2,True,True,False,False,True,False,False,97500.0,4295.0,-39.79,False,0.86,2.4,1.09,False,4,True,-17.28,1.29,False,False,
9743,9743.T,丹青社,2022-08,CONTINUE,4,40.62,47.27,False,False,6.65,2022-05,819.0,796.0,796.0,-2.81,792.4,767.56,817.07,True,True,True,False,False,True,,83407.0,,,,1.02,2.23,1.03,False,3,True,,,,False,
8179,8179.T,ロイヤルホールディングス,2022-08,CONTINUE,5,50.28,56.93,False,False,6.64,2022-04,1040.0,1093.5,1093.5,5.14,1031.24,971.5,,True,True,,,True,True,,343040.0,,,,1.4,2.06,0.98,True,1,False,,,,False,
4182,4182.T,三菱瓦斯化学,2022-08,CONTINUE,2,43.37,50.0,True,True,6.63,2022-07,1924.0,2081.0,2081.0,8.16,1943.84,1977.03,2037.83,False,False,False,False,False,False,False,1014373.0,,,,0.64,2.17,0.85,True,4,False,,,,False,
8585,8585.T,オリエントコーポレーション,2022-08,CONTINUE,5,39.83,46.43,False,False,6.6,2022-04,1250.0,1220.0,1220.0,-2.4,1258.8,1254.4,,False,False,,,True,True,,422330.0,,,,0.87,2.06,0.91,True,1,True,,,,False,
3101,3101.T,東洋紡,2022-08,NEW,1,31.54,38.1,True,True,6.55,2022-08,1058.0,1058.0,1058.0,0.0,1043.72,1032.15,1137.72,True,True,False,False,True,False,False,523710.0,1475.0,-28.27,False,0.65,1.49,0.77,True,4,True,-10.63,2.2,False,False,
5262,5262.T,日本ヒューム,2022-08,NEW,1,44.67,51.22,True,True,6.55,2022-08,346.5,346.5,346.5,0.0,337.94,336.97,343.91,True,True,True,False,True,True,False,31340.0,384.0,-9.77,False,0.72,1.26,0.91,True,3,True,-1.96,1.9,False,False,
3678,3678.T,メディアドゥ,2022-08,CONTINUE,2,30.15,36.63,True,False,6.48,2022-07,2191.0,2069.0,2069.0,-5.57,1952.12,1867.15,2908.88,True,True,False,False,True,False,False,163593.0,,,,1.14,5.14,1.05,False,4,True,,,,False,
7931,7931.T,未来工業,2022-08,CONTINUE,4,36.86,43.33,False,False,6.47,2022-05,1557.0,1523.0,1523.0,-2.18,1482.52,1511.04,1577.19,True,True,False,False,False,False,,8297.0,,,,1.98,1.74,1.13,False,4,True,,,,False,
6465,6465.T,ホシザキ,2022-08,CONTINUE,3,40.53,46.86,True,False,6.33,2022-06,4045.0,4150.0,4150.0,2.6,3947.0,4038.27,4353.48,True,True,False,False,True,False,False,388263.0,,,,0.91,2.14,1.09,False,4,True,,,,False,
9532,9532.T,大阪瓦斯,2022-08,CONTINUE,7,60.41,66.67,False,False,6.26,2022-02,2109.0,2344.0,2344.0,11.14,2038.48,1935.11,,True,True,,,True,True,,1065757.0,,,,1.06,1.98,1.07,False,1,True,,,,False,
8304,8304.T,あおぞら銀行,2022-08,CONTINUE,5,60.0,66.13,False,False,6.13,2022-04,2604.0,2689.0,2689.0,3.26,2592.88,2609.15,,True,False,,,True,True,,685820.0,,,,0.96,1.47,1.0,True,1,False,,,,False,
2815,2815.T,アリアケジャパン,2022-08,NEW,1,31.78,37.9,False,False,6.12,2022-08,4740.0,4740.0,4740.0,0.0,4997.8,5180.53,5602.68,False,False,False,False,False,False,False,84317.0,7590.0,-37.55,False,1.51,1.83,0.74,True,4,False,-15.82,-0.12,False,False,
4681,4681.T,リゾートトラスト,2022-08,CONTINUE,5,64.61,70.67,False,False,6.06,2022-04,1096.5,1120.5,1120.5,2.19,1067.82,1001.05,,True,True,,,True,True,,883147.0,,,,0.75,1.96,0.96,True,1,True,,,,False,
4481,4481.T,ベース,2022-08,CONTINUE,7,58.58,64.63,True,False,6.05,2022-02,2600.0,3400.0,3400.0,30.77,2220.2,2167.93,,True,True,,,True,False,,20960.0,,,,1.63,4.16,1.13,False,1,True,,,,False,
4633,4633.T,サカタインクス,2022-08,CONTINUE,2,47.25,53.29,False,False,6.04,2022-07,986.0,978.0,978.0,-0.81,952.24,937.57,975.43,True,True,True,False,True,True,False,118990.0,,,,1.27,1.85,0.95,True,3,True,,,,False,
3415,3415.T,ＴＯＫＹＯＢＡＳＥ,2022-08,NEW,1,26.65,32.63,True,True,5.98,2022-08,360.0,360.0,360.0,0.0,329.52,328.12,437.27,True,True,False,False,True,False,False,252743.0,834.0,-56.83,False,1.45,3.65,1.15,False,4,True,-20.67,2.43,False,False,
2148,2148.T,アイティメディア,2022-08,CONTINUE,3,45.11,51.03,False,False,5.92,2022-06,1604.0,1820.0,1820.0,13.47,1652.72,1690.93,1860.01,False,False,False,False,False,True,False,48577.0,,,,1.2,3.83,1.03,False,4,False,,,,False,
5208,5208.T,有沢製作所,2022-08,NEW,1,72.61,78.54,True,True,5.92,2022-08,1332.0,1332.0,1332.0,0.0,1207.56,1101.08,1019.36,True,True,True,True,True,True,True,154800.0,1343.0,-0.82,False,0.95,1.84,0.81,True,2,True,33.01,3.61,False,False,
9501,9501.T,東京電力ホールディングス,2022-08,CONTINUE,9,74.88,80.79,True,False,5.9,2021-12,297.0,544.0,544.0,83.16,303.6,318.37,,False,False,,,False,True,,13103363.0,,,,0.92,2.24,1.02,False,1,False,,,,False,
4051,4051.T,GMOフィナンシャルゲート,2022-08,CONTINUE,2,42.79,48.65,False,False,5.86,2022-07,7035.0,7670.0,7670.0,9.03,6499.2,6534.13,9543.75,True,True,False,False,True,False,False,85707.0,,,,1.06,5.35,0.89,True,4,True,,,,False,
7747,7747.T,朝日インテック,2022-08,CONTINUE,5,48.06,53.86,True,True,5.79,2022-04,2540.0,2505.0,2505.0,-1.38,2529.0,2296.07,,True,True,,,True,True,,1310257.0,,,,1.07,4.49,1.11,False,1,True,,,,False,
3252,3252.T,地主,2022-08,CONTINUE,8,72.27,78.04,True,False,5.77,2022-01,1704.0,2006.0,2006.0,17.72,1716.64,1749.67,,False,False,,,False,False,,52810.0,,,,0.55,1.63,1.02,False,1,False,,,,False,
2768,2768.T,双日,2022-08,CONTINUE,5,70.72,76.47,True,True,5.75,2022-04,1987.0,2350.0,2350.0,18.27,1987.28,1928.99,,False,True,,,False,True,,1302850.0,,,,0.83,1.97,0.96,True,1,True,,,,False,
6806,6806.T,ヒロセ電機,2022-08,CONTINUE,3,66.82,72.46,True,True,5.64,2022-06,18010.0,19850.0,19850.0,10.22,17836.0,17313.6,18017.8,True,True,False,False,True,True,True,113910.0,,,,0.99,2.9,1.1,False,4,False,,,,False,
3036,3036.T,アルコニックス,2022-08,NEW,1,48.36,53.96,True,True,5.6,2022-08,1421.0,1421.0,1421.0,0.0,1373.0,1324.79,1356.71,True,True,True,False,True,True,False,85000.0,1813.0,-21.62,False,0.87,1.59,0.83,True,3,True,1.09,2.82,False,False,
6823,6823.T,リオン,2022-08,CONTINUE,6,32.06,37.64,False,False,5.58,2022-03,2332.0,2133.0,2133.0,-8.53,2178.52,2206.44,,True,True,,,True,False,,34810.0,,,,1.61,3.57,0.87,True,1,True,,,,False,
4331,4331.T,テイクアンドギヴ・ニーズ,2022-08,CONTINUE,5,64.51,70.05,False,True,5.54,2022-04,1322.0,1593.0,1593.0,20.5,1215.48,1128.17,,True,True,,,True,True,,112887.0,,,,1.99,4.92,1.23,False,1,True,,,,False,
3993,3993.T,ＰＫＳＨＡＴｅｃｈｎｏｌｏｇｙ,2022-08,CONTINUE,3,43.68,49.2,False,False,5.51,2022-06,1849.0,2025.0,2025.0,9.52,2049.48,1997.04,2072.52,False,False,False,False,True,True,True,247843.0,,,,0.96,4.94,0.82,True,1,False,,,,False,
2379,2379.T,ディップ,2022-08,CONTINUE,2,52.5,57.99,False,True,5.48,2022-07,3550.0,3630.0,3630.0,2.25,3665.4,3762.27,3758.4,False,False,False,False,True,True,False,288943.0,,,,0.93,4.25,0.69,True,4,True,,,,False,
4088,4088.T,エア・ウォーター,2022-08,CONTINUE,2,52.69,58.15,True,False,5.47,2022-07,1785.0,1750.0,1750.0,-1.96,1730.44,1710.28,1725.49,True,True,True,False,True,True,False,507103.0,,,,1.15,1.85,1.02,False,1,True,,,,False,
7679,7679.T,薬王堂ホールディングス,2022-08,NEW,1,50.61,56.06,True,True,5.45,2022-08,2396.0,2396.0,2396.0,0.0,2243.84,2098.09,2167.89,True,True,True,False,True,True,False,33003.0,2635.0,-9.07,False,1.04,2.53,1.09,False,3,True,8.6,2.87,False,False,
1942,1942.T,関電工,2022-08,NEW,1,46.82,52.25,True,True,5.43,2022-08,839.0,839.0,839.0,0.0,836.92,831.57,843.12,True,True,False,False,False,True,False,253927.0,984.0,-14.74,False,0.76,1.06,1.02,False,4,False,-1.77,1.02,False,False,
6369,6369.T,トーヨーカネツ,2022-08,CONTINUE,4,55.85,61.22,False,False,5.36,2022-05,1383.5,1309.0,1309.0,-5.38,1271.42,1242.21,1262.95,True,True,True,False,True,True,,86573.0,,,,1.94,3.06,1.21,False,1,True,,,,False,
4792,4792.T,山田コンサルティンググループ,2022-08,CONTINUE,5,58.11,63.4,True,True,5.29,2022-04,1194.0,1252.0,1252.0,4.86,1217.8,1155.13,,False,True,,,True,True,,28737.0,,,,0.79,2.62,0.72,True,1,True,,,,False,
5122,5122.T,オカモト,2022-08,NEW,1,43.83,49.12,False,True,5.29,2022-08,3900.0,3900.0,3900.0,0.0,3933.6,3864.4,3959.0,False,True,False,False,True,True,False,16160.0,4600.0,-15.22,False,0.69,1.5,0.97,True,4,True,-1.76,0.36,False,False,
9887,9887.T,松屋フーズホールディングス,2022-08,CONTINUE,5,58.72,63.95,False,False,5.22,2022-04,3795.0,3825.0,3825.0,0.79,3710.4,3636.73,,True,True,,,True,True,,29887.0,,,,0.7,1.55,0.99,True,1,True,,,,False,
8078,8078.T,阪和興業,2022-08,NEW,1,55.36,60.57,True,True,5.21,2022-08,691.0,691.0,691.0,0.0,638.7,598.61,627.32,True,True,True,False,True,True,False,848600.0,768.0,-10.03,False,1.34,3.43,0.88,True,1,True,9.22,6.75,False,False,
7821,7821.T,前田工繊,2022-08,NEW,1,46.06,51.25,True,True,5.19,2022-08,1622.5,1622.5,1622.5,0.0,1578.9,1453.27,1587.39,True,True,True,False,True,True,False,108793.0,2022.5,-19.78,False,1.88,2.62,1.28,False,3,True,4.93,2.3,False,False,
9974,9974.T,ベルク,2022-08,CONTINUE,2,54.07,59.26,True,True,5.19,2022-07,5500.0,5580.0,5580.0,1.45,5273.2,5264.87,5385.62,True,True,True,False,True,False,False,18627.0,,,,0.92,1.77,0.84,True,3,True,,,,False,
4433,4433.T,ﾋﾄ･ｺﾐｭﾆｹｰｼｮﾝｽﾞ･ﾎｰﾙﾃﾞｨﾝｸﾞｽ,2022-08,CONTINUE,2,39.19,44.33,False,False,5.14,2022-07,1633.0,1736.0,1736.0,6.31,1571.8,1561.6,1892.24,True,True,False,False,True,False,False,42357.0,,,,0.62,3.16,1.0,False,4,True,,,,False,
8630,8630.T,ＳＯＭＰＯホールディングス,2022-08,CONTINUE,2,77.45,82.53,True,False,5.08,2022-07,1973.33,1991.0,1991.0,0.9,1986.29,1878.0,1765.97,False,True,True,True,True,True,True,3325630.0,,,,0.7,1.55,0.77,True,2,True,,,,False,
8999,8999.T,グランディハウス,2022-08,NEW,1,67.36,72.41,False,True,5.05,2022-08,548.0,548.0,548.0,0.0,551.56,539.41,526.25,False,True,True,True,True,True,True,65293.0,594.0,-7.74,False,0.7,0.87,0.71,True,2,True,6.03,-1.78,False,False,
8281,8281.T,ゼビオホールディングス,2022-08,NEW,1,50.0,55.0,True,True,5.0,2022-08,967.0,967.0,967.0,0.0,944.68,917.35,922.0,True,True,True,False,True,True,False,142200.0,1211.0,-20.15,False,0.74,2.65,0.94,True,3,True,4.45,4.12,False,False,
4725,4725.T,ＣＡＣＨｏｌｄｉｎｇｓ,2022-08,CONTINUE,3,53.37,58.33,True,False,4.96,2022-06,1370.0,1448.0,1448.0,5.69,1417.4,1391.96,1467.62,False,False,False,False,True,True,False,28583.0,,,,1.11,2.37,1.06,False,4,True,,,,False,
6619,6619.T,ダブル・スコープ,2022-08,NEW,1,77.92,82.86,True,True,4.95,2022-08,2350.0,2350.0,2350.0,0.0,2136.2,1765.96,1203.11,True,True,True,True,True,True,True,12748027.0,2536.0,-7.33,False,0.58,6.48,0.83,True,2,True,144.53,1.05,False,False,
8707,8707.T,岩井コスモホールディングス,2022-08,NEW,1,23.5,28.4,True,True,4.91,2022-08,1259.0,1259.0,1259.0,0.0,1260.48,1246.68,1311.26,False,True,False,False,False,False,False,31950.0,1483.0,-15.1,False,0.76,0.93,0.77,True,4,True,-3.66,0.5,False,False,
6113,6113.T,アマダ,2022-08,CONTINUE,2,48.02,52.86,True,False,4.85,2022-07,1067.0,1097.0,1097.0,2.81,1026.4,1023.39,1073.88,True,True,False,False,False,False,False,1258703.0,,,,0.74,1.82,0.98,True,4,True,,,,False,
8070,8070.T,東京産業,2022-08,NEW,1,78.35,83.19,True,True,4.83,2022-08,799.0,799.0,799.0,0.0,749.56,723.05,727.8,True,True,True,False,True,True,True,37357.0,811.0,-1.48,False,1.42,2.07,1.05,False,1,True,11.71,4.15,False,False,
2531,2531.T,宝ホールディングス,2022-08,CONTINUE,2,37.75,42.55,True,True,4.79,2022-07,1074.0,1060.0,1060.0,-1.3,1026.0,1012.39,1166.28,True,True,False,False,True,False,False,556360.0,,,,0.98,1.82,0.86,True,4,True,,,,False,
9507,9507.T,四国電力,2022-08,NEW,1,55.45,60.17,True,True,4.72,2022-08,812.0,812.0,812.0,0.0,817.28,792.09,795.78,False,True,True,False,True,True,True,619847.0,913.0,-11.06,False,0.94,1.81,1.01,False,2,True,3.42,-1.25,False,False,
7970,7970.T,信越ポリマー,2022-08,CONTINUE,3,66.77,71.34,False,False,4.57,2022-06,1181.0,1339.0,1339.0,13.38,1143.52,1098.29,1071.36,True,True,True,True,True,True,True,153777.0,,,,1.54,2.56,1.24,False,2,True,,,,False,
3099,3099.T,三越伊勢丹ホールディングス,2022-08,CONTINUE,6,76.11,80.54,True,False,4.43,2022-03,967.0,1102.0,1102.0,13.96,923.52,891.81,,True,True,,,False,True,,2398647.0,,,,1.09,2.68,0.89,True,1,True,,,,False,
6701,6701.T,日本電気,2022-08,NEW,1,42.81,47.22,False,True,4.41,2022-08,1020.0,1020.0,1020.0,0.0,992.36,1033.51,1033.67,True,False,False,False,False,False,False,6148417.0,1294.0,-21.17,False,1.3,1.77,1.07,False,4,True,-2.7,1.81,True,False,
7182,7182.T,ゆうちょ銀行,2022-08,CONTINUE,2,56.5,60.9,False,False,4.4,2022-07,1063.0,1014.0,1014.0,-4.61,1062.28,1011.01,1008.59,True,True,True,True,True,True,True,2723667.0,,,,0.57,1.22,0.88,True,2,True,,,,False,
6310,6310.T,井関農機,2022-08,CONTINUE,2,39.56,43.91,False,False,4.35,2022-07,1203.0,1272.0,1272.0,5.74,1190.48,1214.25,1333.83,True,False,False,False,False,False,False,61573.0,,,,0.73,1.79,0.84,True,4,False,,,,False,
8056,8056.T,ＢＩＰＲＯＧＹ,2022-08,NEW,1,45.01,49.37,True,True,4.35,2022-08,3100.0,3100.0,3100.0,0.0,3031.56,2876.25,3061.37,True,True,True,False,True,True,False,338680.0,3630.0,-14.6,False,0.46,1.89,0.72,True,3,True,2.51,1.99,False,False,
2659,2659.T,サンエー,2022-08,NEW,1,47.85,52.17,True,True,4.32,2022-08,2077.5,2077.5,2077.5,0.0,2112.4,2060.33,2063.7,False,True,True,False,True,True,True,52167.0,2192.5,-5.25,False,0.92,1.17,0.96,True,3,True,1.62,0.09,False,False,
7874,7874.T,レック,2022-08,NEW,1,29.2,33.52,True,True,4.32,2022-08,761.0,761.0,761.0,0.0,751.8,710.77,822.34,True,True,False,False,True,False,False,55250.0,1154.0,-34.06,False,0.53,1.76,0.7,True,4,True,-9.54,5.43,False,False,
2209,2209.T,井村屋グループ,2022-08,CONTINUE,9,45.44,49.73,False,True,4.29,2021-12,2232.0,2259.0,2259.0,1.21,2242.36,2294.2,,False,False,,,False,False,,11497.0,,,,0.86,1.77,1.08,False,1,False,,,,False,
1982,1982.T,日比谷総合設備,2022-08,CONTINUE,3,52.81,57.08,False,False,4.27,2022-06,971.0,932.5,932.5,-3.96,947.62,939.54,956.11,True,True,True,False,True,True,True,72687.0,,,,1.13,1.53,1.08,False,1,True,,,,False,
1333,1333.T,Ｕｍｉｏｓ,2022-08,NEW,1,54.08,58.26,True,True,4.18,2022-08,830.67,830.67,830.67,0.0,830.17,817.93,813.34,True,True,True,True,False,True,False,754750.0,907.33,-8.45,False,0.89,1.39,0.69,True,3,True,5.91,2.97,False,False,
4337,4337.T,ぴあ,2022-08,NEW,1,48.73,52.88,False,True,4.15,2022-08,3335.0,3335.0,3335.0,0.0,3340.8,3283.47,3351.73,False,True,False,False,True,True,False,16573.0,4585.0,-27.26,False,0.45,2.81,0.87,True,4,True,-1.54,-1.71,False,False,
6432,6432.T,竹内製作所,2022-08,CONTINUE,2,46.82,50.84,True,True,4.02,2022-07,2555.0,2653.0,2653.0,3.84,2392.6,2368.53,2607.11,True,True,False,False,True,False,False,334490.0,,,,0.66,2.58,0.63,True,4,True,,,,False,
4042,4042.T,東ソー,2022-08,CONTINUE,2,45.14,49.15,True,True,4.01,2022-07,1728.0,1807.0,1807.0,4.57,1720.16,1777.35,1789.04,True,False,False,False,False,False,False,1274570.0,,,,0.95,1.58,0.92,True,4,False,,,,False,
2587,2587.T,サントリービバレッジ＆フード,2022-08,CONTINUE,5,62.07,66.06,False,False,3.98,2022-04,5130.0,5100.0,5100.0,-0.58,4820.2,4613.07,,True,True,,,True,True,,555427.0,,,,1.72,2.01,1.23,False,1,True,,,,False,
8366,8366.T,滋賀銀行,2022-08,CONTINUE,9,70.32,74.26,False,False,3.95,2021-12,413.8,514.6,514.6,24.36,387.03,381.14,,True,True,,,True,True,,624417.0,,,,0.61,1.84,0.93,True,1,True,,,,False,
7751,7751.T,キヤノン,2022-08,CONTINUE,6,72.16,76.07,True,False,3.91,2022-03,2993.0,3335.0,3335.0,11.43,2778.5,2784.47,,True,True,,,True,True,,3346770.0,,,,1.03,1.76,0.85,True,1,True,,,,False,
3092,3092.T,ＺＯＺＯ,2022-08,NEW,1,40.35,44.19,True,True,3.84,2022-08,1036.67,1036.67,1036.67,0.0,1045.51,936.46,1031.25,False,True,True,False,True,True,False,3738580.0,1476.67,-29.8,False,0.67,2.32,0.96,True,3,True,-5.07,-3.74,False,False,
4046,4046.T,大阪ソーダ,2022-08,NEW,1,77.08,80.9,True,True,3.82,2022-08,757.0,757.0,757.0,0.0,735.4,665.37,623.49,True,True,True,True,True,True,True,785917.0,787.0,-3.81,False,0.59,1.53,0.61,True,2,True,31.5,2.7,False,False,
9536,9536.T,西部ガスホールディングス,2022-08,NEW,1,27.33,31.09,True,True,3.76,2022-08,1832.0,1832.0,1832.0,0.0,1778.56,1838.87,2022.18,True,False,False,False,False,False,False,63047.0,2624.0,-30.18,False,1.37,1.67,1.0,False,4,True,-13.68,1.79,True,False,
8309,8309.T,三井住友トラストグループ,2022-08,CONTINUE,5,70.42,74.17,True,True,3.75,2022-04,2015.5,2168.0,2168.0,7.57,1998.36,2028.15,,True,False,,,False,True,,2696800.0,,,,0.96,1.57,0.99,True,1,False,,,,False,
1301,1301.T,極洋,2022-08,CONTINUE,7,81.86,85.56,True,False,3.7,2022-02,3265.0,3650.0,3650.0,11.79,3190.2,3099.84,,True,True,,,True,True,,14377.0,,,,1.2,1.32,0.85,True,1,True,,,,False,
6845,6845.T,アズビル,2022-08,NEW,1,41.05,44.74,False,True,3.69,2022-08,997.5,997.5,997.5,0.0,1009.05,949.77,1064.09,False,True,False,False,True,True,False,1338600.0,1382.5,-27.85,False,1.12,2.37,0.9,True,4,True,-6.59,-1.62,False,False,
7864,7864.T,フジシールインターナショナル,2022-08,NEW,1,29.12,32.8,True,True,3.69,2022-08,1553.0,1553.0,1553.0,0.0,1547.8,1521.96,1783.24,True,True,False,False,True,False,False,95387.0,2687.0,-42.2,False,1.1,2.3,0.97,True,4,True,-16.6,3.15,False,False,
7202,7202.T,いすゞ自動車,2022-08,NEW,1,63.78,67.4,True,True,3.62,2022-08,1731.0,1731.0,1731.0,0.0,1573.56,1547.85,1530.06,True,True,True,True,True,True,True,2603847.0,1748.0,-0.97,False,1.38,2.29,1.03,False,1,True,13.15,5.01,False,False,
2163,2163.T,アルトナー,2022-08,NEW,1,61.83,65.42,True,True,3.59,2022-08,969.0,969.0,969.0,0.0,908.48,879.83,869.57,True,True,True,True,True,True,True,75247.0,948.0,2.22,True,1.14,1.73,1.29,False,2,True,15.18,3.3,True,True,BOTH
6136,6136.T,オーエスジー,2022-08,NEW,1,50.12,53.63,False,True,3.51,2022-08,1930.0,1930.0,1930.0,0.0,1892.12,1728.88,1790.2,True,True,True,False,True,True,True,357333.0,2172.0,-11.14,False,0.98,1.98,0.99,True,1,True,7.36,2.57,False,False,
3349,3349.T,コスモス薬品,2022-08,NEW,1,45.2,48.69,False,True,3.49,2022-08,7345.0,7345.0,7345.0,0.0,7359.6,6627.4,7332.77,False,True,True,False,True,True,False,241940.0,10350.0,-29.03,False,0.96,2.23,0.97,True,3,True,-4.47,-2.67,False,False,
1911,1911.T,住友林業,2022-08,NEW,1,61.17,64.65,True,True,3.48,2022-08,790.33,790.33,790.33,0.0,746.0,688.28,710.73,True,True,True,False,True,True,True,3843950.0,826.0,-4.32,False,0.75,1.96,0.77,True,1,True,12.06,2.48,False,False,
4665,4665.T,ダスキン,2022-08,CONTINUE,3,61.81,65.26,False,False,3.45,2022-06,2892.0,2870.0,2870.0,-0.76,2751.2,2748.97,2734.91,True,True,True,True,True,True,True,93520.0,,,,1.35,1.21,1.18,False,2,True,,,,False,
4027,4027.T,テイカ,2022-08,NEW,1,52.15,55.6,True,True,3.44,2022-08,1321.0,1321.0,1321.0,0.0,1250.24,1227.36,1255.62,True,True,True,False,True,True,False,22753.0,1447.0,-8.71,False,1.24,2.02,0.98,True,3,True,3.4,1.5,True,False,
4527,4527.T,ロート製薬,2022-08,NEW,1,66.48,69.77,False,True,3.29,2022-08,2102.5,2102.5,2102.5,0.0,2051.8,1913.7,1798.49,True,True,True,True,True,True,True,594500.0,2247.5,-6.45,False,0.76,2.22,0.72,True,2,True,21.82,-0.54,False,False,
5357,5357.T,ヨータイ,2022-08,CONTINUE,2,56.75,60.0,False,False,3.25,2022-07,1520.0,1399.0,1399.0,-7.96,1465.84,1429.03,1320.53,True,True,True,True,True,True,True,27947.0,,,,0.83,2.17,1.0,False,2,True,,,,False,
3397,3397.T,トリドールホールディングス,2022-08,NEW,1,69.69,72.8,True,True,3.11,2022-08,2981.0,2981.0,2981.0,0.0,2749.88,2486.61,2446.16,True,True,True,True,True,True,True,530143.0,3050.0,-2.26,False,0.79,2.86,0.72,True,1,True,28.9,5.23,False,False,
7741,7741.T,ＨＯＹＡ,2022-08,NEW,1,48.53,51.63,True,True,3.1,2022-08,14250.0,14250.0,14250.0,0.0,14342.4,13292.13,14538.85,False,True,False,False,True,True,False,1031293.0,19435.0,-26.68,False,1.03,2.45,0.94,True,4,True,-7.24,-3.07,False,False,
7844,7844.T,マーベラス,2022-08,CONTINUE,9,34.19,37.28,True,False,3.09,2021-12,731.0,679.0,679.0,-7.11,725.92,726.87,,True,True,,,False,True,,190743.0,,,,0.4,1.84,0.93,True,1,False,,,,False,
2206,2206.T,江崎グリコ,2022-08,CONTINUE,6,37.71,40.78,False,False,3.07,2022-03,3720.0,3625.0,3625.0,-2.55,3825.6,3774.93,,False,False,,,True,True,,268433.0,,,,0.74,2.09,1.05,False,1,False,,,,False,
7516,7516.T,コーナン商事,2022-08,NEW,1,43.97,47.01,False,False,3.05,2022-08,3455.0,3455.0,3455.0,0.0,3648.6,3674.67,3575.32,False,False,False,False,False,False,True,97267.0,3970.0,-12.97,False,1.03,1.39,0.89,True,1,False,-5.02,-1.11,False,False,
3443,3443.T,川田テクノロジーズ,2022-08,NEW,1,53.29,56.32,True,True,3.03,2022-08,407.22,407.22,407.22,0.0,412.29,397.95,413.23,False,True,False,False,True,True,False,52590.0,479.44,-15.06,False,0.8,1.5,0.69,True,4,False,2.75,1.28,False,False,
3407,3407.T,旭化成,2022-08,CONTINUE,2,30.03,33.05,False,False,3.02,2022-07,1065.5,1023.0,1023.0,-3.99,1054.54,1055.71,1091.66,True,True,False,False,True,False,False,3170853.0,,,,0.7,1.72,0.83,True,4,False,,,,False,
8522,8522.T,名古屋銀行,2022-08,NEW,1,64.85,67.74,True,True,2.9,2022-08,1033.33,1033.33,1033.33,0.0,1015.88,1014.06,965.59,True,True,True,True,False,True,True,80250.0,1186.67,-12.92,False,0.78,1.57,1.14,False,2,True,14.71,3.64,False,False,
2882,2882.T,イートアンドホールディングス,2022-08,CONTINUE,2,59.75,62.61,False,False,2.86,2022-07,2404.0,2232.0,2232.0,-7.15,2390.76,2277.41,2218.99,True,True,True,True,True,True,True,47487.0,,,,2.95,2.5,1.05,False,2,False,,,,False,
8803,8803.T,平和不動産,2022-08,NEW,1,45.73,48.59,False,True,2.86,2022-08,1967.5,1967.5,1967.5,0.0,1933.0,1945.23,1930.84,True,True,True,False,False,False,True,163913.0,2200.0,-10.57,False,1.04,1.77,1.02,False,2,True,2.43,2.26,False,False,
1379,1379.T,ホクト,2022-08,NEW,1,50.49,53.31,True,True,2.83,2022-08,1926.0,1926.0,1926.0,0.0,1933.16,1928.27,1939.82,False,False,False,False,False,False,False,35340.0,2045.0,-5.82,False,0.93,0.82,0.91,True,1,True,-0.39,0.83,False,False,
8550,8550.T,栃木銀行,2022-08,CONTINUE,10,77.57,80.36,False,False,2.79,2021-11,174.0,289.0,289.0,66.09,177.72,178.91,,False,False,,,False,,,218553.0,,,,1.31,1.68,0.9,True,1,False,,,,False,
8706,8706.T,極東証券,2022-08,NEW,1,30.58,33.33,True,True,2.75,2022-08,698.0,698.0,698.0,0.0,698.6,687.93,724.71,False,True,False,False,True,False,False,33050.0,920.0,-24.13,False,0.87,1.01,0.79,True,4,False,-3.42,1.35,False,False,
2395,2395.T,新日本科学,2022-08,CONTINUE,3,73.28,76.02,True,True,2.73,2022-06,1978.0,2386.0,2386.0,20.63,1900.84,1648.51,1468.88,True,True,True,True,True,True,True,1128607.0,,,,0.68,5.89,0.91,True,2,True,,,,False,
2327,2327.T,日鉄ソリューションズ,2022-08,CONTINUE,5,54.4,57.06,False,False,2.66,2022-04,1950.0,1902.5,1902.5,-2.44,1905.9,1807.4,,True,True,,,True,True,,337253.0,,,,1.18,2.48,0.9,True,1,True,,,,False,
6622,6622.T,ダイヘン,2022-08,CONTINUE,3,43.47,46.04,True,True,2.57,2022-06,4190.0,4150.0,4150.0,-0.95,4232.6,4032.07,4337.3,False,True,False,False,True,True,False,93750.0,,,,0.91,2.37,0.97,True,4,False,,,,False,
3405,3405.T,クラレ,2022-08,CONTINUE,7,49.41,51.96,True,True,2.55,2022-02,1078.0,1061.0,1061.0,-1.58,1058.36,1028.63,,True,True,,,True,True,,2115260.0,,,,0.74,2.52,0.9,True,1,True,,,,False,
8804,8804.T,東京建物,2022-08,CONTINUE,6,73.64,76.15,True,True,2.52,2022-03,1834.0,2095.0,2095.0,14.23,1758.24,1720.93,,True,True,,,True,True,,789163.0,,,,0.85,2.47,1.04,False,1,True,,,,False,
1780,1780.T,ヤマウラ,2022-08,NEW,1,60.79,63.27,True,True,2.47,2022-08,964.0,964.0,964.0,0.0,967.6,950.04,954.9,False,True,True,False,True,True,True,13653.0,1016.0,-5.12,False,0.84,0.9,0.86,True,2,True,2.05,-0.83,False,False,
9601,9601.T,松竹,2022-08,CONTINUE,6,47.32,49.75,False,False,2.43,2022-03,12280.0,12260.0,12260.0,-0.16,12431.6,12051.33,,False,True,,,True,True,,47777.0,,,,0.51,2.1,0.94,True,1,True,,,,False,
9795,9795.T,ステップ,2022-08,NEW,1,59.6,62.02,True,True,2.42,2022-08,1815.0,1815.0,1815.0,0.0,1794.12,1749.93,1793.12,True,True,True,False,True,True,False,13583.0,1998.0,-9.16,False,0.8,2.22,1.16,False,3,True,0.57,1.16,False,False,
8604,8604.T,野村ホールディングス,2022-08,CONTINUE,5,36.83,39.16,True,True,2.33,2022-04,500.0,503.8,503.8,0.76,513.23,519.14,,False,False,,,False,True,,9851300.0,,,,1.49,2.09,1.08,False,1,False,,,,False,
1835,1835.T,東鉄工業,2022-08,NEW,1,52.35,54.66,True,True,2.32,2022-08,2325.0,2325.0,2325.0,0.0,2334.64,2300.49,2343.53,False,True,False,False,False,True,False,63177.0,2570.0,-9.53,False,0.6,1.24,0.74,True,4,True,-0.39,0.06,False,False,
4061,4061.T,デンカ,2022-08,CONTINUE,2,43.73,46.04,True,True,2.32,2022-07,3435.0,3345.0,3345.0,-2.62,3335.2,3321.2,3529.3,True,True,False,False,True,False,False,312397.0,,,,0.83,1.8,0.96,True,4,True,,,,False,
1878,1878.T,大東建託,2022-08,NEW,1,57.33,59.54,True,True,2.21,2022-08,2748.0,2748.0,2748.0,0.0,2622.08,2413.73,2506.33,True,True,True,False,True,True,False,1079317.0,2874.0,-4.38,False,1.08,1.68,0.89,True,3,True,12.51,4.47,False,False,
7637,7637.T,白銅,2022-08,NEW,1,57.23,59.38,False,True,2.15,2022-08,2709.0,2709.0,2709.0,0.0,2617.0,2486.13,2574.1,True,True,True,False,True,True,False,20897.0,3770.0,-28.14,False,1.71,1.87,0.98,True,3,True,10.15,3.3,False,False,
4272,4272.T,日本化薬,2022-08,NEW,1,62.87,65.0,True,True,2.13,2022-08,1215.0,1215.0,1215.0,0.0,1226.68,1145.43,1147.38,False,True,True,False,True,True,True,319617.0,1322.0,-8.09,False,1.02,1.52,0.98,True,1,True,4.98,-0.59,False,False,
4743,4743.T,アイティフォー,2022-08,CONTINUE,3,49.06,51.18,False,False,2.11,2022-06,761.0,791.0,791.0,3.94,778.04,784.13,807.36,False,False,False,False,False,False,False,54327.0,,,,1.03,1.95,1.09,False,4,False,,,,False,
9505,9505.T,北陸電力,2022-08,CONTINUE,2,33.89,36.0,False,True,2.11,2022-07,542.0,510.0,510.0,-5.9,541.04,535.39,555.8,True,True,False,False,True,False,False,538177.0,,,,0.89,2.1,0.98,True,4,True,,,,False,
4205,4205.T,日本ゼオン,2022-08,CONTINUE,6,38.77,40.87,True,False,2.1,2022-03,1364.0,1343.0,1343.0,-1.54,1319.04,1326.56,,True,True,,,False,True,,838733.0,,,,0.69,2.52,0.74,True,1,True,,,,False,
9936,9936.T,王将フードサービス,2022-08,CONTINUE,5,64.8,66.89,False,False,2.09,2022-04,2033.33,2166.67,2166.67,6.56,2007.6,2001.29,,True,True,,,False,False,,145710.0,,,,0.52,1.18,0.97,True,1,False,,,,False,
2590,2590.T,ダイドーグループホールディングス,2022-08,NEW,1,45.49,47.56,False,True,2.07,2022-08,2325.0,2325.0,2325.0,0.0,2469.4,2496.23,2466.97,False,False,False,False,False,False,False,67087.0,3045.0,-23.65,False,1.68,1.39,1.0,False,4,False,-9.96,-2.38,False,False,
5757,5757.T,ＣＫサンエツ,2022-08,NEW,1,66.84,68.9,True,True,2.06,2022-08,4130.0,4130.0,4130.0,0.0,4191.2,4103.27,3991.82,False,True,True,True,True,True,True,6577.0,4520.0,-8.63,False,0.85,2.01,0.8,True,2,True,10.98,-2.39,False,False,
5821,5821.T,平河ヒューテック,2022-08,NEW,1,46.39,48.45,True,True,2.06,2022-08,1155.0,1155.0,1155.0,0.0,1149.64,1109.8,1138.02,True,True,True,False,True,True,False,21280.0,1300.0,-11.15,False,0.42,1.86,0.86,True,3,True,0.58,-0.28,False,False,
6850,6850.T,チノー,2022-08,CONTINUE,2,58.73,60.77,False,False,2.05,2022-07,842.0,829.0,829.0,-1.54,831.98,814.13,790.9,True,True,True,True,True,True,True,29453.0,,,,0.94,1.66,0.85,True,2,True,,,,False,
3498,3498.T,霞ヶ関キャピタル,2022-08,CONTINUE,2,55.06,57.07,True,False,2.01,2022-07,1275.5,1502.5,1502.5,17.8,1190.16,1093.37,1386.74,True,True,False,False,True,False,True,390553.0,,,,0.48,4.2,0.77,True,4,True,,,,False,
6282,6282.T,オイレス工業,2022-08,NEW,1,47.19,49.21,False,False,2.01,2022-08,1511.0,1511.0,1511.0,0.0,1553.72,1555.75,1587.51,False,False,False,False,False,True,False,38690.0,1808.0,-16.43,False,0.81,1.06,0.9,True,4,False,-5.73,-1.24,False,False,
8051,8051.T,山善,2022-08,NEW,1,45.26,47.24,False,True,1.98,2022-08,935.0,935.0,935.0,0.0,972.64,971.12,987.81,False,False,False,False,False,True,False,114080.0,1172.0,-20.22,False,1.07,1.28,0.84,True,4,False,-6.74,-2.06,False,False,
9319,9319.T,中央倉庫,2022-08,CONTINUE,9,38.02,40.0,True,False,1.98,2021-12,981.0,962.0,962.0,-1.94,962.24,980.31,,True,True,,,False,False,,7983.0,,,,1.01,0.83,0.84,True,1,True,,,,False,
7366,7366.T,LITALICO,2022-08,NEW,1,50.78,52.75,True,True,1.97,2022-08,2941.0,2941.0,2941.0,0.0,2804.32,2482.59,2939.76,True,True,True,False,True,True,False,105480.0,4575.0,-35.72,False,0.87,4.01,0.89,True,3,True,5.49,1.83,True,False,
6718,6718.T,アイホン,2022-08,NEW,1,51.36,53.28,True,True,1.92,2022-08,2098.0,2098.0,2098.0,0.0,1998.48,1829.88,1989.58,True,True,True,False,True,True,False,39377.0,2646.0,-20.71,False,1.01,1.49,0.89,True,3,True,8.73,4.43,False,False,
2153,2153.T,Ｅ・Ｊホールディングス,2022-08,CONTINUE,3,62.14,64.0,True,False,1.86,2022-06,1189.0,1301.0,1301.0,9.42,1152.8,1171.56,1208.3,True,True,False,False,False,False,False,42503.0,,,,0.84,1.91,1.18,False,4,True,,,,False,
7762,7762.T,シチズン時計,2022-08,CONTINUE,3,76.95,78.79,True,False,1.84,2022-06,552.0,597.0,597.0,8.15,560.24,520.65,510.68,False,True,True,True,True,True,True,1497540.0,,,,1.02,2.74,1.06,False,2,False,,,,False,
2325,2325.T,ＮＪＳ,2022-08,CONTINUE,2,45.37,47.19,True,True,1.82,2022-07,1977.0,2001.0,2001.0,1.21,1949.36,2005.07,1984.1,True,False,False,False,False,False,False,7293.0,,,,1.88,1.24,0.87,True,1,False,,,,False,
4078,4078.T,堺化学工業,2022-08,NEW,1,53.81,55.6,False,True,1.78,2022-08,1972.0,1972.0,1972.0,0.0,1953.48,1913.61,1998.57,True,True,False,False,True,True,False,36777.0,2484.0,-20.61,False,0.76,1.36,0.96,True,4,True,-1.71,-0.28,False,False,
9433,9433.T,ＫＤＤＩ,2022-08,CONTINUE,6,67.78,69.54,True,False,1.76,2022-03,2002.5,2138.5,2138.5,6.79,1959.9,1839.51,,True,True,,,True,True,,10631287.0,,,,1.22,2.32,1.13,False,1,True,,,,False,
9744,9744.T,メイテックグループホールディングス,2022-08,CONTINUE,2,69.54,71.17,False,False,1.63,2022-07,2501.0,2457.0,2457.0,-1.76,2309.17,2269.55,2251.61,True,True,True,True,True,True,True,196647.0,,,,1.36,2.2,1.1,False,1,True,,,,False,
4641,4641.T,アルプス技研,2022-08,CONTINUE,5,47.3,48.89,False,False,1.59,2022-04,647.67,623.67,623.67,-3.71,637.53,623.58,,True,True,,,True,True,,182040.0,,,,1.41,1.75,0.87,True,1,True,,,,False,
7545,7545.T,西松屋チェーン,2022-08,CONTINUE,9,55.66,57.25,True,False,1.59,2021-12,1381.0,1635.0,1635.0,18.39,1440.16,1456.79,,False,False,,,False,True,,335093.0,,,,0.94,2.68,1.08,False,1,False,,,,False,
4849,4849.T,エン,2022-08,NEW,1,34.92,36.4,True,True,1.48,2022-08,2397.0,2397.0,2397.0,0.0,2267.96,1998.52,2718.62,True,True,False,False,True,False,False,365147.0,4820.0,-50.27,False,0.67,4.55,0.83,True,4,False,-8.15,9.25,False,False,
6740,6740.T,ジャパンディスプレイ,2022-08,CONTINUE,11,72.73,74.19,True,False,1.47,2021-10,34.0,63.0,63.0,85.29,35.0,,,False,,,,False,,,9044880.0,,,,0.94,4.41,0.9,True,1,True,,,,False,
3302,3302.T,帝国繊維,2022-08,NEW,1,35.87,37.33,False,True,1.46,2022-08,1639.0,1639.0,1639.0,0.0,1647.32,1607.17,1789.0,False,True,False,False,False,True,False,42557.0,2337.0,-29.87,False,0.58,1.72,1.05,False,4,True,-7.23,0.71,False,False,
1332,1332.T,ニッスイ,2022-08,CONTINUE,3,54.84,56.28,False,False,1.45,2022-06,573.0,571.0,571.0,-0.35,545.8,552.52,572.15,True,True,True,False,True,True,False,1505533.0,,,,1.11,2.13,1.15,False,3,True,,,,False,
8137,8137.T,サンワ   テクノス,2022-08,CONTINUE,2,58.34,59.78,True,False,1.44,2022-07,1421.0,1418.0,1418.0,-0.21,1327.8,1344.0,1416.81,True,True,True,False,False,True,False,34440.0,,,,1.3,1.96,1.08,False,3,True,,,,False,
6770,6770.T,アルプスアルパイン,2022-08,CONTINUE,9,53.59,55.02,False,False,1.43,2021-12,1085.0,1253.0,1253.0,15.48,1066.48,1128.8,,True,False,,,False,False,,1928860.0,,,,0.63,2.02,0.92,True,1,False,,,,False,
6277,6277.T,ホソカワミクロン,2022-08,CONTINUE,2,44.5,45.92,False,False,1.42,2022-07,2727.0,2634.0,2634.0,-3.41,2700.32,2575.4,2817.49,True,True,False,False,True,True,False,42927.0,,,,0.77,2.0,0.9,True,4,True,,,,False,
3843,3843.T,フリービット,2022-08,NEW,1,54.28,55.68,True,True,1.4,2022-08,899.0,899.0,899.0,0.0,899.16,862.91,936.86,False,True,False,False,True,True,False,37877.0,1400.0,-35.79,False,0.52,2.17,1.16,False,4,False,-4.25,-0.46,False,False,
6101,6101.T,ツガミ,2022-08,CONTINUE,2,37.96,39.34,True,False,1.38,2022-07,1216.0,1259.0,1259.0,3.54,1138.24,1177.32,1351.7,True,True,False,False,False,False,False,375403.0,,,,0.65,2.77,0.93,True,4,True,,,,False,
8141,8141.T,新光商事,2022-08,NEW,1,72.4,73.77,True,True,1.37,2022-08,1027.0,1027.0,1027.0,0.0,958.28,919.09,913.25,True,True,True,True,True,True,True,51630.0,1013.0,1.38,True,1.23,1.63,1.16,False,2,True,17.72,3.26,False,True,BREAKOUT
9603,9603.T,エイチ・アイ・エス,2022-08,CONTINUE,5,43.61,44.97,True,False,1.36,2022-04,2218.0,2080.0,2080.0,-6.22,2185.56,2041.05,,True,True,,,True,True,,1833830.0,,,,0.89,3.52,0.92,True,1,True,,,,False,
1963,1963.T,日揮ホールディングス,2022-08,CONTINUE,8,75.87,77.2,True,False,1.33,2022-01,1121.0,1884.0,1884.0,68.06,1039.92,1046.85,,True,True,,,True,True,,1206133.0,,,,1.32,3.18,1.16,False,1,True,,,,False,
7459,7459.T,メディパルホールディングス,2022-08,NEW,1,41.45,42.7,False,False,1.25,2022-08,1907.0,1907.0,1907.0,0.0,1949.68,1898.09,2016.44,False,True,False,False,False,False,False,554823.0,2265.0,-15.81,False,0.66,1.4,0.9,True,4,False,-3.5,1.85,False,False,
7596,7596.T,魚力,2022-08,CONTINUE,5,62.2,63.42,False,False,1.22,2022-04,2182.0,2293.0,2293.0,5.09,2173.44,2106.25,,True,True,,,True,True,,7527.0,,,,1.25,1.96,1.17,False,1,False,,,,False,
8065,8065.T,佐藤商事,2022-08,NEW,1,52.48,53.69,True,True,1.22,2022-08,1168.0,1168.0,1168.0,0.0,1135.8,1130.07,1146.42,True,True,True,False,True,True,False,18530.0,1322.0,-11.65,False,0.95,1.66,1.07,False,3,True,-0.88,0.84,False,False,
2269,2269.T,明治ホールディングス,2022-08,NEW,1,49.71,50.83,False,False,1.13,2022-08,3315.0,3315.0,3315.0,0.0,3397.0,3330.73,3384.82,False,False,False,False,False,True,False,1044553.0,3735.0,-11.24,False,0.95,1.28,0.72,True,4,False,-0.78,0.07,False,False,
6856,6856.T,堀場製作所,2022-08,CONTINUE,4,42.54,43.67,False,False,1.13,2022-05,6680.0,6390.0,6390.0,-4.34,6328.4,6338.93,6922.55,True,True,False,False,True,True,,159840.0,,,,0.97,2.68,0.9,True,4,True,,,,False,
3156,3156.T,レスター,2022-08,NEW,1,60.02,61.13,True,True,1.1,2022-08,2056.0,2056.0,2056.0,0.0,2037.24,1988.04,1968.08,True,True,True,True,True,True,True,29900.0,2153.0,-4.51,False,0.96,2.0,0.73,True,2,True,4.52,0.94,False,False,
6652,6652.T,ＩＤＥＣ,2022-08,CONTINUE,2,68.34,69.45,False,False,1.1,2022-07,2952.0,2932.0,2932.0,-0.68,2816.24,2615.37,2553.29,True,True,True,True,True,True,True,96620.0,,,,0.79,2.27,0.94,True,2,True,,,,False,
6925,6925.T,ウシオ電機,2022-08,NEW,1,38.43,39.52,False,False,1.09,2022-08,1703.0,1703.0,1703.0,0.0,1791.24,1742.73,1823.9,False,False,False,False,True,True,False,384543.0,2334.0,-27.04,False,1.26,1.59,0.74,True,4,False,-10.73,-3.63,False,False,
9005,9005.T,東急,2022-08,CONTINUE,3,59.23,60.24,False,False,1.02,2022-06,1598.0,1659.0,1659.0,3.82,1524.88,1575.53,1580.6,True,True,True,False,False,False,True,1621290.0,,,,0.89,2.07,1.09,False,1,True,,,,False,
7537,7537.T,丸文,2022-08,NEW,1,61.76,62.76,False,True,1.0,2022-08,801.0,801.0,801.0,0.0,770.76,762.24,756.76,True,True,True,True,True,True,False,96720.0,959.0,-16.48,False,0.65,1.59,1.02,False,3,True,3.45,-0.15,False,False,
5946,5946.T,長府製作所,2022-08,NEW,1,49.47,50.44,True,True,0.97,2022-08,1991.0,1991.0,1991.0,0.0,1913.84,1829.0,1928.18,True,True,True,False,True,True,False,42960.0,2249.0,-11.47,False,0.74,1.39,0.9,True,3,True,2.49,3.24,True,False,
7201,7201.T,日産自動車,2022-08,NEW,1,49.84,50.71,True,True,0.86,2022-08,549.9,549.9,549.9,0.0,526.63,523.84,547.19,True,True,True,False,True,True,False,15131200.0,654.3,-15.96,False,0.81,1.8,1.01,False,3,True,-0.9,1.88,False,False,
4902,4902.T,コニカミノルタ,2022-08,CONTINUE,3,36.93,37.78,False,False,0.85,2022-06,453.0,483.0,483.0,6.62,456.72,475.51,510.12,False,False,False,False,True,False,False,4592360.0,,,,0.78,2.4,0.92,True,4,True,,,,False,
2801,2801.T,キッコーマン,2022-08,NEW,1,56.49,57.24,True,True,0.74,2022-08,1712.0,1712.0,1712.0,0.0,1710.4,1525.76,1650.05,True,True,True,False,True,True,False,2370017.0,2028.0,-15.58,False,0.8,2.14,0.78,True,3,True,11.95,1.32,False,False,
6859,6859.T,エスペック,2022-08,NEW,1,37.19,37.94,False,True,0.74,2022-08,1830.0,1830.0,1830.0,0.0,1874.8,1822.89,1943.15,False,True,False,False,True,True,False,50200.0,2463.0,-25.7,False,0.81,1.8,0.8,True,4,False,-9.23,-1.68,False,False,
4526,4526.T,理研ビタミン,2022-08,NEW,1,57.52,58.2,False,True,0.68,2022-08,1717.0,1717.0,1717.0,0.0,1723.32,1678.87,1685.32,False,True,True,False,True,True,False,42783.0,1978.0,-13.2,False,0.94,1.5,0.79,True,3,False,3.14,1.45,False,False,
2337,2337.T,いちご,2022-08,CONTINUE,5,41.75,42.42,True,False,0.67,2022-04,290.0,305.0,305.0,5.17,309.8,288.35,,False,True,,,True,True,,1249817.0,,,,0.94,3.37,1.09,False,1,False,,,,False,
3763,3763.T,プロシップ,2022-08,CONTINUE,3,52.57,53.23,False,False,0.65,2022-06,798.0,727.0,727.0,-8.9,733.04,710.52,751.38,True,True,True,False,True,True,False,70060.0,,,,1.17,2.15,1.17,False,3,True,,,,False,
6941,6941.T,山一電機,2022-08,NEW,1,59.5,60.1,True,True,0.6,2022-08,2079.0,2079.0,2079.0,0.0,1976.4,1836.31,1939.95,True,True,True,False,True,True,True,280697.0,2480.0,-16.17,False,0.54,2.8,0.8,True,1,True,10.25,-0.6,False,False,
4718,4718.T,早稲田アカデミー,2022-08,CONTINUE,5,67.15,67.73,False,False,0.58,2022-04,1055.0,1096.0,1096.0,3.89,1040.28,1027.56,,True,True,,,True,False,,31777.0,,,,0.66,1.51,1.12,False,1,True,,,,False,
7745,7745.T,Ａ＆Ｄホロンホールディングス,2022-08,CONTINUE,3,48.56,49.11,True,False,0.55,2022-06,902.0,961.0,961.0,6.54,950.68,912.69,1014.89,False,False,False,False,True,True,False,159157.0,,,,0.94,3.75,1.14,False,4,False,,,,False,
6459,6459.T,大和冷機工業,2022-08,NEW,1,55.54,56.05,True,True,0.51,2022-08,1120.0,1120.0,1120.0,0.0,1137.28,1091.04,1127.08,False,True,False,False,True,True,False,57327.0,1330.0,-15.79,False,0.59,2.05,1.0,False,4,False,2.38,1.23,False,False,
4719,4719.T,アルファシステムズ,2022-08,CONTINUE,3,62.21,62.65,False,False,0.43,2022-06,4265.0,4640.0,4640.0,8.79,4223.4,4007.73,4009.43,True,True,True,False,True,True,True,9503.0,,,,1.62,4.11,1.1,False,1,True,,,,False,
4569,4569.T,杏林製薬,2022-08,NEW,1,47.26,47.68,False,True,0.42,2022-08,1752.0,1752.0,1752.0,0.0,1773.24,1758.15,1792.23,False,False,False,False,False,False,False,66427.0,1924.0,-8.94,False,0.86,1.37,0.89,True,1,False,-0.18,1.31,False,False,
8052,8052.T,椿本興業,2022-08,NEW,1,56.42,56.82,False,True,0.4,2022-08,1240.0,1240.0,1240.0,0.0,1232.47,1216.67,1277.42,True,True,False,False,True,True,False,8440.0,1478.33,-16.12,False,1.02,0.92,0.87,True,4,False,-0.67,1.44,False,False,
9413,9413.T,テレビ東京ホールディングス,2022-08,NEW,1,41.18,41.55,True,True,0.37,2022-08,1966.0,1966.0,1966.0,0.0,1972.32,1977.31,2020.08,False,False,False,False,True,False,False,124977.0,2309.0,-14.85,False,0.43,1.1,0.57,True,4,False,-5.51,-0.28,False,False,
2371,2371.T,カカクコム,2022-08,CONTINUE,3,40.07,40.39,False,False,0.32,2022-06,2238.0,2589.0,2589.0,15.68,2250.76,2533.41,2939.92,False,False,False,False,False,False,False,1757007.0,,,,1.22,5.19,1.02,False,4,True,,,,False,
4025,4025.T,多木化学,2022-08,CONTINUE,2,48.97,49.28,True,False,0.31,2022-07,4775.0,5180.0,5180.0,8.48,4564.8,4689.73,5248.6,True,True,False,False,True,False,False,15253.0,,,,0.7,2.11,0.76,True,4,True,,,,False,
5482,5482.T,愛知製鋼,2022-08,NEW,1,19.3,19.56,False,True,0.26,2022-08,517.5,517.5,517.5,0.0,533.0,522.14,583.92,False,False,False,False,True,False,False,110360.0,728.75,-28.99,False,0.77,1.49,0.97,True,4,True,-13.01,0.24,False,False,
2809,2809.T,キユーピー,2022-08,NEW,1,43.72,43.88,False,True,0.17,2022-08,2291.0,2291.0,2291.0,0.0,2305.56,2249.43,2329.32,False,True,False,False,True,True,False,242397.0,2813.0,-18.56,False,0.89,0.95,0.82,True,4,True,-2.44,-0.13,False,False,
2201,2201.T,森永製菓,2022-08,CONTINUE,5,57.19,57.33,False,False,0.14,2022-04,2022.5,1990.0,1990.0,-1.61,1963.3,1909.4,,True,True,,,True,True,,328013.0,,,,1.03,1.7,1.09,False,1,True,,,,False,
2908,2908.T,フジッコ,2022-08,NEW,1,52.17,52.28,True,True,0.11,2022-08,1948.0,1948.0,1948.0,0.0,1956.24,1958.17,1947.08,False,False,True,False,False,False,True,38653.0,2049.0,-4.93,False,0.69,1.17,1.01,False,2,False,0.76,0.48,False,False,
9535,9535.T,広島ガス,2022-08,NEW,1,29.93,30.0,False,True,0.07,2022-08,327.0,327.0,327.0,0.0,325.2,323.04,339.4,True,True,False,False,True,True,False,76477.0,413.0,-20.82,False,0.89,1.62,0.95,True,4,True,-5.39,1.03,False,False,
8395,8395.T,佐賀銀行,2022-08,NEW,1,63.18,63.23,True,True,0.05,2022-08,1503.0,1503.0,1503.0,0.0,1484.96,1460.72,1462.43,True,True,True,False,True,True,True,15830.0,1620.0,-7.22,False,0.57,1.43,1.07,False,2,True,4.99,1.8,False,False,
