code,ticker,name,signal_month,status,months_active,rsi14,rsi5,rsi14_up,rsi5_up,diff,gc_month,gc_price,signal_month_close,period_price,return_since_gc_pct,sma25,sma75,sma200,price_above_sma25,price_above_sma75,price_above_sma200,perfect_order,sma25_up,sma75_up,sma200_up,avg_volume30,high52_price,high52_distance_pct,high52_breakout,volume_ratio_5_30,atr14_pct,atr_ratio_10_20,vcp_tight,stage,supertrend_up,rsr_score,rsr_momentum,mvp_signal,cosmos_focus,cosmos_focus_type,signal_version,monthly_rsi14,monthly_rsi_ma5,monthly_rsi14_up,monthly_rsi_ma5_up,monthly_rsi_spread
2353,2353.T,日本駐車場開発,2022-10,CONTINUE,2,63.36,77.36,True,True,14.0,2022-09,201.0,258.0,258.0,28.36,177.96,171.27,156.4,True,True,True,True,True,True,True,2804313.0,206.0,-2.43,False,1.07,4.16,1.02,False,2,True,25.53,8.77,False,False,,tv_wilder_rsi14_sma5_v1,77.36,63.36,True,True,14.0
6364,6364.T,ＡＩＲＭＡＮ,2022-10,CONTINUE,4,46.75,60.17,True,True,13.42,2022-07,919.0,1120.0,1120.0,21.87,891.08,855.87,907.41,True,True,True,False,True,True,False,26537.0,,,,0.89,2.25,1.05,False,3,True,,,,False,,tv_wilder_rsi14_sma5_v1,60.17,46.75,True,True,13.42
1663,1663.T,Ｋ＆Ｏエナジーグループ,2022-10,CONTINUE,3,56.51,69.52,True,True,13.01,2022-08,841.5,1037.5,1037.5,23.29,779.52,776.81,780.53,True,True,True,False,True,False,False,86920.0,887.0,-5.13,False,1.51,2.76,1.04,False,1,True,11.32,5.32,False,False,,tv_wilder_rsi14_sma5_v1,69.52,56.51,True,True,13.01
4523,4523.T,エーザイ,2022-10,CONTINUE,5,47.93,60.54,True,True,12.61,2022-06,5725.0,8974.0,8974.0,56.75,5360.56,5581.39,6537.84,True,True,False,False,False,False,False,1039537.0,,,,1.0,2.1,0.98,True,4,True,,,,False,,tv_wilder_rsi14_sma5_v1,60.54,47.93,True,True,12.61
7730,7730.T,マニー,2022-10,CONTINUE,4,43.22,55.27,True,True,12.04,2022-07,1568.0,2170.0,2170.0,38.39,1481.68,1453.28,1596.19,True,True,False,False,True,True,False,372677.0,,,,0.82,3.46,0.79,True,4,True,,,,False,,tv_wilder_rsi14_sma5_v1,55.27,43.22,True,True,12.04
7552,7552.T,ハピネット,2022-10,CONTINUE,6,65.14,76.8,True,True,11.66,2022-05,791.0,1023.0,1023.0,29.33,766.08,770.95,754.5,True,True,True,False,True,True,,90200.0,,,,0.85,1.49,0.8,True,1,True,,,,False,,tv_wilder_rsi14_sma5_v1,76.8,65.14,True,True,11.66
4776,4776.T,サイボウズ,2022-10,CONTINUE,4,41.27,52.79,True,True,11.51,2022-07,1141.0,1904.0,1904.0,66.87,1051.28,1102.12,1562.73,True,True,False,False,True,False,False,333580.0,,,,0.89,3.47,0.88,True,4,True,,,,False,,tv_wilder_rsi14_sma5_v1,52.79,41.27,True,True,11.51
6419,6419.T,マースグループホールディングス,2022-10,NEW,1,47.21,58.59,True,True,11.38,2022-10,1824.0,1824.0,1824.0,0.0,1700.4,1642.99,1656.07,True,True,True,False,True,True,True,69200.0,1802.0,1.22,True,1.64,2.0,1.14,False,2,True,10.01,3.86,True,False,,tv_wilder_rsi14_sma5_v1,58.59,47.21,True,True,11.38
5408,5408.T,中山製鋼所,2022-10,CONTINUE,4,60.75,71.99,True,True,11.24,2022-07,451.0,637.0,637.0,41.24,431.44,426.87,435.38,True,True,True,False,True,False,False,301807.0,,,,1.03,1.76,1.07,False,1,True,,,,False,,tv_wilder_rsi14_sma5_v1,71.99,60.75,True,True,11.24
6237,6237.T,イワキ,2022-10,CONTINUE,3,59.3,70.2,True,True,10.9,2022-08,1247.0,1414.0,1414.0,13.39,1070.0,994.29,1025.24,True,True,True,False,True,True,True,61387.0,1233.0,1.14,True,3.62,2.79,1.24,False,1,True,26.71,9.69,False,False,,tv_wilder_rsi14_sma5_v1,70.2,59.3,True,True,10.9
2767,2767.T,円谷フィールズホールディングス,2022-10,CONTINUE,3,73.28,83.9,True,True,10.63,2022-08,678.0,1038.0,1038.0,53.1,622.06,530.91,405.43,True,True,True,True,True,True,True,843873.0,725.5,-6.55,False,0.59,4.47,0.77,True,2,True,99.45,2.78,False,False,,tv_wilder_rsi14_sma5_v1,83.9,73.28,True,True,10.63
7679,7679.T,薬王堂ホールディングス,2022-10,CONTINUE,5,49.13,59.47,True,True,10.34,2022-06,2094.0,2786.0,2786.0,33.05,2025.48,2025.53,2226.47,True,True,False,False,True,False,False,32070.0,,,,0.97,2.02,1.05,False,4,True,,,,False,,tv_wilder_rsi14_sma5_v1,59.47,49.13,True,True,10.34
1786,1786.T,オリエンタル白石,2022-10,NEW,1,34.08,44.34,,True,10.26,2022-10,268.0,268.0,268.0,0.0,255.2,252.01,242.81,True,True,True,True,True,True,True,310247.0,277.0,-3.25,False,1.49,1.89,1.05,False,2,True,8.53,1.39,False,False,,tv_wilder_rsi14_sma5_v1,44.34,34.08,True,,10.26
2124,2124.T,ジェイエイシーリクルートメント,2022-10,CONTINUE,4,56.35,66.54,True,True,10.19,2022-07,489.25,632.5,632.5,29.28,458.69,446.77,486.21,True,True,True,False,True,True,False,347773.0,,,,0.75,1.99,1.0,False,3,True,,,,False,,tv_wilder_rsi14_sma5_v1,66.54,56.35,True,True,10.19
2157,2157.T,コシダカホールディングス,2022-10,CONTINUE,3,66.63,76.31,True,True,9.67,2022-08,873.0,1118.0,1118.0,28.06,800.0,761.89,702.11,True,True,True,True,True,True,True,826027.0,847.0,3.07,True,1.61,3.04,1.04,False,2,True,32.84,3.2,True,True,BOTH,tv_wilder_rsi14_sma5_v1,76.31,66.63,True,True,9.67
3498,3498.T,霞ヶ関キャピタル,2022-10,CONTINUE,4,55.84,65.45,True,True,9.61,2022-07,1275.5,2292.5,2292.5,79.73,1190.16,1093.37,1386.74,True,True,False,False,True,False,True,390553.0,,,,0.48,4.2,0.77,True,4,True,,,,False,,tv_wilder_rsi14_sma5_v1,65.45,55.84,True,True,9.61
7979,7979.T,松風,2022-10,CONTINUE,6,58.5,67.88,True,True,9.38,2022-05,829.5,1262.5,1262.5,52.2,761.08,807.49,942.78,True,True,False,False,False,False,,90433.0,,,,2.14,2.99,1.01,False,4,True,,,,False,,tv_wilder_rsi14_sma5_v1,67.88,58.5,True,True,9.38
9755,9755.T,応用地質,2022-10,CONTINUE,3,57.5,66.86,True,True,9.36,2022-08,1856.0,2261.0,2261.0,21.82,1789.32,1738.6,1938.3,True,True,False,False,True,False,True,44643.0,2379.0,-21.98,False,0.9,2.31,1.0,False,4,True,9.05,2.49,False,False,,tv_wilder_rsi14_sma5_v1,66.86,57.5,True,True,9.36
2681,2681.T,ゲオホールディングス,2022-10,CONTINUE,4,59.6,68.95,True,True,9.34,2022-07,1404.0,1946.0,1946.0,38.6,1312.68,1260.83,1259.04,True,True,True,True,True,True,True,78027.0,,,,1.08,2.1,0.99,True,2,True,,,,False,,tv_wilder_rsi14_sma5_v1,68.95,59.6,True,True,9.34
5933,5933.T,アルインコ,2022-10,CONTINUE,4,45.89,55.08,True,True,9.19,2022-07,902.0,991.0,991.0,9.87,875.16,859.05,909.37,True,True,False,False,True,True,False,48767.0,,,,0.89,1.43,1.11,False,4,True,,,,False,,tv_wilder_rsi14_sma5_v1,55.08,45.89,True,True,9.19
3636,3636.T,三菱総合研究所,2022-10,CONTINUE,2,56.93,66.0,True,True,9.06,2022-09,4455.0,5200.0,5200.0,16.72,4318.0,4236.67,4050.68,True,True,True,True,True,True,True,28523.0,4595.0,-3.05,False,1.21,1.62,0.95,True,2,True,7.43,-0.33,False,False,,tv_wilder_rsi14_sma5_v1,66.0,56.93,True,True,9.06
6498,6498.T,キッツ,2022-10,CONTINUE,4,55.18,64.2,True,True,9.02,2022-07,701.0,884.0,884.0,26.11,668.28,667.31,691.8,True,True,True,False,False,False,False,205870.0,,,,1.51,1.78,0.97,True,3,True,,,,False,,tv_wilder_rsi14_sma5_v1,64.2,55.18,True,True,9.02
6798,6798.T,ＳＭＫ,2022-10,CONTINUE,4,46.32,55.03,True,True,8.71,2022-07,2205.0,2651.0,2651.0,20.23,2153.56,2150.11,2209.74,True,True,False,False,True,False,False,18097.0,,,,3.22,3.03,1.32,False,4,True,,,,False,,tv_wilder_rsi14_sma5_v1,55.03,46.32,True,True,8.71
3915,3915.T,テラスカイ,2022-10,CONTINUE,6,45.42,54.08,True,True,8.66,2022-05,1391.0,2453.0,2453.0,76.35,1313.48,1445.33,1779.88,True,False,False,False,False,False,,105067.0,,,,0.82,4.38,1.04,False,4,True,,,,False,,tv_wilder_rsi14_sma5_v1,54.08,45.42,True,True,8.66
9025,9025.T,鴻池運輸,2022-10,CONTINUE,6,56.98,65.62,True,True,8.64,2022-05,1168.0,1565.0,1565.0,33.99,1132.08,1149.35,1203.58,True,True,False,False,True,False,,55743.0,,,,1.66,2.55,0.9,True,4,True,,,,False,,tv_wilder_rsi14_sma5_v1,65.62,56.98,True,True,8.64
6454,6454.T,マックス,2022-10,CONTINUE,4,56.78,65.39,True,True,8.61,2022-07,424.5,530.75,530.75,25.03,411.47,399.71,429.43,True,True,False,False,True,False,False,202640.0,,,,1.05,1.87,0.9,True,4,True,,,,False,,tv_wilder_rsi14_sma5_v1,65.39,56.78,True,True,8.61
3151,3151.T,バイタルケーエスケー・ホールディングス,2022-10,NEW,1,37.02,45.62,True,True,8.6,2022-10,748.0,748.0,748.0,0.0,655.8,669.19,720.33,True,True,True,False,False,False,False,84173.0,829.0,-9.77,False,2.1,2.22,1.22,False,3,True,0.58,2.4,True,False,,tv_wilder_rsi14_sma5_v1,45.62,37.02,True,True,8.6
8011,8011.T,三陽商会,2022-10,CONTINUE,7,51.27,59.77,True,True,8.5,2022-04,845.0,1177.0,1177.0,39.29,798.92,802.97,,True,True,,,True,False,,78400.0,,,,0.7,4.8,1.01,False,1,True,,,,False,,tv_wilder_rsi14_sma5_v1,59.77,51.27,True,True,8.5
3093,3093.T,トレジャー・ファクトリー,2022-10,CONTINUE,9,72.99,81.45,True,True,8.46,2022-02,470.0,1115.0,1115.0,137.23,453.94,460.63,,True,True,,,True,True,,112140.0,,,,1.26,3.54,0.92,True,1,True,,,,False,,tv_wilder_rsi14_sma5_v1,81.45,72.99,True,True,8.46
3608,3608.T,ＴＳＩホールディングス,2022-10,CONTINUE,6,52.19,60.49,True,True,8.3,2022-05,328.0,450.0,450.0,37.2,314.24,321.57,334.0,True,True,False,False,False,False,,827440.0,,,,0.41,2.61,0.91,True,4,True,,,,False,,tv_wilder_rsi14_sma5_v1,60.49,52.19,True,True,8.3
4848,4848.T,フルキャストホールディングス,2022-10,CONTINUE,3,56.08,64.22,True,True,8.14,2022-08,2452.0,2981.0,2981.0,21.57,2411.48,2284.23,2375.68,True,True,True,False,True,True,False,59313.0,3225.0,-23.97,False,0.93,3.85,0.91,True,3,True,3.9,0.42,False,False,,tv_wilder_rsi14_sma5_v1,64.22,56.08,True,True,8.14
3076,3076.T,あい   ホールディングス,2022-10,CONTINUE,4,50.07,58.2,True,True,8.13,2022-07,1677.0,2204.0,2204.0,31.43,1603.32,1631.75,1807.72,True,True,False,False,False,False,False,89257.0,,,,0.57,1.47,0.85,True,4,True,,,,False,,tv_wilder_rsi14_sma5_v1,58.2,50.07,True,True,8.13
4481,4481.T,ベース,2022-10,CONTINUE,3,64.68,72.8,True,True,8.13,2022-08,3400.0,4275.0,4275.0,25.74,3121.0,2954.13,2664.12,True,True,True,True,True,True,True,33180.0,3465.0,-1.88,False,1.23,3.82,1.14,False,2,True,30.71,4.46,False,False,,tv_wilder_rsi14_sma5_v1,72.8,64.68,True,True,8.13
7198,7198.T,ＳＢＩアルヒ,2022-10,CONTINUE,5,45.01,53.11,True,True,8.11,2022-06,1012.0,1397.0,1397.0,38.04,986.4,994.75,1092.74,True,True,False,False,True,False,False,228967.0,,,,0.9,1.64,1.06,False,4,True,,,,False,,tv_wilder_rsi14_sma5_v1,53.11,45.01,True,True,8.11
8150,8150.T,三信電気,2022-10,CONTINUE,3,49.11,57.21,True,True,8.1,2022-08,1723.0,1928.0,1928.0,11.9,1652.52,1593.85,1561.09,True,True,True,True,True,True,True,28140.0,1806.0,-4.6,False,0.55,1.56,0.68,True,2,True,7.0,2.86,False,False,,tv_wilder_rsi14_sma5_v1,57.21,49.11,True,True,8.1
2749,2749.T,ＪＰホールディングス,2022-10,CONTINUE,6,51.19,59.28,True,True,8.09,2022-05,227.0,299.0,299.0,31.72,216.64,219.45,243.29,True,True,False,False,True,False,,213117.0,,,,0.75,2.45,0.87,True,4,True,,,,False,,tv_wilder_rsi14_sma5_v1,59.28,51.19,True,True,8.09
6432,6432.T,竹内製作所,2022-10,CONTINUE,4,53.88,61.97,True,True,8.08,2022-07,2555.0,3000.0,3000.0,17.42,2392.6,2368.53,2607.11,True,True,False,False,True,False,False,334490.0,,,,0.66,2.58,0.63,True,4,True,,,,False,,tv_wilder_rsi14_sma5_v1,61.97,53.88,True,True,8.08
3843,3843.T,フリービット,2022-10,CONTINUE,4,49.58,57.57,True,True,7.98,2022-07,874.0,1102.0,1102.0,26.09,835.16,856.75,981.86,True,True,False,False,False,False,False,58990.0,,,,0.51,2.04,0.98,True,4,True,,,,False,,tv_wilder_rsi14_sma5_v1,57.57,49.58,True,True,7.98
9692,9692.T,シーイーシー,2022-10,CONTINUE,4,47.89,55.87,True,True,7.98,2022-07,1223.0,1560.0,1560.0,27.56,1190.8,1188.77,1189.15,True,True,True,False,True,False,False,90523.0,,,,0.79,1.82,0.82,True,3,True,,,,False,,tv_wilder_rsi14_sma5_v1,55.87,47.89,True,True,7.98
6332,6332.T,月島ホールディングス,2022-10,NEW,1,36.68,44.57,True,True,7.89,2022-10,1009.0,1009.0,1009.0,0.0,918.32,908.45,963.58,True,True,True,False,True,True,False,133377.0,1196.0,-15.64,False,2.27,2.09,1.13,False,3,True,0.9,4.41,False,False,,tv_wilder_rsi14_sma5_v1,44.57,36.68,True,True,7.89
2170,2170.T,リンクアンドモチベーション,2022-10,CONTINUE,6,51.98,59.84,True,True,7.86,2022-05,454.0,900.0,900.0,98.24,445.16,451.13,704.03,True,True,False,False,False,False,,729827.0,,,,0.78,4.25,0.91,True,4,False,,,,False,,tv_wilder_rsi14_sma5_v1,59.84,51.98,True,True,7.86
4194,4194.T,ビジョナル,2022-10,NEW,1,57.04,64.88,,True,7.84,2022-10,10140.0,10140.0,10140.0,0.0,9832.8,8225.87,7576.25,True,True,True,True,True,True,True,439297.0,11550.0,-12.21,False,0.44,3.76,0.74,True,1,True,34.44,0.58,False,False,,tv_wilder_rsi14_sma5_v1,64.88,57.04,True,,7.84
4565,4565.T,ネクセラファーマ,2022-10,CONTINUE,4,49.83,57.65,True,True,7.82,2022-07,1430.0,2033.0,2033.0,42.17,1229.52,1203.87,1511.48,True,True,False,False,True,False,False,873063.0,,,,1.84,3.79,1.06,False,4,True,,,,False,,tv_wilder_rsi14_sma5_v1,57.65,49.83,True,True,7.82
8142,8142.T,トーホー,2022-10,CONTINUE,8,47.77,55.54,True,True,7.77,2022-03,380.0,570.67,570.67,50.18,356.56,376.92,,True,True,,,True,False,,136470.0,,,,0.58,3.58,0.94,True,1,True,,,,False,,tv_wilder_rsi14_sma5_v1,55.54,47.77,True,True,7.77
5959,5959.T,岡部,2022-10,CONTINUE,3,41.31,49.05,True,True,7.75,2022-08,659.0,703.0,703.0,6.68,640.72,627.93,674.01,True,True,False,False,True,False,False,79570.0,765.0,-13.86,False,0.73,1.08,1.06,False,4,True,-0.84,2.15,False,False,,tv_wilder_rsi14_sma5_v1,49.05,41.31,True,True,7.75
8233,8233.T,高島屋,2022-10,CONTINUE,10,67.65,75.36,True,True,7.71,2022-01,543.5,919.0,919.0,69.09,535.82,540.41,,True,True,,,True,False,,1810593.0,,,,0.77,2.04,1.08,False,1,True,,,,False,,tv_wilder_rsi14_sma5_v1,75.36,67.65,True,True,7.71
2760,2760.T,東京エレクトロン   デバイス,2022-10,NEW,1,57.07,64.72,True,True,7.64,2022-10,2343.33,2343.33,2343.33,0.0,1900.53,1858.71,1814.01,True,True,True,True,True,True,False,235920.0,2630.0,-10.9,False,2.37,2.95,1.22,False,3,True,25.75,7.86,True,False,,tv_wilder_rsi14_sma5_v1,64.72,57.07,True,True,7.64
6412,6412.T,平和,2022-10,CONTINUE,7,59.63,67.14,True,True,7.51,2022-04,1953.0,2400.0,2400.0,22.89,1876.04,1886.87,,True,True,,,False,False,,204080.0,,,,0.98,1.33,1.01,False,1,True,,,,False,,tv_wilder_rsi14_sma5_v1,67.14,59.63,True,True,7.51
8242,8242.T,エイチ・ツー・オー   リテイリング,2022-10,CONTINUE,9,57.69,65.18,True,True,7.49,2022-02,860.0,1250.0,1250.0,45.35,834.92,825.97,,True,True,,,True,False,,492783.0,,,,0.83,2.69,1.07,False,1,True,,,,False,,tv_wilder_rsi14_sma5_v1,65.18,57.69,True,True,7.49
9984,9984.T,ソフトバンクグループ,2022-10,NEW,1,45.93,53.42,True,True,7.49,2022-10,1600.0,1600.0,1600.0,0.0,1381.97,1384.36,1338.26,True,True,True,False,True,True,True,71810520.0,1804.25,-11.32,False,1.52,3.25,1.1,False,2,True,14.16,6.13,False,False,,tv_wilder_rsi14_sma5_v1,53.42,45.93,True,True,7.49
9020,9020.T,東日本旅客鉄道,2022-10,CONTINUE,5,48.9,56.35,True,True,7.46,2022-06,2312.67,2680.0,2680.0,15.88,2274.21,2288.35,2329.23,True,True,False,False,True,False,False,5254390.0,,,,1.02,2.01,1.0,False,4,False,,,,False,,tv_wilder_rsi14_sma5_v1,56.35,48.9,True,True,7.46
2301,2301.T,学情,2022-10,CONTINUE,4,50.62,58.02,True,True,7.39,2022-07,1046.0,1439.0,1439.0,37.57,972.32,953.99,1037.88,True,True,True,False,True,False,False,76670.0,,,,0.7,2.15,0.92,True,3,True,,,,False,,tv_wilder_rsi14_sma5_v1,58.02,50.62,True,True,7.39
9021,9021.T,西日本旅客鉄道,2022-10,CONTINUE,5,45.83,53.16,True,True,7.34,2022-06,2495.5,2950.5,2950.5,18.23,2455.98,2472.91,2520.59,True,True,False,False,True,False,False,3118867.0,,,,0.87,2.11,0.98,True,4,True,,,,False,,tv_wilder_rsi14_sma5_v1,53.16,45.83,True,True,7.34
4318,4318.T,クイック,2022-10,CONTINUE,4,59.6,66.92,True,True,7.33,2022-07,508.33,645.0,645.0,26.89,477.63,481.35,485.26,True,True,True,False,True,False,True,79240.0,,,,1.33,2.01,0.99,True,2,True,,,,False,,tv_wilder_rsi14_sma5_v1,66.92,59.6,True,True,7.33
4062,4062.T,イビデン,2022-10,NEW,1,45.2,52.46,True,True,7.25,2022-10,2515.0,2515.0,2515.0,0.0,2159.1,2153.8,2441.62,True,True,True,False,False,True,False,2994320.0,3690.0,-31.84,False,1.86,3.83,1.09,False,3,True,2.27,6.16,False,False,,tv_wilder_rsi14_sma5_v1,52.46,45.2,True,True,7.25
3817,3817.T,ＳＲＡホールディングス,2022-10,CONTINUE,4,58.98,66.18,True,True,7.19,2022-07,2936.0,3210.0,3210.0,9.33,2873.24,2821.59,2839.97,True,True,True,False,True,True,False,19807.0,,,,0.95,1.62,1.1,False,1,True,,,,False,,tv_wilder_rsi14_sma5_v1,66.18,58.98,True,True,7.19
3393,3393.T,スターティアホールディングス,2022-10,CONTINUE,6,50.85,58.01,True,True,7.16,2022-05,786.0,1307.0,1307.0,66.28,620.6,611.71,1085.3,True,True,False,False,True,False,,103737.0,,,,1.03,5.82,1.08,False,4,True,,,,False,,tv_wilder_rsi14_sma5_v1,58.01,50.85,True,True,7.16
9716,9716.T,乃村工藝社,2022-10,NEW,1,49.97,57.1,True,True,7.13,2022-10,1089.0,1089.0,1089.0,0.0,1014.32,956.73,925.77,True,True,True,True,True,True,True,330303.0,1148.0,-5.14,False,0.83,2.48,0.75,True,2,True,16.4,4.0,False,False,,tv_wilder_rsi14_sma5_v1,57.1,49.97,True,True,7.13
9279,9279.T,ギフトホールディングス,2022-10,CONTINUE,4,61.97,69.07,True,True,7.1,2022-07,1328.5,1730.0,1730.0,30.22,1169.5,1126.77,1229.51,True,True,True,False,True,True,False,154280.0,,,,1.36,2.73,1.02,False,3,True,,,,False,,tv_wilder_rsi14_sma5_v1,69.07,61.97,True,True,7.1
9274,9274.T,ＫＰＰグループホールディングス,2022-10,CONTINUE,6,75.28,82.34,True,True,7.06,2022-05,391.0,812.0,812.0,107.67,326.76,327.17,337.33,True,True,True,False,True,True,,397010.0,,,,1.64,4.42,1.12,False,1,True,,,,False,,tv_wilder_rsi14_sma5_v1,82.34,75.28,True,True,7.06
4432,4432.T,ウイングアーク１ｓｔ,2022-10,CONTINUE,2,50.0,57.02,True,True,7.02,2022-09,1839.0,2393.0,2393.0,30.13,1820.6,1764.03,1592.18,True,True,True,True,False,True,False,101147.0,2468.0,-25.49,False,0.85,3.38,0.92,True,3,True,6.89,-2.98,False,False,,tv_wilder_rsi14_sma5_v1,57.02,50.0,True,True,7.02
8595,8595.T,ジャフコグループ,2022-10,CONTINUE,4,52.85,59.87,True,True,7.02,2022-07,1800.0,2283.0,2283.0,26.83,1721.08,1647.56,1943.36,True,True,False,False,True,False,False,334540.0,,,,0.89,2.91,1.16,False,4,True,,,,False,,tv_wilder_rsi14_sma5_v1,59.87,52.85,True,True,7.02
8551,8551.T,北日本銀行,2022-10,CONTINUE,5,49.05,56.04,True,True,6.99,2022-06,1599.0,1880.0,1880.0,17.57,1563.44,1572.6,1582.7,True,True,True,False,True,False,False,12140.0,,,,0.71,1.7,0.99,True,3,True,,,,False,,tv_wilder_rsi14_sma5_v1,56.04,49.05,True,True,6.99
4633,4633.T,サカタインクス,2022-10,CONTINUE,4,45.95,52.93,True,True,6.98,2022-07,986.0,1065.0,1065.0,8.01,952.24,937.57,975.43,True,True,True,False,True,True,False,118990.0,,,,1.27,1.85,0.95,True,3,True,,,,False,,tv_wilder_rsi14_sma5_v1,52.93,45.95,True,True,6.98
5202,5202.T,日本板硝子,2022-10,CONTINUE,3,46.1,53.04,True,True,6.94,2022-08,534.0,555.0,555.0,3.93,474.28,419.45,454.95,True,True,True,False,True,True,False,1765650.0,680.0,-21.47,False,0.58,3.37,0.81,True,3,True,12.81,7.99,False,False,,tv_wilder_rsi14_sma5_v1,53.04,46.1,True,True,6.94
7947,7947.T,エフピコ,2022-10,CONTINUE,5,43.17,50.02,True,False,6.85,2022-06,2838.0,3545.0,3545.0,24.91,2702.92,2798.87,3440.0,True,True,False,False,False,False,False,154100.0,,,,1.36,2.39,1.16,False,4,True,,,,False,,tv_wilder_rsi14_sma5_v1,50.02,43.17,False,True,6.85
8154,8154.T,加賀電子,2022-10,CONTINUE,4,66.18,73.02,True,True,6.84,2022-07,1612.5,2207.5,2207.5,36.9,1539.32,1535.88,1533.56,True,True,True,True,False,False,False,137573.0,,,,0.8,1.81,0.89,True,1,True,,,,False,,tv_wilder_rsi14_sma5_v1,73.02,66.18,True,True,6.84
6420,6420.T,ガリレイ,2022-10,CONTINUE,4,45.27,52.08,True,True,6.8,2022-07,1825.0,2047.5,2047.5,12.19,1755.3,1755.57,2008.35,True,True,False,False,True,False,False,46880.0,,,,0.93,1.93,0.85,True,4,True,,,,False,,tv_wilder_rsi14_sma5_v1,52.08,45.27,True,True,6.8
5310,5310.T,東洋炭素,2022-10,CONTINUE,4,62.83,69.57,True,True,6.74,2022-07,3015.0,3730.0,3730.0,23.71,2900.44,2860.28,2996.97,True,True,True,False,True,False,False,90223.0,,,,0.9,2.42,0.92,True,1,True,,,,False,,tv_wilder_rsi14_sma5_v1,69.57,62.83,True,True,6.74
4180,4180.T,APPIER GROUP,2022-10,CONTINUE,2,43.31,50.04,True,True,6.73,2022-09,1214.0,1429.0,1429.0,17.71,1235.08,1025.99,1015.63,False,True,True,True,True,True,False,1042857.0,1813.0,-33.04,False,0.76,6.04,0.96,True,3,True,18.81,0.59,False,False,,tv_wilder_rsi14_sma5_v1,50.04,43.31,True,True,6.73
2461,2461.T,ファンコミュニケーションズ,2022-10,CONTINUE,3,45.12,51.83,True,True,6.71,2022-08,410.0,444.0,444.0,8.29,406.44,400.87,409.34,True,True,True,False,True,False,False,229850.0,467.0,-12.21,False,0.64,1.83,0.68,True,3,True,-0.45,1.09,False,False,,tv_wilder_rsi14_sma5_v1,51.83,45.12,True,True,6.71
8078,8078.T,阪和興業,2022-10,CONTINUE,3,53.93,60.55,True,True,6.62,2022-08,691.0,720.0,720.0,4.2,638.7,598.61,627.32,True,True,True,False,True,True,False,848600.0,768.0,-10.03,False,1.34,3.43,0.88,True,1,True,9.22,6.75,False,False,,tv_wilder_rsi14_sma5_v1,60.55,53.93,True,True,6.62
7864,7864.T,フジシールインターナショナル,2022-10,CONTINUE,3,35.73,42.32,True,True,6.59,2022-08,1553.0,1743.0,1743.0,12.23,1547.8,1521.96,1783.24,True,True,False,False,True,False,False,95387.0,2687.0,-42.2,False,1.1,2.3,0.97,True,4,True,-16.6,3.15,False,False,,tv_wilder_rsi14_sma5_v1,42.32,35.73,True,True,6.59
6929,6929.T,日本セラミック,2022-10,CONTINUE,3,44.43,51.0,True,True,6.58,2022-08,2641.0,2586.0,2586.0,-2.08,2409.04,2180.83,2425.39,True,True,True,False,True,True,False,106033.0,3225.0,-18.11,False,1.09,2.41,0.94,True,3,True,7.0,7.07,False,False,,tv_wilder_rsi14_sma5_v1,51.0,44.43,True,True,6.58
2915,2915.T,ケンコーマヨネーズ,2022-10,CONTINUE,5,45.2,51.57,True,True,6.38,2022-06,1447.0,1679.0,1679.0,16.03,1405.12,1399.6,1424.08,True,True,True,False,True,True,False,24687.0,,,,1.11,2.0,1.01,False,3,True,,,,False,,tv_wilder_rsi14_sma5_v1,51.57,45.2,True,True,6.38
4568,4568.T,第一三共,2022-10,CONTINUE,7,65.54,71.86,True,True,6.32,2022-04,3262.0,4767.0,4767.0,46.14,2863.98,2646.39,,True,True,,,True,True,,4939267.0,,,,1.17,2.74,1.01,False,1,True,,,,False,,tv_wilder_rsi14_sma5_v1,71.86,65.54,True,True,6.32
1878,1878.T,大東建託,2022-10,CONTINUE,4,53.97,60.28,True,True,6.31,2022-07,2518.0,2942.0,2942.0,16.84,2415.84,2346.67,2513.3,True,True,True,False,True,False,False,1008817.0,,,,0.87,1.42,0.86,True,3,True,,,,False,,tv_wilder_rsi14_sma5_v1,60.28,53.97,True,True,6.31
7231,7231.T,トピー工業,2022-10,CONTINUE,6,53.11,59.43,True,True,6.31,2022-05,1330.0,1590.0,1590.0,19.55,1165.04,1096.53,1135.1,True,True,True,False,True,True,,67130.0,,,,0.78,2.92,0.59,True,1,True,,,,False,,tv_wilder_rsi14_sma5_v1,59.43,53.11,True,True,6.31
3050,3050.T,ＤＣＭホールディングス,2022-10,CONTINUE,2,49.84,56.13,True,False,6.3,2022-09,1177.0,1159.0,1159.0,-1.53,1041.6,1036.65,1061.14,True,True,True,False,False,False,False,518497.0,1158.0,1.64,True,1.95,1.8,1.37,False,1,True,9.37,3.03,True,False,,tv_wilder_rsi14_sma5_v1,56.13,49.84,False,True,6.3
4045,4045.T,東亞合成,2022-10,CONTINUE,3,45.21,51.5,True,True,6.29,2022-08,1089.0,1143.0,1143.0,4.96,1087.12,1049.85,1100.88,True,True,False,False,True,True,False,226247.0,1395.0,-21.94,False,0.64,1.71,0.87,True,4,True,-2.56,0.91,False,False,,tv_wilder_rsi14_sma5_v1,51.5,45.21,True,True,6.29
8877,8877.T,エスリード,2022-10,NEW,1,54.88,61.17,True,True,6.29,2022-10,1881.0,1881.0,1881.0,0.0,1742.72,1729.04,1714.88,True,True,True,True,True,True,True,20483.0,1863.0,0.97,True,3.25,1.65,1.13,False,1,True,10.79,3.22,True,True,BOTH,tv_wilder_rsi14_sma5_v1,61.17,54.88,True,True,6.29
9535,9535.T,広島ガス,2022-10,CONTINUE,4,41.79,48.08,True,True,6.29,2022-07,325.0,345.0,345.0,6.15,322.72,321.44,344.53,True,True,False,False,True,False,False,82290.0,,,,0.87,1.19,0.82,True,4,True,,,,False,,tv_wilder_rsi14_sma5_v1,48.08,41.79,True,True,6.29
6632,6632.T,ＪＶＣケンウッド,2022-10,CONTINUE,3,48.26,54.52,True,True,6.27,2022-08,205.0,216.0,216.0,5.37,197.0,187.19,181.59,True,True,True,True,True,True,True,1827153.0,221.0,-7.24,False,0.65,3.0,0.84,True,2,True,8.57,4.55,False,False,,tv_wilder_rsi14_sma5_v1,54.52,48.26,True,True,6.27
7433,7433.T,伯東,2022-10,CONTINUE,3,71.5,77.75,True,True,6.26,2022-08,3325.0,3835.0,3835.0,15.34,3086.92,2813.0,2559.36,True,True,True,True,True,True,True,141460.0,3335.0,-0.3,False,0.54,2.12,1.03,False,2,True,42.59,1.4,False,False,,tv_wilder_rsi14_sma5_v1,77.75,71.5,True,True,6.26
3916,3916.T,ﾃﾞｼﾞﾀﾙ･ｲﾝﾌｫﾒｰｼｮﾝ･ﾃｸﾉﾛｼﾞｰ,2022-10,CONTINUE,6,49.72,55.96,True,True,6.25,2022-05,723.0,876.0,876.0,21.16,632.3,629.36,741.47,True,True,False,False,True,True,,163500.0,,,,1.5,4.05,1.14,False,4,True,,,,False,,tv_wilder_rsi14_sma5_v1,55.96,49.72,True,True,6.25
6459,6459.T,大和冷機工業,2022-10,CONTINUE,5,52.69,58.95,True,True,6.25,2022-06,1100.0,1248.0,1248.0,13.45,1056.76,1063.51,1156.84,True,True,False,False,True,False,False,59543.0,,,,1.62,2.65,1.23,False,4,True,,,,False,,tv_wilder_rsi14_sma5_v1,58.95,52.69,True,True,6.25
7874,7874.T,レック,2022-10,CONTINUE,4,37.8,44.0,True,True,6.2,2022-07,718.0,879.0,879.0,22.42,682.0,741.47,856.62,True,False,False,False,True,False,False,65407.0,,,,0.67,1.77,0.92,True,4,True,,,,False,,tv_wilder_rsi14_sma5_v1,44.0,37.8,True,True,6.2
9202,9202.T,ＡＮＡホールディングス,2022-10,CONTINUE,3,50.04,56.23,True,True,6.19,2022-08,2687.5,2891.0,2891.0,7.57,2574.54,2518.31,2487.34,True,True,True,True,True,True,False,2876433.0,2974.0,-9.63,False,1.13,1.65,1.1,False,3,True,5.28,1.07,True,False,,tv_wilder_rsi14_sma5_v1,56.23,50.04,True,True,6.19
8544,8544.T,京葉銀行,2022-10,CONTINUE,3,48.35,54.53,True,True,6.18,2022-08,485.0,522.0,522.0,7.63,476.0,468.4,476.37,True,True,True,False,True,False,True,196523.0,547.0,-11.33,False,0.96,1.34,1.08,False,2,True,5.57,1.88,False,False,,tv_wilder_rsi14_sma5_v1,54.53,48.35,True,True,6.18
9278,9278.T,ブックオフグループホールディングス,2022-10,CONTINUE,3,59.64,65.8,True,True,6.16,2022-08,1015.0,1140.0,1140.0,12.32,1013.08,1000.19,1017.45,True,True,False,False,True,True,True,42113.0,1248.0,-18.67,False,0.91,1.2,0.93,True,1,True,2.98,1.03,False,False,,tv_wilder_rsi14_sma5_v1,65.8,59.64,True,True,6.16
7868,7868.T,広済堂ホールディングス,2022-10,CONTINUE,7,61.44,67.57,True,True,6.13,2022-04,160.4,304.2,304.2,89.65,162.42,161.6,,False,False,,,False,True,,392167.0,,,,1.05,2.58,0.91,True,1,True,,,,False,,tv_wilder_rsi14_sma5_v1,67.57,61.44,True,True,6.13
3591,3591.T,ワコールホールディングス,2022-10,CONTINUE,6,49.68,55.8,True,True,6.12,2022-05,1990.0,2395.0,2395.0,20.35,1910.96,1908.33,2107.41,True,True,False,False,True,False,,153960.0,,,,1.4,2.53,0.95,True,4,True,,,,False,,tv_wilder_rsi14_sma5_v1,55.8,49.68,True,True,6.12
9990,9990.T,サックスバーホールディングス,2022-10,CONTINUE,6,53.96,60.06,True,False,6.09,2022-05,594.0,705.0,705.0,18.69,525.76,510.8,533.41,True,True,True,False,True,True,,61197.0,,,,1.78,2.14,1.07,False,3,True,,,,False,,tv_wilder_rsi14_sma5_v1,60.06,53.96,False,True,6.09
6417,6417.T,ＳＡＮＫＹＯ,2022-10,CONTINUE,2,70.88,76.95,True,True,6.07,2022-09,877.0,983.0,983.0,12.09,822.4,824.64,738.07,True,True,True,False,True,False,True,1079633.0,884.0,-0.79,False,2.32,2.27,1.2,False,2,True,27.3,3.51,False,False,,tv_wilder_rsi14_sma5_v1,76.95,70.88,True,True,6.07
9435,9435.T,光通信,2022-10,CONTINUE,4,44.01,50.07,True,True,6.06,2022-07,14630.0,17970.0,17970.0,22.83,14318.4,14328.8,15497.35,True,True,False,False,True,True,False,88950.0,,,,0.58,1.79,0.93,True,4,True,,,,False,,tv_wilder_rsi14_sma5_v1,50.07,44.01,True,True,6.06
3099,3099.T,三越伊勢丹ホールディングス,2022-10,CONTINUE,3,68.94,74.99,True,True,6.05,2022-08,1102.0,1320.0,1320.0,19.78,1040.36,1056.91,956.82,True,True,True,False,False,True,True,2090137.0,1156.0,-4.67,False,0.93,2.13,1.21,False,2,True,22.52,2.88,True,True,MVP,tv_wilder_rsi14_sma5_v1,74.99,68.94,True,True,6.05
6965,6965.T,浜松ホトニクス,2022-10,CONTINUE,4,51.48,57.53,True,True,6.05,2022-07,3005.0,3370.0,3370.0,12.15,2834.6,2887.53,3108.88,True,True,False,False,False,False,False,746540.0,,,,0.71,2.01,0.84,True,4,True,,,,False,,tv_wilder_rsi14_sma5_v1,57.53,51.48,True,True,6.05
6908,6908.T,イリソ電子工業,2022-10,CONTINUE,3,45.43,51.47,True,True,6.04,2022-08,4180.0,4320.0,4320.0,3.35,3769.92,3434.51,3813.18,True,True,True,False,True,True,False,138117.0,5500.0,-24.0,False,0.67,3.71,0.87,True,3,True,2.81,4.2,False,False,,tv_wilder_rsi14_sma5_v1,51.47,45.43,True,True,6.04
2670,2670.T,エービーシー・マート,2022-10,CONTINUE,2,53.01,59.02,True,True,6.01,2022-09,2076.67,2210.0,2210.0,6.42,2016.27,1951.69,1801.62,True,True,True,True,True,True,True,690860.0,2143.33,-3.11,False,1.0,2.17,0.93,True,2,True,14.93,3.76,False,False,,tv_wilder_rsi14_sma5_v1,59.02,53.01,True,True,6.01
6266,6266.T,タツモ,2022-10,CONTINUE,3,47.01,52.96,True,True,5.95,2022-08,1365.0,1560.0,1560.0,14.29,1331.44,1275.59,1441.03,True,True,False,False,True,False,False,187477.0,1850.0,-26.22,False,1.06,2.82,0.89,True,4,True,-3.9,3.37,False,False,,tv_wilder_rsi14_sma5_v1,52.96,47.01,True,True,5.95
8097,8097.T,三愛オブリ,2022-10,CONTINUE,6,49.3,55.25,True,True,5.95,2022-05,959.0,1230.0,1230.0,28.26,953.24,947.61,1183.68,True,True,False,False,False,False,,169897.0,,,,1.29,2.23,0.89,True,4,True,,,,False,,tv_wilder_rsi14_sma5_v1,55.25,49.3,True,True,5.95
9757,9757.T,船井総研ホールディングス,2022-10,CONTINUE,4,50.53,56.48,True,True,5.95,2022-07,1169.0,1326.5,1326.5,13.47,1128.28,1077.41,1190.51,True,True,False,False,True,True,False,129620.0,,,,0.82,1.78,0.97,True,4,True,,,,False,,tv_wilder_rsi14_sma5_v1,56.48,50.53,True,True,5.95
4768,4768.T,大塚商会,2022-10,CONTINUE,4,42.95,48.89,True,True,5.94,2022-07,2067.5,2347.5,2347.5,13.54,2042.6,2022.13,2308.97,True,True,False,False,True,False,False,1203607.0,,,,1.34,2.54,1.03,False,4,True,,,,False,,tv_wilder_rsi14_sma5_v1,48.89,42.95,True,True,5.94
1959,1959.T,クラフティア,2022-10,NEW,1,43.67,49.58,True,True,5.91,2022-10,3160.0,3160.0,3160.0,0.0,2888.6,2841.64,2901.13,True,True,True,False,True,True,False,175027.0,3760.0,-15.96,False,2.21,2.22,1.18,False,3,True,1.39,3.91,False,False,,tv_wilder_rsi14_sma5_v1,49.58,43.67,True,True,5.91
6196,6196.T,ストライクグループ,2022-10,CONTINUE,4,47.49,53.4,True,True,5.91,2022-07,1293.33,1531.67,1531.67,18.43,1201.13,1245.71,1461.8,True,True,False,False,True,False,False,146950.0,,,,0.9,3.05,0.99,True,4,True,,,,False,,tv_wilder_rsi14_sma5_v1,53.4,47.49,True,True,5.91
3569,3569.T,セーレン,2022-10,CONTINUE,3,54.64,60.47,True,True,5.84,2022-08,2123.0,2333.0,2333.0,9.89,2081.28,2027.29,2161.01,True,True,False,False,True,True,False,76953.0,2584.0,-17.84,False,0.73,1.75,0.82,True,4,True,-0.1,2.19,False,False,,tv_wilder_rsi14_sma5_v1,60.47,54.64,True,True,5.84
9042,9042.T,阪急阪神ホールディングス,2022-10,CONTINUE,9,62.88,68.7,True,True,5.82,2022-02,3435.0,4415.0,4415.0,28.53,3444.0,3413.67,,False,True,,,True,False,,560777.0,,,,1.01,2.1,0.9,True,1,True,,,,False,,tv_wilder_rsi14_sma5_v1,68.7,62.88,True,True,5.82
9706,9706.T,日本空港ビルデング,2022-10,CONTINUE,3,56.85,62.66,True,True,5.81,2022-08,5780.0,6380.0,6380.0,10.38,5407.2,5301.73,5268.27,True,True,True,True,True,True,False,245013.0,6280.0,-7.96,False,1.27,2.98,1.15,False,3,True,8.94,2.36,True,False,,tv_wilder_rsi14_sma5_v1,62.66,56.85,True,True,5.81
6464,6464.T,ツバキ・ナカシマ,2022-10,CONTINUE,4,43.61,49.38,True,True,5.77,2022-07,943.0,1234.0,1234.0,30.86,930.76,937.91,1183.96,True,True,False,False,False,False,False,205530.0,,,,0.92,2.47,1.08,False,4,True,,,,False,,tv_wilder_rsi14_sma5_v1,49.38,43.61,True,True,5.77
3994,3994.T,マネーフォワード,2022-10,NEW,1,42.08,47.85,True,True,5.76,2022-10,4240.0,4240.0,4240.0,0.0,3539.0,3507.03,4140.07,True,True,True,False,True,True,False,1528470.0,8680.0,-51.15,False,1.37,5.84,1.13,False,3,True,-0.47,13.82,False,False,,tv_wilder_rsi14_sma5_v1,47.85,42.08,True,True,5.76
4344,4344.T,ソースネクスト,2022-10,CONTINUE,8,49.63,55.37,True,True,5.74,2022-03,172.0,298.0,298.0,73.26,162.08,166.73,,True,True,,,True,False,,1062273.0,,,,0.96,3.86,1.04,False,1,True,,,,False,,tv_wilder_rsi14_sma5_v1,55.37,49.63,True,True,5.74
7846,7846.T,パイロットコーポレーション,2022-10,CONTINUE,2,64.26,70.0,True,True,5.74,2022-09,1830.0,1930.0,1930.0,5.46,1743.07,1690.53,1618.27,True,True,True,True,True,True,True,159990.0,1890.0,-3.17,False,1.29,2.03,1.06,False,2,True,15.13,1.83,False,False,,tv_wilder_rsi14_sma5_v1,70.0,64.26,True,True,5.74
9010,9010.T,富士急行,2022-10,CONTINUE,7,50.07,55.81,True,True,5.74,2022-04,4125.0,4600.0,4600.0,11.52,3973.4,3984.2,,True,True,,,True,False,,73433.0,,,,1.06,2.79,1.03,False,1,True,,,,False,,tv_wilder_rsi14_sma5_v1,55.81,50.07,True,True,5.74
9795,9795.T,ステップ,2022-10,CONTINUE,3,54.94,60.66,True,True,5.72,2022-08,1815.0,1930.0,1930.0,6.34,1794.12,1749.93,1793.12,True,True,True,False,True,True,False,13583.0,1998.0,-9.16,False,0.8,2.22,1.16,False,3,True,0.57,1.16,False,False,,tv_wilder_rsi14_sma5_v1,60.66,54.94,True,True,5.72
6638,6638.T,ミマキエンジニアリング,2022-10,CONTINUE,4,47.77,53.47,True,True,5.7,2022-07,605.0,736.0,736.0,21.65,552.28,583.97,738.75,True,True,False,False,True,False,False,48080.0,,,,2.08,3.53,1.21,False,4,True,,,,False,,tv_wilder_rsi14_sma5_v1,53.47,47.77,True,True,5.7
8609,8609.T,岡三証券グループ,2022-10,NEW,1,38.79,44.48,True,True,5.7,2022-10,354.0,354.0,354.0,0.0,332.24,337.07,355.03,True,True,False,False,True,False,False,373093.0,406.0,-12.81,False,1.99,1.9,1.03,False,4,True,-2.73,1.59,True,False,,tv_wilder_rsi14_sma5_v1,44.48,38.79,True,True,5.7
7272,7272.T,ヤマハ発動機,2022-10,CONTINUE,3,53.82,59.52,True,True,5.69,2022-08,966.33,1023.33,1023.33,5.9,917.97,876.8,902.18,True,True,True,False,True,True,False,5431150.0,1093.33,-11.62,False,0.73,1.71,0.86,True,3,True,8.19,5.1,False,False,,tv_wilder_rsi14_sma5_v1,59.52,53.82,True,True,5.69
6430,6430.T,ダイコク電機,2022-10,CONTINUE,5,56.81,62.49,True,True,5.68,2022-06,1237.0,1427.0,1427.0,15.36,1205.04,1219.67,1223.55,True,True,True,False,True,False,True,26380.0,,,,1.31,2.14,1.09,False,1,True,,,,False,,tv_wilder_rsi14_sma5_v1,62.49,56.81,True,True,5.68
6958,6958.T,日本シイエムケイ,2022-10,NEW,1,46.86,52.5,True,True,5.64,2022-10,536.0,536.0,536.0,0.0,473.88,463.05,511.08,True,True,True,False,True,True,False,231617.0,744.0,-27.96,False,1.45,2.65,0.97,True,3,True,11.55,6.39,True,False,,tv_wilder_rsi14_sma5_v1,52.5,46.86,True,True,5.64
1969,1969.T,高砂熱学工業,2022-10,CONTINUE,4,46.71,52.31,True,True,5.6,2022-07,844.5,905.0,905.0,7.16,820.78,815.01,910.45,True,True,False,False,True,False,False,219420.0,,,,0.9,2.01,1.02,False,4,True,,,,False,,tv_wilder_rsi14_sma5_v1,52.31,46.71,True,True,5.6
3660,3660.T,アイスタイル,2022-10,CONTINUE,6,50.63,56.2,True,False,5.58,2022-05,221.0,490.0,490.0,121.72,178.08,181.8,286.83,True,True,False,False,True,False,,909723.0,,,,1.19,5.79,1.07,False,4,True,,,,False,,tv_wilder_rsi14_sma5_v1,56.2,50.63,False,True,5.58
4997,4997.T,日本農薬,2022-10,CONTINUE,10,70.97,76.55,True,True,5.58,2022-01,525.0,920.0,920.0,75.24,500.2,503.57,,True,True,,,True,False,,89860.0,,,,1.44,2.64,1.25,False,1,True,,,,False,,tv_wilder_rsi14_sma5_v1,76.55,70.97,True,True,5.58
9041,9041.T,近鉄グループホールディングス,2022-10,CONTINUE,9,60.54,66.12,True,True,5.58,2022-02,3455.0,5030.0,5030.0,45.59,3459.4,3371.27,,False,True,,,True,False,,461790.0,,,,1.11,2.48,1.01,False,1,True,,,,False,,tv_wilder_rsi14_sma5_v1,66.12,60.54,True,True,5.58
9201,9201.T,日本航空,2022-10,CONTINUE,6,52.44,58.01,True,True,5.57,2022-05,2346.0,2775.0,2775.0,18.29,2217.16,2219.81,2285.68,True,True,True,False,True,True,,4377067.0,,,,1.26,2.21,0.95,True,1,True,,,,False,,tv_wilder_rsi14_sma5_v1,58.01,52.44,True,True,5.57
2930,2930.T,北の達人コーポレーション,2022-10,CONTINUE,5,37.55,43.1,True,True,5.55,2022-06,204.0,289.0,289.0,41.67,199.48,201.67,296.73,True,True,False,False,True,False,False,1521600.0,,,,0.71,4.48,0.81,True,4,True,,,,False,,tv_wilder_rsi14_sma5_v1,43.1,37.55,True,True,5.55
4956,4956.T,コニシ,2022-10,NEW,1,50.4,55.92,True,True,5.53,2022-10,869.5,869.5,869.5,0.0,824.16,809.33,792.97,True,True,True,True,True,True,False,89927.0,910.0,-4.45,False,1.5,1.89,0.92,True,3,True,6.2,2.81,False,False,,tv_wilder_rsi14_sma5_v1,55.92,50.4,True,True,5.53
4526,4526.T,理研ビタミン,2022-10,CONTINUE,5,51.78,57.3,True,True,5.52,2022-06,1700.0,1885.0,1885.0,10.88,1615.88,1652.21,1713.43,True,True,False,False,False,False,False,76537.0,,,,2.51,1.66,1.19,False,4,True,,,,False,,tv_wilder_rsi14_sma5_v1,57.3,51.78,True,True,5.52
8219,8219.T,青山商事,2022-10,CONTINUE,6,48.84,54.35,True,True,5.52,2022-05,292.0,346.0,346.0,18.49,248.32,230.68,238.61,True,True,True,False,True,True,,1517530.0,,,,1.74,4.58,1.04,False,1,True,,,,False,,tv_wilder_rsi14_sma5_v1,54.35,48.84,True,True,5.52
6240,6240.T,ヤマシンフィルタ,2022-10,CONTINUE,4,34.2,39.69,True,True,5.49,2022-07,330.0,416.0,416.0,26.06,324.32,326.04,422.43,True,True,False,False,True,False,False,334557.0,,,,0.73,2.51,0.93,True,4,True,,,,False,,tv_wilder_rsi14_sma5_v1,39.69,34.2,True,True,5.49
9746,9746.T,ＴＫＣ,2022-10,NEW,1,56.41,61.89,True,True,5.48,2022-10,3800.0,3800.0,3800.0,0.0,3636.0,3549.13,3357.72,True,True,True,True,True,True,True,58047.0,3800.0,0.0,False,1.56,1.97,0.89,True,2,True,13.94,2.71,False,False,,tv_wilder_rsi14_sma5_v1,61.89,56.41,True,True,5.48
8016,8016.T,オンワードホールディングス,2022-10,CONTINUE,6,43.24,48.69,True,True,5.45,2022-05,261.0,310.0,310.0,18.77,248.64,258.16,293.57,True,True,False,False,False,False,,1146950.0,,,,1.75,2.38,1.02,False,4,True,,,,False,,tv_wilder_rsi14_sma5_v1,48.69,43.24,True,True,5.45
1375,1375.T,ユキグニファクトリー,2022-10,CONTINUE,4,26.41,31.84,True,True,5.42,2022-07,953.0,1065.0,1065.0,11.75,934.72,951.13,1141.93,True,True,False,False,True,False,False,100513.0,,,,0.71,1.27,1.01,False,4,True,,,,False,,tv_wilder_rsi14_sma5_v1,31.84,26.41,True,True,5.42
6861,6861.T,キーエンス,2022-10,NEW,1,48.05,53.47,True,True,5.42,2022-10,56320.0,56320.0,56320.0,0.0,49991.6,52406.13,53331.65,True,True,True,False,False,True,False,702777.0,75090.0,-25.0,False,1.5,2.69,1.04,False,3,True,-1.21,2.52,True,False,,tv_wilder_rsi14_sma5_v1,53.47,48.05,True,True,5.42
6269,6269.T,三井海洋開発,2022-10,CONTINUE,4,44.6,50.0,True,True,5.4,2022-07,1233.0,1619.0,1619.0,31.31,1174.12,1215.12,1345.67,True,True,False,False,False,False,False,165160.0,,,,0.6,2.3,0.84,True,4,True,,,,False,,tv_wilder_rsi14_sma5_v1,50.0,44.6,True,True,5.4
3480,3480.T,ジェイ・エス・ビー,2022-10,CONTINUE,3,56.24,61.63,True,True,5.39,2022-08,1740.0,1927.5,1927.5,10.78,1683.9,1661.9,1593.16,True,True,True,True,True,False,True,40480.0,1780.0,-2.25,False,0.98,1.89,0.81,True,2,True,6.29,1.3,False,False,,tv_wilder_rsi14_sma5_v1,61.63,56.24,True,True,5.39
4548,4548.T,生化学工業,2022-10,CONTINUE,4,39.08,44.47,True,True,5.39,2022-07,861.0,907.0,907.0,5.34,854.48,828.12,904.77,True,True,False,False,True,False,False,98010.0,,,,0.68,1.72,0.87,True,4,True,,,,False,,tv_wilder_rsi14_sma5_v1,44.47,39.08,True,True,5.39
5946,5946.T,長府製作所,2022-10,CONTINUE,4,44.54,49.89,True,False,5.36,2022-07,1858.0,2032.0,2032.0,9.36,1793.44,1818.01,1943.04,True,True,False,False,True,False,False,52853.0,,,,1.77,1.54,0.9,True,4,True,,,,False,,tv_wilder_rsi14_sma5_v1,49.89,44.54,False,True,5.36
6849,6849.T,日本光電工業,2022-10,CONTINUE,4,47.22,52.57,True,True,5.35,2022-07,1485.0,1667.5,1667.5,12.29,1470.58,1501.28,1577.82,True,False,False,False,False,False,False,517467.0,,,,0.7,2.09,1.01,False,4,True,,,,False,,tv_wilder_rsi14_sma5_v1,52.57,47.22,True,True,5.35
2982,2982.T,ＡＤワークスグループ,2022-10,NEW,1,48.1,53.44,True,True,5.34,2022-10,163.0,163.0,163.0,0.0,158.96,156.37,150.02,True,True,True,True,True,True,True,268587.0,174.0,-6.32,False,0.84,1.84,0.97,True,2,True,8.09,1.8,False,False,,tv_wilder_rsi14_sma5_v1,53.44,48.1,True,True,5.34
5851,5851.T,リョービ,2022-10,CONTINUE,4,44.71,50.04,True,True,5.33,2022-07,1117.0,1320.0,1320.0,18.17,1063.16,1072.84,1098.1,True,True,True,False,False,True,False,132723.0,,,,1.38,2.31,1.09,False,3,True,,,,False,,tv_wilder_rsi14_sma5_v1,50.04,44.71,True,True,5.33
3903,3903.T,ｇｕｍｉ,2022-10,CONTINUE,5,51.47,56.74,True,True,5.28,2022-06,701.0,964.0,964.0,37.52,582.44,574.45,678.89,True,True,True,False,True,True,False,1578617.0,,,,1.21,6.56,0.98,True,3,True,,,,False,,tv_wilder_rsi14_sma5_v1,56.74,51.47,True,True,5.28
7740,7740.T,タムロン,2022-10,CONTINUE,6,62.61,67.88,True,True,5.28,2022-05,307.12,413.12,413.12,34.51,294.8,292.58,317.4,True,True,False,False,True,False,,397413.0,,,,1.18,2.22,0.75,True,4,True,,,,False,,tv_wilder_rsi14_sma5_v1,67.88,62.61,True,True,5.28
9037,9037.T,ハマキョウレックス,2022-10,CONTINUE,4,51.56,56.84,True,True,5.28,2022-07,796.25,831.25,831.25,4.4,753.35,728.72,735.71,True,True,True,False,True,True,False,158120.0,,,,0.71,1.55,0.91,True,3,True,,,,False,,tv_wilder_rsi14_sma5_v1,56.84,51.56,True,True,5.28
9889,9889.T,ＪＢＣＣホールディングス,2022-10,CONTINUE,6,57.62,62.9,True,True,5.28,2022-05,405.75,485.25,485.25,19.59,385.44,377.23,400.99,True,True,True,False,True,False,,132667.0,,,,1.27,1.96,0.81,True,1,True,,,,False,,tv_wilder_rsi14_sma5_v1,62.9,57.62,True,True,5.28
9616,9616.T,共立メンテナンス,2022-10,CONTINUE,9,67.99,73.27,True,True,5.27,2022-02,2125.0,3065.0,3065.0,44.24,2105.4,2075.5,,True,True,,,True,True,,491540.0,,,,0.91,3.5,0.94,True,1,True,,,,False,,tv_wilder_rsi14_sma5_v1,73.27,67.99,True,True,5.27
8032,8032.T,日本紙パルプ商事,2022-10,CONTINUE,4,57.75,63.01,True,True,5.26,2022-07,417.0,459.0,459.0,10.07,397.38,379.66,389.67,True,True,True,False,True,False,True,145600.0,,,,0.61,1.52,0.92,True,2,True,,,,False,,tv_wilder_rsi14_sma5_v1,63.01,57.75,True,True,5.26
3486,3486.T,グローバル・リンク・マネジメント,2022-10,NEW,1,54.47,59.67,True,True,5.19,2022-10,519.0,519.0,519.0,0.0,487.78,470.05,448.84,True,True,True,True,True,True,True,36487.0,548.0,-5.29,False,1.06,2.08,1.0,False,2,True,13.12,3.46,False,False,,tv_wilder_rsi14_sma5_v1,59.67,54.47,True,True,5.19
3543,3543.T,コメダホールディングス,2022-10,CONTINUE,7,62.31,67.46,True,True,5.15,2022-04,2238.0,2483.0,2483.0,10.95,2103.92,2090.67,,True,True,,,True,True,,265993.0,,,,1.12,1.94,1.11,False,1,True,,,,False,,tv_wilder_rsi14_sma5_v1,67.46,62.31,True,True,5.15
3191,3191.T,ジョイフル本田,2022-10,CONTINUE,7,61.08,66.2,True,True,5.12,2022-04,1559.0,1814.0,1814.0,16.36,1533.08,1539.51,,True,True,,,False,True,,124290.0,,,,1.14,1.73,0.96,True,1,True,,,,False,,tv_wilder_rsi14_sma5_v1,66.2,61.08,True,True,5.12
2674,2674.T,ハードオフコーポレーション,2022-10,CONTINUE,9,73.03,78.13,True,True,5.1,2022-02,810.0,1269.0,1269.0,56.67,771.84,743.19,,True,True,,,True,True,,30653.0,,,,0.78,1.9,0.86,True,1,True,,,,False,,tv_wilder_rsi14_sma5_v1,78.13,73.03,True,True,5.1
2980,2980.T,SREホールディングス,2022-10,CONTINUE,4,43.55,48.65,True,True,5.1,2022-07,2737.0,3790.0,3790.0,38.47,2473.56,2380.6,4629.9,True,True,False,False,True,False,False,766977.0,,,,0.66,5.42,0.78,True,4,True,,,,False,,tv_wilder_rsi14_sma5_v1,48.65,43.55,True,True,5.1
2379,2379.T,ディップ,2022-10,NEW,1,55.93,61.02,True,True,5.09,2022-10,4170.0,4170.0,4170.0,0.0,3859.6,3701.47,3629.1,True,True,True,True,True,True,False,330707.0,4930.0,-15.42,False,0.95,3.7,0.83,True,1,True,11.84,4.52,False,False,,tv_wilder_rsi14_sma5_v1,61.02,55.93,True,True,5.09
4554,4554.T,富士製薬工業,2022-10,CONTINUE,4,41.61,46.7,True,True,5.09,2022-07,1000.0,1071.0,1071.0,7.1,982.84,954.24,1006.89,True,True,False,False,True,True,False,33690.0,,,,0.83,1.45,0.95,True,4,True,,,,False,,tv_wilder_rsi14_sma5_v1,46.7,41.61,True,True,5.09
3901,3901.T,マークラインズ,2022-10,CONTINUE,2,47.0,52.08,True,True,5.08,2022-09,2342.0,2565.0,2565.0,9.52,2320.8,2234.05,2462.84,True,True,False,False,True,False,False,46637.0,3435.0,-31.82,False,1.08,2.64,0.96,True,4,True,-5.89,2.03,False,False,,tv_wilder_rsi14_sma5_v1,52.08,47.0,True,True,5.08
6923,6923.T,スタンレー電気,2022-10,CONTINUE,4,41.35,46.42,True,True,5.07,2022-07,2323.0,2528.0,2528.0,8.82,2303.0,2253.95,2584.19,True,True,False,False,True,False,False,631417.0,,,,1.08,2.3,0.83,True,4,True,,,,False,,tv_wilder_rsi14_sma5_v1,46.42,41.35,True,True,5.07
3360,3360.T,シップヘルスケアホールディングス,2022-10,CONTINUE,6,53.19,58.25,True,True,5.06,2022-05,2295.0,2851.0,2851.0,24.23,2197.72,2170.52,2527.45,True,True,False,False,True,False,,326887.0,,,,1.23,2.36,0.83,True,4,True,,,,False,,tv_wilder_rsi14_sma5_v1,58.25,53.19,True,True,5.06
9069,9069.T,センコーグループホールディングス,2022-10,CONTINUE,4,50.95,56.0,True,True,5.05,2022-07,918.0,994.0,994.0,8.28,901.68,873.77,920.33,True,True,False,False,True,False,False,358467.0,,,,0.76,1.37,0.9,True,4,True,,,,False,,tv_wilder_rsi14_sma5_v1,56.0,50.95,True,True,5.05
4922,4922.T,コーセーホールディングス,2022-10,CONTINUE,3,47.95,52.99,True,False,5.03,2022-08,13240.0,14870.0,14870.0,12.31,12932.8,12242.53,12537.75,True,True,True,False,True,True,False,233117.0,15100.0,-12.32,False,0.86,2.62,0.83,True,3,True,2.32,1.88,False,False,,tv_wilder_rsi14_sma5_v1,52.99,47.95,False,True,5.03
1979,1979.T,大氣社,2022-10,CONTINUE,5,53.44,58.46,True,True,5.02,2022-06,1590.0,1755.0,1755.0,10.38,1565.76,1552.67,1563.41,True,True,True,False,True,True,False,134027.0,,,,1.08,2.25,1.09,False,3,False,,,,False,,tv_wilder_rsi14_sma5_v1,58.46,53.44,True,True,5.02
2211,2211.T,不二家,2022-10,CONTINUE,2,55.87,60.89,True,True,5.02,2022-09,2444.0,2555.0,2555.0,4.54,2389.48,2383.2,2376.89,True,True,True,True,True,True,True,18423.0,2566.0,-4.75,False,1.58,1.15,1.18,False,2,True,1.31,0.58,False,False,,tv_wilder_rsi14_sma5_v1,60.89,55.87,True,True,5.02
6779,6779.T,日本電波工業,2022-10,CONTINUE,3,60.48,65.5,True,True,5.02,2022-08,1529.0,1635.0,1635.0,6.93,1335.68,1192.4,1291.4,True,True,True,False,True,True,True,607600.0,1947.0,-21.47,False,1.83,4.84,1.01,False,1,True,40.01,7.93,False,False,,tv_wilder_rsi14_sma5_v1,65.5,60.48,True,True,5.02
3968,3968.T,セグエグループ,2022-10,CONTINUE,3,41.94,46.96,True,True,5.01,2022-08,233.67,242.33,242.33,3.71,199.92,186.82,205.59,True,True,True,False,True,True,False,248290.0,296.0,-21.06,False,2.65,4.21,1.05,False,3,True,10.8,12.45,False,False,,tv_wilder_rsi14_sma5_v1,46.96,41.94,True,True,5.01
4151,4151.T,協和キリン,2022-10,CONTINUE,5,54.49,59.51,True,True,5.01,2022-06,3050.0,3505.0,3505.0,14.92,2886.76,2835.73,3171.97,True,True,False,False,True,True,False,1051083.0,,,,1.03,2.44,0.99,True,4,True,,,,False,,tv_wilder_rsi14_sma5_v1,59.51,54.49,True,True,5.01
6457,6457.T,グローリー,2022-10,CONTINUE,5,45.31,50.31,True,True,5.0,2022-06,2048.0,2295.0,2295.0,12.06,2045.6,2046.07,2179.23,True,True,False,False,True,False,False,186493.0,,,,0.89,1.63,1.05,False,4,True,,,,False,,tv_wilder_rsi14_sma5_v1,50.31,45.31,True,True,5.0
7164,7164.T,全国保証,2022-10,CONTINUE,4,49.64,54.63,True,True,4.99,2022-07,2257.5,2455.0,2455.0,8.75,2178.8,2195.03,2399.34,True,True,False,False,True,False,False,320113.0,,,,0.93,1.36,0.94,True,4,True,,,,False,,tv_wilder_rsi14_sma5_v1,54.63,49.64,True,True,4.99
7244,7244.T,市光工業,2022-10,CONTINUE,4,36.43,41.42,True,True,4.99,2022-07,366.0,425.0,425.0,16.12,368.64,369.29,453.65,False,False,False,False,False,False,False,203933.0,,,,0.87,2.65,0.92,True,4,True,,,,False,,tv_wilder_rsi14_sma5_v1,41.42,36.43,True,True,4.99
9702,9702.T,アイ・エス・ビー,2022-10,CONTINUE,3,51.66,56.62,True,True,4.97,2022-08,1278.0,1309.0,1309.0,2.43,1218.64,1090.73,1050.21,True,True,True,True,True,True,True,62057.0,1332.0,-4.05,False,0.55,2.07,1.01,False,2,True,19.08,2.73,False,False,,tv_wilder_rsi14_sma5_v1,56.62,51.66,True,True,4.97
4326,4326.T,インテージホールディングス,2022-10,CONTINUE,3,52.98,57.93,True,True,4.94,2022-08,1607.0,1639.0,1639.0,1.99,1544.64,1434.05,1617.33,True,True,False,False,True,False,False,58780.0,2113.0,-23.95,False,0.79,2.25,0.88,True,4,True,3.11,4.31,False,False,,tv_wilder_rsi14_sma5_v1,57.93,52.98,True,True,4.94
9729,9729.T,トーカイ,2022-10,CONTINUE,4,39.58,44.51,True,True,4.93,2022-07,1780.0,1889.0,1889.0,6.12,1701.36,1687.53,1858.8,True,True,False,False,True,False,False,44887.0,,,,0.6,1.66,1.01,False,4,True,,,,False,,tv_wilder_rsi14_sma5_v1,44.51,39.58,True,True,4.93
6995,6995.T,東海理化電機製作所,2022-10,NEW,1,43.95,48.85,True,True,4.9,2022-10,1552.0,1552.0,1552.0,0.0,1448.8,1492.35,1478.25,True,True,True,False,False,False,False,196557.0,1700.0,-8.71,False,1.84,2.26,1.15,False,3,True,2.1,1.4,True,False,,tv_wilder_rsi14_sma5_v1,48.85,43.95,True,True,4.9
6728,6728.T,アルバック,2022-10,NEW,1,50.17,55.06,True,True,4.89,2022-10,5880.0,5880.0,5880.0,0.0,5485.2,5352.6,5465.52,True,True,True,False,False,True,False,410997.0,7300.0,-19.45,False,0.91,2.44,0.8,True,3,True,7.85,4.19,False,False,,tv_wilder_rsi14_sma5_v1,55.06,50.17,True,True,4.89
2802,2802.T,味の素,2022-10,CONTINUE,4,68.54,73.42,True,True,4.88,2022-07,1749.0,2048.0,2048.0,17.1,1707.62,1630.51,1673.79,True,True,True,False,True,False,True,3463153.0,,,,0.81,1.6,0.8,True,1,True,,,,False,,tv_wilder_rsi14_sma5_v1,73.42,68.54,True,True,4.88
1429,1429.T,日本アクア,2022-10,CONTINUE,3,55.51,60.37,True,True,4.86,2022-08,699.0,735.0,735.0,5.15,627.96,608.27,624.3,True,True,True,False,True,True,True,53133.0,767.0,-8.87,False,1.81,3.05,1.19,False,1,True,13.28,2.05,True,False,,tv_wilder_rsi14_sma5_v1,60.37,55.51,True,True,4.86
9044,9044.T,ＮＡＮＫＡＩ,2022-10,CONTINUE,10,61.46,66.32,True,True,4.86,2022-01,2269.0,3010.0,3010.0,32.66,2202.08,2198.19,,True,True,,,True,False,,195930.0,,,,1.03,1.99,1.07,False,1,True,,,,False,,tv_wilder_rsi14_sma5_v1,66.32,61.46,True,True,4.86
9722,9722.T,藤田観光,2022-10,CONTINUE,6,61.63,66.49,True,True,4.86,2022-05,495.2,632.0,632.0,27.63,473.68,468.77,473.28,True,True,True,False,True,True,,185117.0,,,,1.47,2.95,0.96,True,1,True,,,,False,,tv_wilder_rsi14_sma5_v1,66.49,61.63,True,True,4.86
8136,8136.T,サンリオ,2022-10,CONTINUE,8,72.74,77.58,True,True,4.85,2022-03,167.2,264.33,264.33,58.09,156.85,159.02,,True,True,,,True,False,,4043550.0,,,,1.45,2.76,0.8,True,1,True,,,,False,,tv_wilder_rsi14_sma5_v1,77.58,72.74,True,True,4.85
8059,8059.T,第一実業,2022-10,CONTINUE,3,43.76,48.58,True,True,4.82,2022-08,1276.67,1301.67,1301.67,1.96,1194.33,1126.22,1349.44,True,True,False,False,True,True,False,46400.0,1790.0,-28.68,False,1.11,1.62,1.06,False,4,True,-4.65,4.49,False,False,,tv_wilder_rsi14_sma5_v1,48.58,43.76,True,True,4.82
5715,5715.T,古河機械金属,2022-10,NEW,1,47.88,52.7,True,True,4.81,2022-10,1305.0,1305.0,1305.0,0.0,1257.32,1249.29,1259.88,True,True,True,False,True,True,True,87900.0,1370.0,-4.74,False,1.79,1.35,0.91,True,1,True,3.03,0.99,False,False,,tv_wilder_rsi14_sma5_v1,52.7,47.88,True,True,4.81
6745,6745.T,ホーチキ,2022-10,NEW,1,53.57,58.34,True,True,4.78,2022-10,475.0,475.0,475.0,0.0,463.07,449.43,424.42,True,True,True,True,True,True,True,80550.0,491.33,-3.32,False,1.19,2.14,0.94,True,2,True,14.03,3.1,False,False,,tv_wilder_rsi14_sma5_v1,58.34,53.57,True,True,4.78
6471,6471.T,日本精工,2022-10,NEW,1,42.48,47.25,True,True,4.77,2022-10,786.0,786.0,786.0,0.0,739.88,752.87,744.23,True,True,True,False,False,True,False,2273127.0,838.0,-6.21,False,1.32,1.74,0.93,True,1,True,3.84,0.25,True,False,,tv_wilder_rsi14_sma5_v1,47.25,42.48,True,True,4.77
8337,8337.T,千葉興業銀行,2022-10,CONTINUE,3,48.41,53.16,True,True,4.75,2022-08,263.0,288.0,288.0,9.51,256.88,257.92,263.44,True,True,False,False,True,False,False,199360.0,307.0,-14.33,False,0.74,1.82,1.02,False,1,True,-0.52,2.68,False,False,,tv_wilder_rsi14_sma5_v1,53.16,48.41,True,True,4.75
8344,8344.T,山形銀行,2022-10,CONTINUE,5,43.82,48.58,True,True,4.75,2022-06,899.0,1021.0,1021.0,13.57,873.16,872.11,882.1,True,True,True,False,True,False,True,53743.0,,,,1.14,2.49,1.16,False,2,True,,,,False,,tv_wilder_rsi14_sma5_v1,48.58,43.82,True,True,4.75
3561,3561.T,力の源ホールディングス,2022-10,CONTINUE,2,54.53,59.24,True,True,4.71,2022-09,765.0,784.0,784.0,2.48,734.32,699.0,628.66,True,True,True,True,True,True,True,147610.0,824.0,-7.16,False,1.62,4.37,1.0,True,2,True,19.89,3.56,False,False,,tv_wilder_rsi14_sma5_v1,59.24,54.53,True,True,4.71
4849,4849.T,エン,2022-10,CONTINUE,3,41.14,45.84,True,True,4.7,2022-08,2397.0,2589.0,2589.0,8.01,2267.96,1998.52,2718.62,True,True,False,False,True,False,False,365147.0,4820.0,-50.27,False,0.67,4.55,0.83,True,4,False,-8.15,9.25,False,False,,tv_wilder_rsi14_sma5_v1,45.84,41.14,True,True,4.7
3391,3391.T,ツルハホールディングス,2022-10,CONTINUE,5,34.52,39.2,True,True,4.69,2022-06,1474.0,1730.0,1730.0,17.37,1379.44,1423.17,2033.54,True,True,False,False,True,False,False,3360100.0,,,,0.8,3.32,1.25,False,4,True,,,,False,,tv_wilder_rsi14_sma5_v1,39.2,34.52,True,True,4.69
3697,3697.T,ＳＨＩＦＴ,2022-10,NEW,1,54.03,58.73,True,True,4.69,2022-10,1554.0,1554.0,1554.0,0.0,1351.25,1344.51,1355.88,True,True,True,False,True,True,False,5257800.0,1972.0,-21.2,False,1.1,4.42,0.96,True,3,True,7.04,5.63,False,False,,tv_wilder_rsi14_sma5_v1,58.73,54.03,True,True,4.69
3673,3673.T,ブロードリーフ,2022-10,CONTINUE,7,51.15,55.82,True,True,4.67,2022-04,184.5,272.5,272.5,47.7,185.46,179.11,,False,True,,,True,False,,798227.0,,,,1.02,2.57,0.97,True,1,True,,,,False,,tv_wilder_rsi14_sma5_v1,55.82,51.15,True,True,4.67
3156,3156.T,レスター,2022-10,NEW,1,50.94,55.59,True,True,4.65,2022-10,2111.0,2111.0,2111.0,0.0,1977.12,1997.16,1981.95,True,True,True,False,False,True,True,47483.0,2153.0,-1.95,False,1.46,1.74,1.04,False,2,True,8.0,2.35,True,False,,tv_wilder_rsi14_sma5_v1,55.59,50.94,True,True,4.65
2163,2163.T,アルトナー,2022-10,CONTINUE,5,57.4,62.03,True,True,4.63,2022-06,880.0,1008.0,1008.0,14.55,850.88,854.59,861.77,True,True,True,False,True,False,True,72647.0,,,,1.16,1.9,1.0,False,1,True,,,,False,,tv_wilder_rsi14_sma5_v1,62.03,57.4,True,True,4.63
4684,4684.T,オービック,2022-10,NEW,1,56.68,61.31,True,True,4.63,2022-10,4474.0,4474.0,4474.0,0.0,4145.92,4174.51,3906.2,True,True,True,False,True,True,False,1154000.0,4554.0,-1.76,False,1.92,2.12,0.98,True,1,True,11.63,5.6,False,False,,tv_wilder_rsi14_sma5_v1,61.31,56.68,True,True,4.63
5110,5110.T,住友ゴム工業,2022-10,NEW,1,48.6,53.21,True,True,4.61,2022-10,1276.0,1276.0,1276.0,0.0,1216.92,1213.04,1175.88,True,True,True,True,True,True,True,898377.0,1509.0,-15.44,False,1.05,1.3,0.92,True,2,True,3.96,1.08,False,False,,tv_wilder_rsi14_sma5_v1,53.21,48.6,True,True,4.61
7888,7888.T,三光合成,2022-10,CONTINUE,4,55.27,59.86,True,False,4.59,2022-07,379.0,466.0,466.0,22.96,358.0,346.83,365.42,True,True,True,False,True,True,False,235970.0,,,,1.0,4.26,1.16,False,3,True,,,,False,,tv_wilder_rsi14_sma5_v1,59.86,55.27,False,True,4.59
3925,3925.T,ダブルスタンダード,2022-10,CONTINUE,4,48.21,52.72,True,True,4.51,2022-07,2057.0,2628.0,2628.0,27.76,1977.12,1933.44,2522.28,True,True,False,False,True,False,False,75873.0,,,,0.95,2.79,0.97,True,4,True,,,,False,,tv_wilder_rsi14_sma5_v1,52.72,48.21,True,True,4.51
3939,3939.T,カナミックネットワーク,2022-10,NEW,1,47.65,52.16,True,True,4.51,2022-10,621.0,621.0,621.0,0.0,571.52,570.37,521.55,True,True,True,True,True,True,True,114200.0,656.0,-5.34,False,1.2,2.93,0.81,True,2,True,13.85,5.91,False,False,,tv_wilder_rsi14_sma5_v1,52.16,47.65,True,True,4.51
3092,3092.T,ＺＯＺＯ,2022-10,CONTINUE,4,47.35,51.85,True,True,4.5,2022-07,954.33,1055.0,1055.0,10.55,913.04,915.46,1062.13,True,True,False,False,True,False,False,4449850.0,,,,1.05,2.39,0.81,True,4,True,,,,False,,tv_wilder_rsi14_sma5_v1,51.85,47.35,True,True,4.5
8132,8132.T,シナネンホールディングス,2022-10,CONTINUE,4,62.45,66.94,True,True,4.49,2022-07,3660.0,4065.0,4065.0,11.07,3500.4,3394.53,3394.41,True,True,True,True,True,True,False,12580.0,,,,1.07,2.48,1.02,False,1,True,,,,False,,tv_wilder_rsi14_sma5_v1,66.94,62.45,True,True,4.49
2337,2337.T,いちご,2022-10,NEW,1,48.66,53.13,True,True,4.47,2022-10,335.0,335.0,335.0,0.0,319.44,307.99,298.16,True,True,True,True,True,True,True,1530617.0,358.0,-6.42,False,1.27,3.77,0.95,True,2,True,10.56,4.14,False,False,,tv_wilder_rsi14_sma5_v1,53.13,48.66,True,True,4.47
2154,2154.T,オープンアップグループ,2022-10,CONTINUE,4,56.14,60.6,True,True,4.46,2022-07,1591.0,1798.0,1798.0,13.01,1561.68,1503.12,1568.96,True,True,True,False,True,False,True,237090.0,,,,1.21,2.26,1.0,False,1,True,,,,False,,tv_wilder_rsi14_sma5_v1,60.6,56.14,True,True,4.46
4641,4641.T,アルプス技研,2022-10,NEW,1,49.47,53.9,True,True,4.43,2022-10,669.67,669.67,669.67,0.0,642.27,630.74,623.16,True,True,True,True,True,True,True,112650.0,708.33,-5.46,False,1.46,1.5,1.06,False,2,True,4.68,1.7,False,False,,tv_wilder_rsi14_sma5_v1,53.9,49.47,True,True,4.43
3963,3963.T,シンクロ・フード,2022-10,CONTINUE,6,57.12,61.51,True,True,4.39,2022-05,289.0,502.0,502.0,73.7,279.32,280.04,334.07,True,True,False,False,False,False,,153433.0,,,,1.23,6.01,0.87,True,4,False,,,,False,,tv_wilder_rsi14_sma5_v1,61.51,57.12,True,True,4.39
7085,7085.T,カーブスホールディングス,2022-10,CONTINUE,4,55.31,59.69,True,True,4.38,2022-07,720.0,865.0,865.0,20.14,679.16,701.25,751.51,True,True,False,False,True,False,False,244383.0,,,,0.92,2.69,0.78,True,4,True,,,,False,,tv_wilder_rsi14_sma5_v1,59.69,55.31,True,True,4.38
4687,4687.T,ＴＤＣソフト,2022-10,CONTINUE,4,56.12,60.5,True,True,4.37,2022-07,582.5,638.5,638.5,9.61,552.56,541.15,563.75,True,True,True,False,True,False,False,59713.0,,,,1.77,2.51,1.09,False,3,True,,,,False,,tv_wilder_rsi14_sma5_v1,60.5,56.12,True,True,4.37
9022,9022.T,東海旅客鉄道,2022-10,CONTINUE,3,49.14,53.51,True,True,4.37,2022-08,3289.0,3453.0,3453.0,4.99,3186.16,3157.31,3162.78,True,True,True,False,True,False,False,2630817.0,3622.0,-9.19,False,1.12,1.34,1.02,False,3,True,2.43,1.4,True,False,,tv_wilder_rsi14_sma5_v1,53.51,49.14,True,True,4.37
7366,7366.T,LITALICO,2022-10,NEW,1,53.58,57.93,,True,4.35,2022-10,3150.0,3150.0,3150.0,0.0,2906.0,2781.95,2706.91,True,True,True,True,True,True,False,90613.0,4575.0,-31.15,False,1.58,3.22,0.86,True,3,True,12.4,2.7,True,False,,tv_wilder_rsi14_sma5_v1,57.93,53.58,True,,4.35
5101,5101.T,横浜ゴム,2022-10,CONTINUE,5,56.8,61.15,True,True,4.34,2022-06,1837.0,2328.0,2328.0,26.73,1769.56,1700.32,1795.59,True,True,True,False,True,True,False,860777.0,,,,1.25,3.12,1.22,False,3,True,,,,False,,tv_wilder_rsi14_sma5_v1,61.15,56.8,True,True,4.34
8267,8267.T,イオン,2022-10,CONTINUE,4,50.22,54.57,True,True,4.34,2022-07,893.0,925.5,925.5,3.64,846.39,807.89,854.36,True,True,True,False,True,False,False,7711820.0,,,,0.61,1.49,0.7,True,3,True,,,,False,,tv_wilder_rsi14_sma5_v1,54.57,50.22,True,True,4.34
7157,7157.T,ライフネット生命保険,2022-10,CONTINUE,6,48.34,52.67,True,True,4.33,2022-05,629.0,994.0,994.0,58.03,588.88,573.28,890.0,True,True,False,False,True,False,,605320.0,,,,1.69,5.75,1.1,False,4,True,,,,False,,tv_wilder_rsi14_sma5_v1,52.67,48.34,True,True,4.33
6376,6376.T,日機装,2022-10,CONTINUE,4,47.35,51.67,True,True,4.32,2022-07,823.0,992.0,992.0,20.53,813.92,818.11,852.72,True,True,False,False,False,False,False,329933.0,,,,1.41,1.83,1.02,False,4,False,,,,False,,tv_wilder_rsi14_sma5_v1,51.67,47.35,True,True,4.32
5195,5195.T,バンドー化学,2022-10,CONTINUE,6,63.26,67.56,True,True,4.3,2022-05,900.0,1057.0,1057.0,17.44,859.36,862.8,888.32,True,True,True,False,True,False,,56207.0,,,,1.29,3.04,0.78,True,3,True,,,,False,,tv_wilder_rsi14_sma5_v1,67.56,63.26,True,True,4.3
7296,7296.T,エフ  ･シー  ･シー,2022-10,NEW,1,39.09,43.38,True,True,4.3,2022-10,1446.0,1446.0,1446.0,0.0,1394.32,1425.89,1390.36,True,True,True,False,False,True,False,128017.0,1662.0,-13.0,False,0.9,1.6,0.9,True,3,True,0.2,-0.23,False,False,,tv_wilder_rsi14_sma5_v1,43.38,39.09,True,True,4.3
6768,6768.T,タムラ製作所,2022-10,CONTINUE,4,53.36,57.66,True,True,4.29,2022-07,616.0,740.0,740.0,20.13,588.0,569.8,630.78,True,True,False,False,True,False,False,528623.0,,,,0.87,2.45,1.0,False,4,True,,,,False,,tv_wilder_rsi14_sma5_v1,57.66,53.36,True,True,4.29
9418,9418.T,Ｕ－ＮＥＸＴＨＯＬＤＩＮＧＳ,2022-10,NEW,1,48.83,53.12,True,True,4.29,2022-10,761.67,761.67,761.67,0.0,699.45,698.45,735.1,True,True,True,False,True,True,False,947690.0,1271.67,-40.1,False,0.71,4.16,1.02,False,3,True,-1.34,6.45,False,False,,tv_wilder_rsi14_sma5_v1,53.12,48.83,True,True,4.29
8056,8056.T,ＢＩＰＲＯＧＹ,2022-10,CONTINUE,3,47.69,51.97,True,True,4.28,2022-08,3100.0,3215.0,3215.0,3.71,3031.56,2876.25,3061.37,True,True,True,False,True,True,False,338680.0,3630.0,-14.6,False,0.46,1.89,0.72,True,3,True,2.51,1.99,False,False,,tv_wilder_rsi14_sma5_v1,51.97,47.69,True,True,4.28
9543,9543.T,静岡ガス,2022-10,CONTINUE,5,51.07,55.34,True,True,4.27,2022-06,909.0,1090.0,1090.0,19.91,851.52,864.59,997.29,True,True,False,False,False,False,False,155923.0,,,,1.18,2.63,1.07,False,4,True,,,,False,,tv_wilder_rsi14_sma5_v1,55.34,51.07,True,True,4.27
6473,6473.T,ジェイテクト,2022-10,NEW,1,47.99,52.25,True,True,4.26,2022-10,1050.0,1050.0,1050.0,0.0,958.76,992.76,986.76,True,True,True,False,False,False,False,1175300.0,1126.0,-6.75,False,1.82,2.44,1.19,False,3,True,7.02,1.27,True,False,,tv_wilder_rsi14_sma5_v1,52.25,47.99,True,True,4.26
6941,6941.T,山一電機,2022-10,NEW,1,53.75,57.99,True,True,4.24,2022-10,2137.0,2137.0,2137.0,0.0,1945.88,1933.96,1883.62,True,True,True,True,False,True,False,158520.0,2480.0,-13.83,False,1.42,2.39,0.88,True,3,True,20.78,5.19,False,False,,tv_wilder_rsi14_sma5_v1,57.99,53.75,True,True,4.24
9793,9793.T,ダイセキ,2022-10,CONTINUE,2,56.55,60.79,False,True,4.24,2022-09,4460.0,4600.0,4600.0,3.14,4337.0,4105.0,4440.77,True,True,True,False,True,False,False,110500.0,5670.0,-21.34,False,1.54,2.59,1.04,False,3,True,-3.36,2.63,False,False,,tv_wilder_rsi14_sma5_v1,60.79,56.55,True,False,4.24
9697,9697.T,カプコン,2022-10,NEW,1,65.3,69.53,False,True,4.22,2022-10,2072.5,2072.5,2072.5,0.0,1878.2,1860.8,1660.48,True,True,True,True,True,True,True,2062593.0,2150.0,-3.6,False,1.82,2.98,1.01,False,2,True,28.31,4.92,False,False,,tv_wilder_rsi14_sma5_v1,69.53,65.3,True,False,4.22
5410,5410.T,合同製鐵,2022-10,CONTINUE,5,48.34,52.54,True,True,4.2,2022-06,1345.0,1709.0,1709.0,27.06,1337.16,1303.32,1380.47,True,True,False,False,True,True,False,41153.0,,,,0.71,2.29,0.97,True,4,False,,,,False,,tv_wilder_rsi14_sma5_v1,52.54,48.34,True,True,4.2
7988,7988.T,ニフコ,2022-10,NEW,1,49.67,53.86,True,True,4.19,2022-10,3455.0,3455.0,3455.0,0.0,3111.12,3169.97,3116.97,True,True,True,False,True,False,False,262337.0,3910.0,-11.64,False,1.48,2.69,1.16,False,3,True,7.21,2.23,True,False,,tv_wilder_rsi14_sma5_v1,53.86,49.67,True,True,4.19
6920,6920.T,レーザーテック,2022-10,NEW,1,50.72,54.9,True,True,4.18,2022-10,21290.0,21290.0,21290.0,0.0,17557.2,18585.6,19458.7,True,True,True,False,False,True,False,8165360.0,36090.0,-41.01,False,1.3,3.63,0.95,True,3,True,-0.09,9.62,False,False,,tv_wilder_rsi14_sma5_v1,54.9,50.72,True,True,4.18
2175,2175.T,エス・エム・エス,2022-10,NEW,1,48.41,52.58,True,True,4.17,2022-10,3420.0,3420.0,3420.0,0.0,3110.08,3141.95,3129.75,True,True,True,False,True,True,False,321163.0,4865.0,-29.7,False,1.54,2.8,0.99,True,3,True,0.11,3.33,True,False,,tv_wilder_rsi14_sma5_v1,52.58,48.41,True,True,4.17
2695,2695.T,くら寿司,2022-10,NEW,1,48.49,52.66,True,True,4.17,2022-10,1740.0,1740.0,1740.0,0.0,1592.5,1596.69,1632.79,True,True,True,False,True,True,False,446687.0,2045.0,-14.91,False,1.16,2.8,1.15,False,3,True,3.92,5.12,False,False,,tv_wilder_rsi14_sma5_v1,52.66,48.49,True,True,4.17
4206,4206.T,アイカ工業,2022-10,CONTINUE,4,42.55,46.72,True,True,4.17,2022-07,3070.0,3200.0,3200.0,4.23,2949.72,2906.53,3152.09,True,True,False,False,True,False,False,149003.0,,,,0.83,1.6,0.98,True,4,True,,,,False,,tv_wilder_rsi14_sma5_v1,46.72,42.55,True,True,4.17
6089,6089.T,ウィルグループ,2022-10,CONTINUE,4,56.67,60.84,True,True,4.17,2022-07,1212.0,1426.0,1426.0,17.66,1185.56,1144.37,1239.94,True,True,False,False,True,False,False,46070.0,,,,0.79,2.01,0.97,True,4,True,,,,False,,tv_wilder_rsi14_sma5_v1,60.84,56.67,True,True,4.17
6859,6859.T,エスペック,2022-10,NEW,1,44.5,48.66,True,True,4.17,2022-10,1910.0,1910.0,1910.0,0.0,1774.64,1817.28,1860.06,True,True,True,False,False,True,False,50440.0,2400.0,-20.42,False,1.39,2.27,1.16,False,3,True,-0.55,3.26,True,False,,tv_wilder_rsi14_sma5_v1,48.66,44.5,True,True,4.17
7537,7537.T,丸文,2022-10,NEW,1,57.22,61.39,True,True,4.17,2022-10,862.0,862.0,862.0,0.0,809.04,790.03,750.62,True,True,True,True,True,True,False,128183.0,959.0,-10.11,False,1.26,1.98,0.92,True,3,True,15.02,1.99,True,False,,tv_wilder_rsi14_sma5_v1,61.39,57.22,True,True,4.17
5480,5480.T,日本冶金工業,2022-10,CONTINUE,3,53.9,58.06,True,True,4.16,2022-08,2887.0,2832.0,2832.0,-1.91,2631.64,2333.93,2426.41,True,True,True,False,True,True,True,290023.0,3220.0,-10.34,False,1.4,2.54,0.8,True,2,True,22.07,6.02,False,False,,tv_wilder_rsi14_sma5_v1,58.06,53.9,True,True,4.16
8159,8159.T,立花エレテック,2022-10,CONTINUE,3,49.34,53.5,True,True,4.16,2022-08,1630.0,1653.0,1653.0,1.41,1620.0,1567.31,1586.36,True,True,True,False,True,True,True,29117.0,1721.0,-5.29,False,1.32,1.45,0.8,True,2,True,4.59,1.14,False,False,,tv_wilder_rsi14_sma5_v1,53.5,49.34,True,True,4.16
9684,9684.T,ｽｸｳｪｱ･ｴﾆｯｸｽ･ﾎｰﾙﾃﾞｨﾝｸﾞｽ,2022-10,CONTINUE,6,55.52,59.67,True,True,4.15,2022-05,2136.67,2213.33,2213.33,3.59,1888.53,1856.53,1978.13,True,True,True,False,True,True,,1947110.0,,,,0.97,3.05,0.91,True,1,True,,,,False,,tv_wilder_rsi14_sma5_v1,59.67,55.52,True,True,4.15
7269,7269.T,スズキ,2022-10,CONTINUE,5,50.76,54.88,True,True,4.12,2022-06,1066.0,1255.0,1255.0,17.73,1012.41,996.43,1128.09,True,True,False,False,True,False,False,6581453.0,,,,1.26,2.53,1.05,False,4,True,,,,False,,tv_wilder_rsi14_sma5_v1,54.88,50.76,True,True,4.12
9045,9045.T,京阪ホールディングス,2022-10,CONTINUE,9,50.4,54.52,True,True,4.12,2022-02,3060.0,3825.0,3825.0,25.0,2859.12,2760.08,,True,True,,,True,False,,463437.0,,,,1.06,3.3,1.0,True,1,True,,,,False,,tv_wilder_rsi14_sma5_v1,54.52,50.4,True,True,4.12
4385,4385.T,メルカリ,2022-10,NEW,1,35.26,39.36,True,True,4.1,2022-10,2475.0,2475.0,2475.0,0.0,2192.0,2224.28,2693.11,True,True,False,False,False,True,False,12028853.0,7390.0,-66.51,False,0.93,3.75,0.91,True,4,True,-14.64,6.06,False,False,,tv_wilder_rsi14_sma5_v1,39.36,35.26,True,True,4.1
4290,4290.T,プレステージ・インターナショナル,2022-10,NEW,1,45.48,49.58,True,True,4.09,2022-10,720.0,720.0,720.0,0.0,646.16,663.55,669.1,True,True,True,False,False,True,False,296163.0,817.0,-11.87,False,1.76,2.93,0.98,True,1,True,2.78,4.11,True,False,,tv_wilder_rsi14_sma5_v1,49.58,45.48,True,True,4.09
4914,4914.T,高砂香料工業,2022-10,CONTINUE,4,49.35,53.44,True,True,4.09,2022-07,514.8,559.6,559.6,8.7,507.34,496.48,535.66,True,True,False,False,True,False,False,115817.0,,,,0.79,2.07,1.05,False,4,True,,,,False,,tv_wilder_rsi14_sma5_v1,53.44,49.35,True,True,4.09
6278,6278.T,ユニオンツール,2022-10,NEW,1,47.28,51.37,False,True,4.09,2022-10,3585.0,3585.0,3585.0,0.0,3461.4,3467.2,3573.32,True,True,True,False,False,True,False,20477.0,4165.0,-13.93,False,1.39,1.85,0.89,True,3,False,-0.8,0.46,True,False,,tv_wilder_rsi14_sma5_v1,51.37,47.28,True,False,4.09
4099,4099.T,四国化成ホールディングス,2022-10,NEW,1,47.32,51.38,True,True,4.06,2022-10,648.0,648.0,648.0,0.0,625.0,625.77,647.09,True,True,True,False,False,True,False,108027.0,731.0,-11.35,False,2.32,2.5,1.14,False,3,True,-1.8,0.99,False,False,,tv_wilder_rsi14_sma5_v1,51.38,47.32,True,True,4.06
8203,8203.T,ＭｒＭａｘＨＤ,2022-10,NEW,1,51.95,55.98,True,True,4.03,2022-10,684.0,684.0,684.0,0.0,646.0,634.95,610.65,True,True,True,True,True,True,True,59197.0,682.0,0.29,True,1.45,2.08,1.08,False,2,True,11.14,3.4,False,False,,tv_wilder_rsi14_sma5_v1,55.98,51.95,True,True,4.03
6564,6564.T,ミダックホールディングス,2022-10,CONTINUE,6,54.49,58.51,True,True,4.02,2022-05,2852.0,3700.0,3700.0,29.73,2359.36,2402.11,3779.77,True,True,False,False,False,False,,119150.0,,,,1.12,5.35,0.96,True,4,True,,,,False,,tv_wilder_rsi14_sma5_v1,58.51,54.49,True,True,4.02
4218,4218.T,ニチバン,2022-10,NEW,1,43.96,47.97,True,True,4.01,2022-10,1699.0,1699.0,1699.0,0.0,1642.64,1636.44,1677.26,True,True,True,False,True,True,False,30230.0,2010.0,-15.47,False,1.34,1.48,0.93,True,3,True,-1.6,1.98,False,False,,tv_wilder_rsi14_sma5_v1,47.97,43.96,True,True,4.01
4246,4246.T,ダイキョーニシカワ,2022-10,CONTINUE,5,43.04,47.05,True,True,4.01,2022-06,521.0,600.0,600.0,15.16,507.6,513.35,573.97,True,True,False,False,True,False,False,113700.0,,,,0.87,2.03,0.99,True,4,True,,,,False,,tv_wilder_rsi14_sma5_v1,47.05,43.04,True,True,4.01
5975,5975.T,東プレ,2022-10,CONTINUE,3,41.0,45.01,True,True,4.01,2022-08,1247.0,1177.0,1177.0,-5.61,1125.92,1066.35,1130.18,True,True,True,False,True,True,False,137143.0,1446.0,-13.76,False,1.17,2.96,1.0,False,3,True,7.62,9.65,False,False,,tv_wilder_rsi14_sma5_v1,45.01,41.0,True,True,4.01
4446,4446.T,Ｌｉｎｋ－Ｕグループ,2022-10,CONTINUE,5,40.71,44.68,True,True,3.97,2022-06,701.0,840.0,840.0,19.83,673.2,694.2,923.62,True,True,False,False,True,False,False,43107.0,,,,1.19,4.26,1.1,False,4,True,,,,False,,tv_wilder_rsi14_sma5_v1,44.68,40.71,True,True,3.97
7628,7628.T,オーハシテクニカ,2022-10,NEW,1,48.08,52.04,True,True,3.97,2022-10,719.0,719.0,719.0,0.0,697.64,698.21,671.74,True,True,True,False,False,True,True,49053.0,814.0,-11.67,False,1.01,1.76,0.97,True,2,True,4.13,0.54,False,False,,tv_wilder_rsi14_sma5_v1,52.04,48.08,True,True,3.97
4826,4826.T,ＣＩＪ,2022-10,CONTINUE,3,55.41,59.36,True,True,3.96,2022-08,259.67,273.33,273.33,5.26,260.45,255.75,245.99,False,True,True,True,True,True,True,47150.0,283.67,-8.46,False,0.63,1.66,0.99,True,2,False,6.59,-1.24,False,False,,tv_wilder_rsi14_sma5_v1,59.36,55.41,True,True,3.96
6387,6387.T,サムコ,2022-10,NEW,1,55.64,59.6,True,True,3.96,2022-10,3260.0,3260.0,3260.0,0.0,3045.68,3014.12,2669.46,True,True,True,True,False,True,True,31840.0,3500.0,-6.86,False,0.93,2.48,0.8,True,2,True,24.85,5.29,False,False,,tv_wilder_rsi14_sma5_v1,59.6,55.64,True,True,3.96
8331,8331.T,千葉銀行,2022-10,CONTINUE,5,58.41,62.38,True,True,3.96,2022-06,741.0,813.0,813.0,9.72,714.48,729.05,720.86,True,True,True,False,True,False,True,3299670.0,,,,1.15,2.56,1.01,False,1,True,,,,False,,tv_wilder_rsi14_sma5_v1,62.38,58.41,True,True,3.96
4480,4480.T,メドレー,2022-10,NEW,1,53.22,57.17,True,True,3.95,2022-10,3620.0,3620.0,3620.0,0.0,3017.0,3093.91,2644.82,True,True,True,False,True,True,True,292163.0,3875.0,-6.58,False,0.96,3.46,0.95,True,2,True,27.95,9.87,False,False,,tv_wilder_rsi14_sma5_v1,57.17,53.22,True,True,3.95
7921,7921.T,ＴＡＫＡＲＡ＆ＣＯＭＰＡＮＹ,2022-10,CONTINUE,4,57.87,61.81,True,True,3.95,2022-07,2007.0,2161.0,2161.0,7.67,1899.48,1869.09,1847.8,True,True,True,True,True,False,True,47357.0,,,,1.21,1.95,1.06,False,2,True,,,,False,,tv_wilder_rsi14_sma5_v1,61.81,57.87,True,True,3.95
2181,2181.T,パーソルホールディングス,2022-10,CONTINUE,4,55.86,59.79,True,True,3.93,2022-07,273.7,298.6,298.6,9.1,262.36,252.73,279.36,True,True,False,False,True,True,False,6133733.0,,,,0.84,2.63,0.95,True,4,True,,,,False,,tv_wilder_rsi14_sma5_v1,59.79,55.86,True,True,3.93
7220,7220.T,武蔵精密工業,2022-10,CONTINUE,4,48.26,52.19,True,True,3.93,2022-07,1421.0,1717.0,1717.0,20.83,1407.28,1368.89,1650.49,True,True,False,False,True,False,False,204847.0,,,,0.82,3.23,0.83,True,4,True,,,,False,,tv_wilder_rsi14_sma5_v1,52.19,48.26,True,True,3.93
7860,7860.T,エイベックス,2022-10,CONTINUE,5,55.38,59.3,True,True,3.93,2022-06,1348.0,1667.0,1667.0,23.66,1265.08,1325.4,1438.07,True,True,False,False,True,False,False,403467.0,,,,0.72,3.13,0.86,True,4,True,,,,False,,tv_wilder_rsi14_sma5_v1,59.3,55.38,True,True,3.93
8308,8308.T,りそなホールディングス,2022-10,CONTINUE,2,57.75,61.68,True,True,3.93,2022-09,528.0,559.7,559.7,6.0,527.12,515.61,509.72,True,True,True,True,True,True,True,10873153.0,580.9,-9.11,False,1.53,1.92,1.2,False,2,False,7.37,-2.04,False,False,,tv_wilder_rsi14_sma5_v1,61.68,57.75,True,True,3.93
6474,6474.T,不二越,2022-10,NEW,1,44.42,48.33,True,True,3.91,2022-10,3900.0,3900.0,3900.0,0.0,3720.2,3730.33,3842.2,True,True,True,False,False,True,False,66390.0,4655.0,-16.22,False,1.18,1.94,0.74,True,3,True,0.25,1.46,False,False,,tv_wilder_rsi14_sma5_v1,48.33,44.42,True,True,3.91
2395,2395.T,新日本科学,2022-10,CONTINUE,6,73.48,77.39,True,True,3.9,2022-05,1653.0,2721.0,2721.0,64.61,1469.32,1537.45,1351.89,True,True,True,False,False,True,,770577.0,,,,1.45,4.96,1.04,False,1,True,,,,False,,tv_wilder_rsi14_sma5_v1,77.39,73.48,True,True,3.9
6184,6184.T,鎌倉新書,2022-10,CONTINUE,8,45.08,48.97,True,False,3.9,2022-03,631.0,801.0,801.0,26.94,513.92,550.12,,True,True,,,True,False,,613850.0,,,,1.56,6.42,1.11,False,1,True,,,,False,,tv_wilder_rsi14_sma5_v1,48.97,45.08,False,True,3.9
7613,7613.T,シークス,2022-10,CONTINUE,3,42.89,46.78,True,True,3.89,2022-08,1117.0,1149.0,1149.0,2.86,1032.4,1017.12,1138.44,True,True,False,False,True,True,False,104463.0,1532.0,-27.09,False,1.16,2.64,1.1,False,4,True,-3.5,4.46,False,False,,tv_wilder_rsi14_sma5_v1,46.78,42.89,True,True,3.89
6785,6785.T,鈴木,2022-10,CONTINUE,4,48.8,52.64,True,True,3.84,2022-07,802.0,886.0,886.0,10.47,785.76,783.45,831.63,True,True,False,False,False,True,False,29973.0,,,,0.8,1.75,0.83,True,4,False,,,,False,,tv_wilder_rsi14_sma5_v1,52.64,48.8,True,True,3.84
4310,4310.T,ドリームインキュベータ,2022-10,NEW,1,56.42,60.25,False,True,3.83,2022-10,2368.0,2368.0,2368.0,0.0,2005.4,1992.52,2088.29,True,True,True,False,True,True,True,22873.0,2750.0,-13.89,False,1.6,3.53,1.1,False,1,True,53.45,8.87,False,False,,tv_wilder_rsi14_sma5_v1,60.25,56.42,True,False,3.83
4527,4527.T,ロート製薬,2022-10,CONTINUE,5,63.52,67.34,True,False,3.83,2022-06,1960.0,2312.5,2312.5,17.98,1764.5,1770.13,1733.01,True,True,True,False,True,False,True,605527.0,,,,1.3,3.29,1.21,False,2,True,,,,False,,tv_wilder_rsi14_sma5_v1,67.34,63.52,False,True,3.83
9001,9001.T,東武鉄道,2022-10,CONTINUE,9,57.54,61.38,True,True,3.83,2022-02,2825.0,3440.0,3440.0,21.77,2816.0,2722.01,,True,True,,,True,True,,549323.0,,,,0.86,2.18,0.96,True,1,True,,,,False,,tv_wilder_rsi14_sma5_v1,61.38,57.54,True,True,3.83
9065,9065.T,山九,2022-10,CONTINUE,4,46.81,50.6,True,True,3.79,2022-07,4400.0,4445.0,4445.0,1.02,4024.6,3889.33,4290.88,True,True,True,False,True,True,False,141880.0,,,,1.61,1.68,1.04,False,3,True,,,,False,,tv_wilder_rsi14_sma5_v1,50.6,46.81,True,True,3.79
4709,4709.T,ＩＤホールディングス,2022-10,CONTINUE,4,49.24,53.02,True,True,3.78,2022-07,424.5,453.5,453.5,6.83,420.22,418.25,429.42,True,True,False,False,False,False,False,38527.0,,,,1.4,1.95,1.01,False,4,True,,,,False,,tv_wilder_rsi14_sma5_v1,53.02,49.24,True,True,3.78
2325,2325.T,ＮＪＳ,2022-10,NEW,1,53.47,57.25,False,True,3.77,2022-10,2073.0,2073.0,2073.0,0.0,2005.24,1990.19,1994.15,True,True,True,False,True,True,True,5980.0,2149.0,-3.54,False,1.52,0.82,0.74,True,2,True,4.04,1.15,False,False,,tv_wilder_rsi14_sma5_v1,57.25,53.47,True,False,3.77
6340,6340.T,澁谷工業,2022-10,CONTINUE,4,40.32,44.09,True,True,3.77,2022-07,2487.0,2570.0,2570.0,3.34,2407.12,2341.43,2600.88,True,True,False,False,True,False,False,33500.0,,,,0.67,1.68,0.76,True,4,True,,,,False,,tv_wilder_rsi14_sma5_v1,44.09,40.32,True,True,3.77
4919,4919.T,ミルボン,2022-10,CONTINUE,4,50.04,53.8,True,False,3.76,2022-07,5350.0,6140.0,6140.0,14.77,5050.2,5077.6,5591.77,True,True,False,False,True,False,False,101353.0,,,,0.9,1.77,0.89,True,4,True,,,,False,,tv_wilder_rsi14_sma5_v1,53.8,50.04,False,True,3.76
8511,8511.T,日本証券金融,2022-10,NEW,1,56.44,60.2,True,True,3.76,2022-10,891.0,891.0,891.0,0.0,841.28,836.56,881.61,True,True,True,False,True,False,False,231167.0,1005.0,-11.34,False,1.48,1.75,0.97,True,3,True,0.96,2.72,False,False,,tv_wilder_rsi14_sma5_v1,60.2,56.44,True,True,3.76
4973,4973.T,日本高純度化学,2022-10,CONTINUE,4,40.89,44.64,True,True,3.75,2022-07,2340.0,2406.0,2406.0,2.82,2301.64,2323.28,2505.02,True,True,False,False,False,False,False,13320.0,,,,1.74,1.87,1.14,False,4,True,,,,False,,tv_wilder_rsi14_sma5_v1,44.64,40.89,True,True,3.75
6961,6961.T,エンプラス,2022-10,CONTINUE,3,56.22,59.97,True,False,3.75,2022-08,4235.0,4070.0,4070.0,-3.9,3925.72,3474.69,3013.42,True,True,True,True,True,True,True,72507.0,4340.0,-2.42,False,0.78,2.74,0.86,True,2,True,40.1,6.58,False,False,,tv_wilder_rsi14_sma5_v1,59.97,56.22,False,True,3.75
8303,8303.T,SBI新生銀行,2022-10,CONTINUE,2,57.99,61.73,True,True,3.75,2022-09,2075.0,2210.0,2210.0,6.51,1946.96,1971.31,2071.53,True,True,True,False,False,False,True,674957.0,2456.0,-15.51,False,2.4,2.53,1.42,False,2,True,2.58,-4.45,False,False,,tv_wilder_rsi14_sma5_v1,61.73,57.99,True,True,3.75
8137,8137.T,サンワ   テクノス,2022-10,NEW,1,54.54,58.29,True,True,3.74,2022-10,1499.0,1499.0,1499.0,0.0,1327.0,1378.69,1352.83,True,True,True,False,False,True,False,32497.0,1839.0,-18.49,False,3.1,2.4,1.11,False,3,True,6.97,3.33,True,False,,tv_wilder_rsi14_sma5_v1,58.29,54.54,True,True,3.74
1780,1780.T,ヤマウラ,2022-10,CONTINUE,4,56.35,60.08,True,True,3.73,2022-07,958.0,990.0,990.0,3.34,952.76,937.59,949.82,True,True,True,False,True,False,True,14487.0,,,,0.8,1.04,0.89,True,2,True,,,,False,,tv_wilder_rsi14_sma5_v1,60.08,56.35,True,True,3.73
6592,6592.T,マブチモーター,2022-10,CONTINUE,4,48.35,52.07,True,True,3.73,2022-07,950.0,1010.0,1010.0,6.32,922.05,902.37,934.02,True,True,True,False,True,False,False,949613.0,,,,1.15,2.02,0.98,True,1,True,,,,False,,tv_wilder_rsi14_sma5_v1,52.07,48.35,True,True,3.73
3232,3232.T,三重交通グループホールディングス,2022-10,CONTINUE,6,51.55,55.28,True,True,3.72,2022-05,481.0,515.0,515.0,7.07,466.96,462.89,482.66,True,True,False,False,True,True,,90347.0,,,,1.08,1.77,0.92,True,4,True,,,,False,,tv_wilder_rsi14_sma5_v1,55.28,51.55,True,True,3.72
3445,3445.T,ＲＳ   Ｔｅｃｈｎｏｌｏｇｉｅｓ,2022-10,NEW,1,57.2,60.92,True,True,3.72,2022-10,3695.0,3695.0,3695.0,0.0,3221.6,3248.93,3074.24,True,True,True,False,False,True,True,98867.0,3790.0,-2.51,False,1.7,2.99,1.06,False,2,True,21.03,3.31,True,True,MVP,tv_wilder_rsi14_sma5_v1,60.92,57.2,True,True,3.72
6238,6238.T,フリュー,2022-10,NEW,1,46.79,50.48,True,True,3.7,2022-10,1169.0,1169.0,1169.0,0.0,1101.44,1078.91,1090.46,True,True,True,False,True,True,False,92113.0,1717.0,-31.92,False,1.14,2.33,0.91,True,3,True,-1.21,4.77,False,False,,tv_wilder_rsi14_sma5_v1,50.48,46.79,True,True,3.7
4886,4886.T,あすか製薬ホールディングス,2022-10,NEW,1,40.9,44.59,,True,3.69,2022-10,1172.0,1172.0,1172.0,0.0,1144.08,1140.73,1100.44,True,True,True,True,False,True,True,40873.0,1362.0,-13.95,False,1.22,1.99,0.88,True,2,False,11.31,1.04,False,False,,tv_wilder_rsi14_sma5_v1,44.59,40.9,True,,3.69
7458,7458.T,第一興商,2022-10,CONTINUE,8,51.95,55.64,True,True,3.69,2022-03,1740.0,2135.0,2135.0,22.7,1719.1,1728.8,,True,True,,,False,False,,213000.0,,,,1.34,2.46,0.86,True,1,True,,,,False,,tv_wilder_rsi14_sma5_v1,55.64,51.95,True,True,3.69
4220,4220.T,リケンテクノス,2022-10,CONTINUE,4,50.14,53.82,True,True,3.68,2022-07,469.0,516.0,516.0,10.02,441.68,435.64,472.96,True,True,False,False,True,False,False,96267.0,,,,1.89,2.31,1.09,False,4,True,,,,False,,tv_wilder_rsi14_sma5_v1,53.82,50.14,True,True,3.68
8897,8897.T,ＭＩＲＡＲＴＨホールディングス,2022-10,CONTINUE,6,57.91,61.59,True,True,3.68,2022-05,331.0,400.0,400.0,20.85,306.96,306.99,304.44,True,True,True,False,True,True,,299637.0,,,,1.61,2.61,0.99,True,3,True,,,,False,,tv_wilder_rsi14_sma5_v1,61.59,57.91,True,True,3.68
2307,2307.T,クロスキャット,2022-10,CONTINUE,3,64.31,67.98,True,True,3.67,2022-08,1432.0,1442.0,1442.0,0.7,1149.48,1006.16,933.63,True,True,True,True,True,True,True,160023.0,1451.0,-1.31,False,3.25,5.58,1.03,False,2,True,93.88,10.86,False,False,,tv_wilder_rsi14_sma5_v1,67.98,64.31,True,True,3.67
3196,3196.T,ホットランドホールディングス,2022-10,CONTINUE,2,53.51,57.18,True,True,3.67,2022-09,1356.0,1403.0,1403.0,3.47,1318.28,1325.0,1315.53,True,True,True,False,False,False,False,38357.0,1396.0,-2.87,False,1.35,1.03,1.05,False,1,True,2.1,1.37,False,False,,tv_wilder_rsi14_sma5_v1,57.18,53.51,True,True,3.67
6146,6146.T,ディスコ,2022-10,NEW,1,54.83,58.5,False,True,3.67,2022-10,11900.0,11900.0,11900.0,0.0,11034.67,11100.67,10897.22,True,True,True,False,False,True,False,912280.0,12033.33,-1.11,False,0.88,2.74,0.91,True,3,True,12.14,4.79,False,False,,tv_wilder_rsi14_sma5_v1,58.5,54.83,True,False,3.67
9142,9142.T,九州旅客鉄道,2022-10,CONTINUE,9,59.2,62.87,True,False,3.67,2022-02,2540.0,3110.0,3110.0,22.44,2487.24,2464.11,,True,True,,,True,False,,1032803.0,,,,1.06,2.4,1.03,False,1,False,,,,False,,tv_wilder_rsi14_sma5_v1,62.87,59.2,False,True,3.67
1975,1975.T,朝日工業社,2022-10,NEW,1,59.69,63.35,True,True,3.66,2022-10,1025.0,1025.0,1025.0,0.0,950.4,951.01,841.87,True,True,True,False,True,True,True,55740.0,1028.0,-0.29,False,1.57,2.38,0.91,True,2,True,22.12,5.58,False,False,,tv_wilder_rsi14_sma5_v1,63.35,59.69,True,True,3.66
6071,6071.T,ＩＢＪ,2022-10,CONTINUE,6,49.18,52.84,True,True,3.66,2022-05,746.0,954.0,954.0,27.88,712.64,741.09,894.29,True,True,False,False,False,False,,145070.0,,,,1.33,3.69,1.01,False,4,True,,,,False,,tv_wilder_rsi14_sma5_v1,52.84,49.18,True,True,3.66
6652,6652.T,ＩＤＥＣ,2022-10,CONTINUE,6,64.97,68.63,True,True,3.66,2022-05,2660.0,3190.0,3190.0,19.92,2432.44,2437.05,2441.64,True,True,True,False,True,False,,79940.0,,,,1.02,3.09,0.93,True,1,True,,,,False,,tv_wilder_rsi14_sma5_v1,68.63,64.97,True,True,3.66
7167,7167.T,めぶきフィナンシャルグループ,2022-10,CONTINUE,5,55.77,59.4,True,True,3.63,2022-06,267.0,289.0,289.0,8.24,256.2,255.84,251.21,True,True,True,True,True,False,True,5028997.0,,,,0.98,2.06,1.08,False,2,True,,,,False,,tv_wilder_rsi14_sma5_v1,59.4,55.77,True,True,3.63
8281,8281.T,ゼビオホールディングス,2022-10,CONTINUE,5,48.57,52.2,True,True,3.63,2022-06,927.0,1009.0,1009.0,8.85,907.4,913.33,957.74,True,True,False,False,True,False,False,181743.0,,,,0.59,1.9,1.0,False,4,True,,,,False,,tv_wilder_rsi14_sma5_v1,52.2,48.57,True,True,3.63
7238,7238.T,曙ブレーキ工業,2022-10,CONTINUE,5,46.67,50.26,True,True,3.59,2022-06,155.0,174.0,174.0,12.26,159.92,153.87,179.78,False,True,False,False,True,True,False,976233.0,,,,0.71,3.55,0.81,True,4,True,,,,False,,tv_wilder_rsi14_sma5_v1,50.26,46.67,True,True,3.59
9048,9048.T,名古屋鉄道,2022-10,CONTINUE,4,46.52,50.1,True,True,3.58,2022-07,2136.0,2278.0,2278.0,6.65,2075.96,2126.76,1998.62,True,True,True,False,False,False,True,500513.0,,,,0.8,1.82,0.89,True,2,False,,,,False,,tv_wilder_rsi14_sma5_v1,50.1,46.52,True,True,3.58
7071,7071.T,アンビスホールディングス,2022-10,NEW,1,60.44,64.01,True,True,3.57,2022-10,2887.0,2887.0,2887.0,0.0,2436.02,2477.71,2315.34,True,True,True,False,False,True,False,217083.0,3125.0,-7.62,False,1.22,3.69,1.05,False,1,True,23.73,5.33,False,False,,tv_wilder_rsi14_sma5_v1,64.01,60.44,True,True,3.57
1926,1926.T,ライト工業,2022-10,CONTINUE,2,55.08,58.64,True,True,3.56,2022-09,1904.0,2029.0,2029.0,6.57,1908.0,1881.48,1887.4,False,True,True,False,True,True,False,102610.0,2087.0,-8.77,False,1.28,1.46,1.03,False,3,True,-1.89,-1.01,False,False,,tv_wilder_rsi14_sma5_v1,58.64,55.08,True,True,3.56
4662,4662.T,フォーカスシステムズ,2022-10,CONTINUE,4,52.13,55.69,True,True,3.56,2022-07,930.0,1010.0,1010.0,8.6,910.4,905.91,945.14,True,True,False,False,True,False,False,22950.0,,,,0.8,1.49,1.11,False,4,True,,,,False,,tv_wilder_rsi14_sma5_v1,55.69,52.13,True,True,3.56
8015,8015.T,豊田通商,2022-10,NEW,1,52.91,56.47,False,True,3.56,2022-10,1666.67,1666.67,1666.67,0.0,1561.67,1571.89,1582.07,True,True,True,False,False,True,False,2347920.0,1886.67,-11.66,False,1.48,2.51,1.06,False,3,True,6.01,0.99,True,False,,tv_wilder_rsi14_sma5_v1,56.47,52.91,True,False,3.56
6368,6368.T,オルガノ,2022-10,NEW,1,59.18,62.71,False,True,3.54,2022-10,2575.0,2575.0,2575.0,0.0,2209.98,2265.79,2254.41,True,True,True,False,False,True,True,283133.0,2660.0,-3.2,False,2.92,3.77,1.18,False,2,True,21.13,8.91,False,False,,tv_wilder_rsi14_sma5_v1,62.71,59.18,True,False,3.54
4025,4025.T,多木化学,2022-10,CONTINUE,4,46.13,49.66,True,True,3.53,2022-07,4775.0,5250.0,5250.0,9.95,4564.8,4689.73,5248.6,True,True,False,False,True,False,False,15253.0,,,,0.7,2.11,0.76,True,4,True,,,,False,,tv_wilder_rsi14_sma5_v1,49.66,46.13,True,True,3.53
7447,7447.T,ナガイレーベン,2022-10,CONTINUE,4,38.32,41.85,True,True,3.53,2022-07,2022.0,2042.0,2042.0,0.99,1966.2,1927.11,2110.53,True,True,False,False,True,False,False,32607.0,,,,0.96,1.82,0.94,True,4,True,,,,False,,tv_wilder_rsi14_sma5_v1,41.85,38.32,True,True,3.53
8367,8367.T,南都銀行,2022-10,CONTINUE,2,50.21,53.72,True,True,3.51,2022-09,420.0,426.2,426.2,1.48,403.1,399.67,399.81,True,True,True,False,True,True,True,510433.0,442.0,-4.98,False,1.14,2.05,1.37,False,2,True,5.07,2.49,False,False,,tv_wilder_rsi14_sma5_v1,53.72,50.21,True,True,3.51
4362,4362.T,日本精化,2022-10,NEW,1,54.64,58.14,True,True,3.5,2022-10,2088.0,2088.0,2088.0,0.0,1951.52,1960.08,2037.73,True,True,True,False,True,True,False,41497.0,2496.0,-16.35,False,2.37,2.75,1.06,False,3,True,-1.41,2.27,True,False,,tv_wilder_rsi14_sma5_v1,58.14,54.64,True,True,3.5
9974,9974.T,ベルク,2022-10,CONTINUE,4,47.6,51.1,True,True,3.5,2022-07,5500.0,5690.0,5690.0,3.45,5273.2,5264.87,5385.62,True,True,True,False,True,False,False,18627.0,,,,0.92,1.77,0.84,True,3,True,,,,False,,tv_wilder_rsi14_sma5_v1,51.1,47.6,True,True,3.5
3679,3679.T,じげん,2022-10,CONTINUE,8,45.07,48.56,True,True,3.49,2022-03,301.0,366.0,366.0,21.59,288.6,295.44,,True,True,,,False,False,,554833.0,,,,0.9,2.8,0.87,True,1,True,,,,False,,tv_wilder_rsi14_sma5_v1,48.56,45.07,True,True,3.49
6465,6465.T,ホシザキ,2022-10,CONTINUE,3,45.32,48.8,True,True,3.47,2022-08,4150.0,4265.0,4265.0,2.77,4108.6,3993.73,4141.7,True,True,True,False,True,True,False,358680.0,5500.0,-24.55,False,1.08,2.13,0.96,True,3,True,-1.14,1.18,True,False,,tv_wilder_rsi14_sma5_v1,48.8,45.32,True,True,3.47
9989,9989.T,サンドラッグ,2022-10,CONTINUE,5,48.32,51.78,True,False,3.45,2022-06,3030.0,3460.0,3460.0,14.19,2865.68,2923.31,3104.07,True,True,False,False,True,False,False,435760.0,,,,1.15,2.39,1.22,False,4,True,,,,False,,tv_wilder_rsi14_sma5_v1,51.78,48.32,False,True,3.45
7282,7282.T,豊田合成,2022-10,CONTINUE,5,47.63,51.05,True,True,3.42,2022-06,2143.0,2376.0,2376.0,10.87,2125.24,1985.39,2207.16,True,True,False,False,True,True,False,461433.0,,,,1.09,2.38,1.06,False,4,True,,,,False,,tv_wilder_rsi14_sma5_v1,51.05,47.63,True,True,3.42
4392,4392.T,ＦＩＧ,2022-10,CONTINUE,6,61.24,64.65,True,True,3.41,2022-05,310.0,393.0,393.0,26.77,292.4,287.85,295.56,True,True,True,False,True,True,,78403.0,,,,1.3,3.55,0.85,True,1,True,,,,False,,tv_wilder_rsi14_sma5_v1,64.65,61.24,True,True,3.41
9621,9621.T,建設技術研究所,2022-10,CONTINUE,6,62.47,65.87,True,True,3.41,2022-05,1236.0,1461.5,1461.5,18.24,1180.56,1149.3,1216.79,True,True,True,False,True,False,,58360.0,,,,0.94,2.88,0.72,True,1,True,,,,False,,tv_wilder_rsi14_sma5_v1,65.87,62.47,True,True,3.41
8395,8395.T,佐賀銀行,2022-10,CONTINUE,5,52.35,55.74,True,True,3.39,2022-06,1471.0,1553.0,1553.0,5.57,1438.2,1447.01,1461.26,True,True,True,False,True,False,True,19857.0,,,,0.74,1.54,1.1,False,1,True,,,,False,,tv_wilder_rsi14_sma5_v1,55.74,52.35,True,True,3.39
4725,4725.T,ＣＡＣＨｏｌｄｉｎｇｓ,2022-10,CONTINUE,4,52.24,55.62,True,True,3.38,2022-07,1440.0,1505.0,1505.0,4.51,1401.56,1388.68,1436.37,True,True,True,False,False,False,False,18560.0,,,,0.73,1.74,0.99,True,3,True,,,,False,,tv_wilder_rsi14_sma5_v1,55.62,52.24,True,True,3.38
1414,1414.T,ショーボンドホールディングス,2022-10,CONTINUE,9,71.35,74.71,True,True,3.37,2022-02,1282.5,1610.0,1610.0,25.54,1274.3,1269.5,,True,True,,,True,True,,560707.0,,,,1.02,1.8,1.15,False,1,True,,,,False,,tv_wilder_rsi14_sma5_v1,74.71,71.35,True,True,3.37
6741,6741.T,日本信号,2022-10,NEW,1,50.65,54.01,True,True,3.35,2022-10,1009.0,1009.0,1009.0,0.0,974.36,963.29,922.41,True,True,True,True,True,True,True,86420.0,1028.0,-1.85,False,1.18,1.83,0.98,True,2,True,7.07,2.01,False,False,,tv_wilder_rsi14_sma5_v1,54.01,50.65,True,True,3.35
4443,4443.T,Ｓａｎｓａｎ,2022-10,CONTINUE,4,44.04,47.38,True,True,3.33,2022-07,1321.0,1485.0,1485.0,12.41,1087.8,1098.95,1730.9,True,True,False,False,True,False,False,3142543.0,,,,0.76,6.1,1.19,False,4,True,,,,False,,tv_wilder_rsi14_sma5_v1,47.38,44.04,True,True,3.33
8070,8070.T,東京産業,2022-10,NEW,1,62.5,65.81,True,True,3.31,2022-10,809.0,809.0,809.0,0.0,779.4,763.79,731.85,True,True,True,True,False,True,True,30980.0,817.0,-0.98,False,1.15,1.78,0.97,True,2,True,14.07,2.52,False,False,,tv_wilder_rsi14_sma5_v1,65.81,62.5,True,True,3.31
9699,9699.T,ニシオホールディングス,2022-10,CONTINUE,4,52.38,55.69,True,True,3.31,2022-07,2867.0,2992.0,2992.0,4.36,2773.68,2751.33,2765.49,True,True,True,False,True,False,False,30943.0,,,,0.82,1.61,0.79,True,3,True,,,,False,,tv_wilder_rsi14_sma5_v1,55.69,52.38,True,True,3.31
9843,9843.T,ニトリホールディングス,2022-10,NEW,1,36.33,39.63,True,True,3.3,2022-10,2707.0,2707.0,2707.0,0.0,2525.92,2663.27,2843.49,True,True,False,False,False,False,False,2642717.0,4318.0,-37.31,False,1.52,2.53,0.95,True,4,True,-11.06,4.37,False,False,,tv_wilder_rsi14_sma5_v1,39.63,36.33,True,True,3.3
6379,6379.T,レイズネクスト,2022-10,NEW,1,53.0,56.28,True,True,3.28,2022-10,1247.0,1247.0,1247.0,0.0,1214.2,1212.36,1155.33,True,True,True,True,True,True,True,45233.0,1269.0,-1.73,False,1.57,1.82,0.89,True,2,True,6.48,-0.32,False,False,,tv_wilder_rsi14_sma5_v1,56.28,53.0,True,True,3.28
2914,2914.T,日本たばこ産業,2022-10,CONTINUE,7,56.16,59.43,True,True,3.26,2022-04,2223.5,2464.0,2464.0,10.82,2153.58,2206.39,,True,True,,,True,False,,6046930.0,,,,1.1,1.2,0.89,True,1,True,,,,False,,tv_wilder_rsi14_sma5_v1,59.43,56.16,True,True,3.26
5351,5351.T,品川リフラ,2022-10,CONTINUE,4,56.5,59.77,True,True,3.26,2022-07,741.0,789.0,789.0,6.48,721.48,721.24,744.89,True,True,False,False,True,False,False,63383.0,,,,0.68,1.2,1.01,False,4,True,,,,False,,tv_wilder_rsi14_sma5_v1,59.77,56.5,True,True,3.26
7240,7240.T,ＮＯＫ,2022-10,NEW,1,43.28,46.53,True,True,3.25,2022-10,1216.0,1216.0,1216.0,0.0,1150.4,1194.45,1173.51,True,True,True,False,False,True,False,393837.0,1392.0,-12.64,False,1.75,2.21,1.15,False,3,True,0.17,0.92,False,False,,tv_wilder_rsi14_sma5_v1,46.53,43.28,True,True,3.25
8439,8439.T,東京センチュリー,2022-10,CONTINUE,5,44.49,47.74,True,True,3.25,2022-06,1122.5,1267.5,1267.5,12.92,1075.0,1063.8,1316.24,True,True,False,False,True,False,False,1728707.0,,,,1.01,3.01,1.06,False,4,True,,,,False,,tv_wilder_rsi14_sma5_v1,47.74,44.49,True,True,3.25
8377,8377.T,ほくほくフィナンシャルグループ,2022-10,CONTINUE,2,45.16,48.4,True,True,3.24,2022-09,854.0,893.0,893.0,4.57,840.36,836.29,867.31,True,True,False,False,True,True,True,220460.0,1004.0,-14.94,False,1.17,2.02,1.18,False,4,False,-0.72,-0.13,False,False,,tv_wilder_rsi14_sma5_v1,48.4,45.16,True,True,3.24
6178,6178.T,日本郵政,2022-10,NEW,1,52.97,56.2,True,True,3.23,2022-10,999.6,999.6,999.6,0.0,979.45,970.65,956.98,True,True,True,True,True,True,True,10588057.0,1034.5,-3.37,False,1.54,1.15,0.89,True,1,True,6.74,1.22,False,False,,tv_wilder_rsi14_sma5_v1,56.2,52.97,True,True,3.23
7202,7202.T,いすゞ自動車,2022-10,NEW,1,59.2,62.42,True,True,3.22,2022-10,1744.0,1744.0,1744.0,0.0,1679.2,1634.37,1563.12,True,True,True,True,False,True,True,2969910.0,1817.0,-4.02,False,1.35,1.79,0.91,True,2,False,17.02,0.71,False,False,,tv_wilder_rsi14_sma5_v1,62.42,59.2,True,True,3.22
7609,7609.T,ダイトロン,2022-10,CONTINUE,3,52.97,56.19,False,True,3.22,2022-08,1057.5,1063.5,1063.5,0.57,1024.4,984.54,979.51,True,True,True,True,True,True,False,74447.0,1277.0,-17.19,False,0.52,1.86,0.87,True,3,True,4.64,1.57,False,False,,tv_wilder_rsi14_sma5_v1,56.19,52.97,True,False,3.22
7762,7762.T,シチズン時計,2022-10,CONTINUE,6,63.94,67.15,True,True,3.21,2022-05,551.0,625.0,625.0,13.43,519.08,501.05,500.12,True,True,True,True,True,True,,1910223.0,,,,0.95,3.47,0.7,True,1,True,,,,False,,tv_wilder_rsi14_sma5_v1,67.15,63.94,True,True,3.21
9869,9869.T,加藤産業,2022-10,CONTINUE,5,50.82,54.03,True,True,3.21,2022-06,3255.0,3480.0,3480.0,6.91,3108.6,3186.33,3234.05,True,True,True,False,False,False,False,62863.0,,,,1.69,1.93,1.11,False,3,True,,,,False,,tv_wilder_rsi14_sma5_v1,54.03,50.82,True,True,3.21
1835,1835.T,東鉄工業,2022-10,CONTINUE,5,45.86,49.06,True,True,3.2,2022-06,2423.0,2469.0,2469.0,1.9,2287.08,2242.28,2378.14,True,True,True,False,True,False,False,94167.0,,,,1.29,2.04,1.19,False,3,True,,,,False,,tv_wilder_rsi14_sma5_v1,49.06,45.86,True,True,3.2
4323,4323.T,日本システム技術,2022-10,NEW,1,62.51,65.71,True,True,3.2,2022-10,751.0,751.0,751.0,0.0,644.91,652.79,614.39,True,True,True,False,False,True,False,116940.0,813.75,-7.71,False,1.25,2.98,1.06,False,1,True,23.21,8.81,False,False,,tv_wilder_rsi14_sma5_v1,65.71,62.51,True,True,3.2
7199,7199.T,プレミアグループ,2022-10,CONTINUE,4,72.92,76.12,True,False,3.2,2022-07,1516.67,1765.0,1765.0,16.37,1422.0,1335.11,1263.06,True,True,True,True,True,True,True,203720.0,,,,1.09,2.96,1.02,False,2,True,,,,False,,tv_wilder_rsi14_sma5_v1,76.12,72.92,False,True,3.2
1911,1911.T,住友林業,2022-10,CONTINUE,4,54.8,57.99,True,True,3.19,2022-07,685.67,776.67,776.67,13.27,670.49,662.59,707.09,True,True,False,False,True,False,False,3173020.0,,,,0.99,1.59,0.9,True,4,True,,,,False,,tv_wilder_rsi14_sma5_v1,57.99,54.8,True,True,3.19
4390,4390.T,ＩＰＳ,2022-10,CONTINUE,9,59.43,62.61,True,True,3.18,2022-02,2001.0,3020.0,3020.0,50.92,1892.48,2002.77,,True,False,,,False,False,,102313.0,,,,0.78,4.53,1.09,False,1,True,,,,False,,tv_wilder_rsi14_sma5_v1,62.61,59.43,True,True,3.18
2433,2433.T,博報堂ＤＹホールディングス,2022-10,NEW,1,40.01,43.18,True,True,3.17,2022-10,1256.0,1256.0,1256.0,0.0,1142.6,1239.08,1402.04,True,True,False,False,False,False,False,1842363.0,2037.0,-38.34,False,0.93,2.86,0.96,True,4,True,-20.39,3.92,False,False,,tv_wilder_rsi14_sma5_v1,43.18,40.01,True,True,3.17
9005,9005.T,東急,2022-10,CONTINUE,5,54.5,57.67,True,True,3.17,2022-06,1598.0,1716.0,1716.0,7.38,1524.88,1575.53,1580.6,True,True,True,False,False,False,True,1621290.0,,,,0.89,2.07,1.09,False,1,True,,,,False,,tv_wilder_rsi14_sma5_v1,57.67,54.5,True,True,3.17
7595,7595.T,アルゴグラフィックス,2022-10,CONTINUE,6,59.68,62.82,True,True,3.14,2022-05,781.25,968.75,968.75,24.0,767.5,765.76,787.46,True,True,False,False,True,False,,154600.0,,,,1.19,2.49,0.96,True,4,True,,,,False,,tv_wilder_rsi14_sma5_v1,62.82,59.68,True,True,3.14
2492,2492.T,インフォマート,2022-10,CONTINUE,2,36.01,39.13,True,True,3.13,2022-09,441.0,483.0,483.0,9.52,422.36,418.75,587.4,True,True,False,False,False,False,False,1095970.0,1318.0,-66.54,False,1.27,4.23,1.01,False,4,True,-22.72,4.22,False,False,,tv_wilder_rsi14_sma5_v1,39.13,36.01,True,True,3.13
2501,2501.T,サッポロホールディングス,2022-10,CONTINUE,9,69.64,72.77,True,True,3.13,2022-02,455.4,656.0,656.0,44.05,455.98,453.64,,False,True,,,True,False,,1271650.0,,,,0.97,2.37,1.25,False,1,False,,,,False,,tv_wilder_rsi14_sma5_v1,72.77,69.64,True,True,3.13
5902,5902.T,ホッカンホールディングス,2022-10,CONTINUE,4,40.18,43.29,True,True,3.11,2022-07,1258.0,1306.0,1306.0,3.82,1249.64,1238.21,1351.89,True,True,False,False,True,False,False,20720.0,,,,0.73,1.29,0.8,True,4,True,,,,False,,tv_wilder_rsi14_sma5_v1,43.29,40.18,True,True,3.11
9534,9534.T,北海道瓦斯,2022-10,NEW,1,58.69,61.79,True,True,3.1,2022-10,340.4,340.4,340.4,0.0,328.18,326.31,314.19,True,True,True,True,True,True,True,121317.0,343.8,-0.99,False,1.41,1.84,0.98,True,2,True,9.8,3.11,False,False,,tv_wilder_rsi14_sma5_v1,61.79,58.69,True,True,3.1
6200,6200.T,インソース,2022-10,NEW,1,60.13,63.22,True,True,3.09,2022-10,1507.5,1507.5,1507.5,0.0,1421.24,1373.07,1172.62,True,True,True,True,True,True,True,627987.0,1545.0,-2.43,False,1.25,3.9,0.92,True,2,True,28.11,2.49,False,False,,tv_wilder_rsi14_sma5_v1,63.22,60.13,True,True,3.09
8334,8334.T,群馬銀行,2022-10,CONTINUE,5,54.34,57.43,True,True,3.09,2022-06,383.0,405.0,405.0,5.74,370.96,365.75,364.6,True,True,True,True,True,False,True,1609233.0,,,,0.97,1.9,0.97,True,2,True,,,,False,,tv_wilder_rsi14_sma5_v1,57.43,54.34,True,True,3.09
5302,5302.T,日本カーボン,2022-10,NEW,1,49.24,52.32,True,True,3.08,2022-10,4215.0,4215.0,4215.0,0.0,4081.0,4076.2,4107.5,True,True,True,False,True,True,False,40980.0,4490.0,-6.12,False,1.16,1.09,0.87,True,3,True,2.36,1.04,False,False,,tv_wilder_rsi14_sma5_v1,52.32,49.24,True,True,3.08
8393,8393.T,宮崎銀行,2022-10,CONTINUE,5,48.05,51.12,True,True,3.07,2022-06,418.4,446.0,446.0,6.6,412.46,414.59,416.76,True,True,True,False,True,False,True,146000.0,,,,1.14,1.17,1.06,False,2,True,,,,False,,tv_wilder_rsi14_sma5_v1,51.12,48.05,True,True,3.07
4095,4095.T,日本パーカライジング,2022-10,CONTINUE,4,40.63,43.69,True,True,3.06,2022-07,955.0,968.0,968.0,1.36,936.24,913.89,1006.49,True,True,False,False,True,False,False,178720.0,,,,0.5,1.68,0.9,True,4,True,,,,False,,tv_wilder_rsi14_sma5_v1,43.69,40.63,True,True,3.06
4221,4221.T,大倉工業,2022-10,CONTINUE,4,45.3,48.36,True,True,3.06,2022-07,1773.0,1875.0,1875.0,5.75,1720.8,1739.29,1921.47,True,True,False,False,True,False,False,22290.0,,,,1.36,1.46,0.89,True,4,False,,,,False,,tv_wilder_rsi14_sma5_v1,48.36,45.3,True,True,3.06
4958,4958.T,長谷川香料,2022-10,CONTINUE,5,64.39,67.42,True,True,3.03,2022-06,2759.0,3170.0,3170.0,14.9,2537.16,2519.32,2626.05,True,True,True,False,True,True,False,61043.0,,,,1.89,2.82,1.21,False,3,True,,,,False,,tv_wilder_rsi14_sma5_v1,67.42,64.39,True,True,3.03
3854,3854.T,アイル,2022-10,CONTINUE,8,56.23,59.25,True,True,3.02,2022-03,1548.0,1853.0,1853.0,19.7,1372.16,1360.08,,True,True,,,True,False,,39583.0,,,,1.01,3.63,0.97,True,1,True,,,,False,,tv_wilder_rsi14_sma5_v1,59.25,56.23,True,True,3.02
5445,5445.T,東京鐵鋼,2022-10,CONTINUE,3,42.11,45.12,True,True,3.02,2022-08,447.0,447.0,447.0,0.0,440.81,420.62,435.44,True,True,True,False,True,True,False,63150.0,571.67,-21.81,False,0.92,1.96,1.05,False,3,True,1.33,3.31,False,False,,tv_wilder_rsi14_sma5_v1,45.12,42.11,True,True,3.02
7744,7744.T,ノーリツ鋼機,2022-10,CONTINUE,6,54.76,57.77,True,True,3.01,2022-05,782.67,893.33,893.33,14.14,732.59,708.88,779.7,True,True,True,False,False,False,,573950.0,,,,0.8,3.08,1.1,False,3,True,,,,False,,tv_wilder_rsi14_sma5_v1,57.77,54.76,True,True,3.01
8074,8074.T,ＹＵＡＳＡ,2022-10,CONTINUE,6,60.62,63.62,True,True,3.0,2022-05,3205.0,3705.0,3705.0,15.6,3018.76,2961.4,2972.95,True,True,True,False,True,True,,53630.0,,,,1.19,2.14,0.86,True,1,True,,,,False,,tv_wilder_rsi14_sma5_v1,63.62,60.62,True,True,3.0
7606,7606.T,ユナイテッドアローズ,2022-10,NEW,1,47.03,50.02,True,True,2.99,2022-10,2023.0,2023.0,2023.0,0.0,1961.84,1880.16,1865.4,True,True,True,True,True,True,True,227760.0,2363.0,-14.39,False,0.76,2.17,0.74,True,2,True,9.28,2.57,False,False,,tv_wilder_rsi14_sma5_v1,50.02,47.03,True,True,2.99
8167,8167.T,リテールパートナーズ,2022-10,NEW,1,46.88,49.85,True,True,2.98,2022-10,1226.0,1226.0,1226.0,0.0,1142.4,1153.51,1199.52,True,True,True,False,True,True,False,61477.0,1488.0,-17.61,False,1.56,2.25,0.86,True,3,True,1.12,4.93,False,False,,tv_wilder_rsi14_sma5_v1,49.85,46.88,True,True,2.98
8179,8179.T,ロイヤルホールディングス,2022-10,NEW,1,54.72,57.69,True,True,2.97,2022-10,1189.0,1189.0,1189.0,0.0,1137.7,1094.08,1048.34,True,True,True,True,True,True,True,357400.0,1205.0,-1.33,False,1.53,2.3,0.87,True,2,True,17.53,3.69,False,False,,tv_wilder_rsi14_sma5_v1,57.69,54.72,True,True,2.97
1898,1898.T,世紀東急工業,2022-10,NEW,1,49.44,52.38,True,True,2.94,2022-10,819.0,819.0,819.0,0.0,782.76,782.8,785.63,True,True,True,False,True,False,False,104257.0,854.0,-4.1,False,1.7,1.58,0.87,True,1,True,2.1,2.76,False,False,,tv_wilder_rsi14_sma5_v1,52.38,49.44,True,True,2.94
5901,5901.T,東洋製罐グループホールディングス,2022-10,CONTINUE,4,57.08,60.01,True,False,2.94,2022-07,1526.0,1701.0,1701.0,11.47,1451.88,1401.79,1415.03,True,True,True,False,True,True,True,591777.0,,,,0.81,1.53,0.92,True,2,True,,,,False,,tv_wilder_rsi14_sma5_v1,60.01,57.08,False,True,2.94
3179,3179.T,シュッピン,2022-10,NEW,1,57.97,60.9,False,True,2.93,2022-10,1497.0,1497.0,1497.0,0.0,1367.16,1313.96,1280.2,True,True,True,True,True,False,True,218717.0,1574.0,-4.89,False,0.97,4.36,0.98,True,2,True,14.61,4.91,False,False,,tv_wilder_rsi14_sma5_v1,60.9,57.97,True,False,2.93
7453,7453.T,良品計画,2022-10,NEW,1,39.01,41.93,True,True,2.93,2022-10,700.5,700.5,700.5,0.0,644.6,648.63,694.07,True,True,True,False,True,False,False,6959007.0,1175.0,-40.38,False,0.92,3.04,0.88,True,3,True,-2.77,7.44,False,False,,tv_wilder_rsi14_sma5_v1,41.93,39.01,True,True,2.93
2752,2752.T,フジオフードグループ本社,2022-10,CONTINUE,2,50.7,53.62,True,True,2.92,2022-09,1358.0,1396.0,1396.0,2.8,1322.6,1342.28,1337.51,True,True,True,False,False,False,False,64093.0,1488.0,-8.74,False,1.22,1.41,1.02,False,3,True,1.13,1.55,False,False,,tv_wilder_rsi14_sma5_v1,53.62,50.7,True,True,2.92
3983,3983.T,オロ,2022-10,NEW,1,33.72,36.62,True,True,2.91,2022-10,1677.0,1677.0,1677.0,0.0,1500.8,1558.31,1896.06,True,True,False,False,False,False,False,59293.0,4115.0,-59.25,False,0.97,3.15,1.01,False,4,True,-15.97,7.1,False,False,,tv_wilder_rsi14_sma5_v1,36.62,33.72,True,True,2.91
7747,7747.T,朝日インテック,2022-10,CONTINUE,4,46.07,48.95,True,True,2.89,2022-07,2449.0,2534.0,2534.0,3.47,2291.2,2208.92,2373.78,True,True,True,False,True,True,False,1282580.0,,,,0.71,2.98,0.81,True,3,True,,,,False,,tv_wilder_rsi14_sma5_v1,48.95,46.07,True,True,2.89
6845,6845.T,アズビル,2022-10,NEW,1,46.88,49.77,True,True,2.88,2022-10,1011.25,1011.25,1011.25,0.0,992.15,995.1,1004.07,True,True,True,False,True,True,False,1368827.0,1382.5,-26.85,False,1.2,2.41,0.87,True,3,True,-4.45,0.21,False,False,,tv_wilder_rsi14_sma5_v1,49.77,46.88,True,True,2.88
9678,9678.T,カナモト,2022-10,CONTINUE,4,43.02,45.9,True,True,2.88,2022-07,2043.0,2148.0,2148.0,5.14,1973.52,1952.08,2168.7,True,True,False,False,True,False,False,89050.0,,,,1.03,1.44,0.88,True,4,True,,,,False,,tv_wilder_rsi14_sma5_v1,45.9,43.02,True,True,2.88
8081,8081.T,カナデン,2022-10,NEW,1,45.54,48.41,True,True,2.87,2022-10,1075.0,1075.0,1075.0,0.0,1060.4,1061.25,1024.1,True,True,True,False,True,True,True,37413.0,1125.0,-4.44,False,0.91,2.42,0.95,True,2,True,4.09,1.5,False,False,,tv_wilder_rsi14_sma5_v1,48.41,45.54,True,True,2.87
6136,6136.T,オーエスジー,2022-10,CONTINUE,4,48.75,51.61,True,True,2.86,2022-07,1815.0,1893.0,1893.0,4.3,1659.32,1647.89,1783.81,True,True,True,False,True,False,False,403770.0,,,,1.68,2.39,0.94,True,3,True,,,,False,,tv_wilder_rsi14_sma5_v1,51.61,48.75,True,True,2.86
6073,6073.T,アサンテ,2022-10,NEW,1,45.12,47.97,True,True,2.85,2022-10,1602.0,1602.0,1602.0,0.0,1587.64,1598.48,1557.46,True,True,True,False,False,True,False,35830.0,1794.0,-10.7,False,0.75,1.09,0.75,True,3,True,0.17,0.25,False,False,,tv_wilder_rsi14_sma5_v1,47.97,45.12,True,True,2.85
6817,6817.T,スミダコーポレーション,2022-10,CONTINUE,3,45.91,48.76,True,False,2.84,2022-08,974.0,985.0,985.0,1.13,946.92,854.79,953.61,True,True,True,False,True,True,False,142513.0,1409.0,-30.87,False,0.57,2.95,0.87,True,3,True,-1.3,3.21,False,False,,tv_wilder_rsi14_sma5_v1,48.76,45.91,False,True,2.84
3046,3046.T,ジンズホールディングス,2022-10,CONTINUE,3,36.16,38.99,True,True,2.83,2022-08,4265.0,4480.0,4480.0,5.04,4090.4,4089.8,5420.7,True,True,False,False,True,False,False,204140.0,8310.0,-48.68,False,1.07,3.01,1.09,False,4,True,-21.84,3.44,False,False,,tv_wilder_rsi14_sma5_v1,38.99,36.16,True,True,2.83
3676,3676.T,デジタルハーツホールディングス,2022-10,CONTINUE,4,55.54,58.37,True,True,2.83,2022-07,1940.0,2045.0,2045.0,5.41,1810.52,1744.11,1871.81,True,True,True,False,True,True,False,85053.0,,,,1.01,2.85,0.98,True,3,True,,,,False,,tv_wilder_rsi14_sma5_v1,58.37,55.54,True,True,2.83
3992,3992.T,ニーズウェル,2022-10,NEW,1,48.29,51.12,True,True,2.83,2022-10,170.0,170.0,170.0,0.0,159.5,160.61,161.11,True,True,True,False,False,False,True,155693.0,183.25,-7.23,False,2.03,2.44,1.34,False,2,True,3.19,4.04,False,False,,tv_wilder_rsi14_sma5_v1,51.12,48.29,True,True,2.83
4216,4216.T,旭有機材,2022-10,NEW,1,65.1,67.92,True,True,2.82,2022-10,2391.0,2391.0,2391.0,0.0,2277.96,2251.96,2071.63,True,True,True,True,False,True,True,54943.0,2445.0,-2.21,False,1.35,1.85,0.92,True,2,True,34.75,2.75,False,False,,tv_wilder_rsi14_sma5_v1,67.92,65.1,True,True,2.82
6871,6871.T,日本マイクロニクス,2022-10,NEW,1,46.8,49.61,False,True,2.81,2022-10,1378.0,1378.0,1378.0,0.0,1278.96,1325.47,1441.24,True,True,False,False,False,True,False,203980.0,1970.0,-30.05,False,0.94,2.17,0.93,True,4,True,-1.31,5.47,False,False,,tv_wilder_rsi14_sma5_v1,49.61,46.8,True,False,2.81
4631,4631.T,ＤＩＣ,2022-10,NEW,1,39.72,42.52,True,True,2.8,2022-10,2498.0,2498.0,2498.0,0.0,2439.72,2466.25,2532.83,True,True,False,False,False,True,False,273733.0,3225.0,-22.54,False,1.04,1.31,0.84,True,4,True,-5.56,0.25,False,False,,tv_wilder_rsi14_sma5_v1,42.52,39.72,True,True,2.8
8923,8923.T,トーセイ,2022-10,CONTINUE,9,61.3,64.08,True,True,2.79,2022-02,543.5,711.0,711.0,30.82,530.22,518.19,,True,True,,,True,False,,417427.0,,,,1.06,1.77,1.01,False,1,True,,,,False,,tv_wilder_rsi14_sma5_v1,64.08,61.3,True,True,2.79
3694,3694.T,オプティム,2022-10,CONTINUE,4,33.32,36.09,True,True,2.77,2022-07,835.0,905.0,905.0,8.38,792.84,819.25,1118.33,True,True,False,False,True,False,False,154533.0,,,,0.76,2.78,0.87,True,4,True,,,,False,,tv_wilder_rsi14_sma5_v1,36.09,33.32,True,True,2.77
4559,4559.T,ゼリア新薬工業,2022-10,NEW,1,55.66,58.43,True,True,2.77,2022-10,2217.0,2217.0,2217.0,0.0,2114.4,2127.96,2043.04,True,True,True,False,True,True,True,102360.0,2268.0,-2.25,False,2.25,1.74,1.1,False,2,True,7.29,1.3,True,False,,tv_wilder_rsi14_sma5_v1,58.43,55.66,True,True,2.77
3865,3865.T,北越コーポレーション,2022-10,CONTINUE,5,61.08,63.83,True,True,2.76,2022-06,700.0,772.0,772.0,10.29,663.08,664.69,711.22,True,True,False,False,True,False,True,411357.0,,,,0.99,2.35,0.92,True,4,True,,,,False,,tv_wilder_rsi14_sma5_v1,63.83,61.08,True,True,2.76
6197,6197.T,ソラスト,2022-10,CONTINUE,4,39.03,41.77,True,True,2.74,2022-07,851.0,897.0,897.0,5.41,757.96,765.48,1006.93,True,True,False,False,True,False,False,235150.0,,,,1.28,2.87,1.07,False,4,True,,,,False,,tv_wilder_rsi14_sma5_v1,41.77,39.03,True,True,2.74
6349,6349.T,小森コーポレーション,2022-10,NEW,1,48.36,51.08,True,True,2.73,2022-10,810.0,810.0,810.0,0.0,726.64,761.55,750.07,True,True,True,False,False,False,True,158907.0,873.0,-7.22,False,2.19,2.47,1.12,False,2,True,6.54,5.19,True,False,,tv_wilder_rsi14_sma5_v1,51.08,48.36,True,True,2.73
7241,7241.T,フタバ産業,2022-10,NEW,1,39.13,41.86,True,True,2.73,2022-10,373.0,373.0,373.0,0.0,330.96,355.29,370.82,True,True,True,False,False,False,False,294730.0,487.0,-23.41,False,2.62,2.55,1.24,False,3,True,-6.79,2.41,True,False,,tv_wilder_rsi14_sma5_v1,41.86,39.13,True,True,2.73
3946,3946.T,トーモク,2022-10,NEW,1,38.03,40.76,True,True,2.72,2022-10,1501.0,1501.0,1501.0,0.0,1449.64,1497.91,1556.23,True,True,False,False,False,False,False,30210.0,1982.0,-24.27,False,1.56,1.48,1.07,False,4,True,-8.34,0.63,True,False,,tv_wilder_rsi14_sma5_v1,40.76,38.03,True,True,2.72
8084,8084.T,ＲＹＯＤＥＮ,2022-10,NEW,1,48.43,51.15,True,True,2.72,2022-10,1660.0,1660.0,1660.0,0.0,1595.76,1618.03,1657.36,True,True,True,False,False,True,False,30417.0,1836.0,-9.59,False,1.58,1.29,1.02,False,3,True,-1.23,1.24,True,False,,tv_wilder_rsi14_sma5_v1,51.15,48.43,True,True,2.72
1515,1515.T,日鉄鉱業,2022-10,NEW,1,47.76,50.47,True,True,2.71,2022-10,592.6,592.6,592.6,0.0,577.96,568.85,605.09,True,True,False,False,False,True,False,218050.0,773.0,-23.34,False,1.08,2.03,0.84,True,4,True,-2.69,0.44,False,False,,tv_wilder_rsi14_sma5_v1,50.47,47.76,True,True,2.71
1928,1928.T,積水ハウス,2022-10,CONTINUE,5,56.85,59.56,True,True,2.71,2022-06,2376.5,2475.0,2475.0,4.14,2319.28,2294.29,2338.27,True,True,True,False,True,False,True,2221227.0,,,,1.16,1.61,0.93,True,1,True,,,,False,,tv_wilder_rsi14_sma5_v1,59.56,56.85,True,True,2.71
4887,4887.T,サワイグループホールディングス,2022-10,NEW,1,37.65,40.37,,True,2.71,2022-10,1428.33,1428.33,1428.33,0.0,1393.07,1400.53,1412.4,True,True,True,False,True,True,False,387440.0,1720.0,-16.96,False,1.27,1.87,0.92,True,3,True,-4.37,0.02,False,False,,tv_wilder_rsi14_sma5_v1,40.37,37.65,True,,2.71
547A,547A.T,ムニノバホールディングス,2022-10,NEW,1,58.78,61.49,True,True,2.71,2022-10,405.0,405.0,405.0,0.0,387.68,387.35,366.64,True,True,True,True,True,True,True,2649360.0,421.0,-3.8,False,1.4,1.82,0.97,True,2,True,7.04,-0.95,False,False,,tv_wilder_rsi14_sma5_v1,61.49,58.78,True,True,2.71
2002,2002.T,日清製粉グループ本社,2022-10,NEW,1,43.65,46.34,True,True,2.69,2022-10,1608.0,1608.0,1608.0,0.0,1517.08,1563.0,1607.73,True,True,True,False,True,False,False,2018393.0,1876.0,-14.29,False,1.46,2.01,1.2,False,3,True,-4.75,3.5,False,False,,tv_wilder_rsi14_sma5_v1,46.34,43.65,True,True,2.69
8358,8358.T,スルガ銀行,2022-10,CONTINUE,3,41.94,44.62,True,True,2.68,2022-08,376.0,394.0,394.0,4.79,376.48,368.67,425.57,False,True,False,False,True,False,False,579573.0,543.0,-30.76,False,1.15,2.17,1.05,False,4,True,-4.08,2.58,False,False,,tv_wilder_rsi14_sma5_v1,44.62,41.94,True,True,2.68
8050,8050.T,セイコーグループ,2022-10,CONTINUE,6,66.95,69.62,True,True,2.67,2022-05,1300.0,1575.0,1575.0,21.15,1171.82,1132.35,1132.1,True,True,True,True,True,True,,305133.0,,,,1.72,3.76,0.95,True,1,True,,,,False,,tv_wilder_rsi14_sma5_v1,69.62,66.95,True,True,2.67
4396,4396.T,システムサポートホールディングス,2022-10,CONTINUE,8,53.49,56.12,True,True,2.63,2022-03,558.0,720.0,720.0,29.03,528.54,531.5,,True,True,,,True,False,,65247.0,,,,0.96,2.41,0.96,True,1,True,,,,False,,tv_wilder_rsi14_sma5_v1,56.12,53.49,True,True,2.63
3950,3950.T,ザ・パック,2022-10,NEW,1,38.55,41.17,True,True,2.62,2022-10,784.33,784.33,784.33,0.0,768.29,779.29,807.17,True,True,False,False,True,True,False,73610.0,1030.0,-23.85,False,1.52,1.83,0.97,True,4,True,-8.44,1.27,False,False,,tv_wilder_rsi14_sma5_v1,41.17,38.55,True,True,2.62
5471,5471.T,大同特殊鋼,2022-10,NEW,1,43.52,46.14,True,True,2.62,2022-10,772.0,772.0,772.0,0.0,731.2,754.71,756.62,True,True,True,False,False,True,False,826150.0,974.0,-20.74,False,2.45,2.59,1.19,False,3,True,-1.68,1.16,False,False,,tv_wilder_rsi14_sma5_v1,46.14,43.52,True,True,2.62
6963,6963.T,ローム,2022-10,NEW,1,52.38,55.0,False,True,2.62,2022-10,2617.5,2617.5,2617.5,0.0,2525.9,2553.1,2447.81,True,True,True,False,False,True,False,3269507.0,2965.0,-11.72,False,0.88,2.46,0.88,True,3,True,6.22,1.63,False,False,,tv_wilder_rsi14_sma5_v1,55.0,52.38,True,False,2.62
7003,7003.T,三井Ｅ＆Ｓ,2022-10,CONTINUE,4,42.09,44.7,True,True,2.6,2022-07,357.0,417.0,417.0,16.81,341.04,353.96,385.75,True,True,False,False,False,False,False,1082890.0,,,,0.94,2.08,0.93,True,4,True,,,,False,,tv_wilder_rsi14_sma5_v1,44.7,42.09,True,True,2.6
8381,8381.T,山陰合同銀行,2022-10,CONTINUE,5,59.03,61.63,True,True,2.6,2022-06,654.0,708.0,708.0,8.26,660.8,652.68,628.95,False,True,True,True,True,False,True,315800.0,,,,0.93,1.67,1.02,False,2,True,,,,False,,tv_wilder_rsi14_sma5_v1,61.63,59.03,True,True,2.6
5288,5288.T,アジアパイルホールディングス,2022-10,CONTINUE,6,51.53,54.11,True,True,2.58,2022-05,461.0,505.0,505.0,9.54,439.44,434.93,450.75,True,True,True,False,True,True,,56967.0,,,,0.93,1.55,0.86,True,3,True,,,,False,,tv_wilder_rsi14_sma5_v1,54.11,51.53,True,True,2.58
4569,4569.T,杏林製薬,2022-10,CONTINUE,2,46.83,49.4,True,True,2.57,2022-09,1770.0,1839.0,1839.0,3.9,1760.44,1775.52,1793.98,True,False,False,False,False,True,True,74023.0,1924.0,-8.0,False,1.24,1.51,0.99,True,4,False,-2.97,-1.84,False,False,,tv_wilder_rsi14_sma5_v1,49.4,46.83,True,True,2.57
9830,9830.T,トラスコ中山,2022-10,CONTINUE,4,36.94,39.51,True,True,2.57,2022-07,1888.0,1995.0,1995.0,5.67,1826.36,1880.96,2333.88,True,True,False,False,True,False,False,194320.0,,,,1.37,1.8,0.94,True,4,True,,,,False,,tv_wilder_rsi14_sma5_v1,39.51,36.94,True,True,2.57
9887,9887.T,松屋フーズホールディングス,2022-10,NEW,1,56.9,59.45,True,True,2.56,2022-10,4065.0,4065.0,4065.0,0.0,3938.0,3923.53,3792.4,True,True,True,True,True,True,True,29680.0,4175.0,-2.63,False,0.99,1.34,0.82,True,2,True,6.18,0.85,False,False,,tv_wilder_rsi14_sma5_v1,59.45,56.9,True,True,2.56
167A,167A.T,リョーサン菱洋ホールディングス,2022-10,NEW,1,47.65,50.15,True,True,2.5,2022-10,2295.0,2295.0,2295.0,0.0,2174.72,2264.53,2183.93,True,True,True,False,False,False,False,126483.0,2598.0,-11.66,False,1.54,1.43,0.87,True,3,True,3.09,1.99,False,False,,tv_wilder_rsi14_sma5_v1,50.15,47.65,True,True,2.5
2659,2659.T,サンエー,2022-10,CONTINUE,5,50.34,52.82,True,False,2.48,2022-06,2050.0,2167.5,2167.5,5.73,2005.1,2034.3,2050.47,True,True,False,False,False,False,False,70280.0,,,,1.34,1.21,1.14,False,4,True,,,,False,,tv_wilder_rsi14_sma5_v1,52.82,50.34,False,True,2.48
4617,4617.T,中国塗料,2022-10,CONTINUE,2,47.91,50.38,True,True,2.47,2022-09,889.0,914.0,914.0,2.81,879.0,884.24,900.7,True,True,False,False,False,True,True,129180.0,974.0,-8.73,False,1.31,1.71,1.02,False,4,True,-1.93,-0.53,False,False,,tv_wilder_rsi14_sma5_v1,50.38,47.91,True,True,2.47
6857,6857.T,アドバンテスト,2022-10,NEW,1,46.73,49.2,False,True,2.47,2022-10,1965.0,1965.0,1965.0,0.0,1791.6,1908.87,2089.61,True,True,False,False,False,False,False,9038293.0,2845.0,-30.93,False,1.21,2.77,0.95,True,4,True,-6.2,4.77,False,False,,tv_wilder_rsi14_sma5_v1,49.2,46.73,True,False,2.47
9006,9006.T,京浜急行電鉄,2022-10,CONTINUE,9,50.84,53.3,True,True,2.46,2022-02,1204.0,1527.0,1527.0,26.83,1214.04,1189.37,,False,True,,,True,False,,806433.0,,,,0.97,2.88,0.99,True,1,True,,,,False,,tv_wilder_rsi14_sma5_v1,53.3,50.84,True,True,2.46
3415,3415.T,ＴＯＫＹＯＢＡＳＥ,2022-10,CONTINUE,3,37.88,40.33,True,True,2.45,2022-08,360.0,351.0,351.0,-2.5,329.52,328.12,437.27,True,True,False,False,True,False,False,252743.0,834.0,-56.83,False,1.45,3.65,1.15,False,4,True,-20.67,2.43,False,False,,tv_wilder_rsi14_sma5_v1,40.33,37.88,True,True,2.45
3941,3941.T,レンゴー,2022-10,CONTINUE,4,47.45,49.9,True,False,2.44,2022-07,776.0,825.0,825.0,6.31,747.64,735.87,799.3,True,True,False,False,True,False,False,949830.0,,,,0.84,1.51,1.06,False,4,True,,,,False,,tv_wilder_rsi14_sma5_v1,49.9,47.45,False,True,2.44
1860,1860.T,戸田建設,2022-10,CONTINUE,2,49.81,52.24,True,False,2.43,2022-09,744.0,743.0,743.0,-0.13,726.12,711.4,725.9,True,True,True,False,True,True,True,752047.0,849.0,-12.37,False,0.99,2.45,0.77,True,1,True,-1.23,1.02,False,False,,tv_wilder_rsi14_sma5_v1,52.24,49.81,False,True,2.43
8217,8217.T,オークワ,2022-10,CONTINUE,4,38.18,40.61,True,True,2.43,2022-07,880.0,920.0,920.0,4.55,864.52,862.61,938.83,True,True,False,False,True,False,False,45737.0,,,,0.72,1.44,0.92,True,4,True,,,,False,,tv_wilder_rsi14_sma5_v1,40.61,38.18,True,True,2.43
9900,9900.T,サガミホールディングス,2022-10,NEW,1,52.5,54.94,True,True,2.43,2022-10,1219.0,1219.0,1219.0,0.0,1202.6,1199.71,1162.16,True,True,True,True,False,True,True,104683.0,1260.0,-3.25,False,0.77,1.55,0.84,True,2,True,10.74,1.1,False,False,,tv_wilder_rsi14_sma5_v1,54.94,52.5,True,True,2.43
2198,2198.T,アイ  ･ケイ  ･ケイホールディングス,2022-10,CONTINUE,2,47.78,50.2,True,True,2.42,2022-09,619.0,630.0,630.0,1.78,616.04,607.32,595.99,True,True,True,True,True,True,False,46590.0,700.0,-11.57,False,0.69,3.31,0.94,True,3,False,-1.68,-0.43,False,False,,tv_wilder_rsi14_sma5_v1,50.2,47.78,True,True,2.42
4369,4369.T,トリケミカル研究所,2022-10,NEW,1,41.7,44.11,False,True,2.42,2022-10,2229.0,2229.0,2229.0,0.0,2004.92,2204.03,2472.86,True,True,False,False,False,False,False,306223.0,3895.0,-42.77,False,1.08,3.07,0.93,True,4,True,-15.19,4.55,False,False,,tv_wilder_rsi14_sma5_v1,44.11,41.7,True,False,2.42
6324,6324.T,ハーモニック・ドライブ・システムズ,2022-10,CONTINUE,5,46.64,49.06,True,True,2.42,2022-06,3955.0,4970.0,4970.0,25.66,3448.0,3604.67,4470.07,True,True,False,False,True,False,False,403483.0,,,,1.4,4.01,0.98,True,4,True,,,,False,,tv_wilder_rsi14_sma5_v1,49.06,46.64,True,True,2.42
7313,7313.T,テイ・エステック,2022-10,NEW,1,49.94,52.34,True,True,2.4,2022-10,1555.0,1555.0,1555.0,0.0,1508.04,1532.05,1455.98,True,True,True,False,False,True,True,308637.0,1653.0,-5.93,False,0.98,1.69,0.94,True,1,True,6.09,-0.98,False,False,,tv_wilder_rsi14_sma5_v1,52.34,49.94,True,True,2.4
7984,7984.T,コクヨ,2022-10,CONTINUE,5,58.08,60.48,True,True,2.4,2022-06,429.5,461.5,461.5,7.45,418.51,413.94,427.79,True,True,True,False,False,True,False,965213.0,,,,1.15,2.6,1.06,False,3,True,,,,False,,tv_wilder_rsi14_sma5_v1,60.48,58.08,True,True,2.4
9928,9928.T,ミロク情報サービス,2022-10,CONTINUE,4,41.67,44.07,True,True,2.4,2022-07,1500.0,1494.0,1494.0,-0.4,1288.32,1242.71,1394.73,True,True,True,False,True,False,False,78367.0,,,,0.95,2.42,1.01,False,3,True,,,,False,,tv_wilder_rsi14_sma5_v1,44.07,41.67,True,True,2.4
4061,4061.T,デンカ,2022-10,NEW,1,47.05,49.45,True,True,2.39,2022-10,3445.0,3445.0,3445.0,0.0,3246.6,3317.67,3414.3,True,True,True,False,False,False,False,410873.0,4065.0,-15.25,False,1.85,1.91,1.12,False,3,True,-3.75,1.76,False,False,,tv_wilder_rsi14_sma5_v1,49.45,47.05,True,True,2.39
6866,6866.T,日置電機,2022-10,NEW,1,52.64,55.03,False,True,2.39,2022-10,7100.0,7100.0,7100.0,0.0,6587.6,6576.53,6810.6,True,True,True,False,False,True,False,43983.0,9620.0,-26.2,False,0.99,3.01,0.91,True,3,True,-2.7,2.23,False,False,,tv_wilder_rsi14_sma5_v1,55.03,52.64,True,False,2.39
8698,8698.T,マネックスグループ,2022-10,NEW,1,46.68,49.06,True,True,2.38,2022-10,518.0,518.0,518.0,0.0,479.28,478.95,523.43,True,True,False,False,False,True,False,5027343.0,1080.0,-52.04,False,1.68,3.6,1.03,False,4,True,-6.62,1.0,True,False,,tv_wilder_rsi14_sma5_v1,49.06,46.68,True,True,2.38
8803,8803.T,平和不動産,2022-10,CONTINUE,2,57.46,59.84,True,True,2.38,2022-09,1985.0,2065.0,2065.0,4.03,1988.5,1961.03,1958.2,False,True,True,True,True,True,True,170473.0,2150.0,-7.67,False,1.31,1.9,1.09,False,2,True,-0.96,-1.93,False,False,,tv_wilder_rsi14_sma5_v1,59.84,57.46,True,True,2.38
3678,3678.T,メディアドゥ,2022-10,CONTINUE,4,36.62,38.98,True,True,2.36,2022-07,2191.0,2122.0,2122.0,-3.15,1952.12,1867.15,2908.88,True,True,False,False,True,False,False,163593.0,,,,1.14,5.14,1.05,False,4,True,,,,False,,tv_wilder_rsi14_sma5_v1,38.98,36.62,True,True,2.36
3086,3086.T,Ｊ．フロントリテイリング,2022-10,CONTINUE,6,55.66,58.0,True,True,2.35,2022-05,1041.0,1202.0,1202.0,15.47,994.28,992.28,1004.48,True,True,True,False,True,False,,1731027.0,,,,1.29,2.77,1.04,False,1,True,,,,False,,tv_wilder_rsi14_sma5_v1,58.0,55.66,True,True,2.35
4516,4516.T,日本新薬,2022-10,NEW,1,48.75,51.1,True,True,2.35,2022-10,8240.0,8240.0,8240.0,0.0,7582.4,7749.2,7883.45,True,True,True,False,True,False,False,207917.0,9470.0,-12.99,False,1.69,2.54,1.13,False,3,True,-0.34,3.0,False,False,,tv_wilder_rsi14_sma5_v1,51.1,48.75,True,True,2.35
6718,6718.T,アイホン,2022-10,CONTINUE,4,50.13,52.48,True,True,2.35,2022-07,1875.0,2000.0,2000.0,6.67,1799.96,1801.44,2029.7,True,True,False,False,True,False,False,34827.0,,,,0.76,1.47,0.91,True,4,True,,,,False,,tv_wilder_rsi14_sma5_v1,52.48,50.13,True,True,2.35
4109,4109.T,ステラケミファ,2022-10,NEW,1,46.46,48.8,True,True,2.34,2022-10,2669.0,2669.0,2669.0,0.0,2630.64,2642.31,2532.56,True,True,True,False,False,True,True,44237.0,3050.0,-12.49,False,1.01,1.4,0.84,True,2,True,4.06,0.75,True,False,,tv_wilder_rsi14_sma5_v1,48.8,46.46,True,True,2.34
2475,2475.T,ＷＤＢホールディングス,2022-10,CONTINUE,4,44.76,47.1,True,True,2.33,2022-07,2544.0,2566.0,2566.0,0.86,2433.16,2435.61,2805.09,True,True,False,False,True,False,False,21560.0,,,,0.8,2.5,0.98,True,4,True,,,,False,,tv_wilder_rsi14_sma5_v1,47.1,44.76,True,True,2.33
8600,8600.T,トモニホールディングス,2022-10,NEW,1,46.84,49.16,True,True,2.32,2022-10,323.0,323.0,323.0,0.0,316.28,315.21,322.02,True,True,True,False,True,True,True,306780.0,378.0,-14.55,False,1.18,2.08,1.09,False,1,True,1.26,0.98,False,False,,tv_wilder_rsi14_sma5_v1,49.16,46.84,True,True,2.32
9519,9519.T,レノバ,2022-10,CONTINUE,6,52.95,55.27,True,False,2.32,2022-05,1908.0,3270.0,3270.0,71.38,1748.92,1621.87,3262.69,True,True,False,False,True,True,,5064300.0,,,,1.13,7.03,0.9,True,4,True,,,,False,,tv_wilder_rsi14_sma5_v1,55.27,52.95,False,True,2.32
7972,7972.T,イトーキ,2022-10,NEW,1,52.39,54.7,True,True,2.3,2022-10,425.0,425.0,425.0,0.0,416.08,413.05,379.39,True,True,True,True,False,True,True,83740.0,460.0,-7.61,False,0.95,2.07,0.89,True,2,False,14.54,0.87,False,False,,tv_wilder_rsi14_sma5_v1,54.7,52.39,True,True,2.3
8418,8418.T,山口フィナンシャルグループ,2022-10,CONTINUE,11,56.44,58.73,True,True,2.29,2021-12,673.0,782.0,782.0,16.2,646.12,654.23,,True,True,,,True,True,,842430.0,,,,0.77,1.59,1.04,False,1,True,,,,False,,tv_wilder_rsi14_sma5_v1,58.73,56.44,True,True,2.29
9629,9629.T,ピー  ･シー  ･エー,2022-10,NEW,1,40.46,42.76,False,True,2.29,2022-10,1141.0,1141.0,1141.0,0.0,1042.16,1111.0,1288.88,True,True,False,False,False,False,False,34580.0,2031.0,-43.82,False,1.59,4.18,0.99,True,4,True,-22.76,1.79,False,False,,tv_wilder_rsi14_sma5_v1,42.76,40.46,True,False,2.29
9432,9432.T,ＮＴＴ,2022-10,NEW,1,75.66,77.94,False,True,2.28,2022-10,163.76,163.76,163.76,0.0,159.28,154.96,148.78,True,True,True,True,True,True,True,146650083.0,165.12,-0.82,False,1.11,1.61,0.99,True,2,True,15.18,1.3,False,False,,tv_wilder_rsi14_sma5_v1,77.94,75.66,True,False,2.28
3665,3665.T,エニグモ,2022-10,CONTINUE,4,35.3,37.58,True,True,2.27,2022-07,514.0,550.0,550.0,7.0,509.0,530.33,718.38,True,False,False,False,False,False,False,312837.0,,,,0.7,2.88,0.89,True,4,True,,,,False,,tv_wilder_rsi14_sma5_v1,37.58,35.3,True,True,2.27
7095,7095.T,ＭａｃｂｅｅＰｌａｎｅｔ,2022-10,CONTINUE,4,58.79,61.06,True,False,2.27,2022-07,1807.5,2165.0,2165.0,19.78,1684.4,1557.73,1732.71,True,True,True,False,True,True,False,197853.0,,,,0.52,3.97,0.67,True,3,True,,,,False,,tv_wilder_rsi14_sma5_v1,61.06,58.79,False,True,2.27
9364,9364.T,上組,2022-10,NEW,1,67.2,69.46,True,True,2.26,2022-10,2828.0,2828.0,2828.0,0.0,2797.16,2741.95,2484.75,True,True,True,True,True,True,True,368943.0,2939.0,-3.78,False,0.91,1.78,1.01,False,2,True,17.17,0.35,False,False,,tv_wilder_rsi14_sma5_v1,69.46,67.2,True,True,2.26
5142,5142.T,アキレス,2022-10,NEW,1,44.4,46.65,True,True,2.25,2022-10,1372.0,1372.0,1372.0,0.0,1351.76,1365.52,1328.15,True,True,True,False,True,True,True,24603.0,1432.0,-4.19,False,1.61,1.75,0.9,True,2,True,2.72,-0.65,False,False,,tv_wilder_rsi14_sma5_v1,46.65,44.4,True,True,2.25
7482,7482.T,シモジマ,2022-10,CONTINUE,4,45.37,47.61,True,True,2.24,2022-07,1007.0,1051.0,1051.0,4.37,990.12,950.63,1026.24,True,True,False,False,True,True,False,14627.0,,,,0.73,1.84,1.0,False,4,True,,,,False,,tv_wilder_rsi14_sma5_v1,47.61,45.37,True,True,2.24
7942,7942.T,ＪＳＰ,2022-10,NEW,1,39.5,41.74,True,True,2.24,2022-10,1453.0,1453.0,1453.0,0.0,1439.24,1452.21,1484.34,True,True,False,False,True,True,False,31860.0,1668.0,-12.89,False,1.37,1.36,0.96,True,4,True,-5.36,-0.13,False,False,,tv_wilder_rsi14_sma5_v1,41.74,39.5,True,True,2.24
5208,5208.T,有沢製作所,2022-10,CONTINUE,4,61.01,63.24,True,True,2.23,2022-07,1053.0,1257.0,1257.0,19.37,1013.68,1009.11,983.32,True,True,True,True,False,True,True,95840.0,,,,0.87,1.25,0.89,True,2,True,,,,False,,tv_wilder_rsi14_sma5_v1,63.24,61.01,True,True,2.23
6794,6794.T,フォスター電機,2022-10,CONTINUE,6,39.31,41.54,True,True,2.23,2022-05,716.0,778.0,778.0,8.66,704.0,716.16,781.78,True,False,False,False,True,False,,77447.0,,,,0.82,2.49,0.88,True,4,True,,,,False,,tv_wilder_rsi14_sma5_v1,41.54,39.31,True,True,2.23
8524,8524.T,北洋銀行,2022-10,CONTINUE,3,46.24,48.47,True,True,2.23,2022-08,231.0,236.0,236.0,2.16,230.08,224.08,238.74,True,True,False,False,True,False,False,723453.0,278.0,-16.91,False,1.19,1.76,0.82,True,4,True,-0.68,2.03,False,False,,tv_wilder_rsi14_sma5_v1,48.47,46.24,True,True,2.23
8818,8818.T,京阪神ビルディング,2022-10,NEW,1,45.69,47.92,True,True,2.23,2022-10,661.5,661.5,661.5,0.0,618.88,636.4,670.25,True,True,False,False,False,False,False,162387.0,815.0,-18.83,False,1.9,2.49,1.02,False,4,True,-2.75,2.41,True,False,,tv_wilder_rsi14_sma5_v1,47.92,45.69,True,True,2.23
7914,7914.T,共同印刷,2022-10,NEW,1,42.64,44.85,False,True,2.22,2022-10,631.5,631.5,631.5,0.0,634.42,625.44,658.16,False,True,False,False,True,True,False,76360.0,816.25,-22.63,False,0.82,2.14,0.93,True,4,False,-3.73,1.22,False,False,,tv_wilder_rsi14_sma5_v1,44.85,42.64,True,False,2.22
9267,9267.T,ＧｅｎｋｙＤｒｕｇＳｔｏｒｅｓ,2022-10,CONTINUE,3,47.52,49.75,True,True,2.22,2022-08,1842.5,1897.5,1897.5,2.99,1767.4,1697.2,2014.47,True,True,False,False,True,True,False,84813.0,3105.0,-40.66,False,0.77,2.29,0.92,True,4,True,-7.8,-0.27,False,False,,tv_wilder_rsi14_sma5_v1,49.75,47.52,True,True,2.22
9983,9983.T,ファーストリテイリング,2022-10,CONTINUE,5,55.57,57.79,True,True,2.22,2022-06,23693.33,27663.33,27663.33,16.76,22565.2,20993.24,22386.6,True,True,True,False,True,True,False,2065150.0,,,,0.92,2.39,0.82,True,3,True,,,,False,,tv_wilder_rsi14_sma5_v1,57.79,55.57,True,True,2.22
3922,3922.T,ＰＲＴＩＭＥＳ,2022-10,NEW,1,45.63,47.84,True,True,2.21,2022-10,2392.0,2392.0,2392.0,0.0,2221.72,2313.68,2443.49,True,True,False,False,False,True,False,53440.0,3870.0,-38.19,False,0.83,3.39,0.96,True,4,True,-4.66,5.18,False,False,,tv_wilder_rsi14_sma5_v1,47.84,45.63,True,True,2.21
1951,1951.T,エクシオグループ,2022-10,NEW,1,39.2,41.4,True,True,2.2,2022-10,1089.5,1089.5,1089.5,0.0,1079.68,1078.92,1102.21,True,True,False,False,True,True,False,760747.0,1366.5,-20.27,False,0.92,1.31,0.76,True,4,True,-5.81,0.3,False,False,,tv_wilder_rsi14_sma5_v1,41.4,39.2,True,True,2.2
8157,8157.T,都築電気,2022-10,NEW,1,43.0,45.2,True,True,2.2,2022-10,1345.0,1345.0,1345.0,0.0,1266.56,1314.23,1386.49,True,True,False,False,False,True,False,33987.0,1946.0,-30.88,False,1.58,2.55,1.15,False,4,True,-10.75,1.05,True,False,,tv_wilder_rsi14_sma5_v1,45.2,43.0,True,True,2.2
5185,5185.T,フコク,2022-10,NEW,1,57.83,60.02,True,True,2.19,2022-10,1033.0,1033.0,1033.0,0.0,995.4,992.23,974.47,True,True,True,True,False,True,True,40057.0,1080.0,-4.35,False,1.25,1.49,0.91,True,2,True,4.99,1.5,False,False,,tv_wilder_rsi14_sma5_v1,60.02,57.83,True,True,2.19
8237,8237.T,松屋,2022-10,CONTINUE,6,54.65,56.84,True,False,2.19,2022-05,823.0,1011.0,1011.0,22.84,767.24,742.23,856.12,True,True,False,False,True,True,,210360.0,,,,1.96,3.27,0.83,True,4,True,,,,False,,tv_wilder_rsi14_sma5_v1,56.84,54.65,False,True,2.19
8368,8368.T,百五銀行,2022-10,NEW,1,47.11,49.27,True,True,2.16,2022-10,329.0,329.0,329.0,0.0,326.36,323.72,335.04,True,True,False,False,True,True,False,492450.0,377.0,-12.73,False,0.9,1.63,1.09,False,4,True,-1.08,0.17,False,False,,tv_wilder_rsi14_sma5_v1,49.27,47.11,True,True,2.16
4755,4755.T,楽天グループ,2022-10,NEW,1,34.6,36.75,True,True,2.15,2022-10,666.0,666.0,666.0,0.0,647.44,660.01,795.65,True,True,False,False,False,True,False,10404640.0,1281.0,-48.01,False,0.91,2.64,0.77,True,4,True,-20.73,1.01,False,False,,tv_wilder_rsi14_sma5_v1,36.75,34.6,True,True,2.15
3539,3539.T,ＪＭホールディングス,2022-10,CONTINUE,4,41.81,43.95,True,True,2.14,2022-07,804.0,848.5,848.5,5.53,810.92,799.09,848.04,False,True,False,False,True,False,False,210513.0,,,,2.09,1.69,1.02,False,4,False,,,,False,,tv_wilder_rsi14_sma5_v1,43.95,41.81,True,True,2.14
4611,4611.T,大日本塗料,2022-10,NEW,1,36.08,38.22,True,True,2.14,2022-10,734.0,734.0,734.0,0.0,719.44,728.4,759.12,True,True,False,False,False,True,False,30927.0,880.0,-16.59,False,1.71,1.66,1.06,False,4,True,-5.82,0.48,False,False,,tv_wilder_rsi14_sma5_v1,38.22,36.08,True,True,2.14
8141,8141.T,新光商事,2022-10,NEW,1,55.65,57.79,True,True,2.14,2022-10,995.0,995.0,995.0,0.0,921.24,939.95,921.83,True,True,True,False,False,True,True,60177.0,1027.0,-3.12,False,1.66,2.11,0.96,True,2,True,10.08,2.62,True,False,,tv_wilder_rsi14_sma5_v1,57.79,55.65,True,True,2.14
8037,8037.T,カメイ,2022-10,NEW,1,48.48,50.59,True,True,2.11,2022-10,1108.0,1108.0,1108.0,0.0,1103.76,1098.37,1062.96,True,True,True,True,True,True,True,44530.0,1189.0,-6.81,False,1.32,1.73,0.85,True,2,True,3.16,0.22,False,False,,tv_wilder_rsi14_sma5_v1,50.59,48.48,True,True,2.11
8570,8570.T,イオンフィナンシャルサービス,2022-10,CONTINUE,6,53.25,55.36,True,True,2.11,2022-05,1202.0,1456.0,1456.0,21.13,1190.0,1193.31,1279.65,True,True,False,False,False,False,,570267.0,,,,0.81,2.1,0.84,True,4,False,,,,False,,tv_wilder_rsi14_sma5_v1,55.36,53.25,True,True,2.11
6070,6070.T,キャリアリンク,2022-10,NEW,1,60.88,62.97,True,True,2.09,2022-10,2421.0,2421.0,2421.0,0.0,2338.36,2248.27,1839.55,True,True,True,True,True,True,True,73227.0,2546.0,-4.91,False,0.9,2.83,0.8,True,2,True,40.8,1.18,False,False,,tv_wilder_rsi14_sma5_v1,62.97,60.88,True,True,2.09
6277,6277.T,ホソカワミクロン,2022-10,NEW,1,45.97,48.03,True,True,2.07,2022-10,2696.0,2696.0,2696.0,0.0,2574.76,2636.97,2651.53,True,True,True,False,False,False,False,50777.0,3510.0,-23.19,False,0.81,1.66,0.9,True,3,True,-4.33,2.87,False,False,,tv_wilder_rsi14_sma5_v1,48.03,45.97,True,True,2.07
7504,7504.T,高速,2022-10,CONTINUE,3,52.15,54.22,True,True,2.07,2022-08,1542.0,1583.0,1583.0,2.66,1512.68,1521.65,1535.86,True,True,True,False,True,True,False,13553.0,1703.0,-9.45,False,0.63,1.33,1.11,False,3,False,-1.54,-0.3,False,False,,tv_wilder_rsi14_sma5_v1,54.22,52.15,True,True,2.07
3436,3436.T,ＳＵＭＣＯ,2022-10,NEW,1,45.45,47.51,False,True,2.06,2022-10,1889.0,1889.0,1889.0,0.0,1811.52,1860.12,1935.65,True,True,False,False,False,True,False,4834753.0,2599.0,-27.32,False,0.91,2.05,0.8,True,4,True,-5.35,1.54,False,False,,tv_wilder_rsi14_sma5_v1,47.51,45.45,True,False,2.06
6135,6135.T,牧野フライス製作所,2022-10,CONTINUE,8,54.78,56.84,True,True,2.06,2022-03,3875.0,4595.0,4595.0,18.58,3745.0,3845.8,,True,True,,,True,True,,134397.0,,,,0.64,2.31,0.83,True,1,True,,,,False,,tv_wilder_rsi14_sma5_v1,56.84,54.78,True,True,2.06
7683,7683.T,ダブルエー,2022-10,NEW,1,39.67,41.73,True,True,2.06,2022-10,632.5,632.5,632.5,0.0,605.21,610.39,627.0,True,True,True,False,False,True,False,10267.0,836.25,-24.36,False,0.42,0.87,0.91,True,3,True,-3.95,3.06,False,False,,tv_wilder_rsi14_sma5_v1,41.73,39.67,True,True,2.06
8052,8052.T,椿本興業,2022-10,NEW,1,50.38,52.43,True,True,2.05,2022-10,1275.0,1275.0,1275.0,0.0,1263.33,1244.38,1257.83,True,True,True,False,True,True,False,29400.0,1478.33,-13.75,False,0.86,2.33,0.97,True,3,True,0.22,1.13,False,False,,tv_wilder_rsi14_sma5_v1,52.43,50.38,True,True,2.05
3668,3668.T,コロプラ,2022-10,CONTINUE,7,42.69,44.72,True,True,2.04,2022-04,642.0,701.0,701.0,9.19,653.92,649.72,,False,False,,,True,False,,213013.0,,,,0.88,1.79,0.83,True,1,True,,,,False,,tv_wilder_rsi14_sma5_v1,44.72,42.69,True,True,2.04
7769,7769.T,リズム,2022-10,NEW,1,59.27,61.31,False,True,2.04,2022-10,1652.0,1652.0,1652.0,0.0,1583.4,1535.07,1524.76,True,True,True,True,True,False,True,25217.0,1945.0,-15.06,False,1.21,4.15,0.97,True,2,True,10.29,2.33,False,False,,tv_wilder_rsi14_sma5_v1,61.31,59.27,True,False,2.04
4044,4044.T,セントラル硝子,2022-10,CONTINUE,8,73.5,75.52,True,True,2.02,2022-03,2087.0,3510.0,3510.0,68.18,2052.48,2086.79,,True,True,,,False,True,,100893.0,,,,0.8,2.09,0.87,True,1,True,,,,False,,tv_wilder_rsi14_sma5_v1,75.52,73.5,True,True,2.02
4118,4118.T,カネカ,2022-10,CONTINUE,4,46.94,48.96,True,True,2.02,2022-07,3590.0,3690.0,3690.0,2.79,3435.0,3393.73,3688.95,True,True,False,False,True,False,False,213657.0,,,,0.87,1.82,0.88,True,4,True,,,,False,,tv_wilder_rsi14_sma5_v1,48.96,46.94,True,True,2.02
4272,4272.T,日本化薬,2022-10,CONTINUE,3,51.43,53.44,True,True,2.02,2022-08,1215.0,1182.0,1182.0,-2.72,1226.68,1145.43,1147.38,False,True,True,False,True,True,True,319617.0,1322.0,-8.09,False,1.02,1.52,0.98,True,1,True,4.98,-0.59,False,False,,tv_wilder_rsi14_sma5_v1,53.44,51.43,True,True,2.02
6235,6235.T,オプトラン,2022-10,CONTINUE,3,45.24,47.26,True,True,2.01,2022-08,2275.0,2116.0,2116.0,-6.99,2174.64,2001.2,2096.49,True,True,True,False,True,True,False,143067.0,2547.0,-10.68,False,0.67,2.66,0.76,True,3,True,8.9,2.28,False,False,,tv_wilder_rsi14_sma5_v1,47.26,45.24,True,True,2.01
6333,6333.T,ＴＥＩＫＯＫＵ,2022-10,NEW,1,66.74,68.75,True,True,2.01,2022-10,1979.0,1979.0,1979.0,0.0,1921.28,1895.01,1654.8,True,True,True,True,False,True,True,31417.0,2055.0,-3.7,False,1.14,1.84,0.98,True,2,True,23.71,-0.31,False,False,,tv_wilder_rsi14_sma5_v1,68.75,66.74,True,True,2.01
6418,6418.T,日本金銭機械,2022-10,NEW,1,48.77,50.78,True,True,2.01,2022-10,695.0,695.0,695.0,0.0,685.8,677.07,668.26,True,True,True,True,True,True,True,54457.0,886.0,-21.56,False,1.16,1.89,0.93,True,2,True,-0.01,0.45,False,False,,tv_wilder_rsi14_sma5_v1,50.78,48.77,True,True,2.01
6763,6763.T,帝国通信工業,2022-10,NEW,1,59.65,61.66,True,True,2.01,2022-10,1507.0,1507.0,1507.0,0.0,1451.76,1450.75,1409.54,True,True,True,True,True,True,True,17810.0,1510.0,-0.2,False,1.77,2.51,0.93,True,2,True,6.52,1.07,True,True,MVP,tv_wilder_rsi14_sma5_v1,61.66,59.65,True,True,2.01
6463,6463.T,ＴＰＲ,2022-10,NEW,1,38.84,40.84,True,True,2.0,2022-10,624.0,624.0,624.0,0.0,613.68,629.4,646.13,True,False,False,False,False,True,False,150187.0,784.5,-20.46,False,1.16,1.51,0.84,True,4,True,-6.64,-0.8,False,False,,tv_wilder_rsi14_sma5_v1,40.84,38.84,True,True,2.0
6707,6707.T,サンケン電気,2022-10,NEW,1,51.5,53.5,False,True,2.0,2022-10,5110.0,5110.0,5110.0,0.0,4651.4,4832.4,4939.02,True,True,True,False,False,False,False,82197.0,6410.0,-20.28,False,1.39,2.78,1.0,False,3,True,1.49,3.97,False,False,,tv_wilder_rsi14_sma5_v1,53.5,51.5,True,False,2.0
8214,8214.T,ＡＯＫＩホールディングス,2022-10,CONTINUE,7,49.9,51.9,True,True,2.0,2022-04,612.0,719.0,719.0,17.48,590.28,587.73,,True,True,,,True,False,,156787.0,,,,1.01,1.93,0.85,True,1,True,,,,False,,tv_wilder_rsi14_sma5_v1,51.9,49.9,True,True,2.0
4324,4324.T,電通グループ,2022-10,NEW,1,53.99,55.94,True,True,1.96,2022-10,4635.0,4635.0,4635.0,0.0,4396.2,4468.4,4458.7,True,True,True,False,True,True,True,923530.0,5060.0,-8.4,False,1.03,2.25,0.97,True,2,True,3.21,1.95,False,False,,tv_wilder_rsi14_sma5_v1,55.94,53.99,True,True,1.96
6644,6644.T,大崎電気工業,2022-10,NEW,1,45.34,47.29,True,True,1.96,2022-10,522.0,522.0,522.0,0.0,517.2,529.04,502.5,True,False,True,False,False,True,True,111987.0,587.0,-11.07,False,1.85,1.77,0.97,True,2,False,2.62,-0.77,False,False,,tv_wilder_rsi14_sma5_v1,47.29,45.34,True,True,1.96
7915,7915.T,ＮＩＳＳＨＡ,2022-10,CONTINUE,6,54.83,56.79,True,True,1.96,2022-05,1493.0,1753.0,1753.0,17.41,1454.16,1400.96,1589.59,True,True,False,False,True,False,,203933.0,,,,0.81,2.76,0.69,True,4,True,,,,False,,tv_wilder_rsi14_sma5_v1,56.79,54.83,True,True,1.96
2413,2413.T,エムスリー,2022-10,NEW,1,42.44,44.39,True,True,1.95,2022-10,4446.0,4446.0,4446.0,0.0,4217.0,4360.95,4252.15,True,True,True,False,False,True,False,2913000.0,7519.0,-40.87,False,1.19,3.34,0.97,True,3,True,-6.18,5.06,False,False,,tv_wilder_rsi14_sma5_v1,44.39,42.44,True,True,1.95
6486,6486.T,イーグル工業,2022-10,CONTINUE,4,49.45,51.4,True,True,1.95,2022-07,1006.0,1104.0,1104.0,9.74,998.32,984.29,1046.37,True,True,False,False,True,True,False,82673.0,,,,0.92,1.76,1.0,False,4,True,,,,False,,tv_wilder_rsi14_sma5_v1,51.4,49.45,True,True,1.95
7974,7974.T,任天堂,2022-10,NEW,1,54.99,56.94,True,True,1.95,2022-10,6070.0,6070.0,6070.0,0.0,6022.56,5954.19,5906.38,True,True,True,True,True,True,True,6603493.0,6708.0,-9.51,False,0.76,1.9,0.77,True,2,True,5.12,-0.23,False,False,,tv_wilder_rsi14_sma5_v1,56.94,54.99,True,True,1.95
8160,8160.T,木曽路,2022-10,NEW,1,45.18,47.1,True,True,1.93,2022-10,2200.0,2200.0,2200.0,0.0,2145.24,2182.64,2147.09,True,True,True,False,True,True,False,130333.0,2319.0,-5.13,False,0.78,1.29,0.93,True,3,True,0.38,1.39,False,False,,tv_wilder_rsi14_sma5_v1,47.1,45.18,True,True,1.93
7322,7322.T,三十三フィナンシャルグループ,2022-10,CONTINUE,4,47.47,49.4,True,True,1.92,2022-07,352.5,363.75,363.75,3.19,350.74,349.03,360.27,True,True,False,False,True,False,False,168987.0,,,,0.89,0.92,0.79,True,1,False,,,,False,,tv_wilder_rsi14_sma5_v1,49.4,47.47,True,True,1.92
8410,8410.T,セブン銀行,2022-10,CONTINUE,11,52.48,54.39,True,True,1.91,2021-12,238.0,268.0,268.0,12.61,235.04,241.95,,True,False,,,True,False,,3898680.0,,,,0.82,1.23,0.87,True,1,True,,,,False,,tv_wilder_rsi14_sma5_v1,54.39,52.48,True,True,1.91
5930,5930.T,文化シャッター,2022-10,CONTINUE,5,53.29,55.19,True,True,1.9,2022-06,998.0,1069.0,1069.0,7.11,980.44,973.09,1039.09,True,True,False,False,True,False,False,117377.0,,,,1.26,1.62,1.07,False,4,True,,,,False,,tv_wilder_rsi14_sma5_v1,55.19,53.29,True,True,1.9
8566,8566.T,リコーリース,2022-10,CONTINUE,5,53.42,55.32,True,True,1.9,2022-06,3495.0,3630.0,3630.0,3.86,3454.6,3413.0,3610.65,True,True,False,False,True,False,False,47200.0,,,,1.11,1.41,1.13,False,4,True,,,,False,,tv_wilder_rsi14_sma5_v1,55.32,53.42,True,True,1.9
4680,4680.T,ラウンドワン,2022-10,CONTINUE,8,62.26,64.15,True,True,1.89,2022-03,450.0,633.0,633.0,40.67,437.08,451.39,,True,False,,,False,False,,3211750.0,,,,0.88,4.19,0.87,True,1,True,,,,False,,tv_wilder_rsi14_sma5_v1,64.15,62.26,True,True,1.89
5911,5911.T,横河ブリッジホールディングス,2022-10,NEW,1,46.4,48.29,True,True,1.89,2022-10,1976.0,1976.0,1976.0,0.0,1946.96,1946.39,1968.68,True,True,True,False,True,True,False,130360.0,2372.0,-16.69,False,1.78,1.51,0.96,True,3,True,-4.18,0.45,False,False,,tv_wilder_rsi14_sma5_v1,48.29,46.4,True,True,1.89
7476,7476.T,アズワン,2022-10,NEW,1,47.38,49.27,True,True,1.89,2022-10,3180.0,3180.0,3180.0,0.0,3057.2,3141.4,3203.68,True,True,False,False,False,True,False,137887.0,4000.0,-20.5,False,1.12,2.34,0.85,True,4,True,-3.17,2.6,False,False,,tv_wilder_rsi14_sma5_v1,49.27,47.38,True,True,1.89
7994,7994.T,オカムラ,2022-10,CONTINUE,5,54.81,56.69,True,False,1.89,2022-06,1212.0,1369.0,1369.0,12.95,1126.68,1152.65,1288.68,True,True,False,False,False,False,False,207527.0,,,,1.4,2.06,1.01,False,4,True,,,,False,,tv_wilder_rsi14_sma5_v1,56.69,54.81,False,True,1.89
2229,2229.T,カルビー,2022-10,CONTINUE,5,52.0,53.88,True,False,1.88,2022-06,2736.0,2985.0,2985.0,9.1,2490.72,2431.83,2590.12,True,True,True,False,True,True,False,544860.0,,,,1.48,2.46,1.36,False,3,True,,,,False,,tv_wilder_rsi14_sma5_v1,53.88,52.0,False,True,1.88
4543,4543.T,テルモ,2022-10,NEW,1,52.87,54.75,True,True,1.88,2022-10,2262.0,2262.0,2262.0,0.0,2151.04,2207.86,2063.89,True,True,True,False,False,True,False,4665260.0,2612.5,-13.42,False,0.94,2.28,0.91,True,3,True,2.18,2.26,False,False,,tv_wilder_rsi14_sma5_v1,54.75,52.87,True,True,1.88
6516,6516.T,山洋電気,2022-10,NEW,1,46.33,48.21,True,True,1.88,2022-10,1816.67,1816.67,1816.67,0.0,1656.87,1739.71,1717.05,True,True,True,False,False,False,False,109540.0,2243.33,-19.02,False,2.01,2.37,1.1,False,3,True,1.31,3.42,True,False,,tv_wilder_rsi14_sma5_v1,48.21,46.33,True,True,1.88
7181,7181.T,かんぽ生命保険,2022-10,NEW,1,55.08,56.96,True,True,1.88,2022-10,732.33,732.33,732.33,0.0,709.0,715.57,708.87,True,True,True,False,False,False,True,3265010.0,765.67,-4.35,False,1.01,1.77,0.84,True,2,True,6.21,1.13,False,False,,tv_wilder_rsi14_sma5_v1,56.96,55.08,True,True,1.88
3003,3003.T,ヒューリック,2022-10,CONTINUE,2,45.44,47.31,True,True,1.87,2022-09,1063.0,1080.0,1080.0,1.6,1069.96,1060.85,1068.92,False,True,False,False,True,True,False,1396743.0,1377.0,-22.8,False,1.72,1.7,1.2,False,4,False,-5.94,-1.99,False,False,,tv_wilder_rsi14_sma5_v1,47.31,45.44,True,True,1.87
4534,4534.T,持田製薬,2022-10,CONTINUE,3,43.38,45.25,True,True,1.87,2022-08,3435.0,3425.0,3425.0,-0.29,3404.6,3273.67,3477.28,True,True,False,False,True,False,True,43347.0,4000.0,-14.12,False,1.06,2.02,0.95,True,1,True,2.01,1.71,True,False,,tv_wilder_rsi14_sma5_v1,45.25,43.38,True,True,1.87
4345,4345.T,シーティーエス,2022-10,NEW,1,47.97,49.83,False,True,1.86,2022-10,802.0,802.0,802.0,0.0,766.48,773.23,802.92,True,True,False,False,True,False,False,63303.0,914.0,-12.25,False,1.49,1.53,0.95,True,1,True,-1.81,2.31,False,False,,tv_wilder_rsi14_sma5_v1,49.83,47.97,True,False,1.86
6080,6080.T,Ｍ＆Ａキャピタルパートナーズ,2022-10,CONTINUE,2,42.61,44.46,True,True,1.86,2022-09,3710.0,3800.0,3800.0,2.43,3572.4,3508.73,4144.28,True,True,False,False,False,True,False,411800.0,6820.0,-45.6,False,1.47,6.03,1.44,False,4,True,-16.55,3.51,False,False,,tv_wilder_rsi14_sma5_v1,44.46,42.61,True,True,1.86
4792,4792.T,山田コンサルティンググループ,2022-10,CONTINUE,4,47.58,49.42,True,True,1.85,2022-07,1168.0,1219.0,1219.0,4.37,1143.4,1159.45,1150.6,True,True,True,False,True,False,False,21823.0,,,,0.46,1.91,0.76,True,1,True,,,,False,,tv_wilder_rsi14_sma5_v1,49.42,47.58,True,True,1.85
6310,6310.T,井関農機,2022-10,NEW,1,42.22,44.07,True,True,1.85,2022-10,1230.0,1230.0,1230.0,0.0,1202.6,1223.15,1240.35,True,True,False,False,False,True,False,37117.0,1764.0,-30.27,False,1.19,1.52,0.84,True,4,False,-5.28,1.19,False,False,,tv_wilder_rsi14_sma5_v1,44.07,42.22,True,True,1.85
7741,7741.T,ＨＯＹＡ,2022-10,CONTINUE,4,49.83,51.69,True,False,1.85,2022-07,13270.0,13875.0,13875.0,4.56,12525.6,12802.07,14824.92,True,True,False,False,False,False,False,1171843.0,,,,0.75,2.69,0.87,True,4,True,,,,False,,tv_wilder_rsi14_sma5_v1,51.69,49.83,False,True,1.85
7510,7510.T,たけびし,2022-10,NEW,1,51.53,53.37,True,True,1.84,2022-10,1534.0,1534.0,1534.0,0.0,1486.32,1503.43,1471.42,True,True,True,False,False,True,True,30360.0,1546.0,-0.78,False,0.86,1.54,1.06,False,2,True,4.37,3.18,False,False,,tv_wilder_rsi14_sma5_v1,53.37,51.53,True,True,1.84
7733,7733.T,オリンパス,2022-10,NEW,1,66.4,68.25,True,True,1.84,2022-10,3140.0,3140.0,3140.0,0.0,2960.56,2931.99,2636.99,True,True,True,True,False,True,True,4487077.0,3198.0,-1.81,False,1.42,2.31,0.86,True,2,True,20.71,1.86,False,False,,tv_wilder_rsi14_sma5_v1,68.25,66.4,True,True,1.84
8255,8255.T,アクシアル   リテイリング,2022-10,CONTINUE,4,43.25,45.08,True,True,1.84,2022-07,852.5,847.5,847.5,-0.59,825.7,793.91,823.54,True,True,True,False,True,True,False,95173.0,,,,0.87,1.82,0.91,True,3,True,,,,False,,tv_wilder_rsi14_sma5_v1,45.08,43.25,True,True,1.84
3097,3097.T,物語コーポレーション,2022-10,CONTINUE,5,54.03,55.87,True,False,1.83,2022-06,1953.33,2273.33,2273.33,16.38,1914.53,1843.6,2132.65,True,True,False,False,True,False,False,387040.0,,,,1.54,2.94,0.99,True,4,True,,,,False,,tv_wilder_rsi14_sma5_v1,55.87,54.03,False,True,1.83
7581,7581.T,サイゼリヤ,2022-10,CONTINUE,5,53.06,54.89,True,True,1.83,2022-06,2688.0,2776.0,2776.0,3.27,2580.28,2510.35,2747.51,True,True,False,False,True,False,True,223270.0,,,,0.82,1.87,0.79,True,4,True,,,,False,,tv_wilder_rsi14_sma5_v1,54.89,53.06,True,True,1.83
7951,7951.T,ヤマハ,2022-10,NEW,1,48.74,50.56,True,True,1.82,2022-10,1873.33,1873.33,1873.33,0.0,1781.6,1813.96,1784.82,True,True,True,False,True,False,False,2049720.0,2480.0,-24.46,False,0.82,2.3,0.96,True,3,True,-0.49,3.21,False,False,,tv_wilder_rsi14_sma5_v1,50.56,48.74,True,True,1.82
6005,6005.T,三浦工業,2022-10,CONTINUE,4,38.34,40.16,True,True,1.81,2022-07,3190.0,3035.0,3035.0,-4.86,3031.44,2836.68,3385.64,True,True,False,False,True,True,False,466477.0,,,,0.63,2.49,0.82,True,4,True,,,,False,,tv_wilder_rsi14_sma5_v1,40.16,38.34,True,True,1.81
6841,6841.T,横河電機,2022-10,NEW,1,59.41,61.21,True,True,1.81,2022-10,2491.0,2491.0,2491.0,0.0,2342.88,2356.19,2190.16,True,True,True,False,False,True,True,888813.0,2526.0,-1.39,False,1.21,2.06,0.93,True,2,True,13.33,-0.49,False,False,,tv_wilder_rsi14_sma5_v1,61.21,59.41,True,True,1.81
9076,9076.T,セイノーホールディングス,2022-10,CONTINUE,5,41.36,43.17,True,False,1.81,2022-06,1086.0,1144.0,1144.0,5.34,1051.48,1065.52,1179.35,True,True,False,False,True,False,False,485257.0,,,,1.39,2.1,1.13,False,4,True,,,,False,,tv_wilder_rsi14_sma5_v1,43.17,41.36,False,True,1.81
6140,6140.T,旭ダイヤモンド工業,2022-10,CONTINUE,6,59.1,60.91,True,True,1.8,2022-05,597.0,743.0,743.0,24.46,572.44,577.72,606.14,True,True,False,False,False,False,,214770.0,,,,1.6,2.54,0.89,True,1,True,,,,False,,tv_wilder_rsi14_sma5_v1,60.91,59.1,True,True,1.8
8739,8739.T,スパークス・グループ,2022-10,NEW,1,53.9,55.71,True,True,1.8,2022-10,1502.0,1502.0,1502.0,0.0,1384.64,1471.95,1364.86,True,True,True,False,False,True,False,59222.0,1640.0,-8.41,False,2.06,2.74,0.93,True,3,True,5.93,3.03,False,False,,tv_wilder_rsi14_sma5_v1,55.71,53.9,True,True,1.8
9009,9009.T,京成電鉄,2022-10,CONTINUE,6,56.88,58.66,True,True,1.79,2022-05,1120.0,1316.67,1316.67,17.56,1121.73,1119.78,1119.91,False,True,True,False,False,True,,1746680.0,,,,1.32,2.49,0.77,True,3,False,,,,False,,tv_wilder_rsi14_sma5_v1,58.66,56.88,True,True,1.79
6850,6850.T,チノー,2022-10,NEW,1,58.69,60.46,False,True,1.77,2022-10,857.5,857.5,857.5,0.0,833.54,833.41,816.37,True,True,True,True,True,True,True,43153.0,875.0,-2.0,False,1.9,1.75,1.05,False,2,True,7.62,2.74,False,False,,tv_wilder_rsi14_sma5_v1,60.46,58.69,True,False,1.77
1952,1952.T,新日本空調,2022-10,NEW,1,44.39,46.14,True,True,1.75,2022-10,949.5,949.5,949.5,0.0,916.34,926.21,946.03,True,True,True,False,False,True,False,104613.0,1261.0,-24.7,False,2.49,1.75,0.92,True,3,True,-4.43,1.8,False,False,,tv_wilder_rsi14_sma5_v1,46.14,44.39,True,True,1.75
6997,6997.T,日本ケミコン,2022-10,CONTINUE,3,47.55,49.31,True,True,1.75,2022-08,1838.0,1874.0,1874.0,1.96,1793.96,1780.12,1797.77,True,True,True,False,True,False,False,228047.0,2370.0,-22.45,False,0.62,2.7,1.09,False,3,True,-1.9,4.17,False,False,,tv_wilder_rsi14_sma5_v1,49.31,47.55,True,True,1.75
7575,7575.T,日本ライフライン,2022-10,CONTINUE,4,39.56,41.31,True,True,1.75,2022-07,989.0,1004.0,1004.0,1.52,946.12,972.84,1061.41,True,True,False,False,True,False,False,224323.0,,,,1.05,1.84,1.08,False,4,True,,,,False,,tv_wilder_rsi14_sma5_v1,41.31,39.56,True,True,1.75
3563,3563.T,FOOD & LIFE COMPANIES,2022-10,NEW,1,39.04,40.78,False,True,1.74,2022-10,1254.5,1254.5,1254.5,0.0,1198.78,1198.98,1464.15,True,True,False,False,True,False,False,4209327.0,2660.0,-52.84,False,0.93,3.37,1.0,True,4,True,-19.87,5.66,False,False,,tv_wilder_rsi14_sma5_v1,40.78,39.04,True,False,1.74
5631,5631.T,日本製鋼所,2022-10,NEW,1,50.7,52.43,False,True,1.74,2022-10,3075.0,3075.0,3075.0,0.0,2994.24,3029.51,3305.39,True,True,False,False,False,True,False,494277.0,4325.0,-28.9,False,1.49,2.75,1.05,False,4,False,-8.48,-0.7,False,False,,tv_wilder_rsi14_sma5_v1,52.43,50.7,True,False,1.74
8163,8163.T,ＳＲＳホールディングス,2022-10,NEW,1,52.8,54.54,True,True,1.74,2022-10,886.0,886.0,886.0,0.0,874.4,874.13,841.86,True,True,True,True,True,True,True,158870.0,902.0,-1.77,False,0.75,1.24,0.9,True,2,True,8.09,1.57,False,False,,tv_wilder_rsi14_sma5_v1,54.54,52.8,True,True,1.74
3148,3148.T,クリエイトＳＤホールディングス,2022-10,CONTINUE,4,47.73,49.46,True,True,1.73,2022-07,3075.0,3170.0,3170.0,3.09,3047.2,2957.17,3156.93,True,True,False,False,True,False,False,78557.0,,,,0.64,2.05,0.79,True,4,True,,,,False,,tv_wilder_rsi14_sma5_v1,49.46,47.73,True,True,1.73
6098,6098.T,リクルートホールディングス,2022-10,NEW,1,45.95,47.69,True,True,1.73,2022-10,4590.0,4590.0,4590.0,0.0,4359.88,4579.37,4821.62,True,True,False,False,False,True,False,5081723.0,8180.0,-43.89,False,1.16,2.71,0.85,True,4,True,-15.34,0.88,False,False,,tv_wilder_rsi14_sma5_v1,47.69,45.95,True,True,1.73
9619,9619.T,イチネンホールディングス,2022-10,NEW,1,48.8,50.53,True,True,1.73,2022-10,1273.0,1273.0,1273.0,0.0,1256.4,1261.99,1260.37,True,True,True,False,False,True,False,21747.0,1487.0,-14.39,False,1.22,1.31,0.82,True,3,True,-0.27,0.83,False,False,,tv_wilder_rsi14_sma5_v1,50.53,48.8,True,True,1.73
3150,3150.T,グリムス,2022-10,NEW,1,46.78,48.5,True,True,1.72,2022-10,1724.0,1724.0,1724.0,0.0,1611.96,1664.91,1772.97,True,True,False,False,False,True,False,48747.0,3175.0,-45.7,False,1.45,3.31,1.07,False,4,True,-8.3,4.45,False,False,,tv_wilder_rsi14_sma5_v1,48.5,46.78,True,True,1.72
5105,5105.T,ＴＯＹＯＴＩＲＥ,2022-10,NEW,1,49.2,50.92,True,True,1.72,2022-10,1743.0,1743.0,1743.0,0.0,1656.52,1711.75,1651.32,True,True,True,False,False,False,False,881743.0,2075.0,-16.0,False,1.17,2.16,1.1,False,3,True,2.2,2.16,False,False,,tv_wilder_rsi14_sma5_v1,50.92,49.2,True,True,1.72
6351,6351.T,鶴見製作所,2022-10,CONTINUE,11,63.03,64.75,True,False,1.72,2021-12,828.0,1105.5,1105.5,33.51,796.68,847.31,,True,False,,,False,False,,128673.0,,,,0.42,1.71,0.94,True,1,True,,,,False,,tv_wilder_rsi14_sma5_v1,64.75,63.03,False,True,1.72
8020,8020.T,兼松,2022-10,CONTINUE,4,54.6,56.31,True,True,1.72,2022-07,691.5,735.5,735.5,6.36,681.16,670.59,662.76,True,True,True,True,True,False,False,389553.0,,,,0.83,1.18,0.86,True,1,True,,,,False,,tv_wilder_rsi14_sma5_v1,56.31,54.6,True,True,1.72
4410,4410.T,ハリマ化成グループ,2022-10,CONTINUE,3,44.03,45.74,True,False,1.71,2022-08,930.0,826.0,826.0,-11.18,866.72,796.53,805.58,True,True,True,False,True,True,True,132110.0,991.0,-6.16,False,0.48,1.96,1.12,False,1,True,14.51,4.24,False,False,,tv_wilder_rsi14_sma5_v1,45.74,44.03,False,True,1.71
8411,8411.T,みずほフィナンシャルグループ,2022-10,NEW,1,52.7,54.38,True,True,1.68,2022-10,1606.0,1606.0,1606.0,0.0,1608.74,1598.01,1573.17,False,True,True,True,False,True,True,9279160.0,1683.5,-4.6,False,1.28,1.33,0.89,True,2,True,2.67,-0.7,False,False,,tv_wilder_rsi14_sma5_v1,54.38,52.7,True,True,1.68
2384,2384.T,ＳＢＳホールディングス,2022-10,NEW,1,48.7,50.37,False,True,1.67,2022-10,2900.0,2900.0,2900.0,0.0,2868.96,2843.59,3025.78,True,True,False,False,False,True,False,77023.0,4305.0,-32.64,False,0.98,1.91,0.89,True,4,True,-9.02,-0.04,False,False,,tv_wilder_rsi14_sma5_v1,50.37,48.7,True,False,1.67
3132,3132.T,マクニカホールディングス,2022-10,NEW,1,59.34,61.02,False,True,1.67,2022-10,992.67,992.67,992.67,0.0,931.71,935.24,903.16,True,True,True,False,False,True,True,646020.0,1016.67,-2.36,False,1.23,2.08,1.03,False,2,True,13.84,1.69,True,False,,tv_wilder_rsi14_sma5_v1,61.02,59.34,True,False,1.67
4078,4078.T,堺化学工業,2022-10,NEW,1,46.3,47.96,True,True,1.66,2022-10,1965.0,1965.0,1965.0,0.0,1926.2,1934.91,1939.13,True,True,True,False,False,True,False,50890.0,2379.0,-17.4,False,1.08,1.35,0.86,True,3,True,-0.32,1.82,False,False,,tv_wilder_rsi14_sma5_v1,47.96,46.3,True,True,1.66
6844,6844.T,新電元工業,2022-10,CONTINUE,6,51.48,53.15,True,True,1.66,2022-05,3200.0,3680.0,3680.0,15.0,3042.52,2999.48,3540.61,True,True,False,False,True,False,,64647.0,,,,0.67,3.6,0.86,True,4,True,,,,False,,tv_wilder_rsi14_sma5_v1,53.15,51.48,True,True,1.66
7943,7943.T,ニチハ,2022-10,CONTINUE,5,48.69,50.34,True,True,1.66,2022-06,2640.0,2818.0,2818.0,6.74,2500.92,2430.07,2777.57,True,True,False,False,True,False,False,61943.0,,,,1.59,2.67,1.15,False,4,True,,,,False,,tv_wilder_rsi14_sma5_v1,50.34,48.69,True,True,1.66
7962,7962.T,キングジム,2022-10,CONTINUE,3,51.65,53.3,False,True,1.65,2022-08,908.0,914.0,914.0,0.66,910.4,907.59,900.3,False,True,True,True,True,False,True,21413.0,942.0,-3.61,False,0.56,0.93,0.96,True,2,True,2.11,0.44,False,False,,tv_wilder_rsi14_sma5_v1,53.3,51.65,True,False,1.65
8012,8012.T,長瀬産業,2022-10,CONTINUE,5,61.95,63.6,True,True,1.65,2022-06,466.0,507.0,507.0,8.8,461.24,458.96,460.9,True,True,True,False,True,True,True,958627.0,,,,1.09,2.08,1.03,False,1,False,,,,False,,tv_wilder_rsi14_sma5_v1,63.6,61.95,True,True,1.65
8151,8151.T,東陽テクニカ,2022-10,NEW,1,59.13,60.78,True,True,1.64,2022-10,1300.0,1300.0,1300.0,0.0,1247.76,1262.49,1141.21,True,True,True,False,False,True,True,67250.0,1371.0,-5.18,False,1.11,1.58,0.85,True,2,True,15.47,1.14,False,False,,tv_wilder_rsi14_sma5_v1,60.78,59.13,True,True,1.64
3501,3501.T,ＳＵＭＩＮＯＥ,2022-10,CONTINUE,3,43.79,45.43,True,True,1.63,2022-08,875.5,888.5,888.5,1.48,871.14,865.54,870.87,True,True,True,False,True,False,False,42213.0,1018.0,-14.0,False,0.55,1.02,0.84,True,3,True,-0.87,3.2,False,False,,tv_wilder_rsi14_sma5_v1,45.43,43.79,True,True,1.63
9769,9769.T,学究社,2022-10,NEW,1,62.55,64.19,True,True,1.63,2022-10,1652.0,1652.0,1652.0,0.0,1629.4,1611.12,1591.62,True,True,True,True,True,True,True,27570.0,1680.0,-1.67,False,1.51,1.09,0.92,True,2,True,7.67,0.9,False,False,,tv_wilder_rsi14_sma5_v1,64.19,62.55,True,True,1.63
7550,7550.T,ゼンショーホールディングス,2022-10,CONTINUE,11,71.83,73.45,True,True,1.62,2021-12,2704.0,3710.0,3710.0,37.2,2658.64,2682.07,,True,True,,,True,False,,227827.0,,,,0.72,1.3,0.93,True,1,False,,,,False,,tv_wilder_rsi14_sma5_v1,73.45,71.83,True,True,1.62
4666,4666.T,パーク２４,2022-10,NEW,1,49.06,50.67,False,True,1.61,2022-10,1985.0,1985.0,1985.0,0.0,1973.92,1947.99,1884.19,True,True,True,True,False,True,True,1137697.0,2215.0,-10.38,False,0.89,2.68,0.85,True,2,False,9.64,-2.16,False,False,,tv_wilder_rsi14_sma5_v1,50.67,49.06,True,False,1.61
6762,6762.T,ＴＤＫ,2022-10,NEW,1,52.9,54.51,True,True,1.61,2022-10,931.0,931.0,931.0,0.0,926.64,936.52,886.87,True,False,True,False,False,True,True,11004500.0,1060.0,-12.17,False,1.01,2.36,0.86,True,2,False,14.44,0.38,True,False,,tv_wilder_rsi14_sma5_v1,54.51,52.9,True,True,1.61
4212,4212.T,積水樹脂,2022-10,NEW,1,36.96,38.56,True,True,1.6,2022-10,1704.0,1704.0,1704.0,0.0,1681.92,1708.95,1773.2,True,False,False,False,False,True,False,60207.0,2194.0,-22.33,False,1.68,1.69,0.96,True,4,False,-9.23,-0.18,False,False,,tv_wilder_rsi14_sma5_v1,38.56,36.96,True,True,1.6
7717,7717.T,ブイ・テクノロジー,2022-10,NEW,1,34.22,35.82,True,True,1.6,2022-10,2800.0,2800.0,2800.0,0.0,2713.88,2876.11,3046.23,True,False,False,False,False,False,False,56683.0,4595.0,-39.06,False,0.71,1.99,0.82,True,4,True,-15.71,0.34,False,False,,tv_wilder_rsi14_sma5_v1,35.82,34.22,True,True,1.6
3197,3197.T,すかいらーくホールディングス,2022-10,NEW,1,48.62,50.2,True,True,1.58,2022-10,1587.0,1587.0,1587.0,0.0,1563.92,1560.25,1547.1,True,True,True,True,True,False,True,1053577.0,1687.0,-5.93,False,1.03,1.13,0.78,True,2,True,2.77,1.35,False,False,,tv_wilder_rsi14_sma5_v1,50.2,48.62,True,True,1.58
8361,8361.T,大垣共立銀行,2022-10,NEW,1,38.76,40.35,True,True,1.58,2022-10,1755.0,1755.0,1755.0,0.0,1738.4,1735.99,1835.68,True,True,False,False,True,True,False,93327.0,2151.0,-18.41,False,1.11,1.5,1.04,False,4,True,-5.67,0.16,False,False,,tv_wilder_rsi14_sma5_v1,40.35,38.76,True,True,1.58
8079,8079.T,正栄食品工業,2022-10,CONTINUE,4,51.44,53.0,True,False,1.56,2022-07,3945.0,4105.0,4105.0,4.06,3831.2,3876.0,3962.62,True,True,False,False,True,False,False,35670.0,,,,1.18,1.5,0.85,True,4,True,,,,False,,tv_wilder_rsi14_sma5_v1,53.0,51.44,False,True,1.56
3176,3176.T,三洋貿易,2022-10,CONTINUE,4,48.33,49.88,True,True,1.55,2022-07,504.5,519.0,519.0,2.87,497.14,487.31,502.03,True,True,True,False,True,True,False,69953.0,,,,1.18,1.27,0.94,True,3,True,,,,False,,tv_wilder_rsi14_sma5_v1,49.88,48.33,True,True,1.55
6436,6436.T,アマノ,2022-10,NEW,1,48.71,50.26,True,True,1.55,2022-10,2547.0,2547.0,2547.0,0.0,2519.68,2544.09,2399.12,True,True,True,False,False,True,False,153827.0,2862.0,-11.01,False,1.2,1.68,0.8,True,3,True,4.47,0.59,False,False,,tv_wilder_rsi14_sma5_v1,50.26,48.71,True,True,1.55
3289,3289.T,東急不動産ホールディングス,2022-10,CONTINUE,9,60.29,61.82,True,True,1.53,2022-02,639.0,755.0,755.0,18.15,650.44,636.33,,False,True,,,True,False,,2484797.0,,,,0.87,2.66,0.94,True,1,True,,,,False,,tv_wilder_rsi14_sma5_v1,61.82,60.29,True,True,1.53
3457,3457.T,ＡｎｄＤｏホールディングス,2022-10,CONTINUE,3,42.17,43.7,True,True,1.53,2022-08,877.0,878.0,878.0,0.11,860.84,859.6,893.65,True,True,False,False,True,False,False,54903.0,1138.0,-22.93,False,0.59,2.62,0.84,True,4,True,-6.71,-0.18,False,False,,tv_wilder_rsi14_sma5_v1,43.7,42.17,True,True,1.53
7818,7818.T,トランザクション,2022-10,NEW,1,50.86,52.38,True,True,1.53,2022-10,566.0,566.0,566.0,0.0,525.64,540.98,526.4,True,True,True,False,False,False,True,104247.0,603.5,-6.21,False,2.08,3.26,1.08,False,2,True,4.15,1.99,True,False,,tv_wilder_rsi14_sma5_v1,52.38,50.86,True,True,1.53
9658,9658.T,ビジネスブレイン太田昭和,2022-10,NEW,1,45.85,47.37,True,True,1.53,2022-10,500.67,500.67,500.67,0.0,493.48,493.68,499.56,True,True,True,False,False,True,False,82370.0,683.33,-26.73,False,1.6,2.75,1.04,False,3,False,-3.83,1.24,False,False,,tv_wilder_rsi14_sma5_v1,47.37,45.85,True,True,1.53
3106,3106.T,倉敷紡績,2022-10,NEW,1,51.57,53.09,True,True,1.52,2022-10,2083.0,2083.0,2083.0,0.0,2054.12,2081.05,1953.12,True,True,True,False,False,True,True,29807.0,2188.0,-4.8,False,1.47,2.17,0.9,True,2,True,8.47,1.92,False,False,,tv_wilder_rsi14_sma5_v1,53.09,51.57,True,True,1.52
8283,8283.T,ＰＡＬＴＡＣ,2022-10,CONTINUE,2,40.35,41.86,True,False,1.51,2022-09,4455.0,4230.0,4230.0,-5.05,4154.8,4203.53,4387.35,True,True,True,False,False,False,False,62667.0,5320.0,-16.26,False,1.8,1.99,1.08,False,3,True,-2.42,2.81,True,False,,tv_wilder_rsi14_sma5_v1,41.86,40.35,False,True,1.51
8919,8919.T,カチタス,2022-10,CONTINUE,4,51.7,53.2,True,True,1.51,2022-07,3330.0,3335.0,3335.0,0.15,3142.16,3029.83,3564.46,True,True,False,False,True,False,False,190243.0,,,,0.62,2.51,0.92,True,4,True,,,,False,,tv_wilder_rsi14_sma5_v1,53.2,51.7,True,True,1.51
3661,3661.T,エムアップホールディングス,2022-10,CONTINUE,8,69.78,71.27,True,True,1.5,2022-03,516.5,787.0,787.0,52.37,470.04,453.81,,True,True,,,True,False,,849193.0,,,,0.94,5.87,1.08,False,1,True,,,,False,,tv_wilder_rsi14_sma5_v1,71.27,69.78,True,True,1.5
3877,3877.T,中越パルプ工業,2022-10,CONTINUE,3,34.89,36.38,True,True,1.5,2022-08,1000.0,925.0,925.0,-7.5,942.72,920.96,958.27,True,True,True,False,True,True,False,35573.0,1279.0,-21.81,False,1.38,1.85,1.02,False,3,True,-1.46,4.8,False,False,,tv_wilder_rsi14_sma5_v1,36.38,34.89,True,True,1.5
3923,3923.T,ラクス,2022-10,NEW,1,44.15,45.63,True,True,1.48,2022-10,831.5,831.5,831.5,0.0,742.74,829.39,863.5,True,True,False,False,False,False,False,3788407.0,1955.0,-57.47,False,1.13,4.82,1.06,False,4,True,-19.03,7.72,False,False,,tv_wilder_rsi14_sma5_v1,45.63,44.15,True,True,1.48
3036,3036.T,アルコニックス,2022-10,NEW,1,47.51,48.98,True,True,1.47,2022-10,1369.0,1369.0,1369.0,0.0,1344.24,1353.99,1354.42,True,True,True,False,False,True,True,65837.0,1813.0,-24.49,False,1.07,1.88,0.91,True,1,False,-1.65,-0.07,False,False,,tv_wilder_rsi14_sma5_v1,48.98,47.51,True,True,1.47
6472,6472.T,ＮＴＮ,2022-10,NEW,1,49.6,51.07,True,True,1.47,2022-10,265.0,265.0,265.0,0.0,258.84,261.53,244.43,True,True,True,False,False,False,True,4711280.0,306.0,-13.4,False,1.18,2.86,1.06,False,2,False,11.1,-1.19,False,False,,tv_wilder_rsi14_sma5_v1,51.07,49.6,True,True,1.47
9744,9744.T,メイテックグループホールディングス,2022-10,NEW,1,61.92,63.4,False,True,1.47,2022-10,2509.0,2509.0,2509.0,0.0,2402.44,2427.12,2310.93,True,True,True,False,True,True,True,299957.0,2682.0,-6.45,False,1.58,1.62,0.89,True,2,True,8.32,0.18,False,False,,tv_wilder_rsi14_sma5_v1,63.4,61.92,True,False,1.47
7034,7034.T,プロレド・パートナーズ,2022-10,CONTINUE,3,28.58,30.04,True,True,1.46,2022-08,550.0,556.0,556.0,1.09,512.8,512.83,741.64,True,True,False,False,True,False,False,34990.0,2631.0,-79.1,False,0.87,4.86,1.14,False,4,True,-34.52,3.07,False,False,,tv_wilder_rsi14_sma5_v1,30.04,28.58,True,True,1.46
7294,7294.T,ヨロズ,2022-10,NEW,1,38.15,39.61,True,True,1.46,2022-10,863.0,863.0,863.0,0.0,846.16,873.79,880.99,True,False,False,False,False,False,False,50393.0,1271.0,-32.1,False,1.15,1.34,0.89,True,4,True,-7.43,2.07,False,False,,tv_wilder_rsi14_sma5_v1,39.61,38.15,True,True,1.46
6532,6532.T,ベイカレント,2022-10,NEW,1,57.58,59.02,False,True,1.44,2022-10,4190.0,4190.0,4190.0,0.0,3909.8,4019.47,4031.25,True,True,True,False,False,True,False,2639047.0,5610.0,-25.31,False,1.96,3.72,0.92,True,3,True,1.1,4.41,False,False,,tv_wilder_rsi14_sma5_v1,59.02,57.58,True,False,1.44
6331,6331.T,三菱化工機,2022-10,NEW,1,47.46,48.89,True,True,1.43,2022-10,714.33,714.33,714.33,0.0,700.39,716.4,691.02,True,False,True,False,False,True,False,40320.0,867.0,-17.61,False,1.27,2.12,1.02,False,3,False,2.0,0.18,True,False,,tv_wilder_rsi14_sma5_v1,48.89,47.46,True,True,1.43
7276,7276.T,小糸製作所,2022-10,NEW,1,36.7,38.12,True,True,1.43,2022-10,2114.0,2114.0,2114.0,0.0,2081.76,2244.62,2435.43,True,False,False,False,False,False,False,1014447.0,3690.0,-42.71,False,1.43,2.47,0.94,True,4,False,-16.29,-0.44,False,False,,tv_wilder_rsi14_sma5_v1,38.12,36.7,True,True,1.43
6254,6254.T,野村マイクロ・サイエンス,2022-10,NEW,1,50.63,52.03,False,True,1.41,2022-10,933.75,933.75,933.75,0.0,854.6,885.58,952.5,True,True,False,False,False,False,False,335560.0,1420.0,-34.24,False,1.93,3.87,1.05,False,4,True,-6.31,5.38,False,False,,tv_wilder_rsi14_sma5_v1,52.03,50.63,True,False,1.41
8550,8550.T,栃木銀行,2022-10,NEW,1,65.23,66.63,True,True,1.4,2022-10,303.0,303.0,303.0,0.0,289.92,287.79,256.11,True,True,True,True,True,True,True,321900.0,327.0,-7.34,False,1.55,2.83,1.04,False,2,True,29.18,0.45,False,False,,tv_wilder_rsi14_sma5_v1,66.63,65.23,True,True,1.4
6770,6770.T,アルプスアルパイン,2022-10,NEW,1,46.5,47.89,False,True,1.39,2022-10,1280.0,1280.0,1280.0,0.0,1104.72,1214.19,1239.12,True,True,True,False,False,False,True,2514357.0,1540.0,-16.88,False,1.3,2.86,1.13,False,2,True,3.59,2.9,True,False,,tv_wilder_rsi14_sma5_v1,47.89,46.5,True,False,1.39
8387,8387.T,四国銀行,2022-10,CONTINUE,7,55.03,56.43,True,True,1.39,2022-04,779.0,868.0,868.0,11.42,745.64,779.53,,True,False,,,False,False,,160717.0,,,,1.03,1.86,1.15,False,1,True,,,,False,,tv_wilder_rsi14_sma5_v1,56.43,55.03,True,True,1.39
6804,6804.T,ホシデン,2022-10,CONTINUE,7,65.96,67.33,True,True,1.38,2022-04,1246.0,1570.0,1570.0,26.0,1189.52,1170.69,,True,True,,,True,True,,197670.0,,,,1.17,2.12,1.09,False,1,True,,,,False,,tv_wilder_rsi14_sma5_v1,67.33,65.96,True,True,1.38
7242,7242.T,カヤバ,2022-10,NEW,1,52.49,53.86,True,True,1.38,2022-10,1627.5,1627.5,1627.5,0.0,1592.9,1609.0,1532.87,True,True,True,False,False,True,True,166387.0,1795.0,-9.33,False,1.08,2.13,1.03,False,2,False,7.23,-1.02,False,False,,tv_wilder_rsi14_sma5_v1,53.86,52.49,True,True,1.38
9837,9837.T,モリト,2022-10,NEW,1,52.92,54.3,True,True,1.38,2022-10,752.0,752.0,752.0,0.0,720.64,727.83,737.43,True,True,True,False,True,False,True,40613.0,791.0,-4.93,False,1.29,1.56,1.03,False,2,True,3.92,3.78,True,False,,tv_wilder_rsi14_sma5_v1,54.3,52.92,True,True,1.38
2331,2331.T,ＡＬＳＯＫ,2022-10,CONTINUE,5,33.27,34.64,True,True,1.37,2022-06,754.0,742.0,742.0,-1.59,722.36,748.43,862.2,True,True,False,False,False,False,False,3806667.0,,,,0.53,2.03,1.06,False,4,True,,,,False,,tv_wilder_rsi14_sma5_v1,34.64,33.27,True,True,1.37
6078,6078.T,バリューＨＲ,2022-10,CONTINUE,3,67.22,68.59,True,True,1.37,2022-08,1512.0,1535.0,1535.0,1.52,1449.24,1354.37,1314.5,True,True,True,True,True,True,True,48083.0,1560.0,-3.08,False,0.66,2.8,1.01,False,2,True,39.1,0.42,False,False,,tv_wilder_rsi14_sma5_v1,68.59,67.22,True,True,1.37
8031,8031.T,三井物産,2022-10,NEW,1,65.21,66.58,False,True,1.37,2022-10,1646.5,1646.5,1646.5,0.0,1612.48,1566.72,1549.53,True,True,True,True,True,True,True,9008213.0,1765.0,-6.71,False,0.95,1.8,0.76,True,2,False,14.02,-1.09,False,False,,tv_wilder_rsi14_sma5_v1,66.58,65.21,True,False,1.37
4275,4275.T,カーリット,2022-10,NEW,1,49.08,50.45,True,True,1.36,2022-10,687.0,687.0,687.0,0.0,670.52,666.29,669.16,True,True,True,False,True,False,False,62420.0,843.0,-18.51,False,1.29,2.3,0.93,True,3,True,0.76,2.44,True,False,,tv_wilder_rsi14_sma5_v1,50.45,49.08,True,True,1.36
7976,7976.T,三菱鉛筆,2022-10,CONTINUE,9,50.09,51.46,True,True,1.36,2022-02,1281.0,1449.0,1449.0,13.11,1230.12,1228.03,,True,True,,,True,False,,132927.0,,,,1.41,2.45,1.13,False,1,True,,,,False,,tv_wilder_rsi14_sma5_v1,51.46,50.09,True,True,1.36
9424,9424.T,日本通信,2022-10,CONTINUE,6,51.41,52.77,True,True,1.36,2022-05,201.0,224.0,224.0,11.44,192.12,189.09,204.41,True,True,False,False,False,True,,4186297.0,,,,1.03,4.55,0.9,True,4,True,,,,False,,tv_wilder_rsi14_sma5_v1,52.77,51.41,True,True,1.36
2429,2429.T,ワールドホールディングス,2022-10,CONTINUE,4,52.16,53.51,True,False,1.35,2022-07,2375.0,2610.0,2610.0,9.89,2268.64,2305.57,2423.32,True,True,False,False,True,False,False,21880.0,,,,0.88,1.94,1.01,False,4,True,,,,False,,tv_wilder_rsi14_sma5_v1,53.51,52.16,False,True,1.35
3769,3769.T,ＧＭＯペイメントゲートウェイ,2022-10,NEW,1,45.86,47.21,True,True,1.35,2022-10,10730.0,10730.0,10730.0,0.0,10509.6,10769.2,10685.35,True,False,True,False,False,True,False,291803.0,16680.0,-35.67,False,1.2,3.66,0.96,True,3,False,-3.75,3.12,False,False,,tv_wilder_rsi14_sma5_v1,47.21,45.86,True,True,1.35
4027,4027.T,テイカ,2022-10,CONTINUE,3,43.56,44.9,True,True,1.34,2022-08,1321.0,1260.0,1260.0,-4.62,1250.24,1227.36,1255.62,True,True,True,False,True,True,False,22753.0,1447.0,-8.71,False,1.24,2.02,0.98,True,3,True,3.4,1.5,True,False,,tv_wilder_rsi14_sma5_v1,44.9,43.56,True,True,1.34
5802,5802.T,住友電気工業,2022-10,NEW,1,52.8,54.12,True,True,1.32,2022-10,388.5,388.5,388.5,0.0,381.69,388.24,375.9,True,True,True,False,False,True,True,10812787.0,421.62,-7.86,False,1.44,1.65,0.92,True,3,False,3.93,-0.61,False,False,,tv_wilder_rsi14_sma5_v1,54.12,52.8,True,True,1.32
7172,7172.T,ジャパンインベストメントアドバイザー,2022-10,NEW,1,48.56,49.89,True,True,1.32,2022-10,865.18,865.18,865.18,0.0,826.73,839.85,778.16,True,True,True,False,False,True,True,78850.0,929.68,-6.94,False,1.61,1.95,0.93,True,2,True,9.99,1.57,True,False,,tv_wilder_rsi14_sma5_v1,49.89,48.56,True,True,1.32
8707,8707.T,岩井コスモホールディングス,2022-10,NEW,1,44.62,45.94,True,True,1.32,2022-10,1259.0,1259.0,1259.0,0.0,1228.6,1247.76,1291.32,True,True,False,False,False,False,False,54587.0,1438.0,-12.45,False,1.37,1.37,0.91,True,4,True,-4.4,1.31,False,False,,tv_wilder_rsi14_sma5_v1,45.94,44.62,True,True,1.32
2432,2432.T,ディー・エヌ・エー,2022-10,NEW,1,50.28,51.59,True,True,1.31,2022-10,1941.0,1941.0,1941.0,0.0,1878.64,1903.03,1859.69,True,True,True,False,False,True,True,508817.0,2219.0,-12.53,False,1.3,2.12,1.0,True,2,True,0.04,1.05,False,False,,tv_wilder_rsi14_sma5_v1,51.59,50.28,True,True,1.31
6099,6099.T,エラン,2022-10,NEW,1,50.37,51.69,True,True,1.31,2022-10,1143.0,1143.0,1143.0,0.0,1085.4,1094.48,1045.62,True,True,True,False,False,True,False,67300.0,1350.0,-15.33,False,1.57,1.94,0.92,True,1,True,4.01,3.36,False,False,,tv_wilder_rsi14_sma5_v1,51.69,50.37,True,True,1.31
6616,6616.T,トレックス・セミコンダクター,2022-10,NEW,1,55.0,56.31,False,True,1.31,2022-10,2914.0,2914.0,2914.0,0.0,2658.6,2757.53,2664.72,True,True,True,False,False,True,False,92403.0,3960.0,-26.41,False,1.05,2.88,0.96,True,3,True,11.79,5.57,False,False,,tv_wilder_rsi14_sma5_v1,56.31,55.0,True,False,1.31
9075,9075.T,福山通運,2022-10,CONTINUE,2,40.2,41.49,True,False,1.29,2022-09,3265.0,3245.0,3245.0,-0.61,3207.4,3155.55,3474.88,True,True,False,False,True,False,False,114553.0,5160.0,-36.72,False,0.85,2.28,1.06,False,4,True,-11.41,1.45,False,False,,tv_wilder_rsi14_sma5_v1,41.49,40.2,False,True,1.29
9433,9433.T,ＫＤＤＩ,2022-10,NEW,1,65.77,67.05,False,True,1.28,2022-10,2197.5,2197.5,2197.5,0.0,2140.96,2145.07,2081.37,True,True,True,False,False,False,True,9868193.0,2318.0,-5.2,False,1.13,1.47,0.95,True,2,True,8.96,0.34,False,False,,tv_wilder_rsi14_sma5_v1,67.05,65.77,True,False,1.28
6905,6905.T,コーセル,2022-10,CONTINUE,5,42.71,43.97,True,True,1.26,2022-06,818.0,853.0,853.0,4.28,811.44,790.27,855.35,True,True,False,False,True,True,False,96983.0,,,,1.2,3.26,1.07,False,4,True,,,,False,,tv_wilder_rsi14_sma5_v1,43.97,42.71,True,True,1.26
6800,6800.T,ヨコオ,2022-10,NEW,1,41.39,42.64,False,True,1.25,2022-10,2030.0,2030.0,2030.0,0.0,1972.44,2051.15,2295.05,True,False,False,False,False,False,False,71527.0,3000.0,-32.33,False,1.16,1.84,0.79,True,4,False,-10.2,1.53,False,False,,tv_wilder_rsi14_sma5_v1,42.64,41.39,True,False,1.25
8125,8125.T,ワキタ,2022-10,CONTINUE,2,56.36,57.61,True,True,1.25,2022-09,1161.0,1175.0,1175.0,1.21,1124.32,1134.92,1077.82,True,True,True,False,False,True,True,49520.0,1217.0,-4.6,False,1.76,1.76,1.15,False,2,True,4.13,-0.84,False,False,,tv_wilder_rsi14_sma5_v1,57.61,56.36,True,True,1.25
4812,4812.T,電通総研,2022-10,CONTINUE,6,62.85,64.09,True,True,1.24,2022-05,1368.33,1518.33,1518.33,10.96,1314.87,1262.33,1296.26,True,True,True,False,True,True,,350690.0,,,,1.15,3.33,0.85,True,3,True,,,,False,,tv_wilder_rsi14_sma5_v1,64.09,62.85,True,True,1.24
2004,2004.T,昭和産業,2022-10,CONTINUE,5,37.49,38.72,True,True,1.23,2022-06,2542.0,2528.0,2528.0,-0.55,2451.08,2548.87,2661.49,True,False,False,False,False,False,False,47723.0,,,,1.16,1.37,1.1,False,4,True,,,,False,,tv_wilder_rsi14_sma5_v1,38.72,37.49,True,True,1.23
5989,5989.T,エイチワン,2022-10,NEW,1,41.6,42.83,True,True,1.23,2022-10,600.0,600.0,600.0,0.0,586.76,603.27,612.17,True,False,False,False,False,False,False,33620.0,763.0,-21.36,False,1.05,1.3,0.76,True,4,False,-6.24,0.31,False,False,,tv_wilder_rsi14_sma5_v1,42.83,41.6,True,True,1.23
6315,6315.T,ＴＯＷＡ,2022-10,NEW,1,45.7,46.94,True,True,1.23,2022-10,599.67,599.67,599.67,0.0,567.59,596.31,674.07,True,True,False,False,False,False,False,838670.0,1246.67,-51.9,False,0.86,2.67,0.9,True,4,True,-13.7,4.39,False,False,,tv_wilder_rsi14_sma5_v1,46.94,45.7,True,True,1.23
7466,7466.T,ＳＰＫ,2022-10,NEW,1,54.83,56.06,True,True,1.23,2022-10,708.5,708.5,708.5,0.0,704.74,700.79,679.36,True,True,True,True,True,True,True,26273.0,720.5,-1.67,False,1.34,1.15,0.93,True,2,True,3.64,1.47,False,False,,tv_wilder_rsi14_sma5_v1,56.06,54.83,True,True,1.23
9934,9934.T,因幡電機産業,2022-10,CONTINUE,6,56.62,57.85,True,True,1.23,2022-05,1302.0,1389.0,1389.0,6.68,1284.66,1286.53,1323.05,True,True,False,False,True,False,,135273.0,,,,1.4,1.97,0.78,True,4,True,,,,False,,tv_wilder_rsi14_sma5_v1,57.85,56.62,True,True,1.23
4927,4927.T,ポーラ・オルビスホールディングス,2022-10,CONTINUE,2,37.97,39.18,True,True,1.22,2022-09,1635.0,1645.0,1645.0,0.61,1570.76,1586.92,1659.26,True,True,False,False,False,True,False,576637.0,2635.0,-37.95,False,1.01,2.3,0.98,True,4,True,-11.4,1.32,False,False,,tv_wilder_rsi14_sma5_v1,39.18,37.97,True,True,1.22
6305,6305.T,日立建機,2022-10,NEW,1,46.47,47.69,False,True,1.22,2022-10,2914.0,2914.0,2914.0,0.0,2728.96,2848.2,2968.51,True,True,False,False,False,False,False,957190.0,3785.0,-23.01,False,1.71,2.26,0.96,True,4,True,-5.43,2.05,False,False,,tv_wilder_rsi14_sma5_v1,47.69,46.47,True,False,1.22
6247,6247.T,日阪製作所,2022-10,NEW,1,49.88,51.08,True,True,1.21,2022-10,845.0,845.0,845.0,0.0,830.04,832.95,817.55,True,True,True,False,False,True,False,55157.0,875.0,-3.43,False,1.88,1.38,0.87,True,3,False,1.69,1.02,False,False,,tv_wilder_rsi14_sma5_v1,51.08,49.88,True,True,1.21
6371,6371.T,椿本チエイン,2022-10,NEW,1,49.73,50.95,True,True,1.21,2022-10,1061.67,1061.67,1061.67,0.0,1037.07,1051.11,1042.69,True,True,True,False,False,True,True,188200.0,1138.33,-6.73,False,1.03,1.61,0.86,True,3,False,0.99,0.55,False,False,,tv_wilder_rsi14_sma5_v1,50.95,49.73,True,True,1.21
6407,6407.T,ＣＫＤ,2022-10,NEW,1,45.47,46.69,True,True,1.21,2022-10,1827.0,1827.0,1827.0,0.0,1772.76,1820.45,1855.62,True,True,False,False,False,True,False,250127.0,2510.0,-27.21,False,0.92,2.17,0.85,True,4,False,-5.5,1.23,False,False,,tv_wilder_rsi14_sma5_v1,46.69,45.47,True,True,1.21
5108,5108.T,ブリヂストン,2022-10,NEW,1,57.71,58.91,False,True,1.2,2022-10,2681.0,2681.0,2681.0,0.0,2493.0,2581.86,2490.1,True,True,True,False,False,True,True,4021640.0,2754.5,-2.67,False,1.29,1.47,0.95,True,2,True,5.35,2.63,False,False,,tv_wilder_rsi14_sma5_v1,58.91,57.71,True,False,1.2
6544,6544.T,ｼﾞｬﾊﾟﾝｴﾚﾍﾞｰﾀｰｻｰﾋﾞｽﾎｰﾙﾃﾞｨﾝｸﾞｽ,2022-10,CONTINUE,4,47.15,48.33,True,False,1.18,2022-07,790.0,879.0,879.0,11.27,754.06,763.09,899.05,True,True,False,False,True,False,False,492053.0,,,,0.85,2.54,0.88,True,4,True,,,,False,,tv_wilder_rsi14_sma5_v1,48.33,47.15,False,True,1.18
4502,4502.T,武田薬品工業,2022-10,NEW,1,53.17,54.34,True,True,1.17,2022-10,3918.0,3918.0,3918.0,0.0,3788.64,3837.2,3678.11,True,True,True,False,False,True,True,5039130.0,4063.0,-3.57,False,1.11,1.34,0.87,True,2,True,8.54,0.66,True,False,,tv_wilder_rsi14_sma5_v1,54.34,53.17,True,True,1.17
7532,7532.T,ﾊﾟﾝ･ﾊﾟｼﾌｨｯｸ･ｲﾝﾀｰﾅｼｮﾅﾙﾎｰﾙﾃﾞｨﾝｸﾞｽ,2022-10,CONTINUE,9,56.43,57.6,True,False,1.17,2022-02,376.0,488.2,488.2,29.84,341.45,357.37,,True,True,,,True,False,,12048950.0,,,,0.91,3.54,1.22,False,1,True,,,,False,,tv_wilder_rsi14_sma5_v1,57.6,56.43,False,True,1.17
8129,8129.T,東邦ホールディングス,2022-10,NEW,1,50.22,51.39,True,True,1.17,2022-10,2022.0,2022.0,2022.0,0.0,1974.6,1947.33,1939.14,True,True,True,True,True,False,True,227267.0,2182.0,-7.33,False,1.78,1.4,0.84,True,2,True,3.4,-0.09,False,False,,tv_wilder_rsi14_sma5_v1,51.39,50.22,True,True,1.17
3834,3834.T,朝日ネット,2022-10,NEW,1,42.85,44.0,True,True,1.15,2022-10,605.0,605.0,605.0,0.0,599.2,608.4,597.73,True,False,True,False,False,True,False,31963.0,727.0,-16.78,False,1.43,1.7,0.85,True,3,False,-1.32,0.47,False,False,,tv_wilder_rsi14_sma5_v1,44.0,42.85,True,True,1.15
3612,3612.T,ワールド,2022-10,CONTINUE,9,45.9,47.04,False,True,1.14,2022-02,630.5,698.0,698.0,10.71,599.6,609.04,,True,True,,,True,False,,245713.0,,,,0.85,3.19,0.87,True,1,True,,,,False,,tv_wilder_rsi14_sma5_v1,47.04,45.9,True,False,1.14
4047,4047.T,関東電化工業,2022-10,NEW,1,48.02,49.16,True,True,1.14,2022-10,950.0,950.0,950.0,0.0,935.8,947.91,986.86,True,True,False,False,False,True,False,192540.0,1220.0,-22.13,False,0.92,1.8,0.88,True,4,False,-3.38,-0.34,False,False,,tv_wilder_rsi14_sma5_v1,49.16,48.02,True,True,1.14
4722,4722.T,フューチャー,2022-10,NEW,1,55.94,57.08,False,True,1.14,2022-10,1673.0,1673.0,1673.0,0.0,1607.4,1654.99,1606.85,True,True,True,False,False,True,False,308987.0,2185.0,-23.43,False,2.43,4.15,1.11,False,3,True,7.13,0.41,True,False,,tv_wilder_rsi14_sma5_v1,57.08,55.94,True,False,1.14
6706,6706.T,電気興業,2022-10,NEW,1,46.69,47.82,False,True,1.13,2022-10,2400.0,2400.0,2400.0,0.0,2261.04,2385.36,2402.72,True,True,False,False,False,False,False,35147.0,2700.0,-11.11,False,1.72,1.9,0.95,True,1,True,-2.12,2.78,False,False,,tv_wilder_rsi14_sma5_v1,47.82,46.69,True,False,1.13
7475,7475.T,アルビス,2022-10,CONTINUE,4,47.52,48.65,True,False,1.13,2022-07,2263.0,2305.0,2305.0,1.86,2245.52,2227.08,2233.09,True,True,True,False,True,True,False,6517.0,,,,1.22,1.13,1.06,False,3,True,,,,False,,tv_wilder_rsi14_sma5_v1,48.65,47.52,False,True,1.13
6268,6268.T,ナブテスコ,2022-10,NEW,1,43.25,44.37,True,True,1.12,2022-10,3165.0,3165.0,3165.0,0.0,3061.16,3196.39,3206.29,True,False,False,False,False,False,False,582287.0,4005.0,-20.97,False,1.28,2.63,1.07,False,4,False,-6.04,1.89,False,False,,tv_wilder_rsi14_sma5_v1,44.37,43.25,True,True,1.12
9470,9470.T,学研ホールディングス,2022-10,CONTINUE,5,39.56,40.68,True,True,1.12,2022-06,954.0,981.0,981.0,2.83,876.56,894.55,1008.15,True,True,False,False,True,False,False,182027.0,,,,0.95,2.01,1.12,False,4,True,,,,False,,tv_wilder_rsi14_sma5_v1,40.68,39.56,True,True,1.12
9449,9449.T,ＧＭＯインターネットグループ,2022-10,CONTINUE,4,47.33,48.44,True,True,1.11,2022-07,2599.0,2571.0,2571.0,-1.08,2485.4,2483.4,2678.68,True,True,False,False,True,False,False,400543.0,,,,1.29,2.32,0.83,True,4,True,,,,False,,tv_wilder_rsi14_sma5_v1,48.44,47.33,True,True,1.11
9740,9740.T,セントラル警備保障,2022-10,NEW,1,43.25,44.34,True,True,1.09,2022-10,2565.0,2565.0,2565.0,0.0,2492.68,2504.37,2404.71,True,True,True,False,True,False,True,31547.0,2937.0,-12.67,False,1.44,2.52,0.89,True,2,True,4.69,3.96,False,False,,tv_wilder_rsi14_sma5_v1,44.34,43.25,True,True,1.09
9743,9743.T,丹青社,2022-10,NEW,1,46.09,47.18,False,True,1.09,2022-10,802.0,802.0,802.0,0.0,802.16,801.92,785.95,False,True,True,True,True,True,True,94217.0,962.0,-16.63,False,0.68,2.0,0.67,True,2,True,-1.17,-0.16,False,False,,tv_wilder_rsi14_sma5_v1,47.18,46.09,True,False,1.09
3091,3091.T,ブロンコビリー,2022-10,CONTINUE,2,51.51,52.57,True,True,1.07,2022-09,1223.5,1235.0,1235.0,0.94,1201.2,1207.21,1173.42,True,True,True,False,False,False,True,36047.0,1333.0,-8.21,False,1.31,1.51,1.15,False,2,True,1.88,0.21,False,False,,tv_wilder_rsi14_sma5_v1,52.57,51.51,True,True,1.07
7189,7189.T,西日本フィナンシャルホールディングス,2022-10,CONTINUE,2,49.56,50.63,True,True,1.07,2022-09,750.0,758.0,758.0,1.07,747.44,744.69,764.91,True,True,False,False,True,False,True,374650.0,880.0,-14.77,False,1.17,1.61,1.1,False,4,True,-0.37,0.12,False,False,,tv_wilder_rsi14_sma5_v1,50.63,49.56,True,True,1.07
8086,8086.T,ニプロ,2022-10,CONTINUE,5,45.94,47.01,True,True,1.07,2022-06,1067.0,1122.0,1122.0,5.15,1042.2,1030.08,1085.91,True,True,False,False,True,False,False,381423.0,,,,0.86,1.51,0.98,True,4,True,,,,False,,tv_wilder_rsi14_sma5_v1,47.01,45.94,True,True,1.07
7649,7649.T,スギホールディングス,2022-10,CONTINUE,5,41.12,42.18,True,True,1.06,2022-06,1983.33,1990.0,1990.0,0.34,1783.07,1858.31,2242.72,True,True,False,False,True,False,False,724910.0,,,,1.77,2.95,1.18,False,4,True,,,,False,,tv_wilder_rsi14_sma5_v1,42.18,41.12,True,True,1.06
4116,4116.T,大日精化工業,2022-10,NEW,1,35.23,36.28,True,True,1.05,2022-10,439.75,439.75,439.75,0.0,433.7,442.82,480.86,True,False,False,False,False,False,False,179333.0,675.5,-34.9,False,1.29,1.72,0.94,True,4,False,-14.74,0.26,False,False,,tv_wilder_rsi14_sma5_v1,36.28,35.23,True,True,1.05
2815,2815.T,アリアケジャパン,2022-10,CONTINUE,2,40.27,41.31,True,True,1.04,2022-09,5020.0,5150.0,5150.0,2.59,4691.8,5068.73,5394.12,True,False,False,False,False,False,False,91200.0,7590.0,-33.86,False,1.24,2.0,1.15,False,4,True,-15.24,2.1,False,False,,tv_wilder_rsi14_sma5_v1,41.31,40.27,True,True,1.04
4536,4536.T,参天製薬,2022-10,NEW,1,32.05,33.09,True,True,1.04,2022-10,1018.0,1018.0,1018.0,0.0,985.28,1018.89,1113.57,True,False,False,False,False,False,False,1531757.0,1680.0,-39.4,False,0.99,1.89,1.09,False,4,True,-14.7,2.16,True,False,,tv_wilder_rsi14_sma5_v1,33.09,32.05,True,True,1.04
7912,7912.T,大日本印刷,2022-10,NEW,1,59.15,60.19,True,True,1.04,2022-10,1491.5,1491.5,1491.5,0.0,1472.9,1469.28,1444.52,True,True,True,True,False,True,True,1377340.0,1542.5,-3.31,False,1.1,1.51,0.87,True,2,False,5.43,0.28,False,False,,tv_wilder_rsi14_sma5_v1,60.19,59.15,True,True,1.04
8771,8771.T,イー・ギャランティ,2022-10,CONTINUE,7,57.21,58.25,True,False,1.04,2022-04,2166.0,2406.0,2406.0,11.08,2095.16,1994.13,,True,True,,,True,False,,152790.0,,,,0.84,2.5,0.88,True,1,True,,,,False,,tv_wilder_rsi14_sma5_v1,58.25,57.21,False,True,1.04
5943,5943.T,ノーリツ,2022-10,CONTINUE,4,45.85,46.88,True,False,1.03,2022-07,1486.0,1528.0,1528.0,2.83,1467.96,1480.71,1594.76,True,True,False,False,False,True,False,151660.0,,,,1.77,1.6,0.97,True,4,True,,,,False,,tv_wilder_rsi14_sma5_v1,46.88,45.85,False,True,1.03
7820,7820.T,ニホンフラッシュ,2022-10,NEW,1,40.18,41.21,True,True,1.03,2022-10,968.0,968.0,968.0,0.0,959.0,960.59,977.38,True,True,False,False,False,False,False,25553.0,1184.0,-18.24,False,1.18,2.2,0.89,True,4,False,-3.7,1.07,False,False,,tv_wilder_rsi14_sma5_v1,41.21,40.18,True,True,1.03
2148,2148.T,アイティメディア,2022-10,NEW,1,48.86,49.87,False,True,1.02,2022-10,1721.0,1721.0,1721.0,0.0,1690.68,1679.47,1659.66,True,True,True,True,True,True,False,49857.0,2460.0,-30.04,False,1.76,2.42,0.99,True,3,True,1.03,2.9,False,False,,tv_wilder_rsi14_sma5_v1,49.87,48.86,True,False,1.02
6370,6370.T,栗田工業,2022-10,NEW,1,60.86,61.88,True,True,1.02,2022-10,5460.0,5460.0,5460.0,0.0,5232.8,5341.0,4975.23,True,True,True,False,False,True,False,364877.0,6150.0,-11.22,False,0.76,2.39,0.73,True,3,True,7.5,1.38,False,False,,tv_wilder_rsi14_sma5_v1,61.88,60.86,True,True,1.02
6856,6856.T,堀場製作所,2022-10,NEW,1,46.1,47.13,False,True,1.02,2022-10,6120.0,6120.0,6120.0,0.0,5846.8,6175.07,6257.4,True,False,False,False,False,False,False,175853.0,7970.0,-23.21,False,0.98,1.88,0.86,True,4,True,-6.05,1.49,False,False,,tv_wilder_rsi14_sma5_v1,47.13,46.1,True,False,1.02
8424,8424.T,芙蓉総合リース,2022-10,NEW,1,59.55,60.57,True,True,1.02,2022-10,2753.33,2753.33,2753.33,0.0,2728.93,2707.6,2562.58,True,True,True,True,True,True,True,190470.0,2863.33,-3.84,False,1.21,1.59,0.74,True,2,True,7.13,-0.64,False,False,,tv_wilder_rsi14_sma5_v1,60.57,59.55,True,True,1.02
6902,6902.T,デンソー,2022-10,NEW,1,51.8,52.81,False,True,1.01,2022-10,1847.5,1847.5,1847.5,0.0,1773.11,1846.9,1920.4,True,True,False,False,False,False,False,7730467.0,2546.25,-27.44,False,1.42,2.0,0.98,True,4,True,-6.23,0.03,False,False,,tv_wilder_rsi14_sma5_v1,52.81,51.8,True,False,1.01
2607,2607.T,不二製油,2022-10,CONTINUE,5,45.45,46.45,True,False,1.0,2022-06,2142.0,2341.0,2341.0,9.29,1915.72,1894.17,2233.11,True,True,False,False,True,False,False,280570.0,,,,1.91,2.55,1.28,False,4,True,,,,False,,tv_wilder_rsi14_sma5_v1,46.45,45.45,False,True,1.0
7059,7059.T,コプロ・ホールディングス,2022-10,CONTINUE,3,39.9,40.89,True,True,1.0,2022-08,230.25,223.75,223.75,-2.82,223.08,220.14,258.97,True,True,False,False,True,False,False,113267.0,354.75,-35.1,False,0.61,2.6,0.79,True,4,True,-12.36,4.09,False,False,,tv_wilder_rsi14_sma5_v1,40.89,39.9,True,True,1.0
7456,7456.T,松田産業,2022-10,CONTINUE,3,50.23,51.22,True,True,1.0,2022-08,2435.0,2224.0,2224.0,-8.67,2198.32,2090.77,2334.05,True,True,True,False,True,False,False,95777.0,3820.0,-36.26,False,1.32,3.47,1.31,False,3,True,5.0,8.53,False,False,,tv_wilder_rsi14_sma5_v1,51.22,50.23,True,True,1.0
8630,8630.T,ＳＯＭＰＯホールディングス,2022-10,NEW,1,67.12,68.11,True,True,0.99,2022-10,2064.33,2064.33,2064.33,0.0,1993.95,1981.61,1870.94,True,True,True,True,True,True,True,3289410.0,2073.33,-0.43,False,1.19,1.78,0.9,True,2,True,14.04,1.09,False,False,,tv_wilder_rsi14_sma5_v1,68.11,67.12,True,True,0.99
3397,3397.T,トリドールホールディングス,2022-10,CONTINUE,4,66.22,67.21,True,False,0.98,2022-07,2574.0,2890.0,2890.0,12.28,2481.64,2368.2,2439.87,True,True,True,False,True,True,False,406567.0,,,,0.65,1.98,0.73,True,3,True,,,,False,,tv_wilder_rsi14_sma5_v1,67.21,66.22,False,True,0.98
4368,4368.T,扶桑化学工業,2022-10,NEW,1,42.07,43.05,False,True,0.98,2022-10,1121.67,1121.67,1121.67,0.0,1066.6,1127.38,1272.15,True,False,False,False,False,False,False,315710.0,1773.33,-36.75,False,0.9,2.55,0.96,True,4,True,-14.39,3.06,False,False,,tv_wilder_rsi14_sma5_v1,43.05,42.07,True,False,0.98
9602,9602.T,東宝,2022-10,CONTINUE,7,58.87,59.85,True,True,0.98,2022-04,966.0,1060.0,1060.0,9.73,944.12,938.93,,True,True,,,False,False,,2053767.0,,,,0.86,2.81,0.91,True,1,True,,,,False,,tv_wilder_rsi14_sma5_v1,59.85,58.87,True,True,0.98
3836,3836.T,アバントグループ,2022-10,CONTINUE,8,55.38,56.35,True,True,0.97,2022-03,1355.0,1478.0,1478.0,9.08,1174.08,1140.51,,True,True,,,True,False,,81027.0,,,,1.35,4.14,1.04,False,1,True,,,,False,,tv_wilder_rsi14_sma5_v1,56.35,55.38,True,True,0.97
4578,4578.T,大塚ホールディングス,2022-10,NEW,1,54.32,55.3,True,True,0.97,2022-10,4766.0,4766.0,4766.0,0.0,4621.32,4662.24,4416.39,True,True,True,False,True,False,True,1127950.0,5000.0,-4.68,False,1.5,1.72,1.01,False,2,True,4.5,1.0,False,False,,tv_wilder_rsi14_sma5_v1,55.3,54.32,True,True,0.97
7033,7033.T,マネジメントソリューションズ,2022-10,NEW,1,51.09,52.05,False,False,0.96,2022-10,2939.0,2939.0,2939.0,0.0,2905.96,2904.36,3343.61,True,True,False,False,True,True,False,201420.0,5210.0,-43.59,False,0.54,4.72,0.98,True,1,True,-14.38,-5.23,False,False,,tv_wilder_rsi14_sma5_v1,52.05,51.09,False,False,0.96
7525,7525.T,リックス,2022-10,NEW,1,68.84,69.8,True,True,0.96,2022-10,2086.0,2086.0,2086.0,0.0,2095.12,2027.23,1817.33,False,True,True,True,True,True,True,18227.0,2199.0,-5.14,False,0.88,2.01,0.84,True,2,True,22.19,0.18,False,False,,tv_wilder_rsi14_sma5_v1,69.8,68.84,True,True,0.96
6050,6050.T,イー・ガーディアン,2022-10,NEW,1,52.04,52.99,True,True,0.95,2022-10,3050.0,3050.0,3050.0,0.0,2953.08,2978.69,2903.8,True,True,True,False,True,True,False,67310.0,4125.0,-26.06,False,0.72,2.0,0.81,True,3,True,0.99,1.24,False,False,,tv_wilder_rsi14_sma5_v1,52.99,52.04,True,True,0.95
6289,6289.T,技研製作所,2022-10,NEW,1,39.07,40.02,False,True,0.95,2022-10,3210.0,3210.0,3210.0,0.0,3144.2,3240.48,3430.34,True,False,False,False,False,True,False,71000.0,4585.0,-29.99,False,1.16,2.25,0.84,True,4,False,-11.64,0.44,False,False,,tv_wilder_rsi14_sma5_v1,40.02,39.07,True,False,0.95
6440,6440.T,ＪＵＫＩ,2022-10,NEW,1,46.73,47.68,True,True,0.95,2022-10,730.0,730.0,730.0,0.0,709.72,714.35,732.11,True,True,False,False,True,True,False,206810.0,1057.0,-30.94,False,0.93,2.03,0.82,True,1,True,-8.6,-0.53,False,False,,tv_wilder_rsi14_sma5_v1,47.68,46.73,True,True,0.95
3101,3101.T,東洋紡,2022-10,CONTINUE,4,35.89,36.83,True,True,0.94,2022-07,1031.0,1040.0,1040.0,0.87,1014.16,1035.45,1172.42,True,False,False,False,False,False,False,621190.0,,,,0.82,1.58,0.82,True,4,False,,,,False,,tv_wilder_rsi14_sma5_v1,36.83,35.89,True,True,0.94
2359,2359.T,コア,2022-10,NEW,1,49.6,50.53,True,True,0.93,2022-10,1478.0,1478.0,1478.0,0.0,1409.6,1454.43,1487.05,True,True,False,False,False,False,False,11860.0,1769.0,-16.45,False,1.87,1.99,0.89,True,4,True,-4.37,1.95,False,False,,tv_wilder_rsi14_sma5_v1,50.53,49.6,True,True,0.93
5970,5970.T,ジーテクト,2022-10,NEW,1,46.69,47.62,True,True,0.93,2022-10,1330.0,1330.0,1330.0,0.0,1293.8,1348.6,1332.93,True,False,False,False,False,True,False,70560.0,1516.0,-12.27,False,1.45,1.7,0.97,True,4,False,-2.23,-0.61,False,False,,tv_wilder_rsi14_sma5_v1,47.62,46.69,True,True,0.93
6113,6113.T,アマダ,2022-10,NEW,1,47.42,48.35,True,True,0.93,2022-10,1047.0,1047.0,1047.0,0.0,1028.52,1055.12,1048.95,True,False,False,False,False,True,False,1562973.0,1212.0,-13.61,False,1.1,1.6,0.91,True,4,False,-3.24,-0.06,False,False,,tv_wilder_rsi14_sma5_v1,48.35,47.42,True,True,0.93
3349,3349.T,コスモス薬品,2022-10,CONTINUE,4,46.96,47.88,True,True,0.92,2022-07,7155.0,7200.0,7200.0,0.63,6808.2,6231.0,7504.43,True,True,False,False,True,False,False,434033.0,,,,0.62,3.15,0.86,True,4,True,,,,False,,tv_wilder_rsi14_sma5_v1,47.88,46.96,True,True,0.92
2371,2371.T,カカクコム,2022-10,NEW,1,45.28,46.19,True,True,0.91,2022-10,2521.0,2521.0,2521.0,0.0,2543.52,2542.05,2530.67,False,False,False,True,True,True,False,885887.0,3915.0,-35.61,False,1.06,3.15,0.84,True,4,True,-7.52,-0.74,False,False,,tv_wilder_rsi14_sma5_v1,46.19,45.28,True,True,0.91
2153,2153.T,Ｅ・Ｊホールディングス,2022-10,CONTINUE,5,60.44,61.34,True,True,0.9,2022-06,1189.0,1302.0,1302.0,9.5,1152.8,1171.56,1208.3,True,True,False,False,False,False,False,42503.0,,,,0.84,1.91,1.18,False,4,True,,,,False,,tv_wilder_rsi14_sma5_v1,61.34,60.44,True,True,0.9
2809,2809.T,キユーピー,2022-10,CONTINUE,5,48.52,49.41,True,False,0.9,2022-06,2294.0,2349.0,2349.0,2.4,2183.68,2238.09,2396.63,True,True,False,False,True,False,False,429903.0,,,,1.38,1.89,1.29,False,4,True,,,,False,,tv_wilder_rsi14_sma5_v1,49.41,48.52,False,True,0.9
9008,9008.T,京王電鉄,2022-10,CONTINUE,5,44.34,45.24,True,False,0.9,2022-06,971.0,1044.0,1044.0,7.52,912.56,936.59,1022.14,True,True,False,False,True,False,False,2563033.0,,,,0.97,2.84,1.09,False,4,True,,,,False,,tv_wilder_rsi14_sma5_v1,45.24,44.34,False,True,0.9
7245,7245.T,大同メタル工業,2022-10,NEW,1,40.86,41.75,True,True,0.89,2022-10,512.0,512.0,512.0,0.0,498.16,521.64,552.56,True,False,False,False,False,False,False,121427.0,671.0,-23.7,False,1.18,1.48,0.8,True,4,True,-11.38,0.25,False,False,,tv_wilder_rsi14_sma5_v1,41.75,40.86,True,True,0.89
9759,9759.T,ＮＳＤ,2022-10,NEW,1,68.3,69.19,True,True,0.89,2022-10,2544.0,2544.0,2544.0,0.0,2481.24,2490.65,2312.78,True,True,True,False,False,True,True,208067.0,2616.0,-2.75,False,0.84,1.51,0.71,True,2,False,13.75,1.11,False,False,,tv_wilder_rsi14_sma5_v1,69.19,68.3,True,True,0.89
2127,2127.T,日本Ｍ＆Ａセンターホールディングス,2022-10,CONTINUE,4,39.38,40.26,True,True,0.88,2022-07,1765.0,1683.0,1683.0,-4.65,1588.48,1497.11,2154.74,True,True,False,False,True,False,False,2656097.0,,,,0.88,3.69,0.82,True,4,True,,,,False,,tv_wilder_rsi14_sma5_v1,40.26,39.38,True,True,0.88
2168,2168.T,パソナグループ,2022-10,NEW,1,47.05,47.94,False,True,0.88,2022-10,2052.0,2052.0,2052.0,0.0,2033.6,2039.17,2176.79,True,True,False,False,True,True,False,139690.0,3860.0,-46.84,False,1.27,3.27,0.84,True,4,False,-10.4,0.36,False,False,,tv_wilder_rsi14_sma5_v1,47.94,47.05,True,False,0.88
3252,3252.T,地主,2022-10,NEW,1,66.12,67.0,False,True,0.88,2022-10,2050.0,2050.0,2050.0,0.0,2005.48,2016.56,1940.13,True,True,True,False,False,False,True,47163.0,2152.0,-4.74,False,1.35,1.16,0.88,True,2,False,9.13,1.19,False,False,,tv_wilder_rsi14_sma5_v1,67.0,66.12,True,False,0.88
7187,7187.T,ジェイリース,2022-10,NEW,1,68.48,69.36,True,True,0.88,2022-10,1304.5,1304.5,1304.5,0.0,1218.14,1191.27,991.21,True,True,True,True,False,True,True,473687.0,1399.5,-6.79,False,1.04,3.53,1.01,False,2,True,37.23,6.8,False,False,,tv_wilder_rsi14_sma5_v1,69.36,68.48,True,True,0.88
8370,8370.T,紀陽銀行,2022-10,NEW,1,47.25,48.12,True,True,0.87,2022-10,1433.0,1433.0,1433.0,0.0,1430.44,1463.68,1435.37,True,False,False,False,False,True,True,133287.0,1630.0,-12.09,False,1.36,2.02,1.0,True,4,True,-0.93,-0.9,False,False,,tv_wilder_rsi14_sma5_v1,48.12,47.25,True,True,0.87
7278,7278.T,エクセディ,2022-10,NEW,1,49.42,50.28,True,True,0.86,2022-10,1743.0,1743.0,1743.0,0.0,1716.24,1770.32,1693.59,True,False,True,False,False,False,True,127383.0,1886.0,-7.58,False,1.06,1.27,0.93,True,2,False,1.74,-0.7,False,False,,tv_wilder_rsi14_sma5_v1,50.28,49.42,True,True,0.86
3662,3662.T,エイチームホールディングス,2022-10,CONTINUE,6,37.77,38.61,True,False,0.85,2022-05,731.0,769.0,769.0,5.2,719.32,733.76,1074.08,True,False,False,False,False,False,,67160.0,,,,0.98,2.98,0.82,True,4,False,,,,False,,tv_wilder_rsi14_sma5_v1,38.61,37.77,False,True,0.85
417A,417A.T,ブルーゾーンホールディングス,2022-10,CONTINUE,4,47.57,48.42,True,False,0.85,2022-07,1294.0,1294.0,1294.0,0.0,1263.28,1299.55,1330.0,True,False,False,False,True,False,False,310933.0,,,,0.64,1.3,0.88,True,4,True,,,,False,,tv_wilder_rsi14_sma5_v1,48.42,47.57,False,True,0.85
3087,3087.T,ドトール・日レスホールディングス,2022-10,CONTINUE,5,49.24,50.08,True,False,0.84,2022-06,1540.0,1660.0,1660.0,7.79,1522.96,1508.32,1581.42,True,True,False,False,True,False,False,95253.0,,,,1.25,1.25,1.08,False,4,True,,,,False,,tv_wilder_rsi14_sma5_v1,50.08,49.24,False,True,0.84
3167,3167.T,ＴＯＫＡＩホールディングス,2022-10,NEW,1,46.48,47.32,True,True,0.84,2022-10,888.0,888.0,888.0,0.0,879.6,884.91,880.03,True,True,True,False,False,True,True,354113.0,924.0,-3.9,False,0.69,0.95,0.87,True,1,True,0.57,0.67,False,False,,tv_wilder_rsi14_sma5_v1,47.32,46.48,True,True,0.84
4091,4091.T,日本酸素ホールディングス,2022-10,NEW,1,52.38,53.22,False,True,0.84,2022-10,2372.0,2372.0,2372.0,0.0,2343.44,2391.04,2337.33,True,False,True,False,False,True,False,546130.0,2794.0,-15.1,False,1.48,2.46,0.93,True,3,False,2.18,0.56,False,False,,tv_wilder_rsi14_sma5_v1,53.22,52.38,True,False,0.84
4784,4784.T,ＧＭＯインターネット,2022-10,CONTINUE,7,47.98,48.81,True,True,0.83,2022-04,405.0,445.0,445.0,9.88,402.68,403.51,,True,True,,,True,False,,4067.0,,,,0.5,1.2,0.98,True,1,True,,,,False,,tv_wilder_rsi14_sma5_v1,48.81,47.98,True,True,0.83
4971,4971.T,メック,2022-10,NEW,1,46.14,46.97,False,True,0.83,2022-10,2385.0,2385.0,2385.0,0.0,2317.88,2404.8,2706.66,True,False,False,False,False,True,False,91313.0,4410.0,-45.92,False,1.21,3.57,0.96,True,4,True,-13.49,2.23,False,False,,tv_wilder_rsi14_sma5_v1,46.97,46.14,True,False,0.83
8766,8766.T,東京海上ホールディングス,2022-10,NEW,1,72.66,73.49,True,True,0.83,2022-10,2691.0,2691.0,2691.0,0.0,2611.94,2588.88,2448.23,True,True,True,True,True,True,True,6041727.0,2787.33,-3.46,False,1.22,1.91,0.95,True,2,True,15.41,1.2,False,False,,tv_wilder_rsi14_sma5_v1,73.49,72.66,True,True,0.83
8793,8793.T,ＮＥＣキャピタルソリューション,2022-10,NEW,1,54.03,54.86,True,True,0.83,2022-10,2132.0,2132.0,2132.0,0.0,2080.52,2106.13,2065.36,True,True,True,False,False,True,True,17517.0,2198.0,-3.0,False,1.31,1.29,0.93,True,1,True,2.61,0.26,False,False,,tv_wilder_rsi14_sma5_v1,54.86,54.03,True,True,0.83
1879,1879.T,新日本建設,2022-10,NEW,1,41.93,42.75,True,True,0.82,2022-10,724.0,724.0,724.0,0.0,716.88,726.29,731.49,True,False,False,False,False,True,False,91470.0,879.0,-17.63,False,1.28,2.03,1.13,False,4,True,-4.77,1.23,False,False,,tv_wilder_rsi14_sma5_v1,42.75,41.93,True,True,0.82
6952,6952.T,カシオ計算機,2022-10,CONTINUE,5,39.46,40.28,True,True,0.82,2022-06,1259.0,1294.0,1294.0,2.78,1239.36,1297.41,1456.96,True,False,False,False,False,False,False,1406707.0,,,,0.68,2.33,0.83,True,4,True,,,,False,,tv_wilder_rsi14_sma5_v1,40.28,39.46,True,True,0.82
5702,5702.T,大紀アルミニウム工業所,2022-10,NEW,1,51.76,52.57,False,True,0.81,2022-10,1283.0,1283.0,1283.0,0.0,1255.12,1276.39,1401.63,True,True,False,False,False,True,False,138383.0,2045.0,-37.26,False,0.86,1.81,0.8,True,4,False,-11.67,-0.5,False,False,,tv_wilder_rsi14_sma5_v1,52.57,51.76,True,False,0.81
2130,2130.T,メンバーズ,2022-10,NEW,1,51.63,52.41,False,True,0.78,2022-10,2733.0,2733.0,2733.0,0.0,2660.08,2689.76,2780.1,True,True,False,False,True,True,True,41330.0,3520.0,-22.36,False,1.16,2.69,0.9,True,1,True,-1.04,1.35,False,False,,tv_wilder_rsi14_sma5_v1,52.41,51.63,True,False,0.78
3835,3835.T,ｅＢＡＳＥ,2022-10,NEW,1,42.68,43.47,True,True,0.78,2022-10,550.0,550.0,550.0,0.0,538.36,561.2,541.97,True,False,True,False,False,True,False,94903.0,809.0,-32.01,False,1.4,3.29,1.06,False,3,True,-2.53,4.5,False,False,,tv_wilder_rsi14_sma5_v1,43.47,42.68,True,True,0.78
6151,6151.T,日東工器,2022-10,CONTINUE,4,41.51,42.29,True,True,0.78,2022-07,1593.0,1579.0,1579.0,-0.88,1539.08,1509.25,1645.61,True,True,False,False,True,False,False,18317.0,,,,1.25,1.97,1.0,True,4,True,,,,False,,tv_wilder_rsi14_sma5_v1,42.29,41.51,True,True,0.78
3395,3395.T,サンマルクホールディングス,2022-10,CONTINUE,5,46.91,47.68,True,True,0.77,2022-06,1583.0,1622.0,1622.0,2.46,1552.4,1533.15,1528.34,True,True,True,True,True,False,True,46797.0,,,,1.5,1.45,1.07,False,1,True,,,,False,,tv_wilder_rsi14_sma5_v1,47.68,46.91,True,True,0.77
3626,3626.T,ＴＩＳ,2022-10,NEW,1,69.81,70.56,True,True,0.75,2022-10,4015.0,4015.0,4015.0,0.0,3948.2,3934.07,3383.7,True,True,True,True,False,True,True,788570.0,4320.0,-7.06,False,1.66,2.16,0.87,True,2,False,23.06,1.59,False,False,,tv_wilder_rsi14_sma5_v1,70.56,69.81,True,True,0.75
6258,6258.T,平田機工,2022-10,NEW,1,39.01,39.76,True,True,0.75,2022-10,1453.33,1453.33,1453.33,0.0,1403.67,1492.62,1601.65,True,False,False,False,False,False,False,65890.0,2386.67,-39.11,False,1.28,2.41,1.01,False,4,True,-18.52,0.11,False,False,,tv_wilder_rsi14_sma5_v1,39.76,39.01,True,True,0.75
4587,4587.T,ペプチドリーム,2022-10,CONTINUE,4,31.91,32.65,True,True,0.73,2022-07,1655.0,1633.0,1633.0,-1.33,1510.8,1649.71,2125.94,True,True,False,False,True,False,False,1138973.0,,,,1.3,3.58,0.91,True,4,True,,,,False,,tv_wilder_rsi14_sma5_v1,32.65,31.91,True,True,0.73
8043,8043.T,スターゼン,2022-10,NEW,1,48.35,49.08,True,True,0.73,2022-10,687.33,687.33,687.33,0.0,685.07,691.5,679.24,True,False,True,False,False,True,True,54000.0,755.67,-9.04,False,1.95,1.87,1.03,False,1,False,0.23,0.12,False,False,,tv_wilder_rsi14_sma5_v1,49.08,48.35,True,True,0.73
4923,4923.T,コタ,2022-10,NEW,1,64.52,65.24,True,True,0.72,2022-10,1263.28,1263.28,1263.28,0.0,1224.68,1235.4,1173.59,True,True,True,False,True,True,True,30665.0,1284.53,-1.65,False,1.76,1.42,0.91,True,2,True,7.07,1.29,False,False,,tv_wilder_rsi14_sma5_v1,65.24,64.52,True,True,0.72
6703,6703.T,沖電気工業,2022-10,NEW,1,33.86,34.58,True,True,0.72,2022-10,737.0,737.0,737.0,0.0,721.2,744.95,797.59,True,False,False,False,False,False,False,591390.0,1004.0,-26.59,False,0.54,1.42,0.79,True,4,True,-12.01,-0.1,False,False,,tv_wilder_rsi14_sma5_v1,34.58,33.86,True,True,0.72
5451,5451.T,ヨドコウ,2022-10,CONTINUE,3,51.53,52.23,True,True,0.71,2022-08,502.2,484.2,484.2,-3.58,486.38,464.78,492.86,True,True,True,False,True,False,False,179533.0,565.6,-11.21,False,0.83,1.5,1.02,False,1,True,4.93,1.46,True,False,,tv_wilder_rsi14_sma5_v1,52.23,51.53,True,True,0.71
7752,7752.T,リコー,2022-10,NEW,1,52.65,53.36,True,True,0.71,2022-10,1090.0,1090.0,1090.0,0.0,1082.92,1086.01,1051.54,True,True,True,False,False,True,True,2178323.0,1197.0,-8.94,False,1.13,2.39,0.96,True,2,True,3.57,0.19,False,False,,tv_wilder_rsi14_sma5_v1,53.36,52.65,True,True,0.71
4022,4022.T,ラサ工業,2022-10,CONTINUE,6,57.66,58.36,True,False,0.7,2022-05,385.0,440.8,440.8,14.49,333.76,318.34,342.66,True,True,True,False,True,True,,494817.0,,,,0.81,3.29,0.77,True,1,True,,,,False,,tv_wilder_rsi14_sma5_v1,58.36,57.66,False,True,0.7
6996,6996.T,ニチコン,2022-10,CONTINUE,6,59.51,60.21,False,True,0.7,2022-05,1337.0,1401.0,1401.0,4.79,1241.04,1184.67,1160.28,True,True,True,True,True,True,,511947.0,,,,1.6,3.25,0.97,True,1,True,,,,False,,tv_wilder_rsi14_sma5_v1,60.21,59.51,True,False,0.7
7236,7236.T,ティラド,2022-10,NEW,1,54.39,55.09,False,True,0.7,2022-10,271.9,271.9,271.9,0.0,261.38,265.68,258.89,True,True,True,False,False,False,False,257533.0,329.0,-17.36,False,1.74,2.4,1.06,False,3,True,2.86,2.09,False,False,,tv_wilder_rsi14_sma5_v1,55.09,54.39,True,False,0.7
4433,4433.T,ﾋﾄ･ｺﾐｭﾆｹｰｼｮﾝｽﾞ･ﾎｰﾙﾃﾞｨﾝｸﾞｽ,2022-10,CONTINUE,4,46.92,47.61,True,True,0.69,2022-07,1633.0,1667.0,1667.0,2.08,1571.8,1561.6,1892.24,True,True,False,False,True,False,False,42357.0,,,,0.62,3.16,1.0,False,4,True,,,,False,,tv_wilder_rsi14_sma5_v1,47.61,46.92,True,True,0.69
8316,8316.T,三井住友フィナンシャルグループ,2022-10,NEW,1,57.52,58.2,True,True,0.69,2022-10,1391.0,1391.0,1391.0,0.0,1379.88,1387.34,1362.91,True,True,True,False,False,True,True,19121440.0,1487.0,-6.46,False,0.99,1.5,0.92,True,1,False,3.74,-0.18,False,False,,tv_wilder_rsi14_sma5_v1,58.2,57.52,True,True,0.69
2733,2733.T,あらた,2022-10,CONTINUE,6,47.4,48.08,True,True,0.68,2022-05,2007.5,2055.0,2055.0,2.37,1861.0,1866.43,2016.67,True,True,False,False,True,False,,99780.0,,,,1.14,2.12,0.87,True,4,True,,,,False,,tv_wilder_rsi14_sma5_v1,48.08,47.4,True,True,0.68
4613,4613.T,関西ペイント,2022-10,CONTINUE,4,40.88,41.56,True,False,0.68,2022-07,1900.0,1940.0,1940.0,2.11,1860.24,1767.48,2180.86,True,True,False,False,True,False,False,1229503.0,,,,0.81,2.53,0.84,True,4,True,,,,False,,tv_wilder_rsi14_sma5_v1,41.56,40.88,False,True,0.68
6395,6395.T,タダノ,2022-10,NEW,1,44.6,45.26,False,True,0.66,2022-10,910.0,910.0,910.0,0.0,884.44,930.75,960.16,True,False,False,False,False,False,False,242413.0,1312.0,-30.64,False,0.99,1.59,0.7,True,4,True,-11.95,0.34,True,False,,tv_wilder_rsi14_sma5_v1,45.26,44.6,True,False,0.66
5957,5957.T,日東精工,2022-10,CONTINUE,4,46.89,47.54,True,True,0.65,2022-07,517.0,517.0,517.0,0.0,495.28,493.69,546.75,True,True,False,False,True,True,False,54427.0,,,,1.95,1.7,0.89,True,4,True,,,,False,,tv_wilder_rsi14_sma5_v1,47.54,46.89,True,True,0.65
5726,5726.T,大阪チタニウムテクノロジーズ,2022-10,NEW,1,81.71,82.35,True,True,0.64,2022-10,3560.0,3560.0,3560.0,0.0,3136.36,3098.08,2112.07,True,True,True,True,False,True,True,2627213.0,3685.0,-3.39,False,1.39,4.51,1.07,False,2,True,173.42,11.68,False,False,,tv_wilder_rsi14_sma5_v1,82.35,81.71,True,True,0.64
6807,6807.T,日本航空電子工業,2022-10,NEW,1,60.78,61.42,True,True,0.64,2022-10,2319.0,2319.0,2319.0,0.0,2125.56,2251.35,2054.29,True,True,True,False,False,True,True,357553.0,2488.0,-6.79,False,2.69,2.69,1.19,False,2,True,15.44,0.38,False,False,,tv_wilder_rsi14_sma5_v1,61.42,60.78,True,True,0.64
7327,7327.T,第四北越フィナンシャルグループ,2022-10,CONTINUE,4,49.56,50.19,True,False,0.64,2022-07,426.67,437.5,437.5,2.54,419.31,417.31,425.57,True,True,True,False,True,False,False,372740.0,,,,0.81,1.47,0.79,True,1,True,,,,False,,tv_wilder_rsi14_sma5_v1,50.19,49.56,False,True,0.64
8065,8065.T,佐藤商事,2022-10,NEW,1,52.91,53.55,False,True,0.64,2022-10,1154.0,1154.0,1154.0,0.0,1156.24,1144.17,1147.39,False,True,True,False,True,True,True,23777.0,1322.0,-12.71,False,1.41,2.03,0.96,True,3,True,1.83,-0.05,False,False,,tv_wilder_rsi14_sma5_v1,53.55,52.91,True,False,0.64
8174,8174.T,日本瓦斯,2022-10,NEW,1,61.46,62.09,True,True,0.63,2022-10,2161.0,2161.0,2161.0,0.0,2108.12,2115.36,1860.24,True,True,True,False,False,True,True,403043.0,2285.0,-5.43,False,1.18,2.39,0.77,True,2,False,29.26,0.99,False,False,,tv_wilder_rsi14_sma5_v1,62.09,61.46,True,True,0.63
2884,2884.T,ヨシムラ・フード・ホールディングス,2022-10,CONTINUE,3,37.54,38.15,False,True,0.62,2022-08,501.0,489.0,489.0,-2.4,491.84,503.65,546.39,True,False,False,False,True,False,False,53437.0,810.0,-38.15,False,1.89,1.92,0.95,True,4,True,-17.07,1.18,False,False,,tv_wilder_rsi14_sma5_v1,38.15,37.54,True,False,0.62
3496,3496.T,アズーム,2022-10,NEW,1,64.37,64.99,True,True,0.62,2022-10,2125.0,2125.0,2125.0,0.0,2036.3,2014.07,1728.16,True,True,True,True,False,True,True,39507.0,2250.0,-5.56,False,0.86,2.54,0.87,True,2,False,38.54,3.63,True,True,MVP,tv_wilder_rsi14_sma5_v1,64.99,64.37,True,True,0.62
1893,1893.T,五洋建設,2022-10,CONTINUE,7,54.16,54.75,True,True,0.59,2022-04,637.0,740.0,740.0,16.17,628.36,624.16,,True,True,,,True,False,,1271890.0,,,,0.68,2.02,0.95,True,1,True,,,,False,,tv_wilder_rsi14_sma5_v1,54.75,54.16,True,True,0.59
4825,4825.T,ウェザーニューズ,2022-10,NEW,1,56.35,56.94,True,True,0.59,2022-10,1940.0,1940.0,1940.0,0.0,1846.2,1932.6,1887.51,True,True,True,False,False,True,False,252680.0,2617.5,-25.88,False,0.68,2.4,0.76,True,3,False,-0.02,1.7,False,False,,tv_wilder_rsi14_sma5_v1,56.94,56.35,True,True,0.59
1803,1803.T,清水建設,2022-10,NEW,1,45.04,45.62,True,True,0.58,2022-10,743.0,743.0,743.0,0.0,729.68,747.32,740.86,True,False,True,False,False,False,True,1900543.0,893.0,-16.8,False,1.08,1.47,0.91,True,1,False,-2.98,-0.07,False,False,,tv_wilder_rsi14_sma5_v1,45.62,45.04,True,True,0.58
2109,2109.T,ＤＭ三井製糖,2022-10,CONTINUE,2,43.99,44.57,True,True,0.58,2022-09,1893.0,1900.0,1900.0,0.37,1871.96,1887.87,1924.38,True,True,False,False,False,False,False,42030.0,2086.0,-9.25,False,1.26,0.72,1.1,False,4,True,-2.93,-0.03,False,False,,tv_wilder_rsi14_sma5_v1,44.57,43.99,True,True,0.58
4082,4082.T,第一稀元素化学工業,2022-10,CONTINUE,6,53.22,53.8,True,True,0.58,2022-05,1052.0,1259.0,1259.0,19.68,1006.92,1000.03,1271.56,True,True,False,False,True,False,,110240.0,,,,1.0,3.75,0.99,True,4,True,,,,False,,tv_wilder_rsi14_sma5_v1,53.8,53.22,True,True,0.58
9832,9832.T,オートバックスセブン,2022-10,CONTINUE,5,47.1,47.68,True,True,0.58,2022-06,1398.0,1415.0,1415.0,1.22,1379.16,1368.71,1408.29,True,True,False,False,True,False,False,198600.0,,,,1.09,1.33,1.15,False,4,True,,,,False,,tv_wilder_rsi14_sma5_v1,47.68,47.1,True,True,0.58
4813,4813.T,ＡＣＣＥＳＳ,2022-10,CONTINUE,6,50.11,50.68,True,True,0.57,2022-05,579.0,786.0,786.0,35.75,566.72,568.73,737.12,True,True,False,False,False,False,,74450.0,,,,0.92,3.11,1.0,False,4,True,,,,False,,tv_wilder_rsi14_sma5_v1,50.68,50.11,True,True,0.57
9882,9882.T,イエローハット,2022-10,CONTINUE,7,53.18,53.76,True,False,0.57,2022-04,812.0,892.0,892.0,9.85,796.54,803.93,,True,True,,,False,False,,244433.0,,,,0.52,1.61,1.02,False,1,True,,,,False,,tv_wilder_rsi14_sma5_v1,53.76,53.18,False,True,0.57
4004,4004.T,レゾナック・ホールディングス,2022-10,NEW,1,42.52,43.08,False,True,0.56,2022-10,2172.0,2172.0,2172.0,0.0,2127.6,2169.64,2296.38,True,True,False,False,False,False,False,1633993.0,2964.0,-26.72,False,0.88,2.16,0.91,True,4,False,-9.17,0.09,False,False,,tv_wilder_rsi14_sma5_v1,43.08,42.52,True,False,0.56
6981,6981.T,村田製作所,2022-10,NEW,1,46.2,46.76,False,True,0.56,2022-10,2433.33,2433.33,2433.33,0.0,2332.49,2476.6,2610.69,True,False,False,False,False,False,False,6938100.0,3180.67,-23.5,False,1.02,2.05,0.94,True,4,True,-10.84,1.72,False,False,,tv_wilder_rsi14_sma5_v1,46.76,46.2,True,False,0.56
6951,6951.T,日本電子,2022-10,NEW,1,48.36,48.91,False,True,0.55,2022-10,5460.0,5460.0,5460.0,0.0,5148.4,5543.47,5920.3,True,False,False,False,False,False,False,327547.0,9840.0,-44.51,False,1.16,2.82,0.91,True,4,True,-15.6,2.74,False,False,,tv_wilder_rsi14_sma5_v1,48.91,48.36,True,False,0.55
4337,4337.T,ぴあ,2022-10,CONTINUE,3,48.23,48.75,True,True,0.52,2022-08,3335.0,3330.0,3330.0,-0.15,3340.8,3283.47,3351.73,False,True,False,False,True,True,False,16573.0,4585.0,-27.26,False,0.45,2.81,0.87,True,4,True,-1.54,-1.71,False,False,,tv_wilder_rsi14_sma5_v1,48.75,48.23,True,True,0.52
9052,9052.T,山陽電気鉄道,2022-10,NEW,1,60.62,61.14,True,True,0.52,2022-10,2265.0,2265.0,2265.0,0.0,2245.28,2237.31,2130.48,True,True,True,True,True,True,True,33183.0,2360.0,-4.03,False,0.6,1.66,0.97,True,2,True,8.25,0.05,False,False,,tv_wilder_rsi14_sma5_v1,61.14,60.62,True,True,0.52
9438,9438.T,エムティーアイ,2022-10,CONTINUE,5,40.47,40.99,True,True,0.52,2022-06,491.0,509.0,509.0,3.67,455.4,455.52,562.34,True,True,False,False,True,False,False,93240.0,,,,1.41,4.06,1.18,False,4,True,,,,False,,tv_wilder_rsi14_sma5_v1,40.99,40.47,True,True,0.52
7414,7414.T,小野建,2022-10,NEW,1,48.98,49.48,True,True,0.5,2022-10,1438.0,1438.0,1438.0,0.0,1447.88,1447.89,1498.41,False,False,False,False,False,True,False,58763.0,1750.0,-17.83,False,0.8,1.25,0.84,True,4,False,-5.85,-0.11,False,False,,tv_wilder_rsi14_sma5_v1,49.48,48.98,True,True,0.5
8354,8354.T,ふくおかフィナンシャルグループ,2022-10,CONTINUE,3,60.17,60.67,True,False,0.5,2022-08,2486.0,2524.0,2524.0,1.53,2412.08,2367.25,2264.84,True,True,True,True,True,True,True,511710.0,2529.0,-1.7,False,0.78,1.37,0.69,True,2,True,15.66,2.38,False,False,,tv_wilder_rsi14_sma5_v1,60.67,60.17,False,True,0.5
9672,9672.T,東京都競馬,2022-10,CONTINUE,4,48.25,48.76,True,True,0.5,2022-07,4110.0,4145.0,4145.0,0.85,4021.8,3962.4,4148.38,True,True,False,False,True,False,False,106890.0,,,,0.84,1.51,0.96,True,4,True,,,,False,,tv_wilder_rsi14_sma5_v1,48.76,48.25,True,True,0.5
5186,5186.T,ニッタ,2022-10,NEW,1,54.21,54.7,True,True,0.49,2022-10,2889.0,2889.0,2889.0,0.0,2855.6,2895.61,2831.76,True,False,True,False,False,True,False,33017.0,3075.0,-6.05,False,1.67,1.84,0.91,True,3,True,3.0,-0.27,False,False,,tv_wilder_rsi14_sma5_v1,54.7,54.21,True,True,0.49
6615,6615.T,ユー・エム・シー・エレクトロニクス,2022-10,CONTINUE,8,42.95,43.44,True,False,0.49,2022-03,423.0,470.0,470.0,11.11,385.12,409.2,,True,True,,,True,False,,99263.0,,,,0.63,3.73,0.91,True,1,True,,,,False,,tv_wilder_rsi14_sma5_v1,43.44,42.95,False,True,0.49
9962,9962.T,ミスミグループ本社,2022-10,CONTINUE,4,45.5,45.99,True,True,0.49,2022-07,3295.0,3180.0,3180.0,-3.49,3095.48,3022.84,3787.97,True,True,False,False,True,False,False,1053280.0,,,,0.78,2.65,0.96,True,4,True,,,,False,,tv_wilder_rsi14_sma5_v1,45.99,45.5,True,True,0.49
7955,7955.T,クリナップ,2022-10,NEW,1,55.24,55.72,True,True,0.48,2022-10,608.0,608.0,608.0,0.0,589.88,604.51,565.92,True,True,True,False,False,True,True,41480.0,644.0,-5.59,False,1.22,1.45,0.81,True,2,True,6.64,0.81,False,False,,tv_wilder_rsi14_sma5_v1,55.72,55.24,True,True,0.48
8804,8804.T,東京建物,2022-10,CONTINUE,5,65.12,65.61,True,False,0.48,2022-06,1869.0,2049.0,2049.0,9.63,1776.28,1797.71,1735.98,True,True,True,False,False,True,True,1070013.0,,,,1.28,2.59,1.12,False,2,True,,,,False,,tv_wilder_rsi14_sma5_v1,65.61,65.12,False,True,0.48
9960,9960.T,東テク,2022-10,NEW,1,63.69,64.16,True,True,0.47,2022-10,1166.67,1166.67,1166.67,0.0,1129.13,1137.13,967.09,True,True,True,False,False,True,True,47400.0,1231.67,-5.28,False,1.23,2.02,0.8,True,2,False,23.28,-1.68,False,False,,tv_wilder_rsi14_sma5_v1,64.16,63.69,True,True,0.47
4634,4634.T,ａｒｔｉｅｎｃｅ,2022-10,NEW,1,43.13,43.59,True,True,0.46,2022-10,1915.0,1915.0,1915.0,0.0,1904.16,1917.83,1913.7,True,False,True,False,False,False,False,110177.0,2060.0,-7.04,False,1.2,1.0,0.86,True,3,False,-2.07,-0.22,False,False,,tv_wilder_rsi14_sma5_v1,43.59,43.13,True,True,0.46
7483,7483.T,ドウシシャ,2022-10,NEW,1,42.56,43.02,True,True,0.46,2022-10,1512.0,1512.0,1512.0,0.0,1473.72,1515.6,1521.46,True,False,False,False,False,False,False,53720.0,1795.0,-15.77,False,1.51,1.25,0.94,True,4,True,-4.36,0.78,True,False,,tv_wilder_rsi14_sma5_v1,43.02,42.56,True,True,0.46
7745,7745.T,Ａ＆Ｄホロンホールディングス,2022-10,NEW,1,48.36,48.82,False,True,0.46,2022-10,917.0,917.0,917.0,0.0,882.04,912.68,921.03,True,True,False,False,False,False,False,144380.0,1414.0,-35.15,False,1.46,2.26,0.92,True,4,True,-5.61,1.67,True,False,,tv_wilder_rsi14_sma5_v1,48.82,48.36,True,False,0.46
8473,8473.T,ＳＢＩホールディングス,2022-10,NEW,1,48.93,49.39,True,True,0.46,2022-10,1344.0,1344.0,1344.0,0.0,1314.44,1336.62,1405.02,True,True,False,False,False,True,False,3030653.0,1687.5,-20.36,False,0.82,1.4,0.78,True,4,False,-5.91,0.15,False,False,,tv_wilder_rsi14_sma5_v1,49.39,48.93,True,True,0.46
3107,3107.T,ダイワボウホールディングス,2022-10,NEW,1,56.55,57.0,True,True,0.44,2022-10,1923.0,1923.0,1923.0,0.0,1891.52,1906.21,1776.4,True,True,True,False,False,True,True,271370.0,2076.0,-7.37,False,1.64,2.31,0.84,True,2,False,6.69,-1.2,False,False,,tv_wilder_rsi14_sma5_v1,57.0,56.55,True,True,0.44
4681,4681.T,リゾートトラスト,2022-10,CONTINUE,3,61.76,62.2,True,False,0.44,2022-08,1120.5,1145.0,1145.0,2.19,1103.04,1071.41,1025.8,True,True,True,True,True,True,True,736160.0,1153.0,-2.82,False,0.67,1.88,0.87,True,2,True,13.54,0.24,False,False,,tv_wilder_rsi14_sma5_v1,62.2,61.76,False,True,0.44
9310,9310.T,日本トランスシティ,2022-10,NEW,1,44.7,45.14,False,True,0.44,2022-10,495.0,495.0,495.0,0.0,478.32,495.49,547.39,True,False,False,False,False,False,False,83917.0,727.0,-31.91,False,1.55,2.05,0.95,True,4,True,-10.83,2.49,True,False,,tv_wilder_rsi14_sma5_v1,45.14,44.7,True,False,0.44
9605,9605.T,東映,2022-10,NEW,1,50.46,50.89,False,True,0.43,2022-10,3662.0,3662.0,3662.0,0.0,3572.32,3685.63,3553.73,True,False,True,False,False,False,True,126017.0,4760.0,-23.07,False,1.32,2.36,0.99,True,2,True,-1.96,1.66,False,False,,tv_wilder_rsi14_sma5_v1,50.89,50.46,True,False,0.43
9039,9039.T,サカイ引越センター,2022-10,CONTINUE,7,47.51,47.93,True,True,0.42,2022-04,2217.5,2355.0,2355.0,6.2,2103.3,2134.9,,True,True,,,True,False,,43487.0,,,,1.05,2.38,1.06,False,1,True,,,,False,,tv_wilder_rsi14_sma5_v1,47.93,47.51,True,True,0.42
9622,9622.T,スペース,2022-10,NEW,1,43.94,44.36,False,True,0.42,2022-10,878.0,878.0,878.0,0.0,866.84,871.64,898.22,True,True,False,False,True,False,False,32507.0,1000.0,-12.2,False,1.02,1.15,0.83,True,4,True,-3.6,1.23,False,False,,tv_wilder_rsi14_sma5_v1,44.36,43.94,True,False,0.42
2120,2120.T,ＬＩＦＵＬＬ,2022-10,NEW,1,29.8,30.21,True,True,0.41,2022-10,165.0,165.0,165.0,0.0,162.6,169.35,195.03,True,False,False,False,False,True,False,287393.0,378.0,-56.35,False,1.21,2.25,0.9,True,4,False,-23.37,0.82,False,False,,tv_wilder_rsi14_sma5_v1,30.21,29.8,True,True,0.41
2121,2121.T,ＭＩＸＩ,2022-10,CONTINUE,5,47.9,48.3,True,True,0.39,2022-06,2252.0,2332.0,2332.0,3.55,2171.84,2194.39,2263.97,True,True,False,False,True,False,False,245787.0,,,,1.07,2.31,1.14,False,4,True,,,,False,,tv_wilder_rsi14_sma5_v1,48.3,47.9,True,True,0.39
1982,1982.T,日比谷総合設備,2022-10,NEW,1,50.65,51.04,True,True,0.38,2022-10,952.5,952.5,952.5,0.0,942.56,945.94,944.0,True,True,True,False,True,False,False,85613.0,1038.5,-8.28,False,2.09,1.23,0.81,True,3,False,-0.95,0.71,False,False,,tv_wilder_rsi14_sma5_v1,51.04,50.65,True,True,0.38
5949,5949.T,ユニプレス,2022-10,CONTINUE,7,44.95,45.33,True,False,0.38,2022-04,749.0,870.0,870.0,16.15,725.04,753.81,,True,False,,,True,False,,196277.0,,,,0.94,2.4,0.97,True,1,True,,,,False,,tv_wilder_rsi14_sma5_v1,45.33,44.95,False,True,0.38
8558,8558.T,東和銀行,2022-10,NEW,1,41.22,41.6,True,True,0.38,2022-10,520.0,520.0,520.0,0.0,519.08,523.97,532.29,True,False,False,False,False,True,False,63210.0,613.0,-15.17,False,1.09,1.48,0.95,True,4,False,-1.39,0.0,False,False,,tv_wilder_rsi14_sma5_v1,41.6,41.22,True,True,0.38
9031,9031.T,西日本鉄道,2022-10,CONTINUE,8,55.67,56.05,True,True,0.38,2022-03,2683.0,2919.0,2919.0,8.8,2619.36,2604.75,,True,True,,,True,False,,204253.0,,,,2.1,2.42,0.98,True,1,True,,,,False,,tv_wilder_rsi14_sma5_v1,56.05,55.67,True,True,0.38
9824,9824.T,泉州電業,2022-10,NEW,1,58.55,58.92,False,True,0.38,2022-10,2696.0,2696.0,2696.0,0.0,2702.28,2687.13,2750.25,False,True,False,False,False,True,False,69680.0,3350.0,-19.52,False,2.09,2.37,0.81,True,4,False,3.05,-0.07,False,False,,tv_wilder_rsi14_sma5_v1,58.92,58.55,True,False,0.38
6809,6809.T,ＴＯＡ,2022-10,NEW,1,46.02,46.39,False,True,0.37,2022-10,779.0,779.0,779.0,0.0,779.92,792.48,768.75,False,False,True,False,False,True,False,35073.0,852.0,-8.57,False,1.24,1.64,0.94,True,3,False,0.68,-0.15,False,False,,tv_wilder_rsi14_sma5_v1,46.39,46.02,True,False,0.37
7956,7956.T,ピジョン,2022-10,CONTINUE,4,33.69,34.05,True,False,0.36,2022-07,1935.0,1948.0,1948.0,0.67,1922.0,1949.27,2171.26,True,False,False,False,True,False,False,882310.0,,,,1.14,2.25,0.99,True,4,True,,,,False,,tv_wilder_rsi14_sma5_v1,34.05,33.69,False,True,0.36
3649,3649.T,ファインデックス,2022-10,NEW,1,37.7,38.05,True,True,0.35,2022-10,618.0,618.0,618.0,0.0,583.04,633.15,684.62,True,False,False,False,False,False,False,66957.0,1122.0,-44.92,False,1.06,2.92,0.91,True,4,True,-19.45,3.14,False,False,,tv_wilder_rsi14_sma5_v1,38.05,37.7,True,True,0.35
2335,2335.T,キューブシステム,2022-10,NEW,1,50.39,50.74,True,True,0.34,2022-10,1000.0,1000.0,1000.0,0.0,980.04,1012.84,955.04,True,False,True,False,False,True,False,34957.0,1094.0,-8.59,False,1.12,1.24,0.92,True,3,True,0.28,0.85,False,False,,tv_wilder_rsi14_sma5_v1,50.74,50.39,True,True,0.34
4204,4204.T,積水化学工業,2022-10,NEW,1,50.95,51.29,True,True,0.34,2022-10,1860.0,1860.0,1860.0,0.0,1807.72,1866.84,1837.54,True,False,True,False,False,False,False,1107940.0,2022.0,-8.01,False,1.54,1.97,1.03,False,3,False,0.49,0.53,False,False,,tv_wilder_rsi14_sma5_v1,51.29,50.95,True,True,0.34
4538,4538.T,扶桑薬品工業,2022-10,NEW,1,43.12,43.46,False,True,0.34,2022-10,2065.0,2065.0,2065.0,0.0,1994.48,2063.32,2143.66,True,True,False,False,False,False,False,14440.0,2663.0,-22.46,False,1.76,2.05,1.0,True,4,True,-8.17,1.06,False,False,,tv_wilder_rsi14_sma5_v1,43.46,43.12,True,False,0.34
7148,7148.T,ＦＰＧ,2022-10,CONTINUE,11,63.41,63.74,True,True,0.34,2021-12,684.0,1162.0,1162.0,69.88,595.72,645.91,,True,True,,,False,False,,568970.0,,,,1.21,3.29,1.35,False,1,True,,,,False,,tv_wilder_rsi14_sma5_v1,63.74,63.41,True,True,0.34
9064,9064.T,ヤマトホールディングス,2022-10,NEW,1,41.88,42.22,True,True,0.34,2022-10,2204.0,2204.0,2204.0,0.0,2190.88,2221.29,2278.32,True,False,False,False,True,True,False,1337080.0,2882.0,-23.53,False,1.44,1.59,0.92,True,4,True,-9.06,-0.06,False,False,,tv_wilder_rsi14_sma5_v1,42.22,41.88,True,True,0.34
3153,3153.T,八洲電機,2022-10,NEW,1,55.17,55.5,True,True,0.33,2022-10,1015.0,1015.0,1015.0,0.0,993.8,1010.23,977.49,True,True,True,False,False,True,True,36947.0,1060.0,-4.25,False,0.88,1.41,0.83,True,2,True,2.16,1.16,False,False,,tv_wilder_rsi14_sma5_v1,55.5,55.17,True,True,0.33
8341,8341.T,七十七銀行,2022-10,CONTINUE,11,60.58,60.9,True,True,0.32,2021-12,445.0,600.33,600.33,34.91,415.76,414.37,,True,True,,,True,True,,553160.0,,,,0.75,1.34,0.99,True,1,True,,,,False,,tv_wilder_rsi14_sma5_v1,60.9,60.58,True,True,0.32
5482,5482.T,愛知製鋼,2022-10,CONTINUE,2,34.87,35.18,True,True,0.31,2022-09,515.5,520.25,520.25,0.92,525.06,526.27,571.81,False,False,False,False,False,True,False,107840.0,715.5,-27.95,False,1.24,2.14,1.31,False,4,False,-12.54,0.24,False,False,,tv_wilder_rsi14_sma5_v1,35.18,34.87,True,True,0.31
5805,5805.T,ＳＷＣＣ,2022-10,NEW,1,54.14,54.44,True,True,0.31,2022-10,1789.0,1789.0,1789.0,0.0,1786.56,1777.95,1771.49,True,True,True,True,False,True,True,111823.0,2278.0,-21.47,False,1.31,2.21,0.9,True,1,False,-2.32,-2.3,False,False,,tv_wilder_rsi14_sma5_v1,54.44,54.14,True,True,0.31
7283,7283.T,愛三工業,2022-10,NEW,1,48.37,48.68,False,True,0.31,2022-10,705.0,705.0,705.0,0.0,694.24,711.16,716.68,True,False,False,False,False,False,False,105887.0,906.0,-22.19,False,1.66,1.84,0.94,True,4,False,-2.22,0.84,False,False,,tv_wilder_rsi14_sma5_v1,48.68,48.37,True,False,0.31
1882,1882.T,東亜道路工業,2022-10,NEW,1,74.69,74.99,True,True,0.3,2022-10,602.0,602.0,602.0,0.0,593.72,590.77,541.27,True,True,True,True,True,True,True,88733.0,608.0,-0.99,False,1.13,1.07,0.96,True,2,True,13.91,-0.81,False,False,,tv_wilder_rsi14_sma5_v1,74.99,74.69,True,True,0.3
7989,7989.T,立川ブラインド工業,2022-10,NEW,1,42.48,42.77,False,True,0.29,2022-10,1058.0,1058.0,1058.0,0.0,1041.2,1058.89,1069.37,True,False,False,False,False,False,False,12693.0,1314.0,-19.48,False,1.48,1.34,0.83,True,4,False,-5.8,0.18,False,False,,tv_wilder_rsi14_sma5_v1,42.77,42.48,True,False,0.29
7990,7990.T,グローブライド,2022-10,NEW,1,48.65,48.94,True,True,0.29,2022-10,2334.0,2334.0,2334.0,0.0,2233.64,2378.96,2492.26,True,False,False,False,False,True,False,98210.0,4480.0,-47.9,False,1.2,2.66,1.0,False,4,True,-13.26,0.68,True,False,,tv_wilder_rsi14_sma5_v1,48.94,48.65,True,True,0.29
9072,9072.T,ニッコンホールディングス,2022-10,CONTINUE,5,52.65,52.93,True,True,0.28,2022-06,1075.5,1162.5,1162.5,8.09,1042.46,1020.39,1068.6,True,True,True,False,True,False,False,274127.0,,,,1.57,1.7,1.0,False,3,True,,,,False,,tv_wilder_rsi14_sma5_v1,52.93,52.65,True,True,0.28
4051,4051.T,GMOフィナンシャルゲート,2022-10,NEW,1,50.24,50.51,True,True,0.27,2022-10,6970.0,6970.0,6970.0,0.0,6581.0,7138.93,7163.62,True,False,False,False,False,True,False,59273.0,19350.0,-63.98,False,0.95,3.48,0.98,True,4,True,-11.66,5.31,False,False,,tv_wilder_rsi14_sma5_v1,50.51,50.24,True,True,0.27
5331,5331.T,ノリタケ,2022-10,NEW,1,48.46,48.73,False,True,0.27,2022-10,1032.5,1032.5,1032.5,0.0,1008.35,1032.13,1060.24,True,True,False,False,False,False,False,151653.0,1280.0,-19.34,False,1.53,1.34,1.01,False,4,False,-6.31,0.48,False,False,,tv_wilder_rsi14_sma5_v1,48.73,48.46,True,False,0.27
6104,6104.T,芝浦機械,2022-10,NEW,1,50.4,50.66,False,True,0.25,2022-10,2892.0,2892.0,2892.0,0.0,2890.0,2935.55,3036.81,True,False,False,False,False,True,False,123233.0,3955.0,-26.88,False,1.12,2.01,0.76,True,4,False,-3.86,-2.7,False,False,,tv_wilder_rsi14_sma5_v1,50.66,50.4,True,False,0.25
7844,7844.T,マーベラス,2022-10,NEW,1,42.2,42.46,False,True,0.25,2022-10,675.0,675.0,675.0,0.0,668.72,676.79,704.37,True,False,False,False,False,False,False,116107.0,789.0,-14.45,False,1.5,2.04,1.11,False,4,True,-5.84,0.54,False,False,,tv_wilder_rsi14_sma5_v1,42.46,42.2,True,False,0.25
1379,1379.T,ホクト,2022-10,NEW,1,46.74,46.98,True,True,0.24,2022-10,1920.0,1920.0,1920.0,0.0,1899.88,1917.45,1939.31,True,True,False,False,False,False,True,46910.0,2045.0,-6.11,False,1.32,0.7,0.85,True,4,False,-1.51,0.07,False,False,,tv_wilder_rsi14_sma5_v1,46.98,46.74,True,True,0.24
1942,1942.T,関電工,2022-10,CONTINUE,5,45.42,45.67,True,True,0.24,2022-06,846.0,836.0,836.0,-1.18,821.72,826.85,860.92,True,True,False,False,True,False,False,298733.0,,,,1.19,1.67,1.14,False,4,True,,,,False,,tv_wilder_rsi14_sma5_v1,45.67,45.42,True,True,0.24
9305,9305.T,ヤマタネ,2022-10,NEW,1,54.23,54.47,False,True,0.24,2022-10,806.0,806.0,806.0,0.0,801.94,803.08,810.38,True,True,False,False,False,True,False,32953.0,872.5,-7.62,False,1.5,1.27,0.95,True,4,False,-0.17,0.27,True,False,,tv_wilder_rsi14_sma5_v1,54.47,54.23,True,False,0.24
2734,2734.T,サーラコーポレーション,2022-10,CONTINUE,5,64.9,65.14,True,True,0.23,2022-06,705.0,789.0,789.0,11.91,648.0,638.81,631.86,True,True,True,True,True,True,True,78757.0,,,,1.89,1.93,1.12,False,2,True,,,,False,,tv_wilder_rsi14_sma5_v1,65.14,64.9,True,True,0.23
3475,3475.T,グッドコムアセット,2022-10,CONTINUE,6,57.04,57.27,True,False,0.23,2022-05,593.5,701.0,701.0,18.11,551.78,545.33,605.15,True,True,False,False,True,True,,93280.0,,,,1.11,2.23,0.91,True,4,True,,,,False,,tv_wilder_rsi14_sma5_v1,57.27,57.04,False,True,0.23
6645,6645.T,オムロン,2022-10,NEW,1,42.46,42.69,False,True,0.23,2022-10,6956.0,6956.0,6956.0,0.0,6861.2,7177.84,7602.28,True,False,False,False,False,True,False,954720.0,12115.0,-42.58,False,1.47,2.39,1.04,False,4,False,-15.7,1.01,False,False,,tv_wilder_rsi14_sma5_v1,42.69,42.46,True,False,0.23
6702,6702.T,富士通,2022-10,NEW,1,51.77,52.0,False,True,0.23,2022-10,1712.5,1712.5,1712.5,0.0,1619.12,1684.5,1747.77,True,True,False,False,True,False,False,6623333.0,2200.0,-22.16,False,1.55,2.15,0.95,True,1,True,-11.25,0.83,False,False,,tv_wilder_rsi14_sma5_v1,52.0,51.77,True,False,0.23
4063,4063.T,信越化学工業,2022-10,NEW,1,46.42,46.63,False,True,0.22,2022-10,3108.0,3108.0,3108.0,0.0,3014.28,3224.47,3438.26,True,False,False,False,False,False,False,7086033.0,4174.0,-25.54,False,1.09,1.94,0.85,True,4,True,-13.58,0.81,False,False,,tv_wilder_rsi14_sma5_v1,46.63,46.42,True,False,0.22
6134,6134.T,ＦＵＪＩ,2022-10,NEW,1,41.49,41.71,False,True,0.22,2022-10,1968.0,1968.0,1968.0,0.0,1941.0,2003.24,2159.49,True,False,False,False,False,False,False,295553.0,2781.0,-29.23,False,0.87,1.93,0.96,True,4,False,-12.61,0.72,False,False,,tv_wilder_rsi14_sma5_v1,41.71,41.49,True,False,0.22
7309,7309.T,シマノ,2022-10,NEW,1,46.39,46.6,True,True,0.21,2022-10,23075.0,23075.0,23075.0,0.0,22804.0,23529.4,24531.75,True,False,False,False,False,True,False,398907.0,33450.0,-31.02,False,1.49,2.92,1.15,False,4,True,-6.25,2.05,False,False,,tv_wilder_rsi14_sma5_v1,46.6,46.39,True,True,0.21
7630,7630.T,壱番屋,2022-10,NEW,1,46.64,46.84,False,True,0.21,2022-10,918.0,918.0,918.0,0.0,890.16,916.28,935.47,True,True,False,False,False,False,False,255483.0,996.0,-7.83,False,1.04,1.14,0.73,True,1,True,-2.02,1.52,False,False,,tv_wilder_rsi14_sma5_v1,46.84,46.64,True,False,0.21
8098,8098.T,稲畑産業,2022-10,NEW,1,68.53,68.74,True,True,0.21,2022-10,2457.0,2457.0,2457.0,0.0,2439.64,2411.57,2228.05,True,True,True,True,True,True,True,206610.0,2608.0,-5.79,False,0.92,1.76,0.75,True,2,True,22.87,-2.16,False,False,,tv_wilder_rsi14_sma5_v1,68.74,68.53,True,True,0.21
8628,8628.T,松井証券,2022-10,NEW,1,42.85,43.07,False,True,0.21,2022-10,792.0,792.0,792.0,0.0,776.12,792.01,806.84,True,False,False,False,False,False,False,797630.0,861.0,-8.01,False,0.92,1.15,0.73,True,4,False,-2.58,0.44,False,False,,tv_wilder_rsi14_sma5_v1,43.07,42.85,True,False,0.21
9682,9682.T,ＤＴＳ,2022-10,NEW,1,70.37,70.59,True,True,0.21,2022-10,885.0,885.0,885.0,0.0,866.9,869.68,764.72,True,True,True,False,False,True,True,451493.0,926.25,-4.45,False,1.5,1.85,0.86,True,2,False,21.55,-0.88,False,False,,tv_wilder_rsi14_sma5_v1,70.59,70.37,True,True,0.21
2533,2533.T,オエノンホールディングス,2022-10,NEW,1,34.43,34.62,False,True,0.19,2022-10,283.0,283.0,283.0,0.0,279.28,288.21,307.71,True,False,False,False,False,False,False,74323.0,384.0,-26.3,False,1.33,1.74,0.92,True,4,False,-12.52,1.6,False,False,,tv_wilder_rsi14_sma5_v1,34.62,34.43,True,False,0.19
5821,5821.T,平河ヒューテック,2022-10,NEW,1,46.55,46.73,False,True,0.19,2022-10,1085.0,1085.0,1085.0,0.0,1057.56,1100.72,1113.28,True,False,False,False,False,False,False,15610.0,1267.0,-14.36,False,1.37,1.78,0.88,True,4,True,-3.69,1.69,False,False,,tv_wilder_rsi14_sma5_v1,46.73,46.55,True,False,0.19
2613,2613.T,Ｊ－オイルミルズ,2022-10,NEW,1,39.78,39.96,True,True,0.18,2022-10,1582.0,1582.0,1582.0,0.0,1550.32,1587.67,1612.55,True,False,False,False,False,False,False,31847.0,1850.0,-14.49,False,1.46,1.23,0.86,True,4,True,-5.53,0.5,False,False,,tv_wilder_rsi14_sma5_v1,39.96,39.78,True,True,0.18
3771,3771.T,システムリサーチ,2022-10,NEW,1,52.76,52.95,False,True,0.18,2022-10,1005.5,1005.5,1005.5,0.0,954.58,987.0,963.24,True,True,True,False,False,False,False,40267.0,1099.5,-8.55,False,0.91,2.13,0.99,True,3,True,0.86,3.07,True,False,,tv_wilder_rsi14_sma5_v1,52.95,52.76,True,False,0.18
3837,3837.T,アドソル日進,2022-10,NEW,1,39.41,39.58,True,True,0.17,2022-10,763.0,763.0,763.0,0.0,745.74,785.21,793.37,True,False,False,False,False,False,False,37193.0,1110.0,-31.26,False,1.03,2.08,0.85,True,4,True,-12.6,0.53,False,False,,tv_wilder_rsi14_sma5_v1,39.58,39.41,True,True,0.17
4114,4114.T,日本触媒,2022-10,CONTINUE,3,46.0,46.16,True,False,0.17,2022-08,1385.0,1335.0,1335.0,-3.61,1370.3,1338.03,1342.22,True,True,True,False,True,True,False,361187.0,1572.5,-11.92,False,0.75,2.29,0.93,True,3,True,1.44,0.43,False,False,,tv_wilder_rsi14_sma5_v1,46.16,46.0,False,True,0.17
5757,5757.T,ＣＫサンエツ,2022-10,NEW,1,57.2,57.37,False,True,0.17,2022-10,4105.0,4105.0,4105.0,0.0,4143.4,4146.27,4077.15,False,False,True,False,True,True,True,10330.0,4520.0,-9.18,False,2.01,2.48,1.11,False,2,False,5.22,-0.75,False,False,,tv_wilder_rsi14_sma5_v1,57.37,57.2,True,False,0.17
6036,6036.T,ＫｅｅＰｅｒ技研,2022-10,NEW,1,68.24,68.4,True,True,0.16,2022-10,4115.0,4115.0,4115.0,0.0,3870.0,3855.27,3046.91,True,True,True,True,False,True,True,228000.0,4585.0,-10.25,False,1.06,3.71,0.94,True,2,True,48.28,2.92,False,False,,tv_wilder_rsi14_sma5_v1,68.4,68.24,True,True,0.16
6250,6250.T,やまびこ,2022-10,NEW,1,47.37,47.53,False,True,0.16,2022-10,1145.0,1145.0,1145.0,0.0,1114.96,1150.84,1208.35,True,False,False,False,False,False,False,100627.0,1529.0,-25.11,False,1.23,1.47,0.88,True,1,False,-5.0,1.68,False,False,,tv_wilder_rsi14_sma5_v1,47.53,47.37,True,False,0.16
3291,3291.T,飯田グループホールディングス,2022-10,NEW,1,45.52,45.66,True,True,0.15,2022-10,2066.0,2066.0,2066.0,0.0,2053.96,2130.88,2163.36,True,False,False,False,False,True,False,521170.0,2906.0,-28.91,False,1.07,1.61,0.86,True,4,True,-11.72,0.12,False,False,,tv_wilder_rsi14_sma5_v1,45.66,45.52,True,True,0.15
3984,3984.T,ユーザーローカル,2022-10,NEW,1,44.75,44.9,False,False,0.15,2022-10,1610.0,1610.0,1610.0,0.0,1594.44,1603.8,1620.0,True,True,False,False,True,True,False,24690.0,2048.0,-21.39,False,1.5,1.99,0.88,True,1,True,-2.48,0.95,False,False,,tv_wilder_rsi14_sma5_v1,44.9,44.75,False,False,0.15
7952,7952.T,河合楽器製作所,2022-10,NEW,1,43.83,43.97,False,True,0.15,2022-10,2644.0,2644.0,2644.0,0.0,2608.12,2714.13,2861.03,True,False,False,False,False,False,False,20553.0,3660.0,-27.76,False,0.98,2.32,1.09,False,4,True,-13.48,1.04,False,False,,tv_wilder_rsi14_sma5_v1,43.97,43.83,True,False,0.15
9603,9603.T,エイチ・アイ・エス,2022-10,NEW,1,46.72,46.86,False,False,0.15,2022-10,2059.0,2059.0,2059.0,0.0,2119.6,2091.39,2074.21,False,False,False,True,False,True,True,2167997.0,2724.0,-24.41,False,0.54,3.08,0.83,True,1,False,-3.98,-2.53,False,False,,tv_wilder_rsi14_sma5_v1,46.86,46.72,False,False,0.15
2874,2874.T,横浜冷凍,2022-10,NEW,1,51.85,51.98,True,True,0.14,2022-10,902.0,902.0,902.0,0.0,894.04,910.4,878.93,True,False,True,False,False,True,True,134197.0,938.0,-3.84,False,0.98,1.24,0.86,True,2,False,2.33,-0.23,False,False,,tv_wilder_rsi14_sma5_v1,51.98,51.85,True,True,0.14
3276,3276.T,ＪＰＭＣ,2022-10,NEW,1,42.08,42.22,True,True,0.14,2022-10,1016.0,1016.0,1016.0,0.0,1011.8,1012.11,1006.65,True,True,True,False,True,False,False,16353.0,1199.0,-15.26,False,1.65,1.33,0.97,True,1,False,-1.88,0.85,False,False,,tv_wilder_rsi14_sma5_v1,42.22,42.08,True,True,0.14
3962,3962.T,チェンジホールディングス,2022-10,CONTINUE,2,48.19,48.32,True,True,0.13,2022-09,1959.0,1992.0,1992.0,1.68,1863.92,1970.88,1833.31,True,False,True,False,False,True,False,804300.0,2557.0,-23.39,False,1.07,4.6,1.23,False,3,True,-4.46,2.2,False,False,,tv_wilder_rsi14_sma5_v1,48.32,48.19,True,True,0.13
6055,6055.T,ジャパンマテリアル,2022-10,NEW,1,60.06,60.17,True,True,0.12,2022-10,1962.0,1962.0,1962.0,0.0,1888.6,1908.15,1830.88,True,True,True,False,False,False,True,322887.0,2070.0,-5.22,False,1.09,2.79,0.9,True,2,False,10.42,-0.78,False,False,,tv_wilder_rsi14_sma5_v1,60.17,60.06,True,True,0.12
6752,6752.T,パナソニックホールディングス,2022-10,NEW,1,43.1,43.22,False,True,0.12,2022-10,1064.5,1064.5,1064.5,0.0,1047.18,1096.97,1144.34,True,False,False,False,False,False,False,6216190.0,1541.0,-30.92,False,1.04,1.65,0.86,True,4,False,-11.53,0.49,True,False,,tv_wilder_rsi14_sma5_v1,43.22,43.1,True,False,0.12
8999,8999.T,グランディハウス,2022-10,NEW,1,60.28,60.4,True,True,0.12,2022-10,554.0,554.0,554.0,0.0,550.12,550.17,539.85,True,True,True,False,False,True,True,47727.0,594.0,-6.73,False,1.3,1.21,0.95,True,2,True,5.99,-0.43,False,False,,tv_wilder_rsi14_sma5_v1,60.4,60.28,True,True,0.12
6118,6118.T,アイダエンジニアリング,2022-10,NEW,1,45.54,45.65,False,True,0.11,2022-10,865.0,865.0,865.0,0.0,839.16,868.17,938.9,True,False,False,False,True,False,False,172257.0,1120.0,-22.77,False,1.41,1.77,0.84,True,4,True,-11.51,1.4,False,False,,tv_wilder_rsi14_sma5_v1,45.65,45.54,True,False,0.11
2801,2801.T,キッコーマン,2022-10,CONTINUE,4,54.58,54.67,True,False,0.1,2022-07,1574.0,1616.0,1616.0,2.67,1533.12,1481.41,1661.29,True,True,False,False,True,False,False,2798833.0,,,,0.81,2.26,1.01,False,4,True,,,,False,,tv_wilder_rsi14_sma5_v1,54.67,54.58,False,True,0.1
4507,4507.T,塩野義製薬,2022-10,CONTINUE,2,51.75,51.85,True,False,0.1,2022-09,2329.67,2296.67,2296.67,-1.42,2292.03,2297.79,2392.18,True,True,False,False,False,True,False,4916830.0,2813.0,-17.18,False,2.04,2.28,1.12,False,4,True,-5.48,-0.62,False,False,,tv_wilder_rsi14_sma5_v1,51.85,51.75,False,True,0.1
7734,7734.T,理研計器,2022-10,NEW,1,54.35,54.45,False,True,0.1,2022-10,2050.0,2050.0,2050.0,0.0,1975.1,2069.77,2194.64,True,False,False,False,False,True,False,131560.0,3050.0,-32.79,False,1.57,3.22,0.9,True,4,True,-0.18,1.42,False,False,,tv_wilder_rsi14_sma5_v1,54.45,54.35,True,False,0.1
5233,5233.T,太平洋セメント,2022-10,CONTINUE,5,40.18,40.27,True,False,0.09,2022-06,2025.0,2021.0,2021.0,-0.2,1988.56,2001.63,2210.51,True,True,False,False,False,False,False,682137.0,,,,0.81,2.36,0.91,True,4,True,,,,False,,tv_wilder_rsi14_sma5_v1,40.27,40.18,False,True,0.09
4540,4540.T,ツムラ,2022-10,CONTINUE,4,46.35,46.42,True,True,0.08,2022-07,3115.0,3105.0,3105.0,-0.32,3142.08,3067.63,3251.86,False,True,False,False,True,False,False,108993.0,,,,0.72,1.78,0.94,True,4,True,,,,False,,tv_wilder_rsi14_sma5_v1,46.42,46.35,True,True,0.08
7226,7226.T,極東開発工業,2022-10,NEW,1,46.48,46.55,True,True,0.08,2022-10,1383.0,1383.0,1383.0,0.0,1364.68,1393.45,1397.81,True,False,False,False,False,False,False,62313.0,1666.0,-16.99,False,0.93,1.67,0.72,True,4,True,-4.41,0.93,False,False,,tv_wilder_rsi14_sma5_v1,46.55,46.48,True,True,0.08
3443,3443.T,川田テクノロジーズ,2022-10,CONTINUE,4,40.9,40.97,True,False,0.07,2022-07,407.22,402.78,402.78,-1.09,403.24,392.33,415.66,True,True,False,False,True,False,False,75240.0,,,,0.72,1.85,0.92,True,4,True,,,,False,,tv_wilder_rsi14_sma5_v1,40.97,40.9,False,True,0.07
6088,6088.T,シグマクシス・ホールディングス,2022-10,NEW,1,55.24,55.31,True,True,0.07,2022-10,599.0,599.0,599.0,0.0,586.3,603.79,569.08,True,False,True,False,False,True,False,254360.0,833.75,-28.16,False,1.66,3.09,0.85,True,3,True,1.52,1.56,False,False,,tv_wilder_rsi14_sma5_v1,55.31,55.24,True,True,0.07
9790,9790.T,福井コンピュータホールディングス,2022-10,NEW,1,50.83,50.9,True,True,0.07,2022-10,3475.0,3475.0,3475.0,0.0,3482.2,3535.53,3321.17,False,False,True,False,False,True,True,45757.0,4250.0,-18.24,False,2.53,2.69,0.89,True,2,True,0.99,1.35,False,False,,tv_wilder_rsi14_sma5_v1,50.9,50.83,True,True,0.07
6584,6584.T,三櫻工業,2022-10,NEW,1,43.13,43.19,True,True,0.06,2022-10,679.0,679.0,679.0,0.0,681.48,716.93,716.04,False,False,False,False,False,True,False,100440.0,1080.0,-37.13,False,0.81,2.01,0.87,True,4,False,-13.23,-1.98,False,False,,tv_wilder_rsi14_sma5_v1,43.19,43.13,True,True,0.06
8713,8713.T,フィデアホールディングス,2022-10,NEW,1,51.69,51.76,True,True,0.06,2022-10,1294.0,1294.0,1294.0,0.0,1289.2,1302.77,1318.06,True,False,False,False,False,True,True,39517.0,1493.0,-13.33,False,1.18,1.26,0.9,True,4,True,-0.04,0.4,False,False,,tv_wilder_rsi14_sma5_v1,51.76,51.69,True,True,0.06
8060,8060.T,キヤノンマーケティングジャパン,2022-10,CONTINUE,10,65.29,65.34,False,False,0.05,2022-01,1167.5,1570.0,1570.0,34.48,1142.78,1161.11,,True,True,,,False,False,,295660.0,,,,2.13,2.1,1.2,False,1,False,,,,False,,tv_wilder_rsi14_sma5_v1,65.34,65.29,False,False,0.05
5406,5406.T,神戸製鋼所,2022-10,NEW,1,49.13,49.17,False,True,0.04,2022-10,610.0,610.0,610.0,0.0,607.92,617.92,611.44,True,False,False,False,False,False,True,4143400.0,739.0,-17.46,False,0.85,1.44,0.74,True,1,False,1.67,1.0,False,False,,tv_wilder_rsi14_sma5_v1,49.17,49.13,True,False,0.04
7186,7186.T,横浜フィナンシャルグループ,2022-10,NEW,1,53.37,53.41,True,True,0.04,2022-10,453.0,453.0,453.0,0.0,456.2,449.49,459.3,False,True,False,False,True,False,True,4174667.0,516.0,-12.21,False,1.34,2.48,1.03,False,4,True,-1.32,-0.38,False,False,,tv_wilder_rsi14_sma5_v1,53.41,53.37,True,True,0.04
7593,7593.T,ＶＴホールディングス,2022-10,NEW,1,53.13,53.17,True,True,0.04,2022-10,482.0,482.0,482.0,0.0,482.56,485.73,471.97,False,False,True,False,False,True,True,235143.0,525.0,-8.19,False,0.87,1.24,0.73,True,2,False,0.84,-0.33,False,False,,tv_wilder_rsi14_sma5_v1,53.17,53.13,True,True,0.04
7931,7931.T,未来工業,2022-10,NEW,1,39.59,39.61,False,True,0.03,2022-10,1508.0,1508.0,1508.0,0.0,1482.2,1513.84,1517.12,True,False,False,False,False,False,False,13247.0,1749.0,-13.78,False,1.95,1.78,0.92,True,4,False,-2.9,-0.76,False,False,,tv_wilder_rsi14_sma5_v1,39.61,39.59,True,False,0.03
8399,8399.T,琉球銀行,2022-10,NEW,1,43.51,43.54,True,True,0.03,2022-10,778.0,778.0,778.0,0.0,769.36,781.69,795.51,True,False,False,False,False,False,True,117733.0,880.0,-11.59,False,1.64,1.51,1.0,False,4,True,-2.26,0.22,False,False,,tv_wilder_rsi14_sma5_v1,43.54,43.51,True,True,0.03
6962,6962.T,大真空,2022-10,NEW,1,51.12,51.15,False,True,0.02,2022-10,929.0,929.0,929.0,0.0,901.68,934.29,1038.07,True,False,False,False,False,False,False,472567.0,1790.0,-48.1,False,0.87,2.43,0.86,True,4,False,-12.65,0.02,False,False,,tv_wilder_rsi14_sma5_v1,51.15,51.12,True,False,0.02
2317,2317.T,システナ,2022-10,NEW,1,47.67,47.68,True,True,0.01,2022-10,417.0,417.0,417.0,0.0,417.44,434.29,420.44,False,False,False,False,False,True,False,701637.0,568.5,-26.65,False,1.94,2.59,0.89,True,1,False,-6.72,-0.31,False,False,,tv_wilder_rsi14_sma5_v1,47.68,47.67,True,True,0.01
2326,2326.T,デジタルアーツ,2022-10,NEW,1,42.6,42.61,False,False,0.01,2022-10,6270.0,6270.0,6270.0,0.0,6456.8,6485.6,6643.5,False,False,False,False,True,True,False,58367.0,10680.0,-41.29,False,1.64,3.29,0.97,True,4,True,-12.88,-1.66,False,False,,tv_wilder_rsi14_sma5_v1,42.61,42.6,False,False,0.01
8892,8892.T,エスコン,2022-10,CONTINUE,4,52.69,52.7,True,False,0.01,2022-07,842.0,811.0,811.0,-3.68,772.68,773.09,781.46,True,True,True,False,True,False,False,212603.0,,,,1.98,2.2,1.29,False,1,True,,,,False,,tv_wilder_rsi14_sma5_v1,52.7,52.69,False,True,0.01
6701,6701.T,日本電気,2022-10,NEW,1,48.0,48.0,False,True,0.0,2022-10,985.0,985.0,985.0,0.0,955.08,991.25,1014.77,True,False,False,False,False,False,False,6634000.0,1276.0,-22.81,False,1.36,1.71,0.89,True,1,True,-8.69,1.85,True,False,,tv_wilder_rsi14_sma5_v1,48.0,48.0,True,False,0.0
