code,ticker,name,signal_month,status,months_active,rsi14,rsi5,rsi14_up,rsi5_up,diff,gc_month,gc_price,signal_month_close,period_price,return_since_gc_pct,sma25,sma75,sma200,price_above_sma25,price_above_sma75,price_above_sma200,perfect_order,sma25_up,sma75_up,sma200_up,avg_volume30,high52_price,high52_distance_pct,high52_breakout,volume_ratio_5_30,atr14_pct,atr_ratio_10_20,vcp_tight,stage,supertrend_up,rsr_score,rsr_momentum,mvp_signal,cosmos_focus,cosmos_focus_type,signal_version,monthly_rsi14,monthly_rsi_ma5,monthly_rsi14_up,monthly_rsi_ma5_up,monthly_rsi_spread
6619,6619.T,ダブル・スコープ,2022-06,CONTINUE,3,57.87,76.0,True,True,18.13,2022-04,958.0,2271.0,2271.0,137.06,872.24,875.03,,True,True,,,True,True,,3785590.0,,,,1.63,6.61,1.18,False,1,True,,,,False,,tv_wilder_rsi14_sma5_v1,76.0,57.87,True,True,18.13
6651,6651.T,日東工業,2022-06,CONTINUE,2,49.8,64.06,True,True,14.26,2022-05,2203.0,2347.0,2347.0,6.54,1826.64,1654.29,1656.88,True,True,True,False,True,True,,175150.0,,,,1.73,4.25,0.94,True,1,True,,,,False,,tv_wilder_rsi14_sma5_v1,64.06,49.8,True,True,14.26
2220,2220.T,亀田製菓,2022-06,CONTINUE,3,41.86,55.55,True,True,13.69,2022-04,1405.0,1608.33,1608.33,14.47,1353.47,1363.0,,True,True,,,False,False,,54740.0,,,,1.17,1.43,1.19,False,1,True,,,,False,,tv_wilder_rsi14_sma5_v1,55.55,41.86,True,True,13.69
4044,4044.T,セントラル硝子,2022-06,CONTINUE,4,57.35,70.85,True,True,13.5,2022-03,2087.0,3085.0,3085.0,47.82,2052.48,2086.79,,True,True,,,False,True,,100893.0,,,,0.8,2.09,0.87,True,1,True,,,,False,,tv_wilder_rsi14_sma5_v1,70.85,57.35,True,True,13.5
5726,5726.T,大阪チタニウムテクノロジーズ,2022-06,CONTINUE,7,67.76,80.99,True,True,13.24,2021-12,790.0,2616.0,2616.0,231.14,793.32,812.8,,False,False,,,False,True,,261307.0,,,,0.63,2.32,0.78,True,1,False,,,,False,,tv_wilder_rsi14_sma5_v1,80.99,67.76,True,True,13.24
9412,9412.T,スカパーＪＳＡＴ,2022-06,CONTINUE,2,52.09,64.84,True,True,12.75,2022-05,465.0,540.0,540.0,16.13,447.36,432.92,429.26,True,True,True,True,True,True,,755240.0,,,,1.25,1.98,0.62,True,1,True,,,,False,,tv_wilder_rsi14_sma5_v1,64.84,52.09,True,True,12.75
4847,4847.T,インテリジェント   ウェイブ,2022-06,CONTINUE,5,48.86,60.15,True,True,11.29,2022-02,583.0,785.0,785.0,34.65,548.56,542.77,,True,True,,,True,False,,55350.0,,,,0.88,3.31,1.07,False,1,True,,,,False,,tv_wilder_rsi14_sma5_v1,60.15,48.86,True,True,11.29
7211,7211.T,三菱自動車工業,2022-06,CONTINUE,4,51.33,62.55,True,True,11.22,2022-03,331.0,459.0,459.0,38.67,293.6,314.49,,True,True,,,False,False,,16562560.0,,,,1.08,3.28,0.94,True,1,True,,,,False,,tv_wilder_rsi14_sma5_v1,62.55,51.33,True,True,11.22
4041,4041.T,日本曹達,2022-06,CONTINUE,5,60.51,71.22,True,True,10.7,2022-02,1685.0,2182.5,2182.5,29.53,1670.2,1660.33,,True,True,,,True,False,,100293.0,,,,0.7,2.8,0.89,True,1,True,,,,False,,tv_wilder_rsi14_sma5_v1,71.22,60.51,True,True,10.7
6630,6630.T,ヤーマン,2022-06,CONTINUE,4,50.45,61.01,True,True,10.56,2022-03,1149.0,1728.0,1728.0,50.39,1035.44,964.63,,True,True,,,True,False,,726987.0,,,,0.91,5.32,0.97,True,1,True,,,,False,,tv_wilder_rsi14_sma5_v1,61.01,50.45,True,True,10.56
9534,9534.T,北海道瓦斯,2022-06,CONTINUE,3,52.26,62.81,True,True,10.55,2022-04,301.8,335.4,335.4,11.13,296.27,299.3,,True,True,,,False,False,,123700.0,,,,1.19,1.09,1.06,False,1,True,,,,False,,tv_wilder_rsi14_sma5_v1,62.81,52.26,True,True,10.55
9041,9041.T,近鉄グループホールディングス,2022-06,CONTINUE,5,43.84,54.12,True,True,10.28,2022-02,3455.0,4225.0,4225.0,22.29,3459.4,3371.27,,False,True,,,True,False,,461790.0,,,,1.11,2.48,1.01,False,1,True,,,,False,,tv_wilder_rsi14_sma5_v1,54.12,43.84,True,True,10.28
9274,9274.T,ＫＰＰグループホールディングス,2022-06,CONTINUE,2,56.56,66.84,True,True,10.28,2022-05,391.0,471.0,471.0,20.46,326.76,327.17,337.33,True,True,True,False,True,True,,397010.0,,,,1.64,4.42,1.12,False,1,True,,,,False,,tv_wilder_rsi14_sma5_v1,66.84,56.56,True,True,10.28
7224,7224.T,新明和工業,2022-06,CONTINUE,5,47.7,57.97,True,True,10.27,2022-02,931.0,1080.0,1080.0,16.0,908.88,893.07,,True,True,,,True,False,,162313.0,,,,1.13,1.66,1.0,True,1,True,,,,False,,tv_wilder_rsi14_sma5_v1,57.97,47.7,True,True,10.27
4996,4996.T,クミアイ化学工業,2022-06,CONTINUE,5,54.53,64.75,True,True,10.22,2022-02,813.0,1105.0,1105.0,35.92,799.12,811.07,,True,True,,,True,False,,120697.0,,,,1.13,2.27,1.15,False,1,False,,,,False,,tv_wilder_rsi14_sma5_v1,64.75,54.53,True,True,10.22
9501,9501.T,東京電力ホールディングス,2022-06,CONTINUE,6,60.9,71.08,True,True,10.18,2022-01,306.0,567.0,567.0,85.29,298.4,310.4,,True,False,,,False,False,,14914620.0,,,,1.46,2.59,1.29,False,1,True,,,,False,,tv_wilder_rsi14_sma5_v1,71.08,60.9,True,True,10.18
5988,5988.T,パイオラックス,2022-06,CONTINUE,2,50.78,60.88,True,True,10.1,2022-05,1840.0,2002.0,2002.0,8.8,1464.16,1567.92,1619.2,True,True,True,False,False,False,,86197.0,,,,3.35,3.33,1.23,False,3,True,,,,False,,tv_wilder_rsi14_sma5_v1,60.88,50.78,True,True,10.1
9831,9831.T,ヤマダホールディングス,2022-06,CONTINUE,3,42.31,52.36,True,True,10.06,2022-04,387.0,488.0,488.0,26.1,382.88,390.25,,True,False,,,False,False,,6855933.0,,,,0.83,1.13,1.01,False,1,True,,,,False,,tv_wilder_rsi14_sma5_v1,52.36,42.31,True,True,10.06
4813,4813.T,ＡＣＣＥＳＳ,2022-06,CONTINUE,2,38.16,48.14,True,True,9.98,2022-05,579.0,743.0,743.0,28.32,566.72,568.73,737.12,True,True,False,False,False,False,,74450.0,,,,0.92,3.11,1.0,False,4,True,,,,False,,tv_wilder_rsi14_sma5_v1,48.14,38.16,True,True,9.98
2217,2217.T,モロゾフ,2022-06,CONTINUE,5,59.19,69.14,True,True,9.95,2022-02,926.0,1213.33,1213.33,31.03,918.11,924.7,,True,True,,,False,True,,35840.0,,,,0.65,1.89,0.84,True,1,False,,,,False,,tv_wilder_rsi14_sma5_v1,69.14,59.19,True,True,9.95
9936,9936.T,王将フードサービス,2022-06,CONTINUE,5,55.46,65.38,True,True,9.92,2022-02,2016.67,2330.0,2330.0,15.54,1987.73,2004.31,,True,True,,,False,True,,74030.0,,,,1.21,1.02,0.93,True,1,True,,,,False,,tv_wilder_rsi14_sma5_v1,65.38,55.46,True,True,9.92
7270,7270.T,ＳＵＢＡＲＵ,2022-06,CONTINUE,2,45.86,55.66,True,True,9.8,2022-05,2227.5,2411.5,2411.5,8.26,2050.78,1936.96,2061.01,True,True,True,False,True,False,,3660560.0,,,,0.95,3.04,0.88,True,1,True,,,,False,,tv_wilder_rsi14_sma5_v1,55.66,45.86,True,True,9.8
7157,7157.T,ライフネット生命保険,2022-06,CONTINUE,2,36.13,45.89,True,True,9.76,2022-05,629.0,831.0,831.0,32.11,588.88,573.28,890.0,True,True,False,False,True,False,,605320.0,,,,1.69,5.75,1.1,False,4,True,,,,False,,tv_wilder_rsi14_sma5_v1,45.89,36.13,True,True,9.76
3963,3963.T,シンクロ・フード,2022-06,CONTINUE,2,42.85,52.52,True,True,9.67,2022-05,289.0,391.0,391.0,35.29,279.32,280.04,334.07,True,True,False,False,False,False,,153433.0,,,,1.23,6.01,0.87,True,4,False,,,,False,,tv_wilder_rsi14_sma5_v1,52.52,42.85,True,True,9.67
5192,5192.T,三ツ星ベルト,2022-06,CONTINUE,2,61.45,71.07,True,True,9.62,2022-05,2797.0,2824.0,2824.0,0.97,2350.88,2143.68,2077.16,True,True,True,True,True,True,,99777.0,,,,1.47,4.34,0.82,True,1,True,,,,False,,tv_wilder_rsi14_sma5_v1,71.07,61.45,True,True,9.62
7231,7231.T,トピー工業,2022-06,CONTINUE,2,41.23,50.57,True,True,9.34,2022-05,1330.0,1364.0,1364.0,2.56,1165.04,1096.53,1135.1,True,True,True,False,True,True,,67130.0,,,,0.78,2.92,0.59,True,1,True,,,,False,,tv_wilder_rsi14_sma5_v1,50.57,41.23,True,True,9.34
2501,2501.T,サッポロホールディングス,2022-06,CONTINUE,5,59.39,68.58,True,True,9.19,2022-02,455.4,602.0,602.0,32.19,455.98,453.64,,False,True,,,True,False,,1271650.0,,,,0.97,2.37,1.25,False,1,False,,,,False,,tv_wilder_rsi14_sma5_v1,68.58,59.39,True,True,9.19
9044,9044.T,ＮＡＮＫＡＩ,2022-06,CONTINUE,6,49.87,58.93,True,True,9.06,2022-01,2269.0,2688.0,2688.0,18.47,2202.08,2198.19,,True,True,,,True,False,,195930.0,,,,1.03,1.99,1.07,False,1,True,,,,False,,tv_wilder_rsi14_sma5_v1,58.93,49.87,True,True,9.06
9364,9364.T,上組,2022-06,CONTINUE,5,56.51,65.52,True,True,9.0,2022-02,2230.0,2624.0,2624.0,17.67,2210.24,2201.77,,True,True,,,True,False,,328173.0,,,,0.9,1.9,0.9,True,1,False,,,,False,,tv_wilder_rsi14_sma5_v1,65.52,56.51,True,True,9.0
9990,9990.T,サックスバーホールディングス,2022-06,CONTINUE,2,39.54,48.54,True,True,9.0,2022-05,594.0,603.0,603.0,1.52,525.76,510.8,533.41,True,True,True,False,True,True,,61197.0,,,,1.78,2.14,1.07,False,3,True,,,,False,,tv_wilder_rsi14_sma5_v1,48.54,39.54,True,True,9.0
7184,7184.T,富山第一銀行,2022-06,CONTINUE,7,59.79,68.71,True,True,8.92,2021-12,295.0,414.0,414.0,40.34,279.4,288.47,,True,True,,,False,False,,76620.0,,,,0.82,1.5,1.09,False,1,True,,,,False,,tv_wilder_rsi14_sma5_v1,68.71,59.79,True,True,8.92
3402,3402.T,東レ,2022-06,CONTINUE,2,48.66,57.47,True,True,8.81,2022-05,666.3,761.2,761.2,14.24,638.58,635.55,685.66,True,True,False,False,True,False,,5534640.0,,,,1.28,2.19,0.96,True,4,True,,,,False,,tv_wilder_rsi14_sma5_v1,57.47,48.66,True,True,8.81
8142,8142.T,トーホー,2022-06,CONTINUE,4,36.06,44.82,True,True,8.76,2022-03,380.0,462.67,462.67,21.75,356.56,376.92,,True,True,,,True,False,,136470.0,,,,0.58,3.58,0.94,True,1,True,,,,False,,tv_wilder_rsi14_sma5_v1,44.82,36.06,True,True,8.76
9513,9513.T,電源開発,2022-06,CONTINUE,7,53.45,62.2,True,True,8.75,2021-12,1527.0,2244.0,2244.0,46.95,1507.8,1541.92,,True,False,,,True,False,,902797.0,,,,0.69,1.35,0.95,True,1,True,,,,False,,tv_wilder_rsi14_sma5_v1,62.2,53.45,True,True,8.75
9531,9531.T,東京瓦斯,2022-06,CONTINUE,7,55.38,64.11,True,True,8.72,2021-12,2062.0,2807.0,2807.0,36.13,2030.4,2019.04,,True,True,,,True,False,,1311743.0,,,,0.47,1.53,0.94,True,1,True,,,,False,,tv_wilder_rsi14_sma5_v1,64.11,55.38,True,True,8.72
3088,3088.T,マツキヨココカラ＆カンパニー,2022-06,CONTINUE,5,53.95,62.54,True,True,8.59,2022-02,1470.0,1830.0,1830.0,24.49,1375.07,1431.2,,True,True,,,True,False,,1857930.0,,,,1.07,3.15,1.24,False,1,True,,,,False,,tv_wilder_rsi14_sma5_v1,62.54,53.95,True,True,8.59
2670,2670.T,エービーシー・マート,2022-06,CONTINUE,3,44.45,53.02,True,True,8.58,2022-04,1786.67,2000.0,2000.0,11.94,1651.2,1671.04,,True,True,,,True,False,,907840.0,,,,0.96,2.58,1.0,True,1,True,,,,False,,tv_wilder_rsi14_sma5_v1,53.02,44.45,True,True,8.58
9627,9627.T,アインホールディングス,2022-06,NEW,1,46.99,55.56,True,True,8.57,2022-06,7250.0,7250.0,7250.0,0.0,6636.4,6177.87,6272.75,True,True,True,False,True,True,False,155047.0,,,,0.63,2.63,0.88,True,3,True,,,,False,,tv_wilder_rsi14_sma5_v1,55.56,46.99,True,True,8.57
9532,9532.T,大阪瓦斯,2022-06,CONTINUE,6,60.79,69.31,True,True,8.53,2022-01,1952.0,2596.0,2596.0,32.99,1931.32,1889.61,,True,True,,,True,False,,825017.0,,,,1.34,1.63,1.13,False,1,True,,,,False,,tv_wilder_rsi14_sma5_v1,69.31,60.79,True,True,8.53
9503,9503.T,関西電力,2022-06,CONTINUE,7,56.45,64.88,True,True,8.43,2021-12,1074.0,1344.0,1344.0,25.14,1058.92,1072.79,,True,True,,,True,False,,2010740.0,,,,0.67,1.2,0.97,True,1,True,,,,False,,tv_wilder_rsi14_sma5_v1,64.88,56.45,True,True,8.43
7976,7976.T,三菱鉛筆,2022-06,CONTINUE,5,43.72,52.13,True,True,8.41,2022-02,1281.0,1468.0,1468.0,14.6,1230.12,1228.03,,True,True,,,True,False,,132927.0,,,,1.41,2.45,1.13,False,1,True,,,,False,,tv_wilder_rsi14_sma5_v1,52.13,43.72,True,True,8.41
2267,2267.T,ヤクルト本社,2022-06,CONTINUE,7,59.14,67.47,True,True,8.34,2021-12,3000.0,3915.0,3915.0,30.5,2958.4,2903.53,,True,True,,,True,False,,1091847.0,,,,0.61,1.93,1.09,False,1,True,,,,False,,tv_wilder_rsi14_sma5_v1,67.47,59.14,True,True,8.34
2875,2875.T,東洋水産,2022-06,CONTINUE,2,48.76,57.03,True,True,8.27,2022-05,4815.0,5290.0,5290.0,9.87,4346.0,4481.6,4655.0,True,True,True,False,True,False,,1232970.0,,,,2.13,4.0,0.94,True,1,True,,,,False,,tv_wilder_rsi14_sma5_v1,57.03,48.76,True,True,8.27
1893,1893.T,五洋建設,2022-06,CONTINUE,3,45.9,54.16,True,True,8.26,2022-04,637.0,732.0,732.0,14.91,628.36,624.16,,True,True,,,True,False,,1271890.0,,,,0.68,2.02,0.95,True,1,True,,,,False,,tv_wilder_rsi14_sma5_v1,54.16,45.9,True,True,8.26
8219,8219.T,青山商事,2022-06,CONTINUE,2,38.92,47.17,True,True,8.25,2022-05,292.0,300.67,300.67,2.97,248.32,230.68,238.61,True,True,True,False,True,True,,1517530.0,,,,1.74,4.58,1.04,False,1,True,,,,False,,tv_wilder_rsi14_sma5_v1,47.17,38.92,True,True,8.25
2229,2229.T,カルビー,2022-06,NEW,1,40.39,48.6,True,True,8.21,2022-06,2736.0,2736.0,2736.0,0.0,2490.72,2431.83,2590.12,True,True,True,False,True,True,False,544860.0,,,,1.48,2.46,1.36,False,3,True,,,,False,,tv_wilder_rsi14_sma5_v1,48.6,40.39,True,True,8.21
2749,2749.T,ＪＰホールディングス,2022-06,CONTINUE,2,39.47,47.65,True,True,8.17,2022-05,227.0,252.0,252.0,11.01,216.64,219.45,243.29,True,True,False,False,True,False,,213117.0,,,,0.75,2.45,0.87,True,4,True,,,,False,,tv_wilder_rsi14_sma5_v1,47.65,39.47,True,True,8.17
8897,8897.T,ＭＩＲＡＲＴＨホールディングス,2022-06,CONTINUE,2,46.54,54.71,True,True,8.17,2022-05,331.0,360.0,360.0,8.76,306.96,306.99,304.44,True,True,True,False,True,True,,299637.0,,,,1.61,2.61,0.99,True,3,True,,,,False,,tv_wilder_rsi14_sma5_v1,54.71,46.54,True,True,8.17
3656,3656.T,ＫＬａｂ,2022-06,CONTINUE,4,37.97,46.12,True,True,8.14,2022-03,446.0,599.0,599.0,34.3,407.36,446.49,,True,False,,,False,False,,528987.0,,,,1.57,3.84,1.07,False,1,True,,,,False,,tv_wilder_rsi14_sma5_v1,46.12,37.97,True,True,8.14
8242,8242.T,エイチ・ツー・オー   リテイリング,2022-06,CONTINUE,5,49.18,57.27,True,True,8.1,2022-02,860.0,1051.0,1051.0,22.21,834.92,825.97,,True,True,,,True,False,,492783.0,,,,0.83,2.69,1.07,False,1,True,,,,False,,tv_wilder_rsi14_sma5_v1,57.27,49.18,True,True,8.1
8125,8125.T,ワキタ,2022-06,CONTINUE,3,52.2,60.27,True,True,8.07,2022-04,1077.0,1195.0,1195.0,10.96,1031.4,1016.48,,True,True,,,True,False,,106927.0,,,,1.2,2.12,0.89,True,1,True,,,,False,,tv_wilder_rsi14_sma5_v1,60.27,52.2,True,True,8.07
7525,7525.T,リックス,2022-06,CONTINUE,7,60.88,68.95,True,False,8.06,2021-12,1493.0,1935.0,1935.0,29.6,1489.0,1501.17,,True,False,,,False,False,,4533.0,,,,1.55,1.24,0.93,True,1,True,,,,False,,tv_wilder_rsi14_sma5_v1,68.95,60.88,False,True,8.06
3193,3193.T,エターナルホスピタリティグループ,2022-06,CONTINUE,2,52.68,60.72,True,True,8.04,2022-05,1898.0,2358.0,2358.0,24.24,1795.2,1801.93,1827.54,True,True,True,False,False,True,,47393.0,,,,1.13,2.01,1.05,False,1,True,,,,False,,tv_wilder_rsi14_sma5_v1,60.72,52.68,True,True,8.04
9006,9006.T,京浜急行電鉄,2022-06,CONTINUE,5,43.26,51.22,True,True,7.96,2022-02,1204.0,1487.0,1487.0,23.5,1214.04,1189.37,,False,True,,,True,False,,806433.0,,,,0.97,2.88,0.99,True,1,True,,,,False,,tv_wilder_rsi14_sma5_v1,51.22,43.26,True,True,7.96
3626,3626.T,ＴＩＳ,2022-06,CONTINUE,2,59.62,67.41,True,True,7.79,2022-05,3375.0,3555.0,3555.0,5.33,3232.96,2910.39,3076.28,True,True,True,False,True,True,,963133.0,,,,1.86,3.91,0.95,True,1,True,,,,False,,tv_wilder_rsi14_sma5_v1,67.41,59.62,True,True,7.79
1377,1377.T,サカタのタネ,2022-06,CONTINUE,6,59.82,67.56,True,True,7.74,2022-01,3360.0,4575.0,4575.0,36.16,3305.8,3326.0,,True,True,,,True,False,,79343.0,,,,1.03,2.4,0.92,True,1,True,,,,False,,tv_wilder_rsi14_sma5_v1,67.56,59.82,True,True,7.74
1518,1518.T,三井松島ホールディングス,2022-06,CONTINUE,4,70.88,78.59,True,False,7.71,2022-03,382.2,592.8,592.8,55.1,395.98,354.89,,False,True,,,True,True,,12184283.0,,,,0.58,7.51,0.87,True,1,True,,,,False,,tv_wilder_rsi14_sma5_v1,78.59,70.88,False,True,7.71
3964,3964.T,オークネット,2022-06,CONTINUE,2,54.34,62.05,True,True,7.71,2022-05,446.25,514.75,514.75,15.35,413.6,399.61,445.92,True,True,True,False,True,True,,163413.0,,,,0.78,4.15,0.92,True,1,True,,,,False,,tv_wilder_rsi14_sma5_v1,62.05,54.34,True,True,7.71
9722,9722.T,藤田観光,2022-06,CONTINUE,2,54.94,62.65,True,True,7.71,2022-05,495.2,571.8,571.8,15.47,473.68,468.77,473.28,True,True,True,False,True,True,,185117.0,,,,1.47,2.95,0.96,True,1,True,,,,False,,tv_wilder_rsi14_sma5_v1,62.65,54.94,True,True,7.71
3591,3591.T,ワコールホールディングス,2022-06,CONTINUE,2,39.56,47.26,True,True,7.7,2022-05,1990.0,2144.0,2144.0,7.74,1910.96,1908.33,2107.41,True,True,False,False,True,False,,153960.0,,,,1.4,2.53,0.95,True,4,True,,,,False,,tv_wilder_rsi14_sma5_v1,47.26,39.56,True,True,7.7
8850,8850.T,スターツコーポレーション,2022-06,NEW,1,48.45,56.15,True,True,7.7,2022-06,2787.0,2787.0,2787.0,0.0,2576.56,2441.27,2543.41,True,True,True,False,True,True,False,95080.0,,,,1.14,2.07,1.09,False,3,True,,,,False,,tv_wilder_rsi14_sma5_v1,56.15,48.45,True,True,7.7
1929,1929.T,日特建設,2022-06,CONTINUE,5,52.96,60.6,True,True,7.63,2022-02,738.0,819.0,819.0,10.98,694.72,675.77,,True,True,,,True,False,,76810.0,,,,0.72,1.84,0.71,True,1,True,,,,False,,tv_wilder_rsi14_sma5_v1,60.6,52.96,True,True,7.63
5021,5021.T,コスモエネルギーホールディングス,2022-06,CONTINUE,5,64.07,71.6,True,True,7.53,2022-02,1298.0,1880.0,1880.0,44.84,1204.8,1170.91,,True,True,,,True,False,,939393.0,,,,1.24,3.13,1.38,False,1,True,,,,False,,tv_wilder_rsi14_sma5_v1,71.6,64.07,True,True,7.53
6036,6036.T,ＫｅｅＰｅｒ技研,2022-06,CONTINUE,4,59.99,67.51,True,True,7.53,2022-03,2490.0,3530.0,3530.0,41.77,2098.76,2086.03,,True,True,,,True,False,,217450.0,,,,0.98,4.33,1.07,False,1,True,,,,False,,tv_wilder_rsi14_sma5_v1,67.51,59.99,True,True,7.53
8050,8050.T,セイコーグループ,2022-06,CONTINUE,2,58.6,66.09,True,True,7.49,2022-05,1300.0,1449.0,1449.0,11.46,1171.82,1132.35,1132.1,True,True,True,True,True,True,,305133.0,,,,1.72,3.76,0.95,True,1,True,,,,False,,tv_wilder_rsi14_sma5_v1,66.09,58.6,True,True,7.49
8237,8237.T,松屋,2022-06,CONTINUE,2,46.32,53.78,True,True,7.46,2022-05,823.0,930.0,930.0,13.0,767.24,742.23,856.12,True,True,False,False,True,True,,210360.0,,,,1.96,3.27,0.83,True,4,True,,,,False,,tv_wilder_rsi14_sma5_v1,53.78,46.32,True,True,7.46
4343,4343.T,イオンファンタジー,2022-06,CONTINUE,6,50.96,58.36,True,True,7.4,2022-01,1913.0,2684.0,2684.0,40.3,1860.8,1868.63,,True,True,,,True,False,,73957.0,,,,1.08,3.31,1.07,False,1,False,,,,False,,tv_wilder_rsi14_sma5_v1,58.36,50.96,True,True,7.4
8074,8074.T,ＹＵＡＳＡ,2022-06,CONTINUE,2,50.19,57.54,True,True,7.35,2022-05,3205.0,3355.0,3355.0,4.68,3018.76,2961.4,2972.95,True,True,True,False,True,True,,53630.0,,,,1.19,2.14,0.86,True,1,True,,,,False,,tv_wilder_rsi14_sma5_v1,57.54,50.19,True,True,7.35
2607,2607.T,不二製油,2022-06,NEW,1,33.77,41.11,True,True,7.34,2022-06,2142.0,2142.0,2142.0,0.0,1915.72,1894.17,2233.11,True,True,False,False,True,False,False,280570.0,,,,1.91,2.55,1.28,False,4,True,,,,False,,tv_wilder_rsi14_sma5_v1,41.11,33.77,True,True,7.34
1968,1968.T,太平電業,2022-06,CONTINUE,2,55.72,62.98,True,True,7.26,2022-05,914.0,983.67,983.67,7.62,886.03,894.98,909.38,True,True,True,False,False,False,,102000.0,,,,1.77,1.71,0.87,True,3,True,,,,False,,tv_wilder_rsi14_sma5_v1,62.98,55.72,True,True,7.26
3561,3561.T,力の源ホールディングス,2022-06,CONTINUE,4,46.56,53.82,True,True,7.26,2022-03,572.0,703.0,703.0,22.9,571.4,568.12,,True,True,,,True,False,,29750.0,,,,1.87,1.61,0.9,True,1,True,,,,False,,tv_wilder_rsi14_sma5_v1,53.82,46.56,True,True,7.26
6740,6740.T,ジャパンディスプレイ,2022-06,CONTINUE,8,52.22,59.48,True,True,7.26,2021-11,37.0,69.0,69.0,86.49,36.56,36.29,,True,True,,,True,,,14860750.0,,,,1.26,4.25,1.0,False,1,True,,,,False,,tv_wilder_rsi14_sma5_v1,59.48,52.22,True,True,7.26
1801,1801.T,大成建設,2022-06,CONTINUE,2,50.09,57.34,True,True,7.25,2022-05,3850.0,4225.0,4225.0,9.74,3679.8,3673.87,3624.47,True,True,True,True,True,True,,845417.0,,,,1.34,2.6,0.75,True,1,True,,,,False,,tv_wilder_rsi14_sma5_v1,57.34,50.09,True,True,7.25
3284,3284.T,フージャースホールディングス,2022-06,CONTINUE,2,53.87,61.12,True,False,7.25,2022-05,808.0,802.0,802.0,-0.74,718.8,684.56,678.63,True,True,True,True,True,True,,118510.0,,,,0.84,2.93,0.83,True,1,True,,,,False,,tv_wilder_rsi14_sma5_v1,61.12,53.87,False,True,7.25
2503,2503.T,キリンホールディングス,2022-06,CONTINUE,3,45.71,52.91,True,True,7.2,2022-04,1900.5,2137.5,2137.5,12.47,1812.88,1845.58,,True,True,,,False,False,,3222630.0,,,,1.26,1.73,1.18,False,1,True,,,,False,,tv_wilder_rsi14_sma5_v1,52.91,45.71,True,True,7.2
8359,8359.T,八十二長野銀行,2022-06,CONTINUE,7,56.2,63.39,True,True,7.19,2021-12,393.0,500.0,500.0,27.23,375.24,384.6,,True,True,,,True,True,,981583.0,,,,0.67,1.51,1.06,False,1,True,,,,False,,tv_wilder_rsi14_sma5_v1,63.39,56.2,True,True,7.19
9142,9142.T,九州旅客鉄道,2022-06,CONTINUE,5,49.05,56.23,True,True,7.18,2022-02,2540.0,2828.0,2828.0,11.34,2487.24,2464.11,,True,True,,,True,False,,1032803.0,,,,1.06,2.4,1.03,False,1,False,,,,False,,tv_wilder_rsi14_sma5_v1,56.23,49.05,True,True,7.18
4578,4578.T,大塚ホールディングス,2022-06,CONTINUE,4,49.31,56.42,True,True,7.11,2022-03,4232.0,4818.0,4818.0,13.85,4046.56,4105.04,,True,True,,,True,False,,1017517.0,,,,0.91,1.93,0.98,True,1,True,,,,False,,tv_wilder_rsi14_sma5_v1,56.42,49.31,True,True,7.11
9740,9740.T,セントラル警備保障,2022-06,CONTINUE,2,38.17,45.2,True,True,7.03,2022-05,2252.0,2711.0,2711.0,20.38,2168.92,2309.93,2494.95,True,False,False,False,False,False,,40270.0,,,,0.68,2.13,0.93,True,4,True,,,,False,,tv_wilder_rsi14_sma5_v1,45.2,38.17,True,True,7.03
5334,5334.T,日本特殊陶業,2022-06,CONTINUE,2,58.53,65.42,True,True,6.88,2022-05,2443.0,2463.0,2463.0,0.82,2268.44,2085.47,1943.83,True,True,True,True,True,True,,1319197.0,,,,0.9,2.33,0.69,True,1,True,,,,False,,tv_wilder_rsi14_sma5_v1,65.42,58.53,True,True,6.88
3687,3687.T,フィックスターズ,2022-06,CONTINUE,4,43.58,50.44,True,True,6.85,2022-03,831.0,951.0,951.0,14.44,734.4,772.95,,True,True,,,True,False,,83383.0,,,,1.36,3.71,1.04,False,1,True,,,,False,,tv_wilder_rsi14_sma5_v1,50.44,43.58,True,True,6.85
7261,7261.T,マツダ,2022-06,CONTINUE,4,53.38,60.24,True,True,6.85,2022-03,909.0,1110.0,1110.0,22.11,838.52,890.07,,True,True,,,False,False,,6323193.0,,,,0.85,3.15,0.82,True,1,True,,,,False,,tv_wilder_rsi14_sma5_v1,60.24,53.38,True,True,6.85
2674,2674.T,ハードオフコーポレーション,2022-06,CONTINUE,5,56.3,63.1,True,True,6.8,2022-02,810.0,914.0,914.0,12.84,771.84,743.19,,True,True,,,True,True,,30653.0,,,,0.78,1.9,0.86,True,1,True,,,,False,,tv_wilder_rsi14_sma5_v1,63.1,56.3,True,True,6.8
7173,7173.T,東京きらぼしフィナンシャルグループ,2022-06,CONTINUE,7,61.8,68.59,True,True,6.78,2021-12,189.75,282.62,282.62,48.95,181.79,186.78,,True,True,,,True,False,,713253.0,,,,0.71,1.71,0.97,True,1,True,,,,False,,tv_wilder_rsi14_sma5_v1,68.59,61.8,True,True,6.78
3673,3673.T,ブロードリーフ,2022-06,CONTINUE,3,39.3,46.03,True,True,6.73,2022-04,184.5,221.5,221.5,20.05,185.46,179.11,,False,True,,,True,False,,798227.0,,,,1.02,2.57,0.97,True,1,True,,,,False,,tv_wilder_rsi14_sma5_v1,46.03,39.3,True,True,6.73
4933,4933.T,Ｉ－ｎｅ,2022-06,CONTINUE,4,49.09,55.79,True,True,6.7,2022-03,1607.5,2082.5,2082.5,29.55,1375.78,1440.23,,True,True,,,True,False,,37067.0,,,,1.1,4.95,0.95,True,1,True,,,,False,,tv_wilder_rsi14_sma5_v1,55.79,49.09,True,True,6.7
6741,6741.T,日本信号,2022-06,CONTINUE,4,45.02,51.66,True,True,6.65,2022-03,882.0,983.0,983.0,11.45,872.0,890.99,,True,False,,,False,False,,96463.0,,,,1.16,2.01,0.93,True,1,True,,,,False,,tv_wilder_rsi14_sma5_v1,51.66,45.02,True,True,6.65
9045,9045.T,京阪ホールディングス,2022-06,CONTINUE,5,40.79,47.43,True,True,6.64,2022-02,3060.0,3380.0,3380.0,10.46,2859.12,2760.08,,True,True,,,True,False,,463437.0,,,,1.06,3.3,1.0,True,1,True,,,,False,,tv_wilder_rsi14_sma5_v1,47.43,40.79,True,True,6.64
3034,3034.T,クオールホールディングス,2022-06,CONTINUE,2,44.63,51.2,True,True,6.58,2022-05,1254.0,1411.0,1411.0,12.52,1138.88,1180.64,1375.49,True,True,False,False,True,False,,154860.0,,,,2.01,3.58,0.86,True,4,True,,,,False,,tv_wilder_rsi14_sma5_v1,51.2,44.63,True,True,6.58
3086,3086.T,Ｊ．フロントリテイリング,2022-06,CONTINUE,2,49.77,56.35,True,True,6.58,2022-05,1041.0,1160.0,1160.0,11.43,994.28,992.28,1004.48,True,True,True,False,True,False,,1731027.0,,,,1.29,2.77,1.04,False,1,True,,,,False,,tv_wilder_rsi14_sma5_v1,56.35,49.77,True,True,6.58
8366,8366.T,滋賀銀行,2022-06,CONTINUE,7,57.33,63.9,True,False,6.56,2021-12,413.8,553.0,553.0,33.64,387.03,381.14,,True,True,,,True,True,,624417.0,,,,0.61,1.84,0.93,True,1,True,,,,False,,tv_wilder_rsi14_sma5_v1,63.9,57.33,False,True,6.56
4559,4559.T,ゼリア新薬工業,2022-06,CONTINUE,3,50.06,56.55,True,True,6.49,2022-04,1990.0,2145.0,2145.0,7.79,1937.76,1949.28,,True,True,,,False,False,,87350.0,,,,1.05,1.82,1.09,False,1,True,,,,False,,tv_wilder_rsi14_sma5_v1,56.55,50.06,True,True,6.49
2975,2975.T,スター・マイカ・ホールディングス,2022-06,CONTINUE,4,53.11,59.54,True,True,6.42,2022-03,661.0,840.5,840.5,27.16,612.38,638.41,,True,True,,,False,False,,77220.0,,,,1.25,2.16,0.94,True,1,True,,,,False,,tv_wilder_rsi14_sma5_v1,59.54,53.11,True,True,6.42
4828,4828.T,ビジネスエンジニアリング,2022-06,CONTINUE,5,64.2,70.61,True,True,6.41,2022-02,378.0,454.2,454.2,20.16,354.1,358.31,,True,True,,,False,True,,50400.0,,,,1.35,2.84,1.26,False,1,True,,,,False,,tv_wilder_rsi14_sma5_v1,70.61,64.2,True,True,6.41
2726,2726.T,パルグループホールディングス,2022-06,CONTINUE,2,51.46,57.83,True,True,6.37,2022-05,403.5,449.75,449.75,11.46,370.18,378.05,398.36,True,True,True,False,True,False,,424773.0,,,,1.26,2.47,0.95,True,3,True,,,,False,,tv_wilder_rsi14_sma5_v1,57.83,51.46,True,True,6.37
9009,9009.T,京成電鉄,2022-06,CONTINUE,2,49.38,55.74,True,True,6.36,2022-05,1120.0,1246.67,1246.67,11.31,1121.73,1119.78,1119.91,False,True,True,False,False,True,,1746680.0,,,,1.32,2.49,0.77,True,3,False,,,,False,,tv_wilder_rsi14_sma5_v1,55.74,49.38,True,True,6.36
4718,4718.T,早稲田アカデミー,2022-06,CONTINUE,3,59.95,66.24,True,True,6.29,2022-04,1055.0,1167.0,1167.0,10.62,1040.28,1027.56,,True,True,,,True,False,,31777.0,,,,0.66,1.51,1.12,False,1,True,,,,False,,tv_wilder_rsi14_sma5_v1,66.24,59.95,True,True,6.29
2201,2201.T,森永製菓,2022-06,CONTINUE,5,49.31,55.52,True,True,6.22,2022-02,1870.0,2175.0,2175.0,16.31,1832.6,1871.63,,True,False,,,False,False,,305940.0,,,,1.01,1.8,0.98,True,1,False,,,,False,,tv_wilder_rsi14_sma5_v1,55.52,49.31,True,True,6.22
9031,9031.T,西日本鉄道,2022-06,CONTINUE,4,49.55,55.77,True,True,6.22,2022-03,2683.0,2901.0,2901.0,8.13,2619.36,2604.75,,True,True,,,True,False,,204253.0,,,,2.1,2.42,0.98,True,1,True,,,,False,,tv_wilder_rsi14_sma5_v1,55.77,49.55,True,True,6.22
3093,3093.T,トレジャー・ファクトリー,2022-06,CONTINUE,5,56.38,62.59,True,True,6.21,2022-02,470.0,609.5,609.5,29.68,453.94,460.63,,True,True,,,True,True,,112140.0,,,,1.26,3.54,0.92,True,1,True,,,,False,,tv_wilder_rsi14_sma5_v1,62.59,56.38,True,True,6.21
8876,8876.T,リログループ,2022-06,CONTINUE,3,42.02,48.23,True,True,6.21,2022-04,1871.0,2187.0,2187.0,16.89,1849.84,1859.41,,True,True,,,True,False,,472370.0,,,,0.96,2.99,0.98,True,1,False,,,,False,,tv_wilder_rsi14_sma5_v1,48.23,42.02,True,True,6.21
8101,8101.T,ＧＳＩクレオス,2022-06,CONTINUE,3,63.46,69.65,True,True,6.2,2022-04,1194.0,1404.0,1404.0,17.59,1164.16,1167.89,,True,True,,,True,True,,71197.0,,,,0.78,1.85,0.91,True,1,False,,,,False,,tv_wilder_rsi14_sma5_v1,69.65,63.46,True,True,6.2
8136,8136.T,サンリオ,2022-06,CONTINUE,4,62.22,68.42,True,True,6.19,2022-03,167.2,205.67,205.67,23.01,156.85,159.02,,True,True,,,True,False,,4043550.0,,,,1.45,2.76,0.8,True,1,True,,,,False,,tv_wilder_rsi14_sma5_v1,68.42,62.22,True,True,6.19
4022,4022.T,ラサ工業,2022-06,CONTINUE,2,47.24,53.42,True,False,6.18,2022-05,385.0,379.4,379.4,-1.45,333.76,318.34,342.66,True,True,True,False,True,True,,494817.0,,,,0.81,3.29,0.77,True,1,True,,,,False,,tv_wilder_rsi14_sma5_v1,53.42,47.24,False,True,6.18
1882,1882.T,東亜道路工業,2022-06,CONTINUE,2,68.1,74.26,True,True,6.15,2022-05,535.0,573.0,573.0,7.1,506.82,500.19,487.21,True,True,True,True,True,True,,100600.0,,,,1.37,2.12,1.1,False,1,True,,,,False,,tv_wilder_rsi14_sma5_v1,74.26,68.1,True,True,6.15
6810,6810.T,マクセル,2022-06,CONTINUE,2,45.41,51.52,True,True,6.12,2022-05,1260.0,1325.0,1325.0,5.16,1185.44,1183.28,1288.3,True,True,False,False,True,False,,157997.0,,,,1.23,2.81,0.94,True,4,True,,,,False,,tv_wilder_rsi14_sma5_v1,51.52,45.41,True,True,6.12
2734,2734.T,サーラコーポレーション,2022-06,NEW,1,55.73,61.83,True,True,6.1,2022-06,705.0,705.0,705.0,0.0,648.0,638.81,631.86,True,True,True,True,True,True,True,78757.0,,,,1.89,1.93,1.12,False,2,True,,,,False,,tv_wilder_rsi14_sma5_v1,61.83,55.73,True,True,6.1
9983,9983.T,ファーストリテイリング,2022-06,NEW,1,45.14,51.17,True,True,6.03,2022-06,23693.33,23693.33,23693.33,0.0,22565.2,20993.24,22386.6,True,True,True,False,True,True,False,2065150.0,,,,0.92,2.39,0.82,True,3,True,,,,False,,tv_wilder_rsi14_sma5_v1,51.17,45.14,True,True,6.03
9502,9502.T,中部電力,2022-06,CONTINUE,5,47.54,53.53,True,True,5.99,2022-02,1153.0,1366.0,1366.0,18.47,1165.48,1180.13,,False,False,,,False,False,,2996300.0,,,,0.97,1.59,0.67,True,1,False,,,,False,,tv_wilder_rsi14_sma5_v1,53.53,47.54,True,True,5.99
1950,1950.T,日本電設工業,2022-06,CONTINUE,5,41.12,47.05,True,True,5.93,2022-02,1592.0,1758.0,1758.0,10.43,1517.08,1594.25,,True,False,,,False,False,,63037.0,,,,0.87,2.5,0.97,True,1,True,,,,False,,tv_wilder_rsi14_sma5_v1,47.05,41.12,True,True,5.93
8714,8714.T,池田泉州ホールディングス,2022-06,CONTINUE,7,49.93,55.84,True,True,5.91,2021-12,170.0,200.0,200.0,17.65,159.84,162.31,,True,True,,,True,False,,2089137.0,,,,0.54,1.68,1.04,False,1,True,,,,False,,tv_wilder_rsi14_sma5_v1,55.84,49.93,True,True,5.91
4820,4820.T,イーエムシステムズ,2022-06,CONTINUE,5,53.54,59.41,True,True,5.87,2022-02,720.0,961.0,961.0,33.47,675.84,720.44,,True,False,,,False,False,,68443.0,,,,1.35,2.67,0.91,True,1,True,,,,False,,tv_wilder_rsi14_sma5_v1,59.41,53.54,True,True,5.87
4928,4928.T,ノエビアホールディングス,2022-06,CONTINUE,2,51.04,56.91,True,True,5.87,2022-05,5510.0,5760.0,5760.0,4.54,5206.2,5103.27,5375.02,True,True,True,False,True,True,,43407.0,,,,1.61,2.05,0.95,True,3,True,,,,False,,tv_wilder_rsi14_sma5_v1,56.91,51.04,True,True,5.87
8848,8848.T,レオパレス２１,2022-06,CONTINUE,5,51.04,56.91,True,False,5.87,2022-02,204.0,286.0,286.0,40.2,192.4,194.72,,True,True,,,True,False,,1804480.0,,,,0.83,7.0,1.12,False,1,True,,,,False,,tv_wilder_rsi14_sma5_v1,56.91,51.04,False,True,5.87
7596,7596.T,魚力,2022-06,CONTINUE,5,70.32,76.18,True,True,5.86,2022-02,2095.0,2405.0,2405.0,14.8,2047.44,2025.73,,True,True,,,True,True,,4450.0,,,,1.03,1.1,1.09,False,1,True,,,,False,,tv_wilder_rsi14_sma5_v1,76.18,70.32,True,True,5.86
7733,7733.T,オリンパス,2022-06,CONTINUE,2,59.07,64.93,True,True,5.86,2022-05,2690.5,2726.5,2726.5,1.34,2519.34,2355.92,2414.89,True,True,True,False,True,True,,5068587.0,,,,1.3,3.89,0.71,True,1,True,,,,False,,tv_wilder_rsi14_sma5_v1,64.93,59.07,True,True,5.86
8214,8214.T,ＡＯＫＩホールディングス,2022-06,CONTINUE,3,43.94,49.78,True,True,5.83,2022-04,612.0,697.0,697.0,13.89,590.28,587.73,,True,True,,,True,False,,156787.0,,,,1.01,1.93,0.85,True,1,True,,,,False,,tv_wilder_rsi14_sma5_v1,49.78,43.94,True,True,5.83
9960,9960.T,東テク,2022-06,CONTINUE,3,53.35,59.16,True,False,5.81,2022-04,883.33,994.67,994.67,12.6,778.52,795.11,,True,True,,,False,False,,45070.0,,,,1.77,4.02,1.37,False,1,True,,,,False,,tv_wilder_rsi14_sma5_v1,59.16,53.35,False,True,5.81
2353,2353.T,日本駐車場開発,2022-06,CONTINUE,5,53.39,59.18,True,True,5.79,2022-02,140.0,170.0,170.0,21.43,136.12,137.69,,True,True,,,True,False,,1692217.0,,,,0.98,2.45,1.15,False,1,False,,,,False,,tv_wilder_rsi14_sma5_v1,59.18,53.39,True,True,5.79
1662,1662.T,石油資源開発,2022-06,CONTINUE,2,64.21,69.92,True,True,5.71,2022-05,631.0,641.0,641.0,1.58,534.88,540.64,484.99,True,True,True,False,True,True,,2253133.0,,,,1.0,4.53,0.97,True,1,True,,,,False,,tv_wilder_rsi14_sma5_v1,69.92,64.21,True,True,5.71
7550,7550.T,ゼンショーホールディングス,2022-06,CONTINUE,7,61.98,67.68,True,True,5.71,2021-12,2704.0,3260.0,3260.0,20.56,2658.64,2682.07,,True,True,,,True,False,,227827.0,,,,0.72,1.3,0.93,True,1,False,,,,False,,tv_wilder_rsi14_sma5_v1,67.68,61.98,True,True,5.71
8179,8179.T,ロイヤルホールディングス,2022-06,CONTINUE,5,53.03,58.74,True,True,5.71,2022-02,984.5,1193.0,1193.0,21.18,941.26,946.55,,True,True,,,True,False,,294393.0,,,,0.88,3.0,1.08,False,1,True,,,,False,,tv_wilder_rsi14_sma5_v1,58.74,53.03,True,True,5.71
1414,1414.T,ショーボンドホールディングス,2022-06,CONTINUE,5,65.07,70.76,True,True,5.7,2022-02,1282.5,1492.5,1492.5,16.37,1274.3,1269.5,,True,True,,,True,True,,560707.0,,,,1.02,1.8,1.15,False,1,True,,,,False,,tv_wilder_rsi14_sma5_v1,70.76,65.07,True,True,5.7
3741,3741.T,セック,2022-06,CONTINUE,4,42.35,48.05,True,True,5.7,2022-03,1131.0,1274.5,1274.5,12.69,1098.5,1115.57,,True,True,,,True,False,,30940.0,,,,0.93,2.24,0.99,True,1,True,,,,False,,tv_wilder_rsi14_sma5_v1,48.05,42.35,True,True,5.7
7839,7839.T,ＳＨＯＥＩ,2022-06,CONTINUE,3,64.43,70.08,True,True,5.65,2022-04,2412.5,2655.0,2655.0,10.05,2333.4,2212.77,,True,True,,,True,True,,181407.0,,,,1.43,3.04,1.1,False,1,True,,,,False,,tv_wilder_rsi14_sma5_v1,70.08,64.43,True,True,5.65
3048,3048.T,ビックカメラ,2022-06,CONTINUE,6,50.18,55.79,True,True,5.61,2022-01,999.0,1172.0,1172.0,17.32,976.4,979.39,,True,True,,,True,False,,629203.0,,,,1.18,2.34,0.94,True,1,True,,,,False,,tv_wilder_rsi14_sma5_v1,55.79,50.18,True,True,5.61
2579,2579.T,ｺｶ･ｺｰﾗ ﾎﾞﾄﾗｰｽﾞｼﾞｬﾊﾟﾝﾎｰﾙﾃﾞｨﾝｸﾞｽ,2022-06,NEW,1,40.8,46.4,True,True,5.6,2022-06,1620.0,1620.0,1620.0,0.0,1474.16,1456.57,1464.41,True,True,True,False,True,True,False,899223.0,,,,1.67,2.82,1.18,False,1,True,,,,False,,tv_wilder_rsi14_sma5_v1,46.4,40.8,True,True,5.6
2792,2792.T,ハニーズホールディングス,2022-06,CONTINUE,5,49.71,55.29,True,True,5.58,2022-02,1023.0,1154.0,1154.0,12.81,1024.68,1031.2,,False,False,,,True,False,,67050.0,,,,0.6,1.18,0.92,True,1,True,,,,False,,tv_wilder_rsi14_sma5_v1,55.29,49.71,True,True,5.58
4082,4082.T,第一稀元素化学工業,2022-06,CONTINUE,2,46.0,51.57,True,True,5.57,2022-05,1052.0,1181.0,1181.0,12.26,1006.92,1000.03,1271.56,True,True,False,False,True,False,,110240.0,,,,1.0,3.75,0.99,True,4,True,,,,False,,tv_wilder_rsi14_sma5_v1,51.57,46.0,True,True,5.57
6560,6560.T,エル・ティー・エス,2022-06,CONTINUE,4,50.05,55.62,True,False,5.57,2022-03,2928.0,3705.0,3705.0,26.54,2370.68,2424.12,,True,True,,,True,False,,37403.0,,,,0.8,4.15,1.05,False,1,True,,,,False,,tv_wilder_rsi14_sma5_v1,55.62,50.05,False,True,5.57
3763,3763.T,プロシップ,2022-06,CONTINUE,2,52.62,58.17,True,True,5.54,2022-05,740.0,798.0,798.0,7.84,686.5,703.42,754.0,True,True,False,False,False,False,,67160.0,,,,1.39,2.35,0.89,True,4,True,,,,False,,tv_wilder_rsi14_sma5_v1,58.17,52.62,True,True,5.54
8341,8341.T,七十七銀行,2022-06,CONTINUE,7,56.38,61.92,True,True,5.54,2021-12,445.0,605.0,605.0,35.96,415.76,414.37,,True,True,,,True,True,,553160.0,,,,0.75,1.34,0.99,True,1,True,,,,False,,tv_wilder_rsi14_sma5_v1,61.92,56.38,True,True,5.54
7611,7611.T,ハイデイ日高,2022-06,CONTINUE,7,54.32,59.84,True,True,5.53,2021-12,1732.0,2063.0,2063.0,19.11,1633.6,1659.85,,True,True,,,True,False,,84140.0,,,,1.75,1.69,1.2,False,1,True,,,,False,,tv_wilder_rsi14_sma5_v1,59.84,54.32,True,True,5.53
9621,9621.T,建設技術研究所,2022-06,CONTINUE,2,54.64,60.16,True,True,5.52,2022-05,1236.0,1296.5,1296.5,4.89,1180.56,1149.3,1216.79,True,True,True,False,True,False,,58360.0,,,,0.94,2.88,0.72,True,1,True,,,,False,,tv_wilder_rsi14_sma5_v1,60.16,54.64,True,True,5.52
4392,4392.T,ＦＩＧ,2022-06,CONTINUE,2,51.3,56.8,True,True,5.51,2022-05,310.0,325.0,325.0,4.84,292.4,287.85,295.56,True,True,True,False,True,True,,78403.0,,,,1.3,3.55,0.85,True,1,True,,,,False,,tv_wilder_rsi14_sma5_v1,56.8,51.3,True,True,5.51
6472,6472.T,ＮＴＮ,2022-06,CONTINUE,2,44.21,49.72,True,False,5.51,2022-05,263.0,259.0,259.0,-1.52,232.2,217.97,234.72,True,True,True,False,True,True,,6346050.0,,,,1.0,4.4,1.01,False,3,True,,,,False,,tv_wilder_rsi14_sma5_v1,49.72,44.21,False,True,5.51
3031,3031.T,ラクーンホールディングス,2022-06,CONTINUE,4,46.91,52.4,True,True,5.49,2022-03,1270.0,1669.0,1669.0,31.42,1114.8,1231.99,,True,True,,,False,False,,267383.0,,,,0.78,4.75,0.94,True,1,True,,,,False,,tv_wilder_rsi14_sma5_v1,52.4,46.91,True,True,5.49
4732,4732.T,ユー・エス・エス,2022-06,CONTINUE,7,58.13,63.58,True,False,5.45,2021-12,898.0,1174.5,1174.5,30.79,890.4,914.17,,True,False,,,False,False,,1540827.0,,,,0.61,1.66,0.97,True,1,True,,,,False,,tv_wilder_rsi14_sma5_v1,63.58,58.13,False,True,5.45
7421,7421.T,カッパ・クリエイト,2022-06,CONTINUE,2,48.34,53.78,True,True,5.44,2022-05,1389.0,1436.0,1436.0,3.38,1366.16,1363.75,1364.62,True,True,True,False,True,True,,81713.0,,,,0.96,1.84,0.89,True,3,True,,,,False,,tv_wilder_rsi14_sma5_v1,53.78,48.34,True,True,5.44
3387,3387.T,クリエイト・レストランツ・ホールディン,2022-06,CONTINUE,4,52.58,58.0,True,True,5.41,2022-03,361.5,467.0,467.0,29.18,350.7,358.5,,True,True,,,False,False,,1748153.0,,,,0.69,2.05,0.87,True,1,False,,,,False,,tv_wilder_rsi14_sma5_v1,58.0,52.58,True,True,5.41
8163,8163.T,ＳＲＳホールディングス,2022-06,CONTINUE,7,48.72,54.13,True,True,5.41,2021-12,783.0,878.0,878.0,12.13,763.56,778.15,,True,True,,,False,False,,124547.0,,,,1.83,1.4,1.1,False,1,True,,,,False,,tv_wilder_rsi14_sma5_v1,54.13,48.72,True,True,5.41
4344,4344.T,ソースネクスト,2022-06,CONTINUE,4,40.47,45.86,True,False,5.4,2022-03,172.0,231.0,231.0,34.3,162.08,166.73,,True,True,,,True,False,,1062273.0,,,,0.96,3.86,1.04,False,1,True,,,,False,,tv_wilder_rsi14_sma5_v1,45.86,40.47,False,True,5.4
8233,8233.T,高島屋,2022-06,CONTINUE,6,54.16,59.55,True,True,5.39,2022-01,543.5,665.0,665.0,22.36,535.82,540.41,,True,True,,,True,False,,1810593.0,,,,0.77,2.04,1.08,False,1,True,,,,False,,tv_wilder_rsi14_sma5_v1,59.55,54.16,True,True,5.39
5121,5121.T,藤倉コンポジット,2022-06,CONTINUE,2,59.82,65.2,True,True,5.38,2022-05,892.0,905.0,905.0,1.46,752.08,722.25,762.04,True,True,True,False,True,False,,216133.0,,,,1.23,4.25,0.94,True,1,True,,,,False,,tv_wilder_rsi14_sma5_v1,65.2,59.82,True,True,5.38
3903,3903.T,ｇｕｍｉ,2022-06,NEW,1,42.3,47.67,True,True,5.37,2022-06,701.0,701.0,701.0,0.0,582.44,574.45,678.89,True,True,True,False,True,True,False,1578617.0,,,,1.21,6.56,0.98,True,3,True,,,,False,,tv_wilder_rsi14_sma5_v1,47.67,42.3,True,True,5.37
9301,9301.T,三菱倉庫,2022-06,CONTINUE,4,50.85,56.22,True,True,5.37,2022-03,608.0,649.0,649.0,6.74,571.58,566.08,,True,True,,,True,False,,1421550.0,,,,1.19,2.34,1.03,False,1,True,,,,False,,tv_wilder_rsi14_sma5_v1,56.22,50.85,True,True,5.37
6272,6272.T,レオン自動機,2022-06,CONTINUE,3,44.3,49.62,True,False,5.33,2022-04,1102.0,1262.0,1262.0,14.52,1037.6,1020.56,,True,True,,,True,False,,55260.0,,,,1.04,2.83,1.08,False,1,True,,,,False,,tv_wilder_rsi14_sma5_v1,49.62,44.3,False,True,5.33
7013,7013.T,ＩＨＩ,2022-06,CONTINUE,5,61.13,66.46,True,True,5.33,2022-02,379.71,518.57,518.57,36.57,351.95,345.04,,True,True,,,True,False,,10152683.0,,,,0.98,3.65,0.96,True,1,True,,,,False,,tv_wilder_rsi14_sma5_v1,66.46,61.13,True,True,5.33
8614,8614.T,東洋証券,2022-06,CONTINUE,3,55.05,60.38,True,True,5.33,2022-04,175.0,195.0,195.0,11.43,160.2,156.47,,True,True,,,True,True,,674987.0,,,,1.03,4.57,1.36,False,1,True,,,,False,,tv_wilder_rsi14_sma5_v1,60.38,55.05,True,True,5.33
2914,2914.T,日本たばこ産業,2022-06,CONTINUE,3,49.36,54.66,True,True,5.3,2022-04,2223.5,2346.0,2346.0,5.51,2153.58,2206.39,,True,True,,,True,False,,6046930.0,,,,1.1,1.2,0.89,True,1,True,,,,False,,tv_wilder_rsi14_sma5_v1,54.66,49.36,True,True,5.3
2931,2931.T,ユーグレナ,2022-06,CONTINUE,5,50.81,56.12,True,True,5.3,2022-02,760.0,938.0,938.0,23.42,743.2,757.6,,True,True,,,True,False,,1613993.0,,,,0.68,3.96,1.37,False,1,False,,,,False,,tv_wilder_rsi14_sma5_v1,56.12,50.81,True,True,5.3
2602,2602.T,日清オイリオグループ,2022-06,CONTINUE,3,46.92,52.21,True,True,5.28,2022-04,978.33,1045.0,1045.0,6.81,966.03,982.9,,True,False,,,False,True,,253480.0,,,,0.92,1.32,1.15,False,1,False,,,,False,,tv_wilder_rsi14_sma5_v1,52.21,46.92,True,True,5.28
6349,6349.T,小森コーポレーション,2022-06,CONTINUE,5,45.89,51.17,True,True,5.28,2022-02,750.0,818.0,818.0,9.07,707.92,700.97,,True,True,,,True,False,,164670.0,,,,0.72,2.31,1.14,False,1,True,,,,False,,tv_wilder_rsi14_sma5_v1,51.17,45.89,True,True,5.28
8011,8011.T,三陽商会,2022-06,CONTINUE,3,46.02,51.29,True,True,5.27,2022-04,845.0,972.0,972.0,15.03,798.92,802.97,,True,True,,,True,False,,78400.0,,,,0.7,4.8,1.01,False,1,True,,,,False,,tv_wilder_rsi14_sma5_v1,51.29,46.02,True,True,5.27
7520,7520.T,エコス,2022-06,NEW,1,55.46,60.71,True,True,5.26,2022-06,2192.0,2192.0,2192.0,0.0,2062.8,2005.49,1960.98,True,True,True,True,True,True,True,20207.0,,,,1.69,1.89,1.21,False,2,True,,,,False,,tv_wilder_rsi14_sma5_v1,60.71,55.46,True,True,5.26
7868,7868.T,広済堂ホールディングス,2022-06,CONTINUE,3,52.45,57.66,True,True,5.22,2022-04,160.4,220.4,220.4,37.41,162.42,161.6,,False,False,,,False,True,,392167.0,,,,1.05,2.58,0.91,True,1,True,,,,False,,tv_wilder_rsi14_sma5_v1,57.66,52.45,True,True,5.22
9533,9533.T,東邦瓦斯,2022-06,CONTINUE,3,35.25,40.47,True,True,5.22,2022-04,763.75,818.75,818.75,7.2,670.41,717.19,,True,True,,,False,False,,1364347.0,,,,1.55,3.54,1.17,False,1,True,,,,False,,tv_wilder_rsi14_sma5_v1,40.47,35.25,True,True,5.22
9519,9519.T,レノバ,2022-06,CONTINUE,2,44.06,49.27,True,True,5.21,2022-05,1908.0,2448.0,2448.0,28.3,1748.92,1621.87,3262.69,True,True,False,False,True,True,,5064300.0,,,,1.13,7.03,0.9,True,4,True,,,,False,,tv_wilder_rsi14_sma5_v1,49.27,44.06,True,True,5.21
8410,8410.T,セブン銀行,2022-06,CONTINUE,7,46.03,51.22,True,True,5.2,2021-12,238.0,259.0,259.0,8.82,235.04,241.95,,True,False,,,True,False,,3898680.0,,,,0.82,1.23,0.87,True,1,True,,,,False,,tv_wilder_rsi14_sma5_v1,51.22,46.03,True,True,5.2
9052,9052.T,山陽電気鉄道,2022-06,CONTINUE,7,52.71,57.9,True,True,5.19,2021-12,2017.0,2166.0,2166.0,7.39,1997.16,1997.52,,True,True,,,True,True,,15190.0,,,,0.67,1.06,0.85,True,1,False,,,,False,,tv_wilder_rsi14_sma5_v1,57.9,52.71,True,True,5.19
5423,5423.T,東京製鐵,2022-06,CONTINUE,3,63.38,68.55,True,False,5.17,2022-04,1343.0,1496.0,1496.0,11.39,1187.12,1180.57,,True,True,,,True,False,,1095417.0,,,,2.26,3.71,1.23,False,1,True,,,,False,,tv_wilder_rsi14_sma5_v1,68.55,63.38,False,True,5.17
3360,3360.T,シップヘルスケアホールディングス,2022-06,CONTINUE,2,43.03,48.18,False,True,5.15,2022-05,2295.0,2413.0,2413.0,5.14,2197.72,2170.52,2527.45,True,True,False,False,True,False,,326887.0,,,,1.23,2.36,0.83,True,4,True,,,,False,,tv_wilder_rsi14_sma5_v1,48.18,43.03,True,False,5.15
8360,8360.T,山梨中央銀行,2022-06,CONTINUE,7,55.17,60.29,True,False,5.13,2021-12,860.0,1136.0,1136.0,32.09,832.4,836.28,,True,True,,,True,True,,55973.0,,,,0.8,1.27,0.9,True,1,True,,,,False,,tv_wilder_rsi14_sma5_v1,60.29,55.17,False,True,5.13
8387,8387.T,四国銀行,2022-06,CONTINUE,3,48.96,54.09,True,True,5.13,2022-04,779.0,844.0,844.0,8.34,745.64,779.53,,True,False,,,False,False,,160717.0,,,,1.03,1.86,1.15,False,1,True,,,,False,,tv_wilder_rsi14_sma5_v1,54.09,48.96,True,True,5.13
9042,9042.T,阪急阪神ホールディングス,2022-06,CONTINUE,5,49.7,54.83,True,True,5.12,2022-02,3435.0,3700.0,3700.0,7.71,3444.0,3413.67,,False,True,,,True,False,,560777.0,,,,1.01,2.1,0.9,True,1,True,,,,False,,tv_wilder_rsi14_sma5_v1,54.83,49.7,True,True,5.12
5444,5444.T,大和工業,2022-06,CONTINUE,4,63.16,68.25,True,True,5.09,2022-03,3715.0,4490.0,4490.0,20.86,3700.6,3687.2,,True,True,,,True,True,,202523.0,,,,1.06,3.63,0.93,True,1,True,,,,False,,tv_wilder_rsi14_sma5_v1,68.25,63.16,True,True,5.09
6381,6381.T,アネスト岩田,2022-06,CONTINUE,4,44.0,49.07,True,True,5.07,2022-03,830.0,906.0,906.0,9.16,821.6,828.35,,True,True,,,True,False,,105267.0,,,,0.77,1.91,1.0,False,1,True,,,,False,,tv_wilder_rsi14_sma5_v1,49.07,44.0,True,True,5.07
8008,8008.T,ヨンドシーホールディングス,2022-06,CONTINUE,2,42.65,47.71,True,True,5.07,2022-05,1736.0,1813.0,1813.0,4.44,1706.8,1674.27,1715.37,True,True,True,False,True,False,,53310.0,,,,0.7,1.23,0.89,True,3,True,,,,False,,tv_wilder_rsi14_sma5_v1,47.71,42.65,True,True,5.07
1888,1888.T,若築建設,2022-06,CONTINUE,4,63.43,68.49,True,True,5.06,2022-03,1953.0,2223.0,2223.0,13.82,1958.64,1857.04,,False,True,,,True,False,,31940.0,,,,1.61,2.84,1.12,False,1,True,,,,False,,tv_wilder_rsi14_sma5_v1,68.49,63.43,True,True,5.06
3482,3482.T,ロードスターキャピタル,2022-06,NEW,1,66.13,71.17,True,True,5.04,2022-06,2143.0,2143.0,2143.0,0.0,1601.8,1583.49,1291.86,True,True,True,True,True,True,True,517663.0,,,,2.85,5.08,1.27,False,2,True,,,,False,,tv_wilder_rsi14_sma5_v1,71.17,66.13,True,True,5.04
167A,167A.T,リョーサン菱洋ホールディングス,2022-06,CONTINUE,2,42.71,47.69,True,True,4.99,2022-05,2110.0,2241.0,2241.0,6.21,2077.52,2038.35,2216.97,True,True,False,False,True,False,,84287.0,,,,1.31,1.65,0.98,True,4,True,,,,False,,tv_wilder_rsi14_sma5_v1,47.69,42.71,True,True,4.99
8923,8923.T,トーセイ,2022-06,CONTINUE,5,52.96,57.93,True,True,4.97,2022-02,543.5,630.0,630.0,15.92,530.22,518.19,,True,True,,,True,False,,417427.0,,,,1.06,1.77,1.01,False,1,True,,,,False,,tv_wilder_rsi14_sma5_v1,57.93,52.96,True,True,4.97
8111,8111.T,ゴールドウイン,2022-06,CONTINUE,3,52.0,56.96,True,False,4.96,2022-04,2183.33,2540.0,2540.0,16.34,2076.27,2041.02,,True,True,,,True,False,,252690.0,,,,1.01,2.17,0.99,True,1,True,,,,False,,tv_wilder_rsi14_sma5_v1,56.96,52.0,False,True,4.96
1808,1808.T,長谷工コーポレーション,2022-06,CONTINUE,2,54.24,59.19,True,True,4.95,2022-05,1540.0,1589.0,1589.0,3.18,1468.2,1447.4,1463.78,True,True,True,False,True,True,,966960.0,,,,1.02,2.17,0.73,True,1,True,,,,False,,tv_wilder_rsi14_sma5_v1,59.19,54.24,True,True,4.95
8185,8185.T,チヨダ,2022-06,CONTINUE,2,31.4,36.35,True,True,4.95,2022-05,722.0,774.0,774.0,7.2,700.64,715.75,758.04,True,True,False,False,False,False,,59813.0,,,,1.5,1.94,0.88,True,4,False,,,,False,,tv_wilder_rsi14_sma5_v1,36.35,31.4,True,True,4.95
1963,1963.T,日揮ホールディングス,2022-06,CONTINUE,6,59.48,64.42,True,False,4.94,2022-01,1121.0,1754.0,1754.0,56.47,1039.92,1046.85,,True,True,,,True,True,,1206133.0,,,,1.32,3.18,1.16,False,1,True,,,,False,,tv_wilder_rsi14_sma5_v1,64.42,59.48,False,True,4.94
6284,6284.T,日精エー  ･エス  ･ビー機械,2022-06,CONTINUE,2,41.72,46.63,True,True,4.91,2022-05,3200.0,3540.0,3540.0,10.62,2943.64,3005.05,3390.16,True,True,False,False,False,False,,52713.0,,,,2.2,2.99,1.01,False,4,True,,,,False,,tv_wilder_rsi14_sma5_v1,46.63,41.72,True,True,4.91
8093,8093.T,極東貿易,2022-06,CONTINUE,2,57.06,61.98,False,True,4.91,2022-05,1293.5,1324.5,1324.5,2.4,1197.38,1156.55,1220.49,True,True,True,False,True,False,,75667.0,,,,0.61,2.4,0.77,True,3,True,,,,False,,tv_wilder_rsi14_sma5_v1,61.98,57.06,True,False,4.91
3939,3939.T,カナミックネットワーク,2022-06,CONTINUE,4,41.15,46.06,True,True,4.9,2022-03,522.0,557.0,557.0,6.7,484.92,468.2,,True,True,,,True,False,,80400.0,,,,0.71,2.64,0.97,True,1,True,,,,False,,tv_wilder_rsi14_sma5_v1,46.06,41.15,True,True,4.9
3099,3099.T,三越伊勢丹ホールディングス,2022-06,CONTINUE,7,62.96,67.82,True,True,4.85,2021-12,850.0,1100.0,1100.0,29.41,807.8,825.73,,True,True,,,False,True,,2471190.0,,,,0.93,2.38,0.96,True,1,True,,,,False,,tv_wilder_rsi14_sma5_v1,67.82,62.96,True,True,4.85
8253,8253.T,クレディセゾン,2022-06,CONTINUE,5,53.32,58.17,True,True,4.85,2022-02,1295.0,1559.0,1559.0,20.39,1315.36,1252.23,,False,True,,,True,False,,956257.0,,,,1.0,2.54,1.08,False,1,False,,,,False,,tv_wilder_rsi14_sma5_v1,58.17,53.32,True,True,4.85
8766,8766.T,東京海上ホールディングス,2022-06,CONTINUE,7,70.03,74.87,True,True,4.85,2021-12,2130.67,2634.33,2634.33,23.64,2053.57,2024.12,,True,True,,,True,True,,4998550.0,,,,0.47,1.89,0.86,True,1,True,,,,False,,tv_wilder_rsi14_sma5_v1,74.87,70.03,True,True,4.85
9024,9024.T,西武ホールディングス,2022-06,CONTINUE,5,50.41,55.25,True,True,4.84,2022-02,1199.0,1428.0,1428.0,19.1,1182.48,1153.12,,True,True,,,True,False,,1374040.0,,,,0.83,3.53,1.02,False,1,False,,,,False,,tv_wilder_rsi14_sma5_v1,55.25,50.41,True,True,4.84
3475,3475.T,グッドコムアセット,2022-06,CONTINUE,2,49.26,54.05,True,True,4.79,2022-05,593.5,632.5,632.5,6.57,551.78,545.33,605.15,True,True,False,False,True,True,,93280.0,,,,1.11,2.23,0.91,True,4,True,,,,False,,tv_wilder_rsi14_sma5_v1,54.05,49.26,True,True,4.79
9025,9025.T,鴻池運輸,2022-06,CONTINUE,2,46.97,51.76,True,True,4.79,2022-05,1168.0,1269.0,1269.0,8.65,1132.08,1149.35,1203.58,True,True,False,False,True,False,,55743.0,,,,1.66,2.55,0.9,True,4,True,,,,False,,tv_wilder_rsi14_sma5_v1,51.76,46.97,True,True,4.79
7606,7606.T,ユナイテッドアローズ,2022-06,CONTINUE,2,45.56,50.34,True,True,4.78,2022-05,2029.0,2091.0,2091.0,3.06,1873.08,1806.87,1897.48,True,True,True,False,True,True,,190167.0,,,,1.11,3.33,0.83,True,1,True,,,,False,,tv_wilder_rsi14_sma5_v1,50.34,45.56,True,True,4.78
6363,6363.T,酉島製作所,2022-06,CONTINUE,7,67.07,71.8,True,False,4.72,2021-12,957.0,1281.0,1281.0,33.86,912.76,914.77,,True,True,,,True,False,,27760.0,,,,1.19,1.93,1.13,False,1,True,,,,False,,tv_wilder_rsi14_sma5_v1,71.8,67.07,False,True,4.72
8160,8160.T,木曽路,2022-06,NEW,1,39.61,44.34,True,True,4.72,2022-06,2183.0,2183.0,2183.0,0.0,2143.76,2090.36,2167.14,True,True,True,False,True,False,False,91840.0,,,,0.86,1.38,1.1,False,3,True,,,,False,,tv_wilder_rsi14_sma5_v1,44.34,39.61,True,True,4.72
4997,4997.T,日本農薬,2022-06,CONTINUE,6,61.05,65.74,True,False,4.69,2022-01,525.0,694.0,694.0,32.19,500.2,503.57,,True,True,,,True,False,,89860.0,,,,1.44,2.64,1.25,False,1,True,,,,False,,tv_wilder_rsi14_sma5_v1,65.74,61.05,False,True,4.69
1333,1333.T,Ｕｍｉｏｓ,2022-06,NEW,1,46.81,51.46,True,True,4.65,2022-06,851.33,851.33,851.33,0.0,806.0,805.0,822.83,True,True,True,False,True,False,True,1089910.0,,,,0.76,2.44,1.02,False,1,True,,,,False,,tv_wilder_rsi14_sma5_v1,51.46,46.81,True,True,4.65
8630,8630.T,ＳＯＭＰＯホールディングス,2022-06,CONTINUE,2,64.06,68.71,True,True,4.65,2022-05,1949.33,1994.33,1994.33,2.31,1755.76,1745.62,1692.96,True,True,True,True,True,False,,3345960.0,,,,1.89,2.5,1.18,False,1,True,,,,False,,tv_wilder_rsi14_sma5_v1,68.71,64.06,True,True,4.65
9302,9302.T,三井倉庫ホールディングス,2022-06,CONTINUE,2,62.02,66.66,True,False,4.64,2022-05,975.33,960.67,960.67,-1.5,892.19,827.72,826.81,True,True,True,True,True,True,,299400.0,,,,1.07,2.44,0.77,True,1,True,,,,False,,tv_wilder_rsi14_sma5_v1,66.66,62.02,False,True,4.64
2685,2685.T,アンドエスティＨＤ,2022-06,CONTINUE,4,52.62,57.25,True,True,4.63,2022-03,1917.0,2239.0,2239.0,16.8,1754.16,1716.77,,True,True,,,True,False,,315773.0,,,,0.7,3.44,1.02,False,1,True,,,,False,,tv_wilder_rsi14_sma5_v1,57.25,52.62,True,True,4.63
4528,4528.T,小野薬品工業,2022-06,CONTINUE,8,60.8,65.42,True,True,4.62,2021-11,2505.5,3482.0,3482.0,38.97,2456.14,2529.79,,True,False,,,True,,,1111600.0,,,,1.85,2.0,1.01,False,1,True,,,,False,,tv_wilder_rsi14_sma5_v1,65.42,60.8,True,True,4.62
4958,4958.T,長谷川香料,2022-06,NEW,1,55.45,60.05,True,True,4.6,2022-06,2759.0,2759.0,2759.0,0.0,2537.16,2519.32,2626.05,True,True,True,False,True,True,False,61043.0,,,,1.89,2.82,1.21,False,3,True,,,,False,,tv_wilder_rsi14_sma5_v1,60.05,55.45,True,True,4.6
6737,6737.T,ＥＩＺＯ,2022-06,NEW,1,42.4,46.9,False,True,4.5,2022-06,1885.0,1885.0,1885.0,0.0,1870.8,1788.6,1938.21,True,True,False,False,True,True,False,113847.0,,,,0.97,2.15,1.12,False,4,True,,,,False,,tv_wilder_rsi14_sma5_v1,46.9,42.4,True,False,4.5
5020,5020.T,ＥＮＥＯＳホールディングス,2022-06,CONTINUE,6,53.76,58.21,True,False,4.45,2022-01,455.3,513.7,513.7,12.83,447.08,447.12,,True,True,,,True,False,,14839027.0,,,,1.2,1.73,1.09,False,1,True,,,,False,,tv_wilder_rsi14_sma5_v1,58.21,53.76,False,True,4.45
1802,1802.T,大林組,2022-06,NEW,1,48.44,52.87,True,True,4.43,2022-06,985.0,985.0,985.0,0.0,956.56,923.77,926.44,True,True,True,False,True,True,True,2591067.0,,,,0.88,1.88,1.04,False,1,True,,,,False,,tv_wilder_rsi14_sma5_v1,52.87,48.44,True,True,4.43
5803,5803.T,フジクラ,2022-06,CONTINUE,6,63.25,67.65,True,False,4.4,2022-01,102.67,128.17,128.17,24.84,97.56,99.93,,True,True,,,True,False,,8743420.0,,,,1.6,4.35,1.28,False,1,False,,,,False,,tv_wilder_rsi14_sma5_v1,67.65,63.25,False,True,4.4
2882,2882.T,イートアンドホールディングス,2022-06,CONTINUE,2,58.9,63.25,True,True,4.35,2022-05,2310.0,2379.0,2379.0,2.99,2215.72,2160.45,2184.16,True,True,True,False,True,False,,15743.0,,,,1.39,1.42,0.97,True,1,True,,,,False,,tv_wilder_rsi14_sma5_v1,63.25,58.9,True,True,4.35
6914,6914.T,オプテックスグループ,2022-06,CONTINUE,5,54.79,59.13,True,True,4.35,2022-02,1664.0,2020.0,2020.0,21.39,1532.4,1557.01,,True,True,,,False,True,,115717.0,,,,1.24,3.31,1.19,False,1,True,,,,False,,tv_wilder_rsi14_sma5_v1,59.13,54.79,True,True,4.35
2296,2296.T,伊藤ハム米久ホールディングス,2022-06,NEW,1,45.67,50.02,True,True,4.34,2022-06,3455.0,3455.0,3455.0,0.0,3352.2,3328.67,3395.55,True,True,True,False,True,False,False,109549.0,,,,0.94,1.44,0.92,True,3,True,,,,False,,tv_wilder_rsi14_sma5_v1,50.02,45.67,True,True,4.34
4452,4452.T,花王,2022-06,CONTINUE,2,31.95,36.28,True,True,4.33,2022-05,2598.0,2736.0,2736.0,5.31,2566.18,2541.83,2932.61,True,True,False,False,True,False,,3653853.0,,,,1.07,2.46,0.88,True,4,False,,,,False,,tv_wilder_rsi14_sma5_v1,36.28,31.95,True,True,4.33
6070,6070.T,キャリアリンク,2022-06,CONTINUE,2,52.69,57.02,True,False,4.33,2022-05,2058.0,1935.0,1935.0,-5.98,1641.56,1492.64,1550.38,True,True,True,False,True,True,,193510.0,,,,1.33,5.39,0.99,True,3,True,,,,False,,tv_wilder_rsi14_sma5_v1,57.02,52.69,False,True,4.33
8801,8801.T,三井不動産,2022-06,CONTINUE,5,58.47,62.81,True,True,4.33,2022-02,852.33,972.5,972.5,14.1,829.09,810.27,,True,True,,,True,False,,9060290.0,,,,0.94,2.46,0.93,True,1,True,,,,False,,tv_wilder_rsi14_sma5_v1,62.81,58.47,True,True,4.33
2462,2462.T,ライク,2022-06,CONTINUE,7,57.64,61.95,True,True,4.31,2021-12,1783.0,2308.0,2308.0,29.44,1724.6,1793.27,,True,False,,,False,False,,64077.0,,,,0.86,2.67,0.86,True,1,True,,,,False,,tv_wilder_rsi14_sma5_v1,61.95,57.64,True,True,4.31
3661,3661.T,エムアップホールディングス,2022-06,CONTINUE,4,61.65,65.95,True,True,4.3,2022-03,516.5,621.0,621.0,20.23,470.04,453.81,,True,True,,,True,False,,849193.0,,,,0.94,5.87,1.08,False,1,True,,,,False,,tv_wilder_rsi14_sma5_v1,65.95,61.65,True,True,4.3
3774,3774.T,インターネットイニシアティブ,2022-06,CONTINUE,2,66.55,70.86,True,True,4.3,2022-05,2367.5,2372.5,2372.5,0.21,2137.3,1997.23,2049.14,True,True,True,False,True,True,,719620.0,,,,1.03,4.74,0.89,True,1,True,,,,False,,tv_wilder_rsi14_sma5_v1,70.86,66.55,True,True,4.3
4931,4931.T,新日本製薬,2022-06,CONTINUE,5,43.04,47.34,True,True,4.3,2022-02,1377.0,1600.0,1600.0,16.19,1241.96,1245.92,,True,True,,,True,False,,140070.0,,,,0.51,5.17,0.94,True,1,True,,,,False,,tv_wilder_rsi14_sma5_v1,47.34,43.04,True,True,4.3
6770,6770.T,アルプスアルパイン,2022-06,CONTINUE,7,45.39,49.69,True,False,4.3,2021-12,1085.0,1377.0,1377.0,26.91,1066.48,1128.8,,True,False,,,False,False,,1928860.0,,,,0.63,2.02,0.92,True,1,False,,,,False,,tv_wilder_rsi14_sma5_v1,49.69,45.39,False,True,4.3
7004,7004.T,カナデビア,2022-06,CONTINUE,2,58.05,62.33,True,True,4.29,2022-05,787.0,854.0,854.0,8.51,746.36,739.27,799.67,True,True,False,False,True,False,,887480.0,,,,0.76,3.37,0.82,True,4,True,,,,False,,tv_wilder_rsi14_sma5_v1,62.33,58.05,True,True,4.29
3543,3543.T,コメダホールディングス,2022-06,CONTINUE,3,57.03,61.29,True,True,4.25,2022-04,2238.0,2301.0,2301.0,2.82,2103.92,2090.67,,True,True,,,True,True,,265993.0,,,,1.12,1.94,1.11,False,1,True,,,,False,,tv_wilder_rsi14_sma5_v1,61.29,57.03,True,True,4.25
9001,9001.T,東武鉄道,2022-06,CONTINUE,5,48.83,53.09,True,True,4.25,2022-02,2825.0,3095.0,3095.0,9.56,2816.0,2722.01,,True,True,,,True,True,,549323.0,,,,0.86,2.18,0.96,True,1,True,,,,False,,tv_wilder_rsi14_sma5_v1,53.09,48.83,True,True,4.25
3231,3231.T,野村不動産ホールディングス,2022-06,CONTINUE,5,64.28,68.5,True,True,4.22,2022-02,573.0,665.0,665.0,16.06,548.67,533.04,,True,True,,,True,False,,3328833.0,,,,0.84,2.2,0.98,True,1,True,,,,False,,tv_wilder_rsi14_sma5_v1,68.5,64.28,True,True,4.22
3962,3962.T,チェンジホールディングス,2022-06,CONTINUE,5,46.11,50.29,True,True,4.19,2022-02,1760.0,2145.0,2145.0,21.88,1525.92,1806.24,,True,False,,,False,False,,902563.0,,,,1.27,6.2,1.15,False,1,True,,,,False,,tv_wilder_rsi14_sma5_v1,50.29,46.11,True,True,4.19
5976,5976.T,高周波熱錬,2022-06,CONTINUE,2,49.24,53.41,True,True,4.17,2022-05,640.0,653.0,653.0,2.03,599.68,589.41,604.02,True,True,True,False,True,False,,163673.0,,,,1.43,2.86,1.15,False,1,True,,,,False,,tv_wilder_rsi14_sma5_v1,53.41,49.24,True,True,4.17
4503,4503.T,アステラス製薬,2022-06,CONTINUE,5,59.58,63.73,True,True,4.15,2022-02,1918.5,2115.0,2115.0,10.24,1956.08,1901.11,,False,True,,,True,True,,5227813.0,,,,1.24,2.33,0.93,True,1,True,,,,False,,tv_wilder_rsi14_sma5_v1,63.73,59.58,True,True,4.15
7532,7532.T,ﾊﾟﾝ･ﾊﾟｼﾌｨｯｸ･ｲﾝﾀｰﾅｼｮﾅﾙﾎｰﾙﾃﾞｨﾝｸﾞｽ,2022-06,CONTINUE,5,48.96,53.1,True,True,4.14,2022-02,376.0,433.0,433.0,15.16,341.45,357.37,,True,True,,,True,False,,12048950.0,,,,0.91,3.54,1.22,False,1,True,,,,False,,tv_wilder_rsi14_sma5_v1,53.1,48.96,True,True,4.14
2815,2815.T,アリアケジャパン,2022-06,NEW,1,38.62,42.76,False,True,4.13,2022-06,5580.0,5580.0,5580.0,0.0,5301.0,5161.6,5995.25,True,True,False,False,True,False,False,66983.0,,,,1.32,2.28,1.1,False,4,True,,,,False,,tv_wilder_rsi14_sma5_v1,42.76,38.62,True,False,4.13
4568,4568.T,第一三共,2022-06,CONTINUE,3,56.16,60.28,True,True,4.12,2022-04,3262.0,3437.0,3437.0,5.36,2863.98,2646.39,,True,True,,,True,True,,4939267.0,,,,1.17,2.74,1.01,False,1,True,,,,False,,tv_wilder_rsi14_sma5_v1,60.28,56.16,True,True,4.12
4665,4665.T,ダスキン,2022-06,NEW,1,51.97,56.09,True,True,4.12,2022-06,2892.0,2892.0,2892.0,0.0,2751.2,2748.97,2734.91,True,True,True,True,True,True,True,93520.0,,,,1.35,1.21,1.18,False,2,True,,,,False,,tv_wilder_rsi14_sma5_v1,56.09,51.97,True,True,4.12
5101,5101.T,横浜ゴム,2022-06,NEW,1,46.07,50.17,True,True,4.1,2022-06,1837.0,1837.0,1837.0,0.0,1769.56,1700.32,1795.59,True,True,True,False,True,True,False,860777.0,,,,1.25,3.12,1.22,False,3,True,,,,False,,tv_wilder_rsi14_sma5_v1,50.17,46.07,True,True,4.1
8802,8802.T,三菱地所,2022-06,CONTINUE,6,54.63,58.73,True,True,4.1,2022-01,1657.0,1969.0,1969.0,18.83,1622.76,1652.38,,True,True,,,True,False,,3487660.0,,,,1.02,1.72,0.94,True,1,False,,,,False,,tv_wilder_rsi14_sma5_v1,58.73,54.63,True,True,4.1
2676,2676.T,高千穂交易,2022-06,CONTINUE,2,72.61,76.67,True,True,4.06,2022-05,915.0,934.0,934.0,2.08,820.52,782.11,700.74,True,True,True,True,True,True,,58273.0,,,,0.94,3.05,1.03,False,1,True,,,,False,,tv_wilder_rsi14_sma5_v1,76.67,72.61,True,True,4.06
8007,8007.T,高島,2022-06,CONTINUE,2,67.07,71.13,True,True,4.06,2022-05,310.0,324.5,324.5,4.68,297.95,292.99,269.55,True,True,True,True,True,True,,125173.0,,,,0.66,1.67,0.73,True,1,True,,,,False,,tv_wilder_rsi14_sma5_v1,71.13,67.07,True,True,4.06
9003,9003.T,相鉄ホールディングス,2022-06,CONTINUE,7,44.42,48.46,True,True,4.04,2021-12,2106.0,2347.0,2347.0,11.44,2047.0,2131.57,,True,False,,,False,False,,162240.0,,,,0.71,1.57,0.84,True,1,False,,,,False,,tv_wilder_rsi14_sma5_v1,48.46,44.42,True,True,4.04
7278,7278.T,エクセディ,2022-06,CONTINUE,2,45.08,49.11,True,True,4.03,2022-05,1692.0,1721.0,1721.0,1.71,1614.12,1597.63,1663.31,True,True,True,False,True,False,,228497.0,,,,0.75,1.94,0.73,True,3,True,,,,False,,tv_wilder_rsi14_sma5_v1,49.11,45.08,True,True,4.03
6455,6455.T,モリタホールディングス,2022-06,CONTINUE,3,34.04,38.06,True,True,4.02,2022-04,1247.0,1320.0,1320.0,5.85,1235.36,1244.39,,True,True,,,True,False,,47110.0,,,,1.38,2.18,1.12,False,1,True,,,,False,,tv_wilder_rsi14_sma5_v1,38.06,34.04,True,True,4.02
7731,7731.T,ニコン,2022-06,CONTINUE,4,60.67,64.66,True,False,4.0,2022-03,1314.0,1569.0,1569.0,19.41,1212.96,1237.96,,True,True,,,False,True,,2813840.0,,,,0.82,2.65,0.8,True,1,True,,,,False,,tv_wilder_rsi14_sma5_v1,64.66,60.67,False,True,4.0
3245,3245.T,ディア・ライフ,2022-06,CONTINUE,2,55.18,59.17,True,True,3.99,2022-05,541.0,573.0,573.0,5.91,519.2,520.32,526.1,True,True,True,False,False,False,,237460.0,,,,1.36,1.47,0.92,True,1,True,,,,False,,tv_wilder_rsi14_sma5_v1,59.17,55.18,True,True,3.99
7458,7458.T,第一興商,2022-06,CONTINUE,4,46.84,50.81,True,False,3.97,2022-03,1740.0,1975.0,1975.0,13.51,1719.1,1728.8,,True,True,,,False,False,,213000.0,,,,1.34,2.46,0.86,True,1,True,,,,False,,tv_wilder_rsi14_sma5_v1,50.81,46.84,False,True,3.97
7182,7182.T,ゆうちょ銀行,2022-06,NEW,1,50.57,54.52,False,True,3.95,2022-06,1055.0,1055.0,1055.0,0.0,1007.36,998.73,999.17,True,True,True,False,True,False,True,3099767.0,,,,1.15,1.54,1.07,False,2,True,,,,False,,tv_wilder_rsi14_sma5_v1,54.52,50.57,True,False,3.95
8022,8022.T,美津濃,2022-06,CONTINUE,2,47.54,51.48,True,True,3.93,2022-05,751.0,780.33,780.33,3.91,725.81,726.29,783.13,True,True,False,False,True,True,,260750.0,,,,1.15,3.03,0.86,True,4,True,,,,False,,tv_wilder_rsi14_sma5_v1,51.48,47.54,True,True,3.93
1835,1835.T,東鉄工業,2022-06,NEW,1,42.76,46.68,True,True,3.92,2022-06,2423.0,2423.0,2423.0,0.0,2287.08,2242.28,2378.14,True,True,True,False,True,False,False,94167.0,,,,1.29,2.04,1.19,False,3,True,,,,False,,tv_wilder_rsi14_sma5_v1,46.68,42.76,True,True,3.92
3232,3232.T,三重交通グループホールディングス,2022-06,CONTINUE,2,47.2,51.1,True,True,3.9,2022-05,481.0,493.0,493.0,2.49,466.96,462.89,482.66,True,True,False,False,True,True,,90347.0,,,,1.08,1.77,0.92,True,4,True,,,,False,,tv_wilder_rsi14_sma5_v1,51.1,47.2,True,True,3.9
8935,8935.T,ＦＪネクストホールディングス,2022-06,CONTINUE,2,53.65,57.55,True,True,3.9,2022-05,1065.0,1070.0,1070.0,0.47,1030.72,1005.92,1016.33,True,True,True,False,True,True,,75230.0,,,,0.92,1.92,0.91,True,1,True,,,,False,,tv_wilder_rsi14_sma5_v1,57.55,53.65,True,True,3.9
7955,7955.T,クリナップ,2022-06,CONTINUE,2,49.13,53.01,True,True,3.88,2022-05,557.0,573.0,573.0,2.87,533.04,533.88,542.9,True,True,True,False,True,True,,34693.0,,,,0.97,1.51,0.76,True,1,True,,,,False,,tv_wilder_rsi14_sma5_v1,53.01,49.13,True,True,3.88
9882,9882.T,イエローハット,2022-06,CONTINUE,3,47.26,51.14,True,True,3.88,2022-04,812.0,859.0,859.0,5.79,796.54,803.93,,True,True,,,False,False,,244433.0,,,,0.52,1.61,1.02,False,1,True,,,,False,,tv_wilder_rsi14_sma5_v1,51.14,47.26,True,True,3.88
4912,4912.T,ライオン,2022-06,CONTINUE,2,34.51,38.38,True,True,3.87,2022-05,1439.0,1496.0,1496.0,3.96,1365.08,1395.11,1609.35,True,True,False,False,True,False,,2616087.0,,,,2.25,2.78,0.93,True,4,True,,,,False,,tv_wilder_rsi14_sma5_v1,38.38,34.51,True,True,3.87
6417,6417.T,ＳＡＮＫＹＯ,2022-06,CONTINUE,8,65.12,68.97,True,False,3.85,2021-11,578.8,821.0,821.0,41.85,581.98,567.75,,False,True,,,True,,,1478883.0,,,,1.11,1.81,0.78,True,1,False,,,,False,,tv_wilder_rsi14_sma5_v1,68.97,65.12,False,True,3.85
8424,8424.T,芙蓉総合リース,2022-06,CONTINUE,2,53.17,57.02,True,True,3.85,2022-05,2456.67,2566.67,2566.67,4.48,2412.93,2413.6,2500.08,True,True,False,False,True,False,,185660.0,,,,1.4,2.05,0.97,True,4,True,,,,False,,tv_wilder_rsi14_sma5_v1,57.02,53.17,True,True,3.85
2730,2730.T,エディオン,2022-06,CONTINUE,7,56.43,60.25,True,True,3.82,2021-12,1073.0,1273.0,1273.0,18.64,1043.04,1061.47,,True,True,,,False,False,,407903.0,,,,0.59,1.05,0.81,True,1,True,,,,False,,tv_wilder_rsi14_sma5_v1,60.25,56.43,True,True,3.82
6971,6971.T,京セラ,2022-06,CONTINUE,2,54.21,57.99,True,False,3.78,2022-05,1816.75,1814.0,1814.0,-0.15,1749.12,1693.44,1723.08,True,True,True,False,True,True,,3680453.0,,,,1.36,1.57,0.88,True,1,True,,,,False,,tv_wilder_rsi14_sma5_v1,57.99,54.21,False,True,3.78
7012,7012.T,川崎重工業,2022-06,CONTINUE,6,51.84,55.6,True,True,3.76,2022-01,441.4,508.8,508.8,15.27,441.15,438.05,,True,True,,,True,False,,7636933.0,,,,0.91,3.13,1.13,False,1,False,,,,False,,tv_wilder_rsi14_sma5_v1,55.6,51.84,True,True,3.76
1898,1898.T,世紀東急工業,2022-06,CONTINUE,2,47.71,51.46,True,True,3.75,2022-05,805.0,813.0,813.0,0.99,766.36,774.09,809.11,True,True,False,False,True,False,,95080.0,,,,1.08,1.94,0.88,True,4,True,,,,False,,tv_wilder_rsi14_sma5_v1,51.46,47.71,True,True,3.75
7867,7867.T,タカラトミー,2022-06,CONTINUE,7,61.35,65.09,True,True,3.74,2021-12,1099.0,1363.0,1363.0,24.02,1078.84,1096.41,,True,True,,,True,True,,250347.0,,,,0.6,1.73,0.83,True,1,True,,,,False,,tv_wilder_rsi14_sma5_v1,65.09,61.35,True,True,3.74
9887,9887.T,松屋フーズホールディングス,2022-06,CONTINUE,5,53.43,57.17,True,True,3.74,2022-02,3680.0,3895.0,3895.0,5.84,3608.8,3582.73,,True,True,,,True,False,,14407.0,,,,1.44,0.96,0.93,True,1,True,,,,False,,tv_wilder_rsi14_sma5_v1,57.17,53.43,True,True,3.74
3201,3201.T,日本毛織,2022-06,CONTINUE,5,48.85,52.57,True,True,3.72,2022-02,905.0,985.0,985.0,8.84,894.72,900.79,,True,True,,,False,False,,114937.0,,,,0.73,1.62,1.09,False,1,False,,,,False,,tv_wilder_rsi14_sma5_v1,52.57,48.85,True,True,3.72
7943,7943.T,ニチハ,2022-06,NEW,1,42.73,46.45,False,True,3.72,2022-06,2640.0,2640.0,2640.0,0.0,2500.92,2430.07,2777.57,True,True,False,False,True,False,False,61943.0,,,,1.59,2.67,1.15,False,4,True,,,,False,,tv_wilder_rsi14_sma5_v1,46.45,42.73,True,False,3.72
1803,1803.T,清水建設,2022-06,NEW,1,41.53,45.23,True,True,3.7,2022-06,750.0,750.0,750.0,0.0,723.44,721.35,759.98,True,True,False,False,True,False,False,2545787.0,,,,0.84,2.01,0.98,True,4,True,,,,False,,tv_wilder_rsi14_sma5_v1,45.23,41.53,True,True,3.7
9072,9072.T,ニッコンホールディングス,2022-06,NEW,1,44.23,47.93,True,True,3.7,2022-06,1075.5,1075.5,1075.5,0.0,1042.46,1020.39,1068.6,True,True,True,False,True,False,False,274127.0,,,,1.57,1.7,1.0,False,3,True,,,,False,,tv_wilder_rsi14_sma5_v1,47.93,44.23,True,True,3.7
9008,9008.T,京王電鉄,2022-06,NEW,1,37.22,40.91,True,True,3.69,2022-06,971.0,971.0,971.0,0.0,912.56,936.59,1022.14,True,True,False,False,True,False,False,2563033.0,,,,0.97,2.84,1.09,False,4,True,,,,False,,tv_wilder_rsi14_sma5_v1,40.91,37.22,True,True,3.69
6844,6844.T,新電元工業,2022-06,CONTINUE,2,45.96,49.64,True,True,3.68,2022-05,3200.0,3390.0,3390.0,5.94,3042.52,2999.48,3540.61,True,True,False,False,True,False,,64647.0,,,,0.67,3.6,0.86,True,4,True,,,,False,,tv_wilder_rsi14_sma5_v1,49.64,45.96,True,True,3.68
2206,2206.T,江崎グリコ,2022-06,NEW,1,40.33,44.0,True,True,3.67,2022-06,3925.0,3925.0,3925.0,0.0,3726.6,3730.93,3844.53,True,True,True,False,False,False,False,312587.0,,,,2.19,1.95,1.16,False,3,True,,,,False,,tv_wilder_rsi14_sma5_v1,44.0,40.33,True,True,3.67
6140,6140.T,旭ダイヤモンド工業,2022-06,CONTINUE,2,50.45,54.1,True,True,3.65,2022-05,597.0,629.0,629.0,5.36,572.44,577.72,606.14,True,True,False,False,False,False,,214770.0,,,,1.6,2.54,0.89,True,1,True,,,,False,,tv_wilder_rsi14_sma5_v1,54.1,50.45,True,True,3.65
9616,9616.T,共立メンテナンス,2022-06,CONTINUE,5,59.62,63.27,True,True,3.65,2022-02,2125.0,2530.0,2530.0,19.06,2105.4,2075.5,,True,True,,,True,True,,491540.0,,,,0.91,3.5,0.94,True,1,True,,,,False,,tv_wilder_rsi14_sma5_v1,63.27,59.62,True,True,3.65
1975,1975.T,朝日工業社,2022-06,CONTINUE,4,51.7,55.34,True,True,3.64,2022-03,801.0,846.5,846.5,5.68,767.23,762.58,,True,True,,,True,False,,22367.0,,,,1.39,2.92,1.16,False,1,True,,,,False,,tv_wilder_rsi14_sma5_v1,55.34,51.7,True,True,3.64
4151,4151.T,協和キリン,2022-06,NEW,1,47.62,51.26,True,True,3.64,2022-06,3050.0,3050.0,3050.0,0.0,2886.76,2835.73,3171.97,True,True,False,False,True,True,False,1051083.0,,,,1.03,2.44,0.99,True,4,True,,,,False,,tv_wilder_rsi14_sma5_v1,51.26,47.62,True,True,3.64
7780,7780.T,メニコン,2022-06,NEW,1,46.9,50.51,True,True,3.61,2022-06,3115.0,3115.0,3115.0,0.0,2885.32,2799.72,3319.36,True,True,False,False,True,True,False,326813.0,,,,0.85,3.63,1.17,False,4,True,,,,False,,tv_wilder_rsi14_sma5_v1,50.51,46.9,True,True,3.61
8129,8129.T,東邦ホールディングス,2022-06,CONTINUE,6,49.96,53.56,True,True,3.6,2022-01,1791.0,2099.0,2099.0,17.2,1745.84,1772.73,,True,True,,,False,False,,129357.0,,,,1.25,2.1,1.05,False,1,True,,,,False,,tv_wilder_rsi14_sma5_v1,53.56,49.96,True,True,3.6
6961,6961.T,エンプラス,2022-06,CONTINUE,4,47.33,50.91,True,False,3.58,2022-03,2715.0,3185.0,3185.0,17.31,2609.48,2679.28,,True,True,,,False,False,,37597.0,,,,0.92,2.83,1.03,False,1,True,,,,False,,tv_wilder_rsi14_sma5_v1,50.91,47.33,False,True,3.58
8153,8153.T,モスフードサービス,2022-06,CONTINUE,2,50.35,53.92,True,True,3.58,2022-05,3040.0,3120.0,3120.0,2.63,2997.68,2979.85,3083.16,True,True,False,False,True,False,,84997.0,,,,1.09,1.29,0.95,True,4,True,,,,False,,tv_wilder_rsi14_sma5_v1,53.92,50.35,True,True,3.58
1964,1964.T,中外炉工業,2022-06,CONTINUE,2,43.94,47.5,True,False,3.56,2022-05,1686.0,1669.0,1669.0,-1.01,1561.52,1564.97,1655.98,True,True,True,False,True,False,,35480.0,,,,0.94,3.06,1.04,False,3,True,,,,False,,tv_wilder_rsi14_sma5_v1,47.5,43.94,False,True,3.56
2212,2212.T,山崎製パン,2022-06,NEW,1,44.94,48.49,True,True,3.56,2022-06,1657.0,1657.0,1657.0,0.0,1557.12,1554.24,1627.09,True,True,True,False,False,True,False,787720.0,,,,1.24,2.39,1.26,False,3,True,,,,False,,tv_wilder_rsi14_sma5_v1,48.49,44.94,True,True,3.56
4694,4694.T,ビー・エム・エル,2022-06,CONTINUE,3,48.22,51.78,True,True,3.56,2022-04,3345.0,3525.0,3525.0,5.38,3229.8,3349.07,,True,False,,,True,False,,128303.0,,,,1.32,2.81,1.15,False,1,True,,,,False,,tv_wilder_rsi14_sma5_v1,51.78,48.22,True,True,3.56
6745,6745.T,ホーチキ,2022-06,CONTINUE,2,47.58,51.13,True,True,3.55,2022-05,406.67,429.33,429.33,5.57,406.6,405.83,407.65,True,True,False,False,True,True,,76700.0,,,,1.58,2.85,0.87,True,1,True,,,,False,,tv_wilder_rsi14_sma5_v1,51.13,47.58,True,True,3.55
7011,7011.T,三菱重工業,2022-06,CONTINUE,6,63.84,67.38,True,False,3.54,2022-01,309.9,474.5,474.5,53.11,295.07,286.4,,True,True,,,True,True,,21246700.0,,,,0.9,2.59,1.0,False,1,True,,,,False,,tv_wilder_rsi14_sma5_v1,67.38,63.84,False,True,3.54
9715,9715.T,トランス・コスモス,2022-06,CONTINUE,2,55.96,59.5,True,True,3.54,2022-05,3475.0,3485.0,3485.0,0.29,3179.0,3165.05,3266.43,True,True,True,False,True,True,,93393.0,,,,2.06,2.51,1.0,True,1,True,,,,False,,tv_wilder_rsi14_sma5_v1,59.5,55.96,True,True,3.54
8570,8570.T,イオンフィナンシャルサービス,2022-06,CONTINUE,2,43.65,47.18,True,True,3.53,2022-05,1202.0,1278.0,1278.0,6.32,1190.0,1193.31,1279.65,True,True,False,False,False,False,,570267.0,,,,0.81,2.1,0.84,True,4,False,,,,False,,tv_wilder_rsi14_sma5_v1,47.18,43.65,True,True,3.53
3289,3289.T,東急不動産ホールディングス,2022-06,CONTINUE,5,54.7,58.2,True,True,3.51,2022-02,639.0,714.0,714.0,11.74,650.44,636.33,,False,True,,,True,False,,2484797.0,,,,0.87,2.66,0.94,True,1,True,,,,False,,tv_wilder_rsi14_sma5_v1,58.2,54.7,True,True,3.51
7038,7038.T,フロンティア・マネジメント,2022-06,CONTINUE,5,46.59,50.1,True,False,3.51,2022-02,923.0,1301.0,1301.0,40.95,721.96,768.51,,True,True,,,True,False,,122127.0,,,,1.25,5.82,1.31,False,1,True,,,,False,,tv_wilder_rsi14_sma5_v1,50.1,46.59,False,True,3.51
7294,7294.T,ヨロズ,2022-06,CONTINUE,2,34.95,38.46,True,True,3.51,2022-05,832.0,886.0,886.0,6.49,774.32,844.81,1034.72,True,False,False,False,False,False,,63007.0,,,,1.26,2.68,0.82,True,4,True,,,,False,,tv_wilder_rsi14_sma5_v1,38.46,34.95,True,True,3.51
6473,6473.T,ジェイテクト,2022-06,CONTINUE,2,46.17,49.67,True,True,3.5,2022-05,981.0,1020.0,1020.0,3.98,945.04,948.03,990.1,True,True,False,False,True,False,,1260163.0,,,,0.84,2.26,0.78,True,4,True,,,,False,,tv_wilder_rsi14_sma5_v1,49.67,46.17,True,True,3.5
2784,2784.T,アルフレッサホールディングス,2022-06,NEW,1,44.53,48.02,True,True,3.49,2022-06,1825.0,1825.0,1825.0,0.0,1728.32,1739.76,1685.17,True,True,True,False,False,False,True,585700.0,,,,0.84,2.43,1.2,False,2,True,,,,False,,tv_wilder_rsi14_sma5_v1,48.02,44.53,True,True,3.49
6222,6222.T,島精機製作所,2022-06,CONTINUE,4,45.67,49.14,True,True,3.47,2022-03,1870.0,2089.0,2089.0,11.71,1773.6,1872.37,,True,False,,,False,False,,90310.0,,,,0.88,2.62,0.94,True,1,True,,,,False,,tv_wilder_rsi14_sma5_v1,49.14,45.67,True,True,3.47
8227,8227.T,しまむら,2022-06,NEW,1,55.96,59.42,True,True,3.47,2022-06,5955.0,5955.0,5955.0,0.0,5590.8,5611.73,5214.57,True,True,True,False,False,True,True,455680.0,,,,2.16,3.38,1.44,False,2,True,,,,False,,tv_wilder_rsi14_sma5_v1,59.42,55.96,True,True,3.47
8593,8593.T,三菱ＨＣキャピタル,2022-06,CONTINUE,3,53.36,56.82,True,True,3.46,2022-04,585.0,626.0,626.0,7.01,578.48,586.57,,True,False,,,True,True,,3545990.0,,,,0.71,1.48,0.97,True,1,False,,,,False,,tv_wilder_rsi14_sma5_v1,56.82,53.36,True,True,3.46
3388,3388.T,明治電機工業,2022-06,CONTINUE,2,35.02,38.48,False,False,3.45,2022-05,1098.0,1098.0,1098.0,0.0,1042.32,1062.56,1215.52,True,True,False,False,True,False,,27607.0,,,,1.0,1.95,1.03,False,4,True,,,,False,,tv_wilder_rsi14_sma5_v1,38.48,35.02,False,False,3.45
6503,6503.T,三菱電機,2022-06,CONTINUE,2,44.95,48.4,True,True,3.44,2022-05,1416.0,1451.0,1451.0,2.47,1383.62,1383.19,1460.82,True,True,False,False,True,False,,5072883.0,,,,1.7,2.51,0.86,True,4,True,,,,False,,tv_wilder_rsi14_sma5_v1,48.4,44.95,True,True,3.44
3401,3401.T,帝人,2022-06,NEW,1,37.26,40.69,True,True,3.43,2022-06,1413.0,1413.0,1413.0,0.0,1382.48,1361.87,1427.21,True,True,False,False,True,True,False,852423.0,,,,0.86,2.27,1.02,False,4,True,,,,False,,tv_wilder_rsi14_sma5_v1,40.69,37.26,True,True,3.43
4668,4668.T,明光ネットワークジャパン,2022-06,CONTINUE,5,42.07,45.51,True,True,3.43,2022-02,563.0,616.0,616.0,9.41,565.32,562.24,,False,True,,,True,False,,53077.0,,,,1.18,1.33,1.05,False,1,True,,,,False,,tv_wilder_rsi14_sma5_v1,45.51,42.07,True,True,3.43
7513,7513.T,コジマ,2022-06,CONTINUE,5,50.76,54.19,True,True,3.43,2022-02,547.0,654.0,654.0,19.56,537.72,545.59,,True,True,,,True,False,,119817.0,,,,1.05,1.95,1.05,False,1,True,,,,False,,tv_wilder_rsi14_sma5_v1,54.19,50.76,True,True,3.43
9508,9508.T,九州電力,2022-06,CONTINUE,2,44.1,47.53,True,True,3.43,2022-05,837.0,872.0,872.0,4.18,849.04,848.44,846.87,False,False,False,True,True,True,,2225670.0,,,,0.87,1.82,0.84,True,4,True,,,,False,,tv_wilder_rsi14_sma5_v1,47.53,44.1,True,True,3.43
7951,7951.T,ヤマハ,2022-06,CONTINUE,2,46.48,49.88,True,True,3.4,2022-05,1773.33,1866.67,1866.67,5.26,1713.87,1743.33,1971.95,True,True,False,False,False,False,,1418840.0,,,,1.46,2.73,0.98,True,4,True,,,,False,,tv_wilder_rsi14_sma5_v1,49.88,46.48,True,True,3.4
7616,7616.T,コロワイド,2022-06,CONTINUE,2,48.22,51.6,True,True,3.39,2022-05,1722.0,1836.0,1836.0,6.62,1707.4,1713.33,1710.38,True,True,True,False,True,True,,342140.0,,,,0.8,2.61,0.86,True,3,True,,,,False,,tv_wilder_rsi14_sma5_v1,51.6,48.22,True,True,3.39
3221,3221.T,ヨシックスホールディングス,2022-06,CONTINUE,5,50.78,54.15,True,True,3.37,2022-02,2193.0,2354.0,2354.0,7.34,2093.36,2019.2,,True,True,,,True,False,,40460.0,,,,1.83,3.04,1.14,False,1,False,,,,False,,tv_wilder_rsi14_sma5_v1,54.15,50.78,True,True,3.37
3106,3106.T,倉敷紡績,2022-06,CONTINUE,2,45.02,48.38,True,True,3.36,2022-05,1929.0,1942.0,1942.0,0.67,1832.24,1825.13,1896.13,True,True,True,False,True,False,,48213.0,,,,1.05,2.26,0.68,True,3,True,,,,False,,tv_wilder_rsi14_sma5_v1,48.38,45.02,True,True,3.36
2198,2198.T,アイ  ･ケイ  ･ケイホールディングス,2022-06,CONTINUE,4,45.05,48.4,True,True,3.35,2022-03,620.0,622.0,622.0,0.32,562.8,584.6,,True,True,,,False,False,,55513.0,,,,1.25,2.83,0.82,True,1,True,,,,False,,tv_wilder_rsi14_sma5_v1,48.4,45.05,True,True,3.35
6905,6905.T,コーセル,2022-06,NEW,1,36.2,39.54,True,True,3.34,2022-06,818.0,818.0,818.0,0.0,811.44,790.27,855.35,True,True,False,False,True,True,False,96983.0,,,,1.2,3.26,1.07,False,4,True,,,,False,,tv_wilder_rsi14_sma5_v1,39.54,36.2,True,True,3.34
5105,5105.T,ＴＯＹＯＴＩＲＥ,2022-06,CONTINUE,2,45.79,49.12,True,False,3.33,2022-05,1724.0,1694.0,1694.0,-1.74,1607.32,1539.35,1749.51,True,True,False,False,True,False,,761987.0,,,,0.87,4.26,0.69,True,4,True,,,,False,,tv_wilder_rsi14_sma5_v1,49.12,45.79,False,True,3.33
7187,7187.T,ジェイリース,2022-06,NEW,1,62.62,65.95,False,True,3.33,2022-06,995.5,995.5,995.5,0.0,925.66,856.11,930.96,True,True,True,False,True,True,True,746060.0,,,,1.11,4.87,1.15,False,1,True,,,,False,,tv_wilder_rsi14_sma5_v1,65.95,62.62,True,False,3.33
6412,6412.T,平和,2022-06,CONTINUE,3,50.75,54.07,True,True,3.32,2022-04,1953.0,2013.0,2013.0,3.07,1876.04,1886.87,,True,True,,,False,False,,204080.0,,,,0.98,1.33,1.01,False,1,True,,,,False,,tv_wilder_rsi14_sma5_v1,54.07,50.75,True,True,3.32
1301,1301.T,極洋,2022-06,CONTINUE,7,63.96,67.27,True,True,3.31,2021-12,3080.0,3455.0,3455.0,12.18,3036.92,3043.93,,True,True,,,False,True,,11063.0,,,,0.72,1.25,0.91,True,1,True,,,,False,,tv_wilder_rsi14_sma5_v1,67.27,63.96,True,True,3.31
2395,2395.T,新日本科学,2022-06,CONTINUE,2,65.62,68.93,True,True,3.31,2022-05,1653.0,1978.0,1978.0,19.66,1469.32,1537.45,1351.89,True,True,True,False,False,True,,770577.0,,,,1.45,4.96,1.04,False,1,True,,,,False,,tv_wilder_rsi14_sma5_v1,68.93,65.62,True,True,3.31
3486,3486.T,グローバル・リンク・マネジメント,2022-06,CONTINUE,4,51.75,55.05,True,True,3.3,2022-03,442.5,480.5,480.5,8.59,420.02,431.38,,True,True,,,True,False,,31507.0,,,,0.81,1.93,0.67,True,1,True,,,,False,,tv_wilder_rsi14_sma5_v1,55.05,51.75,True,True,3.3
9517,9517.T,イーレックス,2022-06,CONTINUE,3,51.39,54.68,True,True,3.3,2022-04,1988.0,2199.0,2199.0,10.61,1894.88,1757.72,,True,True,,,True,False,,1282253.0,,,,0.78,5.48,0.93,True,1,True,,,,False,,tv_wilder_rsi14_sma5_v1,54.68,51.39,True,True,3.3
8174,8174.T,日本瓦斯,2022-06,CONTINUE,3,55.84,59.13,True,True,3.29,2022-04,1842.0,1924.0,1924.0,4.45,1548.52,1579.45,,True,True,,,True,True,,471123.0,,,,1.59,3.6,1.26,False,1,True,,,,False,,tv_wilder_rsi14_sma5_v1,59.13,55.84,True,True,3.29
6652,6652.T,ＩＤＥＣ,2022-06,CONTINUE,2,59.13,62.4,True,True,3.27,2022-05,2660.0,2796.0,2796.0,5.11,2432.44,2437.05,2441.64,True,True,True,False,True,False,,79940.0,,,,1.02,3.09,0.93,True,1,True,,,,False,,tv_wilder_rsi14_sma5_v1,62.4,59.13,True,True,3.27
1934,1934.T,ユアテック,2022-06,NEW,1,49.78,53.01,True,True,3.24,2022-06,738.0,738.0,738.0,0.0,705.4,691.68,686.49,True,True,True,True,True,False,True,77450.0,,,,1.68,1.83,1.14,False,1,True,,,,False,,tv_wilder_rsi14_sma5_v1,53.01,49.78,True,True,3.24
7970,7970.T,信越ポリマー,2022-06,NEW,1,58.32,61.56,True,True,3.24,2022-06,1181.0,1181.0,1181.0,0.0,1143.52,1098.29,1071.36,True,True,True,True,True,True,True,153777.0,,,,1.54,2.56,1.24,False,2,True,,,,False,,tv_wilder_rsi14_sma5_v1,61.56,58.32,True,True,3.24
5288,5288.T,アジアパイルホールディングス,2022-06,CONTINUE,2,43.33,46.56,True,False,3.23,2022-05,461.0,458.0,458.0,-0.65,439.44,434.93,450.75,True,True,True,False,True,True,,56967.0,,,,0.93,1.55,0.86,True,3,True,,,,False,,tv_wilder_rsi14_sma5_v1,46.56,43.33,False,True,3.23
8418,8418.T,山口フィナンシャルグループ,2022-06,CONTINUE,7,51.25,54.48,True,True,3.23,2021-12,673.0,744.0,744.0,10.55,646.12,654.23,,True,True,,,True,True,,842430.0,,,,0.77,1.59,1.04,False,1,True,,,,False,,tv_wilder_rsi14_sma5_v1,54.48,51.25,True,True,3.23
9861,9861.T,吉野家ホールディングス,2022-06,CONTINUE,2,58.58,61.8,True,True,3.22,2022-05,2386.0,2494.0,2494.0,4.53,2383.88,2374.91,2289.86,True,True,True,True,True,True,,477683.0,,,,0.54,1.77,1.01,False,1,True,,,,False,,tv_wilder_rsi14_sma5_v1,61.8,58.58,True,True,3.22
1961,1961.T,三機工業,2022-06,NEW,1,57.24,60.45,True,True,3.21,2022-06,512.0,512.0,512.0,0.0,495.03,487.26,485.44,True,True,True,True,True,True,True,460390.0,,,,0.97,1.62,1.04,False,3,True,,,,False,,tv_wilder_rsi14_sma5_v1,60.45,57.24,True,True,3.21
2915,2915.T,ケンコーマヨネーズ,2022-06,NEW,1,37.54,40.75,True,True,3.21,2022-06,1447.0,1447.0,1447.0,0.0,1405.12,1399.6,1424.08,True,True,True,False,True,True,False,24687.0,,,,1.11,2.0,1.01,False,3,True,,,,False,,tv_wilder_rsi14_sma5_v1,40.75,37.54,True,True,3.21
5602,5602.T,栗本鐵工所,2022-06,CONTINUE,4,46.22,49.43,True,True,3.2,2022-03,314.0,329.8,329.8,5.03,305.33,308.85,,True,True,,,False,False,,86833.0,,,,1.49,1.71,0.95,True,1,True,,,,False,,tv_wilder_rsi14_sma5_v1,49.43,46.22,True,True,3.2
6247,6247.T,日阪製作所,2022-06,CONTINUE,2,46.85,50.05,True,True,3.2,2022-05,831.0,837.0,837.0,0.72,784.52,793.68,826.43,True,True,True,False,True,False,,51563.0,,,,1.2,2.51,0.92,True,3,True,,,,False,,tv_wilder_rsi14_sma5_v1,50.05,46.85,True,True,3.2
7282,7282.T,豊田合成,2022-06,NEW,1,41.5,44.68,False,True,3.18,2022-06,2143.0,2143.0,2143.0,0.0,2125.24,1985.39,2207.16,True,True,False,False,True,True,False,461433.0,,,,1.09,2.38,1.06,False,4,True,,,,False,,tv_wilder_rsi14_sma5_v1,44.68,41.5,True,False,3.18
3660,3660.T,アイスタイル,2022-06,CONTINUE,2,36.37,39.52,True,True,3.15,2022-05,221.0,229.0,229.0,3.62,178.08,181.8,286.83,True,True,False,False,True,False,,909723.0,,,,1.19,5.79,1.07,False,4,True,,,,False,,tv_wilder_rsi14_sma5_v1,39.52,36.37,True,True,3.15
8273,8273.T,イズミ,2022-06,NEW,1,36.5,39.64,True,True,3.14,2022-06,1018.33,1018.33,1018.33,0.0,977.2,980.49,1070.94,True,True,False,False,True,False,False,348810.0,,,,1.0,1.7,1.0,False,4,True,,,,False,,tv_wilder_rsi14_sma5_v1,39.64,36.5,True,True,3.14
4502,4502.T,武田薬品工業,2022-06,CONTINUE,6,49.55,52.68,True,True,3.13,2022-01,3328.0,3818.0,3818.0,14.72,3262.28,3205.92,,True,True,,,True,False,,5597223.0,,,,1.08,1.71,0.99,True,1,True,,,,False,,tv_wilder_rsi14_sma5_v1,52.68,49.55,True,True,3.13
8081,8081.T,カナデン,2022-06,CONTINUE,2,39.27,42.4,True,True,3.13,2022-05,1006.0,1019.0,1019.0,1.29,953.88,990.44,1018.63,True,True,False,False,False,False,,28463.0,,,,0.99,1.96,0.87,True,4,True,,,,False,,tv_wilder_rsi14_sma5_v1,42.4,39.27,True,True,3.13
5195,5195.T,バンドー化学,2022-06,CONTINUE,2,54.53,57.63,True,True,3.1,2022-05,900.0,921.0,921.0,2.33,859.36,862.8,888.32,True,True,True,False,True,False,,56207.0,,,,1.29,3.04,0.78,True,3,True,,,,False,,tv_wilder_rsi14_sma5_v1,57.63,54.53,True,True,3.1
2222,2222.T,寿スピリッツ,2022-06,CONTINUE,5,54.04,57.12,True,True,3.07,2022-02,1226.0,1478.0,1478.0,20.55,1088.04,1160.97,,True,True,,,True,False,,976783.0,,,,1.16,4.63,1.0,False,1,True,,,,False,,tv_wilder_rsi14_sma5_v1,57.12,54.04,True,True,3.07
6535,6535.T,アイモバイル,2022-06,CONTINUE,4,54.02,57.09,True,True,3.07,2022-03,420.33,477.33,477.33,13.56,413.95,406.0,,True,True,,,True,False,,451290.0,,,,0.5,2.75,0.64,True,1,True,,,,False,,tv_wilder_rsi14_sma5_v1,57.09,54.02,True,True,3.07
5929,5929.T,三和ホールディングス,2022-06,CONTINUE,2,50.0,53.06,True,True,3.06,2022-05,1236.0,1300.0,1300.0,5.18,1205.28,1212.03,1295.7,True,True,False,False,True,False,,616910.0,,,,0.94,3.46,0.69,True,4,True,,,,False,,tv_wilder_rsi14_sma5_v1,53.06,50.0,True,True,3.06
6143,6143.T,ソディック,2022-06,CONTINUE,2,43.71,46.77,True,True,3.06,2022-05,786.0,814.0,814.0,3.56,736.6,751.63,825.88,True,True,False,False,False,False,,442697.0,,,,1.9,2.26,0.94,True,4,True,,,,False,,tv_wilder_rsi14_sma5_v1,46.77,43.71,True,True,3.06
2337,2337.T,いちご,2022-06,CONTINUE,4,45.83,48.89,True,True,3.05,2022-03,315.0,313.0,313.0,-0.63,282.8,282.77,,True,True,,,True,False,,1276227.0,,,,0.74,3.06,1.01,False,1,True,,,,False,,tv_wilder_rsi14_sma5_v1,48.89,45.83,True,True,3.05
2108,2108.T,日本甜菜製糖,2022-06,CONTINUE,2,46.84,49.88,True,True,3.03,2022-05,1666.0,1710.0,1710.0,2.64,1644.8,1670.0,1662.35,True,False,True,False,True,False,,15120.0,,,,1.44,1.45,1.01,False,1,True,,,,False,,tv_wilder_rsi14_sma5_v1,49.88,46.84,True,True,3.03
3608,3608.T,ＴＳＩホールディングス,2022-06,CONTINUE,2,44.41,47.43,True,True,3.03,2022-05,328.0,347.0,347.0,5.79,314.24,321.57,334.0,True,True,False,False,False,False,,827440.0,,,,0.41,2.61,0.91,True,4,True,,,,False,,tv_wilder_rsi14_sma5_v1,47.43,44.41,True,True,3.03
7466,7466.T,ＳＰＫ,2022-06,CONTINUE,2,51.82,54.86,True,True,3.03,2022-05,684.5,699.0,699.0,2.12,661.52,660.97,675.24,True,True,True,False,False,True,,17447.0,,,,1.6,1.69,0.95,True,3,True,,,,False,,tv_wilder_rsi14_sma5_v1,54.86,51.82,True,True,3.03
7988,7988.T,ニフコ,2022-06,CONTINUE,2,46.11,49.13,False,True,3.01,2022-05,3010.0,3165.0,3165.0,5.15,2787.8,2903.48,3310.05,True,True,False,False,True,False,,392407.0,,,,1.09,2.5,0.97,True,4,True,,,,False,,tv_wilder_rsi14_sma5_v1,49.13,46.11,True,False,3.01
3252,3252.T,地主,2022-06,CONTINUE,5,64.13,67.14,True,False,3.0,2022-02,1794.0,2023.0,2023.0,12.76,1742.72,1753.43,,True,True,,,True,True,,33380.0,,,,0.91,1.46,1.18,False,1,True,,,,False,,tv_wilder_rsi14_sma5_v1,67.14,64.13,False,True,3.0
9946,9946.T,ミニストップ,2022-06,NEW,1,46.9,49.9,True,True,3.0,2022-06,1463.0,1463.0,1463.0,0.0,1418.2,1415.92,1424.05,True,True,True,False,True,False,False,46290.0,,,,1.08,1.12,1.0,False,1,True,,,,False,,tv_wilder_rsi14_sma5_v1,49.9,46.9,True,True,3.0
8334,8334.T,群馬銀行,2022-06,NEW,1,49.94,52.93,True,True,2.99,2022-06,383.0,383.0,383.0,0.0,370.96,365.75,364.6,True,True,True,True,True,False,True,1609233.0,,,,0.97,1.9,0.97,True,2,True,,,,False,,tv_wilder_rsi14_sma5_v1,52.93,49.94,True,True,2.99
9684,9684.T,ｽｸｳｪｱ･ｴﾆｯｸｽ･ﾎｰﾙﾃﾞｨﾝｸﾞｽ,2022-06,CONTINUE,2,50.52,53.51,True,False,2.99,2022-05,2136.67,2003.33,2003.33,-6.24,1888.53,1856.53,1978.13,True,True,True,False,True,True,,1947110.0,,,,0.97,3.05,0.91,True,1,True,,,,False,,tv_wilder_rsi14_sma5_v1,53.51,50.52,False,True,2.99
4527,4527.T,ロート製薬,2022-06,NEW,1,56.52,59.49,True,True,2.97,2022-06,1960.0,1960.0,1960.0,0.0,1764.5,1770.13,1733.01,True,True,True,False,True,False,True,605527.0,,,,1.3,3.29,1.21,False,2,True,,,,False,,tv_wilder_rsi14_sma5_v1,59.49,56.52,True,True,2.97
2288,2288.T,丸大食品,2022-06,NEW,1,37.88,40.84,True,True,2.96,2022-06,1535.0,1535.0,1535.0,0.0,1503.0,1498.48,1564.65,True,True,False,False,True,False,False,25347.0,,,,1.11,1.25,1.13,False,4,True,,,,False,,tv_wilder_rsi14_sma5_v1,40.84,37.88,True,True,2.96
4547,4547.T,キッセイ薬品工業,2022-06,CONTINUE,6,53.73,56.67,True,True,2.94,2022-01,2311.0,2654.0,2654.0,14.84,2273.96,2288.49,,True,True,,,True,False,,63240.0,,,,1.12,2.43,1.1,False,1,True,,,,False,,tv_wilder_rsi14_sma5_v1,56.67,53.73,True,True,2.94
1871,1871.T,ピーエス・コンストラクション,2022-06,CONTINUE,2,47.5,50.42,True,True,2.92,2022-05,602.0,614.0,614.0,1.99,574.24,588.28,616.65,True,True,False,False,False,False,,134040.0,,,,0.95,1.57,0.94,True,4,True,,,,False,,tv_wilder_rsi14_sma5_v1,50.42,47.5,True,True,2.92
9989,9989.T,サンドラッグ,2022-06,NEW,1,38.85,41.77,True,True,2.92,2022-06,3030.0,3030.0,3030.0,0.0,2865.68,2923.31,3104.07,True,True,False,False,True,False,False,435760.0,,,,1.15,2.39,1.22,False,4,True,,,,False,,tv_wilder_rsi14_sma5_v1,41.77,38.85,True,True,2.92
4801,4801.T,セントラルスポーツ,2022-06,CONTINUE,2,46.61,49.51,True,True,2.91,2022-05,2427.0,2497.0,2497.0,2.88,2376.48,2389.4,2425.19,True,True,True,False,False,False,,13550.0,,,,1.0,1.77,1.04,False,1,True,,,,False,,tv_wilder_rsi14_sma5_v1,49.51,46.61,True,True,2.91
7818,7818.T,トランザクション,2022-06,CONTINUE,3,48.84,51.75,True,True,2.91,2022-04,525.5,561.0,561.0,6.76,508.84,503.94,,True,True,,,True,False,,77973.0,,,,1.6,3.28,1.15,False,1,True,,,,False,,tv_wilder_rsi14_sma5_v1,51.75,48.84,True,True,2.91
9470,9470.T,学研ホールディングス,2022-06,NEW,1,35.72,38.63,True,True,2.91,2022-06,954.0,954.0,954.0,0.0,876.56,894.55,1008.15,True,True,False,False,True,False,False,182027.0,,,,0.95,2.01,1.12,False,4,True,,,,False,,tv_wilder_rsi14_sma5_v1,38.63,35.72,True,True,2.91
5844,5844.T,京都フィナンシャルグループ,2022-06,CONTINUE,4,54.7,57.58,True,True,2.89,2022-03,1337.5,1445.0,1445.0,8.04,1306.65,1330.48,,True,True,,,False,True,,918533.0,,,,0.83,2.76,0.95,True,1,True,,,,False,,tv_wilder_rsi14_sma5_v1,57.58,54.7,True,True,2.89
6178,6178.T,日本郵政,2022-06,CONTINUE,2,50.12,53.02,False,True,2.89,2022-05,959.6,969.1,969.1,0.99,921.73,934.81,928.19,True,True,True,False,True,False,,11264610.0,,,,1.16,1.64,0.79,True,1,True,,,,False,,tv_wilder_rsi14_sma5_v1,53.02,50.12,True,False,2.89
2874,2874.T,横浜冷凍,2022-06,NEW,1,46.62,49.5,True,True,2.88,2022-06,880.0,880.0,880.0,0.0,853.24,859.72,862.0,True,True,True,False,False,False,False,112120.0,,,,1.04,1.27,1.1,False,3,True,,,,False,,tv_wilder_rsi14_sma5_v1,49.5,46.62,True,True,2.88
5261,5261.T,リソルホールディングス,2022-06,CONTINUE,7,63.91,66.77,True,True,2.87,2021-12,4240.0,4650.0,4650.0,9.67,4149.2,4126.2,,True,True,,,True,True,,5483.0,,,,1.05,0.73,0.93,True,1,True,,,,False,,tv_wilder_rsi14_sma5_v1,66.77,63.91,True,True,2.87
4923,4923.T,コタ,2022-06,NEW,1,60.2,63.06,True,True,2.86,2022-06,1189.3,1189.3,1189.3,0.0,1143.93,1130.9,1135.51,True,True,True,False,True,True,True,30390.0,,,,1.66,1.6,1.25,False,1,True,,,,False,,tv_wilder_rsi14_sma5_v1,63.06,60.2,True,True,2.86
2281,2281.T,プリマハム,2022-06,NEW,1,37.96,40.82,False,True,2.85,2022-06,2277.0,2277.0,2277.0,0.0,2155.28,2176.28,2433.51,True,True,False,False,True,False,False,92747.0,,,,1.22,1.62,1.2,False,4,True,,,,False,,tv_wilder_rsi14_sma5_v1,40.82,37.96,True,False,2.85
2594,2594.T,キーコーヒー,2022-06,CONTINUE,2,47.09,49.92,True,True,2.83,2022-05,2061.0,2103.0,2103.0,2.04,2040.2,2040.88,2092.74,True,True,False,False,True,True,,32970.0,,,,0.94,1.08,0.83,True,4,True,,,,False,,tv_wilder_rsi14_sma5_v1,49.92,47.09,True,True,2.83
5142,5142.T,アキレス,2022-06,CONTINUE,5,40.0,42.82,True,True,2.83,2022-02,1293.0,1343.0,1343.0,3.87,1256.52,1257.27,,True,True,,,True,False,,16020.0,,,,1.45,1.92,1.04,False,1,True,,,,False,,tv_wilder_rsi14_sma5_v1,42.82,40.0,True,True,2.83
7984,7984.T,コクヨ,2022-06,NEW,1,51.75,54.58,True,True,2.83,2022-06,429.5,429.5,429.5,0.0,418.51,413.94,427.79,True,True,True,False,False,True,False,965213.0,,,,1.15,2.6,1.06,False,3,True,,,,False,,tv_wilder_rsi14_sma5_v1,54.58,51.75,True,True,2.83
7740,7740.T,タムロン,2022-06,CONTINUE,2,52.37,55.18,True,True,2.82,2022-05,307.12,314.25,314.25,2.32,294.8,292.58,317.4,True,True,False,False,True,False,,397413.0,,,,1.18,2.22,0.75,True,4,True,,,,False,,tv_wilder_rsi14_sma5_v1,55.18,52.37,True,True,2.82
1812,1812.T,鹿島建設,2022-06,NEW,1,53.35,56.17,True,True,2.81,2022-06,1557.0,1557.0,1557.0,0.0,1456.12,1460.13,1433.01,True,True,True,False,True,False,True,1766743.0,,,,0.89,2.12,1.19,False,1,True,,,,False,,tv_wilder_rsi14_sma5_v1,56.17,53.35,True,True,2.81
9039,9039.T,サカイ引越センター,2022-06,CONTINUE,3,42.06,44.87,True,True,2.81,2022-04,2217.5,2270.0,2270.0,2.37,2103.3,2134.9,,True,True,,,True,False,,43487.0,,,,1.05,2.38,1.06,False,1,True,,,,False,,tv_wilder_rsi14_sma5_v1,44.87,42.06,True,True,2.81
9432,9432.T,ＮＴＴ,2022-06,CONTINUE,11,76.16,78.97,True,False,2.81,2021-08,117.44,155.84,155.84,32.7,114.55,,,True,,,,,,,,,,,,1.19,0.89,True,1,True,,,,False,,tv_wilder_rsi14_sma5_v1,78.97,76.16,False,True,2.81
5947,5947.T,リンナイ,2022-06,NEW,1,43.64,46.43,False,True,2.8,2022-06,3110.0,3110.0,3110.0,0.0,3006.13,2928.44,3409.78,True,True,False,False,True,False,False,1153150.0,,,,0.52,2.23,0.96,True,4,True,,,,False,,tv_wilder_rsi14_sma5_v1,46.43,43.64,True,False,2.8
9438,9438.T,エムティーアイ,2022-06,NEW,1,35.36,38.16,False,True,2.8,2022-06,491.0,491.0,491.0,0.0,455.4,455.52,562.34,True,True,False,False,True,False,False,93240.0,,,,1.41,4.06,1.18,False,4,True,,,,False,,tv_wilder_rsi14_sma5_v1,38.16,35.36,True,False,2.8
2897,2897.T,日清食品ホールディングス,2022-06,NEW,1,54.07,56.85,True,True,2.78,2022-06,3123.33,3123.33,3123.33,0.0,2891.6,2911.87,2898.93,True,True,True,False,False,False,True,1064420.0,,,,1.16,1.95,1.19,False,1,True,,,,False,,tv_wilder_rsi14_sma5_v1,56.85,54.07,True,True,2.78
3179,3179.T,シュッピン,2022-06,CONTINUE,5,58.83,61.61,True,False,2.78,2022-02,1183.0,1452.0,1452.0,22.74,1123.08,1087.84,,True,True,,,True,False,,506403.0,,,,0.55,4.89,0.88,True,1,True,,,,False,,tv_wilder_rsi14_sma5_v1,61.61,58.83,False,True,2.78
7226,7226.T,極東開発工業,2022-06,NEW,1,45.65,48.44,True,True,2.78,2022-06,1437.0,1437.0,1437.0,0.0,1430.24,1368.04,1473.79,True,True,False,False,True,True,False,114370.0,,,,0.86,1.72,0.8,True,4,True,,,,False,,tv_wilder_rsi14_sma5_v1,48.44,45.65,True,True,2.78
7949,7949.T,小松ウオール工業,2022-06,CONTINUE,2,48.4,51.16,True,True,2.76,2022-05,953.0,959.0,959.0,0.63,922.32,926.75,948.76,True,True,True,False,True,False,,16973.0,,,,1.22,1.29,0.85,True,3,True,,,,False,,tv_wilder_rsi14_sma5_v1,51.16,48.4,True,True,2.76
7419,7419.T,ノジマ,2022-06,CONTINUE,3,52.09,54.82,True,False,2.73,2022-04,435.5,469.33,469.33,7.77,411.31,405.76,,True,True,,,True,True,,709700.0,,,,1.62,1.89,1.14,False,1,True,,,,False,,tv_wilder_rsi14_sma5_v1,54.82,52.09,False,True,2.73
1982,1982.T,日比谷総合設備,2022-06,CONTINUE,2,50.31,53.03,True,True,2.72,2022-05,945.0,971.0,971.0,2.75,924.9,937.36,955.25,True,True,False,False,False,False,,70220.0,,,,1.56,1.97,0.84,True,4,False,,,,False,,tv_wilder_rsi14_sma5_v1,53.03,50.31,True,True,2.72
2060,2060.T,フィード・ワン,2022-06,NEW,1,33.92,36.64,True,True,2.72,2022-06,682.0,682.0,682.0,0.0,665.04,663.61,702.58,True,True,False,False,True,False,False,47047.0,,,,1.12,1.99,1.24,False,4,True,,,,False,,tv_wilder_rsi14_sma5_v1,36.64,33.92,True,True,2.72
6448,6448.T,ブラザー工業,2022-06,CONTINUE,4,53.55,56.27,True,True,2.72,2022-03,2237.0,2385.0,2385.0,6.62,2135.32,2161.19,,True,True,,,False,True,,899173.0,,,,0.63,2.16,0.82,True,1,True,,,,False,,tv_wilder_rsi14_sma5_v1,56.27,53.55,True,True,2.72
7936,7936.T,アシックス,2022-06,NEW,1,53.55,56.27,True,True,2.72,2022-06,613.25,613.25,613.25,0.0,608.07,565.61,614.92,True,True,False,False,True,True,True,4693400.0,,,,1.06,3.72,0.9,True,4,False,,,,False,,tv_wilder_rsi14_sma5_v1,56.27,53.55,True,True,2.72
2282,2282.T,日本ハム,2022-06,NEW,1,46.22,48.93,False,True,2.71,2022-06,4245.0,4245.0,4245.0,0.0,4093.8,4104.93,4150.43,True,True,True,False,True,False,False,405550.0,,,,1.69,2.04,1.11,False,3,True,,,,False,,tv_wilder_rsi14_sma5_v1,48.93,46.22,True,False,2.71
7762,7762.T,シチズン時計,2022-06,CONTINUE,2,57.34,60.04,True,True,2.7,2022-05,551.0,552.0,552.0,0.18,519.08,501.05,500.12,True,True,True,True,True,True,,1910223.0,,,,0.95,3.47,0.7,True,1,True,,,,False,,tv_wilder_rsi14_sma5_v1,60.04,57.34,True,True,2.7
3393,3393.T,スターティアホールディングス,2022-06,CONTINUE,2,42.2,44.89,True,False,2.69,2022-05,786.0,744.0,744.0,-5.34,620.6,611.71,1085.3,True,True,False,False,True,False,,103737.0,,,,1.03,5.82,1.08,False,4,True,,,,False,,tv_wilder_rsi14_sma5_v1,44.89,42.2,False,True,2.69
9759,9759.T,ＮＳＤ,2022-06,CONTINUE,5,63.42,66.11,True,True,2.69,2022-02,2149.0,2365.0,2365.0,10.05,2066.68,2106.27,,True,True,,,True,True,,120670.0,,,,1.23,2.01,0.92,True,1,True,,,,False,,tv_wilder_rsi14_sma5_v1,66.11,63.42,True,True,2.69
7649,7649.T,スギホールディングス,2022-06,NEW,1,38.34,41.03,False,True,2.68,2022-06,1983.33,1983.33,1983.33,0.0,1783.07,1858.31,2242.72,True,True,False,False,True,False,False,724910.0,,,,1.77,2.95,1.18,False,4,True,,,,False,,tv_wilder_rsi14_sma5_v1,41.03,38.34,True,False,2.68
5802,5802.T,住友電気工業,2022-06,NEW,1,49.48,52.16,False,True,2.67,2022-06,374.75,374.75,374.75,0.0,370.48,359.42,374.1,True,True,True,False,True,False,True,9169587.0,,,,1.04,2.26,1.05,False,1,True,,,,False,,tv_wilder_rsi14_sma5_v1,52.16,49.48,True,False,2.67
7599,7599.T,ＩＤＯＭ,2022-06,CONTINUE,2,51.21,53.88,True,True,2.67,2022-05,675.0,746.0,746.0,10.52,655.12,671.04,762.29,True,True,False,False,False,False,,636260.0,,,,0.69,3.1,0.82,True,4,False,,,,False,,tv_wilder_rsi14_sma5_v1,53.88,51.21,True,True,2.67
4680,4680.T,ラウンドワン,2022-06,CONTINUE,4,55.51,58.17,True,True,2.66,2022-03,450.0,509.0,509.0,13.11,437.08,451.39,,True,False,,,False,False,,3211750.0,,,,0.88,4.19,0.87,True,1,True,,,,False,,tv_wilder_rsi14_sma5_v1,58.17,55.51,True,True,2.66
6324,6324.T,ハーモニック・ドライブ・システムズ,2022-06,NEW,1,37.41,40.06,True,True,2.65,2022-06,3955.0,3955.0,3955.0,0.0,3448.0,3604.67,4470.07,True,True,False,False,True,False,False,403483.0,,,,1.4,4.01,0.98,True,4,True,,,,False,,tv_wilder_rsi14_sma5_v1,40.06,37.41,True,True,2.65
2811,2811.T,カゴメ,2022-06,CONTINUE,7,53.83,56.46,True,True,2.63,2021-12,2992.0,3310.0,3310.0,10.63,2945.44,2925.83,,True,True,,,True,True,,196710.0,,,,0.65,1.44,0.84,True,1,True,,,,False,,tv_wilder_rsi14_sma5_v1,56.46,53.83,True,True,2.63
3836,3836.T,アバントグループ,2022-06,CONTINUE,4,50.4,53.03,True,True,2.63,2022-03,1355.0,1344.0,1344.0,-0.81,1174.08,1140.51,,True,True,,,True,False,,81027.0,,,,1.35,4.14,1.04,False,1,True,,,,False,,tv_wilder_rsi14_sma5_v1,53.03,50.4,True,True,2.63
5949,5949.T,ユニプレス,2022-06,CONTINUE,3,38.47,41.1,True,False,2.63,2022-04,749.0,801.0,801.0,6.94,725.04,753.81,,True,False,,,True,False,,196277.0,,,,0.94,2.4,0.97,True,1,True,,,,False,,tv_wilder_rsi14_sma5_v1,41.1,38.47,False,True,2.63
6807,6807.T,日本航空電子工業,2022-06,CONTINUE,2,55.3,57.93,True,True,2.63,2022-05,1978.0,2043.0,2043.0,3.29,1927.92,1889.89,1826.31,True,True,True,True,False,True,,250063.0,,,,0.73,2.2,0.76,True,1,False,,,,False,,tv_wilder_rsi14_sma5_v1,57.93,55.3,True,True,2.63
9987,9987.T,スズケン,2022-06,NEW,1,48.12,50.74,True,True,2.61,2022-06,3835.0,3835.0,3835.0,0.0,3606.8,3673.27,3459.05,True,True,True,False,False,False,True,225937.0,,,,0.69,2.2,1.14,False,2,True,,,,False,,tv_wilder_rsi14_sma5_v1,50.74,48.12,True,True,2.61
3854,3854.T,アイル,2022-06,CONTINUE,4,49.95,52.56,True,True,2.6,2022-03,1548.0,1550.0,1550.0,0.13,1372.16,1360.08,,True,True,,,True,False,,39583.0,,,,1.01,3.63,0.97,True,1,True,,,,False,,tv_wilder_rsi14_sma5_v1,52.56,49.95,True,True,2.6
5938,5938.T,ＬＩＸＩＬ,2022-06,CONTINUE,2,48.11,50.71,False,True,2.6,2022-05,2459.0,2540.0,2540.0,3.29,2419.52,2369.11,2776.6,True,True,False,False,True,False,,1534270.0,,,,1.39,2.94,0.81,True,4,True,,,,False,,tv_wilder_rsi14_sma5_v1,50.71,48.11,True,False,2.6
8086,8086.T,ニプロ,2022-06,NEW,1,38.81,41.41,True,True,2.6,2022-06,1067.0,1067.0,1067.0,0.0,1042.2,1030.08,1085.91,True,True,False,False,True,False,False,381423.0,,,,0.86,1.51,0.98,True,4,True,,,,False,,tv_wilder_rsi14_sma5_v1,41.41,38.81,True,True,2.6
2982,2982.T,ＡＤワークスグループ,2022-06,CONTINUE,4,41.84,44.42,True,True,2.59,2022-03,150.0,151.0,151.0,0.67,142.84,144.48,,True,True,,,True,False,,144930.0,,,,1.47,1.57,0.87,True,1,True,,,,False,,tv_wilder_rsi14_sma5_v1,44.42,41.84,True,True,2.59
4549,4549.T,栄研化学,2022-06,NEW,1,41.16,43.75,True,True,2.59,2022-06,1784.0,1784.0,1784.0,0.0,1666.8,1689.33,1832.39,True,True,False,False,True,False,False,127517.0,,,,1.11,1.96,1.16,False,4,True,,,,False,,tv_wilder_rsi14_sma5_v1,43.75,41.16,True,True,2.59
8276,8276.T,平和堂,2022-06,NEW,1,45.28,47.86,True,True,2.58,2022-06,1997.0,1997.0,1997.0,0.0,1913.92,1923.2,1970.91,True,True,True,False,False,False,False,121603.0,,,,1.17,1.47,1.22,False,3,True,,,,False,,tv_wilder_rsi14_sma5_v1,47.86,45.28,True,True,2.58
9934,9934.T,因幡電機産業,2022-06,CONTINUE,2,51.67,54.25,True,True,2.58,2022-05,1302.0,1332.5,1332.5,2.34,1284.66,1286.53,1323.05,True,True,False,False,True,False,,135273.0,,,,1.4,1.97,0.78,True,4,True,,,,False,,tv_wilder_rsi14_sma5_v1,54.25,51.67,True,True,2.58
8624,8624.T,いちよし証券,2022-06,CONTINUE,2,49.66,52.22,False,True,2.57,2022-05,633.0,649.0,649.0,2.53,592.08,621.71,642.03,True,True,False,False,False,False,,223340.0,,,,1.44,2.52,0.89,True,4,True,,,,False,,tv_wilder_rsi14_sma5_v1,52.22,49.66,True,False,2.57
4733,4733.T,オービックビジネスコンサルタント,2022-06,CONTINUE,3,42.96,45.52,True,True,2.56,2022-04,4700.0,4665.0,4665.0,-0.74,4291.2,4256.8,,True,True,,,True,False,,166307.0,,,,1.77,3.74,1.24,False,1,True,,,,False,,tv_wilder_rsi14_sma5_v1,45.52,42.96,True,True,2.56
8151,8151.T,東陽テクニカ,2022-06,CONTINUE,2,50.39,52.94,True,True,2.55,2022-05,1079.0,1110.0,1110.0,2.87,1036.32,1052.39,1103.66,True,True,False,False,False,False,,50463.0,,,,1.22,1.78,0.82,True,4,True,,,,False,,tv_wilder_rsi14_sma5_v1,52.94,50.39,True,True,2.55
1814,1814.T,大末建設,2022-06,CONTINUE,2,65.9,68.43,True,False,2.53,2022-05,1555.0,1518.0,1518.0,-2.38,1449.92,1356.35,1198.0,True,True,True,True,True,True,,64563.0,,,,0.7,2.6,0.86,True,1,True,,,,False,,tv_wilder_rsi14_sma5_v1,68.43,65.9,False,True,2.53
6387,6387.T,サムコ,2022-06,CONTINUE,2,49.06,51.58,True,True,2.52,2022-05,2615.0,2656.0,2656.0,1.57,2484.16,2414.23,2668.45,True,True,False,False,False,True,,33797.0,,,,1.08,2.85,0.94,True,4,True,,,,False,,tv_wilder_rsi14_sma5_v1,51.58,49.06,True,True,2.52
4719,4719.T,アルファシステムズ,2022-06,CONTINUE,2,56.93,59.44,True,True,2.51,2022-05,4155.0,4265.0,4265.0,2.65,3855.8,3872.47,3962.28,True,True,True,False,False,True,,6310.0,,,,1.31,2.77,1.12,False,1,True,,,,False,,tv_wilder_rsi14_sma5_v1,59.44,56.93,True,True,2.51
8014,8014.T,蝶理,2022-06,CONTINUE,3,54.87,57.38,True,False,2.51,2022-04,1910.0,1955.0,1955.0,2.36,1771.6,1775.2,,True,True,,,True,False,,23883.0,,,,1.89,2.06,1.3,False,1,True,,,,False,,tv_wilder_rsi14_sma5_v1,57.38,54.87,False,True,2.51
6135,6135.T,牧野フライス製作所,2022-06,CONTINUE,4,49.77,52.28,True,False,2.5,2022-03,3875.0,4220.0,4220.0,8.9,3745.0,3845.8,,True,True,,,True,True,,134397.0,,,,0.64,2.31,0.83,True,1,True,,,,False,,tv_wilder_rsi14_sma5_v1,52.28,49.77,False,True,2.5
3635,3635.T,コーエーテクモホールディングス,2022-06,CONTINUE,2,52.45,54.94,True,False,2.48,2022-05,2280.0,2190.0,2190.0,-3.95,2121.2,2062.4,2303.06,True,True,False,False,True,True,,887387.0,,,,0.93,2.62,0.85,True,4,True,,,,False,,tv_wilder_rsi14_sma5_v1,54.94,52.45,False,True,2.48
9010,9010.T,富士急行,2022-06,CONTINUE,3,46.54,49.02,True,True,2.48,2022-04,4125.0,4200.0,4200.0,1.82,3973.4,3984.2,,True,True,,,True,False,,73433.0,,,,1.06,2.79,1.03,False,1,True,,,,False,,tv_wilder_rsi14_sma5_v1,49.02,46.54,True,True,2.48
8282,8282.T,ケーズホールディングス,2022-06,CONTINUE,5,51.35,53.82,True,True,2.47,2022-02,1240.0,1322.0,1322.0,6.61,1199.08,1156.47,,True,True,,,True,True,,1160713.0,,,,0.96,1.97,0.9,True,1,True,,,,False,,tv_wilder_rsi14_sma5_v1,53.82,51.35,True,True,2.47
6788,6788.T,日本トリム,2022-06,NEW,1,31.6,34.07,False,True,2.46,2022-06,2519.0,2519.0,2519.0,0.0,2466.48,2466.79,2987.68,True,True,False,False,True,False,False,13130.0,,,,1.03,2.49,1.11,False,4,True,,,,False,,tv_wilder_rsi14_sma5_v1,34.07,31.6,True,False,2.46
8934,8934.T,サンフロンティア不動産,2022-06,NEW,1,53.29,55.75,True,True,2.46,2022-06,1118.0,1118.0,1118.0,0.0,1083.44,1067.73,1059.11,True,True,True,True,True,True,False,122387.0,,,,1.3,2.11,1.07,False,3,True,,,,False,,tv_wilder_rsi14_sma5_v1,55.75,53.29,True,True,2.46
9543,9543.T,静岡ガス,2022-06,NEW,1,44.53,46.99,False,True,2.46,2022-06,909.0,909.0,909.0,0.0,851.52,864.59,997.29,True,True,False,False,False,False,False,155923.0,,,,1.18,2.63,1.07,False,4,True,,,,False,,tv_wilder_rsi14_sma5_v1,46.99,44.53,True,False,2.46
6995,6995.T,東海理化電機製作所,2022-06,NEW,1,41.05,43.5,True,True,2.45,2022-06,1480.0,1480.0,1480.0,0.0,1460.56,1441.15,1524.27,True,True,False,False,True,False,False,188473.0,,,,1.18,2.41,1.05,False,4,True,,,,False,,tv_wilder_rsi14_sma5_v1,43.5,41.05,True,True,2.45
8200,8200.T,リンガーハット,2022-06,CONTINUE,5,49.34,51.79,True,True,2.45,2022-02,2241.0,2329.0,2329.0,3.93,2241.8,2221.52,,False,True,,,True,True,,180753.0,,,,2.17,1.69,1.07,False,1,False,,,,False,,tv_wilder_rsi14_sma5_v1,51.79,49.34,True,True,2.45
6841,6841.T,横河電機,2022-06,CONTINUE,4,55.05,57.49,True,False,2.44,2022-03,2099.0,2241.0,2241.0,6.77,1998.44,1990.19,,True,True,,,True,False,,1104750.0,,,,0.84,3.36,0.94,True,1,True,,,,False,,tv_wilder_rsi14_sma5_v1,57.49,55.05,False,True,2.44
4543,4543.T,テルモ,2022-06,CONTINUE,2,47.36,49.79,True,False,2.43,2022-05,2085.0,2044.0,2044.0,-1.97,1984.6,1914.23,2212.89,True,True,False,False,True,False,,4351913.0,,,,1.41,2.15,0.87,True,4,True,,,,False,,tv_wilder_rsi14_sma5_v1,49.79,47.36,False,True,2.43
6369,6369.T,トーヨーカネツ,2022-06,CONTINUE,2,53.43,55.85,True,False,2.42,2022-05,1383.5,1324.0,1324.0,-4.3,1271.42,1242.21,1262.95,True,True,True,False,True,True,,86573.0,,,,1.94,3.06,1.21,False,1,True,,,,False,,tv_wilder_rsi14_sma5_v1,55.85,53.43,False,True,2.42
1332,1332.T,ニッスイ,2022-06,NEW,1,50.45,52.86,True,True,2.41,2022-06,573.0,573.0,573.0,0.0,545.8,552.52,572.15,True,True,True,False,True,True,False,1505533.0,,,,1.11,2.13,1.15,False,3,True,,,,False,,tv_wilder_rsi14_sma5_v1,52.86,50.45,True,True,2.41
1899,1899.T,福田組,2022-06,CONTINUE,5,46.81,49.21,True,True,2.4,2022-02,2155.0,2335.0,2335.0,8.35,2173.7,2145.0,,False,True,,,True,False,,17507.0,,,,0.91,2.3,1.17,False,1,False,,,,False,,tv_wilder_rsi14_sma5_v1,49.21,46.81,True,True,2.4
8830,8830.T,住友不動産,2022-06,CONTINUE,3,48.38,50.78,True,True,2.4,2022-04,1717.0,1791.5,1791.5,4.34,1716.1,1717.61,,True,False,,,True,True,,2201433.0,,,,1.31,2.55,1.06,False,1,True,,,,False,,tv_wilder_rsi14_sma5_v1,50.78,48.38,True,True,2.4
7820,7820.T,ニホンフラッシュ,2022-06,NEW,1,39.17,41.56,False,True,2.39,2022-06,997.0,997.0,997.0,0.0,968.52,962.45,1042.78,True,True,False,False,True,False,False,41627.0,,,,0.75,2.71,1.04,False,4,True,,,,False,,tv_wilder_rsi14_sma5_v1,41.56,39.17,True,False,2.39
8005,8005.T,スクロール,2022-06,NEW,1,55.17,57.56,True,True,2.39,2022-06,910.0,910.0,910.0,0.0,872.4,849.76,858.97,True,True,True,False,True,False,True,196443.0,,,,1.13,2.3,0.98,True,3,True,,,,False,,tv_wilder_rsi14_sma5_v1,57.56,55.17,True,True,2.39
9511,9511.T,沖縄電力,2022-06,NEW,1,39.04,41.43,True,True,2.39,2022-06,1312.0,1312.0,1312.0,0.0,1230.32,1288.04,1377.53,True,True,False,False,True,False,False,220393.0,,,,1.12,1.5,1.14,False,4,True,,,,False,,tv_wilder_rsi14_sma5_v1,41.43,39.04,True,True,2.39
6379,6379.T,レイズネクスト,2022-06,CONTINUE,2,46.84,49.21,True,False,2.37,2022-05,1157.0,1144.0,1144.0,-1.12,1095.4,1102.51,1150.14,True,True,True,False,True,False,,55000.0,,,,1.24,2.14,0.93,True,3,True,,,,False,,tv_wilder_rsi14_sma5_v1,49.21,46.84,False,True,2.37
6302,6302.T,住友重機械工業,2022-06,CONTINUE,2,49.72,52.07,True,False,2.35,2022-05,3030.0,2995.0,2995.0,-1.16,2870.6,2821.88,2866.89,True,True,True,False,True,False,,416420.0,,,,1.09,2.14,0.81,True,3,True,,,,False,,tv_wilder_rsi14_sma5_v1,52.07,49.72,False,True,2.35
7510,7510.T,たけびし,2022-06,CONTINUE,3,48.7,51.04,True,True,2.34,2022-04,1459.0,1494.0,1494.0,2.4,1452.88,1441.51,,True,True,,,True,False,,19897.0,,,,0.65,1.08,0.83,True,1,False,,,,False,,tv_wilder_rsi14_sma5_v1,51.04,48.7,True,True,2.34
1941,1941.T,中電工,2022-06,NEW,1,43.31,45.65,True,True,2.33,2022-06,2138.0,2138.0,2138.0,0.0,2093.32,2095.13,2148.54,True,True,False,False,True,False,False,64477.0,,,,1.07,1.21,1.1,False,4,True,,,,False,,tv_wilder_rsi14_sma5_v1,45.65,43.31,True,True,2.33
8345,8345.T,岩手銀行,2022-06,CONTINUE,7,43.43,45.75,True,True,2.33,2021-12,467.0,502.0,502.0,7.49,437.93,427.67,,True,True,,,True,True,,170360.0,,,,0.82,1.56,1.02,False,1,True,,,,False,,tv_wilder_rsi14_sma5_v1,45.75,43.43,True,True,2.33
3197,3197.T,すかいらーくホールディングス,2022-06,CONTINUE,5,47.5,49.83,True,True,2.32,2022-02,1507.0,1589.0,1589.0,5.44,1496.88,1512.71,,True,False,,,False,False,,1299497.0,,,,0.77,1.82,1.22,False,1,False,,,,False,,tv_wilder_rsi14_sma5_v1,49.83,47.5,True,True,2.32
3395,3395.T,サンマルクホールディングス,2022-06,NEW,1,43.26,45.56,True,True,2.31,2022-06,1583.0,1583.0,1583.0,0.0,1552.4,1533.15,1528.34,True,True,True,True,True,False,True,46797.0,,,,1.5,1.45,1.07,False,1,True,,,,False,,tv_wilder_rsi14_sma5_v1,45.56,43.26,True,True,2.31
6238,6238.T,フリュー,2022-06,NEW,1,45.72,48.01,False,True,2.28,2022-06,1128.0,1128.0,1128.0,0.0,1086.56,1057.4,1268.89,True,True,False,False,True,True,False,200223.0,,,,0.92,3.18,0.91,True,4,False,,,,False,,tv_wilder_rsi14_sma5_v1,48.01,45.72,True,False,2.28
6370,6370.T,栗田工業,2022-06,CONTINUE,2,54.98,57.26,True,False,2.28,2022-05,4985.0,4910.0,4910.0,-1.5,4637.2,4587.73,5060.8,True,True,False,False,True,False,,503577.0,,,,1.05,2.69,0.86,True,4,True,,,,False,,tv_wilder_rsi14_sma5_v1,57.26,54.98,False,True,2.28
6809,6809.T,ＴＯＡ,2022-06,CONTINUE,2,41.85,44.11,True,False,2.26,2022-05,816.0,753.0,753.0,-7.72,771.96,736.89,783.85,True,True,True,False,True,True,,129787.0,,,,0.49,2.42,0.59,True,3,True,,,,False,,tv_wilder_rsi14_sma5_v1,44.11,41.85,False,True,2.26
7721,7721.T,東京計器,2022-06,CONTINUE,6,62.14,64.39,True,False,2.25,2022-01,1007.0,1272.0,1272.0,26.32,997.12,1002.53,,True,True,,,True,False,,58080.0,,,,1.21,2.01,1.19,False,1,False,,,,False,,tv_wilder_rsi14_sma5_v1,64.39,62.14,False,True,2.25
3916,3916.T,ﾃﾞｼﾞﾀﾙ･ｲﾝﾌｫﾒｰｼｮﾝ･ﾃｸﾉﾛｼﾞｰ,2022-06,CONTINUE,2,42.88,45.12,True,False,2.24,2022-05,723.0,683.0,683.0,-5.53,632.3,629.36,741.47,True,True,False,False,True,True,,163500.0,,,,1.5,4.05,1.14,False,4,True,,,,False,,tv_wilder_rsi14_sma5_v1,45.12,42.88,False,True,2.24
4927,4927.T,ポーラ・オルビスホールディングス,2022-06,CONTINUE,2,36.05,38.3,True,True,2.24,2022-05,1578.0,1671.0,1671.0,5.89,1509.24,1612.61,2015.8,True,False,False,False,False,False,,1343410.0,,,,2.12,2.79,0.91,True,4,True,,,,False,,tv_wilder_rsi14_sma5_v1,38.3,36.05,True,True,2.24
8725,8725.T,ＭＳ＆ＡＤ  ｲﾝｼｭｱﾗﾝｽｸﾞﾙｰﾌﾟﾎｰﾙﾃﾞｨﾝｸﾞｽ,2022-06,CONTINUE,2,62.14,64.38,True,True,2.24,2022-05,1364.33,1386.0,1386.0,1.59,1288.88,1303.43,1254.98,True,True,True,False,False,False,,4368730.0,,,,1.8,2.5,1.16,False,1,True,,,,False,,tv_wilder_rsi14_sma5_v1,64.38,62.14,True,True,2.24
9682,9682.T,ＤＴＳ,2022-06,CONTINUE,5,63.3,65.54,True,False,2.24,2022-02,686.0,753.75,753.75,9.88,655.68,632.98,,True,True,,,True,True,,408053.0,,,,0.91,2.14,0.95,True,1,True,,,,False,,tv_wilder_rsi14_sma5_v1,65.54,63.3,False,True,2.24
2733,2733.T,あらた,2022-06,CONTINUE,2,42.35,44.55,True,False,2.2,2022-05,2007.5,1952.5,1952.5,-2.74,1861.0,1866.43,2016.67,True,True,False,False,True,False,,99780.0,,,,1.14,2.12,0.87,True,4,True,,,,False,,tv_wilder_rsi14_sma5_v1,44.55,42.35,False,True,2.2
7181,7181.T,かんぽ生命保険,2022-06,CONTINUE,6,54.83,57.03,True,True,2.2,2022-01,668.33,723.67,723.67,8.28,660.99,626.64,,True,True,,,True,False,,3327180.0,,,,1.03,2.31,1.0,False,1,True,,,,False,,tv_wilder_rsi14_sma5_v1,57.03,54.83,True,True,2.2
8203,8203.T,ＭｒＭａｘＨＤ,2022-06,CONTINUE,4,48.96,51.16,True,True,2.2,2022-03,584.0,631.0,631.0,8.05,569.8,589.0,,True,False,,,False,True,,149867.0,,,,0.54,1.81,0.75,True,1,True,,,,False,,tv_wilder_rsi14_sma5_v1,51.16,48.96,True,True,2.2
9790,9790.T,福井コンピュータホールディングス,2022-06,CONTINUE,3,47.87,50.08,True,True,2.2,2022-04,3250.0,3415.0,3415.0,5.08,3198.88,3120.52,,True,True,,,True,False,,34910.0,,,,1.05,2.48,0.96,True,1,False,,,,False,,tv_wilder_rsi14_sma5_v1,50.08,47.87,True,True,2.2
2587,2587.T,サントリービバレッジ＆フード,2022-06,NEW,1,58.38,60.58,True,True,2.19,2022-06,5130.0,5130.0,5130.0,0.0,4926.0,4878.13,4609.38,True,True,True,True,False,True,True,689060.0,,,,0.98,2.49,1.12,False,2,True,,,,False,,tv_wilder_rsi14_sma5_v1,60.58,58.38,True,True,2.19
9201,9201.T,日本航空,2022-06,CONTINUE,2,46.86,49.03,True,True,2.17,2022-05,2346.0,2375.0,2375.0,1.24,2217.16,2219.81,2285.68,True,True,True,False,True,True,,4377067.0,,,,1.26,2.21,0.95,True,1,True,,,,False,,tv_wilder_rsi14_sma5_v1,49.03,46.86,True,True,2.17
9005,9005.T,東急,2022-06,NEW,1,49.98,52.14,True,True,2.15,2022-06,1598.0,1598.0,1598.0,0.0,1524.88,1575.53,1580.6,True,True,True,False,False,False,True,1621290.0,,,,0.89,2.07,1.09,False,1,True,,,,False,,tv_wilder_rsi14_sma5_v1,52.14,49.98,True,True,2.15
4681,4681.T,リゾートトラスト,2022-06,CONTINUE,5,59.37,61.51,True,True,2.14,2022-02,971.0,1110.0,1110.0,14.32,952.32,968.07,,True,True,,,True,False,,697700.0,,,,0.9,2.64,1.04,False,1,True,,,,False,,tv_wilder_rsi14_sma5_v1,61.51,59.37,True,True,2.14
3405,3405.T,クラレ,2022-06,CONTINUE,7,46.22,48.36,True,True,2.13,2021-12,999.0,1095.0,1095.0,9.61,995.84,1031.17,,True,False,,,False,False,,2225747.0,,,,1.02,1.24,1.03,False,1,True,,,,False,,tv_wilder_rsi14_sma5_v1,48.36,46.22,True,True,2.13
6539,6539.T,ＭＳ－Ｊａｐａｎ,2022-06,CONTINUE,2,42.46,44.59,True,True,2.13,2022-05,867.0,888.0,888.0,2.42,812.28,826.09,931.11,True,True,False,False,False,False,,19803.0,,,,1.15,2.88,0.94,True,4,True,,,,False,,tv_wilder_rsi14_sma5_v1,44.59,42.46,True,True,2.13
3771,3771.T,システムリサーチ,2022-06,CONTINUE,4,52.92,55.04,True,False,2.12,2022-03,936.5,1025.5,1025.5,9.5,914.5,927.16,,True,True,,,True,False,,23487.0,,,,1.46,2.91,1.12,False,1,True,,,,False,,tv_wilder_rsi14_sma5_v1,55.04,52.92,False,True,2.12
4396,4396.T,システムサポートホールディングス,2022-06,CONTINUE,4,45.42,47.53,True,False,2.11,2022-03,558.0,582.5,582.5,4.39,528.54,531.5,,True,True,,,True,False,,65247.0,,,,0.96,2.41,0.96,True,1,True,,,,False,,tv_wilder_rsi14_sma5_v1,47.53,45.42,False,True,2.11
5011,5011.T,ニチレキグループ,2022-06,CONTINUE,2,45.01,47.13,True,False,2.11,2022-05,1307.0,1298.0,1298.0,-0.69,1226.4,1241.99,1296.26,True,True,True,False,True,False,,55543.0,,,,1.54,1.83,0.95,True,3,True,,,,False,,tv_wilder_rsi14_sma5_v1,47.13,45.01,False,True,2.11
9997,9997.T,ベルーナ,2022-06,NEW,1,43.48,45.58,True,True,2.1,2022-06,745.0,745.0,745.0,0.0,694.76,702.15,735.78,True,True,True,False,True,False,False,194387.0,,,,1.03,1.84,1.08,False,3,True,,,,False,,tv_wilder_rsi14_sma5_v1,45.58,43.48,True,True,2.1
5410,5410.T,合同製鐵,2022-06,NEW,1,35.05,37.11,True,True,2.06,2022-06,1345.0,1345.0,1345.0,0.0,1337.16,1303.32,1380.47,True,True,False,False,True,True,False,41153.0,,,,0.71,2.29,0.97,True,4,False,,,,False,,tv_wilder_rsi14_sma5_v1,37.11,35.05,True,True,2.06
9788,9788.T,ナック,2022-06,NEW,1,51.46,53.51,True,True,2.05,2022-06,489.5,489.5,489.5,0.0,479.5,479.06,481.07,True,True,True,False,True,False,True,28273.0,,,,1.26,1.24,1.16,False,1,True,,,,False,,tv_wilder_rsi14_sma5_v1,53.51,51.46,True,True,2.05
3139,3139.T,ラクト・ジャパン,2022-06,CONTINUE,2,37.2,39.25,True,True,2.04,2022-05,1998.0,2098.0,2098.0,5.01,2006.76,2012.35,2338.99,False,False,False,False,False,False,,42147.0,,,,2.38,1.94,1.05,False,4,True,,,,False,,tv_wilder_rsi14_sma5_v1,39.25,37.2,True,True,2.04
6330,6330.T,東洋エンジニアリング,2022-06,CONTINUE,2,47.51,49.53,True,True,2.02,2022-05,620.0,645.0,645.0,4.03,615.32,615.53,733.02,True,True,False,False,False,False,,164087.0,,,,0.69,3.44,0.76,True,4,False,,,,False,,tv_wilder_rsi14_sma5_v1,49.53,47.51,True,True,2.02
3612,3612.T,ワールド,2022-06,CONTINUE,5,43.55,45.56,True,False,2.01,2022-02,630.5,683.5,683.5,8.41,599.6,609.04,,True,True,,,True,False,,245713.0,,,,0.85,3.19,0.87,True,1,True,,,,False,,tv_wilder_rsi14_sma5_v1,45.56,43.55,False,True,2.01
8309,8309.T,三井住友トラストグループ,2022-06,NEW,1,57.34,59.34,True,True,2.0,2022-06,2090.0,2090.0,2090.0,0.0,2047.6,2011.35,1978.88,True,True,True,True,True,True,True,2851807.0,,,,1.08,2.06,1.16,False,2,True,,,,False,,tv_wilder_rsi14_sma5_v1,59.34,57.34,True,True,2.0
2593,2593.T,伊藤園,2022-06,NEW,1,47.4,49.39,True,True,1.98,2022-06,6080.0,6080.0,6080.0,0.0,5457.6,5643.2,6376.5,True,True,False,False,False,False,False,281523.0,,,,1.28,2.96,1.24,False,4,True,,,,False,,tv_wilder_rsi14_sma5_v1,49.39,47.4,True,True,1.98
6999,6999.T,ＫＯＡ,2022-06,CONTINUE,3,52.31,54.29,True,False,1.98,2022-04,1537.0,1617.0,1617.0,5.2,1384.36,1409.16,,True,True,,,True,False,,222550.0,,,,2.62,3.59,1.32,False,1,True,,,,False,,tv_wilder_rsi14_sma5_v1,54.29,52.31,False,True,1.98
7607,7607.T,進和,2022-06,CONTINUE,2,47.98,49.95,True,False,1.98,2022-05,2175.0,2095.0,2095.0,-3.68,2052.68,1986.91,2122.09,True,True,True,False,True,False,,16380.0,,,,1.35,1.91,0.86,True,3,True,,,,False,,tv_wilder_rsi14_sma5_v1,49.95,47.98,False,True,1.98
9434,9434.T,ソフトバンク,2022-06,CONTINUE,3,54.2,56.18,True,True,1.98,2022-04,151.5,150.65,150.65,-0.56,147.45,146.21,,True,True,,,True,True,,95896733.0,,,,1.01,1.18,1.07,False,1,True,,,,False,,tv_wilder_rsi14_sma5_v1,56.18,54.2,True,True,1.98
5801,5801.T,古河電気工業,2022-06,NEW,1,38.59,40.55,False,True,1.97,2022-06,222.8,222.8,222.8,0.0,222.89,217.71,230.13,False,True,False,False,True,False,False,4006100.0,,,,0.9,2.4,1.11,False,4,False,,,,False,,tv_wilder_rsi14_sma5_v1,40.55,38.59,True,False,1.97
8344,8344.T,山形銀行,2022-06,NEW,1,38.05,40.01,True,True,1.96,2022-06,899.0,899.0,899.0,0.0,873.16,872.11,882.1,True,True,True,False,True,False,True,53743.0,,,,1.14,2.49,1.16,False,2,True,,,,False,,tv_wilder_rsi14_sma5_v1,40.01,38.05,True,True,1.96
7483,7483.T,ドウシシャ,2022-06,CONTINUE,3,42.31,44.25,True,True,1.94,2022-04,1532.0,1571.0,1571.0,2.55,1500.92,1516.32,,True,True,,,False,False,,82753.0,,,,0.83,1.54,1.05,False,1,True,,,,False,,tv_wilder_rsi14_sma5_v1,44.25,42.31,True,True,1.94
8346,8346.T,東邦銀行,2022-06,NEW,1,41.66,43.6,False,True,1.94,2022-06,208.0,208.0,208.0,0.0,201.44,203.68,208.06,True,True,False,False,True,False,False,551083.0,,,,1.47,1.65,1.03,False,4,False,,,,False,,tv_wilder_rsi14_sma5_v1,43.6,41.66,True,False,1.94
9991,9991.T,ジェコス,2022-06,CONTINUE,2,42.87,44.79,True,False,1.92,2022-05,829.0,827.0,827.0,-0.24,796.4,809.31,830.83,True,True,False,False,False,False,,22080.0,,,,1.17,1.86,0.89,True,4,True,,,,False,,tv_wilder_rsi14_sma5_v1,44.79,42.87,False,True,1.92
1946,1946.T,トーエネック,2022-06,CONTINUE,5,48.53,50.44,True,True,1.91,2022-02,712.0,700.0,700.0,-1.69,650.72,648.57,,True,True,,,True,False,,33733.0,,,,1.58,2.2,1.0,False,1,True,,,,False,,tv_wilder_rsi14_sma5_v1,50.44,48.53,True,True,1.91
2004,2004.T,昭和産業,2022-06,NEW,1,34.87,36.78,True,True,1.91,2022-06,2542.0,2542.0,2542.0,0.0,2451.08,2548.87,2661.49,True,False,False,False,False,False,False,47723.0,,,,1.16,1.37,1.1,False,4,True,,,,False,,tv_wilder_rsi14_sma5_v1,36.78,34.87,True,True,1.91
7269,7269.T,スズキ,2022-06,NEW,1,45.46,47.37,False,True,1.91,2022-06,1066.0,1066.0,1066.0,0.0,1012.41,996.43,1128.09,True,True,False,False,True,False,False,6581453.0,,,,1.26,2.53,1.05,False,4,True,,,,False,,tv_wilder_rsi14_sma5_v1,47.37,45.46,True,False,1.91
9869,9869.T,加藤産業,2022-06,NEW,1,46.13,48.02,True,True,1.89,2022-06,3255.0,3255.0,3255.0,0.0,3108.6,3186.33,3234.05,True,True,True,False,False,False,False,62863.0,,,,1.69,1.93,1.11,False,3,True,,,,False,,tv_wilder_rsi14_sma5_v1,48.02,46.13,True,True,1.89
2269,2269.T,明治ホールディングス,2022-06,NEW,1,42.4,44.28,False,True,1.88,2022-06,3330.0,3330.0,3330.0,0.0,3205.4,3256.13,3422.55,True,True,False,False,False,False,False,1159300.0,,,,1.01,1.76,1.24,False,4,True,,,,False,,tv_wilder_rsi14_sma5_v1,44.28,42.4,True,False,1.88
6564,6564.T,ミダックホールディングス,2022-06,CONTINUE,2,49.34,51.22,True,False,1.88,2022-05,2852.0,2793.0,2793.0,-2.07,2359.36,2402.11,3779.77,True,True,False,False,False,False,,119150.0,,,,1.12,5.35,0.96,True,4,True,,,,False,,tv_wilder_rsi14_sma5_v1,51.22,49.34,False,True,1.88
7832,7832.T,バンダイナムコホールディングス,2022-06,CONTINUE,2,61.69,63.58,True,False,1.88,2022-05,3208.33,3193.0,3193.0,-0.48,2992.01,2949.09,2880.05,True,True,True,True,False,True,,1937850.0,,,,1.19,2.63,0.8,True,1,True,,,,False,,tv_wilder_rsi14_sma5_v1,63.58,61.69,False,True,1.88
7994,7994.T,オカムラ,2022-06,NEW,1,47.96,49.84,True,True,1.88,2022-06,1212.0,1212.0,1212.0,0.0,1126.68,1152.65,1288.68,True,True,False,False,False,False,False,207527.0,,,,1.4,2.06,1.01,False,4,True,,,,False,,tv_wilder_rsi14_sma5_v1,49.84,47.96,True,True,1.88
9021,9021.T,西日本旅客鉄道,2022-06,NEW,1,38.72,40.58,True,True,1.86,2022-06,2495.5,2495.5,2495.5,0.0,2455.98,2472.91,2520.59,True,True,False,False,True,False,False,3118867.0,,,,0.87,2.11,0.98,True,4,True,,,,False,,tv_wilder_rsi14_sma5_v1,40.58,38.72,True,True,1.86
9504,9504.T,中国電力,2022-06,NEW,1,29.16,31.01,True,True,1.85,2022-06,873.0,873.0,873.0,0.0,853.16,870.47,916.6,True,True,False,False,False,False,False,2188907.0,,,,0.77,1.75,1.06,False,4,True,,,,False,,tv_wilder_rsi14_sma5_v1,31.01,29.16,True,True,1.85
2930,2930.T,北の達人コーポレーション,2022-06,NEW,1,31.24,33.08,True,True,1.84,2022-06,204.0,204.0,204.0,0.0,199.48,201.67,296.73,True,True,False,False,True,False,False,1521600.0,,,,0.71,4.48,0.81,True,4,True,,,,False,,tv_wilder_rsi14_sma5_v1,33.08,31.24,True,True,1.84
1942,1942.T,関電工,2022-06,NEW,1,44.32,46.15,True,True,1.82,2022-06,846.0,846.0,846.0,0.0,821.72,826.85,860.92,True,True,False,False,True,False,False,298733.0,,,,1.19,1.67,1.14,False,4,True,,,,False,,tv_wilder_rsi14_sma5_v1,46.15,44.32,True,True,1.82
4809,4809.T,パラカ,2022-06,CONTINUE,6,52.24,54.05,True,True,1.82,2022-01,1591.0,1800.0,1800.0,13.14,1578.44,1586.77,,True,True,,,True,False,,9623.0,,,,1.12,1.68,1.07,False,1,False,,,,False,,tv_wilder_rsi14_sma5_v1,54.05,52.24,True,True,1.82
6103,6103.T,オークマ,2022-06,CONTINUE,2,46.5,48.3,True,False,1.81,2022-05,2605.0,2540.0,2540.0,-2.5,2468.5,2420.03,2552.75,True,True,True,False,True,False,,358160.0,,,,1.48,2.95,0.79,True,3,True,,,,False,,tv_wilder_rsi14_sma5_v1,48.3,46.5,False,True,1.81
2613,2613.T,Ｊ－オイルミルズ,2022-06,NEW,1,38.37,40.17,False,True,1.8,2022-06,1608.0,1608.0,1608.0,0.0,1537.8,1583.83,1685.48,True,True,False,False,False,False,False,48640.0,,,,1.05,1.2,1.17,False,4,True,,,,False,,tv_wilder_rsi14_sma5_v1,40.17,38.37,True,False,1.8
3636,3636.T,三菱総合研究所,2022-06,CONTINUE,4,50.57,52.37,True,False,1.8,2022-03,4000.0,4120.0,4120.0,3.0,3871.6,3867.07,,True,True,,,True,True,,51647.0,,,,0.67,1.74,0.85,True,1,True,,,,False,,tv_wilder_rsi14_sma5_v1,52.37,50.57,False,True,1.8
7242,7242.T,カヤバ,2022-06,NEW,1,49.54,51.33,True,True,1.79,2022-06,1547.5,1547.5,1547.5,0.0,1512.94,1466.29,1505.38,True,True,True,False,True,True,False,206833.0,,,,0.95,2.15,1.11,False,3,True,,,,False,,tv_wilder_rsi14_sma5_v1,51.33,49.54,True,True,1.79
1944,1944.T,きんでん,2022-06,NEW,1,41.23,43.01,False,True,1.78,2022-06,1567.0,1567.0,1567.0,0.0,1514.32,1537.53,1680.12,True,True,False,False,True,False,False,280453.0,,,,1.14,1.59,1.01,False,4,True,,,,False,,tv_wilder_rsi14_sma5_v1,43.01,41.23,True,False,1.78
8095,8095.T,アステナホールディングス,2022-06,NEW,1,43.29,45.06,True,True,1.77,2022-06,446.0,446.0,446.0,0.0,423.84,427.76,479.61,True,True,False,False,False,True,False,222100.0,,,,1.04,2.1,1.09,False,4,True,,,,False,,tv_wilder_rsi14_sma5_v1,45.06,43.29,True,True,1.77
4204,4204.T,積水化学工業,2022-06,CONTINUE,2,49.59,51.35,False,True,1.76,2022-05,1850.0,1857.0,1857.0,0.38,1733.6,1776.64,1863.88,True,True,False,False,True,False,,1203617.0,,,,1.63,1.96,0.85,True,4,True,,,,False,,tv_wilder_rsi14_sma5_v1,51.35,49.59,True,False,1.76
6617,6617.T,東光高岳,2022-06,CONTINUE,5,58.63,60.39,True,False,1.76,2022-02,1448.0,1694.0,1694.0,16.99,1418.92,1407.84,,True,True,,,False,False,,52283.0,,,,0.88,1.95,0.91,True,1,False,,,,False,,tv_wilder_rsi14_sma5_v1,60.39,58.63,False,True,1.76
7595,7595.T,アルゴグラフィックス,2022-06,CONTINUE,2,51.2,52.96,True,True,1.76,2022-05,781.25,801.25,801.25,2.56,767.5,765.76,787.46,True,True,False,False,True,False,,154600.0,,,,1.19,2.49,0.96,True,4,True,,,,False,,tv_wilder_rsi14_sma5_v1,52.96,51.2,True,True,1.76
8051,8051.T,山善,2022-06,NEW,1,47.2,48.94,True,True,1.74,2022-06,992.0,992.0,992.0,0.0,974.6,955.69,1010.27,True,True,False,False,True,False,False,189750.0,,,,1.33,2.36,1.12,False,4,True,,,,False,,tv_wilder_rsi14_sma5_v1,48.94,47.2,True,True,1.74
8113,8113.T,ユニ・チャーム,2022-06,CONTINUE,2,50.77,52.5,True,True,1.73,2022-05,1474.0,1513.33,1513.33,2.67,1467.83,1442.24,1537.49,True,True,False,False,True,False,,4177310.0,,,,1.21,1.86,0.8,True,4,False,,,,False,,tv_wilder_rsi14_sma5_v1,52.5,50.77,True,True,1.73
2331,2331.T,ＡＬＳＯＫ,2022-06,NEW,1,32.17,33.9,False,True,1.72,2022-06,754.0,754.0,754.0,0.0,722.36,748.43,862.2,True,True,False,False,False,False,False,3806667.0,,,,0.53,2.03,1.06,False,4,True,,,,False,,tv_wilder_rsi14_sma5_v1,33.9,32.17,True,False,1.72
8057,8057.T,内田洋行,2022-06,NEW,1,50.66,52.38,True,True,1.72,2022-06,1004.0,1004.0,1004.0,0.0,1011.92,953.52,976.77,False,True,True,False,True,True,False,236683.0,,,,0.43,2.18,0.75,True,3,True,,,,False,,tv_wilder_rsi14_sma5_v1,52.38,50.66,True,True,1.72
9743,9743.T,丹青社,2022-06,CONTINUE,4,45.72,47.43,True,False,1.71,2022-03,799.0,816.0,816.0,2.13,741.96,755.53,,True,True,,,True,False,,152867.0,,,,0.77,2.7,0.84,True,1,True,,,,False,,tv_wilder_rsi14_sma5_v1,47.43,45.72,False,True,1.71
2053,2053.T,中部飼料,2022-06,CONTINUE,6,38.97,40.67,True,True,1.7,2022-01,1017.0,1046.0,1046.0,2.85,993.2,1013.36,,True,True,,,True,False,,54743.0,,,,0.77,1.92,1.07,False,1,True,,,,False,,tv_wilder_rsi14_sma5_v1,40.67,38.97,True,True,1.7
2121,2121.T,ＭＩＸＩ,2022-06,NEW,1,44.29,45.99,True,True,1.7,2022-06,2252.0,2252.0,2252.0,0.0,2171.84,2194.39,2263.97,True,True,False,False,True,False,False,245787.0,,,,1.07,2.31,1.14,False,4,True,,,,False,,tv_wilder_rsi14_sma5_v1,45.99,44.29,True,True,1.7
2157,2157.T,コシダカホールディングス,2022-06,CONTINUE,5,59.66,61.36,True,True,1.7,2022-02,638.0,760.0,760.0,19.12,631.76,635.27,,True,True,,,True,False,,606743.0,,,,1.37,3.47,0.97,True,1,True,,,,False,,tv_wilder_rsi14_sma5_v1,61.36,59.66,True,True,1.7
4523,4523.T,エーザイ,2022-06,NEW,1,38.68,40.35,True,True,1.68,2022-06,5725.0,5725.0,5725.0,0.0,5360.56,5581.39,6537.84,True,True,False,False,False,False,False,1039537.0,,,,1.0,2.1,0.98,True,4,True,,,,False,,tv_wilder_rsi14_sma5_v1,40.35,38.68,True,True,1.68
7172,7172.T,ジャパンインベストメントアドバイザー,2022-06,CONTINUE,5,45.09,46.76,True,True,1.68,2022-02,718.19,797.58,797.58,11.05,698.55,738.32,,True,False,,,False,False,,153466.0,,,,0.56,3.85,1.05,False,1,True,,,,False,,tv_wilder_rsi14_sma5_v1,46.76,45.09,True,True,1.68
8585,8585.T,オリエントコーポレーション,2022-06,NEW,1,45.17,46.84,True,True,1.66,2022-06,1280.0,1280.0,1280.0,0.0,1258.8,1252.0,1334.15,True,True,False,False,True,True,False,347940.0,,,,0.82,1.9,1.14,False,4,True,,,,False,,tv_wilder_rsi14_sma5_v1,46.84,45.17,True,True,1.66
7552,7552.T,ハピネット,2022-06,CONTINUE,2,56.83,58.48,True,True,1.65,2022-05,791.0,795.0,795.0,0.51,766.08,770.95,754.5,True,True,True,False,True,True,,90200.0,,,,0.85,1.49,0.8,True,1,True,,,,False,,tv_wilder_rsi14_sma5_v1,58.48,56.83,True,True,1.65
4390,4390.T,ＩＰＳ,2022-06,CONTINUE,5,51.47,53.11,True,False,1.64,2022-02,2001.0,2322.0,2322.0,16.04,1892.48,2002.77,,True,False,,,False,False,,102313.0,,,,0.78,4.53,1.09,False,1,True,,,,False,,tv_wilder_rsi14_sma5_v1,53.11,51.47,False,True,1.64
6615,6615.T,ユー・エム・シー・エレクトロニクス,2022-06,CONTINUE,4,39.84,41.47,True,True,1.64,2022-03,423.0,442.0,442.0,4.49,385.12,409.2,,True,True,,,True,False,,99263.0,,,,0.63,3.73,0.91,True,1,True,,,,False,,tv_wilder_rsi14_sma5_v1,41.47,39.84,True,True,1.64
8354,8354.T,ふくおかフィナンシャルグループ,2022-06,NEW,1,58.72,60.36,True,True,1.64,2022-06,2444.0,2444.0,2444.0,0.0,2382.48,2360.48,2202.66,True,True,True,True,True,True,True,768907.0,,,,1.02,2.34,1.12,False,2,True,,,,False,,tv_wilder_rsi14_sma5_v1,60.36,58.72,True,True,1.64
6279,6279.T,瑞光,2022-06,CONTINUE,2,41.31,42.94,True,True,1.63,2022-05,795.0,803.0,803.0,1.01,780.48,762.15,854.0,True,True,False,False,False,False,,5877.0,,,,0.77,2.45,1.14,False,4,True,,,,False,,tv_wilder_rsi14_sma5_v1,42.94,41.31,True,True,1.63
7593,7593.T,ＶＴホールディングス,2022-06,NEW,1,51.65,53.28,True,True,1.63,2022-06,482.0,482.0,482.0,0.0,464.44,461.65,478.42,True,True,True,False,True,False,False,242177.0,,,,1.59,1.9,1.13,False,3,True,,,,False,,tv_wilder_rsi14_sma5_v1,53.28,51.65,True,True,1.63
4544,4544.T,Ｈ．Ｕ．グループホールディングス,2022-06,NEW,1,48.42,50.04,True,True,1.62,2022-06,2949.0,2949.0,2949.0,0.0,2733.24,2845.43,2889.75,True,True,True,False,False,False,False,288053.0,,,,1.01,1.7,1.03,False,3,True,,,,False,,tv_wilder_rsi14_sma5_v1,50.04,48.42,True,True,1.62
5981,5981.T,東京製綱,2022-06,CONTINUE,2,47.49,49.11,True,True,1.62,2022-05,919.0,929.0,929.0,1.09,877.76,879.03,905.79,True,True,True,False,False,True,,33163.0,,,,0.99,2.88,0.84,True,3,True,,,,False,,tv_wilder_rsi14_sma5_v1,49.11,47.49,True,True,1.62
7167,7167.T,めぶきフィナンシャルグループ,2022-06,NEW,1,52.26,53.86,True,True,1.6,2022-06,267.0,267.0,267.0,0.0,256.2,255.84,251.21,True,True,True,True,True,False,True,5028997.0,,,,0.98,2.06,1.08,False,2,True,,,,False,,tv_wilder_rsi14_sma5_v1,53.86,52.26,True,True,1.6
3853,3853.T,アステリア,2022-06,CONTINUE,2,53.97,55.56,True,False,1.59,2022-05,993.0,988.0,988.0,-0.5,955.92,898.99,825.25,True,True,True,True,False,True,,413930.0,,,,0.85,5.7,0.99,True,1,True,,,,False,,tv_wilder_rsi14_sma5_v1,55.56,53.97,False,True,1.59
6620,6620.T,宮越ホールディングス,2022-06,NEW,1,47.89,49.48,True,True,1.59,2022-06,939.0,939.0,939.0,0.0,875.08,867.28,1023.72,True,True,False,False,True,True,False,45833.0,,,,1.27,3.63,0.92,True,4,True,,,,False,,tv_wilder_rsi14_sma5_v1,49.48,47.89,True,True,1.59
8860,8860.T,フジ住宅,2022-06,CONTINUE,2,48.14,49.73,True,False,1.59,2022-05,655.0,655.0,655.0,0.0,625.8,633.0,664.05,True,True,False,False,True,False,,49973.0,,,,1.17,1.6,0.83,True,4,True,,,,False,,tv_wilder_rsi14_sma5_v1,49.73,48.14,False,True,1.59
9742,9742.T,アイネス,2022-06,NEW,1,55.45,57.03,True,True,1.58,2022-06,1624.0,1624.0,1624.0,0.0,1546.52,1543.6,1529.61,True,True,True,True,True,True,True,33620.0,,,,1.45,2.46,1.13,False,1,True,,,,False,,tv_wilder_rsi14_sma5_v1,57.03,55.45,True,True,1.58
1939,1939.T,四電工,2022-06,NEW,1,59.38,60.95,True,True,1.57,2022-06,590.33,590.33,590.33,0.0,569.99,571.21,560.44,True,True,True,False,True,True,True,55190.0,,,,1.35,1.81,1.0,False,1,True,,,,False,,tv_wilder_rsi14_sma5_v1,60.95,59.38,True,True,1.57
9020,9020.T,東日本旅客鉄道,2022-06,NEW,1,43.3,44.84,True,True,1.54,2022-06,2312.67,2312.67,2312.67,0.0,2274.21,2288.35,2329.23,True,True,False,False,True,False,False,5254390.0,,,,1.02,2.01,1.0,False,4,False,,,,False,,tv_wilder_rsi14_sma5_v1,44.84,43.3,True,True,1.54
8425,8425.T,みずほリース,2022-06,NEW,1,48.69,50.21,False,True,1.52,2022-06,621.0,621.0,621.0,0.0,618.76,607.31,641.01,True,True,False,False,True,False,False,446200.0,,,,1.08,1.77,0.96,True,4,True,,,,False,,tv_wilder_rsi14_sma5_v1,50.21,48.69,True,False,1.52
8550,8550.T,栃木銀行,2022-06,CONTINUE,7,60.51,62.03,True,False,1.52,2021-12,231.0,256.0,256.0,10.82,187.24,182.85,,True,True,,,True,True,,383867.0,,,,2.76,2.75,1.41,False,1,True,,,,False,,tv_wilder_rsi14_sma5_v1,62.03,60.51,False,True,1.52
1979,1979.T,大氣社,2022-06,NEW,1,49.86,51.37,True,True,1.51,2022-06,1590.0,1590.0,1590.0,0.0,1565.76,1552.67,1563.41,True,True,True,False,True,True,False,134027.0,,,,1.08,2.25,1.09,False,3,False,,,,False,,tv_wilder_rsi14_sma5_v1,51.37,49.86,True,True,1.51
7752,7752.T,リコー,2022-06,CONTINUE,2,50.6,52.11,True,False,1.51,2022-05,1084.0,1061.0,1061.0,-2.12,1007.12,1004.25,1056.27,True,True,True,False,True,False,,3929473.0,,,,1.56,2.75,0.8,True,3,True,,,,False,,tv_wilder_rsi14_sma5_v1,52.11,50.6,False,True,1.51
7840,7840.T,フランスベッドホールディングス,2022-06,CONTINUE,2,48.63,50.14,True,True,1.51,2022-05,896.0,907.0,907.0,1.23,879.44,890.69,904.4,True,True,False,False,True,False,,45367.0,,,,1.03,1.26,0.94,True,4,True,,,,False,,tv_wilder_rsi14_sma5_v1,50.14,48.63,True,True,1.51
7280,7280.T,ミツバ,2022-06,CONTINUE,2,39.44,40.94,True,False,1.5,2022-05,405.0,400.0,400.0,-1.23,374.32,368.32,488.8,True,True,False,False,True,False,,211073.0,,,,0.91,5.04,0.91,True,4,True,,,,False,,tv_wilder_rsi14_sma5_v1,40.94,39.44,False,True,1.5
2908,2908.T,フジッコ,2022-06,NEW,1,49.69,51.18,True,True,1.49,2022-06,1994.0,1994.0,1994.0,0.0,1942.92,1971.09,1936.4,True,True,True,False,False,False,True,50837.0,,,,1.46,1.23,1.1,False,2,True,,,,False,,tv_wilder_rsi14_sma5_v1,51.18,49.69,True,True,1.49
3679,3679.T,じげん,2022-06,CONTINUE,4,40.38,41.86,True,False,1.48,2022-03,301.0,316.0,316.0,4.98,288.6,295.44,,True,True,,,False,False,,554833.0,,,,0.9,2.8,0.87,True,1,True,,,,False,,tv_wilder_rsi14_sma5_v1,41.86,40.38,False,True,1.48
6701,6701.T,日本電気,2022-06,CONTINUE,4,49.6,51.06,True,True,1.46,2022-03,1030.0,1054.0,1054.0,2.33,1001.4,1021.96,,True,True,,,False,False,,5537133.0,,,,0.74,2.28,0.85,True,1,False,,,,False,,tv_wilder_rsi14_sma5_v1,51.06,49.6,True,True,1.46
9832,9832.T,オートバックスセブン,2022-06,NEW,1,44.74,46.2,True,True,1.46,2022-06,1398.0,1398.0,1398.0,0.0,1379.16,1368.71,1408.29,True,True,False,False,True,False,False,198600.0,,,,1.09,1.33,1.15,False,4,True,,,,False,,tv_wilder_rsi14_sma5_v1,46.2,44.74,True,True,1.46
2918,2918.T,わらべや日洋ホールディングス,2022-06,NEW,1,45.43,46.88,False,True,1.45,2022-06,1769.0,1769.0,1769.0,0.0,1725.24,1712.89,1950.62,True,True,False,False,True,False,False,59423.0,,,,0.83,1.84,0.96,True,4,True,,,,False,,tv_wilder_rsi14_sma5_v1,46.88,45.43,True,False,1.45
3835,3835.T,ｅＢＡＳＥ,2022-06,NEW,1,40.16,41.61,True,True,1.45,2022-06,531.0,531.0,531.0,0.0,524.16,506.4,612.19,True,True,False,False,True,False,False,129517.0,,,,0.65,3.39,0.87,True,4,True,,,,False,,tv_wilder_rsi14_sma5_v1,41.61,40.16,True,True,1.45
7915,7915.T,ＮＩＳＳＨＡ,2022-06,CONTINUE,2,48.48,49.93,True,False,1.45,2022-05,1493.0,1471.0,1471.0,-1.47,1454.16,1400.96,1589.59,True,True,False,False,True,False,,203933.0,,,,0.81,2.76,0.69,True,4,True,,,,False,,tv_wilder_rsi14_sma5_v1,49.93,48.48,False,True,1.45
3496,3496.T,アズーム,2022-06,CONTINUE,4,60.79,62.23,True,False,1.44,2022-03,1725.0,1807.5,1807.5,4.78,1399.15,1411.58,,True,True,,,True,False,,139507.0,,,,1.21,5.13,1.09,False,1,True,,,,False,,tv_wilder_rsi14_sma5_v1,62.23,60.79,False,True,1.44
6806,6806.T,ヒロセ電機,2022-06,CONTINUE,2,56.23,57.66,True,True,1.44,2022-05,17920.0,18010.0,18010.0,0.5,17034.8,17080.8,17979.95,True,True,False,False,True,False,,105517.0,,,,1.63,1.99,0.81,True,4,True,,,,False,,tv_wilder_rsi14_sma5_v1,57.66,56.23,True,True,1.44
1852,1852.T,淺沼組,2022-06,NEW,1,61.36,62.79,False,True,1.43,2022-06,536.0,536.0,536.0,0.0,530.76,525.08,514.09,True,True,True,True,True,False,True,312200.0,,,,0.81,1.4,1.06,False,2,False,,,,False,,tv_wilder_rsi14_sma5_v1,62.79,61.36,True,False,1.43
2678,2678.T,アスクル,2022-06,NEW,1,47.9,49.34,True,True,1.43,2022-06,1618.0,1618.0,1618.0,0.0,1485.44,1544.67,1556.9,True,True,True,False,False,False,False,343573.0,,,,1.8,2.58,1.15,False,3,True,,,,False,,tv_wilder_rsi14_sma5_v1,49.34,47.9,True,True,1.43
3548,3548.T,バロックジャパンリミテッド,2022-06,CONTINUE,2,47.16,48.59,False,True,1.43,2022-05,813.0,814.0,814.0,0.12,791.44,796.59,837.76,True,True,False,False,True,False,,45173.0,,,,1.27,1.28,0.94,True,4,True,,,,False,,tv_wilder_rsi14_sma5_v1,48.59,47.16,True,False,1.43
3186,3186.T,ネクステージ,2022-06,NEW,1,58.47,59.89,False,True,1.42,2022-06,2335.0,2335.0,2335.0,0.0,2173.16,2148.12,2296.82,True,True,True,False,True,False,True,359177.0,,,,1.4,3.88,1.04,False,2,True,,,,False,,tv_wilder_rsi14_sma5_v1,59.89,58.47,True,False,1.42
3391,3391.T,ツルハホールディングス,2022-06,NEW,1,28.98,30.39,False,True,1.42,2022-06,1474.0,1474.0,1474.0,0.0,1379.44,1423.17,2033.54,True,True,False,False,True,False,False,3360100.0,,,,0.8,3.32,1.25,False,4,True,,,,False,,tv_wilder_rsi14_sma5_v1,30.39,28.98,True,False,1.42
5852,5852.T,アーレスティ,2022-06,CONTINUE,2,42.08,43.51,True,True,1.42,2022-05,372.0,381.0,381.0,2.42,358.44,368.87,398.49,True,True,False,False,False,False,,91163.0,,,,0.92,3.07,1.08,False,4,False,,,,False,,tv_wilder_rsi14_sma5_v1,43.51,42.08,True,True,1.42
6055,6055.T,ジャパンマテリアル,2022-06,NEW,1,59.47,60.87,True,True,1.41,2022-06,1937.0,1937.0,1937.0,0.0,1882.16,1823.45,1687.77,True,True,True,True,True,True,True,263140.0,,,,1.08,3.02,1.15,False,2,True,,,,False,,tv_wilder_rsi14_sma5_v1,60.87,59.47,True,True,1.41
6459,6459.T,大和冷機工業,2022-06,NEW,1,48.15,49.57,False,True,1.41,2022-06,1100.0,1100.0,1100.0,0.0,1056.76,1063.51,1156.84,True,True,False,False,True,False,False,59543.0,,,,1.62,2.65,1.23,False,4,True,,,,False,,tv_wilder_rsi14_sma5_v1,49.57,48.15,True,False,1.41
7679,7679.T,薬王堂ホールディングス,2022-06,NEW,1,41.36,42.74,False,True,1.39,2022-06,2094.0,2094.0,2094.0,0.0,2025.48,2025.53,2226.47,True,True,False,False,True,False,False,32070.0,,,,0.97,2.02,1.05,False,4,True,,,,False,,tv_wilder_rsi14_sma5_v1,42.74,41.36,True,False,1.39
2590,2590.T,ダイドーグループホールディングス,2022-06,NEW,1,48.52,49.9,True,True,1.38,2022-06,2515.0,2515.0,2515.0,0.0,2475.3,2445.83,2538.18,True,True,False,False,False,True,False,59680.0,,,,1.0,1.76,1.06,False,4,True,,,,False,,tv_wilder_rsi14_sma5_v1,49.9,48.52,True,True,1.38
3091,3091.T,ブロンコビリー,2022-06,CONTINUE,4,48.5,49.88,True,False,1.38,2022-03,1135.5,1188.5,1188.5,4.67,1110.34,1137.99,,True,False,,,True,False,,54373.0,,,,0.98,1.68,0.91,True,1,True,,,,False,,tv_wilder_rsi14_sma5_v1,49.88,48.5,False,True,1.38
3153,3153.T,八洲電機,2022-06,CONTINUE,2,52.96,54.35,True,False,1.38,2022-05,990.0,985.0,985.0,-0.51,957.96,949.45,961.09,True,True,True,False,True,True,,16757.0,,,,1.48,1.74,1.08,False,1,True,,,,False,,tv_wilder_rsi14_sma5_v1,54.35,52.96,False,True,1.38
9889,9889.T,ＪＢＣＣホールディングス,2022-06,CONTINUE,2,49.77,51.14,False,False,1.37,2022-05,405.75,395.5,395.5,-2.53,385.44,377.23,400.99,True,True,True,False,True,False,,132667.0,,,,1.27,1.96,0.81,True,1,True,,,,False,,tv_wilder_rsi14_sma5_v1,51.14,49.77,False,False,1.37
1928,1928.T,積水ハウス,2022-06,NEW,1,54.89,56.24,True,True,1.36,2022-06,2376.5,2376.5,2376.5,0.0,2319.28,2294.29,2338.27,True,True,True,False,True,False,True,2221227.0,,,,1.16,1.61,0.93,True,1,True,,,,False,,tv_wilder_rsi14_sma5_v1,56.24,54.89,True,True,1.36
7239,7239.T,タチエス,2022-06,CONTINUE,2,44.38,45.74,False,False,1.36,2022-05,1151.0,1095.0,1095.0,-4.87,1057.84,1051.07,1200.29,True,True,False,False,True,False,,78017.0,,,,0.54,2.38,0.79,True,4,True,,,,False,,tv_wilder_rsi14_sma5_v1,45.74,44.38,False,False,1.36
6268,6268.T,ナブテスコ,2022-06,NEW,1,41.49,42.84,False,True,1.35,2022-06,3170.0,3170.0,3170.0,0.0,3196.6,3110.41,3451.47,False,True,False,False,True,True,False,654720.0,,,,1.2,3.99,1.14,False,4,True,,,,False,,tv_wilder_rsi14_sma5_v1,42.84,41.49,True,False,1.35
8522,8522.T,名古屋銀行,2022-06,CONTINUE,7,54.87,56.2,True,True,1.33,2021-12,914.67,1038.33,1038.33,13.52,846.0,844.85,,True,True,,,True,True,,282580.0,,,,0.45,2.43,1.02,False,1,True,,,,False,,tv_wilder_rsi14_sma5_v1,56.2,54.87,True,True,1.33
6351,6351.T,鶴見製作所,2022-06,CONTINUE,7,52.5,53.82,True,True,1.32,2021-12,828.0,929.5,929.5,12.26,796.68,847.31,,True,False,,,False,False,,128673.0,,,,0.42,1.71,0.94,True,1,True,,,,False,,tv_wilder_rsi14_sma5_v1,53.82,52.5,True,True,1.32
3107,3107.T,ダイワボウホールディングス,2022-06,CONTINUE,2,52.63,53.9,True,True,1.28,2022-05,1730.0,1769.0,1769.0,2.25,1673.48,1680.8,1824.81,True,True,False,False,True,True,,236023.0,,,,1.29,3.01,0.71,True,4,True,,,,False,,tv_wilder_rsi14_sma5_v1,53.9,52.63,True,True,1.28
4480,4480.T,メドレー,2022-06,CONTINUE,4,49.36,50.63,True,False,1.27,2022-03,2584.0,2675.0,2675.0,3.52,2150.08,2165.67,,True,True,,,True,False,,659810.0,,,,0.77,6.2,1.02,False,1,True,,,,False,,tv_wilder_rsi14_sma5_v1,50.63,49.36,False,True,1.27
8804,8804.T,東京建物,2022-06,NEW,1,60.12,61.39,True,True,1.27,2022-06,1869.0,1869.0,1869.0,0.0,1776.28,1797.71,1735.98,True,True,True,False,False,True,True,1070013.0,,,,1.28,2.59,1.12,False,2,True,,,,False,,tv_wilder_rsi14_sma5_v1,61.39,60.12,True,True,1.27
2809,2809.T,キユーピー,2022-06,NEW,1,46.12,47.38,False,True,1.26,2022-06,2294.0,2294.0,2294.0,0.0,2183.68,2238.09,2396.63,True,True,False,False,True,False,False,429903.0,,,,1.38,1.89,1.29,False,4,True,,,,False,,tv_wilder_rsi14_sma5_v1,47.38,46.12,True,False,1.26
7198,7198.T,ＳＢＩアルヒ,2022-06,NEW,1,37.15,38.4,False,True,1.25,2022-06,1012.0,1012.0,1012.0,0.0,986.4,994.75,1092.74,True,True,False,False,True,False,False,228967.0,,,,0.9,1.64,1.06,False,4,True,,,,False,,tv_wilder_rsi14_sma5_v1,38.4,37.15,True,False,1.25
7581,7581.T,サイゼリヤ,2022-06,NEW,1,51.91,53.15,False,True,1.24,2022-06,2688.0,2688.0,2688.0,0.0,2580.28,2510.35,2747.51,True,True,False,False,True,False,True,223270.0,,,,0.82,1.87,0.79,True,4,True,,,,False,,tv_wilder_rsi14_sma5_v1,53.15,51.91,True,False,1.24
3276,3276.T,ＪＰＭＣ,2022-06,CONTINUE,2,40.74,41.97,True,True,1.23,2022-05,1015.0,1031.0,1031.0,1.58,995.16,1007.95,1083.95,True,True,False,False,False,True,,27253.0,,,,1.03,1.67,0.9,True,4,True,,,,False,,tv_wilder_rsi14_sma5_v1,41.97,40.74,True,True,1.23
6367,6367.T,ダイキン工業,2022-06,NEW,1,50.76,51.99,False,True,1.23,2022-06,21750.0,21750.0,21750.0,0.0,20926.6,20864.47,23296.6,True,True,False,False,True,False,False,930717.0,,,,1.31,3.04,1.0,False,4,True,,,,False,,tv_wilder_rsi14_sma5_v1,51.99,50.76,True,False,1.23
8439,8439.T,東京センチュリー,2022-06,NEW,1,40.34,41.57,False,True,1.23,2022-06,1122.5,1122.5,1122.5,0.0,1075.0,1063.8,1316.24,True,True,False,False,True,False,False,1728707.0,,,,1.01,3.01,1.06,False,4,True,,,,False,,tv_wilder_rsi14_sma5_v1,41.57,40.34,True,False,1.23
3199,3199.T,綿半ホールディングス,2022-06,CONTINUE,7,56.83,58.05,True,True,1.21,2021-12,1265.0,1368.0,1368.0,8.14,1257.76,1252.28,,True,True,,,True,True,,18390.0,,,,1.32,1.44,1.01,False,1,True,,,,False,,tv_wilder_rsi14_sma5_v1,58.05,56.83,True,True,1.21
3445,3445.T,ＲＳ   Ｔｅｃｈｎｏｌｏｇｉｅｓ,2022-06,CONTINUE,2,54.73,55.94,True,True,1.21,2022-05,3040.0,3160.0,3160.0,3.95,2994.6,2921.37,3014.24,True,True,True,False,False,False,,81200.0,,,,1.07,4.34,0.91,True,1,True,,,,False,,tv_wilder_rsi14_sma5_v1,55.94,54.73,True,True,1.21
4684,4684.T,オービック,2022-06,CONTINUE,2,51.42,52.63,True,True,1.21,2022-05,3816.0,3838.0,3838.0,0.58,3792.4,3701.15,3999.72,True,True,False,False,True,True,,1030800.0,,,,1.06,2.52,0.86,True,4,True,,,,False,,tv_wilder_rsi14_sma5_v1,52.63,51.42,True,True,1.21
3668,3668.T,コロプラ,2022-06,CONTINUE,3,38.89,40.1,True,True,1.2,2022-04,642.0,655.0,655.0,2.02,653.92,649.72,,False,False,,,True,False,,213013.0,,,,0.88,1.79,0.83,True,1,True,,,,False,,tv_wilder_rsi14_sma5_v1,40.1,38.89,True,True,1.2
3097,3097.T,物語コーポレーション,2022-06,NEW,1,48.5,49.69,False,True,1.19,2022-06,1953.33,1953.33,1953.33,0.0,1914.53,1843.6,2132.65,True,True,False,False,True,False,False,387040.0,,,,1.54,2.94,0.99,True,4,True,,,,False,,tv_wilder_rsi14_sma5_v1,49.69,48.5,True,False,1.19
6465,6465.T,ホシザキ,2022-06,NEW,1,42.84,44.03,False,True,1.19,2022-06,4045.0,4045.0,4045.0,0.0,3947.0,4038.27,4353.48,True,True,False,False,True,False,False,388263.0,,,,0.91,2.14,1.09,False,4,True,,,,False,,tv_wilder_rsi14_sma5_v1,44.03,42.84,True,False,1.19
7259,7259.T,アイシン,2022-06,CONTINUE,2,51.25,52.44,True,False,1.19,2022-05,1408.33,1400.0,1400.0,-0.59,1298.67,1338.89,1395.75,True,True,True,False,False,False,,2832910.0,,,,1.36,2.65,0.91,True,3,True,,,,False,,tv_wilder_rsi14_sma5_v1,52.44,51.25,False,True,1.19
9090,9090.T,ＡＺ－ＣＯＭ丸和ホールディングス,2022-06,CONTINUE,3,45.11,46.29,True,False,1.18,2022-04,1521.0,1339.0,1339.0,-11.97,1300.76,1212.11,,True,True,,,True,False,,289777.0,,,,1.2,3.39,1.03,False,1,True,,,,False,,tv_wilder_rsi14_sma5_v1,46.29,45.11,False,True,1.18
9628,9628.T,燦ホールディングス,2022-06,CONTINUE,2,65.09,66.24,True,False,1.16,2022-05,953.0,906.0,906.0,-4.93,839.54,796.99,760.49,True,True,True,True,True,True,,33173.0,,,,1.26,3.67,0.95,True,1,True,,,,False,,tv_wilder_rsi14_sma5_v1,66.24,65.09,False,True,1.16
2432,2432.T,ディー・エヌ・エー,2022-06,CONTINUE,4,48.67,49.79,True,True,1.12,2022-03,1860.0,1889.0,1889.0,1.56,1813.04,1773.16,,True,True,,,True,True,,585687.0,,,,0.88,2.16,0.88,True,1,True,,,,False,,tv_wilder_rsi14_sma5_v1,49.79,48.67,True,True,1.12
4403,4403.T,日油,2022-06,NEW,1,49.74,50.86,False,True,1.12,2022-06,1676.67,1676.67,1676.67,0.0,1662.93,1624.71,1797.98,True,True,False,False,True,True,False,863900.0,,,,0.84,2.7,0.96,True,4,False,,,,False,,tv_wilder_rsi14_sma5_v1,50.86,49.74,True,False,1.12
6390,6390.T,加藤製作所,2022-06,CONTINUE,2,32.07,33.19,True,False,1.12,2022-05,815.0,801.0,801.0,-1.72,776.6,793.32,831.83,True,True,False,False,False,False,,26267.0,,,,1.23,2.52,0.84,True,4,True,,,,False,,tv_wilder_rsi14_sma5_v1,33.19,32.07,False,True,1.12
8252,8252.T,丸井グループ,2022-06,CONTINUE,10,57.59,58.7,True,False,1.12,2021-09,2172.0,2375.0,2375.0,9.35,2074.28,,,True,,,,True,,,1158087.0,,,,1.29,2.63,1.12,False,1,True,,,,False,,tv_wilder_rsi14_sma5_v1,58.7,57.59,False,True,1.12
7931,7931.T,未来工業,2022-06,CONTINUE,2,37.11,38.22,True,False,1.11,2022-05,1557.0,1506.0,1506.0,-3.28,1482.52,1511.04,1577.19,True,True,False,False,False,False,,8297.0,,,,1.98,1.74,1.13,False,4,True,,,,False,,tv_wilder_rsi14_sma5_v1,38.22,37.11,False,True,1.11
5110,5110.T,住友ゴム工業,2022-06,CONTINUE,2,45.41,46.49,False,False,1.09,2022-05,1177.0,1159.0,1159.0,-1.53,1153.68,1123.88,1237.9,True,True,False,False,True,False,,1024267.0,,,,0.98,2.27,0.84,True,4,True,,,,False,,tv_wilder_rsi14_sma5_v1,46.49,45.41,False,False,1.09
4290,4290.T,プレステージ・インターナショナル,2022-06,NEW,1,43.83,44.91,False,True,1.08,2022-06,676.0,676.0,676.0,0.0,634.44,655.76,698.71,True,True,False,False,True,False,False,251483.0,,,,1.3,3.34,1.04,False,4,True,,,,False,,tv_wilder_rsi14_sma5_v1,44.91,43.83,True,False,1.08
6622,6622.T,ダイヘン,2022-06,CONTINUE,2,48.2,49.27,True,False,1.07,2022-05,4195.0,4190.0,4190.0,-0.12,3848.6,3990.67,4398.55,True,True,False,False,False,False,,92207.0,,,,1.09,2.96,0.88,True,4,True,,,,False,,tv_wilder_rsi14_sma5_v1,49.27,48.2,False,True,1.07
7860,7860.T,エイベックス,2022-06,NEW,1,48.91,49.98,True,True,1.07,2022-06,1348.0,1348.0,1348.0,0.0,1265.08,1325.4,1438.07,True,True,False,False,True,False,False,403467.0,,,,0.72,3.13,0.86,True,4,True,,,,False,,tv_wilder_rsi14_sma5_v1,49.98,48.91,True,True,1.07
8316,8316.T,三井住友フィナンシャルグループ,2022-06,NEW,1,55.42,56.48,False,True,1.06,2022-06,1344.0,1344.0,1344.0,0.0,1339.28,1323.75,1327.69,True,True,True,False,True,False,True,19205620.0,,,,1.04,1.63,1.11,False,2,True,,,,False,,tv_wilder_rsi14_sma5_v1,56.48,55.42,True,False,1.06
7683,7683.T,ダブルエー,2022-06,NEW,1,38.68,39.73,True,True,1.05,2022-06,620.25,620.25,620.25,0.0,616.53,607.09,702.86,True,True,False,False,True,False,False,16573.0,,,,0.38,2.65,0.77,True,4,False,,,,False,,tv_wilder_rsi14_sma5_v1,39.73,38.68,True,True,1.05
4246,4246.T,ダイキョーニシカワ,2022-06,NEW,1,38.33,39.36,False,True,1.03,2022-06,521.0,521.0,521.0,0.0,507.6,513.35,573.97,True,True,False,False,True,False,False,113700.0,,,,0.87,2.03,0.99,True,4,True,,,,False,,tv_wilder_rsi14_sma5_v1,39.36,38.33,True,False,1.03
6287,6287.T,サトー,2022-06,CONTINUE,2,38.44,39.48,False,False,1.03,2022-05,1901.0,1866.0,1866.0,-1.84,1808.96,1821.8,2216.88,True,True,False,False,True,False,,125927.0,,,,1.46,2.59,0.82,True,4,True,,,,False,,tv_wilder_rsi14_sma5_v1,39.48,38.44,False,False,1.03
7979,7979.T,松風,2022-06,CONTINUE,2,45.39,46.41,False,True,1.03,2022-05,829.5,831.5,831.5,0.24,761.08,807.49,942.78,True,True,False,False,False,False,,90433.0,,,,2.14,2.99,1.01,False,4,True,,,,False,,tv_wilder_rsi14_sma5_v1,46.41,45.39,True,False,1.03
9506,9506.T,東北電力,2022-06,NEW,1,34.85,35.88,False,True,1.02,2022-06,727.0,727.0,727.0,0.0,714.76,729.76,766.98,True,False,False,False,False,False,False,2612820.0,,,,1.11,1.74,1.09,False,4,False,,,,False,,tv_wilder_rsi14_sma5_v1,35.88,34.85,True,False,1.02
4577,4577.T,ダイト,2022-06,NEW,1,42.8,43.81,True,True,1.01,2022-06,1265.45,1265.45,1265.45,0.0,1227.25,1236.91,1334.25,True,True,False,False,True,False,False,83035.0,,,,0.61,1.82,0.87,True,4,True,,,,False,,tv_wilder_rsi14_sma5_v1,43.81,42.8,True,True,1.01
4202,4202.T,ダイセル,2022-06,CONTINUE,2,46.51,47.52,True,True,1.0,2022-05,831.0,839.0,839.0,0.96,802.56,819.59,838.57,True,True,False,False,True,False,,910060.0,,,,0.95,2.02,0.68,True,4,True,,,,False,,tv_wilder_rsi14_sma5_v1,47.52,46.51,True,True,1.0
6823,6823.T,リオン,2022-06,CONTINUE,4,47.5,48.5,True,False,1.0,2022-03,2332.0,2404.0,2404.0,3.09,2178.52,2206.44,,True,True,,,True,False,,34810.0,,,,1.61,3.57,0.87,True,1,True,,,,False,,tv_wilder_rsi14_sma5_v1,48.5,47.5,False,True,1.0
6306,6306.T,日工,2022-06,CONTINUE,2,45.04,46.03,True,True,0.99,2022-05,617.0,619.0,619.0,0.32,611.6,615.09,636.38,True,True,False,False,False,False,,40183.0,,,,1.08,1.25,0.87,True,4,False,,,,False,,tv_wilder_rsi14_sma5_v1,46.03,45.04,True,True,0.99
7313,7313.T,テイ・エステック,2022-06,NEW,1,45.64,46.62,False,True,0.99,2022-06,1407.0,1407.0,1407.0,0.0,1387.6,1359.67,1427.27,True,True,False,False,True,False,False,351670.0,,,,1.12,2.36,1.18,False,4,True,,,,False,,tv_wilder_rsi14_sma5_v1,46.62,45.64,True,False,0.99
8281,8281.T,ゼビオホールディングス,2022-06,NEW,1,45.42,46.4,True,True,0.99,2022-06,927.0,927.0,927.0,0.0,907.4,913.33,957.74,True,True,False,False,True,False,False,181743.0,,,,0.59,1.9,1.0,False,4,True,,,,False,,tv_wilder_rsi14_sma5_v1,46.4,45.42,True,True,0.99
4043,4043.T,トクヤマ,2022-06,NEW,1,35.51,36.49,False,True,0.98,2022-06,1726.0,1726.0,1726.0,0.0,1749.72,1717.12,1856.95,False,True,False,False,True,False,False,394580.0,,,,0.73,2.57,1.01,False,4,True,,,,False,,tv_wilder_rsi14_sma5_v1,36.49,35.51,True,False,0.98
7296,7296.T,エフ  ･シー  ･シー,2022-06,NEW,1,34.37,35.35,False,True,0.98,2022-06,1348.0,1348.0,1348.0,0.0,1363.56,1328.68,1445.53,False,True,False,False,True,False,False,128213.0,,,,0.86,1.92,1.06,False,4,False,,,,False,,tv_wilder_rsi14_sma5_v1,35.35,34.37,True,False,0.98
8584,8584.T,ジャックス,2022-06,CONTINUE,3,66.96,67.94,True,True,0.97,2022-04,3300.0,3355.0,3355.0,1.67,3166.6,3147.33,,True,True,,,True,True,,99207.0,,,,0.98,2.38,1.26,False,1,True,,,,False,,tv_wilder_rsi14_sma5_v1,67.94,66.96,True,True,0.97
6954,6954.T,ファナック,2022-06,CONTINUE,2,45.34,46.31,False,True,0.96,2022-05,4221.0,4248.0,4248.0,0.64,4054.16,4175.45,4554.38,True,True,False,False,False,False,,4749083.0,,,,1.45,2.62,0.97,True,4,False,,,,False,,tv_wilder_rsi14_sma5_v1,46.31,45.34,True,False,0.96
6804,6804.T,ホシデン,2022-06,CONTINUE,3,57.55,58.5,True,True,0.95,2022-04,1246.0,1235.0,1235.0,-0.88,1189.52,1170.69,,True,True,,,True,True,,197670.0,,,,1.17,2.12,1.09,False,1,True,,,,False,,tv_wilder_rsi14_sma5_v1,58.5,57.55,True,True,0.95
7246,7246.T,プレス工業,2022-06,CONTINUE,3,54.66,55.61,True,False,0.95,2022-04,391.0,399.0,399.0,2.05,372.64,380.13,,True,True,,,True,False,,501900.0,,,,1.29,2.17,1.06,False,1,True,,,,False,,tv_wilder_rsi14_sma5_v1,55.61,54.66,False,True,0.95
6744,6744.T,能美防災,2022-06,NEW,1,41.63,42.57,False,True,0.94,2022-06,1854.0,1854.0,1854.0,0.0,1730.04,1828.11,1989.0,True,True,False,False,False,False,False,66307.0,,,,1.57,2.2,1.07,False,4,True,,,,False,,tv_wilder_rsi14_sma5_v1,42.57,41.63,True,False,0.94
4275,4275.T,カーリット,2022-06,CONTINUE,2,48.73,49.67,True,True,0.93,2022-05,679.0,682.0,682.0,0.44,635.44,655.49,725.86,True,True,False,False,False,False,,62537.0,,,,2.01,2.43,1.13,False,4,True,,,,False,,tv_wilder_rsi14_sma5_v1,49.67,48.73,True,True,0.93
6184,6184.T,鎌倉新書,2022-06,CONTINUE,4,39.16,40.09,True,True,0.93,2022-03,631.0,569.0,569.0,-9.83,513.92,550.12,,True,True,,,True,False,,613850.0,,,,1.56,6.42,1.11,False,1,True,,,,False,,tv_wilder_rsi14_sma5_v1,40.09,39.16,True,True,0.93
1820,1820.T,西松建設,2022-06,CONTINUE,2,71.83,72.74,False,False,0.92,2022-05,4110.0,4065.0,4065.0,-1.09,3963.6,3858.13,3651.53,True,True,True,True,True,True,,223920.0,,,,0.91,2.45,0.77,True,1,True,,,,False,,tv_wilder_rsi14_sma5_v1,72.74,71.83,False,False,0.92
8395,8395.T,佐賀銀行,2022-06,NEW,1,49.24,50.16,False,True,0.92,2022-06,1471.0,1471.0,1471.0,0.0,1438.2,1447.01,1461.26,True,True,True,False,True,False,True,19857.0,,,,0.74,1.54,1.1,False,1,True,,,,False,,tv_wilder_rsi14_sma5_v1,50.16,49.24,True,False,0.92
3087,3087.T,ドトール・日レスホールディングス,2022-06,NEW,1,42.99,43.9,False,True,0.91,2022-06,1540.0,1540.0,1540.0,0.0,1522.96,1508.32,1581.42,True,True,False,False,True,False,False,95253.0,,,,1.25,1.25,1.08,False,4,True,,,,False,,tv_wilder_rsi14_sma5_v1,43.9,42.99,True,False,0.91
3915,3915.T,テラスカイ,2022-06,CONTINUE,2,37.75,38.67,True,True,0.91,2022-05,1391.0,1464.0,1464.0,5.25,1313.48,1445.33,1779.88,True,False,False,False,False,False,,105067.0,,,,0.82,4.38,1.04,False,4,True,,,,False,,tv_wilder_rsi14_sma5_v1,38.67,37.75,True,True,0.91
7236,7236.T,ティラド,2022-06,CONTINUE,2,53.52,54.42,False,False,0.9,2022-05,281.7,261.9,261.9,-7.03,244.84,242.1,278.62,True,True,True,False,True,False,,343433.0,,,,1.35,3.69,0.97,True,3,True,,,,False,,tv_wilder_rsi14_sma5_v1,54.42,53.52,False,False,0.9
9007,9007.T,小田急電鉄,2022-06,NEW,1,34.92,35.82,True,True,0.9,2022-06,1825.0,1825.0,1825.0,0.0,1761.16,1894.03,2119.91,True,False,False,False,False,False,False,1312197.0,,,,0.88,2.34,1.03,False,4,False,,,,False,,tv_wilder_rsi14_sma5_v1,35.82,34.92,True,True,0.9
4812,4812.T,電通総研,2022-06,CONTINUE,2,57.62,58.5,True,False,0.88,2022-05,1368.33,1338.33,1338.33,-2.19,1314.87,1262.33,1296.26,True,True,True,False,True,True,,350690.0,,,,1.15,3.33,0.85,True,3,True,,,,False,,tv_wilder_rsi14_sma5_v1,58.5,57.62,False,True,0.88
9716,9716.T,乃村工藝社,2022-06,CONTINUE,2,47.9,48.78,True,True,0.88,2022-05,911.0,930.0,930.0,2.09,876.44,903.76,959.0,True,True,False,False,False,False,,215587.0,,,,1.36,2.41,1.06,False,1,True,,,,False,,tv_wilder_rsi14_sma5_v1,48.78,47.9,True,True,0.88
6986,6986.T,双葉電子工業,2022-06,CONTINUE,3,28.38,29.26,True,False,0.87,2022-04,665.0,665.0,665.0,0.0,659.8,664.4,,True,True,,,True,False,,172390.0,,,,2.86,2.87,1.22,False,1,False,,,,False,,tv_wilder_rsi14_sma5_v1,29.26,28.38,False,True,0.87
4337,4337.T,ぴあ,2022-06,CONTINUE,2,47.05,47.89,True,True,0.85,2022-05,3240.0,3285.0,3285.0,1.39,3131.16,3240.35,3455.66,True,False,False,False,False,False,,24217.0,,,,0.93,2.89,0.86,True,4,True,,,,False,,tv_wilder_rsi14_sma5_v1,47.89,47.05,True,True,0.85
6820,6820.T,アイコム,2022-06,CONTINUE,5,47.26,48.11,True,True,0.85,2022-02,2383.0,2445.0,2445.0,2.6,2361.52,2369.29,,True,True,,,False,False,,11517.0,,,,2.08,1.84,0.96,True,1,True,,,,False,,tv_wilder_rsi14_sma5_v1,48.11,47.26,True,True,0.85
4526,4526.T,理研ビタミン,2022-06,NEW,1,48.46,49.3,True,True,0.84,2022-06,1700.0,1700.0,1700.0,0.0,1615.88,1652.21,1713.43,True,True,False,False,False,False,False,76537.0,,,,2.51,1.66,1.19,False,4,True,,,,False,,tv_wilder_rsi14_sma5_v1,49.3,48.46,True,True,0.84
9076,9076.T,セイノーホールディングス,2022-06,NEW,1,38.22,39.05,True,True,0.83,2022-06,1086.0,1086.0,1086.0,0.0,1051.48,1065.52,1179.35,True,True,False,False,True,False,False,485257.0,,,,1.39,2.1,1.13,False,4,True,,,,False,,tv_wilder_rsi14_sma5_v1,39.05,38.22,True,True,0.83
6814,6814.T,古野電気,2022-06,CONTINUE,2,46.73,47.55,True,True,0.82,2022-05,1009.0,1010.0,1010.0,0.1,972.84,1009.87,1104.95,True,False,False,False,False,False,,73550.0,,,,0.92,1.63,0.93,True,4,True,,,,False,,tv_wilder_rsi14_sma5_v1,47.55,46.73,True,True,0.82
7453,7453.T,良品計画,2022-06,CONTINUE,2,38.71,39.53,False,True,0.82,2022-05,685.5,691.5,691.5,0.88,623.5,714.27,917.33,True,False,False,False,False,False,,12889980.0,,,,1.33,3.39,1.0,True,4,True,,,,False,,tv_wilder_rsi14_sma5_v1,39.53,38.71,True,False,0.82
7628,7628.T,オーハシテクニカ,2022-06,NEW,1,41.92,42.75,False,True,0.82,2022-06,651.0,651.0,651.0,0.0,646.28,643.41,691.39,True,True,False,False,True,False,False,60213.0,,,,0.79,1.28,1.04,False,4,True,,,,False,,tv_wilder_rsi14_sma5_v1,42.75,41.92,True,False,0.82
9416,9416.T,ビジョン,2022-06,CONTINUE,4,52.12,52.94,True,False,0.82,2022-03,1159.0,1291.0,1291.0,11.39,1151.56,1119.79,,True,True,,,True,False,,298270.0,,,,0.73,3.88,0.76,True,1,True,,,,False,,tv_wilder_rsi14_sma5_v1,52.94,52.12,False,True,0.82
8771,8771.T,イー・ギャランティ,2022-06,CONTINUE,3,51.45,52.25,True,False,0.81,2022-04,2166.0,2146.0,2146.0,-0.92,2095.16,1994.13,,True,True,,,True,False,,152790.0,,,,0.84,2.5,0.88,True,1,True,,,,False,,tv_wilder_rsi14_sma5_v1,52.25,51.45,False,True,0.81
7744,7744.T,ノーリツ鋼機,2022-06,CONTINUE,2,51.12,51.92,True,False,0.8,2022-05,782.67,766.0,766.0,-2.13,732.59,708.88,779.7,True,True,True,False,False,False,,573950.0,,,,0.8,3.08,1.1,False,3,True,,,,False,,tv_wilder_rsi14_sma5_v1,51.92,51.12,False,True,0.8
1861,1861.T,熊谷組,2022-06,NEW,1,47.57,48.36,False,True,0.79,2022-06,687.75,687.75,687.75,0.0,676.67,681.22,701.92,True,True,False,False,True,False,True,617040.0,,,,0.74,1.39,0.97,True,4,False,,,,False,,tv_wilder_rsi14_sma5_v1,48.36,47.57,True,False,0.79
3167,3167.T,ＴＯＫＡＩホールディングス,2022-06,CONTINUE,2,45.89,46.68,True,True,0.79,2022-05,879.0,887.0,887.0,0.91,868.2,880.09,881.96,True,False,False,False,False,False,,206880.0,,,,1.47,1.21,0.76,True,4,True,,,,False,,tv_wilder_rsi14_sma5_v1,46.68,45.89,True,True,0.79
5108,5108.T,ブリヂストン,2022-06,CONTINUE,2,56.06,56.85,False,False,0.79,2022-05,2541.5,2475.0,2475.0,-2.62,2426.86,2364.08,2467.01,True,True,True,False,True,False,,3940847.0,,,,1.24,2.08,0.98,True,1,True,,,,False,,tv_wilder_rsi14_sma5_v1,56.85,56.06,False,False,0.79
8393,8393.T,宮崎銀行,2022-06,NEW,1,44.22,45.01,True,True,0.79,2022-06,418.4,418.4,418.4,0.0,412.46,414.59,416.76,True,True,True,False,True,False,True,146000.0,,,,1.14,1.17,1.06,False,2,True,,,,False,,tv_wilder_rsi14_sma5_v1,45.01,44.22,True,True,0.79
6027,6027.T,弁護士ドットコム,2022-06,NEW,1,36.92,37.7,False,True,0.78,2022-06,3805.0,3805.0,3805.0,0.0,3749.6,3701.52,5088.69,True,True,False,False,True,False,False,304547.0,,,,0.88,5.91,0.77,True,4,True,,,,False,,tv_wilder_rsi14_sma5_v1,37.7,36.92,True,False,0.78
9505,9505.T,北陸電力,2022-06,NEW,1,35.62,36.4,False,True,0.78,2022-06,532.0,532.0,532.0,0.0,519.72,536.45,561.87,True,False,False,False,False,False,False,568943.0,,,,0.99,1.97,1.07,False,4,True,,,,False,,tv_wilder_rsi14_sma5_v1,36.4,35.62,True,False,0.78
3968,3968.T,セグエグループ,2022-06,NEW,1,36.61,37.38,True,True,0.77,2022-06,189.0,189.0,189.0,0.0,182.85,188.08,221.05,True,True,False,False,True,True,False,105430.0,,,,1.02,3.62,1.04,False,4,True,,,,False,,tv_wilder_rsi14_sma5_v1,37.38,36.61,True,True,0.77
3109,3109.T,シキボウ,2022-06,CONTINUE,2,42.55,43.28,False,False,0.74,2022-05,908.0,896.0,896.0,-1.32,880.0,891.76,911.96,True,True,False,False,False,False,,24367.0,,,,1.55,1.22,0.76,True,4,True,,,,False,,tv_wilder_rsi14_sma5_v1,43.28,42.55,False,False,0.74
4951,4951.T,エステー,2022-06,NEW,1,39.77,40.52,True,True,0.74,2022-06,1506.0,1506.0,1506.0,0.0,1471.76,1487.24,1559.61,True,True,False,False,True,False,False,20893.0,,,,1.2,1.48,1.2,False,4,True,,,,False,,tv_wilder_rsi14_sma5_v1,40.52,39.77,True,True,0.74
5233,5233.T,太平洋セメント,2022-06,NEW,1,38.67,39.41,False,True,0.74,2022-06,2025.0,2025.0,2025.0,0.0,1988.56,2001.63,2210.51,True,True,False,False,False,False,False,682137.0,,,,0.81,2.36,0.91,True,4,True,,,,False,,tv_wilder_rsi14_sma5_v1,39.41,38.67,True,False,0.74
8392,8392.T,大分銀行,2022-06,NEW,1,41.62,42.36,True,True,0.74,2022-06,373.6,373.6,373.6,0.0,362.39,370.46,373.09,True,True,True,False,True,False,True,188783.0,,,,0.83,1.47,0.97,True,2,True,,,,False,,tv_wilder_rsi14_sma5_v1,42.36,41.62,True,True,0.74
9424,9424.T,日本通信,2022-06,CONTINUE,2,48.88,49.62,True,False,0.74,2022-05,201.0,201.0,201.0,0.0,192.12,189.09,204.41,True,True,False,False,False,True,,4186297.0,,,,1.03,4.55,0.9,True,4,True,,,,False,,tv_wilder_rsi14_sma5_v1,49.62,48.88,False,True,0.74
9509,9509.T,北海道電力,2022-06,CONTINUE,2,47.85,48.58,False,True,0.73,2022-05,492.0,495.0,495.0,0.61,499.28,497.96,503.85,False,False,False,False,True,False,,827853.0,,,,1.21,2.26,0.84,True,4,True,,,,False,,tv_wilder_rsi14_sma5_v1,48.58,47.85,True,False,0.73
7972,7972.T,イトーキ,2022-06,CONTINUE,5,46.2,46.92,True,False,0.72,2022-02,358.0,365.0,365.0,1.96,350.68,355.61,,True,True,,,False,False,,51857.0,,,,0.85,1.92,1.04,False,1,True,,,,False,,tv_wilder_rsi14_sma5_v1,46.92,46.2,False,True,0.72
3288,3288.T,オープンハウスグループ,2022-06,NEW,1,55.01,55.72,False,True,0.71,2022-06,5400.0,5400.0,5400.0,0.0,5352.4,5274.47,5876.68,True,True,False,False,True,True,True,405257.0,,,,0.8,3.0,1.09,False,4,True,,,,False,,tv_wilder_rsi14_sma5_v1,55.72,55.01,True,False,0.71
5333,5333.T,ＮＧＫ,2022-06,CONTINUE,2,50.55,51.25,False,False,0.69,2022-05,1916.0,1828.0,1828.0,-4.59,1799.2,1754.91,1845.76,True,True,True,False,True,False,,1217823.0,,,,1.35,1.73,0.81,True,1,True,,,,False,,tv_wilder_rsi14_sma5_v1,51.25,50.55,False,False,0.69
8566,8566.T,リコーリース,2022-06,NEW,1,50.89,51.57,False,True,0.69,2022-06,3495.0,3495.0,3495.0,0.0,3454.6,3413.0,3610.65,True,True,False,False,True,False,False,47200.0,,,,1.11,1.41,1.13,False,4,True,,,,False,,tv_wilder_rsi14_sma5_v1,51.57,50.89,True,False,0.69
8037,8037.T,カメイ,2022-06,CONTINUE,3,45.77,46.44,True,False,0.68,2022-04,1044.0,1051.0,1051.0,0.67,1022.0,1032.8,,True,True,,,False,False,,58413.0,,,,0.87,1.74,1.03,False,1,False,,,,False,,tv_wilder_rsi14_sma5_v1,46.44,45.77,False,True,0.68
7201,7201.T,日産自動車,2022-06,NEW,1,44.85,45.52,False,True,0.67,2022-06,528.2,528.2,528.2,0.0,540.16,521.11,558.26,False,True,False,False,True,False,False,18107140.0,,,,0.98,3.36,1.12,False,4,False,,,,False,,tv_wilder_rsi14_sma5_v1,45.52,44.85,True,False,0.67
2207,2207.T,ｍｅｉｔｏ,2022-06,NEW,1,55.03,55.69,False,True,0.66,2022-06,1643.0,1643.0,1643.0,0.0,1623.96,1616.51,1668.22,True,True,False,False,True,False,False,15397.0,,,,1.43,1.12,1.18,False,4,True,,,,False,,tv_wilder_rsi14_sma5_v1,55.69,55.03,True,False,0.66
2659,2659.T,サンエー,2022-06,NEW,1,46.79,47.43,True,True,0.64,2022-06,2050.0,2050.0,2050.0,0.0,2005.1,2034.3,2050.47,True,True,False,False,False,False,False,70280.0,,,,1.34,1.21,1.14,False,4,True,,,,False,,tv_wilder_rsi14_sma5_v1,47.43,46.79,True,True,0.64
3865,3865.T,北越コーポレーション,2022-06,NEW,1,57.68,58.32,False,True,0.64,2022-06,700.0,700.0,700.0,0.0,663.08,664.69,711.22,True,True,False,False,True,False,True,411357.0,,,,0.99,2.35,0.92,True,4,True,,,,False,,tv_wilder_rsi14_sma5_v1,58.32,57.68,True,False,0.64
6507,6507.T,シンフォニアテクノロジー,2022-06,CONTINUE,2,51.6,52.23,True,False,0.64,2022-05,1359.0,1338.0,1338.0,-1.55,1301.8,1295.28,1267.38,True,True,True,True,True,True,,87107.0,,,,1.06,2.91,0.82,True,1,True,,,,False,,tv_wilder_rsi14_sma5_v1,52.23,51.6,False,True,0.64
6850,6850.T,チノー,2022-06,CONTINUE,2,58.19,58.84,False,False,0.64,2022-05,847.0,829.5,829.5,-2.07,807.5,801.89,773.45,True,True,True,True,True,True,,34140.0,,,,1.03,1.64,0.95,True,1,True,,,,False,,tv_wilder_rsi14_sma5_v1,58.84,58.19,False,False,0.64
3649,3649.T,ファインデックス,2022-06,NEW,1,36.51,37.13,False,True,0.62,2022-06,652.0,652.0,652.0,0.0,627.88,650.43,836.62,True,True,False,False,True,False,False,107213.0,,,,1.23,3.44,1.19,False,4,True,,,,False,,tv_wilder_rsi14_sma5_v1,37.13,36.51,True,False,0.62
6200,6200.T,インソース,2022-06,CONTINUE,2,54.19,54.82,True,True,0.62,2022-05,1128.0,1131.0,1131.0,0.27,1060.46,1041.22,1103.62,True,True,True,False,False,True,,411373.0,,,,1.16,4.7,0.86,True,1,True,,,,False,,tv_wilder_rsi14_sma5_v1,54.82,54.19,True,True,0.62
7238,7238.T,曙ブレーキ工業,2022-06,NEW,1,43.78,44.4,False,True,0.62,2022-06,155.0,155.0,155.0,0.0,159.92,153.87,179.78,False,True,False,False,True,True,False,976233.0,,,,0.71,3.55,0.81,True,4,True,,,,False,,tv_wilder_rsi14_sma5_v1,44.4,43.78,True,False,0.62
2170,2170.T,リンクアンドモチベーション,2022-06,CONTINUE,2,43.93,44.52,True,True,0.6,2022-05,454.0,477.0,477.0,5.07,445.16,451.13,704.03,True,True,False,False,False,False,,729827.0,,,,0.78,4.25,0.91,True,4,False,,,,False,,tv_wilder_rsi14_sma5_v1,44.52,43.93,True,True,0.6
3028,3028.T,アルペン,2022-06,NEW,1,44.71,45.31,True,True,0.6,2022-06,2021.0,2021.0,2021.0,0.0,1993.56,1984.11,2280.89,True,True,False,False,True,False,False,193967.0,,,,1.58,2.19,1.19,False,4,True,,,,False,,tv_wilder_rsi14_sma5_v1,45.31,44.71,True,True,0.6
8075,8075.T,神鋼商事,2022-06,NEW,1,67.8,68.39,False,True,0.6,2022-06,1291.67,1291.67,1291.67,0.0,1272.53,1220.47,1176.89,True,True,True,True,True,False,True,46980.0,,,,1.16,2.39,1.06,False,2,False,,,,False,,tv_wilder_rsi14_sma5_v1,68.39,67.8,True,False,0.6
2871,2871.T,ニチレイ,2022-06,NEW,1,39.71,40.3,False,True,0.58,2022-06,1179.5,1179.5,1179.5,0.0,1142.54,1174.27,1287.3,True,True,False,False,False,False,False,1008853.0,,,,1.31,1.92,1.21,False,4,True,,,,False,,tv_wilder_rsi14_sma5_v1,40.3,39.71,True,False,0.58
6099,6099.T,エラン,2022-06,CONTINUE,2,46.69,47.26,True,False,0.57,2022-05,1060.0,1045.0,1045.0,-1.42,1007.4,1010.93,1120.24,True,True,False,False,False,True,,119863.0,,,,1.61,4.04,0.97,True,4,True,,,,False,,tv_wilder_rsi14_sma5_v1,47.26,46.69,False,True,0.57
8012,8012.T,長瀬産業,2022-06,NEW,1,57.54,58.11,True,True,0.57,2022-06,466.0,466.0,466.0,0.0,461.24,458.96,460.9,True,True,True,False,True,True,True,958627.0,,,,1.09,2.08,1.03,False,1,False,,,,False,,tv_wilder_rsi14_sma5_v1,58.11,57.54,True,True,0.57
6457,6457.T,グローリー,2022-06,NEW,1,39.41,39.97,False,True,0.56,2022-06,2048.0,2048.0,2048.0,0.0,2045.6,2046.07,2179.23,True,True,False,False,True,False,False,186493.0,,,,0.89,1.63,1.05,False,4,True,,,,False,,tv_wilder_rsi14_sma5_v1,39.97,39.41,True,False,0.56
6794,6794.T,フォスター電機,2022-06,CONTINUE,2,37.13,37.69,True,True,0.56,2022-05,716.0,730.0,730.0,1.96,704.0,716.16,781.78,True,False,False,False,True,False,,77447.0,,,,0.82,2.49,0.88,True,4,True,,,,False,,tv_wilder_rsi14_sma5_v1,37.69,37.13,True,True,0.56
3191,3191.T,ジョイフル本田,2022-06,CONTINUE,3,55.41,55.96,True,False,0.55,2022-04,1559.0,1584.0,1584.0,1.6,1533.08,1539.51,,True,True,,,False,True,,124290.0,,,,1.14,1.73,0.96,True,1,True,,,,False,,tv_wilder_rsi14_sma5_v1,55.96,55.41,False,True,0.55
6644,6644.T,大崎電気工業,2022-06,CONTINUE,5,41.44,41.99,True,False,0.55,2022-02,489.0,488.0,488.0,-0.2,475.96,472.12,,True,True,,,True,False,,138320.0,,,,0.83,1.52,0.78,True,1,True,,,,False,,tv_wilder_rsi14_sma5_v1,41.99,41.44,False,True,0.55
8060,8060.T,キヤノンマーケティングジャパン,2022-06,CONTINUE,6,59.72,60.28,True,False,0.55,2022-01,1167.5,1409.0,1409.0,20.69,1142.78,1161.11,,True,True,,,False,False,,295660.0,,,,2.13,2.1,1.2,False,1,False,,,,False,,tv_wilder_rsi14_sma5_v1,60.28,59.72,False,True,0.55
8551,8551.T,北日本銀行,2022-06,NEW,1,43.07,43.62,False,True,0.55,2022-06,1599.0,1599.0,1599.0,0.0,1563.44,1572.6,1582.7,True,True,True,False,True,False,False,12140.0,,,,0.71,1.7,0.99,True,3,True,,,,False,,tv_wilder_rsi14_sma5_v1,43.62,43.07,True,False,0.55
4521,4521.T,科研製薬,2022-06,NEW,1,38.94,39.48,False,True,0.54,2022-06,3815.0,3815.0,3815.0,0.0,3713.0,3826.6,4152.07,True,False,False,False,False,False,False,72260.0,,,,1.22,1.51,1.09,False,4,True,,,,False,,tv_wilder_rsi14_sma5_v1,39.48,38.94,True,False,0.54
7148,7148.T,ＦＰＧ,2022-06,CONTINUE,7,57.2,57.74,True,False,0.54,2021-12,684.0,906.0,906.0,32.46,595.72,645.91,,True,True,,,False,False,,568970.0,,,,1.21,3.29,1.35,False,1,True,,,,False,,tv_wilder_rsi14_sma5_v1,57.74,57.2,False,True,0.54
6301,6301.T,小松製作所,2022-06,CONTINUE,4,53.79,54.32,True,False,0.53,2022-03,2943.0,3008.0,3008.0,2.21,2786.78,2789.71,,True,True,,,True,False,,3487197.0,,,,0.76,2.32,0.83,True,1,True,,,,False,,tv_wilder_rsi14_sma5_v1,54.32,53.79,False,True,0.53
6947,6947.T,図研,2022-06,NEW,1,50.32,50.85,True,True,0.53,2022-06,3055.0,3055.0,3055.0,0.0,2899.96,2915.41,3401.88,True,True,False,False,True,False,False,63817.0,,,,1.12,2.84,1.07,False,4,True,,,,False,,tv_wilder_rsi14_sma5_v1,50.85,50.32,True,True,0.53
8061,8061.T,西華産業,2022-06,CONTINUE,5,53.49,54.02,True,True,0.53,2022-02,549.67,547.67,547.67,-0.36,528.8,533.35,,True,True,,,False,False,,40620.0,,,,1.04,2.67,0.96,True,1,False,,,,False,,tv_wilder_rsi14_sma5_v1,54.02,53.49,True,True,0.53
9605,9605.T,東映,2022-06,CONTINUE,2,48.77,49.31,True,False,0.53,2022-05,3692.0,3556.0,3556.0,-3.68,3488.88,3478.69,3780.17,True,True,False,False,True,True,,121683.0,,,,1.18,3.13,1.09,False,4,True,,,,False,,tv_wilder_rsi14_sma5_v1,49.31,48.77,False,True,0.53
8097,8097.T,三愛オブリ,2022-06,CONTINUE,2,42.67,43.18,True,True,0.52,2022-05,959.0,963.0,963.0,0.42,953.24,947.61,1183.68,True,True,False,False,False,False,,169897.0,,,,1.29,2.23,0.89,True,4,True,,,,False,,tv_wilder_rsi14_sma5_v1,43.18,42.67,True,True,0.52
8304,8304.T,あおぞら銀行,2022-06,CONTINUE,5,53.57,54.08,True,False,0.51,2022-02,2602.0,2637.0,2637.0,1.35,2660.56,2610.19,,False,False,,,True,False,,683813.0,,,,1.0,1.93,0.97,True,1,False,,,,False,,tv_wilder_rsi14_sma5_v1,54.08,53.57,False,True,0.51
9081,9081.T,神奈川中央交通,2022-06,CONTINUE,2,45.91,46.43,True,False,0.51,2022-05,3485.0,3475.0,3475.0,-0.29,3351.0,3432.53,3423.7,True,True,True,False,False,True,,4980.0,,,,1.78,2.08,1.1,False,1,True,,,,False,,tv_wilder_rsi14_sma5_v1,46.43,45.91,False,True,0.51
9644,9644.T,タナベコンサルティンググループ,2022-06,CONTINUE,4,47.77,48.28,True,False,0.51,2022-03,346.5,341.0,341.0,-1.59,331.44,330.57,,True,True,,,True,False,,13773.0,,,,1.18,1.31,0.85,True,1,True,,,,False,,tv_wilder_rsi14_sma5_v1,48.28,47.77,False,True,0.51
4331,4331.T,テイクアンドギヴ・ニーズ,2022-06,CONTINUE,5,60.6,61.1,True,False,0.5,2022-02,1132.0,1506.0,1506.0,33.04,1092.84,1027.6,,True,True,,,True,False,,113660.0,,,,1.09,6.35,1.36,False,1,False,,,,False,,tv_wilder_rsi14_sma5_v1,61.1,60.6,False,True,0.5
8173,8173.T,Ｊｏｓｈｉｎ,2022-06,NEW,1,38.76,39.27,False,True,0.5,2022-06,1944.0,1944.0,1944.0,0.0,1886.68,1919.77,2116.82,True,True,False,False,False,False,False,61213.0,,,,1.05,1.61,1.0,False,4,True,,,,False,,tv_wilder_rsi14_sma5_v1,39.27,38.76,True,False,0.5
2163,2163.T,アルトナー,2022-06,NEW,1,52.19,52.67,True,True,0.49,2022-06,880.0,880.0,880.0,0.0,850.88,854.59,861.77,True,True,True,False,True,False,True,72647.0,,,,1.16,1.9,1.0,False,1,True,,,,False,,tv_wilder_rsi14_sma5_v1,52.67,52.19,True,True,0.49
3302,3302.T,帝国繊維,2022-06,NEW,1,38.89,39.38,False,True,0.49,2022-06,1650.0,1650.0,1650.0,0.0,1579.0,1614.44,1872.42,True,True,False,False,True,False,False,82457.0,,,,0.71,2.29,1.07,False,4,True,,,,False,,tv_wilder_rsi14_sma5_v1,39.38,38.89,True,False,0.49
8331,8331.T,千葉銀行,2022-06,NEW,1,56.13,56.61,False,True,0.49,2022-06,741.0,741.0,741.0,0.0,714.48,729.05,720.86,True,True,True,False,True,False,True,3299670.0,,,,1.15,2.56,1.01,False,1,True,,,,False,,tv_wilder_rsi14_sma5_v1,56.61,56.13,True,False,0.49
6501,6501.T,日立製作所,2022-06,CONTINUE,2,61.78,62.26,True,False,0.48,2022-05,1345.0,1287.6,1287.6,-4.27,1280.42,1197.18,1263.95,True,True,True,False,True,True,,14022983.0,,,,0.99,1.98,0.77,True,1,True,,,,False,,tv_wilder_rsi14_sma5_v1,62.26,61.78,False,True,0.48
4516,4516.T,日本新薬,2022-06,NEW,1,50.15,50.62,True,True,0.47,2022-06,8250.0,8250.0,8250.0,0.0,7695.6,8156.13,8299.9,True,True,False,False,False,True,False,245793.0,,,,1.07,2.8,1.03,False,4,True,,,,False,,tv_wilder_rsi14_sma5_v1,50.62,50.15,True,True,0.47
8130,8130.T,サンゲツ,2022-06,NEW,1,45.19,45.65,False,True,0.46,2022-06,1558.0,1558.0,1558.0,0.0,1540.68,1539.13,1568.66,True,True,False,False,False,False,False,120313.0,,,,1.2,1.18,1.2,False,4,True,,,,False,,tv_wilder_rsi14_sma5_v1,45.65,45.19,True,False,0.46
5563,5563.T,新日本電工,2022-06,CONTINUE,2,57.57,58.02,True,False,0.45,2022-05,354.0,347.0,347.0,-1.98,331.48,336.75,326.06,True,True,True,False,True,True,,1259407.0,,,,0.81,3.45,0.86,True,1,True,,,,False,,tv_wilder_rsi14_sma5_v1,58.02,57.57,False,True,0.45
6331,6331.T,三菱化工機,2022-06,CONTINUE,2,42.21,42.64,False,False,0.43,2022-05,695.0,663.67,663.67,-4.51,661.73,663.8,735.88,True,True,False,False,True,False,,50200.0,,,,1.15,1.85,0.95,True,4,True,,,,False,,tv_wilder_rsi14_sma5_v1,42.64,42.21,False,False,0.43
9837,9837.T,モリト,2022-06,NEW,1,55.72,56.16,True,True,0.43,2022-06,765.0,765.0,765.0,0.0,755.64,757.19,720.99,True,True,True,False,True,True,True,27010.0,,,,0.93,1.67,0.97,True,2,False,,,,False,,tv_wilder_rsi14_sma5_v1,56.16,55.72,True,True,0.43
7186,7186.T,横浜フィナンシャルグループ,2022-06,NEW,1,55.9,56.32,False,True,0.42,2022-06,470.0,470.0,470.0,0.0,459.64,461.81,456.79,True,True,True,False,True,False,True,4681613.0,,,,1.03,2.33,0.99,True,2,True,,,,False,,tv_wilder_rsi14_sma5_v1,56.32,55.9,True,False,0.42
8541,8541.T,愛媛銀行,2022-06,NEW,1,47.01,47.42,False,True,0.42,2022-06,899.0,899.0,899.0,0.0,871.92,897.36,859.36,True,True,True,False,True,False,True,51673.0,,,,0.83,2.37,1.07,False,2,True,,,,False,,tv_wilder_rsi14_sma5_v1,47.42,47.01,True,False,0.42
4446,4446.T,Ｌｉｎｋ－Ｕグループ,2022-06,NEW,1,38.76,39.16,True,True,0.4,2022-06,701.0,701.0,701.0,0.0,673.2,694.2,923.62,True,True,False,False,True,False,False,43107.0,,,,1.19,4.26,1.1,False,4,True,,,,False,,tv_wilder_rsi14_sma5_v1,39.16,38.76,True,True,0.4
5406,5406.T,神戸製鋼所,2022-06,CONTINUE,2,49.09,49.49,True,False,0.4,2022-05,680.0,617.0,617.0,-9.26,622.0,600.64,621.74,True,True,True,False,True,True,,6605773.0,,,,0.66,3.8,0.78,True,3,True,,,,False,,tv_wilder_rsi14_sma5_v1,49.49,49.09,False,True,0.4
6073,6073.T,アサンテ,2022-06,NEW,1,38.68,39.08,False,False,0.4,2022-06,1490.0,1490.0,1490.0,0.0,1508.44,1487.64,1621.14,False,True,False,False,True,False,False,21413.0,,,,1.71,1.71,1.35,False,4,True,,,,False,,tv_wilder_rsi14_sma5_v1,39.08,38.68,False,False,0.4
1720,1720.T,東急建設,2022-06,NEW,1,46.55,46.94,False,True,0.39,2022-06,637.0,637.0,637.0,0.0,614.2,634.36,691.71,True,True,False,False,True,False,False,378430.0,,,,0.93,1.81,0.97,True,4,True,,,,False,,tv_wilder_rsi14_sma5_v1,46.94,46.55,True,False,0.39
2810,2810.T,ハウス食品グループ本社,2022-06,NEW,1,40.45,40.84,True,True,0.39,2022-06,2827.0,2827.0,2827.0,0.0,2757.68,2874.25,3024.9,True,False,False,False,False,False,False,280147.0,,,,1.3,1.88,1.3,False,4,True,,,,False,,tv_wilder_rsi14_sma5_v1,40.84,40.45,True,True,0.39
8739,8739.T,スパークス・グループ,2022-06,CONTINUE,2,49.82,50.18,True,False,0.36,2022-05,1330.0,1325.0,1325.0,-0.38,1265.2,1285.87,1387.4,True,True,False,False,False,False,,60536.0,,,,0.95,2.44,0.96,True,4,True,,,,False,,tv_wilder_rsi14_sma5_v1,50.18,49.82,False,True,0.36
5185,5185.T,フコク,2022-06,CONTINUE,2,56.87,57.22,False,False,0.35,2022-05,989.0,976.0,976.0,-1.31,954.76,949.05,985.98,True,True,True,False,True,False,,25810.0,,,,1.1,1.83,0.93,True,3,True,,,,False,,tv_wilder_rsi14_sma5_v1,57.22,56.87,False,False,0.35
3291,3291.T,飯田グループホールディングス,2022-06,NEW,1,45.01,45.33,False,True,0.32,2022-06,2089.0,2089.0,2089.0,0.0,2058.64,2084.08,2401.9,True,True,False,False,True,False,False,734510.0,,,,0.95,2.13,0.99,True,4,True,,,,False,,tv_wilder_rsi14_sma5_v1,45.33,45.01,True,False,0.32
7241,7241.T,フタバ産業,2022-06,CONTINUE,3,40.02,40.34,False,False,0.32,2022-04,395.0,384.0,384.0,-2.78,343.64,376.48,,True,True,,,False,False,,329257.0,,,,2.01,3.31,1.21,False,1,True,,,,False,,tv_wilder_rsi14_sma5_v1,40.34,40.02,False,False,0.32
4612,4612.T,日本ペイントホールディングス,2022-06,NEW,1,41.84,42.14,True,True,0.31,2022-06,1011.0,1011.0,1011.0,0.0,977.16,1013.51,1102.55,True,False,False,False,False,False,False,4193770.0,,,,1.01,3.58,1.09,False,4,True,,,,False,,tv_wilder_rsi14_sma5_v1,42.14,41.84,True,True,0.31
2378,2378.T,ルネサンス,2022-06,NEW,1,40.0,40.3,False,True,0.3,2022-06,954.0,954.0,954.0,0.0,943.68,954.55,1078.17,True,False,False,False,True,False,False,51267.0,,,,1.0,1.96,0.98,True,4,True,,,,False,,tv_wilder_rsi14_sma5_v1,40.3,40.0,True,False,0.3
7856,7856.T,萩原工業,2022-06,CONTINUE,2,37.79,38.09,True,False,0.3,2022-05,1147.0,1085.0,1085.0,-5.41,1086.44,1127.64,1313.26,True,True,False,False,False,False,,35623.0,,,,0.64,2.2,0.85,True,4,True,,,,False,,tv_wilder_rsi14_sma5_v1,38.09,37.79,False,True,0.3
8715,8715.T,アニコムホールディングス,2022-06,CONTINUE,2,36.73,37.01,False,False,0.28,2022-05,666.0,648.0,648.0,-2.7,638.28,668.65,778.03,True,False,False,False,True,False,,339727.0,,,,1.24,3.49,1.06,False,4,True,,,,False,,tv_wilder_rsi14_sma5_v1,37.01,36.73,False,False,0.28
8016,8016.T,オンワードホールディングス,2022-06,CONTINUE,2,39.08,39.35,False,False,0.27,2022-05,261.0,254.0,254.0,-2.68,248.64,258.16,293.57,True,True,False,False,False,False,,1146950.0,,,,1.75,2.38,1.02,False,4,True,,,,False,,tv_wilder_rsi14_sma5_v1,39.35,39.08,False,False,0.27
1945,1945.T,東京エネシス,2022-06,NEW,1,50.46,50.72,True,True,0.26,2022-06,968.0,968.0,968.0,0.0,951.88,967.39,1016.59,True,True,False,False,True,False,False,63207.0,,,,1.31,4.17,0.95,True,4,False,,,,False,,tv_wilder_rsi14_sma5_v1,50.72,50.46,True,True,0.26
6750,6750.T,エレコム,2022-06,CONTINUE,5,40.95,41.18,True,True,0.24,2022-02,1573.0,1524.0,1524.0,-3.12,1453.24,1470.4,,True,True,,,False,False,,435337.0,,,,0.92,2.92,1.0,False,1,True,,,,False,,tv_wilder_rsi14_sma5_v1,41.18,40.95,True,True,0.24
8343,8343.T,秋田銀行,2022-06,NEW,1,50.31,50.56,False,True,0.24,2022-06,1656.0,1656.0,1656.0,0.0,1585.28,1635.23,1597.9,True,True,True,False,False,False,True,27143.0,,,,0.86,2.1,1.07,False,2,True,,,,False,,tv_wilder_rsi14_sma5_v1,50.56,50.31,True,False,0.24
8381,8381.T,山陰合同銀行,2022-06,NEW,1,55.45,55.69,False,True,0.24,2022-06,654.0,654.0,654.0,0.0,660.8,652.68,628.95,False,True,True,True,True,False,True,315800.0,,,,0.93,1.67,1.02,False,2,True,,,,False,,tv_wilder_rsi14_sma5_v1,55.69,55.45,True,False,0.24
4676,4676.T,フジ・メディア・ホールディングス,2022-06,NEW,1,45.7,45.92,True,True,0.23,2022-06,1149.0,1149.0,1149.0,0.0,1129.32,1138.88,1171.39,True,True,False,False,True,False,False,639190.0,,,,0.93,2.08,0.99,True,4,False,,,,False,,tv_wilder_rsi14_sma5_v1,45.92,45.7,True,True,0.23
6305,6305.T,日立建機,2022-06,CONTINUE,2,48.07,48.3,True,False,0.23,2022-05,3025.0,3005.0,3005.0,-0.66,2992.48,3001.21,3178.85,True,True,False,False,False,False,,811157.0,,,,0.93,2.42,0.7,True,1,False,,,,False,,tv_wilder_rsi14_sma5_v1,48.3,48.07,False,True,0.23
7554,7554.T,幸楽苑,2022-06,NEW,1,40.19,40.42,True,True,0.23,2022-06,1300.0,1300.0,1300.0,0.0,1289.0,1280.08,1378.5,True,True,False,False,True,False,False,26143.0,,,,1.07,1.31,1.04,False,4,True,,,,False,,tv_wilder_rsi14_sma5_v1,40.42,40.19,True,True,0.23
6071,6071.T,ＩＢＪ,2022-06,CONTINUE,2,44.66,44.88,True,True,0.22,2022-05,746.0,756.0,756.0,1.34,712.64,741.09,894.29,True,True,False,False,False,False,,145070.0,,,,1.33,3.69,1.01,False,4,True,,,,False,,tv_wilder_rsi14_sma5_v1,44.88,44.66,True,True,0.22
6277,6277.T,ホソカワミクロン,2022-06,NEW,1,44.97,45.19,False,False,0.22,2022-06,2602.0,2602.0,2602.0,0.0,2605.0,2544.41,2901.2,False,True,False,False,True,False,False,64097.0,,,,0.62,1.96,0.89,True,4,False,,,,False,,tv_wilder_rsi14_sma5_v1,45.19,44.97,False,False,0.22
5440,5440.T,共英製鋼,2022-06,NEW,1,46.51,46.71,False,True,0.2,2022-06,1382.0,1382.0,1382.0,0.0,1344.8,1330.99,1399.08,True,True,False,False,True,False,False,78530.0,,,,1.37,2.33,0.97,True,1,False,,,,False,,tv_wilder_rsi14_sma5_v1,46.71,46.51,True,False,0.2
4552,4552.T,ＪＣＲファーマ,2022-06,CONTINUE,4,45.85,46.04,True,False,0.19,2022-03,2257.0,2315.0,2315.0,2.57,2120.12,2130.36,,True,True,,,True,False,,350597.0,,,,1.14,2.52,0.89,True,1,True,,,,False,,tv_wilder_rsi14_sma5_v1,46.04,45.85,False,True,0.19
8793,8793.T,ＮＥＣキャピタルソリューション,2022-06,NEW,1,51.05,51.24,False,True,0.19,2022-06,2039.0,2039.0,2039.0,0.0,1981.12,2018.59,2043.19,True,True,False,False,True,False,False,21443.0,,,,1.35,1.0,1.03,False,4,True,,,,False,,tv_wilder_rsi14_sma5_v1,51.24,51.05,True,False,0.19
9739,9739.T,ＮＳＷ,2022-06,CONTINUE,4,52.29,52.46,True,False,0.17,2022-03,2191.0,2329.0,2329.0,6.3,2131.72,2162.56,,True,True,,,True,False,,19103.0,,,,0.84,2.18,0.81,True,1,False,,,,False,,tv_wilder_rsi14_sma5_v1,52.46,52.29,False,True,0.17
9765,9765.T,オオバ,2022-06,NEW,1,49.95,50.12,True,True,0.17,2022-06,746.0,746.0,746.0,0.0,750.88,753.11,770.66,False,False,False,False,False,True,False,61010.0,,,,1.07,2.25,1.06,False,4,True,,,,False,,tv_wilder_rsi14_sma5_v1,50.12,49.95,True,True,0.17
4046,4046.T,大阪ソーダ,2022-06,NEW,1,60.3,60.46,True,True,0.16,2022-06,640.0,640.0,640.0,0.0,620.28,623.06,592.27,True,True,True,False,True,True,True,353233.0,,,,1.17,1.88,1.02,False,2,True,,,,False,,tv_wilder_rsi14_sma5_v1,60.46,60.3,True,True,0.16
6445,6445.T,ジャノメ,2022-06,NEW,1,52.41,52.56,False,True,0.16,2022-06,716.0,716.0,716.0,0.0,704.8,702.59,708.5,True,True,True,False,True,False,True,68343.0,,,,1.06,1.96,1.19,False,1,True,,,,False,,tv_wilder_rsi14_sma5_v1,52.56,52.41,True,False,0.16
1721,1721.T,コムシスホールディングス,2022-06,NEW,1,43.11,43.26,False,True,0.15,2022-06,2586.0,2586.0,2586.0,0.0,2504.8,2592.63,2701.36,True,False,False,False,False,False,False,520330.0,,,,0.83,1.81,1.12,False,4,True,,,,False,,tv_wilder_rsi14_sma5_v1,43.26,43.11,True,False,0.15
6436,6436.T,アマノ,2022-06,CONTINUE,3,44.63,44.78,True,False,0.15,2022-04,2509.0,2345.0,2345.0,-6.54,2158.52,2227.24,,True,True,,,False,False,,233583.0,,,,2.31,2.66,1.26,False,1,True,,,,False,,tv_wilder_rsi14_sma5_v1,44.78,44.63,False,True,0.15
1976,1976.T,明星工業,2022-06,CONTINUE,2,46.22,46.36,True,False,0.14,2022-05,726.0,704.0,704.0,-3.03,685.88,697.96,710.36,True,True,True,False,False,False,,120850.0,,,,1.68,2.08,1.06,False,3,True,,,,False,,tv_wilder_rsi14_sma5_v1,46.36,46.22,False,True,0.14
2209,2209.T,井村屋グループ,2022-06,CONTINUE,2,48.91,49.04,True,False,0.13,2022-05,2342.0,2289.0,2289.0,-2.26,2282.52,2276.21,2281.57,True,True,True,False,True,True,,11950.0,,,,1.25,1.89,0.87,True,1,True,,,,False,,tv_wilder_rsi14_sma5_v1,49.04,48.91,False,True,0.13
4784,4784.T,ＧＭＯインターネット,2022-06,CONTINUE,3,42.79,42.93,True,False,0.13,2022-04,405.0,405.0,405.0,0.0,402.68,403.51,,True,True,,,True,False,,4067.0,,,,0.5,1.2,0.98,True,1,True,,,,False,,tv_wilder_rsi14_sma5_v1,42.93,42.79,False,True,0.13
6996,6996.T,ニチコン,2022-06,CONTINUE,2,56.26,56.39,True,False,0.13,2022-05,1337.0,1259.0,1259.0,-5.83,1241.04,1184.67,1160.28,True,True,True,True,True,True,,511947.0,,,,1.6,3.25,0.97,True,1,True,,,,False,,tv_wilder_rsi14_sma5_v1,56.39,56.26,False,True,0.13
6471,6471.T,日本精工,2022-06,NEW,1,40.41,40.53,False,False,0.12,2022-06,730.0,730.0,730.0,0.0,760.88,734.91,751.96,False,False,False,False,True,True,False,2261223.0,,,,1.06,2.72,1.06,False,4,False,,,,False,,tv_wilder_rsi14_sma5_v1,40.53,40.41,False,False,0.12
7751,7751.T,キヤノン,2022-06,CONTINUE,7,60.87,60.98,True,False,0.12,2021-12,2801.0,3085.0,3085.0,10.14,2696.76,2685.92,,True,True,,,True,True,,4359487.0,,,,0.81,1.96,0.93,True,1,True,,,,False,,tv_wilder_rsi14_sma5_v1,60.98,60.87,False,True,0.12
1980,1980.T,ダイダン,2022-06,NEW,1,41.43,41.54,False,True,0.11,2022-06,352.17,352.17,352.17,0.0,342.03,343.58,374.42,True,True,False,False,True,False,False,315900.0,,,,0.64,1.71,0.99,True,4,True,,,,False,,tv_wilder_rsi14_sma5_v1,41.54,41.43,True,False,0.11
3662,3662.T,エイチームホールディングス,2022-06,CONTINUE,2,36.3,36.41,True,False,0.11,2022-05,731.0,731.0,731.0,0.0,719.32,733.76,1074.08,True,False,False,False,False,False,,67160.0,,,,0.98,2.98,0.82,True,4,False,,,,False,,tv_wilder_rsi14_sma5_v1,36.41,36.3,False,True,0.11
4569,4569.T,杏林製薬,2022-06,NEW,1,45.88,45.99,True,True,0.11,2022-06,1774.0,1774.0,1774.0,0.0,1708.28,1774.37,1794.79,True,False,False,False,False,False,False,110283.0,,,,1.29,1.88,1.31,False,4,True,,,,False,,tv_wilder_rsi14_sma5_v1,45.99,45.88,True,True,0.11
8336,8336.T,武蔵野銀行,2022-06,NEW,1,49.38,49.48,False,True,0.1,2022-06,595.0,595.0,595.0,0.0,589.67,593.47,596.77,True,True,False,False,True,False,True,187490.0,,,,1.16,1.69,1.03,False,4,False,,,,False,,tv_wilder_rsi14_sma5_v1,49.48,49.38,True,False,0.1
9602,9602.T,東宝,2022-06,CONTINUE,3,55.1,55.19,True,False,0.1,2022-04,966.0,981.0,981.0,1.55,944.12,938.93,,True,True,,,False,False,,2053767.0,,,,0.86,2.81,0.91,True,1,True,,,,False,,tv_wilder_rsi14_sma5_v1,55.19,55.1,False,True,0.1
2153,2153.T,Ｅ・Ｊホールディングス,2022-06,NEW,1,56.25,56.35,True,True,0.09,2022-06,1189.0,1189.0,1189.0,0.0,1152.8,1171.56,1208.3,True,True,False,False,False,False,False,42503.0,,,,0.84,1.91,1.18,False,4,True,,,,False,,tv_wilder_rsi14_sma5_v1,56.35,56.25,True,True,0.09
6572,6572.T,オープングループ,2022-06,CONTINUE,4,33.69,33.77,True,False,0.08,2022-03,357.0,331.0,331.0,-7.28,325.88,340.39,,True,True,,,False,False,,127987.0,,,,0.78,3.5,1.0,True,1,True,,,,False,,tv_wilder_rsi14_sma5_v1,33.77,33.69,False,True,0.08
7947,7947.T,エフピコ,2022-06,NEW,1,33.32,33.39,False,True,0.07,2022-06,2838.0,2838.0,2838.0,0.0,2702.92,2798.87,3440.0,True,True,False,False,False,False,False,154100.0,,,,1.36,2.39,1.16,False,4,True,,,,False,,tv_wilder_rsi14_sma5_v1,33.39,33.32,True,False,0.07
5930,5930.T,文化シャッター,2022-06,NEW,1,50.55,50.62,False,True,0.06,2022-06,998.0,998.0,998.0,0.0,980.44,973.09,1039.09,True,True,False,False,True,False,False,117377.0,,,,1.26,1.62,1.07,False,4,True,,,,False,,tv_wilder_rsi14_sma5_v1,50.62,50.55,True,False,0.06
6333,6333.T,ＴＥＩＫＯＫＵ,2022-06,CONTINUE,4,60.6,60.65,True,False,0.05,2022-03,1574.0,1595.0,1595.0,1.33,1440.12,1427.33,,True,True,,,True,True,,70557.0,,,,1.52,3.32,1.15,False,1,True,,,,False,,tv_wilder_rsi14_sma5_v1,60.65,60.6,False,True,0.05
6952,6952.T,カシオ計算機,2022-06,NEW,1,37.82,37.87,False,True,0.05,2022-06,1259.0,1259.0,1259.0,0.0,1239.36,1297.41,1456.96,True,False,False,False,False,False,False,1406707.0,,,,0.68,2.33,0.83,True,4,True,,,,False,,tv_wilder_rsi14_sma5_v1,37.87,37.82,True,False,0.05
4901,4901.T,富士フイルムホールディングス,2022-06,NEW,1,52.68,52.72,False,True,0.04,2022-06,2426.0,2426.0,2426.0,0.0,2375.19,2399.77,2684.71,True,True,False,False,True,False,False,4072340.0,,,,1.11,2.19,0.91,True,4,False,,,,False,,tv_wilder_rsi14_sma5_v1,52.72,52.68,True,False,0.04
6430,6430.T,ダイコク電機,2022-06,NEW,1,53.14,53.18,True,True,0.04,2022-06,1237.0,1237.0,1237.0,0.0,1205.04,1219.67,1223.55,True,True,True,False,True,False,True,26380.0,,,,1.31,2.14,1.09,False,1,True,,,,False,,tv_wilder_rsi14_sma5_v1,53.18,53.14,True,True,0.04
