code,ticker,name,signal_month,status,months_active,rsi14,rsi5,rsi14_up,rsi5_up,diff,gc_month,gc_price,signal_month_close,period_price,return_since_gc_pct,sma25,sma75,sma200,price_above_sma25,price_above_sma75,price_above_sma200,perfect_order,sma25_up,sma75_up,sma200_up,avg_volume30,high52_price,high52_distance_pct,high52_breakout,volume_ratio_5_30,atr14_pct,atr_ratio_10_20,vcp_tight,stage,supertrend_up,rsr_score,rsr_momentum,mvp_signal,cosmos_focus,cosmos_focus_type,sector,industry,quote_type,exit_month,exit_price,return_at_exit_pct,per,forward_per,pbr,book_value,forward_annual_dividend,trailing_annual_dividend,dividend_change_pct,dividend_yield_pct,payout_ratio_pct,roe_pct,roa_pct,profit_margin_pct,operating_margin_pct,revenue_growth_pct,earnings_growth_pct,current_ratio,quick_ratio,debt_to_equity_pct,equity_ratio_pct,market_cap_oku,enterprise_value_oku,operating_cashflow_oku,free_cashflow_oku,total_cash_oku,total_debt_oku,ebitda_oku,beta,shares_outstanding_million,data_completeness_pct,next_earnings_date,earnings_date_start,earnings_date_end,ex_dividend_date,last_dividend_date,signal_version,monthly_rsi14,monthly_rsi_ma5,monthly_rsi14_up,monthly_rsi_ma5_up,monthly_rsi_spread
1379,1379.T,ホクト,2023-07,OUT,1,42.41,44.5,False,True,2.1,2023-07,1862.0,1862.0,1862.0,0.0,,,,,,,,,,,,,,,,,,,,,,,,,,,,,2023-08,1829.0,-1.77,,,,,,,,,,,,,,,,,,,,,,,,,,,,,,,,,,,tv_wilder_rsi14_sma5_v1,44.5,42.41,True,False,2.1
1418,1418.T,インターライフホールディングス,2023-07,OUT,7,54.82,55.95,True,True,1.13,2023-01,167.0,208.0,208.0,24.55,,,,,,,,,,,,,,,,,,,,,,,,,,,,,2023-08,202.0,20.96,,,,,,,,,,,,,,,,,,,,,,,,,,,,,,,,,,,tv_wilder_rsi14_sma5_v1,55.95,54.82,True,True,1.13
1716,1716.T,第一カッター興業,2023-07,OUT,5,54.98,62.08,True,True,7.1,2023-03,1175.0,1440.0,1440.0,22.55,,,,,,,,,,,,,,,,,,,,,,,,,,,,,2023-08,1291.0,9.87,,,,,,,,,,,,,,,,,,,,,,,,,,,,,,,,,,,tv_wilder_rsi14_sma5_v1,62.08,54.98,True,True,7.1
1717,1717.T,明豊ファシリティワークス,2023-07,OUT,1,54.61,55.28,False,True,0.67,2023-07,773.0,773.0,773.0,0.0,,,,,,,,,,,,,,,,,,,,,,,,,,,,,2023-08,748.0,-3.23,,,,,,,,,,,,,,,,,,,,,,,,,,,,,,,,,,,tv_wilder_rsi14_sma5_v1,55.28,54.61,True,False,0.67
1718,1718.T,美樹工業,2023-07,OUT,6,61.28,71.69,True,True,10.4,2023-02,3930.0,4740.0,4740.0,20.61,,,,,,,,,,,,,,,,,,,,,,,,,,,,,2023-08,4380.0,11.45,,,,,,,,,,,,,,,,,,,,,,,,,,,,,,,,,,,tv_wilder_rsi14_sma5_v1,71.69,61.28,True,True,10.4
1793,1793.T,大本組,2023-07,OUT,3,57.96,58.47,True,False,0.51,2023-05,1185.0,1226.67,1226.67,3.52,,,,,,,,,,,,,,,,,,,,,,,,,,,,,2023-08,1200.0,1.27,,,,,,,,,,,,,,,,,,,,,,,,,,,,,,,,,,,tv_wilder_rsi14_sma5_v1,58.47,57.96,False,True,0.51
1801,1801.T,大成建設,2023-07,OUT,2,60.5,68.53,True,True,8.03,2023-06,5021.0,5386.0,5386.0,7.27,,,,,,,,,,,,,,,,,,,,,,,,,,,,,2023-08,4903.0,-2.35,,,,,,,,,,,,,,,,,,,,,,,,,,,,,,,,,,,tv_wilder_rsi14_sma5_v1,68.53,60.5,True,True,8.03
1807,1807.T,佐藤渡辺,2023-07,OUT,6,47.1,49.91,True,False,2.81,2023-02,1219.5,1288.0,1288.0,5.62,,,,,,,,,,,,,,,,,,,,,,,,,,,,,2023-08,1240.5,1.72,,,,,,,,,,,,,,,,,,,,,,,,,,,,,,,,,,,tv_wilder_rsi14_sma5_v1,49.91,47.1,False,True,2.81
1813,1813.T,不動テトラ,2023-07,OUT,7,58.83,63.58,True,True,4.75,2023-01,1540.0,1890.0,1890.0,22.73,,,,,,,,,,,,,,,,,,,,,,,,,,,,,2023-08,1828.0,18.7,,,,,,,,,,,,,,,,,,,,,,,,,,,,,,,,,,,tv_wilder_rsi14_sma5_v1,63.58,58.83,True,True,4.75
1827,1827.T,ナカノフドー建設,2023-07,OUT,2,56.96,58.01,True,True,1.05,2023-06,389.0,399.0,399.0,2.57,,,,,,,,,,,,,,,,,,,,,,,,,,,,,2023-08,386.0,-0.77,,,,,,,,,,,,,,,,,,,,,,,,,,,,,,,,,,,tv_wilder_rsi14_sma5_v1,58.01,56.96,True,True,1.05
1844,1844.T,大盛工業,2023-07,OUT,7,51.55,51.64,True,False,0.1,2023-01,181.0,194.0,194.0,7.18,,,,,,,,,,,,,,,,,,,,,,,,,,,,,2023-08,195.0,7.73,,,,,,,,,,,,,,,,,,,,,,,,,,,,,,,,,,,tv_wilder_rsi14_sma5_v1,51.64,51.55,False,True,0.1
1870,1870.T,矢作建設工業,2023-07,OUT,8,70.19,82.39,True,True,12.2,2022-12,754.0,1340.0,1340.0,77.72,,,,,,,,,,,,,,,,,,,,,,,,,,,,,2023-08,1253.0,66.18,,,,,,,,,,,,,,,,,,,,,,,,,,,,,,,,,,,tv_wilder_rsi14_sma5_v1,82.39,70.19,True,True,12.2
1879,1879.T,新日本建設,2023-07,OUT,10,73.16,79.08,True,False,5.92,2022-10,724.0,1267.0,1267.0,75.0,,,,,,,,,,,,,,,,,,,,,,,,,,,,,2023-08,1232.0,70.17,,,,,,,,,,,,,,,,,,,,,,,,,,,,,,,,,,,tv_wilder_rsi14_sma5_v1,79.08,73.16,False,True,5.92
1897,1897.T,金下建設,2023-07,OUT,4,29.84,31.23,True,True,1.39,2023-04,2800.0,2786.0,2786.0,-0.5,,,,,,,,,,,,,,,,,,,,,,,,,,,,,2023-08,2772.0,-1.0,,,,,,,,,,,,,,,,,,,,,,,,,,,,,,,,,,,tv_wilder_rsi14_sma5_v1,31.23,29.84,True,True,1.39
1899,1899.T,福田組,2023-07,OUT,2,51.02,54.8,True,True,3.78,2023-06,2435.0,2492.5,2492.5,2.36,,,,,,,,,,,,,,,,,,,,,,,,,,,,,2023-08,2355.0,-3.29,,,,,,,,,,,,,,,,,,,,,,,,,,,,,,,,,,,tv_wilder_rsi14_sma5_v1,54.8,51.02,True,True,3.78
1929,1929.T,日特建設,2023-07,OUT,2,71.85,77.49,True,True,5.64,2023-06,1030.0,1146.0,1146.0,11.26,,,,,,,,,,,,,,,,,,,,,,,,,,,,,2023-08,1079.0,4.76,,,,,,,,,,,,,,,,,,,,,,,,,,,,,,,,,,,tv_wilder_rsi14_sma5_v1,77.49,71.85,True,True,5.64
1938,1938.T,日本リーテック,2023-07,OUT,8,51.14,55.55,True,True,4.41,2022-12,844.0,1423.0,1423.0,68.6,,,,,,,,,,,,,,,,,,,,,,,,,,,,,2023-08,1265.0,49.88,,,,,,,,,,,,,,,,,,,,,,,,,,,,,,,,,,,tv_wilder_rsi14_sma5_v1,55.55,51.14,True,True,4.41
1960,1960.T,サンテック,2023-07,OUT,4,47.78,50.09,True,False,2.32,2023-04,629.0,658.0,658.0,4.61,,,,,,,,,,,,,,,,,,,,,,,,,,,,,2023-08,650.0,3.34,,,,,,,,,,,,,,,,,,,,,,,,,,,,,,,,,,,tv_wilder_rsi14_sma5_v1,50.09,47.78,False,True,2.32
1968,1968.T,太平電業,2023-07,OUT,2,74.75,76.84,True,True,2.09,2023-06,1416.67,1481.67,1481.67,4.59,,,,,,,,,,,,,,,,,,,,,,,,,,,,,2023-08,1303.33,-8.0,,,,,,,,,,,,,,,,,,,,,,,,,,,,,,,,,,,tv_wilder_rsi14_sma5_v1,76.84,74.75,True,True,2.09
1972,1972.T,三晃金属工業,2023-07,OUT,10,78.9,82.95,True,True,4.05,2022-10,577.2,914.0,914.0,58.35,,,,,,,,,,,,,,,,,,,,,,,,,,,,,2023-08,838.0,45.18,,,,,,,,,,,,,,,,,,,,,,,,,,,,,,,,,,,tv_wilder_rsi14_sma5_v1,82.95,78.9,True,True,4.05
1975,1975.T,朝日工業社,2023-07,OUT,2,67.75,68.58,True,True,0.83,2023-06,1218.5,1228.0,1228.0,0.78,,,,,,,,,,,,,,,,,,,,,,,,,,,,,2023-08,1177.5,-3.36,,,,,,,,,,,,,,,,,,,,,,,,,,,,,,,,,,,tv_wilder_rsi14_sma5_v1,68.58,67.75,True,True,0.83
1976,1976.T,明星工業,2023-07,OUT,4,63.7,67.49,True,False,3.79,2023-04,936.0,981.0,981.0,4.81,,,,,,,,,,,,,,,,,,,,,,,,,,,,,2023-08,959.0,2.46,,,,,,,,,,,,,,,,,,,,,,,,,,,,,,,,,,,tv_wilder_rsi14_sma5_v1,67.49,63.7,False,True,3.79
1982,1982.T,日比谷総合設備,2023-07,OUT,10,66.42,67.08,True,True,0.67,2022-10,952.5,1125.5,1125.5,18.16,,,,,,,,,,,,,,,,,,,,,,,,,,,,,2023-08,1118.0,17.38,,,,,,,,,,,,,,,,,,,,,,,,,,,,,,,,,,,tv_wilder_rsi14_sma5_v1,67.08,66.42,True,True,0.67
208A,208A.T,構造計画研究所ホールディングス,2023-07,OUT,7,66.75,72.56,True,True,5.81,2023-01,1432.5,1722.5,1722.5,20.24,,,,,,,,,,,,,,,,,,,,,,,,,,,,,2023-08,1645.0,14.83,,,,,,,,,,,,,,,,,,,,,,,,,,,,,,,,,,,tv_wilder_rsi14_sma5_v1,72.56,66.75,True,True,5.81
2120,2120.T,ＬＩＦＵＬＬ,2023-07,OUT,4,47.43,55.11,True,True,7.69,2023-04,220.0,306.0,306.0,39.09,,,,,,,,,,,,,,,,,,,,,,,,,,,,,2023-08,246.0,11.82,,,,,,,,,,,,,,,,,,,,,,,,,,,,,,,,,,,tv_wilder_rsi14_sma5_v1,55.11,47.43,True,True,7.69
2130,2130.T,メンバーズ,2023-07,OUT,3,38.95,42.59,True,False,3.64,2023-05,1450.0,1654.0,1654.0,14.07,,,,,,,,,,,,,,,,,,,,,,,,,,,,,2023-08,1281.0,-11.66,,,,,,,,,,,,,,,,,,,,,,,,,,,,,,,,,,,tv_wilder_rsi14_sma5_v1,42.59,38.95,False,True,3.64
2136,2136.T,ヒップ,2023-07,OUT,10,71.44,74.2,True,False,2.76,2022-10,728.0,1130.0,1130.0,55.22,,,,,,,,,,,,,,,,,,,,,,,,,,,,,2023-08,1098.0,50.82,,,,,,,,,,,,,,,,,,,,,,,,,,,,,,,,,,,tv_wilder_rsi14_sma5_v1,74.2,71.44,False,True,2.76
2146,2146.T,ＵＴグループ,2023-07,OUT,4,49.3,50.92,True,False,1.61,2023-04,172.33,191.13,191.13,10.91,,,,,,,,,,,,,,,,,,,,,,,,,,,,,2023-08,161.8,-6.11,,,,,,,,,,,,,,,,,,,,,,,,,,,,,,,,,,,tv_wilder_rsi14_sma5_v1,50.92,49.3,False,True,1.61
2148,2148.T,アイティメディア,2023-07,OUT,2,42.01,43.57,True,True,1.57,2023-06,1331.0,1375.0,1375.0,3.31,,,,,,,,,,,,,,,,,,,,,,,,,,,,,2023-08,1135.0,-14.73,,,,,,,,,,,,,,,,,,,,,,,,,,,,,,,,,,,tv_wilder_rsi14_sma5_v1,43.57,42.01,True,True,1.57
2152,2152.T,幼児活動研究会,2023-07,OUT,1,56.28,58.59,True,True,2.31,2023-07,1302.0,1302.0,1302.0,0.0,,,,,,,,,,,,,,,,,,,,,,,,,,,,,2023-08,1224.0,-5.99,,,,,,,,,,,,,,,,,,,,,,,,,,,,,,,,,,,tv_wilder_rsi14_sma5_v1,58.59,56.28,True,True,2.31
2154,2154.T,オープンアップグループ,2023-07,OUT,2,61.56,65.4,True,True,3.85,2023-06,2097.0,2226.0,2226.0,6.15,,,,,,,,,,,,,,,,,,,,,,,,,,,,,2023-08,2010.0,-4.15,,,,,,,,,,,,,,,,,,,,,,,,,,,,,,,,,,,tv_wilder_rsi14_sma5_v1,65.4,61.56,True,True,3.85
2158,2158.T,ＦＲＯＮＴＥＯ,2023-07,OUT,2,43.34,44.03,True,False,0.69,2023-06,789.0,724.0,724.0,-8.24,,,,,,,,,,,,,,,,,,,,,,,,,,,,,2023-08,660.0,-16.35,,,,,,,,,,,,,,,,,,,,,,,,,,,,,,,,,,,tv_wilder_rsi14_sma5_v1,44.03,43.34,False,True,0.69
2163,2163.T,アルトナー,2023-07,OUT,6,80.14,85.49,True,True,5.35,2023-02,546.0,914.0,914.0,67.4,,,,,,,,,,,,,,,,,,,,,,,,,,,,,2023-08,843.5,54.49,,,,,,,,,,,,,,,,,,,,,,,,,,,,,,,,,,,tv_wilder_rsi14_sma5_v1,85.49,80.14,True,True,5.35
2175,2175.T,エス・エム・エス,2023-07,OUT,1,46.87,47.01,False,True,0.14,2023-07,3012.0,3012.0,3012.0,0.0,,,,,,,,,,,,,,,,,,,,,,,,,,,,,2023-08,2810.0,-6.71,,,,,,,,,,,,,,,,,,,,,,,,,,,,,,,,,,,tv_wilder_rsi14_sma5_v1,47.01,46.87,True,False,0.14
2179,2179.T,成学社,2023-07,OUT,2,39.53,42.07,False,True,2.54,2023-06,710.0,715.0,715.0,0.7,,,,,,,,,,,,,,,,,,,,,,,,,,,,,2023-08,705.0,-0.7,,,,,,,,,,,,,,,,,,,,,,,,,,,,,,,,,,,tv_wilder_rsi14_sma5_v1,42.07,39.53,True,False,2.54
2181,2181.T,パーソルホールディングス,2023-07,OUT,1,51.73,54.18,True,True,2.45,2023-07,280.8,280.8,280.8,0.0,,,,,,,,,,,,,,,,,,,,,,,,,,,,,2023-08,249.5,-11.15,,,,,,,,,,,,,,,,,,,,,,,,,,,,,,,,,,,tv_wilder_rsi14_sma5_v1,54.18,51.73,True,True,2.45
2183,2183.T,リニカル,2023-07,OUT,3,47.74,49.95,True,False,2.21,2023-05,800.0,790.0,790.0,-1.25,,,,,,,,,,,,,,,,,,,,,,,,,,,,,2023-08,714.0,-10.75,,,,,,,,,,,,,,,,,,,,,,,,,,,,,,,,,,,tv_wilder_rsi14_sma5_v1,49.95,47.74,False,True,2.21
2185,2185.T,シイエム・シイ,2023-07,OUT,8,61.8,64.57,True,False,2.77,2022-12,1220.0,1496.0,1496.0,22.62,,,,,,,,,,,,,,,,,,,,,,,,,,,,,2023-08,1330.0,9.02,,,,,,,,,,,,,,,,,,,,,,,,,,,,,,,,,,,tv_wilder_rsi14_sma5_v1,64.57,61.8,False,True,2.77
2291,2291.T,福留ハム,2023-07,OUT,1,29.9,30.12,False,True,0.22,2023-07,1476.0,1476.0,1476.0,0.0,,,,,,,,,,,,,,,,,,,,,,,,,,,,,2023-08,1471.0,-0.34,,,,,,,,,,,,,,,,,,,,,,,,,,,,,,,,,,,tv_wilder_rsi14_sma5_v1,30.12,29.9,True,False,0.22
2301,2301.T,学情,2023-07,OUT,5,65.31,69.48,True,True,4.18,2023-03,1645.0,1949.0,1949.0,18.48,,,,,,,,,,,,,,,,,,,,,,,,,,,,,2023-08,1864.0,13.31,,,,,,,,,,,,,,,,,,,,,,,,,,,,,,,,,,,tv_wilder_rsi14_sma5_v1,69.48,65.31,True,True,4.18
2304,2304.T,ＣＳＳホールディングス,2023-07,OUT,15,80.11,88.04,True,False,7.93,2022-05,254.0,999.0,999.0,293.31,,,,,,,,,,,,,,,,,,,,,,,,,,,,,2023-08,841.0,231.1,,,,,,,,,,,,,,,,,,,,,,,,,,,,,,,,,,,tv_wilder_rsi14_sma5_v1,88.04,80.11,False,True,7.93
2326,2326.T,デジタルアーツ,2023-07,OUT,3,40.5,42.46,True,False,1.96,2023-05,5660.0,5620.0,5620.0,-0.71,,,,,,,,,,,,,,,,,,,,,,,,,,,,,2023-08,4825.0,-14.75,,,,,,,,,,,,,,,,,,,,,,,,,,,,,,,,,,,tv_wilder_rsi14_sma5_v1,42.46,40.5,False,True,1.96
2335,2335.T,キューブシステム,2023-07,OUT,10,59.43,60.32,True,False,0.89,2022-10,1000.0,1209.0,1209.0,20.9,,,,,,,,,,,,,,,,,,,,,,,,,,,,,2023-08,1162.0,16.2,,,,,,,,,,,,,,,,,,,,,,,,,,,,,,,,,,,tv_wilder_rsi14_sma5_v1,60.32,59.43,False,True,0.89
2351,2351.T,ＡＳＪ,2023-07,OUT,4,40.61,40.72,True,False,0.11,2023-04,502.0,485.0,485.0,-3.39,,,,,,,,,,,,,,,,,,,,,,,,,,,,,2023-08,489.0,-2.59,,,,,,,,,,,,,,,,,,,,,,,,,,,,,,,,,,,tv_wilder_rsi14_sma5_v1,40.72,40.61,False,True,0.11
2371,2371.T,カカクコム,2023-07,OUT,3,39.93,43.53,True,True,3.6,2023-05,2027.0,2123.0,2123.0,4.74,,,,,,,,,,,,,,,,,,,,,,,,,,,,,2023-08,1735.0,-14.41,,,,,,,,,,,,,,,,,,,,,,,,,,,,,,,,,,,tv_wilder_rsi14_sma5_v1,43.53,39.93,True,True,3.6
2384,2384.T,ＳＢＳホールディングス,2023-07,OUT,1,56.03,57.76,True,True,1.73,2023-07,3370.0,3370.0,3370.0,0.0,,,,,,,,,,,,,,,,,,,,,,,,,,,,,2023-08,3060.0,-9.2,,,,,,,,,,,,,,,,,,,,,,,,,,,,,,,,,,,tv_wilder_rsi14_sma5_v1,57.76,56.03,True,True,1.73
2385,2385.T,総医研ホールディングス,2023-07,OUT,4,39.68,40.92,True,False,1.25,2023-04,275.0,281.0,281.0,2.18,,,,,,,,,,,,,,,,,,,,,,,,,,,,,2023-08,239.0,-13.09,,,,,,,,,,,,,,,,,,,,,,,,,,,,,,,,,,,tv_wilder_rsi14_sma5_v1,40.92,39.68,False,True,1.25
2391,2391.T,プラネット,2023-07,OUT,10,39.22,43.53,True,False,4.31,2022-10,1190.0,1285.0,1285.0,7.98,,,,,,,,,,,,,,,,,,,,,,,,,,,,,2023-08,1240.0,4.2,,,,,,,,,,,,,,,,,,,,,,,,,,,,,,,,,,,tv_wilder_rsi14_sma5_v1,43.53,39.22,False,True,4.31
2413,2413.T,エムスリー,2023-07,OUT,1,36.84,38.01,True,True,1.17,2023-07,3263.0,3263.0,3263.0,0.0,,,,,,,,,,,,,,,,,,,,,,,,,,,,,2023-08,2903.5,-11.02,,,,,,,,,,,,,,,,,,,,,,,,,,,,,,,,,,,tv_wilder_rsi14_sma5_v1,38.01,36.84,True,True,1.17
2433,2433.T,博報堂ＤＹホールディングス,2023-07,OUT,1,52.16,55.12,True,True,2.96,2023-07,1633.0,1633.0,1633.0,0.0,,,,,,,,,,,,,,,,,,,,,,,,,,,,,2023-08,1383.5,-15.28,,,,,,,,,,,,,,,,,,,,,,,,,,,,,,,,,,,tv_wilder_rsi14_sma5_v1,55.12,52.16,True,True,2.96
2440,2440.T,ぐるなび,2023-07,OUT,4,39.31,42.83,True,True,3.52,2023-04,359.0,383.0,383.0,6.69,,,,,,,,,,,,,,,,,,,,,,,,,,,,,2023-08,333.0,-7.24,,,,,,,,,,,,,,,,,,,,,,,,,,,,,,,,,,,tv_wilder_rsi14_sma5_v1,42.83,39.31,True,True,3.52
2449,2449.T,プラップジャパン,2023-07,OUT,7,46.72,59.57,True,True,12.85,2023-01,965.0,1247.0,1247.0,29.22,,,,,,,,,,,,,,,,,,,,,,,,,,,,,2023-08,1070.0,10.88,,,,,,,,,,,,,,,,,,,,,,,,,,,,,,,,,,,tv_wilder_rsi14_sma5_v1,59.57,46.72,True,True,12.85
2461,2461.T,ファンコミュニケーションズ,2023-07,OUT,1,45.03,46.96,True,True,1.93,2023-07,409.0,409.0,409.0,0.0,,,,,,,,,,,,,,,,,,,,,,,,,,,,,2023-08,394.0,-3.67,,,,,,,,,,,,,,,,,,,,,,,,,,,,,,,,,,,tv_wilder_rsi14_sma5_v1,46.96,45.03,True,True,1.93
2479,2479.T,ジェイテック,2023-07,OUT,1,61.29,65.34,False,True,4.04,2023-07,335.0,335.0,335.0,0.0,,,,,,,,,,,,,,,,,,,,,,,,,,,,,2023-08,261.0,-22.09,,,,,,,,,,,,,,,,,,,,,,,,,,,,,,,,,,,tv_wilder_rsi14_sma5_v1,65.34,61.29,True,False,4.04
2481,2481.T,タウンニュース社,2023-07,OUT,4,74.7,74.93,True,False,0.23,2023-04,609.0,667.0,667.0,9.52,,,,,,,,,,,,,,,,,,,,,,,,,,,,,2023-08,580.0,-4.76,,,,,,,,,,,,,,,,,,,,,,,,,,,,,,,,,,,tv_wilder_rsi14_sma5_v1,74.93,74.7,False,True,0.23
2498,2498.T,オリエンタルコンサルタンツホールディングス,2023-07,OUT,3,55.13,61.7,True,True,6.57,2023-05,1447.5,1567.5,1567.5,8.29,,,,,,,,,,,,,,,,,,,,,,,,,,,,,2023-08,1292.5,-10.71,,,,,,,,,,,,,,,,,,,,,,,,,,,,,,,,,,,tv_wilder_rsi14_sma5_v1,61.7,55.13,True,True,6.57
255A,255A.T,ジーエルテクノホールディングス,2023-07,OUT,3,50.43,52.27,True,True,1.83,2023-05,2430.0,2440.0,2440.0,0.41,,,,,,,,,,,,,,,,,,,,,,,,,,,,,2023-08,2303.0,-5.23,,,,,,,,,,,,,,,,,,,,,,,,,,,,,,,,,,,tv_wilder_rsi14_sma5_v1,52.27,50.43,True,True,1.83
2586,2586.T,フルッタフルッタ,2023-07,OUT,4,38.17,39.58,True,False,1.41,2023-04,76.0,80.0,80.0,5.26,,,,,,,,,,,,,,,,,,,,,,,,,,,,,2023-08,75.0,-1.32,,,,,,,,,,,,,,,,,,,,,,,,,,,,,,,,,,,tv_wilder_rsi14_sma5_v1,39.58,38.17,False,True,1.41
2656,2656.T,ベクターホールディングス,2023-07,OUT,3,49.7,52.91,True,True,3.21,2023-05,348.0,327.0,327.0,-6.03,,,,,,,,,,,,,,,,,,,,,,,,,,,,,2023-08,295.0,-15.23,,,,,,,,,,,,,,,,,,,,,,,,,,,,,,,,,,,tv_wilder_rsi14_sma5_v1,52.91,49.7,True,True,3.21
2667,2667.T,イメージ　ワン,2023-07,OUT,2,50.0,50.08,False,False,0.07,2023-06,766.0,697.0,697.0,-9.01,,,,,,,,,,,,,,,,,,,,,,,,,,,,,2023-08,626.0,-18.28,,,,,,,,,,,,,,,,,,,,,,,,,,,,,,,,,,,tv_wilder_rsi14_sma5_v1,50.08,50.0,False,False,0.07
2683,2683.T,魚喜,2023-07,OUT,9,51.46,52.65,True,True,1.19,2022-11,1116.0,1179.0,1179.0,5.65,,,,,,,,,,,,,,,,,,,,,,,,,,,,,2023-08,1113.0,-0.27,,,,,,,,,,,,,,,,,,,,,,,,,,,,,,,,,,,tv_wilder_rsi14_sma5_v1,52.65,51.46,True,True,1.19
2685,2685.T,アンドエスティＨＤ,2023-07,OUT,8,64.55,65.06,True,False,0.51,2022-12,2345.0,2896.0,2896.0,23.5,,,,,,,,,,,,,,,,,,,,,,,,,,,,,2023-08,2914.0,24.26,,,,,,,,,,,,,,,,,,,,,,,,,,,,,,,,,,,tv_wilder_rsi14_sma5_v1,65.06,64.55,False,True,0.51
2693,2693.T,ＹＫＴ,2023-07,OUT,2,48.8,50.54,True,False,1.74,2023-06,314.0,308.0,308.0,-1.91,,,,,,,,,,,,,,,,,,,,,,,,,,,,,2023-08,298.0,-5.1,,,,,,,,,,,,,,,,,,,,,,,,,,,,,,,,,,,tv_wilder_rsi14_sma5_v1,50.54,48.8,False,True,1.74
2736,2736.T,フェスタリアホールディングス,2023-07,OUT,8,54.11,56.02,True,True,1.91,2022-12,485.0,522.33,522.33,7.7,,,,,,,,,,,,,,,,,,,,,,,,,,,,,2023-08,493.0,1.65,,,,,,,,,,,,,,,,,,,,,,,,,,,,,,,,,,,tv_wilder_rsi14_sma5_v1,56.02,54.11,True,True,1.91
2750,2750.T,石光商事,2023-07,OUT,1,60.99,61.51,False,False,0.52,2023-07,735.0,735.0,735.0,0.0,,,,,,,,,,,,,,,,,,,,,,,,,,,,,2023-08,719.0,-2.18,,,,,,,,,,,,,,,,,,,,,,,,,,,,,,,,,,,tv_wilder_rsi14_sma5_v1,61.51,60.99,False,False,0.52
2760,2760.T,東京エレクトロン　デバイス,2023-07,OUT,3,69.74,70.38,True,False,0.64,2023-05,3350.0,3406.67,3406.67,1.69,,,,,,,,,,,,,,,,,,,,,,,,,,,,,2023-08,3343.33,-0.2,,,,,,,,,,,,,,,,,,,,,,,,,,,,,,,,,,,tv_wilder_rsi14_sma5_v1,70.38,69.74,False,True,0.64
2762,2762.T,ＳＡＮＫＯ　ＭＡＲＫＥＴＩＮＧ　ＦＯＯＤＳ,2023-07,OUT,4,35.32,42.51,True,True,7.18,2023-04,163.0,201.0,201.0,23.31,,,,,,,,,,,,,,,,,,,,,,,,,,,,,2023-08,172.0,5.52,,,,,,,,,,,,,,,,,,,,,,,,,,,,,,,,,,,tv_wilder_rsi14_sma5_v1,42.51,35.32,True,True,7.18
2767,2767.T,円谷フィールズホールディングス,2023-07,OUT,2,84.66,87.4,False,True,2.74,2023-06,2987.0,3045.0,3045.0,1.94,,,,,,,,,,,,,,,,,,,,,,,,,,,,,2023-08,2613.0,-12.52,,,,,,,,,,,,,,,,,,,,,,,,,,,,,,,,,,,tv_wilder_rsi14_sma5_v1,87.4,84.66,True,False,2.74
2768,2768.T,双日,2023-07,OUT,2,76.54,81.05,True,True,4.51,2023-06,3177.0,3375.0,3375.0,6.23,,,,,,,,,,,,,,,,,,,,,,,,,,,,,2023-08,3132.0,-1.42,,,,,,,,,,,,,,,,,,,,,,,,,,,,,,,,,,,tv_wilder_rsi14_sma5_v1,81.05,76.54,True,True,4.51
2810,2810.T,ハウス食品グループ本社,2023-07,OUT,5,51.94,56.47,True,True,4.53,2023-03,2810.0,3285.0,3285.0,16.9,,,,,,,,,,,,,,,,,,,,,,,,,,,,,2023-08,3145.0,11.92,,,,,,,,,,,,,,,,,,,,,,,,,,,,,,,,,,,tv_wilder_rsi14_sma5_v1,56.47,51.94,True,True,4.53
2814,2814.T,佐藤食品工業,2023-07,OUT,6,58.39,59.78,True,True,1.39,2023-02,1623.0,1704.0,1704.0,4.99,,,,,,,,,,,,,,,,,,,,,,,,,,,,,2023-08,1689.0,4.07,,,,,,,,,,,,,,,,,,,,,,,,,,,,,,,,,,,tv_wilder_rsi14_sma5_v1,59.78,58.39,True,True,1.39
2927,2927.T,ＡＦＣ－ＨＤアムスライフサイエンス,2023-07,OUT,2,49.04,53.62,True,True,4.58,2023-06,809.0,862.0,862.0,6.55,,,,,,,,,,,,,,,,,,,,,,,,,,,,,2023-08,796.0,-1.61,,,,,,,,,,,,,,,,,,,,,,,,,,,,,,,,,,,tv_wilder_rsi14_sma5_v1,53.62,49.04,True,True,4.58
2970,2970.T,ＧＬＣ　ＧＲＯＵＰ,2023-07,OUT,1,72.1,74.0,True,True,1.91,2023-07,458.5,458.5,458.5,0.0,,,,,,,,,,,,,,,,,,,,,,,,,,,,,2023-08,390.25,-14.89,,,,,,,,,,,,,,,,,,,,,,,,,,,,,,,,,,,tv_wilder_rsi14_sma5_v1,74.0,72.1,True,True,1.91
2980,2980.T,ＳＲＥホールディングス,2023-07,OUT,3,47.7,48.91,True,False,1.21,2023-05,3535.0,3665.0,3665.0,3.68,,,,,,,,,,,,,,,,,,,,,,,,,,,,,2023-08,3450.0,-2.4,,,,,,,,,,,,,,,,,,,,,,,,,,,,,,,,,,,tv_wilder_rsi14_sma5_v1,48.91,47.7,False,True,1.21
2981,2981.T,ランディックス,2023-07,OUT,9,59.73,63.24,True,False,3.5,2022-11,1185.5,1812.5,1812.5,52.89,,,,,,,,,,,,,,,,,,,,,,,,,,,,,2023-08,1462.5,23.37,,,,,,,,,,,,,,,,,,,,,,,,,,,,,,,,,,,tv_wilder_rsi14_sma5_v1,63.24,59.73,False,True,3.5
3024,3024.T,クリエイト,2023-07,OUT,2,64.4,67.21,False,True,2.81,2023-06,819.0,825.0,825.0,0.73,,,,,,,,,,,,,,,,,,,,,,,,,,,,,2023-08,795.0,-2.93,,,,,,,,,,,,,,,,,,,,,,,,,,,,,,,,,,,tv_wilder_rsi14_sma5_v1,67.21,64.4,True,False,2.81
3035,3035.T,ケイティケイ,2023-07,OUT,9,66.87,76.11,True,True,9.24,2022-11,360.0,687.0,687.0,90.83,,,,,,,,,,,,,,,,,,,,,,,,,,,,,2023-08,562.0,56.11,,,,,,,,,,,,,,,,,,,,,,,,,,,,,,,,,,,tv_wilder_rsi14_sma5_v1,76.11,66.87,True,True,9.24
3040,3040.T,ソリトンシステムズ,2023-07,OUT,3,46.83,49.42,True,False,2.58,2023-05,1153.0,1242.0,1242.0,7.72,,,,,,,,,,,,,,,,,,,,,,,,,,,,,2023-08,1151.0,-0.17,,,,,,,,,,,,,,,,,,,,,,,,,,,,,,,,,,,tv_wilder_rsi14_sma5_v1,49.42,46.83,False,True,2.58
3042,3042.T,セキュアヴェイル,2023-07,OUT,3,44.6,44.68,True,False,0.08,2023-05,282.0,265.0,265.0,-6.03,,,,,,,,,,,,,,,,,,,,,,,,,,,,,2023-08,251.0,-10.99,,,,,,,,,,,,,,,,,,,,,,,,,,,,,,,,,,,tv_wilder_rsi14_sma5_v1,44.68,44.6,False,True,0.08
3045,3045.T,カワサキ,2023-07,OUT,8,60.09,60.59,True,False,0.5,2022-12,1320.0,1414.0,1414.0,7.12,,,,,,,,,,,,,,,,,,,,,,,,,,,,,2023-08,1324.0,0.3,,,,,,,,,,,,,,,,,,,,,,,,,,,,,,,,,,,tv_wilder_rsi14_sma5_v1,60.59,60.09,False,True,0.5
3054,3054.T,ハイパー,2023-07,OUT,2,42.31,44.32,True,True,2.02,2023-06,445.0,452.0,452.0,1.57,,,,,,,,,,,,,,,,,,,,,,,,,,,,,2023-08,360.0,-19.1,,,,,,,,,,,,,,,,,,,,,,,,,,,,,,,,,,,tv_wilder_rsi14_sma5_v1,44.32,42.31,True,True,2.02
3065,3065.T,ライフフーズ,2023-07,OUT,5,52.32,59.06,True,True,6.74,2023-03,1667.0,1741.0,1741.0,4.44,,,,,,,,,,,,,,,,,,,,,,,,,,,,,2023-08,1679.0,0.72,,,,,,,,,,,,,,,,,,,,,,,,,,,,,,,,,,,tv_wilder_rsi14_sma5_v1,59.06,52.32,True,True,6.74
3071,3071.T,ストリーム,2023-07,OUT,1,47.12,47.18,True,True,0.07,2023-07,115.0,115.0,115.0,0.0,,,,,,,,,,,,,,,,,,,,,,,,,,,,,2023-08,114.0,-0.87,,,,,,,,,,,,,,,,,,,,,,,,,,,,,,,,,,,tv_wilder_rsi14_sma5_v1,47.18,47.12,True,True,0.07
3077,3077.T,ホリイフードサービス,2023-07,OUT,2,45.33,47.6,False,True,2.27,2023-06,481.0,483.0,483.0,0.42,,,,,,,,,,,,,,,,,,,,,,,,,,,,,2023-08,473.0,-1.66,,,,,,,,,,,,,,,,,,,,,,,,,,,,,,,,,,,tv_wilder_rsi14_sma5_v1,47.6,45.33,True,False,2.27
3103,3103.T,ユニチカ,2023-07,OUT,2,37.65,40.14,True,False,2.49,2023-06,234.0,234.0,234.0,0.0,,,,,,,,,,,,,,,,,,,,,,,,,,,,,2023-08,215.0,-8.12,,,,,,,,,,,,,,,,,,,,,,,,,,,,,,,,,,,tv_wilder_rsi14_sma5_v1,40.14,37.65,False,True,2.49
3105,3105.T,日清紡ホールディングス,2023-07,OUT,6,60.21,68.15,True,True,7.94,2023-02,1010.0,1221.0,1221.0,20.89,,,,,,,,,,,,,,,,,,,,,,,,,,,,,2023-08,1083.0,7.23,,,,,,,,,,,,,,,,,,,,,,,,,,,,,,,,,,,tv_wilder_rsi14_sma5_v1,68.15,60.21,True,True,7.94
3135,3135.T,マーケットエンタープライズ,2023-07,OUT,7,56.2,58.06,True,False,1.86,2023-01,1005.0,1512.0,1512.0,50.45,,,,,,,,,,,,,,,,,,,,,,,,,,,,,2023-08,1225.0,21.89,,,,,,,,,,,,,,,,,,,,,,,,,,,,,,,,,,,tv_wilder_rsi14_sma5_v1,58.06,56.2,False,True,1.86
3150,3150.T,グリムス,2023-07,OUT,3,59.61,60.32,True,False,0.72,2023-05,2646.0,2742.0,2742.0,3.63,,,,,,,,,,,,,,,,,,,,,,,,,,,,,2023-08,2484.0,-6.12,,,,,,,,,,,,,,,,,,,,,,,,,,,,,,,,,,,tv_wilder_rsi14_sma5_v1,60.32,59.61,False,True,0.72
3172,3172.T,ティーライフ,2023-07,OUT,6,54.63,54.85,True,False,0.23,2023-02,1283.0,1435.0,1435.0,11.85,,,,,,,,,,,,,,,,,,,,,,,,,,,,,2023-08,1405.0,9.51,,,,,,,,,,,,,,,,,,,,,,,,,,,,,,,,,,,tv_wilder_rsi14_sma5_v1,54.85,54.63,False,True,0.23
3174,3174.T,ハピネス・アンド・ディ,2023-07,OUT,4,50.7,51.19,True,True,0.49,2023-04,933.0,927.0,927.0,-0.64,,,,,,,,,,,,,,,,,,,,,,,,,,,,,2023-08,908.0,-2.68,,,,,,,,,,,,,,,,,,,,,,,,,,,,,,,,,,,tv_wilder_rsi14_sma5_v1,51.19,50.7,True,True,0.49
3176,3176.T,三洋貿易,2023-07,OUT,13,65.72,66.59,True,False,0.87,2022-07,504.5,681.5,681.5,35.08,,,,,,,,,,,,,,,,,,,,,,,,,,,,,2023-08,672.0,33.2,,,,,,,,,,,,,,,,,,,,,,,,,,,,,,,,,,,tv_wilder_rsi14_sma5_v1,66.59,65.72,False,True,0.87
3196,3196.T,ホットランドホールディングス,2023-07,OUT,5,65.35,67.83,True,True,2.47,2023-03,1473.0,1703.0,1703.0,15.61,,,,,,,,,,,,,,,,,,,,,,,,,,,,,2023-08,1686.0,14.46,,,,,,,,,,,,,,,,,,,,,,,,,,,,,,,,,,,tv_wilder_rsi14_sma5_v1,67.83,65.35,True,True,2.47
3280,3280.T,エストラスト,2023-07,OUT,10,52.31,56.53,True,False,4.22,2022-10,555.0,655.0,655.0,18.02,,,,,,,,,,,,,,,,,,,,,,,,,,,,,2023-08,627.0,12.97,,,,,,,,,,,,,,,,,,,,,,,,,,,,,,,,,,,tv_wilder_rsi14_sma5_v1,56.53,52.31,False,True,4.22
3288,3288.T,オープンハウスグループ,2023-07,OUT,1,52.45,53.83,True,True,1.38,2023-07,5404.0,5404.0,5404.0,0.0,,,,,,,,,,,,,,,,,,,,,,,,,,,,,2023-08,4926.0,-8.85,,,,,,,,,,,,,,,,,,,,,,,,,,,,,,,,,,,tv_wilder_rsi14_sma5_v1,53.83,52.45,True,True,1.38
3291,3291.T,飯田グループホールディングス,2023-07,OUT,7,53.75,56.95,True,True,3.2,2023-01,2160.0,2494.5,2494.5,15.49,,,,,,,,,,,,,,,,,,,,,,,,,,,,,2023-08,2387.5,10.53,,,,,,,,,,,,,,,,,,,,,,,,,,,,,,,,,,,tv_wilder_rsi14_sma5_v1,56.95,53.75,True,True,3.2
3300,3300.T,アンビション　ＤＸ　ホールディングス,2023-07,OUT,13,63.97,70.06,True,True,6.09,2022-07,533.0,947.0,947.0,77.67,,,,,,,,,,,,,,,,,,,,,,,,,,,,,2023-08,834.0,56.47,,,,,,,,,,,,,,,,,,,,,,,,,,,,,,,,,,,tv_wilder_rsi14_sma5_v1,70.06,63.97,True,True,6.09
3326,3326.T,ランシステム,2023-07,OUT,4,42.23,42.86,True,True,0.63,2023-04,367.0,362.0,362.0,-1.36,,,,,,,,,,,,,,,,,,,,,,,,,,,,,2023-08,361.0,-1.63,,,,,,,,,,,,,,,,,,,,,,,,,,,,,,,,,,,tv_wilder_rsi14_sma5_v1,42.86,42.23,True,True,0.63
3355,3355.T,クリヤマホールディングス,2023-07,OUT,2,52.33,55.75,True,True,3.42,2023-06,941.0,951.0,951.0,1.06,,,,,,,,,,,,,,,,,,,,,,,,,,,,,2023-08,864.0,-8.18,,,,,,,,,,,,,,,,,,,,,,,,,,,,,,,,,,,tv_wilder_rsi14_sma5_v1,55.75,52.33,True,True,3.42
3359,3359.T,ｃｏｔｔａ,2023-07,OUT,6,54.11,56.19,True,True,2.07,2023-02,382.0,590.0,590.0,54.45,,,,,,,,,,,,,,,,,,,,,,,,,,,,,2023-08,510.0,33.51,,,,,,,,,,,,,,,,,,,,,,,,,,,,,,,,,,,tv_wilder_rsi14_sma5_v1,56.19,54.11,True,True,2.07
3395,3395.T,サンマルクホールディングス,2023-07,OUT,4,58.88,63.08,True,True,4.2,2023-04,1853.0,1937.0,1937.0,4.53,,,,,,,,,,,,,,,,,,,,,,,,,,,,,2023-08,1892.0,2.1,,,,,,,,,,,,,,,,,,,,,,,,,,,,,,,,,,,tv_wilder_rsi14_sma5_v1,63.08,58.88,True,True,4.2
3396,3396.T,フェリシモ,2023-07,OUT,2,42.87,42.99,True,False,0.11,2023-06,1038.0,1008.0,1008.0,-2.89,,,,,,,,,,,,,,,,,,,,,,,,,,,,,2023-08,999.0,-3.76,,,,,,,,,,,,,,,,,,,,,,,,,,,,,,,,,,,tv_wilder_rsi14_sma5_v1,42.99,42.87,False,True,0.11
3407,3407.T,旭化成,2023-07,OUT,4,43.75,45.22,True,False,1.47,2023-04,957.7,968.4,968.4,1.12,,,,,,,,,,,,,,,,,,,,,,,,,,,,,2023-08,941.8,-1.66,,,,,,,,,,,,,,,,,,,,,,,,,,,,,,,,,,,tv_wilder_rsi14_sma5_v1,45.22,43.75,False,True,1.47
3409,3409.T,北紡,2023-07,OUT,5,45.16,46.7,True,False,1.54,2023-03,117.0,125.0,125.0,6.84,,,,,,,,,,,,,,,,,,,,,,,,,,,,,2023-08,119.0,1.71,,,,,,,,,,,,,,,,,,,,,,,,,,,,,,,,,,,tv_wilder_rsi14_sma5_v1,46.7,45.16,False,True,1.54
3436,3436.T,ＳＵＭＣＯ,2023-07,OUT,3,50.39,52.4,True,True,2.01,2023-05,1991.0,2070.0,2070.0,3.97,,,,,,,,,,,,,,,,,,,,,,,,,,,,,2023-08,1947.0,-2.21,,,,,,,,,,,,,,,,,,,,,,,,,,,,,,,,,,,tv_wilder_rsi14_sma5_v1,52.4,50.39,True,True,2.01
3441,3441.T,山王,2023-07,OUT,4,48.31,49.68,False,False,1.37,2023-04,990.0,1080.0,1080.0,9.09,,,,,,,,,,,,,,,,,,,,,,,,,,,,,2023-08,1028.0,3.84,,,,,,,,,,,,,,,,,,,,,,,,,,,,,,,,,,,tv_wilder_rsi14_sma5_v1,49.68,48.31,False,False,1.37
3457,3457.T,Ａｎｄ　Ｄｏホールディングス,2023-07,OUT,7,55.66,57.01,True,False,1.35,2023-01,835.0,1102.0,1102.0,31.98,,,,,,,,,,,,,,,,,,,,,,,,,,,,,2023-08,1035.0,23.95,,,,,,,,,,,,,,,,,,,,,,,,,,,,,,,,,,,tv_wilder_rsi14_sma5_v1,57.01,55.66,False,True,1.35
3465,3465.T,ケイアイスター不動産,2023-07,OUT,3,50.1,55.15,True,True,5.06,2023-05,2287.5,2590.0,2590.0,13.22,,,,,,,,,,,,,,,,,,,,,,,,,,,,,2023-08,2372.5,3.72,,,,,,,,,,,,,,,,,,,,,,,,,,,,,,,,,,,tv_wilder_rsi14_sma5_v1,55.15,50.1,True,True,5.06
3467,3467.T,アグレ都市デザイン,2023-07,OUT,1,58.49,58.77,False,True,0.28,2023-07,1565.0,1565.0,1565.0,0.0,,,,,,,,,,,,,,,,,,,,,,,,,,,,,2023-08,1545.0,-1.28,,,,,,,,,,,,,,,,,,,,,,,,,,,,,,,,,,,tv_wilder_rsi14_sma5_v1,58.77,58.49,True,False,0.28
3474,3474.T,Ｇ－ＦＡＣＴＯＲＹ,2023-07,OUT,1,48.78,49.9,False,True,1.12,2023-07,429.0,429.0,429.0,0.0,,,,,,,,,,,,,,,,,,,,,,,,,,,,,2023-08,408.0,-4.9,,,,,,,,,,,,,,,,,,,,,,,,,,,,,,,,,,,tv_wilder_rsi14_sma5_v1,49.9,48.78,True,False,1.12
3479,3479.T,ＴＫＰ,2023-07,OUT,1,53.78,55.06,False,True,1.28,2023-07,2840.0,2840.0,2840.0,0.0,,,,,,,,,,,,,,,,,,,,,,,,,,,,,2023-08,2699.0,-4.96,,,,,,,,,,,,,,,,,,,,,,,,,,,,,,,,,,,tv_wilder_rsi14_sma5_v1,55.06,53.78,True,False,1.28
3489,3489.T,フェイスネットワーク,2023-07,OUT,9,76.39,85.46,True,True,9.07,2022-11,229.33,520.0,520.0,126.74,,,,,,,,,,,,,,,,,,,,,,,,,,,,,2023-08,470.33,105.09,,,,,,,,,,,,,,,,,,,,,,,,,,,,,,,,,,,tv_wilder_rsi14_sma5_v1,85.46,76.39,True,True,9.07
3501,3501.T,ＳＵＭＩＮＯＥ,2023-07,OUT,12,59.51,62.34,True,True,2.83,2022-08,875.5,1152.5,1152.5,31.64,,,,,,,,,,,,,,,,,,,,,,,,,,,,,2023-08,1120.5,27.98,,,,,,,,,,,,,,,,,,,,,,,,,,,,,,,,,,,tv_wilder_rsi14_sma5_v1,62.34,59.51,True,True,2.83
3537,3537.T,昭栄薬品,2023-07,OUT,1,47.43,49.69,False,True,2.26,2023-07,994.0,994.0,994.0,0.0,,,,,,,,,,,,,,,,,,,,,,,,,,,,,2023-08,976.0,-1.81,,,,,,,,,,,,,,,,,,,,,,,,,,,,,,,,,,,tv_wilder_rsi14_sma5_v1,49.69,47.43,True,False,2.26
3538,3538.T,ウイルプラスホールディングス,2023-07,OUT,2,55.27,56.34,False,False,1.07,2023-06,1221.0,1184.0,1184.0,-3.03,,,,,,,,,,,,,,,,,,,,,,,,,,,,,2023-08,1132.0,-7.29,,,,,,,,,,,,,,,,,,,,,,,,,,,,,,,,,,,tv_wilder_rsi14_sma5_v1,56.34,55.27,False,False,1.07
3542,3542.T,ベガコーポレーション,2023-07,OUT,7,43.19,44.63,True,False,1.43,2023-01,521.0,657.0,657.0,26.1,,,,,,,,,,,,,,,,,,,,,,,,,,,,,2023-08,624.0,19.77,,,,,,,,,,,,,,,,,,,,,,,,,,,,,,,,,,,tv_wilder_rsi14_sma5_v1,44.63,43.19,False,True,1.43
3548,3548.T,バロックジャパンリミテッド,2023-07,OUT,2,53.57,56.83,True,True,3.26,2023-06,867.0,893.0,893.0,3.0,,,,,,,,,,,,,,,,,,,,,,,,,,,,,2023-08,854.0,-1.5,,,,,,,,,,,,,,,,,,,,,,,,,,,,,,,,,,,tv_wilder_rsi14_sma5_v1,56.83,53.57,True,True,3.26
3560,3560.T,ほぼ日,2023-07,OUT,6,49.52,61.1,True,True,11.58,2023-02,3150.0,3935.0,3935.0,24.92,,,,,,,,,,,,,,,,,,,,,,,,,,,,,2023-08,3650.0,15.87,,,,,,,,,,,,,,,,,,,,,,,,,,,,,,,,,,,tv_wilder_rsi14_sma5_v1,61.1,49.52,True,True,11.58
3566,3566.T,ユニフォームネクスト,2023-07,OUT,10,75.03,77.45,True,False,2.42,2022-10,280.75,739.0,739.0,163.22,,,,,,,,,,,,,,,,,,,,,,,,,,,,,2023-08,654.0,132.95,,,,,,,,,,,,,,,,,,,,,,,,,,,,,,,,,,,tv_wilder_rsi14_sma5_v1,77.45,75.03,False,True,2.42
3607,3607.T,クラウディアホールディングス,2023-07,OUT,8,75.92,87.52,True,True,11.6,2022-12,291.0,885.0,885.0,204.12,,,,,,,,,,,,,,,,,,,,,,,,,,,,,2023-08,665.0,128.52,,,,,,,,,,,,,,,,,,,,,,,,,,,,,,,,,,,tv_wilder_rsi14_sma5_v1,87.52,75.92,True,True,11.6
3612,3612.T,ワールド,2023-07,OUT,7,56.41,63.63,True,True,7.22,2023-01,675.5,879.5,879.5,30.2,,,,,,,,,,,,,,,,,,,,,,,,,,,,,2023-08,809.5,19.84,,,,,,,,,,,,,,,,,,,,,,,,,,,,,,,,,,,tv_wilder_rsi14_sma5_v1,63.63,56.41,True,True,7.22
3622,3622.T,ネットイヤーグループ,2023-07,OUT,7,52.1,61.82,True,True,9.72,2023-01,501.0,704.0,704.0,40.52,,,,,,,,,,,,,,,,,,,,,,,,,,,,,2023-08,620.0,23.75,,,,,,,,,,,,,,,,,,,,,,,,,,,,,,,,,,,tv_wilder_rsi14_sma5_v1,61.82,52.1,True,True,9.72
3627,3627.T,テクミラホールディングス,2023-07,OUT,6,49.4,49.88,True,False,0.48,2023-02,337.0,449.0,449.0,33.23,,,,,,,,,,,,,,,,,,,,,,,,,,,,,2023-08,460.0,36.5,,,,,,,,,,,,,,,,,,,,,,,,,,,,,,,,,,,tv_wilder_rsi14_sma5_v1,49.88,49.4,False,True,0.48
3636,3636.T,三菱総合研究所,2023-07,OUT,2,61.94,63.16,False,False,1.22,2023-06,5490.0,5380.0,5380.0,-2.0,,,,,,,,,,,,,,,,,,,,,,,,,,,,,2023-08,5020.0,-8.56,,,,,,,,,,,,,,,,,,,,,,,,,,,,,,,,,,,tv_wilder_rsi14_sma5_v1,63.16,61.94,False,False,1.22
3639,3639.T,ボルテージ,2023-07,OUT,2,38.1,39.55,True,False,1.44,2023-06,329.0,310.0,310.0,-5.78,,,,,,,,,,,,,,,,,,,,,,,,,,,,,2023-08,298.0,-9.42,,,,,,,,,,,,,,,,,,,,,,,,,,,,,,,,,,,tv_wilder_rsi14_sma5_v1,39.55,38.1,False,True,1.44
3647,3647.T,アスリナ,2023-07,OUT,3,43.16,43.65,False,False,0.49,2023-05,203.0,194.0,194.0,-4.43,,,,,,,,,,,,,,,,,,,,,,,,,,,,,2023-08,164.0,-19.21,,,,,,,,,,,,,,,,,,,,,,,,,,,,,,,,,,,tv_wilder_rsi14_sma5_v1,43.65,43.16,False,False,0.49
3648,3648.T,ＡＧＳ,2023-07,OUT,2,46.74,50.75,True,False,4.01,2023-06,763.0,756.0,756.0,-0.92,,,,,,,,,,,,,,,,,,,,,,,,,,,,,2023-08,720.0,-5.64,,,,,,,,,,,,,,,,,,,,,,,,,,,,,,,,,,,tv_wilder_rsi14_sma5_v1,50.75,46.74,False,True,4.01
3652,3652.T,ディジタルメディアプロフェッショナル,2023-07,OUT,3,59.0,62.14,True,True,3.14,2023-05,4010.0,3860.0,3860.0,-3.74,,,,,,,,,,,,,,,,,,,,,,,,,,,,,2023-08,2432.0,-39.35,,,,,,,,,,,,,,,,,,,,,,,,,,,,,,,,,,,tv_wilder_rsi14_sma5_v1,62.14,59.0,True,True,3.14
3668,3668.T,コロプラ,2023-07,OUT,4,43.41,45.9,True,True,2.49,2023-04,638.0,665.0,665.0,4.23,,,,,,,,,,,,,,,,,,,,,,,,,,,,,2023-08,638.0,0.0,,,,,,,,,,,,,,,,,,,,,,,,,,,,,,,,,,,tv_wilder_rsi14_sma5_v1,45.9,43.41,True,True,2.49
3674,3674.T,オークファン,2023-07,OUT,7,48.69,55.52,True,True,6.83,2023-01,394.0,794.0,794.0,101.52,,,,,,,,,,,,,,,,,,,,,,,,,,,,,2023-08,487.0,23.6,,,,,,,,,,,,,,,,,,,,,,,,,,,,,,,,,,,tv_wilder_rsi14_sma5_v1,55.52,48.69,True,True,6.83
3675,3675.T,クロス・マーケティンググループ,2023-07,OUT,5,51.91,55.67,True,True,3.76,2023-03,716.0,840.0,840.0,17.32,,,,,,,,,,,,,,,,,,,,,,,,,,,,,2023-08,737.0,2.93,,,,,,,,,,,,,,,,,,,,,,,,,,,,,,,,,,,tv_wilder_rsi14_sma5_v1,55.67,51.91,True,True,3.76
3676,3676.T,デジタルハーツホールディングス,2023-07,OUT,1,43.13,44.31,False,True,1.18,2023-07,1395.0,1395.0,1395.0,0.0,,,,,,,,,,,,,,,,,,,,,,,,,,,,,2023-08,1183.0,-15.2,,,,,,,,,,,,,,,,,,,,,,,,,,,,,,,,,,,tv_wilder_rsi14_sma5_v1,44.31,43.13,True,False,1.18
3678,3678.T,メディアドゥ,2023-07,OUT,2,34.24,34.33,False,False,0.09,2023-06,1424.0,1356.0,1356.0,-4.78,,,,,,,,,,,,,,,,,,,,,,,,,,,,,2023-08,1192.0,-16.29,,,,,,,,,,,,,,,,,,,,,,,,,,,,,,,,,,,tv_wilder_rsi14_sma5_v1,34.33,34.24,False,False,0.09
3679,3679.T,じげん,2023-07,OUT,17,73.07,80.36,True,False,7.29,2022-03,301.0,785.0,785.0,160.8,,,,,,,,,,,,,,,,,,,,,,,,,,,,,2023-08,578.0,92.03,,,,,,,,,,,,,,,,,,,,,,,,,,,,,,,,,,,tv_wilder_rsi14_sma5_v1,80.36,73.07,False,True,7.29
3694,3694.T,オプティム,2023-07,OUT,3,41.33,41.58,True,False,0.26,2023-05,1046.0,976.0,976.0,-6.69,,,,,,,,,,,,,,,,,,,,,,,,,,,,,2023-08,903.0,-13.67,,,,,,,,,,,,,,,,,,,,,,,,,,,,,,,,,,,tv_wilder_rsi14_sma5_v1,41.58,41.33,False,True,0.26
3695,3695.T,ＧＭＯプロダクトプラットフォーム,2023-07,OUT,2,53.81,55.34,True,True,1.54,2023-06,3210.0,3255.0,3255.0,1.4,,,,,,,,,,,,,,,,,,,,,,,,,,,,,2023-08,2888.0,-10.03,,,,,,,,,,,,,,,,,,,,,,,,,,,,,,,,,,,tv_wilder_rsi14_sma5_v1,55.34,53.81,True,True,1.54
3758,3758.T,アエリア,2023-07,OUT,3,44.41,46.74,True,True,2.33,2023-05,411.0,418.0,418.0,1.7,,,,,,,,,,,,,,,,,,,,,,,,,,,,,2023-08,371.0,-9.73,,,,,,,,,,,,,,,,,,,,,,,,,,,,,,,,,,,tv_wilder_rsi14_sma5_v1,46.74,44.41,True,True,2.33
3765,3765.T,ガンホー・オンライン・エンターテイメント,2023-07,OUT,7,56.91,59.07,True,False,2.16,2023-01,2158.0,2789.5,2789.5,29.26,,,,,,,,,,,,,,,,,,,,,,,,,,,,,2023-08,2399.5,11.19,,,,,,,,,,,,,,,,,,,,,,,,,,,,,,,,,,,tv_wilder_rsi14_sma5_v1,59.07,56.91,False,True,2.16
3766,3766.T,システムズ・デザイン,2023-07,OUT,2,60.48,60.96,True,False,0.47,2023-06,803.0,797.0,797.0,-0.75,,,,,,,,,,,,,,,,,,,,,,,,,,,,,2023-08,759.0,-5.48,,,,,,,,,,,,,,,,,,,,,,,,,,,,,,,,,,,tv_wilder_rsi14_sma5_v1,60.96,60.48,False,True,0.47
3768,3768.T,リスクモンスター,2023-07,OUT,2,40.83,40.85,False,False,0.02,2023-06,585.0,582.0,582.0,-0.51,,,,,,,,,,,,,,,,,,,,,,,,,,,,,2023-08,548.0,-6.32,,,,,,,,,,,,,,,,,,,,,,,,,,,,,,,,,,,tv_wilder_rsi14_sma5_v1,40.85,40.83,False,False,0.02
3771,3771.T,システムリサーチ,2023-07,OUT,4,61.16,62.45,True,False,1.29,2023-04,1213.5,1283.5,1283.5,5.77,,,,,,,,,,,,,,,,,,,,,,,,,,,,,2023-08,1272.5,4.86,,,,,,,,,,,,,,,,,,,,,,,,,,,,,,,,,,,tv_wilder_rsi14_sma5_v1,62.45,61.16,False,True,1.29
3796,3796.T,いい生活,2023-07,OUT,12,63.92,67.6,True,False,3.67,2022-08,187.0,346.5,346.5,85.29,,,,,,,,,,,,,,,,,,,,,,,,,,,,,2023-08,280.0,49.73,,,,,,,,,,,,,,,,,,,,,,,,,,,,,,,,,,,tv_wilder_rsi14_sma5_v1,67.6,63.92,False,True,3.67
3800,3800.T,ユニリタ,2023-07,OUT,4,53.54,55.27,True,False,1.73,2023-04,1827.0,1860.0,1860.0,1.81,,,,,,,,,,,,,,,,,,,,,,,,,,,,,2023-08,1855.0,1.53,,,,,,,,,,,,,,,,,,,,,,,,,,,,,,,,,,,tv_wilder_rsi14_sma5_v1,55.27,53.54,False,True,1.73
3836,3836.T,アバントグループ,2023-07,OUT,2,53.41,57.01,True,True,3.6,2023-06,1411.0,1511.0,1511.0,7.09,,,,,,,,,,,,,,,,,,,,,,,,,,,,,2023-08,1415.0,0.28,,,,,,,,,,,,,,,,,,,,,,,,,,,,,,,,,,,tv_wilder_rsi14_sma5_v1,57.01,53.41,True,True,3.6
3864,3864.T,三菱製紙,2023-07,OUT,8,70.95,82.94,True,True,11.99,2022-12,283.0,612.0,612.0,116.25,,,,,,,,,,,,,,,,,,,,,,,,,,,,,2023-08,495.0,74.91,,,,,,,,,,,,,,,,,,,,,,,,,,,,,,,,,,,tv_wilder_rsi14_sma5_v1,82.94,70.95,True,True,11.99
3892,3892.T,岡山製紙,2023-07,OUT,7,55.66,57.18,True,True,1.51,2023-01,838.0,910.0,910.0,8.59,,,,,,,,,,,,,,,,,,,,,,,,,,,,,2023-08,902.0,7.64,,,,,,,,,,,,,,,,,,,,,,,,,,,,,,,,,,,tv_wilder_rsi14_sma5_v1,57.18,55.66,True,True,1.51
3913,3913.T,ＧｒｅｅｎＢｅｅ,2023-07,OUT,2,39.74,40.07,True,False,0.33,2023-06,638.0,613.0,613.0,-3.92,,,,,,,,,,,,,,,,,,,,,,,,,,,,,2023-08,596.0,-6.58,,,,,,,,,,,,,,,,,,,,,,,,,,,,,,,,,,,tv_wilder_rsi14_sma5_v1,40.07,39.74,False,True,0.33
3914,3914.T,ＪＩＧ－ＳＡＷ,2023-07,OUT,3,46.5,46.97,True,False,0.47,2023-05,5120.0,5280.0,5280.0,3.12,,,,,,,,,,,,,,,,,,,,,,,,,,,,,2023-08,4060.0,-20.7,,,,,,,,,,,,,,,,,,,,,,,,,,,,,,,,,,,tv_wilder_rsi14_sma5_v1,46.97,46.5,False,True,0.47
3917,3917.T,アイリッジ,2023-07,OUT,3,43.22,43.56,True,False,0.34,2023-05,675.0,678.0,678.0,0.44,,,,,,,,,,,,,,,,,,,,,,,,,,,,,2023-08,660.0,-2.22,,,,,,,,,,,,,,,,,,,,,,,,,,,,,,,,,,,tv_wilder_rsi14_sma5_v1,43.56,43.22,False,True,0.34
3920,3920.T,アイビーシー,2023-07,OUT,5,46.11,46.24,True,False,0.12,2023-03,487.0,572.0,572.0,17.45,,,,,,,,,,,,,,,,,,,,,,,,,,,,,2023-08,577.0,18.48,,,,,,,,,,,,,,,,,,,,,,,,,,,,,,,,,,,tv_wilder_rsi14_sma5_v1,46.24,46.11,False,True,0.12
3925,3925.T,ダブルスタンダード,2023-07,OUT,3,49.45,50.46,True,False,1.01,2023-05,2370.0,2370.0,2370.0,0.0,,,,,,,,,,,,,,,,,,,,,,,,,,,,,2023-08,1427.0,-39.79,,,,,,,,,,,,,,,,,,,,,,,,,,,,,,,,,,,tv_wilder_rsi14_sma5_v1,50.46,49.45,False,True,1.01
3927,3927.T,フーバーブレイン,2023-07,OUT,3,46.53,50.58,True,False,4.05,2023-05,701.0,794.0,794.0,13.27,,,,,,,,,,,,,,,,,,,,,,,,,,,,,2023-08,655.0,-6.56,,,,,,,,,,,,,,,,,,,,,,,,,,,,,,,,,,,tv_wilder_rsi14_sma5_v1,50.58,46.53,False,True,4.05
3931,3931.T,バリューゴルフ,2023-07,OUT,1,43.38,46.21,True,True,2.83,2023-07,1363.0,1363.0,1363.0,0.0,,,,,,,,,,,,,,,,,,,,,,,,,,,,,2023-08,1154.0,-15.33,,,,,,,,,,,,,,,,,,,,,,,,,,,,,,,,,,,tv_wilder_rsi14_sma5_v1,46.21,43.38,True,True,2.83
3933,3933.T,チエル,2023-07,OUT,2,40.83,41.84,False,False,1.01,2023-06,791.0,763.0,763.0,-3.54,,,,,,,,,,,,,,,,,,,,,,,,,,,,,2023-08,728.0,-7.96,,,,,,,,,,,,,,,,,,,,,,,,,,,,,,,,,,,tv_wilder_rsi14_sma5_v1,41.84,40.83,False,False,1.01
3950,3950.T,ザ・パック,2023-07,OUT,1,58.03,62.63,True,True,4.6,2023-07,1106.67,1106.67,1106.67,0.0,,,,,,,,,,,,,,,,,,,,,,,,,,,,,2023-08,1036.67,-6.33,,,,,,,,,,,,,,,,,,,,,,,,,,,,,,,,,,,tv_wilder_rsi14_sma5_v1,62.63,58.03,True,True,4.6
3955,3955.T,イムラ,2023-07,OUT,10,68.08,72.5,True,True,4.43,2022-10,819.0,1179.0,1179.0,43.96,,,,,,,,,,,,,,,,,,,,,,,,,,,,,2023-08,1133.0,38.34,,,,,,,,,,,,,,,,,,,,,,,,,,,,,,,,,,,tv_wilder_rsi14_sma5_v1,72.5,68.08,True,True,4.43
3963,3963.T,シンクロ・フード,2023-07,OUT,4,65.85,73.28,True,True,7.43,2023-04,495.0,723.0,723.0,46.06,,,,,,,,,,,,,,,,,,,,,,,,,,,,,2023-08,559.0,12.93,,,,,,,,,,,,,,,,,,,,,,,,,,,,,,,,,,,tv_wilder_rsi14_sma5_v1,73.28,65.85,True,True,7.43
3967,3967.T,エルテス,2023-07,OUT,6,48.18,48.96,True,False,0.77,2023-02,819.0,996.0,996.0,21.61,,,,,,,,,,,,,,,,,,,,,,,,,,,,,2023-08,965.0,17.83,,,,,,,,,,,,,,,,,,,,,,,,,,,,,,,,,,,tv_wilder_rsi14_sma5_v1,48.96,48.18,False,True,0.77
3968,3968.T,セグエグループ,2023-07,OUT,3,55.92,61.78,True,True,5.86,2023-05,342.67,364.0,364.0,6.23,,,,,,,,,,,,,,,,,,,,,,,,,,,,,2023-08,325.33,-5.06,,,,,,,,,,,,,,,,,,,,,,,,,,,,,,,,,,,tv_wilder_rsi14_sma5_v1,61.78,55.92,True,True,5.86
3970,3970.T,イノベーション,2023-07,OUT,2,40.41,43.92,True,True,3.51,2023-06,1788.0,1810.0,1810.0,1.23,,,,,,,,,,,,,,,,,,,,,,,,,,,,,2023-08,1408.0,-21.25,,,,,,,,,,,,,,,,,,,,,,,,,,,,,,,,,,,tv_wilder_rsi14_sma5_v1,43.92,40.41,True,True,3.51
3992,3992.T,ニーズウェル,2023-07,OUT,10,75.56,76.42,True,False,0.86,2022-10,170.0,389.5,389.5,129.12,,,,,,,,,,,,,,,,,,,,,,,,,,,,,2023-08,355.5,109.12,,,,,,,,,,,,,,,,,,,,,,,,,,,,,,,,,,,tv_wilder_rsi14_sma5_v1,76.42,75.56,False,True,0.86
3993,3993.T,ＰＫＳＨＡ　Ｔｅｃｈｎｏｌｏｇｙ,2023-07,OUT,7,52.79,58.63,True,False,5.84,2023-01,1801.0,2989.0,2989.0,65.96,,,,,,,,,,,,,,,,,,,,,,,,,,,,,2023-08,2515.0,39.64,,,,,,,,,,,,,,,,,,,,,,,,,,,,,,,,,,,tv_wilder_rsi14_sma5_v1,58.63,52.79,False,True,5.84
3994,3994.T,マネーフォワード,2023-07,OUT,10,55.94,59.16,True,True,3.22,2022-10,4240.0,6143.0,6143.0,44.88,,,,,,,,,,,,,,,,,,,,,,,,,,,,,2023-08,5485.0,29.36,,,,,,,,,,,,,,,,,,,,,,,,,,,,,,,,,,,tv_wilder_rsi14_sma5_v1,59.16,55.94,True,True,3.22
4005,4005.T,住友化学,2023-07,OUT,2,40.07,41.05,False,True,0.98,2023-06,436.5,438.1,438.1,0.37,,,,,,,,,,,,,,,,,,,,,,,,,,,,,2023-08,403.4,-7.58,,,,,,,,,,,,,,,,,,,,,,,,,,,,,,,,,,,tv_wilder_rsi14_sma5_v1,41.05,40.07,True,False,0.98
4019,4019.T,スタメン,2023-07,OUT,12,47.58,51.26,True,False,3.68,2022-08,598.0,1051.0,1051.0,75.75,,,,,,,,,,,,,,,,,,,,,,,,,,,,,2023-08,767.0,28.26,,,,,,,,,,,,,,,,,,,,,,,,,,,,,,,,,,,tv_wilder_rsi14_sma5_v1,51.26,47.58,False,True,3.68
4020,4020.T,ビートレンド,2023-07,OUT,2,30.14,30.43,True,False,0.29,2023-06,1007.0,988.0,988.0,-1.89,,,,,,,,,,,,,,,,,,,,,,,,,,,,,2023-08,888.0,-11.82,,,,,,,,,,,,,,,,,,,,,,,,,,,,,,,,,,,tv_wilder_rsi14_sma5_v1,30.43,30.14,False,True,0.29
4022,4022.T,ラサ工業,2023-07,OUT,1,53.97,54.67,False,True,0.7,2023-07,429.6,429.6,429.6,0.0,,,,,,,,,,,,,,,,,,,,,,,,,,,,,2023-08,403.8,-6.01,,,,,,,,,,,,,,,,,,,,,,,,,,,,,,,,,,,tv_wilder_rsi14_sma5_v1,54.67,53.97,True,False,0.7
4043,4043.T,トクヤマ,2023-07,OUT,9,57.02,62.01,True,True,4.99,2022-11,1913.0,2442.5,2442.5,27.68,,,,,,,,,,,,,,,,,,,,,,,,,,,,,2023-08,2326.0,21.59,,,,,,,,,,,,,,,,,,,,,,,,,,,,,,,,,,,tv_wilder_rsi14_sma5_v1,62.01,57.02,True,True,4.99
4044,4044.T,セントラル硝子,2023-07,OUT,2,55.29,56.68,False,True,1.39,2023-06,3080.0,3085.0,3085.0,0.16,,,,,,,,,,,,,,,,,,,,,,,,,,,,,2023-08,2933.0,-4.77,,,,,,,,,,,,,,,,,,,,,,,,,,,,,,,,,,,tv_wilder_rsi14_sma5_v1,56.68,55.29,True,False,1.39
4051,4051.T,ＧＭＯフィナンシャルゲート,2023-07,OUT,10,61.38,63.36,True,True,1.99,2022-10,6970.0,11770.0,11770.0,68.87,,,,,,,,,,,,,,,,,,,,,,,,,,,,,2023-08,10630.0,52.51,,,,,,,,,,,,,,,,,,,,,,,,,,,,,,,,,,,tv_wilder_rsi14_sma5_v1,63.36,61.38,True,True,1.99
4055,4055.T,ティアンドエスグループ,2023-07,OUT,9,48.62,54.67,True,True,6.06,2022-11,1480.0,3060.0,3060.0,106.76,,,,,,,,,,,,,,,,,,,,,,,,,,,,,2023-08,2522.0,70.41,,,,,,,,,,,,,,,,,,,,,,,,,,,,,,,,,,,tv_wilder_rsi14_sma5_v1,54.67,48.62,True,True,6.06
4056,4056.T,ニューラルグループ,2023-07,OUT,9,36.4,37.58,True,False,1.18,2022-11,1123.0,1268.0,1268.0,12.91,,,,,,,,,,,,,,,,,,,,,,,,,,,,,2023-08,1191.0,6.06,,,,,,,,,,,,,,,,,,,,,,,,,,,,,,,,,,,tv_wilder_rsi14_sma5_v1,37.58,36.4,False,True,1.18
4058,4058.T,トヨクモ,2023-07,OUT,6,38.85,42.62,True,False,3.76,2023-02,1499.0,1795.0,1795.0,19.75,,,,,,,,,,,,,,,,,,,,,,,,,,,,,2023-08,1596.0,6.47,,,,,,,,,,,,,,,,,,,,,,,,,,,,,,,,,,,tv_wilder_rsi14_sma5_v1,42.62,38.85,False,True,3.76
4068,4068.T,ベイシス,2023-07,OUT,1,35.94,37.08,True,True,1.14,2023-07,2334.0,2334.0,2334.0,0.0,,,,,,,,,,,,,,,,,,,,,,,,,,,,,2023-08,1721.0,-26.26,,,,,,,,,,,,,,,,,,,,,,,,,,,,,,,,,,,tv_wilder_rsi14_sma5_v1,37.08,35.94,True,True,1.14
4072,4072.T,電算システムホールディングス,2023-07,OUT,6,56.66,60.29,True,False,3.64,2023-02,2514.0,3280.0,3280.0,30.47,,,,,,,,,,,,,,,,,,,,,,,,,,,,,2023-08,2965.0,17.94,,,,,,,,,,,,,,,,,,,,,,,,,,,,,,,,,,,tv_wilder_rsi14_sma5_v1,60.29,56.66,False,True,3.64
4088,4088.T,エア・ウォーター,2023-07,OUT,6,57.34,64.72,True,True,7.38,2023-02,1637.0,2000.0,2000.0,22.17,,,,,,,,,,,,,,,,,,,,,,,,,,,,,2023-08,1833.0,11.97,,,,,,,,,,,,,,,,,,,,,,,,,,,,,,,,,,,tv_wilder_rsi14_sma5_v1,64.72,57.34,True,True,7.38
4094,4094.T,日本化学産業,2023-07,OUT,7,48.91,50.93,True,True,2.02,2023-01,1001.0,1130.0,1130.0,12.89,,,,,,,,,,,,,,,,,,,,,,,,,,,,,2023-08,1088.0,8.69,,,,,,,,,,,,,,,,,,,,,,,,,,,,,,,,,,,tv_wilder_rsi14_sma5_v1,50.93,48.91,True,True,2.02
4113,4113.T,田岡化学工業,2023-07,OUT,1,34.26,35.08,True,True,0.81,2023-07,756.0,756.0,756.0,0.0,,,,,,,,,,,,,,,,,,,,,,,,,,,,,2023-08,705.0,-6.75,,,,,,,,,,,,,,,,,,,,,,,,,,,,,,,,,,,tv_wilder_rsi14_sma5_v1,35.08,34.26,True,True,0.81
4119,4119.T,日本ピグメントホールディングス,2023-07,OUT,2,51.69,55.92,True,True,4.22,2023-06,2380.0,2410.0,2410.0,1.26,,,,,,,,,,,,,,,,,,,,,,,,,,,,,2023-08,2315.0,-2.73,,,,,,,,,,,,,,,,,,,,,,,,,,,,,,,,,,,tv_wilder_rsi14_sma5_v1,55.92,51.69,True,True,4.22
4125,4125.T,三和油化工業,2023-07,OUT,2,45.94,48.75,True,True,2.8,2023-06,3990.0,4035.0,4035.0,1.13,,,,,,,,,,,,,,,,,,,,,,,,,,,,,2023-08,3260.0,-18.3,,,,,,,,,,,,,,,,,,,,,,,,,,,,,,,,,,,tv_wilder_rsi14_sma5_v1,48.75,45.94,True,True,2.8
4165,4165.T,プレイド,2023-07,OUT,3,36.09,38.16,True,False,2.07,2023-05,772.0,841.0,841.0,8.94,,,,,,,,,,,,,,,,,,,,,,,,,,,,,2023-08,670.0,-13.21,,,,,,,,,,,,,,,,,,,,,,,,,,,,,,,,,,,tv_wilder_rsi14_sma5_v1,38.16,36.09,False,True,2.07
4166,4166.T,かっこ,2023-07,OUT,7,20.44,21.46,True,False,1.02,2023-01,1098.0,1029.0,1029.0,-6.28,,,,,,,,,,,,,,,,,,,,,,,,,,,,,2023-08,986.0,-10.2,,,,,,,,,,,,,,,,,,,,,,,,,,,,,,,,,,,tv_wilder_rsi14_sma5_v1,21.46,20.44,False,True,1.02
4175,4175.T,ｃｏｌｙ,2023-07,OUT,2,21.97,22.0,True,False,0.04,2023-06,1098.0,1062.0,1062.0,-3.28,,,,,,,,,,,,,,,,,,,,,,,,,,,,,2023-08,1042.0,-5.1,,,,,,,,,,,,,,,,,,,,,,,,,,,,,,,,,,,tv_wilder_rsi14_sma5_v1,22.0,21.97,False,True,0.04
4182,4182.T,三菱瓦斯化学,2023-07,OUT,7,50.89,54.72,True,True,3.83,2023-01,1888.0,2128.5,2128.5,12.74,,,,,,,,,,,,,,,,,,,,,,,,,,,,,2023-08,1986.0,5.19,,,,,,,,,,,,,,,,,,,,,,,,,,,,,,,,,,,tv_wilder_rsi14_sma5_v1,54.72,50.89,True,True,3.83
4183,4183.T,三井化学,2023-07,OUT,9,61.88,65.74,True,False,3.86,2022-11,1550.0,2040.0,2040.0,31.61,,,,,,,,,,,,,,,,,,,,,,,,,,,,,2023-08,1978.0,27.61,,,,,,,,,,,,,,,,,,,,,,,,,,,,,,,,,,,tv_wilder_rsi14_sma5_v1,65.74,61.88,False,True,3.86
4189,4189.T,ＫＨネオケム,2023-07,OUT,2,42.74,43.41,False,False,0.68,2023-06,2340.0,2323.0,2323.0,-0.73,,,,,,,,,,,,,,,,,,,,,,,,,,,,,2023-08,2271.0,-2.95,,,,,,,,,,,,,,,,,,,,,,,,,,,,,,,,,,,tv_wilder_rsi14_sma5_v1,43.41,42.74,False,False,0.68
4192,4192.T,スパイダープラス,2023-07,OUT,3,42.02,45.5,True,False,3.48,2023-05,685.0,800.0,800.0,16.79,,,,,,,,,,,,,,,,,,,,,,,,,,,,,2023-08,687.0,0.29,,,,,,,,,,,,,,,,,,,,,,,,,,,,,,,,,,,tv_wilder_rsi14_sma5_v1,45.5,42.02,False,True,3.48
4202,4202.T,ダイセル,2023-07,OUT,5,69.81,76.63,True,True,6.82,2023-03,1000.0,1316.0,1316.0,31.6,,,,,,,,,,,,,,,,,,,,,,,,,,,,,2023-08,1217.0,21.7,,,,,,,,,,,,,,,,,,,,,,,,,,,,,,,,,,,tv_wilder_rsi14_sma5_v1,76.63,69.81,True,True,6.82
4208,4208.T,ＵＢＥ,2023-07,OUT,7,60.04,69.64,True,True,9.6,2023-01,2033.0,2593.5,2593.5,27.57,,,,,,,,,,,,,,,,,,,,,,,,,,,,,2023-08,2457.5,20.88,,,,,,,,,,,,,,,,,,,,,,,,,,,,,,,,,,,tv_wilder_rsi14_sma5_v1,69.64,60.04,True,True,9.6
4216,4216.T,旭有機材,2023-07,OUT,5,80.75,85.66,True,True,4.91,2023-03,3165.0,4405.0,4405.0,39.18,,,,,,,,,,,,,,,,,,,,,,,,,,,,,2023-08,4045.0,27.8,,,,,,,,,,,,,,,,,,,,,,,,,,,,,,,,,,,tv_wilder_rsi14_sma5_v1,85.66,80.75,True,True,4.91
4218,4218.T,ニチバン,2023-07,OUT,1,58.22,60.8,True,True,2.58,2023-07,2028.0,2028.0,2028.0,0.0,,,,,,,,,,,,,,,,,,,,,,,,,,,,,2023-08,1912.0,-5.72,,,,,,,,,,,,,,,,,,,,,,,,,,,,,,,,,,,tv_wilder_rsi14_sma5_v1,60.8,58.22,True,True,2.58
4222,4222.T,児玉化学工業,2023-07,OUT,6,46.81,47.56,True,False,0.75,2023-02,349.0,380.0,380.0,8.88,,,,,,,,,,,,,,,,,,,,,,,,,,,,,2023-08,323.0,-7.45,,,,,,,,,,,,,,,,,,,,,,,,,,,,,,,,,,,tv_wilder_rsi14_sma5_v1,47.56,46.81,False,True,0.75
4235,4235.T,ウルトラファブリックス・ホールディングス,2023-07,OUT,2,57.27,60.91,True,True,3.64,2023-06,2049.0,2339.0,2339.0,14.15,,,,,,,,,,,,,,,,,,,,,,,,,,,,,2023-08,1715.0,-16.3,,,,,,,,,,,,,,,,,,,,,,,,,,,,,,,,,,,tv_wilder_rsi14_sma5_v1,60.91,57.27,True,True,3.64
4243,4243.T,ニックス,2023-07,OUT,8,60.53,66.18,True,False,5.65,2022-12,783.0,1013.0,1013.0,29.37,,,,,,,,,,,,,,,,,,,,,,,,,,,,,2023-08,825.0,5.36,,,,,,,,,,,,,,,,,,,,,,,,,,,,,,,,,,,tv_wilder_rsi14_sma5_v1,66.18,60.53,False,True,5.65
4255,4255.T,ＴＨＥＣＯＯ,2023-07,OUT,2,20.97,21.0,True,False,0.04,2023-06,850.0,785.0,785.0,-7.65,,,,,,,,,,,,,,,,,,,,,,,,,,,,,2023-08,645.0,-24.12,,,,,,,,,,,,,,,,,,,,,,,,,,,,,,,,,,,tv_wilder_rsi14_sma5_v1,21.0,20.97,False,True,0.04
4259,4259.T,エクサウィザーズ,2023-07,OUT,2,32.74,35.73,True,False,2.99,2023-06,528.0,458.0,458.0,-13.26,,,,,,,,,,,,,,,,,,,,,,,,,,,,,2023-08,402.0,-23.86,,,,,,,,,,,,,,,,,,,,,,,,,,,,,,,,,,,tv_wilder_rsi14_sma5_v1,35.73,32.74,False,True,2.99
4261,4261.T,アジアクエスト,2023-07,OUT,2,24.36,27.45,True,True,3.09,2023-06,2630.0,2700.0,2700.0,2.66,,,,,,,,,,,,,,,,,,,,,,,,,,,,,2023-08,1965.0,-25.29,,,,,,,,,,,,,,,,,,,,,,,,,,,,,,,,,,,tv_wilder_rsi14_sma5_v1,27.45,24.36,True,True,3.09
4264,4264.T,セキュア,2023-07,OUT,2,44.51,47.02,True,False,2.51,2023-06,2735.0,1928.0,1928.0,-29.51,,,,,,,,,,,,,,,,,,,,,,,,,,,,,2023-08,1609.0,-41.17,,,,,,,,,,,,,,,,,,,,,,,,,,,,,,,,,,,tv_wilder_rsi14_sma5_v1,47.02,44.51,False,True,2.51
4274,4274.T,細谷火工,2023-07,OUT,2,58.03,58.46,False,False,0.44,2023-06,1624.0,1519.0,1519.0,-6.47,,,,,,,,,,,,,,,,,,,,,,,,,,,,,2023-08,1485.0,-8.56,,,,,,,,,,,,,,,,,,,,,,,,,,,,,,,,,,,tv_wilder_rsi14_sma5_v1,58.46,58.03,False,False,0.44
4287,4287.T,ジャストプランニング,2023-07,OUT,2,45.83,46.05,True,False,0.22,2023-06,316.0,308.0,308.0,-2.53,,,,,,,,,,,,,,,,,,,,,,,,,,,,,2023-08,308.0,-2.53,,,,,,,,,,,,,,,,,,,,,,,,,,,,,,,,,,,tv_wilder_rsi14_sma5_v1,46.05,45.83,False,True,0.22
4299,4299.T,ハイマックス,2023-07,OUT,2,58.71,59.07,False,False,0.36,2023-06,1447.0,1434.0,1434.0,-0.9,,,,,,,,,,,,,,,,,,,,,,,,,,,,,2023-08,1424.0,-1.59,,,,,,,,,,,,,,,,,,,,,,,,,,,,,,,,,,,tv_wilder_rsi14_sma5_v1,59.07,58.71,False,False,0.36
4308,4308.T,Ｊストリーム,2023-07,OUT,2,36.81,37.26,False,False,0.46,2023-06,584.0,530.0,530.0,-9.25,,,,,,,,,,,,,,,,,,,,,,,,,,,,,2023-08,510.0,-12.67,,,,,,,,,,,,,,,,,,,,,,,,,,,,,,,,,,,tv_wilder_rsi14_sma5_v1,37.26,36.81,False,False,0.46
4318,4318.T,クイック,2023-07,OUT,3,62.91,71.64,True,True,8.73,2023-05,651.67,811.67,811.67,24.55,,,,,,,,,,,,,,,,,,,,,,,,,,,,,2023-08,712.0,9.26,,,,,,,,,,,,,,,,,,,,,,,,,,,,,,,,,,,tv_wilder_rsi14_sma5_v1,71.64,62.91,True,True,8.73
4320,4320.T,ＣＥホールディングス,2023-07,OUT,3,56.97,59.79,True,False,2.82,2023-05,541.0,626.0,626.0,15.71,,,,,,,,,,,,,,,,,,,,,,,,,,,,,2023-08,581.0,7.39,,,,,,,,,,,,,,,,,,,,,,,,,,,,,,,,,,,tv_wilder_rsi14_sma5_v1,59.79,56.97,False,True,2.82
4323,4323.T,日本システム技術,2023-07,OUT,5,76.07,78.25,True,False,2.18,2023-03,900.0,1223.5,1223.5,35.94,,,,,,,,,,,,,,,,,,,,,,,,,,,,,2023-08,1102.5,22.5,,,,,,,,,,,,,,,,,,,,,,,,,,,,,,,,,,,tv_wilder_rsi14_sma5_v1,78.25,76.07,False,True,2.18
4324,4324.T,電通グループ,2023-07,OUT,2,55.8,56.03,True,True,0.23,2023-06,4713.0,4752.0,4752.0,0.83,,,,,,,,,,,,,,,,,,,,,,,,,,,,,2023-08,4355.0,-7.6,,,,,,,,,,,,,,,,,,,,,,,,,,,,,,,,,,,tv_wilder_rsi14_sma5_v1,56.03,55.8,True,True,0.23
4341,4341.T,西菱電機,2023-07,OUT,2,51.57,53.43,True,True,1.87,2023-06,884.0,892.0,892.0,0.9,,,,,,,,,,,,,,,,,,,,,,,,,,,,,2023-08,869.0,-1.7,,,,,,,,,,,,,,,,,,,,,,,,,,,,,,,,,,,tv_wilder_rsi14_sma5_v1,53.43,51.57,True,True,1.87
4344,4344.T,ソースネクスト,2023-07,OUT,1,43.2,44.49,False,True,1.29,2023-07,216.0,216.0,216.0,0.0,,,,,,,,,,,,,,,,,,,,,,,,,,,,,2023-08,187.0,-13.43,,,,,,,,,,,,,,,,,,,,,,,,,,,,,,,,,,,tv_wilder_rsi14_sma5_v1,44.49,43.2,True,False,1.29
4345,4345.T,シーティーエス,2023-07,OUT,1,45.78,46.2,False,True,0.42,2023-07,753.0,753.0,753.0,0.0,,,,,,,,,,,,,,,,,,,,,,,,,,,,,2023-08,701.0,-6.91,,,,,,,,,,,,,,,,,,,,,,,,,,,,,,,,,,,tv_wilder_rsi14_sma5_v1,46.2,45.78,True,False,0.42
4362,4362.T,日本精化,2023-07,OUT,2,69.37,71.74,True,True,2.36,2023-06,2893.0,2925.0,2925.0,1.11,,,,,,,,,,,,,,,,,,,,,,,,,,,,,2023-08,2538.0,-12.27,,,,,,,,,,,,,,,,,,,,,,,,,,,,,,,,,,,tv_wilder_rsi14_sma5_v1,71.74,69.37,True,True,2.36
4365,4365.T,松本油脂製薬,2023-07,OUT,1,73.9,74.31,False,True,0.4,2023-07,14540.0,14540.0,14540.0,0.0,,,,,,,,,,,,,,,,,,,,,,,,,,,,,2023-08,13960.0,-3.99,,,,,,,,,,,,,,,,,,,,,,,,,,,,,,,,,,,tv_wilder_rsi14_sma5_v1,74.31,73.9,True,False,0.4
4381,4381.T,ビープラッツ,2023-07,OUT,9,60.4,70.96,True,True,10.57,2022-11,1291.0,3190.0,3190.0,147.1,,,,,,,,,,,,,,,,,,,,,,,,,,,,,2023-08,1957.0,51.59,,,,,,,,,,,,,,,,,,,,,,,,,,,,,,,,,,,tv_wilder_rsi14_sma5_v1,70.96,60.4,True,True,10.57
4409,4409.T,東邦化学工業,2023-07,OUT,3,50.84,59.92,True,True,9.08,2023-05,497.0,528.0,528.0,6.24,,,,,,,,,,,,,,,,,,,,,,,,,,,,,2023-08,507.0,2.01,,,,,,,,,,,,,,,,,,,,,,,,,,,,,,,,,,,tv_wilder_rsi14_sma5_v1,59.92,50.84,True,True,9.08
4413,4413.T,ボードルア,2023-07,OUT,3,76.58,79.06,True,False,2.47,2023-05,1342.5,1602.5,1602.5,19.37,,,,,,,,,,,,,,,,,,,,,,,,,,,,,2023-08,1517.5,13.04,,,,,,,,,,,,,,,,,,,,,,,,,,,,,,,,,,,tv_wilder_rsi14_sma5_v1,79.06,76.58,False,True,2.47
4427,4427.T,ＥｄｕＬａｂ,2023-07,OUT,3,32.37,32.85,True,False,0.48,2023-05,457.0,420.0,420.0,-8.1,,,,,,,,,,,,,,,,,,,,,,,,,,,,,2023-08,387.0,-15.32,,,,,,,,,,,,,,,,,,,,,,,,,,,,,,,,,,,tv_wilder_rsi14_sma5_v1,32.85,32.37,False,True,0.48
4429,4429.T,リックソフト,2023-07,OUT,4,42.46,43.24,True,False,0.78,2023-04,1617.0,1680.0,1680.0,3.9,,,,,,,,,,,,,,,,,,,,,,,,,,,,,2023-08,1658.0,2.54,,,,,,,,,,,,,,,,,,,,,,,,,,,,,,,,,,,tv_wilder_rsi14_sma5_v1,43.24,42.46,False,True,0.78
4430,4430.T,東海ソフト,2023-07,OUT,4,50.27,52.28,True,False,2.02,2023-04,1044.0,1074.0,1074.0,2.87,,,,,,,,,,,,,,,,,,,,,,,,,,,,,2023-08,1070.0,2.49,,,,,,,,,,,,,,,,,,,,,,,,,,,,,,,,,,,tv_wilder_rsi14_sma5_v1,52.28,50.27,False,True,2.02
4432,4432.T,ウイングアーク１ｓｔ,2023-07,OUT,4,55.83,61.49,True,True,5.66,2023-04,2210.0,2733.0,2733.0,23.67,,,,,,,,,,,,,,,,,,,,,,,,,,,,,2023-08,2495.0,12.9,,,,,,,,,,,,,,,,,,,,,,,,,,,,,,,,,,,tv_wilder_rsi14_sma5_v1,61.49,55.83,True,True,5.66
4433,4433.T,ヒト・コミュニケーションズ・ホールディングス,2023-07,OUT,2,45.36,45.88,True,False,0.52,2023-06,1552.0,1547.0,1547.0,-0.32,,,,,,,,,,,,,,,,,,,,,,,,,,,,,2023-08,1396.0,-10.05,,,,,,,,,,,,,,,,,,,,,,,,,,,,,,,,,,,tv_wilder_rsi14_sma5_v1,45.88,45.36,False,True,0.52
4471,4471.T,三洋化成工業,2023-07,OUT,2,41.17,44.14,True,True,2.97,2023-06,4240.0,4325.0,4325.0,2.0,,,,,,,,,,,,,,,,,,,,,,,,,,,,,2023-08,4140.0,-2.36,,,,,,,,,,,,,,,,,,,,,,,,,,,,,,,,,,,tv_wilder_rsi14_sma5_v1,44.14,41.17,True,True,2.97
4482,4482.T,ウィルズ,2023-07,OUT,3,41.55,42.14,False,False,0.59,2023-05,598.0,588.0,588.0,-1.67,,,,,,,,,,,,,,,,,,,,,,,,,,,,,2023-08,581.0,-2.84,,,,,,,,,,,,,,,,,,,,,,,,,,,,,,,,,,,tv_wilder_rsi14_sma5_v1,42.14,41.55,False,False,0.59
4483,4483.T,ＪＭＤＣ,2023-07,OUT,5,50.83,51.65,True,False,0.82,2023-03,4550.0,5429.0,5429.0,19.32,,,,,,,,,,,,,,,,,,,,,,,,,,,,,2023-08,4360.0,-4.18,,,,,,,,,,,,,,,,,,,,,,,,,,,,,,,,,,,tv_wilder_rsi14_sma5_v1,51.65,50.83,False,True,0.82
4491,4491.T,コンピューターマネージメント,2023-07,OUT,2,49.77,49.83,False,False,0.06,2023-06,1503.0,1488.0,1488.0,-1.0,,,,,,,,,,,,,,,,,,,,,,,,,,,,,2023-08,1456.0,-3.13,,,,,,,,,,,,,,,,,,,,,,,,,,,,,,,,,,,tv_wilder_rsi14_sma5_v1,49.83,49.77,False,False,0.06
4493,4493.T,サイバーセキュリティクラウド,2023-07,OUT,5,53.34,56.13,True,False,2.79,2023-03,1939.0,2775.0,2775.0,43.12,,,,,,,,,,,,,,,,,,,,,,,,,,,,,2023-08,2360.0,21.71,,,,,,,,,,,,,,,,,,,,,,,,,,,,,,,,,,,tv_wilder_rsi14_sma5_v1,56.13,53.34,False,True,2.79
4495,4495.T,アイキューブドシステムズ,2023-07,OUT,5,25.21,25.96,True,False,0.75,2023-03,1348.0,1442.0,1442.0,6.97,,,,,,,,,,,,,,,,,,,,,,,,,,,,,2023-08,1312.0,-2.67,,,,,,,,,,,,,,,,,,,,,,,,,,,,,,,,,,,tv_wilder_rsi14_sma5_v1,25.96,25.21,False,True,0.75
4498,4498.T,サイバートラスト,2023-07,OUT,4,47.59,48.6,True,False,1.01,2023-04,1203.5,1291.5,1291.5,7.31,,,,,,,,,,,,,,,,,,,,,,,,,,,,,2023-08,1207.0,0.29,,,,,,,,,,,,,,,,,,,,,,,,,,,,,,,,,,,tv_wilder_rsi14_sma5_v1,48.6,47.59,False,True,1.01
4531,4531.T,有機合成薬品工業,2023-07,OUT,2,49.86,50.41,True,False,0.55,2023-06,310.0,301.0,301.0,-2.9,,,,,,,,,,,,,,,,,,,,,,,,,,,,,2023-08,292.0,-5.81,,,,,,,,,,,,,,,,,,,,,,,,,,,,,,,,,,,tv_wilder_rsi14_sma5_v1,50.41,49.86,False,True,0.55
4543,4543.T,テルモ,2023-07,OUT,4,52.06,57.89,True,True,5.82,2023-04,2028.0,2325.5,2325.5,14.67,,,,,,,,,,,,,,,,,,,,,,,,,,,,,2023-08,2206.5,8.8,,,,,,,,,,,,,,,,,,,,,,,,,,,,,,,,,,,tv_wilder_rsi14_sma5_v1,57.89,52.06,True,True,5.82
4544,4544.T,Ｈ．Ｕ．グループホールディングス,2023-07,OUT,2,46.68,49.28,True,True,2.61,2023-06,2751.5,2808.0,2808.0,2.05,,,,,,,,,,,,,,,,,,,,,,,,,,,,,2023-08,2638.0,-4.13,,,,,,,,,,,,,,,,,,,,,,,,,,,,,,,,,,,tv_wilder_rsi14_sma5_v1,49.28,46.68,True,True,2.61
4549,4549.T,栄研化学,2023-07,OUT,2,37.8,37.9,True,False,0.11,2023-06,1539.0,1509.0,1509.0,-1.95,,,,,,,,,,,,,,,,,,,,,,,,,,,,,2023-08,1400.0,-9.03,,,,,,,,,,,,,,,,,,,,,,,,,,,,,,,,,,,tv_wilder_rsi14_sma5_v1,37.9,37.8,False,True,0.11
4552,4552.T,ＪＣＲファーマ,2023-07,OUT,1,33.12,34.13,True,True,1.02,2023-07,1350.0,1350.0,1350.0,0.0,,,,,,,,,,,,,,,,,,,,,,,,,,,,,2023-08,1276.0,-5.48,,,,,,,,,,,,,,,,,,,,,,,,,,,,,,,,,,,tv_wilder_rsi14_sma5_v1,34.13,33.12,True,True,1.02
4576,4576.T,デ・ウエスタン・セラピテクス研究所,2023-07,OUT,1,41.58,41.6,False,False,0.01,2023-07,205.0,205.0,205.0,0.0,,,,,,,,,,,,,,,,,,,,,,,,,,,,,2023-08,194.0,-5.37,,,,,,,,,,,,,,,,,,,,,,,,,,,,,,,,,,,tv_wilder_rsi14_sma5_v1,41.6,41.58,False,False,0.01
4582,4582.T,シンバイオ製薬,2023-07,OUT,2,38.06,38.12,False,False,0.06,2023-06,436.0,418.0,418.0,-4.13,,,,,,,,,,,,,,,,,,,,,,,,,,,,,2023-08,392.0,-10.09,,,,,,,,,,,,,,,,,,,,,,,,,,,,,,,,,,,tv_wilder_rsi14_sma5_v1,38.12,38.06,False,False,0.06
4612,4612.T,日本ペイントホールディングス,2023-07,OUT,2,50.79,54.42,True,True,3.63,2023-06,1183.0,1302.0,1302.0,10.06,,,,,,,,,,,,,,,,,,,,,,,,,,,,,2023-08,1126.0,-4.82,,,,,,,,,,,,,,,,,,,,,,,,,,,,,,,,,,,tv_wilder_rsi14_sma5_v1,54.42,50.79,True,True,3.63
4625,4625.T,アトミクス,2023-07,OUT,3,55.74,60.91,True,True,5.17,2023-05,685.0,733.0,733.0,7.01,,,,,,,,,,,,,,,,,,,,,,,,,,,,,2023-08,702.0,2.48,,,,,,,,,,,,,,,,,,,,,,,,,,,,,,,,,,,tv_wilder_rsi14_sma5_v1,60.91,55.74,True,True,5.17
4629,4629.T,大伸化学,2023-07,OUT,2,42.07,45.66,True,True,3.6,2023-06,1189.0,1214.0,1214.0,2.1,,,,,,,,,,,,,,,,,,,,,,,,,,,,,2023-08,1178.0,-0.93,,,,,,,,,,,,,,,,,,,,,,,,,,,,,,,,,,,tv_wilder_rsi14_sma5_v1,45.66,42.07,True,True,3.6
4631,4631.T,ＤＩＣ,2023-07,OUT,4,47.3,53.68,True,True,6.39,2023-04,2502.0,2681.0,2681.0,7.15,,,,,,,,,,,,,,,,,,,,,,,,,,,,,2023-08,2511.5,0.38,,,,,,,,,,,,,,,,,,,,,,,,,,,,,,,,,,,tv_wilder_rsi14_sma5_v1,53.68,47.3,True,True,6.39
4651,4651.T,サニックスホールディングス,2023-07,OUT,6,58.62,63.39,True,True,4.77,2023-02,277.0,357.0,357.0,28.88,,,,,,,,,,,,,,,,,,,,,,,,,,,,,2023-08,294.0,6.14,,,,,,,,,,,,,,,,,,,,,,,,,,,,,,,,,,,tv_wilder_rsi14_sma5_v1,63.39,58.62,True,True,4.77
4661,4661.T,オリエンタルランド,2023-07,OUT,7,69.98,71.55,True,False,1.57,2023-01,4316.0,5450.0,5450.0,26.27,,,,,,,,,,,,,,,,,,,,,,,,,,,,,2023-08,5249.0,21.62,,,,,,,,,,,,,,,,,,,,,,,,,,,,,,,,,,,tv_wilder_rsi14_sma5_v1,71.55,69.98,False,True,1.57
4668,4668.T,明光ネットワークジャパン,2023-07,OUT,2,51.96,55.74,True,True,3.77,2023-06,652.0,675.0,675.0,3.53,,,,,,,,,,,,,,,,,,,,,,,,,,,,,2023-08,648.0,-0.61,,,,,,,,,,,,,,,,,,,,,,,,,,,,,,,,,,,tv_wilder_rsi14_sma5_v1,55.74,51.96,True,True,3.77
4673,4673.T,川崎地質,2023-07,OUT,4,48.27,49.55,True,True,1.28,2023-04,2415.0,2454.0,2454.0,1.61,,,,,,,,,,,,,,,,,,,,,,,,,,,,,2023-08,2391.0,-0.99,,,,,,,,,,,,,,,,,,,,,,,,,,,,,,,,,,,tv_wilder_rsi14_sma5_v1,49.55,48.27,True,True,1.28
4674,4674.T,クレスコ,2023-07,OUT,4,53.75,57.98,True,False,4.23,2023-04,894.0,1036.0,1036.0,15.88,,,,,,,,,,,,,,,,,,,,,,,,,,,,,2023-08,950.0,6.26,,,,,,,,,,,,,,,,,,,,,,,,,,,,,,,,,,,tv_wilder_rsi14_sma5_v1,57.98,53.75,False,True,4.23
4686,4686.T,ジャストシステム,2023-07,OUT,7,44.44,46.61,True,True,2.18,2023-01,3210.0,4044.0,4044.0,25.98,,,,,,,,,,,,,,,,,,,,,,,,,,,,,2023-08,3017.0,-6.01,,,,,,,,,,,,,,,,,,,,,,,,,,,,,,,,,,,tv_wilder_rsi14_sma5_v1,46.61,44.44,True,True,2.18
4687,4687.T,ＴＤＣソフト,2023-07,OUT,2,67.9,76.57,True,True,8.67,2023-06,900.0,972.5,972.5,8.06,,,,,,,,,,,,,,,,,,,,,,,,,,,,,2023-08,848.0,-5.78,,,,,,,,,,,,,,,,,,,,,,,,,,,,,,,,,,,tv_wilder_rsi14_sma5_v1,76.57,67.9,True,True,8.67
4694,4694.T,ビー・エム・エル,2023-07,OUT,1,42.0,42.66,False,True,0.66,2023-07,3005.0,3005.0,3005.0,0.0,,,,,,,,,,,,,,,,,,,,,,,,,,,,,2023-08,2895.0,-3.66,,,,,,,,,,,,,,,,,,,,,,,,,,,,,,,,,,,tv_wilder_rsi14_sma5_v1,42.66,42.0,True,False,0.66
4704,4704.T,トレンドマイクロ,2023-07,OUT,5,50.77,50.88,True,False,0.12,2023-03,6470.0,6710.0,6710.0,3.71,,,,,,,,,,,,,,,,,,,,,,,,,,,,,2023-08,6189.0,-4.34,,,,,,,,,,,,,,,,,,,,,,,,,,,,,,,,,,,tv_wilder_rsi14_sma5_v1,50.88,50.77,False,True,0.12
4712,4712.T,ＫｅｙＨｏｌｄｅｒ,2023-07,OUT,6,58.87,59.36,True,False,0.49,2023-02,956.0,1013.0,1013.0,5.96,,,,,,,,,,,,,,,,,,,,,,,,,,,,,2023-08,865.0,-9.52,,,,,,,,,,,,,,,,,,,,,,,,,,,,,,,,,,,tv_wilder_rsi14_sma5_v1,59.36,58.87,False,True,0.49
4725,4725.T,ＣＡＣ　Ｈｏｌｄｉｎｇｓ,2023-07,OUT,6,63.65,64.29,True,True,0.63,2023-02,1636.0,1723.0,1723.0,5.32,,,,,,,,,,,,,,,,,,,,,,,,,,,,,2023-08,1709.0,4.46,,,,,,,,,,,,,,,,,,,,,,,,,,,,,,,,,,,tv_wilder_rsi14_sma5_v1,64.29,63.65,True,True,0.63
4728,4728.T,トーセ,2023-07,OUT,4,45.35,46.74,True,False,1.39,2023-04,739.0,754.0,754.0,2.03,,,,,,,,,,,,,,,,,,,,,,,,,,,,,2023-08,738.0,-0.14,,,,,,,,,,,,,,,,,,,,,,,,,,,,,,,,,,,tv_wilder_rsi14_sma5_v1,46.74,45.35,False,True,1.39
4761,4761.T,さくらケーシーエス,2023-07,OUT,7,48.93,48.93,True,False,0.0,2023-01,813.0,816.0,816.0,0.37,,,,,,,,,,,,,,,,,,,,,,,,,,,,,2023-08,817.0,0.49,,,,,,,,,,,,,,,,,,,,,,,,,,,,,,,,,,,tv_wilder_rsi14_sma5_v1,48.93,48.93,False,True,0.0
4771,4771.T,エフアンドエム,2023-07,OUT,2,55.34,64.34,True,True,9.0,2023-06,2553.0,2974.0,2974.0,16.49,,,,,,,,,,,,,,,,,,,,,,,,,,,,,2023-08,2408.0,-5.68,,,,,,,,,,,,,,,,,,,,,,,,,,,,,,,,,,,tv_wilder_rsi14_sma5_v1,64.34,55.34,True,True,9.0
4772,4772.T,ＳＭ　ＥＮＴＥＲＴＡＩＮＭＥＮＴ　ＪＡＰＡＮ,2023-07,OUT,7,57.42,65.75,True,True,8.34,2023-01,142.0,339.0,339.0,138.73,,,,,,,,,,,,,,,,,,,,,,,,,,,,,2023-08,231.0,62.68,,,,,,,,,,,,,,,,,,,,,,,,,,,,,,,,,,,tv_wilder_rsi14_sma5_v1,65.75,57.42,True,True,8.34
4777,4777.T,ガーラ,2023-07,OUT,1,49.03,49.44,False,True,0.41,2023-07,399.0,399.0,399.0,0.0,,,,,,,,,,,,,,,,,,,,,,,,,,,,,2023-08,346.0,-13.28,,,,,,,,,,,,,,,,,,,,,,,,,,,,,,,,,,,tv_wilder_rsi14_sma5_v1,49.44,49.03,True,False,0.41
4783,4783.T,ＮＣＤ,2023-07,OUT,6,65.06,73.34,True,True,8.28,2023-02,801.0,1017.0,1017.0,26.97,,,,,,,,,,,,,,,,,,,,,,,,,,,,,2023-08,954.0,19.1,,,,,,,,,,,,,,,,,,,,,,,,,,,,,,,,,,,tv_wilder_rsi14_sma5_v1,73.34,65.06,True,True,8.28
4800,4800.T,オリコン,2023-07,OUT,1,51.5,51.6,False,True,0.09,2023-07,997.0,997.0,997.0,0.0,,,,,,,,,,,,,,,,,,,,,,,,,,,,,2023-08,798.0,-19.96,,,,,,,,,,,,,,,,,,,,,,,,,,,,,,,,,,,tv_wilder_rsi14_sma5_v1,51.6,51.5,True,False,0.09
4814,4814.T,ネクストウェア,2023-07,OUT,2,52.0,52.27,False,False,0.27,2023-06,201.0,200.0,200.0,-0.5,,,,,,,,,,,,,,,,,,,,,,,,,,,,,2023-08,190.0,-5.47,,,,,,,,,,,,,,,,,,,,,,,,,,,,,,,,,,,tv_wilder_rsi14_sma5_v1,52.27,52.0,False,False,0.27
4820,4820.T,イーエムシステムズ,2023-07,OUT,1,47.87,49.82,True,True,1.96,2023-07,851.0,851.0,851.0,0.0,,,,,,,,,,,,,,,,,,,,,,,,,,,,,2023-08,745.0,-12.46,,,,,,,,,,,,,,,,,,,,,,,,,,,,,,,,,,,tv_wilder_rsi14_sma5_v1,49.82,47.87,True,True,1.96
4829,4829.T,日本エンタープライズ,2023-07,OUT,6,38.0,38.52,True,False,0.52,2023-02,134.0,136.0,136.0,1.49,,,,,,,,,,,,,,,,,,,,,,,,,,,,,2023-08,133.0,-0.75,,,,,,,,,,,,,,,,,,,,,,,,,,,,,,,,,,,tv_wilder_rsi14_sma5_v1,38.52,38.0,False,True,0.52
4902,4902.T,コニカミノルタ,2023-07,OUT,1,49.55,49.9,False,True,0.35,2023-07,526.2,526.2,526.2,0.0,,,,,,,,,,,,,,,,,,,,,,,,,,,,,2023-08,450.5,-14.39,,,,,,,,,,,,,,,,,,,,,,,,,,,,,,,,,,,tv_wilder_rsi14_sma5_v1,49.9,49.55,True,False,0.35
4919,4919.T,ミルボン,2023-07,OUT,1,44.91,45.32,False,True,0.4,2023-07,5115.0,5115.0,5115.0,0.0,,,,,,,,,,,,,,,,,,,,,,,,,,,,,2023-08,4506.0,-11.91,,,,,,,,,,,,,,,,,,,,,,,,,,,,,,,,,,,tv_wilder_rsi14_sma5_v1,45.32,44.91,True,False,0.4
4920,4920.T,日本色材工業研究所,2023-07,OUT,16,64.85,70.65,True,True,5.8,2022-04,880.0,2070.0,2070.0,135.23,,,,,,,,,,,,,,,,,,,,,,,,,,,,,2023-08,1947.0,121.25,,,,,,,,,,,,,,,,,,,,,,,,,,,,,,,,,,,tv_wilder_rsi14_sma5_v1,70.65,64.85,True,True,5.8
4927,4927.T,ポーラ・オルビスホールディングス,2023-07,OUT,4,49.6,54.47,True,False,4.87,2023-04,1888.0,2086.0,2086.0,10.49,,,,,,,,,,,,,,,,,,,,,,,,,,,,,2023-08,1880.5,-0.4,,,,,,,,,,,,,,,,,,,,,,,,,,,,,,,,,,,tv_wilder_rsi14_sma5_v1,54.47,49.6,False,True,4.87
4936,4936.T,アクシージア,2023-07,OUT,2,46.72,47.66,False,False,0.94,2023-06,1425.0,1243.0,1243.0,-12.77,,,,,,,,,,,,,,,,,,,,,,,,,,,,,2023-08,1097.0,-23.02,,,,,,,,,,,,,,,,,,,,,,,,,,,,,,,,,,,tv_wilder_rsi14_sma5_v1,47.66,46.72,False,False,0.94
4937,4937.T,Ｗａｑｏｏ,2023-07,OUT,4,51.07,62.53,True,False,11.47,2023-04,1544.0,2552.0,2552.0,65.28,,,,,,,,,,,,,,,,,,,,,,,,,,,,,2023-08,1880.0,21.76,,,,,,,,,,,,,,,,,,,,,,,,,,,,,,,,,,,tv_wilder_rsi14_sma5_v1,62.53,51.07,False,True,11.47
4972,4972.T,綜研化学,2023-07,OUT,3,51.39,56.09,True,True,4.69,2023-05,881.0,959.5,959.5,8.91,,,,,,,,,,,,,,,,,,,,,,,,,,,,,2023-08,903.5,2.55,,,,,,,,,,,,,,,,,,,,,,,,,,,,,,,,,,,tv_wilder_rsi14_sma5_v1,56.09,51.39,True,True,4.69
4978,4978.T,リプロセル,2023-07,OUT,3,49.43,51.47,True,False,2.03,2023-05,273.0,283.0,283.0,3.66,,,,,,,,,,,,,,,,,,,,,,,,,,,,,2023-08,257.0,-5.86,,,,,,,,,,,,,,,,,,,,,,,,,,,,,,,,,,,tv_wilder_rsi14_sma5_v1,51.47,49.43,False,True,2.03
4979,4979.T,ＯＡＴアグリオ,2023-07,OUT,3,61.99,68.57,True,False,6.58,2023-05,1787.0,2014.0,2014.0,12.7,,,,,,,,,,,,,,,,,,,,,,,,,,,,,2023-08,1746.0,-2.29,,,,,,,,,,,,,,,,,,,,,,,,,,,,,,,,,,,tv_wilder_rsi14_sma5_v1,68.57,61.99,False,True,6.58
4985,4985.T,アース製薬,2023-07,OUT,4,40.45,43.04,True,True,2.59,2023-04,4975.0,5080.0,5080.0,2.11,,,,,,,,,,,,,,,,,,,,,,,,,,,,,2023-08,4955.0,-0.4,,,,,,,,,,,,,,,,,,,,,,,,,,,,,,,,,,,tv_wilder_rsi14_sma5_v1,43.04,40.45,True,True,2.59
4997,4997.T,日本農薬,2023-07,OUT,2,52.19,56.34,True,True,4.15,2023-06,714.0,741.0,741.0,3.78,,,,,,,,,,,,,,,,,,,,,,,,,,,,,2023-08,689.0,-3.5,,,,,,,,,,,,,,,,,,,,,,,,,,,,,,,,,,,tv_wilder_rsi14_sma5_v1,56.34,52.19,True,True,4.15
5010,5010.T,日本精蝋,2023-07,OUT,2,21.15,21.49,True,False,0.34,2023-06,118.0,118.0,118.0,0.0,,,,,,,,,,,,,,,,,,,,,,,,,,,,,2023-08,111.0,-5.93,,,,,,,,,,,,,,,,,,,,,,,,,,,,,,,,,,,tv_wilder_rsi14_sma5_v1,21.49,21.15,False,True,0.34
5101,5101.T,横浜ゴム,2023-07,OUT,6,70.3,72.85,True,True,2.56,2023-02,2584.0,3183.0,3183.0,23.18,,,,,,,,,,,,,,,,,,,,,,,,,,,,,2023-08,2964.5,14.73,,,,,,,,,,,,,,,,,,,,,,,,,,,,,,,,,,,tv_wilder_rsi14_sma5_v1,72.85,70.3,True,True,2.56
5108,5108.T,ブリヂストン,2023-07,OUT,6,60.8,63.46,True,True,2.66,2023-02,2612.5,2946.5,2946.5,12.78,,,,,,,,,,,,,,,,,,,,,,,,,,,,,2023-08,2830.5,8.34,,,,,,,,,,,,,,,,,,,,,,,,,,,,,,,,,,,tv_wilder_rsi14_sma5_v1,63.46,60.8,True,True,2.66
5199,5199.T,不二ラテックス,2023-07,OUT,1,44.72,45.05,False,True,0.33,2023-07,1938.0,1938.0,1938.0,0.0,,,,,,,,,,,,,,,,,,,,,,,,,,,,,2023-08,1904.0,-1.75,,,,,,,,,,,,,,,,,,,,,,,,,,,,,,,,,,,tv_wilder_rsi14_sma5_v1,45.05,44.72,True,False,0.33
5201,5201.T,ＡＧＣ,2023-07,OUT,7,57.93,58.84,True,False,0.91,2023-01,4765.0,5136.0,5136.0,7.79,,,,,,,,,,,,,,,,,,,,,,,,,,,,,2023-08,5113.0,7.3,,,,,,,,,,,,,,,,,,,,,,,,,,,,,,,,,,,tv_wilder_rsi14_sma5_v1,58.84,57.93,False,True,0.91
5268,5268.T,旭コンクリート工業,2023-07,OUT,3,48.73,53.21,True,True,4.48,2023-05,688.0,710.0,710.0,3.2,,,,,,,,,,,,,,,,,,,,,,,,,,,,,2023-08,698.0,1.45,,,,,,,,,,,,,,,,,,,,,,,,,,,,,,,,,,,tv_wilder_rsi14_sma5_v1,53.21,48.73,True,True,4.48
5279,5279.T,日本興業,2023-07,OUT,7,55.36,61.06,True,True,5.7,2023-01,710.0,810.0,810.0,14.08,,,,,,,,,,,,,,,,,,,,,,,,,,,,,2023-08,769.0,8.31,,,,,,,,,,,,,,,,,,,,,,,,,,,,,,,,,,,tv_wilder_rsi14_sma5_v1,61.06,55.36,True,True,5.7
5280,5280.T,ヨシコン,2023-07,OUT,10,58.38,67.06,True,True,8.68,2022-10,1042.0,1240.0,1240.0,19.0,,,,,,,,,,,,,,,,,,,,,,,,,,,,,2023-08,1132.0,8.64,,,,,,,,,,,,,,,,,,,,,,,,,,,,,,,,,,,tv_wilder_rsi14_sma5_v1,67.06,58.38,True,True,8.68
5290,5290.T,ベルテクスコーポレーション,2023-07,OUT,3,72.45,75.27,True,False,2.82,2023-05,724.5,778.0,778.0,7.38,,,,,,,,,,,,,,,,,,,,,,,,,,,,,2023-08,755.5,4.28,,,,,,,,,,,,,,,,,,,,,,,,,,,,,,,,,,,tv_wilder_rsi14_sma5_v1,75.27,72.45,False,True,2.82
5301,5301.T,東海カーボン,2023-07,OUT,2,52.92,53.32,False,False,0.4,2023-06,1318.0,1263.0,1263.0,-4.17,,,,,,,,,,,,,,,,,,,,,,,,,,,,,2023-08,1152.0,-12.59,,,,,,,,,,,,,,,,,,,,,,,,,,,,,,,,,,,tv_wilder_rsi14_sma5_v1,53.32,52.92,False,False,0.4
5332,5332.T,ＴＯＴＯ,2023-07,OUT,1,45.33,45.36,False,True,0.04,2023-07,4371.0,4371.0,4371.0,0.0,,,,,,,,,,,,,,,,,,,,,,,,,,,,,2023-08,3995.0,-8.6,,,,,,,,,,,,,,,,,,,,,,,,,,,,,,,,,,,tv_wilder_rsi14_sma5_v1,45.36,45.33,True,False,0.04
5367,5367.T,ニッカトー,2023-07,OUT,2,53.53,55.65,True,True,2.12,2023-06,649.0,659.0,659.0,1.54,,,,,,,,,,,,,,,,,,,,,,,,,,,,,2023-08,612.0,-5.7,,,,,,,,,,,,,,,,,,,,,,,,,,,,,,,,,,,tv_wilder_rsi14_sma5_v1,55.65,53.53,True,True,2.12
5381,5381.T,マイポックス,2023-07,OUT,3,47.31,48.03,True,False,0.72,2023-05,639.0,628.0,628.0,-1.72,,,,,,,,,,,,,,,,,,,,,,,,,,,,,2023-08,541.0,-15.34,,,,,,,,,,,,,,,,,,,,,,,,,,,,,,,,,,,tv_wilder_rsi14_sma5_v1,48.03,47.31,False,True,0.72
543A,543A.T,ＡＲＣＨＩＯＮ,2023-07,OUT,3,39.67,40.06,True,False,0.39,2023-05,621.0,569.0,569.0,-8.37,,,,,,,,,,,,,,,,,,,,,,,,,,,,,2023-08,571.1,-8.04,,,,,,,,,,,,,,,,,,,,,,,,,,,,,,,,,,,tv_wilder_rsi14_sma5_v1,40.06,39.67,False,True,0.39
5440,5440.T,共英製鋼,2023-07,OUT,7,63.77,69.93,True,True,6.16,2023-01,1414.0,2137.0,2137.0,51.13,,,,,,,,,,,,,,,,,,,,,,,,,,,,,2023-08,1941.0,37.27,,,,,,,,,,,,,,,,,,,,,,,,,,,,,,,,,,,tv_wilder_rsi14_sma5_v1,69.93,63.77,True,True,6.16
547A,547A.T,ムニノバホールディングス,2023-07,OUT,1,48.57,50.42,False,True,1.85,2023-07,357.0,357.0,357.0,0.0,,,,,,,,,,,,,,,,,,,,,,,,,,,,,2023-08,346.0,-3.08,,,,,,,,,,,,,,,,,,,,,,,,,,,,,,,,,,,tv_wilder_rsi14_sma5_v1,50.42,48.57,True,False,1.85
5491,5491.T,日本金属,2023-07,OUT,2,46.27,47.17,True,True,0.9,2023-06,935.0,939.0,939.0,0.43,,,,,,,,,,,,,,,,,,,,,,,,,,,,,2023-08,910.0,-2.67,,,,,,,,,,,,,,,,,,,,,,,,,,,,,,,,,,,tv_wilder_rsi14_sma5_v1,47.17,46.27,True,True,0.9
5541,5541.T,大平洋金属,2023-07,OUT,1,42.14,42.14,False,True,0.0,2023-07,1661.0,1661.0,1661.0,0.0,,,,,,,,,,,,,,,,,,,,,,,,,,,,,2023-08,1592.0,-4.15,,,,,,,,,,,,,,,,,,,,,,,,,,,,,,,,,,,tv_wilder_rsi14_sma5_v1,42.14,42.14,True,False,0.0
5542,5542.T,新報国マテリアル,2023-07,OUT,6,54.36,56.64,True,False,2.27,2023-02,584.5,637.5,637.5,9.07,,,,,,,,,,,,,,,,,,,,,,,,,,,,,2023-08,599.5,2.57,,,,,,,,,,,,,,,,,,,,,,,,,,,,,,,,,,,tv_wilder_rsi14_sma5_v1,56.64,54.36,False,True,2.27
5612,5612.T,日本鋳鉄管,2023-07,OUT,7,48.56,56.68,True,True,8.11,2023-01,989.0,1145.0,1145.0,15.77,,,,,,,,,,,,,,,,,,,,,,,,,,,,,2023-08,1068.0,7.99,,,,,,,,,,,,,,,,,,,,,,,,,,,,,,,,,,,tv_wilder_rsi14_sma5_v1,56.68,48.56,True,True,8.11
5632,5632.T,三菱製鋼,2023-07,OUT,2,59.88,71.73,True,True,11.85,2023-06,1378.0,1726.0,1726.0,25.25,,,,,,,,,,,,,,,,,,,,,,,,,,,,,2023-08,1422.0,3.19,,,,,,,,,,,,,,,,,,,,,,,,,,,,,,,,,,,tv_wilder_rsi14_sma5_v1,71.73,59.88,True,True,11.85
5658,5658.T,日亜鋼業,2023-07,OUT,9,59.58,62.33,True,True,2.75,2022-11,237.0,321.0,321.0,35.44,,,,,,,,,,,,,,,,,,,,,,,,,,,,,2023-08,312.0,31.65,,,,,,,,,,,,,,,,,,,,,,,,,,,,,,,,,,,tv_wilder_rsi14_sma5_v1,62.33,59.58,True,True,2.75
5699,5699.T,イボキン,2023-07,OUT,1,44.72,44.85,False,True,0.13,2023-07,1229.0,1229.0,1229.0,0.0,,,,,,,,,,,,,,,,,,,,,,,,,,,,,2023-08,1188.0,-3.34,,,,,,,,,,,,,,,,,,,,,,,,,,,,,,,,,,,tv_wilder_rsi14_sma5_v1,44.85,44.72,True,False,0.13
5707,5707.T,東邦亜鉛,2023-07,OUT,1,41.4,41.58,False,True,0.19,2023-07,1769.0,1769.0,1769.0,0.0,,,,,,,,,,,,,,,,,,,,,,,,,,,,,2023-08,1679.0,-5.09,,,,,,,,,,,,,,,,,,,,,,,,,,,,,,,,,,,tv_wilder_rsi14_sma5_v1,41.58,41.4,True,False,0.19
5711,5711.T,三菱マテリアル,2023-07,OUT,9,55.92,60.84,True,False,4.92,2022-11,2187.0,2541.0,2541.0,16.19,,,,,,,,,,,,,,,,,,,,,,,,,,,,,2023-08,2446.5,11.87,,,,,,,,,,,,,,,,,,,,,,,,,,,,,,,,,,,tv_wilder_rsi14_sma5_v1,60.84,55.92,False,True,4.92
5713,5713.T,住友金属鉱山,2023-07,OUT,1,52.15,53.55,False,True,1.4,2023-07,4914.0,4914.0,4914.0,0.0,,,,,,,,,,,,,,,,,,,,,,,,,,,,,2023-08,4520.0,-8.02,,,,,,,,,,,,,,,,,,,,,,,,,,,,,,,,,,,tv_wilder_rsi14_sma5_v1,53.55,52.15,True,False,1.4
5801,5801.T,古河電気工業,2023-07,OUT,2,51.04,57.35,True,True,6.31,2023-06,253.7,272.65,272.65,7.47,,,,,,,,,,,,,,,,,,,,,,,,,,,,,2023-08,250.5,-1.26,,,,,,,,,,,,,,,,,,,,,,,,,,,,,,,,,,,tv_wilder_rsi14_sma5_v1,57.35,51.04,True,True,6.31
5816,5816.T,オーナンバ,2023-07,OUT,3,72.59,73.44,True,False,0.85,2023-05,930.0,932.0,932.0,0.22,,,,,,,,,,,,,,,,,,,,,,,,,,,,,2023-08,900.0,-3.23,,,,,,,,,,,,,,,,,,,,,,,,,,,,,,,,,,,tv_wilder_rsi14_sma5_v1,73.44,72.59,False,True,0.85
5820,5820.T,三ッ星,2023-07,OUT,5,61.37,63.05,True,True,1.68,2023-03,2370.0,2522.0,2522.0,6.41,,,,,,,,,,,,,,,,,,,,,,,,,,,,,2023-08,2144.0,-9.54,,,,,,,,,,,,,,,,,,,,,,,,,,,,,,,,,,,tv_wilder_rsi14_sma5_v1,63.05,61.37,True,True,1.68
5821,5821.T,平河ヒューテック,2023-07,OUT,2,63.53,69.2,True,True,5.68,2023-06,1587.0,1766.0,1766.0,11.28,,,,,,,,,,,,,,,,,,,,,,,,,,,,,2023-08,1494.0,-5.86,,,,,,,,,,,,,,,,,,,,,,,,,,,,,,,,,,,tv_wilder_rsi14_sma5_v1,69.2,63.53,True,True,5.68
5915,5915.T,駒井ハルテック,2023-07,OUT,7,51.5,55.62,True,True,4.12,2023-01,1551.0,1944.0,1944.0,25.34,,,,,,,,,,,,,,,,,,,,,,,,,,,,,2023-08,1833.0,18.18,,,,,,,,,,,,,,,,,,,,,,,,,,,,,,,,,,,tv_wilder_rsi14_sma5_v1,55.62,51.5,True,True,4.12
5922,5922.T,那須電機鉄工,2023-07,OUT,9,52.78,54.7,True,True,1.91,2022-11,7930.0,9280.0,9280.0,17.02,,,,,,,,,,,,,,,,,,,,,,,,,,,,,2023-08,8970.0,13.11,,,,,,,,,,,,,,,,,,,,,,,,,,,,,,,,,,,tv_wilder_rsi14_sma5_v1,54.7,52.78,True,True,1.91
5940,5940.T,不二サッシ,2023-07,OUT,4,51.99,69.42,True,True,17.43,2023-04,670.0,910.0,910.0,35.82,,,,,,,,,,,,,,,,,,,,,,,,,,,,,2023-08,800.0,19.4,,,,,,,,,,,,,,,,,,,,,,,,,,,,,,,,,,,tv_wilder_rsi14_sma5_v1,69.42,51.99,True,True,17.43
5945,5945.T,天龍製鋸,2023-07,OUT,2,55.66,59.48,False,True,3.81,2023-06,1595.0,1615.0,1615.0,1.25,,,,,,,,,,,,,,,,,,,,,,,,,,,,,2023-08,1580.0,-0.94,,,,,,,,,,,,,,,,,,,,,,,,,,,,,,,,,,,tv_wilder_rsi14_sma5_v1,59.48,55.66,True,False,3.81
5946,5946.T,長府製作所,2023-07,OUT,7,63.9,66.01,True,True,2.11,2023-01,2111.0,2500.0,2500.0,18.43,,,,,,,,,,,,,,,,,,,,,,,,,,,,,2023-08,2154.0,2.04,,,,,,,,,,,,,,,,,,,,,,,,,,,,,,,,,,,tv_wilder_rsi14_sma5_v1,66.01,63.9,True,True,2.11
5957,5957.T,日東精工,2023-07,OUT,6,56.0,57.72,True,True,1.72,2023-02,532.0,605.0,605.0,13.72,,,,,,,,,,,,,,,,,,,,,,,,,,,,,2023-08,564.0,6.02,,,,,,,,,,,,,,,,,,,,,,,,,,,,,,,,,,,tv_wilder_rsi14_sma5_v1,57.72,56.0,True,True,1.72
5966,5966.T,京都機械工具,2023-07,OUT,7,58.44,63.35,True,True,4.92,2023-01,1990.0,2138.0,2138.0,7.44,,,,,,,,,,,,,,,,,,,,,,,,,,,,,2023-08,2088.0,4.92,,,,,,,,,,,,,,,,,,,,,,,,,,,,,,,,,,,tv_wilder_rsi14_sma5_v1,63.35,58.44,True,True,4.92
5969,5969.T,ロブテックス,2023-07,OUT,1,58.95,60.4,True,True,1.45,2023-07,1300.0,1300.0,1300.0,0.0,,,,,,,,,,,,,,,,,,,,,,,,,,,,,2023-08,1214.0,-6.62,,,,,,,,,,,,,,,,,,,,,,,,,,,,,,,,,,,tv_wilder_rsi14_sma5_v1,60.4,58.95,True,True,1.45
5981,5981.T,東京製綱,2023-07,OUT,1,57.21,61.06,False,True,3.85,2023-07,1288.0,1288.0,1288.0,0.0,,,,,,,,,,,,,,,,,,,,,,,,,,,,,2023-08,1169.0,-9.24,,,,,,,,,,,,,,,,,,,,,,,,,,,,,,,,,,,tv_wilder_rsi14_sma5_v1,61.06,57.21,True,False,3.85
5982,5982.T,マルゼン,2023-07,OUT,7,57.34,59.54,True,True,2.19,2023-01,1810.0,2116.0,2116.0,16.91,,,,,,,,,,,,,,,,,,,,,,,,,,,,,2023-08,2030.0,12.15,,,,,,,,,,,,,,,,,,,,,,,,,,,,,,,,,,,tv_wilder_rsi14_sma5_v1,59.54,57.34,True,True,2.19
6034,6034.T,ＭＲＴ,2023-07,OUT,2,46.07,47.35,True,True,1.28,2023-06,1275.0,1296.0,1296.0,1.65,,,,,,,,,,,,,,,,,,,,,,,,,,,,,2023-08,1185.0,-7.06,,,,,,,,,,,,,,,,,,,,,,,,,,,,,,,,,,,tv_wilder_rsi14_sma5_v1,47.35,46.07,True,True,1.28
6039,6039.T,日本動物高度医療センター,2023-07,OUT,1,45.2,46.52,False,True,1.31,2023-07,367.8,367.8,367.8,0.0,,,,,,,,,,,,,,,,,,,,,,,,,,,,,2023-08,358.8,-2.45,,,,,,,,,,,,,,,,,,,,,,,,,,,,,,,,,,,tv_wilder_rsi14_sma5_v1,46.52,45.2,True,False,1.31
6046,6046.T,リンクバル,2023-07,OUT,1,45.39,46.69,True,True,1.3,2023-07,243.0,243.0,243.0,0.0,,,,,,,,,,,,,,,,,,,,,,,,,,,,,2023-08,205.0,-15.64,,,,,,,,,,,,,,,,,,,,,,,,,,,,,,,,,,,tv_wilder_rsi14_sma5_v1,46.69,45.39,True,True,1.3
6062,6062.T,チャーム・ケア・コーポレーション,2023-07,OUT,3,51.54,56.87,True,True,5.33,2023-05,1195.0,1369.0,1369.0,14.56,,,,,,,,,,,,,,,,,,,,,,,,,,,,,2023-08,1189.0,-0.5,,,,,,,,,,,,,,,,,,,,,,,,,,,,,,,,,,,tv_wilder_rsi14_sma5_v1,56.87,51.54,True,True,5.33
6070,6070.T,キャリアリンク,2023-07,OUT,3,59.3,61.57,True,False,2.27,2023-05,2742.0,2948.0,2948.0,7.51,,,,,,,,,,,,,,,,,,,,,,,,,,,,,2023-08,2396.0,-12.62,,,,,,,,,,,,,,,,,,,,,,,,,,,,,,,,,,,tv_wilder_rsi14_sma5_v1,61.57,59.3,False,True,2.27
6071,6071.T,ＩＢＪ,2023-07,OUT,1,41.6,43.64,False,True,2.04,2023-07,711.0,711.0,711.0,0.0,,,,,,,,,,,,,,,,,,,,,,,,,,,,,2023-08,614.0,-13.64,,,,,,,,,,,,,,,,,,,,,,,,,,,,,,,,,,,tv_wilder_rsi14_sma5_v1,43.64,41.6,True,False,2.04
6072,6072.T,地盤ネットホールディングス,2023-07,OUT,6,40.33,40.96,True,False,0.63,2023-02,136.0,137.0,137.0,0.74,,,,,,,,,,,,,,,,,,,,,,,,,,,,,2023-08,128.0,-5.88,,,,,,,,,,,,,,,,,,,,,,,,,,,,,,,,,,,tv_wilder_rsi14_sma5_v1,40.96,40.33,False,True,0.63
6073,6073.T,アサンテ,2023-07,OUT,2,51.48,54.75,True,True,3.27,2023-06,1703.0,1714.0,1714.0,0.65,,,,,,,,,,,,,,,,,,,,,,,,,,,,,2023-08,1624.0,-4.64,,,,,,,,,,,,,,,,,,,,,,,,,,,,,,,,,,,tv_wilder_rsi14_sma5_v1,54.75,51.48,True,True,3.27
6074,6074.T,ジェイエスエス,2023-07,OUT,2,60.06,62.49,True,True,2.43,2023-06,576.0,592.0,592.0,2.78,,,,,,,,,,,,,,,,,,,,,,,,,,,,,2023-08,534.0,-7.29,,,,,,,,,,,,,,,,,,,,,,,,,,,,,,,,,,,tv_wilder_rsi14_sma5_v1,62.49,60.06,True,True,2.43
6082,6082.T,ライドオンエクスプレスホールディングス,2023-07,OUT,2,40.08,40.99,False,True,0.91,2023-06,1055.0,1064.0,1064.0,0.85,,,,,,,,,,,,,,,,,,,,,,,,,,,,,2023-08,1013.0,-3.98,,,,,,,,,,,,,,,,,,,,,,,,,,,,,,,,,,,tv_wilder_rsi14_sma5_v1,40.99,40.08,True,False,0.91
6092,6092.T,エンバイオ・ホールディングス,2023-07,OUT,1,48.83,49.24,False,True,0.41,2023-07,680.0,680.0,680.0,0.0,,,,,,,,,,,,,,,,,,,,,,,,,,,,,2023-08,641.0,-5.74,,,,,,,,,,,,,,,,,,,,,,,,,,,,,,,,,,,tv_wilder_rsi14_sma5_v1,49.24,48.83,True,False,0.41
6103,6103.T,オークマ,2023-07,OUT,7,63.35,64.84,True,False,1.49,2023-01,2620.0,3601.0,3601.0,37.44,,,,,,,,,,,,,,,,,,,,,,,,,,,,,2023-08,3417.5,30.44,,,,,,,,,,,,,,,,,,,,,,,,,,,,,,,,,,,tv_wilder_rsi14_sma5_v1,64.84,63.35,False,True,1.49
6104,6104.T,芝浦機械,2023-07,OUT,7,63.88,67.45,True,False,3.57,2023-01,2831.0,4540.0,4540.0,60.37,,,,,,,,,,,,,,,,,,,,,,,,,,,,,2023-08,4220.0,49.06,,,,,,,,,,,,,,,,,,,,,,,,,,,,,,,,,,,tv_wilder_rsi14_sma5_v1,67.45,63.88,False,True,3.57
6134,6134.T,ＦＵＪＩ,2023-07,OUT,7,55.4,61.06,True,True,5.66,2023-01,2151.0,2599.5,2599.5,20.85,,,,,,,,,,,,,,,,,,,,,,,,,,,,,2023-08,2405.0,11.81,,,,,,,,,,,,,,,,,,,,,,,,,,,,,,,,,,,tv_wilder_rsi14_sma5_v1,61.06,55.4,True,True,5.66
6143,6143.T,ソディック,2023-07,OUT,1,42.62,42.95,False,True,0.33,2023-07,726.0,726.0,726.0,0.0,,,,,,,,,,,,,,,,,,,,,,,,,,,,,2023-08,688.0,-5.23,,,,,,,,,,,,,,,,,,,,,,,,,,,,,,,,,,,tv_wilder_rsi14_sma5_v1,42.95,42.62,True,False,0.33
6147,6147.T,ヤマザキ,2023-07,OUT,3,46.15,51.79,True,False,5.64,2023-05,405.0,381.0,381.0,-5.93,,,,,,,,,,,,,,,,,,,,,,,,,,,,,2023-08,357.0,-11.85,,,,,,,,,,,,,,,,,,,,,,,,,,,,,,,,,,,tv_wilder_rsi14_sma5_v1,51.79,46.15,False,True,5.64
6155,6155.T,高松機械工業,2023-07,OUT,1,37.53,40.42,True,True,2.89,2023-07,560.0,560.0,560.0,0.0,,,,,,,,,,,,,,,,,,,,,,,,,,,,,2023-08,522.0,-6.79,,,,,,,,,,,,,,,,,,,,,,,,,,,,,,,,,,,tv_wilder_rsi14_sma5_v1,40.42,37.53,True,True,2.89
6161,6161.T,エスティック,2023-07,OUT,3,46.26,47.61,True,False,1.35,2023-05,940.0,985.0,985.0,4.79,,,,,,,,,,,,,,,,,,,,,,,,,,,,,2023-08,960.0,2.13,,,,,,,,,,,,,,,,,,,,,,,,,,,,,,,,,,,tv_wilder_rsi14_sma5_v1,47.61,46.26,False,True,1.35
6177,6177.T,ＡｐｐＢａｎｋ,2023-07,OUT,2,34.39,35.33,True,True,0.94,2023-06,123.0,124.0,124.0,0.81,,,,,,,,,,,,,,,,,,,,,,,,,,,,,2023-08,121.0,-1.63,,,,,,,,,,,,,,,,,,,,,,,,,,,,,,,,,,,tv_wilder_rsi14_sma5_v1,35.33,34.39,True,True,0.94
6186,6186.T,一蔵,2023-07,OUT,2,60.67,61.38,True,True,0.71,2023-06,598.0,612.0,612.0,2.34,,,,,,,,,,,,,,,,,,,,,,,,,,,,,2023-08,561.0,-6.19,,,,,,,,,,,,,,,,,,,,,,,,,,,,,,,,,,,tv_wilder_rsi14_sma5_v1,61.38,60.67,True,True,0.71
6190,6190.T,フェニックスバイオ,2023-07,OUT,2,43.9,44.05,False,False,0.15,2023-06,592.0,579.0,579.0,-2.2,,,,,,,,,,,,,,,,,,,,,,,,,,,,,2023-08,564.0,-4.73,,,,,,,,,,,,,,,,,,,,,,,,,,,,,,,,,,,tv_wilder_rsi14_sma5_v1,44.05,43.9,False,False,0.15
6200,6200.T,インソース,2023-07,OUT,1,51.23,51.53,True,True,0.3,2023-07,1254.0,1254.0,1254.0,0.0,,,,,,,,,,,,,,,,,,,,,,,,,,,,,2023-08,1100.0,-12.28,,,,,,,,,,,,,,,,,,,,,,,,,,,,,,,,,,,tv_wilder_rsi14_sma5_v1,51.53,51.23,True,True,0.3
6235,6235.T,オプトラン,2023-07,OUT,3,49.99,51.39,True,False,1.41,2023-05,2314.0,2355.0,2355.0,1.77,,,,,,,,,,,,,,,,,,,,,,,,,,,,,2023-08,1956.0,-15.47,,,,,,,,,,,,,,,,,,,,,,,,,,,,,,,,,,,tv_wilder_rsi14_sma5_v1,51.39,49.99,False,True,1.41
6250,6250.T,やまびこ,2023-07,OUT,7,60.68,64.91,True,False,4.23,2023-01,1133.0,1551.0,1551.0,36.89,,,,,,,,,,,,,,,,,,,,,,,,,,,,,2023-08,1475.0,30.19,,,,,,,,,,,,,,,,,,,,,,,,,,,,,,,,,,,tv_wilder_rsi14_sma5_v1,64.91,60.68,False,True,4.23
6254,6254.T,野村マイクロ・サイエンス,2023-07,OUT,3,61.45,64.92,True,False,3.47,2023-05,1540.0,1572.5,1572.5,2.11,,,,,,,,,,,,,,,,,,,,,,,,,,,,,2023-08,1460.0,-5.19,,,,,,,,,,,,,,,,,,,,,,,,,,,,,,,,,,,tv_wilder_rsi14_sma5_v1,64.92,61.45,False,True,3.47
6258,6258.T,平田機工,2023-07,OUT,10,60.99,62.42,True,False,1.42,2022-10,1453.33,2653.33,2653.33,82.57,,,,,,,,,,,,,,,,,,,,,,,,,,,,,2023-08,2603.33,79.13,,,,,,,,,,,,,,,,,,,,,,,,,,,,,,,,,,,tv_wilder_rsi14_sma5_v1,62.42,60.99,False,True,1.42
6272,6272.T,レオン自動機,2023-07,OUT,6,56.62,59.09,True,True,2.48,2023-02,1246.0,1451.0,1451.0,16.45,,,,,,,,,,,,,,,,,,,,,,,,,,,,,2023-08,1384.0,11.08,,,,,,,,,,,,,,,,,,,,,,,,,,,,,,,,,,,tv_wilder_rsi14_sma5_v1,59.09,56.62,True,True,2.48
6286,6286.T,靜甲,2023-07,OUT,1,59.07,60.4,False,True,1.34,2023-07,680.0,680.0,680.0,0.0,,,,,,,,,,,,,,,,,,,,,,,,,,,,,2023-08,665.0,-2.21,,,,,,,,,,,,,,,,,,,,,,,,,,,,,,,,,,,tv_wilder_rsi14_sma5_v1,60.4,59.07,True,False,1.34
6294,6294.T,オカダアイヨン,2023-07,OUT,9,73.6,79.08,True,False,5.48,2022-11,1547.0,2328.0,2328.0,50.48,,,,,,,,,,,,,,,,,,,,,,,,,,,,,2023-08,2246.0,45.18,,,,,,,,,,,,,,,,,,,,,,,,,,,,,,,,,,,tv_wilder_rsi14_sma5_v1,79.08,73.6,False,True,5.48
6310,6310.T,井関農機,2023-07,OUT,2,44.99,48.07,True,True,3.08,2023-06,1249.0,1256.0,1256.0,0.56,,,,,,,,,,,,,,,,,,,,,,,,,,,,,2023-08,1208.0,-3.28,,,,,,,,,,,,,,,,,,,,,,,,,,,,,,,,,,,tv_wilder_rsi14_sma5_v1,48.07,44.99,True,True,3.08
6333,6333.T,ＴＥＩＫＯＫＵ,2023-07,OUT,2,66.96,67.43,False,False,0.47,2023-06,2716.0,2643.0,2643.0,-2.69,,,,,,,,,,,,,,,,,,,,,,,,,,,,,2023-08,2537.0,-6.59,,,,,,,,,,,,,,,,,,,,,,,,,,,,,,,,,,,tv_wilder_rsi14_sma5_v1,67.43,66.96,False,False,0.47
6338,6338.T,タカトリ,2023-07,OUT,2,59.59,60.63,False,False,1.04,2023-06,6760.0,6050.0,6050.0,-10.5,,,,,,,,,,,,,,,,,,,,,,,,,,,,,2023-08,5420.0,-19.82,,,,,,,,,,,,,,,,,,,,,,,,,,,,,,,,,,,tv_wilder_rsi14_sma5_v1,60.63,59.59,False,False,1.04
6343,6343.T,フリージア・マクロス,2023-07,OUT,2,43.82,44.18,True,False,0.36,2023-06,113.0,111.0,111.0,-1.77,,,,,,,,,,,,,,,,,,,,,,,,,,,,,2023-08,109.0,-3.54,,,,,,,,,,,,,,,,,,,,,,,,,,,,,,,,,,,tv_wilder_rsi14_sma5_v1,44.18,43.82,False,True,0.36
6347,6347.T,プラコー,2023-07,OUT,1,40.61,41.93,True,True,1.32,2023-07,254.0,254.0,254.0,0.0,,,,,,,,,,,,,,,,,,,,,,,,,,,,,2023-08,240.0,-5.51,,,,,,,,,,,,,,,,,,,,,,,,,,,,,,,,,,,tv_wilder_rsi14_sma5_v1,41.93,40.61,True,True,1.32
6357,6357.T,三精テクノロジーズ,2023-07,OUT,9,67.67,67.89,True,False,0.22,2022-11,797.0,1248.0,1248.0,56.59,,,,,,,,,,,,,,,,,,,,,,,,,,,,,2023-08,1180.0,48.06,,,,,,,,,,,,,,,,,,,,,,,,,,,,,,,,,,,tv_wilder_rsi14_sma5_v1,67.89,67.67,False,True,0.22
6358,6358.T,酒井重工業,2023-07,OUT,9,77.02,78.96,True,False,1.94,2022-11,1762.5,2600.0,2600.0,47.52,,,,,,,,,,,,,,,,,,,,,,,,,,,,,2023-08,2550.0,44.68,,,,,,,,,,,,,,,,,,,,,,,,,,,,,,,,,,,tv_wilder_rsi14_sma5_v1,78.96,77.02,False,True,1.94
6360,6360.T,東京自働機械製作所,2023-07,OUT,11,76.1,86.29,True,True,10.19,2022-09,1719.0,3200.0,3200.0,86.15,,,,,,,,,,,,,,,,,,,,,,,,,,,,,2023-08,2823.0,64.22,,,,,,,,,,,,,,,,,,,,,,,,,,,,,,,,,,,tv_wilder_rsi14_sma5_v1,86.29,76.1,True,True,10.19
6367,6367.T,ダイキン工業,2023-07,OUT,7,61.28,64.9,True,False,3.62,2023-01,22470.0,28690.0,28690.0,27.68,,,,,,,,,,,,,,,,,,,,,,,,,,,,,2023-08,25225.0,12.26,,,,,,,,,,,,,,,,,,,,,,,,,,,,,,,,,,,tv_wilder_rsi14_sma5_v1,64.9,61.28,False,True,3.62
6368,6368.T,オルガノ,2023-07,OUT,3,71.94,72.5,False,False,0.57,2023-05,3760.0,4115.0,4115.0,9.44,,,,,,,,,,,,,,,,,,,,,,,,,,,,,2023-08,4050.0,7.71,,,,,,,,,,,,,,,,,,,,,,,,,,,,,,,,,,,tv_wilder_rsi14_sma5_v1,72.5,71.94,False,False,0.57
6369,6369.T,トーヨーカネツ,2023-07,OUT,4,65.14,75.08,True,True,9.94,2023-04,1355.5,1857.5,1857.5,37.03,,,,,,,,,,,,,,,,,,,,,,,,,,,,,2023-08,1682.5,24.12,,,,,,,,,,,,,,,,,,,,,,,,,,,,,,,,,,,tv_wilder_rsi14_sma5_v1,75.08,65.14,True,True,9.94
6380,6380.T,オリエンタルチエン工業,2023-07,OUT,8,80.94,83.96,True,True,3.01,2022-12,849.0,1490.0,1490.0,75.5,,,,,,,,,,,,,,,,,,,,,,,,,,,,,2023-08,1464.0,72.44,,,,,,,,,,,,,,,,,,,,,,,,,,,,,,,,,,,tv_wilder_rsi14_sma5_v1,83.96,80.94,True,True,3.01
6383,6383.T,ダイフク,2023-07,OUT,7,51.34,56.9,True,True,5.57,2023-01,2363.33,3035.0,3035.0,28.42,,,,,,,,,,,,,,,,,,,,,,,,,,,,,2023-08,2693.5,13.97,,,,,,,,,,,,,,,,,,,,,,,,,,,,,,,,,,,tv_wilder_rsi14_sma5_v1,56.9,51.34,True,True,5.57
6384,6384.T,昭和真空,2023-07,OUT,2,44.59,45.97,False,False,1.37,2023-06,1429.0,1413.0,1413.0,-1.12,,,,,,,,,,,,,,,,,,,,,,,,,,,,,2023-08,1388.0,-2.87,,,,,,,,,,,,,,,,,,,,,,,,,,,,,,,,,,,tv_wilder_rsi14_sma5_v1,45.97,44.59,False,False,1.37
6391,6391.T,加地テック,2023-07,OUT,5,54.35,57.0,True,False,2.66,2023-03,3370.0,4830.0,4830.0,43.32,,,,,,,,,,,,,,,,,,,,,,,,,,,,,2023-08,4390.0,30.27,,,,,,,,,,,,,,,,,,,,,,,,,,,,,,,,,,,tv_wilder_rsi14_sma5_v1,57.0,54.35,False,True,2.66
6402,6402.T,兼松エンジニアリング,2023-07,OUT,1,46.0,49.89,True,True,3.89,2023-07,1213.0,1213.0,1213.0,0.0,,,,,,,,,,,,,,,,,,,,,,,,,,,,,2023-08,1179.0,-2.8,,,,,,,,,,,,,,,,,,,,,,,,,,,,,,,,,,,tv_wilder_rsi14_sma5_v1,49.89,46.0,True,True,3.89
6405,6405.T,鈴茂器工,2023-07,OUT,1,55.66,56.72,False,True,1.06,2023-07,1105.0,1105.0,1105.0,0.0,,,,,,,,,,,,,,,,,,,,,,,,,,,,,2023-08,1067.0,-3.44,,,,,,,,,,,,,,,,,,,,,,,,,,,,,,,,,,,tv_wilder_rsi14_sma5_v1,56.72,55.66,True,False,1.06
6425,6425.T,ユニバーサルエンターテインメント,2023-07,OUT,1,53.66,53.7,True,True,0.05,2023-07,2569.0,2569.0,2569.0,0.0,,,,,,,,,,,,,,,,,,,,,,,,,,,,,2023-08,2380.0,-7.36,,,,,,,,,,,,,,,,,,,,,,,,,,,,,,,,,,,tv_wilder_rsi14_sma5_v1,53.7,53.66,True,True,0.05
6459,6459.T,大和冷機工業,2023-07,OUT,1,62.83,64.16,True,True,1.34,2023-07,1446.0,1446.0,1446.0,0.0,,,,,,,,,,,,,,,,,,,,,,,,,,,,,2023-08,1416.0,-2.07,,,,,,,,,,,,,,,,,,,,,,,,,,,,,,,,,,,tv_wilder_rsi14_sma5_v1,64.16,62.83,True,True,1.34
6460,6460.T,セガサミーホールディングス,2023-07,OUT,8,71.97,76.93,True,True,4.96,2022-12,1997.0,3108.0,3108.0,55.63,,,,,,,,,,,,,,,,,,,,,,,,,,,,,2023-08,2908.5,45.64,,,,,,,,,,,,,,,,,,,,,,,,,,,,,,,,,,,tv_wilder_rsi14_sma5_v1,76.93,71.97,True,True,4.96
6467,6467.T,ニチダイ,2023-07,OUT,2,41.67,43.37,True,True,1.7,2023-06,378.0,381.0,381.0,0.79,,,,,,,,,,,,,,,,,,,,,,,,,,,,,2023-08,373.0,-1.32,,,,,,,,,,,,,,,,,,,,,,,,,,,,,,,,,,,tv_wilder_rsi14_sma5_v1,43.37,41.67,True,True,1.7
6471,6471.T,日本精工,2023-07,OUT,7,53.78,60.43,True,True,6.65,2023-01,728.0,918.9,918.9,26.22,,,,,,,,,,,,,,,,,,,,,,,,,,,,,2023-08,849.3,16.66,,,,,,,,,,,,,,,,,,,,,,,,,,,,,,,,,,,tv_wilder_rsi14_sma5_v1,60.43,53.78,True,True,6.65
6479,6479.T,ミネベアミツミ,2023-07,OUT,7,54.88,54.89,True,False,0.01,2023-01,2243.0,2628.0,2628.0,17.16,,,,,,,,,,,,,,,,,,,,,,,,,,,,,2023-08,2475.5,10.37,,,,,,,,,,,,,,,,,,,,,,,,,,,,,,,,,,,tv_wilder_rsi14_sma5_v1,54.89,54.88,False,True,0.01
6486,6486.T,イーグル工業,2023-07,OUT,7,67.56,76.11,True,True,8.56,2023-01,1135.0,1764.0,1764.0,55.42,,,,,,,,,,,,,,,,,,,,,,,,,,,,,2023-08,1678.0,47.84,,,,,,,,,,,,,,,,,,,,,,,,,,,,,,,,,,,tv_wilder_rsi14_sma5_v1,76.11,67.56,True,True,8.56
6490,6490.T,ＰＩＬＬＡＲ,2023-07,OUT,9,71.88,72.33,True,False,0.45,2022-11,2765.0,4450.0,4450.0,60.94,,,,,,,,,,,,,,,,,,,,,,,,,,,,,2023-08,4205.0,52.08,,,,,,,,,,,,,,,,,,,,,,,,,,,,,,,,,,,tv_wilder_rsi14_sma5_v1,72.33,71.88,False,True,0.45
6494,6494.T,ＮＦＫホールディングス,2023-07,OUT,4,52.89,53.4,True,False,0.51,2023-04,105.0,110.0,110.0,4.76,,,,,,,,,,,,,,,,,,,,,,,,,,,,,2023-08,103.0,-1.9,,,,,,,,,,,,,,,,,,,,,,,,,,,,,,,,,,,tv_wilder_rsi14_sma5_v1,53.4,52.89,False,True,0.51
6503,6503.T,三菱電機,2023-07,OUT,7,67.68,74.78,True,True,7.11,2023-01,1426.0,2051.0,2051.0,43.83,,,,,,,,,,,,,,,,,,,,,,,,,,,,,2023-08,1899.0,33.17,,,,,,,,,,,,,,,,,,,,,,,,,,,,,,,,,,,tv_wilder_rsi14_sma5_v1,74.78,67.68,True,True,7.11
6507,6507.T,シンフォニアテクノロジー,2023-07,OUT,2,60.4,61.31,False,True,0.91,2023-06,1716.0,1722.0,1722.0,0.35,,,,,,,,,,,,,,,,,,,,,,,,,,,,,2023-08,1578.0,-8.04,,,,,,,,,,,,,,,,,,,,,,,,,,,,,,,,,,,tv_wilder_rsi14_sma5_v1,61.31,60.4,True,False,0.91
6545,6545.T,インターネットインフィニティー,2023-07,OUT,5,47.0,55.25,True,False,8.26,2023-03,360.0,515.0,515.0,43.06,,,,,,,,,,,,,,,,,,,,,,,,,,,,,2023-08,429.0,19.17,,,,,,,,,,,,,,,,,,,,,,,,,,,,,,,,,,,tv_wilder_rsi14_sma5_v1,55.25,47.0,False,True,8.26
6554,6554.T,エスユーエス,2023-07,OUT,2,55.43,57.12,True,False,1.69,2023-06,1009.0,979.0,979.0,-2.97,,,,,,,,,,,,,,,,,,,,,,,,,,,,,2023-08,860.0,-14.77,,,,,,,,,,,,,,,,,,,,,,,,,,,,,,,,,,,tv_wilder_rsi14_sma5_v1,57.12,55.43,False,True,1.69
6558,6558.T,クックビズ,2023-07,OUT,3,49.44,54.76,True,True,5.33,2023-05,1130.0,1392.0,1392.0,23.19,,,,,,,,,,,,,,,,,,,,,,,,,,,,,2023-08,1227.0,8.58,,,,,,,,,,,,,,,,,,,,,,,,,,,,,,,,,,,tv_wilder_rsi14_sma5_v1,54.76,49.44,True,True,5.33
6563,6563.T,みらいワークス,2023-07,OUT,4,51.46,58.55,True,False,7.09,2023-04,736.0,1019.0,1019.0,38.45,,,,,,,,,,,,,,,,,,,,,,,,,,,,,2023-08,800.0,8.7,,,,,,,,,,,,,,,,,,,,,,,,,,,,,,,,,,,tv_wilder_rsi14_sma5_v1,58.55,51.46,False,True,7.09
6568,6568.T,神戸天然物化学,2023-07,OUT,2,60.55,64.2,True,True,3.65,2023-06,1843.0,1886.0,1886.0,2.33,,,,,,,,,,,,,,,,,,,,,,,,,,,,,2023-08,1638.0,-11.12,,,,,,,,,,,,,,,,,,,,,,,,,,,,,,,,,,,tv_wilder_rsi14_sma5_v1,64.2,60.55,True,True,3.65
6574,6574.T,コンヴァノ,2023-07,OUT,7,47.47,51.14,True,False,3.68,2023-01,5.1,6.57,6.57,28.82,,,,,,,,,,,,,,,,,,,,,,,,,,,,,2023-08,6.2,21.57,,,,,,,,,,,,,,,,,,,,,,,,,,,,,,,,,,,tv_wilder_rsi14_sma5_v1,51.14,47.47,False,True,3.68
6579,6579.T,ログリー,2023-07,OUT,1,46.37,46.45,False,True,0.09,2023-07,776.0,776.0,776.0,0.0,,,,,,,,,,,,,,,,,,,,,,,,,,,,,2023-08,700.0,-9.79,,,,,,,,,,,,,,,,,,,,,,,,,,,,,,,,,,,tv_wilder_rsi14_sma5_v1,46.45,46.37,True,False,0.09
6580,6580.T,ライトアップ,2023-07,OUT,5,41.16,44.05,True,False,2.89,2023-03,934.0,1201.0,1201.0,28.59,,,,,,,,,,,,,,,,,,,,,,,,,,,,,2023-08,919.0,-1.61,,,,,,,,,,,,,,,,,,,,,,,,,,,,,,,,,,,tv_wilder_rsi14_sma5_v1,44.05,41.16,False,True,2.89
6588,6588.T,東芝テック,2023-07,OUT,6,49.79,51.58,True,True,1.79,2023-02,3800.0,4125.0,4125.0,8.55,,,,,,,,,,,,,,,,,,,,,,,,,,,,,2023-08,3545.0,-6.71,,,,,,,,,,,,,,,,,,,,,,,,,,,,,,,,,,,tv_wilder_rsi14_sma5_v1,51.58,49.79,True,True,1.79
6597,6597.T,ＨＰＣシステムズ,2023-07,OUT,2,46.57,47.02,False,False,0.45,2023-06,2139.0,2083.0,2083.0,-2.62,,,,,,,,,,,,,,,,,,,,,,,,,,,,,2023-08,1820.0,-14.91,,,,,,,,,,,,,,,,,,,,,,,,,,,,,,,,,,,tv_wilder_rsi14_sma5_v1,47.02,46.57,False,False,0.45
6599,6599.T,エブレン,2023-07,OUT,1,41.25,42.15,False,True,0.9,2023-07,2474.0,2474.0,2474.0,0.0,,,,,,,,,,,,,,,,,,,,,,,,,,,,,2023-08,2401.0,-2.95,,,,,,,,,,,,,,,,,,,,,,,,,,,,,,,,,,,tv_wilder_rsi14_sma5_v1,42.15,41.25,True,False,0.9
6615,6615.T,ユー・エム・シー・エレクトロニクス,2023-07,OUT,4,47.7,49.25,True,False,1.55,2023-04,488.0,537.0,537.0,10.04,,,,,,,,,,,,,,,,,,,,,,,,,,,,,2023-08,486.0,-0.41,,,,,,,,,,,,,,,,,,,,,,,,,,,,,,,,,,,tv_wilder_rsi14_sma5_v1,49.25,47.7,False,True,1.55
6619,6619.T,ダブル・スコープ,2023-07,OUT,2,49.85,54.19,True,True,4.34,2023-06,1302.0,1537.0,1537.0,18.05,,,,,,,,,,,,,,,,,,,,,,,,,,,,,2023-08,1193.0,-8.37,,,,,,,,,,,,,,,,,,,,,,,,,,,,,,,,,,,tv_wilder_rsi14_sma5_v1,54.19,49.85,True,True,4.34
6626,6626.T,ＳＥＭＩＴＥＣ,2023-07,OUT,1,52.67,54.19,False,True,1.51,2023-07,2289.0,2289.0,2289.0,0.0,,,,,,,,,,,,,,,,,,,,,,,,,,,,,2023-08,1985.0,-13.28,,,,,,,,,,,,,,,,,,,,,,,,,,,,,,,,,,,tv_wilder_rsi14_sma5_v1,54.19,52.67,True,False,1.51
6635,6635.T,大日光・エンジニアリング,2023-07,OUT,4,55.63,55.73,True,False,0.1,2023-04,617.0,580.0,580.0,-6.0,,,,,,,,,,,,,,,,,,,,,,,,,,,,,2023-08,532.0,-13.78,,,,,,,,,,,,,,,,,,,,,,,,,,,,,,,,,,,tv_wilder_rsi14_sma5_v1,55.73,55.63,False,True,0.1
6638,6638.T,ミマキエンジニアリング,2023-07,OUT,5,57.24,65.82,True,True,8.58,2023-03,669.0,954.0,954.0,42.6,,,,,,,,,,,,,,,,,,,,,,,,,,,,,2023-08,733.0,9.57,,,,,,,,,,,,,,,,,,,,,,,,,,,,,,,,,,,tv_wilder_rsi14_sma5_v1,65.82,57.24,True,True,8.58
6647,6647.T,森尾電機,2023-07,OUT,1,46.48,49.92,False,True,3.45,2023-07,1750.0,1750.0,1750.0,0.0,,,,,,,,,,,,,,,,,,,,,,,,,,,,,2023-08,1657.0,-5.31,,,,,,,,,,,,,,,,,,,,,,,,,,,,,,,,,,,tv_wilder_rsi14_sma5_v1,49.92,46.48,True,False,3.45
6702,6702.T,富士通,2023-07,OUT,2,53.8,54.48,True,False,0.68,2023-06,1859.5,1838.5,1838.5,-1.13,,,,,,,,,,,,,,,,,,,,,,,,,,,,,2023-08,1820.5,-2.1,,,,,,,,,,,,,,,,,,,,,,,,,,,,,,,,,,,tv_wilder_rsi14_sma5_v1,54.48,53.8,False,True,0.68
6707,6707.T,サンケン電気,2023-07,OUT,10,78.95,83.6,True,True,4.65,2022-10,5110.0,14500.0,14500.0,183.76,,,,,,,,,,,,,,,,,,,,,,,,,,,,,2023-08,11150.0,118.2,,,,,,,,,,,,,,,,,,,,,,,,,,,,,,,,,,,tv_wilder_rsi14_sma5_v1,83.6,78.95,True,True,4.65
6721,6721.T,ウインテスト,2023-07,OUT,2,41.39,42.04,False,False,0.65,2023-06,121.0,121.0,121.0,0.0,,,,,,,,,,,,,,,,,,,,,,,,,,,,,2023-08,108.0,-10.74,,,,,,,,,,,,,,,,,,,,,,,,,,,,,,,,,,,tv_wilder_rsi14_sma5_v1,42.04,41.39,False,False,0.65
6723,6723.T,ルネサスエレクトロニクス,2023-07,OUT,7,72.78,78.45,True,True,5.68,2023-01,1329.5,2755.5,2755.5,107.26,,,,,,,,,,,,,,,,,,,,,,,,,,,,,2023-08,2450.5,84.32,,,,,,,,,,,,,,,,,,,,,,,,,,,,,,,,,,,tv_wilder_rsi14_sma5_v1,78.45,72.78,True,True,5.68
6728,6728.T,アルバック,2023-07,OUT,3,53.2,55.44,True,True,2.24,2023-05,5670.0,6095.0,6095.0,7.5,,,,,,,,,,,,,,,,,,,,,,,,,,,,,2023-08,5654.0,-0.28,,,,,,,,,,,,,,,,,,,,,,,,,,,,,,,,,,,tv_wilder_rsi14_sma5_v1,55.44,53.2,True,True,2.24
6742,6742.T,京三製作所,2023-07,OUT,7,54.47,65.94,True,True,11.47,2023-01,407.0,529.0,529.0,29.98,,,,,,,,,,,,,,,,,,,,,,,,,,,,,2023-08,456.0,12.04,,,,,,,,,,,,,,,,,,,,,,,,,,,,,,,,,,,tv_wilder_rsi14_sma5_v1,65.94,54.47,True,True,11.47
6745,6745.T,ホーチキ,2023-07,OUT,10,67.48,72.13,True,True,4.64,2022-10,475.0,601.33,601.33,26.6,,,,,,,,,,,,,,,,,,,,,,,,,,,,,2023-08,556.67,17.19,,,,,,,,,,,,,,,,,,,,,,,,,,,,,,,,,,,tv_wilder_rsi14_sma5_v1,72.13,67.48,True,True,4.64
6748,6748.T,星和電機,2023-07,OUT,9,50.72,55.83,True,True,5.11,2022-11,451.0,534.0,534.0,18.4,,,,,,,,,,,,,,,,,,,,,,,,,,,,,2023-08,484.0,7.32,,,,,,,,,,,,,,,,,,,,,,,,,,,,,,,,,,,tv_wilder_rsi14_sma5_v1,55.83,50.72,True,True,5.11
6758,6758.T,ソニーグループ,2023-07,OUT,7,58.44,60.07,True,True,1.63,2023-01,2316.0,2663.0,2663.0,14.98,,,,,,,,,,,,,,,,,,,,,,,,,,,,,2023-08,2429.0,4.88,,,,,,,,,,,,,,,,,,,,,,,,,,,,,,,,,,,tv_wilder_rsi14_sma5_v1,60.07,58.44,True,True,1.63
6762,6762.T,ＴＤＫ,2023-07,OUT,5,58.53,61.0,True,False,2.46,2023-03,945.0,1087.4,1087.4,15.07,,,,,,,,,,,,,,,,,,,,,,,,,,,,,2023-08,1062.8,12.47,,,,,,,,,,,,,,,,,,,,,,,,,,,,,,,,,,,tv_wilder_rsi14_sma5_v1,61.0,58.53,False,True,2.46
6769,6769.T,ザインエレクトロニクス,2023-07,OUT,3,48.51,49.3,True,False,0.79,2023-05,912.0,900.0,900.0,-1.32,,,,,,,,,,,,,,,,,,,,,,,,,,,,,2023-08,834.0,-8.55,,,,,,,,,,,,,,,,,,,,,,,,,,,,,,,,,,,tv_wilder_rsi14_sma5_v1,49.3,48.51,False,True,0.79
6770,6770.T,アルプスアルパイン,2023-07,OUT,2,47.3,47.63,False,False,0.33,2023-06,1257.0,1255.5,1255.5,-0.12,,,,,,,,,,,,,,,,,,,,,,,,,,,,,2023-08,1217.5,-3.14,,,,,,,,,,,,,,,,,,,,,,,,,,,,,,,,,,,tv_wilder_rsi14_sma5_v1,47.63,47.3,False,False,0.33
6777,6777.T,ｓａｎｔｅｃ　Ｈｏｌｄｉｎｇｓ,2023-07,OUT,3,57.78,60.2,True,False,2.42,2023-05,2748.0,3020.0,3020.0,9.9,,,,,,,,,,,,,,,,,,,,,,,,,,,,,2023-08,2621.0,-4.62,,,,,,,,,,,,,,,,,,,,,,,,,,,,,,,,,,,tv_wilder_rsi14_sma5_v1,60.2,57.78,False,True,2.42
6788,6788.T,日本トリム,2023-07,OUT,2,50.28,53.38,True,False,3.09,2023-06,3465.0,3250.0,3250.0,-6.2,,,,,,,,,,,,,,,,,,,,,,,,,,,,,2023-08,3055.0,-11.83,,,,,,,,,,,,,,,,,,,,,,,,,,,,,,,,,,,tv_wilder_rsi14_sma5_v1,53.38,50.28,False,True,3.09
6803,6803.T,ティアック,2023-07,OUT,2,43.69,43.72,True,False,0.03,2023-06,121.0,116.0,116.0,-4.13,,,,,,,,,,,,,,,,,,,,,,,,,,,,,2023-08,115.0,-4.96,,,,,,,,,,,,,,,,,,,,,,,,,,,,,,,,,,,tv_wilder_rsi14_sma5_v1,43.72,43.69,False,True,0.03
6819,6819.T,伊豆シャボテンリゾート,2023-07,OUT,7,84.05,89.37,True,False,5.32,2023-01,320.0,640.0,640.0,100.0,,,,,,,,,,,,,,,,,,,,,,,,,,,,,2023-08,520.0,62.5,,,,,,,,,,,,,,,,,,,,,,,,,,,,,,,,,,,tv_wilder_rsi14_sma5_v1,89.37,84.05,False,True,5.32
6824,6824.T,新コスモス電機,2023-07,OUT,2,59.48,69.76,True,True,10.28,2023-06,2284.0,2647.0,2647.0,15.89,,,,,,,,,,,,,,,,,,,,,,,,,,,,,2023-08,2190.0,-4.12,,,,,,,,,,,,,,,,,,,,,,,,,,,,,,,,,,,tv_wilder_rsi14_sma5_v1,69.76,59.48,True,True,10.28
6835,6835.T,アライドテレシスホールディングス,2023-07,OUT,2,55.6,61.33,True,True,5.73,2023-06,117.0,126.0,126.0,7.69,,,,,,,,,,,,,,,,,,,,,,,,,,,,,2023-08,108.0,-7.69,,,,,,,,,,,,,,,,,,,,,,,,,,,,,,,,,,,tv_wilder_rsi14_sma5_v1,61.33,55.6,True,True,5.73
6855,6855.T,日本電子材料,2023-07,OUT,3,49.11,53.39,True,True,4.28,2023-05,1593.0,1768.0,1768.0,10.99,,,,,,,,,,,,,,,,,,,,,,,,,,,,,2023-08,1532.0,-3.83,,,,,,,,,,,,,,,,,,,,,,,,,,,,,,,,,,,tv_wilder_rsi14_sma5_v1,53.39,49.11,True,True,4.28
6856,6856.T,堀場製作所,2023-07,OUT,7,60.11,62.75,True,True,2.63,2023-01,5950.0,8381.0,8381.0,40.86,,,,,,,,,,,,,,,,,,,,,,,,,,,,,2023-08,7582.0,27.43,,,,,,,,,,,,,,,,,,,,,,,,,,,,,,,,,,,tv_wilder_rsi14_sma5_v1,62.75,60.11,True,True,2.63
6869,6869.T,シスメックス,2023-07,OUT,7,48.92,51.47,True,False,2.55,2023-01,2853.67,3208.33,3208.33,12.43,,,,,,,,,,,,,,,,,,,,,,,,,,,,,2023-08,2583.67,-9.46,,,,,,,,,,,,,,,,,,,,,,,,,,,,,,,,,,,tv_wilder_rsi14_sma5_v1,51.47,48.92,False,True,2.55
6874,6874.T,協立電機,2023-07,OUT,7,70.77,71.64,True,False,0.87,2023-01,995.0,1445.5,1445.5,45.28,,,,,,,,,,,,,,,,,,,,,,,,,,,,,2023-08,1397.5,40.45,,,,,,,,,,,,,,,,,,,,,,,,,,,,,,,,,,,tv_wilder_rsi14_sma5_v1,71.64,70.77,False,True,0.87
6890,6890.T,フェローテック,2023-07,OUT,3,56.37,56.55,True,False,0.18,2023-05,3285.0,3435.0,3435.0,4.57,,,,,,,,,,,,,,,,,,,,,,,,,,,,,2023-08,3030.0,-7.76,,,,,,,,,,,,,,,,,,,,,,,,,,,,,,,,,,,tv_wilder_rsi14_sma5_v1,56.55,56.37,False,True,0.18
6912,6912.T,菊水ホールディングス,2023-07,OUT,2,62.66,65.99,True,True,3.33,2023-06,1313.0,1398.0,1398.0,6.47,,,,,,,,,,,,,,,,,,,,,,,,,,,,,2023-08,1337.0,1.83,,,,,,,,,,,,,,,,,,,,,,,,,,,,,,,,,,,tv_wilder_rsi14_sma5_v1,65.99,62.66,True,True,3.33
6925,6925.T,ウシオ電機,2023-07,OUT,4,54.58,58.47,True,True,3.89,2023-04,1686.0,1968.5,1968.5,16.76,,,,,,,,,,,,,,,,,,,,,,,,,,,,,2023-08,1837.0,8.96,,,,,,,,,,,,,,,,,,,,,,,,,,,,,,,,,,,tv_wilder_rsi14_sma5_v1,58.47,54.58,True,True,3.89
6941,6941.T,山一電機,2023-07,OUT,3,56.01,58.85,True,False,2.84,2023-05,2080.0,2281.0,2281.0,9.66,,,,,,,,,,,,,,,,,,,,,,,,,,,,,2023-08,1840.0,-11.54,,,,,,,,,,,,,,,,,,,,,,,,,,,,,,,,,,,tv_wilder_rsi14_sma5_v1,58.85,56.01,False,True,2.84
6951,6951.T,日本電子,2023-07,OUT,6,46.85,48.75,True,False,1.9,2023-02,4240.0,4868.0,4868.0,14.81,,,,,,,,,,,,,,,,,,,,,,,,,,,,,2023-08,4650.0,9.67,,,,,,,,,,,,,,,,,,,,,,,,,,,,,,,,,,,tv_wilder_rsi14_sma5_v1,48.75,46.85,False,True,1.9
6963,6963.T,ローム,2023-07,OUT,3,59.65,64.54,True,False,4.9,2023-05,2952.5,3325.0,3325.0,12.62,,,,,,,,,,,,,,,,,,,,,,,,,,,,,2023-08,3042.5,3.05,,,,,,,,,,,,,,,,,,,,,,,,,,,,,,,,,,,tv_wilder_rsi14_sma5_v1,64.54,59.65,False,True,4.9
6969,6969.T,松尾電機,2023-07,OUT,2,48.92,51.54,True,True,2.62,2023-06,776.0,783.0,783.0,0.9,,,,,,,,,,,,,,,,,,,,,,,,,,,,,2023-08,720.0,-7.22,,,,,,,,,,,,,,,,,,,,,,,,,,,,,,,,,,,tv_wilder_rsi14_sma5_v1,51.54,48.92,True,True,2.62
6971,6971.T,京セラ,2023-07,OUT,5,57.0,58.23,True,False,1.23,2023-03,1722.0,1911.0,1911.0,10.98,,,,,,,,,,,,,,,,,,,,,,,,,,,,,2023-08,1869.5,8.57,,,,,,,,,,,,,,,,,,,,,,,,,,,,,,,,,,,tv_wilder_rsi14_sma5_v1,58.23,57.0,False,True,1.23
6976,6976.T,太陽誘電,2023-07,OUT,1,47.38,47.51,True,True,0.13,2023-07,4234.0,4234.0,4234.0,0.0,,,,,,,,,,,,,,,,,,,,,,,,,,,,,2023-08,4057.0,-4.18,,,,,,,,,,,,,,,,,,,,,,,,,,,,,,,,,,,tv_wilder_rsi14_sma5_v1,47.51,47.38,True,True,0.13
6981,6981.T,村田製作所,2023-07,OUT,7,53.41,54.74,True,True,1.33,2023-01,2464.67,2775.0,2775.0,12.59,,,,,,,,,,,,,,,,,,,,,,,,,,,,,2023-08,2728.33,10.7,,,,,,,,,,,,,,,,,,,,,,,,,,,,,,,,,,,tv_wilder_rsi14_sma5_v1,54.74,53.41,True,True,1.33
6988,6988.T,日東電工,2023-07,OUT,7,59.04,60.77,True,False,1.73,2023-01,1672.0,2020.0,2020.0,20.81,,,,,,,,,,,,,,,,,,,,,,,,,,,,,2023-08,1989.8,19.01,,,,,,,,,,,,,,,,,,,,,,,,,,,,,,,,,,,tv_wilder_rsi14_sma5_v1,60.77,59.04,False,True,1.73
6993,6993.T,大黒屋ホールディングス,2023-07,OUT,1,50.45,51.86,False,True,1.42,2023-07,59.0,59.0,59.0,0.0,,,,,,,,,,,,,,,,,,,,,,,,,,,,,2023-08,54.0,-8.47,,,,,,,,,,,,,,,,,,,,,,,,,,,,,,,,,,,tv_wilder_rsi14_sma5_v1,51.86,50.45,True,False,1.42
6994,6994.T,指月電機製作所,2023-07,OUT,2,46.58,52.95,True,True,6.37,2023-06,484.0,537.0,537.0,10.95,,,,,,,,,,,,,,,,,,,,,,,,,,,,,2023-08,476.0,-1.65,,,,,,,,,,,,,,,,,,,,,,,,,,,,,,,,,,,tv_wilder_rsi14_sma5_v1,52.95,46.58,True,True,6.37
7004,7004.T,カナデビア,2023-07,OUT,2,57.78,60.85,False,False,3.06,2023-06,949.0,935.0,935.0,-1.48,,,,,,,,,,,,,,,,,,,,,,,,,,,,,2023-08,863.0,-9.06,,,,,,,,,,,,,,,,,,,,,,,,,,,,,,,,,,,tv_wilder_rsi14_sma5_v1,60.85,57.78,False,False,3.06
7041,7041.T,ＣＲＧホールディングス,2023-07,OUT,1,53.49,55.4,True,True,1.91,2023-07,629.0,629.0,629.0,0.0,,,,,,,,,,,,,,,,,,,,,,,,,,,,,2023-08,570.0,-9.38,,,,,,,,,,,,,,,,,,,,,,,,,,,,,,,,,,,tv_wilder_rsi14_sma5_v1,55.4,53.49,True,True,1.91
7042,7042.T,アクセスグループ・ホールディングス,2023-07,OUT,6,52.54,57.75,True,True,5.2,2023-02,365.0,552.5,552.5,51.37,,,,,,,,,,,,,,,,,,,,,,,,,,,,,2023-08,482.5,32.19,,,,,,,,,,,,,,,,,,,,,,,,,,,,,,,,,,,tv_wilder_rsi14_sma5_v1,57.75,52.54,True,True,5.2
7043,7043.T,アルー,2023-07,OUT,1,59.54,59.94,False,True,0.4,2023-07,1301.0,1301.0,1301.0,0.0,,,,,,,,,,,,,,,,,,,,,,,,,,,,,2023-08,1110.0,-14.68,,,,,,,,,,,,,,,,,,,,,,,,,,,,,,,,,,,tv_wilder_rsi14_sma5_v1,59.94,59.54,True,False,0.4
7048,7048.T,ベルトラ,2023-07,OUT,2,54.85,57.77,True,True,2.92,2023-06,697.0,730.0,730.0,4.73,,,,,,,,,,,,,,,,,,,,,,,,,,,,,2023-08,606.0,-13.06,,,,,,,,,,,,,,,,,,,,,,,,,,,,,,,,,,,tv_wilder_rsi14_sma5_v1,57.77,54.85,True,True,2.92
7062,7062.T,フレアス,2023-07,OUT,6,45.47,49.47,True,False,4.0,2023-02,880.0,1035.0,1035.0,17.61,,,,,,,,,,,,,,,,,,,,,,,,,,,,,2023-08,903.0,2.61,,,,,,,,,,,,,,,,,,,,,,,,,,,,,,,,,,,tv_wilder_rsi14_sma5_v1,49.47,45.47,False,True,4.0
7079,7079.T,ＷＤＢココ,2023-07,OUT,2,56.66,62.35,True,False,5.7,2023-06,6430.0,6340.0,6340.0,-1.4,,,,,,,,,,,,,,,,,,,,,,,,,,,,,2023-08,5620.0,-12.6,,,,,,,,,,,,,,,,,,,,,,,,,,,,,,,,,,,tv_wilder_rsi14_sma5_v1,62.35,56.66,False,True,5.7
7080,7080.T,スポーツフィールド,2023-07,OUT,2,62.39,66.01,True,True,3.62,2023-06,834.0,882.0,882.0,5.76,,,,,,,,,,,,,,,,,,,,,,,,,,,,,2023-08,752.5,-9.77,,,,,,,,,,,,,,,,,,,,,,,,,,,,,,,,,,,tv_wilder_rsi14_sma5_v1,66.01,62.39,True,True,3.62
7085,7085.T,カーブスホールディングス,2023-07,OUT,2,50.54,53.25,True,True,2.71,2023-06,750.0,804.0,804.0,7.2,,,,,,,,,,,,,,,,,,,,,,,,,,,,,2023-08,729.0,-2.8,,,,,,,,,,,,,,,,,,,,,,,,,,,,,,,,,,,tv_wilder_rsi14_sma5_v1,53.25,50.54,True,True,2.71
7090,7090.T,リグア,2023-07,OUT,6,47.99,51.37,True,True,3.38,2023-02,1359.0,1890.0,1890.0,39.07,,,,,,,,,,,,,,,,,,,,,,,,,,,,,2023-08,1550.0,14.05,,,,,,,,,,,,,,,,,,,,,,,,,,,,,,,,,,,tv_wilder_rsi14_sma5_v1,51.37,47.99,True,True,3.38
7095,7095.T,Ｍａｃｂｅｅ　Ｐｌａｎｅｔ,2023-07,OUT,2,71.28,72.15,True,True,0.88,2023-06,5122.5,5222.5,5222.5,1.95,,,,,,,,,,,,,,,,,,,,,,,,,,,,,2023-08,4662.5,-8.98,,,,,,,,,,,,,,,,,,,,,,,,,,,,,,,,,,,tv_wilder_rsi14_sma5_v1,72.15,71.28,True,True,0.88
7096,7096.T,ステムセル研究所,2023-07,OUT,2,54.3,59.57,True,False,5.27,2023-06,3245.0,3085.0,3085.0,-4.93,,,,,,,,,,,,,,,,,,,,,,,,,,,,,2023-08,2650.0,-18.34,,,,,,,,,,,,,,,,,,,,,,,,,,,,,,,,,,,tv_wilder_rsi14_sma5_v1,59.57,54.3,False,True,5.27
7162,7162.T,アストマックス,2023-07,OUT,2,44.95,45.1,False,False,0.15,2023-06,231.0,230.0,230.0,-0.43,,,,,,,,,,,,,,,,,,,,,,,,,,,,,2023-08,221.0,-4.33,,,,,,,,,,,,,,,,,,,,,,,,,,,,,,,,,,,tv_wilder_rsi14_sma5_v1,45.1,44.95,False,False,0.15
7183,7183.T,あんしん保証,2023-07,OUT,4,50.54,57.77,True,True,7.23,2023-04,265.0,318.0,318.0,20.0,,,,,,,,,,,,,,,,,,,,,,,,,,,,,2023-08,284.0,7.17,,,,,,,,,,,,,,,,,,,,,,,,,,,,,,,,,,,tv_wilder_rsi14_sma5_v1,57.77,50.54,True,True,7.23
7187,7187.T,ジェイリース,2023-07,OUT,2,53.69,57.5,True,True,3.82,2023-06,1115.5,1192.0,1192.0,6.86,,,,,,,,,,,,,,,,,,,,,,,,,,,,,2023-08,1071.0,-3.99,,,,,,,,,,,,,,,,,,,,,,,,,,,,,,,,,,,tv_wilder_rsi14_sma5_v1,57.5,53.69,True,True,3.82
7191,7191.T,イントラスト,2023-07,OUT,1,63.64,64.79,True,True,1.15,2023-07,1005.0,1005.0,1005.0,0.0,,,,,,,,,,,,,,,,,,,,,,,,,,,,,2023-08,921.0,-8.36,,,,,,,,,,,,,,,,,,,,,,,,,,,,,,,,,,,tv_wilder_rsi14_sma5_v1,64.79,63.64,True,True,1.15
7196,7196.T,Ｃａｓａ,2023-07,OUT,4,47.02,48.19,True,False,1.17,2023-04,861.0,880.0,880.0,2.21,,,,,,,,,,,,,,,,,,,,,,,,,,,,,2023-08,867.0,0.7,,,,,,,,,,,,,,,,,,,,,,,,,,,,,,,,,,,tv_wilder_rsi14_sma5_v1,48.19,47.02,False,True,1.17
7199,7199.T,プレミアグループ,2023-07,OUT,2,60.91,63.59,True,True,2.68,2023-06,1732.0,1790.0,1790.0,3.35,,,,,,,,,,,,,,,,,,,,,,,,,,,,,2023-08,1634.0,-5.66,,,,,,,,,,,,,,,,,,,,,,,,,,,,,,,,,,,tv_wilder_rsi14_sma5_v1,63.59,60.91,True,True,2.68
7212,7212.T,エフテック,2023-07,OUT,7,63.1,67.73,True,False,4.63,2023-01,542.0,910.0,910.0,67.9,,,,,,,,,,,,,,,,,,,,,,,,,,,,,2023-08,798.0,47.23,,,,,,,,,,,,,,,,,,,,,,,,,,,,,,,,,,,tv_wilder_rsi14_sma5_v1,67.73,63.1,False,True,4.63
7215,7215.T,ファルテック,2023-07,OUT,3,41.65,42.6,True,False,0.95,2023-05,606.0,610.0,610.0,0.66,,,,,,,,,,,,,,,,,,,,,,,,,,,,,2023-08,583.0,-3.8,,,,,,,,,,,,,,,,,,,,,,,,,,,,,,,,,,,tv_wilder_rsi14_sma5_v1,42.6,41.65,False,True,0.95
7228,7228.T,デイトナ,2023-07,OUT,2,54.19,55.74,False,True,1.55,2023-06,3270.0,3300.0,3300.0,0.92,,,,,,,,,,,,,,,,,,,,,,,,,,,,,2023-08,2998.0,-8.32,,,,,,,,,,,,,,,,,,,,,,,,,,,,,,,,,,,tv_wilder_rsi14_sma5_v1,55.74,54.19,True,False,1.55
7231,7231.T,トピー工業,2023-07,OUT,3,68.89,75.67,True,True,6.79,2023-05,1933.0,2471.0,2471.0,27.83,,,,,,,,,,,,,,,,,,,,,,,,,,,,,2023-08,2276.0,17.74,,,,,,,,,,,,,,,,,,,,,,,,,,,,,,,,,,,tv_wilder_rsi14_sma5_v1,75.67,68.89,True,True,6.79
7238,7238.T,曙ブレーキ工業,2023-07,OUT,2,43.08,45.37,True,True,2.29,2023-06,141.0,146.0,146.0,3.55,,,,,,,,,,,,,,,,,,,,,,,,,,,,,2023-08,133.0,-5.67,,,,,,,,,,,,,,,,,,,,,,,,,,,,,,,,,,,tv_wilder_rsi14_sma5_v1,45.37,43.08,True,True,2.29
7240,7240.T,ＮＯＫ,2023-07,OUT,7,70.03,76.08,True,True,6.04,2023-01,1229.0,2138.0,2138.0,73.96,,,,,,,,,,,,,,,,,,,,,,,,,,,,,2023-08,2044.5,66.35,,,,,,,,,,,,,,,,,,,,,,,,,,,,,,,,,,,tv_wilder_rsi14_sma5_v1,76.08,70.03,True,True,6.04
7242,7242.T,カヤバ,2023-07,OUT,10,70.29,74.87,True,False,4.58,2022-10,1627.5,2515.0,2515.0,54.53,,,,,,,,,,,,,,,,,,,,,,,,,,,,,2023-08,2377.5,46.08,,,,,,,,,,,,,,,,,,,,,,,,,,,,,,,,,,,tv_wilder_rsi14_sma5_v1,74.87,70.29,False,True,4.58
7244,7244.T,市光工業,2023-07,OUT,7,52.52,53.67,True,False,1.15,2023-01,387.0,535.0,535.0,38.24,,,,,,,,,,,,,,,,,,,,,,,,,,,,,2023-08,531.0,37.21,,,,,,,,,,,,,,,,,,,,,,,,,,,,,,,,,,,tv_wilder_rsi14_sma5_v1,53.67,52.52,False,True,1.15
7265,7265.T,エイケン工業,2023-07,OUT,6,51.6,55.49,True,True,3.88,2023-02,2600.0,2999.0,2999.0,15.35,,,,,,,,,,,,,,,,,,,,,,,,,,,,,2023-08,2843.0,9.35,,,,,,,,,,,,,,,,,,,,,,,,,,,,,,,,,,,tv_wilder_rsi14_sma5_v1,55.49,51.6,True,True,3.88
7272,7272.T,ヤマハ発動機,2023-07,OUT,2,65.14,70.23,True,True,5.09,2023-06,1374.0,1386.67,1386.67,0.92,,,,,,,,,,,,,,,,,,,,,,,,,,,,,2023-08,1259.67,-8.32,,,,,,,,,,,,,,,,,,,,,,,,,,,,,,,,,,,tv_wilder_rsi14_sma5_v1,70.23,65.14,True,True,5.09
7276,7276.T,小糸製作所,2023-07,OUT,7,50.67,51.15,True,True,0.48,2023-01,2180.0,2610.5,2610.5,19.75,,,,,,,,,,,,,,,,,,,,,,,,,,,,,2023-08,2475.5,13.56,,,,,,,,,,,,,,,,,,,,,,,,,,,,,,,,,,,tv_wilder_rsi14_sma5_v1,51.15,50.67,True,True,0.48
7280,7280.T,ミツバ,2023-07,OUT,9,60.03,67.37,True,True,7.34,2022-11,533.0,830.0,830.0,55.72,,,,,,,,,,,,,,,,,,,,,,,,,,,,,2023-08,765.0,43.53,,,,,,,,,,,,,,,,,,,,,,,,,,,,,,,,,,,tv_wilder_rsi14_sma5_v1,67.37,60.03,True,True,7.34
7313,7313.T,テイ・エス　テック,2023-07,OUT,2,58.43,59.84,True,True,1.41,2023-06,1814.0,1835.0,1835.0,1.16,,,,,,,,,,,,,,,,,,,,,,,,,,,,,2023-08,1724.0,-4.96,,,,,,,,,,,,,,,,,,,,,,,,,,,,,,,,,,,tv_wilder_rsi14_sma5_v1,59.84,58.43,True,True,1.41
7357,7357.T,ジオコード,2023-07,OUT,7,28.77,32.82,True,False,4.05,2023-01,554.0,813.0,813.0,46.75,,,,,,,,,,,,,,,,,,,,,,,,,,,,,2023-08,794.0,43.32,,,,,,,,,,,,,,,,,,,,,,,,,,,,,,,,,,,tv_wilder_rsi14_sma5_v1,32.82,28.77,False,True,4.05
7367,7367.T,セルム,2023-07,OUT,6,68.37,76.04,True,True,7.68,2023-02,398.0,631.5,631.5,58.67,,,,,,,,,,,,,,,,,,,,,,,,,,,,,2023-08,434.0,9.05,,,,,,,,,,,,,,,,,,,,,,,,,,,,,,,,,,,tv_wilder_rsi14_sma5_v1,76.04,68.37,True,True,7.68
7374,7374.T,コンフィデンス・インターワークス,2023-07,OUT,1,33.75,34.47,False,True,0.71,2023-07,1757.0,1757.0,1757.0,0.0,,,,,,,,,,,,,,,,,,,,,,,,,,,,,2023-08,1648.0,-6.2,,,,,,,,,,,,,,,,,,,,,,,,,,,,,,,,,,,tv_wilder_rsi14_sma5_v1,34.47,33.75,True,False,0.71
7425,7425.T,初穂商事,2023-07,OUT,6,77.7,83.05,True,True,5.34,2023-02,602.5,815.0,815.0,35.27,,,,,,,,,,,,,,,,,,,,,,,,,,,,,2023-08,743.75,23.44,,,,,,,,,,,,,,,,,,,,,,,,,,,,,,,,,,,tv_wilder_rsi14_sma5_v1,83.05,77.7,True,True,5.34
7433,7433.T,伯東,2023-07,OUT,2,73.55,75.56,False,True,2.02,2023-06,5540.0,5600.0,5600.0,1.08,,,,,,,,,,,,,,,,,,,,,,,,,,,,,2023-08,5040.0,-9.03,,,,,,,,,,,,,,,,,,,,,,,,,,,,,,,,,,,tv_wilder_rsi14_sma5_v1,75.56,73.55,True,False,2.02
7514,7514.T,ヒマラヤ,2023-07,OUT,2,49.09,50.26,True,False,1.17,2023-06,957.0,954.0,954.0,-0.31,,,,,,,,,,,,,,,,,,,,,,,,,,,,,2023-08,942.0,-1.57,,,,,,,,,,,,,,,,,,,,,,,,,,,,,,,,,,,tv_wilder_rsi14_sma5_v1,50.26,49.09,False,True,1.17
7525,7525.T,リックス,2023-07,OUT,2,79.15,80.51,True,False,1.36,2023-06,3245.0,3210.0,3210.0,-1.08,,,,,,,,,,,,,,,,,,,,,,,,,,,,,2023-08,3070.0,-5.39,,,,,,,,,,,,,,,,,,,,,,,,,,,,,,,,,,,tv_wilder_rsi14_sma5_v1,80.51,79.15,False,True,1.36
7538,7538.T,大水,2023-07,OUT,1,63.39,64.91,True,True,1.52,2023-07,299.0,299.0,299.0,0.0,,,,,,,,,,,,,,,,,,,,,,,,,,,,,2023-08,300.0,0.33,,,,,,,,,,,,,,,,,,,,,,,,,,,,,,,,,,,tv_wilder_rsi14_sma5_v1,64.91,63.39,True,True,1.52
7545,7545.T,西松屋チェーン,2023-07,OUT,8,59.26,60.95,True,True,1.69,2022-12,1550.0,1708.0,1708.0,10.19,,,,,,,,,,,,,,,,,,,,,,,,,,,,,2023-08,1681.0,8.45,,,,,,,,,,,,,,,,,,,,,,,,,,,,,,,,,,,tv_wilder_rsi14_sma5_v1,60.95,59.26,True,True,1.69
7550,7550.T,ゼンショーホールディングス,2023-07,OUT,6,81.53,90.45,True,True,8.92,2023-02,3835.0,7575.0,7575.0,97.52,,,,,,,,,,,,,,,,,,,,,,,,,,,,,2023-08,6866.0,79.04,,,,,,,,,,,,,,,,,,,,,,,,,,,,,,,,,,,tv_wilder_rsi14_sma5_v1,90.45,81.53,True,True,8.92
7570,7570.T,橋本総業ホールディングス,2023-07,OUT,2,56.86,58.75,True,False,1.89,2023-06,1262.0,1211.0,1211.0,-4.04,,,,,,,,,,,,,,,,,,,,,,,,,,,,,2023-08,1124.0,-10.94,,,,,,,,,,,,,,,,,,,,,,,,,,,,,,,,,,,tv_wilder_rsi14_sma5_v1,58.75,56.86,False,True,1.89
7593,7593.T,ＶＴホールディングス,2023-07,OUT,2,57.05,57.13,True,False,0.08,2023-06,547.0,533.0,533.0,-2.56,,,,,,,,,,,,,,,,,,,,,,,,,,,,,2023-08,512.0,-6.4,,,,,,,,,,,,,,,,,,,,,,,,,,,,,,,,,,,tv_wilder_rsi14_sma5_v1,57.13,57.05,False,True,0.08
7600,7600.T,日本エム・ディ・エム,2023-07,OUT,2,35.57,36.4,True,False,0.83,2023-06,1017.0,981.0,981.0,-3.54,,,,,,,,,,,,,,,,,,,,,,,,,,,,,2023-08,759.0,-25.37,,,,,,,,,,,,,,,,,,,,,,,,,,,,,,,,,,,tv_wilder_rsi14_sma5_v1,36.4,35.57,False,True,0.83
7603,7603.T,ジーイエット,2023-07,OUT,3,40.36,45.14,True,True,4.78,2023-05,379.0,390.0,390.0,2.9,,,,,,,,,,,,,,,,,,,,,,,,,,,,,2023-08,378.0,-0.26,,,,,,,,,,,,,,,,,,,,,,,,,,,,,,,,,,,tv_wilder_rsi14_sma5_v1,45.14,40.36,True,True,4.78
7606,7606.T,ユナイテッドアローズ,2023-07,OUT,5,55.74,58.87,True,False,3.13,2023-03,1919.0,2397.0,2397.0,24.91,,,,,,,,,,,,,,,,,,,,,,,,,,,,,2023-08,2160.0,12.56,,,,,,,,,,,,,,,,,,,,,,,,,,,,,,,,,,,tv_wilder_rsi14_sma5_v1,58.87,55.74,False,True,3.13
7609,7609.T,ダイトロン,2023-07,OUT,12,67.43,71.54,True,True,4.11,2022-08,1057.5,1567.5,1567.5,48.23,,,,,,,,,,,,,,,,,,,,,,,,,,,,,2023-08,1515.0,43.26,,,,,,,,,,,,,,,,,,,,,,,,,,,,,,,,,,,tv_wilder_rsi14_sma5_v1,71.54,67.43,True,True,4.11
7610,7610.T,テイツー,2023-07,OUT,2,70.28,76.73,True,True,6.45,2023-06,189.0,214.0,214.0,13.23,,,,,,,,,,,,,,,,,,,,,,,,,,,,,2023-08,189.0,0.0,,,,,,,,,,,,,,,,,,,,,,,,,,,,,,,,,,,tv_wilder_rsi14_sma5_v1,76.73,70.28,True,True,6.45
7624,7624.T,ＮａＩＴＯ,2023-07,OUT,1,39.5,39.69,True,True,0.19,2023-07,149.0,149.0,149.0,0.0,,,,,,,,,,,,,,,,,,,,,,,,,,,,,2023-08,146.0,-2.01,,,,,,,,,,,,,,,,,,,,,,,,,,,,,,,,,,,tv_wilder_rsi14_sma5_v1,39.69,39.5,True,True,0.19
7702,7702.T,ＪＭＳ,2023-07,OUT,6,41.16,46.38,True,False,5.22,2023-02,529.0,582.0,582.0,10.02,,,,,,,,,,,,,,,,,,,,,,,,,,,,,2023-08,541.0,2.27,,,,,,,,,,,,,,,,,,,,,,,,,,,,,,,,,,,tv_wilder_rsi14_sma5_v1,46.38,41.16,False,True,5.22
7707,7707.T,プレシジョン・システム・サイエンス,2023-07,OUT,1,40.78,40.99,False,True,0.21,2023-07,353.0,353.0,353.0,0.0,,,,,,,,,,,,,,,,,,,,,,,,,,,,,2023-08,331.0,-6.23,,,,,,,,,,,,,,,,,,,,,,,,,,,,,,,,,,,tv_wilder_rsi14_sma5_v1,40.99,40.78,True,False,0.21
7731,7731.T,ニコン,2023-07,OUT,6,60.44,68.36,True,True,7.92,2023-02,1350.0,1876.0,1876.0,38.96,,,,,,,,,,,,,,,,,,,,,,,,,,,,,2023-08,1574.0,16.59,,,,,,,,,,,,,,,,,,,,,,,,,,,,,,,,,,,tv_wilder_rsi14_sma5_v1,68.36,60.44,True,True,7.92
7733,7733.T,オリンパス,2023-07,OUT,2,47.11,48.42,True,True,1.31,2023-06,2266.0,2316.5,2316.5,2.23,,,,,,,,,,,,,,,,,,,,,,,,,,,,,2023-08,1970.5,-13.04,,,,,,,,,,,,,,,,,,,,,,,,,,,,,,,,,,,tv_wilder_rsi14_sma5_v1,48.42,47.11,True,True,1.31
7735,7735.T,ＳＣＲＥＥＮホールディングス,2023-07,OUT,7,64.0,66.4,True,False,2.4,2023-01,2392.5,3835.0,3835.0,60.29,,,,,,,,,,,,,,,,,,,,,,,,,,,,,2023-08,3712.5,55.17,,,,,,,,,,,,,,,,,,,,,,,,,,,,,,,,,,,tv_wilder_rsi14_sma5_v1,66.4,64.0,False,True,2.4
7741,7741.T,ＨＯＹＡ,2023-07,OUT,5,57.9,58.66,True,False,0.75,2023-03,14560.0,16530.0,16530.0,13.53,,,,,,,,,,,,,,,,,,,,,,,,,,,,,2023-08,16155.0,10.95,,,,,,,,,,,,,,,,,,,,,,,,,,,,,,,,,,,tv_wilder_rsi14_sma5_v1,58.66,57.9,False,True,0.75
7745,7745.T,Ａ＆Ｄホロンホールディングス,2023-07,OUT,10,67.45,72.6,True,True,5.14,2022-10,917.0,1879.0,1879.0,104.91,,,,,,,,,,,,,,,,,,,,,,,,,,,,,2023-08,1728.0,88.44,,,,,,,,,,,,,,,,,,,,,,,,,,,,,,,,,,,tv_wilder_rsi14_sma5_v1,72.6,67.45,True,True,5.14
7751,7751.T,キヤノン,2023-07,OUT,4,62.85,66.34,True,False,3.49,2023-04,3238.0,3673.0,3673.0,13.43,,,,,,,,,,,,,,,,,,,,,,,,,,,,,2023-08,3588.0,10.81,,,,,,,,,,,,,,,,,,,,,,,,,,,,,,,,,,,tv_wilder_rsi14_sma5_v1,66.34,62.85,False,True,3.49
7752,7752.T,リコー,2023-07,OUT,4,56.46,62.25,True,True,5.79,2023-04,1121.0,1263.5,1263.5,12.71,,,,,,,,,,,,,,,,,,,,,,,,,,,,,2023-08,1188.0,5.98,,,,,,,,,,,,,,,,,,,,,,,,,,,,,,,,,,,tv_wilder_rsi14_sma5_v1,62.25,56.46,True,True,5.79
7762,7762.T,シチズン時計,2023-07,OUT,3,72.46,76.53,False,True,4.07,2023-05,856.0,928.0,928.0,8.41,,,,,,,,,,,,,,,,,,,,,,,,,,,,,2023-08,893.0,4.32,,,,,,,,,,,,,,,,,,,,,,,,,,,,,,,,,,,tv_wilder_rsi14_sma5_v1,76.53,72.46,True,False,4.07
7779,7779.T,ＣＹＢＥＲＤＹＮＥ,2023-07,OUT,3,38.34,40.25,True,False,1.91,2023-05,296.0,306.0,306.0,3.38,,,,,,,,,,,,,,,,,,,,,,,,,,,,,2023-08,290.0,-2.03,,,,,,,,,,,,,,,,,,,,,,,,,,,,,,,,,,,tv_wilder_rsi14_sma5_v1,40.25,38.34,False,True,1.91
7782,7782.T,シンシア,2023-07,OUT,5,53.25,54.66,True,False,1.42,2023-03,546.0,595.0,595.0,8.97,,,,,,,,,,,,,,,,,,,,,,,,,,,,,2023-08,563.0,3.11,,,,,,,,,,,,,,,,,,,,,,,,,,,,,,,,,,,tv_wilder_rsi14_sma5_v1,54.66,53.25,False,True,1.42
7800,7800.T,アミファ,2023-07,OUT,9,38.38,44.57,True,True,6.19,2022-11,640.0,699.0,699.0,9.22,,,,,,,,,,,,,,,,,,,,,,,,,,,,,2023-08,658.0,2.81,,,,,,,,,,,,,,,,,,,,,,,,,,,,,,,,,,,tv_wilder_rsi14_sma5_v1,44.57,38.38,True,True,6.19
7805,7805.T,プリントネット,2023-07,OUT,7,54.95,58.2,True,True,3.25,2023-01,665.0,800.0,800.0,20.3,,,,,,,,,,,,,,,,,,,,,,,,,,,,,2023-08,744.0,11.88,,,,,,,,,,,,,,,,,,,,,,,,,,,,,,,,,,,tv_wilder_rsi14_sma5_v1,58.2,54.95,True,True,3.25
7808,7808.T,シー・エス・ランバー,2023-07,OUT,1,58.53,59.26,True,True,0.73,2023-07,3165.0,3165.0,3165.0,0.0,,,,,,,,,,,,,,,,,,,,,,,,,,,,,2023-08,3090.0,-2.37,,,,,,,,,,,,,,,,,,,,,,,,,,,,,,,,,,,tv_wilder_rsi14_sma5_v1,59.26,58.53,True,True,0.73
7810,7810.T,クロスフォー,2023-07,OUT,7,50.17,51.02,True,False,0.85,2023-01,201.0,231.0,231.0,14.93,,,,,,,,,,,,,,,,,,,,,,,,,,,,,2023-08,216.0,7.46,,,,,,,,,,,,,,,,,,,,,,,,,,,,,,,,,,,tv_wilder_rsi14_sma5_v1,51.02,50.17,False,True,0.85
7814,7814.T,日本創発グループ,2023-07,OUT,4,76.24,81.46,True,True,5.22,2023-04,561.0,695.0,695.0,23.89,,,,,,,,,,,,,,,,,,,,,,,,,,,,,2023-08,644.0,14.8,,,,,,,,,,,,,,,,,,,,,,,,,,,,,,,,,,,tv_wilder_rsi14_sma5_v1,81.46,76.24,True,True,5.22
7826,7826.T,フルヤ金属,2023-07,OUT,3,56.25,58.66,True,False,2.41,2023-05,3223.33,3680.0,3680.0,14.17,,,,,,,,,,,,,,,,,,,,,,,,,,,,,2023-08,3160.0,-1.96,,,,,,,,,,,,,,,,,,,,,,,,,,,,,,,,,,,tv_wilder_rsi14_sma5_v1,58.66,56.25,False,True,2.41
7849,7849.T,スターツ出版,2023-07,OUT,3,76.15,79.21,False,True,3.06,2023-05,4140.0,4255.0,4255.0,2.78,,,,,,,,,,,,,,,,,,,,,,,,,,,,,2023-08,3965.0,-4.23,,,,,,,,,,,,,,,,,,,,,,,,,,,,,,,,,,,tv_wilder_rsi14_sma5_v1,79.21,76.15,True,False,3.06
7886,7886.T,ヤマト　モビリティ　＆　Ｍｆｇ．,2023-07,OUT,2,57.81,58.23,False,False,0.42,2023-06,1230.0,1180.0,1180.0,-4.07,,,,,,,,,,,,,,,,,,,,,,,,,,,,,2023-08,1074.0,-12.68,,,,,,,,,,,,,,,,,,,,,,,,,,,,,,,,,,,tv_wilder_rsi14_sma5_v1,58.23,57.81,False,False,0.42
7901,7901.T,マツモト,2023-07,OUT,5,59.0,59.03,True,False,0.03,2023-03,3020.0,3793.33,3793.33,25.61,,,,,,,,,,,,,,,,,,,,,,,,,,,,,2023-08,3346.67,10.82,,,,,,,,,,,,,,,,,,,,,,,,,,,,,,,,,,,tv_wilder_rsi14_sma5_v1,59.03,59.0,False,True,0.03
7908,7908.T,きもと,2023-07,OUT,2,43.04,44.68,True,False,1.64,2023-06,196.0,195.0,195.0,-0.51,,,,,,,,,,,,,,,,,,,,,,,,,,,,,2023-08,185.0,-5.61,,,,,,,,,,,,,,,,,,,,,,,,,,,,,,,,,,,tv_wilder_rsi14_sma5_v1,44.68,43.04,False,True,1.64
7912,7912.T,大日本印刷,2023-07,OUT,7,72.77,73.27,True,False,0.5,2023-01,1530.0,2019.5,2019.5,31.99,,,,,,,,,,,,,,,,,,,,,,,,,,,,,2023-08,1991.5,30.16,,,,,,,,,,,,,,,,,,,,,,,,,,,,,,,,,,,tv_wilder_rsi14_sma5_v1,73.27,72.77,False,True,0.5
7951,7951.T,ヤマハ,2023-07,OUT,4,49.49,50.94,True,False,1.45,2023-04,1776.67,1833.33,1833.33,3.19,,,,,,,,,,,,,,,,,,,,,,,,,,,,,2023-08,1499.67,-15.59,,,,,,,,,,,,,,,,,,,,,,,,,,,,,,,,,,,tv_wilder_rsi14_sma5_v1,50.94,49.49,False,True,1.45
7952,7952.T,河合楽器製作所,2023-07,OUT,8,55.89,60.83,True,True,4.95,2022-12,2601.0,3625.0,3625.0,39.37,,,,,,,,,,,,,,,,,,,,,,,,,,,,,2023-08,3395.0,30.53,,,,,,,,,,,,,,,,,,,,,,,,,,,,,,,,,,,tv_wilder_rsi14_sma5_v1,60.83,55.89,True,True,4.95
7953,7953.T,菊水化学工業,2023-07,OUT,4,55.38,58.92,True,False,3.55,2023-04,387.0,403.0,403.0,4.13,,,,,,,,,,,,,,,,,,,,,,,,,,,,,2023-08,397.0,2.58,,,,,,,,,,,,,,,,,,,,,,,,,,,,,,,,,,,tv_wilder_rsi14_sma5_v1,58.92,55.38,False,True,3.55
7955,7955.T,クリナップ,2023-07,OUT,1,60.16,60.28,False,True,0.11,2023-07,740.0,740.0,740.0,0.0,,,,,,,,,,,,,,,,,,,,,,,,,,,,,2023-08,712.0,-3.78,,,,,,,,,,,,,,,,,,,,,,,,,,,,,,,,,,,tv_wilder_rsi14_sma5_v1,60.28,60.16,True,False,0.11
7965,7965.T,象印マホービン,2023-07,OUT,2,57.41,65.04,True,True,7.62,2023-06,1770.0,1999.0,1999.0,12.94,,,,,,,,,,,,,,,,,,,,,,,,,,,,,2023-08,1795.0,1.41,,,,,,,,,,,,,,,,,,,,,,,,,,,,,,,,,,,tv_wilder_rsi14_sma5_v1,65.04,57.41,True,True,7.62
7979,7979.T,松風,2023-07,OUT,2,55.39,60.33,True,True,4.94,2023-06,1155.5,1189.0,1189.0,2.9,,,,,,,,,,,,,,,,,,,,,,,,,,,,,2023-08,1071.0,-7.31,,,,,,,,,,,,,,,,,,,,,,,,,,,,,,,,,,,tv_wilder_rsi14_sma5_v1,60.33,55.39,True,True,4.94
7980,7980.T,重松製作所,2023-07,OUT,1,45.11,46.75,True,True,1.64,2023-07,834.0,834.0,834.0,0.0,,,,,,,,,,,,,,,,,,,,,,,,,,,,,2023-08,795.0,-4.68,,,,,,,,,,,,,,,,,,,,,,,,,,,,,,,,,,,tv_wilder_rsi14_sma5_v1,46.75,45.11,True,True,1.64
7990,7990.T,グローブライド,2023-07,OUT,1,48.16,48.64,False,True,0.48,2023-07,2346.0,2346.0,2346.0,0.0,,,,,,,,,,,,,,,,,,,,,,,,,,,,,2023-08,1943.0,-17.18,,,,,,,,,,,,,,,,,,,,,,,,,,,,,,,,,,,tv_wilder_rsi14_sma5_v1,48.64,48.16,True,False,0.48
7992,7992.T,セーラー万年筆,2023-07,OUT,2,44.75,47.5,True,True,2.75,2023-06,161.0,165.0,165.0,2.48,,,,,,,,,,,,,,,,,,,,,,,,,,,,,2023-08,159.0,-1.24,,,,,,,,,,,,,,,,,,,,,,,,,,,,,,,,,,,tv_wilder_rsi14_sma5_v1,47.5,44.75,True,True,2.75
8001,8001.T,伊藤忠商事,2023-07,OUT,5,72.7,79.93,True,True,7.23,2023-03,860.2,1150.0,1150.0,33.69,,,,,,,,,,,,,,,,,,,,,,,,,,,,,2023-08,1094.4,27.23,,,,,,,,,,,,,,,,,,,,,,,,,,,,,,,,,,,tv_wilder_rsi14_sma5_v1,79.93,72.7,True,True,7.23
8002,8002.T,丸紅,2023-07,OUT,9,79.4,84.81,True,True,5.4,2022-11,1548.0,2513.5,2513.5,62.37,,,,,,,,,,,,,,,,,,,,,,,,,,,,,2023-08,2384.5,54.04,,,,,,,,,,,,,,,,,,,,,,,,,,,,,,,,,,,tv_wilder_rsi14_sma5_v1,84.81,79.4,True,True,5.4
8014,8014.T,蝶理,2023-07,OUT,2,71.99,75.23,True,False,3.23,2023-06,2956.0,2928.0,2928.0,-0.95,,,,,,,,,,,,,,,,,,,,,,,,,,,,,2023-08,2856.0,-3.38,,,,,,,,,,,,,,,,,,,,,,,,,,,,,,,,,,,tv_wilder_rsi14_sma5_v1,75.23,71.99,False,True,3.23
8029,8029.T,ルックホールディングス,2023-07,OUT,2,64.37,70.0,True,True,5.62,2023-06,2416.0,2725.0,2725.0,12.79,,,,,,,,,,,,,,,,,,,,,,,,,,,,,2023-08,2003.0,-17.09,,,,,,,,,,,,,,,,,,,,,,,,,,,,,,,,,,,tv_wilder_rsi14_sma5_v1,70.0,64.37,True,True,5.62
8040,8040.T,東京ソワール,2023-07,OUT,1,50.12,53.77,True,True,3.65,2023-07,940.0,940.0,940.0,0.0,,,,,,,,,,,,,,,,,,,,,,,,,,,,,2023-08,861.0,-8.4,,,,,,,,,,,,,,,,,,,,,,,,,,,,,,,,,,,tv_wilder_rsi14_sma5_v1,53.77,50.12,True,True,3.65
8065,8065.T,佐藤商事,2023-07,OUT,2,65.58,68.43,True,True,2.84,2023-06,1450.0,1533.0,1533.0,5.72,,,,,,,,,,,,,,,,,,,,,,,,,,,,,2023-08,1469.0,1.31,,,,,,,,,,,,,,,,,,,,,,,,,,,,,,,,,,,tv_wilder_rsi14_sma5_v1,68.43,65.58,True,True,2.84
8070,8070.T,東京産業,2023-07,OUT,4,61.23,63.14,True,False,1.91,2023-04,852.0,873.0,873.0,2.46,,,,,,,,,,,,,,,,,,,,,,,,,,,,,2023-08,838.0,-1.64,,,,,,,,,,,,,,,,,,,,,,,,,,,,,,,,,,,tv_wilder_rsi14_sma5_v1,63.14,61.23,False,True,1.91
8074,8074.T,ＹＵＡＳＡ,2023-07,OUT,5,70.73,76.64,True,True,5.91,2023-03,3785.0,4550.0,4550.0,20.21,,,,,,,,,,,,,,,,,,,,,,,,,,,,,2023-08,4280.0,13.08,,,,,,,,,,,,,,,,,,,,,,,,,,,,,,,,,,,tv_wilder_rsi14_sma5_v1,76.64,70.73,True,True,5.91
8078,8078.T,阪和興業,2023-07,OUT,2,68.41,74.55,True,True,6.15,2023-06,905.0,971.0,971.0,7.29,,,,,,,,,,,,,,,,,,,,,,,,,,,,,2023-08,928.0,2.54,,,,,,,,,,,,,,,,,,,,,,,,,,,,,,,,,,,tv_wilder_rsi14_sma5_v1,74.55,68.41,True,True,6.15
8098,8098.T,稲畑産業,2023-07,OUT,7,76.65,81.68,True,True,5.03,2023-01,2513.0,3310.0,3310.0,31.72,,,,,,,,,,,,,,,,,,,,,,,,,,,,,2023-08,3170.0,26.14,,,,,,,,,,,,,,,,,,,,,,,,,,,,,,,,,,,tv_wilder_rsi14_sma5_v1,81.68,76.65,True,True,5.03
8103,8103.T,明和産業,2023-07,OUT,1,48.56,48.83,False,True,0.27,2023-07,683.0,683.0,683.0,0.0,,,,,,,,,,,,,,,,,,,,,,,,,,,,,2023-08,662.0,-3.07,,,,,,,,,,,,,,,,,,,,,,,,,,,,,,,,,,,tv_wilder_rsi14_sma5_v1,48.83,48.56,True,False,0.27
8107,8107.T,キムラタン,2023-07,OUT,1,42.47,45.73,True,True,3.25,2023-07,21.0,21.0,21.0,0.0,,,,,,,,,,,,,,,,,,,,,,,,,,,,,2023-08,20.0,-4.76,,,,,,,,,,,,,,,,,,,,,,,,,,,,,,,,,,,tv_wilder_rsi14_sma5_v1,45.73,42.47,True,True,3.25
8115,8115.T,ムーンバット,2023-07,OUT,9,66.99,71.03,True,True,4.05,2022-11,464.0,677.0,677.0,45.91,,,,,,,,,,,,,,,,,,,,,,,,,,,,,2023-08,636.0,37.07,,,,,,,,,,,,,,,,,,,,,,,,,,,,,,,,,,,tv_wilder_rsi14_sma5_v1,71.03,66.99,True,True,4.05
8123,8123.T,川辺,2023-07,OUT,7,56.09,61.82,True,True,5.73,2023-01,945.0,1115.0,1115.0,17.99,,,,,,,,,,,,,,,,,,,,,,,,,,,,,2023-08,1088.0,15.13,,,,,,,,,,,,,,,,,,,,,,,,,,,,,,,,,,,tv_wilder_rsi14_sma5_v1,61.82,56.09,True,True,5.73
8127,8127.T,ヤマトインターナショナル,2023-07,OUT,7,46.89,54.54,True,True,7.65,2023-01,249.0,305.0,305.0,22.49,,,,,,,,,,,,,,,,,,,,,,,,,,,,,2023-08,282.0,13.25,,,,,,,,,,,,,,,,,,,,,,,,,,,,,,,,,,,tv_wilder_rsi14_sma5_v1,54.54,46.89,True,True,7.65
8135,8135.T,ゼット,2023-07,OUT,1,55.89,57.82,False,True,1.93,2023-07,303.0,303.0,303.0,0.0,,,,,,,,,,,,,,,,,,,,,,,,,,,,,2023-08,293.0,-3.3,,,,,,,,,,,,,,,,,,,,,,,,,,,,,,,,,,,tv_wilder_rsi14_sma5_v1,57.82,55.89,True,False,1.93
8137,8137.T,サンワテクノス,2023-07,OUT,3,69.51,69.61,False,False,0.1,2023-05,2157.0,2268.0,2268.0,5.15,,,,,,,,,,,,,,,,,,,,,,,,,,,,,2023-08,2185.0,1.3,,,,,,,,,,,,,,,,,,,,,,,,,,,,,,,,,,,tv_wilder_rsi14_sma5_v1,69.61,69.51,False,False,0.1
8147,8147.T,トミタ,2023-07,OUT,2,53.41,56.43,False,True,3.03,2023-06,1044.0,1070.0,1070.0,2.49,,,,,,,,,,,,,,,,,,,,,,,,,,,,,2023-08,1027.0,-1.63,,,,,,,,,,,,,,,,,,,,,,,,,,,,,,,,,,,tv_wilder_rsi14_sma5_v1,56.43,53.41,True,False,3.03
8159,8159.T,立花エレテック,2023-07,OUT,12,74.7,75.31,True,False,0.61,2022-08,1630.0,2737.0,2737.0,67.91,,,,,,,,,,,,,,,,,,,,,,,,,,,,,2023-08,2659.0,63.13,,,,,,,,,,,,,,,,,,,,,,,,,,,,,,,,,,,tv_wilder_rsi14_sma5_v1,75.31,74.7,False,True,0.61
8200,8200.T,リンガーハット,2023-07,OUT,5,56.86,58.42,True,False,1.57,2023-03,2262.0,2458.0,2458.0,8.66,,,,,,,,,,,,,,,,,,,,,,,,,,,,,2023-08,2360.0,4.33,,,,,,,,,,,,,,,,,,,,,,,,,,,,,,,,,,,tv_wilder_rsi14_sma5_v1,58.42,56.86,False,True,1.57
8230,8230.T,はせがわ,2023-07,OUT,1,54.72,55.1,True,True,0.38,2023-07,370.0,370.0,370.0,0.0,,,,,,,,,,,,,,,,,,,,,,,,,,,,,2023-08,350.0,-5.41,,,,,,,,,,,,,,,,,,,,,,,,,,,,,,,,,,,tv_wilder_rsi14_sma5_v1,55.1,54.72,True,True,0.38
8370,8370.T,紀陽銀行,2023-07,OUT,1,50.31,51.18,False,True,0.87,2023-07,1525.0,1525.0,1525.0,0.0,,,,,,,,,,,,,,,,,,,,,,,,,,,,,2023-08,1512.0,-0.85,,,,,,,,,,,,,,,,,,,,,,,,,,,,,,,,,,,tv_wilder_rsi14_sma5_v1,51.18,50.31,True,False,0.87
8584,8584.T,ジャックス,2023-07,OUT,9,78.59,82.64,True,True,4.04,2022-11,3905.0,5210.0,5210.0,33.42,,,,,,,,,,,,,,,,,,,,,,,,,,,,,2023-08,5070.0,29.83,,,,,,,,,,,,,,,,,,,,,,,,,,,,,,,,,,,tv_wilder_rsi14_sma5_v1,82.64,78.59,True,True,4.04
8614,8614.T,東洋証券,2023-07,OUT,1,62.99,64.39,False,True,1.4,2023-07,342.0,342.0,342.0,0.0,,,,,,,,,,,,,,,,,,,,,,,,,,,,,2023-08,325.0,-4.97,,,,,,,,,,,,,,,,,,,,,,,,,,,,,,,,,,,tv_wilder_rsi14_sma5_v1,64.39,62.99,True,False,1.4
8698,8698.T,マネックスグループ,2023-07,OUT,2,50.18,52.41,True,True,2.23,2023-06,552.0,553.0,553.0,0.18,,,,,,,,,,,,,,,,,,,,,,,,,,,,,2023-08,523.0,-5.25,,,,,,,,,,,,,,,,,,,,,,,,,,,,,,,,,,,tv_wilder_rsi14_sma5_v1,52.41,50.18,True,True,2.23
8769,8769.T,アドバンテッジリスクマネジメント,2023-07,OUT,7,45.95,50.31,True,False,4.36,2023-01,413.0,589.0,589.0,42.62,,,,,,,,,,,,,,,,,,,,,,,,,,,,,2023-08,468.0,13.32,,,,,,,,,,,,,,,,,,,,,,,,,,,,,,,,,,,tv_wilder_rsi14_sma5_v1,50.31,45.95,False,True,4.36
8771,8771.T,イー・ギャランティ,2023-07,OUT,1,44.79,47.85,False,True,3.07,2023-07,2107.0,2107.0,2107.0,0.0,,,,,,,,,,,,,,,,,,,,,,,,,,,,,2023-08,1944.0,-7.74,,,,,,,,,,,,,,,,,,,,,,,,,,,,,,,,,,,tv_wilder_rsi14_sma5_v1,47.85,44.79,True,False,3.07
8789,8789.T,フィンテック　グローバル,2023-07,OUT,1,57.13,57.9,False,True,0.77,2023-07,69.0,69.0,69.0,0.0,,,,,,,,,,,,,,,,,,,,,,,,,,,,,2023-08,61.0,-11.59,,,,,,,,,,,,,,,,,,,,,,,,,,,,,,,,,,,tv_wilder_rsi14_sma5_v1,57.9,57.13,True,False,0.77
8798,8798.T,アドバンスクリエイト,2023-07,OUT,2,56.41,60.9,True,True,4.49,2023-06,1215.0,1235.0,1235.0,1.65,,,,,,,,,,,,,,,,,,,,,,,,,,,,,2023-08,1136.0,-6.5,,,,,,,,,,,,,,,,,,,,,,,,,,,,,,,,,,,tv_wilder_rsi14_sma5_v1,60.9,56.41,True,True,4.49
8869,8869.T,明和地所,2023-07,OUT,2,68.25,76.32,False,True,8.07,2023-06,1028.0,1139.0,1139.0,10.8,,,,,,,,,,,,,,,,,,,,,,,,,,,,,2023-08,1045.0,1.65,,,,,,,,,,,,,,,,,,,,,,,,,,,,,,,,,,,tv_wilder_rsi14_sma5_v1,76.32,68.25,True,False,8.07
8919,8919.T,カチタス,2023-07,OUT,1,41.03,42.77,True,True,1.74,2023-07,2612.0,2612.0,2612.0,0.0,,,,,,,,,,,,,,,,,,,,,,,,,,,,,2023-08,2325.0,-10.99,,,,,,,,,,,,,,,,,,,,,,,,,,,,,,,,,,,tv_wilder_rsi14_sma5_v1,42.77,41.03,True,True,1.74
8920,8920.T,東祥,2023-07,OUT,2,44.71,49.94,True,True,5.23,2023-06,1262.0,1433.0,1433.0,13.55,,,,,,,,,,,,,,,,,,,,,,,,,,,,,2023-08,1244.0,-1.43,,,,,,,,,,,,,,,,,,,,,,,,,,,,,,,,,,,tv_wilder_rsi14_sma5_v1,49.94,44.71,True,True,5.23
8934,8934.T,サンフロンティア不動産,2023-07,OUT,6,66.75,72.76,True,True,6.01,2023-02,1236.0,1508.0,1508.0,22.01,,,,,,,,,,,,,,,,,,,,,,,,,,,,,2023-08,1444.0,16.83,,,,,,,,,,,,,,,,,,,,,,,,,,,,,,,,,,,tv_wilder_rsi14_sma5_v1,72.76,66.75,True,True,6.01
9009,9009.T,京成電鉄,2023-07,OUT,6,73.0,78.56,True,False,5.56,2023-02,1311.67,1966.67,1966.67,49.94,,,,,,,,,,,,,,,,,,,,,,,,,,,,,2023-08,1859.33,41.75,,,,,,,,,,,,,,,,,,,,,,,,,,,,,,,,,,,tv_wilder_rsi14_sma5_v1,78.56,73.0,False,True,5.56
9010,9010.T,富士急行,2023-07,OUT,4,60.61,65.94,True,True,5.33,2023-04,5210.0,5670.0,5670.0,8.83,,,,,,,,,,,,,,,,,,,,,,,,,,,,,2023-08,5310.0,1.92,,,,,,,,,,,,,,,,,,,,,,,,,,,,,,,,,,,tv_wilder_rsi14_sma5_v1,65.94,60.61,True,True,5.33
9029,9029.T,ヒガシホールディングス,2023-07,OUT,1,70.89,71.14,True,True,0.25,2023-07,997.0,997.0,997.0,0.0,,,,,,,,,,,,,,,,,,,,,,,,,,,,,2023-08,968.0,-2.91,,,,,,,,,,,,,,,,,,,,,,,,,,,,,,,,,,,tv_wilder_rsi14_sma5_v1,71.14,70.89,True,True,0.25
9041,9041.T,近鉄グループホールディングス,2023-07,OUT,4,56.27,57.26,True,False,1.0,2023-04,4590.0,4771.0,4771.0,3.94,,,,,,,,,,,,,,,,,,,,,,,,,,,,,2023-08,4609.0,0.41,,,,,,,,,,,,,,,,,,,,,,,,,,,,,,,,,,,tv_wilder_rsi14_sma5_v1,57.26,56.27,False,True,1.0
9074,9074.T,日本石油輸送,2023-07,OUT,7,56.87,61.86,True,False,4.99,2023-01,2290.0,2812.0,2812.0,22.79,,,,,,,,,,,,,,,,,,,,,,,,,,,,,2023-08,2548.0,11.27,,,,,,,,,,,,,,,,,,,,,,,,,,,,,,,,,,,tv_wilder_rsi14_sma5_v1,61.86,56.87,False,True,4.99
9075,9075.T,福山通運,2023-07,OUT,2,50.43,55.22,True,True,4.79,2023-06,4000.0,4015.0,4015.0,0.37,,,,,,,,,,,,,,,,,,,,,,,,,,,,,2023-08,3625.0,-9.38,,,,,,,,,,,,,,,,,,,,,,,,,,,,,,,,,,,tv_wilder_rsi14_sma5_v1,55.22,50.43,True,True,4.79
9082,9082.T,大和自動車交通,2023-07,OUT,2,52.51,55.88,True,True,3.36,2023-06,860.0,876.0,876.0,1.86,,,,,,,,,,,,,,,,,,,,,,,,,,,,,2023-08,836.0,-2.79,,,,,,,,,,,,,,,,,,,,,,,,,,,,,,,,,,,tv_wilder_rsi14_sma5_v1,55.88,52.51,True,True,3.36
9087,9087.T,タカセ,2023-07,OUT,7,73.33,75.5,True,False,2.17,2023-01,1087.5,1498.5,1498.5,37.79,,,,,,,,,,,,,,,,,,,,,,,,,,,,,2023-08,1465.0,34.71,,,,,,,,,,,,,,,,,,,,,,,,,,,,,,,,,,,tv_wilder_rsi14_sma5_v1,75.5,73.33,False,True,2.17
9147,9147.T,ＮＩＰＰＯＮ　ＥＸＰＲＥＳＳホールディングス,2023-07,OUT,1,61.08,63.31,,True,2.23,2023-07,2778.33,2778.33,2778.33,0.0,,,,,,,,,,,,,,,,,,,,,,,,,,,,,2023-08,2523.0,-9.19,,,,,,,,,,,,,,,,,,,,,,,,,,,,,,,,,,,tv_wilder_rsi14_sma5_v1,63.31,61.08,True,,2.23
9202,9202.T,ＡＮＡホールディングス,2023-07,OUT,5,61.04,66.35,True,False,5.31,2023-03,2876.0,3406.0,3406.0,18.43,,,,,,,,,,,,,,,,,,,,,,,,,,,,,2023-08,3290.0,14.39,,,,,,,,,,,,,,,,,,,,,,,,,,,,,,,,,,,tv_wilder_rsi14_sma5_v1,66.35,61.04,False,True,5.31
9233,9233.T,アジア航測,2023-07,OUT,7,58.31,61.93,True,True,3.62,2023-01,785.0,945.0,945.0,20.38,,,,,,,,,,,,,,,,,,,,,,,,,,,,,2023-08,915.0,16.56,,,,,,,,,,,,,,,,,,,,,,,,,,,,,,,,,,,tv_wilder_rsi14_sma5_v1,61.93,58.31,True,True,3.62
9244,9244.T,デジタリフト,2023-07,OUT,2,36.07,37.63,True,True,1.57,2023-06,1034.0,1057.0,1057.0,2.22,,,,,,,,,,,,,,,,,,,,,,,,,,,,,2023-08,945.0,-8.61,,,,,,,,,,,,,,,,,,,,,,,,,,,,,,,,,,,tv_wilder_rsi14_sma5_v1,37.63,36.07,True,True,1.57
9258,9258.T,ＣＳ－Ｃ,2023-07,OUT,2,33.55,35.77,True,False,2.22,2023-06,610.0,604.0,604.0,-0.98,,,,,,,,,,,,,,,,,,,,,,,,,,,,,2023-08,414.0,-32.13,,,,,,,,,,,,,,,,,,,,,,,,,,,,,,,,,,,tv_wilder_rsi14_sma5_v1,35.77,33.55,False,True,2.22
9270,9270.T,バリュエンスホールディングス,2023-07,OUT,4,50.38,55.41,True,True,5.03,2023-04,2265.0,2800.0,2800.0,23.62,,,,,,,,,,,,,,,,,,,,,,,,,,,,,2023-08,2459.0,8.57,,,,,,,,,,,,,,,,,,,,,,,,,,,,,,,,,,,tv_wilder_rsi14_sma5_v1,55.41,50.38,True,True,5.03
9272,9272.T,ブティックス,2023-07,OUT,5,73.79,80.75,True,True,6.97,2023-03,1922.5,2942.0,2942.0,53.03,,,,,,,,,,,,,,,,,,,,,,,,,,,,,2023-08,2410.0,25.36,,,,,,,,,,,,,,,,,,,,,,,,,,,,,,,,,,,tv_wilder_rsi14_sma5_v1,80.75,73.79,True,True,6.97
9311,9311.T,アサガミ,2023-07,OUT,1,58.07,59.63,True,True,1.56,2023-07,4525.0,4525.0,4525.0,0.0,,,,,,,,,,,,,,,,,,,,,,,,,,,,,2023-08,4445.0,-1.77,,,,,,,,,,,,,,,,,,,,,,,,,,,,,,,,,,,tv_wilder_rsi14_sma5_v1,59.63,58.07,True,True,1.56
9312,9312.T,ケイヒン,2023-07,OUT,7,65.15,68.48,True,False,3.33,2023-01,1507.0,1811.0,1811.0,20.17,,,,,,,,,,,,,,,,,,,,,,,,,,,,,2023-08,1771.0,17.52,,,,,,,,,,,,,,,,,,,,,,,,,,,,,,,,,,,tv_wilder_rsi14_sma5_v1,68.48,65.15,False,True,3.33
9332,9332.T,ＮＩＳＳＯホールディングス,2023-07,OUT,9,56.76,58.86,True,False,2.1,2022-11,598.0,878.0,878.0,46.82,,,,,,,,,,,,,,,,,,,,,,,,,,,,,2023-08,838.0,40.13,,,,,,,,,,,,,,,,,,,,,,,,,,,,,,,,,,,tv_wilder_rsi14_sma5_v1,58.86,56.76,False,True,2.1
9366,9366.T,サンリツ,2023-07,OUT,2,51.04,51.46,False,False,0.42,2023-06,768.0,743.0,743.0,-3.26,,,,,,,,,,,,,,,,,,,,,,,,,,,,,2023-08,735.0,-4.3,,,,,,,,,,,,,,,,,,,,,,,,,,,,,,,,,,,tv_wilder_rsi14_sma5_v1,51.46,51.04,False,False,0.42
9376,9376.T,ユーラシア旅行社,2023-07,OUT,1,48.38,49.05,True,True,0.67,2023-07,466.0,466.0,466.0,0.0,,,,,,,,,,,,,,,,,,,,,,,,,,,,,2023-08,459.0,-1.5,,,,,,,,,,,,,,,,,,,,,,,,,,,,,,,,,,,tv_wilder_rsi14_sma5_v1,49.05,48.38,True,True,0.67
9413,9413.T,テレビ東京ホールディングス,2023-07,OUT,7,73.77,82.32,True,True,8.56,2023-01,1958.0,3465.0,3465.0,76.97,,,,,,,,,,,,,,,,,,,,,,,,,,,,,2023-08,3080.0,57.3,,,,,,,,,,,,,,,,,,,,,,,,,,,,,,,,,,,tv_wilder_rsi14_sma5_v1,82.32,73.77,True,True,8.56
9423,9423.T,フォーバル・リアルストレート,2023-07,OUT,1,49.39,49.88,False,True,0.5,2023-07,100.0,100.0,100.0,0.0,,,,,,,,,,,,,,,,,,,,,,,,,,,,,2023-08,98.0,-2.0,,,,,,,,,,,,,,,,,,,,,,,,,,,,,,,,,,,tv_wilder_rsi14_sma5_v1,49.88,49.39,True,False,0.5
9441,9441.T,ベルパーク,2023-07,OUT,1,41.25,41.48,True,True,0.23,2023-07,1670.0,1670.0,1670.0,0.0,,,,,,,,,,,,,,,,,,,,,,,,,,,,,2023-08,1647.0,-1.38,,,,,,,,,,,,,,,,,,,,,,,,,,,,,,,,,,,tv_wilder_rsi14_sma5_v1,41.48,41.25,True,True,0.23
9449,9449.T,ＧＭＯインターネットグループ,2023-07,OUT,2,52.36,56.19,True,True,3.82,2023-06,2750.0,2820.5,2820.5,2.56,,,,,,,,,,,,,,,,,,,,,,,,,,,,,2023-08,2357.5,-14.27,,,,,,,,,,,,,,,,,,,,,,,,,,,,,,,,,,,tv_wilder_rsi14_sma5_v1,56.19,52.36,True,True,3.82
9470,9470.T,学研ホールディングス,2023-07,OUT,2,38.32,40.59,True,True,2.27,2023-06,864.0,891.0,891.0,3.12,,,,,,,,,,,,,,,,,,,,,,,,,,,,,2023-08,847.0,-1.97,,,,,,,,,,,,,,,,,,,,,,,,,,,,,,,,,,,tv_wilder_rsi14_sma5_v1,40.59,38.32,True,True,2.27
9514,9514.T,エフオン,2023-07,OUT,1,45.52,45.53,False,True,0.01,2023-07,579.0,579.0,579.0,0.0,,,,,,,,,,,,,,,,,,,,,,,,,,,,,2023-08,530.0,-8.46,,,,,,,,,,,,,,,,,,,,,,,,,,,,,,,,,,,tv_wilder_rsi14_sma5_v1,45.53,45.52,True,False,0.01
9534,9534.T,北海道瓦斯,2023-07,OUT,10,78.62,85.63,True,True,7.01,2022-10,340.4,486.0,486.0,42.77,,,,,,,,,,,,,,,,,,,,,,,,,,,,,2023-08,465.8,36.84,,,,,,,,,,,,,,,,,,,,,,,,,,,,,,,,,,,tv_wilder_rsi14_sma5_v1,85.63,78.62,True,True,7.01
9603,9603.T,エイチ・アイ・エス,2023-07,OUT,2,46.28,47.37,True,False,1.08,2023-06,2038.0,2037.0,2037.0,-0.05,,,,,,,,,,,,,,,,,,,,,,,,,,,,,2023-08,1972.0,-3.24,,,,,,,,,,,,,,,,,,,,,,,,,,,,,,,,,,,tv_wilder_rsi14_sma5_v1,47.37,46.28,False,True,1.08
9605,9605.T,東映,2023-07,OUT,4,49.94,50.52,True,False,0.58,2023-04,3658.0,3614.0,3614.0,-1.2,,,,,,,,,,,,,,,,,,,,,,,,,,,,,2023-08,3466.0,-5.25,,,,,,,,,,,,,,,,,,,,,,,,,,,,,,,,,,,tv_wilder_rsi14_sma5_v1,50.52,49.94,False,True,0.58
9619,9619.T,イチネンホールディングス,2023-07,OUT,2,54.11,56.71,True,True,2.6,2023-06,1355.0,1376.0,1376.0,1.55,,,,,,,,,,,,,,,,,,,,,,,,,,,,,2023-08,1348.0,-0.52,,,,,,,,,,,,,,,,,,,,,,,,,,,,,,,,,,,tv_wilder_rsi14_sma5_v1,56.71,54.11,True,True,2.6
9622,9622.T,スペース,2023-07,OUT,10,56.79,65.24,True,True,8.44,2022-10,878.0,1104.0,1104.0,25.74,,,,,,,,,,,,,,,,,,,,,,,,,,,,,2023-08,917.0,4.44,,,,,,,,,,,,,,,,,,,,,,,,,,,,,,,,,,,tv_wilder_rsi14_sma5_v1,65.24,56.79,True,True,8.44
9629,9629.T,ピー・シー・エー,2023-07,OUT,3,49.12,56.8,True,True,7.68,2023-05,1208.0,1509.0,1509.0,24.92,,,,,,,,,,,,,,,,,,,,,,,,,,,,,2023-08,1231.0,1.9,,,,,,,,,,,,,,,,,,,,,,,,,,,,,,,,,,,tv_wilder_rsi14_sma5_v1,56.8,49.12,True,True,7.68
9658,9658.T,ビジネスブレイン太田昭和,2023-07,OUT,3,61.95,63.15,True,False,1.2,2023-05,720.0,753.33,753.33,4.63,,,,,,,,,,,,,,,,,,,,,,,,,,,,,2023-08,704.67,-2.13,,,,,,,,,,,,,,,,,,,,,,,,,,,,,,,,,,,tv_wilder_rsi14_sma5_v1,63.15,61.95,False,True,1.2
9679,9679.T,ホウライ,2023-07,OUT,7,61.55,64.24,True,False,2.69,2023-01,982.33,1133.33,1133.33,15.37,,,,,,,,,,,,,,,,,,,,,,,,,,,,,2023-08,1096.67,11.64,,,,,,,,,,,,,,,,,,,,,,,,,,,,,,,,,,,tv_wilder_rsi14_sma5_v1,64.24,61.55,False,True,2.69
9697,9697.T,カプコン,2023-07,OUT,10,81.34,86.6,True,True,5.26,2022-10,2072.5,3200.0,3200.0,54.4,,,,,,,,,,,,,,,,,,,,,,,,,,,,,2023-08,3071.5,48.2,,,,,,,,,,,,,,,,,,,,,,,,,,,,,,,,,,,tv_wilder_rsi14_sma5_v1,86.6,81.34,True,True,5.26
9702,9702.T,アイ・エス・ビー,2023-07,OUT,3,58.38,61.25,True,False,2.87,2023-05,1564.0,1576.0,1576.0,0.77,,,,,,,,,,,,,,,,,,,,,,,,,,,,,2023-08,1393.0,-10.93,,,,,,,,,,,,,,,,,,,,,,,,,,,,,,,,,,,tv_wilder_rsi14_sma5_v1,61.25,58.38,False,True,2.87
9715,9715.T,トランス・コスモス,2023-07,OUT,3,52.11,55.23,True,False,3.12,2023-05,3290.0,3480.0,3480.0,5.78,,,,,,,,,,,,,,,,,,,,,,,,,,,,,2023-08,3190.0,-3.04,,,,,,,,,,,,,,,,,,,,,,,,,,,,,,,,,,,tv_wilder_rsi14_sma5_v1,55.23,52.11,False,True,3.12
9733,9733.T,ナガセ,2023-07,OUT,2,56.87,58.65,False,False,1.78,2023-06,2113.0,2081.0,2081.0,-1.51,,,,,,,,,,,,,,,,,,,,,,,,,,,,,2023-08,2004.0,-5.16,,,,,,,,,,,,,,,,,,,,,,,,,,,,,,,,,,,tv_wilder_rsi14_sma5_v1,58.65,56.87,False,False,1.78
9759,9759.T,ＮＳＤ,2023-07,OUT,4,65.97,67.35,True,False,1.38,2023-04,2494.0,2783.0,2783.0,11.59,,,,,,,,,,,,,,,,,,,,,,,,,,,,,2023-08,2558.0,2.57,,,,,,,,,,,,,,,,,,,,,,,,,,,,,,,,,,,tv_wilder_rsi14_sma5_v1,67.35,65.97,False,True,1.38
9768,9768.T,いであ,2023-07,OUT,3,47.97,50.44,True,True,2.47,2023-05,1648.0,1709.0,1709.0,3.7,,,,,,,,,,,,,,,,,,,,,,,,,,,,,2023-08,1670.0,1.33,,,,,,,,,,,,,,,,,,,,,,,,,,,,,,,,,,,tv_wilder_rsi14_sma5_v1,50.44,47.97,True,True,2.47
9778,9778.T,昴,2023-07,OUT,5,68.42,74.89,True,True,6.47,2023-03,5460.0,6100.0,6100.0,11.72,,,,,,,,,,,,,,,,,,,,,,,,,,,,,2023-08,5940.0,8.79,,,,,,,,,,,,,,,,,,,,,,,,,,,,,,,,,,,tv_wilder_rsi14_sma5_v1,74.89,68.42,True,True,6.47
9780,9780.T,ハリマビステム,2023-07,OUT,4,61.9,70.89,True,True,8.99,2023-04,438.8,530.0,530.0,20.78,,,,,,,,,,,,,,,,,,,,,,,,,,,,,2023-08,502.0,14.4,,,,,,,,,,,,,,,,,,,,,,,,,,,,,,,,,,,tv_wilder_rsi14_sma5_v1,70.89,61.9,True,True,8.99
9791,9791.T,ビケンテクノ,2023-07,OUT,3,62.58,62.64,True,False,0.05,2023-05,1065.0,1133.0,1133.0,6.38,,,,,,,,,,,,,,,,,,,,,,,,,,,,,2023-08,1138.0,6.85,,,,,,,,,,,,,,,,,,,,,,,,,,,,,,,,,,,tv_wilder_rsi14_sma5_v1,62.64,62.58,False,True,0.05
9843,9843.T,ニトリホールディングス,2023-07,OUT,1,51.18,53.41,True,True,2.23,2023-07,3491.0,3491.0,3491.0,0.0,,,,,,,,,,,,,,,,,,,,,,,,,,,,,2023-08,3324.0,-4.78,,,,,,,,,,,,,,,,,,,,,,,,,,,,,,,,,,,tv_wilder_rsi14_sma5_v1,53.41,51.18,True,True,2.23
9880,9880.T,イノテック,2023-07,OUT,3,63.62,71.42,True,True,7.8,2023-05,1557.0,1693.0,1693.0,8.73,,,,,,,,,,,,,,,,,,,,,,,,,,,,,2023-08,1575.0,1.16,,,,,,,,,,,,,,,,,,,,,,,,,,,,,,,,,,,tv_wilder_rsi14_sma5_v1,71.42,63.62,True,True,7.8
9888,9888.T,ＵＥＸ,2023-07,OUT,1,66.83,67.72,False,True,0.89,2023-07,1336.0,1336.0,1336.0,0.0,,,,,,,,,,,,,,,,,,,,,,,,,,,,,2023-08,1217.0,-8.91,,,,,,,,,,,,,,,,,,,,,,,,,,,,,,,,,,,tv_wilder_rsi14_sma5_v1,67.72,66.83,True,False,0.89
9896,9896.T,ＪＫホールディングス,2023-07,OUT,1,52.42,52.77,False,True,0.34,2023-07,1014.0,1014.0,1014.0,0.0,,,,,,,,,,,,,,,,,,,,,,,,,,,,,2023-08,982.0,-3.16,,,,,,,,,,,,,,,,,,,,,,,,,,,,,,,,,,,tv_wilder_rsi14_sma5_v1,52.77,52.42,True,False,0.34
9908,9908.T,日本電計,2023-07,OUT,1,75.93,77.96,True,True,2.03,2023-07,2136.0,2136.0,2136.0,0.0,,,,,,,,,,,,,,,,,,,,,,,,,,,,,2023-08,2066.0,-3.28,,,,,,,,,,,,,,,,,,,,,,,,,,,,,,,,,,,tv_wilder_rsi14_sma5_v1,77.96,75.93,True,True,2.03
9928,9928.T,ミロク情報サービス,2023-07,OUT,1,48.7,51.05,False,True,2.35,2023-07,1687.0,1687.0,1687.0,0.0,,,,,,,,,,,,,,,,,,,,,,,,,,,,,2023-08,1530.0,-9.31,,,,,,,,,,,,,,,,,,,,,,,,,,,,,,,,,,,tv_wilder_rsi14_sma5_v1,51.05,48.7,True,False,2.35
9979,9979.T,大庄,2023-07,OUT,4,50.84,53.81,True,True,2.97,2023-04,1154.0,1159.0,1159.0,0.43,,,,,,,,,,,,,,,,,,,,,,,,,,,,,2023-08,1135.0,-1.65,,,,,,,,,,,,,,,,,,,,,,,,,,,,,,,,,,,tv_wilder_rsi14_sma5_v1,53.81,50.84,True,True,2.97
9983,9983.T,ファーストリテイリング,2023-07,OUT,5,66.49,68.56,True,False,2.07,2023-03,28880.0,35560.0,35560.0,23.13,,,,,,,,,,,,,,,,,,,,,,,,,,,,,2023-08,33480.0,15.93,,,,,,,,,,,,,,,,,,,,,,,,,,,,,,,,,,,tv_wilder_rsi14_sma5_v1,68.56,66.49,False,True,2.07
9990,9990.T,サックスバー　ホールディングス,2023-07,OUT,5,73.21,75.86,True,False,2.65,2023-03,827.0,1017.0,1017.0,22.97,,,,,,,,,,,,,,,,,,,,,,,,,,,,,2023-08,893.0,7.98,,,,,,,,,,,,,,,,,,,,,,,,,,,,,,,,,,,tv_wilder_rsi14_sma5_v1,75.86,73.21,False,True,2.65
