code,ticker,name,signal_month,status,months_active,rsi14,rsi5,rsi14_up,rsi5_up,diff,gc_month,gc_price,signal_month_close,period_price,return_since_gc_pct,sma25,sma75,sma200,price_above_sma25,price_above_sma75,price_above_sma200,perfect_order,sma25_up,sma75_up,sma200_up,avg_volume30,high52_price,high52_distance_pct,high52_breakout,volume_ratio_5_30,atr14_pct,atr_ratio_10_20,vcp_tight,stage,supertrend_up,rsr_score,rsr_momentum,mvp_signal,cosmos_focus,cosmos_focus_type,signal_version,monthly_rsi14,monthly_rsi_ma5,monthly_rsi14_up,monthly_rsi_ma5_up,monthly_rsi_spread
6228,6228.T,ジェイ・イー・ティ,2023-09,NEW,1,60.0,100.0,True,True,40.0,2023-09,1276.67,1276.67,1276.67,0.0,1020.8,973.6,958.85,True,True,True,True,True,True,True,400170.0,1528.33,-16.47,False,6.0,5.18,2.0,False,2,True,34.39,17.12,False,False,,tv_wilder_rsi14_sma5_v1,100.0,60.0,True,True,40.0
5010,5010.T,日本精蝋,2023-09,NEW,1,28.76,61.94,True,True,33.18,2023-09,188.0,188.0,188.0,0.0,130.32,120.87,123.88,True,True,True,False,True,True,False,1868707.0,250.0,-24.8,False,5.19,12.92,1.85,False,1,True,44.2,30.71,False,False,,tv_wilder_rsi14_sma5_v1,61.94,28.76,True,True,33.18
6573,6573.T,ＣＲＡＶＩＡ,2023-09,CONTINUE,6,53.04,85.34,True,True,32.3,2023-04,95.0,846.33,846.33,790.88,72.71,79.29,85.61,True,True,True,False,False,False,False,284650.0,161.0,-40.99,False,1.29,9.3,1.27,False,3,True,-0.93,5.16,True,False,,tv_wilder_rsi14_sma5_v1,85.34,53.04,True,True,32.3
2338,2338.T,クオンタムソリューションズ,2023-09,CONTINUE,2,57.17,85.98,True,True,28.8,2023-08,267.0,653.33,653.33,144.69,261.6,260.35,273.85,True,True,False,False,True,True,False,14720.0,340.67,-21.62,False,0.83,1.77,0.9,True,4,True,-3.52,1.18,False,False,,tv_wilder_rsi14_sma5_v1,85.98,57.17,True,True,28.8
8303,8303.T,ＳＢＩ新生銀行,2023-09,CONTINUE,6,75.3,100.0,True,True,24.7,2023-04,2423.0,55319998464.0,55319998464.0,2283119935.66,2374.48,2378.6,2206.52,True,True,True,False,True,True,True,406593.0,2585.0,-6.27,False,1.54,1.91,1.02,False,2,True,6.64,-0.71,False,False,,tv_wilder_rsi14_sma5_v1,100.0,75.3,True,True,24.7
8613,8613.T,丸三証券,2023-09,CONTINUE,4,53.59,76.63,True,True,23.04,2023-06,441.0,836.0,836.0,89.57,427.72,423.45,423.43,True,True,True,True,True,False,False,184137.0,505.0,-12.67,False,0.65,2.27,0.94,True,3,True,2.27,2.64,False,False,,tv_wilder_rsi14_sma5_v1,76.63,53.59,True,True,23.04
4882,4882.T,ペルセウスプロテオミクス,2023-09,CONTINUE,4,25.66,47.78,True,True,22.12,2023-06,283.0,466.0,466.0,64.66,283.32,288.43,321.77,False,False,False,False,True,False,False,57340.0,463.0,-38.88,False,0.33,1.97,0.8,True,4,True,-12.8,2.95,False,False,,tv_wilder_rsi14_sma5_v1,47.78,25.66,True,True,22.12
2789,2789.T,カルラ,2023-09,CONTINUE,4,54.39,75.71,True,True,21.32,2023-06,388.0,498.0,498.0,28.35,387.92,386.96,391.69,True,True,False,False,True,False,True,2500.0,409.0,-5.13,False,0.5,0.79,1.12,False,1,True,0.74,0.81,False,False,,tv_wilder_rsi14_sma5_v1,75.71,54.39,True,True,21.32
9996,9996.T,サトー商会,2023-09,CONTINUE,9,47.67,68.95,True,True,21.28,2023-01,1182.0,1529.0,1529.0,29.36,1158.6,1151.41,1214.1,True,True,False,False,True,False,False,1747.0,1438.0,-17.8,False,0.82,0.65,0.71,True,4,True,-6.07,1.71,False,False,,tv_wilder_rsi14_sma5_v1,68.95,47.67,True,True,21.28
3286,3286.T,トラストホールディングス,2023-09,CONTINUE,6,65.77,86.69,True,True,20.92,2023-04,306.0,562.0,562.0,83.66,306.08,305.53,307.83,False,True,False,False,False,False,False,2973.0,337.0,-9.2,False,1.43,0.77,1.16,False,4,True,-0.29,-0.18,False,False,,tv_wilder_rsi14_sma5_v1,86.69,65.77,True,True,20.92
7314,7314.T,小田原機器,2023-09,CONTINUE,8,67.22,87.49,True,True,20.28,2023-02,504.0,1134.0,1134.0,125.0,500.84,498.45,514.86,True,True,False,False,True,False,False,1193.0,554.0,-9.03,False,0.96,1.28,1.01,False,4,True,-0.49,0.78,False,False,,tv_wilder_rsi14_sma5_v1,87.49,67.22,True,True,20.28
5704,5704.T,ＪＭＣ,2023-09,CONTINUE,4,54.4,74.66,True,True,20.26,2023-06,655.0,1440.0,1440.0,119.85,641.2,635.29,686.93,True,True,False,False,True,False,False,45900.0,892.0,-26.57,False,1.18,3.96,1.52,False,4,False,-7.21,5.42,False,False,,tv_wilder_rsi14_sma5_v1,74.66,54.4,True,True,20.26
7477,7477.T,ムラキ,2023-09,CONTINUE,3,64.2,84.16,True,True,19.96,2023-07,1420.0,3400.0,3400.0,139.44,1341.16,1359.47,1366.83,True,True,True,False,False,False,False,663.0,1958.0,-27.48,False,2.89,2.53,1.15,False,1,True,6.37,-0.95,False,False,,tv_wilder_rsi14_sma5_v1,84.16,64.2,True,True,19.96
3779,3779.T,ジェイ・エスコムホールディングス,2023-09,CONTINUE,4,60.59,80.46,True,True,19.87,2023-06,110.0,227.0,227.0,106.36,106.92,106.97,109.83,True,True,True,False,True,False,True,46653.0,257.0,-57.2,False,1.38,2.08,1.12,False,2,True,3.22,3.23,False,False,,tv_wilder_rsi14_sma5_v1,80.46,60.59,True,True,19.87
5204,5204.T,石塚硝子,2023-09,CONTINUE,4,56.31,74.45,True,True,18.14,2023-06,1608.0,2698.0,2698.0,67.79,1551.0,1538.24,1499.51,True,True,True,True,True,True,False,9000.0,1711.0,-6.02,False,0.76,1.65,0.87,True,3,True,5.45,3.12,False,False,,tv_wilder_rsi14_sma5_v1,74.45,56.31,True,True,18.14
3160,3160.T,大光,2023-09,CONTINUE,2,41.6,59.07,True,True,17.47,2023-08,616.0,725.0,725.0,17.69,593.8,587.57,621.01,True,True,False,False,True,False,False,42370.0,718.0,-14.21,False,1.95,1.24,1.13,False,4,True,-2.85,3.27,False,False,,tv_wilder_rsi14_sma5_v1,59.07,41.6,True,True,17.47
2708,2708.T,久世,2023-09,CONTINUE,2,70.02,87.36,True,True,17.34,2023-08,1711.0,2035.0,2035.0,18.94,1326.88,1029.87,900.54,True,True,True,True,True,True,True,73160.0,1960.0,-12.7,False,0.47,9.53,1.04,False,2,True,128.33,39.95,False,False,,tv_wilder_rsi14_sma5_v1,87.36,70.02,True,True,17.34
5987,5987.T,オーネックス,2023-09,CONTINUE,6,62.46,79.48,True,True,17.02,2023-04,900.0,1683.0,1683.0,87.0,891.8,892.83,899.97,True,True,True,False,True,True,True,1927.0,1079.0,-16.59,False,0.73,1.38,0.89,True,1,True,-0.36,-1.85,False,False,,tv_wilder_rsi14_sma5_v1,79.48,62.46,True,True,17.02
9537,9537.T,北陸瓦斯,2023-09,CONTINUE,5,62.08,78.72,True,True,16.64,2023-05,3000.0,3845.0,3845.0,28.17,2945.36,2939.8,2944.86,True,True,True,False,True,False,True,613.0,3370.0,-10.98,False,4.24,2.25,1.4,False,2,False,3.66,0.76,False,False,,tv_wilder_rsi14_sma5_v1,78.72,62.08,True,True,16.64
4524,4524.T,森下仁丹,2023-09,CONTINUE,2,59.21,75.73,True,True,16.52,2023-08,2102.0,2384.0,2384.0,13.42,2019.36,2000.95,1981.21,True,True,True,True,True,False,True,6433.0,2398.0,-12.34,False,0.71,1.34,0.84,True,2,True,7.45,1.2,False,False,,tv_wilder_rsi14_sma5_v1,75.73,59.21,True,True,16.52
4553,4553.T,東和薬品,2023-09,CONTINUE,3,46.28,62.55,True,True,16.27,2023-07,1799.0,2841.0,2841.0,57.92,1767.68,1834.85,1962.93,True,False,False,False,False,False,False,136607.0,2648.0,-32.06,False,1.05,1.31,1.11,False,4,True,-14.45,0.81,False,False,,tv_wilder_rsi14_sma5_v1,62.55,46.28,True,True,16.27
5271,5271.T,トーヨーアサノ,2023-09,CONTINUE,3,56.51,72.56,True,True,16.05,2023-07,1649.0,2168.0,2168.0,31.47,1627.88,1576.01,1571.07,True,True,True,True,True,True,True,5190.0,1900.0,-13.21,False,0.33,2.39,0.71,True,2,False,7.34,-0.22,False,False,,tv_wilder_rsi14_sma5_v1,72.56,56.51,True,True,16.05
2876,2876.T,デルソーレ,2023-09,CONTINUE,2,50.81,66.83,True,True,16.02,2023-08,513.0,562.0,562.0,9.55,459.68,422.2,407.78,True,True,True,True,True,True,True,41923.0,577.0,-11.09,False,0.66,8.26,1.22,False,2,True,25.02,11.27,False,False,,tv_wilder_rsi14_sma5_v1,66.83,50.81,True,True,16.02
7604,7604.T,梅の花グループ,2023-09,CONTINUE,4,38.9,54.74,True,True,15.84,2023-06,939.0,1119.0,1119.0,19.17,931.36,933.88,967.9,True,True,False,False,True,False,False,12790.0,1014.0,-7.4,False,0.62,1.19,0.85,True,4,True,-2.3,1.82,False,False,,tv_wilder_rsi14_sma5_v1,54.74,38.9,True,True,15.84
1798,1798.T,守谷商会,2023-09,CONTINUE,3,63.66,79.4,True,True,15.74,2023-07,467.6,588.6,588.6,25.88,460.17,456.8,447.74,True,True,True,True,True,True,False,4683.0,520.0,-10.08,False,0.51,1.33,1.28,False,1,False,1.63,0.6,False,False,,tv_wilder_rsi14_sma5_v1,79.4,63.66,True,True,15.74
2820,2820.T,やまみ,2023-09,CONTINUE,7,48.08,63.66,True,True,15.58,2023-03,1338.0,2023.0,2023.0,51.2,1331.56,1350.97,1416.58,True,False,False,False,False,True,False,32260.0,1890.0,-29.21,False,0.35,1.64,0.86,True,4,False,-7.64,-0.74,False,False,,tv_wilder_rsi14_sma5_v1,63.66,48.08,True,True,15.58
3494,3494.T,マリオン,2023-09,CONTINUE,2,48.75,64.18,True,True,15.43,2023-08,202.2,262.8,262.8,29.97,201.62,201.29,197.46,True,True,True,True,True,False,True,3400.0,217.2,-6.91,False,1.26,1.99,0.55,True,2,True,5.4,0.91,False,False,,tv_wilder_rsi14_sma5_v1,64.18,48.75,True,True,15.43
4754,4754.T,トスネット,2023-09,CONTINUE,9,64.45,79.79,True,True,15.34,2023-01,853.0,1319.0,1319.0,54.63,833.76,836.47,867.97,True,True,False,False,False,False,False,1653.0,1014.0,-15.88,False,0.87,0.78,0.92,True,4,True,-3.28,0.81,True,False,,tv_wilder_rsi14_sma5_v1,79.79,64.45,True,True,15.34
3947,3947.T,ダイナパック,2023-09,CONTINUE,4,55.34,70.47,True,True,15.14,2023-06,1299.0,1527.0,1527.0,17.55,1288.32,1284.61,1275.59,True,True,True,True,True,False,True,1583.0,1337.0,-2.84,False,1.17,0.62,1.02,False,2,True,1.01,0.54,False,False,,tv_wilder_rsi14_sma5_v1,70.47,55.34,True,True,15.14
2112,2112.T,塩水港精糖,2023-09,CONTINUE,8,59.97,74.9,True,False,14.93,2023-02,202.0,261.0,261.0,29.21,195.36,195.57,201.55,True,True,True,False,True,False,False,53960.0,230.0,-12.17,False,1.35,1.1,1.12,False,3,True,-2.15,1.48,False,False,,tv_wilder_rsi14_sma5_v1,74.9,59.97,False,True,14.93
4624,4624.T,イサム塗料,2023-09,CONTINUE,9,46.64,61.5,True,True,14.86,2023-01,2654.0,3170.0,3170.0,19.44,2644.92,2641.69,2748.18,True,True,False,False,True,False,False,1273.0,3495.0,-24.06,False,0.31,0.43,0.68,True,4,False,-7.91,0.93,False,False,,tv_wilder_rsi14_sma5_v1,61.5,46.64,True,True,14.86
8706,8706.T,極東証券,2023-09,CONTINUE,4,53.54,68.22,True,True,14.68,2023-06,638.0,929.0,929.0,45.61,624.68,611.36,618.09,True,True,True,False,True,True,False,62197.0,719.0,-11.27,False,0.97,2.09,0.99,True,3,True,2.46,2.6,False,False,,tv_wilder_rsi14_sma5_v1,68.22,53.54,True,True,14.68
5194,5194.T,相模ゴム工業,2023-09,NEW,1,40.12,54.67,True,True,14.55,2023-09,950.0,950.0,950.0,0.0,903.6,800.73,794.38,True,True,True,True,True,True,True,29400.0,1022.0,-7.05,False,0.22,1.49,0.47,True,2,True,24.85,2.85,False,False,,tv_wilder_rsi14_sma5_v1,54.67,40.12,True,True,14.55
7279,7279.T,ハイレックスコーポレーション,2023-09,CONTINUE,4,48.02,62.45,True,True,14.44,2023-06,1201.0,1603.0,1603.0,33.47,1147.52,1179.03,1135.18,True,True,True,False,False,False,True,64603.0,1356.0,-11.43,False,0.74,1.64,0.79,True,2,True,7.77,4.96,False,False,,tv_wilder_rsi14_sma5_v1,62.45,48.02,True,True,14.44
5122,5122.T,オカモト,2023-09,CONTINUE,3,56.2,70.57,True,True,14.37,2023-07,3950.0,5070.0,5070.0,28.35,3890.8,3958.93,3852.15,True,False,True,False,False,False,True,17060.0,4155.0,-4.93,False,0.92,1.17,1.0,False,2,False,2.87,-0.32,False,False,,tv_wilder_rsi14_sma5_v1,70.57,56.2,True,True,14.37
7578,7578.T,ニチリョク,2023-09,CONTINUE,6,75.75,89.77,True,True,14.02,2023-04,114.0,593.0,593.0,420.18,112.68,113.27,115.53,True,True,False,False,False,False,False,14253.0,132.0,-13.64,False,0.91,1.44,1.16,False,4,True,-2.2,0.08,False,False,,tv_wilder_rsi14_sma5_v1,89.77,75.75,True,True,14.02
3513,3513.T,イチカワ,2023-09,CONTINUE,4,54.8,68.54,True,True,13.75,2023-06,1360.0,1551.0,1551.0,14.04,1350.08,1345.72,1333.16,True,True,True,True,True,False,False,4257.0,1437.0,-5.36,False,0.94,0.81,0.94,True,3,True,0.54,0.83,False,False,,tv_wilder_rsi14_sma5_v1,68.54,54.8,True,True,13.75
8077,8077.T,トルク,2023-09,CONTINUE,4,58.07,71.8,True,True,13.73,2023-06,248.0,310.0,310.0,25.0,238.64,224.15,218.42,True,True,True,True,True,True,True,274463.0,302.0,-17.88,False,0.35,4.87,0.67,True,2,False,18.97,5.04,False,False,,tv_wilder_rsi14_sma5_v1,71.8,58.07,True,True,13.73
3241,3241.T,ウィル,2023-09,CONTINUE,6,64.23,77.89,True,True,13.66,2023-04,377.0,482.0,482.0,27.85,367.24,361.09,365.95,True,True,True,False,True,False,True,5540.0,397.0,-5.04,False,2.87,1.19,1.09,False,2,True,4.58,1.02,False,False,,tv_wilder_rsi14_sma5_v1,77.89,64.23,True,True,13.66
8119,8119.T,三栄コーポレーション,2023-09,CONTINUE,3,49.55,63.1,True,True,13.55,2023-07,461.25,524.75,524.75,13.77,409.68,394.63,375.26,True,True,True,True,True,True,True,15093.0,459.75,0.33,True,1.47,2.6,1.14,False,2,True,21.61,7.16,True,False,,tv_wilder_rsi14_sma5_v1,63.1,49.55,True,True,13.55
6227,6227.T,ＡＩメカテック,2023-09,CONTINUE,7,66.71,80.23,True,True,13.52,2023-03,504.67,1088.33,1088.33,115.65,471.56,480.68,459.63,True,True,True,False,True,False,True,106990.0,574.67,-12.18,False,1.16,3.45,1.28,False,2,True,14.74,6.62,False,False,,tv_wilder_rsi14_sma5_v1,80.23,66.71,True,True,13.52
9890,9890.T,マキヤ,2023-09,CONTINUE,9,58.53,71.99,True,True,13.46,2023-01,700.0,944.0,944.0,34.86,700.2,700.65,706.29,False,False,False,False,True,False,False,2120.0,750.0,-6.67,False,0.58,0.5,1.01,False,1,False,-0.67,0.14,False,False,,tv_wilder_rsi14_sma5_v1,71.99,58.53,True,True,13.46
3075,3075.T,銚子丸,2023-09,CONTINUE,8,61.49,74.86,True,True,13.38,2023-02,1135.0,1448.0,1448.0,27.58,1130.72,1126.36,1126.61,True,True,True,False,True,False,False,3950.0,1170.0,-2.99,False,0.93,0.33,0.79,True,3,True,0.81,0.5,False,False,,tv_wilder_rsi14_sma5_v1,74.86,61.49,True,True,13.38
1736,1736.T,オーテック,2023-09,CONTINUE,6,60.27,73.58,True,True,13.31,2023-04,726.67,1028.33,1028.33,41.51,718.39,715.59,733.74,True,True,False,False,True,False,False,1210.0,1030.0,-29.45,False,1.04,0.87,1.13,False,4,True,-1.09,0.55,False,False,,tv_wilder_rsi14_sma5_v1,73.58,60.27,True,True,13.31
1965,1965.T,テクノ菱和,2023-09,CONTINUE,6,74.58,87.84,True,True,13.26,2023-04,901.0,1350.0,1350.0,49.83,887.44,892.77,881.74,True,True,True,False,False,True,True,8020.0,944.0,-4.56,False,0.68,0.78,1.04,False,2,True,2.53,0.91,False,False,,tv_wilder_rsi14_sma5_v1,87.84,74.58,True,True,13.26
6248,6248.T,横田製作所,2023-09,CONTINUE,10,58.46,71.59,True,True,13.13,2022-12,1060.0,1236.0,1236.0,16.6,1050.72,1051.56,1070.13,True,True,False,False,True,False,False,1917.0,1305.0,-18.77,False,0.46,0.99,1.39,False,4,False,-2.16,0.59,False,False,,tv_wilder_rsi14_sma5_v1,71.59,58.46,True,True,13.13
7827,7827.T,オービス,2023-09,CONTINUE,8,71.02,84.02,True,True,13.01,2023-02,1152.0,1927.0,1927.0,67.27,1138.4,1112.29,1121.6,True,True,True,False,True,False,True,6330.0,1340.0,-14.03,False,0.53,1.29,0.87,True,2,True,8.85,-0.93,False,False,,tv_wilder_rsi14_sma5_v1,84.02,71.02,True,True,13.01
8522,8522.T,名古屋銀行,2023-09,CONTINUE,3,65.04,78.04,True,True,13.01,2023-07,1298.33,1730.0,1730.0,33.25,1167.67,1138.62,1109.79,True,True,True,True,True,True,True,149390.0,1260.0,3.04,True,1.13,1.71,1.02,False,2,True,19.31,3.53,True,True,BOTH,tv_wilder_rsi14_sma5_v1,78.04,65.04,True,True,13.01
8386,8386.T,百十四銀行,2023-09,CONTINUE,3,60.34,73.3,True,True,12.96,2023-07,534.75,655.5,655.5,22.58,487.72,464.88,461.73,True,True,True,True,True,True,True,331880.0,529.25,1.04,True,1.2,1.7,1.08,False,2,True,18.4,4.26,False,True,BREAKOUT,tv_wilder_rsi14_sma5_v1,73.3,60.34,True,True,12.96
3892,3892.T,岡山製紙,2023-09,NEW,1,59.34,71.99,True,True,12.65,2023-09,1048.0,1048.0,1048.0,0.0,928.6,912.88,880.02,True,True,True,True,True,True,True,5317.0,980.0,6.94,True,2.75,2.0,1.45,False,2,True,22.0,3.94,True,True,BOTH,tv_wilder_rsi14_sma5_v1,71.99,59.34,True,True,12.65
5965,5965.T,フジマック,2023-09,CONTINUE,6,51.58,64.14,True,True,12.57,2023-04,695.0,827.0,827.0,18.99,681.88,673.68,697.86,True,True,False,False,True,False,False,7983.0,769.0,-9.62,False,0.88,0.62,1.11,False,4,True,-1.25,0.98,False,False,,tv_wilder_rsi14_sma5_v1,64.14,51.58,True,True,12.57
3553,3553.T,共和レザー,2023-09,CONTINUE,9,50.27,62.74,True,True,12.47,2023-01,511.0,683.0,683.0,33.66,499.12,504.44,551.12,True,True,False,False,False,False,False,22070.0,695.0,-26.47,False,1.53,1.54,1.25,False,4,True,-11.15,1.2,False,False,,tv_wilder_rsi14_sma5_v1,62.74,50.27,True,True,12.47
5013,5013.T,ユシロ,2023-09,CONTINUE,8,64.11,76.57,True,True,12.46,2023-02,856.0,1544.0,1544.0,80.37,818.84,801.08,866.23,True,True,False,False,True,True,False,17163.0,1091.0,-21.54,False,1.13,1.5,1.05,False,4,True,-6.45,2.76,False,False,,tv_wilder_rsi14_sma5_v1,76.57,64.11,True,True,12.46
4015,4015.T,ペイクラウドホールディングス,2023-09,CONTINUE,9,35.64,47.96,True,True,12.32,2023-01,376.0,938.0,938.0,149.47,325.76,363.77,432.22,True,True,False,False,False,False,False,45197.0,709.0,-46.97,False,0.99,6.14,1.21,False,4,True,-16.04,9.0,True,False,,tv_wilder_rsi14_sma5_v1,47.96,35.64,True,True,12.32
2894,2894.T,石井食品,2023-09,CONTINUE,3,72.39,84.68,True,True,12.29,2023-07,285.0,300.0,300.0,5.26,250.68,247.88,247.34,True,True,True,True,True,True,True,60420.0,330.0,-13.64,False,5.36,2.93,1.72,False,2,True,15.67,4.77,False,False,,tv_wilder_rsi14_sma5_v1,84.68,72.39,True,True,12.29
5994,5994.T,ファインシンター,2023-09,CONTINUE,5,43.19,55.46,True,True,12.27,2023-05,1122.0,1451.0,1451.0,29.32,1071.88,1047.36,1129.44,True,True,False,False,True,True,False,9550.0,1414.0,-20.65,False,1.27,3.37,1.35,False,4,True,-2.81,5.13,False,False,,tv_wilder_rsi14_sma5_v1,55.46,43.19,True,True,12.27
2215,2215.T,第一屋製パン,2023-09,CONTINUE,2,25.14,37.34,True,True,12.2,2023-08,402.0,452.0,452.0,12.44,394.96,393.0,393.23,True,True,True,False,True,False,False,15283.0,482.0,-16.6,False,0.65,1.51,0.74,True,3,True,-2.73,0.13,False,False,,tv_wilder_rsi14_sma5_v1,37.34,25.14,True,True,12.2
6771,6771.T,池上通信機,2023-09,CONTINUE,4,51.88,64.07,True,True,12.19,2023-06,655.0,834.0,834.0,27.33,628.92,622.61,586.3,True,True,True,True,True,True,True,19663.0,676.0,-3.11,False,0.82,1.69,1.08,False,2,True,11.04,3.39,False,False,,tv_wilder_rsi14_sma5_v1,64.07,51.88,True,True,12.19
7481,7481.T,尾家産業,2023-09,CONTINUE,14,71.55,83.66,True,True,12.11,2022-08,865.0,2019.0,2019.0,133.41,861.32,858.56,944.09,True,True,False,False,True,False,False,10283.0,1225.0,-29.39,False,0.52,1.65,0.59,True,4,True,-11.95,,,False,,tv_wilder_rsi14_sma5_v1,83.66,71.55,True,True,12.11
7686,7686.T,ひとまいる,2023-09,CONTINUE,7,65.89,77.97,True,True,12.08,2023-03,446.67,918.67,918.67,105.67,443.65,441.17,447.29,True,True,False,False,True,False,False,5840.0,520.0,-14.1,False,0.86,1.2,1.04,False,1,True,-1.19,-0.16,False,False,,tv_wilder_rsi14_sma5_v1,77.97,65.89,True,True,12.08
4326,4326.T,インテージホールディングス,2023-09,CONTINUE,7,60.17,72.17,True,True,12.0,2023-03,1550.0,2236.0,2236.0,44.26,1516.6,1503.27,1508.38,True,True,True,False,False,True,True,67470.0,1869.0,-17.07,False,0.74,2.53,0.85,True,2,False,5.48,2.06,False,False,,tv_wilder_rsi14_sma5_v1,72.17,60.17,True,True,12.0
7744,7744.T,ノーリツ鋼機,2023-09,CONTINUE,4,56.95,68.94,True,True,11.99,2023-06,773.33,1108.33,1108.33,43.32,749.69,743.33,796.62,True,True,False,False,True,True,False,478170.0,940.33,-17.76,False,1.16,1.95,0.95,True,4,True,-1.75,2.53,False,False,,tv_wilder_rsi14_sma5_v1,68.94,56.95,True,True,11.99
3246,3246.T,コーセーアールイー,2023-09,CONTINUE,4,62.68,74.6,True,True,11.92,2023-06,784.0,1023.0,1023.0,30.48,763.56,752.87,733.84,True,True,True,True,True,True,True,31340.0,901.0,-12.99,False,0.86,1.44,0.8,True,2,True,12.14,1.67,False,False,,tv_wilder_rsi14_sma5_v1,74.6,62.68,True,True,11.92
7743,7743.T,シード,2023-09,CONTINUE,9,55.45,67.24,True,True,11.79,2023-01,516.0,831.0,831.0,61.05,499.68,498.08,512.05,True,True,True,False,True,False,False,24297.0,583.0,-11.49,False,1.27,1.38,0.95,True,3,True,0.99,3.11,False,False,,tv_wilder_rsi14_sma5_v1,67.24,55.45,True,True,11.79
3010,3010.T,ポラリス・ホールディングス,2023-09,CONTINUE,6,61.2,72.89,True,False,11.69,2023-04,100.0,164.0,164.0,64.0,94.48,92.81,98.44,True,True,True,False,True,False,False,135147.0,125.0,-20.0,False,0.95,2.5,1.26,False,3,True,12.81,6.12,False,False,,tv_wilder_rsi14_sma5_v1,72.89,61.2,False,True,11.69
4379,4379.T,Ｐｈｏｔｏｓｙｎｔｈ,2023-09,CONTINUE,5,32.53,44.19,True,True,11.66,2023-05,411.0,683.0,683.0,66.18,392.4,360.45,341.99,True,True,True,True,True,True,False,176323.0,493.0,-16.63,False,0.9,7.92,1.54,False,1,True,20.79,7.0,False,False,,tv_wilder_rsi14_sma5_v1,44.19,32.53,True,True,11.66
1853,1853.T,森組,2023-09,CONTINUE,6,54.82,66.43,True,True,11.62,2023-04,299.0,340.0,340.0,13.71,298.0,297.4,295.71,True,True,True,True,False,True,True,34163.0,315.0,-5.08,False,0.86,1.98,1.03,False,1,True,0.07,0.17,False,False,,tv_wilder_rsi14_sma5_v1,66.43,54.82,True,True,11.62
3248,3248.T,アールエイジ,2023-09,CONTINUE,3,58.83,70.36,True,True,11.52,2023-07,745.0,887.0,887.0,19.06,728.84,733.39,724.5,True,True,True,False,True,False,False,3707.0,884.0,-15.72,False,0.66,1.15,1.08,False,3,True,2.46,0.0,False,False,,tv_wilder_rsi14_sma5_v1,70.36,58.83,True,True,11.52
5079,5079.T,ノバック,2023-09,NEW,1,61.16,72.65,,True,11.49,2023-09,3645.0,3645.0,3645.0,0.0,3213.0,2976.25,2729.6,True,True,True,True,True,True,True,28913.0,3705.0,-1.62,False,1.72,2.9,1.44,False,2,True,42.15,7.68,False,False,,tv_wilder_rsi14_sma5_v1,72.65,61.16,True,,11.49
7544,7544.T,スリーエフ,2023-09,CONTINUE,6,60.05,71.53,True,True,11.48,2023-04,288.0,364.0,364.0,26.39,287.28,287.77,291.43,True,True,False,False,True,False,False,11767.0,329.0,-12.46,False,1.53,2.75,1.08,False,4,True,-1.9,-0.08,False,False,,tv_wilder_rsi14_sma5_v1,71.53,60.05,True,True,11.48
4404,4404.T,ミヨシ油脂,2023-09,CONTINUE,8,49.12,60.57,True,True,11.45,2023-02,973.0,1175.0,1175.0,20.76,938.36,958.83,996.41,True,True,False,False,True,False,False,21517.0,1205.0,-19.25,False,1.18,1.17,0.88,True,4,True,-6.26,1.82,False,False,,tv_wilder_rsi14_sma5_v1,60.57,49.12,True,True,11.45
2923,2923.T,サトウ食品,2023-09,CONTINUE,8,64.0,75.4,True,True,11.4,2023-02,4920.0,5710.0,5710.0,16.06,4910.8,4894.2,4978.35,True,True,False,False,True,False,True,550.0,5370.0,-8.38,False,0.91,0.65,1.44,False,1,True,-0.06,0.15,False,False,,tv_wilder_rsi14_sma5_v1,75.4,64.0,True,True,11.4
3454,3454.T,ファーストブラザーズ,2023-09,CONTINUE,8,61.95,73.34,True,True,11.39,2023-02,880.0,1252.0,1252.0,42.27,867.76,866.36,854.56,True,True,True,True,True,False,True,17000.0,916.0,-3.93,False,0.61,1.11,1.02,False,2,False,3.26,-0.43,False,False,,tv_wilder_rsi14_sma5_v1,73.34,61.95,True,True,11.39
8714,8714.T,池田泉州ホールディングス,2023-09,CONTINUE,3,62.59,73.96,True,True,11.38,2023-07,261.0,321.0,321.0,22.99,242.84,237.92,237.41,True,True,True,True,True,True,True,2009230.0,274.0,-4.74,False,1.02,1.89,0.99,True,2,True,14.33,1.79,False,False,,tv_wilder_rsi14_sma5_v1,73.96,62.59,True,True,11.38
9823,9823.T,マミーマートホールディングス,2023-09,CONTINUE,6,70.86,82.17,True,True,11.32,2023-04,461.6,632.0,632.0,36.92,459.11,460.65,452.62,True,True,True,False,False,True,True,5983.0,498.0,-7.31,False,0.95,0.44,1.16,False,3,True,2.26,0.38,False,False,,tv_wilder_rsi14_sma5_v1,82.17,70.86,True,True,11.32
6540,6540.T,船場,2023-09,CONTINUE,4,52.39,63.55,True,True,11.16,2023-06,769.0,921.0,921.0,19.77,736.92,742.85,740.58,True,True,True,False,False,False,True,5660.0,825.0,-6.79,False,0.76,1.67,1.14,False,1,True,5.3,2.44,False,False,,tv_wilder_rsi14_sma5_v1,63.55,52.39,True,True,11.16
7522,7522.T,ワタミ,2023-09,CONTINUE,2,52.52,63.67,True,True,11.15,2023-08,1179.0,1184.0,1184.0,0.42,976.32,928.61,947.49,True,True,True,False,True,True,True,146993.0,1154.0,2.17,True,2.44,3.31,1.15,False,1,True,25.77,10.6,True,True,MVP,tv_wilder_rsi14_sma5_v1,63.67,52.52,True,True,11.15
3987,3987.T,エコモット,2023-09,CONTINUE,2,48.67,59.8,True,True,11.13,2023-08,674.0,820.0,820.0,21.66,486.56,494.4,493.94,True,True,True,False,True,True,True,187963.0,753.0,-10.49,False,3.95,7.01,1.28,False,2,True,34.39,18.98,False,False,,tv_wilder_rsi14_sma5_v1,59.8,48.67,True,True,11.13
2805,2805.T,ヱスビー食品,2023-09,CONTINUE,7,44.32,55.35,True,True,11.03,2023-03,1765.0,1965.0,1965.0,11.33,1758.0,1759.83,1813.21,True,True,False,False,False,False,False,8820.0,1890.0,-6.61,False,1.55,0.52,1.0,False,4,True,-2.37,0.95,False,False,,tv_wilder_rsi14_sma5_v1,55.35,44.32,True,True,11.03
8383,8383.T,鳥取銀行,2023-09,CONTINUE,3,55.53,66.55,True,True,11.02,2023-07,1226.0,1405.0,1405.0,14.6,1172.32,1161.23,1151.56,True,True,True,True,True,True,True,26017.0,1294.0,-5.26,False,1.49,1.1,1.07,False,2,True,6.57,1.14,True,False,,tv_wilder_rsi14_sma5_v1,66.55,55.53,True,True,11.02
9743,9743.T,丹青社,2023-09,NEW,1,50.9,61.88,True,True,10.99,2023-09,935.0,935.0,935.0,0.0,867.04,810.39,773.79,True,True,True,True,True,True,True,253120.0,962.0,-2.81,False,0.7,2.83,0.98,True,2,True,21.77,7.68,False,False,,tv_wilder_rsi14_sma5_v1,61.88,50.9,True,True,10.99
3123,3123.T,サイボー,2023-09,CONTINUE,9,65.24,76.2,True,True,10.96,2023-01,423.0,522.0,522.0,23.4,422.48,423.6,425.95,True,False,False,False,False,False,False,2923.0,449.0,-5.79,False,0.18,0.57,0.87,True,4,False,-1.39,-0.11,False,False,,tv_wilder_rsi14_sma5_v1,76.2,65.24,True,True,10.96
415A,415A.T,ＧＭＯ　ＴＥＣＨホールディングス,2023-09,CONTINUE,2,66.72,77.67,True,True,10.95,2023-08,3745.0,4590.0,4590.0,22.56,3498.88,2988.24,2526.67,True,True,True,True,True,True,True,12563.0,4110.0,-8.88,False,0.38,2.45,0.63,True,2,True,72.52,0.97,False,False,,tv_wilder_rsi14_sma5_v1,77.67,66.72,True,True,10.95
7515,7515.T,マルヨシセンター,2023-09,NEW,1,54.35,65.3,True,True,10.95,2023-09,3470.0,3470.0,3470.0,0.0,3030.68,3013.41,2911.57,True,True,True,True,True,True,True,710.0,3620.0,-4.14,False,0.39,2.57,1.91,False,2,True,18.21,8.85,False,False,,tv_wilder_rsi14_sma5_v1,65.3,54.35,True,True,10.95
8416,8416.T,高知銀行,2023-09,CONTINUE,4,57.9,68.85,True,True,10.95,2023-06,716.0,1020.0,1020.0,42.46,679.12,679.19,680.36,True,True,True,False,True,False,True,24057.0,782.0,-8.44,False,1.13,1.73,1.21,False,2,True,5.32,4.86,False,False,,tv_wilder_rsi14_sma5_v1,68.85,57.9,True,True,10.95
8609,8609.T,岡三証券グループ,2023-09,CONTINUE,4,69.98,80.89,True,True,10.91,2023-06,477.0,695.0,695.0,45.7,462.88,450.55,407.73,True,True,True,True,True,True,True,728440.0,517.0,-7.74,False,0.93,2.46,0.98,True,2,True,24.66,0.63,False,False,,tv_wilder_rsi14_sma5_v1,80.89,69.98,True,True,10.91
9895,9895.T,コンセック,2023-09,CONTINUE,4,44.73,55.63,True,True,10.9,2023-06,1145.0,1259.0,1259.0,9.96,1108.28,1111.15,1127.82,True,True,True,False,True,False,False,1210.0,1270.0,-9.84,False,1.27,0.64,1.08,False,3,True,-0.32,2.1,True,False,,tv_wilder_rsi14_sma5_v1,55.63,44.73,True,True,10.9
3320,3320.T,クロスプラス,2023-09,CONTINUE,4,61.95,72.79,True,True,10.84,2023-06,820.0,1231.0,1231.0,50.12,783.44,764.12,766.93,True,True,True,False,True,True,True,14970.0,850.0,-3.53,False,0.59,1.46,0.69,True,2,True,12.15,4.03,False,False,,tv_wilder_rsi14_sma5_v1,72.79,61.95,True,True,10.84
4064,4064.T,日本カーバイド工業,2023-09,CONTINUE,4,59.64,70.47,True,True,10.83,2023-06,1404.0,1745.0,1745.0,24.29,1321.72,1315.48,1294.72,True,True,True,True,True,True,True,58190.0,1405.0,-0.07,False,1.35,1.19,1.12,False,2,True,8.04,3.47,True,False,,tv_wilder_rsi14_sma5_v1,70.47,59.64,True,True,10.83
2375,2375.T,ギグワークス,2023-09,NEW,1,37.59,48.37,True,True,10.78,2023-09,376.0,376.0,376.0,0.0,306.72,275.15,285.15,True,True,True,False,True,True,True,1234030.0,442.0,-14.93,False,1.6,12.16,1.15,False,1,False,31.66,14.63,False,False,,tv_wilder_rsi14_sma5_v1,48.37,37.59,True,True,10.78
4642,4642.T,オリジナル設計,2023-09,CONTINUE,6,49.64,60.42,True,True,10.77,2023-04,810.0,963.0,963.0,18.89,799.84,798.29,831.19,True,True,False,False,True,False,False,1523.0,999.0,-18.92,False,0.95,1.08,0.98,True,4,True,-3.17,0.96,False,False,,tv_wilder_rsi14_sma5_v1,60.42,49.64,True,True,10.77
8708,8708.T,アイザワ証券グループ,2023-09,CONTINUE,6,57.97,68.71,True,True,10.74,2023-04,700.0,1006.0,1006.0,43.71,700.96,703.15,684.11,False,False,True,False,True,True,True,40450.0,735.0,-4.76,False,1.45,1.34,0.95,True,2,False,1.7,0.71,True,False,,tv_wilder_rsi14_sma5_v1,68.71,57.97,True,True,10.74
3329,3329.T,東和フードサービス,2023-09,CONTINUE,9,67.77,78.51,True,True,10.73,2023-01,1484.0,1960.0,1960.0,32.08,1474.2,1474.0,1490.08,True,True,False,False,True,False,False,3927.0,1569.0,-5.42,False,0.58,0.27,0.57,True,1,True,-0.33,0.27,False,False,,tv_wilder_rsi14_sma5_v1,78.51,67.77,True,True,10.73
8086,8086.T,ニプロ,2023-09,CONTINUE,4,48.45,59.11,True,True,10.67,2023-06,1019.5,1209.0,1209.0,18.59,1019.28,1015.61,1041.6,True,True,False,False,True,False,False,494770.0,1189.0,-14.26,False,0.66,1.15,0.98,True,4,True,-1.35,1.03,False,False,,tv_wilder_rsi14_sma5_v1,59.11,48.45,True,True,10.67
9828,9828.T,Ｇｅｎｋｉ　Ｇｌｏｂａｌ　Ｄｉｎｉｎｇ　Ｃｏｎｃｅｐｔｓ,2023-09,CONTINUE,6,73.54,84.2,True,True,10.66,2023-04,1622.5,2710.0,2710.0,67.03,1561.16,1526.89,1495.31,True,True,True,True,True,True,True,57860.0,1715.0,-5.39,False,0.61,1.63,0.99,True,2,True,13.94,3.17,False,False,,tv_wilder_rsi14_sma5_v1,84.2,73.54,True,True,10.66
8616,8616.T,東海東京フィナンシャル・ホールディングス,2023-09,CONTINUE,4,59.14,69.76,True,True,10.62,2023-06,382.0,485.0,485.0,26.96,370.28,366.51,363.81,True,True,True,True,True,False,False,761217.0,394.0,-3.05,False,0.77,1.8,0.97,True,1,True,5.06,2.19,False,False,,tv_wilder_rsi14_sma5_v1,69.76,59.14,True,True,10.62
8944,8944.T,ランドビジネス,2023-09,CONTINUE,11,50.37,60.98,True,True,10.61,2022-11,228.0,328.0,328.0,43.86,226.64,228.33,234.39,True,False,False,False,True,False,False,11750.0,315.0,-27.62,False,1.21,1.44,1.02,False,4,True,-6.63,1.69,False,False,,tv_wilder_rsi14_sma5_v1,60.98,50.37,True,True,10.61
7259,7259.T,アイシン,2023-09,CONTINUE,6,61.39,71.94,True,True,10.55,2023-04,1325.0,1883.33,1883.33,42.14,1220.0,1221.91,1274.98,True,True,True,False,False,True,False,2569610.0,1508.33,-12.15,False,1.9,1.85,1.12,False,3,True,1.37,1.44,True,False,,tv_wilder_rsi14_sma5_v1,71.94,61.39,True,True,10.55
2934,2934.T,ジェイフロンティア,2023-09,CONTINUE,5,55.91,66.4,True,True,10.49,2023-05,2370.0,5550.0,5550.0,134.18,2376.68,2402.63,2434.57,False,False,False,False,False,True,True,8500.0,3435.0,-31.0,False,0.89,2.27,0.86,True,1,False,0.06,-2.56,False,False,,tv_wilder_rsi14_sma5_v1,66.4,55.91,True,True,10.49
3434,3434.T,アルファＣｏ,2023-09,CONTINUE,9,65.85,76.34,True,True,10.49,2023-01,945.0,1640.0,1640.0,73.54,917.48,931.16,953.66,True,True,False,False,False,False,False,12873.0,1163.0,-18.74,False,1.31,0.95,1.03,False,4,True,-5.37,0.75,False,False,,tv_wilder_rsi14_sma5_v1,76.34,65.85,True,True,10.49
3079,3079.T,ディーブイエックス,2023-09,NEW,1,44.24,54.68,True,True,10.44,2023-09,1053.0,1053.0,1053.0,0.0,953.04,894.57,966.26,True,True,True,False,True,True,False,58483.0,1082.0,-2.68,False,0.7,2.67,1.4,False,1,True,11.28,8.31,False,False,,tv_wilder_rsi14_sma5_v1,54.68,44.24,True,True,10.44
5973,5973.T,トーアミ,2023-09,CONTINUE,2,61.42,71.85,True,True,10.43,2023-08,518.0,574.0,574.0,10.81,510.28,506.28,496.88,True,True,True,True,True,True,True,2053.0,520.0,-0.38,False,1.55,1.24,0.68,True,2,False,6.61,0.63,False,False,,tv_wilder_rsi14_sma5_v1,71.85,61.42,True,True,10.43
7018,7018.T,内海造船,2023-09,CONTINUE,2,78.52,88.92,True,False,10.4,2023-08,5730.0,5510.0,5510.0,-3.84,4800.68,2737.57,1885.04,True,True,True,True,True,True,True,349320.0,7390.0,-22.46,False,0.24,13.01,0.63,True,2,True,315.84,19.77,False,False,,tv_wilder_rsi14_sma5_v1,88.92,78.52,False,True,10.4
7427,7427.T,エコートレーディング,2023-09,CONTINUE,3,72.34,82.73,True,True,10.39,2023-07,1110.0,1396.0,1396.0,25.77,1019.08,854.61,754.0,True,True,True,True,True,True,True,305587.0,1304.0,-14.88,False,0.77,9.75,0.95,True,2,True,70.25,17.68,False,False,,tv_wilder_rsi14_sma5_v1,82.73,72.34,True,True,10.39
3237,3237.T,イントランス,2023-09,CONTINUE,2,46.12,56.51,True,True,10.38,2023-08,62.0,78.0,78.0,25.81,59.2,59.95,61.12,True,True,True,False,True,False,False,100973.0,72.0,-13.89,False,1.13,4.03,1.0,False,3,True,-1.89,3.95,False,False,,tv_wilder_rsi14_sma5_v1,56.51,46.12,True,True,10.38
4374,4374.T,ＲＯＢＯＴ　ＰＡＹＭＥＮＴ,2023-09,CONTINUE,7,41.09,51.47,True,True,10.38,2023-03,1840.0,2617.0,2617.0,42.23,1766.68,1474.19,1548.66,True,True,True,False,True,True,True,21560.0,2229.0,-17.45,False,0.35,5.65,0.85,True,1,True,27.61,8.39,False,False,,tv_wilder_rsi14_sma5_v1,51.47,41.09,True,True,10.38
6315,6315.T,ＴＯＷＡ,2023-09,CONTINUE,9,66.19,76.56,True,True,10.37,2023-01,637.67,1385.0,1385.0,117.2,613.0,621.57,618.17,True,True,True,False,False,True,False,687750.0,932.33,-31.61,False,0.73,2.76,0.85,True,3,True,-3.71,3.74,False,False,,tv_wilder_rsi14_sma5_v1,76.56,66.19,True,True,10.37
3486,3486.T,グローバル・リンク・マネジメント,2023-09,CONTINUE,4,72.63,82.97,True,True,10.34,2023-06,733.5,1107.5,1107.5,50.99,675.58,625.08,587.58,True,True,True,True,True,True,True,80660.0,749.0,-2.07,False,1.04,3.06,1.09,False,2,True,35.12,7.81,False,False,,tv_wilder_rsi14_sma5_v1,82.97,72.63,True,True,10.34
8377,8377.T,ほくほくフィナンシャルグループ,2023-09,CONTINUE,5,67.24,77.56,True,True,10.33,2023-05,1073.0,1600.5,1600.5,49.16,1032.64,1007.09,937.38,True,True,True,True,True,True,True,333853.0,1109.0,-3.25,False,1.11,1.82,0.8,True,2,True,15.6,3.23,False,False,,tv_wilder_rsi14_sma5_v1,77.56,67.24,True,True,10.33
9872,9872.T,北恵,2023-09,CONTINUE,9,50.63,60.94,True,True,10.31,2023-01,681.0,968.0,968.0,42.14,663.68,693.4,772.57,True,False,False,False,True,False,False,27167.0,1000.0,-31.9,False,0.71,1.38,1.03,False,4,True,-16.06,0.62,False,False,,tv_wilder_rsi14_sma5_v1,60.94,50.63,True,True,10.31
2700,2700.T,木徳神糧,2023-09,CONTINUE,6,60.64,70.95,True,True,10.3,2023-04,861.0,1132.0,1132.0,31.48,810.44,803.41,896.77,True,True,False,False,True,False,False,13217.0,1266.0,-31.99,False,4.43,2.1,1.43,False,4,True,-3.93,3.49,False,False,,tv_wilder_rsi14_sma5_v1,70.95,60.64,True,True,10.3
8544,8544.T,京葉銀行,2023-09,CONTINUE,3,56.0,66.3,True,True,10.3,2023-07,596.0,692.0,692.0,16.11,555.24,549.4,561.63,True,True,True,False,True,False,True,428173.0,688.0,-13.37,False,1.16,2.09,1.03,False,2,True,11.57,2.34,True,False,,tv_wilder_rsi14_sma5_v1,66.3,56.0,True,True,10.3
5210,5210.T,日本山村硝子,2023-09,CONTINUE,8,71.79,82.08,True,False,10.28,2023-02,695.0,1792.0,1792.0,157.84,584.52,570.33,632.1,True,True,True,False,True,True,False,86813.0,870.0,-20.11,False,3.65,4.09,1.6,False,3,True,2.31,9.98,False,False,,tv_wilder_rsi14_sma5_v1,82.08,71.79,False,True,10.28
7299,7299.T,フジオーゼックス,2023-09,CONTINUE,3,61.04,71.25,True,True,10.22,2023-07,770.0,843.0,843.0,9.48,661.32,658.63,634.04,True,True,True,True,True,True,True,33600.0,844.0,-8.77,False,5.21,3.4,1.62,False,2,True,18.69,6.11,True,True,MVP,tv_wilder_rsi14_sma5_v1,71.25,61.04,True,True,10.22
7678,7678.T,あさくま,2023-09,CONTINUE,4,62.93,73.15,True,True,10.22,2023-06,804.0,865.0,865.0,7.59,797.62,798.25,788.59,True,True,True,False,True,False,True,2080.0,825.0,-2.55,False,1.29,0.31,1.04,False,2,True,2.2,0.34,False,False,,tv_wilder_rsi14_sma5_v1,73.15,62.93,True,True,10.22
6644,6644.T,大崎電気工業,2023-09,CONTINUE,4,57.05,67.23,True,True,10.19,2023-06,548.0,679.0,679.0,23.91,549.16,547.27,534.16,False,True,True,True,False,True,False,99200.0,612.0,-10.46,False,0.83,1.82,0.87,True,1,True,4.97,0.62,False,False,,tv_wilder_rsi14_sma5_v1,67.23,57.05,True,True,10.19
7893,7893.T,プロネクサス,2023-09,CONTINUE,4,51.47,61.61,True,True,10.14,2023-06,999.0,1174.0,1174.0,17.52,976.32,978.57,969.1,True,True,True,False,False,False,False,27490.0,1176.0,-15.05,False,0.99,0.91,1.07,False,1,False,2.14,2.09,True,False,,tv_wilder_rsi14_sma5_v1,61.61,51.47,True,True,10.14
8542,8542.T,トマト銀行,2023-09,CONTINUE,4,54.88,65.01,True,True,10.13,2023-06,1040.0,1232.0,1232.0,18.46,1017.8,1023.0,1023.8,True,True,True,False,False,False,False,19043.0,1147.0,-9.33,False,0.94,0.91,1.14,False,1,True,2.39,2.32,False,False,,tv_wilder_rsi14_sma5_v1,65.01,54.88,True,True,10.13
3201,3201.T,日本毛織,2023-09,CONTINUE,4,62.81,72.93,True,True,10.12,2023-06,1040.0,1346.0,1346.0,29.42,1016.08,1002.71,996.42,True,True,True,True,True,True,False,182640.0,1114.0,-6.64,False,0.41,1.19,1.01,False,1,True,5.11,0.97,False,False,,tv_wilder_rsi14_sma5_v1,72.93,62.81,True,True,10.12
3611,3611.T,マツオカコーポレーション,2023-09,CONTINUE,3,49.07,59.19,True,True,10.12,2023-07,1272.0,1703.0,1703.0,33.88,1238.88,1241.2,1182.27,True,True,True,False,True,False,True,29650.0,1521.0,-16.37,False,1.21,2.67,1.02,False,2,True,12.51,-0.33,False,False,,tv_wilder_rsi14_sma5_v1,59.19,49.07,True,True,10.12
8871,8871.T,ゴールドクレスト,2023-09,CONTINUE,4,58.29,68.28,True,True,9.99,2023-06,1794.0,2217.0,2217.0,23.58,1778.6,1746.93,1720.3,True,True,True,True,True,True,True,90633.0,1863.0,-3.7,False,0.77,1.46,1.03,False,1,True,5.65,1.28,False,False,,tv_wilder_rsi14_sma5_v1,68.28,58.29,True,True,9.99
3435,3435.T,サンコーテクノ,2023-09,CONTINUE,11,71.65,81.64,True,True,9.98,2022-11,917.0,1248.0,1248.0,36.1,906.32,911.69,924.06,True,True,False,False,True,False,True,1463.0,1030.0,-10.97,False,1.5,0.55,0.79,True,4,True,-0.19,0.93,False,False,,tv_wilder_rsi14_sma5_v1,81.64,71.65,True,True,9.98
7172,7172.T,ジャパンインベストメントアドバイザー,2023-09,CONTINUE,6,52.2,62.18,True,True,9.98,2023-04,689.04,1050.0,1050.0,52.39,674.28,671.94,756.02,True,True,False,False,True,False,False,73293.0,929.68,-25.88,False,1.14,1.4,1.14,False,4,True,-9.85,1.2,False,False,,tv_wilder_rsi14_sma5_v1,62.18,52.2,True,True,9.98
7856,7856.T,萩原工業,2023-09,CONTINUE,4,62.54,72.51,True,True,9.97,2023-06,1423.0,1838.0,1838.0,29.16,1343.48,1295.57,1184.26,True,True,True,True,True,True,True,84597.0,1443.0,-1.39,False,0.56,2.46,0.75,True,2,True,24.54,4.54,False,False,,tv_wilder_rsi14_sma5_v1,72.51,62.54,True,True,9.97
9305,9305.T,ヤマタネ,2023-09,CONTINUE,4,64.3,74.25,True,True,9.95,2023-06,862.0,1041.0,1041.0,20.77,824.12,831.72,828.38,True,True,True,False,False,False,True,39840.0,877.5,-1.77,False,1.27,0.99,1.08,False,2,True,5.38,3.68,False,False,,tv_wilder_rsi14_sma5_v1,74.25,64.3,True,True,9.95
7241,7241.T,フタバ産業,2023-09,CONTINUE,12,65.3,75.21,True,True,9.9,2022-10,373.0,765.0,765.0,105.09,330.96,355.29,370.82,True,True,True,False,False,False,False,294730.0,487.0,-23.41,False,2.62,2.55,1.24,False,3,True,-6.79,2.41,True,False,,tv_wilder_rsi14_sma5_v1,75.21,65.3,True,True,9.9
6061,6061.T,ユニバーサル園芸社,2023-09,CONTINUE,5,72.35,82.18,True,True,9.84,2023-05,1650.0,2412.5,2412.5,46.21,1602.3,1577.95,1550.42,True,True,True,True,True,False,True,4627.0,1945.0,-15.17,False,1.21,1.92,0.89,True,2,True,11.97,1.7,False,False,,tv_wilder_rsi14_sma5_v1,82.18,72.35,True,True,9.84
4887,4887.T,サワイグループホールディングス,2023-09,CONTINUE,4,42.66,52.44,True,False,9.79,2023-06,1208.33,1526.0,1526.0,26.29,1151.99,1218.22,1298.07,True,False,False,False,False,False,False,696820.0,1493.33,-19.08,False,0.87,1.73,1.03,False,4,True,-6.4,3.84,False,False,,tv_wilder_rsi14_sma5_v1,52.44,42.66,False,True,9.79
7986,7986.T,日本アイ・エス・ケイ,2023-09,CONTINUE,4,51.19,60.97,True,True,9.78,2023-06,1230.0,1385.0,1385.0,12.6,1216.12,1219.8,1258.46,True,True,False,False,False,False,False,657.0,1480.0,-16.89,False,0.67,1.04,1.14,False,4,True,-0.93,1.43,False,False,,tv_wilder_rsi14_sma5_v1,60.97,51.19,True,True,9.78
2483,2483.T,翻訳センター,2023-09,CONTINUE,12,67.15,76.92,True,True,9.77,2022-10,1495.0,2176.0,2176.0,45.55,1485.64,1493.69,1455.53,True,True,True,False,False,False,True,2887.0,1578.0,-5.26,False,0.96,1.12,0.77,True,2,False,2.11,0.02,False,False,,tv_wilder_rsi14_sma5_v1,76.92,67.15,True,True,9.77
8338,8338.T,筑波銀行,2023-09,CONTINUE,3,55.69,65.37,True,True,9.69,2023-07,221.0,266.0,266.0,20.36,207.04,204.8,211.85,True,True,True,False,True,False,True,567267.0,255.0,-13.33,False,1.24,2.2,1.0,False,2,True,5.82,1.8,True,False,,tv_wilder_rsi14_sma5_v1,65.37,55.69,True,True,9.69
5703,5703.T,日本軽金属ホールディングス,2023-09,CONTINUE,4,43.73,53.39,True,True,9.66,2023-06,1448.0,1683.0,1683.0,16.23,1399.32,1418.92,1480.4,True,True,False,False,True,False,False,361193.0,1657.0,-12.61,False,0.74,1.45,0.91,True,4,True,-3.52,3.0,False,False,,tv_wilder_rsi14_sma5_v1,53.39,43.73,True,True,9.66
8173,8173.T,Ｊｏｓｈｉｎ,2023-09,CONTINUE,4,49.11,58.77,True,True,9.66,2023-06,1960.0,2352.0,2352.0,20.0,1934.88,1958.47,1939.57,True,True,True,False,False,False,True,64740.0,2103.0,-6.8,False,0.72,1.06,1.0,True,2,True,2.58,0.94,False,False,,tv_wilder_rsi14_sma5_v1,58.77,49.11,True,True,9.66
6229,6229.T,オーケーエム,2023-09,CONTINUE,4,52.03,61.63,True,True,9.61,2023-06,1195.0,1456.0,1456.0,21.84,1157.8,1184.16,1146.97,True,True,True,False,False,False,True,5093.0,1288.0,-7.22,False,1.19,1.94,1.16,False,2,True,8.19,2.57,False,False,,tv_wilder_rsi14_sma5_v1,61.63,52.03,True,True,9.61
2687,2687.T,シー・ヴイ・エス・ベイエリア,2023-09,CONTINUE,11,78.99,88.57,True,True,9.58,2022-11,402.0,923.0,923.0,129.6,402.72,400.36,390.69,False,True,True,True,True,True,True,6637.0,418.0,-3.83,False,0.72,1.17,0.89,True,2,True,0.73,-0.36,False,False,,tv_wilder_rsi14_sma5_v1,88.57,78.99,True,True,9.58
8537,8537.T,大光銀行,2023-09,CONTINUE,3,43.82,53.38,True,True,9.56,2023-07,1168.0,1341.0,1341.0,14.81,1092.8,1081.03,1147.54,True,True,True,False,True,False,False,31783.0,1444.0,-19.11,False,1.83,1.77,1.1,False,3,True,0.07,4.8,False,False,,tv_wilder_rsi14_sma5_v1,53.38,43.82,True,True,9.56
3004,3004.T,神栄,2023-09,CONTINUE,9,63.37,72.86,True,True,9.49,2023-01,835.0,1648.0,1648.0,97.37,787.08,795.99,839.44,True,True,False,False,False,False,False,7130.0,989.0,-15.57,False,2.96,1.77,1.4,False,4,True,-2.12,1.34,True,False,,tv_wilder_rsi14_sma5_v1,72.86,63.37,True,True,9.49
8912,8912.T,エリアクエスト,2023-09,CONTINUE,3,55.04,64.54,True,True,9.49,2023-07,109.0,121.0,121.0,11.01,103.64,102.41,101.75,True,True,True,True,True,True,True,512047.0,131.0,-16.79,False,1.01,4.59,1.71,False,2,False,11.33,5.48,False,False,,tv_wilder_rsi14_sma5_v1,64.54,55.04,True,True,9.49
7983,7983.T,ミロク,2023-09,CONTINUE,9,56.55,66.02,True,True,9.47,2023-01,1461.0,1813.0,1813.0,24.09,1418.52,1429.65,1500.81,True,True,False,False,False,False,False,3010.0,1699.0,-14.01,False,0.51,0.7,0.95,True,4,True,-4.19,1.95,False,False,,tv_wilder_rsi14_sma5_v1,66.02,56.55,True,True,9.47
2751,2751.T,テンポスホールディングス,2023-09,CONTINUE,2,60.37,69.82,True,True,9.45,2023-08,2576.0,2786.0,2786.0,8.15,2520.44,2477.93,2463.93,True,True,True,True,True,False,True,6747.0,2623.0,-1.79,False,1.69,0.87,1.23,False,2,True,7.55,1.26,False,False,,tv_wilder_rsi14_sma5_v1,69.82,60.37,True,True,9.45
3271,3271.T,ＴＨＥグローバル社,2023-09,CONTINUE,4,58.9,68.33,True,False,9.43,2023-06,258.0,401.0,401.0,55.43,218.72,218.67,219.11,True,True,True,False,True,True,True,288507.0,298.0,-13.42,False,5.0,6.2,1.53,False,1,True,30.74,11.56,False,False,,tv_wilder_rsi14_sma5_v1,68.33,58.9,False,True,9.43
5971,5971.T,共和工業所,2023-09,CONTINUE,3,52.01,61.41,True,True,9.4,2023-07,4150.0,4625.0,4625.0,11.45,4055.4,4124.2,4068.57,True,True,True,False,False,False,False,2097.0,4510.0,-7.98,False,2.76,0.89,1.21,False,1,True,0.34,-0.02,False,False,,tv_wilder_rsi14_sma5_v1,61.41,52.01,True,True,9.4
9034,9034.T,南総通運,2023-09,CONTINUE,12,74.88,84.26,True,True,9.37,2022-10,605.5,842.0,842.0,39.06,604.0,606.79,573.64,True,False,True,False,False,True,True,1600.0,636.5,-4.87,False,0.93,1.03,0.84,True,2,False,8.0,0.44,False,False,,tv_wilder_rsi14_sma5_v1,84.26,74.88,True,True,9.37
2004,2004.T,昭和産業,2023-09,CONTINUE,10,54.92,64.27,True,True,9.35,2022-12,2515.0,3055.0,3055.0,21.47,2449.88,2478.28,2529.53,True,True,False,False,False,False,False,37720.0,2775.0,-9.37,False,0.78,1.18,1.15,False,4,True,-1.64,2.25,False,False,,tv_wilder_rsi14_sma5_v1,64.27,54.92,True,True,9.35
8349,8349.T,東北銀行,2023-09,CONTINUE,4,55.98,65.33,True,True,9.35,2023-06,1033.0,1150.0,1150.0,11.33,1003.36,989.87,990.14,True,True,True,False,True,False,True,17953.0,1069.0,-3.37,False,0.83,0.97,1.04,False,2,True,5.03,1.88,True,False,,tv_wilder_rsi14_sma5_v1,65.33,55.98,True,True,9.35
6677,6677.T,エスケーエレクトロニクス,2023-09,CONTINUE,2,69.05,78.39,True,True,9.34,2023-08,2838.0,3010.0,3010.0,6.06,2160.88,1876.39,1588.03,True,True,True,True,True,True,True,201980.0,2870.0,-1.11,False,0.97,5.65,0.8,True,2,True,86.93,21.41,False,False,,tv_wilder_rsi14_sma5_v1,78.39,69.05,True,True,9.34
6809,6809.T,ＴＯＡ,2023-09,CONTINUE,9,63.23,72.57,True,True,9.34,2023-01,774.0,1166.0,1166.0,50.65,768.84,770.23,773.72,True,True,True,False,False,False,True,27437.0,842.0,-8.08,False,1.23,1.14,0.97,True,2,False,2.08,0.26,False,False,,tv_wilder_rsi14_sma5_v1,72.57,63.23,True,True,9.34
2001,2001.T,ニップン,2023-09,CONTINUE,11,71.51,80.82,True,True,9.31,2022-11,1587.0,2173.0,2173.0,36.93,1580.04,1570.77,1617.0,True,True,False,False,True,False,False,110827.0,1750.0,-9.31,False,0.92,1.1,0.87,True,4,True,-1.15,1.46,False,False,,tv_wilder_rsi14_sma5_v1,80.82,71.51,True,True,9.31
8600,8600.T,トモニホールディングス,2023-09,CONTINUE,3,60.76,70.07,True,True,9.31,2023-07,403.0,461.0,461.0,14.39,376.16,369.33,361.44,True,True,True,True,True,True,True,334203.0,416.0,-3.12,False,1.22,2.11,1.13,False,2,True,16.36,1.64,True,False,,tv_wilder_rsi14_sma5_v1,70.07,60.76,True,True,9.31
3865,3865.T,北越コーポレーション,2023-09,CONTINUE,2,69.47,78.75,True,True,9.28,2023-08,905.0,1085.0,1085.0,19.89,871.48,876.13,845.37,True,True,True,False,True,False,True,258790.0,965.0,-6.22,False,0.89,2.17,0.75,True,2,True,9.58,2.32,False,False,,tv_wilder_rsi14_sma5_v1,78.75,69.47,True,True,9.28
7369,7369.T,メイホーホールディングス,2023-09,CONTINUE,9,49.17,58.46,True,True,9.28,2023-01,396.33,932.33,932.33,135.24,384.55,390.93,424.9,True,True,False,False,True,False,False,2840.0,590.67,-32.9,False,0.44,1.93,1.07,False,4,True,-8.16,-0.16,False,False,,tv_wilder_rsi14_sma5_v1,58.46,49.17,True,True,9.28
9632,9632.T,スバル興業,2023-09,CONTINUE,4,65.81,75.09,True,True,9.28,2023-06,2014.0,2426.0,2426.0,20.46,1926.56,1883.33,1834.33,True,True,True,True,True,True,True,16600.0,2010.0,0.2,True,0.87,1.21,1.01,False,2,True,11.17,2.22,False,True,BREAKOUT,tv_wilder_rsi14_sma5_v1,75.09,65.81,True,True,9.28
8018,8018.T,三共生興,2023-09,CONTINUE,4,62.33,71.57,True,True,9.23,2023-06,562.0,793.0,793.0,41.1,554.04,560.03,515.03,True,True,True,False,False,False,True,36483.0,645.0,-12.87,False,0.74,1.79,0.91,True,2,False,10.18,2.45,False,False,,tv_wilder_rsi14_sma5_v1,71.57,62.33,True,True,9.23
9115,9115.T,明海グループ,2023-09,CONTINUE,3,50.34,59.54,True,True,9.2,2023-07,657.0,901.0,901.0,37.14,589.72,583.84,644.46,True,True,True,False,True,False,False,239417.0,1150.0,-42.87,False,3.13,3.53,1.29,False,3,True,-6.24,4.98,False,False,,tv_wilder_rsi14_sma5_v1,59.54,50.34,True,True,9.2
6445,6445.T,ジャノメ,2023-09,CONTINUE,4,49.17,58.35,True,True,9.19,2023-06,616.0,739.0,739.0,19.97,604.64,615.15,619.2,True,True,False,False,False,False,False,47013.0,761.0,-19.05,False,0.84,1.01,0.93,True,4,False,-2.47,2.38,False,False,,tv_wilder_rsi14_sma5_v1,58.35,49.17,True,True,9.19
5019,5019.T,出光興産,2023-09,CONTINUE,4,49.75,58.93,True,True,9.18,2023-06,577.2,687.6,687.6,19.13,572.33,572.95,613.88,True,True,False,False,True,False,False,7109100.0,761.0,-24.15,False,0.86,1.86,1.03,False,4,True,-6.93,2.42,False,False,,tv_wilder_rsi14_sma5_v1,58.93,49.75,True,True,9.18
8541,8541.T,愛媛銀行,2023-09,CONTINUE,3,47.41,56.59,True,True,9.18,2023-07,881.0,982.0,982.0,11.46,828.44,824.75,863.86,True,True,True,False,True,False,False,61160.0,1014.0,-13.12,False,1.02,1.43,1.02,False,3,True,0.84,2.2,True,False,,tv_wilder_rsi14_sma5_v1,56.59,47.41,True,True,9.18
7175,7175.T,今村証券,2023-09,CONTINUE,9,60.45,69.63,True,True,9.17,2023-01,756.0,1155.0,1155.0,52.78,738.64,747.88,804.16,True,True,False,False,False,False,False,3007.0,985.0,-23.25,False,0.43,0.61,1.2,False,4,True,-10.06,1.62,False,False,,tv_wilder_rsi14_sma5_v1,69.63,60.45,True,True,9.17
8395,8395.T,佐賀銀行,2023-09,CONTINUE,3,59.99,69.15,True,True,9.17,2023-07,1824.0,2034.0,2034.0,11.51,1708.0,1657.75,1667.59,True,True,True,False,True,True,True,40997.0,1936.0,-5.79,False,0.82,1.41,0.98,True,2,True,12.41,2.01,False,False,,tv_wilder_rsi14_sma5_v1,69.15,59.99,True,True,9.17
6364,6364.T,ＡＩＲＭＡＮ,2023-09,CONTINUE,3,71.58,80.74,True,True,9.16,2023-07,1874.0,2080.0,2080.0,10.99,1486.88,1382.87,1308.55,True,True,True,True,True,True,True,78863.0,1620.0,15.68,True,2.99,3.43,1.39,False,2,True,60.36,6.06,True,True,BOTH,tv_wilder_rsi14_sma5_v1,80.74,71.58,True,True,9.16
7932,7932.T,ニッピ,2023-09,CONTINUE,3,59.93,69.08,True,True,9.16,2023-07,3805.0,4220.0,4220.0,10.91,3829.2,3782.87,3633.88,False,True,True,True,True,True,True,3127.0,4100.0,-7.2,False,0.63,1.18,0.61,True,2,False,5.34,-1.13,False,False,,tv_wilder_rsi14_sma5_v1,69.08,59.93,True,True,9.16
9268,9268.T,オプティマスグループ,2023-09,CONTINUE,8,75.31,84.47,True,True,9.16,2023-02,232.75,448.25,448.25,92.59,222.85,215.95,234.86,True,True,False,False,True,False,False,131120.0,313.25,-25.7,False,1.05,1.89,1.27,False,4,True,0.87,1.68,False,False,,tv_wilder_rsi14_sma5_v1,84.47,75.31,True,True,9.16
1946,1946.T,トーエネック,2023-09,CONTINUE,6,58.31,67.4,True,True,9.09,2023-04,693.0,847.0,847.0,22.22,680.64,684.13,698.4,True,True,False,False,False,False,True,45950.0,773.0,-10.35,False,1.27,1.69,1.11,False,4,False,-1.55,-0.22,False,False,,tv_wilder_rsi14_sma5_v1,67.4,58.31,True,True,9.09
8360,8360.T,山梨中央銀行,2023-09,CONTINUE,4,64.01,73.1,True,True,9.09,2023-06,1241.0,1662.0,1662.0,33.92,1174.04,1144.89,1143.2,True,True,True,True,True,False,True,78097.0,1421.0,-12.67,False,1.03,1.71,1.1,False,2,True,9.36,4.88,False,False,,tv_wilder_rsi14_sma5_v1,73.1,64.01,True,True,9.09
4346,4346.T,ＮＥＸＹＺ．Ｇｒｏｕｐ,2023-09,CONTINUE,5,46.92,56.0,True,True,9.08,2023-05,656.0,833.0,833.0,26.98,651.4,640.43,642.83,True,True,True,False,True,True,True,27640.0,759.0,-13.57,False,0.75,2.23,0.9,True,2,True,6.85,2.26,False,False,,tv_wilder_rsi14_sma5_v1,56.0,46.92,True,True,9.08
2009,2009.T,鳥越製粉,2023-09,CONTINUE,8,42.32,51.39,True,True,9.07,2023-02,601.0,680.0,680.0,13.14,588.04,602.15,631.48,True,False,False,False,False,False,False,37843.0,689.0,-12.77,False,0.92,1.16,1.15,False,4,True,-7.38,0.55,False,False,,tv_wilder_rsi14_sma5_v1,51.39,42.32,True,True,9.07
6278,6278.T,ユニオンツール,2023-09,CONTINUE,4,50.77,59.84,True,True,9.07,2023-06,3225.0,3880.0,3880.0,20.31,3290.0,3245.67,3356.9,False,False,False,False,True,True,False,37657.0,3800.0,-15.13,False,1.7,1.66,1.04,False,4,False,-2.55,0.99,False,False,,tv_wilder_rsi14_sma5_v1,59.84,50.77,True,True,9.07
8346,8346.T,東邦銀行,2023-09,CONTINUE,3,59.47,68.52,True,True,9.05,2023-07,247.0,282.0,282.0,14.17,231.36,227.25,223.29,True,True,True,True,True,True,True,735777.0,251.0,-1.59,False,1.33,1.47,1.05,False,2,True,12.5,0.95,True,False,,tv_wilder_rsi14_sma5_v1,68.52,59.47,True,True,9.05
5020,5020.T,ＥＮＥＯＳホールディングス,2023-09,CONTINUE,4,57.89,66.92,True,True,9.03,2023-06,494.4,589.9,589.9,19.32,482.22,476.09,474.06,True,True,True,True,True,True,False,16386663.0,542.9,-8.93,False,1.0,1.25,0.98,True,3,True,3.79,2.44,False,False,,tv_wilder_rsi14_sma5_v1,66.92,57.89,True,True,9.03
3750,3750.T,ＡＤＲ１２０Ｓ,2023-09,CONTINUE,2,42.45,51.46,True,True,9.01,2023-08,1074.0,1174.0,1174.0,9.31,960.12,986.24,1095.81,True,True,False,False,False,False,False,5250.0,1322.0,-18.76,False,3.17,3.82,1.36,False,4,True,-2.93,7.19,False,False,,tv_wilder_rsi14_sma5_v1,51.46,42.45,True,True,9.01
6086,6086.T,シンメンテホールディングス,2023-09,CONTINUE,2,55.86,64.83,True,True,8.97,2023-08,738.0,861.0,861.0,16.67,646.66,655.73,669.49,True,True,True,False,True,True,False,65473.0,798.5,-7.58,False,1.44,4.47,1.16,False,1,True,9.59,5.93,False,False,,tv_wilder_rsi14_sma5_v1,64.83,55.86,True,True,8.97
4415,4415.T,ブロードエンタープライズ,2023-09,CONTINUE,4,45.63,54.54,True,False,8.91,2023-06,585.5,952.5,952.5,62.68,577.78,546.23,592.04,True,True,False,False,True,True,True,7100.0,775.0,-24.45,False,0.66,3.78,0.91,True,4,True,8.22,1.62,False,False,,tv_wilder_rsi14_sma5_v1,54.54,45.63,False,True,8.91
9478,9478.T,ＳＥホールディングス・アンド・インキュベーションズ,2023-09,CONTINUE,4,58.07,66.96,True,True,8.89,2023-06,248.0,295.0,295.0,18.95,241.12,242.55,235.45,True,True,True,False,False,False,True,60863.0,260.0,-4.62,False,1.07,1.56,0.84,True,2,True,11.79,3.92,False,False,,tv_wilder_rsi14_sma5_v1,66.96,58.07,True,True,8.89
8392,8392.T,大分銀行,2023-09,CONTINUE,4,58.78,67.66,True,True,8.87,2023-06,432.4,543.6,543.6,25.72,421.48,415.17,403.89,True,True,True,True,True,False,True,119433.0,478.4,-9.62,False,1.03,1.32,0.97,True,2,True,10.53,2.56,False,False,,tv_wilder_rsi14_sma5_v1,67.66,58.78,True,True,8.87
2668,2668.T,タビオ,2023-09,CONTINUE,3,58.26,67.11,True,True,8.86,2023-07,1118.0,1173.0,1173.0,4.92,1099.52,1090.52,1096.18,True,True,True,False,True,True,True,7457.0,1250.0,-10.56,False,0.14,1.99,0.43,True,2,False,3.01,1.46,False,False,,tv_wilder_rsi14_sma5_v1,67.11,58.26,True,True,8.86
1605,1605.T,ＩＮＰＥＸ,2023-09,CONTINUE,6,69.02,77.86,True,True,8.85,2023-04,1473.0,2256.0,2256.0,53.16,1450.64,1439.25,1464.84,True,True,True,False,True,True,False,7327113.0,1831.0,-19.55,False,0.84,1.59,0.77,True,1,True,-1.49,-2.3,False,False,,tv_wilder_rsi14_sma5_v1,77.86,69.02,True,True,8.85
3242,3242.T,アーバネットコーポレーション,2023-09,CONTINUE,3,65.94,74.78,True,True,8.84,2023-07,335.0,395.0,395.0,17.91,333.52,334.33,319.0,True,True,True,False,False,True,True,158170.0,348.0,-3.74,False,0.46,0.77,0.84,True,2,False,6.66,-0.29,False,False,,tv_wilder_rsi14_sma5_v1,74.78,65.94,True,True,8.84
7122,7122.T,近畿車輛,2023-09,CONTINUE,11,68.16,77.0,True,True,8.84,2022-11,1064.0,2147.0,2147.0,101.79,999.52,998.09,1081.18,True,True,False,False,True,False,False,15090.0,1233.0,-13.71,False,0.99,2.46,1.23,False,4,True,-1.24,5.96,False,False,,tv_wilder_rsi14_sma5_v1,77.0,68.16,True,True,8.84
2286,2286.T,林兼産業,2023-09,CONTINUE,5,50.11,58.93,True,True,8.82,2023-05,472.0,558.0,558.0,18.22,481.12,473.92,466.69,False,False,True,True,True,True,True,17633.0,576.0,-18.06,False,0.64,2.36,0.78,True,2,True,-1.6,-0.95,False,False,,tv_wilder_rsi14_sma5_v1,58.93,50.11,True,True,8.82
6345,6345.T,アイチ　コーポレーション,2023-09,CONTINUE,8,61.72,70.54,True,True,8.82,2023-02,789.0,1001.0,1001.0,26.87,776.96,779.61,814.96,True,True,False,False,True,False,False,66713.0,924.0,-14.61,False,1.48,1.15,1.19,False,4,True,-6.62,0.33,False,False,,tv_wilder_rsi14_sma5_v1,70.54,61.72,True,True,8.82
4499,4499.T,Ｓｐｅｅｅ,2023-09,CONTINUE,7,48.84,57.65,True,True,8.81,2023-03,1472.0,3670.0,3670.0,149.32,1384.52,1419.93,2197.7,True,True,False,False,False,False,False,27277.0,4410.0,-66.62,False,4.7,5.79,1.49,False,4,True,-26.01,8.67,False,False,,tv_wilder_rsi14_sma5_v1,57.65,48.84,True,True,8.81
2664,2664.T,カワチ薬品,2023-09,CONTINUE,3,50.43,59.23,True,True,8.8,2023-07,2261.0,2487.0,2487.0,10.0,2193.04,2210.97,2206.97,True,True,True,False,True,False,True,54850.0,2377.0,-4.88,False,2.17,1.14,1.21,False,2,True,1.71,0.53,False,False,,tv_wilder_rsi14_sma5_v1,59.23,50.43,True,True,8.8
3861,3861.T,王子ホールディングス,2023-09,CONTINUE,6,52.09,60.88,True,True,8.79,2023-04,533.0,629.0,629.0,18.01,526.96,531.59,537.77,True,True,False,False,False,False,False,2207963.0,633.0,-15.8,False,0.91,1.14,0.87,True,4,False,-3.58,0.47,False,False,,tv_wilder_rsi14_sma5_v1,60.88,52.09,True,True,8.79
7625,7625.T,グローバルダイニング,2023-09,CONTINUE,3,59.12,67.89,True,True,8.78,2023-07,453.0,554.0,554.0,22.3,376.92,371.92,360.76,True,True,True,True,True,True,True,59813.0,465.0,-2.58,False,3.07,3.44,1.34,False,2,True,32.6,6.61,False,False,,tv_wilder_rsi14_sma5_v1,67.89,59.12,True,True,8.78
9412,9412.T,スカパーＪＳＡＴ,2023-09,CONTINUE,8,68.33,77.11,True,True,8.78,2023-02,517.0,699.0,699.0,35.2,491.72,488.4,510.56,True,True,True,False,True,False,True,466680.0,583.0,-11.32,False,1.55,2.0,1.16,False,2,True,4.74,2.2,False,False,,tv_wilder_rsi14_sma5_v1,77.11,68.33,True,True,8.78
6050,6050.T,イー・ガーディアン,2023-09,CONTINUE,3,42.55,51.32,True,True,8.77,2023-07,2062.0,2669.0,2669.0,29.44,2068.32,2089.4,2417.65,False,False,False,False,True,False,False,53820.0,3275.0,-37.04,False,0.73,1.57,0.89,True,4,True,-19.27,-0.27,False,False,,tv_wilder_rsi14_sma5_v1,51.32,42.55,True,True,8.77
8276,8276.T,平和堂,2023-09,CONTINUE,4,60.53,69.3,True,True,8.77,2023-06,2150.0,2608.0,2608.0,21.3,2123.32,2072.85,2047.9,True,True,True,True,True,True,True,77803.0,2205.0,-2.49,False,1.29,1.15,1.09,False,2,True,6.87,0.92,False,False,,tv_wilder_rsi14_sma5_v1,69.3,60.53,True,True,8.77
1799,1799.T,第一建設工業,2023-09,CONTINUE,8,49.84,58.58,True,True,8.74,2023-02,1400.0,1707.0,1707.0,21.93,1351.8,1381.71,1378.08,True,True,True,False,False,False,False,6360.0,1879.0,-25.49,False,0.66,0.77,0.98,True,1,True,-3.32,1.25,False,False,,tv_wilder_rsi14_sma5_v1,58.58,49.84,True,True,8.74
8387,8387.T,四国銀行,2023-09,CONTINUE,3,54.8,63.55,True,True,8.74,2023-07,931.0,1015.0,1015.0,9.02,881.36,865.99,895.27,True,True,True,False,True,True,True,89270.0,1053.0,-11.59,False,1.19,1.33,0.96,True,2,True,4.79,1.54,True,False,,tv_wilder_rsi14_sma5_v1,63.55,54.8,True,True,8.74
5966,5966.T,京都機械工具,2023-09,NEW,1,61.6,70.33,True,True,8.72,2023-09,2319.0,2319.0,2319.0,0.0,2211.48,2138.27,2053.45,True,True,True,True,True,True,True,3083.0,3235.0,-28.32,False,4.9,7.69,1.92,False,2,False,14.09,10.44,False,False,,tv_wilder_rsi14_sma5_v1,70.33,61.6,True,True,8.72
2323,2323.T,ｆｏｎｆｕｎ,2023-09,CONTINUE,6,62.22,70.93,True,True,8.71,2023-04,59.83,127.33,127.33,112.81,57.49,57.02,58.2,True,True,True,False,False,True,True,75040.0,87.33,-31.49,False,1.03,2.43,1.14,False,1,False,11.52,-1.02,False,False,,tv_wilder_rsi14_sma5_v1,70.93,62.22,True,True,8.71
6814,6814.T,古野電気,2023-09,CONTINUE,5,58.76,67.48,True,True,8.71,2023-05,972.0,1382.0,1382.0,42.18,953.64,948.4,1005.1,True,True,False,False,True,True,False,70483.0,1163.0,-16.42,False,0.74,1.76,1.09,False,4,True,-3.58,0.9,False,False,,tv_wilder_rsi14_sma5_v1,67.48,58.76,True,True,8.71
2198,2198.T,アイ・ケイ・ケイホールディングス,2023-09,CONTINUE,2,50.99,59.69,True,True,8.7,2023-08,673.0,730.0,730.0,8.47,653.44,631.55,644.81,True,True,True,False,True,False,True,87057.0,729.0,-7.68,False,0.7,1.24,0.95,True,2,True,6.47,1.42,False,False,,tv_wilder_rsi14_sma5_v1,59.69,50.99,True,True,8.7
6396,6396.T,宇野澤組鐵工所,2023-09,CONTINUE,4,58.03,66.7,True,True,8.67,2023-06,2670.0,2916.0,2916.0,9.21,2559.72,2578.65,2548.57,True,True,True,False,False,False,True,783.0,2680.0,-0.37,False,2.35,0.71,0.81,True,2,True,7.17,2.09,True,False,,tv_wilder_rsi14_sma5_v1,66.7,58.03,True,True,8.67
8418,8418.T,山口フィナンシャルグループ,2023-09,CONTINUE,5,73.01,81.67,True,True,8.65,2023-05,912.0,1310.5,1310.5,43.7,876.48,866.59,826.07,True,True,True,True,True,True,True,638420.0,965.0,-5.49,False,1.27,2.37,0.95,True,2,True,11.12,2.55,False,False,,tv_wilder_rsi14_sma5_v1,81.67,73.01,True,True,8.65
8524,8524.T,北洋銀行,2023-09,CONTINUE,3,58.66,67.31,True,True,8.65,2023-07,310.0,361.0,361.0,16.45,287.88,280.81,269.65,True,True,True,True,True,True,True,980170.0,334.0,-7.19,False,1.15,1.91,1.02,False,2,True,19.62,0.83,False,False,,tv_wilder_rsi14_sma5_v1,67.31,58.66,True,True,8.65
8366,8366.T,滋賀銀行,2023-09,CONTINUE,3,63.17,71.82,True,True,8.64,2023-07,609.0,700.0,700.0,14.94,562.45,554.74,541.42,True,True,True,True,True,True,True,484800.0,604.0,0.83,True,1.0,1.94,1.03,False,2,True,11.12,2.36,True,False,,tv_wilder_rsi14_sma5_v1,71.82,63.17,True,True,8.64
3431,3431.T,宮地エンジニアリンググループ,2023-09,CONTINUE,11,81.33,89.96,True,True,8.63,2022-11,851.25,1525.0,1525.0,79.15,830.75,819.78,843.33,True,True,True,False,True,True,True,47987.0,947.5,-10.16,False,0.74,2.2,0.95,True,1,True,5.83,1.0,False,False,,tv_wilder_rsi14_sma5_v1,89.96,81.33,True,True,8.63
4391,4391.T,ロジザード,2023-09,CONTINUE,9,42.55,51.16,True,True,8.61,2023-01,889.0,1280.0,1280.0,43.98,854.8,875.12,1043.7,True,True,False,False,False,False,False,6130.0,1835.0,-51.55,False,0.37,3.61,1.12,False,4,True,-21.85,2.49,False,False,,tv_wilder_rsi14_sma5_v1,51.16,42.55,True,True,8.61
6703,6703.T,沖電気工業,2023-09,CONTINUE,7,54.42,63.03,True,True,8.61,2023-03,718.0,1006.0,1006.0,40.11,715.96,714.65,733.11,True,True,False,False,False,False,False,283487.0,891.0,-19.42,False,1.02,1.89,0.99,True,4,False,-2.94,0.75,False,False,,tv_wilder_rsi14_sma5_v1,63.03,54.42,True,True,8.61
7399,7399.T,ナンシン,2023-09,CONTINUE,8,52.71,61.3,True,True,8.6,2023-02,500.0,554.0,554.0,10.8,480.08,472.36,474.74,True,True,True,False,True,True,True,7273.0,539.0,-7.24,False,4.29,1.51,1.25,False,2,True,3.4,1.75,False,False,,tv_wilder_rsi14_sma5_v1,61.3,52.71,True,True,8.6
8737,8737.T,あかつき本社,2023-09,CONTINUE,5,63.43,72.02,True,True,8.6,2023-05,333.0,434.0,434.0,30.33,323.48,324.55,320.09,True,True,True,False,True,True,True,49340.0,337.0,-1.19,False,1.01,0.92,0.94,True,1,True,2.42,0.86,False,False,,tv_wilder_rsi14_sma5_v1,72.02,63.43,True,True,8.6
1514,1514.T,住石ホールディングス,2023-09,CONTINUE,2,67.37,75.97,True,True,8.59,2023-08,377.0,491.0,491.0,30.24,350.32,356.48,354.37,True,True,True,False,False,True,True,632447.0,464.0,-18.75,False,0.7,2.61,1.03,False,2,True,30.11,4.53,False,False,,tv_wilder_rsi14_sma5_v1,75.97,67.37,True,True,8.59
7264,7264.T,ムロコーポレーション,2023-09,CONTINUE,9,56.57,65.14,True,True,8.57,2023-01,1069.0,1306.0,1306.0,22.17,1052.4,1057.05,1072.89,True,True,False,False,False,False,False,2970.0,1266.0,-15.56,False,0.67,0.6,0.75,True,4,True,-3.4,1.15,False,False,,tv_wilder_rsi14_sma5_v1,65.14,56.57,True,True,8.57
4664,4664.T,アール・エス・シー,2023-09,CONTINUE,9,64.44,73.0,True,True,8.56,2023-01,513.0,832.0,832.0,62.18,460.2,465.57,458.56,True,True,True,False,True,False,True,6083.0,589.0,-12.9,False,3.47,3.02,1.53,False,2,True,11.55,3.5,True,False,,tv_wilder_rsi14_sma5_v1,73.0,64.44,True,True,8.56
1939,1939.T,四電工,2023-09,CONTINUE,9,75.79,84.33,True,True,8.54,2023-01,608.67,947.67,947.67,55.7,583.19,581.9,587.05,True,True,True,False,True,False,True,42810.0,647.67,-6.02,False,1.05,1.37,1.1,False,2,True,4.24,2.23,False,False,,tv_wilder_rsi14_sma5_v1,84.33,75.79,True,True,8.54
4234,4234.T,サンエー化研,2023-09,CONTINUE,8,50.98,59.51,True,True,8.53,2023-02,478.0,542.0,542.0,13.39,459.52,455.75,485.28,True,True,False,False,True,False,False,7567.0,536.0,-10.82,False,1.32,1.08,1.45,False,4,True,-1.13,2.34,False,False,,tv_wilder_rsi14_sma5_v1,59.51,50.98,True,True,8.53
2579,2579.T,コカ・コーラ　ボトラーズジャパンホールディングス,2023-09,CONTINUE,8,54.8,63.33,True,True,8.52,2023-02,1434.0,1966.0,1966.0,37.1,1365.12,1405.05,1433.13,True,True,True,False,False,True,False,657633.0,1655.0,-13.35,False,0.79,1.86,1.13,False,3,True,-3.37,1.0,False,False,,tv_wilder_rsi14_sma5_v1,63.33,54.8,True,True,8.52
8622,8622.T,水戸証券,2023-09,CONTINUE,4,68.54,77.06,True,True,8.52,2023-06,343.0,456.0,456.0,32.94,311.64,302.05,268.46,True,True,True,True,True,True,True,421453.0,342.0,0.29,True,0.96,2.6,1.13,False,2,True,35.55,9.0,False,True,BREAKOUT,tv_wilder_rsi14_sma5_v1,77.06,68.54,True,True,8.52
9327,9327.T,イー・ロジット,2023-09,NEW,1,28.98,37.47,True,True,8.49,2023-09,613.0,613.0,613.0,0.0,441.32,467.83,526.69,True,True,True,False,False,False,False,57203.0,854.0,-28.22,False,5.65,3.29,1.56,False,3,True,9.51,8.01,True,False,,tv_wilder_rsi14_sma5_v1,37.47,28.98,True,True,8.49
5983,5983.T,イワブチ,2023-09,NEW,1,55.52,64.0,True,True,8.47,2023-09,6060.0,6060.0,6060.0,0.0,5484.0,5319.47,5140.52,True,True,True,True,True,True,True,2047.0,6740.0,-10.09,False,1.93,2.11,1.15,False,2,True,23.07,3.38,True,True,MVP,tv_wilder_rsi14_sma5_v1,64.0,55.52,True,True,8.47
2593,2593.T,伊藤園,2023-09,CONTINUE,3,37.24,45.69,True,True,8.44,2023-07,4065.0,4809.0,4809.0,18.3,3996.2,4134.65,4541.65,True,False,False,False,False,False,False,447217.0,6590.0,-38.32,False,0.56,1.45,0.9,True,4,True,-13.84,2.61,False,False,,tv_wilder_rsi14_sma5_v1,45.69,37.24,True,True,8.44
3954,3954.T,昭和パックス,2023-09,CONTINUE,9,56.71,65.16,True,True,8.44,2023-01,1558.0,1851.0,1851.0,18.81,1537.24,1541.71,1551.27,True,True,True,False,True,True,True,1293.0,1695.0,-8.08,False,1.19,0.76,0.71,True,2,True,-1.94,0.66,False,False,,tv_wilder_rsi14_sma5_v1,65.16,56.71,True,True,8.44
6637,6637.T,寺崎電気産業,2023-09,CONTINUE,4,60.38,68.8,True,True,8.42,2023-06,1260.0,1777.0,1777.0,41.03,1215.0,1226.55,1088.56,True,True,True,False,False,True,True,7967.0,1474.0,-14.52,False,1.67,1.79,0.94,True,2,True,17.76,2.46,True,False,,tv_wilder_rsi14_sma5_v1,68.8,60.38,True,True,8.42
7287,7287.T,日本精機,2023-09,CONTINUE,11,51.78,60.21,True,True,8.42,2022-11,831.0,1167.0,1167.0,40.43,820.64,810.8,862.29,True,True,False,False,True,False,False,87790.0,1260.0,-34.05,False,0.91,2.2,0.77,True,4,True,-9.26,1.77,False,False,,tv_wilder_rsi14_sma5_v1,60.21,51.78,True,True,8.42
6633,6633.T,ＣＧＳホールディングス,2023-09,CONTINUE,4,51.28,59.7,True,True,8.41,2023-06,313.0,375.0,375.0,19.81,303.72,301.81,326.25,True,True,False,False,True,False,True,14703.0,436.0,-28.21,False,0.65,2.01,1.33,False,1,True,3.42,3.21,False,False,,tv_wilder_rsi14_sma5_v1,59.7,51.28,True,True,8.41
6785,6785.T,鈴木,2023-09,CONTINUE,2,57.09,65.51,True,True,8.41,2023-08,1152.0,1185.0,1185.0,2.86,1017.84,965.99,962.43,True,True,True,True,True,True,True,74223.0,1162.0,-0.86,False,0.89,3.8,0.89,True,2,True,25.35,8.73,False,False,,tv_wilder_rsi14_sma5_v1,65.51,57.09,True,True,8.41
1384,1384.T,ホクリヨウ,2023-09,CONTINUE,5,71.25,79.65,True,True,8.4,2023-05,896.0,1145.0,1145.0,27.79,836.0,828.32,730.12,True,True,True,True,True,True,True,72970.0,972.0,-7.82,False,0.52,4.23,1.1,False,2,True,26.28,6.83,False,False,,tv_wilder_rsi14_sma5_v1,79.65,71.25,True,True,8.4
6317,6317.T,北川鉄工所,2023-09,CONTINUE,6,46.59,54.97,True,False,8.39,2023-04,1118.0,1443.0,1443.0,29.07,1086.44,1115.67,1218.97,True,True,False,False,False,False,False,18053.0,1546.0,-27.68,False,0.87,1.2,0.85,True,4,True,-11.42,0.56,False,False,,tv_wilder_rsi14_sma5_v1,54.97,46.59,False,True,8.39
4750,4750.T,ダイサン,2023-09,CONTINUE,3,46.35,54.73,True,True,8.38,2023-07,581.0,627.0,627.0,7.92,582.64,577.73,587.57,False,True,False,False,True,False,False,5920.0,650.0,-10.62,False,0.47,1.02,1.1,False,4,True,-1.79,0.02,False,False,,tv_wilder_rsi14_sma5_v1,54.73,46.35,True,True,8.38
3405,3405.T,クラレ,2023-09,CONTINUE,11,72.68,80.98,True,True,8.3,2022-11,1096.0,1771.0,1771.0,61.59,1053.32,1051.09,1062.43,True,True,True,False,True,False,True,1712217.0,1163.0,-5.76,False,0.67,1.51,0.61,True,2,True,2.49,1.35,False,False,,tv_wilder_rsi14_sma5_v1,80.98,72.68,True,True,8.3
4241,4241.T,アテクト,2023-09,CONTINUE,2,44.28,52.56,True,False,8.28,2023-08,798.0,745.0,745.0,-6.64,656.24,600.49,563.01,True,True,True,True,True,True,True,418883.0,949.0,-15.91,False,1.58,10.5,0.9,True,2,False,35.88,9.55,False,False,,tv_wilder_rsi14_sma5_v1,52.56,44.28,False,True,8.28
5304,5304.T,ＳＥＣカーボン,2023-09,CONTINUE,14,77.32,85.59,True,True,8.27,2022-08,1222.0,2870.0,2870.0,134.86,1141.92,1051.44,1096.93,True,True,True,False,True,True,True,38483.0,1296.0,-5.71,False,0.7,2.83,0.88,True,1,True,12.42,,,False,,tv_wilder_rsi14_sma5_v1,85.59,77.32,True,True,8.27
3727,3727.T,アプリックス,2023-09,CONTINUE,5,54.78,63.04,True,True,8.26,2023-05,154.0,225.0,225.0,46.1,142.96,137.79,140.19,True,True,True,False,True,True,True,542770.0,187.0,-17.65,False,0.38,7.61,0.68,True,1,False,8.78,1.56,False,False,,tv_wilder_rsi14_sma5_v1,63.04,54.78,True,True,8.26
7723,7723.T,愛知時計電機,2023-09,CONTINUE,3,56.09,64.35,True,True,8.26,2023-07,1576.0,1758.0,1758.0,11.55,1532.16,1557.25,1453.6,True,True,True,False,False,True,True,56253.0,1687.0,-6.58,False,0.42,1.43,0.91,True,2,False,9.57,-0.12,False,False,,tv_wilder_rsi14_sma5_v1,64.35,56.09,True,True,8.26
2602,2602.T,日清オイリオグループ,2023-09,CONTINUE,4,65.48,73.73,True,True,8.24,2023-06,1140.0,1395.0,1395.0,22.37,1134.2,1116.67,1091.37,True,True,True,True,True,True,True,206060.0,1183.33,-3.66,False,0.86,1.26,0.93,True,2,True,7.34,1.44,False,False,,tv_wilder_rsi14_sma5_v1,73.73,65.48,True,True,8.24
3840,3840.T,パス,2023-09,CONTINUE,7,62.4,70.64,True,True,8.24,2023-03,59.0,162.0,162.0,174.58,57.12,56.44,60.0,True,True,False,False,True,False,False,219863.0,93.0,-36.56,False,0.42,4.48,1.07,False,4,True,2.48,5.08,False,False,,tv_wilder_rsi14_sma5_v1,70.64,62.4,True,True,8.24
7182,7182.T,ゆうちょ銀行,2023-09,CONTINUE,4,58.46,66.7,True,True,8.24,2023-06,1124.0,1301.0,1301.0,15.75,1089.5,1092.46,1084.08,True,True,True,False,True,False,True,9251463.0,1246.0,-9.79,False,0.91,1.26,1.02,False,2,True,5.63,2.27,False,False,,tv_wilder_rsi14_sma5_v1,66.7,58.46,True,True,8.24
9686,9686.T,東洋テック,2023-09,CONTINUE,6,60.62,68.86,True,True,8.24,2023-04,996.0,1130.0,1130.0,13.45,965.88,957.88,950.17,True,True,True,True,True,True,True,2333.0,1065.0,-6.48,False,1.65,1.34,1.2,False,2,True,4.66,1.61,False,False,,tv_wilder_rsi14_sma5_v1,68.86,60.62,True,True,8.24
2212,2212.T,山崎製パン,2023-09,CONTINUE,8,66.99,75.22,True,False,8.23,2023-02,1581.0,2748.0,2748.0,73.81,1529.56,1553.39,1590.06,True,True,False,False,False,False,False,541640.0,1799.0,-12.12,False,1.12,1.43,1.25,False,4,True,-0.95,1.64,False,False,,tv_wilder_rsi14_sma5_v1,75.22,66.99,False,True,8.23
8273,8273.T,イズミ,2023-09,CONTINUE,8,56.96,65.2,True,True,8.23,2023-02,992.0,1319.67,1319.67,33.03,975.08,984.04,995.83,True,True,False,False,True,False,True,549540.0,1118.33,-11.3,False,2.35,1.49,1.16,False,1,True,-2.32,0.55,False,False,,tv_wilder_rsi14_sma5_v1,65.2,56.96,True,True,8.23
2208,2208.T,ブルボン,2023-09,CONTINUE,4,52.72,60.94,True,True,8.22,2023-06,2121.0,2300.0,2300.0,8.44,2121.0,2123.6,2118.09,False,False,True,False,False,True,True,5640.0,2199.0,-3.55,False,0.94,0.52,1.05,False,2,False,0.0,-0.49,False,False,,tv_wilder_rsi14_sma5_v1,60.94,52.72,True,True,8.22
6392,6392.T,ヤマダコーポレーション,2023-09,CONTINUE,6,76.41,84.62,True,True,8.21,2023-04,2941.0,4275.0,4275.0,45.36,2901.52,2817.04,2709.23,True,True,True,True,True,True,True,1870.0,3215.0,-8.52,False,0.16,0.92,0.82,True,2,True,14.11,1.74,False,False,,tv_wilder_rsi14_sma5_v1,84.62,76.41,True,True,8.21
8802,8802.T,三菱地所,2023-09,CONTINUE,4,50.26,58.46,True,True,8.2,2023-06,1710.0,1955.0,1955.0,14.33,1700.44,1641.98,1737.54,True,True,False,False,True,True,False,5551867.0,2043.0,-16.3,False,0.72,1.99,1.04,False,4,True,-2.12,1.93,False,False,,tv_wilder_rsi14_sma5_v1,58.46,50.26,True,True,8.2
7069,7069.T,サイバー・バズ,2023-09,CONTINUE,2,45.47,53.66,True,True,8.19,2023-08,770.0,926.5,926.5,20.32,702.9,683.6,707.02,True,True,True,False,True,True,True,25540.0,976.5,-21.15,False,0.6,4.23,0.8,True,1,True,8.28,5.01,False,False,,tv_wilder_rsi14_sma5_v1,53.66,45.47,True,True,8.19
2269,2269.T,明治ホールディングス,2023-09,CONTINUE,4,50.53,58.69,True,True,8.17,2023-06,3218.0,3716.0,3716.0,15.48,3212.8,3227.13,3237.35,True,False,False,False,False,True,False,788397.0,3565.0,-9.73,False,0.94,1.21,0.97,True,1,False,-0.12,0.14,False,False,,tv_wilder_rsi14_sma5_v1,58.69,50.53,True,True,8.17
4198,4198.T,テンダ,2023-09,CONTINUE,10,30.15,38.3,True,True,8.16,2022-12,549.67,690.33,690.33,25.59,555.68,540.44,553.69,False,True,False,False,True,True,True,5660.0,667.33,-17.63,False,1.01,2.5,1.07,False,1,False,0.57,1.25,False,False,,tv_wilder_rsi14_sma5_v1,38.3,30.15,True,True,8.16
2226,2226.T,湖池屋,2023-09,CONTINUE,7,88.36,96.52,True,True,8.15,2023-03,2715.0,4430.0,4430.0,63.17,2695.2,2682.0,2665.95,True,True,True,True,True,True,True,1127.0,2750.0,-1.27,False,1.67,0.7,1.15,False,2,True,2.41,0.18,False,False,,tv_wilder_rsi14_sma5_v1,96.52,88.36,True,True,8.15
2373,2373.T,ケア２１,2023-09,CONTINUE,3,46.31,54.46,True,True,8.15,2023-07,660.0,764.0,764.0,15.76,666.6,666.68,699.27,False,False,False,False,True,True,False,6097.0,844.0,-21.8,False,1.87,1.06,1.1,False,4,False,-8.11,-2.13,False,False,,tv_wilder_rsi14_sma5_v1,54.46,46.31,True,True,8.15
6964,6964.T,サンコー,2023-09,CONTINUE,2,54.92,63.06,True,True,8.15,2023-08,493.0,526.0,526.0,6.69,487.0,478.27,469.62,True,True,True,True,True,True,True,14600.0,549.0,-10.2,False,1.56,2.75,0.79,True,2,True,6.64,0.72,False,False,,tv_wilder_rsi14_sma5_v1,63.06,54.92,True,True,8.15
8343,8343.T,秋田銀行,2023-09,CONTINUE,3,53.58,61.73,True,True,8.15,2023-07,1839.0,2018.0,2018.0,9.73,1714.96,1710.88,1746.03,True,True,True,False,True,False,True,53780.0,2039.0,-9.81,False,1.59,1.64,1.14,False,2,True,5.39,3.0,True,False,,tv_wilder_rsi14_sma5_v1,61.73,53.58,True,True,8.15
8707,8707.T,岩井コスモホールディングス,2023-09,CONTINUE,4,64.23,72.38,True,True,8.15,2023-06,1435.0,1747.0,1747.0,21.74,1399.28,1362.16,1315.11,True,True,True,True,True,True,True,67467.0,1491.0,-3.76,False,0.73,1.89,1.06,False,2,True,11.46,1.44,False,False,,tv_wilder_rsi14_sma5_v1,72.38,64.23,True,True,8.15
7203,7203.T,トヨタ自動車,2023-09,CONTINUE,5,64.89,73.03,True,True,8.14,2023-05,1908.5,2677.5,2677.5,40.29,1899.98,1866.53,1936.69,True,True,False,False,True,True,False,25698143.0,2267.0,-15.81,False,1.15,2.08,1.16,False,4,False,-3.97,1.37,False,False,,tv_wilder_rsi14_sma5_v1,73.03,64.89,True,True,8.14
8917,8917.T,ファースト住建,2023-09,CONTINUE,3,50.79,58.93,True,True,8.14,2023-07,1113.0,1241.0,1241.0,11.5,1103.08,1103.47,1072.31,True,True,True,False,True,False,True,22627.0,1172.0,-5.03,False,1.86,1.0,0.88,True,2,True,1.61,-0.06,False,False,,tv_wilder_rsi14_sma5_v1,58.93,50.79,True,True,8.14
3299,3299.T,ムゲンエステート,2023-09,CONTINUE,11,80.52,88.65,True,True,8.13,2022-11,489.0,1093.0,1093.0,123.52,476.56,474.77,485.02,True,True,True,False,True,True,False,25353.0,524.0,-6.68,False,1.02,0.96,0.96,True,1,True,0.33,2.35,False,False,,tv_wilder_rsi14_sma5_v1,88.65,80.52,True,True,8.13
5449,5449.T,大阪製鐵,2023-09,CONTINUE,10,60.75,68.88,True,True,8.13,2022-12,1163.0,1841.0,1841.0,58.3,1107.88,1122.55,1298.22,True,True,False,False,False,False,False,59153.0,1621.0,-28.25,False,1.04,2.75,1.35,False,4,True,-9.22,1.19,False,False,,tv_wilder_rsi14_sma5_v1,68.88,60.75,True,True,8.13
1382,1382.T,ホーブ,2023-09,NEW,1,56.86,64.98,True,True,8.12,2023-09,2417.0,2417.0,2417.0,0.0,2456.76,2017.53,1903.94,False,True,True,True,True,True,True,199717.0,4635.0,-47.85,False,0.59,17.51,0.76,True,2,False,29.64,-9.83,False,False,,tv_wilder_rsi14_sma5_v1,64.98,56.86,True,True,8.12
5110,5110.T,住友ゴム工業,2023-09,CONTINUE,8,62.19,70.31,True,True,8.12,2023-02,1226.0,1651.0,1651.0,34.67,1178.96,1165.37,1191.17,True,True,True,False,True,False,True,741427.0,1288.0,-4.81,False,0.84,2.07,1.23,False,1,True,3.84,3.92,False,False,,tv_wilder_rsi14_sma5_v1,70.31,62.19,True,True,8.12
2763,2763.T,エフティグループ,2023-09,CONTINUE,3,51.35,59.45,True,True,8.1,2023-07,1070.0,1264.0,1264.0,18.13,1069.36,1066.88,1046.05,True,True,True,True,True,False,True,8327.0,1175.0,-8.94,False,0.86,1.07,0.79,True,2,False,6.83,-0.92,False,False,,tv_wilder_rsi14_sma5_v1,59.45,51.35,True,True,8.1
5923,5923.T,高田機工,2023-09,CONTINUE,11,60.55,68.6,True,True,8.05,2022-11,818.33,1100.0,1100.0,34.42,794.16,798.59,855.34,True,True,False,False,True,False,False,10470.0,1010.0,-18.98,False,0.79,0.71,1.02,False,4,True,-5.01,2.27,False,False,,tv_wilder_rsi14_sma5_v1,68.6,60.55,True,True,8.05
8368,8368.T,百五銀行,2023-09,CONTINUE,4,69.19,77.24,True,True,8.04,2023-06,418.0,536.0,536.0,28.23,406.64,391.31,372.02,True,True,True,True,True,False,True,456307.0,431.0,-3.02,False,1.03,1.5,0.96,True,2,True,19.55,1.6,False,False,,tv_wilder_rsi14_sma5_v1,77.24,69.19,True,True,8.04
1826,1826.T,佐田建設,2023-09,CONTINUE,2,53.05,61.07,True,True,8.02,2023-08,478.0,530.0,530.0,10.88,469.44,461.48,468.86,True,True,True,False,True,False,True,15053.0,539.0,-11.32,False,0.74,0.87,0.83,True,2,False,6.2,2.14,True,False,,tv_wilder_rsi14_sma5_v1,61.07,53.05,True,True,8.02
9425,9425.T,ＲｅＹｕｕ　Ｊａｐａｎ,2023-09,CONTINUE,3,53.12,61.14,True,True,8.02,2023-07,485.0,460.0,460.0,-5.15,285.72,271.53,268.96,True,True,True,True,True,True,True,248033.0,416.0,16.59,True,5.84,4.32,1.8,False,1,True,79.71,25.69,True,True,BOTH,tv_wilder_rsi14_sma5_v1,61.14,53.12,True,True,8.02
5992,5992.T,中央発條,2023-09,CONTINUE,2,46.54,54.54,True,True,8.0,2023-08,735.0,808.0,808.0,9.93,708.48,702.69,712.47,True,True,True,False,True,False,True,62607.0,792.0,-7.2,False,0.86,1.17,0.91,True,2,True,4.4,1.85,False,False,,tv_wilder_rsi14_sma5_v1,54.54,46.54,True,True,8.0
2499,2499.T,日本和装ホールディングス,2023-09,CONTINUE,2,54.98,62.97,True,True,7.99,2023-08,304.0,336.0,336.0,10.53,296.72,299.65,301.18,True,True,True,False,False,False,False,36397.0,319.0,-4.7,False,4.32,2.11,1.3,False,3,True,1.92,1.42,True,False,,tv_wilder_rsi14_sma5_v1,62.97,54.98,True,True,7.99
3948,3948.T,光ビジネスフォーム,2023-09,CONTINUE,4,65.9,73.87,True,True,7.97,2023-06,791.0,974.0,974.0,23.14,758.0,744.91,809.38,True,True,False,False,True,False,True,13160.0,1126.0,-29.75,False,1.05,1.31,1.09,False,4,True,8.1,1.4,False,False,,tv_wilder_rsi14_sma5_v1,73.87,65.9,True,True,7.97
3941,3941.T,レンゴー,2023-09,CONTINUE,4,57.06,65.01,True,True,7.95,2023-06,885.9,1026.0,1026.0,15.81,858.55,860.06,868.29,True,True,True,False,False,False,True,1049830.0,928.0,-4.54,False,1.07,1.65,1.06,False,2,True,7.01,0.63,True,False,,tv_wilder_rsi14_sma5_v1,65.01,57.06,True,True,7.95
9857,9857.T,英和,2023-09,CONTINUE,5,68.24,76.17,True,True,7.93,2023-05,1418.0,1863.0,1863.0,31.38,1352.64,1315.07,1271.33,True,True,True,True,True,True,True,2307.0,1449.0,-2.14,False,0.87,2.39,0.7,True,2,True,10.26,2.31,False,False,,tv_wilder_rsi14_sma5_v1,76.17,68.24,True,True,7.93
2293,2293.T,滝沢ハム,2023-09,CONTINUE,3,52.66,60.57,True,True,7.91,2023-07,3020.0,3125.0,3125.0,3.48,3010.64,2998.15,3013.68,True,True,True,False,True,False,True,203.0,3145.0,-3.97,False,0.69,0.29,0.92,True,2,False,0.58,-0.26,False,False,,tv_wilder_rsi14_sma5_v1,60.57,52.66,True,True,7.91
8291,8291.T,日産東京販売ホールディングス,2023-09,CONTINUE,4,70.99,78.88,True,True,7.89,2023-06,382.0,484.0,484.0,26.7,341.68,339.84,311.68,True,True,True,True,True,False,True,115123.0,381.0,0.26,True,1.62,2.13,1.22,False,2,True,29.98,7.01,True,True,BOTH,tv_wilder_rsi14_sma5_v1,78.88,70.99,True,True,7.89
6178,6178.T,日本郵政,2023-09,CONTINUE,2,54.43,62.27,True,True,7.84,2023-08,1117.0,1197.5,1197.5,7.21,1066.04,1037.0,1083.37,True,True,True,False,True,False,True,10715860.0,1268.0,-11.91,False,1.02,1.43,0.81,True,2,True,7.39,4.3,False,False,,tv_wilder_rsi14_sma5_v1,62.27,54.43,True,True,7.84
7698,7698.T,アイスコ,2023-09,CONTINUE,8,44.69,52.54,True,True,7.84,2023-02,694.0,908.0,908.0,30.84,671.92,677.01,731.3,True,True,False,False,True,False,False,1580.0,985.0,-29.54,False,1.29,1.08,1.02,False,4,True,-2.8,1.85,True,False,,tv_wilder_rsi14_sma5_v1,52.54,44.69,True,True,7.84
2788,2788.T,アップルインターナショナル,2023-09,CONTINUE,5,62.05,69.87,True,False,7.82,2023-05,291.0,507.0,507.0,74.23,275.12,274.27,327.6,True,True,False,False,True,False,True,157937.0,447.0,-34.9,False,1.78,3.41,1.09,False,4,True,3.96,5.58,False,False,,tv_wilder_rsi14_sma5_v1,69.87,62.05,False,True,7.82
9475,9475.T,昭文社ホールディングス,2023-09,CONTINUE,9,36.0,43.82,True,True,7.82,2023-01,292.0,331.0,331.0,13.36,285.28,291.48,333.05,True,True,False,False,False,False,False,17777.0,471.0,-38.0,False,1.16,1.2,1.06,False,4,True,-15.56,2.13,False,False,,tv_wilder_rsi14_sma5_v1,43.82,36.0,True,True,7.82
6269,6269.T,三井海洋開発,2023-09,CONTINUE,3,50.04,57.86,True,True,7.81,2023-07,1493.0,1842.0,1842.0,23.38,1471.92,1428.21,1443.8,True,True,True,False,True,True,True,202203.0,1833.0,-18.55,False,0.88,2.31,0.69,True,3,True,8.39,-0.04,False,False,,tv_wilder_rsi14_sma5_v1,57.86,50.04,True,True,7.81
3317,3317.T,フライングガーデン,2023-09,CONTINUE,2,64.61,72.4,True,True,7.8,2023-08,985.0,1075.5,1075.5,9.19,973.86,963.63,946.1,True,True,True,True,True,True,True,1267.0,1085.0,-9.22,False,1.29,0.75,1.21,False,2,False,6.87,-0.24,False,False,,tv_wilder_rsi14_sma5_v1,72.4,64.61,True,True,7.8
4361,4361.T,川口化学工業,2023-09,CONTINUE,4,53.28,61.08,True,True,7.8,2023-06,1230.0,1497.0,1497.0,21.71,1201.08,1225.4,1301.31,True,True,False,False,False,False,False,1220.0,1578.0,-22.05,False,0.98,0.88,1.26,False,4,True,-2.86,1.46,False,False,,tv_wilder_rsi14_sma5_v1,61.08,53.28,True,True,7.8
8152,8152.T,ソマール,2023-09,CONTINUE,3,64.44,72.23,True,True,7.79,2023-07,2239.0,2466.0,2466.0,10.14,2115.12,2091.76,1972.53,True,True,True,True,True,True,True,1063.0,2202.0,1.68,True,1.35,1.31,1.19,False,2,True,13.53,2.21,True,True,BOTH,tv_wilder_rsi14_sma5_v1,72.23,64.44,True,True,7.79
8345,8345.T,岩手銀行,2023-09,CONTINUE,3,54.91,62.69,True,True,7.78,2023-07,564.5,653.0,653.0,15.68,530.1,522.54,515.75,True,True,True,True,True,False,True,242107.0,642.25,-12.11,False,1.28,1.74,0.92,True,2,True,11.31,1.73,True,False,,tv_wilder_rsi14_sma5_v1,62.69,54.91,True,True,7.78
2982,2982.T,ＡＤワークスグループ,2023-09,CONTINUE,2,69.38,77.15,True,True,7.77,2023-08,223.0,263.0,263.0,17.94,200.08,200.52,174.7,True,True,True,False,True,True,True,608250.0,231.0,-3.46,False,2.11,2.98,1.14,False,2,True,27.41,4.66,False,False,,tv_wilder_rsi14_sma5_v1,77.15,69.38,True,True,7.77
3988,3988.T,ＳＹＳホールディングス,2023-09,CONTINUE,4,58.68,66.43,True,True,7.75,2023-06,390.0,442.5,442.5,13.46,370.98,370.47,355.83,True,True,True,True,True,False,True,12393.0,403.5,-3.35,False,0.68,1.98,0.77,True,2,True,14.0,3.47,False,False,,tv_wilder_rsi14_sma5_v1,66.43,58.68,True,True,7.75
4275,4275.T,カーリット,2023-09,CONTINUE,4,61.77,69.51,True,True,7.74,2023-06,829.0,955.0,955.0,15.2,787.6,726.4,713.97,True,True,True,True,True,True,True,169827.0,884.0,-6.22,False,0.51,3.07,1.1,False,2,True,19.57,3.73,False,False,,tv_wilder_rsi14_sma5_v1,69.51,61.77,True,True,7.74
9635,9635.T,武蔵野興業,2023-09,CONTINUE,4,41.56,49.29,True,True,7.74,2023-06,1996.0,2080.0,2080.0,4.21,1993.92,1994.2,2023.82,True,True,False,False,False,False,False,230.0,2238.0,-10.81,False,1.04,0.2,1.3,False,4,True,-2.75,0.67,False,False,,tv_wilder_rsi14_sma5_v1,49.29,41.56,True,True,7.74
4629,4629.T,大伸化学,2023-09,NEW,1,44.13,51.83,True,True,7.7,2023-09,1261.0,1261.0,1261.0,0.0,1212.0,1200.71,1198.44,True,True,True,True,True,True,True,5273.0,1263.0,-0.16,False,0.49,1.77,1.16,False,2,True,5.3,1.46,False,False,,tv_wilder_rsi14_sma5_v1,51.83,44.13,True,True,7.7
2337,2337.T,いちご,2023-09,CONTINUE,4,47.24,54.89,True,True,7.66,2023-06,275.0,326.0,326.0,18.55,266.56,263.43,288.17,True,True,False,False,True,False,False,1360487.0,358.0,-23.18,False,0.7,2.08,1.13,False,4,True,-3.78,3.08,False,False,,tv_wilder_rsi14_sma5_v1,54.89,47.24,True,True,7.66
4832,4832.T,ＪＦＥシステムズ,2023-09,CONTINUE,3,67.34,74.99,True,True,7.66,2023-07,1444.5,1600.0,1600.0,10.76,1281.6,1282.55,1232.35,True,True,True,False,True,False,True,40880.0,1472.5,-1.9,False,2.66,2.36,1.44,False,2,True,16.54,4.07,False,False,,tv_wilder_rsi14_sma5_v1,74.99,67.34,True,True,7.66
8892,8892.T,エスコン,2023-09,CONTINUE,2,53.15,60.8,True,True,7.66,2023-08,866.0,933.0,933.0,7.74,807.52,807.71,821.37,True,True,True,False,False,False,False,564083.0,889.0,-2.59,False,1.52,1.5,1.25,False,1,True,6.89,4.23,True,False,,tv_wilder_rsi14_sma5_v1,60.8,53.15,True,True,7.66
9313,9313.T,丸八倉庫,2023-09,CONTINUE,4,50.74,58.39,True,True,7.65,2023-06,665.0,725.0,725.0,9.02,662.24,671.15,657.85,True,False,True,False,False,True,False,940.0,733.0,-9.28,False,0.94,0.85,0.91,True,3,True,-0.14,-0.06,False,False,,tv_wilder_rsi14_sma5_v1,58.39,50.74,True,True,7.65
8511,8511.T,日本証券金融,2023-09,CONTINUE,5,69.8,77.44,True,True,7.64,2023-05,1121.0,1435.0,1435.0,28.01,1062.8,1026.0,984.91,True,True,True,True,True,False,True,247680.0,1194.0,-6.11,False,1.58,2.47,0.81,True,2,True,16.47,3.26,True,False,,tv_wilder_rsi14_sma5_v1,77.44,69.8,True,True,7.64
3277,3277.T,サンセイランディック,2023-09,CONTINUE,7,63.15,70.75,True,True,7.6,2023-03,424.5,531.5,531.5,25.21,416.06,414.05,419.28,True,True,True,False,True,False,False,26407.0,460.5,-7.82,False,0.89,1.15,0.9,True,3,True,0.53,0.75,False,False,,tv_wilder_rsi14_sma5_v1,70.75,63.15,True,True,7.6
4619,4619.T,日本特殊塗料,2023-09,CONTINUE,9,61.0,68.58,True,True,7.59,2023-01,884.0,1324.0,1324.0,49.77,857.12,857.96,903.77,True,True,False,False,False,False,True,28470.0,1044.0,-15.33,False,1.76,1.07,0.99,True,1,True,1.43,2.94,False,False,,tv_wilder_rsi14_sma5_v1,68.58,61.0,True,True,7.59
7687,7687.T,ミクリード,2023-09,CONTINUE,6,67.55,75.14,True,True,7.59,2023-04,386.0,683.33,683.33,77.03,338.41,322.83,321.9,True,True,True,True,True,True,True,28230.0,402.33,-4.06,False,1.25,3.21,1.21,False,2,True,27.92,8.18,False,False,,tv_wilder_rsi14_sma5_v1,75.14,67.55,True,True,7.59
3375,3375.T,ＺＯＡ,2023-09,CONTINUE,4,73.05,80.62,True,True,7.57,2023-06,1480.0,1848.0,1848.0,24.86,1415.88,1370.36,1325.07,True,True,True,True,True,True,True,1913.0,1638.0,-9.65,False,0.36,1.68,1.43,False,2,True,14.27,4.03,False,False,,tv_wilder_rsi14_sma5_v1,80.62,73.05,True,True,7.57
8198,8198.T,マックスバリュ東海,2023-09,CONTINUE,4,59.57,67.13,True,True,7.57,2023-06,2753.0,2934.0,2934.0,6.57,2743.84,2720.16,2769.03,True,True,False,False,True,False,False,4423.0,2899.0,-5.04,False,1.11,0.45,0.9,True,1,True,0.75,0.62,False,False,,tv_wilder_rsi14_sma5_v1,67.13,59.57,True,True,7.57
8601,8601.T,大和証券グループ本社,2023-09,CONTINUE,9,67.85,75.42,True,True,7.57,2023-01,612.0,863.1,863.1,41.03,596.52,591.47,606.15,True,True,True,False,True,True,False,4772970.0,745.0,-17.85,False,0.75,1.3,1.04,False,3,True,-1.44,1.17,True,False,,tv_wilder_rsi14_sma5_v1,75.42,67.85,True,True,7.57
7265,7265.T,エイケン工業,2023-09,NEW,1,55.09,62.65,True,True,7.56,2023-09,3460.0,3460.0,3460.0,0.0,2984.52,2956.32,2743.77,True,True,True,True,True,True,True,3863.0,3440.0,0.58,True,2.25,2.3,1.19,False,2,True,25.06,6.49,True,True,BOTH,tv_wilder_rsi14_sma5_v1,62.65,55.09,True,True,7.56
5105,5105.T,ＴＯＹＯ　ＴＩＲＥ,2023-09,CONTINUE,6,59.99,67.52,True,True,7.54,2023-04,1610.0,2302.0,2302.0,42.98,1540.08,1538.83,1613.87,True,True,False,False,True,True,False,682163.0,1924.0,-16.32,False,1.12,1.32,0.98,True,4,True,0.42,1.56,True,False,,tv_wilder_rsi14_sma5_v1,67.52,59.99,True,True,7.54
8158,8158.T,ソーダニッカ,2023-09,CONTINUE,3,63.16,70.7,True,True,7.54,2023-07,861.0,1032.0,1032.0,19.86,826.48,807.93,744.2,True,True,True,True,True,True,True,65530.0,920.0,-6.41,False,1.38,1.19,1.04,False,2,True,26.19,1.99,True,False,,tv_wilder_rsi14_sma5_v1,70.7,63.16,True,True,7.54
1887,1887.T,日本国土開発,2023-09,CONTINUE,3,53.71,61.23,True,True,7.53,2023-07,610.0,664.0,664.0,8.85,586.56,599.44,583.35,True,True,True,False,True,False,False,210940.0,646.0,-5.57,False,0.76,1.45,1.22,False,3,True,4.29,2.9,False,False,,tv_wilder_rsi14_sma5_v1,61.23,53.71,True,True,7.53
3475,3475.T,グッドコムアセット,2023-09,CONTINUE,3,64.19,71.69,True,True,7.5,2023-07,836.0,1046.0,1046.0,25.12,823.52,822.2,804.42,True,True,True,True,False,True,True,146790.0,974.0,-14.17,False,0.72,1.92,0.95,True,2,True,12.69,1.65,False,False,,tv_wilder_rsi14_sma5_v1,71.69,64.19,True,True,7.5
2354,2354.T,ＹＥ　ＤＩＧＩＴＡＬ,2023-09,CONTINUE,4,60.55,68.04,True,False,7.49,2023-06,545.0,699.0,699.0,28.26,473.84,460.09,432.64,True,True,True,True,True,True,True,196900.0,596.0,-8.56,False,4.44,4.13,1.54,False,2,True,24.98,10.84,False,False,,tv_wilder_rsi14_sma5_v1,68.04,60.55,False,True,7.49
6239,6239.T,ナガオカ,2023-09,CONTINUE,7,58.2,65.69,True,True,7.49,2023-03,720.0,997.0,997.0,38.47,710.0,710.19,711.32,True,True,True,False,False,True,True,6093.0,834.0,-13.67,False,0.68,1.36,1.15,False,2,True,2.41,1.54,False,False,,tv_wilder_rsi14_sma5_v1,65.69,58.2,True,True,7.49
7532,7532.T,パン・パシフィック・インターナショナルホールディングス,2023-09,CONTINUE,4,62.18,69.66,True,True,7.49,2023-06,514.6,627.6,627.6,21.96,500.88,505.39,497.06,True,True,True,False,False,False,True,11301233.0,546.4,-5.82,False,1.14,2.23,1.01,False,1,False,9.11,0.73,False,False,,tv_wilder_rsi14_sma5_v1,69.66,62.18,True,True,7.49
1828,1828.T,田辺工業,2023-09,CONTINUE,11,83.24,90.72,True,True,7.48,2022-11,903.0,1570.0,1570.0,73.86,903.04,905.12,905.62,False,False,False,False,True,False,True,3790.0,953.0,-5.25,False,1.41,0.65,1.05,False,4,True,-0.3,0.04,False,False,,tv_wilder_rsi14_sma5_v1,90.72,83.24,True,True,7.48
7877,7877.T,永大化工,2023-09,CONTINUE,4,46.58,54.06,True,True,7.48,2023-06,1478.0,1601.0,1601.0,8.32,1469.96,1473.92,1506.21,True,True,False,False,False,False,False,540.0,1650.0,-10.42,False,0.33,0.59,0.81,True,4,False,-1.65,1.62,False,False,,tv_wilder_rsi14_sma5_v1,54.06,46.58,True,True,7.48
8399,8399.T,琉球銀行,2023-09,CONTINUE,3,58.06,65.53,True,True,7.47,2023-07,1017.0,1140.0,1140.0,12.09,951.52,927.01,905.18,True,True,True,True,True,True,True,123833.0,1159.0,-12.25,False,0.88,1.94,0.87,True,2,True,17.29,1.27,False,False,,tv_wilder_rsi14_sma5_v1,65.53,58.06,True,True,7.47
2733,2733.T,あらた,2023-09,CONTINUE,6,64.9,72.36,True,True,7.46,2023-04,2205.0,2790.0,2790.0,26.53,2046.6,2039.5,2038.41,True,True,True,True,True,True,True,52427.0,2250.0,-2.0,False,1.32,1.72,1.09,False,1,True,12.23,4.06,True,False,,tv_wilder_rsi14_sma5_v1,72.36,64.9,True,True,7.46
8079,8079.T,正栄食品工業,2023-09,CONTINUE,4,56.76,64.22,True,True,7.46,2023-06,4280.0,4860.0,4860.0,13.55,4152.4,4077.67,4114.0,True,True,True,False,True,False,True,33623.0,4490.0,-4.68,False,0.59,1.86,0.93,True,1,True,9.25,5.72,False,False,,tv_wilder_rsi14_sma5_v1,64.22,56.76,True,True,7.46
9434,9434.T,ソフトバンク,2023-09,CONTINUE,4,60.53,67.98,True,True,7.46,2023-06,154.0,169.05,169.05,9.77,151.82,152.35,150.28,True,True,True,False,True,False,True,86595367.0,157.45,-2.19,False,0.97,0.85,1.05,False,2,True,2.26,0.74,False,False,,tv_wilder_rsi14_sma5_v1,67.98,60.53,True,True,7.46
5333,5333.T,ＮＧＫ,2023-09,CONTINUE,3,51.09,58.54,True,True,7.45,2023-07,1742.0,1982.0,1982.0,13.78,1707.76,1733.73,1756.68,True,True,False,False,False,False,False,1417300.0,2038.0,-14.52,False,0.96,1.37,0.91,True,4,False,-4.56,0.02,False,False,,tv_wilder_rsi14_sma5_v1,58.54,51.09,True,True,7.45
7181,7181.T,かんぽ生命保険,2023-09,CONTINUE,3,56.03,63.47,True,True,7.44,2023-07,766.17,840.17,840.17,9.66,739.01,728.58,738.01,True,True,True,False,True,True,True,3224390.0,842.0,-9.01,False,1.35,1.86,1.11,False,2,True,4.51,0.41,False,False,,tv_wilder_rsi14_sma5_v1,63.47,56.03,True,True,7.44
9501,9501.T,東京電力ホールディングス,2023-09,CONTINUE,6,64.37,71.81,True,True,7.44,2023-04,487.0,668.8,668.8,37.33,484.6,466.32,485.76,True,True,True,False,True,True,False,15929630.0,664.0,-26.66,False,1.01,2.2,0.92,True,3,False,0.28,-3.19,False,False,,tv_wilder_rsi14_sma5_v1,71.81,64.37,True,True,7.44
7322,7322.T,三十三フィナンシャルグループ,2023-09,CONTINUE,3,57.92,65.34,True,True,7.43,2023-07,434.25,464.0,464.0,6.85,406.78,395.31,392.63,True,True,True,True,True,True,True,178600.0,452.75,-4.09,False,1.08,1.45,1.01,False,2,True,13.32,1.62,True,False,,tv_wilder_rsi14_sma5_v1,65.34,57.92,True,True,7.43
2892,2892.T,日本食品化工,2023-09,CONTINUE,3,64.68,72.1,True,True,7.42,2023-07,2946.0,3830.0,3830.0,30.01,2846.88,2775.24,2798.05,True,True,True,False,True,False,True,16390.0,3780.0,-22.06,False,0.69,1.73,0.69,True,2,True,27.16,-0.13,False,False,,tv_wilder_rsi14_sma5_v1,72.1,64.68,True,True,7.42
547A,547A.T,ムニノバホールディングス,2023-09,NEW,1,48.92,56.34,True,True,7.42,2023-09,388.0,388.0,388.0,0.0,363.68,346.8,360.55,True,True,True,False,True,True,False,2434987.0,428.0,-9.35,False,1.21,1.95,1.05,False,3,True,7.4,4.46,False,False,,tv_wilder_rsi14_sma5_v1,56.34,48.92,True,True,7.42
9404,9404.T,日本テレビホールディングス,2023-09,CONTINUE,8,60.56,67.98,True,True,7.42,2023-02,1121.0,1512.0,1512.0,34.88,1065.08,1047.65,1145.43,True,True,False,False,True,False,False,811787.0,1390.0,-19.35,False,1.96,2.41,1.52,False,4,True,-5.36,3.64,False,False,,tv_wilder_rsi14_sma5_v1,67.98,60.56,True,True,7.42
5237,5237.T,ノザワ,2023-09,CONTINUE,6,60.96,68.37,True,True,7.41,2023-04,717.0,845.0,845.0,17.85,700.48,691.96,701.91,True,True,True,False,False,False,False,5963.0,754.0,-4.91,False,1.01,1.83,1.54,False,3,True,2.85,3.08,False,False,,tv_wilder_rsi14_sma5_v1,68.37,60.96,True,True,7.41
9845,9845.T,パーカーコーポレーション,2023-09,CONTINUE,4,71.75,79.16,True,True,7.41,2023-06,695.0,852.0,852.0,22.59,654.68,620.73,566.59,True,True,True,True,True,True,True,8783.0,700.0,-0.71,False,0.87,1.81,0.98,True,2,True,25.84,4.5,False,False,,tv_wilder_rsi14_sma5_v1,79.16,71.75,True,True,7.41
7261,7261.T,マツダ,2023-09,CONTINUE,9,67.05,74.45,True,True,7.4,2023-01,1042.0,1696.5,1696.5,62.81,992.56,1019.81,1064.64,True,True,False,False,False,False,True,4471043.0,1270.0,-17.95,False,0.76,2.65,0.99,True,1,True,5.31,0.49,False,False,,tv_wilder_rsi14_sma5_v1,74.45,67.05,True,True,7.4
8550,8550.T,栃木銀行,2023-09,CONTINUE,3,53.37,60.77,True,True,7.4,2023-07,285.0,321.0,321.0,12.63,259.84,258.4,287.48,True,True,False,False,True,False,False,487750.0,365.0,-21.92,False,1.55,2.28,1.05,False,4,True,-0.95,1.15,True,False,,tv_wilder_rsi14_sma5_v1,60.77,53.37,True,True,7.4
9656,9656.T,グリーンランドリゾート,2023-09,CONTINUE,6,78.23,85.62,True,True,7.39,2023-04,548.0,713.0,713.0,30.11,530.04,528.67,496.1,True,True,True,True,True,False,True,4273.0,605.0,-9.42,False,1.17,1.19,1.19,False,2,True,14.64,0.71,True,False,,tv_wilder_rsi14_sma5_v1,85.62,78.23,True,True,7.39
4418,4418.T,ＪＤＳＣ,2023-09,CONTINUE,4,36.87,44.23,True,True,7.36,2023-06,1065.0,1371.0,1371.0,28.73,1137.12,975.15,844.65,False,True,True,True,True,True,True,297887.0,1303.0,-18.27,False,0.42,5.7,0.79,True,2,False,47.07,-2.14,False,False,,tv_wilder_rsi14_sma5_v1,44.23,36.87,True,True,7.36
8127,8127.T,ヤマトインターナショナル,2023-09,NEW,1,50.46,57.82,True,True,7.35,2023-09,323.0,323.0,323.0,0.0,294.56,294.96,272.26,True,True,True,False,False,True,True,147507.0,327.0,-1.22,False,3.11,2.28,1.46,False,2,True,22.02,6.53,False,False,,tv_wilder_rsi14_sma5_v1,57.82,50.46,True,True,7.35
8887,8887.T,シーラホールディングス,2023-09,CONTINUE,2,45.88,53.23,False,True,7.35,2023-08,770.0,799.0,799.0,3.77,734.04,726.48,760.87,True,True,True,False,True,False,False,43787.0,835.0,-7.78,False,0.8,1.14,1.22,False,3,True,3.89,5.93,False,False,,tv_wilder_rsi14_sma5_v1,53.23,45.88,True,False,7.35
6267,6267.T,ゼネラルパッカー,2023-09,NEW,1,56.44,63.78,True,True,7.34,2023-09,2836.0,2836.0,2836.0,0.0,2712.72,2667.48,2654.2,True,True,True,True,True,True,True,683.0,2898.0,-2.14,False,1.46,1.08,1.06,False,1,True,7.12,2.45,False,False,,tv_wilder_rsi14_sma5_v1,63.78,56.44,True,True,7.34
7997,7997.T,くろがね工作所,2023-09,CONTINUE,7,63.25,70.59,True,True,7.34,2023-03,503.0,935.0,935.0,85.88,429.08,440.79,499.64,True,True,True,False,True,False,False,2637.0,595.0,-15.46,False,1.95,1.8,1.6,False,3,True,-1.59,4.02,True,False,,tv_wilder_rsi14_sma5_v1,70.59,63.25,True,True,7.34
7131,7131.T,のむら産業,2023-09,CONTINUE,4,86.75,94.07,True,True,7.32,2023-06,1334.0,2150.0,2150.0,61.17,1264.08,1130.56,1075.58,True,True,True,True,True,True,True,34433.0,1398.0,-4.58,False,0.25,2.34,0.95,True,2,True,29.3,2.83,False,False,,tv_wilder_rsi14_sma5_v1,94.07,86.75,True,True,7.32
8558,8558.T,東和銀行,2023-09,CONTINUE,3,48.97,56.26,True,True,7.29,2023-07,587.0,630.0,630.0,7.33,550.12,539.69,553.39,True,True,True,False,True,True,True,92517.0,635.0,-7.56,False,1.42,1.45,1.06,False,2,True,6.53,1.87,True,False,,tv_wilder_rsi14_sma5_v1,56.26,48.97,True,True,7.29
7350,7350.T,おきなわフィナンシャルグループ,2023-09,CONTINUE,3,44.84,52.1,True,True,7.27,2023-07,2238.0,2426.0,2426.0,8.4,2138.8,2130.07,2170.55,True,True,True,False,True,True,True,72067.0,2493.0,-10.23,False,1.11,1.76,0.87,True,2,True,3.75,1.07,False,False,,tv_wilder_rsi14_sma5_v1,52.1,44.84,True,True,7.27
2349,2349.T,エヌアイデイ,2023-09,NEW,1,54.01,61.27,True,True,7.26,2023-09,1750.0,1750.0,1750.0,0.0,1649.96,1616.43,1681.29,True,True,True,False,True,True,False,3583.0,1997.0,-12.37,False,0.55,2.04,1.17,False,3,True,5.12,3.61,False,False,,tv_wilder_rsi14_sma5_v1,61.27,54.01,True,True,7.26
1770,1770.T,藤田エンジニアリング,2023-09,CONTINUE,4,61.06,68.31,True,True,7.24,2023-06,964.0,1109.0,1109.0,15.04,938.16,926.0,889.5,True,True,True,True,True,True,True,1950.0,995.0,-3.12,False,0.36,0.69,0.63,True,2,True,8.38,1.44,False,False,,tv_wilder_rsi14_sma5_v1,68.31,61.06,True,True,7.24
8995,8995.T,誠建設工業,2023-09,CONTINUE,2,59.66,66.89,True,True,7.24,2023-08,761.0,825.0,825.0,8.41,708.36,681.23,663.35,True,True,True,True,True,True,True,820.0,755.0,0.79,True,1.41,0.91,0.91,True,2,True,18.32,3.4,True,True,BOTH,tv_wilder_rsi14_sma5_v1,66.89,59.66,True,True,7.24
7245,7245.T,大同メタル工業,2023-09,CONTINUE,3,46.67,53.89,True,True,7.22,2023-07,532.0,570.0,570.0,7.14,521.24,506.03,500.42,True,True,True,True,True,True,True,177547.0,584.0,-8.9,False,0.57,2.11,0.69,True,2,True,3.34,-0.76,False,False,,tv_wilder_rsi14_sma5_v1,53.89,46.67,True,True,7.22
7292,7292.T,村上開明堂,2023-09,NEW,1,62.33,69.55,True,True,7.22,2023-09,3350.0,3350.0,3350.0,0.0,3060.04,2970.63,2765.1,True,True,True,True,True,True,True,11673.0,3370.0,-0.59,False,1.17,1.98,1.21,False,2,True,27.58,5.39,False,False,,tv_wilder_rsi14_sma5_v1,69.55,62.33,True,True,7.22
4102,4102.T,丸尾カルシウム,2023-09,CONTINUE,6,51.24,58.43,True,True,7.2,2023-04,1318.0,1423.0,1423.0,7.97,1282.2,1295.79,1285.19,True,True,True,False,False,False,False,163.0,1441.0,-8.54,False,1.1,0.54,1.02,False,1,True,2.66,1.61,True,False,,tv_wilder_rsi14_sma5_v1,58.43,51.24,True,True,7.2
2501,2501.T,サッポロホールディングス,2023-09,CONTINUE,6,73.99,81.17,True,True,7.18,2023-04,758.0,951.4,951.4,25.51,708.72,660.78,649.3,True,True,True,True,True,True,True,1207333.0,759.0,-0.13,False,1.15,1.61,1.13,False,2,True,30.41,5.07,False,False,,tv_wilder_rsi14_sma5_v1,81.17,73.99,True,True,7.18
5283,5283.T,高見澤,2023-09,CONTINUE,2,67.54,74.71,True,True,7.18,2023-08,2702.0,2968.0,2968.0,9.84,2604.76,2564.0,2326.14,True,True,True,True,True,True,True,773.0,2750.0,-1.75,False,1.5,1.25,0.94,True,2,True,21.97,1.48,False,False,,tv_wilder_rsi14_sma5_v1,74.71,67.54,True,True,7.18
5162,5162.T,朝日ラバー,2023-09,NEW,1,47.04,54.21,True,True,7.17,2023-09,601.0,601.0,601.0,0.0,545.72,548.49,539.94,True,True,True,False,True,False,True,5043.0,638.0,-5.8,False,1.95,1.97,1.45,False,2,True,10.77,3.07,True,False,,tv_wilder_rsi14_sma5_v1,54.21,47.04,True,True,7.17
2296,2296.T,伊藤ハム米久ホールディングス,2023-09,CONTINUE,4,57.9,65.06,True,True,7.16,2023-06,3620.0,4050.0,4050.0,11.88,3587.8,3601.87,3499.38,True,True,True,False,False,False,True,79725.0,3840.0,-5.73,False,0.88,1.03,0.94,True,2,True,5.08,0.37,False,False,,tv_wilder_rsi14_sma5_v1,65.06,57.9,True,True,7.16
5214,5214.T,日本電気硝子,2023-09,CONTINUE,3,51.82,58.98,True,True,7.16,2023-07,2581.5,2786.0,2786.0,7.92,2537.68,2550.67,2508.88,True,True,True,False,False,True,False,767743.0,2706.0,-4.6,False,0.89,1.13,1.09,False,1,True,1.22,0.64,False,False,,tv_wilder_rsi14_sma5_v1,58.98,51.82,True,True,7.16
6620,6620.T,宮越ホールディングス,2023-09,CONTINUE,4,51.97,59.12,True,True,7.16,2023-06,851.0,1166.0,1166.0,37.02,811.52,805.79,834.2,True,True,True,False,True,False,False,42820.0,1052.0,-19.11,False,2.4,5.22,1.21,False,3,True,5.75,8.69,False,False,,tv_wilder_rsi14_sma5_v1,59.12,51.97,True,True,7.16
7189,7189.T,西日本フィナンシャルホールディングス,2023-09,CONTINUE,4,74.87,82.02,True,True,7.14,2023-06,1275.0,1708.0,1708.0,33.96,1182.76,1116.32,985.96,True,True,True,True,True,True,True,565133.0,1285.0,-0.78,False,0.97,2.44,1.04,False,2,True,45.17,6.16,False,False,,tv_wilder_rsi14_sma5_v1,82.02,74.87,True,True,7.14
8563,8563.T,大東銀行,2023-09,CONTINUE,3,49.86,57.0,True,True,7.14,2023-07,679.0,738.0,738.0,8.69,645.56,637.75,656.18,True,True,True,False,True,False,True,38533.0,774.0,-12.27,False,1.64,1.28,0.98,True,2,True,3.59,1.16,True,False,,tv_wilder_rsi14_sma5_v1,57.0,49.86,True,True,7.14
4224,4224.T,ロンシール工業,2023-09,CONTINUE,11,51.83,58.95,True,True,7.12,2022-11,1227.0,1502.0,1502.0,22.41,1215.24,1228.0,1313.65,True,False,False,False,True,False,False,3607.0,1532.0,-19.91,False,1.54,0.75,0.66,True,4,True,-9.04,0.91,False,False,,tv_wilder_rsi14_sma5_v1,58.95,51.83,True,True,7.12
8713,8713.T,フィデアホールディングス,2023-09,CONTINUE,3,57.07,64.19,True,True,7.12,2023-07,1488.0,1603.0,1603.0,7.73,1413.68,1356.95,1375.61,True,True,True,False,True,True,True,55080.0,1573.0,-5.4,False,1.24,1.22,0.98,True,2,True,10.41,1.71,True,False,,tv_wilder_rsi14_sma5_v1,64.19,57.07,True,True,7.12
9532,9532.T,大阪瓦斯,2023-09,CONTINUE,3,55.73,62.85,True,True,7.12,2023-07,2238.0,2462.0,2462.0,10.01,2181.7,2220.01,2165.39,True,True,True,False,False,False,False,1296830.0,2476.0,-9.61,False,1.24,1.39,1.03,False,3,True,1.95,1.68,True,False,,tv_wilder_rsi14_sma5_v1,62.85,55.73,True,True,7.12
4595,4595.T,ミズホメディー,2023-09,CONTINUE,2,47.89,55.01,True,True,7.11,2023-08,1362.5,1479.5,1479.5,8.59,1182.3,1103.47,1355.65,True,True,True,False,True,True,False,229093.0,2137.5,-36.26,False,0.94,3.09,0.78,True,3,True,5.26,9.63,False,False,,tv_wilder_rsi14_sma5_v1,55.01,47.89,True,True,7.11
7991,7991.T,マミヤ・オーピー,2023-09,CONTINUE,2,70.02,77.14,True,True,7.11,2023-08,1840.0,1964.0,1964.0,6.74,1661.96,1500.37,1479.13,True,True,True,True,True,True,True,116293.0,1832.0,0.44,True,0.66,3.66,0.75,True,2,True,49.29,0.74,True,False,,tv_wilder_rsi14_sma5_v1,77.14,70.02,True,True,7.11
9678,9678.T,カナモト,2023-09,CONTINUE,3,53.88,60.96,True,True,7.09,2023-07,2505.0,2626.0,2626.0,4.83,2325.44,2252.01,2230.95,True,True,True,True,True,True,True,162453.0,2476.0,1.17,True,1.74,1.75,0.92,True,2,True,15.52,2.48,False,False,,tv_wilder_rsi14_sma5_v1,60.96,53.88,True,True,7.09
8166,8166.T,タカキュー,2023-09,CONTINUE,9,39.07,46.16,True,True,7.08,2023-01,75.0,92.0,92.0,22.67,75.88,78.35,85.85,False,False,False,False,False,False,False,262593.0,118.0,-36.44,False,0.28,6.76,0.48,True,4,True,-17.2,0.44,False,False,,tv_wilder_rsi14_sma5_v1,46.16,39.07,True,True,7.08
6899,6899.T,ＡＳＴＩ,2023-09,CONTINUE,2,61.46,68.52,False,True,7.07,2023-08,3330.0,3830.0,3830.0,15.02,3155.16,2995.52,2866.95,True,True,True,True,True,True,True,6440.0,3460.0,-3.76,False,1.15,2.56,0.86,True,2,True,27.9,2.58,False,False,,tv_wilder_rsi14_sma5_v1,68.52,61.46,True,False,7.07
7211,7211.T,三菱自動車工業,2023-09,CONTINUE,3,58.39,65.46,True,True,7.07,2023-07,571.6,651.4,651.4,13.96,516.7,495.97,517.7,True,True,True,False,True,True,False,20328213.0,665.0,-14.05,False,1.49,3.74,1.22,False,1,True,17.08,7.86,False,False,,tv_wilder_rsi14_sma5_v1,65.46,58.39,True,True,7.07
6277,6277.T,ホソカワミクロン,2023-09,CONTINUE,4,62.07,69.12,True,True,7.06,2023-06,3505.0,4100.0,4100.0,16.98,3029.64,2940.81,2790.18,True,True,True,True,True,True,True,82077.0,3590.0,-2.37,False,1.56,2.76,1.35,False,2,True,30.36,11.17,False,False,,tv_wilder_rsi14_sma5_v1,69.12,62.07,True,True,7.06
9987,9987.T,スズケン,2023-09,CONTINUE,6,56.68,63.74,True,True,7.06,2023-04,3860.0,4624.0,4624.0,19.79,3547.0,3449.0,3465.25,True,True,True,False,True,True,False,258667.0,3985.0,-3.14,False,1.63,1.7,1.0,False,1,True,10.49,5.92,False,False,,tv_wilder_rsi14_sma5_v1,63.74,56.68,True,True,7.06
6946,6946.T,日本アビオニクス,2023-09,CONTINUE,5,73.64,80.67,True,True,7.03,2023-05,960.0,1428.0,1428.0,48.75,858.92,862.92,706.08,True,True,True,False,True,True,True,147550.0,943.0,1.8,True,2.07,3.93,1.04,False,2,True,42.11,-0.46,False,False,,tv_wilder_rsi14_sma5_v1,80.67,73.64,True,True,7.03
8334,8334.T,群馬銀行,2023-09,CONTINUE,4,72.39,79.42,True,True,7.03,2023-06,528.4,697.6,697.6,32.02,516.15,481.53,462.43,True,True,True,True,True,True,True,1185180.0,537.8,-1.75,False,0.86,2.06,0.97,True,2,True,23.62,1.25,False,False,,tv_wilder_rsi14_sma5_v1,79.42,72.39,True,True,7.03
9145,9145.T,ビーイングホールディングス,2023-09,NEW,1,62.18,69.21,True,True,7.03,2023-09,650.0,650.0,650.0,0.0,559.47,542.42,497.89,True,True,True,True,True,True,True,24587.0,642.5,1.17,True,2.33,3.62,1.47,False,2,True,31.77,5.09,True,True,BOTH,tv_wilder_rsi14_sma5_v1,69.21,62.18,True,True,7.03
9302,9302.T,三井倉庫ホールディングス,2023-09,CONTINUE,2,63.84,70.86,False,True,7.03,2023-08,1385.0,1435.0,1435.0,3.61,1321.8,1214.93,1241.03,True,True,True,False,True,True,True,379710.0,1405.0,-1.42,False,0.62,1.14,0.77,True,2,True,17.94,2.95,False,False,,tv_wilder_rsi14_sma5_v1,70.86,63.84,True,False,7.03
6496,6496.T,中北製作所,2023-09,CONTINUE,10,60.04,67.07,True,False,7.02,2022-12,2097.0,2867.0,2867.0,36.72,2038.16,2031.91,2066.47,True,True,True,False,False,True,False,2043.0,2490.0,-15.78,False,2.0,0.94,1.08,False,3,True,-0.55,2.52,False,False,,tv_wilder_rsi14_sma5_v1,67.07,60.04,False,True,7.02
7173,7173.T,東京きらぼしフィナンシャルグループ,2023-09,CONTINUE,4,77.37,84.39,True,True,7.02,2023-06,389.38,563.12,563.12,44.62,388.42,358.84,328.33,True,True,True,True,True,True,True,825760.0,406.25,-4.15,False,0.88,2.17,0.96,True,2,True,30.77,0.07,False,False,,tv_wilder_rsi14_sma5_v1,84.39,77.37,True,True,7.02
7831,7831.T,ウイルコホールディングス,2023-09,CONTINUE,3,47.6,54.62,True,True,7.02,2023-07,143.0,153.0,153.0,6.99,135.84,134.51,134.88,True,True,True,False,True,True,False,242057.0,171.0,-16.37,False,5.82,4.1,1.6,False,1,True,5.05,3.81,False,False,,tv_wilder_rsi14_sma5_v1,54.62,47.6,True,True,7.02
9991,9991.T,ジェコス,2023-09,CONTINUE,4,56.06,63.07,True,True,7.01,2023-06,874.0,982.0,982.0,12.36,857.0,876.41,846.38,True,False,True,False,False,False,True,35200.0,944.0,-7.42,False,1.19,1.38,1.07,False,2,True,4.71,1.85,False,False,,tv_wilder_rsi14_sma5_v1,63.07,56.06,True,True,7.01
6867,6867.T,リーダー電子,2023-09,CONTINUE,4,49.32,56.32,True,True,7.0,2023-06,510.0,626.0,626.0,22.75,487.72,499.95,483.31,True,True,True,False,False,True,False,9493.0,575.0,-11.3,False,1.83,3.18,0.99,True,1,False,4.66,2.28,True,False,,tv_wilder_rsi14_sma5_v1,56.32,49.32,True,True,7.0
8244,8244.T,近鉄百貨店,2023-09,CONTINUE,2,50.22,57.21,True,False,6.99,2023-08,2869.0,2859.0,2859.0,-0.35,2524.04,2504.93,2475.49,True,True,True,True,True,True,True,88317.0,2810.0,2.1,True,2.6,2.93,1.5,False,1,True,18.92,8.1,False,False,,tv_wilder_rsi14_sma5_v1,57.21,50.22,False,True,6.99
4414,4414.T,フレクト,2023-09,CONTINUE,4,57.32,64.3,True,True,6.98,2023-06,1980.0,2535.0,2535.0,28.03,1796.86,1323.63,1155.72,True,True,True,True,True,True,True,92627.0,2187.5,-9.49,False,0.8,7.3,0.88,True,2,True,107.55,14.06,False,False,,tv_wilder_rsi14_sma5_v1,64.3,57.32,True,True,6.98
7256,7256.T,河西工業,2023-09,CONTINUE,3,40.92,47.91,True,False,6.98,2023-07,184.0,256.0,256.0,39.13,164.52,171.08,173.67,True,True,True,False,True,False,False,353247.0,270.0,-31.85,False,1.74,2.87,0.92,True,3,True,-3.12,4.85,False,False,,tv_wilder_rsi14_sma5_v1,47.91,40.92,False,True,6.98
2206,2206.T,江崎グリコ,2023-09,CONTINUE,6,50.07,57.04,True,True,6.97,2023-04,3495.0,4105.0,4105.0,17.45,3390.0,3445.07,3557.18,True,True,False,False,True,False,False,174697.0,4095.0,-14.65,False,1.18,1.05,1.01,False,4,True,-2.76,1.82,True,False,,tv_wilder_rsi14_sma5_v1,57.04,50.07,True,True,6.97
6149,6149.T,小田原エンジニアリング,2023-09,CONTINUE,9,55.31,62.27,True,True,6.96,2023-01,1534.0,2500.0,2500.0,62.97,1476.96,1516.55,1598.07,True,True,False,False,False,False,False,6663.0,2590.0,-40.77,False,0.55,2.12,0.86,True,4,True,-12.31,2.2,False,False,,tv_wilder_rsi14_sma5_v1,62.27,55.31,True,True,6.96
2160,2160.T,ジーエヌアイグループ,2023-09,CONTINUE,5,52.57,59.52,True,False,6.95,2023-05,1088.0,2038.0,2038.0,87.32,1078.2,1077.68,1275.23,True,True,False,False,True,False,False,619833.0,2015.0,-46.0,False,0.66,3.57,0.86,True,4,True,-12.72,2.24,False,False,,tv_wilder_rsi14_sma5_v1,59.52,52.57,False,True,6.95
7021,7021.T,ニッチツ,2023-09,CONTINUE,9,53.57,60.52,True,True,6.95,2023-01,1213.0,1626.0,1626.0,34.05,1204.48,1210.41,1228.05,True,True,False,False,False,False,False,2420.0,1470.0,-17.48,False,0.22,0.32,0.85,True,4,False,-2.02,0.81,True,False,,tv_wilder_rsi14_sma5_v1,60.52,53.57,True,True,6.95
7463,7463.T,アドヴァングループ,2023-09,CONTINUE,3,54.76,61.7,True,True,6.94,2023-07,992.0,1055.0,1055.0,6.35,968.4,957.17,918.29,True,True,True,True,True,True,True,92967.0,1073.0,-7.55,False,0.47,1.28,0.49,True,2,True,12.95,1.04,False,False,,tv_wilder_rsi14_sma5_v1,61.7,54.76,True,True,6.94
5021,5021.T,コスモエネルギーホールディングス,2023-09,CONTINUE,3,66.41,73.33,True,True,6.92,2023-07,2200.5,2630.0,2630.0,19.52,2016.96,2070.62,1977.36,True,True,True,False,False,False,True,1053887.0,2310.0,-4.74,False,1.34,1.95,1.38,False,2,True,12.6,5.08,False,False,,tv_wilder_rsi14_sma5_v1,73.33,66.41,True,True,6.92
6183,6183.T,ベルシステム２４ホールディングス,2023-09,CONTINUE,3,49.57,56.49,True,True,6.92,2023-07,1389.0,1580.0,1580.0,13.75,1373.0,1383.48,1393.93,True,True,False,False,False,False,False,275280.0,1553.0,-10.56,False,0.81,1.75,0.94,True,1,True,-2.52,-0.2,False,False,,tv_wilder_rsi14_sma5_v1,56.49,49.57,True,True,6.92
3895,3895.T,ハビックス,2023-09,CONTINUE,4,44.83,51.74,True,True,6.91,2023-06,376.0,420.0,420.0,11.7,362.28,353.09,352.19,True,True,True,True,True,True,True,5883.0,380.0,-1.05,False,0.9,1.25,0.77,True,1,True,10.28,2.11,False,False,,tv_wilder_rsi14_sma5_v1,51.74,44.83,True,True,6.91
5482,5482.T,愛知製鋼,2023-09,CONTINUE,13,63.89,70.8,True,True,6.91,2022-09,515.5,977.5,977.5,89.62,525.06,526.27,571.81,False,False,False,False,False,True,False,107840.0,715.5,-27.95,False,1.24,2.14,1.31,False,4,False,-12.54,0.24,False,False,,tv_wilder_rsi14_sma5_v1,70.8,63.89,True,True,6.91
1835,1835.T,東鉄工業,2023-09,CONTINUE,3,55.54,62.44,True,True,6.9,2023-07,2722.0,2938.0,2938.0,7.94,2672.36,2656.04,2623.34,True,True,True,True,True,False,True,82110.0,2855.0,-4.66,False,0.77,1.09,0.87,True,2,True,7.73,1.21,False,False,,tv_wilder_rsi14_sma5_v1,62.44,55.54,True,True,6.9
7804,7804.T,ビーアンドピー,2023-09,CONTINUE,15,61.42,68.32,True,True,6.9,2022-07,1015.0,1592.0,1592.0,56.85,1016.92,1011.33,1021.77,False,True,False,False,True,True,False,523.0,,,,1.07,1.75,1.29,False,4,False,,,,False,,tv_wilder_rsi14_sma5_v1,68.32,61.42,True,True,6.9
4434,4434.T,サーバーワークス,2023-09,CONTINUE,4,51.09,57.98,True,True,6.89,2023-06,2888.0,4010.0,4010.0,38.85,2838.68,2394.45,2451.01,True,True,True,False,True,True,True,128513.0,3410.0,-15.31,False,0.67,6.49,0.81,True,2,True,23.37,3.24,False,False,,tv_wilder_rsi14_sma5_v1,57.98,51.09,True,True,6.89
5351,5351.T,品川リフラ,2023-09,CONTINUE,9,82.14,89.03,True,True,6.89,2023-01,824.0,1525.0,1525.0,85.07,792.12,786.24,756.93,True,True,True,True,True,True,True,87333.0,859.0,-4.07,False,0.72,1.88,1.24,False,2,True,8.18,2.59,False,False,,tv_wilder_rsi14_sma5_v1,89.03,82.14,True,True,6.89
5706,5706.T,三井金属,2023-09,CONTINUE,4,55.32,62.2,True,True,6.88,2023-06,3309.0,3795.0,3795.0,14.69,3287.88,3233.69,3207.32,True,True,True,True,True,False,True,550643.0,3613.0,-8.41,False,0.8,2.63,0.93,True,2,False,4.83,1.88,False,False,,tv_wilder_rsi14_sma5_v1,62.2,55.32,True,True,6.88
8304,8304.T,あおぞら銀行,2023-09,CONTINUE,5,58.66,65.53,True,True,6.88,2023-05,2542.0,3055.0,3055.0,20.18,2491.28,2506.89,2577.5,True,True,False,False,True,False,False,1372640.0,2825.0,-10.02,False,0.74,1.51,1.16,False,4,True,-3.95,1.06,False,False,,tv_wilder_rsi14_sma5_v1,65.53,58.66,True,True,6.88
7235,7235.T,東京ラヂエーター製造,2023-09,CONTINUE,4,46.02,52.89,True,True,6.87,2023-06,534.0,642.0,642.0,20.22,530.6,531.63,611.28,True,True,False,False,False,False,False,25683.0,771.0,-30.74,False,0.81,1.95,1.11,False,4,True,-9.81,1.2,True,False,,tv_wilder_rsi14_sma5_v1,52.89,46.02,True,True,6.87
6960,6960.T,フクダ電子,2023-09,CONTINUE,5,60.76,67.62,True,True,6.86,2023-05,4480.0,5430.0,5430.0,21.21,4480.4,4294.13,4198.8,False,True,True,True,True,True,True,17170.0,4850.0,-7.63,False,0.8,2.56,0.83,True,2,True,9.77,-0.07,False,False,,tv_wilder_rsi14_sma5_v1,67.62,60.76,True,True,6.86
7217,7217.T,テイン,2023-09,CONTINUE,9,53.03,59.89,True,True,6.86,2023-01,436.0,521.5,521.5,19.61,422.48,418.87,436.99,True,True,False,False,True,False,False,4627.0,547.5,-20.37,False,0.9,1.26,1.52,False,4,True,-4.97,1.35,True,False,,tv_wilder_rsi14_sma5_v1,59.89,53.03,True,True,6.86
3854,3854.T,アイル,2023-09,NEW,1,69.01,75.86,True,True,6.85,2023-09,3880.0,3880.0,3880.0,0.0,3289.08,2894.92,2492.43,True,True,True,True,True,True,True,115837.0,4050.0,-4.2,False,0.89,5.08,0.99,True,2,True,76.53,18.53,False,False,,tv_wilder_rsi14_sma5_v1,75.86,69.01,True,True,6.85
8057,8057.T,内田洋行,2023-09,CONTINUE,10,61.97,68.82,True,True,6.85,2022-12,936.0,1356.0,1356.0,44.87,907.36,899.25,939.42,True,True,False,False,False,False,False,90683.0,1086.0,-13.81,False,0.85,2.28,1.02,False,1,False,-1.37,0.86,False,False,,tv_wilder_rsi14_sma5_v1,68.82,61.97,True,True,6.85
8364,8364.T,清水銀行,2023-09,CONTINUE,4,46.76,53.61,True,True,6.85,2023-06,1458.0,1611.0,1611.0,10.49,1429.92,1441.0,1473.43,True,True,False,False,False,False,False,19950.0,1629.0,-10.5,False,0.59,0.97,0.97,True,1,True,-0.64,2.15,False,False,,tv_wilder_rsi14_sma5_v1,53.61,46.76,True,True,6.85
8891,8891.T,ＡＭＧホールディングス,2023-09,CONTINUE,2,73.16,80.01,True,True,6.85,2023-08,1685.0,2001.0,2001.0,18.75,1694.32,1647.15,1539.83,False,True,True,True,True,True,True,2863.0,1938.0,-13.05,False,0.48,2.04,0.73,True,2,False,17.29,-4.45,False,False,,tv_wilder_rsi14_sma5_v1,80.01,73.16,True,True,6.85
1893,1893.T,五洋建設,2023-09,CONTINUE,6,61.03,67.87,True,True,6.84,2023-04,659.0,889.2,889.2,34.93,631.16,637.48,672.33,True,True,False,False,False,True,False,939037.0,749.0,-12.02,False,1.39,1.42,1.07,False,4,True,-1.59,0.51,False,False,,tv_wilder_rsi14_sma5_v1,67.87,61.03,True,True,6.84
7326,7326.T,ＳＢＩインシュアランスグループ,2023-09,CONTINUE,5,51.59,58.43,True,True,6.84,2023-05,1018.0,1207.0,1207.0,18.57,975.56,941.63,903.41,True,True,True,True,True,False,True,23697.0,1082.0,-5.91,False,1.25,2.92,1.0,False,2,True,10.3,4.62,False,False,,tv_wilder_rsi14_sma5_v1,58.43,51.59,True,True,6.84
7460,7460.T,ヤギ,2023-09,CONTINUE,9,53.13,59.97,True,True,6.84,2023-01,392.67,485.0,485.0,23.51,379.75,380.32,395.77,True,True,False,False,True,False,False,14660.0,461.33,-14.88,False,0.56,1.47,0.69,True,1,True,-5.72,1.2,False,False,,tv_wilder_rsi14_sma5_v1,59.97,53.13,True,True,6.84
8359,8359.T,八十二長野銀行,2023-09,CONTINUE,4,73.69,80.52,True,True,6.84,2023-06,624.4,824.9,824.9,32.11,606.36,589.39,549.46,True,True,True,True,True,False,True,1245197.0,657.0,-4.96,False,0.7,2.14,1.01,False,2,True,18.96,1.68,False,False,,tv_wilder_rsi14_sma5_v1,80.52,73.69,True,True,6.84
2201,2201.T,森永製菓,2023-09,CONTINUE,6,63.87,70.7,True,True,6.83,2023-04,2017.5,2701.0,2701.0,33.88,1914.3,1909.67,1942.45,True,True,True,False,False,False,False,301967.0,2225.0,-9.33,False,1.48,1.32,1.15,False,3,True,3.9,2.96,True,False,,tv_wilder_rsi14_sma5_v1,70.7,63.87,True,True,6.83
9765,9765.T,オオバ,2023-09,CONTINUE,4,58.88,65.71,True,True,6.83,2023-06,780.0,953.0,953.0,22.18,757.8,764.63,718.99,True,True,True,False,False,True,True,74243.0,804.0,-2.99,False,0.33,1.3,0.94,True,2,True,8.33,2.52,False,False,,tv_wilder_rsi14_sma5_v1,65.71,58.88,True,True,6.83
7916,7916.T,光村印刷,2023-09,CONTINUE,4,42.11,48.93,True,True,6.82,2023-06,1218.0,1332.0,1332.0,9.36,1194.12,1205.84,1199.74,True,True,True,False,False,False,False,2517.0,1332.0,-8.56,False,0.68,1.04,1.2,False,3,True,0.94,2.6,False,False,,tv_wilder_rsi14_sma5_v1,48.93,42.11,True,True,6.82
1959,1959.T,クラフティア,2023-09,CONTINUE,12,65.94,72.75,True,True,6.81,2022-10,3160.0,4686.0,4686.0,48.29,2888.6,2841.64,2901.13,True,True,True,False,True,True,False,175027.0,3760.0,-15.96,False,2.21,2.22,1.18,False,3,True,1.39,3.91,False,False,,tv_wilder_rsi14_sma5_v1,72.75,65.94,True,True,6.81
9444,9444.T,トーシンホールディングス,2023-09,CONTINUE,3,56.31,63.12,True,True,6.81,2023-07,653.0,689.0,689.0,5.51,650.12,646.15,642.46,True,True,True,True,True,False,True,3227.0,668.0,-2.25,False,1.36,0.6,1.12,False,2,True,1.66,0.15,False,False,,tv_wilder_rsi14_sma5_v1,63.12,56.31,True,True,6.81
1861,1861.T,熊谷組,2023-09,CONTINUE,10,62.96,69.76,True,True,6.8,2022-12,657.75,881.25,881.25,33.98,644.65,636.86,665.25,True,True,False,False,True,False,False,615200.0,757.5,-13.17,False,0.83,1.07,1.08,False,4,True,-3.02,1.38,False,False,,tv_wilder_rsi14_sma5_v1,69.76,62.96,True,True,6.8
6958,6958.T,日本シイエムケイ,2023-09,CONTINUE,4,53.96,60.76,True,True,6.8,2023-06,556.0,670.0,670.0,20.5,510.48,475.69,492.46,True,True,True,False,True,True,True,333040.0,617.0,-9.89,False,1.31,2.6,1.01,False,1,True,23.05,7.92,False,False,,tv_wilder_rsi14_sma5_v1,60.76,53.96,True,True,6.8
8801,8801.T,三井不動産,2023-09,CONTINUE,6,60.21,66.96,True,True,6.76,2023-04,897.0,1098.0,1098.0,22.41,832.19,821.82,884.37,True,True,True,False,False,True,False,8501230.0,1007.67,-10.98,False,1.1,1.37,0.99,True,3,True,1.75,2.16,True,False,,tv_wilder_rsi14_sma5_v1,66.96,60.21,True,True,6.76
2932,2932.T,ＳＴＩフードホールディングス,2023-09,CONTINUE,7,63.86,70.6,True,True,6.75,2023-03,998.67,1436.67,1436.67,43.86,912.61,963.59,902.83,True,True,True,False,False,False,True,31470.0,1171.67,-14.77,False,0.99,2.13,1.2,False,2,True,15.04,3.56,True,False,,tv_wilder_rsi14_sma5_v1,70.6,63.86,True,True,6.75
7984,7984.T,コクヨ,2023-09,CONTINUE,4,70.56,77.31,True,True,6.75,2023-06,493.88,592.88,592.88,20.05,484.18,478.76,465.91,True,True,True,True,False,True,True,1068427.0,516.75,-4.43,False,0.8,1.93,1.16,False,2,True,8.92,1.8,False,False,,tv_wilder_rsi14_sma5_v1,77.31,70.56,True,True,6.75
9028,9028.T,ゼロ,2023-09,CONTINUE,2,68.27,75.0,True,True,6.73,2023-08,1418.0,1539.0,1539.0,8.53,1362.24,1327.21,1250.63,True,True,True,True,True,True,True,7887.0,1526.0,-7.08,False,0.68,3.69,0.66,True,2,True,16.99,0.81,False,False,,tv_wilder_rsi14_sma5_v1,75.0,68.27,True,True,6.73
7505,7505.T,扶桑電通,2023-09,CONTINUE,6,61.13,67.85,True,True,6.72,2023-04,563.5,784.5,784.5,39.22,537.14,547.74,590.24,True,True,False,False,False,False,False,3053.0,691.0,-18.45,False,1.23,1.55,1.13,False,4,True,-4.75,2.88,False,False,,tv_wilder_rsi14_sma5_v1,67.85,61.13,True,True,6.72
5921,5921.T,川岸工業,2023-09,CONTINUE,7,64.28,70.97,True,True,6.7,2023-03,2640.0,3260.0,3260.0,23.48,2635.12,2635.09,2715.12,True,True,False,False,False,False,False,3897.0,2913.0,-9.37,False,0.17,0.57,0.46,True,4,False,-3.81,-0.01,False,False,,tv_wilder_rsi14_sma5_v1,70.97,64.28,True,True,6.7
7180,7180.T,九州フィナンシャルグループ,2023-09,CONTINUE,5,73.67,80.36,True,True,6.69,2023-05,522.0,771.0,771.0,47.7,505.24,496.16,439.1,True,True,True,True,True,True,True,1155963.0,539.0,-3.15,False,0.92,2.04,0.99,True,2,True,21.6,1.93,False,False,,tv_wilder_rsi14_sma5_v1,80.36,73.67,True,True,6.69
9513,9513.T,電源開発,2023-09,CONTINUE,3,58.61,65.3,True,True,6.69,2023-07,2250.0,2418.0,2418.0,7.47,2166.0,2140.8,2115.6,True,True,True,True,True,True,True,886620.0,2290.0,-1.75,False,1.1,1.26,1.1,False,2,True,5.3,1.34,False,False,,tv_wilder_rsi14_sma5_v1,65.3,58.61,True,True,6.69
4099,4099.T,四国化成ホールディングス,2023-09,NEW,1,62.64,69.31,True,True,6.67,2023-09,826.0,826.0,826.0,0.0,753.54,731.99,697.3,True,True,True,True,True,True,True,121720.0,848.5,-2.65,False,1.87,2.14,1.36,False,2,True,19.51,5.78,False,False,,tv_wilder_rsi14_sma5_v1,69.31,62.64,True,True,6.67
7942,7942.T,ＪＳＰ,2023-09,CONTINUE,12,63.75,70.42,True,True,6.67,2022-10,1453.0,2043.0,2043.0,40.61,1439.24,1452.21,1484.34,True,True,False,False,True,True,False,31860.0,1668.0,-12.89,False,1.37,1.36,0.96,True,4,True,-5.36,-0.13,False,False,,tv_wilder_rsi14_sma5_v1,70.42,63.75,True,True,6.67
8336,8336.T,武蔵野銀行,2023-09,CONTINUE,3,64.22,70.88,True,True,6.66,2023-07,835.67,921.0,921.0,10.21,771.0,744.08,712.36,True,True,True,True,True,True,True,338500.0,884.67,-5.54,False,0.94,1.86,0.93,True,2,True,25.72,2.96,False,False,,tv_wilder_rsi14_sma5_v1,70.88,64.22,True,True,6.66
8393,8393.T,宮崎銀行,2023-09,CONTINUE,3,55.83,62.49,True,True,6.66,2023-07,525.0,555.6,555.6,5.83,484.01,472.42,480.66,True,True,True,False,True,True,True,190017.0,567.6,-7.51,False,0.99,1.72,1.05,False,2,True,12.34,2.05,True,False,,tv_wilder_rsi14_sma5_v1,62.49,55.83,True,True,6.66
3946,3946.T,トーモク,2023-09,CONTINUE,5,70.17,76.8,True,True,6.63,2023-05,1866.0,2454.0,2454.0,31.51,1789.16,1649.75,1591.26,True,True,True,True,True,True,True,63447.0,1957.0,-4.65,False,0.74,2.27,0.79,True,2,True,19.53,2.36,False,False,,tv_wilder_rsi14_sma5_v1,76.8,70.17,True,True,6.63
6042,6042.T,ニッキ,2023-09,CONTINUE,8,66.78,73.39,True,False,6.62,2023-02,1900.0,2540.0,2540.0,33.68,1826.8,1809.73,1846.49,True,True,True,False,True,False,False,1117.0,1977.0,-3.89,False,1.9,0.64,1.1,False,1,True,1.2,1.93,True,False,,tv_wilder_rsi14_sma5_v1,73.39,66.78,False,True,6.62
7846,7846.T,パイロットコーポレーション,2023-09,CONTINUE,4,52.29,58.91,True,True,6.62,2023-06,1518.33,1710.33,1710.33,12.65,1512.83,1478.34,1587.96,True,True,False,False,False,True,False,247680.0,2020.0,-24.83,False,1.0,1.74,1.07,False,4,True,-2.35,1.48,False,False,,tv_wilder_rsi14_sma5_v1,58.91,52.29,True,True,6.62
6584,6584.T,三櫻工業,2023-09,CONTINUE,9,56.13,62.74,True,True,6.61,2023-01,642.0,996.0,996.0,55.14,628.48,651.57,679.75,True,False,False,False,False,False,False,122720.0,913.0,-29.68,False,0.62,1.7,0.94,True,1,True,-10.95,1.15,False,False,,tv_wilder_rsi14_sma5_v1,62.74,56.13,True,True,6.61
8624,8624.T,いちよし証券,2023-09,CONTINUE,4,53.45,60.07,True,True,6.61,2023-06,605.0,703.0,703.0,16.2,592.88,596.88,610.55,True,True,False,False,True,False,False,123577.0,674.0,-10.24,False,0.78,1.48,0.99,True,4,True,-1.88,1.69,False,False,,tv_wilder_rsi14_sma5_v1,60.07,53.45,True,True,6.61
3187,3187.T,ミラタップ,2023-09,NEW,1,47.67,54.27,True,True,6.6,2023-09,839.0,839.0,839.0,0.0,738.56,669.67,893.02,True,True,False,False,True,True,False,230527.0,1437.0,-41.61,False,1.02,7.0,1.21,False,4,True,0.84,7.76,False,False,,tv_wilder_rsi14_sma5_v1,54.27,47.67,True,True,6.6
3113,3113.T,ＵＮＩＶＡ・Ｏａｋホールディングス,2023-09,CONTINUE,2,48.64,55.23,True,False,6.59,2023-08,98.0,95.0,95.0,-3.06,86.28,81.21,81.0,True,True,True,True,True,True,True,293030.0,103.0,-4.85,False,1.78,3.35,0.94,True,2,True,23.33,8.63,False,False,,tv_wilder_rsi14_sma5_v1,55.23,48.64,False,True,6.59
8043,8043.T,スターゼン,2023-09,CONTINUE,12,62.38,68.96,True,True,6.58,2022-10,687.33,863.0,863.0,25.56,685.07,691.5,679.24,True,False,True,False,False,True,True,54000.0,755.67,-9.04,False,1.95,1.87,1.03,False,1,False,0.23,0.12,False,False,,tv_wilder_rsi14_sma5_v1,68.96,62.38,True,True,6.58
9720,9720.T,ホテル、ニューグランド,2023-09,CONTINUE,4,60.54,67.12,True,True,6.58,2023-06,4095.0,4425.0,4425.0,8.06,3962.2,3951.0,4017.8,True,True,True,False,True,True,False,217.0,6400.0,-36.02,False,0.83,0.76,1.22,False,3,True,2.77,2.27,False,False,,tv_wilder_rsi14_sma5_v1,67.12,60.54,True,True,6.58
3224,3224.T,ゼネラル・オイスター,2023-09,CONTINUE,4,72.83,79.39,True,False,6.56,2023-06,1220.0,1873.0,1873.0,53.52,1187.6,1171.56,1123.13,True,True,True,True,True,True,True,3160.0,1235.0,-1.21,False,1.7,1.3,1.26,False,2,True,12.26,1.64,True,True,MVP,tv_wilder_rsi14_sma5_v1,79.39,72.83,False,True,6.56
1662,1662.T,石油資源開発,2023-09,CONTINUE,3,64.71,71.27,True,True,6.55,2023-07,976.0,1126.0,1126.0,15.37,902.08,884.37,861.94,True,True,True,True,True,True,True,1484383.0,1046.0,-6.69,False,1.32,1.93,1.22,False,2,True,21.55,4.01,False,False,,tv_wilder_rsi14_sma5_v1,71.27,64.71,True,True,6.55
5997,5997.T,協立エアテック,2023-09,CONTINUE,9,59.54,66.09,True,True,6.55,2023-01,469.0,641.0,641.0,36.67,463.08,466.16,499.43,True,True,False,False,False,False,False,5230.0,564.0,-16.84,False,1.03,1.33,0.94,True,4,False,-7.67,0.94,False,False,,tv_wilder_rsi14_sma5_v1,66.09,59.54,True,True,6.55
8129,8129.T,東邦ホールディングス,2023-09,CONTINUE,12,67.17,73.71,True,True,6.54,2022-10,2022.0,3206.0,3206.0,58.56,1974.6,1947.33,1939.14,True,True,True,True,True,False,True,227267.0,2182.0,-7.33,False,1.78,1.4,0.84,True,2,True,3.4,-0.09,False,False,,tv_wilder_rsi14_sma5_v1,73.71,67.17,True,True,6.54
8804,8804.T,東京建物,2023-09,CONTINUE,6,57.06,63.6,True,True,6.54,2023-04,1714.0,2068.0,2068.0,20.65,1627.8,1607.35,1827.58,True,True,False,False,True,False,False,965773.0,2190.0,-21.74,False,1.07,1.35,0.91,True,4,True,-3.99,1.32,True,False,,tv_wilder_rsi14_sma5_v1,63.6,57.06,True,True,6.54
2669,2669.T,カネ美食品,2023-09,CONTINUE,11,60.75,67.27,True,True,6.52,2022-11,2778.0,3085.0,3085.0,11.05,2768.76,2770.87,2743.52,True,True,True,False,True,False,False,2410.0,2840.0,-2.18,False,1.11,0.29,0.81,True,3,False,-0.71,-0.1,False,False,,tv_wilder_rsi14_sma5_v1,67.27,60.75,True,True,6.52
7236,7236.T,ティラド,2023-09,CONTINUE,2,42.12,48.63,True,True,6.52,2023-08,211.0,225.0,225.0,6.64,200.06,188.28,222.9,True,True,False,False,True,False,False,291700.0,288.7,-26.91,False,0.54,2.11,0.65,True,4,True,-2.57,7.04,False,False,,tv_wilder_rsi14_sma5_v1,48.63,42.12,True,True,6.52
8181,8181.T,東天紅,2023-09,CONTINUE,6,40.24,46.76,True,True,6.52,2023-04,759.0,850.0,850.0,11.99,747.36,748.07,799.45,True,True,False,False,True,False,False,3610.0,968.0,-21.59,False,1.22,1.5,1.3,False,4,True,-8.41,0.66,False,False,,tv_wilder_rsi14_sma5_v1,46.76,40.24,True,True,6.52
8247,8247.T,大和,2023-09,CONTINUE,4,64.49,71.01,True,True,6.52,2023-06,423.0,487.0,487.0,15.13,421.48,419.76,413.13,True,True,True,True,True,False,True,2583.0,500.0,-15.4,False,0.73,1.42,0.75,True,2,False,7.16,0.47,False,False,,tv_wilder_rsi14_sma5_v1,71.01,64.49,True,True,6.52
2533,2533.T,オエノンホールディングス,2023-09,CONTINUE,8,61.42,67.94,True,True,6.51,2023-02,266.0,424.0,424.0,59.4,260.16,264.71,281.72,True,True,False,False,True,False,False,55217.0,357.0,-25.49,False,0.99,2.26,1.08,False,4,True,-11.91,1.05,False,False,,tv_wilder_rsi14_sma5_v1,67.94,61.42,True,True,6.51
1944,1944.T,きんでん,2023-09,CONTINUE,9,66.46,72.95,True,True,6.5,2023-01,1486.0,2176.0,2176.0,46.43,1416.48,1453.16,1499.71,True,True,False,False,False,False,False,181830.0,1707.0,-12.95,False,1.39,1.19,1.05,False,4,True,-4.97,2.12,True,False,,tv_wilder_rsi14_sma5_v1,72.95,66.46,True,True,6.5
3302,3302.T,帝国繊維,2023-09,CONTINUE,4,48.89,55.39,True,False,6.5,2023-06,1637.0,1934.0,1934.0,18.14,1631.72,1663.75,1618.27,True,False,True,False,False,True,True,57003.0,1782.0,-8.14,False,1.49,1.56,1.16,False,2,False,0.98,0.21,False,False,,tv_wilder_rsi14_sma5_v1,55.39,48.89,False,True,6.5
4392,4392.T,ＦＩＧ,2023-09,CONTINUE,2,45.28,51.79,True,True,6.5,2023-08,298.0,322.0,322.0,8.05,291.16,283.2,322.79,True,True,False,False,True,True,False,122167.0,466.0,-36.05,False,0.76,1.92,0.88,True,4,True,-6.02,1.75,False,False,,tv_wilder_rsi14_sma5_v1,51.79,45.28,True,True,6.5
7327,7327.T,第四北越フィナンシャルグループ,2023-09,CONTINUE,4,64.83,71.31,True,True,6.48,2023-06,517.5,632.5,632.5,22.22,509.05,500.84,479.16,True,True,True,True,False,False,True,444160.0,553.33,-6.48,False,1.01,1.32,0.84,True,2,False,13.09,1.17,False,False,,tv_wilder_rsi14_sma5_v1,71.31,64.83,True,True,6.48
8331,8331.T,千葉銀行,2023-09,CONTINUE,3,64.48,70.96,True,True,6.48,2023-07,998.7,1087.5,1087.5,8.89,909.98,888.71,891.7,True,True,True,False,True,True,True,2783030.0,1038.0,-3.79,False,1.24,1.99,1.05,False,2,True,17.94,2.87,True,False,,tv_wilder_rsi14_sma5_v1,70.96,64.48,True,True,6.48
8023,8023.T,ＤＡＩＫＯ　ＸＴＥＣＨ,2023-09,CONTINUE,9,60.42,66.89,True,True,6.47,2023-01,476.0,655.0,655.0,37.61,471.16,471.6,479.35,True,True,False,False,False,True,True,7613.0,554.0,-14.08,False,1.33,1.61,1.09,False,1,True,2.97,1.11,False,False,,tv_wilder_rsi14_sma5_v1,66.89,60.42,True,True,6.47
8697,8697.T,日本取引所グループ,2023-09,CONTINUE,9,60.89,67.37,True,True,6.47,2023-01,989.5,1387.0,1387.0,40.17,944.79,964.24,1007.88,True,True,False,False,False,False,False,2448833.0,1217.75,-18.74,False,1.05,1.54,1.14,False,4,True,-5.62,2.32,False,False,,tv_wilder_rsi14_sma5_v1,67.37,60.89,True,True,6.47
8133,8133.T,伊藤忠エネクス,2023-09,CONTINUE,10,77.47,83.92,True,True,6.45,2022-12,1050.0,1505.0,1505.0,43.33,1019.28,1029.79,1047.12,True,True,True,False,False,False,False,109093.0,1117.0,-6.0,False,1.02,1.05,1.05,False,3,True,2.36,2.35,False,False,,tv_wilder_rsi14_sma5_v1,83.92,77.47,True,True,6.45
9405,9405.T,朝日放送グループホールディングス,2023-09,CONTINUE,4,49.98,56.42,True,True,6.44,2023-06,662.0,711.0,711.0,7.4,649.76,657.85,644.47,True,True,True,False,False,False,False,35150.0,695.0,-4.75,False,1.03,0.63,1.11,False,1,True,2.51,1.65,False,False,,tv_wilder_rsi14_sma5_v1,56.42,49.98,True,True,6.44
5900,5900.T,ダイケン,2023-09,NEW,1,60.82,67.25,True,True,6.43,2023-09,907.0,907.0,907.0,0.0,804.72,796.84,762.7,True,True,True,True,True,True,True,3990.0,900.0,0.78,True,4.18,2.21,1.49,False,2,True,19.45,2.84,True,True,BOTH,tv_wilder_rsi14_sma5_v1,67.25,60.82,True,True,6.43
9445,9445.T,フォーバルテレコム,2023-09,CONTINUE,9,54.57,60.99,True,True,6.42,2023-01,329.0,369.0,369.0,12.16,322.92,325.21,336.54,True,True,False,False,False,False,False,4293.0,365.0,-9.86,False,0.81,0.56,0.84,True,4,True,-3.75,0.97,False,False,,tv_wilder_rsi14_sma5_v1,60.99,54.57,True,True,6.42
4188,4188.T,三菱ケミカルグループ,2023-09,CONTINUE,11,57.73,64.13,True,True,6.4,2022-11,729.2,942.7,942.7,29.28,702.19,706.28,751.6,True,True,False,False,True,False,False,5866990.0,966.0,-24.51,False,0.91,1.66,0.82,True,4,True,-8.02,2.82,False,False,,tv_wilder_rsi14_sma5_v1,64.13,57.73,True,True,6.4
5161,5161.T,西川ゴム工業,2023-09,CONTINUE,8,50.14,56.54,True,True,6.4,2023-02,589.0,741.0,741.0,25.81,563.78,571.01,593.76,True,True,False,False,True,False,False,8480.0,843.0,-30.13,False,1.62,0.9,1.4,False,4,True,-6.54,2.5,True,False,,tv_wilder_rsi14_sma5_v1,56.54,50.14,True,True,6.4
1921,1921.T,巴コーポレーション,2023-09,CONTINUE,10,61.34,67.73,True,True,6.39,2022-12,405.0,572.0,572.0,41.23,392.04,385.36,426.25,True,True,False,False,True,False,False,45197.0,524.0,-22.71,False,0.7,1.78,1.06,False,4,True,-8.99,2.24,False,False,,tv_wilder_rsi14_sma5_v1,67.73,61.34,True,True,6.39
3166,3166.T,ＯＣＨＩホールディングス,2023-09,CONTINUE,4,53.86,60.25,True,True,6.39,2023-06,1291.0,1422.0,1422.0,10.15,1240.2,1241.73,1249.47,True,True,True,False,True,False,True,18867.0,1354.0,-4.65,False,1.23,1.1,1.14,False,2,True,5.48,3.17,False,False,,tv_wilder_rsi14_sma5_v1,60.25,53.86,True,True,6.39
9837,9837.T,モリト,2023-09,CONTINUE,3,73.97,80.35,True,True,6.39,2023-07,1217.0,1354.0,1354.0,11.26,1101.64,1068.05,937.35,True,True,True,True,True,True,True,114213.0,1194.0,1.93,True,0.83,2.36,1.09,False,2,True,37.47,2.23,False,True,BREAKOUT,tv_wilder_rsi14_sma5_v1,80.35,73.97,True,True,6.39
4076,4076.T,シイエヌエス,2023-09,CONTINUE,8,49.13,55.52,True,True,6.38,2023-02,1395.0,2029.0,2029.0,45.45,1365.52,1335.84,1410.54,True,True,False,False,True,True,False,1477.0,1734.0,-19.55,False,0.28,1.52,0.62,True,4,True,-2.82,0.42,False,False,,tv_wilder_rsi14_sma5_v1,55.52,49.13,True,True,6.38
1942,1942.T,関電工,2023-09,CONTINUE,16,75.26,81.63,True,True,6.37,2022-06,846.0,1377.0,1377.0,62.77,821.72,826.85,860.92,True,True,False,False,True,False,False,298733.0,,,,1.19,1.67,1.14,False,4,True,,,,False,,tv_wilder_rsi14_sma5_v1,81.63,75.26,True,True,6.37
6592,6592.T,マブチモーター,2023-09,CONTINUE,4,55.6,61.97,True,True,6.37,2023-06,1002.0,1117.5,1117.5,11.53,982.3,969.47,971.38,True,True,True,False,True,True,True,840680.0,1077.5,-7.01,False,0.98,1.6,1.04,False,1,True,5.28,1.41,False,False,,tv_wilder_rsi14_sma5_v1,61.97,55.6,True,True,6.37
5852,5852.T,アーレスティ,2023-09,CONTINUE,11,71.44,77.79,True,True,6.36,2022-11,390.0,851.0,851.0,118.21,379.64,385.92,378.37,True,True,True,False,True,True,False,73970.0,433.0,-9.93,False,0.75,2.12,0.86,True,1,True,-3.25,0.88,False,False,,tv_wilder_rsi14_sma5_v1,77.79,71.44,True,True,6.36
7368,7368.T,表示灯,2023-09,CONTINUE,7,29.72,36.08,True,True,6.36,2023-03,1330.0,1487.0,1487.0,11.8,1325.76,1339.27,1380.09,True,False,False,False,True,False,False,4110.0,1696.0,-21.58,False,1.21,1.55,1.3,False,1,True,-3.02,1.05,False,False,,tv_wilder_rsi14_sma5_v1,36.08,29.72,True,True,6.36
9324,9324.T,安田倉庫,2023-09,CONTINUE,2,55.6,61.96,False,True,6.36,2023-08,1038.0,1067.0,1067.0,2.79,1005.08,988.09,978.58,True,True,True,True,True,False,True,22967.0,1075.0,-3.44,False,1.02,1.07,0.91,True,2,True,8.42,1.24,True,False,,tv_wilder_rsi14_sma5_v1,61.96,55.6,True,False,6.36
6776,6776.T,天昇電気工業,2023-09,CONTINUE,6,51.56,57.91,True,True,6.35,2023-04,353.0,407.0,407.0,15.3,338.88,330.52,330.08,True,True,True,True,True,True,True,37833.0,389.0,-9.25,False,1.05,3.72,1.31,False,1,True,10.32,3.65,False,False,,tv_wilder_rsi14_sma5_v1,57.91,51.56,True,True,6.35
7879,7879.T,ノダ,2023-09,NEW,1,59.62,65.97,True,True,6.35,2023-09,1364.0,1364.0,1364.0,0.0,1281.6,1224.84,1195.73,True,True,True,True,True,True,True,17210.0,1405.0,-2.92,False,1.17,1.72,1.23,False,2,True,14.34,4.76,False,False,,tv_wilder_rsi14_sma5_v1,65.97,59.62,True,True,6.35
4705,4705.T,クリップコーポレーション,2023-09,CONTINUE,4,57.56,63.89,True,True,6.33,2023-06,830.0,873.0,873.0,5.18,809.16,802.2,796.79,True,True,True,True,True,False,True,3053.0,840.0,-1.19,False,0.84,0.83,1.16,False,2,True,6.89,1.81,False,False,,tv_wilder_rsi14_sma5_v1,63.89,57.56,True,True,6.33
2903,2903.T,シノブフーズ,2023-09,CONTINUE,12,78.5,84.82,True,True,6.32,2022-10,617.0,924.0,924.0,49.76,615.36,616.39,627.88,True,True,False,False,False,True,False,3520.0,734.0,-15.94,False,0.32,0.68,0.92,True,4,True,-3.89,0.26,False,False,,tv_wilder_rsi14_sma5_v1,84.82,78.5,True,True,6.32
7453,7453.T,良品計画,2023-09,CONTINUE,4,51.35,57.67,True,True,6.32,2023-06,711.25,967.75,967.75,36.06,696.26,711.57,701.87,True,False,True,False,False,True,True,5388020.0,795.5,-10.59,False,1.1,1.49,0.93,True,2,False,2.64,0.59,False,False,,tv_wilder_rsi14_sma5_v1,57.67,51.35,True,True,6.32
7864,7864.T,フジシールインターナショナル,2023-09,CONTINUE,4,43.03,49.34,True,True,6.31,2023-06,1519.0,1782.0,1782.0,17.31,1522.0,1519.05,1613.08,False,False,False,False,False,False,False,102903.0,1939.0,-21.66,False,1.07,1.78,0.98,True,4,False,1.06,3.02,False,False,,tv_wilder_rsi14_sma5_v1,49.34,43.03,True,True,6.31
9722,9722.T,藤田観光,2023-09,CONTINUE,3,72.0,78.31,True,True,6.31,2023-07,793.0,960.0,960.0,21.06,715.72,713.57,657.95,True,True,True,True,True,True,True,383133.0,792.0,0.13,True,1.06,2.32,0.97,True,2,True,24.67,4.15,False,True,BREAKOUT,tv_wilder_rsi14_sma5_v1,78.31,72.0,True,True,6.31
4258,4258.T,網屋,2023-09,CONTINUE,4,56.78,63.06,True,True,6.28,2023-06,982.5,1167.0,1167.0,18.78,892.28,673.77,620.72,True,True,True,True,True,True,True,107880.0,1000.0,-1.75,False,0.73,5.81,1.01,False,1,True,84.92,10.99,False,False,,tv_wilder_rsi14_sma5_v1,63.06,56.78,True,True,6.28
1930,1930.T,北陸電気工事,2023-09,CONTINUE,9,60.55,66.83,True,True,6.27,2023-01,695.0,1029.0,1029.0,48.06,670.24,674.29,724.41,True,True,False,False,True,False,False,19777.0,842.0,-17.46,False,0.67,1.01,1.02,False,4,True,-6.86,2.53,False,False,,tv_wilder_rsi14_sma5_v1,66.83,60.55,True,True,6.27
2180,2180.T,サニーサイドアップグループ,2023-09,CONTINUE,9,54.29,60.55,True,True,6.26,2023-01,567.0,812.0,812.0,43.21,534.44,566.55,623.54,True,True,False,False,False,False,False,39120.0,804.0,-29.48,False,1.61,2.57,1.19,False,4,True,-13.44,2.92,False,False,,tv_wilder_rsi14_sma5_v1,60.55,54.29,True,True,6.26
5909,5909.T,コロナ,2023-09,CONTINUE,3,50.86,57.1,True,True,6.23,2023-07,913.0,945.0,945.0,3.5,909.04,906.47,890.31,True,True,True,True,True,True,True,19570.0,974.0,-6.26,False,0.66,0.78,0.93,True,2,True,3.36,-0.4,False,False,,tv_wilder_rsi14_sma5_v1,57.1,50.86,True,True,6.23
8337,8337.T,千葉興業銀行,2023-09,CONTINUE,4,81.28,87.51,True,True,6.23,2023-06,623.0,870.0,870.0,39.65,560.08,534.56,449.56,True,True,True,True,True,True,True,474063.0,615.0,1.3,True,0.74,2.36,0.97,True,2,True,68.89,6.41,False,True,BREAKOUT,tv_wilder_rsi14_sma5_v1,87.51,81.28,True,True,6.23
9107,9107.T,川崎汽船,2023-09,CONTINUE,4,68.29,74.52,True,True,6.23,2023-06,1173.0,1701.33,1701.33,45.04,1094.83,1090.2,968.11,True,True,True,True,True,False,True,25111910.0,1255.0,-6.53,False,1.98,3.53,1.27,False,2,True,22.12,7.38,False,False,,tv_wilder_rsi14_sma5_v1,74.52,68.29,True,True,6.23
7619,7619.T,田中商事,2023-09,CONTINUE,4,55.58,61.79,True,True,6.21,2023-06,651.0,698.0,698.0,7.22,630.0,635.91,591.35,True,True,True,False,False,True,True,11950.0,663.0,-1.81,False,0.34,1.25,0.88,True,2,True,9.65,2.74,False,False,,tv_wilder_rsi14_sma5_v1,61.79,55.58,True,True,6.21
5262,5262.T,日本ヒューム,2023-09,CONTINUE,2,60.07,66.27,True,True,6.2,2023-08,432.5,435.5,435.5,0.69,387.92,381.2,357.88,True,True,True,True,True,True,True,105527.0,441.5,-2.04,False,4.73,2.05,1.36,False,2,True,22.79,6.45,False,False,,tv_wilder_rsi14_sma5_v1,66.27,60.07,True,True,6.2
8818,8818.T,京阪神ビルディング,2023-09,CONTINUE,3,47.07,53.26,True,True,6.2,2023-07,631.5,686.5,686.5,8.71,589.78,596.75,617.64,True,True,True,False,False,False,False,167667.0,714.0,-11.55,False,1.49,1.95,1.38,False,3,True,-0.32,2.63,True,False,,tv_wilder_rsi14_sma5_v1,53.26,47.07,True,True,6.2
6961,6961.T,エンプラス,2023-09,CONTINUE,7,74.49,80.68,True,False,6.19,2023-03,4885.0,10470.0,10470.0,114.33,4280.2,4011.8,3954.86,True,True,True,True,True,False,True,49003.0,4980.0,-1.91,False,1.75,3.33,1.11,False,2,True,42.67,10.46,False,False,,tv_wilder_rsi14_sma5_v1,80.68,74.49,False,True,6.19
7081,7081.T,コーユーレンティア,2023-09,CONTINUE,7,63.33,69.52,True,True,6.19,2023-03,777.0,1037.5,1037.5,33.53,762.02,753.65,745.45,True,True,True,True,True,False,True,7080.0,849.0,-8.48,False,0.72,1.71,1.0,False,2,False,8.58,1.19,False,False,,tv_wilder_rsi14_sma5_v1,69.52,63.33,True,True,6.19
8381,8381.T,山陰合同銀行,2023-09,CONTINUE,4,67.59,73.78,True,True,6.18,2023-06,806.0,968.0,968.0,20.1,787.32,769.57,757.98,True,True,True,True,True,False,True,375360.0,887.0,-9.13,False,0.99,1.44,0.86,True,2,True,12.1,2.44,False,False,,tv_wilder_rsi14_sma5_v1,73.78,67.59,True,True,6.18
1904,1904.T,大成温調,2023-09,CONTINUE,6,67.41,73.58,True,True,6.17,2023-04,2020.0,2346.0,2346.0,16.14,2001.68,2003.04,1916.14,True,True,True,False,False,True,True,6407.0,2097.0,-3.67,False,0.46,1.14,0.8,True,2,True,6.43,1.12,False,False,,tv_wilder_rsi14_sma5_v1,73.58,67.41,True,True,6.17
2270,2270.T,雪印メグミルク,2023-09,CONTINUE,6,54.2,60.37,True,False,6.17,2023-04,1951.0,2293.0,2293.0,17.53,1806.8,1791.99,1763.09,True,True,True,True,False,True,True,140953.0,1964.0,-0.66,False,1.77,1.44,1.22,False,1,True,9.36,4.33,True,False,,tv_wilder_rsi14_sma5_v1,60.37,54.2,False,True,6.17
4914,4914.T,高砂香料工業,2023-09,CONTINUE,4,54.13,60.3,True,True,6.17,2023-06,540.0,602.0,602.0,11.48,523.48,519.13,528.66,True,True,True,False,True,True,False,92817.0,600.0,-10.0,False,0.98,1.14,0.98,True,3,True,4.53,1.74,True,False,,tv_wilder_rsi14_sma5_v1,60.3,54.13,True,True,6.17
9003,9003.T,相鉄ホールディングス,2023-09,CONTINUE,8,63.19,69.36,True,True,6.17,2023-02,2317.0,2941.0,2941.0,26.93,2249.28,2194.04,2277.38,True,True,True,False,True,False,True,149900.0,2490.0,-6.95,False,1.38,1.33,0.87,True,1,True,2.96,0.53,True,False,,tv_wilder_rsi14_sma5_v1,69.36,63.19,True,True,6.17
3196,3196.T,ホットランドホールディングス,2023-09,NEW,1,69.3,75.46,True,True,6.16,2023-09,1953.0,1953.0,1953.0,0.0,1754.24,1699.27,1577.07,True,True,True,True,True,True,True,99157.0,1965.0,-0.61,False,1.37,2.24,1.48,False,2,True,28.72,8.11,False,False,,tv_wilder_rsi14_sma5_v1,75.46,69.3,True,True,6.16
1867,1867.T,植木組,2023-09,CONTINUE,4,54.39,60.54,True,False,6.15,2023-06,1396.0,1506.0,1506.0,7.88,1336.24,1327.19,1308.38,True,True,True,True,True,False,True,8850.0,1443.0,-3.26,False,0.96,1.28,1.13,False,2,True,6.43,4.11,False,False,,tv_wilder_rsi14_sma5_v1,60.54,54.39,False,True,6.15
3945,3945.T,スーパーバッグ,2023-09,CONTINUE,8,65.01,71.15,True,True,6.14,2023-02,1393.0,2270.0,2270.0,62.96,1042.6,880.95,871.02,True,True,True,True,True,True,True,65577.0,2287.0,-39.09,False,0.5,13.4,1.78,False,2,False,49.11,28.5,False,False,,tv_wilder_rsi14_sma5_v1,71.15,65.01,True,True,6.14
7581,7581.T,サイゼリヤ,2023-09,CONTINUE,16,74.67,80.81,True,True,6.14,2022-06,2688.0,4850.0,4850.0,80.43,2580.28,2510.35,2747.51,True,True,False,False,True,False,True,223270.0,,,,0.82,1.87,0.79,True,4,True,,,,False,,tv_wilder_rsi14_sma5_v1,80.81,74.67,True,True,6.14
8361,8361.T,大垣共立銀行,2023-09,CONTINUE,4,50.64,56.78,True,True,6.14,2023-06,1842.0,2074.0,2074.0,12.6,1823.56,1824.29,1826.06,True,True,True,False,False,False,True,78133.0,2124.0,-13.28,False,0.85,1.17,0.9,True,2,False,3.94,2.09,False,False,,tv_wilder_rsi14_sma5_v1,56.78,50.64,True,True,6.14
2282,2282.T,日本ハム,2023-09,CONTINUE,4,52.34,58.47,True,False,6.13,2023-06,3901.0,4471.0,4471.0,14.61,3902.52,3893.51,3779.57,False,True,True,True,True,True,False,327137.0,4370.0,-10.73,False,1.04,1.31,0.99,True,3,True,0.29,-0.9,False,False,,tv_wilder_rsi14_sma5_v1,58.47,52.34,False,True,6.13
6316,6316.T,丸山製作所,2023-09,CONTINUE,4,65.01,71.14,True,True,6.13,2023-06,1885.0,2256.0,2256.0,19.68,1832.36,1816.64,1663.13,True,True,True,True,True,True,True,9353.0,1925.0,-2.08,False,1.0,1.58,0.92,True,2,True,16.36,2.53,False,False,,tv_wilder_rsi14_sma5_v1,71.14,65.01,True,True,6.13
6718,6718.T,アイホン,2023-09,CONTINUE,9,67.84,73.96,True,False,6.11,2023-01,1937.0,2997.0,2997.0,54.72,1840.0,1878.49,1882.16,True,True,True,False,False,False,False,18910.0,2216.0,-12.59,False,1.51,1.36,1.17,False,3,True,-2.76,2.01,False,False,,tv_wilder_rsi14_sma5_v1,73.96,67.84,False,True,6.11
6393,6393.T,油研工業,2023-09,CONTINUE,3,62.86,68.96,True,True,6.1,2023-07,2102.0,2284.0,2284.0,8.66,2058.56,2028.49,1929.12,True,True,True,True,True,True,True,12100.0,2154.0,-2.41,False,1.17,1.38,0.92,True,2,False,11.4,-0.47,False,False,,tv_wilder_rsi14_sma5_v1,68.96,62.86,True,True,6.1
3498,3498.T,霞ヶ関キャピタル,2023-09,CONTINUE,4,62.61,68.7,True,True,6.09,2023-06,2162.5,3140.0,3140.0,45.2,2087.1,1963.23,2084.04,True,True,True,False,True,True,True,219473.0,2775.0,-22.07,False,0.95,4.15,0.96,True,2,True,35.93,3.73,False,False,,tv_wilder_rsi14_sma5_v1,68.7,62.61,True,True,6.09
5202,5202.T,日本板硝子,2023-09,CONTINUE,2,58.39,64.48,True,True,6.09,2023-08,766.0,809.0,809.0,5.61,708.32,653.72,640.88,True,True,True,True,True,True,True,1567980.0,858.0,-10.72,False,0.83,4.96,0.77,True,2,True,29.23,1.27,False,False,,tv_wilder_rsi14_sma5_v1,64.48,58.39,True,True,6.09
5805,5805.T,ＳＷＣＣ,2023-09,CONTINUE,5,59.79,65.88,True,True,6.09,2023-05,1871.0,2129.0,2129.0,13.79,1828.68,1845.71,1803.23,True,True,True,False,True,True,True,172760.0,2039.0,-8.24,False,0.71,2.47,1.0,False,1,True,3.35,1.5,False,False,,tv_wilder_rsi14_sma5_v1,65.88,59.79,True,True,6.09
9948,9948.T,アークス,2023-09,CONTINUE,11,61.7,67.79,True,True,6.09,2022-11,2099.0,2723.0,2723.0,29.73,2041.36,2042.27,2067.18,True,True,True,False,True,False,False,72627.0,2236.0,-6.13,False,1.08,1.28,1.04,False,3,True,0.14,3.24,False,False,,tv_wilder_rsi14_sma5_v1,67.79,61.7,True,True,6.09
5851,5851.T,リョービ,2023-09,CONTINUE,9,73.33,79.4,True,True,6.08,2023-01,1258.0,3040.0,3040.0,141.65,1171.96,1218.05,1175.86,True,True,True,False,False,False,True,73503.0,1371.0,-8.24,False,0.95,1.73,0.99,True,2,True,6.88,1.78,False,False,,tv_wilder_rsi14_sma5_v1,79.4,73.33,True,True,6.08
6023,6023.T,ダイハツインフィニアース,2023-09,CONTINUE,7,70.29,76.36,True,True,6.07,2023-03,543.0,880.0,880.0,62.06,529.56,518.88,512.35,True,True,True,True,True,False,True,48773.0,579.0,-6.22,False,0.85,2.43,0.93,True,2,False,11.54,2.47,True,False,,tv_wilder_rsi14_sma5_v1,76.36,70.29,True,True,6.07
7443,7443.T,横浜魚類,2023-09,CONTINUE,3,48.54,54.6,True,True,6.06,2023-07,529.0,545.0,545.0,3.02,529.4,529.27,533.62,False,False,False,False,True,False,True,2137.0,564.0,-6.21,False,1.43,0.78,0.88,True,1,True,0.18,-0.61,False,False,,tv_wilder_rsi14_sma5_v1,54.6,48.54,True,True,6.06
8388,8388.T,阿波銀行,2023-09,CONTINUE,3,50.06,56.12,True,True,6.06,2023-07,2149.0,2292.0,2292.0,6.65,2029.2,2021.63,2026.64,True,True,True,False,True,True,True,70100.0,2290.0,-6.16,False,1.21,1.64,1.02,False,2,True,7.15,1.92,True,False,,tv_wilder_rsi14_sma5_v1,56.12,50.06,True,True,6.06
4886,4886.T,あすか製薬ホールディングス,2023-09,CONTINUE,6,58.82,64.86,True,True,6.04,2023-04,1272.0,1696.0,1696.0,33.33,1207.0,1199.91,1180.61,True,True,True,True,True,False,True,50517.0,1311.0,-2.97,False,1.24,1.71,1.18,False,2,True,8.37,2.34,False,False,,tv_wilder_rsi14_sma5_v1,64.86,58.82,True,True,6.04
7282,7282.T,豊田合成,2023-09,CONTINUE,8,62.28,68.32,True,True,6.04,2023-02,2218.0,3212.0,3212.0,44.82,2148.24,2150.95,2195.39,True,True,True,False,True,False,True,262463.0,2457.0,-9.73,False,0.91,1.4,0.77,True,2,True,-1.73,0.07,False,False,,tv_wilder_rsi14_sma5_v1,68.32,62.28,True,True,6.04
8354,8354.T,ふくおかフィナンシャルグループ,2023-09,CONTINUE,4,66.2,72.25,True,True,6.04,2023-06,2973.0,3579.0,3579.0,20.38,2746.8,2625.15,2716.64,True,True,True,False,True,False,True,911180.0,3250.0,-8.52,False,1.2,1.96,1.0,False,2,True,13.87,4.68,False,False,,tv_wilder_rsi14_sma5_v1,72.25,66.2,True,True,6.04
8772,8772.T,アサックス,2023-09,CONTINUE,4,52.66,58.68,True,True,6.03,2023-06,642.0,691.0,691.0,7.63,630.8,624.71,610.0,True,True,True,True,True,False,True,23190.0,678.0,-5.31,False,0.72,1.51,1.07,False,2,True,7.77,3.1,False,False,,tv_wilder_rsi14_sma5_v1,58.68,52.66,True,True,6.03
7516,7516.T,コーナン商事,2023-09,CONTINUE,2,54.01,60.03,True,True,6.02,2023-08,3555.0,3900.0,3900.0,9.7,3512.4,3521.93,3406.35,True,True,True,False,True,False,True,81763.0,3795.0,-6.32,False,1.63,1.01,0.99,True,2,True,4.3,1.5,False,False,,tv_wilder_rsi14_sma5_v1,60.03,54.01,True,True,6.02
5464,5464.T,モリ工業,2023-09,NEW,1,63.83,69.84,False,True,6.01,2023-09,791.0,791.0,791.0,0.0,759.96,706.28,657.74,True,True,True,True,True,True,True,42050.0,839.0,-5.72,False,1.18,2.27,1.05,False,2,True,27.7,3.02,False,False,,tv_wilder_rsi14_sma5_v1,69.84,63.83,True,False,6.01
8219,8219.T,青山商事,2023-09,CONTINUE,5,68.43,74.44,True,True,6.01,2023-05,425.67,557.0,557.0,30.85,354.59,325.44,317.24,True,True,True,True,True,True,True,1633720.0,427.33,-0.39,False,1.22,4.52,1.04,False,2,True,39.82,10.23,True,True,MVP,tv_wilder_rsi14_sma5_v1,74.44,68.43,True,True,6.01
6194,6194.T,アトラエ,2023-09,CONTINUE,3,35.84,41.84,True,False,6.0,2023-07,798.0,1050.0,1050.0,31.58,784.56,799.05,1073.05,True,False,False,False,True,False,False,253897.0,2000.0,-60.1,False,0.53,5.03,0.77,True,4,True,-27.97,1.51,False,False,,tv_wilder_rsi14_sma5_v1,41.84,35.84,False,True,6.0
6508,6508.T,明電舎,2023-09,CONTINUE,4,50.84,56.84,True,True,6.0,2023-06,1998.0,2247.0,2247.0,12.46,1945.6,1887.88,1927.33,True,True,True,False,True,True,False,134960.0,2214.0,-9.76,False,0.86,1.89,1.17,False,3,True,3.75,3.75,False,False,,tv_wilder_rsi14_sma5_v1,56.84,50.84,True,True,6.0
5015,5015.T,ビーピー・カストロール,2023-09,CONTINUE,2,29.65,35.63,True,True,5.98,2023-08,883.0,925.0,925.0,4.76,875.04,880.0,895.08,True,True,False,False,True,False,False,19717.0,1118.0,-21.02,False,0.57,0.66,0.68,True,4,True,-5.47,0.9,False,False,,tv_wilder_rsi14_sma5_v1,35.63,29.65,True,True,5.98
6678,6678.T,テクノメディカ,2023-09,CONTINUE,5,67.5,73.48,True,True,5.98,2023-05,1820.0,2167.0,2167.0,19.07,1806.4,1790.36,1712.53,True,True,True,True,False,True,True,7107.0,1911.0,-4.76,False,0.93,1.94,0.93,True,2,True,9.53,-0.18,False,False,,tv_wilder_rsi14_sma5_v1,73.48,67.5,True,True,5.98
3649,3649.T,ファインデックス,2023-09,CONTINUE,2,45.73,51.7,True,True,5.97,2023-08,678.0,753.0,753.0,11.06,637.96,618.59,599.54,True,True,True,True,True,True,True,56633.0,715.0,-5.17,False,1.21,2.38,0.72,True,2,True,11.23,2.44,False,False,,tv_wilder_rsi14_sma5_v1,51.7,45.73,True,True,5.97
7003,7003.T,三井Ｅ＆Ｓ,2023-09,CONTINUE,2,53.23,59.2,True,True,5.97,2023-08,501.0,580.0,580.0,15.77,484.4,491.96,447.67,True,True,True,False,False,False,True,1984260.0,570.0,-12.11,False,1.08,3.39,0.7,True,2,False,12.72,0.51,False,False,,tv_wilder_rsi14_sma5_v1,59.2,53.23,True,True,5.97
8022,8022.T,美津濃,2023-09,CONTINUE,11,79.28,85.25,True,True,5.97,2022-11,956.33,1580.0,1580.0,65.21,906.23,891.59,803.54,True,True,True,True,True,True,True,269880.0,1036.67,-7.75,False,1.79,3.78,0.97,True,2,True,18.18,3.15,False,False,,tv_wilder_rsi14_sma5_v1,85.25,79.28,True,True,5.97
9982,9982.T,タキヒヨー,2023-09,CONTINUE,11,43.65,49.62,True,True,5.97,2022-11,900.0,1163.0,1163.0,29.22,811.76,795.29,969.03,True,True,False,False,True,True,False,22440.0,1798.0,-49.94,False,0.82,3.12,1.25,False,4,True,-13.21,6.75,False,False,,tv_wilder_rsi14_sma5_v1,49.62,43.65,True,True,5.97
1301,1301.T,極洋,2023-09,CONTINUE,4,62.61,68.56,True,True,5.95,2023-06,3615.0,3940.0,3940.0,8.99,3631.6,3558.73,3629.65,False,True,False,False,True,True,False,20637.0,3930.0,-8.02,False,1.02,0.94,1.07,False,1,True,2.86,0.42,False,False,,tv_wilder_rsi14_sma5_v1,68.56,62.61,True,True,5.95
2910,2910.T,ロック・フィールド,2023-09,CONTINUE,2,50.45,56.4,True,True,5.95,2023-08,1542.0,1614.0,1614.0,4.67,1521.08,1494.43,1513.88,True,True,True,False,True,True,True,36940.0,1606.0,-3.99,False,1.27,0.72,0.8,True,2,True,2.08,0.61,False,False,,tv_wilder_rsi14_sma5_v1,56.4,50.45,True,True,5.95
9306,9306.T,東陽倉庫,2023-09,CONTINUE,3,44.98,50.92,True,True,5.94,2023-07,1365.0,1462.0,1462.0,7.11,1361.2,1367.93,1339.62,True,False,True,False,True,False,True,9255.0,1535.0,-11.07,False,1.87,1.49,1.03,False,2,True,1.9,0.98,False,False,,tv_wilder_rsi14_sma5_v1,50.92,44.98,True,True,5.94
1803,1803.T,清水建設,2023-09,CONTINUE,9,65.43,71.35,True,True,5.93,2023-01,727.0,1039.5,1039.5,42.98,697.96,717.81,726.71,True,True,True,False,False,False,False,1735850.0,798.0,-8.9,False,1.22,1.66,1.04,False,3,True,-2.38,1.88,True,False,,tv_wilder_rsi14_sma5_v1,71.35,65.43,True,True,5.93
8282,8282.T,ケーズホールディングス,2023-09,CONTINUE,8,55.71,61.62,True,True,5.91,2023-02,1174.0,1372.0,1372.0,16.87,1166.48,1136.15,1220.65,True,True,False,False,True,False,False,931743.0,1444.0,-18.7,False,1.13,1.14,0.78,True,4,True,-4.75,-0.31,False,False,,tv_wilder_rsi14_sma5_v1,61.62,55.71,True,True,5.91
9621,9621.T,建設技術研究所,2023-09,CONTINUE,4,69.92,75.84,True,True,5.91,2023-06,1835.0,2247.5,2247.5,22.48,1757.8,1659.29,1613.24,True,True,True,True,True,True,True,39613.0,1892.5,-3.04,False,0.85,2.18,1.09,False,2,True,27.29,5.58,False,False,,tv_wilder_rsi14_sma5_v1,75.84,69.92,True,True,5.91
2907,2907.T,あじかん,2023-09,CONTINUE,4,51.52,57.42,True,True,5.9,2023-06,845.0,886.0,886.0,4.85,836.6,833.81,853.97,True,True,False,False,True,True,False,2443.0,930.0,-9.14,False,1.47,0.67,1.06,False,4,True,0.0,0.67,False,False,,tv_wilder_rsi14_sma5_v1,57.42,51.52,True,True,5.9
6351,6351.T,鶴見製作所,2023-09,CONTINUE,8,73.65,79.55,True,True,5.89,2023-02,1050.0,1535.0,1535.0,46.19,999.84,997.79,1016.61,True,True,True,False,True,False,True,41787.0,1263.0,-16.86,False,1.36,1.73,1.16,False,2,True,6.31,1.39,True,False,,tv_wilder_rsi14_sma5_v1,79.55,73.65,True,True,5.89
7793,7793.T,イメージ・マジック,2023-09,NEW,1,38.0,43.88,,True,5.88,2023-09,1478.0,1478.0,1478.0,0.0,1227.28,1152.95,1059.38,True,True,True,True,True,True,True,59953.0,2105.0,-29.79,False,0.82,7.08,1.59,False,2,True,53.69,25.29,False,False,,tv_wilder_rsi14_sma5_v1,43.88,38.0,True,,5.88
7989,7989.T,立川ブラインド工業,2023-09,CONTINUE,2,57.96,63.84,True,True,5.88,2023-08,1370.0,1414.0,1414.0,3.21,1323.24,1280.37,1247.38,True,True,True,True,True,True,True,28293.0,1392.0,-1.58,False,0.5,1.56,0.85,True,2,True,15.68,1.29,False,False,,tv_wilder_rsi14_sma5_v1,63.84,57.96,True,True,5.88
4078,4078.T,堺化学工業,2023-09,CONTINUE,4,49.82,55.69,True,True,5.87,2023-06,1869.0,2069.0,2069.0,10.7,1846.8,1813.85,1842.16,True,True,True,False,True,True,False,58170.0,2025.0,-7.7,False,1.01,1.09,0.98,True,3,True,3.06,1.85,False,False,,tv_wilder_rsi14_sma5_v1,55.69,49.82,True,True,5.87
5406,5406.T,神戸製鋼所,2023-09,CONTINUE,12,81.2,87.07,True,True,5.87,2022-10,610.0,1949.0,1949.0,219.51,607.92,617.92,611.44,True,False,False,False,False,False,True,4143400.0,739.0,-17.46,False,0.85,1.44,0.74,True,1,False,1.67,1.0,False,False,,tv_wilder_rsi14_sma5_v1,87.07,81.2,True,True,5.87
2139,2139.T,中広,2023-09,CONTINUE,4,52.07,57.93,True,True,5.86,2023-06,414.0,441.0,441.0,6.52,405.76,405.03,394.42,True,True,True,True,True,True,True,3273.0,430.0,-3.72,False,1.28,1.09,1.14,False,2,True,5.74,2.13,False,False,,tv_wilder_rsi14_sma5_v1,57.93,52.07,True,True,5.86
2376,2376.T,サイネックス,2023-09,CONTINUE,8,54.09,59.95,True,True,5.86,2023-02,567.0,693.0,693.0,22.22,557.28,550.48,574.85,True,True,False,False,True,False,False,5570.0,614.0,-7.65,False,0.77,0.77,1.0,False,4,True,-1.52,0.89,False,False,,tv_wilder_rsi14_sma5_v1,59.95,54.09,True,True,5.86
4920,4920.T,日本色材工業研究所,2023-09,NEW,1,67.24,73.09,True,True,5.85,2023-09,2397.0,2397.0,2397.0,0.0,2173.48,2067.45,1680.07,True,True,True,True,True,True,True,13450.0,2589.0,-7.42,False,0.81,4.92,1.0,True,2,True,70.86,8.01,False,False,,tv_wilder_rsi14_sma5_v1,73.09,67.24,True,True,5.85
8085,8085.T,ナラサキ産業,2023-09,CONTINUE,5,65.74,71.59,True,True,5.85,2023-05,2140.0,2593.0,2593.0,21.17,1970.04,1921.0,1820.36,True,True,True,True,True,True,True,4203.0,2175.0,-1.61,False,1.04,1.77,0.91,True,2,True,18.56,6.18,False,False,,tv_wilder_rsi14_sma5_v1,71.59,65.74,True,True,5.85
8095,8095.T,アステナホールディングス,2023-09,CONTINUE,4,49.13,54.98,True,True,5.85,2023-06,447.0,493.0,493.0,10.29,449.32,444.43,431.29,False,True,True,True,False,True,True,111870.0,462.0,-3.25,False,0.6,1.25,0.9,True,2,True,4.87,-0.32,False,False,,tv_wilder_rsi14_sma5_v1,54.98,49.13,True,True,5.85
8551,8551.T,北日本銀行,2023-09,CONTINUE,3,58.89,64.73,True,True,5.84,2023-07,2173.0,2325.0,2325.0,6.99,2050.44,2024.16,2020.24,True,True,True,True,True,True,True,11860.0,2348.0,-7.45,False,1.2,1.64,1.0,False,2,True,12.11,-0.29,False,False,,tv_wilder_rsi14_sma5_v1,64.73,58.89,True,True,5.84
9885,9885.T,シャルレ,2023-09,CONTINUE,2,44.58,50.42,True,True,5.84,2023-08,382.0,390.0,390.0,2.09,366.88,356.67,359.73,True,True,True,False,True,False,True,33043.0,409.0,-6.6,False,0.38,2.66,0.76,True,2,True,5.63,4.43,False,False,,tv_wilder_rsi14_sma5_v1,50.42,44.58,True,True,5.84
1994,1994.T,高橋カーテンウォール工業,2023-09,CONTINUE,5,42.16,47.98,True,True,5.82,2023-05,496.0,516.0,516.0,4.03,470.96,469.19,484.77,True,True,True,False,True,False,False,10657.0,546.0,-9.16,False,3.11,1.96,1.69,False,3,True,1.59,1.97,True,False,,tv_wilder_rsi14_sma5_v1,47.98,42.16,True,True,5.82
5660,5660.T,神鋼鋼線工業,2023-09,CONTINUE,2,55.04,60.86,False,True,5.82,2023-08,1014.0,1072.0,1072.0,5.72,983.2,965.19,972.29,True,True,True,False,True,False,True,3777.0,1133.0,-10.5,False,0.91,1.14,0.78,True,2,True,9.25,1.69,True,False,,tv_wilder_rsi14_sma5_v1,60.86,55.04,True,False,5.82
6870,6870.T,日本フェンオール,2023-09,CONTINUE,8,57.33,63.14,True,True,5.81,2023-02,1470.0,1648.0,1648.0,12.11,1368.12,1401.05,1394.77,True,True,True,False,True,False,True,6103.0,1505.0,-2.33,False,0.28,1.54,0.86,True,1,True,3.56,4.35,False,False,,tv_wilder_rsi14_sma5_v1,63.14,57.33,True,True,5.81
1885,1885.T,東亜建設工業,2023-09,CONTINUE,9,73.2,79.0,True,True,5.8,2023-01,628.25,938.75,938.75,49.42,595.69,587.57,614.01,True,True,True,False,True,False,False,159227.0,743.0,-15.44,False,0.82,1.66,1.1,False,3,True,-0.37,2.51,False,False,,tv_wilder_rsi14_sma5_v1,79.0,73.2,True,True,5.8
5331,5331.T,ノリタケ,2023-09,CONTINUE,9,70.49,76.29,True,True,5.8,2023-01,1050.0,1555.0,1555.0,48.1,1003.45,1004.72,1024.0,True,True,True,False,True,False,False,96707.0,1181.25,-11.11,False,0.96,1.22,1.05,False,3,True,-0.22,1.79,False,False,,tv_wilder_rsi14_sma5_v1,76.29,70.49,True,True,5.8
4507,4507.T,塩野義製薬,2023-09,CONTINUE,2,47.06,52.84,True,True,5.78,2023-08,2139.0,2228.67,2228.67,4.19,2075.08,2046.62,2086.04,True,True,True,False,True,True,False,3642140.0,2531.0,-15.49,False,1.02,1.11,0.89,True,3,True,-0.73,1.52,False,False,,tv_wilder_rsi14_sma5_v1,52.84,47.06,True,True,5.78
1909,1909.T,日本ドライケミカル,2023-09,CONTINUE,2,55.95,61.72,True,True,5.77,2023-08,520.0,522.75,522.75,0.53,482.81,447.55,421.66,True,True,True,True,True,True,True,82240.0,536.5,-3.08,False,0.39,2.81,0.61,True,2,True,28.51,5.39,False,False,,tv_wilder_rsi14_sma5_v1,61.72,55.95,True,True,5.77
1934,1934.T,ユアテック,2023-09,CONTINUE,10,65.85,71.61,True,True,5.76,2022-12,735.0,960.0,960.0,30.61,722.04,719.92,714.18,True,True,True,True,True,False,True,52877.0,769.0,-4.42,False,0.6,1.37,1.13,False,2,False,4.52,1.0,False,False,,tv_wilder_rsi14_sma5_v1,71.61,65.85,True,True,5.76
2915,2915.T,ケンコーマヨネーズ,2023-09,CONTINUE,4,42.92,48.66,True,True,5.74,2023-06,1322.0,1457.0,1457.0,10.21,1294.88,1259.85,1401.75,True,True,False,False,True,False,False,38450.0,1731.0,-23.63,False,0.91,1.85,1.19,False,4,True,-2.03,4.12,False,False,,tv_wilder_rsi14_sma5_v1,48.66,42.92,True,True,5.74
4221,4221.T,大倉工業,2023-09,CONTINUE,4,61.42,67.16,True,True,5.74,2023-06,2209.0,2593.0,2593.0,17.38,2096.56,2073.11,1957.2,True,True,True,True,False,True,True,19013.0,2226.0,-0.76,False,1.03,1.26,1.09,False,2,True,17.44,3.91,False,False,,tv_wilder_rsi14_sma5_v1,67.16,61.42,True,True,5.74
6395,6395.T,タダノ,2023-09,CONTINUE,4,57.59,63.32,True,True,5.73,2023-06,1144.5,1271.0,1271.0,11.05,1103.32,1057.56,983.18,True,True,True,True,True,True,True,223063.0,1161.5,-1.46,False,0.87,2.03,0.97,True,2,True,20.01,4.55,False,False,,tv_wilder_rsi14_sma5_v1,63.32,57.59,True,True,5.73
2769,2769.T,ヴィレッジヴァンガードコーポレーション,2023-09,CONTINUE,8,60.28,66.01,True,True,5.72,2023-02,1057.0,1118.0,1118.0,5.77,1045.48,1048.57,1059.64,True,True,False,False,True,False,True,3200.0,1094.0,-3.38,False,1.07,0.42,1.39,False,1,True,0.1,0.37,False,False,,tv_wilder_rsi14_sma5_v1,66.01,60.28,True,True,5.72
3003,3003.T,ヒューリック,2023-09,CONTINUE,8,61.61,67.33,True,True,5.72,2023-02,1084.0,1341.0,1341.0,23.71,1067.84,1084.84,1071.7,True,False,True,False,True,True,False,1546697.0,1174.0,-7.67,False,0.85,1.13,0.88,True,1,True,-1.96,-0.89,False,False,,tv_wilder_rsi14_sma5_v1,67.33,61.61,True,True,5.72
7167,7167.T,めぶきフィナンシャルグループ,2023-09,CONTINUE,3,65.54,71.25,True,True,5.71,2023-07,377.4,413.7,413.7,9.62,344.86,340.66,328.86,True,True,True,True,True,True,True,4435313.0,382.0,-1.2,False,1.39,1.83,1.02,False,2,True,21.31,2.47,True,False,,tv_wilder_rsi14_sma5_v1,71.25,65.54,True,True,5.71
3551,3551.T,ダイニック,2023-09,CONTINUE,4,56.51,62.2,True,True,5.69,2023-06,734.0,825.0,825.0,12.4,726.44,737.33,674.74,True,False,True,False,False,False,True,14230.0,836.0,-12.2,False,1.33,1.91,1.09,False,2,False,9.82,2.26,False,False,,tv_wilder_rsi14_sma5_v1,62.2,56.51,True,True,5.69
5989,5989.T,エイチワン,2023-09,CONTINUE,4,57.54,63.22,True,True,5.69,2023-06,746.0,875.0,875.0,17.29,688.36,658.31,635.12,True,True,True,True,True,True,True,55403.0,745.0,0.13,True,0.92,2.16,1.04,False,2,True,22.27,6.73,False,False,,tv_wilder_rsi14_sma5_v1,63.22,57.54,True,True,5.69
8242,8242.T,エイチ・ツー・オー　リテイリング,2023-09,CONTINUE,2,69.12,74.81,False,True,5.69,2023-08,1755.0,1814.0,1814.0,3.36,1645.72,1541.35,1418.13,True,True,True,True,True,True,True,582607.0,1801.0,-2.55,False,1.19,2.75,0.91,True,2,True,39.31,6.19,False,False,,tv_wilder_rsi14_sma5_v1,74.81,69.12,True,False,5.69
9701,9701.T,東京會舘,2023-09,CONTINUE,2,69.28,74.97,True,True,5.69,2023-08,3505.0,3525.0,3525.0,0.57,3433.8,3367.93,3260.57,True,True,True,True,True,True,True,1923.0,3725.0,-5.91,False,2.52,1.38,1.44,False,2,True,10.06,1.6,False,False,,tv_wilder_rsi14_sma5_v1,74.97,69.28,True,True,5.69
3943,3943.T,大石産業,2023-09,CONTINUE,2,82.02,87.7,True,True,5.68,2023-08,1049.0,1099.0,1099.0,4.77,1032.28,999.07,930.47,True,True,True,True,False,True,True,4720.0,1131.5,-7.29,False,0.43,1.43,0.83,True,2,True,17.02,0.98,False,False,,tv_wilder_rsi14_sma5_v1,87.7,82.02,True,True,5.68
5958,5958.T,三洋工業,2023-09,CONTINUE,4,59.7,65.37,True,True,5.67,2023-06,1948.0,2094.0,2094.0,7.49,1909.24,1895.37,1809.09,True,True,True,True,False,False,True,3657.0,2069.0,-5.85,False,0.74,1.24,1.09,False,2,True,11.92,3.6,False,False,,tv_wilder_rsi14_sma5_v1,65.37,59.7,True,True,5.67
9301,9301.T,三菱倉庫,2023-09,CONTINUE,6,61.98,67.66,True,True,5.67,2023-04,672.0,794.4,794.4,18.21,636.72,624.23,659.67,True,True,True,False,True,True,False,1117117.0,763.0,-11.93,False,0.9,1.36,0.91,True,1,True,7.17,2.37,False,False,,tv_wilder_rsi14_sma5_v1,67.66,61.98,True,True,5.67
4552,4552.T,ＪＣＲファーマ,2023-09,NEW,1,34.19,39.85,True,True,5.66,2023-09,1495.5,1495.5,1495.5,0.0,1324.22,1291.28,1433.16,True,True,True,False,True,False,False,540170.0,2288.0,-34.64,False,2.13,4.66,1.22,False,3,True,-2.79,5.83,True,False,,tv_wilder_rsi14_sma5_v1,39.85,34.19,True,True,5.66
4519,4519.T,中外製薬,2023-09,CONTINUE,6,58.64,64.3,True,True,5.65,2023-04,3504.0,4624.0,4624.0,31.96,3307.92,3368.89,3510.74,True,True,False,False,False,False,False,2232723.0,4252.0,-17.59,False,1.16,1.68,1.11,False,4,True,-3.2,1.49,True,False,,tv_wilder_rsi14_sma5_v1,64.3,58.64,True,True,5.65
4390,4390.T,ＩＰＳ,2023-09,NEW,1,47.77,53.41,True,True,5.64,2023-09,2590.0,2590.0,2590.0,0.0,2385.24,2317.09,2468.55,True,True,True,False,True,True,False,50657.0,3395.0,-23.71,False,1.26,2.69,1.07,False,3,True,2.84,4.38,False,False,,tv_wilder_rsi14_sma5_v1,53.41,47.77,True,True,5.64
4547,4547.T,キッセイ薬品工業,2023-09,CONTINUE,7,65.44,71.07,True,False,5.63,2023-03,2641.0,3390.0,3390.0,28.36,2574.36,2541.19,2556.83,True,True,True,False,True,True,True,81737.0,3125.0,-15.49,False,0.87,2.25,0.99,True,1,True,4.04,0.28,False,False,,tv_wilder_rsi14_sma5_v1,71.07,65.44,False,True,5.63
6546,6546.T,フルテック,2023-09,CONTINUE,4,42.65,48.29,True,True,5.63,2023-06,1114.0,1187.0,1187.0,6.55,1095.48,1096.53,1113.95,True,True,True,False,False,True,False,2290.0,1408.0,-20.88,False,0.79,1.11,0.92,True,3,True,-5.46,2.13,False,False,,tv_wilder_rsi14_sma5_v1,48.29,42.65,True,True,5.63
8999,8999.T,グランディハウス,2023-09,CONTINUE,4,61.06,66.69,True,True,5.63,2023-06,581.0,639.0,639.0,9.98,563.24,559.71,560.07,True,True,True,False,True,False,True,65443.0,616.0,-5.68,False,0.64,1.13,0.99,True,2,True,6.71,3.38,False,False,,tv_wilder_rsi14_sma5_v1,66.69,61.06,True,True,5.63
9127,9127.T,玉井商船,2023-09,CONTINUE,4,55.84,61.48,True,True,5.63,2023-06,1555.0,1853.0,1853.0,19.16,1481.16,1464.08,1517.55,True,True,True,False,True,False,False,14093.0,2240.0,-30.58,False,2.13,1.63,1.17,False,3,True,1.87,5.94,False,False,,tv_wilder_rsi14_sma5_v1,61.48,55.84,True,True,5.63
9616,9616.T,共立メンテナンス,2023-09,CONTINUE,4,58.66,64.29,True,False,5.63,2023-06,2732.0,3111.0,3111.0,13.87,2686.76,2674.52,2815.97,True,True,False,False,True,True,True,975867.0,3230.0,-15.42,False,0.8,2.51,0.97,True,4,True,0.45,0.87,False,False,,tv_wilder_rsi14_sma5_v1,64.29,58.66,False,True,5.63
2288,2288.T,丸大食品,2023-09,CONTINUE,4,49.85,55.47,True,False,5.62,2023-06,1485.0,1668.0,1668.0,12.32,1479.8,1487.11,1458.47,True,False,True,False,False,False,False,30560.0,1608.0,-7.65,False,0.98,0.93,1.07,False,3,False,1.14,1.0,False,False,,tv_wilder_rsi14_sma5_v1,55.47,49.85,False,True,5.62
1827,1827.T,ナカノフドー建設,2023-09,NEW,1,56.87,62.48,False,True,5.61,2023-09,432.0,432.0,432.0,0.0,405.72,392.24,368.47,True,True,True,True,True,True,True,66343.0,436.0,-0.92,False,1.36,2.3,1.26,False,2,True,24.82,3.99,False,False,,tv_wilder_rsi14_sma5_v1,62.48,56.87,True,False,5.61
6750,6750.T,エレコム,2023-09,CONTINUE,5,50.09,55.7,True,False,5.61,2023-05,1462.0,1743.0,1743.0,19.22,1346.24,1301.2,1407.43,True,True,True,False,True,True,False,200830.0,1788.0,-18.23,False,1.47,2.35,1.09,False,3,True,-1.08,3.46,False,False,,tv_wilder_rsi14_sma5_v1,55.7,50.09,False,True,5.61
3223,3223.T,エスエルディー,2023-09,CONTINUE,6,64.37,69.96,True,False,5.6,2023-04,664.0,1012.0,1012.0,52.41,634.72,640.17,595.31,True,True,True,False,True,True,True,5120.0,750.0,-11.47,False,4.09,3.84,1.41,False,2,True,14.61,4.14,False,False,,tv_wilder_rsi14_sma5_v1,69.96,64.37,False,True,5.6
3974,3974.T,ＳＣＡＴ,2023-09,CONTINUE,4,57.98,63.58,True,True,5.6,2023-06,468.0,550.0,550.0,17.52,461.4,465.97,456.42,True,True,True,False,False,False,True,72087.0,559.0,-16.28,False,0.05,2.43,0.57,True,2,True,9.08,0.01,False,False,,tv_wilder_rsi14_sma5_v1,63.58,57.98,True,True,5.6
7011,7011.T,三菱重工業,2023-09,CONTINUE,5,76.03,81.63,True,True,5.6,2023-05,590.6,834.6,834.6,41.31,547.91,511.48,510.24,True,True,True,True,True,True,True,28580267.0,616.8,-4.25,False,1.17,2.5,1.07,False,2,True,17.27,5.34,False,False,,tv_wilder_rsi14_sma5_v1,81.63,76.03,True,True,5.6
4847,4847.T,インテリジェント　ウェイブ,2023-09,CONTINUE,5,57.64,63.23,True,True,5.59,2023-05,744.0,937.0,937.0,25.94,728.32,714.29,747.05,True,True,False,False,True,False,False,84957.0,924.0,-19.48,False,0.92,2.35,1.17,False,4,True,3.56,2.87,False,False,,tv_wilder_rsi14_sma5_v1,63.23,57.64,True,True,5.59
5334,5334.T,日本特殊陶業,2023-09,CONTINUE,4,64.59,70.19,True,False,5.59,2023-06,2883.0,3384.0,3384.0,17.38,2718.82,2697.47,2670.1,True,True,True,True,True,True,False,1359100.0,3015.0,-4.38,False,1.0,1.61,0.98,True,1,True,8.41,4.03,False,False,,tv_wilder_rsi14_sma5_v1,70.19,64.59,False,True,5.59
7097,7097.T,さくらさくプラス,2023-09,NEW,1,24.42,30.01,True,True,5.59,2023-09,792.0,792.0,792.0,0.0,742.32,709.45,722.48,True,True,True,False,True,True,True,47480.0,985.0,-19.59,False,0.19,5.36,1.02,False,1,True,10.67,8.56,False,False,,tv_wilder_rsi14_sma5_v1,30.01,24.42,True,True,5.59
7267,7267.T,本田技研工業,2023-09,CONTINUE,8,68.92,74.47,True,True,5.55,2023-02,1180.67,1682.0,1682.0,42.46,1101.88,1080.23,1110.91,True,True,True,False,True,True,True,14093760.0,1251.67,-5.67,False,1.28,1.79,1.01,False,1,True,2.83,3.57,True,False,,tv_wilder_rsi14_sma5_v1,74.47,68.92,True,True,5.55
4528,4528.T,小野薬品工業,2023-09,CONTINUE,2,43.63,49.17,True,True,5.54,2023-08,2761.5,2868.0,2868.0,3.86,2741.12,2669.77,2854.94,True,True,False,False,True,True,False,1921363.0,3658.0,-24.51,False,0.65,1.3,0.8,True,4,True,-6.21,0.94,False,False,,tv_wilder_rsi14_sma5_v1,49.17,43.63,True,True,5.54
8473,8473.T,ＳＢＩホールディングス,2023-09,CONTINUE,4,54.64,60.17,True,True,5.52,2023-06,1384.25,1574.0,1574.0,13.71,1359.56,1341.2,1342.43,True,True,True,False,True,False,True,3486120.0,1494.0,-7.35,False,0.81,1.72,0.92,True,2,True,6.02,3.13,False,False,,tv_wilder_rsi14_sma5_v1,60.17,54.64,True,True,5.52
1721,1721.T,コムシスホールディングス,2023-09,CONTINUE,9,58.0,63.51,True,True,5.51,2023-01,2473.0,3126.0,3126.0,26.41,2354.44,2410.37,2510.2,True,True,False,False,False,False,False,435530.0,2825.0,-12.46,False,1.14,1.22,0.96,True,4,True,-3.81,2.11,True,False,,tv_wilder_rsi14_sma5_v1,63.51,58.0,True,True,5.51
9267,9267.T,Ｇｅｎｋｙ　ＤｒｕｇＳｔｏｒｅｓ,2023-09,CONTINUE,10,60.05,65.56,True,True,5.51,2022-12,1817.5,2765.0,2765.0,52.13,1751.1,1817.7,1804.05,True,False,True,False,False,False,False,58927.0,3105.0,-41.47,False,1.01,2.15,1.3,False,3,True,-7.79,1.61,False,False,,tv_wilder_rsi14_sma5_v1,65.56,60.05,True,True,5.51
5121,5121.T,藤倉コンポジット,2023-09,CONTINUE,2,60.03,65.53,True,True,5.5,2023-08,1119.0,1175.0,1175.0,5.0,1021.48,960.93,937.16,True,True,True,True,True,True,True,263687.0,1144.0,-2.19,False,0.78,3.54,1.25,False,2,True,17.78,5.17,False,False,,tv_wilder_rsi14_sma5_v1,65.53,60.03,True,True,5.5
6820,6820.T,アイコム,2023-09,CONTINUE,6,64.19,69.69,True,False,5.5,2023-04,2762.0,3330.0,3330.0,20.56,2640.6,2580.43,2608.61,True,True,True,False,True,False,True,31153.0,2860.0,-3.43,False,0.58,1.35,0.99,True,2,True,10.66,4.23,False,False,,tv_wilder_rsi14_sma5_v1,69.69,64.19,False,True,5.5
8308,8308.T,りそなホールディングス,2023-09,CONTINUE,3,64.7,70.2,True,True,5.5,2023-07,774.4,828.3,828.3,6.96,708.12,674.82,668.34,True,True,True,True,True,True,True,14344260.0,794.9,-2.58,False,1.36,2.71,1.13,False,2,True,24.82,1.27,True,False,,tv_wilder_rsi14_sma5_v1,70.2,64.7,True,True,5.5
5644,5644.T,メタルアート,2023-09,CONTINUE,4,77.06,82.55,True,True,5.49,2023-06,3270.0,3895.0,3895.0,19.11,2766.4,2799.87,2442.43,True,True,True,False,False,True,True,8173.0,3020.0,8.28,True,2.41,2.63,1.38,False,2,True,46.43,6.31,True,True,MVP,tv_wilder_rsi14_sma5_v1,82.55,77.06,True,True,5.49
5932,5932.T,三協立山,2023-09,CONTINUE,4,56.13,61.62,True,True,5.49,2023-06,726.0,944.0,944.0,30.03,673.28,682.92,628.08,True,True,True,False,False,False,True,75487.0,780.0,-6.92,False,1.19,1.77,1.08,False,2,True,19.22,6.0,True,False,,tv_wilder_rsi14_sma5_v1,61.62,56.13,True,True,5.49
7218,7218.T,田中精密工業,2023-09,CONTINUE,12,65.84,71.33,True,True,5.49,2022-10,619.0,826.0,826.0,33.44,607.16,609.63,612.48,True,True,True,False,True,False,False,1107.0,713.0,-13.18,False,0.67,0.62,0.88,True,3,True,-0.39,0.49,True,False,,tv_wilder_rsi14_sma5_v1,71.33,65.84,True,True,5.49
6309,6309.T,巴工業,2023-09,CONTINUE,4,66.4,71.87,True,True,5.48,2023-06,980.0,1020.0,1020.0,4.08,923.27,845.65,820.65,True,True,True,True,True,True,True,69350.0,1028.33,-4.7,False,0.64,3.04,0.7,True,2,True,22.72,5.61,False,False,,tv_wilder_rsi14_sma5_v1,71.87,66.4,True,True,5.48
4270,4270.T,ＢｅｅＸ,2023-09,CONTINUE,2,38.48,43.95,True,True,5.47,2023-08,3680.0,3980.0,3980.0,8.15,3529.6,3211.43,2710.4,True,True,True,True,True,True,True,51467.0,4220.0,-12.8,False,0.31,4.64,1.04,False,2,True,51.78,-0.06,False,False,,tv_wilder_rsi14_sma5_v1,43.95,38.48,True,True,5.47
7442,7442.T,中山福,2023-09,CONTINUE,4,44.27,49.72,True,True,5.46,2023-06,345.0,366.0,366.0,6.09,339.6,340.92,330.23,True,True,True,False,False,False,True,23980.0,355.0,-2.82,False,0.43,1.2,0.79,True,2,True,5.94,1.13,False,False,,tv_wilder_rsi14_sma5_v1,49.72,44.27,True,True,5.46
7721,7721.T,東京計器,2023-09,CONTINUE,4,60.03,65.5,True,True,5.46,2023-06,1310.0,1465.0,1465.0,11.83,1275.04,1243.4,1251.98,True,True,True,False,True,False,False,53683.0,1433.0,-8.58,False,0.85,1.8,1.09,False,1,True,4.14,2.06,False,False,,tv_wilder_rsi14_sma5_v1,65.5,60.03,True,True,5.46
3951,3951.T,朝日印刷,2023-09,CONTINUE,2,46.64,52.09,True,True,5.45,2023-08,875.0,881.0,881.0,0.69,848.48,851.21,862.4,True,True,True,False,True,False,True,10713.0,928.0,-5.71,False,1.03,0.93,0.97,True,2,True,1.66,1.86,False,False,,tv_wilder_rsi14_sma5_v1,52.09,46.64,True,True,5.45
7291,7291.T,日本プラスト,2023-09,CONTINUE,6,45.86,51.31,True,True,5.45,2023-04,417.0,491.0,491.0,17.75,410.2,411.29,428.95,True,True,False,False,False,True,False,42350.0,507.0,-17.75,False,1.68,1.58,1.1,False,4,False,-5.59,0.17,False,False,,tv_wilder_rsi14_sma5_v1,51.31,45.86,True,True,5.45
3109,3109.T,シキボウ,2023-09,CONTINUE,3,56.06,61.5,True,True,5.44,2023-07,1037.0,1091.0,1091.0,5.21,1019.56,1002.12,971.4,True,True,True,True,True,True,True,45123.0,1105.0,-6.15,False,1.57,0.9,0.85,True,2,True,9.92,0.92,False,False,,tv_wilder_rsi14_sma5_v1,61.5,56.06,True,True,5.44
4431,4431.T,スマレジ,2023-09,NEW,1,53.78,59.21,False,True,5.44,2023-09,2802.0,2802.0,2802.0,0.0,2459.4,2276.65,2368.26,True,True,True,False,True,True,True,397280.0,3280.0,-14.57,False,1.18,6.16,1.09,False,2,True,47.78,4.05,False,False,,tv_wilder_rsi14_sma5_v1,59.21,53.78,True,False,5.44
8306,8306.T,三菱ＵＦＪフィナンシャル・グループ,2023-09,CONTINUE,4,73.66,79.08,True,True,5.43,2023-06,1065.0,1268.5,1268.5,19.11,986.24,906.0,848.85,True,True,True,True,True,True,True,80796317.0,1077.0,-1.11,False,0.9,2.25,1.07,False,2,True,33.53,5.11,False,False,,tv_wilder_rsi14_sma5_v1,79.08,73.66,True,True,5.43
3944,3944.T,古林紙工,2023-09,CONTINUE,10,61.36,66.79,True,True,5.42,2022-12,1840.0,2429.0,2429.0,32.01,1855.0,1841.25,1868.06,False,False,False,False,True,False,False,410.0,2145.0,-14.22,False,1.51,1.01,1.15,False,1,False,-4.77,-0.7,False,False,,tv_wilder_rsi14_sma5_v1,66.79,61.36,True,True,5.42
5911,5911.T,横河ブリッジホールディングス,2023-09,CONTINUE,9,69.22,74.64,True,True,5.42,2023-01,2001.0,2794.0,2794.0,39.63,1873.04,1895.45,1915.55,True,True,True,False,False,False,False,92183.0,2222.0,-9.95,False,1.42,1.13,1.11,False,3,True,0.19,1.89,True,False,,tv_wilder_rsi14_sma5_v1,74.64,69.22,True,True,5.42
7781,7781.T,平山ホールディングス,2023-09,NEW,1,64.15,69.57,True,True,5.41,2023-09,465.0,465.0,465.0,0.0,438.52,429.76,400.58,True,True,True,True,True,True,True,32260.0,489.0,-4.91,False,0.75,3.06,1.1,False,2,True,22.56,3.41,False,False,,tv_wilder_rsi14_sma5_v1,69.57,64.15,True,True,5.41
8439,8439.T,東京センチュリー,2023-09,CONTINUE,6,54.26,59.66,True,True,5.4,2023-04,1162.5,1491.5,1491.5,28.3,1117.0,1128.2,1170.76,True,True,False,False,False,False,True,547560.0,1327.5,-12.43,False,0.66,1.44,0.88,True,4,True,3.54,1.73,False,False,,tv_wilder_rsi14_sma5_v1,59.66,54.26,True,True,5.4
4577,4577.T,ダイト,2023-09,CONTINUE,2,41.45,46.84,True,True,5.39,2023-08,1144.5,1175.0,1175.0,2.66,1096.66,1074.85,1116.6,True,True,True,False,True,False,False,54731.0,1253.18,-8.67,False,1.17,1.63,1.09,False,3,True,2.13,3.4,False,False,,tv_wilder_rsi14_sma5_v1,46.84,41.45,True,True,5.39
6701,6701.T,日本電気,2023-09,CONTINUE,8,70.65,76.04,True,True,5.39,2023-02,975.0,1652.2,1652.2,69.46,955.68,943.73,985.35,True,True,False,False,True,True,False,5565550.0,1118.0,-12.79,False,0.96,1.36,0.82,True,4,True,-2.9,-0.57,False,False,,tv_wilder_rsi14_sma5_v1,76.04,70.65,True,True,5.39
2613,2613.T,Ｊ－オイルミルズ,2023-09,CONTINUE,6,51.22,56.61,True,False,5.38,2023-04,1613.0,1784.0,1784.0,10.6,1551.48,1550.4,1560.47,True,True,True,False,True,True,True,66680.0,1644.0,-1.89,False,0.73,0.87,0.89,True,3,True,2.83,1.05,True,False,,tv_wilder_rsi14_sma5_v1,56.61,51.22,False,True,5.38
8045,8045.T,横浜丸魚,2023-09,CONTINUE,5,53.14,58.51,True,True,5.38,2023-05,775.0,830.0,830.0,7.1,765.52,775.05,754.92,True,False,True,False,False,True,False,713.0,818.0,-5.26,False,0.48,1.05,0.91,True,1,True,0.9,-0.2,False,False,,tv_wilder_rsi14_sma5_v1,58.51,53.14,True,True,5.38
3817,3817.T,ＳＲＡホールディングス,2023-09,CONTINUE,4,63.0,68.37,True,True,5.37,2023-06,3245.0,3485.0,3485.0,7.4,3196.8,3062.03,3078.53,True,True,True,False,True,True,True,18893.0,3430.0,-5.39,False,0.71,1.71,1.16,False,1,True,10.9,2.21,False,False,,tv_wilder_rsi14_sma5_v1,68.37,63.0,True,True,5.37
6997,6997.T,日本ケミコン,2023-09,NEW,1,41.8,47.17,False,True,5.37,2023-09,1614.0,1614.0,1614.0,0.0,1473.76,1386.91,1675.86,True,True,False,False,True,True,False,382210.0,2354.0,-31.44,False,0.9,3.51,1.42,False,4,True,4.01,7.53,False,False,,tv_wilder_rsi14_sma5_v1,47.17,41.8,True,False,5.37
8628,8628.T,松井証券,2023-09,CONTINUE,4,47.64,53.01,True,True,5.37,2023-06,794.0,821.0,821.0,3.4,793.08,785.91,784.95,True,True,True,True,True,False,False,884270.0,823.0,-3.52,False,0.93,1.38,1.01,False,1,True,0.74,0.62,False,False,,tv_wilder_rsi14_sma5_v1,53.01,47.64,True,True,5.37
2695,2695.T,くら寿司,2023-09,CONTINUE,2,48.27,53.62,True,True,5.36,2023-08,1580.0,1697.5,1697.5,7.44,1551.2,1550.83,1590.12,True,True,False,False,True,False,False,264700.0,1757.5,-10.1,False,1.02,1.25,0.99,True,4,False,-1.95,0.49,False,False,,tv_wilder_rsi14_sma5_v1,53.62,48.27,True,True,5.36
7918,7918.T,ヴィア・ホールディングス,2023-09,CONTINUE,3,25.97,31.33,True,False,5.36,2023-07,87.0,103.0,103.0,18.39,85.04,87.55,99.85,True,False,False,False,False,False,False,189530.0,172.0,-49.42,False,3.32,3.12,1.35,False,4,False,-18.64,1.66,False,False,,tv_wilder_rsi14_sma5_v1,31.33,25.97,False,True,5.36
9763,9763.T,丸建リース,2023-09,CONTINUE,9,73.14,78.49,True,True,5.35,2023-01,592.0,900.67,900.67,52.14,575.67,578.47,602.3,True,True,False,False,True,False,False,9880.0,664.67,-10.93,False,1.6,0.82,1.21,False,1,True,-1.18,0.58,False,False,,tv_wilder_rsi14_sma5_v1,78.49,73.14,True,True,5.35
3261,3261.T,グランディーズ,2023-09,CONTINUE,4,41.04,46.38,True,True,5.34,2023-06,339.0,359.0,359.0,5.9,331.2,336.88,363.12,True,True,False,False,False,False,False,14933.0,420.0,-19.29,False,0.29,3.75,0.8,True,4,False,-7.08,1.62,False,False,,tv_wilder_rsi14_sma5_v1,46.38,41.04,True,True,5.34
4251,4251.T,恵和,2023-09,CONTINUE,2,41.76,47.1,True,True,5.34,2023-08,1204.0,1415.0,1415.0,17.52,1092.28,1108.09,1383.86,True,True,False,False,False,False,False,157907.0,2237.5,-46.19,False,1.36,4.3,1.08,False,4,True,-13.35,7.74,False,False,,tv_wilder_rsi14_sma5_v1,47.1,41.76,True,True,5.34
7521,7521.T,ムサシ,2023-09,NEW,1,52.36,57.7,False,True,5.34,2023-09,1846.0,1846.0,1846.0,0.0,1780.68,1743.17,1652.54,True,True,True,True,True,True,True,6677.0,1917.0,-3.7,False,2.6,3.33,1.46,False,2,True,17.33,3.01,False,False,,tv_wilder_rsi14_sma5_v1,57.7,52.36,True,False,5.34
7269,7269.T,スズキ,2023-09,CONTINUE,4,58.52,63.85,True,True,5.33,2023-06,1300.25,1504.0,1504.0,15.67,1233.47,1193.31,1187.51,True,True,True,True,True,True,True,7833000.0,1418.0,-8.3,False,0.9,2.17,0.97,True,1,True,13.57,1.95,False,False,,tv_wilder_rsi14_sma5_v1,63.85,58.52,True,True,5.33
8316,8316.T,三井住友フィナンシャルグループ,2023-09,CONTINUE,4,74.6,79.93,True,True,5.33,2023-06,2053.0,2449.0,2449.0,19.29,1948.55,1869.37,1729.62,True,True,True,True,True,False,True,21620530.0,2087.0,-1.63,False,0.83,1.99,1.02,False,2,True,29.36,3.51,False,False,,tv_wilder_rsi14_sma5_v1,79.93,74.6,True,True,5.33
5962,5962.T,浅香工業,2023-09,CONTINUE,3,36.76,42.08,True,True,5.32,2023-07,1420.0,1460.0,1460.0,2.82,1411.72,1414.4,1485.54,True,True,False,False,True,False,False,883.0,1650.0,-13.94,False,0.97,0.38,0.81,True,4,True,-5.43,0.05,False,False,,tv_wilder_rsi14_sma5_v1,42.08,36.76,True,True,5.32
7575,7575.T,日本ライフライン,2023-09,CONTINUE,6,48.94,54.27,True,True,5.32,2023-04,931.0,1164.0,1164.0,25.03,917.68,925.01,955.41,True,True,False,False,False,False,False,175263.0,1124.0,-17.17,False,0.75,1.2,0.98,True,4,False,-6.2,-1.07,False,False,,tv_wilder_rsi14_sma5_v1,54.27,48.94,True,True,5.32
7776,7776.T,セルシード,2023-09,NEW,1,51.52,56.83,False,True,5.31,2023-09,372.0,372.0,372.0,0.0,352.4,305.93,349.61,True,True,True,False,True,True,True,5253853.0,984.0,-62.2,False,0.34,10.48,0.8,True,2,True,73.57,9.41,False,False,,tv_wilder_rsi14_sma5_v1,56.83,51.52,True,False,5.31
8052,8052.T,椿本興業,2023-09,CONTINUE,4,61.2,66.51,True,False,5.31,2023-06,1380.0,1641.67,1641.67,18.96,1328.53,1352.33,1326.0,True,True,True,False,False,False,True,38430.0,1498.33,-7.9,False,0.73,1.65,1.13,False,2,True,7.01,3.13,False,False,,tv_wilder_rsi14_sma5_v1,66.51,61.2,False,True,5.31
8844,8844.T,コスモスイニシア,2023-09,CONTINUE,6,67.06,72.37,True,True,5.3,2023-04,581.0,725.0,725.0,24.78,515.48,504.04,491.12,True,True,True,True,True,True,True,59737.0,600.0,-3.17,False,4.26,2.67,1.26,False,2,True,20.85,5.27,True,True,MVP,tv_wilder_rsi14_sma5_v1,72.37,67.06,True,True,5.3
4229,4229.T,群栄化学工業,2023-09,CONTINUE,4,57.5,62.79,True,False,5.29,2023-06,2899.0,3320.0,3320.0,14.52,2597.44,2599.77,2492.12,True,True,True,False,True,True,True,17607.0,3030.0,-4.32,False,3.3,2.68,1.52,False,2,True,16.71,8.31,False,False,,tv_wilder_rsi14_sma5_v1,62.79,57.5,False,True,5.29
7377,7377.T,ＤＮホールディングス,2023-09,NEW,1,59.5,64.79,False,True,5.29,2023-09,1491.0,1491.0,1491.0,0.0,1433.84,1395.19,1377.27,True,True,True,True,True,True,True,15633.0,1548.0,-3.68,False,3.65,1.97,1.28,False,2,True,12.13,1.75,False,False,,tv_wilder_rsi14_sma5_v1,64.79,59.5,True,False,5.29
7975,7975.T,リヒトラブ,2023-09,CONTINUE,9,66.07,71.36,True,True,5.29,2023-01,861.0,994.0,994.0,15.45,856.04,856.59,851.99,True,True,True,False,False,True,True,970.0,899.0,-4.23,False,0.23,0.72,1.28,False,2,True,2.86,0.23,False,False,,tv_wilder_rsi14_sma5_v1,71.36,66.07,True,True,5.29
9739,9739.T,ＮＳＷ,2023-09,CONTINUE,8,60.27,65.56,True,True,5.29,2023-02,2134.0,2802.0,2802.0,31.3,2089.96,2093.88,2227.68,True,True,False,False,True,False,False,15500.0,2546.0,-16.18,False,1.01,1.43,0.97,True,4,True,-5.82,-0.14,False,False,,tv_wilder_rsi14_sma5_v1,65.56,60.27,True,True,5.29
1960,1960.T,サンテック,2023-09,NEW,1,51.52,56.79,True,True,5.28,2023-09,704.0,704.0,704.0,0.0,682.88,668.88,638.77,True,True,True,True,True,True,True,12037.0,728.0,-3.3,False,0.34,2.2,1.22,False,2,True,9.37,1.4,False,False,,tv_wilder_rsi14_sma5_v1,56.79,51.52,True,True,5.28
6330,6330.T,東洋エンジニアリング,2023-09,CONTINUE,4,50.16,55.44,True,True,5.28,2023-06,588.0,685.0,685.0,16.5,574.92,564.24,578.85,True,True,True,False,True,False,False,142200.0,730.0,-19.45,False,0.68,2.51,0.9,True,3,True,2.1,2.83,False,False,,tv_wilder_rsi14_sma5_v1,55.44,50.16,True,True,5.28
3110,3110.T,日東紡績,2023-09,CONTINUE,5,53.02,58.3,True,False,5.27,2023-05,473.8,698.0,698.0,47.32,383.96,398.71,426.81,True,True,True,False,False,False,False,1058150.0,553.4,-14.38,False,3.53,2.88,1.47,False,3,True,5.85,8.04,True,False,,tv_wilder_rsi14_sma5_v1,58.3,53.02,False,True,5.27
3023,3023.T,ラサ商事,2023-09,CONTINUE,2,73.4,78.65,False,True,5.26,2023-08,1559.0,1677.0,1677.0,7.57,1507.28,1448.81,1336.66,True,True,True,True,True,True,True,24663.0,1608.0,-3.05,False,0.86,1.54,0.97,True,2,True,31.68,1.46,False,False,,tv_wilder_rsi14_sma5_v1,78.65,73.4,True,False,5.26
7186,7186.T,横浜フィナンシャルグループ,2023-09,CONTINUE,4,65.65,70.91,True,True,5.26,2023-06,562.6,681.5,681.5,21.13,551.29,522.79,514.17,True,True,True,True,True,False,True,4673887.0,609.0,-7.62,False,0.69,1.86,0.96,True,2,True,15.24,2.16,False,False,,tv_wilder_rsi14_sma5_v1,70.91,65.65,True,True,5.26
7318,7318.T,セレンディップ・ホールディングス,2023-09,CONTINUE,10,60.08,65.34,True,True,5.26,2022-12,177.25,405.25,405.25,128.63,193.4,187.97,185.95,False,False,False,True,True,True,False,36547.0,262.25,-32.41,False,1.04,4.31,1.16,False,4,False,-5.5,-2.78,False,False,,tv_wilder_rsi14_sma5_v1,65.34,60.08,True,True,5.26
7972,7972.T,イトーキ,2023-09,CONTINUE,12,85.09,90.35,True,True,5.26,2022-10,425.0,1509.0,1509.0,255.06,416.08,413.05,379.39,True,True,True,True,False,True,True,83740.0,460.0,-7.61,False,0.95,2.07,0.89,True,2,False,14.54,0.87,False,False,,tv_wilder_rsi14_sma5_v1,90.35,85.09,True,True,5.26
3096,3096.T,オーシャンシステム,2023-09,CONTINUE,4,47.35,52.6,True,True,5.25,2023-06,973.0,1012.0,1012.0,4.01,959.88,964.27,968.24,True,True,True,False,True,False,False,3333.0,1030.0,-5.53,False,1.06,0.48,1.11,False,3,True,-0.24,0.49,False,False,,tv_wilder_rsi14_sma5_v1,52.6,47.35,True,True,5.25
6915,6915.T,千代田インテグレ,2023-09,CONTINUE,4,62.93,68.18,True,False,5.25,2023-06,2406.0,2767.0,2767.0,15.0,2380.24,2316.55,2288.36,True,True,True,True,True,True,True,19387.0,2476.0,-2.83,False,0.67,1.53,0.9,True,2,True,10.44,1.14,False,False,,tv_wilder_rsi14_sma5_v1,68.18,62.93,False,True,5.25
9744,9744.T,メイテックグループホールディングス,2023-09,CONTINUE,4,60.26,65.5,True,True,5.24,2023-06,2474.0,2704.0,2704.0,9.3,2425.2,2348.93,2407.78,True,True,True,False,True,True,False,207877.0,2682.0,-7.76,False,1.03,1.9,1.05,False,1,True,6.49,3.11,False,False,,tv_wilder_rsi14_sma5_v1,65.5,60.26,True,True,5.24
9639,9639.T,三協フロンテア,2023-09,CONTINUE,9,50.51,55.74,True,False,5.23,2023-01,1710.0,2090.0,2090.0,22.22,1625.5,1689.67,1924.66,True,True,False,False,False,False,False,14507.0,2650.0,-35.47,False,0.35,1.28,0.78,True,4,True,-16.23,3.27,False,False,,tv_wilder_rsi14_sma5_v1,55.74,50.51,False,True,5.23
1941,1941.T,中電工,2023-09,CONTINUE,10,59.3,64.51,True,True,5.21,2022-12,2088.0,2415.0,2415.0,15.66,2072.52,2084.76,2101.3,True,True,False,False,True,False,False,59750.0,2198.0,-5.0,False,0.77,0.78,0.99,True,1,False,-1.48,0.53,False,False,,tv_wilder_rsi14_sma5_v1,64.51,59.3,True,True,5.21
1948,1948.T,弘電社,2023-09,CONTINUE,4,57.21,62.42,True,True,5.21,2023-06,930.0,978.0,978.0,5.16,883.24,880.43,851.6,True,True,True,True,True,False,True,8150.0,965.0,-3.63,False,1.08,1.04,1.15,False,2,True,10.47,3.06,False,False,,tv_wilder_rsi14_sma5_v1,62.42,57.21,True,True,5.21
6837,6837.T,京写,2023-09,CONTINUE,9,57.66,62.88,True,False,5.21,2023-01,313.0,418.0,418.0,33.55,273.12,278.8,301.26,True,True,True,False,False,False,False,41940.0,429.0,-27.04,False,2.32,2.88,1.45,False,3,True,-2.31,5.54,True,False,,tv_wilder_rsi14_sma5_v1,62.88,57.66,False,True,5.21
2607,2607.T,不二製油,2023-09,CONTINUE,6,45.23,50.43,True,False,5.2,2023-04,2095.0,2267.5,2267.5,8.23,1978.6,1972.47,2140.28,True,True,False,False,True,False,False,178300.0,2445.0,-14.31,False,0.73,1.5,0.93,True,4,True,1.68,3.57,False,False,,tv_wilder_rsi14_sma5_v1,50.43,45.23,False,True,5.2
3280,3280.T,エストラスト,2023-09,NEW,1,54.98,60.17,True,True,5.19,2023-09,691.0,691.0,691.0,0.0,650.28,648.03,619.26,True,True,True,True,True,True,True,10227.0,725.0,-4.69,False,1.48,2.13,1.62,False,2,True,14.17,5.14,False,False,,tv_wilder_rsi14_sma5_v1,60.17,54.98,True,True,5.19
6417,6417.T,ＳＡＮＫＹＯ,2023-09,CONTINUE,2,76.12,81.31,False,True,5.19,2023-08,1269.0,1370.8,1370.8,8.02,1238.09,1186.93,1117.58,True,True,True,True,True,True,True,1819050.0,1334.6,-4.92,False,0.9,2.08,0.63,True,2,True,20.57,2.31,False,False,,tv_wilder_rsi14_sma5_v1,81.31,76.12,True,False,5.19
7501,7501.T,ティムコ,2023-09,CONTINUE,3,51.1,56.29,True,True,5.19,2023-07,753.0,800.0,800.0,6.24,749.44,749.07,756.89,True,True,False,False,True,False,True,7417.0,983.0,-23.4,False,0.37,2.81,0.66,True,4,True,-0.57,-0.45,False,False,,tv_wilder_rsi14_sma5_v1,56.29,51.1,True,True,5.19
6430,6430.T,ダイコク電機,2023-09,CONTINUE,3,83.24,88.41,True,True,5.18,2023-07,4085.0,5380.0,5380.0,31.7,3910.2,3342.56,2576.32,True,True,True,True,True,True,True,257113.0,4220.0,-3.2,False,0.64,3.8,0.86,True,2,True,116.92,-1.53,False,False,,tv_wilder_rsi14_sma5_v1,88.41,83.24,True,True,5.18
9687,9687.T,ＫＳＫ,2023-09,CONTINUE,4,64.98,70.16,True,True,5.18,2023-06,2496.0,2581.0,2581.0,3.41,2313.88,2300.17,2248.71,True,True,True,True,True,True,True,4243.0,2476.0,0.81,True,1.4,1.19,1.33,False,2,True,13.65,4.5,False,True,BREAKOUT,tv_wilder_rsi14_sma5_v1,70.16,64.98,True,True,5.18
1811,1811.T,錢高組,2023-09,CONTINUE,9,48.56,53.73,True,False,5.17,2023-01,2750.0,3715.0,3715.0,35.09,2650.36,2701.01,3136.85,True,True,False,False,True,False,False,4817.0,4470.0,-38.48,False,1.56,1.29,1.28,False,4,True,-14.86,3.23,False,False,,tv_wilder_rsi14_sma5_v1,53.73,48.56,False,True,5.17
6986,6986.T,双葉電子工業,2023-09,CONTINUE,3,28.83,34.0,True,False,5.17,2023-07,496.0,531.0,531.0,7.06,489.12,503.31,537.8,True,False,False,False,False,False,False,95677.0,707.0,-29.84,False,0.89,1.41,0.88,True,4,True,-12.81,-0.48,False,False,,tv_wilder_rsi14_sma5_v1,34.0,28.83,False,True,5.17
3099,3099.T,三越伊勢丹ホールディングス,2023-09,CONTINUE,3,74.32,79.48,True,True,5.16,2023-07,1541.0,1731.5,1731.5,12.36,1462.74,1462.37,1394.12,True,True,True,True,True,True,True,2214650.0,1543.0,-0.13,False,1.08,1.86,1.01,False,2,True,16.04,0.95,True,True,MVP,tv_wilder_rsi14_sma5_v1,79.48,74.32,True,True,5.16
9326,9326.T,関通ホールディングス,2023-09,CONTINUE,7,50.62,55.78,True,True,5.16,2023-03,438.0,724.0,724.0,65.3,411.68,414.64,508.26,True,True,False,False,False,False,False,26813.0,998.0,-56.11,False,2.38,3.15,1.06,False,4,True,-15.58,4.37,True,False,,tv_wilder_rsi14_sma5_v1,55.78,50.62,True,True,5.16
2813,2813.T,和弘食品,2023-09,CONTINUE,2,61.8,66.95,False,True,5.15,2023-08,3076.67,3090.0,3090.0,0.43,2826.0,2451.38,2452.35,True,True,True,False,True,False,True,9730.0,3486.67,-11.76,False,0.55,3.64,0.72,True,2,True,40.42,4.85,False,False,,tv_wilder_rsi14_sma5_v1,66.95,61.8,True,False,5.15
6675,6675.T,サクサ,2023-09,CONTINUE,8,70.51,75.64,True,True,5.13,2023-02,518.67,816.67,816.67,57.46,442.23,428.14,435.7,True,True,True,False,True,True,False,47630.0,533.0,-2.69,False,0.93,4.07,1.07,False,1,True,12.78,8.05,False,False,,tv_wilder_rsi14_sma5_v1,75.64,70.51,True,True,5.13
3197,3197.T,すかいらーくホールディングス,2023-09,CONTINUE,8,66.92,72.04,True,True,5.12,2023-02,1594.0,2044.5,2044.5,28.26,1557.32,1566.45,1567.17,True,True,True,False,True,False,True,743587.0,1687.0,-5.51,False,0.77,0.95,1.12,False,1,True,2.15,0.92,False,False,,tv_wilder_rsi14_sma5_v1,72.04,66.92,True,True,5.12
3591,3591.T,ワコールホールディングス,2023-09,CONTINUE,17,73.27,78.39,True,True,5.12,2022-05,1990.0,3380.0,3380.0,69.85,1910.96,1908.33,,True,True,,,True,False,,153960.0,,,,1.4,2.53,0.95,True,1,True,,,,False,,tv_wilder_rsi14_sma5_v1,78.39,73.27,True,True,5.12
4634,4634.T,ａｒｔｉｅｎｃｅ,2023-09,CONTINUE,9,62.24,67.35,True,True,5.12,2023-01,1862.0,2338.0,2338.0,25.56,1815.56,1859.83,1901.29,True,True,False,False,False,False,False,119103.0,2014.0,-7.55,False,0.87,0.82,0.89,True,4,True,-2.27,1.59,False,False,,tv_wilder_rsi14_sma5_v1,67.35,62.24,True,True,5.12
7608,7608.T,エスケイジャパン,2023-09,CONTINUE,4,60.48,65.59,True,False,5.11,2023-06,282.0,352.5,352.5,25.0,275.18,277.08,274.83,True,True,True,False,True,False,False,78947.0,329.0,-14.29,False,0.78,2.03,0.89,True,1,True,5.59,-0.18,False,False,,tv_wilder_rsi14_sma5_v1,65.59,60.48,False,True,5.11
7931,7931.T,未来工業,2023-09,CONTINUE,9,81.03,86.14,True,True,5.11,2023-01,1503.0,3435.0,3435.0,128.54,1457.88,1465.08,1494.24,True,True,True,False,True,False,False,7357.0,1608.0,-6.53,False,1.2,1.13,1.23,False,3,True,0.28,2.24,False,False,,tv_wilder_rsi14_sma5_v1,86.14,81.03,True,True,5.11
9312,9312.T,ケイヒン,2023-09,NEW,1,67.33,72.44,True,True,5.11,2023-09,1976.0,1976.0,1976.0,0.0,1884.24,1797.89,1664.78,True,True,True,True,True,True,True,16203.0,2040.0,-3.14,False,0.77,2.15,1.17,False,2,True,23.3,3.42,False,False,,tv_wilder_rsi14_sma5_v1,72.44,67.33,True,True,5.11
2281,2281.T,プリマハム,2023-09,CONTINUE,3,48.14,53.23,True,False,5.09,2023-07,2217.0,2453.0,2453.0,10.65,2188.28,2221.87,2155.78,True,False,True,False,True,False,True,109023.0,2382.0,-6.93,False,1.32,0.91,1.01,False,2,False,1.57,0.75,True,False,,tv_wilder_rsi14_sma5_v1,53.23,48.14,False,True,5.09
7320,7320.T,Ｓｏｌｖｖｙ,2023-09,CONTINUE,2,56.64,61.73,True,True,5.09,2023-08,1286.5,1408.0,1408.0,9.44,1225.36,1168.94,1112.9,True,True,True,True,True,True,True,53793.0,1380.0,-6.78,False,0.74,4.2,0.85,True,2,True,25.2,2.13,False,False,,tv_wilder_rsi14_sma5_v1,61.73,56.64,True,True,5.09
5288,5288.T,アジアパイルホールディングス,2023-09,NEW,1,58.99,64.06,False,True,5.07,2023-09,699.0,699.0,699.0,0.0,679.2,637.88,643.0,True,True,True,False,True,True,True,118663.0,783.0,-10.73,False,1.42,1.85,1.12,False,2,True,18.72,1.35,False,False,,tv_wilder_rsi14_sma5_v1,64.06,58.99,True,False,5.07
5698,5698.T,エンビプロ・ホールディングス,2023-09,CONTINUE,2,45.28,50.35,True,True,5.07,2023-08,582.0,679.0,679.0,16.67,560.76,561.91,638.61,True,True,False,False,True,False,False,165647.0,1030.0,-43.5,False,1.13,3.95,1.13,False,4,True,-16.1,1.89,False,False,,tv_wilder_rsi14_sma5_v1,50.35,45.28,True,True,5.07
7161,7161.T,じもとホールディングス,2023-09,CONTINUE,4,32.61,37.68,True,True,5.07,2023-06,385.0,432.0,432.0,12.21,381.2,389.47,418.83,True,False,False,False,False,False,False,55987.0,587.0,-34.41,False,0.38,1.3,0.88,True,4,True,-13.24,1.99,False,False,,tv_wilder_rsi14_sma5_v1,37.68,32.61,True,True,5.07
7184,7184.T,富山第一銀行,2023-09,CONTINUE,4,81.81,86.88,True,True,5.07,2023-06,738.0,938.0,938.0,27.1,700.2,640.13,570.47,True,True,True,True,True,True,True,458890.0,756.0,-2.38,False,0.96,2.85,1.04,False,2,True,46.21,5.38,False,False,,tv_wilder_rsi14_sma5_v1,86.88,81.81,True,True,5.07
4760,4760.T,アルファ,2023-09,CONTINUE,2,43.85,48.9,True,False,5.05,2023-08,1202.0,1200.0,1200.0,-0.17,1042.92,1069.52,1123.06,True,True,True,False,False,False,False,1917.0,2093.0,-42.57,False,3.92,2.44,1.41,False,3,True,-0.64,1.5,True,False,,tv_wilder_rsi14_sma5_v1,48.9,43.85,False,True,5.05
7416,7416.T,はるやまホールディングス,2023-09,CONTINUE,12,47.3,52.34,True,True,5.04,2022-10,413.0,534.0,534.0,29.3,414.0,426.05,465.49,False,False,False,False,False,False,False,28943.0,592.0,-30.24,False,1.66,2.77,1.0,False,4,True,-14.01,1.96,False,False,,tv_wilder_rsi14_sma5_v1,52.34,47.3,True,True,5.04
8593,8593.T,三菱ＨＣキャピタル,2023-09,CONTINUE,9,75.94,80.98,True,True,5.04,2023-01,662.0,996.0,996.0,50.45,651.6,642.8,634.39,True,True,True,True,True,False,True,4070967.0,687.0,-3.64,False,0.82,0.99,0.9,True,2,True,6.9,0.53,False,False,,tv_wilder_rsi14_sma5_v1,80.98,75.94,True,True,5.04
8596,8596.T,九州リースサービス,2023-09,NEW,1,64.95,69.97,False,True,5.03,2023-09,1036.0,1036.0,1036.0,0.0,926.24,886.16,843.0,True,True,True,True,True,True,True,78677.0,1104.0,-6.16,False,1.77,3.83,1.36,False,2,True,35.02,9.21,False,False,,tv_wilder_rsi14_sma5_v1,69.97,64.95,True,False,5.03
8881,8881.T,日神グループホールディングス,2023-09,CONTINUE,4,59.03,64.04,True,True,5.01,2023-06,516.0,540.0,540.0,4.65,498.72,473.68,452.18,True,True,True,True,True,True,True,143587.0,544.0,-5.15,False,0.61,2.16,0.77,True,2,True,17.88,4.39,False,False,,tv_wilder_rsi14_sma5_v1,64.04,59.03,True,True,5.01
1961,1961.T,三機工業,2023-09,CONTINUE,4,55.19,60.18,True,True,4.99,2023-06,504.33,541.0,541.0,7.27,499.04,495.56,511.86,True,True,False,False,True,False,False,303590.0,572.0,-11.83,False,0.73,0.98,1.03,False,4,True,-0.46,1.61,False,False,,tv_wilder_rsi14_sma5_v1,60.18,55.19,True,True,4.99
4249,4249.T,森六,2023-09,CONTINUE,9,58.31,63.3,True,True,4.99,2023-01,1776.0,2245.0,2245.0,26.41,1729.52,1727.88,1768.93,True,True,True,False,True,False,False,26673.0,2025.0,-12.3,False,0.9,1.18,1.16,False,3,True,-1.18,0.91,False,False,,tv_wilder_rsi14_sma5_v1,63.3,58.31,True,True,4.99
6302,6302.T,住友重機械工業,2023-09,CONTINUE,4,60.6,65.59,True,True,4.99,2023-06,3438.0,3792.0,3792.0,10.3,3347.76,3235.72,2996.29,True,True,True,True,True,True,True,556923.0,3538.0,-2.83,False,0.93,1.91,0.88,True,2,True,14.08,2.73,False,False,,tv_wilder_rsi14_sma5_v1,65.59,60.6,True,True,4.99
1429,1429.T,日本アクア,2023-09,CONTINUE,2,65.64,70.62,True,True,4.98,2023-08,1019.0,1042.0,1042.0,2.26,966.64,911.28,890.8,True,True,True,True,True,True,True,181373.0,1115.0,-8.61,False,0.58,4.66,0.8,True,2,True,22.98,2.01,False,False,,tv_wilder_rsi14_sma5_v1,70.62,65.64,True,True,4.98
2742,2742.T,ハローズ,2023-09,CONTINUE,9,66.45,71.42,True,True,4.97,2023-01,3180.0,4200.0,4200.0,32.08,3023.6,2981.09,3042.41,True,True,True,False,True,True,True,25293.0,3360.0,-5.36,False,1.41,1.72,0.98,True,1,True,6.16,1.4,False,False,,tv_wilder_rsi14_sma5_v1,71.42,66.45,True,True,4.97
7461,7461.T,キムラ,2023-09,CONTINUE,4,49.99,54.96,True,True,4.97,2023-06,536.0,566.0,566.0,5.6,527.36,524.99,557.92,True,True,False,False,True,False,False,1780.0,635.0,-15.59,False,1.54,0.77,1.32,False,4,True,-3.01,0.99,False,False,,tv_wilder_rsi14_sma5_v1,54.96,49.99,True,True,4.97
3723,3723.T,日本ファルコム,2023-09,CONTINUE,5,49.24,54.19,True,True,4.96,2023-05,1219.0,1333.0,1333.0,9.35,1211.32,1211.12,1237.16,True,True,False,False,True,False,False,3663.0,1401.0,-12.99,False,0.66,1.18,0.8,True,4,False,-1.67,1.52,False,False,,tv_wilder_rsi14_sma5_v1,54.19,49.24,True,True,4.96
8750,8750.T,第一ライフグループ,2023-09,CONTINUE,4,57.07,62.03,True,True,4.96,2023-06,684.5,774.25,774.25,13.11,649.6,627.86,650.21,True,True,True,False,True,False,True,20457333.0,782.5,-12.52,False,0.64,2.02,0.93,True,2,True,8.06,4.36,False,False,,tv_wilder_rsi14_sma5_v1,62.03,57.07,True,True,4.96
1871,1871.T,ピーエス・コンストラクション,2023-09,CONTINUE,9,69.1,74.05,True,True,4.95,2023-01,633.0,835.0,835.0,31.91,613.24,608.44,608.83,True,True,True,False,True,False,True,43213.0,669.0,-5.38,False,1.0,1.13,1.15,False,2,True,4.81,2.44,False,False,,tv_wilder_rsi14_sma5_v1,74.05,69.1,True,True,4.95
6231,6231.T,木村工機,2023-09,CONTINUE,9,66.49,71.44,True,False,4.95,2023-01,1410.0,3410.0,3410.0,141.84,1358.96,1319.57,1416.72,True,True,False,False,True,True,False,1717.0,2038.0,-30.81,False,0.72,2.49,0.77,True,4,True,-6.27,2.16,False,False,,tv_wilder_rsi14_sma5_v1,71.44,66.49,False,True,4.95
6380,6380.T,オリエンタルチエン工業,2023-09,NEW,1,84.59,89.52,True,True,4.93,2023-09,2071.0,2071.0,2071.0,0.0,1598.64,1507.11,1236.28,True,True,True,True,True,True,True,5983.0,1960.0,5.66,True,2.76,4.41,1.51,False,2,True,101.92,18.93,True,True,BOTH,tv_wilder_rsi14_sma5_v1,89.52,84.59,True,True,4.93
7833,7833.T,アイフィスジャパン,2023-09,NEW,1,45.19,50.13,True,True,4.93,2023-09,636.0,636.0,636.0,0.0,607.0,607.36,606.83,True,True,True,False,True,False,False,9093.0,648.0,-1.85,False,0.88,1.26,1.58,False,1,True,3.84,2.4,False,False,,tv_wilder_rsi14_sma5_v1,50.13,45.19,True,True,4.93
8139,8139.T,ナガホリ,2023-09,CONTINUE,2,58.18,63.1,True,True,4.92,2023-08,1149.0,1269.0,1269.0,10.44,1048.68,981.99,1000.57,True,True,True,False,True,True,False,70547.0,1781.0,-35.49,False,2.19,4.5,1.13,False,3,True,18.26,9.32,False,False,,tv_wilder_rsi14_sma5_v1,63.1,58.18,True,True,4.92
9322,9322.T,川西倉庫,2023-09,CONTINUE,4,47.77,52.69,True,True,4.92,2023-06,1030.0,1088.0,1088.0,5.63,1014.36,1011.8,1006.28,True,True,True,True,True,False,False,2733.0,1296.0,-20.52,False,1.04,0.92,1.31,False,3,True,0.16,1.74,False,False,,tv_wilder_rsi14_sma5_v1,52.69,47.77,True,True,4.92
4004,4004.T,レゾナック・ホールディングス,2023-09,CONTINUE,4,49.2,54.11,True,True,4.91,2023-06,2326.0,2505.0,2505.0,7.7,2250.9,2181.83,2177.82,True,True,True,True,True,True,True,1641773.0,2520.0,-7.7,False,1.07,2.69,1.01,False,2,True,5.65,3.6,False,False,,tv_wilder_rsi14_sma5_v1,54.11,49.2,True,True,4.91
7347,7347.T,マーキュリアホールディングス,2023-09,CONTINUE,4,55.54,60.43,True,True,4.89,2023-06,766.0,834.0,834.0,8.88,739.56,722.52,674.65,True,True,True,True,True,False,True,56850.0,849.0,-9.78,False,0.91,3.04,1.03,False,2,True,19.41,3.08,False,False,,tv_wilder_rsi14_sma5_v1,60.43,55.54,True,True,4.89
1840,1840.T,土屋ホールディングス,2023-09,CONTINUE,7,60.2,65.08,True,True,4.88,2023-03,195.0,252.0,252.0,29.23,196.84,192.88,201.72,False,True,False,False,True,False,True,49830.0,297.0,-34.34,False,0.34,1.65,0.83,True,4,True,4.4,1.03,False,False,,tv_wilder_rsi14_sma5_v1,65.08,60.2,True,True,4.88
7823,7823.T,アートネイチャー,2023-09,CONTINUE,3,55.61,60.49,True,True,4.88,2023-07,782.0,815.0,815.0,4.22,770.2,767.48,761.44,True,True,True,True,True,True,True,34730.0,800.0,-2.25,False,1.15,1.56,1.1,False,1,True,2.86,0.37,False,False,,tv_wilder_rsi14_sma5_v1,60.49,55.61,True,True,4.88
7871,7871.T,フクビ化学工業,2023-09,CONTINUE,8,68.93,73.81,True,False,4.88,2023-02,593.0,763.0,763.0,28.67,573.88,572.85,584.44,True,True,True,False,True,True,False,6770.0,633.0,-6.32,False,1.23,1.64,1.16,False,3,True,-0.38,1.28,False,False,,tv_wilder_rsi14_sma5_v1,73.81,68.93,False,True,4.88
6653,6653.T,正興電機製作所,2023-09,CONTINUE,4,47.8,52.67,True,True,4.87,2023-06,1072.0,1192.0,1192.0,11.19,1016.64,1013.2,1002.16,True,True,True,True,True,True,False,50670.0,1225.0,-12.49,False,1.79,1.84,1.13,False,3,True,4.8,3.4,False,False,,tv_wilder_rsi14_sma5_v1,52.67,47.8,True,True,4.87
7646,7646.T,ＰＬＡＮＴ,2023-09,CONTINUE,10,57.14,62.0,True,True,4.87,2022-12,647.0,794.0,794.0,22.72,635.92,636.48,652.28,True,True,False,False,True,False,False,12877.0,741.0,-12.69,False,0.86,0.73,1.02,False,4,True,-1.94,1.21,False,False,,tv_wilder_rsi14_sma5_v1,62.0,57.14,True,True,4.87
9007,9007.T,小田急電鉄,2023-09,CONTINUE,7,51.26,56.11,True,True,4.86,2023-03,1720.0,2234.5,2234.5,29.91,1654.36,1666.04,1767.47,True,True,False,False,True,False,False,1199000.0,2171.0,-20.77,False,1.42,2.23,1.13,False,4,True,-5.7,2.45,False,False,,tv_wilder_rsi14_sma5_v1,56.11,51.26,True,True,4.86
1766,1766.T,東建コーポレーション,2023-09,CONTINUE,2,43.62,48.47,True,True,4.85,2023-08,7670.0,7980.0,7980.0,4.04,7501.2,7483.87,7637.2,True,True,True,False,True,False,False,22267.0,9210.0,-16.72,False,1.19,1.21,0.97,True,3,True,-3.07,1.48,False,False,,tv_wilder_rsi14_sma5_v1,48.47,43.62,True,True,4.85
4765,4765.T,ＳＢＩグローバルアセットマネジメント,2023-09,CONTINUE,4,56.92,61.77,True,True,4.85,2023-06,512.0,561.0,561.0,9.57,500.8,496.41,477.24,True,True,True,True,True,True,True,104847.0,533.0,-3.94,False,0.81,1.59,1.16,False,2,True,7.79,2.77,False,False,,tv_wilder_rsi14_sma5_v1,61.77,56.92,True,True,4.85
7150,7150.T,島根銀行,2023-09,CONTINUE,3,46.17,51.03,True,True,4.85,2023-07,530.0,539.0,539.0,1.7,494.24,486.03,476.43,True,True,True,True,True,True,True,18347.0,567.0,-6.53,False,1.7,1.89,1.26,False,2,True,11.93,3.62,True,False,,tv_wilder_rsi14_sma5_v1,51.03,46.17,True,True,4.85
7283,7283.T,愛三工業,2023-09,CONTINUE,9,74.76,79.61,True,True,4.85,2023-01,750.0,1337.0,1337.0,78.27,695.52,697.73,707.59,True,True,True,False,True,False,False,83980.0,775.0,-3.23,False,1.0,1.5,1.15,False,1,True,6.79,4.32,False,False,,tv_wilder_rsi14_sma5_v1,79.61,74.76,True,True,4.85
8061,8061.T,西華産業,2023-09,CONTINUE,2,62.13,66.99,False,True,4.85,2023-08,705.67,745.0,745.0,5.57,656.61,662.1,616.83,True,True,True,False,False,False,True,61060.0,779.67,-9.49,False,1.17,2.05,1.09,False,2,True,19.96,6.04,False,False,,tv_wilder_rsi14_sma5_v1,66.99,62.13,True,False,4.85
8015,8015.T,豊田通商,2023-09,CONTINUE,9,76.25,81.1,True,True,4.84,2023-01,1820.0,2931.67,2931.67,61.08,1683.93,1681.22,1605.96,True,True,True,True,False,True,True,1988870.0,1816.67,0.18,True,0.78,1.84,1.13,False,2,True,15.48,5.61,False,False,,tv_wilder_rsi14_sma5_v1,81.1,76.25,True,True,4.84
9742,9742.T,アイネス,2023-09,CONTINUE,6,54.17,59.0,True,False,4.83,2023-04,1387.0,1644.0,1644.0,18.53,1339.16,1345.88,1442.49,True,True,False,False,False,False,False,33763.0,1719.0,-19.31,False,1.39,1.47,1.16,False,4,True,-4.99,0.55,True,False,,tv_wilder_rsi14_sma5_v1,59.0,54.17,False,True,4.83
3289,3289.T,東急不動産ホールディングス,2023-09,CONTINUE,6,65.87,70.69,True,True,4.82,2023-04,687.0,919.0,919.0,33.77,647.6,642.67,695.88,True,True,False,False,True,False,False,2587633.0,812.0,-15.39,False,1.14,1.47,1.09,False,4,True,-0.05,1.49,True,False,,tv_wilder_rsi14_sma5_v1,70.69,65.87,True,True,4.82
4247,4247.T,ポバール興業,2023-09,NEW,1,53.77,58.59,,True,4.82,2023-09,1215.0,1215.0,1215.0,0.0,1218.56,1183.68,1131.84,False,True,True,True,True,True,True,893.0,1256.0,-3.26,False,1.14,1.26,0.88,True,2,True,10.95,-0.23,False,False,,tv_wilder_rsi14_sma5_v1,58.59,53.77,True,,4.82
6159,6159.T,ミクロン精密,2023-09,CONTINUE,4,61.37,66.2,True,True,4.82,2023-06,1415.0,1571.0,1571.0,11.02,1422.16,1401.56,1384.93,False,True,True,True,True,True,True,750.0,1495.0,-5.35,False,0.21,0.99,0.54,True,2,True,8.09,0.83,False,False,,tv_wilder_rsi14_sma5_v1,66.2,61.37,True,True,4.82
7208,7208.T,カネミツ,2023-09,CONTINUE,4,59.85,64.67,True,True,4.82,2023-06,771.0,812.0,812.0,5.32,761.96,766.89,745.16,True,True,True,False,False,False,True,1620.0,873.0,-11.68,False,0.46,0.95,0.88,True,2,False,4.8,0.5,False,False,,tv_wilder_rsi14_sma5_v1,64.67,59.85,True,True,4.82
3193,3193.T,エターナルホスピタリティグループ,2023-09,CONTINUE,6,62.21,67.02,True,False,4.81,2023-04,1131.0,1527.5,1527.5,35.06,1083.32,1050.5,1088.01,True,True,True,False,True,True,False,176507.0,1277.5,-11.47,False,0.75,1.77,1.0,True,3,True,12.22,4.26,False,False,,tv_wilder_rsi14_sma5_v1,67.02,62.21,False,True,4.81
8562,8562.T,福島銀行,2023-09,CONTINUE,3,46.46,51.27,True,True,4.81,2023-07,230.0,241.0,241.0,4.78,215.88,218.4,227.71,True,True,True,False,True,False,True,190177.0,279.0,-17.56,False,1.92,1.8,1.02,False,2,True,1.14,2.54,True,False,,tv_wilder_rsi14_sma5_v1,51.27,46.46,True,True,4.81
2918,2918.T,わらべや日洋ホールディングス,2023-09,CONTINUE,6,62.78,67.59,True,True,4.8,2023-04,2237.0,2826.0,2826.0,26.33,1995.12,1907.35,1989.72,True,True,True,False,True,True,True,118627.0,2349.0,-4.77,False,1.46,3.71,1.02,False,1,True,18.94,9.78,False,False,,tv_wilder_rsi14_sma5_v1,67.59,62.78,True,True,4.8
7683,7683.T,ダブルエー,2023-09,CONTINUE,12,69.91,74.71,True,True,4.8,2022-10,632.5,1242.5,1242.5,96.44,605.21,610.39,627.0,True,True,True,False,False,True,False,10267.0,836.25,-24.36,False,0.42,0.87,0.91,True,3,True,-3.95,3.06,False,False,,tv_wilder_rsi14_sma5_v1,74.71,69.91,True,True,4.8
4042,4042.T,東ソー,2023-09,CONTINUE,3,52.02,56.79,True,True,4.77,2023-07,1856.5,1918.0,1918.0,3.31,1756.38,1736.7,1694.37,True,True,True,True,True,False,True,2078993.0,1898.0,-2.19,False,0.83,1.39,0.91,True,2,True,7.49,2.51,False,False,,tv_wilder_rsi14_sma5_v1,56.79,52.02,True,True,4.77
8411,8411.T,みずほフィナンシャルグループ,2023-09,CONTINUE,4,71.96,76.73,True,True,4.77,2023-06,2199.0,2541.0,2541.0,15.55,2123.28,2016.17,1887.87,True,True,True,True,True,True,True,11031587.0,2238.0,-1.74,False,0.89,1.79,0.99,True,2,True,25.41,2.35,False,False,,tv_wilder_rsi14_sma5_v1,76.73,71.96,True,True,4.77
8604,8604.T,野村ホールディングス,2023-09,CONTINUE,4,55.6,60.37,True,True,4.77,2023-06,547.2,599.1,599.1,9.48,527.99,510.65,506.89,True,True,True,True,True,False,True,14711847.0,573.9,-4.65,False,0.74,2.55,1.04,False,2,True,9.89,4.08,False,False,,tv_wilder_rsi14_sma5_v1,60.37,55.6,True,True,4.77
9651,9651.T,日本プロセス,2023-09,NEW,1,61.53,66.3,False,True,4.77,2023-09,1005.0,1005.0,1005.0,0.0,950.16,931.89,921.64,True,True,True,True,True,True,True,6687.0,1040.0,-3.37,False,2.38,1.31,1.32,False,2,True,12.7,1.91,True,False,,tv_wilder_rsi14_sma5_v1,66.3,61.53,True,False,4.77
1417,1417.T,ミライト・ワン,2023-09,CONTINUE,11,57.98,62.74,True,True,4.76,2022-11,1514.0,1966.5,1966.5,29.89,1466.96,1508.47,1674.08,True,True,False,False,True,False,False,239643.0,2070.0,-26.86,False,0.95,1.55,0.89,True,4,True,-13.27,3.46,False,False,,tv_wilder_rsi14_sma5_v1,62.74,57.98,True,True,4.76
3848,3848.T,データ・アプリケーション,2023-09,CONTINUE,2,58.33,63.09,True,False,4.76,2023-08,978.0,972.0,972.0,-0.61,969.76,913.03,904.79,True,True,True,True,True,True,True,12360.0,1081.5,-9.57,False,0.61,3.26,0.58,True,2,False,14.6,-0.16,False,False,,tv_wilder_rsi14_sma5_v1,63.09,58.33,False,True,4.76
7769,7769.T,リズム,2023-09,NEW,1,56.03,60.79,False,True,4.76,2023-09,1839.0,1839.0,1839.0,0.0,1748.92,1650.92,1700.94,True,True,True,False,True,True,True,16273.0,2087.0,-11.88,False,1.48,4.19,1.15,False,2,True,11.63,2.21,True,False,,tv_wilder_rsi14_sma5_v1,60.79,56.03,True,False,4.76
7906,7906.T,ヨネックス,2023-09,NEW,1,59.03,63.78,False,True,4.75,2023-09,1598.0,1598.0,1598.0,0.0,1495.0,1414.65,1365.83,True,True,True,True,True,True,True,242113.0,1746.0,-8.48,False,1.44,3.96,1.36,False,2,True,19.05,8.42,False,False,,tv_wilder_rsi14_sma5_v1,63.78,59.03,True,False,4.75
5410,5410.T,合同製鐵,2023-09,CONTINUE,4,75.8,80.54,True,True,4.74,2023-06,3650.0,4590.0,4590.0,25.75,3392.2,3265.56,2650.55,True,True,True,True,True,False,True,122317.0,3940.0,-7.36,False,0.97,2.67,1.0,False,2,True,75.73,8.13,False,False,,tv_wilder_rsi14_sma5_v1,80.54,75.8,True,True,4.74
7201,7201.T,日産自動車,2023-09,CONTINUE,9,56.62,61.37,True,True,4.74,2023-01,463.3,660.3,660.3,42.52,429.29,458.17,496.45,True,True,False,False,False,False,False,18912170.0,643.0,-27.95,False,1.11,2.42,1.18,False,4,True,-9.86,2.76,True,False,,tv_wilder_rsi14_sma5_v1,61.37,56.62,True,True,4.74
7938,7938.T,リーガルコーポレーション,2023-09,CONTINUE,5,52.76,57.5,True,True,4.74,2023-05,1896.0,2050.0,2050.0,8.12,1889.72,1906.88,1872.64,True,False,True,False,True,False,True,2443.0,1983.0,-4.39,False,0.69,0.85,0.91,True,2,True,0.96,0.45,False,False,,tv_wilder_rsi14_sma5_v1,57.5,52.76,True,True,4.74
4347,4347.T,ブロードメディア,2023-09,CONTINUE,9,75.43,80.16,True,True,4.73,2023-01,1034.0,1969.0,1969.0,90.43,1018.48,996.56,1020.96,True,True,True,False,True,True,True,75093.0,1250.0,-17.28,False,0.95,2.68,0.98,True,2,True,8.55,1.12,False,False,,tv_wilder_rsi14_sma5_v1,80.16,75.43,True,True,4.73
7305,7305.T,新家工業,2023-09,CONTINUE,4,65.39,70.12,True,True,4.73,2023-06,1174.0,1409.5,1409.5,20.06,1124.92,1091.7,1074.94,True,True,True,True,True,False,True,71707.0,1335.0,-12.06,False,0.95,1.72,0.99,True,2,True,26.01,5.48,False,False,,tv_wilder_rsi14_sma5_v1,70.12,65.39,True,True,4.73
9369,9369.T,キユーソー流通システム,2023-09,NEW,1,47.48,52.21,True,True,4.73,2023-09,1015.0,1015.0,1015.0,0.0,957.56,940.8,954.77,True,True,True,False,True,False,False,33020.0,1417.0,-28.37,False,2.52,1.56,1.17,False,3,True,-1.15,0.46,True,False,,tv_wilder_rsi14_sma5_v1,52.21,47.48,True,True,4.73
4337,4337.T,ぴあ,2023-09,CONTINUE,7,52.74,57.46,True,True,4.72,2023-03,3210.0,3680.0,3680.0,14.64,3226.2,3184.4,3258.32,False,True,False,False,True,False,True,21470.0,3785.0,-15.19,False,1.63,2.25,0.98,True,4,False,-0.49,0.13,False,False,,tv_wilder_rsi14_sma5_v1,57.46,52.74,True,True,4.72
1407,1407.T,ウエストホールディングス,2023-09,CONTINUE,2,41.93,46.63,True,True,4.71,2023-08,2831.0,3215.0,3215.0,13.56,2604.92,2671.63,3317.57,True,True,False,False,False,False,False,354350.0,4850.0,-41.63,False,1.62,3.93,1.18,False,4,True,-17.34,4.57,False,False,,tv_wilder_rsi14_sma5_v1,46.63,41.93,True,True,4.71
3524,3524.T,日東製網,2023-09,CONTINUE,2,48.46,53.18,True,True,4.71,2023-08,1446.0,1518.0,1518.0,4.98,1423.36,1401.97,1457.61,True,True,False,False,True,False,True,6580.0,1692.0,-14.54,False,0.68,1.03,0.82,True,1,True,3.38,1.02,False,False,,tv_wilder_rsi14_sma5_v1,53.18,48.46,True,True,4.71
4736,4736.T,日本ラッド,2023-09,CONTINUE,12,60.54,65.25,True,True,4.71,2022-10,448.0,822.0,822.0,83.48,433.52,450.91,474.01,True,False,False,False,False,False,False,4163.0,633.0,-29.23,False,2.21,2.52,1.39,False,4,True,-10.84,2.98,False,False,,tv_wilder_rsi14_sma5_v1,65.25,60.54,True,True,4.71
7434,7434.T,オータケ,2023-09,CONTINUE,3,53.28,57.97,True,True,4.7,2023-07,1688.0,1801.0,1801.0,6.69,1682.88,1710.35,1693.24,True,False,False,False,True,True,True,1567.0,1850.0,-8.76,False,0.46,1.61,1.0,False,1,False,-1.37,-1.59,False,False,,tv_wilder_rsi14_sma5_v1,57.97,53.28,True,True,4.7
1964,1964.T,中外炉工業,2023-09,CONTINUE,10,63.89,68.58,True,True,4.69,2022-12,1618.0,2228.0,2228.0,37.7,1601.48,1583.28,1612.6,True,True,True,False,True,False,True,12563.0,1825.0,-11.34,False,0.71,1.7,0.96,True,2,True,0.7,1.7,False,False,,tv_wilder_rsi14_sma5_v1,68.58,63.89,True,True,4.69
1663,1663.T,Ｋ＆Ｏエナジーグループ,2023-09,CONTINUE,3,63.15,67.82,True,True,4.68,2023-07,1180.0,1309.0,1309.0,10.93,1139.54,1151.3,1088.67,True,True,True,False,False,True,True,154867.0,1277.5,-7.63,False,1.04,2.19,0.93,True,2,False,18.31,-3.27,False,False,,tv_wilder_rsi14_sma5_v1,67.82,63.15,True,True,4.68
9619,9619.T,イチネンホールディングス,2023-09,NEW,1,55.29,59.97,True,True,4.68,2023-09,1437.0,1437.0,1437.0,0.0,1400.2,1362.68,1313.96,True,True,True,True,True,True,True,30237.0,1481.0,-2.97,False,1.66,1.98,1.22,False,2,True,10.6,2.06,False,False,,tv_wilder_rsi14_sma5_v1,59.97,55.29,True,True,4.68
1815,1815.T,鉄建建設,2023-09,CONTINUE,9,57.54,62.22,True,True,4.67,2023-01,1828.0,2127.0,2127.0,16.36,1774.44,1770.57,1790.88,True,True,True,False,True,False,False,20493.0,1992.0,-8.23,False,1.4,0.97,1.11,False,3,True,1.78,2.07,False,False,,tv_wilder_rsi14_sma5_v1,62.22,57.54,True,True,4.67
3315,3315.T,日本コークス工業,2023-09,CONTINUE,9,54.03,58.7,True,True,4.67,2023-01,92.0,123.0,123.0,33.7,88.96,87.6,105.86,True,True,False,False,True,False,False,1099370.0,197.0,-53.3,False,1.85,2.87,1.22,False,4,True,-14.88,4.2,False,False,,tv_wilder_rsi14_sma5_v1,58.7,54.03,True,True,4.67
3841,3841.T,ジーダット,2023-09,CONTINUE,5,58.95,63.62,True,True,4.67,2023-05,855.0,1021.0,1021.0,19.42,850.6,850.16,844.55,True,True,True,True,False,True,True,2590.0,1057.0,-19.11,False,0.87,1.08,0.98,True,2,True,2.79,0.46,False,False,,tv_wilder_rsi14_sma5_v1,63.62,58.95,True,True,4.67
3771,3771.T,システムリサーチ,2023-09,NEW,1,64.11,68.77,True,True,4.66,2023-09,1462.0,1462.0,1462.0,0.0,1346.3,1315.53,1193.52,True,True,True,True,True,True,True,62940.0,1500.0,-2.53,False,1.5,2.66,1.16,False,2,True,29.89,5.88,False,False,,tv_wilder_rsi14_sma5_v1,68.77,64.11,True,True,4.66
4709,4709.T,ＩＤホールディングス,2023-09,CONTINUE,15,78.46,83.11,True,True,4.66,2022-07,424.5,720.0,720.0,69.61,420.22,418.25,429.42,True,True,False,False,False,False,False,38527.0,,,,1.4,1.95,1.01,False,4,True,,,,False,,tv_wilder_rsi14_sma5_v1,83.11,78.46,True,True,4.66
5844,5844.T,京都フィナンシャルグループ,2023-09,CONTINUE,11,72.11,76.77,True,True,4.66,2022-11,1425.0,2125.75,2125.75,49.18,1375.1,1365.33,1369.08,True,True,True,False,True,False,True,783440.0,1522.5,-6.4,False,1.2,2.62,1.12,False,2,True,5.54,4.51,False,False,,tv_wilder_rsi14_sma5_v1,76.77,72.11,True,True,4.66
2597,2597.T,ユニカフェ,2023-09,CONTINUE,6,46.74,51.39,True,True,4.65,2023-04,909.0,953.0,953.0,4.84,903.2,898.12,923.25,True,True,False,False,True,False,False,9323.0,1000.0,-9.1,False,2.06,0.55,0.93,True,1,True,-0.72,1.24,False,False,,tv_wilder_rsi14_sma5_v1,51.39,46.74,True,True,4.65
2798,2798.T,ワイズテーブルコーポレーション,2023-09,CONTINUE,6,69.2,73.84,True,False,4.65,2023-04,1969.0,2595.0,2595.0,31.79,1930.48,1928.24,1925.47,True,True,True,True,True,True,True,1237.0,2019.0,-2.48,False,1.31,0.49,1.34,False,1,True,2.98,0.82,True,False,,tv_wilder_rsi14_sma5_v1,73.84,69.2,False,True,4.65
7994,7994.T,オカムラ,2023-09,CONTINUE,6,77.49,82.13,True,True,4.64,2023-04,1446.0,2261.0,2261.0,56.36,1363.6,1362.77,1357.36,True,True,True,True,True,False,True,120750.0,1504.0,-3.86,False,1.09,1.63,0.91,True,2,True,9.38,2.08,True,False,,tv_wilder_rsi14_sma5_v1,82.13,77.49,True,True,4.64
9640,9640.T,セゾンテクノロジー,2023-09,CONTINUE,4,50.61,55.25,True,True,4.64,2023-06,1846.0,1946.0,1946.0,5.42,1817.2,1825.43,1814.73,True,True,True,False,False,False,True,1820.0,1918.0,-3.75,False,0.9,0.68,1.13,False,2,True,3.37,1.33,True,False,,tv_wilder_rsi14_sma5_v1,55.25,50.61,True,True,4.64
9008,9008.T,京王電鉄,2023-09,CONTINUE,3,44.55,49.18,True,True,4.63,2023-07,944.8,1028.4,1028.4,8.85,890.74,959.49,967.84,True,False,False,False,False,False,False,2612367.0,1118.0,-15.49,False,1.19,1.57,1.05,False,4,True,-4.21,2.03,False,False,,tv_wilder_rsi14_sma5_v1,49.18,44.55,True,True,4.63
1813,1813.T,不動テトラ,2023-09,NEW,1,61.71,66.33,True,True,4.62,2023-09,2007.0,2007.0,2007.0,0.0,1949.2,1876.93,1724.19,True,True,True,True,True,True,True,60813.0,2086.0,-3.79,False,1.25,2.27,1.18,False,2,True,22.05,3.86,False,False,,tv_wilder_rsi14_sma5_v1,66.33,61.71,True,True,4.62
8617,8617.T,光世証券,2023-09,CONTINUE,9,56.2,60.82,True,False,4.62,2023-01,363.0,608.0,608.0,67.49,360.96,369.96,419.6,True,False,False,False,False,False,False,12207.0,515.0,-29.51,False,1.19,1.75,0.86,True,4,True,-14.21,1.45,False,False,,tv_wilder_rsi14_sma5_v1,60.82,56.2,False,True,4.62
2914,2914.T,日本たばこ産業,2023-09,CONTINUE,18,75.48,80.09,True,True,4.61,2022-04,2223.5,3440.0,3440.0,54.71,2153.58,2206.39,,True,True,,,True,False,,6046930.0,,,,1.1,1.2,0.89,True,1,True,,,,False,,tv_wilder_rsi14_sma5_v1,80.09,75.48,True,True,4.61
3386,3386.T,コスモ・バイオ,2023-09,CONTINUE,3,38.3,42.91,True,True,4.61,2023-07,950.0,981.0,981.0,3.26,949.2,946.68,979.25,True,True,False,False,True,False,False,12833.0,1117.0,-14.95,False,0.52,1.02,1.06,False,4,True,-4.73,0.36,False,False,,tv_wilder_rsi14_sma5_v1,42.91,38.3,True,True,4.61
4028,4028.T,石原産業,2023-09,CONTINUE,7,66.04,70.64,True,True,4.61,2023-03,1115.0,1481.0,1481.0,32.83,1119.32,1087.73,1064.54,False,True,True,True,True,True,True,236347.0,1262.0,-11.65,False,0.68,2.92,0.78,True,2,False,7.5,0.77,False,False,,tv_wilder_rsi14_sma5_v1,70.64,66.04,True,True,4.61
8194,8194.T,ライフコーポレーション,2023-09,CONTINUE,6,56.46,61.06,True,True,4.6,2023-04,1438.0,1820.0,1820.0,26.56,1362.66,1354.01,1303.82,True,True,True,True,True,True,True,224933.0,1525.0,-5.7,False,0.9,2.4,0.82,True,1,True,8.22,4.53,False,False,,tv_wilder_rsi14_sma5_v1,61.06,56.46,True,True,4.6
9059,9059.T,カンダホールディングス,2023-09,CONTINUE,5,76.35,80.95,True,True,4.6,2023-05,656.5,755.0,755.0,15.0,615.6,596.92,574.82,True,True,True,True,True,True,True,6033.0,665.0,-1.28,False,0.62,1.8,0.71,True,2,True,15.24,5.22,False,False,,tv_wilder_rsi14_sma5_v1,80.95,76.35,True,True,4.6
6763,6763.T,帝国通信工業,2023-09,CONTINUE,4,67.28,71.87,True,False,4.59,2023-06,1680.0,1846.0,1846.0,9.88,1595.16,1543.6,1477.62,True,True,True,True,True,True,True,15247.0,1690.0,-0.59,False,0.84,1.89,1.1,False,2,True,18.03,4.73,False,False,,tv_wilder_rsi14_sma5_v1,71.87,67.28,False,True,4.59
6484,6484.T,ＫＶＫ,2023-09,CONTINUE,5,48.6,53.16,True,True,4.56,2023-05,1559.0,1820.0,1820.0,16.74,1563.64,1530.19,1610.99,False,True,False,False,True,True,False,3390.0,2300.0,-32.22,False,0.38,1.98,0.98,True,4,False,-7.11,1.01,False,False,,tv_wilder_rsi14_sma5_v1,53.16,48.6,True,True,4.56
8795,8795.T,Ｔ＆Ｄホールディングス,2023-09,CONTINUE,4,64.8,69.36,True,True,4.56,2023-06,2105.5,2468.0,2468.0,17.22,2026.94,1811.07,1755.29,True,True,True,True,True,True,True,2535813.0,2187.0,-3.73,False,0.75,2.34,0.99,True,2,True,28.08,4.43,False,False,,tv_wilder_rsi14_sma5_v1,69.36,64.8,True,True,4.56
6448,6448.T,ブラザー工業,2023-09,CONTINUE,6,51.67,56.23,True,False,4.55,2023-04,2124.0,2408.5,2408.5,13.39,2030.32,1995.45,2250.84,True,True,False,False,True,True,False,722747.0,2690.0,-21.04,False,1.14,1.53,0.87,True,4,True,-5.5,1.2,False,False,,tv_wilder_rsi14_sma5_v1,56.23,51.67,False,True,4.55
4369,4369.T,トリケミカル研究所,2023-09,CONTINUE,5,52.76,57.3,True,True,4.54,2023-05,2473.0,3100.0,3100.0,25.35,2316.92,2335.09,2275.81,True,True,True,False,True,True,True,247717.0,2858.0,-13.47,False,1.84,3.18,1.27,False,2,True,3.67,4.57,False,False,,tv_wilder_rsi14_sma5_v1,57.3,52.76,True,True,4.54
9436,9436.T,沖縄セルラー電話,2023-09,CONTINUE,2,62.52,67.07,True,True,4.54,2023-08,1575.0,1610.0,1610.0,2.22,1517.36,1492.87,1491.48,True,True,True,True,True,True,True,135440.0,1620.0,-2.78,False,0.93,1.11,1.0,False,2,True,9.87,2.37,True,True,MVP,tv_wilder_rsi14_sma5_v1,67.07,62.52,True,True,4.54
6305,6305.T,日立建機,2023-09,CONTINUE,12,66.83,71.35,True,True,4.52,2022-10,2914.0,4546.0,4546.0,56.01,2728.96,2848.2,2968.51,True,True,False,False,False,False,False,957190.0,3785.0,-23.01,False,1.71,2.26,0.96,True,4,True,-5.43,2.05,False,False,,tv_wilder_rsi14_sma5_v1,71.35,66.83,True,True,4.52
7883,7883.T,サンメッセ,2023-09,CONTINUE,4,47.05,51.57,True,True,4.52,2023-06,366.0,372.0,372.0,1.64,361.96,361.73,363.42,True,True,True,False,True,False,False,2370.0,391.0,-6.39,False,0.81,0.8,1.07,False,1,False,1.46,0.99,False,False,,tv_wilder_rsi14_sma5_v1,51.57,47.05,True,True,4.52
2588,2588.T,プレミアムウォーターホールディングス,2023-09,CONTINUE,4,52.61,57.12,True,True,4.51,2023-06,2588.0,2873.0,2873.0,11.01,2528.88,2500.83,2460.28,True,True,True,True,True,False,False,11333.0,2924.0,-11.49,False,0.65,2.14,1.2,False,1,True,5.72,1.9,False,False,,tv_wilder_rsi14_sma5_v1,57.12,52.61,True,True,4.51
4060,4060.T,ｒａｋｕｍｏ,2023-09,CONTINUE,4,37.78,42.29,True,False,4.51,2023-06,993.0,1224.0,1224.0,23.26,937.6,922.09,920.65,True,True,True,True,True,True,False,21263.0,1092.0,-9.07,False,0.54,2.83,1.24,False,1,True,11.02,7.38,False,False,,tv_wilder_rsi14_sma5_v1,42.29,37.78,False,True,4.51
9119,9119.T,飯野海運,2023-09,CONTINUE,2,58.21,62.72,False,True,4.51,2023-08,1045.0,1049.0,1049.0,0.38,987.68,891.2,935.12,True,True,True,False,True,True,True,574390.0,1166.0,-10.38,False,0.78,2.34,0.99,True,2,True,19.15,0.92,False,False,,tv_wilder_rsi14_sma5_v1,62.72,58.21,True,False,4.51
9831,9831.T,ヤマダホールディングス,2023-09,CONTINUE,2,45.06,49.56,False,True,4.5,2023-08,458.0,459.5,459.5,0.33,448.16,432.92,455.4,True,True,True,False,True,False,False,4076767.0,495.0,-7.47,False,0.9,1.38,0.86,True,3,True,1.66,3.01,False,False,,tv_wilder_rsi14_sma5_v1,49.56,45.06,True,False,4.5
5741,5741.T,ＵＡＣＪ,2023-09,CONTINUE,4,59.66,64.15,True,True,4.49,2023-06,679.75,785.0,785.0,15.48,668.18,663.38,609.71,True,True,True,True,True,True,True,627680.0,706.25,-3.75,False,0.91,2.29,0.99,True,2,True,15.79,3.55,False,False,,tv_wilder_rsi14_sma5_v1,64.15,59.66,True,True,4.49
8914,8914.T,エリアリンク,2023-09,CONTINUE,4,71.12,75.61,True,True,4.49,2023-06,620.25,736.0,736.0,18.66,612.64,588.28,517.06,True,True,True,True,True,True,True,166653.0,668.25,-7.18,False,1.1,2.52,0.91,True,2,True,31.41,-1.46,False,False,,tv_wilder_rsi14_sma5_v1,75.61,71.12,True,True,4.49
3393,3393.T,スターティアホールディングス,2023-09,CONTINUE,2,57.06,61.54,True,False,4.48,2023-08,1842.0,1799.0,1799.0,-2.33,1472.2,1332.12,1254.45,True,True,True,True,True,True,True,276753.0,1870.0,-1.5,False,0.95,4.86,0.91,True,2,True,60.88,20.85,False,False,,tv_wilder_rsi14_sma5_v1,61.54,57.06,False,True,4.48
9020,9020.T,東日本旅客鉄道,2023-09,CONTINUE,7,56.77,61.25,True,True,4.48,2023-03,2445.0,2851.67,2851.67,16.63,2394.59,2410.19,2427.37,True,True,True,False,True,False,True,5117750.0,2760.0,-11.41,False,0.94,1.78,0.93,True,2,True,0.12,0.83,False,False,,tv_wilder_rsi14_sma5_v1,61.25,56.77,True,True,4.48
2300,2300.T,きょくとう,2023-09,CONTINUE,5,53.95,58.41,True,True,4.46,2023-05,479.0,498.0,498.0,3.97,467.56,463.8,457.08,True,True,True,True,True,False,True,3813.0,494.0,-3.04,False,0.61,1.34,1.18,False,2,True,6.46,1.56,False,False,,tv_wilder_rsi14_sma5_v1,58.41,53.95,True,True,4.46
3042,3042.T,セキュアヴェイル,2023-09,NEW,1,46.35,50.81,True,True,4.46,2023-09,292.0,292.0,292.0,0.0,273.0,269.72,264.23,True,True,True,True,True,True,False,403637.0,353.0,-17.28,False,0.73,6.12,1.32,False,1,True,9.02,7.05,False,False,,tv_wilder_rsi14_sma5_v1,50.81,46.35,True,True,4.46
6853,6853.T,共和電業,2023-09,CONTINUE,4,48.98,53.44,True,True,4.46,2023-06,362.0,374.0,374.0,3.31,354.28,353.85,346.53,True,True,True,True,False,True,True,34917.0,388.0,-6.7,False,0.57,1.4,1.05,False,2,True,5.95,2.2,False,False,,tv_wilder_rsi14_sma5_v1,53.44,48.98,True,True,4.46
9104,9104.T,商船三井,2023-09,CONTINUE,4,61.72,66.17,True,True,4.46,2023-06,3456.0,4110.0,4110.0,18.92,3284.8,3336.87,3265.05,True,True,True,False,True,False,False,5734233.0,3845.0,-10.12,False,1.38,1.94,1.02,False,3,True,4.48,5.27,False,False,,tv_wilder_rsi14_sma5_v1,66.17,61.72,True,True,4.46
9904,9904.T,ベリテ,2023-09,CONTINUE,6,51.25,55.71,True,False,4.46,2023-04,357.0,399.0,399.0,11.76,353.88,353.48,363.88,True,True,False,False,True,False,False,23437.0,510.0,-30.0,False,0.85,0.66,1.02,False,4,False,-6.71,1.0,False,False,,tv_wilder_rsi14_sma5_v1,55.71,51.25,False,True,4.46
1847,1847.T,イチケン,2023-09,CONTINUE,6,59.73,64.18,True,True,4.45,2023-04,960.0,1043.5,1043.5,8.7,916.94,910.69,902.84,True,True,True,True,True,True,True,67780.0,957.0,0.31,True,0.99,1.02,1.12,False,1,True,5.65,2.84,False,False,,tv_wilder_rsi14_sma5_v1,64.18,59.73,True,True,4.45
3901,3901.T,マークラインズ,2023-09,CONTINUE,4,54.49,58.94,True,False,4.45,2023-06,2564.0,2980.0,2980.0,16.22,2501.88,2465.75,2536.95,True,True,True,False,True,False,True,77640.0,2866.0,-10.54,False,0.46,2.5,0.81,True,2,True,8.79,2.95,False,False,,tv_wilder_rsi14_sma5_v1,58.94,54.49,False,True,4.45
6346,6346.T,キクカワエンタープライズ,2023-09,NEW,1,55.35,59.79,True,True,4.44,2023-09,4300.0,4300.0,4300.0,0.0,4105.8,4060.27,3867.65,True,True,True,True,True,True,True,313.0,4300.0,0.0,False,0.7,0.8,1.45,False,2,True,10.53,1.8,False,False,,tv_wilder_rsi14_sma5_v1,59.79,55.35,True,True,4.44
6376,6376.T,日機装,2023-09,CONTINUE,2,49.33,53.76,True,True,4.44,2023-08,1008.0,1014.0,1014.0,0.6,942.76,913.08,946.5,True,True,True,False,True,True,False,240160.0,1074.0,-6.15,False,0.63,2.79,0.88,True,3,True,7.6,5.16,False,False,,tv_wilder_rsi14_sma5_v1,53.76,49.33,True,True,4.44
2329,2329.T,東北新社,2023-09,CONTINUE,10,83.59,87.99,True,True,4.4,2022-12,223.67,390.33,390.33,74.52,217.21,216.63,214.36,True,True,True,True,True,False,True,30220.0,229.67,-2.61,False,0.22,1.64,1.01,False,2,True,4.31,2.15,False,False,,tv_wilder_rsi14_sma5_v1,87.99,83.59,True,True,4.4
2831,2831.T,はごろもフーズ,2023-09,CONTINUE,3,49.71,54.12,True,True,4.4,2023-07,3005.0,3060.0,3060.0,1.83,2993.96,2985.25,2993.11,True,True,True,False,True,True,False,2430.0,3125.0,-3.84,False,0.74,0.39,1.23,False,3,True,-0.47,0.13,False,False,,tv_wilder_rsi14_sma5_v1,54.12,49.71,True,True,4.4
7380,7380.T,十六フィナンシャルグループ,2023-09,CONTINUE,3,73.02,77.42,True,True,4.4,2023-07,703.0,749.0,749.0,6.54,642.76,619.16,583.1,True,True,True,True,True,True,True,508050.0,694.0,1.3,True,1.1,2.0,1.08,False,2,True,26.9,2.72,True,False,,tv_wilder_rsi14_sma5_v1,77.42,73.02,True,True,4.4
9101,9101.T,日本郵船,2023-09,CONTINUE,3,59.59,63.99,True,False,4.4,2023-07,3448.0,3886.0,3886.0,12.7,3331.6,3195.18,3121.49,True,True,True,True,True,True,True,6746913.0,3724.0,-7.41,False,0.91,1.91,0.95,True,2,True,10.67,1.41,False,False,,tv_wilder_rsi14_sma5_v1,63.99,59.59,False,True,4.4
1786,1786.T,オリエンタル白石,2023-09,CONTINUE,2,56.82,61.21,False,True,4.39,2023-08,327.0,329.0,329.0,0.61,313.56,307.55,304.8,True,True,True,True,True,False,True,471430.0,346.0,-5.49,False,1.67,1.57,1.13,False,2,True,13.74,3.54,False,False,,tv_wilder_rsi14_sma5_v1,61.21,56.82,True,False,4.39
6547,6547.T,グリーンズ,2023-09,CONTINUE,3,72.74,77.12,True,False,4.39,2023-07,1489.0,1738.0,1738.0,16.72,1390.64,1389.71,1230.38,True,True,True,True,True,True,True,123443.0,1561.0,-4.61,False,1.55,4.5,1.03,False,2,True,48.42,4.75,False,False,,tv_wilder_rsi14_sma5_v1,77.12,72.74,False,True,4.39
5612,5612.T,日本鋳鉄管,2023-09,NEW,1,51.6,55.98,True,True,4.38,2023-09,1151.0,1151.0,1151.0,0.0,1160.44,1115.24,1039.95,False,True,True,True,True,True,True,14893.0,1274.0,-9.65,False,0.44,2.45,0.59,True,2,True,15.52,1.35,False,False,,tv_wilder_rsi14_sma5_v1,55.98,51.6,True,True,4.38
6365,6365.T,電業社機械製作所,2023-09,CONTINUE,10,59.94,64.31,True,True,4.38,2022-12,3050.0,3705.0,3705.0,21.48,2995.76,2999.16,3083.79,True,True,False,False,True,False,False,2023.0,3700.0,-17.57,False,0.88,1.16,1.44,False,4,True,-4.71,1.39,False,False,,tv_wilder_rsi14_sma5_v1,64.31,59.94,True,True,4.38
3001,3001.T,片倉工業,2023-09,NEW,1,44.12,48.48,False,True,4.37,2023-09,1746.0,1746.0,1746.0,0.0,1728.4,1664.47,1724.0,True,True,True,False,True,True,False,39350.0,2109.0,-17.21,False,1.04,1.96,1.04,False,3,True,-1.81,1.77,False,False,,tv_wilder_rsi14_sma5_v1,48.48,44.12,True,False,4.37
6040,6040.T,日本スキー場開発,2023-09,CONTINUE,2,67.2,71.56,True,True,4.36,2023-08,357.67,379.33,379.33,6.06,344.35,336.43,323.34,True,True,True,True,True,True,True,248300.0,402.67,-11.18,False,1.84,5.31,1.11,False,2,True,19.57,1.63,False,False,,tv_wilder_rsi14_sma5_v1,71.56,67.2,True,True,4.36
8410,8410.T,セブン銀行,2023-09,CONTINUE,4,63.06,67.42,True,True,4.36,2023-06,283.1,310.9,310.9,9.82,281.89,275.58,267.96,True,True,True,True,True,True,True,4772200.0,293.0,-3.38,False,0.67,1.2,0.94,True,2,True,8.51,0.37,False,False,,tv_wilder_rsi14_sma5_v1,67.42,63.06,True,True,4.36
4093,4093.T,東邦アセチレン,2023-09,CONTINUE,4,61.44,65.79,True,True,4.35,2023-06,283.6,315.0,315.0,11.07,270.35,266.99,242.63,True,True,True,True,True,True,True,118467.0,288.6,-1.73,False,1.24,1.42,1.05,False,2,True,19.11,4.2,False,False,,tv_wilder_rsi14_sma5_v1,65.79,61.44,True,True,4.35
6493,6493.T,ＮＩＴＴＡＮ,2023-09,CONTINUE,5,58.52,62.87,True,True,4.34,2023-05,256.0,329.0,329.0,28.52,253.64,252.64,261.43,True,True,False,False,True,False,False,22690.0,282.0,-9.22,False,0.77,1.37,1.03,False,4,True,-2.93,0.79,False,False,,tv_wilder_rsi14_sma5_v1,62.87,58.52,True,True,4.34
9242,9242.T,メディア総研,2023-09,CONTINUE,7,37.6,41.93,True,True,4.34,2023-03,1605.0,1691.0,1691.0,5.36,1618.6,1465.47,1346.05,False,True,True,True,True,True,True,2877.0,1976.0,-18.78,False,0.58,2.88,0.91,True,2,True,37.83,4.71,False,False,,tv_wilder_rsi14_sma5_v1,41.93,37.6,True,True,4.34
3708,3708.T,特種東海製紙,2023-09,CONTINUE,9,46.13,50.46,True,True,4.33,2023-01,969.67,1140.0,1140.0,17.57,940.27,950.94,1021.44,True,True,False,False,True,False,False,91670.0,1428.33,-32.11,False,0.98,0.92,0.95,True,4,True,-10.32,0.91,False,False,,tv_wilder_rsi14_sma5_v1,50.46,46.13,True,True,4.33
7887,7887.T,南海プライウッド,2023-09,CONTINUE,2,52.87,57.19,False,False,4.32,2023-08,1170.0,1164.0,1164.0,-0.51,1099.76,1075.95,1046.63,True,True,True,True,True,False,True,4150.0,1296.0,-9.72,False,1.59,1.92,0.94,True,2,True,16.09,3.88,True,False,,tv_wilder_rsi14_sma5_v1,57.19,52.87,False,False,4.32
4735,4735.T,京進,2023-09,CONTINUE,6,39.59,43.9,True,True,4.31,2023-04,383.0,415.0,415.0,8.36,367.56,373.96,404.5,True,True,False,False,True,False,False,7937.0,551.0,-30.49,False,0.52,2.13,0.93,True,4,True,-9.48,3.07,False,False,,tv_wilder_rsi14_sma5_v1,43.9,39.59,True,True,4.31
2264,2264.T,森永乳業,2023-09,CONTINUE,2,52.52,56.83,True,False,4.3,2023-08,745.25,703.38,703.38,-5.62,683.13,636.81,610.45,True,True,True,True,True,True,True,2289333.0,753.25,-1.06,False,0.77,2.02,0.79,True,2,True,26.06,7.71,False,False,,tv_wilder_rsi14_sma5_v1,56.83,52.52,False,True,4.3
5195,5195.T,バンドー化学,2023-09,CONTINUE,8,80.69,84.99,True,True,4.3,2023-02,1049.0,1641.0,1641.0,56.43,1013.04,992.29,981.08,True,True,True,True,True,False,True,42050.0,1098.0,-4.46,False,1.01,1.8,0.91,True,2,True,10.03,1.33,False,False,,tv_wilder_rsi14_sma5_v1,84.99,80.69,True,True,4.3
7213,7213.T,レシップホールディングス,2023-09,CONTINUE,9,49.73,54.03,True,True,4.3,2023-01,470.0,553.0,553.0,17.66,457.88,471.21,513.84,True,False,False,False,False,False,False,14220.0,611.0,-23.08,False,1.33,1.38,1.04,False,4,False,-9.98,0.55,False,False,,tv_wilder_rsi14_sma5_v1,54.03,49.73,True,True,4.3
7868,7868.T,広済堂ホールディングス,2023-09,CONTINUE,2,66.69,70.99,False,True,4.3,2023-08,561.6,593.2,593.2,5.63,500.29,468.73,448.91,True,True,True,True,True,False,True,1436283.0,605.0,-7.17,False,0.78,4.81,0.9,True,2,True,49.65,8.35,False,False,,tv_wilder_rsi14_sma5_v1,70.99,66.69,True,False,4.3
9913,9913.T,日邦産業,2023-09,CONTINUE,5,71.76,76.06,True,False,4.3,2023-05,889.0,1226.0,1226.0,37.91,803.96,794.2,733.19,True,True,True,True,True,True,True,22863.0,935.0,-4.92,False,2.16,3.58,1.14,False,2,True,21.29,7.67,False,False,,tv_wilder_rsi14_sma5_v1,76.06,71.76,False,True,4.3
6284,6284.T,日精エー・エス・ビー機械,2023-09,CONTINUE,3,52.98,57.28,True,True,4.29,2023-07,4095.0,4550.0,4550.0,11.11,4079.2,4104.33,4155.07,True,False,False,False,True,True,True,16460.0,4890.0,-16.26,False,0.78,1.79,0.94,True,1,False,2.09,-1.96,False,False,,tv_wilder_rsi14_sma5_v1,57.28,52.98,True,True,4.29
7921,7921.T,ＴＡＫＡＲＡ　＆　ＣＯＭＰＡＮＹ,2023-09,CONTINUE,2,62.26,66.55,False,True,4.29,2023-08,2349.0,2467.0,2467.0,5.02,2313.76,2312.59,2234.73,True,True,True,True,False,False,True,32787.0,2482.0,-5.36,False,0.8,1.1,0.83,True,2,False,9.5,2.05,False,False,,tv_wilder_rsi14_sma5_v1,66.55,62.26,True,False,4.29
7539,7539.T,アイナボホールディングス,2023-09,CONTINUE,11,66.3,70.58,True,True,4.28,2022-11,469.0,637.0,637.0,35.82,456.56,461.39,464.85,True,True,True,False,True,False,False,13420.0,525.0,-10.67,False,0.64,1.11,0.66,True,3,True,-2.85,1.23,False,False,,tv_wilder_rsi14_sma5_v1,70.58,66.3,True,True,4.28
2933,2933.T,紀文食品,2023-09,CONTINUE,11,39.22,43.49,True,False,4.27,2022-11,943.0,1128.0,1128.0,19.62,916.28,940.16,1000.4,True,True,False,False,True,False,False,64500.0,1231.0,-23.4,False,0.59,1.98,1.03,False,4,True,-9.91,1.0,False,False,,tv_wilder_rsi14_sma5_v1,43.49,39.22,False,True,4.27
9065,9065.T,山九,2023-09,CONTINUE,3,56.11,60.38,True,True,4.27,2023-07,4925.0,5171.0,5171.0,4.99,4769.44,4821.52,4809.8,True,True,True,False,False,False,True,184723.0,5350.0,-7.94,False,1.15,1.31,1.0,True,2,True,9.67,0.77,True,False,,tv_wilder_rsi14_sma5_v1,60.38,56.11,True,True,4.27
4463,4463.T,日華化学,2023-09,CONTINUE,2,48.31,52.57,True,True,4.26,2023-08,870.0,903.0,903.0,3.79,840.08,845.07,846.45,True,True,True,False,False,False,False,18440.0,915.0,-4.92,False,1.0,1.34,1.07,False,3,True,2.71,1.8,False,False,,tv_wilder_rsi14_sma5_v1,52.57,48.31,True,True,4.26
7102,7102.T,日本車輌製造,2023-09,CONTINUE,4,45.2,49.45,True,True,4.26,2023-06,2010.0,2098.0,2098.0,4.38,2021.28,2029.64,2001.98,False,False,True,False,False,True,False,12130.0,2184.0,-7.97,False,1.33,1.82,1.1,False,3,True,-0.12,0.43,False,False,,tv_wilder_rsi14_sma5_v1,49.45,45.2,True,True,4.26
9782,9782.T,ディーエムエス,2023-09,CONTINUE,4,56.42,60.68,True,True,4.26,2023-06,1400.0,1554.0,1554.0,11.0,1349.04,1392.28,1280.68,True,True,True,False,False,True,True,6007.0,1642.0,-14.74,False,0.78,1.78,1.25,False,2,True,13.17,2.55,False,False,,tv_wilder_rsi14_sma5_v1,60.68,56.42,True,True,4.26
3598,3598.T,山喜,2023-09,CONTINUE,9,54.53,58.76,True,False,4.23,2023-01,137.0,164.0,164.0,19.71,133.96,134.51,135.19,True,True,True,False,False,False,False,13130.0,148.0,-7.43,False,0.39,1.3,0.91,True,3,False,1.04,1.2,True,False,,tv_wilder_rsi14_sma5_v1,58.76,54.53,False,True,4.23
5076,5076.T,インフロニア・ホールディングス,2023-09,CONTINUE,6,80.16,84.4,True,True,4.23,2023-04,1071.0,1548.0,1548.0,44.54,1030.4,1034.12,1013.78,True,True,True,False,False,True,True,573470.0,1121.0,-4.46,False,0.89,1.21,1.02,False,2,True,6.38,2.01,False,False,,tv_wilder_rsi14_sma5_v1,84.4,80.16,True,True,4.23
6027,6027.T,弁護士ドットコム,2023-09,CONTINUE,6,48.81,53.04,True,False,4.23,2023-04,2603.0,4835.0,4835.0,85.75,2526.76,2570.41,3124.74,True,True,False,False,True,False,False,153623.0,4665.0,-44.2,False,1.05,3.51,0.92,True,4,True,-20.77,0.66,False,False,,tv_wilder_rsi14_sma5_v1,53.04,48.81,False,True,4.23
6632,6632.T,ＪＶＣケンウッド,2023-09,CONTINUE,2,79.4,83.63,True,True,4.23,2023-08,636.0,683.0,683.0,7.39,586.08,526.28,441.16,True,True,True,True,True,True,True,3732653.0,669.0,-4.93,False,0.87,3.41,0.68,True,2,True,79.97,-9.85,False,False,,tv_wilder_rsi14_sma5_v1,83.63,79.4,True,True,4.23
3496,3496.T,アズーム,2023-09,CONTINUE,7,71.74,75.96,True,True,4.22,2023-03,3015.0,4095.0,4095.0,35.82,2728.5,2586.83,2258.32,True,True,True,True,True,True,True,113567.0,3140.0,-3.98,False,0.88,4.1,1.05,False,2,True,56.18,12.04,False,False,,tv_wilder_rsi14_sma5_v1,75.96,71.74,True,True,4.22
5380,5380.T,新東,2023-09,CONTINUE,2,53.94,58.16,True,True,4.22,2023-08,1585.0,1670.0,1670.0,5.36,1326.52,1366.68,1447.88,True,True,True,False,False,False,True,3117.0,3475.0,-54.39,False,4.76,2.1,1.23,False,1,True,7.57,-1.67,False,False,,tv_wilder_rsi14_sma5_v1,58.16,53.94,True,True,4.22
5463,5463.T,丸一鋼管,2023-09,CONTINUE,8,66.96,71.18,True,False,4.21,2023-02,985.33,1240.0,1240.0,25.85,938.55,930.69,955.56,True,True,True,False,True,False,True,386650.0,1051.67,-6.31,False,1.4,1.55,1.07,False,1,True,0.87,0.17,False,False,,tv_wilder_rsi14_sma5_v1,71.18,66.96,False,True,4.21
7888,7888.T,三光合成,2023-09,CONTINUE,4,65.67,69.88,True,True,4.21,2023-06,645.0,710.0,710.0,10.08,576.68,555.73,512.56,True,True,True,True,True,True,True,207323.0,654.0,-1.38,False,0.72,2.97,1.2,False,2,True,39.47,9.69,False,False,,tv_wilder_rsi14_sma5_v1,69.88,65.67,True,True,4.21
8358,8358.T,スルガ銀行,2023-09,CONTINUE,14,67.75,71.96,True,True,4.21,2022-08,376.0,633.0,633.0,68.35,376.48,368.67,425.57,False,True,False,False,True,False,False,579573.0,543.0,-30.76,False,1.15,2.17,1.05,False,4,True,-4.08,,,False,,tv_wilder_rsi14_sma5_v1,71.96,67.75,True,True,4.21
2877,2877.T,日東ベスト,2023-09,CONTINUE,6,56.22,60.41,True,True,4.19,2023-04,794.0,846.0,846.0,6.55,768.12,771.79,763.23,True,True,True,False,False,False,True,2317.0,800.0,-0.75,False,1.42,1.0,0.64,True,2,True,2.64,2.51,False,False,,tv_wilder_rsi14_sma5_v1,60.41,56.22,True,True,4.19
4536,4536.T,参天製薬,2023-09,CONTINUE,12,51.72,55.91,True,True,4.19,2022-10,1018.0,1373.5,1373.5,34.92,985.28,1018.89,1113.57,True,False,False,False,False,False,False,1531757.0,1680.0,-39.4,False,0.99,1.89,1.09,False,4,True,-14.7,2.16,True,False,,tv_wilder_rsi14_sma5_v1,55.91,51.72,True,True,4.19
6648,6648.T,かわでん,2023-09,CONTINUE,5,37.14,41.34,True,True,4.19,2023-05,354.0,372.2,372.2,5.14,354.2,357.23,363.16,False,False,False,False,True,True,False,20133.0,453.0,-21.85,False,0.41,1.59,1.01,False,4,True,-7.92,0.33,False,False,,tv_wilder_rsi14_sma5_v1,41.34,37.14,True,True,4.19
6730,6730.T,アクセル,2023-09,CONTINUE,2,62.5,66.68,True,True,4.19,2023-08,1833.0,1874.0,1874.0,2.24,1693.44,1606.31,1597.61,True,True,True,True,True,True,True,161950.0,2020.0,-9.26,False,0.42,3.3,0.69,True,2,True,29.92,-2.24,False,False,,tv_wilder_rsi14_sma5_v1,66.68,62.5,True,True,4.19
1377,1377.T,サカタのタネ,2023-09,CONTINUE,4,51.04,55.22,True,True,4.18,2023-06,4165.0,4345.0,4345.0,4.32,4067.2,3997.0,4288.25,True,True,False,False,True,True,False,196430.0,5270.0,-20.97,False,0.42,1.54,1.25,False,4,True,-2.61,3.24,False,False,,tv_wilder_rsi14_sma5_v1,55.22,51.04,True,True,4.18
9241,9241.T,フューチャーリンクネットワーク,2023-09,CONTINUE,8,33.0,37.17,True,True,4.18,2023-02,1176.0,1485.0,1485.0,26.28,1131.2,1107.59,1174.16,True,True,True,False,True,False,False,547.0,1837.0,-35.98,False,1.13,1.74,1.24,False,3,True,-8.94,-0.65,False,False,,tv_wilder_rsi14_sma5_v1,37.17,33.0,True,True,4.18
9849,9849.T,共同紙販ホールディングス,2023-09,CONTINUE,4,50.17,54.35,True,True,4.18,2023-06,4605.0,4670.0,4670.0,1.41,4473.6,4494.27,4463.23,True,True,True,False,True,False,False,83.0,4740.0,-2.85,False,0.72,0.5,0.7,True,1,True,2.88,1.77,False,False,,tv_wilder_rsi14_sma5_v1,54.35,50.17,True,True,4.18
7844,7844.T,マーベラス,2023-09,CONTINUE,3,46.47,50.64,True,True,4.17,2023-07,703.0,713.0,713.0,1.42,678.32,674.67,681.52,True,True,True,False,True,False,True,99453.0,735.0,-4.35,False,1.35,0.77,1.16,False,2,True,3.09,1.27,False,False,,tv_wilder_rsi14_sma5_v1,50.64,46.47,True,True,4.17
8341,8341.T,七十七銀行,2023-09,CONTINUE,4,76.35,80.5,True,True,4.16,2023-06,853.33,1056.67,1056.67,23.83,813.89,762.6,706.87,True,True,True,True,True,True,True,696910.0,873.67,-2.33,False,1.14,2.26,1.15,False,2,True,26.92,2.14,False,False,,tv_wilder_rsi14_sma5_v1,80.5,76.35,True,True,4.16
4569,4569.T,杏林製薬,2023-09,CONTINUE,6,48.42,52.57,True,True,4.15,2023-04,1747.0,1831.0,1831.0,4.81,1719.52,1701.01,1748.42,True,True,False,False,True,True,False,71433.0,1910.0,-8.53,False,1.08,1.03,0.96,True,4,True,-0.95,0.12,False,False,,tv_wilder_rsi14_sma5_v1,52.57,48.42,True,True,4.15
5401,5401.T,日本製鉄,2023-09,CONTINUE,3,66.92,71.06,True,True,4.15,2023-07,649.2,701.0,701.0,7.98,608.22,589.53,540.12,True,True,True,True,True,True,True,40971783.0,658.8,-1.46,False,1.29,1.78,1.07,False,2,True,32.57,2.64,False,False,,tv_wilder_rsi14_sma5_v1,71.06,66.92,True,True,4.15
6989,6989.T,北陸電気工業,2023-09,CONTINUE,3,55.58,59.73,True,False,4.15,2023-07,1270.0,1422.0,1422.0,11.97,1229.56,1219.53,1242.47,True,True,True,False,True,False,True,46657.0,1488.0,-14.65,False,2.2,2.18,1.19,False,2,True,9.4,2.56,False,False,,tv_wilder_rsi14_sma5_v1,59.73,55.58,False,True,4.15
8898,8898.T,センチュリー２１・ジャパン,2023-09,CONTINUE,9,49.08,53.23,True,False,4.15,2023-01,1020.0,1061.0,1061.0,4.02,1010.12,1008.55,1022.54,True,True,False,False,True,False,False,2523.0,1058.0,-3.59,False,0.94,0.69,1.19,False,4,True,-0.06,0.37,False,False,,tv_wilder_rsi14_sma5_v1,53.23,49.08,False,True,4.15
2331,2331.T,ＡＬＳＯＫ,2023-09,CONTINUE,6,54.24,58.38,True,False,4.14,2023-04,759.0,902.2,902.2,18.87,726.76,713.28,725.72,True,True,True,False,True,True,False,964250.0,809.0,-6.18,False,1.07,1.34,1.06,False,1,True,3.8,2.92,False,False,,tv_wilder_rsi14_sma5_v1,58.38,54.24,False,True,4.14
8104,8104.T,クワザワホールディングス,2023-09,CONTINUE,4,53.82,57.96,True,True,4.14,2023-06,578.0,582.0,582.0,0.69,480.68,472.29,443.11,True,True,True,True,True,True,True,39443.0,575.0,0.52,True,2.35,4.05,1.65,False,2,True,29.28,12.95,True,False,,tv_wilder_rsi14_sma5_v1,57.96,53.82,True,True,4.14
1969,1969.T,高砂熱学工業,2023-09,CONTINUE,15,76.19,80.31,True,False,4.12,2022-07,844.5,1453.0,1453.0,72.05,820.78,815.01,910.45,True,True,False,False,True,False,False,219420.0,,,,0.9,2.01,1.02,False,4,True,,,,False,,tv_wilder_rsi14_sma5_v1,80.31,76.19,False,True,4.12
6088,6088.T,シグマクシス・ホールディングス,2023-09,CONTINUE,4,58.56,62.66,True,False,4.11,2023-06,691.0,786.5,786.5,13.82,618.7,581.71,602.91,True,True,True,False,True,True,True,610007.0,723.0,-4.43,False,1.49,3.66,0.99,True,2,True,22.49,6.59,False,False,,tv_wilder_rsi14_sma5_v1,62.66,58.56,False,True,4.11
5819,5819.T,カナレ電気,2023-09,CONTINUE,6,43.77,47.88,True,True,4.1,2023-04,1390.0,1466.0,1466.0,5.47,1293.48,1309.07,1409.87,True,True,False,False,True,False,False,20757.0,1714.0,-18.9,False,2.05,1.39,1.06,False,4,True,-5.4,2.22,True,False,,tv_wilder_rsi14_sma5_v1,47.88,43.77,True,True,4.1
9929,9929.T,平和紙業,2023-09,CONTINUE,3,48.4,52.5,True,True,4.1,2023-07,415.0,427.0,427.0,2.89,410.96,411.32,418.25,True,True,False,False,True,False,True,3313.0,447.0,-7.16,False,1.5,0.93,0.86,True,1,False,-2.38,-0.33,False,False,,tv_wilder_rsi14_sma5_v1,52.5,48.4,True,True,4.1
5602,5602.T,栗本鐵工所,2023-09,CONTINUE,4,72.86,76.94,True,False,4.09,2023-06,445.8,551.6,551.6,23.73,409.18,405.04,374.13,True,True,True,True,True,False,True,162017.0,451.2,-1.2,False,1.74,1.51,1.21,False,2,True,24.74,7.0,False,False,,tv_wilder_rsi14_sma5_v1,76.94,72.86,False,True,4.09
4755,4755.T,楽天グループ,2023-09,CONTINUE,3,37.73,41.81,True,True,4.08,2023-07,555.1,613.1,613.1,10.45,524.86,579.56,623.04,True,False,False,False,False,False,False,38225573.0,749.0,-25.89,False,0.83,2.69,0.89,True,4,True,-15.88,-0.49,False,False,,tv_wilder_rsi14_sma5_v1,41.81,37.73,True,True,4.08
6237,6237.T,イワキポンプ,2023-09,CONTINUE,4,67.42,71.5,True,False,4.07,2023-06,1392.0,1785.0,1785.0,28.23,1362.44,1308.44,1303.34,True,True,True,True,True,True,True,69987.0,1490.0,-6.58,False,0.6,2.9,1.09,False,1,True,16.92,1.83,False,False,,tv_wilder_rsi14_sma5_v1,71.5,67.42,False,True,4.07
6463,6463.T,ＴＰＲ,2023-09,CONTINUE,9,63.38,67.45,True,False,4.07,2023-01,656.5,912.5,912.5,38.99,619.02,615.78,621.47,True,True,True,False,True,False,False,145660.0,758.0,-13.39,False,0.93,1.24,1.04,False,3,True,1.62,2.24,False,False,,tv_wilder_rsi14_sma5_v1,67.45,63.38,False,True,4.07
6694,6694.T,ズーム,2023-09,CONTINUE,4,48.56,52.63,True,True,4.07,2023-06,1044.0,1199.0,1199.0,14.85,1040.92,1021.23,1059.62,True,True,False,False,True,False,False,4160.0,1265.0,-17.47,False,0.44,2.07,1.26,False,4,True,-0.42,1.58,False,False,,tv_wilder_rsi14_sma5_v1,52.63,48.56,True,True,4.07
9503,9503.T,関西電力,2023-09,CONTINUE,10,78.04,82.12,True,True,4.07,2022-12,1279.0,2077.5,2077.5,62.43,1188.36,1179.73,1232.88,True,True,True,False,True,False,True,3103673.0,1429.0,-10.5,False,0.85,2.12,1.1,False,2,True,5.4,4.21,False,False,,tv_wilder_rsi14_sma5_v1,82.12,78.04,True,True,4.07
9889,9889.T,ＪＢＣＣホールディングス,2023-09,CONTINUE,8,74.48,78.55,True,True,4.07,2023-02,508.5,712.0,712.0,40.02,484.1,470.23,446.82,True,True,True,True,True,True,True,133413.0,508.75,-0.05,False,1.08,1.92,0.99,True,2,True,18.19,0.53,True,True,MVP,tv_wilder_rsi14_sma5_v1,78.55,74.48,True,True,4.07
6753,6753.T,シャープ,2023-09,CONTINUE,3,38.88,42.93,True,True,4.05,2023-07,845.0,932.0,932.0,10.3,809.55,854.31,918.86,True,False,False,False,True,False,False,3261447.0,1096.0,-22.9,False,1.18,1.77,1.0,True,4,True,-13.73,0.67,False,False,,tv_wilder_rsi14_sma5_v1,42.93,38.88,True,True,4.05
7885,7885.T,タカノ,2023-09,CONTINUE,9,59.57,63.63,True,False,4.05,2023-01,676.0,870.0,870.0,28.7,666.72,663.81,736.88,True,True,False,False,False,False,False,9610.0,880.0,-23.18,False,1.77,1.87,1.13,False,4,False,-6.28,-0.24,False,False,,tv_wilder_rsi14_sma5_v1,63.63,59.57,False,True,4.05
7939,7939.T,研創,2023-09,CONTINUE,3,60.27,64.32,True,True,4.05,2023-07,508.0,518.0,518.0,1.97,492.04,480.77,471.51,True,True,True,True,True,True,True,2090.0,525.0,-3.24,False,0.98,1.73,0.87,True,2,True,10.36,0.96,False,False,,tv_wilder_rsi14_sma5_v1,64.32,60.27,True,True,4.05
1950,1950.T,日本電設工業,2023-09,CONTINUE,7,60.45,64.48,True,True,4.04,2023-03,1584.0,2196.0,2196.0,38.64,1559.44,1551.32,1661.42,True,True,False,False,True,False,False,51323.0,1891.0,-16.23,False,0.92,2.27,0.94,True,4,False,-1.82,0.62,False,False,,tv_wilder_rsi14_sma5_v1,64.48,60.45,True,True,4.04
3798,3798.T,ＵＬＳグループ,2023-09,CONTINUE,4,51.79,55.83,True,False,4.04,2023-06,390.5,424.5,424.5,8.71,344.1,328.03,334.71,True,True,True,False,True,True,False,258000.0,409.0,-4.52,False,1.12,4.01,0.94,True,1,True,17.85,7.52,True,False,,tv_wilder_rsi14_sma5_v1,55.83,51.79,False,True,4.04
7270,7270.T,ＳＵＢＡＲＵ,2023-09,CONTINUE,6,60.82,64.86,True,True,4.04,2023-04,2195.0,2906.0,2906.0,32.39,2103.04,2117.71,2251.82,True,True,False,False,False,False,False,2314740.0,2684.0,-18.22,False,1.02,1.45,0.93,True,4,True,2.66,1.24,True,False,,tv_wilder_rsi14_sma5_v1,64.86,60.82,True,True,4.04
5981,5981.T,東京製綱,2023-09,NEW,1,57.53,61.55,True,True,4.03,2023-09,1360.0,1360.0,1360.0,0.0,1325.0,1239.19,1140.49,True,True,True,True,True,True,True,105427.0,1460.0,-6.85,False,0.9,3.16,0.87,True,2,True,33.2,4.64,False,False,,tv_wilder_rsi14_sma5_v1,61.55,57.53,True,True,4.03
9476,9476.T,中央経済社ホールディングス,2023-09,CONTINUE,4,33.06,37.09,True,True,4.03,2023-06,442.0,453.0,453.0,2.49,441.92,443.73,467.82,True,False,False,False,False,False,False,3943.0,529.0,-16.45,False,0.43,0.81,1.15,False,4,True,-7.72,0.09,False,False,,tv_wilder_rsi14_sma5_v1,37.09,33.06,True,True,4.03
3426,3426.T,アトムリビンテック,2023-09,NEW,1,34.8,38.81,True,True,4.02,2023-09,1221.0,1221.0,1221.0,0.0,1165.88,1165.59,1215.76,True,True,True,False,False,False,False,950.0,1448.0,-15.68,False,1.87,0.75,0.97,True,3,True,-2.02,1.97,True,False,,tv_wilder_rsi14_sma5_v1,38.81,34.8,True,True,4.02
6054,6054.T,リブセンス,2023-09,CONTINUE,2,55.9,59.92,True,False,4.02,2023-08,333.0,333.0,333.0,0.0,293.8,280.84,282.49,True,True,True,False,True,True,True,200437.0,354.0,-5.93,False,0.72,5.0,1.09,False,1,True,21.49,5.01,False,False,,tv_wilder_rsi14_sma5_v1,59.92,55.9,False,True,4.02
417A,417A.T,ブルーゾーンホールディングス,2023-09,CONTINUE,4,61.69,65.69,True,True,4.01,2023-06,1444.0,1537.8,1537.8,6.5,1428.88,1411.28,1363.3,True,True,True,True,False,True,True,241333.0,1504.0,-3.99,False,0.95,1.21,0.92,True,2,True,8.46,1.06,False,False,,tv_wilder_rsi14_sma5_v1,65.69,61.69,True,True,4.01
5444,5444.T,大和工業,2023-09,CONTINUE,9,76.44,80.45,True,True,4.01,2023-01,4900.0,7146.0,7146.0,45.84,4757.6,4652.8,4503.52,True,True,True,True,True,True,True,194483.0,5200.0,-5.77,False,1.88,2.51,1.16,False,2,True,20.24,5.75,False,False,,tv_wilder_rsi14_sma5_v1,80.45,76.44,True,True,4.01
8202,8202.T,ラオックスホールディングス,2023-09,CONTINUE,2,52.74,56.75,False,True,4.01,2023-08,267.0,279.0,279.0,4.49,276.76,253.63,251.6,False,True,True,True,True,True,True,2324027.0,372.0,-28.23,False,0.77,9.93,1.01,False,2,False,3.76,-2.01,False,False,,tv_wilder_rsi14_sma5_v1,56.75,52.74,True,False,4.01
3111,3111.T,オーミケンシ,2023-09,NEW,1,47.93,51.93,False,True,4.0,2023-09,365.0,365.0,365.0,0.0,357.24,336.77,355.42,True,True,True,False,True,True,True,253997.0,659.0,-44.61,False,1.01,9.49,1.11,False,2,False,15.84,5.02,True,False,,tv_wilder_rsi14_sma5_v1,51.93,47.93,True,False,4.0
8125,8125.T,ワキタ,2023-09,CONTINUE,2,61.4,65.39,False,True,4.0,2023-08,1342.0,1403.0,1403.0,4.55,1319.8,1311.01,1247.84,True,True,True,True,True,False,True,90813.0,1427.0,-5.96,False,1.31,1.4,0.94,True,2,True,9.89,0.9,False,False,,tv_wilder_rsi14_sma5_v1,65.39,61.4,True,False,4.0
3842,3842.T,ネクストジェン,2023-09,CONTINUE,4,40.14,44.13,True,True,3.99,2023-06,765.0,776.0,776.0,1.44,700.72,684.87,697.29,True,True,True,False,True,True,False,112340.0,1060.0,-27.83,False,5.87,7.1,1.66,False,1,True,11.19,9.42,False,False,,tv_wilder_rsi14_sma5_v1,44.13,40.14,True,True,3.99
6018,6018.T,阪神内燃機工業,2023-09,CONTINUE,8,52.93,56.92,True,False,3.99,2023-02,1364.0,1743.0,1743.0,27.79,1329.68,1370.24,1375.94,True,False,False,False,False,False,False,1063.0,1591.0,-14.27,False,0.53,0.5,0.59,True,1,True,-3.23,2.93,False,False,,tv_wilder_rsi14_sma5_v1,56.92,52.93,False,True,3.99
8167,8167.T,リテールパートナーズ,2023-09,CONTINUE,7,62.06,66.05,True,True,3.99,2023-03,1364.0,1744.0,1744.0,27.86,1322.84,1308.65,1220.21,True,True,True,True,False,True,True,88120.0,1488.0,-8.33,False,0.72,2.56,0.96,True,2,True,11.16,0.45,False,False,,tv_wilder_rsi14_sma5_v1,66.05,62.06,True,True,3.99
9408,9408.T,ＢＳＮメディアホールディングス,2023-09,NEW,1,64.76,68.75,True,True,3.99,2023-09,1550.0,1550.0,1550.0,0.0,1487.16,1466.91,1418.71,True,True,True,True,True,True,True,1083.0,1551.0,-0.06,False,1.13,1.74,1.21,False,2,True,10.43,0.49,True,True,MVP,tv_wilder_rsi14_sma5_v1,68.75,64.76,True,True,3.99
9956,9956.T,バローホールディングス,2023-09,CONTINUE,4,51.66,55.64,True,True,3.99,2023-06,1995.0,2187.0,2187.0,9.62,1947.76,1978.27,1874.54,True,True,True,False,False,False,True,87707.0,2139.0,-6.73,False,1.0,1.24,1.08,False,2,True,8.41,2.35,False,False,,tv_wilder_rsi14_sma5_v1,55.64,51.66,True,True,3.99
3560,3560.T,ほぼ日,2023-09,NEW,1,54.05,58.01,True,True,3.96,2023-09,3910.0,3910.0,3910.0,0.0,3570.4,3691.6,3430.75,True,True,True,False,False,True,True,1673.0,3950.0,-1.01,False,1.31,1.64,1.27,False,2,True,13.84,0.52,True,False,,tv_wilder_rsi14_sma5_v1,58.01,54.05,True,True,3.96
4615,4615.T,神東塗料,2023-09,CONTINUE,2,37.47,41.44,True,False,3.96,2023-08,135.0,134.0,134.0,-0.74,127.36,127.24,128.65,True,True,True,False,True,False,False,36333.0,187.0,-27.81,False,1.17,1.9,1.14,False,1,True,2.04,3.63,False,False,,tv_wilder_rsi14_sma5_v1,41.44,37.47,False,True,3.96
2222,2222.T,寿スピリッツ,2023-09,CONTINUE,9,73.3,77.25,True,True,3.95,2023-01,1700.0,2417.0,2417.0,42.18,1597.12,1559.31,1502.26,True,True,True,True,True,False,True,726367.0,1728.0,-1.62,False,1.0,3.45,0.84,True,2,True,30.71,8.01,False,False,,tv_wilder_rsi14_sma5_v1,77.25,73.3,True,True,3.95
3293,3293.T,アズマハウス,2023-09,CONTINUE,4,53.06,57.01,True,True,3.95,2023-06,753.0,772.0,772.0,2.52,746.36,749.35,746.07,True,True,True,False,False,False,True,4317.0,780.0,-3.46,False,1.42,0.65,1.13,False,2,False,1.83,0.8,True,False,,tv_wilder_rsi14_sma5_v1,57.01,53.06,True,True,3.95
8923,8923.T,トーセイ,2023-09,CONTINUE,9,75.46,79.41,True,True,3.95,2023-01,739.5,965.5,965.5,30.56,697.8,700.81,652.06,True,True,True,False,True,False,True,317253.0,753.0,-1.79,False,0.78,2.08,1.01,False,2,True,22.69,5.01,False,False,,tv_wilder_rsi14_sma5_v1,79.41,75.46,True,True,3.95
4912,4912.T,ライオン,2023-09,CONTINUE,2,41.33,45.27,True,False,3.94,2023-08,1585.5,1476.0,1476.0,-6.91,1478.92,1406.65,1436.09,True,True,True,False,True,True,False,1681713.0,1657.0,-4.32,False,0.91,1.56,0.79,True,1,True,9.26,4.34,False,False,,tv_wilder_rsi14_sma5_v1,45.27,41.33,False,True,3.94
6327,6327.T,北川精機,2023-09,CONTINUE,9,68.36,72.29,True,True,3.93,2023-01,448.0,897.0,897.0,100.22,434.12,451.32,473.76,True,False,False,False,False,False,False,21487.0,610.0,-26.56,False,0.5,1.8,0.65,True,4,True,-9.81,0.89,False,False,,tv_wilder_rsi14_sma5_v1,72.29,68.36,True,True,3.93
7014,7014.T,名村造船所,2023-09,CONTINUE,6,67.12,71.05,True,False,3.93,2023-04,407.0,869.0,869.0,113.51,365.44,369.16,469.13,True,True,False,False,True,False,False,1319820.0,760.0,-46.45,False,1.31,3.69,1.07,False,4,True,-6.22,2.47,False,False,,tv_wilder_rsi14_sma5_v1,71.05,67.12,False,True,3.93
9249,9249.T,日本エコシステム,2023-09,CONTINUE,4,42.57,46.5,True,False,3.93,2023-06,583.33,595.67,595.67,2.11,576.72,563.51,558.29,True,True,True,True,True,True,True,246280.0,773.33,-24.57,False,0.09,2.22,0.56,True,2,False,5.01,-1.68,False,False,,tv_wilder_rsi14_sma5_v1,46.5,42.57,False,True,3.93
8101,8101.T,ＧＳＩクレオス,2023-09,CONTINUE,4,74.74,78.66,True,True,3.92,2023-06,2045.0,2286.0,2286.0,11.78,1940.88,1826.77,1616.96,True,True,True,True,True,True,True,56660.0,2125.0,-3.76,False,0.91,2.37,1.26,False,2,True,39.52,7.56,False,False,,tv_wilder_rsi14_sma5_v1,78.66,74.74,True,True,3.92
6307,6307.T,サンセイ,2023-09,CONTINUE,2,48.39,52.3,True,True,3.91,2023-08,371.0,384.0,384.0,3.5,362.72,357.29,347.59,True,True,True,True,True,False,True,15220.0,408.0,-9.07,False,0.67,2.1,1.05,False,2,True,3.61,1.52,False,False,,tv_wilder_rsi14_sma5_v1,52.3,48.39,True,True,3.91
7414,7414.T,小野建,2023-09,CONTINUE,4,59.44,63.35,True,True,3.91,2023-06,1601.0,1721.0,1721.0,7.5,1559.84,1526.12,1493.6,True,True,True,True,True,True,True,69770.0,1623.0,-1.36,False,0.96,1.31,0.95,True,2,True,10.36,2.74,False,False,,tv_wilder_rsi14_sma5_v1,63.35,59.44,True,True,3.91
7966,7966.T,リンテック,2023-09,CONTINUE,4,49.51,53.42,True,False,3.91,2023-06,2271.0,2392.5,2392.5,5.35,2250.78,2218.03,2217.79,True,True,True,True,True,True,False,118957.0,2436.0,-6.77,False,1.1,1.3,1.13,False,3,True,2.41,1.52,False,False,,tv_wilder_rsi14_sma5_v1,53.42,49.51,False,True,3.91
6059,6059.T,ウチヤマホールディングス,2023-09,CONTINUE,8,54.95,58.85,True,True,3.9,2023-02,276.0,357.0,357.0,29.35,267.08,270.87,287.16,True,True,False,False,True,False,False,18140.0,357.0,-22.69,False,1.01,1.19,1.0,False,4,True,-6.38,2.53,False,False,,tv_wilder_rsi14_sma5_v1,58.85,54.95,True,True,3.9
6473,6473.T,ジェイテクト,2023-09,CONTINUE,8,65.54,69.43,True,True,3.9,2023-02,1017.0,1411.0,1411.0,38.74,980.16,961.65,987.68,True,True,True,False,True,True,True,1067093.0,1126.0,-9.68,False,0.86,1.79,0.88,True,1,True,0.58,0.48,False,False,,tv_wilder_rsi14_sma5_v1,69.43,65.54,True,True,3.9
6962,6962.T,大真空,2023-09,CONTINUE,2,44.66,48.55,True,False,3.9,2023-08,807.0,770.0,770.0,-4.58,708.48,670.27,714.88,True,True,True,False,True,True,False,323013.0,1043.0,-22.63,False,0.81,2.74,0.83,True,3,True,7.12,8.26,False,False,,tv_wilder_rsi14_sma5_v1,48.55,44.66,False,True,3.9
8254,8254.T,さいか屋,2023-09,CONTINUE,19,59.73,63.63,True,True,3.9,2022-03,245.0,385.0,385.0,57.14,238.56,251.31,,True,False,,,False,False,,4417.0,,,,0.91,4.02,1.02,False,1,True,,,,False,,tv_wilder_rsi14_sma5_v1,63.63,59.73,True,True,3.9
1882,1882.T,東亜道路工業,2023-09,CONTINUE,4,80.83,84.71,False,True,3.88,2023-06,934.0,1068.0,1068.0,14.35,867.0,824.37,688.08,True,True,True,True,True,True,True,197850.0,949.0,-1.58,False,0.65,1.95,0.96,True,2,True,49.56,5.82,False,False,,tv_wilder_rsi14_sma5_v1,84.71,80.83,True,False,3.88
3597,3597.T,自重堂,2023-09,CONTINUE,11,76.38,80.25,True,True,3.88,2022-11,6210.0,10300.0,10300.0,65.86,6186.0,6198.8,6588.1,True,True,False,False,True,False,False,1427.0,7450.0,-16.64,False,1.32,1.3,0.97,True,4,True,-5.86,1.49,False,False,,tv_wilder_rsi14_sma5_v1,80.25,76.38,True,True,3.88
6408,6408.T,小倉クラッチ,2023-09,CONTINUE,9,59.52,63.4,True,True,3.88,2023-01,2430.0,3175.0,3175.0,30.66,2368.4,2370.96,2362.45,True,True,True,False,True,False,True,673.0,2980.0,-18.46,False,0.62,1.06,1.27,False,2,True,2.08,1.0,False,False,,tv_wilder_rsi14_sma5_v1,63.4,59.52,True,True,3.88
8860,8860.T,フジ住宅,2023-09,CONTINUE,3,55.5,59.37,True,False,3.88,2023-07,699.0,734.0,734.0,5.01,683.48,690.73,669.44,True,True,True,False,True,True,True,54867.0,728.0,-3.98,False,0.96,0.95,0.99,True,2,True,3.23,0.08,True,False,,tv_wilder_rsi14_sma5_v1,59.37,55.5,False,True,3.88
9535,9535.T,広島ガス,2023-09,CONTINUE,4,59.54,63.43,True,True,3.88,2023-06,378.0,389.0,389.0,2.91,368.32,362.89,348.2,True,True,True,True,False,True,True,43650.0,386.0,-2.07,False,1.27,1.23,1.01,False,2,False,11.67,1.59,False,False,,tv_wilder_rsi14_sma5_v1,63.43,59.54,True,True,3.88
4116,4116.T,大日精化工業,2023-09,CONTINUE,9,53.29,57.16,True,False,3.87,2023-01,452.75,568.0,568.0,25.46,429.43,431.24,445.9,True,True,True,False,True,False,False,125720.0,581.25,-22.11,False,0.85,1.3,1.2,False,3,True,-3.63,2.72,False,False,,tv_wilder_rsi14_sma5_v1,57.16,53.29,False,True,3.87
6787,6787.T,メイコー,2023-09,CONTINUE,4,50.91,54.78,True,False,3.87,2023-06,2695.0,3395.0,3395.0,25.97,2588.56,2673.8,2755.95,True,True,False,False,False,False,False,157590.0,3565.0,-24.4,False,0.84,3.1,0.98,True,4,True,-5.38,6.3,False,False,,tv_wilder_rsi14_sma5_v1,54.78,50.91,False,True,3.87
7616,7616.T,コロワイド,2023-09,CONTINUE,9,62.79,66.65,True,False,3.87,2023-01,1837.0,2415.0,2415.0,31.46,1781.72,1790.59,1805.57,True,True,True,False,False,False,True,204793.0,1982.0,-7.32,False,0.72,1.17,0.93,True,2,True,4.9,1.65,False,False,,tv_wilder_rsi14_sma5_v1,66.65,62.79,False,True,3.87
6995,6995.T,東海理化電機製作所,2023-09,CONTINUE,9,69.99,73.85,True,True,3.86,2023-01,1502.0,2344.0,2344.0,56.06,1424.64,1481.48,1468.86,True,True,True,False,False,False,False,119920.0,1656.0,-9.3,False,0.91,1.55,0.97,True,3,True,-0.16,1.18,True,False,,tv_wilder_rsi14_sma5_v1,73.85,69.99,True,True,3.86
6432,6432.T,竹内製作所,2023-09,CONTINUE,6,77.62,81.48,True,True,3.85,2023-04,3710.0,4900.0,4900.0,32.08,3193.68,2991.49,2852.66,True,True,True,True,True,True,True,373433.0,3670.0,1.09,True,1.0,3.45,0.91,True,2,True,39.2,11.43,False,True,BREAKOUT,tv_wilder_rsi14_sma5_v1,81.48,77.62,True,True,3.85
9950,9950.T,ハチバン,2023-09,CONTINUE,6,58.72,62.57,True,False,3.85,2023-04,3100.0,3210.0,3210.0,3.55,3088.4,3097.53,3098.22,True,True,True,False,False,True,False,1200.0,3160.0,-1.9,False,0.43,0.17,0.7,True,3,True,0.3,-0.02,False,False,,tv_wilder_rsi14_sma5_v1,62.57,58.72,False,True,3.85
1963,1963.T,日揮ホールディングス,2023-09,CONTINUE,4,61.83,65.66,True,True,3.84,2023-06,1865.0,2079.5,2079.5,11.5,1812.1,1712.93,1749.45,True,True,True,False,True,True,True,1436003.0,2040.0,-8.58,False,0.72,2.12,0.84,True,3,True,7.7,3.09,False,False,,tv_wilder_rsi14_sma5_v1,65.66,61.83,True,True,3.84
3399,3399.T,丸千代山岡家,2023-09,CONTINUE,18,93.26,97.1,True,True,3.84,2022-04,236.75,1132.5,1132.5,378.35,236.22,235.21,,True,True,,,True,False,,11493.0,,,,0.86,0.4,0.93,True,1,True,,,,False,,tv_wilder_rsi14_sma5_v1,97.1,93.26,True,True,3.84
6091,6091.T,ウエスコホールディングス,2023-09,NEW,1,59.32,63.16,True,True,3.83,2023-09,526.0,526.0,526.0,0.0,503.0,504.32,486.95,True,True,True,False,True,True,True,44587.0,549.0,-4.19,False,0.57,1.83,0.88,True,2,True,9.36,3.61,False,False,,tv_wilder_rsi14_sma5_v1,63.16,59.32,True,True,3.83
2060,2060.T,フィード・ワン,2023-09,CONTINUE,6,53.73,57.54,True,False,3.82,2023-04,740.0,796.0,796.0,7.57,688.6,686.2,688.86,True,True,True,False,True,False,True,61643.0,745.0,-0.67,False,2.78,1.8,1.29,False,1,True,8.91,3.39,True,False,,tv_wilder_rsi14_sma5_v1,57.54,53.73,False,True,3.82
3939,3939.T,カナミックネットワーク,2023-09,CONTINUE,4,43.75,47.57,True,True,3.82,2023-06,473.0,521.0,521.0,10.15,456.44,470.71,536.04,True,True,False,False,False,False,False,267663.0,688.0,-31.25,False,0.72,3.28,1.24,False,4,True,-8.81,3.34,False,False,,tv_wilder_rsi14_sma5_v1,47.57,43.75,True,True,3.82
2814,2814.T,佐藤食品工業,2023-09,NEW,1,59.35,63.16,True,True,3.81,2023-09,1750.0,1750.0,1750.0,0.0,1734.96,1703.97,1664.55,True,True,True,True,True,True,True,467.0,1802.0,-2.89,False,1.67,1.07,1.22,False,2,True,7.15,1.05,False,False,,tv_wilder_rsi14_sma5_v1,63.16,59.35,True,True,3.81
2816,2816.T,ダイショー,2023-09,CONTINUE,5,61.2,65.01,True,True,3.81,2023-05,1384.0,1415.0,1415.0,2.24,1380.56,1381.88,1376.24,True,True,True,False,True,True,True,1593.0,1401.0,-1.21,False,0.6,0.37,0.97,True,1,False,0.57,-0.13,False,False,,tv_wilder_rsi14_sma5_v1,65.01,61.2,True,True,3.81
2211,2211.T,不二家,2023-09,NEW,1,52.96,56.76,True,True,3.8,2023-09,2544.0,2544.0,2544.0,0.0,2496.28,2460.28,2481.08,True,True,True,False,True,True,False,31843.0,2725.0,-6.64,False,1.25,0.86,1.16,False,3,True,2.26,1.0,False,False,,tv_wilder_rsi14_sma5_v1,56.76,52.96,True,True,3.8
4689,4689.T,ＬＩＮＥヤフー,2023-09,CONTINUE,3,43.41,47.21,True,False,3.8,2023-07,395.8,415.5,415.5,4.98,376.42,365.64,368.75,True,True,True,False,True,True,False,19460633.0,499.8,-20.81,False,0.94,2.78,0.82,True,1,True,2.29,1.58,False,False,,tv_wilder_rsi14_sma5_v1,47.21,43.41,False,True,3.8
4733,4733.T,オービックビジネスコンサルタント,2023-09,CONTINUE,9,57.74,61.54,True,False,3.8,2023-01,5070.0,6200.0,6200.0,22.29,4485.0,4398.47,4500.4,True,True,True,False,True,False,True,143360.0,5210.0,-2.69,False,1.81,2.68,1.29,False,2,True,16.04,10.53,False,False,,tv_wilder_rsi14_sma5_v1,61.54,57.74,False,True,3.8
6823,6823.T,リオン,2023-09,CONTINUE,4,47.45,51.25,True,True,3.8,2023-06,1950.0,2232.0,2232.0,14.46,1883.96,1892.56,1914.4,True,True,True,False,True,True,False,23367.0,2476.0,-21.24,False,0.81,2.25,1.17,False,3,True,-1.9,3.28,False,False,,tv_wilder_rsi14_sma5_v1,51.25,47.45,True,True,3.8
7740,7740.T,タムロン,2023-09,CONTINUE,6,72.52,76.32,True,True,3.8,2023-04,412.5,571.25,571.25,38.48,384.61,391.44,387.34,True,True,True,False,False,False,True,433120.0,446.88,-7.69,False,1.65,1.61,1.15,False,2,True,15.56,1.27,True,False,,tv_wilder_rsi14_sma5_v1,76.32,72.52,True,True,3.8
1810,1810.T,松井建設,2023-09,CONTINUE,9,56.12,59.91,True,True,3.79,2023-01,582.0,763.0,763.0,31.1,559.76,560.73,604.49,True,True,False,False,False,False,False,21780.0,773.0,-24.71,False,1.15,1.22,1.1,False,4,True,-5.55,3.53,False,False,,tv_wilder_rsi14_sma5_v1,59.91,56.12,True,True,3.79
1979,1979.T,大氣社,2023-09,CONTINUE,4,68.64,72.43,True,False,3.79,2023-06,2050.0,2260.0,2260.0,10.24,1956.1,1872.57,1774.88,True,True,True,True,True,True,True,140527.0,2070.0,-0.97,False,1.01,1.72,1.07,False,2,True,19.88,2.06,False,False,,tv_wilder_rsi14_sma5_v1,72.43,68.64,False,True,3.79
3443,3443.T,川田テクノロジーズ,2023-09,CONTINUE,8,70.87,74.66,True,True,3.79,2023-02,405.0,695.56,695.56,71.74,381.8,374.51,392.16,True,True,True,False,True,False,False,69690.0,445.56,-9.1,False,1.29,1.41,1.23,False,1,True,2.42,4.64,False,False,,tv_wilder_rsi14_sma5_v1,74.66,70.87,True,True,3.79
1808,1808.T,長谷工コーポレーション,2023-09,CONTINUE,8,65.27,69.05,True,True,3.78,2023-02,1563.0,1907.0,1907.0,22.01,1507.84,1491.19,1543.06,True,True,True,False,True,False,True,755960.0,1672.0,-6.52,False,1.02,1.25,0.95,True,1,True,1.65,1.27,False,False,,tv_wilder_rsi14_sma5_v1,69.05,65.27,True,True,3.78
3231,3231.T,野村不動産ホールディングス,2023-09,CONTINUE,6,63.68,67.46,True,True,3.78,2023-04,675.0,750.6,750.6,11.2,609.86,589.15,629.23,True,True,True,False,True,True,False,3873633.0,725.0,-6.9,False,1.73,2.07,1.17,False,3,True,10.02,4.52,True,False,,tv_wilder_rsi14_sma5_v1,67.46,63.68,True,True,3.78
9740,9740.T,セントラル警備保障,2023-09,CONTINUE,9,52.84,56.62,True,True,3.78,2023-01,2620.0,3125.0,3125.0,19.27,2370.48,2420.36,2411.27,True,True,True,False,True,False,False,25260.0,2937.0,-10.79,False,1.32,2.35,0.99,True,1,True,11.01,8.23,False,False,,tv_wilder_rsi14_sma5_v1,56.62,52.84,True,True,3.78
4935,4935.T,リベルタ,2023-09,CONTINUE,8,44.83,48.6,True,True,3.77,2023-02,70.9,82.6,82.6,16.5,59.27,60.05,63.3,True,True,True,False,True,False,False,186667.0,81.3,-12.79,False,0.81,4.62,1.6,False,1,True,13.69,16.41,False,False,,tv_wilder_rsi14_sma5_v1,48.6,44.83,True,True,3.77
6549,6549.T,ディーエムソリューションズ,2023-09,CONTINUE,2,50.31,54.07,True,True,3.76,2023-08,634.5,661.5,661.5,4.26,603.18,574.28,583.21,True,True,True,False,True,False,True,4773.0,680.5,-6.76,False,0.96,2.18,0.73,True,2,True,22.62,1.01,False,False,,tv_wilder_rsi14_sma5_v1,54.07,50.31,True,True,3.76
9974,9974.T,ベルク,2023-09,CONTINUE,7,61.36,65.12,True,True,3.76,2023-03,5600.0,6870.0,6870.0,22.68,5515.2,5537.73,5488.18,True,True,True,False,True,False,True,33823.0,5970.0,-6.2,False,0.39,1.79,0.84,True,2,True,2.39,0.92,False,False,,tv_wilder_rsi14_sma5_v1,65.12,61.36,True,True,3.76
5186,5186.T,ニッタ,2023-09,CONTINUE,4,61.51,65.26,True,True,3.75,2023-06,3050.0,3320.0,3320.0,8.85,3061.8,3022.2,2939.05,False,True,True,True,True,True,True,30193.0,3165.0,-3.63,False,0.89,1.51,0.98,True,2,True,6.92,1.87,False,False,,tv_wilder_rsi14_sma5_v1,65.26,61.51,True,True,3.75
7337,7337.T,ひろぎんホールディングス,2023-09,CONTINUE,5,73.52,77.27,True,True,3.75,2023-05,759.0,917.2,917.2,20.84,715.48,681.15,648.12,True,True,True,True,True,True,True,964763.0,784.0,-3.19,False,0.87,2.09,0.93,True,2,True,17.23,4.56,False,False,,tv_wilder_rsi14_sma5_v1,77.27,73.52,True,True,3.75
7607,7607.T,進和,2023-09,CONTINUE,4,54.45,58.2,True,True,3.75,2023-06,2345.0,2373.0,2373.0,1.19,2191.44,2138.72,2095.78,True,True,True,True,True,True,False,24963.0,2380.0,-1.47,False,1.04,1.38,0.98,True,1,True,12.52,5.61,False,False,,tv_wilder_rsi14_sma5_v1,58.2,54.45,True,True,3.75
9799,9799.T,旭情報サービス,2023-09,CONTINUE,4,55.2,58.94,True,True,3.75,2023-06,619.5,633.5,633.5,2.26,597.42,592.63,578.84,True,True,True,True,True,True,True,8580.0,618.5,0.16,True,1.03,1.13,1.37,False,2,True,6.93,1.53,False,False,,tv_wilder_rsi14_sma5_v1,58.94,55.2,True,True,3.75
1780,1780.T,ヤマウラ,2023-09,CONTINUE,2,67.71,71.42,False,True,3.71,2023-08,1236.0,1247.0,1247.0,0.89,1196.92,1182.87,1114.68,True,True,True,True,True,False,True,22277.0,1286.0,-3.89,False,0.81,1.51,0.69,True,2,True,16.12,1.8,False,False,,tv_wilder_rsi14_sma5_v1,71.42,67.71,True,False,3.71
3104,3104.T,富士紡ホールディングス,2023-09,CONTINUE,4,49.13,52.84,True,True,3.71,2023-06,1061.67,1198.33,1198.33,12.87,1034.23,1051.81,1080.5,True,True,False,False,False,False,False,67980.0,1225.0,-13.33,False,0.89,1.02,0.92,True,4,True,-2.1,2.12,False,False,,tv_wilder_rsi14_sma5_v1,52.84,49.13,True,True,3.71
6888,6888.T,アクモス,2023-09,CONTINUE,2,54.38,58.09,True,True,3.71,2023-08,405.0,424.0,424.0,4.69,397.36,399.65,387.74,True,True,True,False,True,False,True,32997.0,421.0,-3.8,False,0.72,1.11,0.69,True,2,True,5.43,1.46,False,False,,tv_wilder_rsi14_sma5_v1,58.09,54.38,True,True,3.71
8585,8585.T,オリエントコーポレーション,2023-09,CONTINUE,4,42.67,46.38,True,True,3.71,2023-06,1128.0,1160.0,1160.0,2.84,1103.4,1114.23,1145.47,True,True,False,False,False,False,False,308707.0,1390.0,-18.85,False,0.77,1.48,1.2,False,4,True,-2.14,3.25,False,False,,tv_wilder_rsi14_sma5_v1,46.38,42.67,True,True,3.71
4120,4120.T,スガイ化学工業,2023-09,CONTINUE,9,72.53,76.23,True,True,3.7,2023-01,1924.0,2477.0,2477.0,28.74,1889.4,1882.41,1832.79,True,True,True,True,True,True,True,850.0,1930.0,-0.31,False,0.68,0.72,1.17,False,2,True,9.55,-0.79,False,False,,tv_wilder_rsi14_sma5_v1,76.23,72.53,True,True,3.7
8747,8747.T,豊トラスティ証券,2023-09,CONTINUE,4,62.89,66.59,True,True,3.7,2023-06,968.0,1065.0,1065.0,10.02,936.96,936.88,877.26,True,True,True,True,True,True,True,2427.0,1060.0,-8.68,False,0.77,1.98,1.53,False,2,True,9.28,0.29,False,False,,tv_wilder_rsi14_sma5_v1,66.59,62.89,True,True,3.7
2153,2153.T,Ｅ・Ｊホールディングス,2023-09,CONTINUE,3,69.67,73.35,False,True,3.68,2023-07,1639.0,1739.0,1739.0,6.1,1590.64,1574.95,1433.29,True,True,True,True,True,True,True,35367.0,1646.0,-0.43,False,0.74,1.95,1.04,False,2,True,17.26,-1.04,False,False,,tv_wilder_rsi14_sma5_v1,73.35,69.67,True,False,3.68
5902,5902.T,ホッカンホールディングス,2023-09,CONTINUE,4,52.7,56.39,True,False,3.68,2023-06,1386.0,1509.0,1509.0,8.87,1367.2,1374.23,1349.58,True,True,True,False,False,True,True,16250.0,1424.0,-2.67,False,0.99,1.36,0.96,True,2,True,5.06,1.13,False,False,,tv_wilder_rsi14_sma5_v1,56.39,52.7,False,True,3.68
6029,6029.T,アトラグループ,2023-09,CONTINUE,3,41.37,45.04,True,False,3.67,2023-07,181.0,204.0,204.0,12.71,178.48,180.53,185.66,True,True,False,False,False,False,False,16457.0,230.0,-21.3,False,1.39,1.74,1.15,False,4,True,-2.54,0.33,False,False,,tv_wilder_rsi14_sma5_v1,45.04,41.37,False,True,3.67
8117,8117.T,中央自動車工業,2023-09,CONTINUE,11,68.11,71.77,True,True,3.67,2022-11,795.33,1241.67,1241.67,56.12,768.25,757.21,775.0,True,True,True,False,True,False,False,20210.0,1008.33,-21.12,False,1.14,1.48,0.87,True,3,True,-1.66,2.16,False,False,,tv_wilder_rsi14_sma5_v1,71.77,68.11,True,True,3.67
8365,8365.T,富山銀行,2023-09,CONTINUE,4,42.27,45.93,True,True,3.66,2023-06,1671.0,1814.0,1814.0,8.56,1650.72,1651.37,1694.19,True,True,False,False,True,False,False,5547.0,1895.0,-11.82,False,0.58,1.12,1.01,False,1,True,-4.99,0.72,False,False,,tv_wilder_rsi14_sma5_v1,45.93,42.27,True,True,3.66
3086,3086.T,Ｊ．フロント　リテイリング,2023-09,CONTINUE,2,66.17,69.82,True,False,3.65,2023-08,1535.0,1529.0,1529.0,-0.39,1494.74,1427.55,1310.43,True,True,True,True,True,True,True,1717723.0,1634.5,-6.09,False,1.26,2.64,0.99,True,2,False,23.71,2.37,False,False,,tv_wilder_rsi14_sma5_v1,69.82,66.17,False,True,3.65
4527,4527.T,ロート製薬,2023-09,CONTINUE,2,78.99,82.64,True,True,3.65,2023-08,3797.0,4055.0,4055.0,6.79,3441.96,3234.77,2750.16,True,True,True,True,True,True,True,795730.0,3853.0,-1.45,False,0.81,2.6,0.67,True,2,True,51.0,7.23,False,False,,tv_wilder_rsi14_sma5_v1,82.64,78.99,True,True,3.65
6560,6560.T,エル・ティー・エス,2023-09,CONTINUE,5,56.83,60.48,True,True,3.65,2023-05,3385.0,4055.0,4055.0,19.79,2829.56,2682.07,2941.34,True,True,True,False,True,True,False,28413.0,3995.0,-15.27,False,1.94,5.77,1.19,False,3,True,11.39,11.05,False,False,,tv_wilder_rsi14_sma5_v1,60.48,56.83,True,True,3.65
6926,6926.T,岡谷電機産業,2023-09,CONTINUE,2,47.83,51.48,True,False,3.65,2023-08,311.0,307.0,307.0,-1.29,292.92,281.39,280.73,True,True,True,True,True,False,True,76647.0,348.0,-10.63,False,0.56,4.66,0.84,True,2,True,14.79,4.94,False,False,,tv_wilder_rsi14_sma5_v1,51.48,47.83,False,True,3.65
2780,2780.T,コメ兵ホールディングス,2023-09,CONTINUE,6,76.3,79.94,True,False,3.64,2023-04,2768.0,5760.0,5760.0,108.09,2613.8,2587.71,2788.03,True,True,False,False,True,True,False,148213.0,3660.0,-24.37,False,0.81,3.54,0.87,True,1,True,8.74,3.11,False,False,,tv_wilder_rsi14_sma5_v1,79.94,76.3,False,True,3.64
4980,4980.T,デクセリアルズ,2023-09,CONTINUE,5,56.64,60.28,True,True,3.64,2023-05,1023.33,1230.0,1230.0,20.2,915.69,895.93,1022.0,True,True,True,False,True,True,False,1810600.0,1481.67,-30.93,False,1.13,3.13,1.06,False,3,True,-5.02,4.14,False,False,,tv_wilder_rsi14_sma5_v1,60.28,56.64,True,True,3.64
5609,5609.T,日本鋳造,2023-09,CONTINUE,9,61.05,64.69,True,True,3.64,2023-01,844.0,1025.0,1025.0,21.45,831.48,834.15,866.08,True,True,False,False,True,False,True,4950.0,1051.0,-19.7,False,1.58,1.18,1.43,False,4,True,0.71,1.46,False,False,,tv_wilder_rsi14_sma5_v1,64.69,61.05,True,True,3.64
7246,7246.T,プレス工業,2023-09,CONTINUE,9,76.64,80.28,True,True,3.64,2023-01,450.0,689.0,689.0,53.11,423.4,422.12,414.12,True,True,True,True,False,True,True,274247.0,456.0,-1.32,False,1.14,1.46,0.98,True,2,True,11.95,2.15,True,False,,tv_wilder_rsi14_sma5_v1,80.28,76.64,True,True,3.64
3106,3106.T,倉敷紡績,2023-09,NEW,1,55.38,59.0,False,True,3.62,2023-09,2440.0,2440.0,2440.0,0.0,2433.44,2323.48,2334.88,True,True,True,False,True,True,True,20520.0,2716.0,-10.16,False,1.21,1.95,1.16,False,2,True,8.21,1.43,False,False,,tv_wilder_rsi14_sma5_v1,59.0,55.38,True,False,3.62
3204,3204.T,トーア紡コーポレーション,2023-09,CONTINUE,12,57.15,60.77,True,True,3.62,2022-10,346.0,458.0,458.0,32.37,340.16,354.03,376.42,True,False,False,False,False,False,False,19323.0,445.0,-22.25,False,1.15,1.47,0.94,True,4,True,-10.93,2.4,False,False,,tv_wilder_rsi14_sma5_v1,60.77,57.15,True,True,3.62
3326,3326.T,ランシステム,2023-09,NEW,1,44.11,47.71,True,True,3.6,2023-09,400.0,400.0,400.0,0.0,415.04,374.56,355.04,False,True,True,True,True,True,True,184240.0,606.0,-33.99,False,0.13,7.88,0.51,True,2,False,12.15,-3.86,False,False,,tv_wilder_rsi14_sma5_v1,47.71,44.11,True,True,3.6
7976,7976.T,三菱鉛筆,2023-09,CONTINUE,3,65.09,68.67,True,False,3.59,2023-07,1860.0,1918.0,1918.0,3.12,1678.44,1710.63,1547.59,True,True,True,False,False,True,True,72087.0,1850.0,0.54,True,2.18,2.17,1.1,False,2,True,19.67,0.55,True,True,MVP,tv_wilder_rsi14_sma5_v1,68.67,65.09,False,True,3.59
2497,2497.T,ユナイテッド,2023-09,CONTINUE,7,58.36,61.93,True,False,3.58,2023-03,640.0,954.0,954.0,49.06,639.46,626.51,697.39,True,True,False,False,True,False,False,39313.0,967.5,-33.85,False,0.73,2.08,1.07,False,4,True,-10.18,2.32,False,False,,tv_wilder_rsi14_sma5_v1,61.93,58.36,False,True,3.58
7520,7520.T,エコス,2023-09,CONTINUE,4,53.77,57.36,True,True,3.58,2023-06,1905.0,2044.0,2044.0,7.3,1877.68,1870.71,1844.95,True,True,True,True,False,True,False,11840.0,2399.0,-20.59,False,1.56,1.13,1.18,False,1,True,-0.05,0.13,False,False,,tv_wilder_rsi14_sma5_v1,57.36,53.77,True,True,3.58
8157,8157.T,都築電気,2023-09,CONTINUE,9,69.39,72.97,True,False,3.58,2023-01,1326.0,2315.0,2315.0,74.59,1305.0,1302.85,1329.7,True,True,False,False,True,True,False,12340.0,1700.0,-22.0,False,1.28,1.65,1.12,False,4,True,-3.69,1.38,False,False,,tv_wilder_rsi14_sma5_v1,72.97,69.39,False,True,3.58
1852,1852.T,淺沼組,2023-09,CONTINUE,4,70.41,73.99,True,True,3.57,2023-06,652.0,718.0,718.0,10.12,637.28,633.92,610.16,True,True,True,True,True,False,True,318967.0,706.0,-7.65,False,1.36,1.22,1.11,False,2,True,12.26,2.66,False,False,,tv_wilder_rsi14_sma5_v1,73.99,70.41,True,True,3.57
2961,2961.T,日本調理機,2023-09,CONTINUE,5,69.75,73.33,True,False,3.57,2023-05,654.25,735.25,735.25,12.38,645.93,641.58,633.7,True,True,True,True,True,True,True,1707.0,684.75,-4.45,False,1.83,1.13,1.38,False,1,True,4.11,-0.3,False,False,,tv_wilder_rsi14_sma5_v1,73.33,69.75,False,True,3.57
4228,4228.T,積水化成品工業,2023-09,CONTINUE,9,45.67,49.24,True,True,3.57,2023-01,389.0,463.0,463.0,19.02,383.44,386.37,401.87,True,True,False,False,False,False,False,63583.0,476.0,-18.28,False,1.09,1.01,0.91,True,4,False,-5.44,1.81,True,False,,tv_wilder_rsi14_sma5_v1,49.24,45.67,True,True,3.57
5945,5945.T,天龍製鋸,2023-09,NEW,1,56.5,60.08,True,True,3.57,2023-09,1635.0,1635.0,1635.0,0.0,1607.9,1585.13,1571.76,True,True,True,True,True,True,True,2030.0,1652.5,-1.06,False,1.37,0.93,0.96,True,2,True,4.27,0.94,False,False,,tv_wilder_rsi14_sma5_v1,60.08,56.5,True,True,3.57
7749,7749.T,メディキット,2023-09,CONTINUE,5,49.24,52.81,True,False,3.57,2023-05,2482.0,2673.0,2673.0,7.7,2452.08,2450.89,2428.03,True,True,True,True,True,False,True,1560.0,2645.0,-6.16,False,1.4,1.62,0.73,True,2,True,5.94,1.5,False,False,,tv_wilder_rsi14_sma5_v1,52.81,49.24,False,True,3.57
8118,8118.T,キング,2023-09,CONTINUE,11,64.67,68.24,True,True,3.57,2022-11,485.0,665.0,665.0,37.11,470.0,444.88,494.08,True,True,False,False,True,False,False,47677.0,579.0,-16.23,False,0.63,2.67,0.72,True,4,True,-3.71,3.01,False,False,,tv_wilder_rsi14_sma5_v1,68.24,64.67,True,True,3.57
1812,1812.T,鹿島建設,2023-09,CONTINUE,11,75.69,79.24,True,False,3.56,2022-11,1550.0,2433.5,2433.5,57.0,1470.12,1449.85,1467.05,True,True,True,False,True,True,True,1933580.0,1605.0,-3.43,False,1.25,2.31,0.88,True,1,True,5.98,3.27,False,False,,tv_wilder_rsi14_sma5_v1,79.24,75.69,False,True,3.56
9049,9049.T,京福電気鉄道,2023-09,CONTINUE,8,85.31,88.86,True,True,3.56,2023-02,3515.0,4530.0,4530.0,28.88,3382.8,3299.6,3206.51,True,True,True,True,True,True,True,400.0,3580.0,-1.82,False,0.5,1.99,0.69,True,2,True,11.52,1.44,False,False,,tv_wilder_rsi14_sma5_v1,88.86,85.31,True,True,3.56
3143,3143.T,オーウイル,2023-09,CONTINUE,6,61.52,65.07,True,True,3.55,2023-04,379.33,437.0,437.0,15.2,372.75,378.2,368.49,True,True,True,False,False,True,True,14950.0,394.67,-3.89,False,0.49,0.83,0.87,True,1,True,3.71,1.59,False,False,,tv_wilder_rsi14_sma5_v1,65.07,61.52,True,True,3.55
5451,5451.T,ヨドコウ,2023-09,CONTINUE,14,72.27,75.82,True,True,3.55,2022-08,502.2,709.0,709.0,41.18,486.38,464.78,492.86,True,True,True,False,True,False,False,179533.0,565.6,-11.21,False,0.83,1.5,1.02,False,1,True,4.93,,,False,,tv_wilder_rsi14_sma5_v1,75.82,72.27,True,True,3.55
7638,7638.T,ＮＥＷ　ＡＲＴ　ＨＯＬＤＩＮＧＳ,2023-09,CONTINUE,2,60.68,64.22,False,True,3.55,2023-08,1705.0,1798.0,1798.0,5.45,1682.24,1640.51,1650.02,True,True,True,False,False,False,True,48880.0,1895.0,-10.03,False,0.74,2.33,0.8,True,2,False,7.98,0.05,False,False,,tv_wilder_rsi14_sma5_v1,64.22,60.68,True,False,3.55
8742,8742.T,小林洋行,2023-09,NEW,1,49.12,52.67,False,True,3.55,2023-09,242.0,242.0,242.0,0.0,237.0,235.23,233.5,True,True,True,True,True,True,True,24400.0,247.0,-2.02,False,0.63,1.33,1.14,False,2,True,4.38,1.07,False,False,,tv_wilder_rsi14_sma5_v1,52.67,49.12,True,False,3.55
6371,6371.T,椿本チエイン,2023-09,CONTINUE,9,62.34,65.88,True,True,3.54,2023-01,1031.67,1291.67,1291.67,25.2,1002.01,1023.39,1030.56,True,True,True,False,False,False,False,212610.0,1138.33,-9.37,False,1.13,1.12,1.03,False,1,True,-0.72,0.8,True,False,,tv_wilder_rsi14_sma5_v1,65.88,62.34,True,True,3.54
5302,5302.T,日本カーボン,2023-09,CONTINUE,5,55.44,58.97,True,True,3.53,2023-05,4345.0,4555.0,4555.0,4.83,4288.2,4155.4,4190.07,True,True,True,False,True,False,True,53910.0,4480.0,-3.01,False,0.95,1.35,0.96,True,2,True,3.61,1.77,False,False,,tv_wilder_rsi14_sma5_v1,58.97,55.44,True,True,3.53
7524,7524.T,マルシェ,2023-09,CONTINUE,2,26.99,30.52,False,False,3.53,2023-08,294.0,273.0,273.0,-7.14,259.96,262.71,346.0,True,True,False,False,True,False,False,592663.0,461.0,-36.23,False,5.78,6.2,1.73,False,4,True,-10.85,13.99,False,False,,tv_wilder_rsi14_sma5_v1,30.52,26.99,False,False,3.53
1980,1980.T,ダイダン,2023-09,CONTINUE,11,64.58,68.1,True,False,3.52,2022-11,366.67,495.0,495.0,35.0,355.81,362.55,356.97,True,True,True,False,False,False,False,109260.0,396.83,-7.6,False,0.84,1.55,0.79,True,3,True,1.91,3.64,False,False,,tv_wilder_rsi14_sma5_v1,68.1,64.58,False,True,3.52
5697,5697.T,サンユウ,2023-09,CONTINUE,2,52.12,55.64,False,True,3.52,2023-08,574.0,583.0,583.0,1.57,559.04,536.13,576.14,True,True,False,False,True,False,True,10010.0,802.0,-28.43,False,0.67,1.88,0.83,True,1,True,7.56,2.1,False,False,,tv_wilder_rsi14_sma5_v1,55.64,52.12,True,False,3.52
4452,4452.T,花王,2023-09,CONTINUE,4,43.01,46.52,True,False,3.51,2023-06,2607.0,2775.5,2775.5,6.46,2572.44,2607.84,2673.14,True,False,False,False,False,True,False,4740480.0,3148.5,-17.2,False,0.77,1.45,1.06,False,4,True,-2.91,1.59,False,False,,tv_wilder_rsi14_sma5_v1,46.52,43.01,False,True,3.51
4548,4548.T,生化学工業,2023-09,CONTINUE,3,38.57,42.09,True,True,3.51,2023-07,774.0,808.0,808.0,4.39,749.76,779.04,832.78,True,False,False,False,False,False,False,89507.0,978.0,-20.86,False,1.19,1.29,1.17,False,4,True,-8.99,0.28,True,False,,tv_wilder_rsi14_sma5_v1,42.09,38.57,True,True,3.51
7822,7822.T,永大産業,2023-09,CONTINUE,4,34.96,38.47,True,True,3.51,2023-06,215.0,224.0,224.0,4.19,210.4,218.39,222.42,True,False,False,False,False,False,False,44437.0,269.0,-20.07,False,0.68,1.06,1.02,False,4,False,-7.63,2.19,False,False,,tv_wilder_rsi14_sma5_v1,38.47,34.96,True,True,3.51
8830,8830.T,住友不動産,2023-09,CONTINUE,6,54.48,58.0,True,True,3.51,2023-04,1580.0,1943.0,1943.0,22.97,1502.97,1536.1,1653.55,True,True,False,False,False,False,False,2457027.0,1896.0,-16.67,False,1.12,1.53,0.93,True,4,True,-5.84,0.46,True,False,,tv_wilder_rsi14_sma5_v1,58.0,54.48,True,True,3.51
1982,1982.T,日比谷総合設備,2023-09,NEW,1,66.62,70.12,True,True,3.49,2023-09,1168.5,1168.5,1168.5,0.0,1152.14,1116.21,1068.39,True,True,True,True,True,True,True,49527.0,1198.5,-2.5,False,1.4,2.05,1.14,False,2,True,13.29,-0.07,False,False,,tv_wilder_rsi14_sma5_v1,70.12,66.62,True,True,3.49
2327,2327.T,日鉄ソリューションズ,2023-09,CONTINUE,2,58.8,62.29,True,True,3.49,2023-08,1975.0,2127.5,2127.5,7.72,1926.3,1988.67,1824.39,True,False,True,False,False,True,True,252573.0,2132.5,-7.39,False,0.78,1.84,0.9,True,2,True,4.48,0.76,False,False,,tv_wilder_rsi14_sma5_v1,62.29,58.8,True,True,3.49
6458,6458.T,新晃工業,2023-09,CONTINUE,9,61.44,64.94,True,True,3.49,2023-01,521.33,737.0,737.0,41.37,492.79,503.42,521.35,True,True,False,False,True,False,False,98430.0,633.0,-17.64,False,0.64,1.21,0.97,True,4,True,-5.0,3.22,False,False,,tv_wilder_rsi14_sma5_v1,64.94,61.44,True,True,3.49
8253,8253.T,クレディセゾン,2023-09,CONTINUE,6,69.32,72.79,True,True,3.48,2023-04,1879.0,2370.5,2370.5,26.16,1772.08,1755.03,1716.52,True,True,True,True,False,True,True,659563.0,1929.0,-2.59,False,0.89,1.79,1.0,True,2,True,15.37,2.73,False,False,,tv_wilder_rsi14_sma5_v1,72.79,69.32,True,True,3.48
8929,8929.T,青山財産ネットワークス,2023-09,CONTINUE,2,50.97,54.45,True,True,3.48,2023-08,1091.0,1094.0,1094.0,0.27,1026.2,1005.96,1053.64,True,True,True,False,True,True,True,107280.0,1277.0,-14.57,False,0.99,1.94,0.89,True,1,True,5.8,2.77,False,False,,tv_wilder_rsi14_sma5_v1,54.45,50.97,True,True,3.48
5368,5368.T,日本インシュレーション,2023-09,CONTINUE,5,54.03,57.5,True,True,3.47,2023-05,822.0,903.0,903.0,9.85,820.32,823.63,842.47,True,False,False,False,True,True,False,5113.0,920.0,-10.65,False,0.65,0.79,1.17,False,4,True,-3.05,0.66,False,False,,tv_wilder_rsi14_sma5_v1,57.5,54.03,True,True,3.47
2294,2294.T,柿安本店,2023-09,CONTINUE,7,52.34,55.8,True,False,3.46,2023-03,2222.0,2479.0,2479.0,11.57,2109.48,2067.07,2210.26,True,True,True,False,True,False,False,18163.0,2478.0,-10.33,False,1.55,1.64,0.95,True,3,True,0.68,3.48,True,False,,tv_wilder_rsi14_sma5_v1,55.8,52.34,False,True,3.46
4012,4012.T,アクシス,2023-09,CONTINUE,4,43.03,46.49,True,True,3.46,2023-06,1360.0,1417.0,1417.0,4.19,1330.28,1358.68,1353.06,True,True,True,False,False,False,False,4787.0,1465.0,-7.17,False,1.24,2.19,0.9,True,3,True,1.09,3.66,False,False,,tv_wilder_rsi14_sma5_v1,46.49,43.03,True,True,3.46
4041,4041.T,日本曹達,2023-09,CONTINUE,4,72.82,76.28,True,True,3.46,2023-06,2585.0,2750.0,2750.0,6.38,2466.2,2361.7,2247.65,True,True,True,True,True,True,True,185167.0,2600.0,-0.58,False,0.81,1.44,0.85,True,2,True,15.93,2.02,False,False,,tv_wilder_rsi14_sma5_v1,76.28,72.82,True,True,3.46
7459,7459.T,メディパルホールディングス,2023-09,CONTINUE,8,65.54,69.0,True,True,3.46,2023-02,1785.0,2527.5,2527.5,41.6,1735.24,1745.84,1832.8,True,True,False,False,True,False,False,414640.0,2238.0,-20.24,False,1.26,1.2,1.01,False,4,True,-6.26,2.72,False,False,,tv_wilder_rsi14_sma5_v1,69.0,65.54,True,True,3.46
9256,9256.T,サクシード,2023-09,CONTINUE,4,33.9,37.36,True,False,3.46,2023-06,987.0,995.0,995.0,0.81,907.48,929.21,979.1,True,True,True,False,False,False,False,2197.0,1129.0,-12.58,False,1.5,2.17,1.09,False,3,True,0.74,5.83,True,False,,tv_wilder_rsi14_sma5_v1,37.36,33.9,False,True,3.46
3297,3297.T,東武住販,2023-09,NEW,1,54.28,57.73,False,True,3.45,2023-09,1169.0,1169.0,1169.0,0.0,1137.48,1104.99,1105.33,True,True,True,False,True,False,True,3610.0,1257.0,-7.0,False,2.2,1.5,1.18,False,2,True,12.58,2.42,False,False,,tv_wilder_rsi14_sma5_v1,57.73,54.28,True,False,3.45
3087,3087.T,ドトール・日レスホールディングス,2023-09,CONTINUE,4,67.47,70.91,True,False,3.44,2023-06,2107.0,2330.0,2330.0,10.58,2052.4,2025.43,1846.52,True,True,True,True,False,True,True,122980.0,2192.0,-3.88,False,0.82,1.35,1.06,False,2,True,21.59,0.76,False,False,,tv_wilder_rsi14_sma5_v1,70.91,67.47,False,True,3.44
6433,6433.T,ヒーハイスト,2023-09,NEW,1,42.32,45.76,True,True,3.44,2023-09,258.0,258.0,258.0,0.0,253.52,249.17,246.51,True,True,True,True,True,True,True,293983.0,320.0,-19.37,False,0.11,5.12,0.6,True,2,False,4.61,-0.17,False,False,,tv_wilder_rsi14_sma5_v1,45.76,42.32,True,True,3.44
7734,7734.T,理研計器,2023-09,NEW,1,59.0,62.44,True,True,3.44,2023-09,3015.0,3015.0,3015.0,0.0,2791.3,2714.9,2548.34,True,True,True,True,True,True,True,73227.0,3070.0,-1.79,False,1.37,2.51,1.16,False,2,True,22.66,5.72,False,False,,tv_wilder_rsi14_sma5_v1,62.44,59.0,True,True,3.44
5480,5480.T,日本冶金工業,2023-09,CONTINUE,3,66.2,69.63,True,True,3.43,2023-07,4355.0,4645.0,4645.0,6.66,4162.4,4098.33,4059.24,True,True,True,True,True,True,True,197790.0,4770.0,-8.7,False,1.21,1.97,1.06,False,2,True,33.4,1.42,False,False,,tv_wilder_rsi14_sma5_v1,69.63,66.2,True,True,3.43
3180,3180.T,ビューティガレージ,2023-09,CONTINUE,4,62.72,66.15,True,True,3.42,2023-06,2192.5,2442.5,2442.5,11.4,2065.2,1964.57,1714.81,True,True,True,True,True,True,True,136567.0,2365.0,-7.29,False,0.48,3.41,0.69,True,2,True,41.45,6.31,False,False,,tv_wilder_rsi14_sma5_v1,66.15,62.72,True,True,3.42
7601,7601.T,ポプラ,2023-09,CONTINUE,7,49.9,53.32,False,True,3.42,2023-03,142.0,228.0,228.0,60.56,136.84,138.88,144.91,True,True,False,False,False,False,False,22373.0,191.0,-25.65,False,0.86,2.36,0.94,True,4,True,0.93,3.85,False,False,,tv_wilder_rsi14_sma5_v1,53.32,49.9,True,False,3.42
3482,3482.T,ロードスターキャピタル,2023-09,CONTINUE,5,57.68,61.09,True,True,3.41,2023-05,1505.0,1856.0,1856.0,23.32,1419.16,1427.77,1603.38,True,True,False,False,True,False,False,186420.0,2311.0,-34.88,False,0.74,2.49,0.97,True,4,True,-5.31,4.4,False,False,,tv_wilder_rsi14_sma5_v1,61.09,57.68,True,True,3.41
4475,4475.T,ＨＥＮＮＧＥ,2023-09,CONTINUE,5,45.44,48.85,True,True,3.41,2023-05,814.0,1107.0,1107.0,36.0,758.84,772.33,930.67,True,True,False,False,True,False,False,531350.0,1370.0,-40.58,False,1.17,4.7,1.04,False,4,True,-14.37,5.88,False,False,,tv_wilder_rsi14_sma5_v1,48.85,45.44,True,True,3.41
9846,9846.T,天満屋ストア,2023-09,CONTINUE,11,52.83,56.24,True,True,3.41,2022-11,1001.0,1077.0,1077.0,7.59,996.96,998.65,1002.94,True,True,False,False,True,False,False,933.0,1057.0,-5.3,False,0.99,0.38,0.75,True,1,True,-2.21,-0.2,False,False,,tv_wilder_rsi14_sma5_v1,56.24,52.83,True,True,3.41
8218,8218.T,コメリ,2023-09,CONTINUE,8,57.84,61.21,False,True,3.38,2023-02,2650.0,3150.0,3150.0,18.87,2629.88,2638.65,2661.57,True,True,False,False,False,False,True,78263.0,2876.0,-7.86,False,1.05,0.95,1.02,False,4,False,-1.52,-0.42,False,False,,tv_wilder_rsi14_sma5_v1,61.21,57.84,True,False,3.38
5078,5078.T,セレコーポレーション,2023-09,NEW,1,83.65,87.02,,True,3.37,2023-09,2850.0,2850.0,2850.0,0.0,2808.64,2630.15,2527.39,True,True,True,True,True,True,True,1017.0,2930.0,-2.73,False,0.87,1.52,0.97,True,2,True,22.93,0.77,False,False,,tv_wilder_rsi14_sma5_v1,87.02,83.65,True,,3.37
6862,6862.T,ミナトホールディングス,2023-09,CONTINUE,2,64.56,67.93,True,False,3.37,2023-08,749.0,744.0,744.0,-0.67,593.12,597.23,533.58,True,True,True,False,True,True,True,169210.0,730.0,2.6,True,2.02,4.46,1.18,False,2,True,44.38,9.29,True,True,MVP,tv_wilder_rsi14_sma5_v1,67.93,64.56,False,True,3.37
8006,8006.T,ユアサ・フナショク,2023-09,CONTINUE,14,56.76,60.13,True,True,3.37,2022-08,644.25,758.75,758.75,17.77,638.89,635.61,673.81,True,True,False,False,False,False,False,1680.0,792.5,-18.71,False,0.81,0.47,0.98,True,4,True,-5.74,,,False,,tv_wilder_rsi14_sma5_v1,60.13,56.76,True,True,3.37
6382,6382.T,トリニティ工業,2023-09,CONTINUE,9,65.34,68.7,True,True,3.36,2023-01,663.0,941.0,941.0,41.93,653.32,658.95,667.25,True,True,False,False,False,False,False,3777.0,847.0,-21.72,False,0.57,1.09,1.2,False,1,True,-6.16,1.1,False,False,,tv_wilder_rsi14_sma5_v1,68.7,65.34,True,True,3.36
7911,7911.T,ＴＯＰＰＡＮホールディングス,2023-09,CONTINUE,8,76.03,79.39,True,True,3.36,2023-02,2463.0,3575.0,3575.0,45.15,2218.96,2089.2,2195.61,True,True,True,False,True,True,True,1066230.0,2534.0,-2.8,False,1.39,2.88,1.11,False,1,True,10.12,6.54,False,False,,tv_wilder_rsi14_sma5_v1,79.39,76.03,True,True,3.36
4242,4242.T,タカギセイコー,2023-09,CONTINUE,7,51.45,54.8,True,False,3.35,2023-03,1435.0,1810.0,1810.0,26.13,1440.72,1422.41,1527.04,False,True,False,False,True,False,False,1143.0,1817.0,-21.02,False,0.82,0.97,0.87,True,4,False,-5.6,0.73,False,False,,tv_wilder_rsi14_sma5_v1,54.8,51.45,False,True,3.35
4752,4752.T,昭和システムエンジニアリング,2023-09,CONTINUE,2,74.91,78.26,True,True,3.35,2023-08,1180.0,1308.0,1308.0,10.85,1187.6,1102.01,998.02,False,True,True,True,True,True,True,1310.0,1270.0,-7.09,False,0.41,1.77,0.84,True,2,True,28.6,-1.68,False,False,,tv_wilder_rsi14_sma5_v1,78.26,74.91,True,True,3.35
6291,6291.T,日本エアーテック,2023-09,CONTINUE,6,56.94,60.29,True,True,3.35,2023-04,1105.0,1304.0,1304.0,18.01,1089.92,1096.52,1096.71,True,True,True,False,False,False,True,28037.0,1268.0,-12.85,False,0.67,0.96,0.84,True,2,False,1.67,-0.52,False,False,,tv_wilder_rsi14_sma5_v1,60.29,56.94,True,True,3.35
7277,7277.T,ＴＢＫ,2023-09,CONTINUE,9,57.86,61.2,True,True,3.34,2023-01,251.0,425.0,425.0,69.32,237.28,256.24,303.32,True,False,False,False,False,False,False,119097.0,422.0,-40.52,False,1.15,2.08,1.04,False,4,True,-22.78,3.27,False,False,,tv_wilder_rsi14_sma5_v1,61.2,57.86,True,True,3.34
3844,3844.T,コムチュア,2023-09,CONTINUE,2,44.46,47.78,True,False,3.33,2023-08,2442.0,2317.0,2317.0,-5.12,2259.08,2141.24,2229.89,True,True,True,False,True,True,False,123413.0,2692.0,-9.29,False,0.83,2.15,0.92,True,3,True,8.16,4.49,False,False,,tv_wilder_rsi14_sma5_v1,47.78,44.46,False,True,3.33
3512,3512.T,日本フエルト,2023-09,CONTINUE,4,47.14,50.46,True,True,3.32,2023-06,418.0,428.0,428.0,2.39,413.64,414.29,409.54,True,True,True,False,False,False,False,11057.0,432.0,-3.24,False,0.9,0.68,0.97,True,1,True,2.16,1.67,False,False,,tv_wilder_rsi14_sma5_v1,50.46,47.14,True,True,3.32
3543,3543.T,コメダホールディングス,2023-09,CONTINUE,6,71.69,75.01,True,True,3.32,2023-04,2563.0,2900.0,2900.0,13.15,2479.12,2403.24,2381.61,True,True,True,True,True,True,True,319080.0,2720.0,-5.77,False,0.71,2.15,0.71,True,2,True,9.89,2.14,False,False,,tv_wilder_rsi14_sma5_v1,75.01,71.69,True,True,3.32
7679,7679.T,薬王堂ホールディングス,2023-09,CONTINUE,5,52.94,56.25,True,True,3.31,2023-05,2498.0,2687.0,2687.0,7.57,2507.2,2473.44,2525.19,False,True,False,False,True,False,True,21447.0,2919.0,-14.42,False,1.09,1.99,1.16,False,1,True,6.79,0.5,False,False,,tv_wilder_rsi14_sma5_v1,56.25,52.94,True,True,3.31
9709,9709.T,ＮＣＳ＆Ａ,2023-09,NEW,1,63.51,66.82,True,True,3.31,2023-09,715.0,715.0,715.0,0.0,692.36,675.67,654.72,True,True,True,True,True,True,True,7663.0,726.0,-1.52,False,0.85,1.76,1.23,False,2,True,16.01,1.37,False,False,,tv_wilder_rsi14_sma5_v1,66.82,63.51,True,True,3.31
9830,9830.T,トラスコ中山,2023-09,CONTINUE,2,50.41,53.72,True,False,3.31,2023-08,2571.0,2450.0,2450.0,-4.71,2298.24,2256.63,2184.16,True,True,True,True,True,True,True,148330.0,2556.0,0.59,True,1.02,2.51,0.82,True,2,True,21.63,7.65,False,False,,tv_wilder_rsi14_sma5_v1,53.72,50.41,False,True,3.31
2002,2002.T,日清製粉グループ本社,2023-09,CONTINUE,6,57.36,60.66,True,False,3.3,2023-04,1649.0,1905.5,1905.5,15.55,1594.88,1584.31,1580.95,True,True,True,True,True,True,True,729863.0,1756.0,-6.09,False,0.87,1.11,0.92,True,1,True,1.12,0.69,False,False,,tv_wilder_rsi14_sma5_v1,60.66,57.36,False,True,3.3
6555,6555.T,ＭＳ＆Ｃｏｎｓｕｌｔｉｎｇ,2023-09,CONTINUE,4,49.8,53.1,True,True,3.3,2023-06,619.0,699.0,699.0,12.92,605.44,603.0,604.29,True,True,True,False,True,True,False,8753.0,719.0,-13.91,False,1.03,1.5,0.85,True,1,True,-0.57,1.39,False,False,,tv_wilder_rsi14_sma5_v1,53.1,49.8,True,True,3.3
6757,6757.T,ＯＳＧコーポレーション,2023-09,CONTINUE,5,37.89,41.18,True,True,3.3,2023-05,790.0,854.0,854.0,8.1,782.0,775.03,827.88,True,True,False,False,True,False,False,8030.0,966.0,-18.22,False,0.39,1.01,0.92,True,4,True,-6.63,1.06,False,False,,tv_wilder_rsi14_sma5_v1,41.18,37.89,True,True,3.3
7937,7937.T,ツツミ,2023-09,CONTINUE,4,57.38,60.68,True,True,3.3,2023-06,2350.0,2449.0,2449.0,4.21,2168.0,2214.23,2061.01,True,True,True,False,False,True,True,7183.0,2375.0,-1.05,False,1.45,2.29,1.06,False,2,True,13.88,4.1,False,False,,tv_wilder_rsi14_sma5_v1,60.68,57.38,True,True,3.3
6904,6904.T,原田工業,2023-09,CONTINUE,3,44.05,47.33,True,True,3.29,2023-07,814.0,835.0,835.0,2.58,812.12,808.76,822.91,True,True,False,False,True,False,True,13047.0,895.0,-9.05,False,1.8,0.93,0.86,True,1,True,-0.96,0.42,False,False,,tv_wilder_rsi14_sma5_v1,47.33,44.05,True,True,3.29
3067,3067.T,東京一番フーズ,2023-09,CONTINUE,6,42.76,46.04,True,False,3.28,2023-04,496.0,527.0,527.0,6.25,492.44,492.28,539.39,True,True,False,False,False,True,False,18310.0,603.0,-17.74,False,0.62,1.07,1.02,False,4,False,-8.28,0.33,False,False,,tv_wilder_rsi14_sma5_v1,46.04,42.76,False,True,3.28
8700,8700.T,丸八証券,2023-09,CONTINUE,3,53.16,56.44,True,True,3.28,2023-07,1441.0,1422.0,1422.0,-1.32,1330.68,1335.75,1376.48,True,True,True,False,True,False,False,1283.0,1440.0,0.07,True,2.6,2.28,1.2,False,3,True,3.58,2.36,True,False,,tv_wilder_rsi14_sma5_v1,56.44,53.16,True,True,3.28
6810,6810.T,マクセル,2023-09,CONTINUE,4,59.31,62.59,True,True,3.27,2023-06,1599.0,1673.0,1673.0,4.63,1527.84,1506.0,1440.4,True,True,True,True,True,True,True,261977.0,1691.0,-5.44,False,1.07,2.64,0.96,True,2,True,12.06,1.22,False,False,,tv_wilder_rsi14_sma5_v1,62.59,59.31,True,True,3.27
2784,2784.T,アルフレッサ　ホールディングス,2023-09,CONTINUE,7,67.13,70.39,True,False,3.26,2023-03,1696.0,2455.0,2455.0,44.75,1691.88,1648.19,1684.72,True,True,True,False,True,True,False,505983.0,1902.0,-10.83,False,1.25,1.67,0.92,True,1,False,-1.87,-1.81,False,False,,tv_wilder_rsi14_sma5_v1,70.39,67.13,False,True,3.26
3880,3880.T,大王製紙,2023-09,CONTINUE,8,41.49,44.75,True,False,3.26,2023-02,1081.0,1224.0,1224.0,13.23,1018.72,1033.11,1212.04,True,True,False,False,True,False,False,434417.0,1865.0,-42.04,False,1.22,2.29,1.23,False,4,True,-16.81,3.49,False,False,,tv_wilder_rsi14_sma5_v1,44.75,41.49,False,True,3.26
5484,5484.T,東北特殊鋼,2023-09,CONTINUE,4,60.91,64.18,True,True,3.26,2023-06,1780.0,1844.0,1844.0,3.6,1768.92,1755.67,1715.77,True,True,True,True,True,True,True,1223.0,1949.0,-8.67,False,0.98,1.02,0.98,True,2,True,7.26,0.39,False,False,,tv_wilder_rsi14_sma5_v1,64.18,60.91,True,True,3.26
9853,9853.T,銀座ルノアール,2023-09,CONTINUE,4,52.57,55.81,True,True,3.25,2023-06,846.0,862.0,862.0,1.89,840.24,845.52,840.1,True,True,True,False,False,False,True,1290.0,873.0,-3.09,False,1.1,0.67,1.18,False,2,False,1.65,0.46,False,False,,tv_wilder_rsi14_sma5_v1,55.81,52.57,True,True,3.25
2055,2055.T,日和産業,2023-09,CONTINUE,6,45.84,49.09,True,False,3.24,2023-04,253.0,267.0,267.0,5.53,243.28,245.73,251.34,True,True,True,False,False,True,False,13353.0,288.0,-12.15,False,2.02,1.67,1.2,False,3,True,-0.65,2.86,False,False,,tv_wilder_rsi14_sma5_v1,49.09,45.84,False,True,3.24
208A,208A.T,構造計画研究所ホールディングス,2023-09,NEW,1,70.08,73.32,True,True,3.24,2023-09,1860.0,1860.0,1860.0,0.0,1772.6,1714.3,1571.34,True,True,True,True,True,True,True,17147.0,1915.0,-2.87,False,0.61,1.73,0.68,True,2,True,20.24,1.79,False,False,,tv_wilder_rsi14_sma5_v1,73.32,70.08,True,True,3.24
4091,4091.T,日本酸素ホールディングス,2023-09,CONTINUE,8,68.18,71.43,True,True,3.24,2023-02,2428.0,3545.0,3545.0,46.0,2255.12,2158.08,2288.33,True,True,True,False,True,False,True,700560.0,2650.0,-8.38,False,0.95,2.06,0.91,True,1,True,2.02,1.92,False,False,,tv_wilder_rsi14_sma5_v1,71.43,68.18,True,True,3.24
4658,4658.T,日本空調サービス,2023-09,CONTINUE,4,53.76,57.0,True,True,3.24,2023-06,752.0,786.0,786.0,4.52,748.16,735.67,723.0,True,True,True,True,True,True,False,27013.0,817.0,-7.96,False,1.0,1.44,1.05,False,3,True,3.13,1.1,False,False,,tv_wilder_rsi14_sma5_v1,57.0,53.76,True,True,3.24
5742,5742.T,エヌアイシ・オートテック,2023-09,CONTINUE,8,47.83,51.07,True,True,3.24,2023-02,804.0,844.0,844.0,4.98,786.8,785.01,796.34,True,True,True,False,True,False,True,2320.0,854.0,-5.85,False,1.2,0.98,1.35,False,1,True,1.08,1.55,False,False,,tv_wilder_rsi14_sma5_v1,51.07,47.83,True,True,3.24
9644,9644.T,タナベコンサルティンググループ,2023-09,CONTINUE,11,71.32,74.56,True,False,3.24,2022-11,331.0,563.5,563.5,70.24,317.62,316.27,327.53,True,True,True,False,True,False,False,29253.0,378.0,-12.43,False,0.81,1.63,0.79,True,1,True,-1.77,2.37,False,False,,tv_wilder_rsi14_sma5_v1,74.56,71.32,False,True,3.24
2340,2340.T,極楽湯ホールディングス,2023-09,CONTINUE,10,65.15,68.37,True,False,3.22,2022-12,223.0,417.0,417.0,87.0,220.88,221.87,261.03,True,True,False,False,True,False,False,54790.0,294.0,-24.15,False,0.97,1.38,1.14,False,4,True,-14.0,0.33,False,False,,tv_wilder_rsi14_sma5_v1,68.37,65.15,False,True,3.22
3132,3132.T,マクニカホールディングス,2023-09,CONTINUE,9,83.68,86.9,True,True,3.22,2023-01,1145.0,2343.33,2343.33,104.66,1075.93,1083.4,981.45,True,True,True,False,False,True,True,770550.0,1211.67,-5.5,False,1.46,2.66,1.05,False,2,True,27.27,3.76,True,False,,tv_wilder_rsi14_sma5_v1,86.9,83.68,True,True,3.22
3799,3799.T,キーウェアソリューションズ,2023-09,CONTINUE,11,59.04,62.26,True,True,3.22,2022-11,543.0,710.0,710.0,30.76,535.04,537.57,566.17,True,True,False,False,True,False,False,6590.0,672.0,-19.2,False,1.57,1.21,1.06,False,4,True,-6.34,1.31,False,False,,tv_wilder_rsi14_sma5_v1,62.26,59.04,True,True,3.22
9069,9069.T,センコーグループホールディングス,2023-09,CONTINUE,4,55.06,58.28,True,True,3.22,2023-06,1035.0,1048.0,1048.0,1.26,963.72,954.24,970.97,True,True,True,False,True,True,True,357043.0,1032.0,0.29,True,1.33,1.4,1.19,False,1,True,9.57,3.21,True,False,,tv_wilder_rsi14_sma5_v1,58.28,55.06,True,True,3.22
3101,3101.T,東洋紡,2023-09,CONTINUE,4,42.32,45.53,True,True,3.21,2023-06,1029.5,1077.5,1077.5,4.66,1010.85,1022.04,1030.48,True,True,False,False,False,False,False,441537.0,1134.0,-9.22,False,0.76,1.24,0.98,True,4,True,0.8,2.06,False,False,,tv_wilder_rsi14_sma5_v1,45.53,42.32,True,True,3.21
5563,5563.T,新日本電工,2023-09,NEW,1,44.9,48.12,False,True,3.21,2023-09,304.0,304.0,304.0,0.0,290.76,283.4,323.52,True,True,False,False,True,True,False,607773.0,459.0,-33.77,False,1.49,2.09,1.3,False,4,True,-4.73,5.24,False,False,,tv_wilder_rsi14_sma5_v1,48.12,44.9,True,False,3.21
3417,3417.T,大木ヘルスケアホールディングス,2023-09,CONTINUE,11,56.54,59.74,True,True,3.2,2022-11,800.0,1015.0,1015.0,26.88,722.92,737.35,721.35,True,True,True,False,True,False,True,7020.0,894.0,-10.51,False,4.36,2.84,1.65,False,2,True,7.03,4.13,False,False,,tv_wilder_rsi14_sma5_v1,59.74,56.54,True,True,3.2
4918,4918.T,アイビー化粧品,2023-09,CONTINUE,4,42.06,45.27,True,False,3.2,2023-06,460.0,531.0,531.0,15.43,457.36,451.08,475.37,True,True,False,False,True,True,False,7077.0,641.0,-28.24,False,1.16,2.1,1.26,False,4,True,-4.13,1.77,False,False,,tv_wilder_rsi14_sma5_v1,45.27,42.06,False,True,3.2
1401,1401.T,エムビーエス,2023-09,CONTINUE,4,44.57,47.75,True,True,3.19,2023-06,498.0,518.0,518.0,4.02,490.24,490.39,495.16,True,True,True,False,False,False,False,4713.0,545.0,-8.62,False,0.65,1.76,0.65,True,3,True,1.77,2.27,False,False,,tv_wilder_rsi14_sma5_v1,47.75,44.57,True,True,3.19
1807,1807.T,佐藤渡辺,2023-09,NEW,1,48.62,51.81,True,True,3.19,2023-09,1309.0,1309.0,1309.0,0.0,1273.58,1275.59,1226.38,True,True,True,False,True,True,True,8740.0,1380.5,-5.18,False,0.9,1.78,1.65,False,2,True,4.69,3.34,False,False,,tv_wilder_rsi14_sma5_v1,51.81,48.62,True,True,3.19
3922,3922.T,ＰＲ　ＴＩＭＥＳ,2023-09,CONTINUE,3,40.09,43.28,True,True,3.19,2023-07,1605.0,1737.0,1737.0,8.22,1496.04,1469.37,1872.35,True,True,False,False,True,False,False,77627.0,2621.0,-38.76,False,0.7,3.65,1.12,False,4,True,-7.9,8.8,False,False,,tv_wilder_rsi14_sma5_v1,43.28,40.09,True,True,3.19
4220,4220.T,リケンテクノス,2023-09,CONTINUE,9,67.85,71.04,True,False,3.19,2023-01,528.0,715.0,715.0,35.42,494.92,496.29,476.94,True,True,True,False,True,False,True,113903.0,551.0,-4.17,False,1.76,1.65,1.21,False,2,True,9.82,5.12,False,False,,tv_wilder_rsi14_sma5_v1,71.04,67.85,False,True,3.19
5991,5991.T,日本発條,2023-09,CONTINUE,4,61.72,64.91,True,True,3.19,2023-06,1048.5,1144.0,1144.0,9.11,1003.07,971.93,916.39,True,True,True,True,True,True,True,379760.0,1067.0,-1.73,False,0.73,2.04,0.96,True,2,True,15.85,4.56,False,False,,tv_wilder_rsi14_sma5_v1,64.91,61.72,True,True,3.19
3953,3953.T,大村紙業,2023-09,CONTINUE,4,46.51,49.69,True,True,3.18,2023-06,564.0,586.0,586.0,3.9,554.88,559.24,544.5,True,True,True,False,False,True,False,890.0,615.0,-8.29,False,0.4,0.79,1.06,False,3,True,3.18,1.0,False,False,,tv_wilder_rsi14_sma5_v1,49.69,46.51,True,True,3.18
6858,6858.T,小野測器,2023-09,CONTINUE,4,47.64,50.82,True,True,3.18,2023-06,450.0,464.0,464.0,3.11,441.88,446.76,415.75,True,True,True,False,True,True,True,29463.0,531.0,-15.25,False,0.82,2.02,1.08,False,2,True,6.68,1.53,False,False,,tv_wilder_rsi14_sma5_v1,50.82,47.64,True,True,3.18
9761,9761.T,東海リース,2023-09,CONTINUE,2,30.73,33.9,True,True,3.18,2023-08,1309.0,1322.0,1322.0,0.99,1303.56,1303.31,1350.95,True,True,False,False,True,False,False,2770.0,1508.0,-13.2,False,1.1,0.34,0.62,True,4,True,-5.52,0.16,True,False,,tv_wilder_rsi14_sma5_v1,33.9,30.73,True,True,3.18
7444,7444.T,ハリマ共和物産,2023-09,CONTINUE,2,47.49,50.67,False,False,3.17,2023-08,1651.0,1647.0,1647.0,-0.24,1606.08,1589.59,1600.33,True,True,True,False,True,False,True,7947.0,1728.0,-4.46,False,0.47,1.32,1.29,False,2,True,4.98,3.83,False,False,,tv_wilder_rsi14_sma5_v1,50.67,47.49,False,False,3.17
3741,3741.T,セック,2023-09,CONTINUE,2,58.5,61.66,True,True,3.16,2023-08,1687.5,1745.0,1745.0,3.41,1577.88,1586.41,1544.72,True,True,True,False,True,False,True,42147.0,1880.0,-10.24,False,0.66,2.98,0.83,True,2,True,22.35,5.87,False,False,,tv_wilder_rsi14_sma5_v1,61.66,58.5,True,True,3.16
2109,2109.T,ＤＭ三井製糖,2023-09,CONTINUE,13,78.14,81.29,True,True,3.15,2022-09,1893.0,3010.0,3010.0,59.01,1871.96,1887.87,1924.38,True,True,False,False,False,False,False,42030.0,2086.0,-9.25,False,1.26,0.72,1.1,False,4,True,-2.93,-0.03,False,False,,tv_wilder_rsi14_sma5_v1,81.29,78.14,True,True,3.15
3284,3284.T,フージャースホールディングス,2023-09,CONTINUE,9,72.83,75.99,True,True,3.15,2023-01,792.0,1088.0,1088.0,37.37,755.28,762.49,769.02,True,True,True,False,False,False,True,89133.0,850.0,-6.82,False,0.62,1.18,0.95,True,2,True,8.58,2.62,False,False,,tv_wilder_rsi14_sma5_v1,75.99,72.83,True,True,3.15
5189,5189.T,櫻護謨,2023-09,NEW,1,50.45,53.6,False,True,3.15,2023-09,1972.0,1972.0,1972.0,0.0,1973.76,1833.62,1799.64,False,True,True,True,True,True,True,16887.0,4515.0,-56.32,False,0.23,3.23,0.71,True,2,True,18.19,-1.56,False,False,,tv_wilder_rsi14_sma5_v1,53.6,50.45,True,False,3.15
6143,6143.T,ソディック,2023-09,NEW,1,41.78,44.93,True,True,3.15,2023-09,732.0,732.0,732.0,0.0,726.2,714.64,730.33,True,True,True,False,True,True,False,274643.0,805.0,-9.07,False,0.7,2.11,1.1,False,1,True,-0.41,1.92,False,False,,tv_wilder_rsi14_sma5_v1,44.93,41.78,True,True,3.15
6859,6859.T,エスペック,2023-09,CONTINUE,4,59.05,62.2,True,True,3.15,2023-06,2282.0,2402.0,2402.0,5.26,2238.32,2098.03,1986.4,True,True,True,True,True,True,True,82483.0,2390.0,-4.52,False,0.53,2.37,0.85,True,2,True,21.6,3.29,False,False,,tv_wilder_rsi14_sma5_v1,62.2,59.05,True,True,3.15
7840,7840.T,フランスベッドホールディングス,2023-09,CONTINUE,9,69.88,73.02,True,True,3.14,2023-01,976.0,1213.0,1213.0,24.28,954.6,934.0,916.08,True,True,True,True,True,True,True,34783.0,991.0,-1.51,False,0.92,0.94,0.96,True,2,True,8.05,1.44,False,False,,tv_wilder_rsi14_sma5_v1,73.02,69.88,True,True,3.14
8142,8142.T,トーホー,2023-09,CONTINUE,2,73.93,77.07,True,True,3.14,2023-08,1095.0,1125.0,1125.0,2.74,978.61,920.31,739.63,True,True,True,True,True,True,True,132550.0,1075.0,1.86,True,0.97,2.67,0.96,True,2,True,77.85,4.77,False,True,BREAKOUT,tv_wilder_rsi14_sma5_v1,77.07,73.93,True,True,3.14
8225,8225.T,タカチホ,2023-09,CONTINUE,4,62.31,65.44,True,True,3.14,2023-06,1960.0,2070.0,2070.0,5.61,1802.72,1787.13,1760.2,True,True,True,True,False,True,True,2570.0,2324.0,-15.66,False,1.31,3.53,1.73,False,1,True,23.47,8.7,True,True,MVP,tv_wilder_rsi14_sma5_v1,65.44,62.31,True,True,3.14
8424,8424.T,芙蓉総合リース,2023-09,CONTINUE,6,75.73,78.86,True,False,3.14,2023-04,3306.67,4016.67,4016.67,21.47,3116.0,3029.02,2858.55,True,True,True,True,True,True,True,173620.0,3280.0,0.81,True,0.67,1.37,0.9,True,2,True,21.94,2.35,False,True,BREAKOUT,tv_wilder_rsi14_sma5_v1,78.86,75.73,False,True,3.14
8591,8591.T,オリックス,2023-09,CONTINUE,5,63.31,66.45,True,True,3.14,2023-05,2375.5,2793.0,2793.0,17.58,2346.54,2311.7,2236.62,True,True,True,True,True,True,True,4483253.0,2535.0,-6.29,False,1.15,1.63,0.95,True,2,True,1.57,-0.03,False,False,,tv_wilder_rsi14_sma5_v1,66.45,63.31,True,True,3.14
6031,6031.T,ＺＥＴＡ,2023-09,CONTINUE,5,56.57,59.69,True,True,3.13,2023-05,216.0,282.5,282.5,30.79,209.65,216.47,224.77,True,False,False,False,False,False,False,20760.0,363.0,-40.5,False,0.6,3.84,1.23,False,4,True,-7.83,1.29,False,False,,tv_wilder_rsi14_sma5_v1,59.69,56.57,True,True,3.13
3157,3157.T,ジオリーブグループ,2023-09,CONTINUE,3,54.41,57.53,True,True,3.12,2023-07,1194.0,1229.0,1229.0,2.93,1183.44,1166.23,1168.03,True,True,True,False,True,False,True,7213.0,1350.0,-11.56,False,1.8,1.81,1.09,False,2,True,6.01,-0.44,False,False,,tv_wilder_rsi14_sma5_v1,57.53,54.41,True,True,3.12
6543,6543.T,日宣,2023-09,CONTINUE,4,45.75,48.87,True,True,3.12,2023-06,571.0,585.0,585.0,2.45,568.8,567.64,563.5,True,True,True,True,True,True,False,683.0,731.5,-21.94,False,1.26,0.78,0.83,True,3,True,1.18,1.0,False,False,,tv_wilder_rsi14_sma5_v1,48.87,45.75,True,True,3.12
3276,3276.T,ＪＰＭＣ,2023-09,CONTINUE,7,52.43,55.54,True,True,3.11,2023-03,1057.0,1141.0,1141.0,7.95,1028.24,1014.43,1015.22,True,True,True,False,True,True,True,28563.0,1068.0,-1.03,False,0.87,1.66,1.17,False,1,True,3.55,2.02,False,False,,tv_wilder_rsi14_sma5_v1,55.54,52.43,True,True,3.11
6894,6894.T,パルステック工業,2023-09,CONTINUE,6,48.07,51.18,True,True,3.11,2023-04,1479.0,1605.0,1605.0,8.52,1465.88,1472.67,1494.46,True,True,False,False,False,False,False,1133.0,1706.0,-13.31,False,1.52,0.62,1.02,False,4,True,-3.36,0.2,False,False,,tv_wilder_rsi14_sma5_v1,51.18,48.07,True,True,3.11
3353,3353.T,メディカル一光グループ,2023-09,CONTINUE,2,34.35,37.44,True,True,3.1,2023-08,2200.0,2269.0,2269.0,3.14,2171.28,2203.39,2429.4,True,False,False,False,False,False,False,563.0,3000.0,-26.67,False,1.67,0.67,1.36,False,4,True,-11.36,0.77,False,False,,tv_wilder_rsi14_sma5_v1,37.44,34.35,True,True,3.1
2753,2753.T,あみやき亭,2023-09,NEW,1,60.67,63.76,False,True,3.09,2023-09,1250.0,1250.0,1250.0,0.0,1198.73,1161.31,1104.08,True,True,True,True,True,True,True,32590.0,1291.67,-3.23,False,1.48,1.8,1.06,False,2,True,17.28,2.04,False,False,,tv_wilder_rsi14_sma5_v1,63.76,60.67,True,False,3.09
4611,4611.T,大日本塗料,2023-09,CONTINUE,12,61.79,64.88,True,True,3.09,2022-10,734.0,970.0,970.0,32.15,719.44,728.4,759.12,True,True,False,False,False,True,False,30927.0,880.0,-16.59,False,1.71,1.66,1.06,False,4,True,-5.82,0.48,False,False,,tv_wilder_rsi14_sma5_v1,64.88,61.79,True,True,3.09
5423,5423.T,東京製鐵,2023-09,CONTINUE,3,59.79,62.88,True,True,3.09,2023-07,1718.0,1685.0,1685.0,-1.92,1432.36,1391.71,1364.46,True,True,True,True,True,True,True,1300200.0,1748.0,-1.72,False,2.14,3.39,1.45,False,2,True,27.12,12.7,False,False,,tv_wilder_rsi14_sma5_v1,62.88,59.79,True,True,3.09
7673,7673.T,ダイコー通産,2023-09,CONTINUE,2,49.11,52.2,False,True,3.09,2023-08,1162.0,1205.0,1205.0,3.7,1135.88,1146.52,1135.79,True,True,True,False,True,False,True,4110.0,1358.0,-14.43,False,0.9,1.65,1.03,False,2,True,4.52,1.73,False,False,,tv_wilder_rsi14_sma5_v1,52.2,49.11,True,False,3.09
8060,8060.T,キヤノンマーケティングジャパン,2023-09,CONTINUE,7,73.13,76.23,True,True,3.09,2023-03,1575.0,1938.5,1938.5,23.08,1558.2,1521.43,1534.26,True,True,True,False,True,True,True,235940.0,1657.5,-4.98,False,0.99,2.17,0.78,True,2,False,9.87,0.1,False,False,,tv_wilder_rsi14_sma5_v1,76.23,73.13,True,True,3.09
2266,2266.T,六甲バター,2023-09,CONTINUE,2,42.07,45.15,True,False,3.08,2023-08,1405.0,1381.0,1381.0,-1.71,1352.64,1339.64,1347.38,True,True,True,False,True,False,False,16307.0,1466.0,-4.16,False,0.78,1.19,0.85,True,1,True,2.85,3.05,False,False,,tv_wilder_rsi14_sma5_v1,45.15,42.07,False,True,3.08
2681,2681.T,ゲオホールディングス,2023-09,CONTINUE,4,61.72,64.8,True,False,3.08,2023-06,1827.0,2372.0,2372.0,29.83,1672.36,1651.29,1781.81,True,True,True,False,False,False,True,345100.0,2322.0,-21.32,False,1.03,2.99,1.11,False,1,True,15.04,5.62,False,False,,tv_wilder_rsi14_sma5_v1,64.8,61.72,False,True,3.08
3979,3979.T,うるる,2023-09,CONTINUE,2,56.82,59.9,False,True,3.08,2023-08,497.5,503.25,503.25,1.16,453.83,453.3,429.85,True,True,True,True,False,False,True,211827.0,610.75,-18.54,False,1.59,4.65,1.21,False,2,True,32.84,8.65,True,False,,tv_wilder_rsi14_sma5_v1,59.9,56.82,True,False,3.08
4350,4350.T,メディカルシステムネットワーク,2023-09,CONTINUE,3,39.27,42.36,True,True,3.08,2023-07,385.0,408.0,408.0,5.97,374.16,384.61,397.23,True,True,False,False,True,False,False,69110.0,464.0,-17.03,False,1.84,1.76,1.05,False,4,True,-6.61,1.18,False,False,,tv_wilder_rsi14_sma5_v1,42.36,39.27,True,True,3.08
8233,8233.T,高島屋,2023-09,CONTINUE,3,72.32,75.4,False,True,3.08,2023-07,1033.0,1094.0,1094.0,5.91,983.84,976.07,930.4,True,True,True,True,True,True,True,3544300.0,1045.5,-1.2,False,0.7,1.56,0.87,True,2,True,15.78,-1.16,False,False,,tv_wilder_rsi14_sma5_v1,75.4,72.32,True,False,3.08
9605,9605.T,東映,2023-09,NEW,1,50.44,53.53,True,True,3.08,2023-09,3756.0,3756.0,3756.0,0.0,3746.16,3635.15,3558.08,True,True,True,True,True,True,True,128783.0,4048.0,-7.21,False,1.29,2.24,0.9,True,2,True,4.84,1.98,False,False,,tv_wilder_rsi14_sma5_v1,53.53,50.44,True,True,3.08
6488,6488.T,ヨシタケ,2023-09,CONTINUE,9,82.91,85.98,True,True,3.07,2023-01,662.0,899.0,899.0,35.8,651.56,649.07,624.16,True,True,True,True,False,True,True,2740.0,727.0,-8.94,False,1.2,0.9,0.8,True,2,True,8.57,-0.89,False,False,,tv_wilder_rsi14_sma5_v1,85.98,82.91,True,True,3.07
3151,3151.T,バイタルケーエスケー・ホールディングス,2023-09,CONTINUE,3,59.05,62.1,False,True,3.06,2023-07,992.0,1002.0,1002.0,1.01,922.76,934.12,866.03,True,True,True,False,True,True,True,86320.0,1001.0,-0.9,False,1.92,1.59,1.07,False,2,True,23.58,2.92,True,True,MVP,tv_wilder_rsi14_sma5_v1,62.1,59.05,True,False,3.06
6138,6138.T,ダイジェット工業,2023-09,CONTINUE,11,42.16,45.22,True,True,3.06,2022-11,856.0,932.0,932.0,8.88,819.6,845.75,914.93,True,True,False,False,True,False,False,5287.0,1343.0,-36.26,False,0.69,1.41,0.86,True,4,True,-11.22,3.12,False,False,,tv_wilder_rsi14_sma5_v1,45.22,42.16,True,True,3.06
7202,7202.T,いすゞ自動車,2023-09,CONTINUE,5,61.21,64.26,True,True,3.05,2023-05,1624.0,1880.5,1880.5,15.79,1638.0,1609.53,1644.56,False,True,False,False,True,True,True,2638397.0,1857.0,-12.55,False,1.21,2.17,1.02,False,4,False,-1.26,-1.46,False,False,,tv_wilder_rsi14_sma5_v1,64.26,61.21,True,True,3.05
9691,9691.T,両毛システムズ,2023-09,CONTINUE,12,66.33,69.38,True,False,3.05,2022-10,1799.0,2379.0,2379.0,32.24,1696.96,1680.81,1644.13,True,True,True,True,True,True,False,2373.0,2040.0,-11.81,False,2.22,1.57,1.35,False,1,True,6.01,4.31,False,False,,tv_wilder_rsi14_sma5_v1,69.38,66.33,False,True,3.05
1848,1848.T,富士ピー・エス,2023-09,CONTINUE,4,44.42,47.46,True,False,3.04,2023-06,446.0,464.0,464.0,4.04,440.76,442.31,444.61,True,True,True,False,True,False,False,8083.0,480.0,-7.08,False,0.75,0.77,1.03,False,3,True,-1.46,1.54,False,False,,tv_wilder_rsi14_sma5_v1,47.46,44.42,False,True,3.04
6083,6083.T,ＥＲＩホールディングス,2023-09,CONTINUE,3,64.19,67.23,True,False,3.04,2023-07,668.67,661.0,661.0,-1.15,546.28,492.9,448.94,True,True,True,True,True,True,True,606760.0,698.33,-4.25,False,1.05,4.83,1.03,False,2,True,63.07,25.15,False,False,,tv_wilder_rsi14_sma5_v1,67.23,64.19,False,True,3.04
7456,7456.T,松田産業,2023-09,CONTINUE,4,51.26,54.3,True,True,3.04,2023-06,2269.0,2370.0,2370.0,4.45,2180.76,2212.53,2254.89,True,True,True,False,False,False,False,60973.0,2530.0,-10.32,False,0.78,1.44,0.96,True,3,True,3.0,3.85,False,False,,tv_wilder_rsi14_sma5_v1,54.3,51.26,True,True,3.04
7561,7561.T,ハークスレイ,2023-09,CONTINUE,2,55.67,58.7,False,False,3.04,2023-08,756.0,732.0,732.0,-3.17,686.6,651.41,714.32,True,True,True,False,True,False,True,52710.0,868.0,-12.9,False,1.23,2.9,0.98,True,1,True,22.43,5.46,True,False,,tv_wilder_rsi14_sma5_v1,58.7,55.67,False,False,3.04
9812,9812.T,テーオーホールディングス,2023-09,CONTINUE,4,44.79,47.83,True,False,3.04,2023-06,233.0,269.0,269.0,15.45,229.2,230.72,243.94,True,True,False,False,True,False,False,5153.0,368.0,-36.68,False,0.28,1.81,0.71,True,4,True,-8.22,1.44,False,False,,tv_wilder_rsi14_sma5_v1,47.83,44.79,False,True,3.04
2904,2904.T,一正蒲鉾,2023-09,CONTINUE,2,40.61,43.64,True,True,3.03,2023-08,754.0,767.0,767.0,1.72,740.0,755.85,739.88,True,False,True,False,True,False,False,14960.0,803.0,-6.1,False,0.62,0.66,0.86,True,1,True,-0.73,1.15,False,False,,tv_wilder_rsi14_sma5_v1,43.64,40.61,True,True,3.03
5970,5970.T,ジーテクト,2023-09,CONTINUE,4,59.25,62.28,True,False,3.03,2023-06,1722.0,1820.0,1820.0,5.69,1500.64,1451.19,1427.6,True,True,True,True,True,True,True,254000.0,1725.0,-0.17,False,0.97,2.73,1.3,False,2,True,24.78,11.5,False,False,,tv_wilder_rsi14_sma5_v1,62.28,59.25,False,True,3.03
6247,6247.T,日阪製作所,2023-09,CONTINUE,3,56.81,59.84,True,True,3.03,2023-07,928.0,957.0,957.0,3.12,921.8,901.52,874.3,True,True,True,True,True,True,True,63867.0,997.0,-6.92,False,0.8,1.12,0.8,True,2,True,7.49,-0.58,False,False,,tv_wilder_rsi14_sma5_v1,59.84,56.81,True,True,3.03
9432,9432.T,ＮＴＴ,2023-09,NEW,1,65.6,68.63,False,True,3.03,2023-09,176.6,176.6,176.6,0.0,173.94,167.47,161.54,True,True,True,True,True,True,True,152366330.0,183.4,-3.71,False,1.21,1.55,1.18,False,2,True,9.1,1.17,False,False,,tv_wilder_rsi14_sma5_v1,68.63,65.6,True,False,3.03
6240,6240.T,ヤマシンフィルタ,2023-09,CONTINUE,2,37.6,40.62,True,True,3.02,2023-08,324.0,347.0,347.0,7.1,316.24,311.16,384.93,True,True,False,False,True,False,False,469210.0,578.0,-43.94,False,0.43,1.9,0.54,True,4,True,-9.45,2.61,False,False,,tv_wilder_rsi14_sma5_v1,40.62,37.6,True,True,3.02
8147,8147.T,トミタ,2023-09,NEW,1,54.17,57.19,True,True,3.02,2023-09,1089.0,1089.0,1089.0,0.0,1056.16,1049.85,1046.15,True,True,True,True,True,True,True,3807.0,1300.0,-16.23,False,0.57,1.0,0.99,True,2,True,4.86,-1.16,False,False,,tv_wilder_rsi14_sma5_v1,57.19,54.17,True,True,3.02
6366,6366.T,千代田化工建設,2023-09,CONTINUE,2,46.54,49.55,False,True,3.01,2023-08,371.0,379.0,379.0,2.16,368.44,359.69,377.21,True,True,False,False,True,False,True,1203057.0,435.0,-14.71,False,0.38,1.96,0.74,True,1,True,-1.01,0.54,False,False,,tv_wilder_rsi14_sma5_v1,49.55,46.54,True,False,3.01
1333,1333.T,Ｕｍｉｏｓ,2023-09,CONTINUE,3,50.71,53.7,True,True,2.99,2023-07,822.33,855.33,855.33,4.01,819.27,829.64,813.56,True,False,True,False,False,True,True,521250.0,892.67,-7.88,False,0.77,1.31,0.79,True,2,True,1.08,0.08,False,False,,tv_wilder_rsi14_sma5_v1,53.7,50.71,True,True,2.99
3580,3580.T,小松マテーレ,2023-09,CONTINUE,4,39.31,42.3,True,True,2.99,2023-06,675.0,747.0,747.0,10.67,667.92,677.61,735.45,True,False,False,False,False,False,False,52917.0,1273.0,-46.98,False,0.73,1.32,0.94,True,4,True,-15.79,2.39,False,False,,tv_wilder_rsi14_sma5_v1,42.3,39.31,True,True,2.99
7065,7065.T,ユーピーアール,2023-09,CONTINUE,4,55.72,58.71,True,True,2.99,2023-06,2416.0,2632.0,2632.0,8.94,2059.56,2081.15,1655.83,True,True,True,False,True,True,True,58393.0,2529.0,-4.47,False,0.71,4.02,0.98,True,2,True,73.31,14.05,False,False,,tv_wilder_rsi14_sma5_v1,58.71,55.72,True,True,2.99
8367,8367.T,南都銀行,2023-09,CONTINUE,3,59.25,62.23,True,True,2.99,2023-07,520.4,532.2,532.2,2.27,491.43,485.97,482.98,True,True,True,True,True,True,True,406117.0,563.6,-7.67,False,1.23,1.66,0.99,True,2,True,12.36,0.44,True,False,,tv_wilder_rsi14_sma5_v1,62.23,59.25,True,True,2.99
9531,9531.T,東京瓦斯,2023-09,CONTINUE,6,66.99,69.98,True,True,2.99,2023-04,2791.0,3391.0,3391.0,21.5,2548.84,2578.44,2563.08,True,True,True,False,True,True,False,1809400.0,2877.0,-2.99,False,2.04,2.21,1.35,False,1,True,12.18,4.61,False,False,,tv_wilder_rsi14_sma5_v1,69.98,66.99,True,True,2.99
3600,3600.T,フジックス,2023-09,CONTINUE,8,48.59,51.57,True,True,2.98,2023-02,1468.0,1631.0,1631.0,11.1,1465.04,1471.09,1539.36,True,False,False,False,True,False,False,783.0,2854.0,-48.56,False,1.89,1.41,1.17,False,1,False,-6.15,-0.31,False,False,,tv_wilder_rsi14_sma5_v1,51.57,48.59,True,True,2.98
5984,5984.T,兼房,2023-09,CONTINUE,3,49.61,52.59,True,True,2.98,2023-07,735.0,742.0,742.0,0.95,723.84,720.61,763.79,True,True,False,False,True,False,False,5467.0,925.0,-20.54,False,1.11,0.77,1.25,False,4,True,-2.97,0.73,False,False,,tv_wilder_rsi14_sma5_v1,52.59,49.61,True,True,2.98
9365,9365.T,トレーディア,2023-09,NEW,1,49.28,52.26,False,True,2.98,2023-09,1364.0,1364.0,1364.0,0.0,1347.28,1307.63,1340.34,True,True,True,False,True,True,True,16907.0,2054.0,-33.59,False,0.29,7.21,0.51,True,2,False,7.56,2.19,False,False,,tv_wilder_rsi14_sma5_v1,52.26,49.28,True,False,2.98
6952,6952.T,カシオ計算機,2023-09,CONTINUE,3,39.24,42.21,True,False,2.97,2023-07,1214.0,1253.5,1253.5,3.25,1187.58,1219.35,1281.84,True,False,False,False,False,False,False,1192267.0,1431.0,-15.16,False,1.14,1.16,1.01,False,4,True,-6.19,0.86,True,False,,tv_wilder_rsi14_sma5_v1,42.21,39.24,False,True,2.97
2993,2993.T,長栄,2023-09,NEW,1,68.91,71.87,False,True,2.96,2023-09,2184.0,2184.0,2184.0,0.0,2094.92,2060.08,1982.1,True,True,True,True,True,True,True,5103.0,2230.0,-2.06,False,0.76,1.66,1.23,False,2,True,13.36,2.63,False,False,,tv_wilder_rsi14_sma5_v1,71.87,68.91,True,False,2.96
9433,9433.T,ＫＤＤＩ,2023-09,NEW,1,60.97,63.93,True,True,2.96,2023-09,2288.5,2288.5,2288.5,0.0,2254.4,2185.79,2106.22,True,True,True,True,True,True,True,8526187.0,2383.5,-3.99,False,1.25,1.62,1.11,False,2,True,6.52,1.44,False,False,,tv_wilder_rsi14_sma5_v1,63.93,60.97,True,True,2.96
3907,3907.T,シリコンスタジオ,2023-09,CONTINUE,6,62.36,65.31,True,True,2.95,2023-04,1402.0,1721.0,1721.0,22.75,1325.48,1184.57,1221.91,True,True,True,False,True,True,True,209560.0,1825.0,-23.18,False,0.45,9.51,0.78,True,2,False,25.05,2.02,False,False,,tv_wilder_rsi14_sma5_v1,65.31,62.36,True,True,2.95
6571,6571.T,キュービーネットホールディングス,2023-09,CONTINUE,5,49.92,52.87,True,False,2.94,2023-05,1477.0,1620.0,1620.0,9.68,1483.16,1428.39,1401.52,False,True,True,True,True,True,True,89220.0,1710.0,-13.63,False,1.2,4.42,0.95,True,2,True,4.88,1.77,False,False,,tv_wilder_rsi14_sma5_v1,52.87,49.92,False,True,2.94
7971,7971.T,東リ,2023-09,CONTINUE,11,78.28,81.22,True,True,2.94,2022-11,211.0,366.0,366.0,73.46,203.32,201.25,210.53,True,True,True,False,True,False,False,210833.0,243.0,-13.17,False,0.61,1.59,1.04,False,3,True,-1.82,2.35,False,False,,tv_wilder_rsi14_sma5_v1,81.22,78.28,True,True,2.94
3068,3068.T,ＷＤＩ,2023-09,CONTINUE,3,79.22,82.15,True,False,2.93,2023-07,2309.0,2641.0,2641.0,14.38,2225.84,2198.6,2098.66,True,True,True,True,True,True,True,4343.0,2294.0,0.65,True,1.59,0.73,1.14,False,2,True,14.41,0.69,False,False,,tv_wilder_rsi14_sma5_v1,82.15,79.22,False,True,2.93
4540,4540.T,ツムラ,2023-09,CONTINUE,2,40.45,43.38,True,True,2.93,2023-08,2748.5,2780.0,2780.0,1.15,2657.1,2706.51,2738.1,True,True,True,False,True,False,False,195127.0,3260.0,-15.69,False,0.88,1.21,0.94,True,3,True,-4.23,1.62,False,False,,tv_wilder_rsi14_sma5_v1,43.38,40.45,True,True,2.93
5817,5817.T,ＪＭＡＣＳ,2023-09,CONTINUE,2,60.47,63.4,True,True,2.93,2023-08,635.0,637.0,637.0,0.31,562.56,560.24,518.11,True,True,True,True,True,True,True,13623.0,602.0,5.48,True,2.19,2.44,1.07,False,2,True,26.61,2.19,True,True,BOTH,tv_wilder_rsi14_sma5_v1,63.4,60.47,True,True,2.93
6454,6454.T,マックス,2023-09,CONTINUE,8,73.4,76.33,True,True,2.93,2023-02,541.5,685.75,685.75,26.64,523.13,503.14,473.04,True,True,True,True,True,True,True,171427.0,560.0,-3.3,False,0.98,1.45,0.68,True,2,True,17.22,1.12,True,True,MVP,tv_wilder_rsi14_sma5_v1,76.33,73.4,True,True,2.93
8518,8518.T,日本アジア投資,2023-09,CONTINUE,2,51.19,54.12,True,False,2.93,2023-08,282.0,272.0,272.0,-3.55,249.72,239.87,243.62,True,True,True,False,True,False,True,70910.0,301.0,-6.31,False,1.38,3.57,1.02,False,2,True,15.96,7.6,False,False,,tv_wilder_rsi14_sma5_v1,54.12,51.19,False,True,2.93
9311,9311.T,アサガミ,2023-09,NEW,1,57.67,60.6,True,True,2.93,2023-09,4600.0,4600.0,4600.0,0.0,4565.6,4490.13,4371.5,True,True,True,True,True,True,True,210.0,4700.0,-2.13,False,1.81,0.82,0.88,True,2,False,7.2,0.43,False,False,,tv_wilder_rsi14_sma5_v1,60.6,57.67,True,True,2.93
8309,8309.T,三井住友トラストグループ,2023-09,CONTINUE,4,67.77,70.69,True,True,2.92,2023-06,639.12,703.88,703.88,10.13,629.19,610.42,581.5,True,True,True,True,True,True,True,10531147.0,671.0,-4.75,False,0.97,1.5,0.97,True,2,False,15.21,1.03,False,False,,tv_wilder_rsi14_sma5_v1,70.69,67.77,True,True,2.92
3177,3177.T,ありがとうサービス,2023-09,CONTINUE,4,62.87,65.77,True,True,2.91,2023-06,2625.0,2848.0,2848.0,8.5,2600.84,2511.73,2573.59,True,True,True,False,True,False,True,2630.0,3055.0,-14.08,False,0.51,0.96,0.85,True,2,True,9.16,1.65,False,False,,tv_wilder_rsi14_sma5_v1,65.77,62.87,True,True,2.91
3452,3452.T,ビーロット,2023-09,CONTINUE,8,62.76,65.67,True,False,2.91,2023-02,583.0,853.0,853.0,46.31,555.96,558.09,540.08,True,True,True,False,True,True,True,140917.0,654.0,-10.86,False,0.87,3.16,1.57,False,2,True,7.56,2.95,False,False,,tv_wilder_rsi14_sma5_v1,65.67,62.76,False,True,2.91
3804,3804.T,システム　ディ,2023-09,NEW,1,50.27,53.17,True,True,2.91,2023-09,469.0,469.0,469.0,0.0,442.33,438.16,448.79,True,True,True,False,True,False,False,15750.0,512.67,-8.52,False,2.04,2.81,1.0,True,1,True,4.81,5.04,False,False,,tv_wilder_rsi14_sma5_v1,53.17,50.27,True,True,2.91
4812,4812.T,電通総研,2023-09,CONTINUE,2,64.91,67.82,True,False,2.91,2023-08,1943.33,1906.67,1906.67,-1.89,1838.27,1768.78,1619.9,True,True,True,True,True,True,True,324420.0,1956.67,-0.68,False,0.53,1.78,0.75,True,2,True,20.63,1.63,False,False,,tv_wilder_rsi14_sma5_v1,67.82,64.91,False,True,2.91
6287,6287.T,サトー,2023-09,CONTINUE,2,46.72,49.64,False,False,2.91,2023-08,2112.0,2111.0,2111.0,-0.05,1998.68,1962.81,2051.25,True,True,True,False,True,False,True,117820.0,2396.0,-11.85,False,0.82,1.47,0.89,True,2,True,6.78,4.19,False,False,,tv_wilder_rsi14_sma5_v1,49.64,46.72,False,False,2.91
6832,6832.T,アオイ電子,2023-09,NEW,1,40.26,43.17,True,True,2.91,2023-09,1856.0,1856.0,1856.0,0.0,1836.16,1817.15,1831.49,True,True,True,False,True,True,False,6687.0,2050.0,-9.46,False,0.71,1.58,0.98,True,3,True,-0.67,0.31,False,False,,tv_wilder_rsi14_sma5_v1,43.17,40.26,True,True,2.91
8260,8260.T,井筒屋,2023-09,CONTINUE,4,54.36,57.27,True,True,2.91,2023-06,351.0,380.0,380.0,8.26,332.76,329.68,354.83,True,True,False,False,True,False,True,200657.0,438.0,-19.86,False,0.6,3.07,0.82,True,4,True,-0.23,3.09,False,False,,tv_wilder_rsi14_sma5_v1,57.27,54.36,True,True,2.91
3916,3916.T,デジタル・インフォメーション・テクノロジー,2023-09,CONTINUE,3,52.74,55.64,True,False,2.9,2023-07,902.0,916.5,916.5,1.61,824.18,802.87,850.45,True,True,True,False,True,False,True,134420.0,1033.0,-12.68,False,1.63,2.77,1.19,False,1,True,11.09,4.27,True,False,,tv_wilder_rsi14_sma5_v1,55.64,52.74,False,True,2.9
6535,6535.T,アイモバイル,2023-09,NEW,1,50.31,53.21,True,True,2.9,2023-09,440.33,440.33,440.33,0.0,427.47,415.73,416.69,True,True,True,False,True,False,True,377690.0,458.67,-4.0,False,0.49,2.61,0.8,True,2,True,9.63,4.42,False,False,,tv_wilder_rsi14_sma5_v1,53.21,50.31,True,True,2.9
6772,6772.T,東京コスモス電機,2023-09,CONTINUE,5,73.24,76.13,True,True,2.9,2023-05,498.2,630.0,630.0,26.46,453.48,438.5,390.5,True,True,True,True,True,True,True,100150.0,513.4,-2.96,False,1.49,3.09,0.74,True,2,True,31.31,2.84,False,False,,tv_wilder_rsi14_sma5_v1,76.13,73.24,True,True,2.9
7694,7694.T,いつも,2023-09,CONTINUE,10,29.94,32.84,True,True,2.9,2022-12,859.0,1007.0,1007.0,17.23,753.0,695.45,906.6,True,True,False,False,True,True,False,33093.0,1709.0,-49.74,False,0.64,6.06,0.97,True,4,True,-5.31,6.24,False,False,,tv_wilder_rsi14_sma5_v1,32.84,29.94,True,True,2.9
9780,9780.T,ハリマビステム,2023-09,NEW,1,66.66,69.57,True,True,2.9,2023-09,551.2,551.2,551.2,0.0,532.53,512.61,461.84,True,True,True,True,True,True,True,2100.0,551.4,-0.04,False,0.48,1.35,0.91,True,2,True,24.57,3.82,False,False,,tv_wilder_rsi14_sma5_v1,69.57,66.66,True,True,2.9
4716,4716.T,日本オラクル,2023-09,NEW,1,59.4,62.27,True,True,2.87,2023-09,11100.0,11100.0,11100.0,0.0,10229.48,10354.32,9721.94,True,True,True,False,True,False,True,185693.0,12020.0,-7.65,False,2.06,2.94,1.25,False,2,True,19.41,4.41,True,True,MVP,tv_wilder_rsi14_sma5_v1,62.27,59.4,True,True,2.87
5071,5071.T,ヴィス,2023-09,CONTINUE,2,53.26,56.13,False,False,2.87,2023-08,922.0,920.0,920.0,-0.22,858.24,845.6,940.79,True,True,False,False,True,False,True,15550.0,1284.0,-28.19,False,1.75,1.96,0.99,True,4,True,5.54,4.98,True,False,,tv_wilder_rsi14_sma5_v1,56.13,53.26,False,False,2.87
8725,8725.T,ＭＳ＆ＡＤインシュアランスグループホールディングス,2023-09,CONTINUE,6,70.06,72.92,True,True,2.87,2023-04,1481.67,1831.67,1831.67,23.62,1413.55,1424.77,1385.69,True,True,True,False,False,True,True,4334760.0,1554.33,-4.68,False,0.88,1.42,1.0,False,1,True,7.8,2.78,False,False,,tv_wilder_rsi14_sma5_v1,72.92,70.06,True,True,2.87
4053,4053.T,Ｓｕｎ　Ａｓｔｅｒｉｓｋ,2023-09,CONTINUE,5,48.82,51.67,True,True,2.85,2023-05,1255.0,1415.0,1415.0,12.75,1124.68,1133.19,1098.58,True,True,True,False,True,False,True,293603.0,1551.0,-19.08,False,1.14,4.8,0.94,True,2,True,11.74,9.63,True,False,,tv_wilder_rsi14_sma5_v1,51.67,48.82,True,True,2.85
7807,7807.T,幸和製作所,2023-09,CONTINUE,9,51.62,54.47,True,True,2.85,2023-01,783.0,977.0,977.0,24.78,718.64,706.95,707.7,True,True,True,False,True,True,False,16447.0,960.0,-18.44,False,0.47,4.46,0.67,True,3,True,1.08,4.55,False,False,,tv_wilder_rsi14_sma5_v1,54.47,51.62,True,True,2.85
7815,7815.T,東京ボード工業,2023-09,NEW,1,45.47,48.32,False,True,2.85,2023-09,629.0,629.0,629.0,0.0,615.36,589.07,653.73,True,True,False,False,True,True,False,620.0,800.0,-21.38,False,0.52,2.27,1.35,False,4,True,-3.37,2.43,False,False,,tv_wilder_rsi14_sma5_v1,48.32,45.47,True,False,2.85
7628,7628.T,オーハシテクニカ,2023-09,CONTINUE,4,59.39,62.22,True,True,2.83,2023-06,795.5,824.0,824.0,3.58,785.3,788.76,745.85,True,True,True,False,False,True,True,23113.0,822.5,-3.28,False,0.8,1.64,1.08,False,2,True,11.07,1.07,False,False,,tv_wilder_rsi14_sma5_v1,62.22,59.39,True,True,2.83
3803,3803.T,イメージ情報開発,2023-09,CONTINUE,2,49.07,51.89,True,False,2.82,2023-08,551.0,500.0,500.0,-9.26,445.88,447.39,454.38,True,True,True,False,False,False,False,15600.0,524.0,5.15,True,5.75,3.18,1.68,False,1,True,24.82,7.91,True,False,,tv_wilder_rsi14_sma5_v1,51.89,49.07,False,True,2.82
8214,8214.T,ＡＯＫＩホールディングス,2023-09,CONTINUE,3,62.57,65.39,False,False,2.82,2023-07,919.0,1011.0,1011.0,10.01,901.64,884.28,788.5,True,True,True,True,True,True,True,172540.0,981.0,-6.32,False,0.78,1.55,0.81,True,2,True,18.9,-1.05,False,False,,tv_wilder_rsi14_sma5_v1,65.39,62.57,False,False,2.82
7874,7874.T,レック,2023-09,CONTINUE,4,47.48,50.29,True,False,2.81,2023-06,866.0,947.0,947.0,9.35,831.16,841.95,864.61,True,True,True,False,False,False,True,43730.0,1020.0,-15.1,False,0.75,1.44,0.99,True,2,True,11.89,4.21,False,False,,tv_wilder_rsi14_sma5_v1,50.29,47.48,False,True,2.81
9508,9508.T,九州電力,2023-09,CONTINUE,7,59.86,62.67,True,True,2.81,2023-03,757.0,975.4,975.4,28.85,735.64,726.0,770.43,True,True,False,False,True,True,False,1879720.0,934.0,-18.95,False,1.19,1.92,1.0,False,4,True,-3.53,1.31,False,False,,tv_wilder_rsi14_sma5_v1,62.67,59.86,True,True,2.81
3139,3139.T,ラクト・ジャパン,2023-09,CONTINUE,2,42.06,44.86,True,True,2.8,2023-08,2052.0,2096.0,2096.0,2.14,2006.04,2004.88,2029.44,True,True,True,False,True,False,False,25757.0,2400.0,-14.5,False,0.98,1.41,0.92,True,3,True,0.52,2.27,False,False,,tv_wilder_rsi14_sma5_v1,44.86,42.06,True,True,2.8
5393,5393.T,ニチアス,2023-09,CONTINUE,4,61.28,64.09,True,True,2.8,2023-06,996.67,1021.67,1021.67,2.51,947.52,911.15,844.24,True,True,True,True,True,True,True,381280.0,1006.67,-0.99,False,0.87,1.42,0.94,True,2,True,23.35,4.67,False,False,,tv_wilder_rsi14_sma5_v1,64.09,61.28,True,True,2.8
7936,7936.T,アシックス,2023-09,CONTINUE,11,78.16,80.95,True,False,2.8,2022-11,738.75,1305.75,1305.75,76.75,666.11,636.28,601.35,True,True,True,True,True,True,True,5194453.0,786.25,-6.04,False,0.76,3.84,0.87,True,2,True,19.43,8.15,False,False,,tv_wilder_rsi14_sma5_v1,80.95,78.16,False,True,2.8
1967,1967.T,ヤマト,2023-09,NEW,1,61.51,64.29,False,True,2.79,2023-09,958.0,958.0,958.0,0.0,944.64,912.43,858.23,True,True,True,True,True,True,True,18720.0,1012.0,-5.34,False,1.49,2.24,1.02,False,2,True,15.32,-0.41,False,False,,tv_wilder_rsi14_sma5_v1,64.29,61.51,True,False,2.79
3863,3863.T,日本製紙,2023-09,CONTINUE,11,57.78,60.57,True,True,2.79,2022-11,965.0,1348.0,1348.0,39.69,923.4,909.85,976.18,True,True,False,False,True,False,False,712917.0,1185.0,-18.57,False,0.64,1.95,0.65,True,4,True,-3.74,4.28,False,False,,tv_wilder_rsi14_sma5_v1,60.57,57.78,True,True,2.79
5279,5279.T,日本興業,2023-09,NEW,1,56.36,59.15,True,True,2.79,2023-09,810.0,810.0,810.0,0.0,787.12,772.23,748.85,True,True,True,True,True,True,True,4063.0,848.0,-4.48,False,0.67,2.66,1.35,False,2,False,10.58,2.61,False,False,,tv_wilder_rsi14_sma5_v1,59.15,56.36,True,True,2.79
4290,4290.T,プレステージ・インターナショナル,2023-09,NEW,1,41.36,44.14,True,True,2.78,2023-09,619.0,619.0,619.0,0.0,612.16,604.11,630.36,True,True,False,False,True,False,False,287173.0,769.0,-19.51,False,1.38,2.43,1.2,False,4,False,-2.81,1.33,True,False,,tv_wilder_rsi14_sma5_v1,44.14,41.36,True,True,2.78
6794,6794.T,フォスター電機,2023-09,NEW,1,48.7,51.47,False,True,2.77,2023-09,991.0,991.0,991.0,0.0,939.0,918.28,979.6,True,True,True,False,True,False,True,173913.0,1271.0,-22.03,False,1.18,3.1,1.1,False,2,True,10.36,5.5,False,False,,tv_wilder_rsi14_sma5_v1,51.47,48.7,True,False,2.77
7949,7949.T,小松ウオール工業,2023-09,CONTINUE,9,80.66,83.43,True,False,2.77,2023-01,957.0,1466.5,1466.5,53.24,918.62,921.21,936.3,True,True,True,False,True,False,False,19560.0,1038.0,-7.8,False,1.81,0.86,1.15,False,1,True,1.98,2.08,True,False,,tv_wilder_rsi14_sma5_v1,83.43,80.66,False,True,2.77
3161,3161.T,アゼアス,2023-09,CONTINUE,2,47.39,50.14,True,True,2.76,2023-08,643.0,673.0,673.0,4.67,640.96,640.19,645.91,True,True,False,False,False,False,False,11867.0,718.0,-10.45,False,1.01,1.19,1.18,False,1,True,-0.96,-0.11,False,False,,tv_wilder_rsi14_sma5_v1,50.14,47.39,True,True,2.76
4768,4768.T,大塚商会,2023-09,CONTINUE,8,66.2,68.96,True,False,2.76,2023-02,2295.0,3166.0,3166.0,37.95,2243.6,2193.73,2173.56,True,True,True,True,True,False,True,864633.0,2462.5,-6.8,False,1.01,1.53,0.73,True,2,True,3.79,1.7,False,False,,tv_wilder_rsi14_sma5_v1,68.96,66.2,False,True,2.76
4973,4973.T,日本高純度化学,2023-09,CONTINUE,4,51.73,54.48,True,True,2.76,2023-06,2595.0,2619.0,2619.0,0.92,2601.64,2564.8,2476.09,False,True,True,True,True,True,True,11893.0,2740.0,-5.29,False,1.17,2.4,0.99,True,2,False,6.38,-0.96,False,False,,tv_wilder_rsi14_sma5_v1,54.48,51.73,True,True,2.76
7919,7919.T,野崎印刷紙業,2023-09,CONTINUE,3,58.78,61.55,True,True,2.76,2023-07,158.0,159.0,159.0,0.63,139.4,141.93,129.27,True,True,True,False,False,True,True,135043.0,170.0,-7.06,False,4.59,2.94,1.38,False,2,True,25.4,1.55,True,True,MVP,tv_wilder_rsi14_sma5_v1,61.55,58.78,True,True,2.76
9310,9310.T,日本トランスシティ,2023-09,CONTINUE,2,56.8,59.56,False,True,2.76,2023-08,641.0,660.0,660.0,2.96,633.68,626.88,585.97,True,True,True,True,True,False,True,47960.0,689.0,-6.97,False,0.99,1.73,0.86,True,2,True,15.24,0.19,False,False,,tv_wilder_rsi14_sma5_v1,59.56,56.8,True,False,2.76
2796,2796.T,ファーマライズホールディングス,2023-09,CONTINUE,4,43.86,46.61,True,True,2.75,2023-06,620.0,650.0,650.0,4.84,617.24,622.63,631.84,True,False,False,False,False,False,False,8793.0,731.0,-15.18,False,0.46,0.82,1.08,False,4,False,-4.14,1.31,False,False,,tv_wilder_rsi14_sma5_v1,46.61,43.86,True,True,2.75
5282,5282.T,ジオスター,2023-09,NEW,1,43.53,46.28,False,True,2.75,2023-09,302.0,302.0,302.0,0.0,298.92,293.97,300.01,True,True,True,False,True,True,True,135733.0,358.0,-15.64,False,0.16,1.96,0.48,True,1,False,1.76,1.38,False,False,,tv_wilder_rsi14_sma5_v1,46.28,43.53,True,False,2.75
9265,9265.T,ヤマシタヘルスケアホールディングス,2023-09,NEW,1,56.95,59.7,False,True,2.75,2023-09,2118.0,2118.0,2118.0,0.0,2016.12,2009.25,1919.41,True,True,True,True,True,False,True,1800.0,2285.0,-7.31,False,1.63,1.1,0.87,True,2,True,19.05,3.39,True,False,,tv_wilder_rsi14_sma5_v1,59.7,56.95,True,False,2.75
2791,2791.T,大黒天物産,2023-09,CONTINUE,4,53.6,56.34,True,False,2.74,2023-06,5320.0,6300.0,6300.0,18.42,5101.0,5144.6,5127.82,True,True,True,False,False,True,False,44493.0,6050.0,-12.07,False,0.75,1.71,1.03,False,3,True,9.37,5.13,False,False,,tv_wilder_rsi14_sma5_v1,56.34,53.6,False,True,2.74
3191,3191.T,ジョイフル本田,2023-09,NEW,1,53.06,55.8,False,True,2.74,2023-09,1758.0,1758.0,1758.0,0.0,1742.04,1700.47,1759.99,True,True,False,False,True,False,False,128693.0,1962.0,-10.4,False,0.93,1.18,1.15,False,4,True,-0.23,0.42,False,False,,tv_wilder_rsi14_sma5_v1,55.8,53.06,True,False,2.74
6544,6544.T,ジャパンエレベーターサービスホールディングス,2023-09,CONTINUE,2,53.03,55.77,True,False,2.74,2023-08,1213.0,1097.5,1097.5,-9.52,1034.18,968.87,945.64,True,True,True,True,True,True,True,911047.0,1215.5,-0.21,False,0.91,2.69,0.76,True,2,True,30.84,10.85,False,False,,tv_wilder_rsi14_sma5_v1,55.77,53.03,False,True,2.74
3183,3183.T,ウイン・パートナーズ,2023-09,CONTINUE,4,52.59,55.32,True,True,2.73,2023-06,1030.0,1088.0,1088.0,5.63,1014.28,1021.01,1004.79,True,True,True,False,True,False,True,30550.0,1104.0,-6.7,False,0.66,1.28,1.12,False,2,True,4.5,2.61,False,False,,tv_wilder_rsi14_sma5_v1,55.32,52.59,True,True,2.73
6246,6246.T,テクノスマート,2023-09,CONTINUE,4,60.61,63.34,True,True,2.73,2023-06,1610.0,1698.0,1698.0,5.47,1536.76,1528.03,1366.36,True,True,True,True,True,True,True,20923.0,1698.0,-5.18,False,2.08,1.95,1.25,False,2,True,15.61,1.75,False,False,,tv_wilder_rsi14_sma5_v1,63.34,60.61,True,True,2.73
9274,9274.T,ＫＰＰグループホールディングス,2023-09,CONTINUE,2,54.61,57.34,True,True,2.73,2023-08,652.0,686.0,686.0,5.21,611.52,614.03,710.68,True,True,False,False,False,False,False,404173.0,1067.0,-38.89,False,0.92,2.56,0.94,True,4,True,-4.48,2.04,False,False,,tv_wilder_rsi14_sma5_v1,57.34,54.61,True,True,2.73
9685,9685.T,ＫＹＣＯＭホールディングス,2023-09,CONTINUE,4,53.78,56.51,True,True,2.73,2023-06,500.0,536.0,536.0,7.2,477.88,465.6,443.37,True,True,True,True,True,True,True,3347.0,509.0,-1.77,False,0.47,1.5,1.02,False,2,True,16.65,3.05,False,False,,tv_wilder_rsi14_sma5_v1,56.51,53.78,True,True,2.73
4284,4284.T,ソルクシーズ,2023-09,CONTINUE,6,54.85,57.57,True,True,2.71,2023-04,358.0,454.0,454.0,26.82,351.32,351.85,360.35,True,True,False,False,True,False,False,65540.0,402.0,-10.95,False,1.46,1.38,0.98,True,4,True,-2.57,0.68,False,False,,tv_wilder_rsi14_sma5_v1,57.57,54.85,True,True,2.71
9271,9271.T,和心,2023-09,CONTINUE,4,43.67,46.39,True,False,2.71,2023-06,365.0,443.0,443.0,21.37,366.32,365.33,418.23,False,False,False,False,False,False,True,7890.0,649.0,-43.76,False,1.6,4.36,0.94,True,4,True,-1.97,-5.1,False,False,,tv_wilder_rsi14_sma5_v1,46.39,43.67,False,True,2.71
8132,8132.T,シナネンホールディングス,2023-09,CONTINUE,6,57.6,60.3,True,True,2.7,2023-04,3775.0,4055.0,4055.0,7.42,3343.0,3493.93,3678.47,True,True,True,False,True,False,False,13607.0,4125.0,-8.48,False,1.26,2.26,0.96,True,1,True,0.76,4.46,True,False,,tv_wilder_rsi14_sma5_v1,60.3,57.6,True,True,2.7
4620,4620.T,藤倉化成,2023-09,CONTINUE,4,48.06,50.75,True,True,2.69,2023-06,458.0,467.0,467.0,1.97,438.28,434.11,426.4,True,True,True,True,True,False,False,73203.0,499.0,-8.22,False,1.14,1.65,1.13,False,3,True,5.12,4.9,False,False,,tv_wilder_rsi14_sma5_v1,50.75,48.06,True,True,2.69
1720,1720.T,東急建設,2023-09,CONTINUE,9,58.27,60.95,True,True,2.68,2023-01,660.0,780.0,780.0,18.18,641.56,638.72,634.63,True,True,True,True,True,False,False,183283.0,735.0,-10.2,False,0.98,0.93,0.95,True,3,True,2.09,1.81,False,False,,tv_wilder_rsi14_sma5_v1,60.95,58.27,True,True,2.68
7244,7244.T,市光工業,2023-09,NEW,1,53.74,56.43,True,True,2.68,2023-09,566.0,566.0,566.0,0.0,559.88,541.91,480.5,True,True,True,True,True,True,True,162297.0,618.0,-8.41,False,0.96,2.47,1.11,False,2,True,25.73,1.69,False,False,,tv_wilder_rsi14_sma5_v1,56.43,53.74,True,True,2.68
5915,5915.T,駒井ハルテック,2023-09,NEW,1,53.25,55.91,True,True,2.66,2023-09,1973.0,1973.0,1973.0,0.0,1881.08,1879.68,1742.45,True,True,True,True,True,True,True,14663.0,1991.0,-0.9,False,1.8,1.56,1.16,False,2,True,16.11,2.07,True,False,,tv_wilder_rsi14_sma5_v1,55.91,53.25,True,True,2.66
6198,6198.T,キャリア,2023-09,CONTINUE,4,46.67,49.33,True,True,2.66,2023-06,343.0,382.0,382.0,11.37,325.28,326.39,324.35,True,True,True,False,True,False,False,12710.0,470.0,-27.02,False,0.85,2.06,1.17,False,3,True,9.74,6.43,False,False,,tv_wilder_rsi14_sma5_v1,49.33,46.67,True,True,2.66
2393,2393.T,日本ケアサプライ,2023-09,CONTINUE,4,61.0,63.65,True,False,2.65,2023-06,1619.0,1684.0,1684.0,4.01,1598.48,1599.68,1555.02,True,True,True,False,True,False,True,3883.0,1669.0,-3.0,False,0.78,0.7,0.95,True,2,True,6.22,0.9,False,False,,tv_wilder_rsi14_sma5_v1,63.65,61.0,False,True,2.65
3683,3683.T,サイバーリンクス,2023-09,NEW,1,40.02,42.68,False,True,2.65,2023-09,782.0,782.0,782.0,0.0,756.36,718.05,821.7,True,True,False,False,True,True,False,32490.0,1436.0,-45.54,False,0.99,3.11,0.99,True,4,True,-8.66,1.88,False,False,,tv_wilder_rsi14_sma5_v1,42.68,40.02,True,False,2.65
3710,3710.T,ジョルダン,2023-09,CONTINUE,9,43.15,45.8,True,False,2.65,2023-01,654.0,690.0,690.0,5.5,622.36,658.71,670.34,True,False,False,False,False,False,False,4937.0,773.0,-15.39,False,0.9,1.59,1.09,False,1,True,-2.21,3.81,False,False,,tv_wilder_rsi14_sma5_v1,45.8,43.15,False,True,2.65
5355,5355.T,日本坩堝,2023-09,CONTINUE,5,49.71,52.36,True,True,2.65,2023-05,541.0,554.0,554.0,2.4,539.16,539.79,549.9,True,True,False,False,False,False,False,4850.0,614.0,-11.89,False,0.45,0.87,0.73,True,4,True,-2.55,0.9,False,False,,tv_wilder_rsi14_sma5_v1,52.36,49.71,True,True,2.65
6436,6436.T,アマノ,2023-09,CONTINUE,8,64.41,67.06,True,True,2.65,2023-02,2517.0,3282.0,3282.0,30.39,2450.56,2436.55,2477.62,True,True,True,False,True,False,True,138677.0,2707.0,-7.02,False,0.74,1.37,0.74,True,2,True,2.12,1.25,False,False,,tv_wilder_rsi14_sma5_v1,67.06,64.41,True,True,2.65
256A,256A.T,飛島ホールディングス,2023-09,CONTINUE,9,63.34,65.98,True,True,2.64,2023-01,1048.0,1384.0,1384.0,32.06,1015.64,1022.72,1032.12,True,True,True,False,True,False,False,59490.0,1158.0,-9.5,False,1.12,0.84,1.14,False,1,True,1.11,1.52,False,False,,tv_wilder_rsi14_sma5_v1,65.98,63.34,True,True,2.64
6262,6262.T,ＰＥＧＡＳＵＳ,2023-09,CONTINUE,2,47.23,49.87,True,True,2.64,2023-08,594.0,616.0,616.0,3.7,568.16,567.96,670.89,True,True,False,False,False,False,False,93160.0,1015.0,-41.48,False,0.92,1.91,1.05,False,4,True,-11.21,2.89,False,False,,tv_wilder_rsi14_sma5_v1,49.87,47.23,True,True,2.64
6266,6266.T,タツモ,2023-09,CONTINUE,4,65.6,68.24,True,False,2.64,2023-06,2430.0,2923.0,2923.0,20.29,2288.68,2063.59,1812.89,True,True,True,True,True,True,True,263157.0,2678.0,-9.26,False,0.79,5.56,0.8,True,2,True,50.89,4.77,False,False,,tv_wilder_rsi14_sma5_v1,68.24,65.6,False,True,2.64
6564,6564.T,ミダックホールディングス,2023-09,CONTINUE,2,41.16,43.8,True,True,2.63,2023-08,1839.0,1905.0,1905.0,3.59,1669.84,1690.63,2256.66,True,True,False,False,True,False,False,177540.0,3865.0,-52.42,False,1.1,4.72,0.9,True,4,True,-18.04,6.64,True,False,,tv_wilder_rsi14_sma5_v1,43.8,41.16,True,True,2.63
7614,7614.T,オーエムツーネットワーク,2023-09,NEW,1,53.16,55.79,False,True,2.63,2023-09,1223.0,1223.0,1223.0,0.0,1218.56,1200.44,1157.46,True,True,True,True,True,True,True,9370.0,1252.0,-2.32,False,0.58,1.26,0.89,True,2,True,7.02,-1.05,False,False,,tv_wilder_rsi14_sma5_v1,55.79,53.16,True,False,2.63
463A,463A.T,インテリックスホールディングス,2023-09,NEW,1,41.73,44.34,False,True,2.62,2023-09,538.0,538.0,538.0,0.0,525.92,522.59,538.68,True,True,False,False,True,False,False,16700.0,597.0,-9.88,False,0.57,2.27,1.27,False,1,True,0.64,3.52,False,False,,tv_wilder_rsi14_sma5_v1,44.34,41.73,True,False,2.62
7278,7278.T,エクセディ,2023-09,CONTINUE,9,72.29,74.92,True,False,2.62,2023-01,1747.0,2614.0,2614.0,49.63,1626.32,1654.11,1692.12,True,True,True,False,True,False,True,133440.0,1886.0,-7.37,False,1.39,1.36,1.15,False,2,True,2.71,1.47,True,False,,tv_wilder_rsi14_sma5_v1,74.92,72.29,False,True,2.62
8227,8227.T,しまむら,2023-09,CONTINUE,4,62.86,65.48,True,False,2.62,2023-06,6810.0,7385.0,7385.0,8.44,6632.4,6477.93,6317.73,True,True,True,True,True,True,True,359060.0,7287.5,-6.55,False,1.51,2.35,1.29,False,2,True,10.52,3.27,False,False,,tv_wilder_rsi14_sma5_v1,65.48,62.86,False,True,2.62
3048,3048.T,ビックカメラ,2023-09,CONTINUE,2,45.55,48.15,False,True,2.61,2023-08,1082.0,1103.0,1103.0,1.94,1088.96,1076.44,1141.4,False,True,False,False,True,False,False,996000.0,1325.0,-18.34,False,1.43,1.72,0.89,True,4,True,-3.98,1.7,False,False,,tv_wilder_rsi14_sma5_v1,48.15,45.55,True,False,2.61
6230,6230.T,ＳＡＮＥＩ,2023-09,CONTINUE,8,57.65,60.27,True,True,2.61,2023-02,1408.0,1600.0,1600.0,13.64,1386.66,1366.77,1415.85,True,True,False,False,True,False,False,1427.0,1575.0,-10.6,False,1.18,0.59,1.44,False,4,True,-1.58,0.91,False,False,,tv_wilder_rsi14_sma5_v1,60.27,57.65,True,True,2.61
8056,8056.T,ＢＩＰＲＯＧＹ,2023-09,CONTINUE,6,58.33,60.93,True,False,2.6,2023-04,3270.0,3734.0,3734.0,14.19,3231.8,3171.93,3144.33,True,True,True,True,True,False,True,227590.0,3455.0,-5.35,False,0.99,1.33,0.84,True,2,True,3.01,-0.45,False,False,,tv_wilder_rsi14_sma5_v1,60.93,58.33,False,True,2.6
1878,1878.T,大東建託,2023-09,CONTINUE,5,59.34,61.93,True,False,2.59,2023-05,2650.0,3150.0,3150.0,18.87,2682.56,2627.31,2743.73,False,True,False,False,True,False,True,1314583.0,3166.0,-16.3,False,0.96,1.39,0.8,True,4,False,1.27,0.64,False,False,,tv_wilder_rsi14_sma5_v1,61.93,59.34,False,True,2.59
6538,6538.T,ディスラプターズ,2023-09,NEW,1,36.86,39.46,True,True,2.59,2023-09,316.0,316.0,316.0,0.0,287.28,288.91,308.34,True,True,True,False,True,False,False,183423.0,435.0,-27.36,False,1.33,4.63,1.24,False,3,True,-0.4,7.9,False,False,,tv_wilder_rsi14_sma5_v1,39.46,36.86,True,True,2.59
2224,2224.T,コモ,2023-09,CONTINUE,3,58.85,61.43,True,True,2.58,2023-07,2729.0,2753.0,2753.0,0.88,2721.92,2723.17,2729.26,True,True,False,False,True,False,True,1033.0,2780.0,-1.83,False,0.45,0.22,0.91,True,1,True,0.43,-0.21,False,False,,tv_wilder_rsi14_sma5_v1,61.43,58.85,True,True,2.58
2379,2379.T,ディップ,2023-09,CONTINUE,4,50.69,53.27,True,True,2.58,2023-06,3575.0,3680.0,3680.0,2.94,3502.6,3465.4,3692.0,True,True,False,False,True,False,False,242930.0,4390.0,-18.56,False,0.94,2.45,1.06,False,4,False,-0.71,1.79,False,False,,tv_wilder_rsi14_sma5_v1,53.27,50.69,True,True,2.58
6804,6804.T,ホシデン,2023-09,CONTINUE,6,70.14,72.72,True,True,2.58,2023-04,1736.0,1919.0,1919.0,10.54,1646.08,1614.92,1565.56,True,True,True,True,True,True,True,217050.0,1814.0,-4.3,False,1.47,1.87,1.09,False,2,True,21.57,2.87,False,False,,tv_wilder_rsi14_sma5_v1,72.72,70.14,True,True,2.58
9367,9367.T,大東港運,2023-09,CONTINUE,4,61.34,63.91,True,True,2.58,2023-06,715.0,731.0,731.0,2.24,698.04,700.77,694.08,True,True,True,False,True,False,True,890.0,750.0,-4.67,False,0.74,0.85,1.11,False,2,True,5.53,1.66,False,False,,tv_wilder_rsi14_sma5_v1,63.91,61.34,True,True,2.58
1802,1802.T,大林組,2023-09,CONTINUE,11,71.02,73.59,True,False,2.57,2022-11,1024.0,1316.5,1316.5,28.56,984.36,966.48,948.83,True,True,True,True,True,True,True,2771937.0,1048.0,-2.29,False,1.29,2.06,0.86,True,2,True,7.79,2.6,True,False,,tv_wilder_rsi14_sma5_v1,73.59,71.02,False,True,2.57
2924,2924.T,イフジ産業,2023-09,CONTINUE,7,73.18,75.76,True,False,2.57,2023-03,1022.0,1599.0,1599.0,56.46,984.76,944.25,929.56,True,True,True,True,True,True,True,10323.0,1131.0,-9.64,False,0.72,2.72,1.14,False,1,True,7.54,2.07,False,False,,tv_wilder_rsi14_sma5_v1,75.76,73.18,False,True,2.57
7297,7297.T,カーメイト,2023-09,CONTINUE,3,45.85,48.41,True,True,2.57,2023-07,876.0,883.0,883.0,0.8,870.44,869.56,867.58,True,True,True,True,True,False,False,2307.0,1318.0,-33.54,False,1.78,1.91,1.33,False,1,True,0.48,1.74,False,False,,tv_wilder_rsi14_sma5_v1,48.41,45.85,True,True,2.57
9246,9246.T,プロジェクトホールディングス,2023-09,NEW,1,44.45,47.03,False,True,2.57,2023-09,3430.0,3430.0,3430.0,0.0,2528.76,2743.09,4303.23,True,True,False,False,True,False,False,233653.0,7790.0,-55.97,False,1.91,7.45,1.48,False,4,True,-19.14,14.77,False,False,,tv_wilder_rsi14_sma5_v1,47.03,44.45,True,False,2.57
5933,5933.T,アルインコ,2023-09,CONTINUE,3,56.16,58.72,True,False,2.56,2023-07,1092.0,1073.0,1073.0,-1.74,1024.12,1007.93,1011.29,True,True,True,False,True,False,True,74143.0,1115.0,-2.06,False,0.8,2.21,1.56,False,2,True,11.26,3.57,False,False,,tv_wilder_rsi14_sma5_v1,58.72,56.16,False,True,2.56
9251,9251.T,ＡＢ＆Ｃｏｍｐａｎｙ,2023-09,CONTINUE,5,51.8,54.36,True,False,2.56,2023-05,1004.0,1242.0,1242.0,23.71,1007.08,1018.08,983.68,False,False,True,False,False,True,True,25650.0,1121.0,-10.44,False,0.95,1.27,1.1,False,2,True,9.64,-0.83,False,False,,tv_wilder_rsi14_sma5_v1,54.36,51.8,False,True,2.56
4972,4972.T,綜研化学,2023-09,NEW,1,53.72,56.27,True,True,2.55,2023-09,972.5,972.5,972.5,0.0,932.74,928.22,893.91,True,True,True,True,True,True,True,45153.0,993.5,-2.11,False,0.81,1.87,1.19,False,2,True,6.44,3.18,False,False,,tv_wilder_rsi14_sma5_v1,56.27,53.72,True,True,2.55
6841,6841.T,横河電機,2023-09,CONTINUE,6,62.41,64.96,True,False,2.55,2023-04,2199.0,2888.5,2888.5,31.36,2156.16,2146.56,2284.35,True,True,False,False,True,False,False,740607.0,2742.0,-19.8,False,0.78,1.49,0.99,True,4,True,-3.61,-1.63,False,False,,tv_wilder_rsi14_sma5_v1,64.96,62.41,False,True,2.55
7509,7509.T,アイエーグループ,2023-09,CONTINUE,5,52.97,55.51,True,True,2.54,2023-05,3410.0,3605.0,3605.0,5.72,3378.0,3399.13,3380.97,True,True,True,False,False,True,False,230.0,3570.0,-4.48,False,0.96,0.3,0.95,True,3,False,-0.36,1.18,False,False,,tv_wilder_rsi14_sma5_v1,55.51,52.97,True,True,2.54
8803,8803.T,平和不動産,2023-09,CONTINUE,4,53.02,55.55,True,True,2.53,2023-06,1897.5,1990.0,1990.0,4.87,1885.7,1905.67,1917.21,True,False,False,False,False,True,False,120627.0,2107.5,-9.96,False,0.86,1.87,1.04,False,4,False,-2.21,0.77,False,False,,tv_wilder_rsi14_sma5_v1,55.55,53.02,True,True,2.53
4966,4966.T,上村工業,2023-09,CONTINUE,6,68.74,71.26,True,False,2.52,2023-04,6540.0,9430.0,9430.0,44.19,6244.4,6355.33,6361.65,True,True,True,False,False,True,True,14983.0,7450.0,-12.21,False,1.25,2.77,1.14,False,2,True,4.43,-2.24,False,False,,tv_wilder_rsi14_sma5_v1,71.26,68.74,False,True,2.52
6217,6217.T,津田駒工業,2023-09,NEW,1,31.9,34.43,True,True,2.52,2023-09,437.0,437.0,437.0,0.0,426.52,426.6,486.5,True,True,False,False,True,False,False,14340.0,624.0,-29.97,False,1.53,1.62,0.81,True,4,True,-12.37,0.64,False,False,,tv_wilder_rsi14_sma5_v1,34.43,31.9,True,True,2.52
7294,7294.T,ヨロズ,2023-09,CONTINUE,4,47.97,50.49,True,True,2.52,2023-06,952.0,947.0,947.0,-0.53,867.0,855.05,811.88,True,True,True,True,True,True,False,56840.0,932.0,2.15,True,0.95,2.0,0.94,True,1,True,17.36,5.44,True,False,,tv_wilder_rsi14_sma5_v1,50.49,47.97,True,True,2.52
8835,8835.T,太平洋興発,2023-09,NEW,1,51.76,54.28,False,True,2.52,2023-09,810.0,810.0,810.0,0.0,794.84,769.53,815.61,True,True,False,False,True,True,True,34297.0,1054.0,-23.15,False,1.23,1.95,1.31,False,4,True,7.71,3.16,False,False,,tv_wilder_rsi14_sma5_v1,54.28,51.76,True,False,2.52
1820,1820.T,西松建設,2023-09,CONTINUE,4,51.87,54.37,True,True,2.51,2023-06,3500.0,3708.0,3708.0,5.94,3471.48,3466.23,3680.24,True,True,False,False,True,False,False,251527.0,4245.0,-17.55,False,0.75,1.07,0.96,True,4,False,-6.7,1.26,False,False,,tv_wilder_rsi14_sma5_v1,54.37,51.87,True,True,2.51
6838,6838.T,多摩川ホールディングス,2023-09,CONTINUE,4,41.51,44.02,True,True,2.51,2023-06,806.0,801.0,801.0,-0.62,780.92,714.07,722.13,True,True,True,False,True,True,True,165330.0,988.0,-18.42,False,0.17,3.8,0.65,True,2,True,15.36,1.89,False,False,,tv_wilder_rsi14_sma5_v1,44.02,41.51,True,True,2.51
7513,7513.T,コジマ,2023-09,CONTINUE,4,51.78,54.29,True,True,2.51,2023-06,594.0,638.0,638.0,7.41,565.0,559.88,581.45,True,True,True,False,True,True,False,213800.0,699.0,-15.02,False,0.98,0.95,1.02,False,3,True,1.48,3.07,False,False,,tv_wilder_rsi14_sma5_v1,54.29,51.78,True,True,2.51
8174,8174.T,日本瓦斯,2023-09,CONTINUE,4,59.15,61.65,True,False,2.5,2023-06,2021.5,2216.0,2216.0,9.62,1971.82,1935.58,2010.52,True,True,True,False,False,True,False,355730.0,2285.0,-11.53,False,1.21,2.07,1.17,False,3,True,1.73,2.09,False,False,,tv_wilder_rsi14_sma5_v1,61.65,59.15,False,True,2.5
8841,8841.T,テーオーシー,2023-09,CONTINUE,2,44.41,46.88,False,True,2.47,2023-08,620.0,642.0,642.0,3.55,611.08,619.47,643.49,True,True,False,False,False,False,False,135267.0,794.0,-21.91,False,2.22,1.74,0.86,True,4,True,-7.7,2.5,False,False,,tv_wilder_rsi14_sma5_v1,46.88,44.41,True,False,2.47
5388,5388.T,クニミネ工業,2023-09,CONTINUE,4,53.43,55.89,True,False,2.46,2023-06,1015.0,1037.0,1037.0,2.17,949.44,935.09,867.39,True,True,True,True,True,True,True,10927.0,1000.0,1.5,True,1.08,1.66,0.96,True,2,True,16.04,3.64,True,False,,tv_wilder_rsi14_sma5_v1,55.89,53.43,False,True,2.46
7417,7417.T,南陽,2023-09,NEW,1,58.52,60.98,False,True,2.46,2023-09,1117.5,1117.5,1117.5,0.0,1106.76,1084.43,1061.93,True,True,True,True,True,True,True,17267.0,1189.0,-6.01,False,0.89,1.95,1.11,False,2,True,8.66,0.4,False,False,,tv_wilder_rsi14_sma5_v1,60.98,58.52,True,False,2.46
8207,8207.T,テンアライド,2023-09,CONTINUE,4,48.8,51.25,True,False,2.46,2023-06,283.0,304.0,304.0,7.42,263.64,261.04,262.02,True,True,True,False,True,False,False,143247.0,314.0,-9.87,False,0.74,2.35,1.48,False,3,True,7.24,8.26,False,False,,tv_wilder_rsi14_sma5_v1,51.25,48.8,False,True,2.46
9735,9735.T,セコム,2023-09,CONTINUE,7,61.13,63.59,True,False,2.46,2023-03,4082.0,5070.0,5070.0,24.2,4013.66,3907.35,4141.03,True,True,False,False,True,False,False,1425200.0,4724.5,-13.6,False,0.92,1.36,0.94,True,4,True,0.71,3.33,False,False,,tv_wilder_rsi14_sma5_v1,63.59,61.13,False,True,2.46
2809,2809.T,キユーピー,2023-09,CONTINUE,4,50.36,52.81,True,False,2.45,2023-06,2356.0,2403.5,2403.5,2.02,2307.28,2271.97,2304.97,True,True,True,False,True,True,True,461023.0,2544.0,-7.39,False,0.83,1.29,1.06,False,1,True,4.08,1.5,False,False,,tv_wilder_rsi14_sma5_v1,52.81,50.36,False,True,2.45
4092,4092.T,日本化学工業,2023-09,CONTINUE,4,41.91,44.33,True,True,2.43,2023-06,1890.0,1955.0,1955.0,3.44,1845.44,1867.6,1872.89,True,True,True,False,True,False,False,30240.0,2220.0,-14.86,False,0.71,1.21,1.06,False,3,True,-0.62,3.47,False,False,,tv_wilder_rsi14_sma5_v1,44.33,41.91,True,True,2.43
4990,4990.T,昭和化学工業,2023-09,CONTINUE,2,52.57,54.99,False,False,2.43,2023-08,465.0,462.0,462.0,-0.65,455.48,439.23,428.34,True,True,True,True,True,False,True,3873.0,496.0,-6.25,False,0.47,2.04,0.85,True,2,True,13.92,1.09,False,False,,tv_wilder_rsi14_sma5_v1,54.99,52.57,False,False,2.43
7049,7049.T,識学,2023-09,CONTINUE,4,38.42,40.83,True,False,2.42,2023-06,512.0,623.0,623.0,21.68,505.2,510.49,553.29,True,True,False,False,True,False,False,18947.0,830.0,-38.31,False,1.35,3.25,1.03,False,4,True,-12.83,2.74,False,False,,tv_wilder_rsi14_sma5_v1,40.83,38.42,False,True,2.42
3116,3116.T,トヨタ紡織,2023-09,CONTINUE,9,67.33,69.74,True,False,2.41,2023-01,1918.0,2726.0,2726.0,42.13,1816.44,1860.71,1951.32,True,True,False,False,False,False,False,329460.0,2325.0,-17.51,False,0.79,1.99,0.84,True,4,True,-4.09,2.13,False,False,,tv_wilder_rsi14_sma5_v1,69.74,67.33,False,True,2.41
3205,3205.T,ダイドーリミテッド,2023-09,CONTINUE,2,60.91,63.32,False,False,2.41,2023-08,300.0,295.0,295.0,-1.67,285.08,275.23,269.1,True,True,True,True,True,False,True,65260.0,315.0,-4.76,False,2.03,2.14,1.01,False,2,True,37.28,3.96,False,False,,tv_wilder_rsi14_sma5_v1,63.32,60.91,False,False,2.41
6238,6238.T,フリュー,2023-09,CONTINUE,4,58.17,60.58,True,False,2.41,2023-06,1316.0,1545.0,1545.0,17.4,1108.4,1133.67,1132.12,True,True,True,False,False,False,True,177087.0,1348.0,-2.37,False,2.75,3.4,1.5,False,2,True,18.83,10.44,False,False,,tv_wilder_rsi14_sma5_v1,60.58,58.17,False,True,2.41
2492,2492.T,インフォマート,2023-09,CONTINUE,4,41.21,43.61,True,False,2.4,2023-06,328.0,402.0,402.0,22.56,291.12,286.68,363.34,True,True,False,False,True,False,False,1698200.0,529.0,-38.0,False,1.11,4.49,1.22,False,4,True,-1.19,10.07,False,False,,tv_wilder_rsi14_sma5_v1,43.61,41.21,False,True,2.4
6523,6523.T,ＰＨＣホールディングス,2023-09,CONTINUE,5,31.32,33.72,True,True,2.4,2023-05,1466.0,1526.0,1526.0,4.09,1436.72,1436.65,1506.37,True,True,False,False,False,False,False,238143.0,1740.0,-15.75,False,2.96,3.55,1.28,False,4,True,-4.37,5.07,False,False,,tv_wilder_rsi14_sma5_v1,33.72,31.32,True,True,2.4
8066,8066.T,三谷商事,2023-09,CONTINUE,4,42.44,44.84,True,True,2.4,2023-06,1364.0,1403.0,1403.0,2.86,1338.64,1335.87,1374.51,True,True,False,False,True,False,False,3567.0,1647.0,-17.18,False,0.96,1.7,1.0,False,4,True,-1.38,2.52,True,False,,tv_wilder_rsi14_sma5_v1,44.84,42.44,True,True,2.4
2573,2573.T,北海道コカ・コーラボトリング,2023-09,CONTINUE,8,81.72,84.11,True,False,2.39,2023-02,2097.5,2755.0,2755.0,31.35,2060.1,2071.23,2065.94,True,True,True,False,True,False,False,2787.0,2147.5,-2.33,False,0.96,0.44,1.13,False,1,True,1.52,0.71,False,False,,tv_wilder_rsi14_sma5_v1,84.11,81.72,False,True,2.39
3185,3185.T,夢展望,2023-09,CONTINUE,3,35.09,37.48,True,True,2.39,2023-07,156.0,163.0,163.0,4.49,155.84,157.0,172.84,True,False,False,False,True,False,False,13617.0,247.0,-36.84,False,0.75,1.37,1.04,False,4,True,-12.66,1.36,False,False,,tv_wilder_rsi14_sma5_v1,37.48,35.09,True,True,2.39
9867,9867.T,ソレキア,2023-09,CONTINUE,4,48.68,51.07,True,True,2.39,2023-06,4905.0,5540.0,5540.0,12.95,4955.6,5106.13,5219.18,False,False,False,False,True,True,False,747.0,13250.0,-62.98,False,1.04,1.47,1.08,False,4,True,-2.55,1.92,False,False,,tv_wilder_rsi14_sma5_v1,51.07,48.68,True,True,2.39
4445,4445.T,リビン・テクノロジーズ,2023-09,CONTINUE,4,42.66,45.03,True,True,2.38,2023-06,1100.0,1198.5,1198.5,8.95,1052.22,1030.89,1128.51,True,True,False,False,True,False,False,3280.0,1550.0,-29.03,False,0.21,2.59,0.95,True,4,True,1.29,5.54,False,False,,tv_wilder_rsi14_sma5_v1,45.03,42.66,True,True,2.38
3712,3712.T,情報企画,2023-09,CONTINUE,3,47.17,49.55,True,True,2.37,2023-07,572.2,581.8,581.8,1.68,566.73,565.71,584.29,True,True,False,False,True,False,False,6717.0,734.0,-22.04,False,0.8,0.72,1.16,False,4,True,-4.38,1.13,False,False,,tv_wilder_rsi14_sma5_v1,49.55,47.17,True,True,2.37
6770,6770.T,アルプスアルパイン,2023-09,NEW,1,47.56,49.93,True,True,2.37,2023-09,1297.5,1297.5,1297.5,0.0,1259.22,1234.62,1255.71,True,True,True,False,True,True,False,1386080.0,1450.0,-10.52,False,0.95,2.03,0.95,True,1,True,4.68,3.63,False,False,,tv_wilder_rsi14_sma5_v1,49.93,47.56,True,True,2.37
5458,5458.T,高砂鐵工,2023-09,NEW,1,52.65,55.02,False,True,2.36,2023-09,841.0,841.0,841.0,0.0,810.96,817.04,824.16,True,True,True,False,True,True,True,3153.0,892.0,-5.72,False,0.64,1.6,0.89,True,2,True,0.98,1.63,False,False,,tv_wilder_rsi14_sma5_v1,55.02,52.65,True,False,2.36
9385,9385.T,ショーエイコーポレーション,2023-09,CONTINUE,4,40.25,42.61,True,True,2.36,2023-06,596.0,602.0,602.0,1.01,570.04,566.04,568.12,True,True,True,False,True,True,False,16597.0,604.0,-1.32,False,1.1,1.16,0.99,True,1,True,5.59,3.07,False,False,,tv_wilder_rsi14_sma5_v1,42.61,40.25,True,True,2.36
3449,3449.T,テクノフレックス,2023-09,NEW,1,52.95,55.3,False,True,2.35,2023-09,1132.0,1132.0,1132.0,0.0,1114.8,1098.36,1086.89,True,True,True,True,True,False,True,20617.0,1218.0,-7.06,False,0.81,0.88,1.05,False,2,True,6.95,1.25,False,False,,tv_wilder_rsi14_sma5_v1,55.3,52.95,True,False,2.35
4206,4206.T,アイカ工業,2023-09,CONTINUE,4,50.63,52.98,True,False,2.35,2023-06,3157.0,3337.0,3337.0,5.7,3078.2,3049.59,3108.59,True,True,True,False,True,True,False,156120.0,3360.0,-6.04,False,0.74,1.29,0.91,True,1,True,4.34,2.32,False,False,,tv_wilder_rsi14_sma5_v1,52.98,50.63,False,True,2.35
4496,4496.T,コマースＯｎｅホールディングス,2023-09,NEW,1,35.13,37.48,True,True,2.35,2023-09,718.0,718.0,718.0,0.0,655.68,658.96,718.97,True,True,False,False,True,False,False,31197.0,1000.0,-28.2,False,0.89,3.38,1.51,False,4,True,-0.29,8.88,False,False,,tv_wilder_rsi14_sma5_v1,37.48,35.13,True,True,2.35
7917,7917.T,ＺＡＣＲＯＳ,2023-09,CONTINUE,9,51.08,53.43,True,False,2.35,2023-01,830.0,928.75,928.75,11.9,786.7,788.22,842.63,True,True,False,False,False,False,False,108880.0,1087.5,-23.68,False,1.02,1.75,1.06,False,4,True,-3.67,4.4,False,False,,tv_wilder_rsi14_sma5_v1,53.43,51.08,False,True,2.35
1951,1951.T,エクシオグループ,2023-09,CONTINUE,12,67.03,69.37,True,False,2.34,2022-10,1089.5,1532.0,1532.0,40.61,1079.68,1078.92,1102.21,True,True,False,False,True,True,False,760747.0,1366.5,-20.27,False,0.92,1.31,0.76,True,4,True,-5.81,0.3,False,False,,tv_wilder_rsi14_sma5_v1,69.37,67.03,False,True,2.34
1997,1997.T,暁飯島工業,2023-09,CONTINUE,4,47.68,50.02,True,True,2.34,2023-06,1389.0,1408.0,1408.0,1.37,1328.44,1344.11,1357.25,True,True,True,False,True,False,False,1220.0,1455.0,-4.54,False,0.82,1.37,1.06,False,1,True,1.42,1.53,False,False,,tv_wilder_rsi14_sma5_v1,50.02,47.68,True,True,2.34
2292,2292.T,Ｓ　Ｆｏｏｄｓ,2023-09,CONTINUE,6,54.72,57.06,True,False,2.34,2023-04,3020.0,3345.0,3345.0,10.76,2893.96,2852.43,2909.16,True,True,True,False,True,False,False,40973.0,3295.0,-8.35,False,0.82,1.67,1.28,False,3,True,3.7,4.37,False,False,,tv_wilder_rsi14_sma5_v1,57.06,54.72,False,True,2.34
4516,4516.T,日本新薬,2023-09,CONTINUE,2,40.78,43.12,True,False,2.34,2023-08,6399.0,6329.0,6329.0,-1.09,5954.04,6055.25,6490.57,True,True,False,False,True,False,False,611280.0,8880.0,-27.94,False,2.25,2.72,1.03,False,4,True,-8.1,3.38,True,False,,tv_wilder_rsi14_sma5_v1,43.12,40.78,False,True,2.34
6093,6093.T,ミトラグループ,2023-09,CONTINUE,2,36.85,39.19,True,True,2.34,2023-08,140.0,146.0,146.0,4.29,138.92,142.35,146.29,True,False,False,False,False,False,False,85187.0,169.0,-17.16,False,0.87,1.17,0.86,True,4,False,-6.47,0.17,False,False,,tv_wilder_rsi14_sma5_v1,39.19,36.85,True,True,2.34
6643,6643.T,戸上電機製作所,2023-09,CONTINUE,10,70.07,72.41,True,False,2.34,2022-12,1721.0,2153.0,2153.0,25.1,1701.84,1704.39,1716.83,True,True,True,False,True,False,False,1830.0,1785.0,-3.59,False,1.04,0.56,0.99,True,3,True,0.18,0.77,True,False,,tv_wilder_rsi14_sma5_v1,72.41,70.07,False,True,2.34
3167,3167.T,ＴＯＫＡＩホールディングス,2023-09,CONTINUE,4,52.81,55.14,True,False,2.33,2023-06,901.0,926.0,926.0,2.77,881.96,876.73,873.34,True,True,True,True,True,True,False,205410.0,914.0,-1.42,False,0.94,0.87,0.98,True,1,True,3.99,1.67,False,False,,tv_wilder_rsi14_sma5_v1,55.14,52.81,False,True,2.33
6440,6440.T,ＪＵＫＩ,2023-09,CONTINUE,2,42.35,44.68,True,False,2.33,2023-08,624.0,618.0,618.0,-0.96,587.76,583.05,613.93,True,True,True,False,True,False,False,240270.0,739.0,-15.56,False,0.83,1.99,0.86,True,3,True,0.5,5.51,False,False,,tv_wilder_rsi14_sma5_v1,44.68,42.35,False,True,2.33
8935,8935.T,ＦＪネクストホールディングス,2023-09,CONTINUE,3,53.2,55.53,True,False,2.33,2023-07,1041.0,1049.0,1049.0,0.77,1020.8,1017.84,996.39,True,True,True,True,True,True,False,46500.0,1097.0,-5.1,False,0.93,0.95,0.97,True,1,True,1.5,-0.04,False,False,,tv_wilder_rsi14_sma5_v1,55.53,53.2,False,True,2.33
2673,2673.T,夢みつけ隊,2023-09,CONTINUE,5,45.89,48.21,True,True,2.32,2023-05,110.0,114.0,114.0,3.64,110.6,110.89,112.48,False,False,False,False,True,False,False,27117.0,128.0,-14.06,False,0.66,1.75,1.16,False,4,False,-2.73,-0.29,False,False,,tv_wilder_rsi14_sma5_v1,48.21,45.89,True,True,2.32
1515,1515.T,日鉄鉱業,2023-09,CONTINUE,4,70.59,72.9,True,False,2.31,2023-06,895.0,1002.0,1002.0,11.96,801.88,752.64,683.71,True,True,True,True,True,True,True,221017.0,886.0,1.02,True,1.05,2.71,1.06,False,2,True,44.37,10.23,False,True,BREAKOUT,tv_wilder_rsi14_sma5_v1,72.9,70.59,False,True,2.31
4766,4766.T,ピーエイ,2023-09,CONTINUE,3,46.49,48.8,True,True,2.31,2023-07,162.0,168.0,168.0,3.7,161.08,161.92,165.03,True,True,False,False,False,False,False,14190.0,235.0,-31.06,False,0.99,1.32,1.15,False,4,False,-3.33,-0.28,False,False,,tv_wilder_rsi14_sma5_v1,48.8,46.49,True,True,2.31
9438,9438.T,エムティーアイ,2023-09,CONTINUE,2,51.26,53.58,True,True,2.31,2023-08,571.0,611.0,611.0,7.01,553.04,585.73,547.86,True,False,True,False,False,True,True,29357.0,669.0,-14.65,False,1.01,1.99,0.94,True,2,True,3.85,0.41,False,False,,tv_wilder_rsi14_sma5_v1,53.58,51.26,True,True,2.31
1491,1491.T,中外鉱業,2023-09,NEW,1,50.39,52.69,False,True,2.3,2023-09,620.0,620.0,620.0,0.0,610.4,601.07,614.0,True,True,True,False,True,True,True,27138.0,720.0,-13.89,False,0.53,4.38,0.79,True,1,False,4.23,-0.72,False,False,,tv_wilder_rsi14_sma5_v1,52.69,50.39,True,False,2.3
5918,5918.T,瀧上工業,2023-09,NEW,1,67.38,69.68,True,True,2.3,2023-09,8400.0,8400.0,8400.0,0.0,8126.0,7979.47,7818.05,True,True,True,True,True,True,True,330.0,8400.0,0.0,False,0.79,1.04,0.96,True,2,True,8.88,0.85,False,False,,tv_wilder_rsi14_sma5_v1,69.68,67.38,True,True,2.3
7878,7878.T,光・彩,2023-09,NEW,1,56.12,58.42,True,True,2.3,2023-09,1557.5,1557.5,1557.5,0.0,1506.9,1404.17,1366.94,True,True,True,True,True,True,False,57787.0,2462.5,-36.75,False,1.69,9.58,0.84,True,1,True,7.38,5.85,False,False,,tv_wilder_rsi14_sma5_v1,58.42,56.12,True,True,2.3
3928,3928.T,マイネット,2023-09,CONTINUE,2,34.2,36.49,True,False,2.29,2023-08,363.0,361.0,361.0,-0.55,335.0,332.69,362.01,True,True,True,False,True,True,False,57283.0,546.0,-33.52,False,1.87,4.05,1.23,False,3,True,-6.39,3.75,True,False,,tv_wilder_rsi14_sma5_v1,36.49,34.2,False,True,2.29
9876,9876.T,コックス,2023-09,CONTINUE,2,50.59,52.88,True,False,2.29,2023-08,175.0,174.0,174.0,-0.57,164.96,160.51,164.62,True,True,True,False,True,True,False,47530.0,204.0,-14.22,False,1.01,1.8,1.13,False,1,True,11.92,2.92,False,False,,tv_wilder_rsi14_sma5_v1,52.88,50.59,False,True,2.29
8344,8344.T,山形銀行,2023-09,CONTINUE,3,50.59,52.87,True,True,2.28,2023-07,1136.0,1136.0,1136.0,0.0,1068.28,1072.09,1115.73,True,True,True,False,True,True,True,59453.0,1330.0,-14.59,False,1.07,1.96,1.0,False,2,True,7.18,0.92,True,False,,tv_wilder_rsi14_sma5_v1,52.87,50.59,True,True,2.28
3080,3080.T,ジェーソン,2023-09,CONTINUE,4,51.46,53.73,True,False,2.27,2023-06,512.0,540.0,540.0,5.47,499.8,509.36,514.6,True,True,False,False,False,False,False,7817.0,606.0,-15.51,False,0.32,1.58,0.82,True,1,False,-0.09,1.04,False,False,,tv_wilder_rsi14_sma5_v1,53.73,51.46,False,True,2.27
9060,9060.T,日本ロジテム,2023-09,CONTINUE,4,52.42,54.69,True,True,2.27,2023-06,3440.0,3535.0,3535.0,2.76,3409.6,3404.53,3368.97,True,True,True,True,True,False,True,250.0,3495.0,-1.57,False,0.72,0.44,1.08,False,2,True,3.34,0.36,False,False,,tv_wilder_rsi14_sma5_v1,54.69,52.42,True,True,2.27
7482,7482.T,シモジマ,2023-09,CONTINUE,8,52.74,55.0,True,False,2.26,2023-02,1029.0,1161.0,1161.0,12.83,981.4,957.05,988.22,True,True,True,False,True,False,True,38253.0,1149.0,-10.44,False,1.28,2.12,0.88,True,2,True,3.18,3.26,False,False,,tv_wilder_rsi14_sma5_v1,55.0,52.74,False,True,2.26
8705,8705.T,日産証券グループ,2023-09,CONTINUE,2,52.53,54.79,True,False,2.26,2023-08,164.0,163.0,163.0,-0.61,156.28,153.89,154.68,True,True,True,False,True,False,True,35543.0,190.0,-13.68,False,1.62,2.13,1.12,False,2,True,10.46,2.94,False,False,,tv_wilder_rsi14_sma5_v1,54.79,52.53,False,True,2.26
2908,2908.T,フジッコ,2023-09,CONTINUE,4,48.03,50.27,True,False,2.24,2023-06,1883.0,1928.0,1928.0,2.39,1902.92,1891.71,1892.23,False,False,False,False,False,True,False,46530.0,2030.0,-7.24,False,0.91,0.96,0.94,True,4,False,-0.62,-0.66,False,False,,tv_wilder_rsi14_sma5_v1,50.27,48.03,False,True,2.24
7531,7531.T,清和中央ホールディングス,2023-09,NEW,1,29.38,31.62,False,True,2.24,2023-09,1449.0,1449.0,1449.0,0.0,1436.28,1419.25,1492.09,True,True,False,False,True,False,False,450.0,1789.0,-19.01,False,0.22,0.43,0.81,True,1,False,-3.07,0.26,False,False,,tv_wilder_rsi14_sma5_v1,31.62,29.38,True,False,2.24
7681,7681.T,レオクラン,2023-09,CONTINUE,4,47.99,50.23,True,True,2.24,2023-06,858.33,919.67,919.67,7.15,853.05,848.81,816.13,True,True,True,True,True,True,True,1210.0,933.0,-8.0,False,1.04,1.23,1.71,False,2,True,0.7,-1.56,False,False,,tv_wilder_rsi14_sma5_v1,50.23,47.99,True,True,2.24
9193,9193.T,東京汽船,2023-09,CONTINUE,9,63.21,65.45,True,False,2.24,2023-01,476.0,624.0,624.0,31.09,463.92,460.36,486.88,True,True,False,False,True,False,False,7963.0,623.0,-23.6,False,0.6,1.25,1.21,False,4,True,-5.15,2.19,False,False,,tv_wilder_rsi14_sma5_v1,65.45,63.21,False,True,2.24
2612,2612.T,かどや製油,2023-09,CONTINUE,2,38.79,41.02,False,True,2.23,2023-08,1158.33,1166.67,1166.67,0.72,1152.8,1152.36,1168.8,True,True,False,False,True,False,False,23520.0,1223.33,-5.31,False,0.9,0.48,0.99,True,1,True,-1.32,0.59,False,False,,tv_wilder_rsi14_sma5_v1,41.02,38.79,True,False,2.23
9075,9075.T,福山通運,2023-09,NEW,1,51.3,53.52,True,True,2.23,2023-09,3930.0,3930.0,3930.0,0.0,3744.8,3818.07,3539.02,True,True,True,False,False,True,True,65927.0,4155.0,-5.42,False,1.11,2.15,1.02,False,2,True,10.42,0.75,False,False,,tv_wilder_rsi14_sma5_v1,53.52,51.3,True,True,2.23
2410,2410.T,キャリアデザインセンター,2023-09,CONTINUE,2,56.66,58.88,False,False,2.22,2023-08,2088.0,1948.0,1948.0,-6.7,1975.0,1718.2,1765.39,True,True,True,False,True,True,True,121147.0,2315.0,-9.81,False,0.38,3.16,0.98,True,2,True,29.84,1.67,False,False,,tv_wilder_rsi14_sma5_v1,58.88,56.66,False,False,2.22
7177,7177.T,ＧＭＯフィナンシャルホールディングス,2023-09,CONTINUE,9,51.6,53.81,True,False,2.22,2023-01,552.0,726.0,726.0,31.52,535.52,561.55,693.09,True,False,False,False,True,False,False,358423.0,873.0,-36.77,False,1.1,2.21,1.24,False,4,False,-21.53,4.03,False,False,,tv_wilder_rsi14_sma5_v1,53.81,51.6,False,True,2.22
8566,8566.T,リコーリース,2023-09,CONTINUE,4,64.27,66.49,True,True,2.22,2023-06,4205.0,4385.0,4385.0,4.28,4014.6,3931.13,3797.6,True,True,True,True,True,True,True,51027.0,4255.0,-1.18,False,0.78,1.47,1.09,False,2,True,14.34,3.84,False,False,,tv_wilder_rsi14_sma5_v1,66.49,64.27,True,True,2.22
1814,1814.T,大末建設,2023-09,CONTINUE,6,59.23,61.44,True,False,2.21,2023-04,1225.0,1452.0,1452.0,18.53,1166.12,1168.68,1291.99,True,True,False,False,False,True,False,34250.0,1626.0,-24.66,False,2.14,1.06,1.1,False,4,True,-7.04,1.0,True,False,,tv_wilder_rsi14_sma5_v1,61.44,59.23,False,True,2.21
3178,3178.T,チムニー,2023-09,CONTINUE,9,52.86,55.06,True,False,2.2,2023-01,1140.0,1431.0,1431.0,25.53,1113.8,1116.67,1168.82,True,True,False,False,False,False,False,19517.0,1261.0,-9.6,False,1.11,1.0,1.06,False,4,True,-0.07,1.83,False,False,,tv_wilder_rsi14_sma5_v1,55.06,52.86,False,True,2.2
4627,4627.T,ナトコ,2023-09,NEW,1,52.14,54.34,False,True,2.2,2023-09,1549.0,1549.0,1549.0,0.0,1497.44,1493.65,1520.97,True,True,True,False,True,True,False,3780.0,1700.0,-8.88,False,1.13,1.2,1.23,False,3,True,1.23,0.78,False,False,,tv_wilder_rsi14_sma5_v1,54.34,52.14,True,False,2.2
2590,2590.T,ダイドーグループホールディングス,2023-09,CONTINUE,8,55.35,57.54,True,False,2.19,2023-02,2380.0,2755.0,2755.0,15.76,2377.5,2369.53,2415.07,True,True,False,False,True,True,False,94200.0,2630.0,-9.51,False,0.43,1.2,0.97,True,4,True,-2.85,-0.8,False,False,,tv_wilder_rsi14_sma5_v1,57.54,55.35,False,True,2.19
9946,9946.T,ミニストップ,2023-09,CONTINUE,6,51.31,53.48,True,True,2.18,2023-04,1412.0,1466.0,1466.0,3.82,1406.56,1401.68,1420.03,True,True,False,False,True,False,False,42010.0,1500.0,-5.87,False,0.9,0.56,0.89,True,4,True,0.13,0.75,False,False,,tv_wilder_rsi14_sma5_v1,53.48,51.31,True,True,2.18
4676,4676.T,フジ・メディア・ホールディングス,2023-09,CONTINUE,11,69.38,71.55,True,True,2.17,2022-11,1077.0,1602.0,1602.0,48.75,1044.04,1074.39,1130.36,True,True,False,False,False,False,False,565363.0,1310.0,-17.79,False,1.24,1.34,1.02,False,4,True,-7.49,1.77,False,False,,tv_wilder_rsi14_sma5_v1,71.55,69.38,True,True,2.17
6033,6033.T,エクストリーム,2023-09,CONTINUE,3,51.78,53.95,True,True,2.17,2023-07,1310.0,1370.0,1370.0,4.58,1291.68,1312.32,1292.22,True,False,True,False,False,False,False,8513.0,1500.0,-12.67,False,0.8,1.94,0.96,True,3,True,-0.12,-1.02,False,False,,tv_wilder_rsi14_sma5_v1,53.95,51.78,True,True,2.17
9073,9073.T,京極運輸商事,2023-09,CONTINUE,6,50.64,52.81,True,False,2.17,2023-04,575.0,633.0,633.0,10.09,576.12,567.69,598.27,False,True,False,False,True,True,False,803.0,709.0,-18.9,False,0.57,1.01,0.9,True,4,True,-3.11,-0.59,False,False,,tv_wilder_rsi14_sma5_v1,52.81,50.64,False,True,2.17
3372,3372.T,関門海,2023-09,CONTINUE,9,59.95,62.11,True,False,2.16,2023-01,223.0,319.0,319.0,43.05,211.32,211.15,215.47,True,True,True,False,True,False,False,18423.0,238.0,-6.3,False,1.07,1.15,1.16,False,3,True,2.92,2.93,True,False,,tv_wilder_rsi14_sma5_v1,62.11,59.95,False,True,2.16
8362,8362.T,福井銀行,2023-09,CONTINUE,3,49.69,51.85,True,False,2.16,2023-07,1585.0,1554.0,1554.0,-1.96,1478.4,1461.77,1493.14,True,True,True,False,True,False,True,29473.0,1779.0,-10.91,False,0.99,1.7,1.12,False,2,True,9.36,2.74,False,False,,tv_wilder_rsi14_sma5_v1,51.85,49.69,False,True,2.16
9142,9142.T,九州旅客鉄道,2023-09,CONTINUE,4,59.83,61.99,True,True,2.16,2023-06,3097.0,3179.0,3179.0,2.65,3057.34,3045.31,2999.09,True,True,True,True,False,True,True,664043.0,3235.0,-4.27,False,0.77,1.28,1.1,False,1,True,5.53,0.84,False,False,,tv_wilder_rsi14_sma5_v1,61.99,59.83,True,True,2.16
5446,5446.T,北越メタル,2023-09,NEW,1,64.22,66.36,True,True,2.15,2023-09,1656.0,1656.0,1656.0,0.0,1623.16,1593.77,1580.67,True,True,True,True,True,True,True,5823.0,1996.0,-17.03,False,1.71,3.16,1.6,False,2,True,10.57,0.73,False,False,,tv_wilder_rsi14_sma5_v1,66.36,64.22,True,True,2.15
6578,6578.T,コレックホールディングス,2023-09,CONTINUE,9,57.17,59.32,True,True,2.15,2023-01,197.0,366.0,366.0,85.79,188.64,200.53,216.25,True,False,False,False,False,False,False,38163.0,360.0,-45.28,False,0.41,5.58,1.02,False,4,True,-11.91,5.54,False,False,,tv_wilder_rsi14_sma5_v1,59.32,57.17,True,True,2.15
2790,2790.T,ナフコ,2023-09,CONTINUE,4,56.35,58.48,True,True,2.14,2023-06,1897.0,1922.0,1922.0,1.32,1821.36,1802.87,1686.65,True,True,True,True,True,True,True,20417.0,1940.0,-2.22,False,1.04,1.77,1.1,False,2,True,16.05,4.11,False,False,,tv_wilder_rsi14_sma5_v1,58.48,56.35,True,True,2.14
3673,3673.T,ブロードリーフ,2023-09,CONTINUE,4,50.69,52.82,True,False,2.13,2023-06,230.0,250.5,250.5,8.91,218.36,211.55,228.27,True,True,True,False,True,True,False,865700.0,277.5,-17.12,False,0.79,3.17,1.05,False,3,True,6.24,4.06,False,False,,tv_wilder_rsi14_sma5_v1,52.82,50.69,False,True,2.13
9994,9994.T,やまや,2023-09,CONTINUE,4,63.05,65.18,True,False,2.13,2023-06,2719.0,2909.0,2909.0,6.99,2657.04,2650.73,2568.66,True,True,True,True,False,True,True,7027.0,2770.0,-1.84,False,0.87,0.71,0.89,True,2,True,6.79,1.29,False,False,,tv_wilder_rsi14_sma5_v1,65.18,63.05,False,True,2.13
4617,4617.T,中国塗料,2023-09,CONTINUE,4,63.64,65.76,False,False,2.12,2023-06,1212.0,1355.0,1355.0,11.8,1136.48,1115.81,1035.09,True,True,True,True,True,True,True,143733.0,1222.0,-0.82,False,1.51,2.1,1.09,False,2,True,26.89,5.5,False,False,,tv_wilder_rsi14_sma5_v1,65.76,63.64,False,False,2.12
9861,9861.T,吉野家ホールディングス,2023-09,CONTINUE,9,66.2,68.32,True,False,2.12,2023-01,2380.0,2816.0,2816.0,18.32,2304.4,2309.09,2386.24,True,True,False,False,False,False,False,320310.0,2622.0,-9.23,False,1.07,1.23,0.8,True,4,True,0.4,1.3,False,False,,tv_wilder_rsi14_sma5_v1,68.32,66.2,False,True,2.12
3538,3538.T,ウイルプラスホールディングス,2023-09,NEW,1,55.82,57.92,True,True,2.11,2023-09,1235.0,1235.0,1235.0,0.0,1193.36,1189.81,1142.13,True,True,True,True,True,True,True,39130.0,1356.0,-8.92,False,0.68,2.11,0.78,True,2,True,7.29,0.69,False,False,,tv_wilder_rsi14_sma5_v1,57.92,55.82,True,True,2.11
7555,7555.T,大田花き,2023-09,CONTINUE,4,56.34,58.45,True,False,2.11,2023-06,755.0,783.0,783.0,3.71,748.32,758.6,751.84,True,False,True,False,False,False,False,2297.0,1060.0,-28.77,False,0.43,0.61,0.82,True,3,False,1.13,0.82,False,False,,tv_wilder_rsi14_sma5_v1,58.45,56.34,False,True,2.11
9716,9716.T,乃村工藝社,2023-09,NEW,1,48.72,50.83,True,True,2.11,2023-09,954.0,954.0,954.0,0.0,878.84,905.17,912.22,True,True,True,False,True,False,False,355930.0,1102.0,-13.43,False,2.08,2.05,1.13,False,3,True,0.5,3.24,True,False,,tv_wilder_rsi14_sma5_v1,50.83,48.72,True,True,2.11
1925,1925.T,大和ハウス工業,2023-09,CONTINUE,11,66.91,69.01,True,False,2.1,2022-11,3159.0,4015.0,4015.0,27.1,3095.2,3078.07,3142.61,True,True,True,False,True,False,False,1558343.0,3518.0,-10.2,False,0.84,1.67,0.97,True,3,True,-3.4,2.15,False,False,,tv_wilder_rsi14_sma5_v1,69.01,66.91,False,True,2.1
2325,2325.T,ＮＪＳ,2023-09,CONTINUE,9,79.67,81.77,True,False,2.1,2023-01,2179.0,3005.0,3005.0,37.91,2084.88,2056.33,2020.76,True,True,True,True,True,True,True,4857.0,2230.0,-2.29,False,1.95,1.3,1.38,False,1,True,8.63,2.24,False,False,,tv_wilder_rsi14_sma5_v1,81.77,79.67,False,True,2.1
3547,3547.T,ユニシアホールディングス,2023-09,NEW,1,45.01,47.1,True,True,2.09,2023-09,1670.0,1670.0,1670.0,0.0,1613.8,1611.65,1639.7,True,True,True,False,True,False,False,35187.0,1910.0,-12.57,False,1.32,1.46,1.12,False,3,True,-1.83,1.66,True,False,,tv_wilder_rsi14_sma5_v1,47.1,45.01,True,True,2.09
3549,3549.T,クスリのアオキホールディングス,2023-09,CONTINUE,5,58.46,60.55,True,False,2.09,2023-05,2306.67,2885.33,2885.33,25.09,2264.27,2246.71,2338.63,True,True,False,False,True,False,True,623080.0,2890.0,-20.18,False,0.46,2.79,1.28,False,1,True,3.61,1.73,False,False,,tv_wilder_rsi14_sma5_v1,60.55,58.46,False,True,2.09
5988,5988.T,パイオラックス,2023-09,CONTINUE,4,61.22,63.32,True,False,2.09,2023-06,2168.0,2288.0,2288.0,5.54,2030.64,1973.25,1874.09,True,True,True,True,True,True,True,131963.0,2179.0,-0.5,False,0.78,2.09,0.93,True,2,True,15.55,3.78,False,False,,tv_wilder_rsi14_sma5_v1,63.32,61.22,False,True,2.09
6118,6118.T,アイダエンジニアリング,2023-09,CONTINUE,7,55.95,58.05,True,False,2.09,2023-03,817.0,1003.0,1003.0,22.77,814.04,800.05,841.93,True,True,False,False,True,False,False,129847.0,1096.0,-25.46,False,1.02,1.83,0.91,True,4,False,-4.29,0.36,False,False,,tv_wilder_rsi14_sma5_v1,58.05,55.95,False,True,2.09
9723,9723.T,京都ホテル,2023-09,CONTINUE,2,57.39,59.47,False,True,2.09,2023-08,771.0,772.0,772.0,0.13,758.32,743.11,726.4,True,True,True,True,True,False,False,19623.0,840.0,-8.21,False,0.76,2.95,0.91,True,1,True,8.65,2.37,False,False,,tv_wilder_rsi14_sma5_v1,59.47,57.39,True,False,2.09
5986,5986.T,モリテック　スチール,2023-09,CONTINUE,3,47.35,49.43,True,False,2.08,2023-07,317.0,319.0,319.0,0.63,300.28,287.91,291.68,True,True,True,False,True,False,False,167557.0,432.0,-26.62,False,0.94,3.63,1.02,False,3,True,6.88,4.55,False,False,,tv_wilder_rsi14_sma5_v1,49.43,47.35,False,True,2.08
8508,8508.T,Ｊトラスト,2023-09,CONTINUE,4,49.54,51.62,True,True,2.08,2023-06,430.0,479.0,479.0,11.4,420.96,408.97,505.7,True,True,False,False,True,False,False,501943.0,755.0,-43.05,False,1.08,2.04,1.05,False,4,False,-8.96,2.13,False,False,,tv_wilder_rsi14_sma5_v1,51.62,49.54,True,True,2.08
1724,1724.T,シンクレイヤ,2023-09,CONTINUE,4,46.61,48.68,True,True,2.07,2023-06,654.0,689.0,689.0,5.35,629.6,639.53,627.01,True,True,True,False,False,False,False,6333.0,741.0,-11.74,False,0.91,1.56,1.0,True,3,True,4.39,2.75,False,False,,tv_wilder_rsi14_sma5_v1,48.68,46.61,True,True,2.07
2268,2268.T,Ｂ－Ｒ　サーティワン　アイスクリーム,2023-09,CONTINUE,2,60.94,63.0,True,True,2.06,2023-08,4130.0,4140.0,4140.0,0.24,4114.8,4125.27,4092.57,True,True,True,False,True,True,True,4210.0,4230.0,-2.36,False,0.34,0.37,0.84,True,2,False,1.23,0.14,False,False,,tv_wilder_rsi14_sma5_v1,63.0,60.94,True,True,2.06
4287,4287.T,ジャストプランニング,2023-09,NEW,1,46.63,48.68,True,True,2.06,2023-09,321.0,321.0,321.0,0.0,313.76,311.33,306.77,True,True,True,True,True,True,True,17100.0,335.0,-4.18,False,0.66,2.47,1.15,False,2,False,6.41,-0.36,False,False,,tv_wilder_rsi14_sma5_v1,48.68,46.63,True,True,2.06
7089,7089.T,フォースタートアップス,2023-09,CONTINUE,4,44.54,46.6,True,True,2.06,2023-06,882.0,938.5,938.5,6.41,842.16,857.47,1095.07,True,True,False,False,True,False,False,20800.0,1845.0,-52.2,False,0.57,4.22,1.13,False,4,True,-13.44,3.8,False,False,,tv_wilder_rsi14_sma5_v1,46.6,44.54,True,True,2.06
8570,8570.T,イオンフィナンシャルサービス,2023-09,CONTINUE,4,45.66,47.72,True,True,2.06,2023-06,1282.0,1288.5,1288.5,0.51,1249.98,1230.61,1329.98,True,True,False,False,True,False,False,782670.0,1521.0,-15.71,False,1.15,1.67,1.07,False,4,True,-1.88,1.27,False,False,,tv_wilder_rsi14_sma5_v1,47.72,45.66,True,True,2.06
9110,9110.T,ＮＳユナイテッド海運,2023-09,CONTINUE,3,52.06,54.12,False,False,2.06,2023-07,3830.0,3940.0,3940.0,2.87,3541.6,3623.67,3844.47,True,True,False,False,True,False,False,155410.0,5340.0,-28.28,False,1.55,2.06,1.11,False,1,True,-5.25,1.64,True,False,,tv_wilder_rsi14_sma5_v1,54.12,52.06,False,False,2.06
9835,9835.T,ジュンテンドー,2023-09,CONTINUE,3,45.88,47.94,True,True,2.06,2023-07,580.0,588.0,588.0,1.38,576.4,577.69,569.6,True,True,True,False,True,False,True,2070.0,618.0,-6.15,False,1.23,0.81,0.7,True,2,True,1.67,0.29,False,False,,tv_wilder_rsi14_sma5_v1,47.94,45.88,True,True,2.06
4502,4502.T,武田薬品工業,2023-09,NEW,1,62.79,64.83,False,True,2.05,2023-09,4641.0,4641.0,4641.0,0.0,4637.44,4506.97,4383.18,True,True,True,True,True,True,True,4237407.0,4873.0,-4.76,False,1.24,1.69,1.08,False,2,True,9.12,0.87,False,False,,tv_wilder_rsi14_sma5_v1,64.83,62.79,True,False,2.05
6875,6875.T,メガチップス,2023-09,CONTINUE,9,60.64,62.69,True,False,2.05,2023-01,2694.0,4180.0,4180.0,55.16,2537.12,2553.83,2888.94,True,True,False,False,False,False,False,83363.0,4755.0,-43.34,False,0.84,2.1,0.89,True,4,True,-13.88,3.82,False,False,,tv_wilder_rsi14_sma5_v1,62.69,60.64,False,True,2.05
7239,7239.T,タチエス,2023-09,CONTINUE,9,65.56,67.62,True,False,2.05,2023-01,1195.0,1702.0,1702.0,42.43,1134.28,1110.29,1117.02,True,True,True,False,True,False,True,89873.0,1273.0,-6.13,False,1.03,1.26,0.97,True,2,True,7.05,2.52,False,False,,tv_wilder_rsi14_sma5_v1,67.62,65.56,False,True,2.05
7381,7381.T,ＣＣＩグループ,2023-09,NEW,1,73.3,75.35,False,True,2.05,2023-09,520.0,520.0,520.0,0.0,538.36,480.04,454.91,False,True,True,True,True,True,True,879833.0,591.0,-12.01,False,0.93,4.15,1.08,False,2,False,19.38,1.11,False,False,,tv_wilder_rsi14_sma5_v1,75.35,73.3,True,False,2.05
6181,6181.T,タメニー,2023-09,CONTINUE,2,45.31,47.35,False,True,2.04,2023-08,114.0,120.0,120.0,5.26,106.96,108.87,114.88,True,True,False,False,False,False,False,677357.0,171.0,-33.33,False,4.84,5.7,1.39,False,1,True,3.17,8.84,False,False,,tv_wilder_rsi14_sma5_v1,47.35,45.31,True,False,2.04
9928,9928.T,ミロク情報サービス,2023-09,NEW,1,48.01,50.05,False,True,2.04,2023-09,1647.0,1647.0,1647.0,0.0,1590.68,1582.63,1599.35,True,True,True,False,True,True,True,62087.0,1881.0,-12.44,False,1.11,1.5,1.01,False,2,True,6.96,3.28,False,False,,tv_wilder_rsi14_sma5_v1,50.05,48.01,True,False,2.04
7752,7752.T,リコー,2023-09,NEW,1,59.67,61.69,True,True,2.02,2023-09,1290.5,1290.5,1290.5,0.0,1261.32,1235.82,1116.73,True,True,True,True,True,True,True,1814687.0,1353.5,-4.65,False,1.33,2.1,0.97,True,2,True,16.84,3.95,False,False,,tv_wilder_rsi14_sma5_v1,61.69,59.67,True,True,2.02
2003,2003.T,日東富士製粉,2023-09,CONTINUE,8,66.05,68.06,True,True,2.01,2023-02,1111.25,1225.0,1225.0,10.24,1095.65,1091.1,1114.86,True,True,False,False,True,False,True,13973.0,1230.0,-9.65,False,0.65,1.22,0.78,True,1,False,-0.46,-0.8,False,False,,tv_wilder_rsi14_sma5_v1,68.06,66.05,True,True,2.01
4707,4707.T,キタック,2023-09,CONTINUE,3,54.61,56.63,True,False,2.01,2023-07,340.0,344.0,344.0,1.18,345.2,322.6,306.52,False,True,True,True,True,True,True,281813.0,479.0,-29.02,False,0.13,4.96,0.47,True,2,False,19.04,-4.5,False,False,,tv_wilder_rsi14_sma5_v1,56.63,54.61,False,True,2.01
5950,5950.T,日本パワーファスニング,2023-09,NEW,1,48.47,50.49,True,True,2.01,2023-09,120.0,120.0,120.0,0.0,117.68,118.13,119.67,True,True,True,False,True,False,False,180363.0,140.0,-14.29,False,0.28,3.99,1.32,False,3,True,0.07,1.3,False,False,,tv_wilder_rsi14_sma5_v1,50.49,48.47,True,True,2.01
8766,8766.T,東京海上ホールディングス,2023-09,CONTINUE,5,71.19,73.19,True,True,2.01,2023-05,3144.0,3465.0,3465.0,10.21,2854.8,2754.68,2713.5,True,True,True,True,True,True,True,5318990.0,3122.0,0.7,True,1.42,2.15,1.2,False,2,True,15.21,4.19,True,False,,tv_wilder_rsi14_sma5_v1,73.19,71.19,True,True,2.01
1926,1926.T,ライト工業,2023-09,CONTINUE,4,55.95,57.95,True,True,2.0,2023-06,1982.0,2063.0,2063.0,4.09,1936.84,1960.4,1950.72,True,True,True,False,False,False,True,179897.0,2154.0,-7.99,False,0.88,1.52,0.93,True,1,True,3.9,1.21,False,False,,tv_wilder_rsi14_sma5_v1,57.95,55.95,True,True,2.0
3777,3777.T,環境フレンドリーホールディングス,2023-09,CONTINUE,2,57.95,59.94,False,False,1.99,2023-08,47.0,45.0,45.0,-4.26,43.48,39.09,39.37,True,True,True,False,True,False,True,1477947.0,67.0,-29.85,False,0.66,6.23,0.76,True,2,True,43.2,-2.55,False,False,,tv_wilder_rsi14_sma5_v1,59.94,57.95,False,False,1.99
1928,1928.T,積水ハウス,2023-09,CONTINUE,8,66.72,68.7,True,True,1.98,2023-02,2579.5,2977.0,2977.0,15.41,2501.4,2457.65,2404.92,True,True,True,True,True,True,True,2397907.0,2594.5,-0.58,False,0.77,1.14,1.0,True,2,True,6.31,0.9,False,False,,tv_wilder_rsi14_sma5_v1,68.7,66.72,True,True,1.98
3778,3778.T,さくらインターネット,2023-09,CONTINUE,8,68.52,70.5,True,True,1.98,2023-02,606.0,1218.0,1218.0,100.99,583.24,535.31,549.27,True,True,True,False,True,True,True,317953.0,718.0,-15.6,False,0.77,5.0,1.09,False,1,False,10.84,-0.43,False,False,,tv_wilder_rsi14_sma5_v1,70.5,68.52,True,True,1.98
6504,6504.T,富士電機,2023-09,CONTINUE,6,63.22,65.19,True,False,1.97,2023-04,5450.0,6746.0,6746.0,23.78,5135.0,5167.33,5464.73,True,True,False,False,False,False,False,726523.0,6390.0,-14.71,False,1.59,1.81,1.05,False,4,True,0.49,0.67,True,False,,tv_wilder_rsi14_sma5_v1,65.19,63.22,False,True,1.97
7565,7565.T,萬世電機,2023-09,NEW,1,50.59,52.56,True,True,1.97,2023-09,3250.0,3250.0,3250.0,0.0,3174.8,3161.27,3164.08,True,True,True,False,True,True,True,917.0,4100.0,-20.73,False,0.74,1.46,0.92,True,1,True,-1.56,-0.94,False,False,,tv_wilder_rsi14_sma5_v1,52.56,50.59,True,True,1.97
2485,2485.T,ティア,2023-09,CONTINUE,4,48.62,50.58,True,False,1.96,2023-06,458.0,457.0,457.0,-0.22,441.0,440.21,431.19,True,True,True,True,False,True,True,31360.0,468.0,-2.14,False,1.1,1.28,1.29,False,2,True,6.64,2.65,False,False,,tv_wilder_rsi14_sma5_v1,50.58,48.62,False,True,1.96
4685,4685.T,菱友システムズ,2023-09,CONTINUE,6,62.72,64.67,True,True,1.96,2023-04,1122.5,1287.0,1287.0,14.65,1080.24,1069.41,1083.69,True,True,True,False,True,True,True,2480.0,1309.5,-14.28,False,1.81,1.22,1.43,False,1,True,9.4,3.17,False,False,,tv_wilder_rsi14_sma5_v1,64.67,62.72,True,True,1.96
6155,6155.T,高松機械工業,2023-09,NEW,1,36.96,38.91,False,True,1.96,2023-09,537.0,537.0,537.0,0.0,538.6,536.6,545.72,False,True,False,False,True,True,False,6573.0,640.0,-16.09,False,1.26,2.55,1.06,False,1,True,-2.37,0.46,False,False,,tv_wilder_rsi14_sma5_v1,38.91,36.96,True,False,1.96
4931,4931.T,新日本製薬,2023-09,CONTINUE,4,46.98,48.93,True,False,1.95,2023-06,1416.0,1528.0,1528.0,7.91,1400.44,1412.79,1432.6,True,True,False,False,True,False,False,30793.0,1852.0,-23.54,False,0.89,0.97,0.93,True,4,True,-1.55,0.78,False,False,,tv_wilder_rsi14_sma5_v1,48.93,46.98,False,True,1.95
8046,8046.T,丸藤シートパイル,2023-09,CONTINUE,11,72.65,74.59,True,True,1.95,2022-11,385.8,474.6,474.6,23.02,385.45,386.39,387.14,True,False,False,False,False,True,False,6200.0,406.8,-5.16,False,1.4,0.63,1.39,False,4,False,-1.42,0.58,False,False,,tv_wilder_rsi14_sma5_v1,74.59,72.65,True,True,1.95
8572,8572.T,アコム,2023-09,CONTINUE,4,47.13,49.09,True,True,1.95,2023-06,348.8,348.8,348.8,0.0,336.72,329.37,323.31,True,True,True,True,True,True,True,2035013.0,363.0,-3.91,False,0.6,2.12,1.14,False,2,True,9.77,4.19,False,False,,tv_wilder_rsi14_sma5_v1,49.09,47.13,True,True,1.95
4174,4174.T,アピリッツ,2023-09,CONTINUE,5,38.38,40.32,True,True,1.94,2023-05,1064.0,1130.0,1130.0,6.2,1049.4,1076.88,1147.82,True,False,False,False,True,False,True,26373.0,1508.0,-29.44,False,0.52,4.2,1.16,False,1,True,-10.12,-1.17,False,False,,tv_wilder_rsi14_sma5_v1,40.32,38.38,True,True,1.94
4889,4889.T,レナサイエンス,2023-09,CONTINUE,7,40.96,42.9,True,False,1.94,2023-03,448.0,517.0,517.0,15.4,437.72,388.43,363.26,True,True,True,True,True,True,True,147997.0,565.0,-20.71,False,0.9,7.46,1.18,False,1,False,17.67,4.13,False,False,,tv_wilder_rsi14_sma5_v1,42.9,40.96,False,True,1.94
8255,8255.T,アクシアル　リテイリング,2023-09,CONTINUE,4,52.04,53.98,True,False,1.94,2023-06,902.5,936.25,936.25,3.74,875.0,861.07,853.47,True,True,True,True,True,True,True,142107.0,931.25,-3.09,False,0.6,1.94,0.97,True,2,True,10.27,3.76,False,False,,tv_wilder_rsi14_sma5_v1,53.98,52.04,False,True,1.94
2480,2480.T,システム・ロケーション,2023-09,CONTINUE,2,42.3,44.22,True,True,1.93,2023-08,1392.0,1417.0,1417.0,1.8,1389.0,1392.81,1453.57,True,False,False,False,False,False,False,2813.0,1767.0,-21.22,False,0.17,1.35,0.73,True,4,False,-6.35,1.88,False,False,,tv_wilder_rsi14_sma5_v1,44.22,42.3,True,True,1.93
6363,6363.T,酉島製作所,2023-09,CONTINUE,4,74.18,76.12,True,True,1.93,2023-06,1897.0,1902.0,1902.0,0.26,1688.52,1613.28,1502.68,True,True,True,True,True,True,True,93670.0,1915.0,-0.94,False,1.88,2.41,1.15,False,2,True,34.02,8.18,False,False,,tv_wilder_rsi14_sma5_v1,76.12,74.18,True,True,1.93
2698,2698.T,キャンドゥ,2023-09,CONTINUE,4,64.3,66.22,True,False,1.92,2023-06,2476.0,2704.0,2704.0,9.21,2424.72,2431.68,2304.91,True,True,True,False,True,True,True,18300.0,2544.0,-2.67,False,1.0,0.92,1.1,False,2,True,7.57,1.26,False,False,,tv_wilder_rsi14_sma5_v1,66.22,64.3,False,True,1.92
4635,4635.T,東京インキ,2023-09,CONTINUE,3,60.15,62.06,True,True,1.92,2023-07,556.2,570.0,570.0,2.48,555.28,546.2,560.99,True,True,False,False,True,False,True,8067.0,634.0,-12.27,False,1.19,1.03,1.09,False,1,True,4.97,-1.03,False,False,,tv_wilder_rsi14_sma5_v1,62.06,60.15,True,True,1.92
8008,8008.T,ヨンドシーホールディングス,2023-09,CONTINUE,4,52.57,54.49,True,True,1.92,2023-06,1797.0,1886.0,1886.0,4.95,1781.12,1780.49,1760.9,True,True,True,True,False,True,False,49070.0,1871.0,-3.96,False,0.89,0.73,0.87,True,1,False,1.4,0.24,False,False,,tv_wilder_rsi14_sma5_v1,54.49,52.57,True,True,1.92
8908,8908.T,毎日コムネット,2023-09,NEW,1,52.56,54.48,False,True,1.92,2023-09,766.0,766.0,766.0,0.0,765.24,746.13,746.33,True,True,True,False,True,False,True,15693.0,847.0,-9.56,False,0.63,1.71,1.07,False,2,True,6.92,0.08,False,False,,tv_wilder_rsi14_sma5_v1,54.48,52.56,True,False,1.92
7038,7038.T,フロンティア・マネジメント,2023-09,CONTINUE,5,51.08,53.0,True,True,1.91,2023-05,1108.0,1383.0,1383.0,24.82,1044.84,1067.4,1222.54,True,True,False,False,True,False,False,97250.0,1593.0,-30.45,False,0.83,4.98,1.07,False,4,True,-10.83,5.99,False,False,,tv_wilder_rsi14_sma5_v1,53.0,51.08,True,True,1.91
8051,8051.T,山善,2023-09,CONTINUE,4,58.6,60.51,True,True,1.91,2023-06,1105.0,1176.0,1176.0,6.43,1093.04,1050.95,1013.52,True,True,True,True,True,True,True,136170.0,1169.0,-5.47,False,0.9,1.79,1.01,False,2,True,13.29,2.19,False,False,,tv_wilder_rsi14_sma5_v1,60.51,58.6,True,True,1.91
4265,4265.T,Ｉｎｓｔｉｔｕｔｉｏｎ　ｆｏｒ　ａ　Ｇｌｏｂａｌ　Ｓｏｃｉｅｔｙ,2023-09,CONTINUE,4,18.99,20.88,True,True,1.89,2023-06,474.0,469.0,469.0,-1.05,458.72,467.69,534.12,True,True,False,False,True,False,False,11307.0,860.0,-44.88,False,0.85,2.65,1.21,False,4,True,-14.51,4.19,False,False,,tv_wilder_rsi14_sma5_v1,20.88,18.99,True,True,1.89
6331,6331.T,三菱化工機,2023-09,CONTINUE,9,63.26,65.15,True,True,1.89,2023-01,729.33,924.67,924.67,26.78,697.23,697.09,695.68,True,True,True,True,True,False,True,66500.0,784.67,-7.05,False,1.07,1.38,1.11,False,2,True,6.01,2.84,False,False,,tv_wilder_rsi14_sma5_v1,65.15,63.26,True,True,1.89
2804,2804.T,ブルドックソース,2023-09,CONTINUE,3,56.89,58.76,True,True,1.87,2023-07,2077.0,2083.0,2083.0,0.29,1957.56,1979.95,1880.95,True,True,True,False,False,True,True,15853.0,2108.0,-1.47,False,2.23,1.85,1.18,False,2,True,10.54,1.68,False,False,,tv_wilder_rsi14_sma5_v1,58.76,56.89,True,True,1.87
4430,4430.T,東海ソフト,2023-09,NEW,1,53.02,54.9,True,True,1.87,2023-09,1122.0,1122.0,1122.0,0.0,1091.52,1085.47,1005.9,True,True,True,True,True,True,True,15290.0,1175.0,-4.51,False,1.3,1.26,0.96,True,2,True,13.23,-0.41,False,False,,tv_wilder_rsi14_sma5_v1,54.9,53.02,True,True,1.87
4762,4762.T,エックスネット,2023-09,CONTINUE,4,54.93,56.8,True,False,1.87,2023-06,1030.0,1041.0,1041.0,1.07,1024.04,1012.35,1008.22,True,True,True,True,True,False,True,9720.0,1140.0,-9.65,False,0.25,1.66,0.58,True,2,True,2.15,0.93,False,False,,tv_wilder_rsi14_sma5_v1,56.8,54.93,False,True,1.87
5956,5956.T,トーソー,2023-09,CONTINUE,4,56.52,58.4,True,True,1.87,2023-06,529.0,537.0,537.0,1.51,518.16,518.93,505.7,True,True,True,False,True,True,True,3373.0,539.0,-1.86,False,1.8,1.58,1.13,False,2,True,4.65,0.45,False,False,,tv_wilder_rsi14_sma5_v1,58.4,56.52,True,True,1.87
5975,5975.T,東プレ,2023-09,CONTINUE,9,61.1,62.97,True,False,1.87,2023-01,1262.0,1697.0,1697.0,34.47,1167.96,1187.72,1130.47,True,True,True,False,False,False,True,81913.0,1316.0,-4.1,False,0.99,1.89,1.1,False,2,True,9.19,2.24,False,False,,tv_wilder_rsi14_sma5_v1,62.97,61.1,False,True,1.87
4996,4996.T,クミアイ化学工業,2023-09,CONTINUE,6,58.3,60.16,True,False,1.86,2023-04,901.0,1108.0,1108.0,22.97,863.24,859.45,936.45,True,True,False,False,True,False,False,371297.0,1220.0,-26.15,False,1.4,1.74,1.08,False,4,True,-2.44,2.66,False,False,,tv_wilder_rsi14_sma5_v1,60.16,58.3,False,True,1.86
5714,5714.T,ＤＯＷＡホールディングス,2023-09,CONTINUE,4,50.26,52.12,True,False,1.86,2023-06,4546.0,4651.0,4651.0,2.31,4400.24,4349.55,4529.33,True,True,True,False,True,False,False,299040.0,5610.0,-18.97,False,0.8,2.22,0.89,True,3,True,2.25,3.05,False,False,,tv_wilder_rsi14_sma5_v1,52.12,50.26,False,True,1.86
3529,3529.T,アツギ,2023-09,CONTINUE,10,39.47,41.31,True,False,1.85,2022-12,394.0,437.0,437.0,10.91,387.6,379.75,459.18,True,True,False,False,True,False,False,66427.0,625.0,-36.96,False,0.84,2.65,1.43,False,4,True,-15.57,3.85,False,False,,tv_wilder_rsi14_sma5_v1,41.31,39.47,False,True,1.85
4968,4968.T,荒川化学工業,2023-09,CONTINUE,4,42.67,44.52,True,True,1.85,2023-06,998.0,1017.0,1017.0,1.9,991.76,992.53,990.57,True,True,True,False,False,False,False,33257.0,1060.0,-5.85,False,0.89,1.09,0.91,True,3,True,0.89,1.5,False,False,,tv_wilder_rsi14_sma5_v1,44.52,42.67,True,True,1.85
6292,6292.T,カワタ,2023-09,CONTINUE,9,58.42,60.27,True,True,1.85,2023-01,848.0,1130.0,1130.0,33.25,819.6,832.81,913.1,True,True,False,False,False,False,False,23730.0,1116.0,-24.01,False,1.35,1.46,1.16,False,4,True,-10.01,0.81,True,False,,tv_wilder_rsi14_sma5_v1,60.27,58.42,True,True,1.85
7953,7953.T,菊水化学工業,2023-09,NEW,1,57.77,59.62,True,True,1.85,2023-09,407.0,407.0,407.0,0.0,401.64,401.39,389.62,True,True,True,True,True,True,True,14773.0,454.0,-10.35,False,0.97,1.19,1.31,False,2,True,3.93,0.67,False,False,,tv_wilder_rsi14_sma5_v1,59.62,57.77,True,True,1.85
9270,9270.T,バリュエンスホールディングス,2023-09,NEW,1,52.64,54.49,True,True,1.85,2023-09,2755.0,2755.0,2755.0,0.0,2485.68,2556.73,2300.73,True,True,True,False,False,True,False,94107.0,3195.0,-13.77,False,1.14,3.5,1.05,False,3,True,25.75,3.14,True,False,,tv_wilder_rsi14_sma5_v1,54.49,52.64,True,True,1.85
5187,5187.T,クリエートメディック,2023-09,CONTINUE,2,43.03,44.87,True,False,1.84,2023-08,920.0,903.0,903.0,-1.85,899.76,897.27,893.2,True,True,True,True,True,False,True,17640.0,945.0,-2.65,False,0.53,1.23,1.14,False,2,True,1.9,1.79,False,False,,tv_wilder_rsi14_sma5_v1,44.87,43.03,False,True,1.84
4199,4199.T,ワンダープラネット,2023-09,CONTINUE,4,33.17,35.01,True,True,1.83,2023-06,1105.0,1219.0,1219.0,10.32,1093.76,1110.8,1195.53,True,False,False,False,True,False,False,7633.0,3910.0,-71.74,False,0.74,4.22,1.17,False,4,True,-14.44,3.61,False,False,,tv_wilder_rsi14_sma5_v1,35.01,33.17,True,True,1.83
6150,6150.T,タケダ機械,2023-09,NEW,1,53.7,55.54,False,True,1.83,2023-09,2631.0,2631.0,2631.0,0.0,2593.48,2569.4,2554.68,True,True,True,True,True,False,True,977.0,2955.0,-10.96,False,1.0,1.15,1.49,False,2,True,8.14,0.91,False,False,,tv_wilder_rsi14_sma5_v1,55.54,53.7,True,False,1.83
8084,8084.T,ＲＹＯＤＥＮ,2023-09,CONTINUE,4,66.45,68.28,False,False,1.83,2023-06,2200.0,2325.0,2325.0,5.68,2076.2,1989.27,1812.42,True,True,True,True,True,True,True,37850.0,2246.0,-2.05,False,0.81,1.92,1.09,False,2,True,29.75,5.52,False,False,,tv_wilder_rsi14_sma5_v1,68.28,66.45,False,False,1.83
8016,8016.T,オンワードホールディングス,2023-09,CONTINUE,17,65.81,67.63,True,True,1.82,2022-05,261.0,522.0,522.0,100.0,248.64,258.16,,True,True,,,False,False,,1146950.0,,,,1.75,2.38,1.02,False,1,True,,,,False,,tv_wilder_rsi14_sma5_v1,67.63,65.81,True,True,1.82
9025,9025.T,鴻池運輸,2023-09,CONTINUE,4,66.88,68.7,True,False,1.82,2023-06,1650.0,1934.0,1934.0,17.21,1574.88,1556.59,1528.83,True,True,True,True,False,True,True,90873.0,1718.0,-3.96,False,1.2,2.1,0.98,True,2,True,17.77,2.87,False,False,,tv_wilder_rsi14_sma5_v1,68.7,66.88,False,True,1.82
1414,1414.T,ショーボンドホールディングス,2023-09,CONTINUE,6,56.57,58.38,True,True,1.81,2023-04,1450.0,1469.0,1469.0,1.31,1366.1,1351.07,1450.15,True,True,False,False,True,False,False,443067.0,1635.0,-11.31,False,1.12,1.31,1.16,False,4,True,3.0,3.88,True,False,,tv_wilder_rsi14_sma5_v1,58.38,56.57,True,True,1.81
2415,2415.T,ヒューマンホールディングス,2023-09,CONTINUE,9,56.77,58.58,True,True,1.81,2023-01,881.0,1064.0,1064.0,20.77,858.12,876.69,893.37,True,True,False,False,False,False,False,5280.0,982.0,-10.29,False,1.27,1.13,1.12,False,4,True,-2.82,1.83,False,False,,tv_wilder_rsi14_sma5_v1,58.58,56.77,True,True,1.81
5942,5942.T,日本フイルコン,2023-09,CONTINUE,4,45.32,47.13,True,False,1.81,2023-06,471.0,474.0,474.0,0.64,462.88,465.49,459.59,True,True,True,False,False,True,False,25437.0,501.0,-5.99,False,0.54,0.74,0.92,True,3,True,1.28,2.35,False,False,,tv_wilder_rsi14_sma5_v1,47.13,45.32,False,True,1.81
6226,6226.T,守谷輸送機工業,2023-09,NEW,1,56.94,58.74,,True,1.8,2023-09,633.5,633.5,633.5,0.0,657.4,624.63,516.79,False,True,True,True,True,True,True,241127.0,736.0,-13.93,False,0.7,4.83,0.85,True,2,False,50.85,-0.71,False,False,,tv_wilder_rsi14_sma5_v1,58.74,56.94,True,,1.8
7345,7345.T,アイ・パートナーズフィナンシャル,2023-09,CONTINUE,4,15.66,17.45,True,False,1.79,2023-06,428.0,460.0,460.0,7.48,434.2,452.31,478.66,False,False,False,False,False,False,False,48740.0,735.0,-41.77,False,2.8,7.06,1.41,False,4,True,-13.96,2.81,False,False,,tv_wilder_rsi14_sma5_v1,17.45,15.66,False,True,1.79
4465,4465.T,ニイタカ,2023-09,NEW,1,45.29,47.05,False,True,1.76,2023-09,2085.0,2085.0,2085.0,0.0,1990.6,2009.15,2052.84,True,True,True,False,True,False,False,17987.0,2466.0,-15.45,False,2.96,1.72,1.16,False,3,True,-3.5,1.13,False,False,,tv_wilder_rsi14_sma5_v1,47.05,45.29,True,False,1.76
6049,6049.T,イトクロ,2023-09,CONTINUE,4,35.0,36.76,True,False,1.76,2023-06,294.0,326.0,326.0,10.88,282.88,283.43,293.5,True,True,True,False,False,True,False,251993.0,419.0,-29.83,False,0.37,3.57,0.92,True,3,True,-1.86,6.55,False,False,,tv_wilder_rsi14_sma5_v1,36.76,35.0,False,True,1.76
3091,3091.T,ブロンコビリー,2023-09,CONTINUE,7,65.63,67.37,True,False,1.75,2023-03,1257.5,1510.0,1510.0,20.08,1231.44,1223.54,1221.9,True,True,True,True,True,False,True,53660.0,1283.0,-1.99,False,1.37,1.11,1.01,False,2,True,4.51,0.73,False,False,,tv_wilder_rsi14_sma5_v1,67.37,65.63,False,True,1.75
4205,4205.T,日本ゼオン,2023-09,CONTINUE,3,58.41,60.16,True,False,1.75,2023-07,1531.0,1563.0,1563.0,2.09,1378.24,1418.06,1357.61,True,True,True,False,False,False,True,835673.0,1564.5,-2.14,False,2.17,2.61,1.29,False,2,True,11.88,3.2,True,False,,tv_wilder_rsi14_sma5_v1,60.16,58.41,False,True,1.75
6196,6196.T,ストライクグループ,2023-09,NEW,1,41.34,43.1,False,True,1.75,2023-09,1118.33,1118.33,1118.33,0.0,1105.53,1091.31,1226.76,True,True,False,False,True,False,False,286750.0,1646.67,-32.09,False,1.83,3.18,1.24,False,4,True,-11.23,1.04,False,False,,tv_wilder_rsi14_sma5_v1,43.1,41.34,True,False,1.75
9969,9969.T,ショクブン,2023-09,CONTINUE,15,53.87,55.62,True,True,1.75,2022-07,214.0,257.0,257.0,20.09,211.44,209.83,225.66,True,True,False,False,True,False,False,9407.0,,,,0.81,1.94,0.84,True,4,True,,,,False,,tv_wilder_rsi14_sma5_v1,55.62,53.87,True,True,1.75
5990,5990.T,スーパーツール,2023-09,CONTINUE,4,38.94,40.68,True,True,1.74,2023-06,1945.0,1967.0,1967.0,1.13,1944.4,1951.29,2006.71,True,False,False,False,False,False,False,1597.0,2353.0,-17.34,False,0.59,0.43,1.19,False,4,False,-4.73,0.75,False,False,,tv_wilder_rsi14_sma5_v1,40.68,38.94,True,True,1.74
7510,7510.T,たけびし,2023-09,CONTINUE,4,61.89,63.63,True,False,1.74,2023-06,1733.0,1827.0,1827.0,5.42,1688.16,1692.2,1600.68,True,True,True,False,True,True,True,13110.0,1770.0,-2.09,False,0.91,1.19,1.16,False,2,True,10.29,1.29,False,False,,tv_wilder_rsi14_sma5_v1,63.63,61.89,False,True,1.74
5201,5201.T,ＡＧＣ,2023-09,NEW,1,59.15,60.88,True,True,1.73,2023-09,5244.0,5244.0,5244.0,0.0,5229.08,5101.24,4953.44,True,True,True,True,True,True,True,1071897.0,5484.0,-4.38,False,0.74,1.27,1.05,False,2,True,8.0,1.34,False,False,,tv_wilder_rsi14_sma5_v1,60.88,59.15,True,True,1.73
9902,9902.T,日伝,2023-09,CONTINUE,9,63.22,64.95,True,False,1.73,2023-01,1796.0,2491.0,2491.0,38.7,1730.32,1713.6,1854.21,True,True,False,False,True,False,False,22097.0,2327.0,-22.82,False,1.02,0.97,0.97,True,4,True,-7.43,2.46,False,False,,tv_wilder_rsi14_sma5_v1,64.95,63.22,False,True,1.73
6400,6400.T,不二精機,2023-09,CONTINUE,4,41.65,43.37,True,False,1.72,2023-06,335.0,350.0,350.0,4.48,327.28,329.76,343.05,True,True,False,False,False,False,False,9350.0,442.0,-24.21,False,0.51,1.62,1.25,False,4,True,-3.51,3.57,False,False,,tv_wilder_rsi14_sma5_v1,43.37,41.65,False,True,1.72
6724,6724.T,セイコーエプソン,2023-09,CONTINUE,6,58.89,60.61,True,True,1.72,2023-04,2071.0,2349.5,2349.5,13.45,1934.32,1900.65,2004.22,True,True,True,False,True,False,False,1591720.0,2308.0,-10.27,False,1.14,1.87,0.94,True,1,True,4.07,2.21,True,False,,tv_wilder_rsi14_sma5_v1,60.61,58.89,True,True,1.72
4763,4763.T,クリーク・アンド・リバー社,2023-09,CONTINUE,2,52.81,54.52,False,False,1.71,2023-08,2166.0,2107.0,2107.0,-2.72,2050.56,2012.52,2086.7,True,True,True,False,True,False,True,61607.0,2639.0,-17.92,False,0.97,2.3,0.96,True,2,True,4.82,4.83,False,False,,tv_wilder_rsi14_sma5_v1,54.52,52.81,False,False,1.71
9672,9672.T,東京都競馬,2023-09,NEW,1,47.14,48.85,False,True,1.71,2023-09,4020.0,4020.0,4020.0,0.0,3983.0,3907.87,3901.47,True,True,True,True,True,False,True,92097.0,4360.0,-7.8,False,1.28,1.79,1.23,False,2,True,4.94,3.28,False,False,,tv_wilder_rsi14_sma5_v1,48.85,47.14,True,False,1.71
5936,5936.T,東洋シヤッター,2023-09,CONTINUE,5,55.2,56.91,True,True,1.7,2023-05,551.0,638.0,638.0,15.79,544.12,526.24,520.76,True,True,True,True,True,True,False,8803.0,655.0,-15.88,False,1.07,1.91,0.94,True,3,True,1.9,0.62,False,False,,tv_wilder_rsi14_sma5_v1,56.91,55.2,True,True,1.7
8007,8007.T,高島,2023-09,CONTINUE,5,78.02,79.71,True,False,1.7,2023-05,418.75,465.0,465.0,11.04,390.11,372.88,352.49,True,True,True,True,True,True,True,187253.0,429.38,-2.47,False,0.61,2.78,0.87,True,2,True,19.52,3.69,False,False,,tv_wilder_rsi14_sma5_v1,79.71,78.02,False,True,1.7
4372,4372.T,ユミルリンク,2023-09,NEW,1,47.79,49.48,False,True,1.69,2023-09,1293.0,1293.0,1293.0,0.0,1296.88,1264.13,1231.92,False,True,True,True,True,True,True,7057.0,1438.0,-10.08,False,0.09,2.84,0.77,True,2,True,5.46,-1.5,False,False,,tv_wilder_rsi14_sma5_v1,49.48,47.79,True,False,1.69
6343,6343.T,フリージア・マクロス,2023-09,NEW,1,44.24,45.93,True,True,1.69,2023-09,112.0,112.0,112.0,0.0,110.88,111.04,110.92,True,True,True,False,True,True,False,22837.0,117.0,-4.27,False,0.36,1.08,0.89,True,3,False,0.38,0.67,False,False,,tv_wilder_rsi14_sma5_v1,45.93,44.24,True,True,1.69
7727,7727.T,オーバル,2023-09,CONTINUE,2,53.53,55.22,False,False,1.69,2023-08,439.0,433.0,433.0,-1.37,403.64,399.97,438.15,True,True,True,False,True,False,False,248783.0,610.0,-28.03,False,0.8,2.93,0.88,True,3,True,-1.56,6.41,False,False,,tv_wilder_rsi14_sma5_v1,55.22,53.53,False,False,1.69
9960,9960.T,東テク,2023-09,CONTINUE,4,71.87,73.56,True,False,1.69,2023-06,1596.67,1736.67,1736.67,8.77,1428.87,1409.58,1269.77,True,True,True,True,True,False,True,68330.0,1581.67,0.95,True,1.94,2.48,1.26,False,2,True,36.19,6.67,True,True,BOTH,tv_wilder_rsi14_sma5_v1,73.56,71.87,False,True,1.69
2670,2670.T,エービーシー・マート,2023-09,CONTINUE,7,64.6,66.28,True,True,1.68,2023-03,2440.0,2688.0,2688.0,10.16,2356.93,2341.87,2171.15,True,True,True,True,True,True,True,497870.0,2513.33,-2.92,False,0.85,1.95,0.73,True,2,True,18.99,-0.55,False,False,,tv_wilder_rsi14_sma5_v1,66.28,64.6,True,True,1.68
8630,8630.T,ＳＯＭＰＯホールディングス,2023-09,CONTINUE,5,61.17,62.85,True,True,1.68,2023-05,1896.67,2144.33,2144.33,13.06,1927.43,1871.74,1926.4,False,True,False,False,True,True,False,3518200.0,2123.33,-10.68,False,1.62,1.94,1.09,False,4,False,-1.99,-0.3,False,False,,tv_wilder_rsi14_sma5_v1,62.85,61.17,True,True,1.68
1833,1833.T,奥村組,2023-09,CONTINUE,11,74.59,76.25,True,False,1.66,2022-11,2936.0,4490.0,4490.0,52.93,2860.04,2894.55,2972.64,True,True,False,False,True,False,False,112160.0,3325.0,-11.7,False,0.95,1.3,1.1,False,4,True,-3.9,1.33,False,False,,tv_wilder_rsi14_sma5_v1,76.25,74.59,False,True,1.66
3691,3691.T,デジタルプラス,2023-09,NEW,1,48.52,50.18,False,True,1.66,2023-09,784.0,784.0,784.0,0.0,658.68,707.88,779.67,True,True,True,False,False,False,False,37230.0,1064.0,-26.32,False,3.81,4.51,1.25,False,3,True,-0.7,7.7,True,False,,tv_wilder_rsi14_sma5_v1,50.18,48.52,True,False,1.66
6147,6147.T,ヤマザキ,2023-09,NEW,1,52.4,54.06,True,True,1.66,2023-09,392.0,392.0,392.0,0.0,367.84,373.07,360.24,True,True,True,False,True,False,True,11567.0,647.0,-39.41,False,2.55,1.99,1.3,False,2,True,8.45,6.28,False,False,,tv_wilder_rsi14_sma5_v1,54.06,52.4,True,True,1.66
9882,9882.T,イエローハット,2023-09,CONTINUE,2,56.28,57.94,False,True,1.66,2023-08,944.0,948.5,948.5,0.48,924.44,923.1,901.2,True,True,True,True,True,False,True,216340.0,972.0,-2.88,False,0.77,0.84,1.03,False,2,True,5.09,1.56,False,False,,tv_wilder_rsi14_sma5_v1,57.94,56.28,True,False,1.66
4718,4718.T,早稲田アカデミー,2023-09,CONTINUE,9,70.8,72.46,True,True,1.65,2023-01,1143.0,1428.0,1428.0,24.93,1129.8,1125.96,1110.0,True,True,True,True,True,True,True,15510.0,1195.0,-4.35,False,0.99,0.95,0.83,True,2,True,3.63,-0.62,False,False,,tv_wilder_rsi14_sma5_v1,72.46,70.8,True,True,1.65
9351,9351.T,東洋埠頭,2023-09,CONTINUE,4,50.46,52.11,False,False,1.65,2023-06,1382.0,1410.0,1410.0,2.03,1334.56,1365.09,1300.91,True,True,True,False,False,False,True,15780.0,1509.0,-8.42,False,0.61,1.41,1.04,False,2,True,7.65,3.77,False,False,,tv_wilder_rsi14_sma5_v1,52.11,50.46,False,False,1.65
9936,9936.T,王将フードサービス,2023-09,CONTINUE,6,60.57,62.22,True,False,1.65,2023-04,2063.33,2303.33,2303.33,11.63,2031.33,2014.31,2081.87,True,True,False,False,True,True,False,156640.0,2366.67,-12.82,False,0.49,0.77,1.0,False,4,False,-0.03,1.03,False,False,,tv_wilder_rsi14_sma5_v1,62.22,60.57,False,True,1.65
1420,1420.T,サンヨーホームズ,2023-09,CONTINUE,4,49.86,51.49,True,True,1.63,2023-06,726.0,729.0,729.0,0.41,715.32,722.39,716.17,True,True,True,False,True,False,True,5650.0,790.0,-8.1,False,1.12,0.61,0.87,True,2,True,1.99,1.59,False,False,,tv_wilder_rsi14_sma5_v1,51.49,49.86,True,True,1.63
1976,1976.T,明星工業,2023-09,NEW,1,66.43,68.05,True,True,1.63,2023-09,1011.0,1011.0,1011.0,0.0,999.4,969.24,878.89,True,True,True,True,True,True,True,96920.0,1067.0,-5.25,False,0.93,2.36,1.23,False,2,True,22.28,1.68,False,False,,tv_wilder_rsi14_sma5_v1,68.05,66.43,True,True,1.63
7266,7266.T,今仙電機製作所,2023-09,CONTINUE,2,46.91,48.53,False,False,1.63,2023-08,658.0,651.0,651.0,-1.06,632.88,627.59,669.72,True,True,False,False,True,False,True,50797.0,864.0,-23.84,False,0.77,1.83,0.96,True,1,True,0.56,2.49,False,False,,tv_wilder_rsi14_sma5_v1,48.53,46.91,False,False,1.63
9446,9446.T,サカイホールディングス,2023-09,CONTINUE,4,46.48,48.11,True,False,1.63,2023-06,568.0,582.0,582.0,2.46,548.08,548.39,549.89,True,True,True,False,True,False,False,4383.0,615.0,-7.64,False,1.24,0.83,0.97,True,3,True,1.51,2.24,True,False,,tv_wilder_rsi14_sma5_v1,48.11,46.48,False,True,1.63
4725,4725.T,ＣＡＣ　Ｈｏｌｄｉｎｇｓ,2023-09,NEW,1,64.17,65.79,True,True,1.62,2023-09,1763.0,1763.0,1763.0,0.0,1743.48,1715.2,1639.44,True,True,True,True,True,True,True,29557.0,1789.0,-1.45,False,1.82,1.23,0.9,True,2,True,11.41,0.8,False,False,,tv_wilder_rsi14_sma5_v1,65.79,64.17,True,True,1.62
7422,7422.T,東邦レマック,2023-09,CONTINUE,6,49.16,50.78,True,True,1.62,2023-04,271.4,286.0,286.0,5.38,269.36,273.91,279.05,True,False,False,False,True,False,False,7367.0,326.0,-16.75,False,1.44,1.87,1.27,False,4,False,-1.69,1.03,False,False,,tv_wilder_rsi14_sma5_v1,50.78,49.16,True,True,1.62
7446,7446.T,東北化学薬品,2023-09,CONTINUE,4,57.97,59.59,False,False,1.62,2023-06,3600.0,3725.0,3725.0,3.47,3656.0,3628.4,3436.9,False,False,True,True,False,True,True,280.0,3755.0,-4.13,False,0.71,0.81,0.92,True,2,False,5.76,-0.31,False,False,,tv_wilder_rsi14_sma5_v1,59.59,57.97,False,False,1.62
8141,8141.T,新光商事,2023-09,CONTINUE,2,57.19,58.8,False,True,1.62,2023-08,1169.0,1187.0,1187.0,1.54,1128.56,1144.8,1187.79,True,True,False,False,False,False,True,68463.0,1353.0,-13.6,False,0.78,1.16,0.83,True,1,True,3.85,1.28,False,False,,tv_wilder_rsi14_sma5_v1,58.8,57.19,True,False,1.62
4477,4477.T,ＢＡＳＥ,2023-09,CONTINUE,2,41.38,42.98,True,False,1.61,2023-08,358.0,299.0,299.0,-16.48,319.0,282.07,279.44,True,True,True,True,True,True,True,6270740.0,382.0,-6.28,False,0.73,5.81,0.78,True,2,True,22.94,5.99,False,False,,tv_wilder_rsi14_sma5_v1,42.98,41.38,False,True,1.61
5471,5471.T,大同特殊鋼,2023-09,CONTINUE,4,66.89,68.49,True,True,1.61,2023-06,1195.4,1216.2,1216.2,1.74,1114.49,1065.24,945.6,True,True,True,True,True,True,True,621383.0,1202.0,-0.55,False,1.18,2.24,1.04,False,2,True,41.39,8.22,False,False,,tv_wilder_rsi14_sma5_v1,68.49,66.89,True,True,1.61
2694,2694.T,焼肉坂井ホールディングス,2023-09,CONTINUE,2,53.93,55.53,True,False,1.6,2023-08,74.0,73.0,73.0,-1.35,72.08,71.41,71.6,True,True,True,False,True,True,True,255417.0,77.0,-3.9,False,1.13,1.45,0.95,True,2,True,4.61,0.9,True,False,,tv_wilder_rsi14_sma5_v1,55.53,53.93,False,True,1.6
3816,3816.T,大和コンピューター,2023-09,CONTINUE,4,46.92,48.53,True,False,1.6,2023-06,970.0,972.0,972.0,0.21,945.88,926.07,937.49,True,True,True,False,True,True,False,1620.0,1146.0,-15.36,False,1.06,0.73,0.88,True,3,True,3.25,2.42,False,False,,tv_wilder_rsi14_sma5_v1,48.53,46.92,False,True,1.6
6158,6158.T,和井田製作所,2023-09,CONTINUE,11,49.82,51.41,True,True,1.6,2022-11,1019.0,1050.0,1050.0,3.04,962.6,963.4,967.53,True,True,True,False,True,False,False,10130.0,1142.0,-10.77,False,1.47,2.33,1.18,False,1,True,2.27,4.35,False,False,,tv_wilder_rsi14_sma5_v1,51.41,49.82,True,True,1.6
7435,7435.T,ナ・デックス,2023-09,CONTINUE,2,67.34,68.94,True,True,1.6,2023-08,1170.0,1185.0,1185.0,1.28,1115.28,1062.88,964.73,True,True,True,True,True,True,True,15017.0,1195.0,-2.09,False,1.12,1.94,0.9,True,2,True,33.96,1.09,False,False,,tv_wilder_rsi14_sma5_v1,68.94,67.34,True,True,1.6
3416,3416.T,ピクスタ,2023-09,CONTINUE,4,41.73,43.33,True,True,1.59,2023-06,805.0,825.0,825.0,2.48,768.96,770.83,784.13,True,True,True,False,True,False,False,14577.0,1236.0,-34.87,False,0.42,2.94,0.92,True,3,True,-1.63,5.93,False,False,,tv_wilder_rsi14_sma5_v1,43.33,41.73,True,True,1.59
4052,4052.T,フィーチャ,2023-09,CONTINUE,4,42.8,44.39,True,False,1.59,2023-06,1323.0,1083.0,1083.0,-18.14,1149.92,804.59,746.12,True,True,True,True,True,True,True,348703.0,1648.0,-19.72,False,0.25,11.15,0.81,True,2,False,109.49,22.57,False,False,,tv_wilder_rsi14_sma5_v1,44.39,42.8,False,True,1.59
4487,4487.T,スペースマーケット,2023-09,CONTINUE,7,37.11,38.69,True,True,1.59,2023-03,277.0,357.0,357.0,28.88,276.92,281.87,333.07,True,False,False,False,False,False,False,64810.0,634.0,-56.31,False,0.51,3.76,0.81,True,4,True,-16.51,2.25,False,False,,tv_wilder_rsi14_sma5_v1,38.69,37.11,True,True,1.59
7462,7462.T,ＣＡＰＩＴＡ,2023-09,NEW,1,48.23,49.82,False,True,1.59,2023-09,186.5,186.5,186.5,0.0,178.02,180.05,184.94,True,True,True,False,True,True,True,46273.0,234.0,-20.3,False,0.19,4.69,0.67,True,2,True,1.39,2.69,False,False,,tv_wilder_rsi14_sma5_v1,49.82,48.23,True,False,1.59
3387,3387.T,クリエイト・レストランツ・ホールディングス,2023-09,CONTINUE,3,61.61,63.19,True,False,1.58,2023-07,543.5,571.0,571.0,5.06,508.42,504.07,488.59,True,True,True,True,True,True,True,2230527.0,574.0,-5.31,False,0.98,2.85,1.52,False,2,True,13.59,4.86,False,False,,tv_wilder_rsi14_sma5_v1,63.19,61.61,False,True,1.58
4558,4558.T,中京医薬品,2023-09,CONTINUE,2,41.99,43.57,True,True,1.58,2023-08,221.0,228.0,228.0,3.17,219.0,219.19,225.76,True,True,False,False,False,False,False,19620.0,265.0,-16.6,False,1.35,1.0,1.07,False,4,False,-5.03,1.03,True,False,,tv_wilder_rsi14_sma5_v1,43.57,41.99,True,True,1.58
5184,5184.T,ニチリン,2023-09,CONTINUE,12,78.79,80.37,True,False,1.58,2022-10,1686.0,3015.0,3015.0,78.83,1621.8,1587.05,1560.9,True,True,True,True,True,True,False,14473.0,1859.0,-9.31,False,0.89,0.72,0.69,True,3,True,5.3,2.2,False,False,,tv_wilder_rsi14_sma5_v1,80.37,78.79,False,True,1.58
9051,9051.T,センコン物流,2023-09,CONTINUE,5,53.98,55.57,True,True,1.58,2023-05,785.0,805.0,805.0,2.55,779.64,784.47,783.09,True,True,True,False,True,False,False,1637.0,842.0,-6.77,False,0.29,0.8,0.99,True,3,True,0.05,0.28,False,False,,tv_wilder_rsi14_sma5_v1,55.57,53.98,True,True,1.58
9768,9768.T,いであ,2023-09,NEW,1,49.51,51.09,True,True,1.58,2023-09,1720.0,1720.0,1720.0,0.0,1686.76,1681.11,1651.05,True,True,True,True,True,True,False,7637.0,1856.0,-7.33,False,1.51,1.15,1.16,False,1,True,3.0,0.68,False,False,,tv_wilder_rsi14_sma5_v1,51.09,49.51,True,True,1.58
1435,1435.T,ｒｏｂｏｔ　ｈｏｍｅ,2023-09,CONTINUE,2,46.93,48.51,False,True,1.57,2023-08,201.0,204.0,204.0,1.49,196.44,193.55,192.95,True,True,True,True,True,False,True,268723.0,258.0,-22.09,False,0.88,2.49,0.84,True,2,True,7.38,1.77,True,False,,tv_wilder_rsi14_sma5_v1,48.51,46.93,True,False,1.57
6920,6920.T,レーザーテック,2023-09,CONTINUE,3,53.23,54.8,True,True,1.57,2023-07,21475.0,23270.0,23270.0,8.36,21083.2,20854.93,22229.67,True,True,False,False,False,False,True,10418617.0,29645.0,-27.56,False,1.0,3.75,0.98,True,4,False,6.34,-2.05,False,False,,tv_wilder_rsi14_sma5_v1,54.8,53.23,True,True,1.57
7413,7413.T,創健社,2023-09,NEW,1,44.08,45.65,False,True,1.57,2023-09,2042.0,2042.0,2042.0,0.0,2038.12,2016.88,2065.14,True,True,False,False,True,False,True,447.0,2300.0,-11.22,False,1.7,0.83,0.99,True,1,True,-1.14,0.44,False,False,,tv_wilder_rsi14_sma5_v1,45.65,44.08,True,False,1.57
7585,7585.T,かんなん丸,2023-09,CONTINUE,9,46.69,48.26,True,False,1.57,2023-01,371.0,456.0,456.0,22.91,367.52,376.03,390.27,True,False,False,False,False,False,False,2413.0,529.0,-29.87,False,0.34,1.31,0.76,True,4,True,-6.39,1.78,False,False,,tv_wilder_rsi14_sma5_v1,48.26,46.69,False,True,1.57
8013,8013.T,ナイガイ,2023-09,CONTINUE,5,45.52,47.09,True,False,1.57,2023-05,258.0,285.0,285.0,10.47,263.16,261.48,261.88,False,False,False,False,True,True,False,11383.0,335.0,-22.99,False,1.0,1.41,0.84,True,4,True,-4.05,-0.35,False,False,,tv_wilder_rsi14_sma5_v1,47.09,45.52,False,True,1.57
9414,9414.T,日本ＢＳ放送,2023-09,CONTINUE,4,39.45,41.02,True,True,1.57,2023-06,924.0,915.0,915.0,-0.97,910.48,902.25,909.5,True,True,True,False,True,False,False,20927.0,1077.0,-14.21,False,0.83,0.7,1.04,False,3,True,-1.02,1.63,False,False,,tv_wilder_rsi14_sma5_v1,41.02,39.45,True,True,1.57
2179,2179.T,成学社,2023-09,NEW,1,40.59,42.15,True,True,1.56,2023-09,712.0,712.0,712.0,0.0,709.8,709.6,713.99,True,True,False,False,False,True,True,1213.0,754.0,-5.57,False,1.14,0.48,0.86,True,1,False,-0.02,0.09,False,False,,tv_wilder_rsi14_sma5_v1,42.15,40.59,True,True,1.56
6551,6551.T,ツナググループ・ホールディングス,2023-09,CONTINUE,2,65.24,66.8,False,False,1.56,2023-08,909.0,824.0,824.0,-9.35,747.16,666.17,604.24,True,True,True,True,True,True,True,145123.0,861.0,5.57,True,0.99,5.6,0.95,True,2,True,83.36,14.3,True,True,BOTH,tv_wilder_rsi14_sma5_v1,66.8,65.24,False,False,1.56
7875,7875.T,竹田ｉＰホールディングス,2023-09,CONTINUE,3,58.15,59.71,True,True,1.56,2023-07,353.5,353.5,353.5,0.0,352.92,345.64,338.1,True,True,True,True,True,False,True,6547.0,382.0,-7.46,False,0.93,1.42,0.76,True,2,True,7.5,-0.47,False,False,,tv_wilder_rsi14_sma5_v1,59.71,58.15,True,True,1.56
1897,1897.T,金下建設,2023-09,NEW,1,31.15,32.7,True,True,1.55,2023-09,2799.0,2799.0,2799.0,0.0,2794.08,2789.33,2793.21,True,True,True,False,True,False,False,360.0,3100.0,-9.71,False,1.39,0.36,0.76,True,3,True,-0.76,0.82,False,False,,tv_wilder_rsi14_sma5_v1,32.7,31.15,True,True,1.55
2311,2311.T,エプコ,2023-09,CONTINUE,6,46.71,48.26,True,True,1.55,2023-04,740.0,758.0,758.0,2.43,721.48,720.29,692.39,True,True,True,True,True,True,False,18650.0,810.0,-8.64,False,1.18,1.08,1.21,False,1,True,5.39,0.42,False,False,,tv_wilder_rsi14_sma5_v1,48.26,46.71,True,True,1.55
3932,3932.T,アカツキ,2023-09,CONTINUE,3,35.32,36.87,True,True,1.55,2023-07,2113.0,2141.0,2141.0,1.33,2060.96,2135.73,2175.96,True,False,False,False,False,False,False,50143.0,2729.0,-22.57,False,0.73,1.5,0.9,True,1,True,-7.61,1.19,False,False,,tv_wilder_rsi14_sma5_v1,36.87,35.32,True,True,1.55
7238,7238.T,曙ブレーキ工業,2023-09,NEW,1,42.79,44.32,False,True,1.54,2023-09,140.0,140.0,140.0,0.0,138.28,139.21,143.69,True,True,False,False,True,True,False,484443.0,183.0,-23.5,False,1.05,2.19,1.11,False,4,True,-6.02,1.27,False,False,,tv_wilder_rsi14_sma5_v1,44.32,42.79,True,False,1.54
8032,8032.T,日本紙パルプ商事,2023-09,NEW,1,55.36,56.9,False,True,1.54,2023-09,488.5,488.5,488.5,0.0,493.26,479.53,499.73,False,True,False,False,True,False,True,187500.0,574.0,-14.9,False,0.91,2.22,1.04,False,4,False,-0.62,0.27,False,False,,tv_wilder_rsi14_sma5_v1,56.9,55.36,True,False,1.54
9362,9362.T,兵機海運,2023-09,NEW,1,57.32,58.86,False,True,1.54,2023-09,2105.0,2105.0,2105.0,0.0,2089.92,2083.12,2141.63,True,True,False,False,True,True,True,3857.0,2638.0,-20.2,False,0.7,1.28,0.74,True,4,False,4.45,-0.42,False,False,,tv_wilder_rsi14_sma5_v1,58.86,57.32,True,False,1.54
9551,9551.T,メタウォーター,2023-09,CONTINUE,7,47.36,48.89,True,False,1.54,2023-03,1727.0,1865.0,1865.0,7.99,1692.2,1667.45,1844.3,True,True,False,False,True,False,False,103763.0,2182.0,-20.85,False,1.03,1.65,0.87,True,4,False,-4.89,2.51,False,False,,tv_wilder_rsi14_sma5_v1,48.89,47.36,False,True,1.54
2301,2301.T,学情,2023-09,NEW,1,67.32,68.86,True,True,1.53,2023-09,2013.0,2013.0,2013.0,0.0,1947.84,1906.48,1670.46,True,True,True,True,True,True,True,92007.0,2117.0,-4.91,False,0.92,3.75,1.06,False,2,True,25.07,-0.35,False,False,,tv_wilder_rsi14_sma5_v1,68.86,67.32,True,True,1.53
3850,3850.T,エヌ・ティ・ティ・データ・イントラマート,2023-09,CONTINUE,4,42.25,43.77,True,True,1.53,2023-06,1802.0,1778.0,1778.0,-1.33,1666.16,1680.68,1691.77,True,True,True,False,True,False,True,8383.0,1901.0,-5.21,False,1.42,2.46,1.05,False,2,True,12.53,5.4,True,False,,tv_wilder_rsi14_sma5_v1,43.77,42.25,True,True,1.53
6286,6286.T,靜甲,2023-09,NEW,1,58.18,59.71,False,True,1.53,2023-09,681.0,681.0,681.0,0.0,673.56,660.73,653.96,True,True,True,True,True,True,True,1813.0,949.0,-28.24,False,2.02,1.92,1.26,False,2,False,8.79,0.65,False,False,,tv_wilder_rsi14_sma5_v1,59.71,58.18,True,False,1.53
9355,9355.T,リンコーコーポレーション,2023-09,CONTINUE,8,48.34,49.87,True,False,1.53,2023-02,1558.0,1659.0,1659.0,6.48,1422.92,1403.8,1518.07,True,True,True,False,True,True,False,490.0,1988.0,-21.63,False,1.92,1.53,1.11,False,3,True,1.0,1.63,True,False,,tv_wilder_rsi14_sma5_v1,49.87,48.34,False,True,1.53
3221,3221.T,ヨシックスホールディングス,2023-09,CONTINUE,6,60.87,62.39,True,False,1.52,2023-04,2203.0,2751.0,2751.0,24.88,2142.0,2137.52,2161.63,True,True,True,False,True,True,False,45890.0,2634.0,-16.36,False,0.67,1.22,0.91,True,3,True,2.37,2.29,False,False,,tv_wilder_rsi14_sma5_v1,62.39,60.87,False,True,1.52
6737,6737.T,ＥＩＺＯ,2023-09,CONTINUE,9,67.54,69.05,True,True,1.51,2023-01,1812.5,2535.0,2535.0,39.86,1731.5,1788.47,1822.66,True,True,False,False,True,False,False,77660.0,1990.0,-8.92,False,0.95,1.32,1.0,False,1,True,-2.11,3.56,True,False,,tv_wilder_rsi14_sma5_v1,69.05,67.54,True,True,1.51
7231,7231.T,トピー工業,2023-09,NEW,1,70.39,71.9,True,True,1.51,2023-09,2545.0,2545.0,2545.0,0.0,2485.04,2342.83,2016.54,True,True,True,True,True,True,True,96460.0,2789.0,-8.75,False,1.24,3.05,1.15,False,2,True,40.27,4.09,False,False,,tv_wilder_rsi14_sma5_v1,71.9,70.39,True,True,1.51
9417,9417.T,スマートバリュー,2023-09,CONTINUE,2,37.57,39.08,True,True,1.51,2023-08,391.0,401.0,401.0,2.56,378.32,387.47,417.68,True,True,False,False,False,False,False,46753.0,524.0,-25.38,False,1.04,4.77,0.76,True,4,True,-10.05,2.33,False,False,,tv_wilder_rsi14_sma5_v1,39.08,37.57,True,True,1.51
9972,9972.T,アルテック,2023-09,NEW,1,46.04,47.56,True,True,1.51,2023-09,263.0,263.0,263.0,0.0,257.2,257.49,268.79,True,True,False,False,True,True,False,31473.0,339.0,-22.42,False,2.38,2.34,1.42,False,4,True,-8.45,1.37,False,False,,tv_wilder_rsi14_sma5_v1,47.56,46.04,True,True,1.51
1905,1905.T,テノックス,2023-09,CONTINUE,9,74.57,76.08,True,False,1.5,2023-01,892.0,1190.0,1190.0,33.41,869.96,877.49,861.35,True,True,True,False,True,False,True,4150.0,921.0,-3.15,False,1.31,2.3,0.86,True,2,False,4.01,0.75,False,False,,tv_wilder_rsi14_sma5_v1,76.08,74.57,False,True,1.5
9021,9021.T,西日本旅客鉄道,2023-09,CONTINUE,6,55.13,56.63,True,False,1.5,2023-04,2945.5,3092.5,3092.5,4.99,2835.0,2721.93,2729.82,True,True,True,False,True,True,True,3011907.0,3037.5,-3.03,False,1.27,1.39,1.14,False,2,True,11.98,3.24,False,False,,tv_wilder_rsi14_sma5_v1,56.63,55.13,False,True,1.5
9906,9906.T,藤井産業,2023-09,CONTINUE,8,77.73,79.23,True,False,1.5,2023-02,1468.0,2210.0,2210.0,50.54,1393.36,1378.81,1356.37,True,True,True,True,True,True,True,3370.0,1529.0,-3.99,False,0.86,1.99,0.78,True,2,True,6.74,3.94,False,False,,tv_wilder_rsi14_sma5_v1,79.23,77.73,False,True,1.5
1332,1332.T,ニッスイ,2023-09,CONTINUE,10,65.64,67.13,True,False,1.49,2022-12,549.0,731.7,731.7,33.28,530.96,531.63,550.85,True,True,False,False,True,False,False,1322880.0,608.0,-9.7,False,0.77,1.3,1.09,False,4,True,-0.93,2.19,False,False,,tv_wilder_rsi14_sma5_v1,67.13,65.64,False,True,1.49
2730,2730.T,エディオン,2023-09,CONTINUE,6,68.05,69.53,True,True,1.48,2023-04,1338.0,1478.0,1478.0,10.46,1308.16,1303.51,1256.69,True,True,True,True,False,True,True,473483.0,1374.0,-2.62,False,0.5,0.93,0.95,True,2,False,8.47,1.22,False,False,,tv_wilder_rsi14_sma5_v1,69.53,68.05,True,True,1.48
7343,7343.T,ブロードマインド,2023-09,CONTINUE,3,48.84,50.32,True,True,1.48,2023-07,1121.0,1134.0,1134.0,1.16,1127.52,1095.97,1028.56,False,True,True,True,True,True,True,3123.0,1249.0,-10.25,False,0.98,2.08,1.01,False,2,True,16.56,-2.48,False,False,,tv_wilder_rsi14_sma5_v1,50.32,48.84,True,True,1.48
7500,7500.T,西川計測,2023-09,NEW,1,74.92,76.4,True,True,1.48,2023-09,6350.0,6350.0,6350.0,0.0,5918.4,5878.93,5510.07,True,True,True,True,True,True,True,603.0,6290.0,0.95,True,3.05,2.05,1.25,False,2,True,19.02,2.35,True,True,BOTH,tv_wilder_rsi14_sma5_v1,76.4,74.92,True,True,1.48
8217,8217.T,オークワ,2023-09,CONTINUE,3,40.59,42.07,False,True,1.48,2023-07,870.0,870.0,870.0,0.0,845.2,866.04,882.88,True,True,False,False,False,True,False,58927.0,970.0,-10.31,False,0.79,1.03,1.04,False,4,True,-2.51,0.36,False,False,,tv_wilder_rsi14_sma5_v1,42.07,40.59,True,False,1.48
8698,8698.T,マネックスグループ,2023-09,NEW,1,51.22,52.68,True,True,1.46,2023-09,558.0,558.0,558.0,0.0,555.52,542.79,503.03,True,True,True,True,True,True,True,2194840.0,602.0,-7.31,False,1.01,2.48,1.21,False,2,True,16.44,2.07,False,False,,tv_wilder_rsi14_sma5_v1,52.68,51.22,True,True,1.46
9932,9932.T,杉本商事,2023-09,CONTINUE,4,51.32,52.77,True,False,1.45,2023-06,1091.0,1104.0,1104.0,1.19,1040.06,1018.6,992.8,True,True,True,True,True,True,True,27340.0,1128.5,-3.32,False,1.2,2.11,1.21,False,2,True,9.7,5.53,False,False,,tv_wilder_rsi14_sma5_v1,52.77,51.32,False,True,1.45
3063,3063.T,ジェイグループホールディングス,2023-09,CONTINUE,9,53.83,55.26,True,True,1.44,2023-01,487.0,564.0,564.0,15.81,458.88,483.01,522.56,True,True,False,False,False,False,False,54470.0,568.0,-14.26,False,0.51,1.36,0.85,True,4,True,-8.69,3.38,False,False,,tv_wilder_rsi14_sma5_v1,55.26,53.83,True,True,1.44
3121,3121.T,マーチャント・バンカーズ,2023-09,CONTINUE,4,47.23,48.67,True,True,1.44,2023-06,289.0,303.0,303.0,4.84,277.4,279.87,293.07,True,True,False,False,False,False,False,27830.0,333.0,-13.21,False,1.12,2.4,0.96,True,4,True,-1.31,3.09,False,False,,tv_wilder_rsi14_sma5_v1,48.67,47.23,True,True,1.44
3252,3252.T,地主,2023-09,NEW,1,52.89,54.33,False,True,1.44,2023-09,1918.0,1918.0,1918.0,0.0,1898.04,1895.4,1897.05,True,True,True,False,True,False,False,45663.0,2099.0,-8.62,False,1.16,1.06,1.09,False,3,True,-0.73,1.41,False,False,,tv_wilder_rsi14_sma5_v1,54.33,52.89,True,False,1.44
3423,3423.T,エスイー,2023-09,CONTINUE,2,44.94,46.39,False,True,1.44,2023-08,301.0,304.0,304.0,1.0,299.08,301.88,313.24,True,False,False,False,False,False,False,17927.0,367.0,-17.98,False,0.72,1.33,0.8,True,4,True,-4.27,0.54,False,False,,tv_wilder_rsi14_sma5_v1,46.39,44.94,True,False,1.44
8877,8877.T,エスリード,2023-09,CONTINUE,12,81.47,82.91,True,True,1.44,2022-10,1881.0,3025.0,3025.0,60.82,1742.72,1729.04,1714.88,True,True,True,True,True,True,True,20483.0,1863.0,0.97,True,3.25,1.65,1.13,False,1,True,10.79,3.22,True,True,BOTH,tv_wilder_rsi14_sma5_v1,82.91,81.47,True,True,1.44
3392,3392.T,デリカフーズホールディングス,2023-09,CONTINUE,9,56.26,57.69,False,False,1.43,2023-01,514.0,635.0,635.0,23.54,493.84,494.44,510.8,True,True,True,False,True,False,False,28413.0,588.0,-12.59,False,1.13,1.43,0.96,True,3,True,-1.96,2.46,False,False,,tv_wilder_rsi14_sma5_v1,57.69,56.26,False,False,1.43
1981,1981.T,協和日成,2023-09,NEW,1,62.31,63.73,False,True,1.42,2023-09,1440.0,1440.0,1440.0,0.0,1413.76,1392.43,1409.83,True,True,True,False,True,True,True,517.0,1678.0,-14.18,False,1.82,0.44,1.7,False,1,True,4.39,1.49,False,False,,tv_wilder_rsi14_sma5_v1,63.73,62.31,True,False,1.42
2229,2229.T,カルビー,2023-09,CONTINUE,2,49.04,50.46,False,False,1.42,2023-08,2905.5,2844.0,2844.0,-2.12,2755.42,2757.6,2830.2,True,True,True,False,True,False,False,658440.0,3125.0,-7.02,False,0.96,1.7,0.87,True,3,True,4.02,4.42,True,False,,tv_wilder_rsi14_sma5_v1,50.46,49.04,False,False,1.42
4021,4021.T,日産化学,2023-09,CONTINUE,6,50.89,52.31,True,True,1.42,2023-04,6020.0,6359.0,6359.0,5.63,5974.8,5956.27,6400.65,True,True,False,False,True,False,False,479240.0,7670.0,-21.51,False,0.97,1.54,0.93,True,4,False,-8.41,-1.35,False,False,,tv_wilder_rsi14_sma5_v1,52.31,50.89,True,True,1.42
6022,6022.T,赤阪鐵工所,2023-09,CONTINUE,10,66.62,68.04,False,False,1.42,2022-12,1480.0,2151.0,2151.0,45.34,1455.6,1476.25,1529.86,True,True,False,False,True,False,False,287.0,1703.0,-13.09,False,1.81,1.76,1.27,False,4,False,-3.88,0.91,False,False,,tv_wilder_rsi14_sma5_v1,68.04,66.62,False,False,1.42
1430,1430.T,ファーストコーポレーション,2023-09,NEW,1,51.2,52.6,False,True,1.41,2023-09,790.0,790.0,790.0,0.0,777.6,763.92,788.25,True,True,True,False,True,False,True,25457.0,963.0,-17.96,False,0.96,1.2,1.19,False,2,True,2.33,0.34,True,False,,tv_wilder_rsi14_sma5_v1,52.6,51.2,True,False,1.41
4176,4176.T,ココナラ,2023-09,NEW,1,28.48,29.88,True,True,1.41,2023-09,360.0,360.0,360.0,0.0,324.72,338.84,413.03,True,True,False,False,True,False,False,761840.0,793.0,-54.6,False,0.76,6.51,0.84,True,4,True,-13.44,8.37,False,False,,tv_wilder_rsi14_sma5_v1,29.88,28.48,True,True,1.41
4245,4245.T,ダイキアクシス,2023-09,CONTINUE,12,46.58,47.99,True,True,1.41,2022-10,677.0,733.0,733.0,8.27,654.96,677.71,708.99,True,False,False,False,False,False,False,31983.0,975.0,-30.56,False,0.88,1.38,0.91,True,4,True,-8.83,3.14,False,False,,tv_wilder_rsi14_sma5_v1,47.99,46.58,True,True,1.41
3996,3996.T,サインポスト,2023-09,NEW,1,35.49,36.88,True,True,1.4,2023-09,494.0,494.0,494.0,0.0,458.96,475.83,538.13,True,True,False,False,True,False,False,74967.0,855.0,-42.22,False,0.97,3.38,1.35,False,4,True,-17.01,4.18,False,False,,tv_wilder_rsi14_sma5_v1,36.88,35.49,True,True,1.4
3076,3076.T,あい　ホールディングス,2023-09,CONTINUE,2,58.44,59.83,False,False,1.39,2023-08,2369.0,2368.0,2368.0,-0.04,2274.88,2303.15,2242.78,True,True,True,False,True,False,True,161733.0,2504.0,-5.39,False,0.86,2.72,1.33,False,2,True,9.02,2.8,False,False,,tv_wilder_rsi14_sma5_v1,59.83,58.44,False,False,1.39
4845,4845.T,スカラ,2023-09,NEW,1,51.63,53.02,True,True,1.39,2023-09,769.0,769.0,769.0,0.0,757.6,753.2,744.04,True,True,True,True,True,False,True,65707.0,814.0,-5.53,False,1.1,1.37,1.16,False,2,True,4.02,1.79,False,False,,tv_wilder_rsi14_sma5_v1,53.02,51.63,True,True,1.39
6085,6085.T,アーキテクツ・スタジオ・ジャパン,2023-09,CONTINUE,2,41.17,42.56,True,False,1.39,2023-08,21.27,16.63,16.63,-21.79,16.55,16.23,17.15,True,True,True,False,True,True,False,358800.0,28.73,-25.99,False,3.57,6.07,1.75,False,3,True,21.78,12.34,True,False,,tv_wilder_rsi14_sma5_v1,42.56,41.17,False,True,1.39
6444,6444.T,サンデン,2023-09,NEW,1,38.67,40.07,False,True,1.39,2023-09,201.0,201.0,201.0,0.0,194.6,193.53,202.38,True,True,False,False,True,True,False,119833.0,258.0,-22.09,False,1.64,2.03,1.22,False,4,True,-2.91,3.89,False,False,,tv_wilder_rsi14_sma5_v1,40.07,38.67,True,False,1.39
8425,8425.T,みずほリース,2023-09,CONTINUE,11,74.75,76.15,True,True,1.39,2022-11,661.0,982.0,982.0,48.56,650.08,654.15,632.76,True,True,True,False,True,False,True,345867.0,693.0,-4.62,False,1.03,1.33,0.83,True,2,True,2.54,1.17,False,False,,tv_wilder_rsi14_sma5_v1,76.15,74.75,True,True,1.39
8931,8931.T,和田興産,2023-09,CONTINUE,4,74.08,75.47,True,True,1.39,2023-06,1032.0,1201.0,1201.0,16.38,995.64,977.03,933.21,True,True,True,True,True,False,True,10087.0,1044.0,-1.15,False,1.6,1.18,0.96,True,2,True,14.66,2.12,False,False,,tv_wilder_rsi14_sma5_v1,75.47,74.08,True,True,1.39
1719,1719.T,安藤・間,2023-09,CONTINUE,6,70.61,71.98,True,False,1.38,2023-04,896.0,1167.0,1167.0,30.25,857.6,859.6,860.13,True,True,True,False,False,True,True,331027.0,910.0,-1.54,False,0.99,1.16,0.94,True,1,True,4.28,1.62,True,False,,tv_wilder_rsi14_sma5_v1,71.98,70.61,False,True,1.38
9502,9502.T,中部電力,2023-09,CONTINUE,10,71.81,73.19,True,False,1.38,2022-12,1362.0,1907.0,1907.0,40.01,1301.88,1283.16,1311.84,True,True,True,False,True,False,True,2297603.0,1447.0,-5.87,False,0.6,1.67,1.04,False,2,True,5.84,2.29,False,False,,tv_wilder_rsi14_sma5_v1,73.19,71.81,False,True,1.38
2114,2114.T,フジ日本,2023-09,CONTINUE,5,78.9,80.27,True,False,1.37,2023-05,325.0,518.0,518.0,59.38,262.38,258.85,249.32,True,True,True,True,True,True,True,155340.0,326.0,-0.31,False,2.66,2.8,1.44,False,2,True,32.41,10.93,False,False,,tv_wilder_rsi14_sma5_v1,80.27,78.9,False,True,1.37
3877,3877.T,中越パルプ工業,2023-09,CONTINUE,5,63.23,64.61,True,True,1.37,2023-05,1193.0,1396.0,1396.0,17.02,1129.48,1050.29,990.77,True,True,True,True,True,True,True,66620.0,1325.0,-9.96,False,0.67,4.38,0.96,True,2,True,23.54,7.18,False,False,,tv_wilder_rsi14_sma5_v1,64.61,63.23,True,True,1.37
7067,7067.T,ブランディングテクノロジー,2023-09,NEW,1,44.8,46.16,False,True,1.37,2023-09,1133.0,1133.0,1133.0,0.0,1061.68,1107.13,1136.83,True,True,False,False,True,False,True,4600.0,1498.0,-24.37,False,0.81,2.65,0.82,True,1,True,-0.54,1.98,False,False,,tv_wilder_rsi14_sma5_v1,46.16,44.8,True,False,1.37
6035,6035.T,アイ・アールジャパンホールディングス,2023-09,CONTINUE,2,33.47,34.83,True,False,1.36,2023-08,2292.0,1743.0,1743.0,-23.95,2048.84,1799.35,1930.24,True,True,True,False,True,False,False,395707.0,2589.0,-11.47,False,0.59,3.77,0.88,True,1,True,24.84,12.16,False,False,,tv_wilder_rsi14_sma5_v1,34.83,33.47,False,True,1.36
7552,7552.T,ハピネット,2023-09,CONTINUE,5,71.51,72.87,True,False,1.36,2023-05,984.5,1250.0,1250.0,26.97,989.66,949.17,937.08,False,True,True,True,True,False,True,179427.0,1047.5,-6.01,False,0.67,2.29,1.08,False,2,True,12.13,2.02,False,False,,tv_wilder_rsi14_sma5_v1,72.87,71.51,False,True,1.36
9278,9278.T,ブックオフグループホールディングス,2023-09,NEW,1,57.39,58.75,False,True,1.36,2023-09,1247.0,1247.0,1247.0,0.0,1237.48,1228.04,1264.76,True,True,False,False,True,False,False,71780.0,1475.0,-15.46,False,0.98,1.42,1.03,False,4,True,3.0,0.51,False,False,,tv_wilder_rsi14_sma5_v1,58.75,57.39,True,False,1.36
9474,9474.T,ゼンリン,2023-09,CONTINUE,8,42.75,44.1,True,True,1.36,2023-02,841.0,913.0,913.0,8.56,841.84,836.49,888.61,False,True,False,False,True,False,False,132370.0,1115.0,-24.57,False,0.58,1.41,0.83,True,4,True,-9.63,-0.83,False,False,,tv_wilder_rsi14_sma5_v1,44.1,42.75,True,True,1.36
4098,4098.T,チタン工業,2023-09,NEW,1,35.34,36.69,False,True,1.35,2023-09,1405.0,1405.0,1405.0,0.0,1415.64,1398.32,1437.6,False,True,False,False,True,True,False,5717.0,1827.0,-23.1,False,0.56,1.67,0.85,True,4,False,-4.39,0.31,False,False,,tv_wilder_rsi14_sma5_v1,36.69,35.34,True,False,1.35
6470,6470.T,大豊工業,2023-09,CONTINUE,6,57.84,59.19,True,True,1.35,2023-04,725.0,899.0,899.0,24.0,651.88,640.51,669.64,True,True,True,False,True,True,False,57657.0,747.0,-2.95,False,2.38,2.6,1.38,False,1,True,8.24,4.64,False,False,,tv_wilder_rsi14_sma5_v1,59.19,57.84,True,True,1.35
1793,1793.T,大本組,2023-09,NEW,1,58.44,59.79,True,True,1.34,2023-09,1265.5,1265.5,1265.5,0.0,1235.82,1219.07,1161.16,True,True,True,True,True,True,True,6640.0,1287.5,-1.71,False,1.12,1.71,1.11,False,2,True,7.27,-0.85,False,False,,tv_wilder_rsi14_sma5_v1,59.79,58.44,True,True,1.34
6326,6326.T,クボタ,2023-09,CONTINUE,4,51.46,52.8,True,False,1.34,2023-06,2099.0,2204.0,2204.0,5.0,2071.54,2015.31,2011.03,True,True,True,True,True,True,False,4800327.0,2279.5,-7.92,False,0.93,2.48,0.98,True,3,True,5.71,4.76,False,False,,tv_wilder_rsi14_sma5_v1,52.8,51.46,False,True,1.34
1376,1376.T,カネコ種苗,2023-09,NEW,1,45.24,46.57,False,True,1.33,2023-09,1459.0,1459.0,1459.0,0.0,1446.8,1439.79,1516.71,True,True,False,False,True,False,True,19090.0,1709.0,-14.63,False,1.26,1.79,1.48,False,1,True,-3.34,2.29,False,False,,tv_wilder_rsi14_sma5_v1,46.57,45.24,True,False,1.33
3082,3082.T,きちりホールディングス,2023-09,CONTINUE,2,69.37,70.7,True,True,1.33,2023-08,874.0,901.0,901.0,3.09,854.16,865.25,718.04,True,True,True,False,True,True,True,17150.0,966.0,-9.52,False,0.87,2.03,0.92,True,2,True,50.73,-9.86,False,False,,tv_wilder_rsi14_sma5_v1,70.7,69.37,True,True,1.33
3537,3537.T,昭栄薬品,2023-09,NEW,1,47.31,48.64,True,True,1.33,2023-09,987.0,987.0,987.0,0.0,979.52,980.69,985.63,True,True,True,False,False,True,False,3723.0,1068.0,-7.58,False,1.82,0.35,0.86,True,3,True,-0.23,0.39,True,False,,tv_wilder_rsi14_sma5_v1,48.64,47.31,True,True,1.33
3964,3964.T,オークネット,2023-09,CONTINUE,4,50.09,51.41,True,True,1.33,2023-06,426.0,448.25,448.25,5.22,423.86,408.92,459.99,True,True,False,False,True,False,False,202547.0,612.5,-30.45,False,0.84,2.92,1.28,False,4,True,-7.61,2.12,False,False,,tv_wilder_rsi14_sma5_v1,51.41,50.09,True,True,1.33
5018,5018.T,ＭＯＲＥＳＣＯ,2023-09,CONTINUE,4,51.15,52.48,True,True,1.33,2023-06,1183.0,1190.0,1190.0,0.59,1155.68,1148.44,1133.58,True,True,True,True,True,False,False,12273.0,1270.0,-6.85,False,0.78,0.86,0.95,True,1,True,2.58,1.91,False,False,,tv_wilder_rsi14_sma5_v1,52.48,51.15,True,True,1.33
6332,6332.T,月島ホールディングス,2023-09,CONTINUE,12,60.8,62.14,True,False,1.33,2022-10,1009.0,1320.0,1320.0,30.82,918.32,908.45,963.58,True,True,True,False,True,True,False,133377.0,1196.0,-15.64,False,2.27,2.09,1.13,False,3,True,0.9,4.41,False,False,,tv_wilder_rsi14_sma5_v1,62.14,60.8,False,True,1.33
9380,9380.T,東海運,2023-09,NEW,1,47.42,48.75,False,True,1.33,2023-09,289.0,289.0,289.0,0.0,287.92,286.64,288.12,True,True,True,False,True,True,True,19837.0,381.0,-24.15,False,1.51,1.31,1.31,False,2,False,1.89,0.35,False,False,,tv_wilder_rsi14_sma5_v1,48.75,47.42,True,False,1.33
7512,7512.T,イオン北海道,2023-09,CONTINUE,4,40.86,42.17,True,True,1.32,2023-06,870.0,872.0,872.0,0.23,855.48,826.11,982.36,True,True,False,False,True,True,False,253987.0,1241.0,-29.9,False,0.9,1.31,1.12,False,4,True,-9.75,1.7,False,False,,tv_wilder_rsi14_sma5_v1,42.17,40.86,True,True,1.32
4885,4885.T,室町ケミカル,2023-09,CONTINUE,6,36.73,38.04,True,True,1.31,2023-04,754.0,802.0,802.0,6.37,756.2,761.89,848.75,False,False,False,False,True,False,False,6137.0,1234.0,-38.9,False,0.97,1.49,0.7,True,4,False,-7.94,1.25,False,False,,tv_wilder_rsi14_sma5_v1,38.04,36.73,True,True,1.31
7426,7426.T,山大,2023-09,CONTINUE,5,50.08,51.39,True,True,1.31,2023-05,955.0,1035.0,1035.0,8.38,942.28,941.28,989.87,True,True,False,False,True,True,False,1227.0,1315.0,-27.38,False,0.54,1.42,0.91,True,4,True,-8.19,1.58,False,False,,tv_wilder_rsi14_sma5_v1,51.39,50.08,True,True,1.31
7730,7730.T,マニー,2023-09,CONTINUE,3,46.26,47.57,True,False,1.31,2023-07,1825.5,1814.0,1814.0,-0.63,1724.66,1717.31,1885.79,True,True,False,False,True,False,False,397573.0,2362.0,-22.71,False,0.91,2.86,1.1,False,4,True,1.29,0.93,False,False,,tv_wilder_rsi14_sma5_v1,47.57,46.26,False,True,1.31
9533,9533.T,東邦瓦斯,2023-09,CONTINUE,4,37.08,38.39,True,False,1.31,2023-06,623.12,651.88,651.88,4.61,627.79,626.95,649.71,False,False,False,False,False,False,False,1171253.0,835.0,-25.37,False,1.0,1.79,1.06,False,4,True,-6.65,1.42,False,False,,tv_wilder_rsi14_sma5_v1,38.39,37.08,False,True,1.31
9539,9539.T,京葉瓦斯,2023-09,CONTINUE,8,38.66,39.97,True,True,1.31,2023-02,802.33,840.0,840.0,4.69,789.67,786.48,861.55,True,True,False,False,True,False,False,7910.0,1100.0,-27.06,False,1.35,0.85,1.17,False,4,True,-10.59,2.29,False,False,,tv_wilder_rsi14_sma5_v1,39.97,38.66,True,True,1.31
2341,2341.T,アルバイトタイムス,2023-09,CONTINUE,7,50.64,51.94,False,False,1.3,2023-03,131.0,145.0,145.0,10.69,126.72,126.76,133.77,True,True,False,False,True,False,False,66597.0,156.0,-16.03,False,1.0,1.58,0.87,True,4,True,0.32,2.87,False,False,,tv_wilder_rsi14_sma5_v1,51.94,50.64,False,False,1.3
3179,3179.T,シュッピン,2023-09,CONTINUE,5,49.04,50.34,True,False,1.3,2023-05,968.0,1131.0,1131.0,16.84,933.28,899.4,1136.41,True,True,False,False,True,False,False,307827.0,1574.0,-38.5,False,0.59,2.97,0.85,True,4,True,-14.06,5.13,False,False,,tv_wilder_rsi14_sma5_v1,50.34,49.04,False,True,1.3
3291,3291.T,飯田グループホールディングス,2023-09,NEW,1,54.88,56.18,True,True,1.3,2023-09,2486.5,2486.5,2486.5,0.0,2508.34,2449.51,2303.9,False,True,True,True,True,True,True,527907.0,2725.5,-8.77,False,0.93,2.43,1.06,False,2,False,11.17,0.79,False,False,,tv_wilder_rsi14_sma5_v1,56.18,54.88,True,True,1.3
6171,6171.T,土木管理総合試験所,2023-09,CONTINUE,11,48.78,50.08,True,False,1.3,2022-11,312.0,338.0,338.0,8.33,305.96,310.04,321.12,True,True,False,False,True,False,False,15263.0,383.0,-18.54,False,1.41,0.69,1.1,False,4,True,-4.34,1.34,False,False,,tv_wilder_rsi14_sma5_v1,50.08,48.78,False,True,1.3
7064,7064.T,ハウテレビジョン,2023-09,NEW,1,52.56,53.85,False,True,1.3,2023-09,1787.5,1787.5,1787.5,0.0,1671.4,1616.33,1813.69,True,True,False,False,True,False,False,21413.0,2895.0,-38.26,False,0.47,3.7,0.81,True,4,True,6.38,4.94,False,False,,tv_wilder_rsi14_sma5_v1,53.85,52.56,True,False,1.3
3495,3495.T,香陵住販,2023-09,CONTINUE,15,78.73,80.01,True,False,1.29,2022-07,977.0,1468.0,1468.0,50.26,932.08,891.15,935.17,True,True,True,False,True,True,False,1800.0,,,,0.42,2.2,0.65,True,3,True,,,,False,,tv_wilder_rsi14_sma5_v1,80.01,78.73,False,True,1.29
6474,6474.T,不二越,2023-09,CONTINUE,2,49.96,51.25,True,True,1.29,2023-08,4015.0,4020.0,4020.0,0.12,3872.6,3945.93,3865.18,True,True,True,False,False,True,True,51627.0,4245.0,-5.42,False,0.63,1.44,0.86,True,2,True,2.9,0.02,False,False,,tv_wilder_rsi14_sma5_v1,51.25,49.96,True,True,1.29
7057,7057.T,エヌ・シー・エヌ,2023-09,CONTINUE,2,37.89,39.18,False,True,1.29,2023-08,963.0,970.0,970.0,0.73,947.92,955.6,1099.56,True,True,False,False,False,False,False,820.0,1412.0,-31.8,False,1.66,1.35,1.12,False,4,True,-11.77,2.27,False,False,,tv_wilder_rsi14_sma5_v1,39.18,37.89,True,False,1.29
7640,7640.T,トップカルチャー,2023-09,CONTINUE,4,27.3,28.59,True,True,1.29,2023-06,189.0,189.0,189.0,0.0,189.8,193.4,196.38,False,False,False,False,False,False,False,14027.0,263.0,-28.14,False,0.72,1.17,0.76,True,4,True,-8.78,1.06,False,False,,tv_wilder_rsi14_sma5_v1,28.59,27.3,True,True,1.29
9441,9441.T,ベルパーク,2023-09,NEW,1,41.17,42.46,True,True,1.29,2023-09,1683.0,1683.0,1683.0,0.0,1664.92,1665.45,1712.18,True,True,False,False,True,False,False,2657.0,2100.0,-19.86,False,0.96,0.65,0.81,True,4,True,-6.15,-0.07,False,False,,tv_wilder_rsi14_sma5_v1,42.46,41.17,True,True,1.29
9470,9470.T,学研ホールディングス,2023-09,NEW,1,38.97,40.26,True,True,1.29,2023-09,871.0,871.0,871.0,0.0,865.72,866.16,881.38,True,True,False,False,True,False,False,132223.0,1037.0,-16.01,False,1.52,1.36,1.17,False,4,True,-2.02,1.75,False,False,,tv_wilder_rsi14_sma5_v1,40.26,38.97,True,True,1.29
9820,9820.T,エムティジェネックス,2023-09,CONTINUE,3,45.45,46.74,True,True,1.29,2023-07,2341.0,2400.0,2400.0,2.52,2335.48,2334.99,2338.32,True,True,True,False,True,False,False,1127.0,3020.0,-22.48,False,0.37,0.95,1.07,False,3,True,0.65,1.32,False,False,,tv_wilder_rsi14_sma5_v1,46.74,45.45,True,True,1.29
3965,3965.T,キャピタル・アセット・プランニング,2023-09,CONTINUE,9,50.84,52.13,True,False,1.28,2023-01,597.0,818.0,818.0,37.02,578.56,578.19,645.93,True,True,False,False,False,False,False,6847.0,824.0,-27.55,False,1.21,1.42,1.09,False,4,True,-7.5,2.65,False,False,,tv_wilder_rsi14_sma5_v1,52.13,50.84,False,True,1.28
6301,6301.T,小松製作所,2023-09,CONTINUE,9,65.53,66.81,True,False,1.28,2023-01,3155.0,4043.0,4043.0,28.15,2968.34,2974.54,2977.17,True,True,True,False,False,True,True,2811267.0,3570.0,-11.62,False,1.13,1.68,1.08,False,1,True,8.27,2.51,False,False,,tv_wilder_rsi14_sma5_v1,66.81,65.53,False,True,1.28
9042,9042.T,阪急阪神ホールディングス,2023-09,CONTINUE,6,69.46,70.74,True,False,1.28,2023-04,4235.0,5101.0,5101.0,20.45,4061.4,3928.2,4046.2,True,True,True,False,True,True,True,470350.0,4545.0,-6.82,False,1.0,1.26,1.01,False,2,True,10.22,2.38,False,False,,tv_wilder_rsi14_sma5_v1,70.74,69.46,False,True,1.28
9698,9698.T,クレオ,2023-09,CONTINUE,4,45.43,46.71,True,True,1.28,2023-06,909.0,941.0,941.0,3.52,898.0,894.13,883.7,True,True,True,True,True,False,True,6273.0,960.0,-5.31,False,0.59,1.06,1.03,False,2,True,2.11,1.17,False,False,,tv_wilder_rsi14_sma5_v1,46.71,45.43,True,True,1.28
2291,2291.T,福留ハム,2023-09,NEW,1,30.13,31.39,True,True,1.26,2023-09,1481.0,1481.0,1481.0,0.0,1475.72,1475.79,1498.41,True,True,False,False,False,False,False,2003.0,1592.0,-6.97,False,0.71,0.3,1.01,False,4,False,-1.02,0.82,False,False,,tv_wilder_rsi14_sma5_v1,31.39,30.13,True,True,1.26
8894,8894.T,ＲＥＶＯＬＵＴＩＯＮ,2023-09,CONTINUE,2,42.84,44.1,True,False,1.26,2023-08,180.0,160.0,160.0,-11.11,152.4,152.93,148.45,True,True,True,False,True,False,True,92143.0,190.0,-5.26,False,3.79,9.13,1.19,False,2,True,17.0,7.0,False,False,,tv_wilder_rsi14_sma5_v1,44.1,42.84,False,True,1.26
1764,1764.T,工藤建設,2023-09,NEW,1,54.72,55.97,False,True,1.25,2023-09,2500.0,2500.0,2500.0,0.0,2458.72,2434.44,2465.96,True,True,True,False,True,False,True,433.0,2720.0,-8.09,False,0.74,1.12,0.8,True,2,True,5.2,0.89,False,False,,tv_wilder_rsi14_sma5_v1,55.97,54.72,True,False,1.25
4495,4495.T,アイキューブドシステムズ,2023-09,NEW,1,26.1,27.35,True,True,1.25,2023-09,1414.0,1414.0,1414.0,0.0,1330.24,1395.27,1399.24,True,True,True,False,False,False,False,2997.0,1750.0,-19.2,False,0.83,1.12,1.21,False,3,True,-3.83,4.45,False,False,,tv_wilder_rsi14_sma5_v1,27.35,26.1,True,True,1.25
3682,3682.T,エンカレッジ・テクノロジ,2023-09,NEW,1,40.18,41.42,False,True,1.24,2023-09,509.0,509.0,509.0,0.0,506.04,508.44,507.87,True,True,True,False,True,True,False,7577.0,546.0,-6.78,False,1.26,1.05,0.88,True,3,True,-1.01,-0.16,False,False,,tv_wilder_rsi14_sma5_v1,41.42,40.18,True,False,1.24
7383,7383.T,ネットプロテクションズホールディングス,2023-09,CONTINUE,2,23.36,24.6,True,False,1.24,2023-08,401.0,340.0,340.0,-15.21,344.4,348.57,460.46,True,True,False,False,True,False,False,328023.0,630.0,-36.35,False,1.46,4.52,1.01,False,4,True,-10.86,10.23,True,False,,tv_wilder_rsi14_sma5_v1,24.6,23.36,False,True,1.24
3156,3156.T,レスター,2023-09,CONTINUE,5,60.27,61.51,True,True,1.23,2023-05,2287.0,2449.0,2449.0,7.08,2237.72,2220.55,2130.3,True,True,True,True,True,True,True,46277.0,2456.0,-6.88,False,1.11,2.31,1.05,False,2,True,3.57,0.62,False,False,,tv_wilder_rsi14_sma5_v1,61.51,60.27,True,True,1.23
3446,3446.T,ジェイテックコーポレーション,2023-09,CONTINUE,2,48.8,50.04,True,True,1.23,2023-08,2577.0,2580.0,2580.0,0.12,2347.12,2420.09,2557.99,True,True,True,False,True,False,True,73817.0,3695.0,-30.26,False,1.07,4.35,0.91,True,2,True,11.88,1.89,True,False,,tv_wilder_rsi14_sma5_v1,50.04,48.8,True,True,1.23
4428,4428.T,シノプス,2023-09,CONTINUE,4,43.01,44.25,True,False,1.23,2023-06,987.0,995.0,995.0,0.81,949.56,962.51,1105.35,True,True,False,False,True,False,False,7583.0,1540.0,-35.91,False,0.61,3.16,1.05,False,4,True,-12.11,3.37,False,False,,tv_wilder_rsi14_sma5_v1,44.25,43.01,False,True,1.23
4691,4691.T,ワシントンホテル,2023-09,CONTINUE,2,53.04,54.26,False,False,1.23,2023-08,953.0,941.0,941.0,-1.26,962.64,919.57,893.54,False,True,True,True,True,True,True,107553.0,1082.0,-11.92,False,0.91,5.15,0.92,True,2,True,6.84,-0.09,False,False,,tv_wilder_rsi14_sma5_v1,54.26,53.04,False,False,1.23
5959,5959.T,岡部,2023-09,NEW,1,51.31,52.54,False,True,1.23,2023-09,751.0,751.0,751.0,0.0,748.68,743.84,750.55,True,True,True,False,True,False,True,54243.0,843.0,-10.91,False,1.43,1.17,1.16,False,2,True,3.94,0.7,False,False,,tv_wilder_rsi14_sma5_v1,52.54,51.31,True,False,1.23
9250,9250.T,ＧＲＣＳ,2023-09,CONTINUE,4,33.28,34.5,True,False,1.23,2023-06,2812.0,2688.0,2688.0,-4.41,2636.96,2647.81,2790.37,True,True,True,False,True,False,False,4803.0,4280.0,-34.3,False,1.05,3.76,0.96,True,3,True,-0.14,7.01,False,False,,tv_wilder_rsi14_sma5_v1,34.5,33.28,False,True,1.23
2164,2164.T,地域新聞社,2023-09,CONTINUE,4,41.13,42.36,True,True,1.22,2023-06,105.56,107.22,107.22,1.58,97.4,102.73,110.19,True,True,False,False,False,False,False,21564.0,225.0,-53.09,False,2.4,2.5,1.27,False,4,True,-8.18,3.33,True,False,,tv_wilder_rsi14_sma5_v1,42.36,41.13,True,True,1.22
2922,2922.T,なとり,2023-09,CONTINUE,3,48.79,50.01,False,False,1.22,2023-07,1964.0,1976.0,1976.0,0.61,1954.96,1957.09,2004.41,True,True,False,False,True,False,False,13673.0,2107.0,-6.79,False,0.94,0.62,0.86,True,4,True,-3.08,-0.64,False,False,,tv_wilder_rsi14_sma5_v1,50.01,48.79,False,False,1.22
4482,4482.T,ウィルズ,2023-09,NEW,1,42.65,43.86,True,True,1.22,2023-09,611.0,611.0,611.0,0.0,595.2,599.73,605.06,True,True,True,False,True,True,False,19227.0,728.0,-16.07,False,0.94,1.5,0.82,True,3,True,-0.82,2.8,True,False,,tv_wilder_rsi14_sma5_v1,43.86,42.65,True,True,1.22
6570,6570.T,共和コーポレーション,2023-09,CONTINUE,3,65.28,66.49,True,False,1.22,2023-07,683.0,789.0,789.0,15.52,640.04,625.45,604.98,True,True,True,True,True,True,True,2663.0,733.0,-6.82,False,0.91,1.66,1.5,False,2,True,20.94,3.2,True,False,,tv_wilder_rsi14_sma5_v1,66.49,65.28,False,True,1.22
4645,4645.T,市進ホールディングス,2023-09,CONTINUE,4,59.31,60.52,True,True,1.21,2023-06,486.0,492.0,492.0,1.23,479.84,471.76,474.75,True,True,True,False,True,True,True,1353.0,515.0,-5.63,False,0.52,0.93,0.87,True,2,True,5.63,-0.43,False,False,,tv_wilder_rsi14_sma5_v1,60.52,59.31,True,True,1.21
4657,4657.T,環境管理センター,2023-09,CONTINUE,9,57.58,58.79,True,False,1.21,2023-01,414.0,593.0,593.0,43.24,403.08,412.2,432.83,True,True,False,False,False,False,False,13413.0,560.0,-26.07,False,1.17,2.28,0.73,True,4,True,-5.7,1.48,False,False,,tv_wilder_rsi14_sma5_v1,58.79,57.58,False,True,1.21
4761,4761.T,さくらケーシーエス,2023-09,NEW,1,49.3,50.51,True,True,1.21,2023-09,822.0,822.0,822.0,0.0,820.08,818.28,817.38,True,True,True,True,True,True,True,3133.0,964.0,-14.73,False,0.98,0.46,0.83,True,2,True,0.76,0.07,False,False,,tv_wilder_rsi14_sma5_v1,50.51,49.3,True,True,1.21
6786,6786.T,ＲＶＨ,2023-09,NEW,1,35.97,37.18,True,True,1.21,2023-09,59.0,59.0,59.0,0.0,56.76,57.81,62.35,True,True,False,False,False,False,False,84037.0,90.0,-34.44,False,0.34,4.48,1.25,False,4,False,-10.2,1.78,False,False,,tv_wilder_rsi14_sma5_v1,37.18,35.97,True,True,1.21
8005,8005.T,スクロール,2023-09,CONTINUE,9,61.94,63.15,True,False,1.21,2023-01,726.0,993.0,993.0,36.78,713.4,709.44,778.76,True,True,False,False,False,False,False,104553.0,957.0,-24.14,False,0.85,0.92,0.8,True,4,True,-7.04,1.53,False,False,,tv_wilder_rsi14_sma5_v1,63.15,61.94,False,True,1.21
7902,7902.T,ソノコム,2023-09,CONTINUE,4,52.57,53.77,True,False,1.2,2023-06,829.0,831.0,831.0,0.24,816.08,826.79,822.49,True,True,True,False,False,False,True,1000.0,858.0,-3.38,False,1.06,0.78,1.16,False,2,True,3.78,1.1,False,False,,tv_wilder_rsi14_sma5_v1,53.77,52.57,False,True,1.2
2747,2747.T,北雄ラッキー,2023-09,CONTINUE,5,47.7,48.89,True,True,1.19,2023-05,2991.0,3025.0,3025.0,1.14,2989.32,2984.96,3024.11,True,True,False,False,True,False,False,617.0,3200.0,-6.53,False,0.81,0.37,0.74,True,4,True,-0.57,-0.09,False,False,,tv_wilder_rsi14_sma5_v1,48.89,47.7,True,True,1.19
3608,3608.T,ＴＳＩホールディングス,2023-09,NEW,1,74.04,75.22,True,True,1.19,2023-09,810.0,810.0,810.0,0.0,771.64,745.55,642.51,True,True,True,True,True,True,True,340983.0,881.0,-8.06,False,1.0,3.34,1.32,False,2,True,44.27,3.18,False,False,,tv_wilder_rsi14_sma5_v1,75.22,74.04,True,True,1.19
9663,9663.T,ナガワ,2023-09,CONTINUE,4,42.48,43.67,True,False,1.19,2023-06,6880.0,6960.0,6960.0,1.16,6645.2,6571.47,7104.95,True,True,False,False,True,False,False,15587.0,8540.0,-19.44,False,0.76,2.1,1.05,False,4,True,-4.24,5.39,False,False,,tv_wilder_rsi14_sma5_v1,43.67,42.48,False,True,1.19
2134,2134.T,北浜キャピタルパートナーズ,2023-09,CONTINUE,5,46.54,47.73,True,True,1.18,2023-05,20.0,24.0,24.0,20.0,12.0,12.85,16.58,True,True,True,False,False,False,False,3468837.0,29.0,-31.03,False,4.85,15.71,1.44,False,3,True,8.25,30.48,False,False,,tv_wilder_rsi14_sma5_v1,47.73,46.54,True,True,1.18
4491,4491.T,コンピューターマネージメント,2023-09,NEW,1,48.92,50.1,True,True,1.18,2023-09,1489.0,1489.0,1489.0,0.0,1463.68,1465.52,1485.9,True,True,True,False,True,True,False,1490.0,1718.0,-13.33,False,1.34,1.25,0.82,True,3,True,-0.28,0.58,True,False,,tv_wilder_rsi14_sma5_v1,50.1,48.92,True,True,1.18
4671,4671.T,ファルコホールディングス,2023-09,CONTINUE,2,51.69,52.88,False,False,1.18,2023-08,2011.0,1941.0,1941.0,-3.48,1937.52,1881.11,1882.24,True,True,True,False,True,False,True,14783.0,2107.0,-4.56,False,0.94,2.08,0.94,True,2,True,8.68,4.6,False,False,,tv_wilder_rsi14_sma5_v1,52.88,51.69,False,False,1.18
4880,4880.T,セルソース,2023-09,NEW,1,41.42,42.59,True,True,1.18,2023-09,2512.0,2512.0,2512.0,0.0,2304.16,2378.08,2960.7,True,True,False,False,True,False,False,179103.0,5230.0,-51.97,False,0.93,5.75,0.93,True,4,False,-21.54,2.56,True,False,,tv_wilder_rsi14_sma5_v1,42.59,41.42,True,True,1.18
6929,6929.T,日本セラミック,2023-09,NEW,1,51.24,52.42,False,True,1.18,2023-09,2664.0,2664.0,2664.0,0.0,2601.64,2585.53,2583.78,True,True,True,True,True,True,False,80143.0,2830.0,-5.87,False,1.18,1.53,1.15,False,1,True,0.69,0.94,False,False,,tv_wilder_rsi14_sma5_v1,52.42,51.24,True,False,1.18
4992,4992.T,北興化学工業,2023-09,NEW,1,51.53,52.69,True,True,1.17,2023-09,952.0,952.0,952.0,0.0,935.24,922.97,879.93,True,True,True,True,True,True,True,60200.0,1042.0,-8.64,False,1.11,1.78,1.26,False,2,True,4.78,2.97,False,False,,tv_wilder_rsi14_sma5_v1,52.69,51.53,True,True,1.17
6706,6706.T,電気興業,2023-09,CONTINUE,4,49.5,50.67,True,False,1.17,2023-06,2220.0,2387.0,2387.0,7.52,2246.6,2242.03,2179.76,False,False,True,True,True,True,False,18737.0,2579.0,-13.92,False,0.54,1.9,0.98,True,3,False,-0.46,0.89,False,False,,tv_wilder_rsi14_sma5_v1,50.67,49.5,False,True,1.17
5952,5952.T,アマテイ,2023-09,CONTINUE,9,53.83,54.97,True,False,1.15,2023-01,117.0,142.0,142.0,21.37,113.64,115.35,117.33,True,True,False,False,False,False,True,39270.0,147.0,-20.41,False,0.54,1.34,1.0,False,1,True,-1.26,2.08,False,False,,tv_wilder_rsi14_sma5_v1,54.97,53.83,False,True,1.15
3671,3671.T,ソフトマックス,2023-09,CONTINUE,3,43.44,44.58,True,True,1.14,2023-07,188.0,187.25,187.25,-0.4,181.9,181.61,200.85,True,True,False,False,True,False,False,26360.0,257.0,-26.85,False,1.86,1.59,1.03,False,4,True,-5.27,2.21,False,False,,tv_wilder_rsi14_sma5_v1,44.58,43.44,True,True,1.14
3983,3983.T,オロ,2023-09,NEW,1,46.03,47.17,False,True,1.14,2023-09,2150.0,2150.0,2150.0,0.0,2067.92,2023.13,2077.64,True,True,True,False,True,False,True,48673.0,2574.0,-16.47,False,1.23,2.51,1.06,False,2,True,12.36,3.53,False,False,,tv_wilder_rsi14_sma5_v1,47.17,46.03,True,False,1.14
4293,4293.T,セプテーニ・ホールディングス,2023-09,CONTINUE,7,48.04,49.19,True,False,1.14,2023-03,361.0,414.0,414.0,14.68,334.68,339.89,421.23,True,True,False,False,False,False,False,1143343.0,699.0,-48.35,False,0.99,3.56,1.22,False,4,True,-16.54,3.3,False,False,,tv_wilder_rsi14_sma5_v1,49.19,48.04,False,True,1.14
6668,6668.T,アドテック　プラズマ　テクノロジー,2023-09,CONTINUE,3,48.7,49.83,True,False,1.13,2023-07,1627.0,1659.0,1659.0,1.97,1503.36,1460.21,1548.02,True,True,True,False,True,True,False,125857.0,2066.0,-21.25,False,0.94,4.82,1.22,False,1,True,9.91,7.52,False,False,,tv_wilder_rsi14_sma5_v1,49.83,48.7,False,True,1.13
9212,9212.T,Ｇｒｅｅｎ　Ｅａｒｔｈ　Ｉｎｓｔｉｔｕｔｅ,2023-09,NEW,1,31.25,32.37,True,True,1.13,2023-09,727.0,727.0,727.0,0.0,707.32,710.55,681.38,True,True,True,False,True,False,True,101887.0,945.0,-23.07,False,0.83,3.87,0.91,True,2,True,13.1,6.64,False,False,,tv_wilder_rsi14_sma5_v1,32.37,31.25,True,True,1.13
1850,1850.T,南海辰村建設,2023-09,CONTINUE,9,51.78,52.9,True,True,1.12,2023-01,318.0,335.0,335.0,5.35,309.56,310.57,325.85,True,True,False,False,True,False,False,35863.0,378.0,-15.87,False,1.5,1.66,1.56,False,1,True,-1.97,2.56,False,False,,tv_wilder_rsi14_sma5_v1,52.9,51.78,True,True,1.12
2408,2408.T,ＫＧ情報,2023-09,CONTINUE,8,59.79,60.9,True,False,1.12,2023-02,365.0,414.0,414.0,13.42,358.04,355.96,359.98,True,True,True,False,True,False,False,18983.0,437.0,-16.48,False,0.47,1.57,0.97,True,3,True,3.21,0.83,False,False,,tv_wilder_rsi14_sma5_v1,60.9,59.79,False,True,1.12
4839,4839.T,ＷＯＷＯＷ,2023-09,CONTINUE,4,26.41,27.53,True,False,1.12,2023-06,1143.0,1136.0,1136.0,-0.61,1118.12,1198.23,1242.41,True,False,False,False,False,False,False,75623.0,1534.0,-25.49,False,0.67,1.49,0.99,True,4,True,-11.46,2.08,False,False,,tv_wilder_rsi14_sma5_v1,27.53,26.41,False,True,1.12
9755,9755.T,応用地質,2023-09,CONTINUE,3,59.39,60.51,True,False,1.12,2023-07,2630.0,2493.0,2493.0,-5.21,2282.4,2090.08,2119.03,True,True,True,False,True,True,True,70890.0,2637.0,-0.27,False,0.97,2.85,1.12,False,1,True,31.43,9.6,False,False,,tv_wilder_rsi14_sma5_v1,60.51,59.39,False,True,1.12
3031,3031.T,ラクーンホールディングス,2023-09,CONTINUE,3,37.58,38.69,True,False,1.11,2023-07,713.0,755.0,755.0,5.89,698.64,725.61,960.42,True,False,False,False,False,False,False,350700.0,1584.0,-54.99,False,0.4,2.34,0.81,True,4,False,-27.51,0.58,False,False,,tv_wilder_rsi14_sma5_v1,38.69,37.58,False,True,1.11
3034,3034.T,クオールホールディングス,2023-09,CONTINUE,6,63.91,65.02,True,False,1.11,2023-04,1243.0,1857.0,1857.0,49.4,1191.84,1174.15,1213.12,True,True,True,False,True,True,False,90853.0,1517.0,-18.06,False,0.8,1.39,1.06,False,3,True,3.55,2.7,True,False,,tv_wilder_rsi14_sma5_v1,65.02,63.91,False,True,1.11
4246,4246.T,ダイキョーニシカワ,2023-09,CONTINUE,9,60.88,61.99,True,False,1.11,2023-01,609.0,805.0,805.0,32.18,564.24,578.32,552.33,True,True,True,False,False,True,True,105437.0,635.0,-4.09,False,0.88,1.56,1.16,False,2,True,6.14,1.72,False,False,,tv_wilder_rsi14_sma5_v1,61.99,60.88,False,True,1.11
5802,5802.T,住友電気工業,2023-09,CONTINUE,4,61.02,62.13,True,True,1.11,2023-06,439.25,450.38,450.38,2.53,427.42,422.25,404.86,True,True,True,True,True,True,True,10604507.0,451.0,-2.61,False,1.3,2.12,1.08,False,2,True,11.0,1.75,False,False,,tv_wilder_rsi14_sma5_v1,62.13,61.02,True,True,1.11
6378,6378.T,木村化工機,2023-09,CONTINUE,4,51.46,52.57,True,False,1.11,2023-06,719.0,746.0,746.0,3.76,725.16,707.81,707.41,False,True,True,True,True,True,False,63240.0,832.0,-13.58,False,0.67,1.83,0.88,True,3,True,4.71,0.65,False,False,,tv_wilder_rsi14_sma5_v1,52.57,51.46,False,True,1.11
6517,6517.T,デンヨー,2023-09,CONTINUE,11,60.68,61.8,True,True,1.11,2022-11,1500.0,2128.0,2128.0,41.87,1452.48,1493.29,1576.26,True,True,False,False,True,False,False,31613.0,1855.0,-19.14,False,0.71,2.16,0.76,True,4,True,-9.16,3.42,False,False,,tv_wilder_rsi14_sma5_v1,61.8,60.68,True,True,1.11
9767,9767.T,日建工学,2023-09,CONTINUE,6,55.78,56.89,True,False,1.11,2023-04,1524.0,1754.0,1754.0,15.09,1432.32,1393.71,1439.67,True,True,True,False,True,True,True,1453.0,1919.0,-20.58,False,0.37,1.7,0.72,True,1,True,6.77,4.05,False,False,,tv_wilder_rsi14_sma5_v1,56.89,55.78,False,True,1.11
3969,3969.T,エイトレッド,2023-09,CONTINUE,2,38.71,39.81,True,False,1.1,2023-08,1467.0,1454.0,1454.0,-0.89,1429.88,1425.57,1451.52,True,True,True,False,False,False,False,40403.0,1885.0,-22.18,False,0.43,1.28,1.02,False,1,True,-4.78,1.4,False,False,,tv_wilder_rsi14_sma5_v1,39.81,38.71,False,True,1.1
3981,3981.T,ビーグリー,2023-09,NEW,1,42.92,44.01,False,True,1.1,2023-09,1161.0,1161.0,1161.0,0.0,1128.88,1124.95,1171.33,True,True,False,False,True,False,False,31250.0,1417.0,-18.07,False,0.95,1.99,1.35,False,4,True,-3.42,2.16,False,False,,tv_wilder_rsi14_sma5_v1,44.01,42.92,True,False,1.1
4461,4461.T,第一工業製薬,2023-09,NEW,1,30.67,31.77,False,True,1.1,2023-09,1740.0,1740.0,1740.0,0.0,1714.48,1728.88,1843.78,True,True,False,False,True,False,False,30537.0,2110.0,-17.54,False,1.16,1.53,1.22,False,4,True,-7.56,2.34,False,False,,tv_wilder_rsi14_sma5_v1,31.77,30.67,True,False,1.1
6919,6919.T,ケル,2023-09,CONTINUE,4,68.31,69.42,True,False,1.1,2023-06,1873.0,1919.0,1919.0,2.46,1816.28,1771.55,1732.13,True,True,True,True,True,False,True,17413.0,1949.0,-3.9,False,0.7,1.52,1.04,False,2,True,13.65,3.09,False,False,,tv_wilder_rsi14_sma5_v1,69.42,68.31,False,True,1.1
2818,2818.T,ピエトロ,2023-09,CONTINUE,2,57.8,58.89,True,False,1.09,2023-08,1853.0,1842.0,1842.0,-0.59,1826.6,1819.16,1820.74,True,True,True,False,True,True,True,3620.0,1905.0,-2.73,False,0.91,0.47,1.17,False,2,True,2.6,1.03,False,False,,tv_wilder_rsi14_sma5_v1,58.89,57.8,False,True,1.09
7634,7634.T,星医療酸器,2023-09,CONTINUE,5,58.68,59.77,True,False,1.09,2023-05,4020.0,4200.0,4200.0,4.48,3962.6,3919.27,3899.47,True,True,True,True,True,True,True,723.0,4170.0,-3.6,False,1.47,0.75,0.94,True,2,True,5.1,-0.19,False,False,,tv_wilder_rsi14_sma5_v1,59.77,58.68,False,True,1.09
7837,7837.T,アールシーコア,2023-09,CONTINUE,7,37.69,38.78,True,False,1.09,2023-03,419.0,494.0,494.0,17.9,399.08,388.93,485.08,True,True,False,False,True,False,False,7483.0,740.0,-43.38,False,2.26,4.47,1.04,False,4,True,-13.54,6.58,False,False,,tv_wilder_rsi14_sma5_v1,38.78,37.69,False,True,1.09
8150,8150.T,三信電気,2023-09,CONTINUE,2,54.4,55.5,False,True,1.09,2023-08,2164.0,2177.0,2177.0,0.6,2125.88,2119.36,2269.88,True,True,False,False,False,False,True,35390.0,2669.0,-18.92,False,0.6,1.34,0.87,True,4,False,3.64,0.08,False,False,,tv_wilder_rsi14_sma5_v1,55.5,54.4,True,False,1.09
3583,3583.T,オーベクス,2023-09,NEW,1,47.1,48.19,False,True,1.08,2023-09,892.0,892.0,892.0,0.0,904.08,880.08,947.64,False,True,False,False,True,False,False,1233.0,1028.0,-13.23,False,0.89,1.41,0.96,True,4,False,-5.34,0.62,False,False,,tv_wilder_rsi14_sma5_v1,48.19,47.1,True,False,1.08
6658,6658.T,シライ電子工業,2023-09,NEW,1,54.22,55.3,False,False,1.08,2023-09,605.0,605.0,605.0,0.0,622.48,571.12,617.68,False,True,False,False,True,True,True,359413.0,888.0,-31.87,False,0.34,3.78,0.8,True,1,True,9.58,0.65,False,False,,tv_wilder_rsi14_sma5_v1,55.3,54.22,False,False,1.08
9273,9273.T,コーア商事ホールディングス,2023-09,NEW,1,52.43,53.51,False,True,1.08,2023-09,705.0,705.0,705.0,0.0,709.12,691.03,679.22,False,True,True,True,True,True,True,39537.0,760.0,-7.24,False,0.77,1.39,0.92,True,2,True,6.15,0.23,False,False,,tv_wilder_rsi14_sma5_v1,53.51,52.43,True,False,1.08
7674,7674.T,ＮＡＴＴＹ　ＳＷＡＮＫＹホールディングス,2023-09,CONTINUE,7,59.16,60.23,True,False,1.07,2023-03,3095.0,3725.0,3725.0,20.36,3057.2,3083.47,3048.78,True,True,True,False,False,False,False,1777.0,3370.0,-8.16,False,1.42,0.59,1.06,False,3,True,3.21,1.92,False,False,,tv_wilder_rsi14_sma5_v1,60.23,59.16,False,True,1.07
4592,4592.T,サンバイオ,2023-09,NEW,1,37.43,38.49,True,True,1.06,2023-09,626.0,626.0,626.0,0.0,640.36,616.32,669.59,False,True,False,False,True,False,False,890133.0,1343.0,-53.39,False,0.41,4.48,0.86,True,4,True,-14.25,0.21,False,False,,tv_wilder_rsi14_sma5_v1,38.49,37.43,True,True,1.06
7247,7247.T,ミクニ,2023-09,CONTINUE,11,64.06,65.11,True,True,1.06,2022-11,340.0,494.0,494.0,45.29,324.8,321.36,352.77,True,True,False,False,True,False,False,494777.0,546.0,-37.73,False,0.84,5.21,1.41,False,4,True,-1.34,5.85,False,False,,tv_wilder_rsi14_sma5_v1,65.11,64.06,True,True,1.06
9973,9973.T,ＫＯＺＯホールディングス,2023-09,CONTINUE,5,37.92,38.99,True,True,1.06,2023-05,19.0,20.0,20.0,5.26,17.68,17.97,21.22,True,True,False,False,True,False,False,575127.0,40.0,-52.5,False,2.02,6.02,1.09,False,4,False,-14.73,3.78,False,False,,tv_wilder_rsi14_sma5_v1,38.99,37.92,True,True,1.06
4386,4386.T,ＳＩＧグループ,2023-09,CONTINUE,3,43.57,44.62,True,False,1.05,2023-07,502.0,510.0,510.0,1.59,504.24,500.57,506.26,False,True,False,False,True,False,True,5793.0,590.0,-14.92,False,0.49,1.59,0.76,True,1,True,1.33,-0.15,False,False,,tv_wilder_rsi14_sma5_v1,44.62,43.57,False,True,1.05
6082,6082.T,ライドオンエクスプレスホールディングス,2023-09,NEW,1,39.89,40.94,True,True,1.05,2023-09,1045.0,1045.0,1045.0,0.0,1010.12,1032.92,1064.48,True,True,False,False,False,False,False,26930.0,1166.0,-10.38,False,2.64,0.96,1.31,False,4,True,-3.6,1.18,True,False,,tv_wilder_rsi14_sma5_v1,40.94,39.89,True,True,1.05
6113,6113.T,アマダ,2023-09,CONTINUE,9,66.23,67.28,True,False,1.05,2023-01,1162.0,1504.5,1504.5,29.48,1077.96,1070.01,1050.24,True,True,True,True,True,True,True,1063057.0,1168.0,-0.51,False,0.95,1.81,1.23,False,2,True,9.88,4.42,False,False,,tv_wilder_rsi14_sma5_v1,67.28,66.23,False,True,1.05
4366,4366.T,ダイトーケミックス,2023-09,CONTINUE,2,43.31,44.35,True,False,1.04,2023-08,199.33,196.0,196.0,-1.67,188.09,183.88,194.79,True,True,True,False,False,False,True,60960.0,250.0,-20.27,False,1.13,2.69,1.31,False,2,True,6.42,5.15,False,False,,tv_wilder_rsi14_sma5_v1,44.35,43.31,False,True,1.04
4623,4623.T,アサヒペン,2023-09,CONTINUE,2,43.75,44.79,False,True,1.04,2023-08,1780.0,1781.0,1781.0,0.06,1771.36,1762.04,1852.45,True,True,False,False,True,False,False,1237.0,2007.0,-11.31,False,0.57,0.91,0.88,True,4,False,-2.04,0.7,False,False,,tv_wilder_rsi14_sma5_v1,44.79,43.75,True,False,1.04
7192,7192.T,日本モーゲージサービス,2023-09,CONTINUE,3,30.65,31.69,False,False,1.04,2023-07,571.0,566.0,566.0,-0.88,565.52,588.11,743.22,True,False,False,False,True,False,False,31703.0,999.0,-42.84,False,1.5,1.34,0.94,True,4,True,-26.94,1.14,False,False,,tv_wilder_rsi14_sma5_v1,31.69,30.65,False,False,1.04
3059,3059.T,ヒラキ,2023-09,NEW,1,47.11,48.14,False,True,1.03,2023-09,1003.0,1003.0,1003.0,0.0,1001.68,1000.39,1009.04,True,True,False,False,True,True,False,1630.0,1048.0,-4.29,False,1.15,0.26,1.0,False,4,True,-1.06,0.01,False,False,,tv_wilder_rsi14_sma5_v1,48.14,47.11,True,False,1.03
3929,3929.T,ソーシャルワイヤー,2023-09,CONTINUE,4,37.56,38.59,True,False,1.03,2023-06,303.0,296.0,296.0,-2.31,253.96,256.69,275.81,True,True,True,False,True,False,False,245873.0,386.0,-21.5,False,5.53,5.7,1.7,False,3,True,8.51,8.0,True,False,,tv_wilder_rsi14_sma5_v1,38.59,37.56,False,True,1.03
8144,8144.T,デンキョーグループホールディングス,2023-09,CONTINUE,4,50.94,51.97,True,False,1.03,2023-06,1235.0,1255.0,1255.0,1.62,1204.48,1194.85,1184.58,True,True,True,True,True,False,False,993.0,1313.0,-5.94,False,0.97,0.53,1.06,False,1,True,2.41,1.6,True,False,,tv_wilder_rsi14_sma5_v1,51.97,50.94,False,True,1.03
6663,6663.T,太洋テクノレックス,2023-09,CONTINUE,2,40.95,41.97,True,False,1.02,2023-08,368.0,367.0,367.0,-0.27,358.88,362.64,375.95,True,True,False,False,False,False,False,44763.0,488.0,-24.59,False,0.47,2.99,1.59,False,4,True,-1.83,2.81,False,False,,tv_wilder_rsi14_sma5_v1,41.97,40.95,False,True,1.02
3653,3653.T,モルフォ,2023-09,NEW,1,47.32,48.33,True,True,1.01,2023-09,1156.0,1156.0,1156.0,0.0,1055.8,1136.63,1088.65,True,True,True,False,True,False,True,20837.0,1545.0,-25.18,False,0.73,4.21,1.24,False,2,True,8.11,6.84,False,False,,tv_wilder_rsi14_sma5_v1,48.33,47.32,True,True,1.01
5269,5269.T,日本コンクリート工業,2023-09,CONTINUE,8,58.96,59.97,True,False,1.01,2023-02,241.0,328.0,328.0,36.1,228.92,227.09,253.02,True,True,False,False,True,False,False,43453.0,314.0,-23.25,False,1.71,1.93,1.27,False,4,True,-9.1,3.1,False,False,,tv_wilder_rsi14_sma5_v1,59.97,58.96,False,True,1.01
7872,7872.T,エステールホールディングス,2023-09,CONTINUE,4,47.88,48.89,True,False,1.01,2023-06,625.0,626.0,626.0,0.16,615.04,614.24,620.95,True,True,True,False,True,False,False,5957.0,670.0,-6.72,False,1.07,0.87,1.12,False,1,True,0.74,1.56,False,False,,tv_wilder_rsi14_sma5_v1,48.89,47.88,False,True,1.01
9247,9247.T,ＴＲＥホールディングス,2023-09,CONTINUE,4,39.39,40.4,True,True,1.01,2023-06,1239.0,1205.0,1205.0,-2.74,1164.96,1231.67,1418.44,True,True,False,False,True,False,False,376170.0,1935.0,-35.97,False,0.71,2.48,0.94,True,4,True,-19.88,4.66,False,False,,tv_wilder_rsi14_sma5_v1,40.4,39.39,True,True,1.01
2884,2884.T,ヨシムラ・フード・ホールディングス,2023-09,CONTINUE,3,60.88,61.88,True,False,1.0,2023-07,1134.0,1154.0,1154.0,1.76,975.24,903.72,807.59,True,True,True,True,True,False,True,343167.0,1189.0,-4.63,False,1.18,5.78,1.45,False,2,True,73.11,20.25,False,False,,tv_wilder_rsi14_sma5_v1,61.88,60.88,False,True,1.0
4240,4240.T,クラスターテクノロジー,2023-09,CONTINUE,2,47.05,48.05,True,False,1.0,2023-08,402.0,376.0,376.0,-6.47,373.28,365.25,376.81,True,True,True,False,True,True,False,39050.0,536.0,-25.0,False,0.7,4.62,1.02,False,3,True,0.56,4.02,False,False,,tv_wilder_rsi14_sma5_v1,48.05,47.05,False,True,1.0
4396,4396.T,システムサポートホールディングス,2023-09,NEW,1,64.75,65.75,False,True,1.0,2023-09,1048.0,1048.0,1048.0,0.0,1023.92,1009.19,914.78,True,True,True,True,True,True,True,83620.0,1138.0,-7.91,False,0.64,2.69,1.04,False,2,True,23.35,0.3,False,False,,tv_wilder_rsi14_sma5_v1,65.75,64.75,True,False,1.0
5103,5103.T,昭和ホールディングス,2023-09,CONTINUE,4,45.47,46.47,True,True,1.0,2023-06,49.0,47.0,47.0,-4.08,45.12,45.36,46.62,True,True,True,False,True,False,False,96587.0,65.0,-24.62,False,3.76,3.21,1.03,False,3,True,4.77,3.16,True,False,,tv_wilder_rsi14_sma5_v1,46.47,45.47,True,True,1.0
1945,1945.T,東京エネシス,2023-09,CONTINUE,5,52.57,53.56,True,False,0.99,2023-05,919.0,989.0,989.0,7.62,942.84,911.63,938.45,False,True,False,False,True,True,False,36510.0,1160.0,-20.78,False,0.9,1.63,1.06,False,4,False,-2.41,0.12,False,False,,tv_wilder_rsi14_sma5_v1,53.56,52.57,False,True,0.99
3900,3900.T,クラウドワークス,2023-09,CONTINUE,2,48.9,49.88,True,True,0.98,2023-08,1428.0,1442.0,1442.0,0.98,1342.24,1369.51,1521.51,True,True,False,False,True,False,False,71680.0,2050.0,-30.34,False,0.8,2.86,0.84,True,4,True,-6.68,3.21,False,False,,tv_wilder_rsi14_sma5_v1,49.88,48.9,True,True,0.98
5951,5951.T,ダイニチ工業,2023-09,CONTINUE,6,54.19,55.16,True,False,0.98,2023-04,679.0,737.0,737.0,8.54,673.44,673.48,661.22,True,True,True,False,False,True,True,22287.0,711.0,-4.5,False,1.75,1.08,0.89,True,2,False,1.9,-0.26,False,False,,tv_wilder_rsi14_sma5_v1,55.16,54.19,False,True,0.98
6466,6466.T,ＴＶＥ,2023-09,NEW,1,47.02,48.0,False,True,0.98,2023-09,1835.0,1835.0,1835.0,0.0,1808.8,1816.51,1864.86,True,True,False,False,False,False,False,1603.0,2016.0,-8.98,False,0.92,1.85,1.27,False,4,False,-2.36,0.54,False,False,,tv_wilder_rsi14_sma5_v1,48.0,47.02,True,False,0.98
6864,6864.T,エヌエフホールディングス,2023-09,CONTINUE,9,47.24,48.22,True,True,0.98,2023-01,938.0,1201.0,1201.0,28.04,917.88,942.56,1100.01,True,False,False,False,False,False,False,17973.0,1411.0,-33.52,False,0.47,1.4,0.67,True,4,True,-16.8,1.87,False,False,,tv_wilder_rsi14_sma5_v1,48.22,47.24,True,True,0.98
1899,1899.T,福田組,2023-09,NEW,1,51.08,52.05,False,True,0.97,2023-09,2422.5,2422.5,2422.5,0.0,2416.4,2396.0,2331.3,True,True,True,True,True,True,True,14153.0,2515.0,-3.68,False,1.19,1.58,0.89,True,2,True,1.68,-0.7,False,False,,tv_wilder_rsi14_sma5_v1,52.05,51.08,True,False,0.97
4679,4679.T,田谷,2023-09,CONTINUE,3,33.58,34.55,False,False,0.97,2023-07,483.0,474.0,474.0,-1.86,479.32,486.37,515.68,True,False,False,False,True,False,False,5147.0,599.0,-19.37,False,2.12,0.83,1.15,False,4,True,-9.19,-0.06,False,False,,tv_wilder_rsi14_sma5_v1,34.55,33.58,False,False,0.97
6897,6897.T,ツインバード,2023-09,NEW,1,38.98,39.95,False,True,0.97,2023-09,520.0,520.0,520.0,0.0,515.88,510.92,520.9,True,True,False,False,True,True,False,16443.0,635.0,-18.11,False,0.58,1.25,1.16,False,4,True,-3.62,1.41,False,False,,tv_wilder_rsi14_sma5_v1,39.95,38.98,True,False,0.97
7128,7128.T,ユニソルホールディングス,2023-09,CONTINUE,3,52.24,53.21,True,False,0.97,2023-07,2663.0,2685.0,2685.0,0.83,2459.32,2529.09,3000.78,True,True,False,False,True,False,False,72013.0,3970.0,-32.92,False,1.33,2.2,0.94,True,4,True,-8.75,2.19,False,False,,tv_wilder_rsi14_sma5_v1,53.21,52.24,False,True,0.97
2108,2108.T,日本甜菜製糖,2023-09,CONTINUE,10,63.03,63.99,True,True,0.96,2022-12,1665.0,1915.0,1915.0,15.02,1630.72,1628.81,1648.71,True,True,True,False,False,False,False,13427.0,1749.0,-4.8,False,0.86,0.85,1.09,False,3,True,0.48,1.05,False,False,,tv_wilder_rsi14_sma5_v1,63.99,63.03,True,True,0.96
2653,2653.T,イオン九州,2023-09,CONTINUE,4,63.93,64.88,True,True,0.95,2023-06,2375.0,2398.0,2398.0,0.97,2322.96,2303.72,2305.46,True,True,True,False,True,True,True,3777.0,2463.0,-3.57,False,1.62,0.64,1.29,False,2,True,4.56,0.51,False,False,,tv_wilder_rsi14_sma5_v1,64.88,63.93,True,True,0.95
4933,4933.T,Ｉ－ｎｅ,2023-09,NEW,1,55.96,56.91,False,True,0.95,2023-09,2962.0,2962.0,2962.0,0.0,2954.16,2845.23,3125.91,True,True,False,False,True,False,True,147557.0,4060.0,-27.04,False,0.74,4.43,0.87,True,1,False,1.78,-1.14,False,False,,tv_wilder_rsi14_sma5_v1,56.91,55.96,True,False,0.95
1443,1443.T,技研ホールディングス,2023-09,CONTINUE,4,45.84,46.78,True,True,0.94,2023-06,225.0,223.0,223.0,-0.89,220.16,221.97,227.69,True,True,False,False,True,False,True,61300.0,319.0,-29.47,False,0.48,1.94,0.82,True,4,True,2.78,1.77,False,False,,tv_wilder_rsi14_sma5_v1,46.78,45.84,True,True,0.94
2749,2749.T,ＪＰホールディングス,2023-09,NEW,1,57.7,58.64,True,True,0.94,2023-09,337.0,337.0,337.0,0.0,331.8,328.55,329.99,True,True,True,False,True,False,True,277097.0,407.0,-17.2,False,1.14,2.63,1.13,False,2,True,8.17,1.49,False,False,,tv_wilder_rsi14_sma5_v1,58.64,57.7,True,True,0.94
8897,8897.T,ＭＩＲＡＲＴＨホールディングス,2023-09,CONTINUE,6,67.95,68.89,True,True,0.94,2023-04,383.0,474.0,474.0,23.76,380.0,376.84,378.38,True,True,True,False,False,True,True,301380.0,404.0,-5.2,False,0.7,1.1,0.8,True,2,False,5.64,-0.73,False,False,,tv_wilder_rsi14_sma5_v1,68.89,67.95,True,True,0.94
3371,3371.T,ソフトクリエイトホールディングス,2023-09,CONTINUE,4,50.49,51.42,True,False,0.93,2023-06,1770.0,1741.0,1741.0,-1.64,1694.12,1725.51,1692.68,True,True,True,False,True,False,False,30493.0,2165.0,-18.24,False,0.86,2.59,1.02,False,3,True,3.28,6.44,False,False,,tv_wilder_rsi14_sma5_v1,51.42,50.49,False,True,0.93
4375,4375.T,セーフィー,2023-09,CONTINUE,7,23.77,24.71,True,False,0.93,2023-03,750.0,813.0,813.0,8.4,811.64,824.68,730.9,False,False,True,False,False,False,True,245940.0,1563.0,-52.02,False,0.95,4.12,1.06,False,2,False,7.04,2.81,False,False,,tv_wilder_rsi14_sma5_v1,24.71,23.77,False,True,0.93
4816,4816.T,東映アニメーション,2023-09,NEW,1,52.17,53.1,False,True,0.93,2023-09,2644.0,2644.0,2644.0,0.0,2602.0,2588.19,2618.41,True,True,True,False,True,False,False,241950.0,3200.0,-17.37,False,0.55,2.18,0.8,True,3,True,0.25,1.92,False,False,,tv_wilder_rsi14_sma5_v1,53.1,52.17,True,False,0.93
5408,5408.T,中山製鋼所,2023-09,CONTINUE,3,61.08,62.01,False,False,0.93,2023-07,915.0,905.0,905.0,-1.09,865.04,846.89,854.91,True,True,True,False,True,False,True,810343.0,1205.0,-24.07,False,1.88,2.36,1.21,False,2,True,31.17,3.16,False,False,,tv_wilder_rsi14_sma5_v1,62.01,61.08,False,False,0.93
6998,6998.T,日本タングステン,2023-09,NEW,1,56.56,57.5,False,True,0.93,2023-09,1239.5,1239.5,1239.5,0.0,1246.9,1230.87,1264.28,False,True,False,False,True,True,True,6700.0,1405.0,-11.78,False,0.93,1.88,0.82,True,1,True,0.32,0.05,False,False,,tv_wilder_rsi14_sma5_v1,57.5,56.56,True,False,0.93
1762,1762.T,高松コンストラクショングループ,2023-09,CONTINUE,11,67.81,68.72,True,True,0.91,2022-11,1960.0,2666.0,2666.0,36.02,1940.24,1923.64,2018.95,True,True,False,False,True,False,False,38463.0,2215.0,-11.51,False,1.12,0.93,0.96,True,4,True,-0.16,2.56,False,False,,tv_wilder_rsi14_sma5_v1,68.72,67.81,True,True,0.91
3800,3800.T,ユニリタ,2023-09,NEW,1,55.4,56.31,True,True,0.91,2023-09,1869.0,1869.0,1869.0,0.0,1876.12,1869.48,1843.96,False,False,True,True,True,True,True,1787.0,1900.0,-1.63,False,0.79,0.72,0.66,True,2,True,1.33,-0.41,False,False,,tv_wilder_rsi14_sma5_v1,56.31,55.4,True,True,0.91
7486,7486.T,サンリン,2023-09,CONTINUE,3,45.91,46.83,False,False,0.91,2023-07,675.0,672.0,672.0,-0.44,665.4,665.87,674.55,True,True,True,False,True,False,False,1390.0,774.0,-12.79,False,1.12,0.77,1.27,False,3,True,-1.07,0.59,False,False,,tv_wilder_rsi14_sma5_v1,46.83,45.91,False,False,0.91
8030,8030.T,中央魚類,2023-09,CONTINUE,3,54.66,55.57,True,True,0.91,2023-07,3035.0,3035.0,3035.0,0.0,3044.8,3017.24,3033.2,False,True,True,False,True,False,True,737.0,3200.0,-5.16,False,1.38,0.98,0.95,True,2,True,2.23,0.0,False,False,,tv_wilder_rsi14_sma5_v1,55.57,54.66,True,True,0.91
9832,9832.T,オートバックスセブン,2023-09,CONTINUE,4,57.62,58.53,False,False,0.91,2023-06,1530.0,1582.0,1582.0,3.4,1519.36,1499.16,1454.11,True,True,True,True,False,True,True,154510.0,1578.0,-3.04,False,0.78,0.92,0.97,True,2,True,8.09,0.88,False,False,,tv_wilder_rsi14_sma5_v1,58.53,57.62,False,False,0.91
5967,5967.T,ＴＯＮＥ,2023-09,CONTINUE,3,63.51,64.41,False,False,0.9,2023-07,583.5,589.5,589.5,1.03,504.78,514.08,446.04,True,True,True,False,True,True,True,30360.0,730.0,-20.07,False,1.47,4.34,1.09,False,2,True,37.41,1.26,True,True,MVP,tv_wilder_rsi14_sma5_v1,64.41,63.51,False,False,0.9
4571,4571.T,ＮＡＮＯホールディングス,2023-09,NEW,1,44.46,45.34,True,True,0.89,2023-09,209.0,209.0,209.0,0.0,196.2,197.15,208.35,True,True,True,False,True,False,True,642550.0,291.0,-28.18,False,1.68,6.73,1.67,False,2,False,6.15,8.72,False,False,,tv_wilder_rsi14_sma5_v1,45.34,44.46,True,True,0.89
6349,6349.T,小森コーポレーション,2023-09,CONTINUE,3,60.02,60.92,False,False,0.89,2023-07,1107.0,1059.0,1059.0,-4.34,1022.56,989.95,908.33,True,True,True,True,True,True,True,155250.0,1135.0,-2.47,False,0.91,2.81,1.01,False,2,True,24.99,3.81,False,False,,tv_wilder_rsi14_sma5_v1,60.92,60.02,False,False,0.89
6625,6625.T,ＪＡＬＣＯホールディングス,2023-09,CONTINUE,2,52.03,52.93,False,False,0.89,2023-08,221.0,214.0,214.0,-3.17,203.96,202.25,225.21,True,True,False,False,True,False,True,635700.0,310.0,-28.71,False,1.56,2.88,1.09,False,4,True,6.9,2.47,True,False,,tv_wilder_rsi14_sma5_v1,52.93,52.03,False,False,0.89
2654,2654.T,アスモ,2023-09,NEW,1,38.43,39.31,True,True,0.88,2023-09,363.0,363.0,363.0,0.0,355.48,360.07,370.23,True,True,False,False,True,False,False,10323.0,438.0,-17.12,False,0.22,1.85,0.92,True,4,True,-7.04,0.44,False,False,,tv_wilder_rsi14_sma5_v1,39.31,38.43,True,True,0.88
3661,3661.T,エムアップホールディングス,2023-09,CONTINUE,2,53.42,54.29,False,False,0.87,2023-08,745.0,641.0,641.0,-13.96,640.04,606.71,609.08,True,True,True,False,True,True,False,1193633.0,936.5,-20.45,False,1.14,5.73,1.06,False,1,True,26.47,15.98,False,False,,tv_wilder_rsi14_sma5_v1,54.29,53.42,False,False,0.87
6325,6325.T,タカキタ,2023-09,CONTINUE,8,44.07,44.95,True,False,0.87,2023-02,439.0,474.0,474.0,7.97,431.16,438.16,492.16,True,True,False,False,True,False,False,18193.0,633.0,-30.65,False,0.77,2.34,1.4,False,4,True,-17.9,0.93,False,False,,tv_wilder_rsi14_sma5_v1,44.95,44.07,False,True,0.87
7987,7987.T,ナカバヤシ,2023-09,CONTINUE,4,48.9,49.76,True,False,0.87,2023-06,512.0,520.0,520.0,1.56,490.52,484.12,491.63,True,True,True,False,True,True,False,27740.0,533.0,-3.94,False,1.39,0.93,1.08,False,3,True,4.81,3.16,False,False,,tv_wilder_rsi14_sma5_v1,49.76,48.9,False,True,0.87
9647,9647.T,協和コンサルタンツ,2023-09,CONTINUE,2,56.55,57.42,True,True,0.87,2023-08,3920.0,3925.0,3925.0,0.13,3695.2,3713.4,3519.12,True,True,True,False,False,True,True,683.0,6420.0,-38.94,False,1.38,1.49,1.24,False,2,True,4.87,-0.63,False,False,,tv_wilder_rsi14_sma5_v1,57.42,56.55,True,True,0.87
4212,4212.T,積水樹脂,2023-09,CONTINUE,4,60.74,61.61,True,False,0.86,2023-06,2283.0,2385.0,2385.0,4.47,2191.76,2126.84,1929.6,True,True,True,True,True,True,True,83997.0,2309.0,-1.13,False,1.28,2.02,1.04,False,2,True,24.26,2.55,False,False,,tv_wilder_rsi14_sma5_v1,61.61,60.74,False,True,0.86
5280,5280.T,ヨシコン,2023-09,NEW,1,60.1,60.95,True,True,0.86,2023-09,1230.0,1230.0,1230.0,0.0,1189.84,1201.15,1135.62,True,True,True,False,False,True,True,16197.0,1288.0,-4.5,False,0.18,1.28,1.15,False,2,True,10.21,2.19,False,False,,tv_wilder_rsi14_sma5_v1,60.95,60.1,True,True,0.86
7944,7944.T,ローランド,2023-09,NEW,1,51.43,52.29,True,True,0.86,2023-09,4100.0,4100.0,4100.0,0.0,3986.0,4021.6,3939.25,True,True,True,False,True,False,True,51693.0,4650.0,-11.83,False,0.88,1.95,1.16,False,2,True,2.27,3.31,False,False,,tv_wilder_rsi14_sma5_v1,52.29,51.43,True,True,0.86
8203,8203.T,ＭｒＭａｘＨＤ,2023-09,NEW,1,47.56,48.42,False,True,0.86,2023-09,616.0,616.0,616.0,0.0,621.36,614.57,635.64,False,True,False,False,True,True,False,36490.0,693.0,-11.11,False,1.02,1.39,1.22,False,4,True,-3.88,0.0,False,False,,tv_wilder_rsi14_sma5_v1,48.42,47.56,True,False,0.86
9308,9308.T,乾汽船,2023-09,NEW,1,41.5,42.36,False,True,0.86,2023-09,1322.0,1322.0,1322.0,0.0,1274.16,1283.83,1623.23,True,True,False,False,False,False,False,125493.0,2244.0,-41.09,False,1.23,2.01,1.2,False,4,True,-17.72,2.77,True,False,,tv_wilder_rsi14_sma5_v1,42.36,41.5,True,False,0.86
2916,2916.T,仙波糖化工業,2023-09,CONTINUE,9,56.38,57.23,True,False,0.85,2023-01,637.0,684.0,684.0,7.38,625.4,632.77,643.13,True,True,False,False,False,False,False,1503.0,686.0,-7.14,False,0.9,0.82,1.1,False,1,True,-0.01,1.33,False,False,,tv_wilder_rsi14_sma5_v1,57.23,56.38,False,True,0.85
4059,4059.T,まぐまぐ,2023-09,CONTINUE,8,6.46,7.31,True,True,0.85,2023-02,498.0,519.0,519.0,4.22,500.04,536.71,602.45,False,False,False,False,True,False,False,1870.0,745.0,-33.15,False,1.45,2.6,1.34,False,4,True,-19.05,0.79,False,False,,tv_wilder_rsi14_sma5_v1,7.31,6.46,True,True,0.85
9435,9435.T,光通信,2023-09,CONTINUE,5,60.23,61.08,True,False,0.85,2023-05,20170.0,22775.0,22775.0,12.92,19261.2,19009.33,18352.95,True,True,True,True,True,True,True,74593.0,20950.0,-3.72,False,1.31,2.4,0.9,True,2,True,11.75,-0.33,False,False,,tv_wilder_rsi14_sma5_v1,61.08,60.23,False,True,0.85
7464,7464.T,セフテック,2023-09,CONTINUE,4,52.27,53.11,True,False,0.84,2023-06,2045.0,2087.5,2087.5,2.08,2007.7,2024.5,1968.47,True,True,True,False,False,False,True,1480.0,2172.5,-5.87,False,0.97,0.54,0.87,True,2,True,4.58,1.24,False,False,,tv_wilder_rsi14_sma5_v1,53.11,52.27,False,True,0.84
8014,8014.T,蝶理,2023-09,NEW,1,73.38,74.23,True,True,0.84,2023-09,2996.0,2996.0,2996.0,0.0,2952.44,2920.2,2620.64,True,True,True,True,True,True,True,27503.0,3095.0,-3.2,False,1.01,2.05,1.2,False,2,True,22.67,-0.14,False,False,,tv_wilder_rsi14_sma5_v1,74.23,73.38,True,True,0.84
3401,3401.T,帝人,2023-09,CONTINUE,4,48.05,48.88,False,False,0.83,2023-06,1441.5,1453.0,1453.0,0.8,1370.8,1414.43,1375.49,True,True,True,False,False,False,False,984357.0,1538.0,-6.27,False,0.98,1.71,1.06,False,3,True,4.31,3.1,False,False,,tv_wilder_rsi14_sma5_v1,48.88,48.05,False,False,0.83
4416,4416.T,Ｔｒｕｅ　Ｄａｔａ,2023-09,CONTINUE,4,27.58,28.41,True,False,0.83,2023-06,557.0,489.0,489.0,-12.21,544.36,529.29,505.79,True,True,True,True,False,True,False,43867.0,730.0,-23.7,False,0.31,4.35,0.91,True,3,True,17.83,5.57,False,False,,tv_wilder_rsi14_sma5_v1,28.41,27.58,False,True,0.83
4650,4650.T,ＳＤエンターテイメント,2023-09,CONTINUE,4,38.57,39.4,True,True,0.83,2023-06,278.0,278.0,278.0,0.0,273.92,277.08,280.78,True,True,False,False,True,False,False,3657.0,358.0,-22.35,False,0.71,0.75,1.0,False,1,True,-0.16,1.97,True,False,,tv_wilder_rsi14_sma5_v1,39.4,38.57,True,True,0.83
6455,6455.T,モリタホールディングス,2023-09,CONTINUE,9,59.28,60.12,True,False,0.83,2023-01,1213.0,1593.0,1593.0,31.33,1165.16,1202.11,1264.04,True,True,False,False,False,False,False,72767.0,1415.0,-14.28,False,1.29,1.27,0.94,True,4,True,-5.55,1.23,False,False,,tv_wilder_rsi14_sma5_v1,60.12,59.28,False,True,0.83
4261,4261.T,アジアクエスト,2023-09,NEW,1,25.34,26.16,True,True,0.82,2023-09,2103.0,2103.0,2103.0,0.0,1966.8,2341.67,2313.97,True,False,False,False,False,False,False,10423.0,3130.0,-32.81,False,0.61,2.27,1.01,False,1,True,-13.6,0.59,False,False,,tv_wilder_rsi14_sma5_v1,26.16,25.34,True,True,0.82
6574,6574.T,コンヴァノ,2023-09,NEW,1,51.82,52.64,True,True,0.82,2023-09,6.8,6.8,6.8,0.0,6.56,6.52,5.77,True,True,True,True,True,False,True,458333.0,8.69,-21.75,False,0.69,4.89,1.07,False,2,True,20.45,3.53,False,False,,tv_wilder_rsi14_sma5_v1,52.64,51.82,True,True,0.82
7811,7811.T,中本パックス,2023-09,CONTINUE,5,53.27,54.09,True,True,0.82,2023-05,1606.0,1658.0,1658.0,3.24,1590.8,1582.51,1566.81,True,True,True,True,True,True,False,26233.0,1660.0,-3.25,False,1.03,1.32,1.39,False,1,True,1.39,0.33,False,False,,tv_wilder_rsi14_sma5_v1,54.09,53.27,True,True,0.82
8934,8934.T,サンフロンティア不動産,2023-09,NEW,1,68.62,69.44,True,True,0.82,2023-09,1506.0,1506.0,1506.0,0.0,1493.92,1460.15,1308.94,True,True,True,True,True,True,True,132337.0,1563.0,-3.65,False,1.38,2.06,1.08,False,2,True,18.84,0.04,False,False,,tv_wilder_rsi14_sma5_v1,69.44,68.62,True,True,0.82
6177,6177.T,ＡｐｐＢａｎｋ,2023-09,NEW,1,34.74,35.55,True,True,0.81,2023-09,123.0,123.0,123.0,0.0,121.76,122.76,127.15,True,True,False,False,False,True,False,35450.0,216.0,-43.06,False,1.02,1.92,1.07,False,4,False,-6.2,0.75,False,False,,tv_wilder_rsi14_sma5_v1,35.55,34.74,True,True,0.81
3920,3920.T,アイビーシー,2023-09,NEW,1,48.11,48.92,True,True,0.8,2023-09,609.0,609.0,609.0,0.0,594.88,591.05,524.98,True,True,True,True,True,False,True,16917.0,859.0,-29.1,False,1.07,2.28,0.96,True,2,True,27.67,1.24,False,False,,tv_wilder_rsi14_sma5_v1,48.92,48.11,True,True,0.8
4097,4097.T,高圧ガス工業,2023-09,CONTINUE,4,55.43,56.23,True,False,0.8,2023-06,748.0,757.0,757.0,1.2,733.92,729.2,682.79,True,True,True,True,False,True,True,37617.0,777.0,-3.73,False,0.93,1.59,0.98,True,2,True,11.49,2.5,False,False,,tv_wilder_rsi14_sma5_v1,56.23,55.43,False,True,0.8
3370,3370.T,フジタコーポレーション,2023-09,CONTINUE,4,45.7,46.49,True,False,0.79,2023-06,267.0,283.0,283.0,5.99,261.92,259.0,270.93,True,True,False,False,False,False,True,27740.0,417.0,-35.97,False,0.34,3.05,1.3,False,4,True,7.47,3.2,False,False,,tv_wilder_rsi14_sma5_v1,46.49,45.7,False,True,0.79
5261,5261.T,リソルホールディングス,2023-09,CONTINUE,2,58.95,59.74,False,True,0.79,2023-08,4810.0,4815.0,4815.0,0.1,4769.0,4738.53,4737.75,True,True,True,True,True,False,True,4280.0,5290.0,-9.07,False,0.61,0.82,0.98,True,2,True,2.35,0.87,False,False,,tv_wilder_rsi14_sma5_v1,59.74,58.95,True,False,0.79
6347,6347.T,プラコー,2023-09,NEW,1,40.93,41.72,True,True,0.79,2023-09,248.0,248.0,248.0,0.0,247.48,245.35,256.89,True,True,False,False,True,False,False,12827.0,352.0,-29.55,False,0.78,3.95,1.15,False,4,True,-2.91,1.65,False,False,,tv_wilder_rsi14_sma5_v1,41.72,40.93,True,True,0.79
9428,9428.T,クロップス,2023-09,NEW,1,51.11,51.9,False,True,0.79,2023-09,1042.0,1042.0,1042.0,0.0,1040.84,1029.41,1072.47,True,True,False,False,True,True,False,6133.0,1460.0,-28.63,False,1.06,5.39,1.36,False,1,True,-1.93,0.02,False,False,,tv_wilder_rsi14_sma5_v1,51.9,51.11,True,False,0.79
4588,4588.T,オンコリスバイオファーマ,2023-09,CONTINUE,2,44.21,45.0,True,False,0.78,2023-08,673.0,626.0,626.0,-6.98,598.12,611.32,598.47,True,True,True,False,True,False,True,213227.0,880.0,-23.52,False,1.05,3.39,0.96,True,2,True,15.35,5.5,False,False,,tv_wilder_rsi14_sma5_v1,45.0,44.21,False,True,0.78
6469,6469.T,放電精密加工研究所,2023-09,NEW,1,39.02,39.8,True,True,0.78,2023-09,559.0,559.0,559.0,0.0,549.4,559.51,566.02,True,False,False,False,False,False,False,3837.0,666.0,-16.07,False,0.69,0.82,0.93,True,4,True,-3.36,0.8,True,False,,tv_wilder_rsi14_sma5_v1,39.8,39.02,True,True,0.78
1952,1952.T,新日本空調,2023-09,CONTINUE,6,60.87,61.64,True,False,0.77,2023-04,974.5,1202.5,1202.5,23.4,949.44,956.65,940.99,True,True,True,False,False,True,True,46053.0,1024.0,-4.83,False,0.97,1.33,0.98,True,2,False,3.34,0.52,True,False,,tv_wilder_rsi14_sma5_v1,61.64,60.87,False,True,0.77
4767,4767.T,テー・オー・ダブリュー,2023-09,NEW,1,49.39,50.16,False,True,0.77,2023-09,316.0,316.0,316.0,0.0,311.6,311.57,309.94,True,True,True,True,True,False,True,119853.0,338.0,-6.51,False,1.08,1.08,1.16,False,2,True,2.2,0.7,False,False,,tv_wilder_rsi14_sma5_v1,50.16,49.39,True,False,0.77
6038,6038.T,イード,2023-09,NEW,1,43.86,44.63,False,False,0.77,2023-09,770.0,770.0,770.0,0.0,766.6,773.03,822.29,True,False,False,False,True,True,False,4083.0,974.0,-20.94,False,1.12,1.45,0.88,True,4,False,-6.9,1.29,False,False,,tv_wilder_rsi14_sma5_v1,44.63,43.86,False,False,0.77
8143,8143.T,ラピーヌ,2023-09,CONTINUE,2,41.27,42.03,True,True,0.76,2023-08,317.0,319.0,319.0,0.63,306.2,315.59,320.86,True,True,False,False,False,False,False,12170.0,460.0,-31.09,False,1.97,3.58,1.48,False,1,True,-1.6,1.23,False,False,,tv_wilder_rsi14_sma5_v1,42.03,41.27,True,True,0.76
6999,6999.T,ＫＯＡ,2023-09,CONTINUE,4,50.68,51.43,True,False,0.75,2023-06,1797.0,1799.0,1799.0,0.11,1739.16,1745.2,1950.47,True,True,False,False,True,False,False,251460.0,2512.0,-28.46,False,1.07,2.01,0.94,True,4,True,-3.45,4.21,False,False,,tv_wilder_rsi14_sma5_v1,51.43,50.68,False,True,0.75
8130,8130.T,サンゲツ,2023-09,CONTINUE,4,74.57,75.32,True,False,0.75,2023-06,2483.0,2913.0,2913.0,17.32,2451.28,2353.36,2139.8,True,True,True,True,True,True,True,266243.0,2648.0,-6.23,False,0.59,1.72,1.1,False,2,True,30.83,2.8,False,False,,tv_wilder_rsi14_sma5_v1,75.32,74.57,False,True,0.75
1801,1801.T,大成建設,2023-09,NEW,1,62.51,63.25,True,True,0.74,2023-09,5261.0,5261.0,5261.0,0.0,5150.16,5067.29,4623.43,True,True,True,True,True,True,True,638630.0,5467.0,-3.77,False,0.91,2.16,0.89,True,2,True,17.28,1.03,False,False,,tv_wilder_rsi14_sma5_v1,63.25,62.51,True,True,0.74
2138,2138.T,クルーズ,2023-09,CONTINUE,2,45.83,46.57,True,False,0.74,2023-08,1105.0,925.0,925.0,-16.29,991.24,916.28,996.14,True,True,True,False,True,True,False,866330.0,1648.0,-32.95,False,0.83,6.67,0.83,True,1,False,27.07,9.91,False,False,,tv_wilder_rsi14_sma5_v1,46.57,45.83,False,True,0.74
3046,3046.T,ジンズホールディングス,2023-09,CONTINUE,3,35.5,36.23,True,False,0.74,2023-07,3525.0,3190.0,3190.0,-9.5,3333.2,3183.31,3735.36,True,True,False,False,True,False,False,267393.0,5090.0,-30.75,False,0.71,3.84,1.14,False,4,True,0.29,8.28,False,False,,tv_wilder_rsi14_sma5_v1,36.23,35.5,False,True,0.74
3266,3266.T,ファンドクリエーショングループ,2023-09,CONTINUE,4,50.36,51.1,True,True,0.74,2023-06,88.0,88.0,88.0,0.0,87.8,87.45,84.98,True,True,True,True,True,False,True,117433.0,132.0,-33.33,False,0.38,2.27,0.98,True,2,True,4.29,0.47,False,False,,tv_wilder_rsi14_sma5_v1,51.1,50.36,True,True,0.74
9625,9625.T,セレスポ,2023-09,CONTINUE,3,48.3,49.05,True,True,0.74,2023-07,905.0,908.0,908.0,0.33,907.4,893.61,924.11,False,True,False,False,True,False,False,11700.0,1217.0,-25.64,False,0.63,2.19,1.29,False,4,True,-7.27,-1.03,False,False,,tv_wilder_rsi14_sma5_v1,49.05,48.3,True,True,0.74
2493,2493.T,イーサポートリンク,2023-09,NEW,1,45.82,46.55,False,True,0.73,2023-09,859.0,859.0,859.0,0.0,860.0,855.2,877.08,False,True,False,False,True,False,True,3083.0,945.0,-9.1,False,0.99,0.42,0.97,True,1,True,0.68,0.17,False,False,,tv_wilder_rsi14_sma5_v1,46.55,45.82,True,False,0.73
4976,4976.T,東洋ドライルーブ,2023-09,CONTINUE,3,44.55,45.28,False,False,0.73,2023-07,774.0,773.33,773.33,-0.09,769.91,769.6,771.06,True,True,True,False,True,True,False,1570.0,850.0,-8.94,False,1.03,0.32,0.68,True,3,True,-1.43,0.45,False,False,,tv_wilder_rsi14_sma5_v1,45.28,44.55,False,False,0.73
9037,9037.T,ハマキョウレックス,2023-09,CONTINUE,6,66.8,67.53,True,False,0.73,2023-04,867.5,1015.0,1015.0,17.0,823.4,801.3,804.93,True,True,True,False,True,True,True,81587.0,882.5,-1.7,False,0.99,1.71,0.86,True,2,True,13.19,1.52,True,False,,tv_wilder_rsi14_sma5_v1,67.53,66.8,False,True,0.73
9173,9173.T,東海汽船,2023-09,CONTINUE,7,65.23,65.96,True,False,0.73,2023-03,2415.0,2501.0,2501.0,3.56,2402.24,2407.08,2389.23,True,True,True,False,True,False,True,813.0,2550.0,-5.29,False,1.18,0.53,1.06,False,2,True,0.52,-0.2,False,False,,tv_wilder_rsi14_sma5_v1,65.96,65.23,False,True,0.73
3020,3020.T,アプライド,2023-09,CONTINUE,8,49.78,50.48,True,True,0.71,2023-02,2048.0,2370.0,2370.0,15.72,1921.52,1909.37,2113.75,True,True,False,False,True,False,False,2073.0,2886.0,-29.04,False,0.8,1.12,1.24,False,4,True,-5.53,5.7,False,False,,tv_wilder_rsi14_sma5_v1,50.48,49.78,True,True,0.71
4534,4534.T,持田製薬,2023-09,CONTINUE,2,44.09,44.8,False,False,0.71,2023-08,3375.0,3335.0,3335.0,-1.19,3301.2,3318.93,3360.75,True,True,True,False,True,False,False,30313.0,3745.0,-9.88,False,1.01,1.3,0.72,True,1,False,-0.39,1.82,False,False,,tv_wilder_rsi14_sma5_v1,44.8,44.09,False,False,0.71
1380,1380.T,秋川牧園,2023-09,CONTINUE,3,49.32,50.01,True,False,0.7,2023-07,1052.0,1049.0,1049.0,-0.29,1040.16,1042.89,1051.8,True,True,True,False,True,False,False,1137.0,1370.0,-23.21,False,1.21,0.38,0.94,True,3,True,-0.21,0.27,True,False,,tv_wilder_rsi14_sma5_v1,50.01,49.32,False,True,0.7
2750,2750.T,石光商事,2023-09,NEW,1,60.58,61.28,False,True,0.7,2023-09,740.0,740.0,740.0,0.0,730.4,727.96,739.5,True,True,True,False,True,True,True,5203.0,888.0,-16.67,False,0.66,1.44,1.23,False,1,True,1.76,-0.68,False,False,,tv_wilder_rsi14_sma5_v1,61.28,60.58,True,False,0.7
3622,3622.T,ネットイヤーグループ,2023-09,NEW,1,53.72,54.42,True,True,0.7,2023-09,632.0,632.0,632.0,0.0,622.4,614.21,562.25,True,True,True,True,False,True,True,6707.0,743.0,-14.94,False,0.99,2.95,0.87,True,2,True,18.05,1.42,False,False,,tv_wilder_rsi14_sma5_v1,54.42,53.72,True,True,0.7
8793,8793.T,ＮＥＣキャピタルソリューション,2023-09,CONTINUE,10,74.39,75.09,True,True,0.7,2022-12,2146.0,3250.0,3250.0,51.44,2072.92,2080.52,2064.18,True,True,True,False,False,False,False,19350.0,2198.0,-2.37,False,1.29,0.93,1.18,False,1,True,4.91,1.42,False,False,,tv_wilder_rsi14_sma5_v1,75.09,74.39,True,True,0.7
2053,2053.T,中部飼料,2023-09,CONTINUE,3,47.59,48.28,False,False,0.69,2023-07,1095.0,1094.0,1094.0,-0.09,1074.4,1080.17,1053.56,True,True,True,False,False,True,True,43717.0,1125.0,-2.67,False,1.0,1.23,0.92,True,2,False,3.11,0.79,False,False,,tv_wilder_rsi14_sma5_v1,48.28,47.59,False,False,0.69
2911,2911.T,旭松食品,2023-09,CONTINUE,3,50.69,51.38,True,False,0.69,2023-07,2196.0,2204.0,2204.0,0.36,2189.84,2189.75,2207.59,True,True,False,False,True,False,False,433.0,2320.0,-5.34,False,0.83,0.34,1.09,False,4,False,-0.34,0.26,False,False,,tv_wilder_rsi14_sma5_v1,51.38,50.69,False,True,0.69
4450,4450.T,パワーソリューションズ,2023-09,CONTINUE,4,44.66,45.36,True,True,0.69,2023-06,1190.5,1162.5,1162.5,-2.35,1150.18,1141.33,1206.17,True,True,False,False,True,False,False,1207.0,1495.0,-20.37,False,0.5,1.13,0.63,True,4,True,0.18,2.38,False,False,,tv_wilder_rsi14_sma5_v1,45.36,44.66,True,True,0.69
9729,9729.T,トーカイ,2023-09,NEW,1,45.82,46.51,False,True,0.69,2023-09,1900.0,1900.0,1900.0,0.0,1916.52,1892.72,1918.66,False,True,False,False,True,True,True,26350.0,2090.0,-9.09,False,1.19,1.19,1.11,False,1,True,0.06,-0.39,False,False,,tv_wilder_rsi14_sma5_v1,46.51,45.82,True,False,0.69
4421,4421.T,ディ・アイ・システム,2023-09,NEW,1,58.12,58.79,True,True,0.68,2023-09,1050.0,1050.0,1050.0,0.0,1034.08,1020.41,960.87,True,True,True,True,True,True,True,3130.0,1088.0,-3.49,False,0.55,1.82,1.14,False,2,True,15.74,-0.3,False,False,,tv_wilder_rsi14_sma5_v1,58.79,58.12,True,True,0.68
4801,4801.T,セントラルスポーツ,2023-09,CONTINUE,2,46.71,47.38,False,False,0.68,2023-08,2445.0,2425.0,2425.0,-0.82,2396.2,2410.4,2436.73,True,True,True,False,True,False,True,22593.0,2596.0,-5.82,False,0.78,0.78,0.81,True,2,True,-0.53,1.54,False,False,,tv_wilder_rsi14_sma5_v1,47.38,46.71,False,False,0.68
7813,7813.T,プラッツ,2023-09,NEW,1,34.92,35.6,False,True,0.68,2023-09,663.0,663.0,663.0,0.0,655.16,669.84,661.32,True,False,True,False,False,False,False,2720.0,738.0,-10.16,False,0.6,1.14,1.11,False,1,True,-2.91,0.79,False,False,,tv_wilder_rsi14_sma5_v1,35.6,34.92,True,False,0.68
9791,9791.T,ビケンテクノ,2023-09,NEW,1,64.56,65.23,True,True,0.68,2023-09,1172.0,1172.0,1172.0,0.0,1153.4,1142.61,1074.56,True,True,True,True,True,True,True,3060.0,1245.0,-5.86,False,1.36,1.11,0.72,True,2,True,9.34,-0.76,False,False,,tv_wilder_rsi14_sma5_v1,65.23,64.56,True,True,0.68
3352,3352.T,バッファロー,2023-09,CONTINUE,5,64.54,65.22,True,True,0.67,2023-05,1145.0,1351.0,1351.0,17.99,1133.2,1121.93,1110.8,True,True,True,True,True,True,True,2213.0,1200.0,-4.58,False,0.29,1.61,0.75,True,2,True,4.41,1.42,False,False,,tv_wilder_rsi14_sma5_v1,65.22,64.54,True,True,0.67
7952,7952.T,河合楽器製作所,2023-09,NEW,1,57.97,58.64,True,True,0.67,2023-09,3570.0,3570.0,3570.0,0.0,3480.8,3447.67,3064.47,True,True,True,True,True,True,True,17193.0,3815.0,-6.42,False,1.27,2.15,1.18,False,2,True,19.49,1.23,False,False,,tv_wilder_rsi14_sma5_v1,58.64,57.97,True,True,0.67
8848,8848.T,レオパレス２１,2023-09,CONTINUE,2,53.94,54.6,False,False,0.67,2023-08,366.0,328.0,328.0,-10.38,333.72,312.25,319.33,True,True,True,False,True,False,True,6113303.0,394.0,-7.11,False,1.0,3.01,0.87,True,2,True,17.51,6.52,False,False,,tv_wilder_rsi14_sma5_v1,54.6,53.94,False,False,0.67
2734,2734.T,サーラコーポレーション,2023-09,NEW,1,55.72,56.38,False,True,0.66,2023-09,761.0,761.0,761.0,0.0,763.64,750.28,744.87,False,True,True,True,True,True,True,59200.0,819.0,-7.08,False,1.11,1.43,1.14,False,2,True,0.1,0.73,False,False,,tv_wilder_rsi14_sma5_v1,56.38,55.72,True,False,0.66
6255,6255.T,エヌ・ピー・シー,2023-09,CONTINUE,9,54.51,55.17,True,False,0.66,2023-01,532.0,649.0,649.0,21.99,484.32,475.11,513.07,True,True,True,False,False,False,True,643087.0,730.0,-27.12,False,1.09,5.1,0.88,True,2,True,16.8,14.72,False,False,,tv_wilder_rsi14_sma5_v1,55.17,54.51,False,True,0.66
1431,1431.T,Ｌｉｂ　Ｗｏｒｋ,2023-09,NEW,1,53.25,53.91,False,True,0.65,2023-09,798.0,798.0,798.0,0.0,795.12,795.64,794.15,True,True,True,False,True,True,True,25157.0,884.0,-9.73,False,2.52,1.1,1.01,False,2,True,-1.77,0.11,False,False,,tv_wilder_rsi14_sma5_v1,53.91,53.25,True,False,0.65
4902,4902.T,コニカミノルタ,2023-09,NEW,1,46.42,47.07,False,True,0.65,2023-09,486.5,486.5,486.5,0.0,475.21,480.94,517.4,True,True,False,False,True,True,False,2937757.0,604.0,-19.45,False,0.84,1.84,1.04,False,4,True,-4.9,1.88,False,False,,tv_wilder_rsi14_sma5_v1,47.07,46.42,True,False,0.65
7792,7792.T,コラントッテ,2023-09,CONTINUE,3,44.01,44.66,False,False,0.65,2023-07,1010.0,984.0,984.0,-2.57,964.36,983.01,964.03,True,True,True,False,True,False,True,54303.0,1345.0,-24.91,False,1.06,2.78,0.93,True,2,True,6.81,2.05,False,False,,tv_wilder_rsi14_sma5_v1,44.66,44.01,False,False,0.65
4367,4367.T,広栄化学,2023-09,CONTINUE,3,47.37,48.01,True,True,0.64,2023-07,2349.0,2351.0,2351.0,0.09,2324.64,2331.41,2329.02,True,True,True,False,True,False,True,2073.0,2500.0,-6.04,False,1.37,0.67,1.08,False,2,False,0.61,-0.29,False,False,,tv_wilder_rsi14_sma5_v1,48.01,47.37,True,True,0.64
5957,5957.T,日東精工,2023-09,NEW,1,54.99,55.63,False,True,0.64,2023-09,596.0,596.0,596.0,0.0,561.92,580.75,559.05,True,True,True,False,False,False,True,172653.0,694.0,-14.12,False,3.46,2.34,1.44,False,2,True,8.65,2.32,False,False,,tv_wilder_rsi14_sma5_v1,55.63,54.99,True,False,0.64
9934,9934.T,因幡電機産業,2023-09,NEW,1,67.61,68.25,True,True,0.64,2023-09,1617.5,1617.5,1617.5,0.0,1612.0,1591.3,1497.8,True,True,True,True,True,True,True,148607.0,1700.0,-4.85,False,1.13,1.88,1.06,False,2,True,9.2,0.71,False,False,,tv_wilder_rsi14_sma5_v1,68.25,67.61,True,True,0.64
2303,2303.T,ドーン,2023-09,NEW,1,47.84,48.47,False,True,0.63,2023-09,999.0,999.0,999.0,0.0,989.16,990.11,1015.47,True,True,False,False,True,False,True,18693.0,1234.5,-19.08,False,0.59,1.47,1.02,False,1,True,1.57,0.78,False,False,,tv_wilder_rsi14_sma5_v1,48.47,47.84,True,False,0.63
2531,2531.T,宝ホールディングス,2023-09,CONTINUE,4,53.16,53.79,True,False,0.63,2023-06,1168.5,1201.0,1201.0,2.78,1078.48,1057.71,1054.7,True,True,True,True,True,True,True,543527.0,1169.0,-0.04,False,1.24,1.73,1.12,False,1,True,13.76,4.82,False,False,,tv_wilder_rsi14_sma5_v1,53.79,53.16,False,True,0.63
3908,3908.T,コラボス,2023-09,CONTINUE,4,38.21,38.84,True,False,0.63,2023-06,354.0,353.0,353.0,-0.28,359.08,354.72,363.19,False,False,False,False,True,True,False,73403.0,476.0,-25.63,False,0.08,2.26,0.46,True,4,True,-3.16,0.41,False,False,,tv_wilder_rsi14_sma5_v1,38.84,38.21,False,True,0.63
4483,4483.T,ＪＭＤＣ,2023-09,NEW,1,51.12,51.75,True,True,0.63,2023-09,5439.0,5439.0,5439.0,0.0,4981.84,5211.23,4892.89,True,True,True,False,True,False,False,589907.0,6460.0,-15.8,False,0.99,2.34,0.62,True,1,True,8.76,9.4,False,False,,tv_wilder_rsi14_sma5_v1,51.75,51.12,True,True,0.63
6744,6744.T,能美防災,2023-09,CONTINUE,2,46.14,46.77,True,False,0.63,2023-08,1772.0,1769.0,1769.0,-0.17,1721.52,1766.41,1695.12,True,True,True,False,False,False,True,34947.0,1890.0,-6.24,False,0.73,1.29,0.9,True,2,True,5.17,2.79,False,False,,tv_wilder_rsi14_sma5_v1,46.77,46.14,False,True,0.63
8739,8739.T,スパークス・グループ,2023-09,CONTINUE,4,51.42,52.05,True,True,0.63,2023-06,1528.0,1507.0,1507.0,-1.37,1509.48,1473.21,1554.74,True,True,False,False,True,False,True,69397.0,1818.0,-15.95,False,0.65,2.59,0.84,True,1,True,5.42,2.28,False,False,,tv_wilder_rsi14_sma5_v1,52.05,51.42,True,True,0.63
3934,3934.T,ベネフィットジャパン,2023-09,CONTINUE,2,36.46,37.09,False,False,0.62,2023-08,1229.0,1213.0,1213.0,-1.3,1216.16,1204.75,1227.46,True,True,True,False,True,False,False,3823.0,1610.0,-23.66,False,2.3,1.45,0.78,True,3,True,-3.46,3.15,True,False,,tv_wilder_rsi14_sma5_v1,37.09,36.46,False,False,0.62
7138,7138.T,ＴＯＲＩＣＯ,2023-09,NEW,1,38.12,38.75,,True,0.62,2023-09,241.4,241.4,241.4,0.0,244.2,248.97,252.57,False,False,False,False,True,False,True,360667.0,459.8,-47.5,False,0.04,3.75,0.49,True,1,True,-3.59,3.17,False,False,,tv_wilder_rsi14_sma5_v1,38.75,38.12,True,,0.62
7162,7162.T,アストマックス,2023-09,NEW,1,44.51,45.13,False,True,0.62,2023-09,228.0,228.0,228.0,0.0,221.36,226.49,232.09,True,True,False,False,False,False,False,31913.0,284.0,-19.72,False,4.29,3.67,1.57,False,4,True,-5.21,1.64,True,False,,tv_wilder_rsi14_sma5_v1,45.13,44.51,True,False,0.62
8065,8065.T,佐藤商事,2023-09,NEW,1,64.6,65.22,False,True,0.62,2023-09,1512.0,1512.0,1512.0,0.0,1528.2,1477.32,1398.28,False,True,True,True,True,True,True,22520.0,1615.0,-6.38,False,1.14,1.82,1.12,False,2,True,13.53,0.4,False,False,,tv_wilder_rsi14_sma5_v1,65.22,64.6,True,False,0.62
3645,3645.T,メディカルネット,2023-09,NEW,1,45.22,45.83,False,True,0.61,2023-09,381.0,381.0,381.0,0.0,359.28,369.23,391.35,True,True,False,False,True,False,False,197360.0,465.0,-18.06,False,3.72,3.81,1.11,False,4,True,-6.94,2.15,False,False,,tv_wilder_rsi14_sma5_v1,45.83,45.22,True,False,0.61
4168,4168.T,ヤプリ,2023-09,CONTINUE,5,35.96,36.57,True,False,0.61,2023-05,1069.0,1226.0,1226.0,14.69,903.76,898.76,1131.66,True,True,False,False,True,False,False,316410.0,2398.0,-55.42,False,1.45,6.72,1.1,False,4,True,-4.4,15.01,False,False,,tv_wilder_rsi14_sma5_v1,36.57,35.96,False,True,0.61
4971,4971.T,メック,2023-09,CONTINUE,7,61.12,61.73,True,False,0.61,2023-03,2561.0,3700.0,3700.0,44.47,2370.84,2343.91,2385.99,True,True,True,False,False,False,False,163807.0,3560.0,-28.06,False,0.88,3.49,1.14,False,3,True,9.97,9.6,False,False,,tv_wilder_rsi14_sma5_v1,61.73,61.12,False,True,0.61
7472,7472.T,鳥羽洋行,2023-09,CONTINUE,6,66.16,66.77,True,True,0.61,2023-04,2940.0,3265.0,3265.0,11.05,2895.36,2886.53,2843.43,True,True,True,True,False,True,True,1163.0,2970.0,-1.01,False,0.93,0.68,0.8,True,1,True,4.14,0.91,False,False,,tv_wilder_rsi14_sma5_v1,66.77,66.16,True,True,0.61
7716,7716.T,ナカニシ,2023-09,CONTINUE,5,65.67,66.28,True,False,0.61,2023-05,2940.0,3495.0,3495.0,18.88,2772.48,2711.17,2694.51,True,True,True,True,True,True,True,201960.0,3030.0,-2.97,False,1.22,3.06,0.96,True,2,True,11.76,2.22,False,False,,tv_wilder_rsi14_sma5_v1,66.28,65.67,False,True,0.61
1822,1822.T,大豊建設,2023-09,CONTINUE,4,50.64,51.24,True,False,0.6,2023-06,774.0,789.0,789.0,1.94,770.04,764.56,788.35,True,True,False,False,False,False,False,152417.0,935.0,-17.22,False,0.69,1.45,0.99,True,4,True,-1.94,2.56,False,False,,tv_wilder_rsi14_sma5_v1,51.24,50.64,False,True,0.6
8011,8011.T,三陽商会,2023-09,CONTINUE,18,75.94,76.54,True,True,0.6,2022-04,845.0,1997.0,1997.0,136.33,798.92,802.97,,True,True,,,True,False,,78400.0,,,,0.7,4.8,1.01,False,1,True,,,,False,,tv_wilder_rsi14_sma5_v1,76.54,75.94,True,True,0.6
8945,8945.T,サンネクスタグループ,2023-09,NEW,1,47.23,47.83,False,True,0.6,2023-09,972.0,972.0,972.0,0.0,963.32,966.24,975.65,True,True,False,False,True,False,True,6187.0,1035.0,-6.09,False,0.96,0.98,1.09,False,1,True,-0.84,0.72,False,False,,tv_wilder_rsi14_sma5_v1,47.83,47.23,True,False,0.6
9409,9409.T,テレビ朝日ホールディングス,2023-09,CONTINUE,8,55.12,55.73,True,True,0.6,2023-02,1453.0,1690.0,1690.0,16.31,1367.16,1343.79,1415.79,True,True,True,False,True,False,False,199290.0,1692.0,-14.13,False,1.86,2.68,1.45,False,3,True,-1.24,4.32,False,False,,tv_wilder_rsi14_sma5_v1,55.73,55.12,True,True,0.6
9699,9699.T,ニシオホールディングス,2023-09,CONTINUE,4,65.46,66.06,True,False,0.6,2023-06,3390.0,3530.0,3530.0,4.13,3299.4,3194.23,3091.24,True,True,True,True,True,True,True,43337.0,3465.0,-2.16,False,0.68,1.78,1.11,False,2,True,15.08,3.05,False,False,,tv_wilder_rsi14_sma5_v1,66.06,65.46,False,True,0.6
1419,1419.T,タマホーム,2023-09,NEW,1,68.43,69.03,False,True,0.59,2023-09,3560.0,3560.0,3560.0,0.0,3588.6,3479.33,3376.69,False,True,True,True,True,False,True,169783.0,4125.0,-13.7,False,1.3,1.63,1.17,False,2,True,22.1,1.23,False,False,,tv_wilder_rsi14_sma5_v1,69.03,68.43,True,False,0.59
4960,4960.T,ケミプロ化成,2023-09,NEW,1,53.68,54.27,True,True,0.59,2023-09,281.0,281.0,281.0,0.0,274.36,276.2,281.75,True,True,False,False,False,False,False,5070.0,322.0,-12.73,False,1.9,1.78,0.95,True,4,True,-0.51,1.18,False,False,,tv_wilder_rsi14_sma5_v1,54.27,53.68,True,True,0.59
7058,7058.T,共栄セキュリティーサービス,2023-09,CONTINUE,3,50.01,50.6,True,False,0.59,2023-07,3005.0,2899.0,2899.0,-3.53,2905.96,2877.88,2825.26,True,True,True,True,True,True,True,903.0,3045.0,-1.31,False,0.89,1.08,1.29,False,2,True,6.67,0.97,False,False,,tv_wilder_rsi14_sma5_v1,50.6,50.01,False,True,0.59
2883,2883.T,大冷,2023-09,CONTINUE,4,53.68,54.27,True,False,0.58,2023-06,1970.0,1966.0,1966.0,-0.2,1942.92,1925.09,1902.35,True,True,True,True,True,True,True,3793.0,2000.0,-1.5,False,1.12,0.76,1.2,False,2,True,3.64,1.16,False,False,,tv_wilder_rsi14_sma5_v1,54.27,53.68,False,True,0.58
5906,5906.T,エムケー精工,2023-09,CONTINUE,3,51.63,52.2,False,False,0.58,2023-07,380.0,382.0,382.0,0.53,373.64,380.55,370.49,True,False,True,False,False,True,True,8360.0,438.0,-13.24,False,2.6,1.48,1.25,False,2,True,-0.53,-2.75,False,False,,tv_wilder_rsi14_sma5_v1,52.2,51.63,False,False,0.58
9506,9506.T,東北電力,2023-09,CONTINUE,11,61.39,61.97,True,False,0.58,2022-11,653.0,967.6,967.6,48.18,626.12,652.45,698.8,True,True,False,False,False,False,False,1976193.0,837.0,-21.98,False,1.32,2.43,1.18,False,4,True,-9.69,3.26,False,False,,tv_wilder_rsi14_sma5_v1,61.97,61.39,False,True,0.58
9986,9986.T,蔵王産業,2023-09,CONTINUE,4,68.99,69.57,False,False,0.58,2023-06,2431.0,2539.0,2539.0,4.44,2254.64,2267.01,1978.62,True,True,True,False,False,True,True,10537.0,2507.0,-3.03,False,1.42,1.49,1.21,False,2,True,24.18,3.67,False,False,,tv_wilder_rsi14_sma5_v1,69.57,68.99,False,False,0.58
1873,1873.T,日本ハウスホールディングス,2023-09,CONTINUE,2,46.51,47.08,False,True,0.57,2023-08,375.0,376.0,376.0,0.27,365.8,373.03,385.86,True,True,False,False,False,False,False,95603.0,476.0,-21.22,False,0.71,0.86,0.82,True,4,True,-6.5,1.22,False,False,,tv_wilder_rsi14_sma5_v1,47.08,46.51,True,False,0.57
3138,3138.T,富士山マガジンサービス,2023-09,NEW,1,42.04,42.6,False,True,0.57,2023-09,720.0,720.0,720.0,0.0,722.68,720.65,754.56,False,False,False,False,True,False,False,1757.0,830.0,-13.25,False,0.9,1.74,0.94,True,4,True,-7.45,-0.64,False,False,,tv_wilder_rsi14_sma5_v1,42.6,42.04,True,False,0.57
6047,6047.T,Ｇｕｎｏｓｙ,2023-09,CONTINUE,2,41.13,41.69,True,False,0.57,2023-08,612.0,607.0,607.0,-0.82,585.64,602.41,615.33,True,True,False,False,False,False,False,153687.0,832.0,-26.44,False,0.87,2.82,1.14,False,4,True,-6.63,1.53,False,False,,tv_wilder_rsi14_sma5_v1,41.69,41.13,False,True,0.57
6289,6289.T,技研製作所,2023-09,CONTINUE,3,29.04,29.61,True,False,0.56,2023-07,2097.0,2010.0,2010.0,-4.15,2015.64,2058.95,2613.61,True,True,False,False,True,False,False,118970.0,3620.0,-42.07,False,1.07,2.47,1.13,False,4,True,-19.16,4.82,False,False,,tv_wilder_rsi14_sma5_v1,29.61,29.04,False,True,0.56
4016,4016.T,ＭＩＴホールディングス,2023-09,CONTINUE,3,33.41,33.96,True,True,0.55,2023-07,730.0,737.0,737.0,0.96,702.24,725.43,709.84,True,True,True,False,False,False,False,2450.0,1146.0,-36.3,False,1.18,2.66,0.87,True,3,True,5.52,2.79,False,False,,tv_wilder_rsi14_sma5_v1,33.96,33.41,True,True,0.55
4114,4114.T,日本触媒,2023-09,CONTINUE,4,48.32,48.87,True,False,0.55,2023-06,1342.5,1357.5,1357.5,1.12,1342.99,1341.2,1354.55,False,True,False,False,True,False,False,434933.0,1497.5,-10.35,False,0.76,1.6,0.97,True,4,True,1.03,1.78,False,False,,tv_wilder_rsi14_sma5_v1,48.87,48.32,False,True,0.55
4196,4196.T,ネオマーケティング,2023-09,CONTINUE,4,41.45,42.0,True,False,0.55,2023-06,1189.0,1248.0,1248.0,4.96,1160.0,1175.21,1131.42,True,True,True,False,True,False,False,3417.0,1464.0,-18.78,False,0.5,1.6,0.79,True,3,True,0.44,1.55,False,False,,tv_wilder_rsi14_sma5_v1,42.0,41.45,False,True,0.55
4901,4901.T,富士フイルムホールディングス,2023-09,CONTINUE,6,61.48,62.03,True,True,0.55,2023-04,2353.33,2886.0,2886.0,22.63,2251.09,2216.04,2312.72,True,True,True,False,True,False,False,3745420.0,2579.33,-8.76,False,0.96,1.07,0.96,True,3,True,-1.22,0.88,False,False,,tv_wilder_rsi14_sma5_v1,62.03,61.48,True,True,0.55
8040,8040.T,東京ソワール,2023-09,NEW,1,50.51,51.07,True,True,0.55,2023-09,885.0,885.0,885.0,0.0,888.16,875.87,855.17,False,True,True,True,True,True,True,6250.0,1043.0,-15.15,False,0.57,1.56,0.76,True,2,True,5.31,1.42,False,False,,tv_wilder_rsi14_sma5_v1,51.07,50.51,True,True,0.55
4594,4594.T,ブライトパス・バイオ,2023-09,CONTINUE,2,47.76,48.3,False,True,0.54,2023-08,135.0,136.0,136.0,0.74,122.76,132.08,142.52,True,True,False,False,False,False,True,582007.0,270.0,-50.0,False,1.6,4.76,1.08,False,1,True,5.67,-2.59,False,False,,tv_wilder_rsi14_sma5_v1,48.3,47.76,True,False,0.54
5998,5998.T,アドバネクス,2023-09,CONTINUE,2,41.39,41.93,True,False,0.54,2023-08,1030.0,1003.0,1003.0,-2.62,997.84,995.96,1063.62,True,True,False,False,True,False,False,4443.0,1317.0,-21.79,False,0.42,2.34,0.99,True,4,True,-5.75,0.95,False,False,,tv_wilder_rsi14_sma5_v1,41.93,41.39,False,True,0.54
8020,8020.T,兼松,2023-09,CONTINUE,9,75.2,75.73,True,True,0.54,2023-01,792.0,1034.0,1034.0,30.56,747.58,749.21,716.31,True,True,True,False,False,True,True,353707.0,784.5,0.96,True,1.32,1.23,1.15,False,2,True,15.53,2.81,True,True,MVP,tv_wilder_rsi14_sma5_v1,75.73,75.2,True,True,0.54
2503,2503.T,キリンホールディングス,2023-09,NEW,1,49.46,49.97,False,True,0.52,2023-09,2093.0,2093.0,2093.0,0.0,2087.04,2085.01,2077.84,True,True,True,True,True,False,False,2980277.0,2293.0,-8.72,False,1.08,1.27,1.08,False,1,True,-1.72,0.89,False,False,,tv_wilder_rsi14_sma5_v1,49.97,49.46,True,False,0.52
7551,7551.T,ウェッズ,2023-09,NEW,1,56.65,57.18,False,True,0.52,2023-09,629.0,629.0,629.0,0.0,640.72,631.47,624.59,False,False,True,True,True,True,True,25883.0,789.0,-20.28,False,2.24,1.86,1.44,False,2,False,10.1,1.04,False,False,,tv_wilder_rsi14_sma5_v1,57.18,56.65,True,False,0.52
9319,9319.T,中央倉庫,2023-09,CONTINUE,4,56.98,57.5,False,False,0.52,2023-06,1095.0,1106.0,1106.0,1.0,1052.8,1065.12,992.3,True,True,True,False,False,True,True,13843.0,1130.0,-3.1,False,1.04,1.26,1.09,False,2,True,10.15,2.34,False,False,,tv_wilder_rsi14_sma5_v1,57.5,56.98,False,False,0.52
1966,1966.T,高田工業所,2023-09,NEW,1,49.49,50.0,False,False,0.51,2023-09,1021.0,1021.0,1021.0,0.0,1025.64,1006.41,1188.39,False,True,False,False,True,True,False,16717.0,1685.0,-39.41,False,0.93,1.93,1.28,False,4,True,-12.2,1.22,False,False,,tv_wilder_rsi14_sma5_v1,50.0,49.49,False,False,0.51
9036,9036.T,東部ネットワーク,2023-09,CONTINUE,10,57.03,57.53,True,False,0.51,2022-12,812.0,946.0,946.0,16.5,799.32,809.2,849.18,True,True,False,False,True,False,False,3237.0,915.0,-11.26,False,1.08,1.11,1.42,False,4,True,-6.69,0.8,False,False,,tv_wilder_rsi14_sma5_v1,57.53,57.03,False,True,0.51
4189,4189.T,ＫＨネオケム,2023-09,NEW,1,42.47,42.97,True,True,0.5,2023-09,2295.0,2295.0,2295.0,0.0,2315.52,2299.88,2416.05,False,False,False,False,True,True,False,131623.0,2919.0,-21.38,False,1.14,2.01,1.05,False,4,True,-6.39,0.93,False,False,,tv_wilder_rsi14_sma5_v1,42.97,42.47,True,True,0.5
4681,4681.T,リゾートトラスト,2023-09,CONTINUE,3,53.7,54.2,False,False,0.5,2023-07,1123.25,1116.75,1116.75,-0.58,1082.19,1093.23,1116.59,True,True,True,False,True,True,False,805580.0,1230.0,-8.68,False,0.95,1.56,1.0,False,3,True,0.8,1.07,False,False,,tv_wilder_rsi14_sma5_v1,54.2,53.7,False,False,0.5
6848,6848.T,東亜ディーケーケー,2023-09,CONTINUE,8,51.25,51.75,True,True,0.5,2023-02,806.0,870.0,870.0,7.94,773.44,802.29,848.15,True,True,False,False,False,False,False,10000.0,972.0,-17.08,False,0.61,1.25,1.07,False,4,True,-8.79,1.3,False,False,,tv_wilder_rsi14_sma5_v1,51.75,51.25,True,True,0.5
6863,6863.T,ニレコ,2023-09,CONTINUE,5,68.87,69.37,True,False,0.5,2023-05,361.67,415.0,415.0,14.75,351.96,343.66,330.99,True,True,True,True,True,True,True,34260.0,371.67,-2.69,False,0.74,2.11,1.05,False,2,True,11.83,0.88,False,False,,tv_wilder_rsi14_sma5_v1,69.37,68.87,False,True,0.5
7850,7850.T,総合商研,2023-09,NEW,1,60.14,60.64,False,True,0.5,2023-09,866.0,866.0,866.0,0.0,856.36,856.55,845.22,True,True,True,False,True,True,True,13597.0,979.0,-11.54,False,0.3,2.43,0.56,True,2,True,5.42,-0.18,False,False,,tv_wilder_rsi14_sma5_v1,60.64,60.14,True,False,0.5
9063,9063.T,岡山県貨物運送,2023-09,CONTINUE,9,56.78,57.28,True,True,0.5,2023-01,2710.0,2918.0,2918.0,7.68,2669.64,2709.57,2728.07,True,True,False,False,False,False,False,510.0,2947.0,-8.04,False,0.55,0.78,1.53,False,4,True,-1.98,1.31,False,False,,tv_wilder_rsi14_sma5_v1,57.28,56.78,True,True,0.5
2659,2659.T,サンエー,2023-09,CONTINUE,6,59.85,60.34,True,False,0.49,2023-04,2295.0,2390.0,2390.0,4.14,2185.1,2102.9,2123.79,True,True,True,False,True,True,True,129793.0,2372.5,-3.27,False,0.64,1.27,0.66,True,2,True,11.17,3.64,False,False,,tv_wilder_rsi14_sma5_v1,60.34,59.85,False,True,0.49
6467,6467.T,ニチダイ,2023-09,NEW,1,42.18,42.67,True,True,0.49,2023-09,376.0,376.0,376.0,0.0,377.32,377.19,372.59,False,False,True,True,True,True,True,6147.0,412.0,-8.74,False,0.74,1.1,0.79,True,2,True,2.05,0.8,False,False,,tv_wilder_rsi14_sma5_v1,42.67,42.18,True,True,0.49
8869,8869.T,明和地所,2023-09,NEW,1,70.83,71.31,True,True,0.49,2023-09,1141.0,1141.0,1141.0,0.0,1117.0,1067.28,925.17,True,True,True,True,True,True,True,155433.0,1248.0,-8.57,False,1.53,3.47,1.4,False,2,True,41.1,0.58,False,False,,tv_wilder_rsi14_sma5_v1,71.31,70.83,True,True,0.49
3361,3361.T,トーエル,2023-09,CONTINUE,2,45.67,46.15,True,False,0.48,2023-08,764.0,760.0,760.0,-0.52,752.08,753.12,760.67,True,True,True,False,True,False,True,15230.0,917.0,-16.68,False,0.76,1.03,0.91,True,2,True,-2.44,0.95,False,False,,tv_wilder_rsi14_sma5_v1,46.15,45.67,False,True,0.48
4526,4526.T,理研ビタミン,2023-09,CONTINUE,4,60.77,61.25,True,False,0.48,2023-06,2137.0,2217.0,2217.0,3.74,2086.36,2016.37,1913.41,True,True,True,True,True,True,True,45673.0,2180.0,-1.97,False,0.97,1.63,1.16,False,2,True,18.05,1.96,False,False,,tv_wilder_rsi14_sma5_v1,61.25,60.77,False,True,0.48
7078,7078.T,ＩＮＣＬＵＳＩＶＥ　Ｈｏｌｄｉｎｇｓ,2023-09,CONTINUE,2,48.04,48.52,True,False,0.48,2023-08,1017.0,1001.0,1001.0,-1.57,969.08,961.79,982.08,True,True,True,False,True,True,False,66443.0,1485.0,-31.52,False,1.03,2.82,1.13,False,3,True,4.42,2.57,False,False,,tv_wilder_rsi14_sma5_v1,48.52,48.04,False,True,0.48
3420,3420.T,ケー・エフ・シー,2023-09,CONTINUE,8,34.94,35.4,True,False,0.47,2023-02,1302.0,1315.0,1315.0,1.0,1278.88,1268.03,1502.58,True,True,False,False,True,False,False,5340.0,1863.0,-30.11,False,0.93,1.14,0.69,True,4,True,-14.77,3.1,False,False,,tv_wilder_rsi14_sma5_v1,35.4,34.94,False,True,0.47
3680,3680.T,ホットリンク,2023-09,CONTINUE,2,41.63,42.1,True,False,0.47,2023-08,373.0,337.0,337.0,-9.65,348.48,336.08,351.37,True,True,True,False,True,True,False,116680.0,463.0,-19.44,False,0.41,3.96,0.89,True,3,True,1.75,4.34,False,False,,tv_wilder_rsi14_sma5_v1,42.1,41.63,False,True,0.47
9215,9215.T,ＣａＳｙ,2023-09,CONTINUE,2,27.97,28.44,False,False,0.47,2023-08,886.0,880.0,880.0,-0.68,874.92,875.33,853.17,True,True,True,False,False,True,False,2370.0,1110.0,-20.18,False,0.42,2.9,1.22,False,3,True,0.4,2.63,False,False,,tv_wilder_rsi14_sma5_v1,28.44,27.97,False,False,0.47
2204,2204.T,中村屋,2023-09,CONTINUE,7,35.94,36.39,False,False,0.46,2023-03,3095.0,3085.0,3085.0,-0.32,3110.4,3083.8,3105.43,False,True,False,False,True,True,True,11620.0,3235.0,-4.33,False,1.75,1.37,1.03,False,4,True,-0.59,0.5,False,False,,tv_wilder_rsi14_sma5_v1,36.39,35.94,False,False,0.46
3550,3550.T,スタジオアタオ,2023-09,CONTINUE,2,38.47,38.93,True,True,0.46,2023-08,216.0,218.0,218.0,0.93,215.4,218.23,219.92,True,False,False,False,False,False,False,42603.0,276.0,-21.74,False,0.43,2.18,0.56,True,4,False,-3.3,0.22,False,False,,tv_wilder_rsi14_sma5_v1,38.93,38.47,True,True,0.46
416A,416A.T,富士ユナイトホールディングス,2023-09,CONTINUE,5,73.02,73.49,True,False,0.46,2023-05,1377.0,1792.0,1792.0,30.14,1279.28,1230.6,1196.79,True,True,True,True,True,True,True,46637.0,1429.0,-3.64,False,0.77,2.61,1.07,False,2,True,16.54,4.24,False,False,,tv_wilder_rsi14_sma5_v1,73.49,73.02,False,True,0.46
4486,4486.T,ユナイトアンドグロウ,2023-09,NEW,1,42.12,42.57,False,True,0.46,2023-09,510.0,510.0,510.0,0.0,504.06,515.53,554.09,True,False,False,False,True,True,False,7967.0,736.0,-30.71,False,0.7,1.5,0.98,True,4,False,-12.03,-0.65,False,False,,tv_wilder_rsi14_sma5_v1,42.57,42.12,True,False,0.46
5659,5659.T,日本精線,2023-09,CONTINUE,4,56.05,56.51,True,True,0.46,2023-06,987.0,954.0,954.0,-3.34,925.32,912.44,895.76,True,True,True,True,True,True,True,49050.0,989.0,-0.2,False,1.47,1.93,1.19,False,2,True,11.6,4.72,False,False,,tv_wilder_rsi14_sma5_v1,56.51,56.05,True,True,0.46
6013,6013.T,タクマ,2023-09,CONTINUE,9,54.4,54.86,True,False,0.46,2023-01,1283.0,1548.0,1548.0,20.65,1231.12,1245.65,1327.49,True,True,False,False,False,False,False,96517.0,1578.0,-18.69,False,0.85,1.53,1.08,False,4,True,-2.91,2.3,True,False,,tv_wilder_rsi14_sma5_v1,54.86,54.4,False,True,0.46
9216,9216.T,ビーウィズ,2023-09,NEW,1,67.9,68.36,,False,0.46,2023-09,2404.0,2404.0,2404.0,0.0,2339.36,2369.93,1885.27,True,True,True,False,False,True,True,31027.0,2620.0,-8.24,False,1.18,3.05,0.99,True,2,False,46.44,-1.58,False,False,,tv_wilder_rsi14_sma5_v1,68.36,67.9,False,,0.46
7296,7296.T,エフ・シー・シー,2023-09,CONTINUE,9,60.73,61.18,True,False,0.45,2023-01,1444.0,1881.0,1881.0,30.26,1361.28,1390.23,1382.21,True,True,True,False,False,False,True,102507.0,1538.0,-6.11,False,0.83,1.47,1.03,False,2,True,1.61,1.43,False,False,,tv_wilder_rsi14_sma5_v1,61.18,60.73,False,True,0.45
4008,4008.T,住友精化,2023-09,CONTINUE,4,61.81,62.25,False,True,0.44,2023-06,891.0,906.0,906.0,1.68,851.44,858.73,796.49,True,True,True,False,False,False,True,230417.0,935.0,-4.71,False,1.05,1.26,1.0,False,2,True,23.19,4.1,False,False,,tv_wilder_rsi14_sma5_v1,62.25,61.81,True,False,0.44
4045,4045.T,東亞合成,2023-09,CONTINUE,4,60.55,60.99,True,False,0.44,2023-06,1288.0,1344.0,1344.0,4.35,1275.08,1238.15,1183.52,True,True,True,True,True,True,True,174443.0,1323.0,-2.65,False,0.85,1.53,0.94,True,2,True,13.66,2.2,False,False,,tv_wilder_rsi14_sma5_v1,60.99,60.55,False,True,0.44
5930,5930.T,文化シヤッター,2023-09,NEW,1,53.86,54.31,False,True,0.44,2023-09,1106.0,1106.0,1106.0,0.0,1118.32,1094.35,1111.04,False,True,False,False,True,True,True,150233.0,1186.0,-6.75,False,1.04,1.44,1.11,False,4,False,1.2,0.51,False,False,,tv_wilder_rsi14_sma5_v1,54.31,53.86,True,False,0.44
7715,7715.T,長野計器,2023-09,CONTINUE,11,73.65,74.09,True,False,0.44,2022-11,1155.0,2599.0,2599.0,125.02,1117.92,1093.23,1149.9,True,True,True,False,True,False,False,44833.0,1859.0,-37.87,False,0.83,2.39,1.0,True,3,True,-6.47,3.34,False,False,,tv_wilder_rsi14_sma5_v1,74.09,73.65,False,True,0.44
6135,6135.T,牧野フライス製作所,2023-09,CONTINUE,9,69.94,70.36,True,False,0.43,2023-01,4645.0,6530.0,6530.0,40.58,4384.0,4473.47,4392.73,True,True,True,False,False,False,True,66330.0,4860.0,-4.42,False,1.15,1.77,1.14,False,2,True,8.31,2.26,True,False,,tv_wilder_rsi14_sma5_v1,70.36,69.94,False,True,0.43
6647,6647.T,森尾電機,2023-09,NEW,1,46.11,46.54,True,True,0.43,2023-09,1680.0,1680.0,1680.0,0.0,1666.76,1683.77,1715.21,True,False,False,False,False,True,False,183.0,1954.0,-14.02,False,1.96,0.52,0.69,True,4,False,-1.09,0.78,False,False,,tv_wilder_rsi14_sma5_v1,46.54,46.11,True,True,0.43
2722,2722.T,ＩＫホールディングス,2023-09,CONTINUE,2,40.35,40.76,False,False,0.42,2023-08,387.0,382.0,382.0,-1.29,375.52,377.69,387.56,True,True,False,False,True,False,False,11747.0,453.0,-14.57,False,0.68,1.59,0.95,True,4,True,-3.73,1.57,False,False,,tv_wilder_rsi14_sma5_v1,40.76,40.35,False,False,0.42
4351,4351.T,山田再生系債権回収総合事務所,2023-09,CONTINUE,7,69.96,70.39,True,True,0.42,2023-03,896.0,998.0,998.0,11.38,882.16,873.75,878.94,True,True,True,False,True,False,False,1007.0,909.0,-1.43,False,1.73,1.08,0.76,True,3,True,2.68,0.37,False,False,,tv_wilder_rsi14_sma5_v1,70.39,69.96,True,True,0.42
4743,4743.T,アイティフォー,2023-09,CONTINUE,11,68.41,68.83,True,True,0.42,2022-11,801.0,1103.0,1103.0,37.7,781.28,777.47,784.59,True,True,True,False,True,False,True,47510.0,859.0,-6.75,False,1.64,1.53,1.06,False,1,True,1.01,3.27,False,False,,tv_wilder_rsi14_sma5_v1,68.83,68.41,True,True,0.42
6218,6218.T,エンシュウ,2023-09,CONTINUE,4,49.04,49.46,True,False,0.42,2023-06,765.0,764.0,764.0,-0.13,724.72,692.13,705.61,True,True,True,False,True,True,False,23987.0,969.0,-21.05,False,0.68,2.78,1.17,False,3,True,5.77,4.76,False,False,,tv_wilder_rsi14_sma5_v1,49.46,49.04,False,True,0.42
7819,7819.T,粧美堂,2023-09,CONTINUE,8,58.19,58.61,True,False,0.42,2023-02,380.0,479.0,479.0,26.05,369.4,360.32,387.56,True,True,False,False,True,False,False,12700.0,432.0,-12.04,False,0.64,1.97,0.72,True,4,True,-2.97,0.48,False,False,,tv_wilder_rsi14_sma5_v1,58.61,58.19,False,True,0.42
9245,9245.T,リベロ,2023-09,CONTINUE,2,46.89,47.31,True,False,0.42,2023-08,1036.0,1025.0,1025.0,-1.06,1008.28,993.36,951.35,True,True,True,True,False,False,True,1617.0,1328.0,-21.99,False,0.75,2.67,0.99,True,2,True,13.43,3.77,False,False,,tv_wilder_rsi14_sma5_v1,47.31,46.89,False,True,0.42
3195,3195.T,ジェネレーションパス,2023-09,NEW,1,36.77,37.19,False,True,0.41,2023-09,284.0,284.0,284.0,0.0,272.96,283.24,299.68,True,True,False,False,False,False,False,15917.0,456.0,-37.72,False,0.79,2.54,0.87,True,4,True,-11.78,4.4,False,False,,tv_wilder_rsi14_sma5_v1,37.19,36.77,True,False,0.41
6457,6457.T,グローリー,2023-09,CONTINUE,3,62.63,63.04,False,False,0.41,2023-07,2922.0,2982.0,2982.0,2.05,2817.98,2816.07,2558.56,True,True,True,True,True,False,True,184207.0,3015.0,-3.08,False,1.01,1.84,1.0,True,2,True,19.48,-0.31,False,False,,tv_wilder_rsi14_sma5_v1,63.04,62.63,False,False,0.41
7091,7091.T,リビングプラットフォーム,2023-09,CONTINUE,3,45.81,46.22,False,False,0.41,2023-07,1571.0,1287.0,1287.0,-18.08,1294.68,1254.72,1528.03,True,True,True,False,True,False,False,8240.0,2169.0,-27.57,False,2.64,4.8,1.28,False,3,True,-0.35,6.68,False,False,,tv_wilder_rsi14_sma5_v1,46.22,45.81,False,False,0.41
7356,7356.T,Ｒｅｔｔｙ,2023-09,NEW,1,24.55,24.96,True,True,0.41,2023-09,195.0,195.0,195.0,0.0,191.68,194.73,201.53,True,True,False,False,True,False,False,23303.0,352.0,-44.6,False,0.81,2.75,1.11,False,4,True,-2.9,5.18,False,False,,tv_wilder_rsi14_sma5_v1,24.96,24.55,True,True,0.41
3323,3323.T,レカム,2023-09,CONTINUE,4,47.8,48.2,True,False,0.4,2023-06,90.0,86.0,86.0,-4.44,88.52,81.89,89.68,True,True,True,False,True,True,True,2366560.0,126.0,-28.57,False,0.39,10.16,0.81,True,1,False,10.65,1.45,False,False,,tv_wilder_rsi14_sma5_v1,48.2,47.8,False,True,0.4
4406,4406.T,新日本理化,2023-09,CONTINUE,4,47.85,48.25,True,False,0.4,2023-06,241.0,232.0,232.0,-3.73,235.0,221.43,235.73,True,True,True,False,True,True,False,308280.0,302.0,-20.2,False,0.44,3.08,0.71,True,3,True,4.32,2.14,False,False,,tv_wilder_rsi14_sma5_v1,48.25,47.85,False,True,0.4
6762,6762.T,ＴＤＫ,2023-09,NEW,1,61.1,61.5,True,True,0.4,2023-09,1108.4,1108.4,1108.4,0.0,1082.42,1073.35,992.36,True,True,True,True,True,True,True,9907767.0,1157.2,-4.22,False,1.21,2.34,1.02,False,2,True,11.58,1.95,True,True,MVP,tv_wilder_rsi14_sma5_v1,61.5,61.1,True,True,0.4
7602,7602.T,レダックス,2023-09,CONTINUE,6,44.17,44.57,True,False,0.4,2023-04,199.0,204.0,204.0,2.51,201.8,199.16,208.32,False,False,False,False,True,True,False,144150.0,264.0,-24.62,False,0.66,9.05,1.48,False,4,False,-6.09,1.24,False,False,,tv_wilder_rsi14_sma5_v1,44.57,44.17,False,True,0.4
8058,8058.T,三菱商事,2023-09,CONTINUE,9,78.09,78.49,True,False,0.4,2023-01,1445.33,2376.0,2376.0,64.39,1440.17,1441.16,1428.19,True,True,True,False,False,True,False,10602040.0,1615.0,-10.51,False,1.0,1.58,1.07,False,3,True,6.54,0.89,False,False,,tv_wilder_rsi14_sma5_v1,78.49,78.09,False,True,0.4
3474,3474.T,Ｇ－ＦＡＣＴＯＲＹ,2023-09,NEW,1,48.6,48.99,False,True,0.39,2023-09,418.0,418.0,418.0,0.0,402.0,412.35,424.67,True,True,False,False,False,False,False,6680.0,531.0,-21.28,False,1.59,1.85,1.01,False,4,True,0.5,1.59,False,False,,tv_wilder_rsi14_sma5_v1,48.99,48.6,True,False,0.39
4732,4732.T,ユー・エス・エス,2023-09,CONTINUE,8,59.82,60.21,True,False,0.39,2023-02,1104.5,1236.25,1236.25,11.93,1084.46,1076.65,1151.02,True,True,False,False,True,False,True,1088887.0,1330.0,-16.95,False,1.15,2.17,0.81,True,4,True,-2.91,-0.65,False,False,,tv_wilder_rsi14_sma5_v1,60.21,59.82,False,True,0.39
6140,6140.T,旭ダイヤモンド工業,2023-09,CONTINUE,2,61.51,61.9,False,False,0.39,2023-08,894.0,886.0,886.0,-0.89,880.76,863.81,816.14,True,True,True,True,False,False,True,245267.0,979.0,-8.68,False,0.58,1.6,0.71,True,2,False,14.25,-0.26,False,False,,tv_wilder_rsi14_sma5_v1,61.9,61.51,False,False,0.39
7775,7775.T,大研医器,2023-09,CONTINUE,9,52.54,52.92,True,False,0.39,2023-01,462.0,531.0,531.0,14.94,450.12,453.08,475.46,True,True,False,False,False,False,False,46987.0,539.0,-14.29,False,1.09,1.02,1.12,False,4,True,-4.36,2.45,False,False,,tv_wilder_rsi14_sma5_v1,52.92,52.54,False,True,0.39
7777,7777.T,スリー・ディー・マトリックス,2023-09,NEW,1,35.19,35.58,True,True,0.39,2023-09,154.0,154.0,154.0,0.0,148.4,158.45,211.75,True,False,False,False,True,False,False,1125163.0,375.0,-58.93,False,0.49,7.75,0.97,True,4,True,-32.31,2.67,False,False,,tv_wilder_rsi14_sma5_v1,35.58,35.19,True,True,0.39
3467,3467.T,アグレ都市デザイン,2023-09,NEW,1,57.74,58.1,True,True,0.37,2023-09,1557.0,1557.0,1557.0,0.0,1557.48,1554.97,1562.94,False,True,False,False,True,True,True,10303.0,1694.0,-8.09,False,0.95,1.02,1.11,False,4,True,0.54,0.45,False,False,,tv_wilder_rsi14_sma5_v1,58.1,57.74,True,True,0.37
4665,4665.T,ダスキン,2023-09,CONTINUE,2,60.04,60.41,False,False,0.37,2023-08,3280.0,3240.0,3240.0,-1.22,3212.36,3204.25,3131.08,True,True,True,True,False,False,True,78240.0,3445.0,-4.79,False,0.95,1.17,1.05,False,2,True,7.73,1.56,False,False,,tv_wilder_rsi14_sma5_v1,60.41,60.04,False,False,0.37
7438,7438.T,コンドーテック,2023-09,CONTINUE,5,61.99,62.36,True,True,0.37,2023-05,1056.0,1179.0,1179.0,11.65,1052.6,1035.92,1014.99,True,True,True,True,True,True,True,36517.0,1119.0,-5.63,False,0.91,2.33,1.05,False,1,True,0.49,0.48,False,False,,tv_wilder_rsi14_sma5_v1,62.36,61.99,True,True,0.37
7896,7896.T,セブン工業,2023-09,CONTINUE,3,50.52,50.9,True,True,0.37,2023-07,514.0,508.0,508.0,-1.17,510.24,507.95,502.79,True,True,True,True,True,True,True,3087.0,545.0,-5.69,False,0.52,1.18,0.93,True,2,False,1.8,-0.84,False,False,,tv_wilder_rsi14_sma5_v1,50.9,50.52,True,True,0.37
2975,2975.T,スター・マイカ・ホールディングス,2023-09,NEW,1,43.98,44.34,False,True,0.36,2023-09,629.0,629.0,629.0,0.0,639.16,628.11,653.06,False,True,False,False,True,True,False,83563.0,801.0,-21.47,False,1.11,2.37,1.06,False,4,False,-9.34,-0.29,False,False,,tv_wilder_rsi14_sma5_v1,44.34,43.98,True,False,0.36
3333,3333.T,あさひ,2023-09,CONTINUE,2,43.51,43.88,False,False,0.36,2023-08,1276.0,1266.0,1266.0,-0.78,1267.24,1271.08,1315.02,True,True,False,False,True,False,False,118083.0,1432.0,-10.89,False,0.83,1.12,0.9,True,4,False,-2.11,0.77,False,False,,tv_wilder_rsi14_sma5_v1,43.88,43.51,False,False,0.36
4574,4574.T,大幸薬品,2023-09,CONTINUE,3,27.98,28.34,False,True,0.36,2023-07,352.0,353.0,353.0,0.28,344.08,368.47,413.81,True,False,False,False,False,False,False,249553.0,669.0,-47.38,False,0.54,1.66,0.85,True,4,False,-20.21,0.42,False,False,,tv_wilder_rsi14_sma5_v1,28.34,27.98,True,False,0.36
6908,6908.T,イリソ電子工業,2023-09,CONTINUE,2,48.71,49.07,False,False,0.36,2023-08,4330.0,4200.0,4200.0,-3.0,3944.6,4088.4,4418.93,True,True,False,False,False,False,False,143797.0,5230.0,-17.21,False,0.85,2.24,0.91,True,4,True,-0.87,1.24,False,False,,tv_wilder_rsi14_sma5_v1,49.07,48.71,False,False,0.36
8226,8226.T,理経,2023-09,CONTINUE,2,45.56,45.92,False,False,0.36,2023-08,233.0,229.0,229.0,-1.72,226.04,229.85,244.32,True,True,False,False,False,False,False,48810.0,299.0,-22.07,False,1.08,1.81,1.24,False,4,True,-6.19,2.75,True,False,,tv_wilder_rsi14_sma5_v1,45.92,45.56,False,False,0.36
4539,4539.T,日本ケミファ,2023-09,CONTINUE,9,43.4,43.74,True,False,0.35,2023-01,1788.0,1872.0,1872.0,4.7,1688.12,1687.35,1816.12,True,True,False,False,True,False,False,5150.0,2298.0,-22.19,False,1.73,1.36,1.14,False,4,True,-3.54,3.34,False,False,,tv_wilder_rsi14_sma5_v1,43.74,43.4,False,True,0.35
6505,6505.T,東洋電機製造,2023-09,CONTINUE,9,48.42,48.77,False,False,0.35,2023-01,877.0,983.0,983.0,12.09,842.56,851.07,891.09,True,True,False,False,False,False,False,28003.0,1058.0,-17.11,False,1.38,1.25,1.08,False,4,True,-2.92,2.4,True,False,,tv_wilder_rsi14_sma5_v1,48.77,48.42,False,False,0.35
6664,6664.T,オプトエレクトロニクス,2023-09,NEW,1,42.95,43.29,False,True,0.35,2023-09,385.0,385.0,385.0,0.0,375.76,383.72,383.57,True,True,True,False,True,False,True,20337.0,447.0,-13.87,False,4.26,2.49,1.39,False,2,False,1.27,1.3,False,False,,tv_wilder_rsi14_sma5_v1,43.29,42.95,True,False,0.35
1860,1860.T,戸田建設,2023-09,CONTINUE,6,57.97,58.31,False,False,0.34,2023-04,793.0,809.6,809.6,2.09,710.8,703.83,712.05,True,True,True,False,True,True,True,715230.0,791.0,0.25,True,1.31,1.78,1.28,False,2,True,9.87,6.33,False,False,,tv_wilder_rsi14_sma5_v1,58.31,57.97,False,False,0.34
7030,7030.T,スプリックス,2023-09,NEW,1,39.39,39.73,False,True,0.34,2023-09,809.0,809.0,809.0,0.0,830.2,803.48,854.52,False,True,False,False,True,True,False,23400.0,1056.0,-23.39,False,1.25,1.73,1.27,False,4,False,-5.47,1.41,False,False,,tv_wilder_rsi14_sma5_v1,39.73,39.39,True,False,0.34
7083,7083.T,ＡＨＣグループ,2023-09,CONTINUE,2,28.46,28.8,True,False,0.34,2023-08,628.0,624.0,624.0,-0.64,615.2,625.49,651.51,True,True,False,False,False,False,False,1307.0,830.0,-24.34,False,1.52,0.82,1.29,False,4,True,-7.43,0.67,True,False,,tv_wilder_rsi14_sma5_v1,28.8,28.46,False,True,0.34
3623,3623.T,ビリングシステム,2023-09,NEW,1,45.65,45.99,False,True,0.33,2023-09,1037.0,1037.0,1037.0,0.0,1008.0,1023.59,1201.41,True,True,False,False,False,False,False,22657.0,1960.0,-47.09,False,1.26,3.58,1.37,False,4,False,-5.03,1.45,False,False,,tv_wilder_rsi14_sma5_v1,45.99,45.65,True,False,0.33
3985,3985.T,テモナ,2023-09,CONTINUE,4,38.57,38.9,True,False,0.33,2023-06,301.0,289.0,289.0,-3.99,285.64,288.99,287.33,True,True,True,False,True,False,False,71257.0,397.0,-24.18,False,0.12,4.67,0.61,True,3,True,0.16,5.49,False,False,,tv_wilder_rsi14_sma5_v1,38.9,38.57,False,True,0.33
4082,4082.T,第一稀元素化学工業,2023-09,CONTINUE,4,42.9,43.24,False,False,0.33,2023-06,977.0,953.0,953.0,-2.46,950.92,969.93,1085.87,True,True,False,False,True,False,False,128590.0,1445.0,-32.39,False,0.66,1.81,0.85,True,4,True,-9.56,2.42,False,False,,tv_wilder_rsi14_sma5_v1,43.24,42.9,False,False,0.33
4263,4263.T,サスメド,2023-09,CONTINUE,4,44.41,44.73,True,False,0.33,2023-06,1784.0,1580.0,1580.0,-11.43,1478.4,1420.13,1335.04,True,True,True,True,True,True,True,248790.0,2017.0,-11.55,False,1.01,5.07,1.22,False,2,True,71.88,21.94,False,False,,tv_wilder_rsi14_sma5_v1,44.73,44.41,False,True,0.33
4531,4531.T,有機合成薬品工業,2023-09,NEW,1,49.97,50.3,True,True,0.33,2023-09,300.0,300.0,300.0,0.0,295.76,298.93,294.97,True,True,True,False,True,True,False,41483.0,333.0,-9.91,False,1.43,1.0,1.08,False,1,True,-1.14,0.78,True,False,,tv_wilder_rsi14_sma5_v1,50.3,49.97,True,True,0.33
2819,2819.T,エバラ食品工業,2023-09,NEW,1,52.48,52.81,False,False,0.32,2023-09,2945.0,2945.0,2945.0,0.0,2990.52,2950.21,3014.38,False,False,False,False,True,True,False,5737.0,3240.0,-9.1,False,1.23,1.21,1.14,False,4,True,-3.03,0.47,False,False,,tv_wilder_rsi14_sma5_v1,52.81,52.48,False,False,0.32
3955,3955.T,イムラ,2023-09,NEW,1,70.33,70.65,True,True,0.32,2023-09,1202.0,1202.0,1202.0,0.0,1147.2,1157.21,1031.81,True,True,True,False,True,True,True,8890.0,1277.0,-5.87,False,1.25,2.02,1.06,False,2,True,23.64,0.29,True,True,MVP,tv_wilder_rsi14_sma5_v1,70.65,70.33,True,True,0.32
5445,5445.T,東京鐵鋼,2023-09,CONTINUE,14,82.09,82.41,True,True,0.32,2022-08,447.0,1176.67,1176.67,163.24,440.81,420.62,435.44,True,True,True,False,True,True,False,63150.0,571.67,-21.81,False,0.92,1.96,1.05,False,3,True,1.33,,,False,,tv_wilder_rsi14_sma5_v1,82.41,82.09,True,True,0.32
7946,7946.T,光陽社,2023-09,NEW,1,51.78,52.1,False,True,0.32,2023-09,1595.0,1595.0,1595.0,0.0,1568.4,1557.84,1570.12,True,True,True,False,True,False,True,11047.0,2131.0,-25.15,False,0.14,3.99,0.47,True,2,True,-0.17,1.7,False,False,,tv_wilder_rsi14_sma5_v1,52.1,51.78,True,False,0.32
9366,9366.T,サンリツ,2023-09,NEW,1,50.46,50.78,False,True,0.32,2023-09,738.0,738.0,738.0,0.0,741.32,736.83,733.17,False,True,True,True,True,True,True,9577.0,780.0,-5.38,False,1.41,1.42,1.1,False,2,True,2.01,0.36,False,False,,tv_wilder_rsi14_sma5_v1,50.78,50.46,True,False,0.32
2926,2926.T,篠崎屋,2023-09,NEW,1,40.88,41.19,False,True,0.31,2023-09,92.0,92.0,92.0,0.0,92.04,92.13,93.45,False,False,False,False,True,False,False,64447.0,123.0,-25.2,False,0.81,1.63,1.11,False,4,False,-1.86,0.11,False,False,,tv_wilder_rsi14_sma5_v1,41.19,40.88,True,False,0.31
4061,4061.T,デンカ,2023-09,CONTINUE,4,40.7,41.01,True,False,0.31,2023-06,2712.5,2703.0,2703.0,-0.35,2622.84,2678.81,2935.62,True,True,False,False,False,False,False,675507.0,3620.0,-25.07,False,0.89,1.47,1.01,False,4,True,-9.2,2.46,False,False,,tv_wilder_rsi14_sma5_v1,41.01,40.7,False,True,0.31
6918,6918.T,アバールデータ,2023-09,NEW,1,59.34,59.65,True,True,0.31,2023-09,4570.0,4570.0,4570.0,0.0,4406.4,4413.53,4287.9,True,True,True,False,True,True,True,28520.0,5200.0,-12.12,False,1.37,2.49,1.16,False,2,True,19.54,3.49,False,False,,tv_wilder_rsi14_sma5_v1,59.65,59.34,True,True,0.31
9045,9045.T,京阪ホールディングス,2023-09,CONTINUE,7,55.73,56.03,True,False,0.3,2023-03,3455.0,3968.0,3968.0,14.85,3402.6,3421.93,3469.6,True,True,False,False,True,False,True,287977.0,4015.0,-13.95,False,1.13,2.09,0.99,True,1,False,3.23,-0.59,False,False,,tv_wilder_rsi14_sma5_v1,56.03,55.73,False,True,0.3
9993,9993.T,ヤマザワ,2023-09,CONTINUE,4,36.37,36.67,True,False,0.3,2023-06,1268.0,1256.0,1256.0,-0.95,1254.96,1272.56,1269.22,True,False,False,False,False,False,False,5987.0,1548.0,-18.09,False,0.86,1.03,0.79,True,1,False,-3.7,1.13,False,False,,tv_wilder_rsi14_sma5_v1,36.67,36.37,False,True,0.3
3159,3159.T,丸善ＣＨＩホールディングス,2023-09,NEW,1,44.9,45.2,False,True,0.29,2023-09,343.0,343.0,343.0,0.0,341.96,345.37,344.5,True,False,False,False,True,False,True,46343.0,367.0,-6.54,False,1.05,1.1,1.19,False,1,False,-0.78,-0.06,False,False,,tv_wilder_rsi14_sma5_v1,45.2,44.9,True,False,0.29
7074,7074.T,トゥエンティーフォーセブンホールディングス,2023-09,CONTINUE,5,28.14,28.43,True,False,0.29,2023-05,369.0,353.0,353.0,-4.34,340.28,322.32,366.13,True,True,True,False,True,True,False,369357.0,730.0,-49.45,False,0.91,11.87,1.65,False,3,False,-8.52,9.83,False,False,,tv_wilder_rsi14_sma5_v1,28.43,28.14,False,True,0.29
7554,7554.T,幸楽苑,2023-09,CONTINUE,2,35.69,35.98,False,False,0.29,2023-08,1044.0,1023.0,1023.0,-2.01,1015.36,1021.31,1040.77,True,True,True,False,False,False,False,57327.0,1194.0,-12.56,False,1.01,1.46,1.15,False,3,True,-2.33,2.37,False,False,,tv_wilder_rsi14_sma5_v1,35.98,35.69,False,False,0.29
2170,2170.T,リンクアンドモチベーション,2023-09,CONTINUE,2,42.44,42.71,False,False,0.28,2023-08,462.0,434.0,434.0,-6.06,428.68,430.25,535.6,True,True,False,False,True,False,False,415850.0,917.0,-49.62,False,1.24,3.43,0.89,True,4,True,-10.71,6.82,False,False,,tv_wilder_rsi14_sma5_v1,42.71,42.44,False,False,0.28
3444,3444.T,菊池製作所,2023-09,CONTINUE,4,30.7,30.98,True,False,0.28,2023-06,384.0,378.0,378.0,-1.56,375.44,388.48,425.94,True,False,False,False,False,False,False,12343.0,542.0,-29.15,False,0.46,1.66,0.93,True,4,True,-11.97,3.16,False,False,,tv_wilder_rsi14_sma5_v1,30.98,30.7,False,True,0.28
6522,6522.T,アスタリスク,2023-09,CONTINUE,2,44.71,45.0,True,True,0.28,2023-08,888.0,904.0,904.0,1.8,854.0,890.91,1096.62,True,False,False,False,False,False,False,43773.0,1619.0,-45.15,False,0.43,2.96,0.89,True,4,True,-21.33,1.61,False,False,,tv_wilder_rsi14_sma5_v1,45.0,44.71,True,True,0.28
7726,7726.T,黒田精工,2023-09,NEW,1,42.81,43.09,False,True,0.28,2023-09,1460.0,1460.0,1460.0,0.0,1467.76,1476.04,1602.15,False,False,False,False,True,False,False,10373.0,2152.0,-32.16,False,0.34,3.06,0.97,True,4,True,-8.98,1.83,False,False,,tv_wilder_rsi14_sma5_v1,43.09,42.81,True,False,0.28
2778,2778.T,パレモ・ホールディングス,2023-09,CONTINUE,2,50.34,50.61,False,False,0.27,2023-08,209.0,201.0,201.0,-3.83,199.28,195.93,198.28,True,True,True,False,True,False,False,103773.0,255.0,-18.04,False,1.75,2.22,0.98,True,1,True,2.33,0.68,False,False,,tv_wilder_rsi14_sma5_v1,50.61,50.34,False,False,0.27
3002,3002.T,グンゼ,2023-09,CONTINUE,2,56.87,57.14,False,False,0.27,2023-08,2292.5,2255.0,2255.0,-1.64,2247.3,2229.67,2179.55,True,True,True,True,True,False,True,70420.0,2385.0,-3.88,False,1.1,1.33,0.89,True,2,True,10.51,0.92,True,False,,tv_wilder_rsi14_sma5_v1,57.14,56.87,False,False,0.27
9360,9360.T,鈴与シンワート,2023-09,CONTINUE,4,52.81,53.07,True,False,0.27,2023-06,1813.0,1750.0,1750.0,-3.47,1751.16,1634.12,1756.31,True,True,True,False,True,True,True,4543.0,2640.0,-31.33,False,0.73,3.49,1.06,False,1,True,16.78,1.04,False,False,,tv_wilder_rsi14_sma5_v1,53.07,52.81,False,True,0.27
6379,6379.T,レイズネクスト,2023-09,NEW,1,61.39,61.64,False,True,0.26,2023-09,1454.0,1454.0,1454.0,0.0,1471.64,1436.61,1394.26,False,True,True,True,True,True,True,38433.0,1558.0,-6.68,False,1.26,2.11,1.23,False,2,False,7.46,0.46,False,False,,tv_wilder_rsi14_sma5_v1,61.64,61.39,True,False,0.26
2461,2461.T,ファンコミュニケーションズ,2023-09,NEW,1,44.58,44.83,False,True,0.25,2023-09,398.0,398.0,398.0,0.0,397.0,397.8,405.01,True,True,False,False,True,False,False,99090.0,456.0,-12.72,False,1.39,1.01,1.22,False,4,True,-3.13,0.38,True,False,,tv_wilder_rsi14_sma5_v1,44.83,44.58,True,False,0.25
3921,3921.T,ネオジャパン,2023-09,CONTINUE,4,44.4,44.65,True,False,0.25,2023-06,1081.0,1018.0,1018.0,-5.83,1009.88,937.07,972.62,True,True,True,False,True,True,False,47510.0,1179.0,-8.31,False,0.71,3.46,1.18,False,3,True,14.59,10.69,False,False,,tv_wilder_rsi14_sma5_v1,44.65,44.4,False,True,0.25
4840,4840.T,トライアイズ,2023-09,NEW,1,57.07,57.33,False,True,0.25,2023-09,405.0,405.0,405.0,0.0,399.04,393.63,418.44,True,True,False,False,True,False,False,3500.0,514.0,-21.21,False,1.48,2.01,1.19,False,4,True,4.44,-1.16,False,False,,tv_wilder_rsi14_sma5_v1,57.33,57.07,True,False,0.25
8864,8864.T,空港施設,2023-09,CONTINUE,3,53.01,53.26,False,False,0.25,2023-07,563.0,565.0,565.0,0.36,554.08,554.72,541.55,True,True,True,False,True,True,True,47030.0,582.0,-3.26,False,1.56,0.85,0.96,True,2,True,2.59,-0.49,False,False,,tv_wilder_rsi14_sma5_v1,53.26,53.01,False,False,0.25
2674,2674.T,ハードオフコーポレーション,2023-09,CONTINUE,4,70.62,70.86,False,False,0.24,2023-06,1436.0,1495.0,1495.0,4.11,1370.8,1344.87,1314.38,True,True,True,True,False,True,True,64773.0,1470.0,-2.31,False,0.73,1.83,0.87,True,2,True,20.47,3.55,False,False,,tv_wilder_rsi14_sma5_v1,70.86,70.62,False,False,0.24
3663,3663.T,セルシス,2023-09,NEW,1,51.37,51.61,True,True,0.24,2023-09,746.0,746.0,746.0,0.0,724.76,725.16,710.34,True,True,True,False,True,False,True,215993.0,953.0,-21.72,False,0.91,3.37,1.1,False,2,True,0.25,1.05,False,False,,tv_wilder_rsi14_sma5_v1,51.61,51.37,True,True,0.24
4073,4073.T,ジィ・シィ企画,2023-09,CONTINUE,4,20.01,20.24,True,True,0.24,2023-06,568.0,530.0,530.0,-6.69,574.36,561.24,733.23,False,True,False,False,True,False,False,30123.0,1144.0,-50.35,False,0.1,4.34,1.05,False,4,True,-18.45,1.57,False,False,,tv_wilder_rsi14_sma5_v1,20.24,20.01,True,True,0.24
6413,6413.T,理想科学工業,2023-09,NEW,1,53.01,53.25,False,True,0.24,2023-09,1168.0,1168.0,1168.0,0.0,1169.0,1153.71,1143.66,False,True,True,True,True,True,True,71827.0,1283.0,-8.96,False,0.95,1.74,1.09,False,2,True,1.2,1.55,False,False,,tv_wilder_rsi14_sma5_v1,53.25,53.01,True,False,0.24
9363,9363.T,大運,2023-09,CONTINUE,2,54.04,54.27,False,False,0.24,2023-08,428.0,400.0,400.0,-6.54,400.88,394.35,362.62,True,True,True,True,True,False,True,30943.0,685.0,-37.52,False,0.86,2.55,0.93,True,2,True,22.53,6.7,True,False,,tv_wilder_rsi14_sma5_v1,54.27,54.04,False,False,0.24
4013,4013.T,勤次郎,2023-09,CONTINUE,18,37.86,38.09,True,False,0.23,2022-04,381.0,635.0,635.0,66.67,409.86,412.04,,False,False,,,True,False,,57027.0,,,,0.76,3.69,0.78,True,1,False,,,,False,,tv_wilder_rsi14_sma5_v1,38.09,37.86,False,True,0.23
4094,4094.T,日本化学産業,2023-09,NEW,1,48.89,49.11,False,True,0.23,2023-09,1104.0,1104.0,1104.0,0.0,1104.48,1108.25,1069.57,False,False,True,False,True,True,True,10077.0,1188.0,-7.07,False,1.07,1.88,1.21,False,2,True,3.48,1.55,False,False,,tv_wilder_rsi14_sma5_v1,49.11,48.89,True,False,0.23
6485,6485.T,前澤給装工業,2023-09,CONTINUE,15,64.75,64.98,True,False,0.23,2022-07,920.0,1202.0,1202.0,30.65,906.76,884.87,964.04,True,True,False,False,True,False,False,18653.0,,,,0.67,1.59,0.81,True,4,True,,,,False,,tv_wilder_rsi14_sma5_v1,64.98,64.75,False,True,0.23
9240,9240.T,デリバリーコンサルティング,2023-09,CONTINUE,5,37.09,37.31,True,False,0.23,2023-05,463.0,475.0,475.0,2.59,444.96,454.55,583.72,True,True,False,False,False,False,False,3793.0,994.0,-53.42,False,0.96,1.87,1.28,False,4,True,-25.76,0.84,False,False,,tv_wilder_rsi14_sma5_v1,37.31,37.09,False,True,0.23
1914,1914.T,日本基礎技術,2023-09,NEW,1,47.35,47.57,False,True,0.22,2023-09,499.0,499.0,499.0,0.0,499.04,499.67,511.81,False,False,False,False,True,False,False,14330.0,578.0,-13.67,False,1.04,1.07,1.03,False,1,True,1.27,2.67,False,False,,tv_wilder_rsi14_sma5_v1,47.57,47.35,True,False,0.22
4884,4884.T,クリングルファーマ,2023-09,NEW,1,47.22,47.44,False,True,0.22,2023-09,798.0,798.0,798.0,0.0,718.72,805.52,836.79,True,False,False,False,False,False,True,127620.0,1404.0,-43.16,False,1.48,5.71,1.13,False,1,True,22.54,10.82,False,False,,tv_wilder_rsi14_sma5_v1,47.44,47.22,True,False,0.22
6659,6659.T,メディアリンクス,2023-09,CONTINUE,2,31.19,31.4,False,False,0.21,2023-08,48.0,46.0,46.0,-4.17,49.96,50.01,65.1,False,False,False,False,True,False,False,1747283.0,112.0,-57.14,False,0.24,5.36,0.66,True,4,True,-34.81,-3.35,False,False,,tv_wilder_rsi14_sma5_v1,31.4,31.19,False,False,0.21
9057,9057.T,遠州トラック,2023-09,CONTINUE,4,48.61,48.82,True,False,0.21,2023-06,2437.0,2424.0,2424.0,-0.53,2393.68,2421.19,2478.28,True,True,False,False,False,False,False,5600.0,2797.0,-12.87,False,0.79,0.81,1.01,False,4,True,-0.76,1.41,False,False,,tv_wilder_rsi14_sma5_v1,48.82,48.61,False,True,0.21
9254,9254.T,ラバブルマーケティンググループ,2023-09,CONTINUE,4,38.89,39.1,True,False,0.21,2023-06,1495.0,1472.0,1472.0,-1.54,1415.8,1544.76,1507.52,True,False,False,False,False,False,True,17253.0,2799.0,-46.59,False,0.97,4.37,0.95,True,4,True,-0.02,1.26,True,False,,tv_wilder_rsi14_sma5_v1,39.1,38.89,False,True,0.21
2351,2351.T,ＡＳＪ,2023-09,NEW,1,40.99,41.18,False,True,0.2,2023-09,492.0,492.0,492.0,0.0,493.0,489.33,495.85,False,True,False,False,True,False,False,7147.0,612.0,-19.61,False,0.51,1.42,0.74,True,4,True,-0.03,1.47,False,False,,tv_wilder_rsi14_sma5_v1,41.18,40.99,True,False,0.2
2983,2983.T,アールプランナー,2023-09,CONTINUE,4,48.71,48.91,True,False,0.2,2023-06,423.5,401.0,401.0,-5.31,398.32,384.69,428.36,True,True,False,False,True,True,False,16480.0,601.0,-29.53,False,0.73,3.15,1.31,False,4,True,3.8,11.32,False,False,,tv_wilder_rsi14_sma5_v1,48.91,48.71,False,True,0.2
3878,3878.T,巴川コーポレーション,2023-09,CONTINUE,4,43.74,43.94,True,True,0.2,2023-06,694.0,682.0,682.0,-1.73,667.76,672.72,710.32,True,True,False,False,True,False,False,16603.0,854.0,-18.74,False,0.77,1.62,0.93,True,4,True,2.84,4.14,False,False,,tv_wilder_rsi14_sma5_v1,43.94,43.74,True,True,0.2
7255,7255.T,桜井製作所,2023-09,CONTINUE,9,54.49,54.7,True,False,0.2,2023-01,483.0,504.0,504.0,4.35,477.8,477.07,476.58,True,True,True,True,False,False,True,927.0,500.0,-3.4,False,1.38,0.5,1.43,False,2,True,2.34,1.07,False,False,,tv_wilder_rsi14_sma5_v1,54.7,54.49,False,True,0.2
7284,7284.T,盟和産業,2023-09,CONTINUE,4,52.65,52.85,True,False,0.2,2023-06,1009.0,1002.0,1002.0,-0.69,978.72,977.57,958.55,True,True,True,True,True,True,False,4370.0,1039.0,-2.89,False,0.48,0.84,1.05,False,1,True,3.35,2.22,False,False,,tv_wilder_rsi14_sma5_v1,52.85,52.65,False,True,0.2
7857,7857.T,セキ,2023-09,CONTINUE,2,27.22,27.42,True,False,0.2,2023-08,1346.0,1325.0,1325.0,-1.56,1328.64,1336.36,1375.14,True,True,False,False,False,False,False,500.0,1580.0,-14.81,False,1.16,0.53,0.62,True,4,True,-4.74,1.44,False,False,,tv_wilder_rsi14_sma5_v1,27.42,27.22,False,True,0.2
9509,9509.T,北海道電力,2023-09,CONTINUE,10,69.47,69.67,True,False,0.2,2022-12,466.0,652.2,652.2,39.96,447.84,451.44,481.45,True,True,False,False,True,False,False,704280.0,546.0,-14.65,False,0.89,1.75,1.08,False,4,True,-3.45,2.79,False,False,,tv_wilder_rsi14_sma5_v1,69.67,69.47,False,True,0.2
2689,2689.T,オルバヘルスケアホールディングス,2023-09,NEW,1,59.15,59.34,False,True,0.19,2023-09,1806.0,1806.0,1806.0,0.0,1768.8,1792.65,1723.82,True,True,True,False,True,False,True,5790.0,2060.0,-12.33,False,1.05,1.29,1.16,False,2,True,9.14,1.9,False,False,,tv_wilder_rsi14_sma5_v1,59.34,59.15,True,False,0.19
8025,8025.T,ツカモトコーポレーション,2023-09,NEW,1,48.76,48.94,False,False,0.19,2023-09,1291.0,1291.0,1291.0,0.0,1290.32,1301.43,1366.28,True,False,False,False,True,False,False,2290.0,1660.0,-22.23,False,1.07,1.1,0.95,True,4,False,-0.87,-1.24,False,False,,tv_wilder_rsi14_sma5_v1,48.94,48.76,False,False,0.19
2678,2678.T,アスクル,2023-09,CONTINUE,10,59.11,59.29,True,False,0.18,2022-12,1709.0,1960.0,1960.0,14.69,1624.0,1590.03,1613.4,True,True,True,False,True,False,False,414487.0,1877.0,-8.95,False,0.69,2.81,0.95,True,1,True,11.41,7.06,False,False,,tv_wilder_rsi14_sma5_v1,59.29,59.11,False,True,0.18
3837,3837.T,アドソル日進,2023-09,CONTINUE,2,47.99,48.17,False,False,0.18,2023-08,866.0,854.5,854.5,-1.33,848.2,858.35,798.59,True,True,True,False,True,False,True,38520.0,955.0,-9.32,False,0.67,1.48,0.72,True,2,True,7.46,1.86,False,False,,tv_wilder_rsi14_sma5_v1,48.17,47.99,False,False,0.18
6779,6779.T,日本電波工業,2023-09,CONTINUE,2,53.68,53.85,True,False,0.18,2023-08,1555.0,1395.0,1395.0,-10.29,1377.56,1306.41,1390.88,True,True,True,False,True,True,False,367090.0,1943.0,-19.97,False,0.59,3.17,0.81,True,3,True,10.98,4.29,False,False,,tv_wilder_rsi14_sma5_v1,53.85,53.68,False,True,0.18
7352,7352.T,ＴＷＯＳＴＯＮＥ＆Ｓｏｎｓ,2023-09,CONTINUE,6,76.46,76.64,True,True,0.18,2023-04,520.0,753.5,753.5,44.9,451.94,450.09,370.29,True,True,True,True,True,False,True,91007.0,642.5,-19.07,False,1.57,4.55,1.29,False,2,True,60.6,5.02,True,True,MVP,tv_wilder_rsi14_sma5_v1,76.64,76.46,True,True,0.18
1518,1518.T,三井松島ホールディングス,2023-09,CONTINUE,2,53.13,53.3,False,False,0.17,2023-08,577.2,551.0,551.0,-4.54,544.37,537.82,612.91,True,True,False,False,True,False,False,1681283.0,821.0,-29.7,False,1.07,2.3,0.87,True,4,True,-7.08,1.1,False,False,,tv_wilder_rsi14_sma5_v1,53.3,53.13,False,False,0.17
3858,3858.T,ユビキタスＡＩ,2023-09,CONTINUE,7,44.36,44.54,True,False,0.17,2023-03,393.0,410.0,410.0,4.33,371.76,374.52,403.73,True,True,False,False,False,False,False,22840.0,623.0,-36.92,False,2.0,2.96,1.25,False,4,True,0.43,4.18,False,False,,tv_wilder_rsi14_sma5_v1,44.54,44.36,False,True,0.17
6699,6699.T,ダイヤモンドエレクトリックホールディングス,2023-09,CONTINUE,3,41.29,41.45,False,False,0.17,2023-07,876.0,845.0,845.0,-3.54,830.28,851.11,1061.78,True,True,False,False,True,False,False,86980.0,1918.0,-54.33,False,1.26,2.77,1.03,False,4,True,-23.43,0.76,False,False,,tv_wilder_rsi14_sma5_v1,41.45,41.29,False,False,0.17
3077,3077.T,ホリイフードサービス,2023-09,NEW,1,45.93,46.08,True,True,0.16,2023-09,477.0,477.0,477.0,0.0,473.44,477.96,483.75,True,False,False,False,False,False,False,5383.0,520.0,-8.27,False,0.53,0.67,0.89,True,4,False,-0.95,0.4,False,False,,tv_wilder_rsi14_sma5_v1,46.08,45.93,True,True,0.16
4579,4579.T,ラクオリア創薬,2023-09,CONTINUE,2,42.13,42.29,False,False,0.16,2023-08,759.0,743.0,743.0,-2.11,717.52,745.97,920.33,True,True,False,False,False,False,False,146533.0,1421.0,-46.59,False,0.75,3.54,0.98,True,4,True,-18.24,1.86,False,False,,tv_wilder_rsi14_sma5_v1,42.29,42.13,False,False,0.16
7371,7371.T,Ｚｅｎｋｅｎ,2023-09,NEW,1,25.56,25.72,False,True,0.16,2023-09,594.0,594.0,594.0,0.0,569.84,601.17,663.6,True,False,False,False,False,False,False,17843.0,857.0,-30.69,False,0.79,1.33,1.15,False,4,True,-13.73,2.44,True,False,,tv_wilder_rsi14_sma5_v1,25.72,25.56,True,False,0.16
9259,9259.T,タカヨシホールディングス,2023-09,CONTINUE,4,41.95,42.1,True,True,0.16,2023-06,1295.0,1291.0,1291.0,-0.31,1254.04,1220.35,1359.46,True,True,False,False,True,True,False,11200.0,2060.0,-37.14,False,0.5,2.21,0.89,True,4,True,-7.12,2.43,False,False,,tv_wilder_rsi14_sma5_v1,42.1,41.95,True,True,0.16
3184,3184.T,ＩＣＤＡホールディングス,2023-09,NEW,1,61.93,62.07,False,True,0.15,2023-09,2763.0,2763.0,2763.0,0.0,2731.04,2723.57,2691.35,True,True,True,True,True,True,True,197.0,3135.0,-11.87,False,1.93,0.68,1.22,False,2,False,5.53,0.74,False,False,,tv_wilder_rsi14_sma5_v1,62.07,61.93,True,False,0.15
3776,3776.T,ブロードバンドタワー,2023-09,CONTINUE,4,39.11,39.24,True,False,0.14,2023-06,144.0,142.0,142.0,-1.39,140.96,141.4,156.0,True,True,False,False,True,False,False,1331093.0,203.0,-29.06,False,0.3,5.75,0.99,True,4,True,-10.29,2.75,False,False,,tv_wilder_rsi14_sma5_v1,39.24,39.11,False,True,0.14
4554,4554.T,富士製薬工業,2023-09,NEW,1,54.02,54.15,False,False,0.13,2023-09,1166.0,1166.0,1166.0,0.0,1196.08,1162.12,1126.67,False,True,True,True,True,True,True,62343.0,1295.0,-9.96,False,1.11,1.98,1.25,False,2,False,6.76,-1.37,False,False,,tv_wilder_rsi14_sma5_v1,54.15,54.02,False,False,0.13
6518,6518.T,三相電機,2023-09,CONTINUE,6,57.18,57.31,True,False,0.13,2023-04,1081.0,1142.0,1142.0,5.64,1075.72,1053.71,1061.79,True,True,True,False,True,True,True,667.0,1140.0,-5.18,False,0.54,1.8,0.83,True,1,True,4.47,0.91,False,False,,tv_wilder_rsi14_sma5_v1,57.31,57.18,False,True,0.13
8614,8614.T,東洋証券,2023-09,NEW,1,60.46,60.59,False,False,0.13,2023-09,321.0,321.0,321.0,0.0,341.64,327.95,315.91,False,False,True,True,True,True,True,225763.0,380.0,-15.53,False,0.93,4.65,1.16,False,2,False,5.34,-6.49,False,False,,tv_wilder_rsi14_sma5_v1,60.59,60.46,False,False,0.13
2760,2760.T,東京エレクトロン　デバイス,2023-09,NEW,1,70.91,71.03,True,True,0.12,2023-09,3545.0,3545.0,3545.0,0.0,3440.93,3418.4,2969.47,True,True,True,True,True,True,True,233353.0,3800.0,-6.71,False,1.16,2.85,1.1,False,2,True,36.69,3.43,False,False,,tv_wilder_rsi14_sma5_v1,71.03,70.91,True,True,0.12
2897,2897.T,日清食品ホールディングス,2023-09,CONTINUE,2,64.32,64.44,False,False,0.11,2023-08,4240.0,4141.67,4141.67,-2.32,4155.13,4058.71,3855.08,True,True,True,True,True,False,True,984960.0,4433.33,-4.36,False,0.76,1.78,0.7,True,2,True,13.51,-0.77,False,False,,tv_wilder_rsi14_sma5_v1,64.44,64.32,False,False,0.11
3571,3571.T,ソトー,2023-09,CONTINUE,2,43.15,43.26,False,False,0.11,2023-08,784.0,758.0,758.0,-3.32,759.32,774.17,797.67,True,True,False,False,False,False,False,14660.0,883.0,-11.21,False,0.57,2.19,0.87,True,4,True,1.92,4.85,False,False,,tv_wilder_rsi14_sma5_v1,43.26,43.15,False,False,0.11
3726,3726.T,フォーシーズＨＤ,2023-09,CONTINUE,9,57.15,57.25,True,False,0.11,2023-01,438.0,493.0,493.0,12.56,435.96,436.56,455.44,True,True,False,False,False,False,False,4410.0,500.0,-12.4,False,0.64,0.67,0.91,True,1,True,-0.18,0.59,False,False,,tv_wilder_rsi14_sma5_v1,57.25,57.15,False,True,0.11
5803,5803.T,フジクラ,2023-09,CONTINUE,5,69.76,69.86,True,False,0.1,2023-05,186.67,200.25,200.25,7.28,162.76,157.62,160.99,True,True,True,False,True,True,True,15117700.0,194.33,-3.95,False,1.48,3.18,1.27,False,2,True,19.23,2.04,False,False,,tv_wilder_rsi14_sma5_v1,69.86,69.76,False,True,0.1
6195,6195.T,ホープ,2023-09,NEW,1,41.24,41.34,False,True,0.1,2023-09,281.0,281.0,281.0,0.0,279.2,289.99,304.07,True,False,False,False,True,True,True,259583.0,469.0,-40.09,False,0.33,7.75,0.64,True,1,True,3.12,-0.9,False,False,,tv_wilder_rsi14_sma5_v1,41.34,41.24,True,False,0.1
6943,6943.T,ＮＫＫスイッチズ,2023-09,NEW,1,52.26,52.36,False,True,0.1,2023-09,5180.0,5180.0,5180.0,0.0,5002.2,5119.4,5397.18,True,True,False,False,False,False,False,667.0,6880.0,-24.71,False,0.96,0.99,1.12,False,1,True,0.62,1.56,True,False,,tv_wilder_rsi14_sma5_v1,52.36,52.26,True,False,0.1
7060,7060.T,ギークス,2023-09,NEW,1,40.47,40.57,False,False,0.1,2023-09,735.0,735.0,735.0,0.0,735.76,726.17,877.6,False,True,False,False,True,False,False,166507.0,1280.0,-42.58,False,0.32,3.06,0.9,True,4,True,-12.03,0.28,False,False,,tv_wilder_rsi14_sma5_v1,40.57,40.47,False,False,0.1
7363,7363.T,ベビーカレンダー,2023-09,CONTINUE,4,18.79,18.88,True,True,0.1,2023-06,2215.0,2058.0,2058.0,-7.09,2313.64,2297.85,2280.18,False,False,False,True,True,True,False,11617.0,2884.0,-23.2,False,0.19,5.84,0.62,True,1,False,-0.93,-3.36,False,False,,tv_wilder_rsi14_sma5_v1,18.88,18.79,True,True,0.1
9072,9072.T,ニッコンホールディングス,2023-09,CONTINUE,9,69.33,69.43,True,False,0.1,2023-01,1245.5,1580.5,1580.5,26.9,1177.72,1183.29,1130.47,True,True,True,False,False,False,True,135707.0,1251.0,-0.44,False,1.19,1.33,1.08,False,2,True,14.32,3.8,True,False,,tv_wilder_rsi14_sma5_v1,69.43,69.33,False,True,0.1
4170,4170.T,Ｋａｉｚｅｎ　Ｐｌａｔｆｏｒｍ,2023-09,NEW,1,36.2,36.29,False,True,0.09,2023-09,327.0,327.0,327.0,0.0,307.4,326.01,357.84,True,True,False,False,False,False,False,91943.0,602.0,-45.68,False,1.77,3.1,1.23,False,4,True,-11.87,4.41,True,False,,tv_wilder_rsi14_sma5_v1,36.29,36.2,True,False,0.09
7506,7506.T,ハウス　オブ　ローゼ,2023-09,CONTINUE,2,44.63,44.71,True,False,0.09,2023-08,1610.0,1607.0,1607.0,-0.19,1604.64,1607.16,1621.2,True,True,False,False,False,False,False,2660.0,1681.0,-4.22,False,0.56,0.26,0.93,True,4,False,-0.82,0.2,False,False,,tv_wilder_rsi14_sma5_v1,44.71,44.63,False,True,0.09
7722,7722.T,国際計測器,2023-09,CONTINUE,9,34.31,34.4,True,False,0.09,2023-01,523.0,524.0,524.0,0.19,498.28,517.57,564.82,True,True,False,False,False,False,False,11807.0,690.0,-24.2,False,0.68,1.41,0.75,True,4,True,-9.97,2.62,False,False,,tv_wilder_rsi14_sma5_v1,34.4,34.31,False,True,0.09
8154,8154.T,加賀電子,2023-09,CONTINUE,5,78.52,78.62,True,False,0.09,2023-05,2560.0,3245.0,3245.0,26.76,2527.6,2453.27,2221.19,True,True,True,True,True,True,True,288787.0,2675.0,-4.3,False,0.78,2.91,0.98,True,2,True,22.92,-3.33,False,False,,tv_wilder_rsi14_sma5_v1,78.62,78.52,False,True,0.09
1783,1783.T,ｆａｎｔａｓｉｓｔａ,2023-09,NEW,1,43.92,44.0,False,True,0.08,2023-09,51.0,51.0,51.0,0.0,49.36,51.56,57.04,True,False,False,False,False,False,False,518453.0,83.0,-38.55,False,1.21,3.5,1.14,False,4,False,-14.33,1.23,False,False,,tv_wilder_rsi14_sma5_v1,44.0,43.92,True,False,0.08
3950,3950.T,ザ・パック,2023-09,NEW,1,57.71,57.79,False,True,0.08,2023-09,1051.67,1051.67,1051.67,0.0,1060.2,1052.45,981.35,False,False,True,True,True,True,True,89500.0,1123.33,-6.38,False,0.72,2.22,0.95,True,2,True,17.62,1.43,False,False,,tv_wilder_rsi14_sma5_v1,57.79,57.71,True,False,0.08
7273,7273.T,イクヨ,2023-09,CONTINUE,2,49.65,49.72,False,False,0.08,2023-08,141.9,138.7,138.7,-2.26,136.86,139.07,150.61,True,True,False,False,False,False,True,26667.0,332.0,-57.26,False,0.59,2.19,0.67,True,4,False,2.9,2.49,False,False,,tv_wilder_rsi14_sma5_v1,49.72,49.65,False,False,0.08
9017,9017.T,新潟交通,2023-09,CONTINUE,3,49.35,49.44,True,False,0.08,2023-07,2037.0,2031.0,2031.0,-0.29,2028.88,2032.04,2046.78,True,True,False,False,False,False,True,487.0,2210.0,-7.83,False,0.58,0.12,1.51,False,4,True,0.18,0.05,True,False,,tv_wilder_rsi14_sma5_v1,49.44,49.35,False,True,0.08
4412,4412.T,サイエンスアーツ,2023-09,CONTINUE,5,9.01,9.08,True,False,0.07,2023-05,763.0,702.0,702.0,-7.99,757.4,779.2,952.45,True,False,False,False,False,False,False,38083.0,1685.0,-54.72,False,0.62,3.65,1.22,False,4,False,-27.3,2.38,False,False,,tv_wilder_rsi14_sma5_v1,9.08,9.01,False,True,0.07
7636,7636.T,ハンズマン,2023-09,CONTINUE,3,43.54,43.61,False,False,0.07,2023-07,1064.0,1044.0,1044.0,-1.88,1048.92,1064.52,1032.62,True,False,True,False,True,False,True,4960.0,1377.0,-22.73,False,0.62,1.16,0.77,True,2,False,4.27,0.45,False,False,,tv_wilder_rsi14_sma5_v1,43.61,43.54,False,False,0.07
4673,4673.T,川崎地質,2023-09,NEW,1,48.77,48.82,True,True,0.06,2023-09,2421.0,2421.0,2421.0,0.0,2417.08,2416.28,2373.74,True,True,True,True,True,True,True,1000.0,3360.0,-27.95,False,1.22,0.73,1.07,False,2,True,2.42,1.25,False,False,,tv_wilder_rsi14_sma5_v1,48.82,48.77,True,True,0.06
7955,7955.T,クリナップ,2023-09,NEW,1,57.68,57.74,False,True,0.06,2023-09,718.0,718.0,718.0,0.0,722.28,715.69,690.62,False,True,True,True,True,True,True,38820.0,760.0,-5.53,False,1.26,1.72,1.19,False,2,True,7.48,0.33,False,False,,tv_wilder_rsi14_sma5_v1,57.74,57.68,True,False,0.06
9827,9827.T,リリカラ,2023-09,CONTINUE,5,63.45,63.51,True,False,0.06,2023-05,597.0,675.0,675.0,13.07,564.76,511.12,560.96,True,True,True,False,True,False,True,303120.0,750.0,-20.4,False,0.33,3.76,0.58,True,2,True,13.24,4.6,False,False,,tv_wilder_rsi14_sma5_v1,63.51,63.45,False,True,0.06
4027,4027.T,テイカ,2023-09,CONTINUE,6,52.35,52.4,True,True,0.05,2023-04,1209.0,1370.0,1370.0,13.32,1182.04,1183.04,1222.7,True,True,False,False,True,True,False,28950.0,1344.0,-10.04,False,0.86,1.04,0.94,True,4,True,-1.09,0.77,False,False,,tv_wilder_rsi14_sma5_v1,52.4,52.35,True,True,0.05
3484,3484.T,イノベーションホールディングス,2023-09,CONTINUE,2,59.4,59.44,False,False,0.04,2023-08,1243.0,1171.0,1171.0,-5.79,1187.24,1128.88,1117.48,True,True,True,True,True,True,True,33093.0,1340.0,-7.24,False,0.59,1.31,0.76,True,2,True,21.94,4.12,False,False,,tv_wilder_rsi14_sma5_v1,59.44,59.4,False,False,0.04
2195,2195.T,アミタホールディングス,2023-09,NEW,1,52.34,52.37,False,False,0.03,2023-09,778.0,778.0,778.0,0.0,781.76,775.23,896.68,False,True,False,False,True,False,False,24717.0,1577.0,-50.67,False,0.97,2.56,0.9,True,4,True,-11.58,0.1,False,False,,tv_wilder_rsi14_sma5_v1,52.37,52.34,False,False,0.03
4107,4107.T,伊勢化学工業,2023-09,NEW,1,79.18,79.21,False,True,0.03,2023-09,863.0,863.0,863.0,0.0,810.24,796.25,732.71,True,True,True,True,True,False,True,471233.0,1014.0,-14.89,False,1.26,3.37,1.18,False,2,True,40.87,5.93,False,False,,tv_wilder_rsi14_sma5_v1,79.21,79.18,True,False,0.03
4378,4378.T,ＣＩＮＣ,2023-09,NEW,1,22.73,22.77,False,True,0.03,2023-09,758.0,758.0,758.0,0.0,745.24,744.91,901.18,True,True,False,False,True,False,False,6640.0,1638.0,-53.72,False,0.51,2.67,0.9,True,4,True,-18.95,5.91,False,False,,tv_wilder_rsi14_sma5_v1,22.77,22.73,True,False,0.03
5603,5603.T,虹技,2023-09,CONTINUE,11,67.12,67.15,True,False,0.03,2022-11,906.0,1455.0,1455.0,60.6,895.28,912.55,941.91,True,False,False,False,True,False,False,7440.0,1115.0,-18.74,False,0.56,1.68,0.88,True,1,True,-7.9,0.61,False,False,,tv_wilder_rsi14_sma5_v1,67.15,67.12,False,True,0.03
3501,3501.T,ＳＵＭＩＮＯＥ,2023-09,NEW,1,59.86,59.88,False,True,0.02,2023-09,1129.5,1129.5,1129.5,0.0,1131.4,1132.45,1056.46,False,False,True,False,True,True,True,46320.0,1292.0,-12.58,False,1.23,1.78,1.2,False,2,True,14.42,0.99,False,False,,tv_wilder_rsi14_sma5_v1,59.88,59.86,True,False,0.02
4720,4720.T,城南進学研究社,2023-09,CONTINUE,2,43.09,43.11,False,False,0.02,2023-08,391.0,387.0,387.0,-1.02,387.88,387.99,392.81,True,True,False,False,True,False,False,2857.0,480.0,-18.54,False,1.11,0.66,1.1,False,4,True,-1.39,0.18,False,False,,tv_wilder_rsi14_sma5_v1,43.11,43.09,False,False,0.02
5199,5199.T,不二ラテックス,2023-09,NEW,1,44.54,44.56,False,True,0.02,2023-09,1911.0,1911.0,1911.0,0.0,1915.24,1923.88,1929.76,False,False,False,False,True,True,False,1737.0,2063.0,-7.37,False,0.33,0.81,0.75,True,1,True,-1.81,0.15,False,False,,tv_wilder_rsi14_sma5_v1,44.56,44.54,True,False,0.02
6090,6090.T,ヒューマン・メタボローム・テクノロジーズ,2023-09,CONTINUE,6,47.49,47.51,True,True,0.02,2023-04,700.0,732.0,732.0,4.57,698.76,712.0,757.61,True,False,False,False,True,True,True,5777.0,969.0,-27.76,False,1.33,1.63,1.08,False,4,False,-2.3,-1.68,False,False,,tv_wilder_rsi14_sma5_v1,47.51,47.49,True,True,0.02
6381,6381.T,アネスト岩田,2023-09,CONTINUE,8,65.08,65.1,True,False,0.02,2023-02,925.0,1196.0,1196.0,29.3,888.2,886.29,898.82,True,True,True,False,True,False,True,44953.0,985.0,-6.09,False,0.84,1.65,0.84,True,2,True,3.41,0.61,False,False,,tv_wilder_rsi14_sma5_v1,65.1,65.08,False,True,0.02
7643,7643.T,ダイイチ,2023-09,CONTINUE,8,56.62,56.64,True,False,0.02,2023-02,777.0,854.0,854.0,9.91,770.84,774.32,807.83,True,True,False,False,True,False,False,4050.0,863.0,-9.97,False,1.08,1.02,0.78,True,4,True,-4.32,0.83,False,False,,tv_wilder_rsi14_sma5_v1,56.64,56.62,False,True,0.02
3839,3839.T,ＯＤＫソリューションズ,2023-09,CONTINUE,2,43.05,43.06,False,False,0.01,2023-08,589.0,572.0,572.0,-2.89,573.88,572.29,590.95,True,True,False,False,True,False,False,7400.0,635.0,-7.24,False,0.91,1.04,1.02,False,4,True,-0.22,1.01,True,False,,tv_wilder_rsi14_sma5_v1,43.06,43.05,False,False,0.01
6721,6721.T,ウインテスト,2023-09,NEW,1,40.97,40.98,True,True,0.01,2023-09,113.0,113.0,113.0,0.0,112.52,114.36,121.78,True,False,False,False,True,True,False,175503.0,185.0,-38.92,False,0.8,3.35,1.12,False,4,True,-5.56,3.25,False,False,,tv_wilder_rsi14_sma5_v1,40.98,40.97,True,True,0.01
4506,4506.T,住友ファーマ,2023-09,NEW,1,25.61,25.61,False,True,0.0,2023-09,535.7,535.7,535.7,0.0,528.02,576.77,742.18,True,False,False,False,True,False,False,2881053.0,1099.0,-51.26,False,0.87,3.35,1.12,False,4,True,-32.17,1.24,False,False,,tv_wilder_rsi14_sma5_v1,25.61,25.61,True,False,0.0
4564,4564.T,オンコセラピー・サイエンス,2023-09,NEW,1,29.99,29.99,True,True,0.0,2023-09,32.0,32.0,32.0,0.0,30.72,33.99,42.55,True,False,False,False,False,False,False,1782370.0,67.0,-52.24,False,0.92,3.79,1.08,False,4,False,-33.44,1.23,False,False,,tv_wilder_rsi14_sma5_v1,29.99,29.99,True,True,0.0
