code,ticker,name,signal_month,status,months_active,rsi14,rsi5,rsi14_up,rsi5_up,diff,gc_month,gc_price,signal_month_close,period_price,return_since_gc_pct,sma25,sma75,sma200,price_above_sma25,price_above_sma75,price_above_sma200,perfect_order,sma25_up,sma75_up,sma200_up,avg_volume30,high52_price,high52_distance_pct,high52_breakout,volume_ratio_5_30,atr14_pct,atr_ratio_10_20,vcp_tight,stage,supertrend_up,rsr_score,rsr_momentum,mvp_signal,cosmos_focus,cosmos_focus_type,signal_version,monthly_rsi14,monthly_rsi_ma5,monthly_rsi14_up,monthly_rsi_ma5_up,monthly_rsi_spread
6167,6167.T,冨士ダイス,2023-03,CONTINUE,3,50.26,68.08,True,True,17.81,2023-01,587.0,834.0,834.0,42.08,574.92,577.16,615.63,True,True,False,False,False,False,False,17577.0,698.0,-15.9,False,1.57,1.73,1.03,False,4,False,-3.07,1.89,False,False,,tv_wilder_rsi14_sma5_v1,68.08,50.26,True,True,17.81
9413,9413.T,テレビ東京ホールディングス,2023-03,CONTINUE,3,47.97,65.58,True,True,17.61,2023-01,1958.0,2474.0,2474.0,26.35,1864.56,1857.07,1927.94,True,True,True,False,True,False,False,66037.0,2192.0,-10.68,False,0.74,0.93,1.08,False,3,True,-0.08,2.58,False,False,,tv_wilder_rsi14_sma5_v1,65.58,47.97,True,True,17.61
9644,9644.T,タナベコンサルティンググループ,2023-03,CONTINUE,5,54.92,69.67,True,True,14.75,2022-11,331.0,451.0,451.0,36.25,317.62,316.27,327.53,True,True,True,False,True,False,False,29253.0,378.0,-12.43,False,0.81,1.63,0.79,True,1,True,-1.77,2.37,False,False,,tv_wilder_rsi14_sma5_v1,69.67,54.92,True,True,14.75
7931,7931.T,未来工業,2023-03,CONTINUE,3,43.04,56.89,True,True,13.85,2023-01,1503.0,1776.0,1776.0,18.16,1457.88,1465.08,1494.24,True,True,True,False,True,False,False,7357.0,1608.0,-6.53,False,1.2,1.13,1.23,False,3,True,0.28,2.24,False,False,,tv_wilder_rsi14_sma5_v1,56.89,43.04,True,True,13.85
8061,8061.T,西華産業,2023-03,CONTINUE,3,55.49,69.2,True,True,13.72,2023-01,537.33,684.67,684.67,27.42,526.32,525.16,536.41,True,True,True,False,True,False,False,39700.0,573.0,-6.22,False,0.97,1.56,1.15,False,1,True,-0.18,1.59,False,False,,tv_wilder_rsi14_sma5_v1,69.2,55.49,True,True,13.72
3992,3992.T,ニーズウェル,2023-03,CONTINUE,6,62.59,76.21,True,True,13.63,2022-10,170.0,287.0,287.0,68.82,159.5,160.61,161.11,True,True,True,False,False,False,True,155693.0,183.25,-7.23,False,2.03,2.44,1.34,False,2,True,3.19,4.04,False,False,,tv_wilder_rsi14_sma5_v1,76.21,62.59,True,True,13.63
3984,3984.T,ユーザーローカル,2023-03,CONTINUE,2,45.73,58.98,True,True,13.24,2023-02,1790.0,2113.0,2113.0,18.04,1498.64,1460.71,1557.59,True,True,True,False,True,False,False,262077.0,1870.0,-4.28,False,0.96,5.72,1.0,False,1,True,10.87,8.3,False,False,,tv_wilder_rsi14_sma5_v1,58.98,45.73,True,True,13.24
5406,5406.T,神戸製鋼所,2023-03,CONTINUE,6,59.84,73.07,True,True,13.24,2022-10,610.0,1053.0,1053.0,72.62,607.92,617.92,611.44,True,False,False,False,False,False,True,4143400.0,739.0,-17.46,False,0.85,1.44,0.74,True,1,False,1.67,1.0,False,False,,tv_wilder_rsi14_sma5_v1,73.07,59.84,True,True,13.24
6339,6339.T,新東工業,2023-03,CONTINUE,3,48.58,61.14,True,True,12.56,2023-01,720.0,833.0,833.0,15.69,676.76,674.19,687.26,True,True,True,False,True,False,False,84027.0,738.0,-2.44,False,0.76,1.24,1.09,False,1,True,3.47,3.66,False,False,,tv_wilder_rsi14_sma5_v1,61.14,48.58,True,True,12.56
7466,7466.T,ＳＰＫ,2023-03,CONTINUE,3,60.76,73.15,True,True,12.39,2023-01,737.0,865.5,865.5,17.44,704.56,702.31,691.56,True,True,True,True,True,True,True,24780.0,741.5,-0.61,False,0.7,1.33,1.24,False,2,True,7.68,3.3,False,False,,tv_wilder_rsi14_sma5_v1,73.15,60.76,True,True,12.39
3864,3864.T,三菱製紙,2023-03,CONTINUE,4,42.33,54.63,True,True,12.3,2022-12,283.0,349.0,349.0,23.32,279.4,281.45,294.03,True,True,False,False,True,False,False,88413.0,329.0,-13.98,False,0.85,1.74,1.11,False,4,True,-6.28,1.63,False,False,,tv_wilder_rsi14_sma5_v1,54.63,42.33,True,True,12.3
7095,7095.T,ＭａｃｂｅｅＰｌａｎｅｔ,2023-03,CONTINUE,9,70.48,82.2,True,True,11.72,2022-07,1807.5,5065.0,5065.0,180.22,1684.4,1557.73,1732.71,True,True,True,False,True,True,False,197853.0,,,,0.52,3.97,0.67,True,3,True,,,,False,,tv_wilder_rsi14_sma5_v1,82.2,70.48,True,True,11.72
6279,6279.T,瑞光,2023-03,CONTINUE,4,49.9,61.33,True,True,11.43,2022-12,746.0,1046.0,1046.0,40.21,669.2,674.04,736.52,True,True,True,False,True,False,False,44307.0,1013.0,-26.36,False,4.96,2.84,1.55,False,1,True,-1.17,5.03,False,False,,tv_wilder_rsi14_sma5_v1,61.33,49.9,True,True,11.43
9401,9401.T,ＴＢＳホールディングス,2023-03,CONTINUE,2,46.92,58.25,True,True,11.33,2023-02,1789.0,1905.0,1905.0,6.48,1579.04,1539.89,1614.09,True,True,True,False,True,True,False,594057.0,2012.0,-11.08,False,2.51,3.19,1.61,False,1,True,6.49,7.42,False,False,,tv_wilder_rsi14_sma5_v1,58.25,46.92,True,True,11.33
6457,6457.T,グローリー,2023-03,CONTINUE,3,55.47,66.66,True,True,11.19,2023-01,2266.0,2895.0,2895.0,27.76,2183.16,2203.03,2152.22,True,True,True,False,False,False,True,121360.0,2403.0,-5.7,False,0.87,1.39,1.01,False,2,True,3.55,1.22,False,False,,tv_wilder_rsi14_sma5_v1,66.66,55.47,True,True,11.19
6390,6390.T,加藤製作所,2023-03,CONTINUE,5,43.41,54.45,True,True,11.04,2022-11,804.0,1037.0,1037.0,28.98,753.6,754.65,782.97,True,True,True,False,True,False,False,39533.0,892.0,-9.87,False,1.3,2.07,1.17,False,3,True,-0.05,4.07,False,False,,tv_wilder_rsi14_sma5_v1,54.45,43.41,True,True,11.04
2163,2163.T,アルトナー,2023-03,CONTINUE,2,65.27,76.16,True,True,10.9,2023-02,1092.0,1354.0,1354.0,23.99,1032.36,1019.6,953.89,True,True,True,True,True,True,True,61413.0,1134.0,-3.7,False,0.84,2.39,1.35,False,2,True,15.78,4.6,False,False,,tv_wilder_rsi14_sma5_v1,76.16,65.27,True,True,10.9
6723,6723.T,ルネサスエレクトロニクス,2023-03,CONTINUE,3,59.32,70.15,True,True,10.83,2023-01,1329.5,1913.5,1913.5,43.93,1258.64,1278.84,1311.78,True,True,True,False,False,False,False,6725587.0,1561.0,-14.83,False,0.97,2.22,1.0,False,3,True,1.63,3.57,False,False,,tv_wilder_rsi14_sma5_v1,70.15,59.32,True,True,10.83
4634,4634.T,ａｒｔｉｅｎｃｅ,2023-03,CONTINUE,3,44.68,55.2,True,True,10.52,2023-01,1862.0,2056.0,2056.0,10.42,1815.56,1859.83,1901.29,True,True,False,False,False,False,False,119103.0,2014.0,-7.55,False,0.87,0.82,0.89,True,4,True,-2.27,1.59,False,False,,tv_wilder_rsi14_sma5_v1,55.2,44.68,True,True,10.52
5821,5821.T,平河ヒューテック,2023-03,CONTINUE,6,55.35,65.79,True,True,10.44,2022-10,1085.0,1524.0,1524.0,40.46,1057.56,1100.72,1113.28,True,False,False,False,False,False,False,15610.0,1267.0,-14.36,False,1.37,1.78,0.88,True,4,True,-3.69,1.69,False,False,,tv_wilder_rsi14_sma5_v1,65.79,55.35,True,True,10.44
4792,4792.T,山田コンサルティンググループ,2023-03,CONTINUE,2,53.43,63.76,True,False,10.33,2023-02,1534.0,1531.0,1531.0,-0.2,1344.04,1210.29,1196.2,True,True,True,True,True,True,True,52760.0,1560.0,-1.67,False,0.78,4.3,1.02,False,2,True,30.75,10.86,False,False,,tv_wilder_rsi14_sma5_v1,63.76,53.43,False,True,10.33
2884,2884.T,ヨシムラ・フード・ホールディングス,2023-03,CONTINUE,8,57.59,67.83,True,True,10.24,2022-08,501.0,1052.0,1052.0,109.98,491.84,503.65,546.39,True,False,False,False,True,False,False,53437.0,810.0,-38.15,False,1.89,1.92,0.95,True,4,True,-17.07,1.18,False,False,,tv_wilder_rsi14_sma5_v1,67.83,57.59,True,True,10.24
6298,6298.T,ワイエイシイホールディングス,2023-03,CONTINUE,5,66.12,76.28,True,True,10.16,2022-11,733.0,1375.5,1375.5,87.65,675.48,680.49,723.56,True,True,True,False,True,False,True,360487.0,974.5,-24.78,False,2.37,4.72,1.19,False,2,True,9.85,4.57,False,False,,tv_wilder_rsi14_sma5_v1,76.28,66.12,True,True,10.16
7059,7059.T,コプロ・ホールディングス,2023-03,CONTINUE,8,51.25,61.41,True,True,10.16,2022-08,230.25,351.5,351.5,52.66,223.08,220.14,258.97,True,True,False,False,True,False,False,113267.0,354.75,-35.1,False,0.61,2.6,0.79,True,4,True,-12.36,4.09,False,False,,tv_wilder_rsi14_sma5_v1,61.41,51.25,True,True,10.16
5262,5262.T,日本ヒューム,2023-03,CONTINUE,5,47.66,57.7,True,True,10.04,2022-11,324.0,375.0,375.0,15.74,317.24,325.03,335.05,True,False,False,False,True,False,False,42733.0,369.0,-12.2,False,0.9,1.44,1.12,False,4,True,-7.84,1.47,False,False,,tv_wilder_rsi14_sma5_v1,57.7,47.66,True,True,10.04
7911,7911.T,ＴＯＰＰＡＮホールディングス,2023-03,CONTINUE,2,56.41,66.37,True,True,9.97,2023-02,2463.0,2665.0,2665.0,8.2,2218.96,2089.2,2195.61,True,True,True,False,True,True,True,1066230.0,2534.0,-2.8,False,1.39,2.88,1.11,False,1,True,10.12,6.54,False,False,,tv_wilder_rsi14_sma5_v1,66.37,56.41,True,True,9.97
9319,9319.T,中央倉庫,2023-03,CONTINUE,4,48.36,58.34,True,True,9.97,2022-12,937.0,1083.0,1083.0,15.58,932.12,927.95,957.42,True,True,False,False,True,False,False,25300.0,1030.0,-9.03,False,0.65,0.89,1.14,False,4,True,-2.17,0.2,False,False,,tv_wilder_rsi14_sma5_v1,58.34,48.36,True,True,9.97
6856,6856.T,堀場製作所,2023-03,CONTINUE,3,51.25,60.94,True,True,9.68,2023-01,5950.0,7910.0,7910.0,32.94,5808.8,6025.6,6161.9,True,False,False,False,False,False,False,126697.0,7030.0,-15.36,False,1.15,1.69,1.03,False,4,False,-3.06,1.66,False,False,,tv_wilder_rsi14_sma5_v1,60.94,51.25,True,True,9.68
5943,5943.T,ノーリツ,2023-03,CONTINUE,3,49.32,58.95,True,True,9.63,2023-01,1497.0,1737.0,1737.0,16.03,1448.08,1481.29,1493.06,True,True,True,False,False,False,False,72323.0,1695.0,-11.68,False,0.81,1.03,0.98,True,3,True,-2.26,1.82,False,False,,tv_wilder_rsi14_sma5_v1,58.95,49.32,True,True,9.63
6572,6572.T,オープングループ,2023-03,CONTINUE,3,36.66,46.25,True,True,9.59,2023-01,311.0,431.0,431.0,38.59,285.56,288.49,318.25,True,True,False,False,True,False,False,202673.0,425.0,-26.82,False,2.99,5.56,1.39,False,4,True,-1.24,8.42,False,False,,tv_wilder_rsi14_sma5_v1,46.25,36.66,True,True,9.59
7483,7483.T,ドウシシャ,2023-03,CONTINUE,6,53.97,63.56,True,True,9.59,2022-10,1512.0,1938.0,1938.0,28.17,1473.72,1515.6,1521.46,True,False,False,False,False,False,False,53720.0,1795.0,-15.77,False,1.51,1.25,0.94,True,4,True,-4.36,0.78,True,False,,tv_wilder_rsi14_sma5_v1,63.56,53.97,True,True,9.59
7912,7912.T,大日本印刷,2023-03,CONTINUE,3,60.4,69.99,True,True,9.59,2023-01,1530.0,1852.5,1852.5,21.08,1347.7,1393.15,1423.99,True,True,True,False,False,False,False,1659560.0,1575.0,-2.86,False,2.84,2.68,1.46,False,1,True,6.92,8.27,False,False,,tv_wilder_rsi14_sma5_v1,69.99,60.4,True,True,9.59
6430,6430.T,ダイコク電機,2023-03,CONTINUE,10,80.36,89.69,True,True,9.34,2022-06,1237.0,3220.0,3220.0,160.31,1205.04,1219.67,1223.55,True,True,True,False,True,False,True,26380.0,,,,1.31,2.14,1.09,False,1,True,,,,False,,tv_wilder_rsi14_sma5_v1,89.69,80.36,True,True,9.34
3561,3561.T,力の源ホールディングス,2023-03,CONTINUE,7,73.72,83.01,True,True,9.29,2022-09,765.0,1549.0,1549.0,102.48,734.32,699.0,628.66,True,True,True,True,True,True,True,147610.0,824.0,-7.16,False,1.62,4.37,1.0,True,2,True,19.89,3.56,False,False,,tv_wilder_rsi14_sma5_v1,83.01,73.72,True,True,9.29
3679,3679.T,じげん,2023-03,CONTINUE,13,53.72,62.95,True,True,9.23,2022-03,301.0,482.0,482.0,60.13,288.6,295.44,,True,True,,,False,False,,554833.0,,,,0.9,2.8,0.87,True,1,True,,,,False,,tv_wilder_rsi14_sma5_v1,62.95,53.72,True,True,9.23
1879,1879.T,新日本建設,2023-03,CONTINUE,6,54.4,63.58,True,True,9.18,2022-10,724.0,936.0,936.0,29.28,716.88,726.29,731.49,True,False,False,False,False,True,False,91470.0,879.0,-17.63,False,1.28,2.03,1.13,False,4,True,-4.77,1.23,False,False,,tv_wilder_rsi14_sma5_v1,63.58,54.4,True,True,9.18
1982,1982.T,日比谷総合設備,2023-03,CONTINUE,6,56.46,65.61,True,True,9.14,2022-10,952.5,1081.5,1081.5,13.54,942.56,945.94,944.0,True,True,True,False,True,False,False,85613.0,1038.5,-8.28,False,2.09,1.23,0.81,True,3,False,-0.95,0.71,False,False,,tv_wilder_rsi14_sma5_v1,65.61,56.46,True,True,9.14
6460,6460.T,セガサミーホールディングス,2023-03,CONTINUE,4,58.38,67.42,True,True,9.04,2022-12,1997.0,2513.0,2513.0,25.84,1901.36,1912.19,2090.26,True,True,False,False,True,False,False,1064280.0,2445.0,-18.32,False,0.59,2.97,1.02,False,4,True,-2.13,3.78,False,False,,tv_wilder_rsi14_sma5_v1,67.42,58.38,True,True,9.04
6387,6387.T,サムコ,2023-03,NEW,1,63.42,72.45,True,True,9.03,2023-03,5080.0,5080.0,5080.0,0.0,3934.8,3675.0,3300.24,True,True,True,True,True,True,True,80747.0,4975.0,2.11,True,1.95,5.53,1.17,False,2,True,71.4,18.61,True,True,BOTH,tv_wilder_rsi14_sma5_v1,72.45,63.42,True,True,9.03
1419,1419.T,タマホーム,2023-03,CONTINUE,5,69.25,78.24,True,True,8.99,2022-11,2479.0,3660.0,3660.0,47.64,2381.48,2361.63,2407.26,True,True,True,False,True,False,False,230083.0,2879.0,-13.89,False,1.6,1.69,1.08,False,1,True,2.52,3.25,False,False,,tv_wilder_rsi14_sma5_v1,78.24,69.25,True,True,8.99
6707,6707.T,サンケン電気,2023-03,CONTINUE,6,68.98,77.96,True,True,8.98,2022-10,5110.0,10560.0,10560.0,106.65,4651.4,4832.4,4939.02,True,True,True,False,False,False,False,82197.0,6410.0,-20.28,False,1.39,2.78,1.0,False,3,True,1.49,3.97,False,False,,tv_wilder_rsi14_sma5_v1,77.96,68.98,True,True,8.98
6506,6506.T,安川電機,2023-03,CONTINUE,3,54.39,63.36,True,True,8.97,2023-01,5030.0,5770.0,5770.0,14.71,4546.2,4411.8,4447.45,True,True,True,False,True,True,False,1394020.0,5170.0,-2.71,False,1.16,2.54,0.96,True,1,True,12.8,9.05,False,False,,tv_wilder_rsi14_sma5_v1,63.36,54.39,True,True,8.97
8214,8214.T,ＡＯＫＩホールディングス,2023-03,CONTINUE,2,53.89,62.8,True,True,8.91,2023-02,821.0,852.0,852.0,3.78,727.4,691.09,691.16,True,True,True,False,True,True,True,195850.0,835.0,-1.68,False,1.48,2.64,1.14,False,2,True,23.27,7.92,False,False,,tv_wilder_rsi14_sma5_v1,62.8,53.89,True,True,8.91
8142,8142.T,トーホー,2023-03,CONTINUE,2,57.61,66.43,True,True,8.83,2023-02,610.67,734.67,734.67,20.31,569.33,567.47,499.73,True,True,True,True,True,True,True,158790.0,623.33,-2.03,False,0.58,2.25,0.87,True,2,True,34.3,2.46,False,False,,tv_wilder_rsi14_sma5_v1,66.43,57.61,True,True,8.83
3197,3197.T,すかいらーくホールディングス,2023-03,CONTINUE,2,51.01,59.79,True,True,8.78,2023-02,1594.0,1730.0,1730.0,8.53,1557.32,1566.45,1567.17,True,True,True,False,True,False,True,743587.0,1687.0,-5.51,False,0.77,0.95,1.12,False,1,True,2.15,0.92,False,False,,tv_wilder_rsi14_sma5_v1,59.79,51.01,True,True,8.78
8609,8609.T,岡三証券グループ,2023-03,CONTINUE,6,58.63,67.39,True,True,8.76,2022-10,354.0,471.0,471.0,33.05,332.24,337.07,355.03,True,True,False,False,True,False,False,373093.0,406.0,-12.81,False,1.99,1.9,1.03,False,4,True,-2.73,1.59,True,False,,tv_wilder_rsi14_sma5_v1,67.39,58.63,True,True,8.76
3232,3232.T,三重交通グループホールディングス,2023-03,CONTINUE,2,53.57,62.32,True,True,8.75,2023-02,510.0,559.0,559.0,9.61,496.6,490.35,488.98,True,True,True,True,True,False,True,104823.0,525.0,-2.86,False,2.21,1.27,0.99,True,2,True,3.98,0.82,False,False,,tv_wilder_rsi14_sma5_v1,62.32,53.57,True,True,8.75
6140,6140.T,旭ダイヤモンド工業,2023-03,CONTINUE,3,61.21,69.96,True,True,8.75,2023-01,742.0,936.0,936.0,26.15,699.96,707.32,673.61,True,True,True,False,True,False,True,147740.0,834.0,-11.03,False,0.97,1.28,0.93,True,2,True,15.03,4.37,False,False,,tv_wilder_rsi14_sma5_v1,69.96,61.21,True,True,8.75
6455,6455.T,モリタホールディングス,2023-03,CONTINUE,3,37.34,45.93,True,True,8.59,2023-01,1213.0,1330.0,1330.0,9.65,1165.16,1202.11,1264.04,True,True,False,False,False,False,False,72767.0,1415.0,-14.28,False,1.29,1.27,0.94,True,4,True,-5.55,1.23,False,False,,tv_wilder_rsi14_sma5_v1,45.93,37.34,True,True,8.59
9837,9837.T,モリト,2023-03,CONTINUE,6,64.25,72.8,True,True,8.55,2022-10,752.0,1022.0,1022.0,35.9,720.64,727.83,737.43,True,True,True,False,True,False,True,40613.0,791.0,-4.93,False,1.29,1.56,1.03,False,2,True,3.92,3.78,True,False,,tv_wilder_rsi14_sma5_v1,72.8,64.25,True,True,8.55
7976,7976.T,三菱鉛筆,2023-03,CONTINUE,4,53.04,61.57,True,True,8.53,2022-12,1432.0,1626.0,1626.0,13.55,1398.88,1409.36,1379.15,True,True,True,False,False,False,True,41883.0,1580.0,-9.37,False,0.82,1.74,1.07,False,2,True,5.52,0.65,False,False,,tv_wilder_rsi14_sma5_v1,61.57,53.04,True,True,8.53
6737,6737.T,ＥＩＺＯ,2023-03,CONTINUE,3,47.26,55.74,True,True,8.48,2023-01,1812.5,2047.5,2047.5,12.97,1731.5,1788.47,1822.66,True,True,False,False,True,False,False,77660.0,1990.0,-8.92,False,0.95,1.32,1.0,False,1,True,-2.11,3.56,True,False,,tv_wilder_rsi14_sma5_v1,55.74,47.26,True,True,8.48
6151,6151.T,日東工器,2023-03,CONTINUE,3,45.67,54.12,True,True,8.45,2023-01,1534.0,1810.0,1810.0,17.99,1503.44,1527.99,1542.48,True,True,False,False,False,False,False,11307.0,1720.0,-10.81,False,1.04,1.3,1.13,False,1,True,-3.2,2.0,False,False,,tv_wilder_rsi14_sma5_v1,54.12,45.67,True,True,8.45
9324,9324.T,安田倉庫,2023-03,CONTINUE,5,54.59,63.01,True,True,8.42,2022-11,938.0,1037.0,1037.0,10.55,927.44,927.04,946.39,True,True,False,False,True,False,False,23483.0,1005.0,-6.67,False,0.91,0.81,1.07,False,4,True,-2.01,0.99,False,False,,tv_wilder_rsi14_sma5_v1,63.01,54.59,True,True,8.42
8059,8059.T,第一実業,2023-03,CONTINUE,8,62.09,70.39,True,True,8.31,2022-08,1276.67,1856.67,1856.67,45.43,1194.33,1126.22,1349.44,True,True,False,False,True,True,False,46400.0,1790.0,-28.68,False,1.11,1.62,1.06,False,4,True,-4.65,4.49,False,False,,tv_wilder_rsi14_sma5_v1,70.39,62.09,True,True,8.31
5288,5288.T,アジアパイルホールディングス,2023-03,CONTINUE,11,68.24,76.54,True,True,8.3,2022-05,461.0,735.0,735.0,59.44,439.44,434.93,450.75,True,True,True,False,True,True,,56967.0,,,,0.93,1.55,0.86,True,3,True,,,,False,,tv_wilder_rsi14_sma5_v1,76.54,68.24,True,True,8.3
3843,3843.T,フリービット,2023-03,CONTINUE,3,58.09,66.35,True,True,8.26,2023-01,1120.0,1448.0,1448.0,29.29,1033.48,1051.4,941.14,True,True,True,False,True,True,True,38190.0,1205.0,-7.05,False,1.62,2.45,1.21,False,2,True,19.67,3.69,False,False,,tv_wilder_rsi14_sma5_v1,66.35,58.09,True,True,8.26
6282,6282.T,オイレス工業,2023-03,CONTINUE,3,49.5,57.68,True,True,8.18,2023-01,1543.0,1680.0,1680.0,8.88,1472.28,1477.64,1511.22,True,True,True,False,False,False,False,51687.0,1644.0,-6.14,False,1.11,0.98,1.16,False,1,True,0.05,2.73,True,False,,tv_wilder_rsi14_sma5_v1,57.68,49.5,True,True,8.18
6419,6419.T,マースグループホールディングス,2023-03,CONTINUE,6,75.64,83.79,True,True,8.15,2022-10,1824.0,3045.0,3045.0,66.94,1700.4,1642.99,1656.07,True,True,True,False,True,True,True,69200.0,1802.0,1.22,True,1.64,2.0,1.14,False,2,True,10.01,3.86,True,False,,tv_wilder_rsi14_sma5_v1,83.79,75.64,True,True,8.15
6857,6857.T,アドバンテスト,2023-03,CONTINUE,6,58.24,66.38,True,True,8.14,2022-10,1965.0,3040.0,3040.0,54.71,1791.6,1908.87,2089.61,True,True,False,False,False,False,False,9038293.0,2845.0,-30.93,False,1.21,2.77,0.95,True,4,True,-6.2,4.77,False,False,,tv_wilder_rsi14_sma5_v1,66.38,58.24,True,True,8.14
9076,9076.T,セイノーホールディングス,2023-03,CONTINUE,10,53.16,61.27,True,True,8.11,2022-06,1086.0,1460.0,1460.0,34.44,1051.48,1065.52,1179.35,True,True,False,False,True,False,False,485257.0,,,,1.39,2.1,1.13,False,4,True,,,,False,,tv_wilder_rsi14_sma5_v1,61.27,53.16,True,True,8.11
7240,7240.T,ＮＯＫ,2023-03,CONTINUE,3,50.72,58.75,True,True,8.03,2023-01,1229.0,1463.0,1463.0,19.04,1181.72,1206.28,1179.82,True,True,True,False,False,False,True,198700.0,1350.0,-8.96,False,1.01,1.67,1.05,False,2,True,3.13,0.46,True,False,,tv_wilder_rsi14_sma5_v1,58.75,50.72,True,True,8.03
4481,4481.T,ベース,2023-03,CONTINUE,3,67.37,75.37,True,True,8.01,2023-01,4515.0,5770.0,5770.0,27.8,3801.6,3826.8,3355.18,True,True,True,False,True,True,True,54687.0,4505.0,0.22,True,1.19,3.06,1.18,False,2,True,52.51,11.79,False,False,,tv_wilder_rsi14_sma5_v1,75.37,67.37,True,True,8.01
3837,3837.T,アドソル日進,2023-03,CONTINUE,2,40.13,48.12,True,True,7.99,2023-02,742.5,857.0,857.0,15.42,706.12,703.36,748.95,True,True,False,False,True,False,False,24380.0,875.5,-15.19,False,0.82,2.72,0.85,True,4,True,-5.45,2.24,False,False,,tv_wilder_rsi14_sma5_v1,48.12,40.13,True,True,7.99
2792,2792.T,ハニーズホールディングス,2023-03,CONTINUE,4,67.85,75.82,True,True,7.98,2022-12,1393.0,1661.0,1661.0,19.24,1281.76,1239.33,1181.43,True,True,True,True,True,True,True,154127.0,1411.0,-1.28,False,2.39,2.69,1.25,False,2,True,23.3,4.8,False,False,,tv_wilder_rsi14_sma5_v1,75.82,67.85,True,True,7.98
6503,6503.T,三菱電機,2023-03,CONTINUE,3,50.27,58.24,True,True,7.97,2023-01,1426.0,1578.5,1578.5,10.69,1332.18,1351.64,1383.64,True,True,True,False,False,False,False,4422043.0,1504.5,-5.22,False,1.43,1.57,1.12,False,1,True,0.29,3.16,False,False,,tv_wilder_rsi14_sma5_v1,58.24,50.27,True,True,7.97
5101,5101.T,横浜ゴム,2023-03,CONTINUE,2,59.5,67.43,True,True,7.93,2023-02,2584.0,2797.0,2797.0,8.24,2221.72,2157.53,2086.34,True,True,True,True,True,False,True,736807.0,2661.0,-2.89,False,2.19,3.06,1.43,False,2,True,32.1,12.4,False,False,,tv_wilder_rsi14_sma5_v1,67.43,59.5,True,True,7.93
9534,9534.T,北海道瓦斯,2023-03,CONTINUE,6,65.73,73.64,True,True,7.91,2022-10,340.4,388.6,388.6,14.16,328.18,326.31,314.19,True,True,True,True,True,True,True,121317.0,343.8,-0.99,False,1.41,1.84,0.98,True,2,True,9.8,3.11,False,False,,tv_wilder_rsi14_sma5_v1,73.64,65.73,True,True,7.91
9409,9409.T,テレビ朝日ホールディングス,2023-03,CONTINUE,2,39.61,47.5,True,True,7.89,2023-02,1453.0,1507.0,1507.0,3.72,1367.16,1343.79,1415.79,True,True,True,False,True,False,False,199290.0,1692.0,-14.13,False,1.86,2.68,1.45,False,3,True,-1.24,4.32,False,False,,tv_wilder_rsi14_sma5_v1,47.5,39.61,True,True,7.89
1968,1968.T,太平電業,2023-03,CONTINUE,3,67.23,75.04,True,True,7.81,2023-01,1155.0,1351.67,1351.67,17.03,1096.33,1069.6,1027.44,True,True,True,True,True,False,True,63820.0,1226.67,-5.84,False,1.03,2.3,1.11,False,2,True,16.14,2.57,False,False,,tv_wilder_rsi14_sma5_v1,75.04,67.23,True,True,7.81
6590,6590.T,芝浦メカトロニクス,2023-03,CONTINUE,3,64.18,71.96,True,True,7.79,2023-01,720.67,1073.33,1073.33,48.94,699.39,696.13,671.82,True,True,True,True,False,True,True,633500.0,820.0,-12.11,False,0.77,2.93,0.92,True,2,True,19.99,3.59,False,False,,tv_wilder_rsi14_sma5_v1,71.96,64.18,True,True,7.79
4203,4203.T,住友ベークライト,2023-03,CONTINUE,3,51.43,59.2,True,True,7.77,2023-01,2102.5,2580.0,2580.0,22.71,2002.8,2050.17,2117.85,True,True,False,False,False,False,False,188613.0,3005.0,-30.03,False,0.93,2.08,1.09,False,4,True,-5.6,3.7,False,False,,tv_wilder_rsi14_sma5_v1,59.2,51.43,True,True,7.77
3153,3153.T,八洲電機,2023-03,CONTINUE,6,61.84,69.57,True,True,7.72,2022-10,1015.0,1211.0,1211.0,19.31,993.8,1010.23,977.49,True,True,True,False,False,True,True,36947.0,1060.0,-4.25,False,0.88,1.41,0.83,True,2,True,2.16,1.16,False,False,,tv_wilder_rsi14_sma5_v1,69.57,61.84,True,True,7.72
7510,7510.T,たけびし,2023-03,CONTINUE,4,57.46,64.97,True,True,7.51,2022-12,1550.0,1737.0,1737.0,12.06,1524.8,1513.73,1491.76,True,True,True,True,False,True,True,10370.0,1562.0,-0.77,False,0.85,1.0,1.13,False,2,True,5.95,1.14,False,False,,tv_wilder_rsi14_sma5_v1,64.97,57.46,True,True,7.51
3649,3649.T,ファインデックス,2023-03,CONTINUE,2,38.46,45.92,True,True,7.46,2023-02,621.0,688.0,688.0,10.79,564.36,543.4,596.99,True,True,True,False,True,False,False,147277.0,727.0,-14.58,False,0.73,3.88,1.52,False,1,True,-1.75,8.93,False,False,,tv_wilder_rsi14_sma5_v1,45.92,38.46,True,True,7.46
5946,5946.T,長府製作所,2023-03,CONTINUE,3,51.76,59.21,True,True,7.45,2023-01,2111.0,2225.0,2225.0,5.4,1969.68,1980.91,1919.14,True,True,True,False,True,False,False,34977.0,2113.0,-0.09,False,0.87,1.32,1.01,False,1,True,8.65,4.62,True,False,,tv_wilder_rsi14_sma5_v1,59.21,51.76,True,True,7.45
7630,7630.T,壱番屋,2023-03,CONTINUE,4,50.26,57.71,True,True,7.45,2022-12,926.0,1008.0,1008.0,8.86,917.4,906.0,933.44,True,True,False,False,True,True,False,126700.0,996.0,-7.03,False,1.17,1.05,1.03,False,4,True,1.75,1.1,False,False,,tv_wilder_rsi14_sma5_v1,57.71,50.26,True,True,7.45
7840,7840.T,フランスベッドホールディングス,2023-03,CONTINUE,3,57.17,64.6,True,True,7.43,2023-01,976.0,1058.0,1058.0,8.4,954.6,934.0,916.08,True,True,True,True,True,True,True,34783.0,991.0,-1.51,False,0.92,0.94,0.96,True,2,True,8.05,1.44,False,False,,tv_wilder_rsi14_sma5_v1,64.6,57.17,True,True,7.43
7683,7683.T,ダブルエー,2023-03,CONTINUE,6,47.4,54.74,True,True,7.34,2022-10,632.5,797.5,797.5,26.09,605.21,610.39,627.0,True,True,True,False,False,True,False,10267.0,836.25,-24.36,False,0.42,0.87,0.91,True,3,True,-3.95,3.06,False,False,,tv_wilder_rsi14_sma5_v1,54.74,47.4,True,True,7.34
6490,6490.T,ＰＩＬＬＡＲ,2023-03,CONTINUE,5,61.59,68.88,True,True,7.29,2022-11,2765.0,3750.0,3750.0,35.62,2636.08,2544.77,2684.19,True,True,True,False,True,True,False,125317.0,3850.0,-28.18,False,0.71,3.05,0.83,True,3,True,-1.03,3.35,False,False,,tv_wilder_rsi14_sma5_v1,68.88,61.59,True,True,7.29
5851,5851.T,リョービ,2023-03,CONTINUE,3,50.88,58.16,True,True,7.28,2023-01,1258.0,1539.0,1539.0,22.34,1171.96,1218.05,1175.86,True,True,True,False,False,False,True,73503.0,1371.0,-8.24,False,0.95,1.73,0.99,True,2,True,6.88,1.78,False,False,,tv_wilder_rsi14_sma5_v1,58.16,50.88,True,True,7.28
7888,7888.T,三光合成,2023-03,CONTINUE,3,61.69,68.98,True,True,7.28,2023-01,528.0,607.0,607.0,14.96,453.44,457.61,412.89,True,True,True,False,True,False,True,468713.0,520.0,1.54,True,0.92,3.63,0.91,True,2,True,35.11,9.76,False,False,,tv_wilder_rsi14_sma5_v1,68.98,61.69,True,True,7.28
8157,8157.T,都築電気,2023-03,CONTINUE,3,47.68,54.94,True,True,7.26,2023-01,1326.0,1563.0,1563.0,17.87,1305.0,1302.85,1329.7,True,True,False,False,True,True,False,12340.0,1700.0,-22.0,False,1.28,1.65,1.12,False,4,True,-3.69,1.38,False,False,,tv_wilder_rsi14_sma5_v1,54.94,47.68,True,True,7.26
4072,4072.T,電算システムホールディングス,2023-03,CONTINUE,2,42.34,49.59,True,True,7.25,2023-02,2514.0,2648.0,2648.0,5.33,2299.92,2246.73,2304.53,True,True,True,False,True,True,False,21913.0,2797.0,-10.12,False,0.99,2.63,0.99,True,3,True,2.86,6.1,False,False,,tv_wilder_rsi14_sma5_v1,49.59,42.34,True,True,7.25
7226,7226.T,極東開発工業,2023-03,CONTINUE,4,51.68,58.89,True,True,7.2,2022-12,1443.0,1616.0,1616.0,11.99,1379.4,1371.04,1380.47,True,True,True,False,True,False,False,102023.0,1580.0,-8.67,False,0.97,1.83,1.24,False,1,True,1.72,2.79,False,False,,tv_wilder_rsi14_sma5_v1,58.89,51.68,True,True,7.2
9765,9765.T,オオバ,2023-03,CONTINUE,3,48.36,55.56,True,True,7.2,2023-01,726.0,780.0,780.0,7.44,679.56,677.27,713.66,True,True,True,False,True,False,False,47067.0,798.0,-9.02,False,0.86,2.04,0.71,True,3,True,0.58,4.18,False,False,,tv_wilder_rsi14_sma5_v1,55.56,48.36,True,True,7.2
6323,6323.T,ローツェ,2023-03,CONTINUE,3,53.96,61.14,True,True,7.18,2023-01,987.0,1164.0,1164.0,17.93,860.92,815.01,888.04,True,True,True,False,True,True,False,3229967.0,1358.0,-27.32,False,0.85,3.71,0.95,True,3,True,10.68,11.11,False,False,,tv_wilder_rsi14_sma5_v1,61.14,53.96,True,True,7.18
4186,4186.T,東京応化工業,2023-03,CONTINUE,3,53.02,60.19,True,True,7.17,2023-01,2116.67,2563.33,2563.33,21.1,2065.87,2145.11,2240.87,True,False,False,False,False,False,False,507240.0,2593.33,-18.38,False,1.18,2.19,0.99,True,4,True,-3.05,2.55,False,False,,tv_wilder_rsi14_sma5_v1,60.19,53.02,True,True,7.17
2294,2294.T,柿安本店,2023-03,NEW,1,37.37,44.51,True,True,7.13,2023-03,2222.0,2222.0,2222.0,0.0,2109.48,2067.07,2210.26,True,True,True,False,True,False,False,18163.0,2478.0,-10.33,False,1.55,1.64,0.95,True,3,True,0.68,3.48,True,False,,tv_wilder_rsi14_sma5_v1,44.51,37.37,True,True,7.13
3415,3415.T,ＴＯＫＹＯＢＡＳＥ,2023-03,CONTINUE,3,44.73,51.86,True,True,7.13,2023-01,402.0,486.0,486.0,20.9,322.04,315.69,327.02,True,True,True,False,True,True,False,741770.0,483.0,-16.77,False,1.46,5.58,1.16,False,3,True,11.61,13.99,False,False,,tv_wilder_rsi14_sma5_v1,51.86,44.73,True,True,7.13
1888,1888.T,若築建設,2023-03,CONTINUE,5,76.79,83.91,True,True,7.12,2022-11,2733.0,3820.0,3820.0,39.77,2594.88,2412.23,2188.47,True,True,True,True,True,True,True,40500.0,2850.0,-4.11,False,0.79,2.75,1.1,False,2,True,27.85,2.47,False,False,,tv_wilder_rsi14_sma5_v1,83.91,76.79,True,True,7.12
7867,7867.T,タカラトミー,2023-03,CONTINUE,3,57.63,64.74,True,True,7.11,2023-01,1278.0,1481.0,1481.0,15.88,1248.04,1246.89,1287.81,True,True,False,False,False,False,True,199380.0,1512.0,-15.48,False,0.97,1.34,1.06,False,1,True,2.12,-0.03,False,False,,tv_wilder_rsi14_sma5_v1,64.74,57.63,True,True,7.11
3388,3388.T,明治電機工業,2023-03,CONTINUE,4,43.7,50.8,True,True,7.1,2022-12,1054.0,1209.0,1209.0,14.71,1038.4,1037.23,1053.19,True,True,True,False,True,False,False,15210.0,1308.0,-19.42,False,0.68,1.23,1.11,False,1,True,-3.42,0.81,False,False,,tv_wilder_rsi14_sma5_v1,50.8,43.7,True,True,7.1
6328,6328.T,荏原実業,2023-03,CONTINUE,3,57.81,64.86,True,True,7.05,2023-01,1269.5,1439.5,1439.5,13.39,1150.92,1129.45,1134.56,True,True,True,False,True,True,False,36380.0,1291.5,-1.7,False,1.27,1.7,1.1,False,3,True,12.49,7.09,False,False,,tv_wilder_rsi14_sma5_v1,64.86,57.81,True,True,7.05
7970,7970.T,信越ポリマー,2023-03,CONTINUE,3,59.89,66.93,True,True,7.04,2023-01,1285.0,1491.0,1491.0,16.03,1173.84,1219.33,1212.78,True,True,True,False,False,False,True,199107.0,1425.0,-9.82,False,2.99,2.03,1.19,False,2,True,9.69,4.72,False,False,,tv_wilder_rsi14_sma5_v1,66.93,59.89,True,True,7.04
9090,9090.T,ＡＺ－ＣＯＭ丸和ホールディングス,2023-03,CONTINUE,4,54.95,61.98,True,True,7.04,2022-12,1575.0,1990.0,1990.0,26.35,1513.68,1500.85,1460.5,True,True,True,True,True,False,True,166357.0,1777.0,-11.37,False,0.83,2.9,1.14,False,2,True,16.56,4.63,False,False,,tv_wilder_rsi14_sma5_v1,61.98,54.95,True,True,7.04
7283,7283.T,愛三工業,2023-03,CONTINUE,3,55.24,62.27,True,False,7.03,2023-01,750.0,899.0,899.0,19.87,695.52,697.73,707.59,True,True,True,False,True,False,False,83980.0,775.0,-3.23,False,1.0,1.5,1.15,False,1,True,6.79,4.32,False,False,,tv_wilder_rsi14_sma5_v1,62.27,55.24,False,True,7.03
3778,3778.T,さくらインターネット,2023-03,CONTINUE,2,47.27,54.28,True,True,7.01,2023-02,606.0,620.0,620.0,2.31,583.24,535.31,549.27,True,True,True,False,True,True,True,317953.0,718.0,-15.6,False,0.77,5.0,1.09,False,1,False,10.84,-0.43,False,False,,tv_wilder_rsi14_sma5_v1,54.28,47.27,True,True,7.01
6617,6617.T,東光高岳,2023-03,CONTINUE,3,65.63,72.63,True,True,7.0,2023-01,2104.0,2351.0,2351.0,11.74,2015.32,1882.67,1804.9,True,True,True,True,True,True,True,172267.0,2232.0,-5.73,False,0.92,3.15,0.68,True,2,True,26.45,3.51,False,False,,tv_wilder_rsi14_sma5_v1,72.63,65.63,True,True,7.0
7989,7989.T,立川ブラインド工業,2023-03,CONTINUE,6,54.92,61.91,True,True,6.98,2022-10,1058.0,1341.0,1341.0,26.75,1041.2,1058.89,1069.37,True,False,False,False,False,False,False,12693.0,1314.0,-19.48,False,1.48,1.34,0.83,True,4,False,-5.8,0.18,False,False,,tv_wilder_rsi14_sma5_v1,61.91,54.92,True,True,6.98
8111,8111.T,ゴールドウイン,2023-03,CONTINUE,5,70.18,77.14,True,True,6.96,2022-11,3140.0,4200.0,4200.0,33.76,2864.53,2731.11,2486.33,True,True,True,True,True,True,True,439010.0,3300.0,-4.85,False,1.12,2.68,0.84,True,2,True,26.01,5.13,False,False,,tv_wilder_rsi14_sma5_v1,77.14,70.18,True,True,6.96
1934,1934.T,ユアテック,2023-03,CONTINUE,4,55.19,62.12,True,True,6.93,2022-12,735.0,829.0,829.0,12.79,722.04,719.92,714.18,True,True,True,True,True,False,True,52877.0,769.0,-4.42,False,0.6,1.37,1.13,False,2,False,4.52,1.0,False,False,,tv_wilder_rsi14_sma5_v1,62.12,55.19,True,True,6.93
1969,1969.T,高砂熱学工業,2023-03,CONTINUE,9,57.15,64.05,True,True,6.9,2022-07,844.5,1054.5,1054.5,24.87,820.78,815.01,910.45,True,True,False,False,True,False,False,219420.0,,,,0.9,2.01,1.02,False,4,True,,,,False,,tv_wilder_rsi14_sma5_v1,64.05,57.15,True,True,6.9
2410,2410.T,キャリアデザインセンター,2023-03,CONTINUE,2,63.19,70.07,True,True,6.88,2023-02,2085.0,2147.0,2147.0,2.97,1821.32,1620.87,1439.22,True,True,True,True,True,True,True,75963.0,2134.0,-2.3,False,0.91,3.07,0.86,True,2,True,53.26,1.58,False,False,,tv_wilder_rsi14_sma5_v1,70.07,63.19,True,True,6.88
7735,7735.T,ＳＣＲＥＥＮホールディングス,2023-03,CONTINUE,3,52.72,59.59,True,True,6.87,2023-01,2392.5,2912.5,2912.5,21.73,2262.3,2193.0,2374.1,True,True,True,False,True,True,False,1903333.0,3142.5,-23.87,False,1.01,2.43,0.89,True,3,True,0.81,4.09,False,False,,tv_wilder_rsi14_sma5_v1,59.59,52.72,True,True,6.87
7745,7745.T,Ａ＆Ｄホロンホールディングス,2023-03,CONTINUE,6,57.38,64.25,True,True,6.87,2022-10,917.0,1424.0,1424.0,55.29,882.04,912.68,921.03,True,True,False,False,False,False,False,144380.0,1414.0,-35.15,False,1.46,2.26,0.92,True,4,True,-5.61,1.67,True,False,,tv_wilder_rsi14_sma5_v1,64.25,57.38,True,True,6.87
4676,4676.T,フジ・メディア・ホールディングス,2023-03,CONTINUE,5,46.33,53.19,True,True,6.85,2022-11,1077.0,1195.0,1195.0,10.96,1044.04,1074.39,1130.36,True,True,False,False,False,False,False,565363.0,1310.0,-17.79,False,1.24,1.34,1.02,False,4,True,-7.49,1.77,False,False,,tv_wilder_rsi14_sma5_v1,53.19,46.33,True,True,6.85
9628,9628.T,燦ホールディングス,2023-03,CONTINUE,3,64.23,71.07,True,True,6.83,2023-01,940.0,1118.0,1118.0,18.94,886.02,880.49,883.83,True,True,True,False,False,False,True,16353.0,969.5,-3.04,False,1.37,2.05,1.28,False,2,True,13.59,4.61,False,False,,tv_wilder_rsi14_sma5_v1,71.07,64.23,True,True,6.83
9505,9505.T,北陸電力,2023-03,CONTINUE,5,43.98,50.79,True,True,6.82,2022-11,537.0,593.0,593.0,10.43,503.08,496.57,524.33,True,True,True,False,True,False,False,749130.0,605.0,-11.24,False,1.09,2.3,1.19,False,3,True,0.26,5.33,False,False,,tv_wilder_rsi14_sma5_v1,50.79,43.98,True,True,6.82
5911,5911.T,横河ブリッジホールディングス,2023-03,CONTINUE,3,50.0,56.81,True,True,6.81,2023-01,2001.0,2164.0,2164.0,8.15,1873.04,1895.45,1915.55,True,True,True,False,False,False,False,92183.0,2222.0,-9.95,False,1.42,1.13,1.11,False,3,True,0.19,1.89,True,False,,tv_wilder_rsi14_sma5_v1,56.81,50.0,True,True,6.81
7276,7276.T,小糸製作所,2023-03,CONTINUE,3,42.05,48.83,True,True,6.78,2023-01,2180.0,2500.0,2500.0,14.68,2051.4,2094.17,2214.82,True,True,False,False,False,False,False,772407.0,3260.0,-33.13,False,1.74,2.57,1.13,False,4,True,-7.63,1.58,True,False,,tv_wilder_rsi14_sma5_v1,48.83,42.05,True,True,6.78
9310,9310.T,日本トランスシティ,2023-03,CONTINUE,6,51.25,58.02,True,True,6.77,2022-10,495.0,610.0,610.0,23.23,478.32,495.49,547.39,True,False,False,False,False,False,False,83917.0,727.0,-31.91,False,1.55,2.05,0.95,True,4,True,-10.83,2.49,True,False,,tv_wilder_rsi14_sma5_v1,58.02,51.25,True,True,6.77
1786,1786.T,オリエンタル白石,2023-03,CONTINUE,6,58.02,64.78,True,False,6.76,2022-10,268.0,326.0,326.0,21.64,255.2,252.01,242.81,True,True,True,True,True,True,True,310247.0,277.0,-3.25,False,1.49,1.89,1.05,False,2,True,8.53,1.39,False,False,,tv_wilder_rsi14_sma5_v1,64.78,58.02,False,True,6.76
3393,3393.T,スターティアホールディングス,2023-03,CONTINUE,2,54.67,61.44,True,True,6.76,2023-02,1356.0,1561.0,1561.0,15.12,1039.76,1052.25,961.33,True,True,True,False,True,False,True,342470.0,1344.0,0.89,True,2.82,5.43,1.33,False,2,True,54.23,8.75,True,False,,tv_wilder_rsi14_sma5_v1,61.44,54.67,True,True,6.76
4063,4063.T,信越化学工業,2023-03,CONTINUE,6,55.86,62.61,True,True,6.76,2022-10,3108.0,4275.0,4275.0,37.55,3014.28,3224.47,3438.26,True,False,False,False,False,False,False,7086033.0,4174.0,-25.54,False,1.09,1.94,0.85,True,4,True,-13.58,0.81,False,False,,tv_wilder_rsi14_sma5_v1,62.61,55.86,True,True,6.76
5401,5401.T,日本製鉄,2023-03,CONTINUE,5,64.76,71.52,True,True,6.76,2022-11,438.5,624.0,624.0,42.3,433.0,433.01,419.74,True,True,True,False,True,True,True,31891033.0,463.7,-5.43,False,1.25,1.91,0.86,True,2,True,4.89,-0.9,False,False,,tv_wilder_rsi14_sma5_v1,71.52,64.76,True,True,6.76
7995,7995.T,バルカー,2023-03,CONTINUE,3,64.29,71.04,True,True,6.75,2023-01,3195.0,3445.0,3445.0,7.82,2693.12,2669.68,2661.28,True,True,True,True,True,True,True,55133.0,2944.0,8.53,True,3.25,2.14,1.46,False,1,True,21.39,4.67,True,True,BOTH,tv_wilder_rsi14_sma5_v1,71.04,64.29,True,True,6.75
9347,9347.T,日本管財ホールディングス,2023-03,CONTINUE,3,55.0,61.75,True,True,6.75,2023-01,2554.0,2720.0,2720.0,6.5,2503.68,2508.43,2590.77,True,True,False,False,False,False,False,27910.0,2939.0,-13.1,False,0.89,0.84,1.08,False,4,True,-3.93,1.23,True,False,,tv_wilder_rsi14_sma5_v1,61.75,55.0,True,True,6.75
4554,4554.T,富士製薬工業,2023-03,CONTINUE,3,46.73,53.47,True,True,6.74,2023-01,1064.0,1133.0,1133.0,6.48,1025.04,1024.92,995.39,True,True,True,True,True,True,True,40650.0,1089.0,-2.3,False,0.87,1.15,0.86,True,2,True,6.13,1.8,False,False,,tv_wilder_rsi14_sma5_v1,53.47,46.73,True,True,6.74
1882,1882.T,東亜道路工業,2023-03,CONTINUE,2,74.7,81.43,True,True,6.73,2023-02,701.0,750.0,750.0,6.99,624.92,598.11,582.59,True,True,True,True,True,True,True,118900.0,667.0,5.1,True,1.33,2.11,1.26,False,2,True,24.05,4.6,True,True,BOTH,tv_wilder_rsi14_sma5_v1,81.43,74.7,True,True,6.73
1944,1944.T,きんでん,2023-03,CONTINUE,3,42.66,49.39,True,True,6.73,2023-01,1486.0,1595.0,1595.0,7.34,1416.48,1453.16,1499.71,True,True,False,False,False,False,False,181830.0,1707.0,-12.95,False,1.39,1.19,1.05,False,4,True,-4.97,2.12,True,False,,tv_wilder_rsi14_sma5_v1,49.39,42.66,True,True,6.73
6349,6349.T,小森コーポレーション,2023-03,CONTINUE,6,56.94,63.68,True,True,6.73,2022-10,810.0,991.0,991.0,22.35,726.64,761.55,750.07,True,True,True,False,False,False,True,158907.0,873.0,-7.22,False,2.19,2.47,1.12,False,2,True,6.54,5.19,True,False,,tv_wilder_rsi14_sma5_v1,63.68,56.94,True,True,6.73
7729,7729.T,東京精密,2023-03,CONTINUE,3,52.12,58.79,True,True,6.67,2023-01,4440.0,5120.0,5120.0,15.32,4393.2,4377.8,4517.05,True,True,False,False,True,False,False,191123.0,5090.0,-12.77,False,1.06,1.74,0.99,True,4,True,-2.86,1.64,False,False,,tv_wilder_rsi14_sma5_v1,58.79,52.12,True,True,6.67
3563,3563.T,FOOD & LIFE COMPANIES,2023-03,CONTINUE,6,47.67,54.31,True,False,6.64,2022-10,1254.5,1720.0,1720.0,37.11,1198.78,1198.98,1464.15,True,True,False,False,True,False,False,4209327.0,2660.0,-52.84,False,0.93,3.37,1.0,True,4,True,-19.87,5.66,False,False,,tv_wilder_rsi14_sma5_v1,54.31,47.67,False,True,6.64
4462,4462.T,石原ケミカル,2023-03,CONTINUE,3,54.95,61.59,True,True,6.64,2023-01,1267.0,1410.0,1410.0,11.29,1237.84,1239.0,1267.39,True,True,False,False,True,False,False,8570.0,1376.0,-7.92,False,1.27,1.45,1.26,False,4,True,-1.06,1.81,True,False,,tv_wilder_rsi14_sma5_v1,61.59,54.95,True,True,6.64
6294,6294.T,オカダアイヨン,2023-03,CONTINUE,5,61.45,68.1,True,True,6.64,2022-11,1547.0,1777.0,1777.0,14.87,1492.0,1459.47,1467.67,True,True,True,False,True,True,True,20690.0,1633.0,-5.27,False,0.85,1.46,1.03,False,2,True,7.13,2.86,False,False,,tv_wilder_rsi14_sma5_v1,68.1,61.45,True,True,6.64
4973,4973.T,日本高純度化学,2023-03,CONTINUE,2,48.59,55.21,True,True,6.62,2023-02,2500.0,2632.0,2632.0,5.28,2400.84,2428.99,2377.6,True,True,True,False,True,False,True,5760.0,2660.0,-6.02,False,0.79,1.75,1.08,False,2,True,1.29,1.05,False,False,,tv_wilder_rsi14_sma5_v1,55.21,48.59,True,True,6.62
6875,6875.T,メガチップス,2023-03,CONTINUE,3,46.34,52.96,True,True,6.62,2023-01,2694.0,3270.0,3270.0,21.38,2537.12,2553.83,2888.94,True,True,False,False,False,False,False,83363.0,4755.0,-43.34,False,0.84,2.1,0.89,True,4,True,-13.88,3.82,False,False,,tv_wilder_rsi14_sma5_v1,52.96,46.34,True,True,6.62
1930,1930.T,北陸電気工事,2023-03,CONTINUE,3,40.65,47.23,True,True,6.58,2023-01,695.0,775.0,775.0,11.51,670.24,674.29,724.41,True,True,False,False,True,False,False,19777.0,842.0,-17.46,False,0.67,1.01,1.02,False,4,True,-6.86,2.53,False,False,,tv_wilder_rsi14_sma5_v1,47.23,40.65,True,True,6.58
4812,4812.T,電通総研,2023-03,CONTINUE,2,60.18,66.76,True,True,6.58,2023-02,1568.33,1733.33,1733.33,10.52,1480.67,1441.13,1438.23,True,True,True,True,True,False,True,357330.0,1670.0,-6.09,False,1.02,3.26,1.07,False,2,True,9.46,1.98,False,False,,tv_wilder_rsi14_sma5_v1,66.76,60.18,True,True,6.58
7224,7224.T,新明和工業,2023-03,CONTINUE,4,57.56,64.13,True,True,6.58,2022-12,1054.0,1180.0,1180.0,11.95,1030.24,1023.08,1015.15,True,True,True,True,True,False,True,207807.0,1237.0,-14.79,False,0.87,2.5,1.19,False,2,True,9.04,3.26,False,False,,tv_wilder_rsi14_sma5_v1,64.13,57.56,True,True,6.58
4212,4212.T,積水樹脂,2023-03,CONTINUE,6,51.14,57.67,True,True,6.53,2022-10,1704.0,2079.0,2079.0,22.01,1681.92,1708.95,1773.2,True,False,False,False,False,True,False,60207.0,2194.0,-22.33,False,1.68,1.69,0.96,True,4,False,-9.23,-0.18,False,False,,tv_wilder_rsi14_sma5_v1,57.67,51.14,True,True,6.53
6794,6794.T,フォスター電機,2023-03,CONTINUE,11,51.49,58.02,True,True,6.53,2022-05,716.0,1150.0,1150.0,60.61,704.0,716.16,781.78,True,False,False,False,True,False,,77447.0,,,,0.82,2.49,0.88,True,4,True,,,,False,,tv_wilder_rsi14_sma5_v1,58.02,51.49,True,True,6.53
6272,6272.T,レオン自動機,2023-03,CONTINUE,2,47.01,53.49,True,True,6.47,2023-02,1246.0,1305.0,1305.0,4.74,1148.16,1111.36,1186.97,True,True,True,False,True,True,True,23777.0,1379.0,-9.64,False,1.47,2.51,1.06,False,1,True,4.8,4.09,False,False,,tv_wilder_rsi14_sma5_v1,53.49,47.01,True,True,6.47
6103,6103.T,オークマ,2023-03,CONTINUE,3,51.25,57.71,True,True,6.46,2023-01,2620.0,2955.0,2955.0,12.79,2409.3,2487.07,2537.53,True,True,True,False,False,False,False,267013.0,2910.0,-9.97,False,1.18,2.23,1.16,False,1,True,4.66,5.3,False,False,,tv_wilder_rsi14_sma5_v1,57.71,51.25,True,True,6.46
6379,6379.T,レイズネクスト,2023-03,CONTINUE,6,62.54,68.99,True,True,6.45,2022-10,1247.0,1455.0,1455.0,16.68,1214.2,1212.36,1155.33,True,True,True,True,True,True,True,45233.0,1269.0,-1.73,False,1.57,1.82,0.89,True,2,True,6.48,-0.32,False,False,,tv_wilder_rsi14_sma5_v1,68.99,62.54,True,True,6.45
4527,4527.T,ロート製薬,2023-03,CONTINUE,4,68.64,75.02,True,True,6.38,2022-12,2320.0,2770.0,2770.0,19.4,2255.42,2243.07,2015.96,True,True,True,True,True,True,True,604800.0,2405.0,-3.53,False,0.77,2.13,1.19,False,2,True,14.82,-0.29,False,False,,tv_wilder_rsi14_sma5_v1,75.02,68.64,True,True,6.38
5932,5932.T,三協立山,2023-03,CONTINUE,3,43.74,50.1,True,True,6.36,2023-01,672.0,716.0,716.0,6.55,581.0,560.95,585.37,True,True,True,False,True,False,False,136767.0,682.0,-1.47,False,1.38,4.15,1.06,False,1,True,13.4,10.7,False,False,,tv_wilder_rsi14_sma5_v1,50.1,43.74,True,True,6.36
3608,3608.T,ＴＳＩホールディングス,2023-03,CONTINUE,3,66.03,72.36,True,True,6.33,2023-01,522.0,634.0,634.0,21.46,457.52,455.03,391.79,True,True,True,True,True,True,True,342267.0,527.0,-0.95,False,1.0,3.63,0.9,True,2,True,42.34,10.98,False,False,,tv_wilder_rsi14_sma5_v1,72.36,66.03,True,True,6.33
8179,8179.T,ロイヤルホールディングス,2023-03,CONTINUE,6,60.23,66.56,True,True,6.33,2022-10,1189.0,1393.5,1393.5,17.2,1137.7,1094.08,1048.34,True,True,True,True,True,True,True,357400.0,1205.0,-1.33,False,1.53,2.3,0.87,True,2,True,17.53,3.69,False,False,,tv_wilder_rsi14_sma5_v1,66.56,60.23,True,True,6.33
7347,7347.T,マーキュリアホールディングス,2023-03,CONTINUE,3,47.5,53.82,True,False,6.32,2023-01,715.0,750.0,750.0,4.9,609.36,607.08,606.77,True,True,True,True,True,False,True,79740.0,735.0,-2.72,False,2.47,3.03,1.3,False,2,True,23.39,10.81,False,False,,tv_wilder_rsi14_sma5_v1,53.82,47.5,False,True,6.32
3501,3501.T,ＳＵＭＩＮＯＥ,2023-03,CONTINUE,8,50.36,56.67,True,True,6.31,2022-08,875.5,1048.0,1048.0,19.7,871.14,865.54,870.87,True,True,True,False,True,False,False,42213.0,1018.0,-14.0,False,0.55,1.02,0.84,True,3,True,-0.87,3.2,False,False,,tv_wilder_rsi14_sma5_v1,56.67,50.36,True,True,6.31
7952,7952.T,河合楽器製作所,2023-03,CONTINUE,4,45.47,51.77,True,True,6.3,2022-12,2601.0,3050.0,3050.0,17.26,2557.8,2611.87,2760.84,True,False,False,False,False,False,False,11317.0,3575.0,-27.24,False,0.86,1.45,1.16,False,4,True,-8.36,1.11,True,False,,tv_wilder_rsi14_sma5_v1,51.77,45.47,True,True,6.3
5440,5440.T,共英製鋼,2023-03,CONTINUE,3,49.71,56.0,True,False,6.29,2023-01,1414.0,1608.0,1608.0,13.72,1313.24,1321.77,1364.18,True,True,True,False,True,False,False,79233.0,1682.0,-15.93,False,1.23,1.83,1.14,False,1,True,-1.39,3.0,True,False,,tv_wilder_rsi14_sma5_v1,56.0,49.71,False,True,6.29
8016,8016.T,オンワードホールディングス,2023-03,CONTINUE,11,52.96,59.25,True,True,6.29,2022-05,261.0,383.0,383.0,46.74,248.64,258.16,293.57,True,True,False,False,False,False,,1146950.0,,,,1.75,2.38,1.02,False,4,True,,,,False,,tv_wilder_rsi14_sma5_v1,59.25,52.96,True,True,6.29
4099,4099.T,四国化成ホールディングス,2023-03,NEW,1,52.8,59.06,True,True,6.26,2023-03,701.5,701.5,701.5,0.0,668.8,655.76,641.54,True,True,True,True,True,True,True,86973.0,713.5,-1.68,False,1.24,2.73,1.01,False,2,True,8.89,3.01,False,False,,tv_wilder_rsi14_sma5_v1,59.06,52.8,True,True,6.26
8622,8622.T,水戸証券,2023-03,CONTINUE,3,49.46,55.69,True,False,6.24,2023-01,298.0,290.0,290.0,-2.68,239.8,228.95,249.12,True,True,True,False,True,True,False,665803.0,310.0,-3.87,False,2.08,3.64,1.51,False,1,True,16.11,15.63,False,False,,tv_wilder_rsi14_sma5_v1,55.69,49.46,False,True,6.24
3405,3405.T,クラレ,2023-03,CONTINUE,5,52.61,58.84,True,False,6.23,2022-11,1096.0,1217.0,1217.0,11.04,1053.32,1051.09,1062.43,True,True,True,False,True,False,True,1712217.0,1163.0,-5.76,False,0.67,1.51,0.61,True,2,True,2.49,1.35,False,False,,tv_wilder_rsi14_sma5_v1,58.84,52.61,False,True,6.23
7949,7949.T,小松ウオール工業,2023-03,CONTINUE,3,51.77,58.0,True,True,6.23,2023-01,957.0,1004.5,1004.5,4.96,918.62,921.21,936.3,True,True,True,False,True,False,False,19560.0,1038.0,-7.8,False,1.81,0.86,1.15,False,1,True,1.98,2.08,True,False,,tv_wilder_rsi14_sma5_v1,58.0,51.77,True,True,6.23
2897,2897.T,日清食品ホールディングス,2023-03,CONTINUE,2,64.23,70.45,True,True,6.22,2023-02,3780.0,4043.33,4043.33,6.97,3616.4,3510.44,3284.97,True,True,True,True,True,True,True,930580.0,3866.67,-2.24,False,0.68,1.71,0.73,True,2,True,16.7,0.3,False,False,,tv_wilder_rsi14_sma5_v1,70.45,64.23,True,True,6.22
4641,4641.T,アルプス技研,2023-03,CONTINUE,6,62.26,68.48,True,True,6.22,2022-10,669.67,841.33,841.33,25.63,642.27,630.74,623.16,True,True,True,True,True,True,True,112650.0,708.33,-5.46,False,1.46,1.5,1.06,False,2,True,4.68,1.7,False,False,,tv_wilder_rsi14_sma5_v1,68.48,62.26,True,True,6.22
5410,5410.T,合同製鐵,2023-03,CONTINUE,10,70.51,76.73,True,False,6.22,2022-06,1345.0,3395.0,3395.0,152.42,1337.16,1303.32,1380.47,True,True,False,False,True,True,False,41153.0,,,,0.71,2.29,0.97,True,4,False,,,,False,,tv_wilder_rsi14_sma5_v1,76.73,70.51,False,True,6.22
6850,6850.T,チノー,2023-03,CONTINUE,6,66.9,73.1,True,True,6.2,2022-10,857.5,1076.0,1076.0,25.48,833.54,833.41,816.37,True,True,True,True,True,True,True,43153.0,875.0,-2.0,False,1.9,1.75,1.05,False,2,True,7.62,2.74,False,False,,tv_wilder_rsi14_sma5_v1,73.1,66.9,True,True,6.2
4725,4725.T,ＣＡＣＨｏｌｄｉｎｇｓ,2023-03,CONTINUE,2,56.48,62.66,True,True,6.18,2023-02,1636.0,1684.0,1684.0,2.93,1502.88,1485.52,1450.5,True,True,True,True,True,True,True,21750.0,1660.0,-1.45,False,1.55,2.86,1.29,False,2,True,14.33,6.44,False,False,,tv_wilder_rsi14_sma5_v1,62.66,56.48,True,True,6.18
5121,5121.T,藤倉コンポジット,2023-03,CONTINUE,3,60.57,66.73,True,True,6.16,2023-01,895.0,1096.0,1096.0,22.46,839.88,840.21,858.31,True,True,True,False,True,False,True,136550.0,1135.0,-21.15,False,1.11,1.75,1.03,False,2,True,7.33,3.92,False,False,,tv_wilder_rsi14_sma5_v1,66.73,60.57,True,True,6.16
3097,3097.T,物語コーポレーション,2023-03,CONTINUE,2,57.24,63.37,True,True,6.13,2023-02,2512.0,2693.0,2693.0,7.21,2235.96,2224.65,2128.4,True,True,True,True,True,False,True,204227.0,2463.33,1.98,True,1.28,2.52,1.23,False,2,True,15.81,3.0,True,True,BOTH,tv_wilder_rsi14_sma5_v1,63.37,57.24,True,True,6.13
6544,6544.T,ｼﾞｬﾊﾟﾝｴﾚﾍﾞｰﾀｰｻｰﾋﾞｽﾎｰﾙﾃﾞｨﾝｸﾞｽ,2023-03,CONTINUE,3,51.08,57.21,True,True,6.13,2023-01,909.5,1074.0,1074.0,18.09,834.3,851.75,834.04,True,True,True,False,False,False,True,360820.0,996.5,-8.73,False,0.71,3.25,1.19,False,2,True,9.66,7.82,False,False,,tv_wilder_rsi14_sma5_v1,57.21,51.08,True,True,6.13
8163,8163.T,ＳＲＳホールディングス,2023-03,CONTINUE,4,55.14,61.28,True,True,6.13,2022-12,872.0,948.0,948.0,8.72,857.6,863.95,853.18,True,True,True,False,True,False,True,106473.0,902.0,-3.33,False,1.4,1.03,1.05,False,2,True,5.05,1.16,False,False,,tv_wilder_rsi14_sma5_v1,61.28,55.14,True,True,6.13
6479,6479.T,ミネベアミツミ,2023-03,CONTINUE,3,46.78,52.9,True,True,6.12,2023-01,2243.0,2511.0,2511.0,11.95,2087.12,2159.23,2307.94,True,True,False,False,False,False,False,1458247.0,2953.0,-24.04,False,1.17,2.38,0.95,True,4,True,-6.93,4.84,False,False,,tv_wilder_rsi14_sma5_v1,52.9,46.78,True,True,6.12
3950,3950.T,ザ・パック,2023-03,CONTINUE,6,50.53,56.63,True,False,6.1,2022-10,784.33,985.0,985.0,25.58,768.29,779.29,807.17,True,True,False,False,True,True,False,73610.0,1030.0,-23.85,False,1.52,1.83,0.97,True,4,True,-8.44,1.27,False,False,,tv_wilder_rsi14_sma5_v1,56.63,50.53,False,True,6.1
6459,6459.T,大和冷機工業,2023-03,CONTINUE,3,57.49,63.59,True,True,6.1,2023-01,1204.0,1382.0,1382.0,14.78,1148.6,1186.73,1129.97,True,True,True,False,False,True,True,32870.0,1307.0,-7.88,False,0.95,1.87,1.21,False,2,True,5.05,3.2,True,False,,tv_wilder_rsi14_sma5_v1,63.59,57.49,True,True,6.1
4828,4828.T,ビジネスエンジニアリング,2023-03,CONTINUE,4,65.97,72.05,True,True,6.09,2022-12,479.4,600.0,600.0,25.16,461.05,436.68,437.14,True,True,True,False,True,False,True,140583.0,568.6,-15.69,False,1.52,2.92,1.15,False,2,True,17.41,2.17,False,False,,tv_wilder_rsi14_sma5_v1,72.05,65.97,True,True,6.09
5011,5011.T,ニチレキグループ,2023-03,CONTINUE,3,52.33,58.4,True,True,6.08,2023-01,1388.0,1488.0,1488.0,7.2,1297.16,1289.08,1296.26,True,True,True,False,True,False,True,48653.0,1419.0,-2.18,False,0.95,1.2,1.07,False,2,True,6.98,4.18,False,False,,tv_wilder_rsi14_sma5_v1,58.4,52.33,True,True,6.08
4220,4220.T,リケンテクノス,2023-03,CONTINUE,3,55.62,61.7,True,True,6.07,2023-01,528.0,589.0,589.0,11.55,494.92,496.29,476.94,True,True,True,False,True,False,True,113903.0,551.0,-4.17,False,1.76,1.65,1.21,False,2,True,9.82,5.12,False,False,,tv_wilder_rsi14_sma5_v1,61.7,55.62,True,True,6.07
7550,7550.T,ゼンショーホールディングス,2023-03,CONTINUE,2,63.98,70.04,False,True,6.06,2023-02,3835.0,3925.0,3925.0,2.35,3464.8,3409.6,3405.95,True,True,True,True,True,False,True,283867.0,3870.0,-0.9,False,0.87,2.3,1.01,False,2,True,17.57,6.88,False,False,,tv_wilder_rsi14_sma5_v1,70.04,63.98,True,False,6.06
2153,2153.T,Ｅ・Ｊホールディングス,2023-03,CONTINUE,10,65.03,71.06,True,True,6.03,2022-06,1189.0,1495.0,1495.0,25.74,1152.8,1171.56,1208.3,True,True,False,False,False,False,False,42503.0,,,,0.84,1.91,1.18,False,4,True,,,,False,,tv_wilder_rsi14_sma5_v1,71.06,65.03,True,True,6.03
6866,6866.T,日置電機,2023-03,CONTINUE,3,56.1,62.13,True,True,6.03,2023-01,7380.0,8640.0,8640.0,17.07,6436.4,6626.27,6739.4,True,True,True,False,False,False,False,33507.0,8200.0,-10.0,False,2.98,2.8,1.26,False,1,True,4.34,6.12,False,False,,tv_wilder_rsi14_sma5_v1,62.13,56.1,True,True,6.03
7936,7936.T,アシックス,2023-03,CONTINUE,5,66.05,72.08,True,True,6.03,2022-11,738.75,937.5,937.5,26.9,666.11,636.28,601.35,True,True,True,True,True,True,True,5194453.0,786.25,-6.04,False,0.76,3.84,0.87,True,2,True,19.43,8.15,False,False,,tv_wilder_rsi14_sma5_v1,72.08,66.05,True,True,6.03
6250,6250.T,やまびこ,2023-03,CONTINUE,3,49.88,55.89,True,True,6.01,2023-01,1133.0,1316.0,1316.0,16.15,1096.92,1122.35,1172.99,True,True,False,False,False,False,False,101867.0,1529.0,-25.9,False,0.79,1.21,0.91,True,4,True,-4.54,2.16,False,False,,tv_wilder_rsi14_sma5_v1,55.89,49.88,True,True,6.01
7294,7294.T,ヨロズ,2023-03,CONTINUE,2,37.49,43.49,True,True,6.0,2023-02,777.0,847.0,847.0,9.01,735.52,741.27,818.6,True,True,False,False,True,False,False,78377.0,1004.0,-22.61,False,1.38,1.69,1.17,False,4,True,-9.29,3.69,False,False,,tv_wilder_rsi14_sma5_v1,43.49,37.49,True,True,6.0
3443,3443.T,川田テクノロジーズ,2023-03,CONTINUE,2,40.77,46.74,True,True,5.97,2023-02,405.0,418.33,418.33,3.29,381.8,374.51,392.16,True,True,True,False,True,False,False,69690.0,445.56,-9.1,False,1.29,1.41,1.23,False,1,True,2.42,4.64,False,False,,tv_wilder_rsi14_sma5_v1,46.74,40.77,True,True,5.97
2982,2982.T,ＡＤワークスグループ,2023-03,CONTINUE,2,48.88,54.82,True,False,5.95,2023-02,168.0,166.0,166.0,-1.19,152.32,152.65,153.99,True,True,True,False,True,False,True,433273.0,174.0,-3.45,False,1.2,2.68,1.11,False,2,True,7.79,5.38,False,False,,tv_wilder_rsi14_sma5_v1,54.82,48.88,False,True,5.95
9960,9960.T,東テク,2023-03,CONTINUE,3,65.41,71.36,True,False,5.95,2023-01,1211.67,1458.33,1458.33,20.36,1137.0,1115.64,1062.31,True,True,True,True,True,True,True,50640.0,1233.33,-1.76,False,1.0,2.25,1.01,False,2,True,22.61,2.21,False,False,,tv_wilder_rsi14_sma5_v1,71.36,65.41,False,True,5.95
6517,6517.T,デンヨー,2023-03,CONTINUE,5,44.03,49.96,True,True,5.93,2022-11,1500.0,1701.0,1701.0,13.4,1452.48,1493.29,1576.26,True,True,False,False,True,False,False,31613.0,1855.0,-19.14,False,0.71,2.16,0.76,True,4,True,-9.16,3.42,False,False,,tv_wilder_rsi14_sma5_v1,49.96,44.03,True,True,5.93
8281,8281.T,ゼビオホールディングス,2023-03,CONTINUE,2,49.61,55.54,True,True,5.93,2023-02,1009.0,1049.0,1049.0,3.96,943.44,935.99,939.88,True,True,True,False,True,False,True,106870.0,1045.0,-3.44,False,1.99,2.05,1.26,False,2,True,5.89,4.88,False,False,,tv_wilder_rsi14_sma5_v1,55.54,49.61,True,True,5.93
1942,1942.T,関電工,2023-03,CONTINUE,10,51.9,57.81,True,True,5.92,2022-06,846.0,935.0,935.0,10.52,821.72,826.85,860.92,True,True,False,False,True,False,False,298733.0,,,,1.19,1.67,1.14,False,4,True,,,,False,,tv_wilder_rsi14_sma5_v1,57.81,51.9,True,True,5.92
2198,2198.T,アイ  ･ケイ  ･ケイホールディングス,2023-03,NEW,1,54.48,60.39,True,True,5.91,2023-03,717.0,717.0,717.0,0.0,668.2,646.21,626.97,True,True,True,True,True,True,True,72880.0,712.0,0.7,True,1.35,2.22,1.05,False,2,True,15.21,2.43,True,True,BOTH,tv_wilder_rsi14_sma5_v1,60.39,54.48,True,True,5.91
2749,2749.T,ＪＰホールディングス,2023-03,CONTINUE,11,62.27,68.17,True,True,5.91,2022-05,227.0,362.0,362.0,59.47,216.64,219.45,243.29,True,True,False,False,True,False,,213117.0,,,,0.75,2.45,0.87,True,4,True,,,,False,,tv_wilder_rsi14_sma5_v1,68.17,62.27,True,True,5.91
6381,6381.T,アネスト岩田,2023-03,CONTINUE,2,50.41,56.27,True,True,5.86,2023-02,925.0,1003.0,1003.0,8.43,888.2,886.29,898.82,True,True,True,False,True,False,True,44953.0,985.0,-6.09,False,0.84,1.65,0.84,True,2,True,3.41,0.61,False,False,,tv_wilder_rsi14_sma5_v1,56.27,50.41,True,True,5.86
9273,9273.T,コーア商事ホールディングス,2023-03,CONTINUE,3,50.8,56.66,True,True,5.86,2023-01,656.0,747.0,747.0,13.87,619.56,606.39,699.68,True,True,False,False,True,False,False,60180.0,945.0,-30.58,False,2.25,2.11,1.15,False,4,True,-2.01,4.51,False,False,,tv_wilder_rsi14_sma5_v1,56.66,50.8,True,True,5.86
6036,6036.T,ＫｅｅＰｅｒ技研,2023-03,NEW,1,62.64,68.47,True,True,5.84,2023-03,4925.0,4925.0,4925.0,0.0,4603.6,3905.07,3835.5,True,True,True,True,True,True,True,329157.0,5010.0,-1.7,False,0.62,2.78,0.87,True,2,True,54.04,5.32,False,False,,tv_wilder_rsi14_sma5_v1,68.47,62.64,True,True,5.84
7244,7244.T,市光工業,2023-03,CONTINUE,3,42.42,48.25,True,True,5.84,2023-01,387.0,468.0,468.0,20.93,365.28,393.24,382.02,True,False,True,False,False,False,False,118200.0,540.0,-28.33,False,0.65,1.86,0.98,True,3,True,-5.59,2.35,False,False,,tv_wilder_rsi14_sma5_v1,48.25,42.42,True,True,5.84
5269,5269.T,日本コンクリート工業,2023-03,CONTINUE,2,39.58,45.38,True,True,5.8,2023-02,241.0,255.0,255.0,5.81,228.92,227.09,253.02,True,True,False,False,True,False,False,43453.0,314.0,-23.25,False,1.71,1.93,1.27,False,4,True,-9.1,3.1,False,False,,tv_wilder_rsi14_sma5_v1,45.38,39.58,True,True,5.8
5351,5351.T,品川リフラ,2023-03,CONTINUE,3,63.5,69.29,True,True,5.8,2023-01,824.0,914.0,914.0,10.92,792.12,786.24,756.93,True,True,True,True,True,True,True,87333.0,859.0,-4.07,False,0.72,1.88,1.24,False,2,True,8.18,2.59,False,False,,tv_wilder_rsi14_sma5_v1,69.29,63.5,True,True,5.8
2384,2384.T,ＳＢＳホールディングス,2023-03,CONTINUE,3,53.28,59.07,True,True,5.78,2023-01,2959.0,3360.0,3360.0,13.55,2814.2,2877.05,2880.91,True,True,True,False,False,False,False,61227.0,3675.0,-19.48,False,0.99,1.67,1.19,False,3,True,-0.79,3.3,False,False,,tv_wilder_rsi14_sma5_v1,59.07,53.28,True,True,5.78
2502,2502.T,アサヒグループホールディングス,2023-03,CONTINUE,3,49.67,55.44,True,True,5.77,2023-01,1427.33,1641.33,1641.33,14.99,1384.13,1416.42,1479.62,True,True,False,False,False,False,False,3973440.0,1742.67,-18.09,False,1.0,1.56,1.01,False,4,True,-3.17,2.37,False,False,,tv_wilder_rsi14_sma5_v1,55.44,49.67,True,True,5.77
6472,6472.T,ＮＴＮ,2023-03,CONTINUE,2,56.21,61.96,True,False,5.76,2023-02,337.0,337.0,337.0,0.0,304.76,284.75,271.31,True,True,True,True,True,True,True,6870120.0,344.0,-2.03,False,0.76,2.54,0.73,True,2,True,25.5,3.76,False,False,,tv_wilder_rsi14_sma5_v1,61.96,56.21,False,True,5.76
9438,9438.T,エムティーアイ,2023-03,CONTINUE,4,43.85,49.59,True,True,5.75,2022-12,514.0,576.0,576.0,12.06,513.12,507.88,490.13,True,True,True,True,True,True,True,37637.0,634.0,-18.93,False,0.39,1.95,0.86,True,2,True,1.69,-0.48,False,False,,tv_wilder_rsi14_sma5_v1,49.59,43.85,True,True,5.75
6266,6266.T,タツモ,2023-03,CONTINUE,8,58.29,64.02,True,True,5.73,2022-08,1365.0,2172.0,2172.0,59.12,1331.44,1275.59,1441.03,True,True,False,False,True,False,False,187477.0,1850.0,-26.22,False,1.06,2.82,0.89,True,4,True,-3.9,3.37,False,False,,tv_wilder_rsi14_sma5_v1,64.02,58.29,True,True,5.73
6905,6905.T,コーセル,2023-03,CONTINUE,10,57.66,63.35,True,True,5.68,2022-06,818.0,1137.0,1137.0,39.0,811.44,790.27,855.35,True,True,False,False,True,True,False,96983.0,,,,1.2,3.26,1.07,False,4,True,,,,False,,tv_wilder_rsi14_sma5_v1,63.35,57.66,True,True,5.68
9404,9404.T,日本テレビホールディングス,2023-03,CONTINUE,2,39.18,44.84,True,True,5.67,2023-02,1121.0,1141.0,1141.0,1.78,1065.08,1047.65,1145.43,True,True,False,False,True,False,False,811787.0,1390.0,-19.35,False,1.96,2.41,1.52,False,4,True,-5.36,3.64,False,False,,tv_wilder_rsi14_sma5_v1,44.84,39.18,True,True,5.67
3854,3854.T,アイル,2023-03,CONTINUE,3,61.73,67.4,True,True,5.66,2023-01,1921.0,2394.0,2394.0,24.62,1810.36,1867.08,1684.54,True,True,True,False,False,True,True,32293.0,2196.0,-12.52,False,0.87,2.49,0.87,True,2,True,22.82,6.37,False,False,,tv_wilder_rsi14_sma5_v1,67.4,61.73,True,True,5.66
6997,6997.T,日本ケミコン,2023-03,CONTINUE,2,49.24,54.9,True,False,5.66,2023-02,2181.0,2102.0,2102.0,-3.62,1912.08,1771.6,1800.33,True,True,True,False,True,True,True,373610.0,2201.0,-0.91,False,0.69,3.26,0.81,True,2,True,19.69,7.68,False,False,,tv_wilder_rsi14_sma5_v1,54.9,49.24,False,True,5.66
6954,6954.T,ファナック,2023-03,CONTINUE,3,50.16,55.81,True,True,5.64,2023-01,4581.0,4760.0,4760.0,3.91,4214.36,4125.91,4240.89,True,True,True,False,True,False,True,3552700.0,4986.0,-8.12,False,1.24,1.99,1.06,False,2,True,7.35,6.0,False,False,,tv_wilder_rsi14_sma5_v1,55.81,50.16,True,True,5.64
5949,5949.T,ユニプレス,2023-03,CONTINUE,2,44.31,49.91,True,True,5.61,2023-02,806.0,920.0,920.0,14.14,770.56,796.33,852.15,True,True,False,False,True,False,True,120913.0,1024.0,-21.29,False,1.12,2.47,1.25,False,1,True,-8.6,-1.54,False,False,,tv_wilder_rsi14_sma5_v1,49.91,44.31,True,True,5.61
5331,5331.T,ノリタケ,2023-03,CONTINUE,3,51.58,57.18,True,True,5.6,2023-01,1050.0,1147.5,1147.5,9.29,1003.45,1004.72,1024.0,True,True,True,False,True,False,False,96707.0,1181.25,-11.11,False,0.96,1.22,1.05,False,3,True,-0.22,1.79,False,False,,tv_wilder_rsi14_sma5_v1,57.18,51.58,True,True,5.6
6961,6961.T,エンプラス,2023-03,NEW,1,58.79,64.38,True,True,5.59,2023-03,4885.0,4885.0,4885.0,0.0,4280.2,4011.8,3954.86,True,True,True,True,True,False,True,49003.0,4980.0,-1.91,False,1.75,3.33,1.11,False,2,True,42.67,10.46,False,False,,tv_wilder_rsi14_sma5_v1,64.38,58.79,True,True,5.59
5233,5233.T,太平洋セメント,2023-03,CONTINUE,10,49.06,54.64,True,False,5.58,2022-06,2025.0,2487.0,2487.0,22.81,1988.56,2001.63,2210.51,True,True,False,False,False,False,False,682137.0,,,,0.81,2.36,0.91,True,4,True,,,,False,,tv_wilder_rsi14_sma5_v1,54.64,49.06,False,True,5.58
4611,4611.T,大日本塗料,2023-03,CONTINUE,6,47.02,52.59,True,False,5.57,2022-10,734.0,847.0,847.0,15.4,719.44,728.4,759.12,True,True,False,False,False,True,False,30927.0,880.0,-16.59,False,1.71,1.66,1.06,False,4,True,-5.82,0.48,False,False,,tv_wilder_rsi14_sma5_v1,52.59,47.02,False,True,5.57
8934,8934.T,サンフロンティア不動産,2023-03,CONTINUE,2,57.03,62.58,True,True,5.55,2023-02,1236.0,1281.0,1281.0,3.64,1148.48,1126.32,1123.21,True,True,True,True,True,True,True,137493.0,1265.0,-2.29,False,1.51,2.14,1.05,False,2,True,8.96,4.4,False,False,,tv_wilder_rsi14_sma5_v1,62.58,57.03,True,True,5.55
2760,2760.T,東京エレクトロン   デバイス,2023-03,CONTINUE,6,66.28,71.76,True,True,5.48,2022-10,2343.33,2923.33,2923.33,24.75,1900.53,1858.71,1814.01,True,True,True,True,True,True,False,235920.0,2630.0,-10.9,False,2.37,2.95,1.22,False,3,True,25.75,7.86,True,False,,tv_wilder_rsi14_sma5_v1,71.76,66.28,True,True,5.48
6361,6361.T,荏原製作所,2023-03,CONTINUE,3,54.6,60.03,True,True,5.43,2023-01,1094.0,1226.0,1226.0,12.07,994.24,998.89,1047.67,True,True,True,False,False,True,False,2062633.0,1390.0,-21.29,False,1.53,2.36,1.24,False,3,True,2.9,7.23,False,False,,tv_wilder_rsi14_sma5_v1,60.03,54.6,True,True,5.43
6481,6481.T,ＴＨＫ,2023-03,CONTINUE,3,50.52,55.87,True,True,5.35,2023-01,2736.0,3055.0,3055.0,11.66,2601.32,2604.31,2645.7,True,True,True,False,False,True,True,531143.0,3040.0,-10.0,False,1.12,1.76,1.03,False,2,True,3.33,2.8,False,False,,tv_wilder_rsi14_sma5_v1,55.87,50.52,True,True,5.35
7818,7818.T,トランザクション,2023-03,CONTINUE,6,62.14,67.46,True,True,5.32,2022-10,566.0,827.0,827.0,46.11,525.64,540.98,526.4,True,True,True,False,False,False,True,104247.0,603.5,-6.21,False,2.08,3.26,1.08,False,2,True,4.15,1.99,True,False,,tv_wilder_rsi14_sma5_v1,67.46,62.14,True,True,5.32
1964,1964.T,中外炉工業,2023-03,CONTINUE,4,51.58,56.88,True,True,5.3,2022-12,1618.0,1852.0,1852.0,14.46,1601.48,1583.28,1612.6,True,True,True,False,True,False,True,12563.0,1825.0,-11.34,False,0.71,1.7,0.96,True,2,True,0.7,1.7,False,False,,tv_wilder_rsi14_sma5_v1,56.88,51.58,True,True,5.3
2753,2753.T,あみやき亭,2023-03,CONTINUE,3,48.25,53.55,True,True,5.3,2023-01,976.33,1016.67,1016.67,4.13,963.87,966.35,971.11,True,True,True,False,False,False,False,52820.0,1021.67,-4.44,False,0.63,0.6,0.99,True,3,True,0.59,1.05,False,False,,tv_wilder_rsi14_sma5_v1,53.55,48.25,True,True,5.3
7296,7296.T,エフ  ･シー  ･シー,2023-03,CONTINUE,3,44.88,50.18,True,True,5.3,2023-01,1444.0,1550.0,1550.0,7.34,1361.28,1390.23,1382.21,True,True,True,False,False,False,True,102507.0,1538.0,-6.11,False,0.83,1.47,1.03,False,2,True,1.61,1.43,False,False,,tv_wilder_rsi14_sma5_v1,50.18,44.88,True,True,5.3
7715,7715.T,長野計器,2023-03,CONTINUE,5,52.91,58.21,True,True,5.3,2022-11,1155.0,1318.0,1318.0,14.11,1117.92,1093.23,1149.9,True,True,True,False,True,False,False,44833.0,1859.0,-37.87,False,0.83,2.39,1.0,True,3,True,-6.47,3.34,False,False,,tv_wilder_rsi14_sma5_v1,58.21,52.91,True,True,5.3
9889,9889.T,ＪＢＣＣホールディングス,2023-03,CONTINUE,2,62.05,67.35,True,True,5.3,2023-02,508.5,542.25,542.25,6.64,484.1,470.23,446.82,True,True,True,True,True,True,True,133413.0,508.75,-0.05,False,1.08,1.92,0.99,True,2,True,18.19,0.53,True,True,MVP,tv_wilder_rsi14_sma5_v1,67.35,62.05,True,True,5.3
3116,3116.T,トヨタ紡織,2023-03,CONTINUE,3,51.16,56.43,True,True,5.28,2023-01,1918.0,2137.0,2137.0,11.42,1816.44,1860.71,1951.32,True,True,False,False,False,False,False,329460.0,2325.0,-17.51,False,0.79,1.99,0.84,True,4,True,-4.09,2.13,False,False,,tv_wilder_rsi14_sma5_v1,56.43,51.16,True,True,5.28
5957,5957.T,日東精工,2023-03,CONTINUE,2,48.85,54.13,True,True,5.28,2023-02,532.0,566.0,566.0,6.39,509.68,508.33,511.38,True,True,True,False,True,False,True,21830.0,565.0,-5.84,False,1.74,1.8,1.14,False,2,True,1.08,1.97,False,False,,tv_wilder_rsi14_sma5_v1,54.13,48.85,True,True,5.28
5232,5232.T,住友大阪セメント,2023-03,CONTINUE,3,50.9,56.17,True,False,5.27,2023-01,3410.0,3730.0,3730.0,9.38,3235.0,3198.93,3346.78,True,True,True,False,True,False,False,121230.0,4275.0,-20.23,False,1.39,1.85,1.16,False,1,True,-1.91,1.59,False,False,,tv_wilder_rsi14_sma5_v1,56.17,50.9,False,True,5.27
9332,9332.T,ＮＩＳＳＯホールディングス,2023-03,CONTINUE,5,45.32,50.58,True,True,5.26,2022-11,598.0,710.0,710.0,18.73,580.84,573.92,631.0,True,True,False,False,True,True,False,129603.0,925.0,-35.35,False,0.76,3.56,0.85,True,4,True,-10.17,2.86,False,False,,tv_wilder_rsi14_sma5_v1,50.58,45.32,True,True,5.26
1417,1417.T,ミライト・ワン,2023-03,CONTINUE,5,43.32,48.55,True,True,5.24,2022-11,1514.0,1649.0,1649.0,8.92,1466.96,1508.47,1674.08,True,True,False,False,True,False,False,239643.0,2070.0,-26.86,False,0.95,1.55,0.89,True,4,True,-13.27,3.46,False,False,,tv_wilder_rsi14_sma5_v1,48.55,43.32,True,True,5.24
6302,6302.T,住友重機械工業,2023-03,CONTINUE,3,51.78,57.01,True,True,5.23,2023-01,2877.0,3240.0,3240.0,12.62,2702.64,2793.0,2875.55,True,True,True,False,False,False,False,407047.0,3320.0,-13.34,False,1.0,1.43,1.04,False,1,True,0.05,2.21,False,False,,tv_wilder_rsi14_sma5_v1,57.01,51.78,True,True,5.23
4097,4097.T,高圧ガス工業,2023-03,CONTINUE,5,46.02,51.23,True,True,5.21,2022-11,648.0,704.0,704.0,8.64,644.2,648.75,660.25,True,False,False,False,True,False,False,35450.0,815.0,-20.49,False,0.8,1.52,0.9,True,4,True,-5.34,1.6,False,False,,tv_wilder_rsi14_sma5_v1,51.23,46.02,True,True,5.21
2726,2726.T,パルグループホールディングス,2023-03,CONTINUE,4,71.3,76.45,True,True,5.15,2022-12,627.25,771.25,771.25,22.96,598.74,577.1,500.38,True,True,True,True,True,True,True,766267.0,623.25,0.64,True,0.92,3.42,1.25,False,2,True,36.19,1.78,False,True,BREAKOUT,tv_wilder_rsi14_sma5_v1,76.45,71.3,True,True,5.15
4933,4933.T,Ｉ－ｎｅ,2023-03,CONTINUE,5,67.49,72.63,True,True,5.14,2022-11,2627.0,3745.0,3745.0,42.56,2408.86,2403.12,1988.86,True,True,True,True,True,True,True,65080.0,2785.0,-5.67,False,1.02,4.99,0.9,True,2,True,32.11,3.0,False,False,,tv_wilder_rsi14_sma5_v1,72.63,67.49,True,True,5.14
6141,6141.T,DMG森精機,2023-03,CONTINUE,3,56.36,61.47,True,True,5.12,2023-01,1970.0,2228.0,2228.0,13.1,1859.2,1797.92,1767.25,True,True,True,True,True,True,True,1008013.0,2023.0,-2.62,False,1.02,2.13,1.01,False,2,True,13.01,3.82,False,False,,tv_wilder_rsi14_sma5_v1,61.47,56.36,True,True,5.12
2222,2222.T,寿スピリッツ,2023-03,CONTINUE,3,60.81,65.92,True,True,5.1,2023-01,1700.0,1874.0,1874.0,10.24,1597.12,1559.31,1502.26,True,True,True,True,True,False,True,726367.0,1728.0,-1.62,False,1.0,3.45,0.84,True,2,True,30.71,8.01,False,False,,tv_wilder_rsi14_sma5_v1,65.92,60.81,True,True,5.1
8242,8242.T,エイチ・ツー・オー   リテイリング,2023-03,CONTINUE,14,66.67,71.76,True,True,5.09,2022-02,860.0,1489.0,1489.0,73.14,834.92,825.97,,True,True,,,True,False,,492783.0,,,,0.83,2.69,1.07,False,1,True,,,,False,,tv_wilder_rsi14_sma5_v1,71.76,66.67,True,True,5.09
3612,3612.T,ワールド,2023-03,CONTINUE,3,47.0,52.08,True,True,5.08,2023-01,675.5,740.5,740.5,9.62,647.46,658.58,669.0,True,True,True,False,True,False,True,154260.0,757.0,-10.77,False,1.25,1.34,0.97,True,1,True,4.56,1.62,True,False,,tv_wilder_rsi14_sma5_v1,52.08,47.0,True,True,5.08
6861,6861.T,キーエンス,2023-03,CONTINUE,3,54.55,59.61,True,True,5.06,2023-01,59280.0,64450.0,64450.0,8.72,55059.2,55231.47,53010.2,True,True,True,False,False,True,True,464727.0,63120.0,-6.08,False,1.0,1.97,0.93,True,2,True,8.34,5.45,False,False,,tv_wilder_rsi14_sma5_v1,59.61,54.55,True,True,5.06
8877,8877.T,エスリード,2023-03,CONTINUE,6,65.99,71.05,True,True,5.06,2022-10,1881.0,2200.0,2200.0,16.96,1742.72,1729.04,1714.88,True,True,True,True,True,True,True,20483.0,1863.0,0.97,True,3.25,1.65,1.13,False,1,True,10.79,3.22,True,True,BOTH,tv_wilder_rsi14_sma5_v1,71.05,65.99,True,True,5.06
1780,1780.T,ヤマウラ,2023-03,CONTINUE,9,66.54,71.58,True,True,5.04,2022-07,958.0,1094.0,1094.0,14.2,952.76,937.59,949.82,True,True,True,False,True,False,True,14487.0,,,,0.8,1.04,0.89,True,2,True,,,,False,,tv_wilder_rsi14_sma5_v1,71.58,66.54,True,True,5.04
4403,4403.T,日油,2023-03,CONTINUE,3,58.63,63.66,True,True,5.03,2023-01,1836.67,2056.67,2056.67,11.98,1773.6,1800.36,1729.47,True,True,True,False,False,True,True,402660.0,1956.67,-6.13,False,0.93,1.65,0.79,True,2,True,8.07,3.55,False,False,,tv_wilder_rsi14_sma5_v1,63.66,58.63,True,True,5.03
8159,8159.T,立花エレテック,2023-03,CONTINUE,8,63.11,68.15,True,True,5.03,2022-08,1630.0,1989.0,1989.0,22.02,1620.0,1567.31,1586.36,True,True,True,False,True,True,True,29117.0,1721.0,-5.29,False,1.32,1.45,0.8,True,2,True,4.59,1.14,False,False,,tv_wilder_rsi14_sma5_v1,68.15,63.11,True,True,5.03
6146,6146.T,ディスコ,2023-03,CONTINUE,6,63.86,68.88,True,True,5.02,2022-10,11900.0,15300.0,15300.0,28.57,11034.67,11100.67,10897.22,True,True,True,False,False,True,False,912280.0,12033.33,-1.11,False,0.88,2.74,0.91,True,3,True,12.14,4.79,False,False,,tv_wilder_rsi14_sma5_v1,68.88,63.86,True,True,5.02
2359,2359.T,コア,2023-03,CONTINUE,6,52.75,57.77,True,True,5.01,2022-10,1478.0,1605.0,1605.0,8.59,1409.6,1454.43,1487.05,True,True,False,False,False,False,False,11860.0,1769.0,-16.45,False,1.87,1.99,0.89,True,4,True,-4.37,1.95,False,False,,tv_wilder_rsi14_sma5_v1,57.77,52.75,True,True,5.01
8065,8065.T,佐藤商事,2023-03,CONTINUE,6,61.45,66.47,True,True,5.01,2022-10,1154.0,1422.0,1422.0,23.22,1156.24,1144.17,1147.39,False,True,True,False,True,True,True,23777.0,1322.0,-12.71,False,1.41,2.03,0.96,True,3,True,1.83,-0.05,False,False,,tv_wilder_rsi14_sma5_v1,66.47,61.45,True,True,5.01
7628,7628.T,オーハシテクニカ,2023-03,CONTINUE,6,54.5,59.49,True,True,4.99,2022-10,719.0,785.5,785.5,9.25,697.64,698.21,671.74,True,True,True,False,False,True,True,49053.0,814.0,-11.67,False,1.01,1.76,0.97,True,2,True,4.13,0.54,False,False,,tv_wilder_rsi14_sma5_v1,59.49,54.5,True,True,4.99
7231,7231.T,トピー工業,2023-03,CONTINUE,11,63.61,68.59,True,True,4.98,2022-05,1330.0,1976.0,1976.0,48.57,1165.04,1096.53,1135.1,True,True,True,False,True,True,,67130.0,,,,0.78,2.92,0.59,True,1,True,,,,False,,tv_wilder_rsi14_sma5_v1,68.59,63.61,True,True,4.98
5602,5602.T,栗本鐵工所,2023-03,CONTINUE,5,61.56,66.5,True,False,4.95,2022-11,359.2,406.6,406.6,13.2,346.58,333.42,324.77,True,True,True,True,True,True,True,131617.0,363.8,-1.26,False,0.72,1.7,0.74,True,2,True,12.02,2.75,False,False,,tv_wilder_rsi14_sma5_v1,66.5,61.56,False,True,4.95
6981,6981.T,村田製作所,2023-03,CONTINUE,3,47.88,52.79,True,True,4.91,2023-01,2464.67,2680.0,2680.0,8.74,2363.55,2410.08,2516.4,True,True,False,False,False,True,False,6171350.0,2981.33,-17.33,False,0.78,2.2,0.94,True,4,True,-3.81,2.96,False,False,,tv_wilder_rsi14_sma5_v1,52.79,47.88,True,True,4.91
7734,7734.T,理研計器,2023-03,CONTINUE,3,59.87,64.74,True,True,4.88,2023-01,2302.5,2840.0,2840.0,23.34,2204.9,2234.13,2118.25,True,True,True,False,False,True,False,52853.0,2855.0,-19.35,False,0.98,2.43,0.83,True,3,True,5.8,2.55,False,False,,tv_wilder_rsi14_sma5_v1,64.74,59.87,True,True,4.88
6788,6788.T,日本トリム,2023-03,CONTINUE,5,44.34,49.2,True,True,4.87,2022-11,2462.0,3030.0,3030.0,23.07,2383.76,2377.25,2467.39,True,True,False,False,True,False,False,23027.0,3615.0,-31.89,False,1.57,1.71,0.97,True,4,True,-5.7,2.74,False,False,,tv_wilder_rsi14_sma5_v1,49.2,44.34,True,True,4.87
4228,4228.T,積水化成品工業,2023-03,CONTINUE,3,32.53,37.39,True,True,4.86,2023-01,389.0,417.0,417.0,7.2,383.44,386.37,401.87,True,True,False,False,False,False,False,63583.0,476.0,-18.28,False,1.09,1.01,0.91,True,4,False,-5.44,1.81,True,False,,tv_wilder_rsi14_sma5_v1,37.39,32.53,True,True,4.86
5901,5901.T,東洋製罐グループホールディングス,2023-03,CONTINUE,2,58.61,63.46,True,True,4.85,2023-02,1771.0,1826.0,1826.0,3.11,1685.32,1624.49,1586.75,True,True,True,True,True,False,True,486563.0,1837.0,-3.59,False,0.96,1.78,0.95,True,2,True,13.39,1.49,False,False,,tv_wilder_rsi14_sma5_v1,63.46,58.61,True,True,4.85
4661,4661.T,オリエンタルランド,2023-03,CONTINUE,3,59.14,63.94,True,True,4.8,2023-01,4316.0,4528.0,4528.0,4.91,3925.16,3918.75,3935.91,True,True,True,False,True,False,False,4728950.0,4970.0,-13.16,False,1.48,2.12,1.34,False,3,True,10.08,6.48,True,False,,tv_wilder_rsi14_sma5_v1,63.94,59.14,True,True,4.8
4776,4776.T,サイボウズ,2023-03,CONTINUE,9,62.8,67.59,True,True,4.78,2022-07,1141.0,2936.0,2936.0,157.32,1051.28,1102.12,1562.73,True,True,False,False,True,False,False,333580.0,,,,0.89,3.47,0.88,True,4,True,,,,False,,tv_wilder_rsi14_sma5_v1,67.59,62.8,True,True,4.78
8133,8133.T,伊藤忠エネクス,2023-03,CONTINUE,4,58.53,63.31,True,True,4.78,2022-12,1050.0,1129.0,1129.0,7.52,1019.28,1029.79,1047.12,True,True,True,False,False,False,False,109093.0,1117.0,-6.0,False,1.02,1.05,1.05,False,3,True,2.36,2.35,False,False,,tv_wilder_rsi14_sma5_v1,63.31,58.53,True,True,4.78
6273,6273.T,ＳＭＣ,2023-03,CONTINUE,3,51.78,56.55,True,True,4.77,2023-01,65350.0,69830.0,69830.0,6.86,60346.8,61113.87,63125.15,True,True,True,False,False,False,False,188930.0,72150.0,-9.42,False,1.06,1.98,0.98,True,3,True,4.17,7.09,False,False,,tv_wilder_rsi14_sma5_v1,56.55,51.78,True,True,4.77
2301,2301.T,学情,2023-03,NEW,1,58.04,62.79,True,True,4.74,2023-03,1645.0,1645.0,1645.0,0.0,1516.76,1425.99,1302.66,True,True,True,True,True,True,True,51863.0,1648.0,-0.18,False,1.15,3.85,1.05,False,2,True,41.17,6.95,False,False,,tv_wilder_rsi14_sma5_v1,62.79,58.04,True,True,4.74
6498,6498.T,キッツ,2023-03,CONTINUE,2,59.35,64.08,False,True,4.73,2023-02,885.0,928.0,928.0,4.86,833.92,821.96,775.18,True,True,True,True,True,False,True,160873.0,916.0,-3.38,False,1.09,2.26,1.35,False,2,True,14.91,2.3,True,True,MVP,tv_wilder_rsi14_sma5_v1,64.08,59.35,True,False,4.73
7504,7504.T,高速,2023-03,CONTINUE,8,64.06,68.79,True,True,4.73,2022-08,1542.0,2011.0,2011.0,30.42,1512.68,1521.65,1535.86,True,True,True,False,True,True,False,13553.0,1703.0,-9.45,False,0.63,1.33,1.11,False,3,False,-1.54,-0.3,False,False,,tv_wilder_rsi14_sma5_v1,68.79,64.06,True,True,4.73
6420,6420.T,ガリレイ,2023-03,CONTINUE,9,56.08,60.8,True,True,4.72,2022-07,1825.0,2387.5,2387.5,30.82,1755.3,1755.57,2008.35,True,True,False,False,True,False,False,46880.0,,,,0.93,1.93,0.85,True,4,True,,,,False,,tv_wilder_rsi14_sma5_v1,60.8,56.08,True,True,4.72
6134,6134.T,ＦＵＪＩ,2023-03,CONTINUE,3,46.63,51.32,True,True,4.69,2023-01,2151.0,2234.0,2234.0,3.86,2021.36,2023.53,2050.14,True,True,True,False,False,True,False,334017.0,2680.0,-19.74,False,0.69,1.69,1.06,False,3,True,1.8,3.53,False,False,,tv_wilder_rsi14_sma5_v1,51.32,46.63,True,True,4.69
4768,4768.T,大塚商会,2023-03,CONTINUE,2,45.75,50.37,True,True,4.62,2023-02,2295.0,2342.5,2342.5,2.07,2243.6,2193.73,2173.56,True,True,True,True,True,False,True,864633.0,2462.5,-6.8,False,1.01,1.53,0.73,True,2,True,3.79,1.7,False,False,,tv_wilder_rsi14_sma5_v1,50.37,45.75,True,True,4.62
4205,4205.T,日本ゼオン,2023-03,NEW,1,49.1,53.72,True,True,4.61,2023-03,1399.0,1399.0,1399.0,0.0,1343.76,1311.0,1334.59,True,True,True,False,True,True,False,588037.0,1471.0,-4.89,False,0.92,2.24,0.86,True,3,True,5.39,2.83,False,False,,tv_wilder_rsi14_sma5_v1,53.72,49.1,True,True,4.61
5301,5301.T,東海カーボン,2023-03,CONTINUE,5,49.44,54.05,True,False,4.61,2022-11,1047.0,1260.0,1260.0,20.34,1030.84,1012.93,1057.29,True,True,False,False,True,True,False,1934293.0,1329.0,-21.22,False,0.96,2.54,1.0,True,4,True,-4.72,2.4,False,False,,tv_wilder_rsi14_sma5_v1,54.05,49.44,False,True,4.61
9697,9697.T,カプコン,2023-03,CONTINUE,6,71.45,76.06,True,True,4.61,2022-10,2072.5,2367.5,2367.5,14.23,1878.2,1860.8,1660.48,True,True,True,True,True,True,True,2062593.0,2150.0,-3.6,False,1.82,2.98,1.01,False,2,True,28.31,4.92,False,False,,tv_wilder_rsi14_sma5_v1,76.06,71.45,True,True,4.61
1887,1887.T,日本国土開発,2023-03,NEW,1,49.4,54.0,True,True,4.6,2023-03,604.0,604.0,604.0,0.0,586.16,564.8,575.5,True,True,True,False,True,True,True,143317.0,644.0,-6.21,False,0.86,1.97,0.84,True,2,True,8.01,0.93,False,False,,tv_wilder_rsi14_sma5_v1,54.0,49.4,True,True,4.6
3086,3086.T,Ｊ．フロントリテイリング,2023-03,CONTINUE,4,58.89,63.48,True,True,4.6,2022-12,1201.0,1322.0,1322.0,10.07,1159.16,1171.44,1097.28,True,True,True,False,True,True,True,1587863.0,1256.0,-4.38,False,1.76,2.91,1.27,False,2,True,10.35,1.17,False,False,,tv_wilder_rsi14_sma5_v1,63.48,58.89,True,True,4.6
6995,6995.T,東海理化電機製作所,2023-03,CONTINUE,3,48.43,53.03,True,True,4.59,2023-01,1502.0,1627.0,1627.0,8.32,1424.64,1481.48,1468.86,True,True,True,False,False,False,False,119920.0,1656.0,-9.3,False,0.91,1.55,0.97,True,3,True,-0.16,1.18,True,False,,tv_wilder_rsi14_sma5_v1,53.03,48.43,True,True,4.59
6849,6849.T,日本光電工業,2023-03,CONTINUE,9,53.11,57.66,True,True,4.55,2022-07,1485.0,1795.0,1795.0,20.88,1470.58,1501.28,1577.82,True,False,False,False,False,False,False,517467.0,,,,0.7,2.09,1.01,False,4,True,,,,False,,tv_wilder_rsi14_sma5_v1,57.66,53.11,True,True,4.55
9468,9468.T,ＫＡＤＯＫＡＷＡ,2023-03,CONTINUE,2,52.44,56.99,True,True,4.55,2023-02,2715.0,2818.0,2818.0,3.79,2571.24,2513.44,2757.55,True,True,False,False,True,False,False,481523.0,3370.0,-19.44,False,1.06,2.19,0.89,True,4,True,-0.66,4.48,False,False,,tv_wilder_rsi14_sma5_v1,56.99,52.44,True,True,4.55
2587,2587.T,サントリービバレッジ＆フード,2023-03,CONTINUE,2,50.93,55.48,False,True,4.54,2023-02,4780.0,4935.0,4935.0,3.24,4544.2,4549.0,4867.27,True,True,False,False,True,False,False,691167.0,5350.0,-10.65,False,0.93,1.94,1.14,False,4,True,-1.21,4.36,False,False,,tv_wilder_rsi14_sma5_v1,55.48,50.93,True,False,4.54
8283,8283.T,ＰＡＬＴＡＣ,2023-03,CONTINUE,7,49.66,54.2,True,True,4.54,2022-09,4455.0,5020.0,5020.0,12.68,4154.8,4203.53,4387.35,True,True,True,False,False,False,False,62667.0,5320.0,-16.26,False,1.8,1.99,1.08,False,3,True,-2.42,2.81,True,False,,tv_wilder_rsi14_sma5_v1,54.2,49.66,True,True,4.54
4183,4183.T,三井化学,2023-03,CONTINUE,5,52.82,57.35,True,True,4.53,2022-11,1550.0,1705.0,1705.0,10.0,1485.56,1482.65,1482.75,True,True,True,False,True,True,False,1792840.0,1740.0,-10.92,False,0.86,1.79,0.72,True,1,True,0.39,1.95,True,False,,tv_wilder_rsi14_sma5_v1,57.35,52.82,True,True,4.53
6458,6458.T,新晃工業,2023-03,CONTINUE,3,44.32,48.84,True,True,4.53,2023-01,521.33,551.33,551.33,5.75,492.79,503.42,521.35,True,True,False,False,True,False,False,98430.0,633.0,-17.64,False,0.64,1.21,0.97,True,4,True,-5.0,3.22,False,False,,tv_wilder_rsi14_sma5_v1,48.84,44.32,True,True,4.53
7723,7723.T,愛知時計電機,2023-03,CONTINUE,3,46.95,51.46,True,False,4.52,2023-01,1366.0,1496.0,1496.0,9.52,1344.0,1344.92,1410.22,True,True,False,False,True,False,False,8820.0,1993.0,-31.46,False,1.05,1.52,1.1,False,4,True,-8.99,-0.19,False,False,,tv_wilder_rsi14_sma5_v1,51.46,46.95,False,True,4.52
6258,6258.T,平田機工,2023-03,CONTINUE,6,53.73,58.24,True,True,4.51,2022-10,1453.33,2283.33,2283.33,57.11,1403.67,1492.62,1601.65,True,False,False,False,False,False,False,65890.0,2386.67,-39.11,False,1.28,2.41,1.01,False,4,True,-18.52,0.11,False,False,,tv_wilder_rsi14_sma5_v1,58.24,53.73,True,True,4.51
8358,8358.T,スルガ銀行,2023-03,CONTINUE,8,50.14,54.64,True,True,4.51,2022-08,376.0,464.0,464.0,23.4,376.48,368.67,425.57,False,True,False,False,True,False,False,579573.0,543.0,-30.76,False,1.15,2.17,1.05,False,4,True,-4.08,2.58,False,False,,tv_wilder_rsi14_sma5_v1,54.64,50.14,True,True,4.51
1928,1928.T,積水ハウス,2023-03,CONTINUE,2,58.76,63.25,True,True,4.49,2023-02,2579.5,2698.0,2698.0,4.59,2501.4,2457.65,2404.92,True,True,True,True,True,True,True,2397907.0,2594.5,-0.58,False,0.77,1.14,1.0,True,2,True,6.31,0.9,False,False,,tv_wilder_rsi14_sma5_v1,63.25,58.76,True,True,4.49
4043,4043.T,トクヤマ,2023-03,CONTINUE,5,48.41,52.9,True,False,4.49,2022-11,1913.0,2105.0,2105.0,10.04,1799.96,1810.39,1769.32,True,True,True,False,True,True,False,358733.0,1979.0,-3.34,False,1.08,1.43,0.93,True,1,True,4.65,3.24,False,False,,tv_wilder_rsi14_sma5_v1,52.9,48.41,False,True,4.49
4218,4218.T,ニチバン,2023-03,CONTINUE,6,55.05,59.52,True,True,4.48,2022-10,1699.0,1923.0,1923.0,13.18,1642.64,1636.44,1677.26,True,True,True,False,True,True,False,30230.0,2010.0,-15.47,False,1.34,1.48,0.93,True,3,True,-1.6,1.98,False,False,,tv_wilder_rsi14_sma5_v1,59.52,55.05,True,True,4.48
3539,3539.T,ＪＭホールディングス,2023-03,CONTINUE,9,48.3,52.76,True,True,4.46,2022-07,804.0,969.5,969.5,20.58,810.92,799.09,848.04,False,True,False,False,True,False,False,210513.0,,,,2.09,1.69,1.02,False,4,False,,,,False,,tv_wilder_rsi14_sma5_v1,52.76,48.3,True,True,4.46
4956,4956.T,コニシ,2023-03,CONTINUE,6,58.01,62.46,True,True,4.45,2022-10,869.5,957.5,957.5,10.12,824.16,809.33,792.97,True,True,True,True,True,True,False,89927.0,910.0,-4.45,False,1.5,1.89,0.92,True,3,True,6.2,2.81,False,False,,tv_wilder_rsi14_sma5_v1,62.46,58.01,True,True,4.45
4396,4396.T,システムサポートホールディングス,2023-03,CONTINUE,3,59.99,64.43,True,True,4.44,2023-01,809.0,880.5,880.5,8.84,719.08,719.01,658.8,True,True,True,True,False,True,True,60840.0,791.0,2.28,True,1.63,2.68,0.88,True,2,True,35.58,8.56,True,True,BOTH,tv_wilder_rsi14_sma5_v1,64.43,59.99,True,True,4.44
4665,4665.T,ダスキン,2023-03,CONTINUE,5,60.35,64.79,True,True,4.44,2022-11,2953.0,3190.0,3190.0,8.03,2915.32,2879.55,2826.87,True,True,True,True,True,False,True,83583.0,3070.0,-3.81,False,1.3,1.11,1.02,False,2,True,6.04,2.22,False,False,,tv_wilder_rsi14_sma5_v1,64.79,60.35,True,True,4.44
8113,8113.T,ユニ・チャーム,2023-03,CONTINUE,5,59.66,64.09,True,True,4.43,2022-11,1694.33,1813.67,1813.67,7.04,1614.79,1593.8,1522.12,True,True,True,True,True,True,True,3971510.0,1743.33,-2.81,False,0.92,1.78,0.68,True,2,True,9.72,4.31,False,False,,tv_wilder_rsi14_sma5_v1,64.09,59.66,True,True,4.43
8273,8273.T,イズミ,2023-03,CONTINUE,2,40.75,45.17,True,True,4.42,2023-02,992.0,1048.33,1048.33,5.68,975.08,984.04,995.83,True,True,False,False,True,False,True,549540.0,1118.33,-11.3,False,2.35,1.49,1.16,False,1,True,-2.32,0.55,False,False,,tv_wilder_rsi14_sma5_v1,45.17,40.75,True,True,4.42
7242,7242.T,カヤバ,2023-03,CONTINUE,6,59.97,64.38,True,True,4.41,2022-10,1627.5,2010.0,2010.0,23.5,1592.9,1609.0,1532.87,True,True,True,False,False,True,True,166387.0,1795.0,-9.33,False,1.08,2.13,1.03,False,2,False,7.23,-1.02,False,False,,tv_wilder_rsi14_sma5_v1,64.38,59.97,True,True,4.41
3457,3457.T,ＡｎｄＤｏホールディングス,2023-03,CONTINUE,3,43.67,48.07,True,True,4.4,2023-01,835.0,915.0,915.0,9.58,799.76,833.77,857.14,True,True,False,False,False,False,False,49843.0,998.0,-16.33,False,0.46,1.15,0.89,True,4,True,-2.68,3.51,False,False,,tv_wilder_rsi14_sma5_v1,48.07,43.67,True,True,4.4
4826,4826.T,ＣＩＪ,2023-03,CONTINUE,8,68.88,73.28,True,True,4.4,2022-08,259.67,362.67,362.67,39.67,260.45,255.75,245.99,False,True,True,True,True,True,True,47150.0,283.67,-8.46,False,0.63,1.66,0.99,True,2,False,6.59,-1.24,False,False,,tv_wilder_rsi14_sma5_v1,73.28,68.88,True,True,4.4
9303,9303.T,住友倉庫,2023-03,CONTINUE,2,58.5,62.9,True,True,4.4,2023-02,2131.0,2175.0,2175.0,2.06,2041.72,1995.59,2051.45,True,True,True,False,True,True,False,292437.0,2412.0,-11.65,False,1.01,1.08,0.92,True,1,True,0.35,1.69,False,False,,tv_wilder_rsi14_sma5_v1,62.9,58.5,True,True,4.4
4536,4536.T,参天製薬,2023-03,CONTINUE,6,38.28,42.66,True,True,4.39,2022-10,1018.0,1130.0,1130.0,11.0,985.28,1018.89,1113.57,True,False,False,False,False,False,False,1531757.0,1680.0,-39.4,False,0.99,1.89,1.09,False,4,True,-14.7,2.16,True,False,,tv_wilder_rsi14_sma5_v1,42.66,38.28,True,True,4.39
7246,7246.T,プレス工業,2023-03,CONTINUE,3,60.82,65.18,True,True,4.36,2023-01,450.0,498.0,498.0,10.67,423.4,422.12,414.12,True,True,True,True,False,True,True,274247.0,456.0,-1.32,False,1.14,1.46,0.98,True,2,True,11.95,2.15,True,False,,tv_wilder_rsi14_sma5_v1,65.18,60.82,True,True,4.36
6810,6810.T,マクセル,2023-03,CONTINUE,3,54.94,59.29,True,True,4.35,2023-01,1413.0,1539.0,1539.0,8.92,1381.88,1370.11,1350.54,True,True,True,True,False,False,True,157530.0,1505.0,-6.11,False,1.02,2.54,1.22,False,2,True,6.72,2.8,True,False,,tv_wilder_rsi14_sma5_v1,59.29,54.94,True,True,4.35
2685,2685.T,アンドエスティＨＤ,2023-03,CONTINUE,4,55.46,59.78,True,True,4.32,2022-12,2345.0,2443.0,2443.0,4.18,1998.08,2051.73,2038.29,True,True,True,False,False,False,True,493633.0,2326.0,0.82,True,3.23,2.5,1.35,False,2,True,17.06,2.61,True,False,,tv_wilder_rsi14_sma5_v1,59.78,55.46,True,True,4.32
3865,3865.T,北越コーポレーション,2023-03,CONTINUE,3,65.99,70.31,True,True,4.32,2023-01,834.0,887.0,887.0,6.35,797.16,790.6,733.34,True,True,True,True,True,True,True,193357.0,865.0,-3.58,False,0.86,1.88,1.01,False,2,True,15.09,3.08,False,False,,tv_wilder_rsi14_sma5_v1,70.31,65.99,True,True,4.32
6058,6058.T,ベクトル,2023-03,CONTINUE,5,56.86,61.17,True,True,4.31,2022-11,1281.0,1521.0,1521.0,18.74,1150.8,1145.28,1128.44,True,True,True,True,True,False,True,450157.0,1388.0,-7.71,False,1.54,3.75,1.08,False,2,True,9.42,7.66,False,False,,tv_wilder_rsi14_sma5_v1,61.17,56.86,True,True,4.31
9902,9902.T,日伝,2023-03,CONTINUE,3,42.34,46.64,True,True,4.3,2023-01,1796.0,1903.0,1903.0,5.96,1730.32,1713.6,1854.21,True,True,False,False,True,False,False,22097.0,2327.0,-22.82,False,1.02,0.97,0.97,True,4,True,-7.43,2.46,False,False,,tv_wilder_rsi14_sma5_v1,46.64,42.34,True,True,4.3
6645,6645.T,オムロン,2023-03,CONTINUE,3,45.48,49.77,True,True,4.29,2023-01,7460.0,7707.0,7707.0,3.31,6741.04,6882.41,7112.82,True,True,True,False,False,False,False,802753.0,9888.0,-24.56,False,1.33,1.92,1.17,False,3,True,-2.39,5.51,True,False,,tv_wilder_rsi14_sma5_v1,49.77,45.48,True,True,4.29
5981,5981.T,東京製綱,2023-03,CONTINUE,3,53.77,58.05,True,False,4.28,2023-01,1042.0,1168.0,1168.0,12.09,920.76,893.24,914.14,True,True,True,False,True,True,True,146713.0,1090.0,-4.4,False,1.71,3.24,1.42,False,2,True,17.06,9.86,False,False,,tv_wilder_rsi14_sma5_v1,58.05,53.77,False,True,4.28
7717,7717.T,ブイ・テクノロジー,2023-03,NEW,1,35.67,39.95,True,True,4.28,2023-03,2806.0,2806.0,2806.0,0.0,2494.76,2570.52,2738.38,True,True,True,False,False,False,False,83493.0,3485.0,-19.48,False,2.97,2.85,1.27,False,3,True,3.02,7.16,False,False,,tv_wilder_rsi14_sma5_v1,39.95,35.67,True,True,4.28
6368,6368.T,オルガノ,2023-03,CONTINUE,6,70.38,74.63,True,True,4.25,2022-10,2575.0,3605.0,3605.0,40.0,2209.98,2265.79,2254.41,True,True,True,False,False,True,True,283133.0,2660.0,-3.2,False,2.92,3.77,1.18,False,2,True,21.13,8.91,False,False,,tv_wilder_rsi14_sma5_v1,74.63,70.38,True,True,4.25
7261,7261.T,マツダ,2023-03,CONTINUE,3,55.96,60.2,True,False,4.23,2023-01,1042.0,1225.0,1225.0,17.56,992.56,1019.81,1064.64,True,True,False,False,False,False,True,4471043.0,1270.0,-17.95,False,0.76,2.65,0.99,True,1,True,5.31,0.49,False,False,,tv_wilder_rsi14_sma5_v1,60.2,55.96,False,True,4.23
1870,1870.T,矢作建設工業,2023-03,CONTINUE,4,51.48,55.69,True,False,4.21,2022-12,754.0,826.0,826.0,9.55,752.4,746.05,771.26,True,True,False,False,True,False,False,27763.0,836.0,-9.81,False,0.53,1.88,1.08,False,4,True,-1.54,-0.39,False,False,,tv_wilder_rsi14_sma5_v1,55.69,51.48,False,True,4.21
4362,4362.T,日本精化,2023-03,CONTINUE,6,65.9,70.1,True,True,4.21,2022-10,2088.0,2616.0,2616.0,25.29,1951.52,1960.08,2037.73,True,True,True,False,True,True,False,41497.0,2496.0,-16.35,False,2.37,2.75,1.06,False,3,True,-1.41,2.27,True,False,,tv_wilder_rsi14_sma5_v1,70.1,65.9,True,True,4.21
6745,6745.T,ホーチキ,2023-03,CONTINUE,6,59.63,63.84,True,True,4.21,2022-10,475.0,516.0,516.0,8.63,463.07,449.43,424.42,True,True,True,True,True,True,True,80550.0,491.33,-3.32,False,1.19,2.14,0.94,True,2,True,14.03,3.1,False,False,,tv_wilder_rsi14_sma5_v1,63.84,59.63,True,True,4.21
3002,3002.T,グンゼ,2023-03,CONTINUE,5,55.89,60.1,True,True,4.2,2022-11,1990.0,2242.5,2242.5,12.69,1910.1,1929.37,1901.3,True,True,True,False,False,False,False,103100.0,2107.5,-5.58,False,1.21,1.38,0.87,True,3,True,2.64,2.87,False,False,,tv_wilder_rsi14_sma5_v1,60.1,55.89,True,True,4.2
6966,6966.T,三井ハイテック,2023-03,NEW,1,50.82,55.02,True,True,4.2,2023-03,1672.0,1672.0,1672.0,0.0,1496.96,1398.48,1560.62,True,True,True,False,True,False,False,2093033.0,2576.0,-35.09,False,0.89,3.98,1.0,False,3,True,14.02,12.33,False,False,,tv_wilder_rsi14_sma5_v1,55.02,50.82,True,True,4.2
7820,7820.T,ニホンフラッシュ,2023-03,CONTINUE,3,40.69,44.89,True,True,4.2,2023-01,925.0,977.0,977.0,5.62,885.72,924.92,942.19,True,True,False,False,False,False,False,37740.0,1137.0,-18.65,False,0.7,1.05,0.83,True,1,True,-5.36,2.23,False,False,,tv_wilder_rsi14_sma5_v1,44.89,40.69,True,True,4.2
7856,7856.T,萩原工業,2023-03,CONTINUE,5,46.1,50.29,True,True,4.2,2022-11,1063.0,1252.0,1252.0,17.78,1035.36,1063.61,1100.73,True,False,False,False,False,False,False,134250.0,1481.0,-28.22,False,0.45,1.08,0.82,True,4,True,-11.23,1.11,False,False,,tv_wilder_rsi14_sma5_v1,50.29,46.1,True,True,4.2
6113,6113.T,アマダ,2023-03,CONTINUE,3,53.99,58.17,True,False,4.18,2023-01,1162.0,1238.0,1238.0,6.54,1077.96,1070.01,1050.24,True,True,True,True,True,True,True,1063057.0,1168.0,-0.51,False,0.95,1.81,1.23,False,2,True,9.88,4.42,False,False,,tv_wilder_rsi14_sma5_v1,58.17,53.99,False,True,4.18
5959,5959.T,岡部,2023-03,CONTINUE,8,52.53,56.7,True,True,4.17,2022-08,659.0,768.0,768.0,16.54,640.72,627.93,674.01,True,True,False,False,True,False,False,79570.0,765.0,-13.86,False,0.73,1.08,1.06,False,4,True,-0.84,2.15,False,False,,tv_wilder_rsi14_sma5_v1,56.7,52.53,True,True,4.17
4188,4188.T,三菱ケミカルグループ,2023-03,CONTINUE,5,47.22,51.38,True,False,4.16,2022-11,729.2,785.7,785.7,7.75,702.19,706.28,751.6,True,True,False,False,True,False,False,5866990.0,966.0,-24.51,False,0.91,1.66,0.82,True,4,True,-8.02,2.82,False,False,,tv_wilder_rsi14_sma5_v1,51.38,47.22,False,True,4.16
6332,6332.T,月島ホールディングス,2023-03,CONTINUE,6,46.69,50.82,True,False,4.13,2022-10,1009.0,1088.0,1088.0,7.83,918.32,908.45,963.58,True,True,True,False,True,True,False,133377.0,1196.0,-15.64,False,2.27,2.09,1.13,False,3,True,0.9,4.41,False,False,,tv_wilder_rsi14_sma5_v1,50.82,46.69,False,True,4.13
8848,8848.T,レオパレス２１,2023-03,CONTINUE,3,57.87,62.01,True,True,4.13,2023-01,321.0,357.0,357.0,11.21,303.48,301.08,285.33,True,True,True,True,True,False,True,2716693.0,385.0,-16.62,False,1.07,3.0,0.97,True,2,True,37.41,7.52,False,False,,tv_wilder_rsi14_sma5_v1,62.01,57.87,True,True,4.13
2533,2533.T,オエノンホールディングス,2023-03,CONTINUE,2,33.12,37.25,True,True,4.12,2023-02,266.0,275.0,275.0,3.38,260.16,264.71,281.72,True,True,False,False,True,False,False,55217.0,357.0,-25.49,False,0.99,2.26,1.08,False,4,True,-11.91,1.05,False,False,,tv_wilder_rsi14_sma5_v1,37.25,33.12,True,True,4.12
5021,5021.T,コスモエネルギーホールディングス,2023-03,CONTINUE,2,63.92,68.01,True,True,4.1,2023-02,2047.5,2142.5,2142.5,4.64,1878.0,1863.83,1883.1,True,True,True,False,True,False,True,766433.0,2152.5,-4.88,False,1.1,2.69,1.12,False,2,True,19.01,4.04,False,False,,tv_wilder_rsi14_sma5_v1,68.01,63.92,True,True,4.1
2325,2325.T,ＮＪＳ,2023-03,CONTINUE,3,60.5,64.6,True,True,4.09,2023-01,2179.0,2249.0,2249.0,3.21,2084.88,2056.33,2020.76,True,True,True,True,True,True,True,4857.0,2230.0,-2.29,False,1.95,1.3,1.38,False,1,True,8.63,2.24,False,False,,tv_wilder_rsi14_sma5_v1,64.6,60.5,True,True,4.09
4051,4051.T,GMOフィナンシャルゲート,2023-03,CONTINUE,6,54.84,58.92,True,True,4.09,2022-10,6970.0,9970.0,9970.0,43.04,6581.0,7138.93,7163.62,True,False,False,False,False,True,False,59273.0,19350.0,-63.98,False,0.95,3.48,0.98,True,4,True,-11.66,5.31,False,False,,tv_wilder_rsi14_sma5_v1,58.92,54.84,True,True,4.09
5802,5802.T,住友電気工業,2023-03,CONTINUE,3,55.94,60.02,True,True,4.09,2023-01,388.62,424.25,424.25,9.17,376.18,386.46,378.8,True,True,True,False,False,False,True,6798680.0,413.75,-6.07,False,1.11,1.48,0.9,True,2,True,2.73,1.08,True,False,,tv_wilder_rsi14_sma5_v1,60.02,55.94,True,True,4.09
7981,7981.T,タカラスタンダード,2023-03,CONTINUE,5,49.37,53.46,True,True,4.09,2022-11,1324.0,1469.0,1469.0,10.95,1280.08,1306.36,1300.23,True,True,True,False,False,False,False,91263.0,1498.0,-11.62,False,0.98,1.14,0.87,True,3,True,-0.61,3.43,False,False,,tv_wilder_rsi14_sma5_v1,53.46,49.37,True,True,4.09
1885,1885.T,東亜建設工業,2023-03,CONTINUE,3,55.22,59.27,True,False,4.06,2023-01,628.25,663.5,663.5,5.61,595.69,587.57,614.01,True,True,True,False,True,False,False,159227.0,743.0,-15.44,False,0.82,1.66,1.1,False,3,True,-0.37,2.51,False,False,,tv_wilder_rsi14_sma5_v1,59.27,55.22,False,True,4.06
8129,8129.T,東邦ホールディングス,2023-03,CONTINUE,6,56.24,60.3,True,True,4.05,2022-10,2022.0,2350.0,2350.0,16.22,1974.6,1947.33,1939.14,True,True,True,True,True,False,True,227267.0,2182.0,-7.33,False,1.78,1.4,0.84,True,2,True,3.4,-0.09,False,False,,tv_wilder_rsi14_sma5_v1,60.3,56.24,True,True,4.05
5142,5142.T,アキレス,2023-03,CONTINUE,2,43.74,47.76,True,True,4.02,2023-02,1347.0,1355.0,1355.0,0.59,1259.68,1282.45,1330.58,True,True,True,False,True,False,False,21440.0,1432.0,-5.94,False,3.52,1.79,1.28,False,3,True,-0.9,1.67,True,False,,tv_wilder_rsi14_sma5_v1,47.76,43.74,True,True,4.02
3176,3176.T,三洋貿易,2023-03,CONTINUE,9,57.51,61.5,True,True,3.99,2022-07,504.5,606.0,606.0,20.12,497.14,487.31,502.03,True,True,True,False,True,True,False,69953.0,,,,1.18,1.27,0.94,True,3,True,,,,False,,tv_wilder_rsi14_sma5_v1,61.5,57.51,True,True,3.99
3154,3154.T,メディアスホールディングス,2023-03,CONTINUE,3,44.06,48.04,True,True,3.98,2023-01,747.0,819.0,819.0,9.64,707.52,716.16,838.23,True,True,False,False,False,True,False,13700.0,1097.0,-31.91,False,1.05,2.39,1.05,False,4,True,-8.89,3.99,False,False,,tv_wilder_rsi14_sma5_v1,48.04,44.06,True,True,3.98
9418,9418.T,Ｕ－ＮＥＸＴＨＯＬＤＩＮＧＳ,2023-03,CONTINUE,2,54.01,57.99,True,True,3.98,2023-02,834.67,853.67,853.67,2.28,777.81,747.01,709.33,True,True,True,True,True,True,True,1395420.0,909.67,-8.24,False,1.86,3.53,1.38,False,2,True,12.06,5.0,False,False,,tv_wilder_rsi14_sma5_v1,57.99,54.01,True,True,3.98
3276,3276.T,ＪＰＭＣ,2023-03,NEW,1,43.7,47.66,True,True,3.97,2023-03,1057.0,1057.0,1057.0,0.0,1028.24,1014.43,1015.22,True,True,True,False,True,True,True,28563.0,1068.0,-1.03,False,0.87,1.66,1.17,False,1,True,3.55,2.02,False,False,,tv_wilder_rsi14_sma5_v1,47.66,43.7,True,True,3.97
6104,6104.T,芝浦機械,2023-03,CONTINUE,3,50.99,54.94,True,False,3.95,2023-01,2831.0,3150.0,3150.0,11.27,2694.4,2720.64,2860.38,True,True,False,False,True,False,False,164620.0,3785.0,-25.2,False,0.98,1.68,0.83,True,4,True,-6.78,2.82,True,False,,tv_wilder_rsi14_sma5_v1,54.94,50.99,False,True,3.95
5393,5393.T,ニチアス,2023-03,CONTINUE,5,51.98,55.92,True,False,3.94,2022-11,806.0,887.0,887.0,10.05,786.28,783.71,788.69,True,True,True,False,True,True,False,473780.0,942.0,-14.44,False,0.66,1.43,0.74,True,3,True,-1.78,1.91,False,False,,tv_wilder_rsi14_sma5_v1,55.92,51.98,False,True,3.94
6358,6358.T,酒井重工業,2023-03,CONTINUE,5,68.07,72.01,True,True,3.94,2022-11,1762.5,2005.0,2005.0,13.76,1623.28,1536.66,1520.73,True,True,True,True,True,True,True,35147.0,1805.0,-2.35,False,0.9,2.66,0.84,True,1,True,19.28,4.69,False,False,,tv_wilder_rsi14_sma5_v1,72.01,68.07,True,True,3.94
3765,3765.T,ｶﾞﾝﾎｰ･ｵﾝﾗｲﾝ･ｴﾝﾀｰﾃｲﾒﾝﾄ,2023-03,CONTINUE,3,47.97,51.89,True,False,3.93,2023-01,2158.0,2422.0,2422.0,12.23,2130.28,2138.8,2320.45,True,True,False,False,True,False,False,175750.0,2862.0,-24.6,False,0.86,1.66,0.92,True,4,True,-9.14,2.08,False,False,,tv_wilder_rsi14_sma5_v1,51.89,47.97,False,True,3.93
7762,7762.T,シチズン時計,2023-03,CONTINUE,2,67.43,71.34,True,False,3.92,2023-02,825.0,778.0,778.0,-5.7,689.2,621.37,597.83,True,True,True,True,True,True,True,3828760.0,880.0,-6.25,False,2.13,4.02,1.62,False,2,True,44.17,16.65,False,False,,tv_wilder_rsi14_sma5_v1,71.34,67.43,False,True,3.92
4686,4686.T,ジャストシステム,2023-03,CONTINUE,3,36.27,40.17,True,True,3.9,2023-01,3210.0,3515.0,3515.0,9.5,2979.48,3094.03,3753.78,True,True,False,False,False,False,False,173307.0,6210.0,-48.31,False,0.74,2.49,1.11,False,4,True,-18.12,5.7,False,False,,tv_wilder_rsi14_sma5_v1,40.17,36.27,True,True,3.9
6622,6622.T,ダイヘン,2023-03,CONTINUE,3,50.32,54.21,True,True,3.89,2023-01,4220.0,4435.0,4435.0,5.09,3980.0,3945.47,3967.75,True,True,True,False,False,True,False,49023.0,4605.0,-8.36,False,1.03,1.57,1.06,False,1,True,7.06,4.15,False,False,,tv_wilder_rsi14_sma5_v1,54.21,50.32,True,True,3.89
2001,2001.T,ニップン,2023-03,CONTINUE,5,49.87,53.75,True,True,3.88,2022-11,1587.0,1660.0,1660.0,4.6,1580.04,1570.77,1617.0,True,True,False,False,True,False,False,110827.0,1750.0,-9.31,False,0.92,1.1,0.87,True,4,True,-1.15,1.46,False,False,,tv_wilder_rsi14_sma5_v1,53.75,49.87,True,True,3.88
4809,4809.T,パラカ,2023-03,CONTINUE,3,57.78,61.66,True,True,3.88,2023-01,1894.0,2047.0,2047.0,8.08,1881.32,1879.81,1855.52,True,True,True,True,False,True,True,5663.0,2016.0,-6.05,False,1.0,1.29,0.93,True,2,True,6.26,0.01,False,False,,tv_wilder_rsi14_sma5_v1,61.66,57.78,True,True,3.88
9052,9052.T,山陽電気鉄道,2023-03,CONTINUE,2,55.74,59.62,False,True,3.88,2023-02,2219.0,2278.0,2278.0,2.66,2178.52,2161.04,2183.59,True,True,True,False,True,False,True,20960.0,2360.0,-5.97,False,2.7,0.93,0.98,True,2,True,1.7,-0.18,False,False,,tv_wilder_rsi14_sma5_v1,59.62,55.74,True,False,3.88
3835,3835.T,ｅＢＡＳＥ,2023-03,CONTINUE,6,47.87,51.74,True,True,3.87,2022-10,550.0,686.0,686.0,24.73,538.36,561.2,541.97,True,False,True,False,False,True,False,94903.0,809.0,-32.01,False,1.4,3.29,1.06,False,3,True,-2.53,4.5,False,False,,tv_wilder_rsi14_sma5_v1,51.74,47.87,True,True,3.87
4668,4668.T,明光ネットワークジャパン,2023-03,NEW,1,47.43,51.3,True,True,3.87,2023-03,645.0,645.0,645.0,0.0,626.88,618.48,613.22,True,True,True,True,True,True,True,40547.0,644.0,0.16,True,0.91,1.18,1.01,False,2,True,6.64,1.34,False,False,,tv_wilder_rsi14_sma5_v1,51.3,47.43,True,True,3.87
9424,9424.T,日本通信,2023-03,CONTINUE,2,53.21,57.08,True,True,3.87,2023-02,223.0,247.0,247.0,10.76,223.44,222.36,215.31,False,True,True,True,True,True,True,2580283.0,259.0,-13.9,False,1.15,3.2,1.18,False,2,True,3.83,-3.11,False,False,,tv_wilder_rsi14_sma5_v1,57.08,53.21,True,True,3.87
9740,9740.T,セントラル警備保障,2023-03,CONTINUE,3,44.74,48.61,True,True,3.87,2023-01,2620.0,2711.0,2711.0,3.47,2370.48,2420.36,2411.27,True,True,True,False,True,False,False,25260.0,2937.0,-10.79,False,1.32,2.35,0.99,True,1,True,11.01,8.23,False,False,,tv_wilder_rsi14_sma5_v1,48.61,44.74,True,True,3.87
4042,4042.T,東ソー,2023-03,CONTINUE,3,48.62,52.47,True,False,3.86,2023-01,1695.0,1797.0,1797.0,6.02,1590.92,1600.48,1703.54,True,True,False,False,False,False,False,1051907.0,1974.0,-14.13,False,1.34,1.58,1.08,False,4,True,-1.15,2.8,False,False,,tv_wilder_rsi14_sma5_v1,52.47,48.62,False,True,3.86
4763,4763.T,クリーク・アンド・リバー社,2023-03,CONTINUE,2,58.28,62.14,True,True,3.86,2023-02,2205.0,2303.0,2303.0,4.44,2222.72,2083.44,2148.62,False,True,True,False,True,True,True,74003.0,2639.0,-16.45,False,0.83,2.16,1.0,True,2,True,9.75,-0.01,False,False,,tv_wilder_rsi14_sma5_v1,62.14,58.28,True,True,3.86
7241,7241.T,フタバ産業,2023-03,CONTINUE,6,45.17,49.03,True,False,3.86,2022-10,373.0,426.0,426.0,14.21,330.96,355.29,370.82,True,True,True,False,False,False,False,294730.0,487.0,-23.41,False,2.62,2.55,1.24,False,3,True,-6.79,2.41,True,False,,tv_wilder_rsi14_sma5_v1,49.03,45.17,False,True,3.86
1938,1938.T,日本リーテック,2023-03,CONTINUE,4,33.94,37.77,True,True,3.83,2022-12,844.0,937.0,937.0,11.02,772.16,771.88,949.9,True,True,False,False,True,False,False,31137.0,1633.0,-48.32,False,1.41,2.78,1.29,False,4,True,-17.49,5.11,False,False,,tv_wilder_rsi14_sma5_v1,37.77,33.94,True,True,3.83
7611,7611.T,ハイデイ日高,2023-03,CONTINUE,3,54.62,58.42,True,True,3.8,2023-01,2063.0,2147.0,2147.0,4.07,1965.68,1933.57,1999.22,True,True,True,False,True,False,True,115200.0,2267.0,-9.0,False,0.88,1.38,0.84,True,2,True,11.79,4.59,False,False,,tv_wilder_rsi14_sma5_v1,58.42,54.62,True,True,3.8
8185,8185.T,チヨダ,2023-03,CONTINUE,5,40.51,44.31,True,True,3.8,2022-11,763.0,815.0,815.0,6.82,744.0,769.13,752.18,True,False,True,False,False,False,False,36277.0,855.0,-10.76,False,0.72,1.66,1.12,False,1,True,-0.68,3.05,False,False,,tv_wilder_rsi14_sma5_v1,44.31,40.51,True,True,3.8
3106,3106.T,倉敷紡績,2023-03,CONTINUE,6,60.32,64.11,True,False,3.79,2022-10,2083.0,2517.0,2517.0,20.84,2054.12,2081.05,1953.12,True,True,True,False,False,True,True,29807.0,2188.0,-4.8,False,1.47,2.17,0.9,True,2,True,8.47,1.92,False,False,,tv_wilder_rsi14_sma5_v1,64.11,60.32,False,True,3.79
3696,3696.T,セレス,2023-03,CONTINUE,3,40.09,43.88,True,True,3.79,2023-01,1031.0,1252.0,1252.0,21.44,954.6,935.45,1115.48,True,True,False,False,True,True,False,150133.0,2107.0,-51.07,False,1.28,3.39,0.96,True,4,True,-11.99,5.36,False,False,,tv_wilder_rsi14_sma5_v1,43.88,40.09,True,True,3.79
4502,4502.T,武田薬品工業,2023-03,CONTINUE,6,59.26,63.04,True,True,3.79,2022-10,3918.0,4350.0,4350.0,11.03,3788.64,3837.2,3678.11,True,True,True,False,False,True,True,5039130.0,4063.0,-3.57,False,1.11,1.34,0.87,True,2,True,8.54,0.66,True,False,,tv_wilder_rsi14_sma5_v1,63.04,59.26,True,True,3.79
7475,7475.T,アルビス,2023-03,CONTINUE,9,55.07,58.85,True,True,3.79,2022-07,2263.0,2490.0,2490.0,10.03,2245.52,2227.08,2233.09,True,True,True,False,True,True,False,6517.0,,,,1.22,1.13,1.06,False,3,True,,,,False,,tv_wilder_rsi14_sma5_v1,58.85,55.07,True,True,3.79
2815,2815.T,アリアケジャパン,2023-03,CONTINUE,2,38.33,42.1,True,True,3.77,2023-02,4770.0,4880.0,4880.0,2.31,4553.8,4552.8,4876.98,True,True,False,False,True,False,False,64750.0,5880.0,-18.88,False,1.08,2.43,0.87,True,4,True,-5.42,5.76,False,False,,tv_wilder_rsi14_sma5_v1,42.1,38.33,True,True,3.77
6706,6706.T,電気興業,2023-03,CONTINUE,2,42.91,46.68,False,False,3.77,2023-02,2247.0,2234.0,2234.0,-0.58,2023.36,2034.12,2278.43,True,True,False,False,True,False,False,23993.0,2643.0,-14.98,False,1.5,2.37,1.26,False,4,True,-2.82,8.13,False,False,,tv_wilder_rsi14_sma5_v1,46.68,42.91,False,False,3.77
8005,8005.T,スクロール,2023-03,CONTINUE,3,48.94,52.7,True,False,3.76,2023-01,726.0,808.0,808.0,11.29,713.4,709.44,778.76,True,True,False,False,False,False,False,104553.0,957.0,-24.14,False,0.85,0.92,0.8,True,4,True,-7.04,1.53,False,False,,tv_wilder_rsi14_sma5_v1,52.7,48.94,False,True,3.76
3087,3087.T,ドトール・日レスホールディングス,2023-03,CONTINUE,10,56.79,60.54,True,True,3.75,2022-06,1540.0,1893.0,1893.0,22.92,1522.96,1508.32,1581.42,True,True,False,False,True,False,False,95253.0,,,,1.25,1.25,1.08,False,4,True,,,,False,,tv_wilder_rsi14_sma5_v1,60.54,56.79,True,True,3.75
3741,3741.T,セック,2023-03,CONTINUE,5,59.24,62.99,True,False,3.75,2022-11,1168.0,1655.0,1655.0,41.7,1120.56,1117.54,1147.28,True,True,True,False,True,False,True,21173.0,1316.0,-11.25,False,1.07,2.14,0.91,True,2,True,1.46,1.69,True,False,,tv_wilder_rsi14_sma5_v1,62.99,59.24,False,True,3.75
6701,6701.T,日本電気,2023-03,CONTINUE,2,47.35,51.09,True,True,3.74,2023-02,975.0,1020.0,1020.0,4.62,955.68,943.73,985.35,True,True,False,False,True,True,False,5565550.0,1118.0,-12.79,False,0.96,1.36,0.82,True,4,True,-2.9,-0.57,False,False,,tv_wilder_rsi14_sma5_v1,51.09,47.35,True,True,3.74
6727,6727.T,ワコム,2023-03,CONTINUE,3,43.9,47.63,True,True,3.74,2023-01,637.0,690.0,690.0,8.32,601.16,627.15,777.71,True,True,False,False,False,False,False,405477.0,1084.0,-41.24,False,1.19,1.95,1.03,False,4,True,-17.18,4.84,False,False,,tv_wilder_rsi14_sma5_v1,47.63,43.9,True,True,3.74
7278,7278.T,エクセディ,2023-03,CONTINUE,3,50.03,53.77,True,True,3.74,2023-01,1747.0,1813.0,1813.0,3.78,1626.32,1654.11,1692.12,True,True,True,False,True,False,True,133440.0,1886.0,-7.37,False,1.39,1.36,1.15,False,2,True,2.71,1.47,True,False,,tv_wilder_rsi14_sma5_v1,53.77,50.03,True,True,3.74
1951,1951.T,エクシオグループ,2023-03,CONTINUE,6,47.12,50.85,True,True,3.72,2022-10,1089.5,1198.5,1198.5,10.0,1079.68,1078.92,1102.21,True,True,False,False,True,True,False,760747.0,1366.5,-20.27,False,0.92,1.31,0.76,True,4,True,-5.81,0.3,False,False,,tv_wilder_rsi14_sma5_v1,50.85,47.12,True,True,3.72
1980,1980.T,ダイダン,2023-03,CONTINUE,5,47.69,51.41,True,False,3.72,2022-11,366.67,394.83,394.83,7.68,355.81,362.55,356.97,True,True,True,False,False,False,False,109260.0,396.83,-7.6,False,0.84,1.55,0.79,True,3,True,1.91,3.64,False,False,,tv_wilder_rsi14_sma5_v1,51.41,47.69,False,True,3.72
5384,5384.T,フジミインコーポレーテッド,2023-03,NEW,1,59.48,63.2,True,True,3.72,2023-03,2433.33,2433.33,2433.33,0.0,2247.2,2214.76,2129.23,True,True,True,True,True,False,True,162980.0,2473.33,-1.62,False,1.36,2.62,1.07,False,2,True,18.52,7.35,True,True,MVP,tv_wilder_rsi14_sma5_v1,63.2,59.48,True,True,3.72
8002,8002.T,丸紅,2023-03,CONTINUE,5,70.14,73.87,True,True,3.72,2022-11,1548.0,1795.5,1795.5,15.99,1443.8,1393.48,1344.43,True,True,True,True,True,True,True,8574840.0,1588.5,-2.55,False,0.86,2.19,0.9,True,2,True,21.91,2.08,False,False,,tv_wilder_rsi14_sma5_v1,73.87,70.14,True,True,3.72
9075,9075.T,福山通運,2023-03,CONTINUE,3,45.33,49.04,True,True,3.72,2023-01,3345.0,3590.0,3590.0,7.32,3047.76,3237.32,3244.53,True,True,True,False,False,False,False,75213.0,4135.0,-19.11,False,1.2,1.61,1.14,False,3,True,1.55,4.58,True,False,,tv_wilder_rsi14_sma5_v1,49.04,45.33,True,True,3.72
9381,9381.T,エーアイテイー,2023-03,CONTINUE,3,55.78,59.48,True,True,3.7,2023-01,1501.0,1616.0,1616.0,7.66,1410.8,1439.91,1526.16,True,True,False,False,False,False,False,92313.0,1952.0,-23.1,False,1.0,1.59,0.85,True,1,True,-2.39,0.27,False,False,,tv_wilder_rsi14_sma5_v1,59.48,55.78,True,True,3.7
3433,3433.T,トーカロ,2023-03,CONTINUE,3,48.38,52.06,True,True,3.67,2023-01,1237.0,1296.0,1296.0,4.77,1178.36,1192.65,1245.69,True,True,False,False,False,False,False,150613.0,1419.0,-12.83,False,0.98,1.51,1.01,False,4,True,-0.97,3.76,False,False,,tv_wilder_rsi14_sma5_v1,52.06,48.38,True,True,3.67
7537,7537.T,丸文,2023-03,CONTINUE,6,71.11,74.78,True,False,3.67,2022-10,862.0,1366.0,1366.0,58.47,809.04,790.03,750.62,True,True,True,True,True,True,False,128183.0,959.0,-10.11,False,1.26,1.98,0.92,True,3,True,15.02,1.99,True,False,,tv_wilder_rsi14_sma5_v1,74.78,71.11,False,True,3.67
7600,7600.T,日本エム・ディ・エム,2023-03,CONTINUE,2,32.17,35.83,True,True,3.67,2023-02,1020.0,1041.0,1041.0,2.06,968.6,959.48,1253.11,True,True,False,False,True,False,False,134237.0,1741.0,-41.41,False,0.39,2.72,0.79,True,4,True,-21.19,4.13,False,False,,tv_wilder_rsi14_sma5_v1,35.83,32.17,True,True,3.67
8081,8081.T,カナデン,2023-03,CONTINUE,6,52.77,56.45,True,True,3.67,2022-10,1075.0,1162.0,1162.0,8.09,1060.4,1061.25,1024.1,True,True,True,False,True,True,True,37413.0,1125.0,-4.44,False,0.91,2.42,0.95,True,2,True,4.09,1.5,False,False,,tv_wilder_rsi14_sma5_v1,56.45,52.77,True,True,3.67
8154,8154.T,加賀電子,2023-03,CONTINUE,2,70.51,74.18,True,True,3.67,2023-02,2442.5,2505.0,2505.0,2.56,2241.6,2138.43,1931.9,True,True,True,True,True,True,True,285413.0,2442.5,0.0,False,1.11,2.42,1.02,False,2,True,29.07,1.39,False,False,,tv_wilder_rsi14_sma5_v1,74.18,70.51,True,True,3.67
9304,9304.T,澁澤倉庫,2023-03,CONTINUE,5,50.43,54.1,True,True,3.67,2022-11,519.5,555.5,555.5,6.93,515.94,517.05,540.43,True,True,False,False,True,False,False,138547.0,608.0,-14.56,False,0.53,1.15,0.96,True,4,True,-4.29,0.25,False,False,,tv_wilder_rsi14_sma5_v1,54.1,50.43,True,True,3.67
7545,7545.T,西松屋チェーン,2023-03,CONTINUE,4,54.64,58.29,True,True,3.65,2022-12,1550.0,1634.0,1634.0,5.42,1425.6,1403.35,1487.49,True,True,True,False,True,False,True,376637.0,1739.0,-10.87,False,0.93,2.04,1.39,False,1,True,12.61,8.37,False,False,,tv_wilder_rsi14_sma5_v1,58.29,54.64,True,True,3.65
8011,8011.T,三陽商会,2023-03,CONTINUE,12,66.77,70.42,True,True,3.65,2022-04,845.0,1556.0,1556.0,84.14,798.92,802.97,,True,True,,,True,False,,78400.0,,,,0.7,4.8,1.01,False,1,True,,,,False,,tv_wilder_rsi14_sma5_v1,70.42,66.77,True,True,3.65
7988,7988.T,ニフコ,2023-03,CONTINUE,3,53.52,57.16,True,True,3.64,2023-01,3355.0,3750.0,3750.0,11.77,3176.8,3326.8,3151.43,True,True,True,False,False,True,True,160760.0,3825.0,-12.29,False,0.8,2.09,0.97,True,2,True,6.97,2.92,False,False,,tv_wilder_rsi14_sma5_v1,57.16,53.52,True,True,3.64
4091,4091.T,日本酸素ホールディングス,2023-03,CONTINUE,2,49.62,53.25,True,False,3.63,2023-02,2428.0,2382.0,2382.0,-1.89,2255.12,2158.08,2288.33,True,True,True,False,True,False,True,700560.0,2650.0,-8.38,False,0.95,2.06,0.91,True,1,True,2.02,1.92,False,False,,tv_wilder_rsi14_sma5_v1,53.25,49.62,False,True,3.63
9983,9983.T,ファーストリテイリング,2023-03,NEW,1,56.23,59.84,True,True,3.61,2023-03,28880.0,28880.0,28880.0,0.0,28005.8,27098.87,26702.19,True,True,True,True,True,True,True,1362160.0,29800.0,-3.09,False,0.92,1.91,0.86,True,2,False,16.64,0.55,True,False,,tv_wilder_rsi14_sma5_v1,59.84,56.23,True,True,3.61
4088,4088.T,エア・ウォーター,2023-03,CONTINUE,2,44.75,48.34,True,True,3.59,2023-02,1637.0,1660.0,1660.0,1.41,1586.36,1571.48,1666.22,True,True,False,False,True,False,False,330893.0,1841.0,-11.08,False,1.15,1.44,0.91,True,4,True,-3.84,1.94,False,False,,tv_wilder_rsi14_sma5_v1,48.34,44.75,True,True,3.59
5108,5108.T,ブリヂストン,2023-03,CONTINUE,2,54.01,57.58,False,True,3.57,2023-02,2612.5,2683.5,2683.5,2.72,2474.86,2484.89,2532.03,True,True,True,False,True,False,True,3451147.0,2754.5,-5.16,False,1.15,1.35,1.16,False,2,True,0.59,2.96,True,False,,tv_wilder_rsi14_sma5_v1,57.58,54.01,True,False,3.57
1813,1813.T,不動テトラ,2023-03,CONTINUE,3,48.4,51.94,True,False,3.54,2023-01,1540.0,1631.0,1631.0,5.91,1495.48,1490.28,1540.83,True,True,False,False,True,False,False,34747.0,1679.0,-8.28,False,0.68,0.96,1.05,False,4,True,-1.26,1.9,False,False,,tv_wilder_rsi14_sma5_v1,51.94,48.4,False,True,3.54
6809,6809.T,ＴＯＡ,2023-03,CONTINUE,3,47.53,51.06,True,True,3.53,2023-01,774.0,825.0,825.0,6.59,768.84,770.23,773.72,True,True,True,False,False,False,True,27437.0,842.0,-8.08,False,1.23,1.14,0.97,True,2,False,2.08,0.26,False,False,,tv_wilder_rsi14_sma5_v1,51.06,47.53,True,True,3.53
3401,3401.T,帝人,2023-03,CONTINUE,3,40.71,44.21,True,False,3.5,2023-01,1331.0,1396.0,1396.0,4.88,1290.28,1307.2,1367.83,True,True,False,False,False,False,False,584377.0,1497.0,-11.09,False,0.88,1.18,0.92,True,1,True,-4.13,1.44,True,False,,tv_wilder_rsi14_sma5_v1,44.21,40.71,False,True,3.5
6929,6929.T,日本セラミック,2023-03,CONTINUE,2,50.37,53.87,True,True,3.5,2023-02,2652.0,2704.0,2704.0,1.96,2599.84,2533.45,2403.83,True,True,True,True,True,True,True,87977.0,2785.0,-4.78,False,0.6,1.84,0.77,True,2,True,7.45,0.05,False,False,,tv_wilder_rsi14_sma5_v1,53.87,50.37,True,True,3.5
2737,2737.T,トーメンデバイス,2023-03,CONTINUE,5,59.55,63.04,True,False,3.49,2022-11,5570.0,6560.0,6560.0,17.77,5464.8,5466.67,5742.3,True,True,False,False,True,True,False,14410.0,7940.0,-29.85,False,0.94,1.71,0.96,True,4,True,-5.17,0.67,False,False,,tv_wilder_rsi14_sma5_v1,63.04,59.55,False,True,3.49
7102,7102.T,日本車輌製造,2023-03,NEW,1,39.85,43.33,True,True,3.48,2023-03,2023.0,2023.0,2023.0,0.0,1978.12,1956.63,2021.76,True,True,True,False,True,True,False,9340.0,2213.0,-8.59,False,1.01,1.37,0.83,True,3,False,0.65,0.95,False,False,,tv_wilder_rsi14_sma5_v1,43.33,39.85,True,True,3.48
7525,7525.T,リックス,2023-03,CONTINUE,3,73.57,77.05,True,False,3.48,2023-01,2276.0,2512.0,2512.0,10.37,2171.76,2151.97,1992.38,True,True,True,True,False,True,True,17333.0,2273.0,0.13,True,1.7,1.52,1.03,False,2,True,23.16,1.35,True,True,BOTH,tv_wilder_rsi14_sma5_v1,77.05,73.57,False,True,3.48
9535,9535.T,広島ガス,2023-03,CONTINUE,9,48.89,52.37,True,True,3.48,2022-07,325.0,354.0,354.0,8.92,322.72,321.44,344.53,True,True,False,False,True,False,False,82290.0,,,,0.87,1.19,0.82,True,4,True,,,,False,,tv_wilder_rsi14_sma5_v1,52.37,48.89,True,True,3.48
4324,4324.T,電通グループ,2023-03,CONTINUE,2,52.54,56.01,True,True,3.47,2023-02,4370.0,4650.0,4650.0,6.41,4234.0,4261.27,4357.5,True,True,True,False,True,False,False,893530.0,5060.0,-13.64,False,1.23,1.96,1.1,False,3,True,-4.2,2.11,True,False,,tv_wilder_rsi14_sma5_v1,56.01,52.54,True,True,3.47
8098,8098.T,稲畑産業,2023-03,CONTINUE,3,68.37,71.84,True,True,3.47,2023-01,2513.0,2687.0,2687.0,6.92,2413.84,2401.21,2334.45,True,True,True,True,True,False,True,117267.0,2608.0,-3.64,False,0.72,1.11,0.97,True,2,True,16.28,2.04,False,False,,tv_wilder_rsi14_sma5_v1,71.84,68.37,True,True,3.47
3180,3180.T,ビューティガレージ,2023-03,CONTINUE,5,56.0,59.47,True,True,3.46,2022-11,1507.5,1937.5,1937.5,28.52,1393.3,1388.44,1364.6,True,True,True,True,True,True,False,43433.0,2177.5,-30.77,False,0.85,2.6,1.1,False,1,True,-0.5,4.49,False,False,,tv_wilder_rsi14_sma5_v1,59.47,56.0,True,True,3.46
9934,9934.T,因幡電機産業,2023-03,CONTINUE,3,58.15,61.6,True,True,3.46,2023-01,1407.0,1445.0,1445.0,2.7,1353.82,1365.88,1350.04,True,True,True,False,False,False,True,144153.0,1430.0,-1.61,False,1.09,1.3,1.15,False,2,True,4.7,2.2,False,False,,tv_wilder_rsi14_sma5_v1,61.6,58.15,True,True,3.46
6315,6315.T,ＴＯＷＡ,2023-03,CONTINUE,3,49.41,52.86,True,True,3.45,2023-01,637.67,698.0,698.0,9.46,613.0,621.57,618.17,True,True,True,False,False,True,False,687750.0,932.33,-31.61,False,0.73,2.76,0.85,True,3,True,-3.71,3.74,False,False,,tv_wilder_rsi14_sma5_v1,52.86,49.41,True,True,3.45
6638,6638.T,ミマキエンジニアリング,2023-03,NEW,1,46.93,50.38,False,True,3.45,2023-03,669.0,669.0,669.0,0.0,634.28,607.44,627.78,True,True,True,False,True,False,True,106640.0,758.0,-11.74,False,0.52,3.94,0.84,True,2,True,12.12,5.61,False,False,,tv_wilder_rsi14_sma5_v1,50.38,46.93,True,False,3.45
7458,7458.T,第一興商,2023-03,CONTINUE,2,53.5,56.95,True,True,3.45,2023-02,2165.0,2184.0,2184.0,0.88,2048.6,2002.9,1986.49,True,True,True,True,True,False,True,135880.0,2207.5,-1.93,False,1.16,2.31,0.88,True,2,True,9.13,1.25,False,False,,tv_wilder_rsi14_sma5_v1,56.95,53.5,True,True,3.45
9009,9009.T,京成電鉄,2023-03,CONTINUE,2,56.82,60.27,True,True,3.45,2023-02,1311.67,1358.33,1358.33,3.56,1261.67,1248.24,1241.2,True,True,True,True,True,False,True,1138770.0,1368.33,-4.14,False,1.13,1.74,1.02,False,2,True,8.44,0.28,True,False,,tv_wilder_rsi14_sma5_v1,60.27,56.82,True,True,3.45
7921,7921.T,ＴＡＫＡＲＡ＆ＣＯＭＰＡＮＹ,2023-03,CONTINUE,2,59.71,63.15,True,True,3.44,2023-02,2226.0,2245.0,2245.0,0.85,2148.92,2102.35,2027.16,True,True,True,True,True,True,True,21587.0,2245.0,-0.85,False,1.05,1.15,0.91,True,2,True,11.61,1.73,False,False,,tv_wilder_rsi14_sma5_v1,63.15,59.71,True,True,3.44
9743,9743.T,丹青社,2023-03,NEW,1,43.15,46.59,False,True,3.44,2023-03,770.0,770.0,770.0,0.0,750.56,722.48,771.93,True,True,False,False,True,False,False,129470.0,894.0,-13.87,False,0.96,2.4,0.94,True,4,True,3.06,3.93,False,False,,tv_wilder_rsi14_sma5_v1,46.59,43.15,True,False,3.44
2768,2768.T,双日,2023-03,CONTINUE,5,70.84,74.27,True,True,3.43,2022-11,2438.0,2763.0,2763.0,13.33,2378.32,2303.03,2109.5,True,True,True,True,True,True,True,1439307.0,2486.0,-1.93,False,0.82,1.76,0.69,True,2,True,19.62,-0.25,False,False,,tv_wilder_rsi14_sma5_v1,74.27,70.84,True,True,3.43
6651,6651.T,日東工業,2023-03,CONTINUE,3,61.72,65.14,True,False,3.43,2023-01,2427.0,2642.0,2642.0,8.86,2342.44,2345.07,2291.7,True,True,True,False,True,False,True,92603.0,2647.0,-8.31,False,0.86,1.31,1.0,False,2,True,22.33,2.96,False,False,,tv_wilder_rsi14_sma5_v1,65.14,61.72,False,True,3.43
1911,1911.T,住友林業,2023-03,CONTINUE,3,60.98,64.37,True,True,3.39,2023-01,805.33,873.33,873.33,8.44,787.6,781.22,730.53,True,True,True,True,False,True,True,3617350.0,823.67,-2.23,False,1.04,1.32,0.95,True,2,False,11.88,2.14,True,False,,tv_wilder_rsi14_sma5_v1,64.37,60.98,True,True,3.39
4718,4718.T,早稲田アカデミー,2023-03,CONTINUE,3,61.28,64.66,True,False,3.37,2023-01,1143.0,1235.0,1235.0,8.05,1129.8,1125.96,1110.0,True,True,True,True,True,True,True,15510.0,1195.0,-4.35,False,0.99,0.95,0.83,True,2,True,3.63,-0.62,False,False,,tv_wilder_rsi14_sma5_v1,64.66,61.28,False,True,3.37
6588,6588.T,東芝テック,2023-03,CONTINUE,2,43.98,47.36,True,True,3.37,2023-02,3800.0,3910.0,3910.0,2.89,3763.2,3671.4,3969.62,True,True,False,False,True,False,False,44743.0,5100.0,-25.49,False,0.62,1.95,0.88,True,4,True,-7.26,1.92,False,False,,tv_wilder_rsi14_sma5_v1,47.36,43.98,True,True,3.37
5445,5445.T,東京鐵鋼,2023-03,CONTINUE,8,57.19,60.53,True,False,3.34,2022-08,447.0,582.33,582.33,30.28,440.81,420.62,435.44,True,True,True,False,True,True,False,63150.0,571.67,-21.81,False,0.92,1.96,1.05,False,3,True,1.33,3.31,False,False,,tv_wilder_rsi14_sma5_v1,60.53,57.19,False,True,3.34
8084,8084.T,ＲＹＯＤＥＮ,2023-03,CONTINUE,6,57.4,60.72,True,False,3.33,2022-10,1660.0,1870.0,1870.0,12.65,1595.76,1618.03,1657.36,True,True,True,False,False,True,False,30417.0,1836.0,-9.59,False,1.58,1.29,1.02,False,3,True,-1.23,1.24,True,False,,tv_wilder_rsi14_sma5_v1,60.72,57.4,False,True,3.33
9509,9509.T,北海道電力,2023-03,CONTINUE,4,45.92,49.25,True,True,3.33,2022-12,466.0,486.0,486.0,4.29,447.84,451.44,481.45,True,True,False,False,True,False,False,704280.0,546.0,-14.65,False,0.89,1.75,1.08,False,4,True,-3.45,2.79,False,False,,tv_wilder_rsi14_sma5_v1,49.25,45.92,True,True,3.33
4568,4568.T,第一三共,2023-03,NEW,1,63.75,67.07,False,True,3.32,2023-03,4822.0,4822.0,4822.0,0.0,4484.52,4312.53,4123.27,True,True,True,True,True,True,True,3609320.0,4869.0,-0.97,False,1.12,2.79,1.08,False,2,True,39.22,8.21,False,False,,tv_wilder_rsi14_sma5_v1,67.07,63.75,True,False,3.32
3480,3480.T,ジェイ・エス・ビー,2023-03,NEW,1,63.51,66.81,True,True,3.3,2023-03,2275.0,2275.0,2275.0,0.0,2078.9,2044.0,1899.2,True,True,True,True,True,False,True,41327.0,2245.0,1.34,True,1.4,2.87,1.0,False,2,True,26.11,4.99,False,True,BREAKOUT,tv_wilder_rsi14_sma5_v1,66.81,63.51,True,True,3.3
4229,4229.T,群栄化学工業,2023-03,CONTINUE,3,44.6,47.9,True,True,3.3,2023-01,2473.0,2587.0,2587.0,4.61,2395.6,2394.05,2510.48,True,True,False,False,True,False,False,6417.0,3695.0,-33.07,False,1.48,1.06,1.09,False,4,True,-7.4,2.43,False,False,,tv_wilder_rsi14_sma5_v1,47.9,44.6,True,True,3.3
3088,3088.T,マツキヨココカラ＆カンパニー,2023-03,CONTINUE,4,63.14,66.42,True,True,3.29,2022-12,2200.0,2336.67,2336.67,6.21,2055.73,1973.02,1754.24,True,True,True,True,True,True,True,2059510.0,2260.0,-2.65,False,1.09,2.95,1.24,False,2,True,26.49,1.22,False,False,,tv_wilder_rsi14_sma5_v1,66.42,63.14,True,True,3.29
3983,3983.T,オロ,2023-03,CONTINUE,6,41.76,45.05,True,True,3.29,2022-10,1677.0,2112.0,2112.0,25.94,1500.8,1558.31,1896.06,True,True,False,False,False,False,False,59293.0,4115.0,-59.25,False,0.97,3.15,1.01,False,4,True,-15.97,7.1,False,False,,tv_wilder_rsi14_sma5_v1,45.05,41.76,True,True,3.29
9508,9508.T,九州電力,2023-03,NEW,1,38.07,41.36,True,True,3.29,2023-03,757.0,757.0,757.0,0.0,735.64,726.0,770.43,True,True,False,False,True,True,False,1879720.0,934.0,-18.95,False,1.19,1.92,1.0,False,4,True,-3.53,1.31,False,False,,tv_wilder_rsi14_sma5_v1,41.36,38.07,True,True,3.29
9861,9861.T,吉野家ホールディングス,2023-03,CONTINUE,3,53.34,56.63,True,True,3.29,2023-01,2380.0,2431.0,2431.0,2.14,2304.4,2309.09,2386.24,True,True,False,False,False,False,False,320310.0,2622.0,-9.23,False,1.07,1.23,0.8,True,4,True,0.4,1.3,False,False,,tv_wilder_rsi14_sma5_v1,56.63,53.34,True,True,3.29
7616,7616.T,コロワイド,2023-03,CONTINUE,3,51.74,55.02,True,True,3.28,2023-01,1837.0,1926.0,1926.0,4.84,1781.72,1790.59,1805.57,True,True,True,False,False,False,True,204793.0,1982.0,-7.32,False,0.72,1.17,0.93,True,2,True,4.9,1.65,False,False,,tv_wilder_rsi14_sma5_v1,55.02,51.74,True,True,3.28
7267,7267.T,本田技研工業,2023-03,CONTINUE,2,51.47,54.74,True,False,3.27,2023-02,1180.67,1170.0,1170.0,-0.9,1101.88,1080.23,1110.91,True,True,True,False,True,True,True,14093760.0,1251.67,-5.67,False,1.28,1.79,1.01,False,1,True,2.83,3.57,True,False,,tv_wilder_rsi14_sma5_v1,54.74,51.47,False,True,3.27
9991,9991.T,ジェコス,2023-03,CONTINUE,5,50.24,53.5,True,True,3.27,2022-11,803.0,883.0,883.0,9.96,804.08,806.85,813.28,False,False,False,False,True,False,True,27817.0,859.0,-6.52,False,0.61,1.24,0.67,True,4,True,-1.78,0.15,False,False,,tv_wilder_rsi14_sma5_v1,53.5,50.24,True,True,3.27
5471,5471.T,大同特殊鋼,2023-03,CONTINUE,6,57.68,60.93,True,False,3.25,2022-10,772.0,1040.0,1040.0,34.72,731.2,754.71,756.62,True,True,True,False,False,True,False,826150.0,974.0,-20.74,False,2.45,2.59,1.19,False,3,True,-1.68,1.16,False,False,,tv_wilder_rsi14_sma5_v1,60.93,57.68,False,True,3.25
6744,6744.T,能美防災,2023-03,CONTINUE,3,38.59,41.84,True,True,3.25,2023-01,1717.0,1691.0,1691.0,-1.51,1604.68,1590.89,1688.63,True,True,True,False,True,False,False,53410.0,2142.0,-19.84,False,1.18,1.43,0.92,True,3,True,-3.51,4.59,True,False,,tv_wilder_rsi14_sma5_v1,41.84,38.59,True,True,3.25
6817,6817.T,スミダコーポレーション,2023-03,CONTINUE,8,64.13,67.38,True,True,3.25,2022-08,974.0,1663.0,1663.0,70.74,946.92,854.79,953.61,True,True,True,False,True,True,False,142513.0,1409.0,-30.87,False,0.57,2.95,0.87,True,3,True,-1.3,3.21,False,False,,tv_wilder_rsi14_sma5_v1,67.38,64.13,True,True,3.25
3774,3774.T,インターネットイニシアティブ,2023-03,CONTINUE,4,65.7,68.93,True,True,3.23,2022-12,2450.0,2748.0,2748.0,12.16,2467.28,2379.03,2323.78,False,True,True,True,True,False,True,392963.0,2760.0,-11.23,False,0.77,2.25,0.99,True,2,True,7.82,-0.29,False,False,,tv_wilder_rsi14_sma5_v1,68.93,65.7,True,True,3.23
5741,5741.T,ＵＡＣＪ,2023-03,CONTINUE,5,52.85,56.07,True,False,3.22,2022-11,576.25,658.75,658.75,14.32,545.08,568.79,559.9,True,True,True,False,True,False,False,1377853.0,751.25,-23.29,False,0.61,2.01,0.69,True,3,True,-3.93,2.92,False,False,,tv_wilder_rsi14_sma5_v1,56.07,52.85,False,True,3.22
5929,5929.T,三和ホールディングス,2023-03,CONTINUE,3,53.67,56.89,True,False,3.22,2023-01,1369.0,1416.0,1416.0,3.43,1233.08,1248.84,1277.17,True,True,True,False,False,False,True,404537.0,1465.0,-6.55,False,1.52,1.84,1.26,False,2,True,8.83,3.44,True,False,,tv_wilder_rsi14_sma5_v1,56.89,53.67,False,True,3.22
2933,2933.T,紀文食品,2023-03,CONTINUE,5,27.41,30.62,True,True,3.21,2022-11,943.0,999.0,999.0,5.94,916.28,940.16,1000.4,True,True,False,False,True,False,False,64500.0,1231.0,-23.4,False,0.59,1.98,1.03,False,4,True,-9.91,1.0,False,False,,tv_wilder_rsi14_sma5_v1,30.62,27.41,True,True,3.21
6763,6763.T,帝国通信工業,2023-03,CONTINUE,3,56.97,60.17,False,True,3.2,2023-01,1463.0,1511.0,1511.0,3.28,1404.0,1418.33,1420.82,True,True,True,False,True,False,False,11550.0,1510.0,-3.11,False,1.44,1.72,1.02,False,1,True,3.18,2.62,False,False,,tv_wilder_rsi14_sma5_v1,60.17,56.97,True,False,3.2
9830,9830.T,トラスコ中山,2023-03,CONTINUE,9,44.92,48.12,True,False,3.2,2022-07,1888.0,2243.0,2243.0,18.8,1826.36,1880.96,2333.88,True,True,False,False,True,False,False,194320.0,,,,1.37,1.8,0.94,True,4,True,,,,False,,tv_wilder_rsi14_sma5_v1,48.12,44.92,False,True,3.2
3150,3150.T,グリムス,2023-03,CONTINUE,6,55.39,58.59,True,False,3.19,2022-10,1724.0,2392.0,2392.0,38.75,1611.96,1664.91,1772.97,True,True,False,False,False,True,False,48747.0,3175.0,-45.7,False,1.45,3.31,1.07,False,4,True,-8.3,4.45,False,False,,tv_wilder_rsi14_sma5_v1,58.59,55.39,False,True,3.19
3923,3923.T,ラクス,2023-03,CONTINUE,6,47.15,50.35,True,True,3.19,2022-10,831.5,949.0,949.0,14.13,742.74,829.39,863.5,True,True,False,False,False,False,False,3788407.0,1955.0,-57.47,False,1.13,4.82,1.06,False,4,True,-19.03,7.72,False,False,,tv_wilder_rsi14_sma5_v1,50.35,47.15,True,True,3.19
4922,4922.T,コーセーホールディングス,2023-03,CONTINUE,2,52.92,56.11,True,True,3.19,2023-02,15390.0,15680.0,15680.0,1.88,14779.2,14519.07,13603.3,True,True,True,True,True,True,True,222040.0,16390.0,-6.1,False,0.92,2.75,0.91,True,2,True,15.74,0.07,False,False,,tv_wilder_rsi14_sma5_v1,56.11,52.92,True,True,3.19
3245,3245.T,ディア・ライフ,2023-03,CONTINUE,3,59.68,62.86,True,True,3.17,2023-01,625.0,668.0,668.0,6.88,609.16,610.23,589.44,True,True,True,False,False,True,True,148627.0,668.0,-6.44,False,0.63,1.28,0.84,True,2,True,8.87,-0.16,False,False,,tv_wilder_rsi14_sma5_v1,62.86,59.68,True,True,3.17
6101,6101.T,ツガミ,2023-03,CONTINUE,3,51.18,54.35,True,False,3.17,2023-01,1426.0,1434.0,1434.0,0.56,1237.28,1186.83,1193.97,True,True,True,False,True,True,False,240997.0,1570.0,-9.17,False,1.62,2.56,1.1,False,1,True,18.11,9.79,True,False,,tv_wilder_rsi14_sma5_v1,54.35,51.18,False,True,3.17
7769,7769.T,リズム,2023-03,NEW,1,62.39,65.56,True,True,3.17,2023-03,1871.0,1871.0,1871.0,0.0,1736.32,1657.91,1623.19,True,True,True,True,True,True,True,18120.0,1945.0,-3.8,False,1.02,3.41,1.25,False,1,True,19.7,6.37,False,False,,tv_wilder_rsi14_sma5_v1,65.56,62.39,True,True,3.17
6785,6785.T,鈴木,2023-03,CONTINUE,3,55.85,59.01,True,False,3.16,2023-01,965.0,1011.0,1011.0,4.77,893.6,891.47,840.96,True,True,True,True,True,True,True,45787.0,995.0,-3.02,False,1.21,2.38,1.13,False,2,True,18.16,7.31,False,False,,tv_wilder_rsi14_sma5_v1,59.01,55.85,False,True,3.16
7599,7599.T,ＩＤＯＭ,2023-03,CONTINUE,3,53.9,57.06,True,True,3.16,2023-01,835.0,855.0,855.0,2.4,723.32,726.81,748.56,True,True,True,False,True,False,True,634870.0,933.0,-10.5,False,1.08,3.52,0.94,True,2,True,15.07,12.48,False,False,,tv_wilder_rsi14_sma5_v1,57.06,53.9,True,True,3.16
9005,9005.T,東急,2023-03,NEW,1,55.54,58.7,True,True,3.16,2023-03,1762.0,1762.0,1762.0,0.0,1708.08,1662.79,1650.89,True,True,True,True,True,True,True,1821267.0,1790.0,-1.56,False,1.1,1.74,0.98,True,2,True,6.58,0.53,False,False,,tv_wilder_rsi14_sma5_v1,58.7,55.54,True,True,3.16
4658,4658.T,日本空調サービス,2023-03,CONTINUE,3,42.04,45.18,True,False,3.14,2023-01,706.0,721.0,721.0,2.12,690.96,704.44,751.84,True,True,False,False,False,False,False,28123.0,827.0,-14.63,False,0.94,0.86,0.87,True,4,True,-8.41,1.42,False,False,,tv_wilder_rsi14_sma5_v1,45.18,42.04,False,True,3.14
4612,4612.T,日本ペイントホールディングス,2023-03,CONTINUE,5,48.99,52.11,True,True,3.12,2022-11,1120.0,1238.0,1238.0,10.54,1034.2,1034.73,1022.03,True,True,True,False,True,True,True,3937500.0,1368.0,-18.13,False,1.01,3.93,0.97,True,2,True,3.06,3.41,False,False,,tv_wilder_rsi14_sma5_v1,52.11,48.99,True,True,3.12
9405,9405.T,朝日放送グループホールディングス,2023-03,CONTINUE,4,42.71,45.83,True,False,3.12,2022-12,639.0,659.0,659.0,3.13,624.64,625.67,657.1,True,True,False,False,True,False,False,46987.0,768.0,-16.8,False,1.05,0.74,1.21,False,4,True,-4.4,0.75,True,False,,tv_wilder_rsi14_sma5_v1,45.83,42.71,False,True,3.12
7609,7609.T,ダイトロン,2023-03,CONTINUE,8,61.92,65.04,True,True,3.11,2022-08,1057.5,1333.5,1333.5,26.1,1024.4,984.54,979.51,True,True,True,True,True,True,False,74447.0,1277.0,-17.19,False,0.52,1.86,0.87,True,3,True,4.64,1.57,False,False,,tv_wilder_rsi14_sma5_v1,65.04,61.92,True,True,3.11
2121,2121.T,ＭＩＸＩ,2023-03,CONTINUE,10,54.57,57.67,True,False,3.1,2022-06,2252.0,2662.0,2662.0,18.21,2171.84,2194.39,2263.97,True,True,False,False,True,False,False,245787.0,,,,1.07,2.31,1.14,False,4,True,,,,False,,tv_wilder_rsi14_sma5_v1,57.67,54.57,False,True,3.1
7581,7581.T,サイゼリヤ,2023-03,CONTINUE,10,60.16,63.24,True,True,3.09,2022-06,2688.0,3295.0,3295.0,22.58,2580.28,2510.35,2747.51,True,True,False,False,True,False,True,223270.0,,,,0.82,1.87,0.79,True,4,True,,,,False,,tv_wilder_rsi14_sma5_v1,63.24,60.16,True,True,3.09
5201,5201.T,ＡＧＣ,2023-03,CONTINUE,3,52.31,55.39,True,False,3.08,2023-01,4765.0,4925.0,4925.0,3.36,4561.4,4554.87,4725.43,True,True,True,False,True,False,False,1163303.0,5730.0,-16.84,False,0.87,1.39,1.01,False,3,True,-1.06,3.15,False,False,,tv_wilder_rsi14_sma5_v1,55.39,52.31,False,True,3.08
6923,6923.T,スタンレー電気,2023-03,CONTINUE,9,51.7,54.76,True,True,3.07,2022-07,2323.0,2931.0,2931.0,26.17,2303.0,2253.95,2584.19,True,True,False,False,True,False,False,631417.0,,,,1.08,2.3,0.83,True,4,True,,,,False,,tv_wilder_rsi14_sma5_v1,54.76,51.7,True,True,3.07
8160,8160.T,木曽路,2023-03,CONTINUE,3,46.03,49.07,True,True,3.05,2023-01,2148.0,2214.0,2214.0,3.07,2097.36,2125.97,2136.12,True,True,True,False,False,False,True,70223.0,2319.0,-7.37,False,0.82,0.81,0.86,True,2,True,-0.31,0.84,False,False,,tv_wilder_rsi14_sma5_v1,49.07,46.03,True,True,3.05
6287,6287.T,サトー,2023-03,CONTINUE,5,47.74,50.78,True,False,3.04,2022-11,1954.0,2189.0,2189.0,12.03,1889.44,1885.84,1870.59,True,True,True,True,True,False,False,76870.0,2380.0,-17.9,False,1.0,1.9,0.8,True,3,True,-2.71,2.96,False,False,,tv_wilder_rsi14_sma5_v1,50.78,47.74,False,True,3.04
7421,7421.T,カッパ・クリエイト,2023-03,CONTINUE,3,51.35,54.39,True,False,3.04,2023-01,1418.0,1446.0,1446.0,1.97,1403.96,1389.77,1400.34,True,True,True,False,True,True,True,66567.0,1491.0,-4.9,False,0.96,0.97,0.9,True,2,True,3.53,0.75,False,False,,tv_wilder_rsi14_sma5_v1,54.39,51.35,False,True,3.04
9511,9511.T,沖縄電力,2023-03,CONTINUE,3,35.15,38.17,True,True,3.03,2023-01,1079.0,1077.0,1077.0,-0.19,1022.08,1014.77,1134.67,True,True,False,False,False,False,False,201307.0,1482.0,-27.19,False,0.71,1.29,0.95,True,4,True,-9.1,2.57,True,False,,tv_wilder_rsi14_sma5_v1,38.17,35.15,True,True,3.03
1871,1871.T,ピーエス・コンストラクション,2023-03,CONTINUE,3,52.66,55.68,True,False,3.02,2023-01,633.0,654.0,654.0,3.32,613.24,608.44,608.83,True,True,True,False,True,False,True,43213.0,669.0,-5.38,False,1.0,1.13,1.15,False,2,True,4.81,2.44,False,False,,tv_wilder_rsi14_sma5_v1,55.68,52.66,False,True,3.02
3687,3687.T,フィックスターズ,2023-03,CONTINUE,3,61.61,64.63,True,True,3.02,2023-01,1301.0,1475.0,1475.0,13.37,1201.64,1191.95,1071.71,True,True,True,True,False,True,True,164007.0,1470.0,-11.5,False,1.56,2.98,1.06,False,2,True,31.67,1.83,True,False,,tv_wilder_rsi14_sma5_v1,64.63,61.61,True,True,3.02
6395,6395.T,タダノ,2023-03,CONTINUE,6,49.67,52.69,True,True,3.02,2022-10,910.0,1043.0,1043.0,14.62,884.44,930.75,960.16,True,False,False,False,False,False,False,242413.0,1312.0,-30.64,False,0.99,1.59,0.7,True,4,True,-11.95,0.34,True,False,,tv_wilder_rsi14_sma5_v1,52.69,49.67,True,True,3.02
8037,8037.T,カメイ,2023-03,CONTINUE,6,64.09,67.11,True,False,3.02,2022-10,1108.0,1471.0,1471.0,32.76,1103.76,1098.37,1062.96,True,True,True,True,True,True,True,44530.0,1189.0,-6.81,False,1.32,1.73,0.85,True,2,True,3.16,0.22,False,False,,tv_wilder_rsi14_sma5_v1,67.11,64.09,False,True,3.02
5988,5988.T,パイオラックス,2023-03,CONTINUE,3,52.35,55.35,True,False,3.01,2023-01,1774.0,1930.0,1930.0,8.79,1720.32,1746.32,1797.76,True,True,False,False,True,False,True,107017.0,2101.0,-15.56,False,0.93,1.0,0.99,True,1,True,-0.66,1.25,True,False,,tv_wilder_rsi14_sma5_v1,55.35,52.35,False,True,3.01
6367,6367.T,ダイキン工業,2023-03,CONTINUE,3,52.23,55.24,True,True,3.01,2023-01,22470.0,23655.0,23655.0,5.27,21344.4,21965.0,22101.8,True,True,True,False,False,False,False,760960.0,26105.0,-13.92,False,1.1,2.22,1.01,False,1,True,-0.06,4.93,False,False,,tv_wilder_rsi14_sma5_v1,55.24,52.23,True,True,3.01
6535,6535.T,アイモバイル,2023-03,CONTINUE,3,50.22,53.23,True,True,3.01,2023-01,418.0,444.67,444.67,6.38,395.49,399.14,427.82,True,True,False,False,False,False,False,159630.0,506.0,-17.39,False,1.81,2.11,1.14,False,4,True,5.11,5.32,False,False,,tv_wilder_rsi14_sma5_v1,53.23,50.22,True,True,3.01
6532,6532.T,ベイカレント,2023-03,CONTINUE,3,63.75,66.75,True,True,3.0,2023-01,5470.0,5450.0,5450.0,-0.37,4854.6,4508.0,4155.23,True,True,True,True,True,True,True,1656243.0,5830.0,-6.17,False,0.83,5.0,1.01,False,2,True,37.14,15.3,False,False,,tv_wilder_rsi14_sma5_v1,66.75,63.75,True,True,3.0
6718,6718.T,アイホン,2023-03,CONTINUE,3,50.99,53.98,True,True,2.99,2023-01,1937.0,2041.0,2041.0,5.37,1840.0,1878.49,1882.16,True,True,True,False,False,False,False,18910.0,2216.0,-12.59,False,1.51,1.36,1.17,False,3,True,-2.76,2.01,False,False,,tv_wilder_rsi14_sma5_v1,53.98,50.99,True,True,2.99
4221,4221.T,大倉工業,2023-03,CONTINUE,3,51.01,53.99,True,True,2.98,2023-01,1882.0,2041.0,2041.0,8.45,1869.92,1904.52,1816.62,True,False,True,False,False,True,True,56753.0,2058.0,-8.55,False,0.29,1.26,0.84,True,2,False,1.99,1.52,False,False,,tv_wilder_rsi14_sma5_v1,53.99,51.01,True,True,2.98
6652,6652.T,ＩＤＥＣ,2023-03,CONTINUE,2,64.71,67.69,False,True,2.98,2023-02,3265.0,3435.0,3435.0,5.21,3142.4,3086.67,2942.99,True,True,True,True,True,True,True,87450.0,3340.0,-2.25,False,0.88,2.19,0.95,True,2,True,14.57,1.36,False,False,,tv_wilder_rsi14_sma5_v1,67.69,64.71,True,False,2.98
9956,9956.T,バローホールディングス,2023-03,CONTINUE,5,42.09,45.04,True,False,2.96,2022-11,1758.0,1926.0,1926.0,9.56,1767.0,1780.45,1917.26,False,False,False,False,True,False,False,135433.0,2311.0,-23.93,False,0.95,1.69,1.07,False,4,False,-10.99,2.41,False,False,,tv_wilder_rsi14_sma5_v1,45.04,42.09,False,True,2.96
1762,1762.T,髙松コンストラクショングループ,2023-03,CONTINUE,5,45.24,48.19,True,True,2.95,2022-11,1960.0,2029.0,2029.0,3.52,1940.24,1923.64,2018.95,True,True,False,False,True,False,False,38463.0,2215.0,-11.51,False,1.12,0.93,0.96,True,4,True,-0.16,2.56,False,False,,tv_wilder_rsi14_sma5_v1,48.19,45.24,True,True,2.95
5122,5122.T,オカモト,2023-03,CONTINUE,5,47.15,50.1,True,True,2.95,2022-11,3850.0,3975.0,3975.0,3.25,3734.0,3758.93,3849.25,True,True,True,False,True,False,False,14247.0,4390.0,-12.3,False,1.09,1.43,0.93,True,3,True,-2.14,1.84,False,False,,tv_wilder_rsi14_sma5_v1,50.1,47.15,True,True,2.95
6768,6768.T,タムラ製作所,2023-03,NEW,1,57.57,60.52,True,True,2.95,2023-03,824.0,824.0,824.0,0.0,785.04,759.44,710.3,True,True,True,True,True,False,True,695047.0,908.0,-9.25,False,0.93,2.88,0.97,True,2,True,27.9,5.25,False,False,,tv_wilder_rsi14_sma5_v1,60.52,57.57,True,True,2.95
5214,5214.T,日本電気硝子,2023-03,CONTINUE,2,46.88,49.81,True,True,2.94,2023-02,2534.0,2549.0,2549.0,0.59,2430.36,2454.87,2564.14,True,True,False,False,True,False,False,688230.0,2940.0,-13.81,False,1.4,1.47,1.13,False,4,True,-4.75,2.16,False,False,,tv_wilder_rsi14_sma5_v1,49.81,46.88,True,True,2.94
6941,6941.T,山一電機,2023-03,NEW,1,51.21,54.16,False,True,2.94,2023-03,1967.0,1967.0,1967.0,0.0,1922.4,1807.96,1860.55,True,True,True,False,True,True,True,223597.0,2209.0,-10.96,False,0.83,2.61,0.87,True,2,False,11.49,4.54,False,False,,tv_wilder_rsi14_sma5_v1,54.16,51.21,True,False,2.94
9672,9672.T,東京都競馬,2023-03,NEW,1,45.67,48.61,False,True,2.94,2023-03,4045.0,4045.0,4045.0,0.0,3633.4,3737.4,3936.55,True,True,True,False,False,False,False,136087.0,4715.0,-14.21,False,1.86,2.87,1.3,False,3,True,3.57,1.28,True,False,,tv_wilder_rsi14_sma5_v1,48.61,45.67,True,False,2.94
9735,9735.T,セコム,2023-03,NEW,1,43.74,46.68,False,True,2.94,2023-03,4082.0,4082.0,4082.0,0.0,4013.66,3907.35,4141.03,True,True,False,False,True,False,False,1425200.0,4724.5,-13.6,False,0.92,1.36,0.94,True,4,True,0.71,3.33,False,False,,tv_wilder_rsi14_sma5_v1,46.68,43.74,True,False,2.94
9900,9900.T,サガミホールディングス,2023-03,CONTINUE,6,56.92,59.86,True,True,2.94,2022-10,1219.0,1283.0,1283.0,5.25,1202.6,1199.71,1162.16,True,True,True,True,False,True,True,104683.0,1260.0,-3.25,False,0.77,1.55,0.84,True,2,True,10.74,1.1,False,False,,tv_wilder_rsi14_sma5_v1,59.86,56.92,True,True,2.94
2267,2267.T,ヤクルト本社,2023-03,CONTINUE,3,72.89,75.82,True,True,2.93,2023-01,4630.0,4815.0,4815.0,4.0,4444.8,4288.4,3996.7,True,True,True,True,True,True,True,826727.0,4750.0,-2.53,False,0.96,1.86,0.88,True,2,True,29.9,5.05,False,False,,tv_wilder_rsi14_sma5_v1,75.82,72.89,True,True,2.93
5195,5195.T,バンドー化学,2023-03,CONTINUE,2,60.28,63.21,False,True,2.93,2023-02,1049.0,1058.0,1058.0,0.86,1013.04,992.29,981.08,True,True,True,True,True,False,True,42050.0,1098.0,-4.46,False,1.01,1.8,0.91,True,2,True,10.03,1.33,False,False,,tv_wilder_rsi14_sma5_v1,63.21,60.28,True,False,2.93
4092,4092.T,日本化学工業,2023-03,CONTINUE,3,39.27,42.19,True,False,2.92,2023-01,1903.0,1981.0,1981.0,4.1,1776.76,1814.33,1975.28,True,True,False,False,False,False,False,84973.0,2760.0,-31.05,False,0.67,2.64,0.89,True,4,True,-9.32,3.81,False,False,,tv_wilder_rsi14_sma5_v1,42.19,39.27,False,True,2.92
6758,6758.T,ソニーグループ,2023-03,CONTINUE,3,52.34,55.24,True,True,2.91,2023-01,2316.0,2397.0,2397.0,3.5,2186.24,2152.48,2206.29,True,True,True,False,True,True,False,15586517.0,2685.0,-13.74,False,0.94,1.8,0.84,True,3,True,5.3,4.28,False,False,,tv_wilder_rsi14_sma5_v1,55.24,52.34,True,True,2.91
6674,6674.T,ジーエス・ユアサコーポレーション,2023-03,CONTINUE,3,47.73,50.63,True,False,2.9,2023-01,2260.0,2382.0,2382.0,5.4,2158.8,2170.69,2245.07,True,True,True,False,True,False,False,331697.0,2597.0,-12.98,False,0.81,1.6,1.04,False,3,True,-3.12,2.46,False,False,,tv_wilder_rsi14_sma5_v1,50.63,47.73,False,True,2.9
6407,6407.T,ＣＫＤ,2023-03,CONTINUE,6,52.14,55.02,True,True,2.88,2022-10,1827.0,2150.0,2150.0,17.68,1772.76,1820.45,1855.62,True,True,False,False,False,True,False,250127.0,2510.0,-27.21,False,0.92,2.17,0.85,True,4,False,-5.5,1.23,False,False,,tv_wilder_rsi14_sma5_v1,55.02,52.14,True,True,2.88
8020,8020.T,兼松,2023-03,CONTINUE,3,60.9,63.78,True,True,2.88,2023-01,792.0,821.0,821.0,3.66,747.58,749.21,716.31,True,True,True,False,False,True,True,353707.0,784.5,0.96,True,1.32,1.23,1.15,False,2,True,15.53,2.81,True,True,MVP,tv_wilder_rsi14_sma5_v1,63.78,60.9,True,True,2.88
7741,7741.T,ＨＯＹＡ,2023-03,NEW,1,51.17,54.04,True,True,2.87,2023-03,14560.0,14560.0,14560.0,0.0,13876.6,13642.33,13737.62,True,True,True,False,True,False,True,1174233.0,15345.0,-5.12,False,1.02,2.51,0.9,True,2,True,13.37,5.25,False,False,,tv_wilder_rsi14_sma5_v1,54.04,51.17,True,True,2.87
2327,2327.T,日鉄ソリューションズ,2023-03,CONTINUE,2,48.65,51.49,True,False,2.84,2023-02,1775.0,1770.0,1770.0,-0.28,1676.2,1663.87,1773.66,True,True,True,False,True,False,False,197073.0,2010.0,-11.69,False,1.08,1.54,0.93,True,3,True,-3.15,0.84,True,False,,tv_wilder_rsi14_sma5_v1,51.49,48.65,False,True,2.84
9850,9850.T,グルメ杵屋,2023-03,CONTINUE,3,49.32,52.14,True,True,2.82,2023-01,1008.0,1028.0,1028.0,1.98,997.72,1000.77,1013.95,True,True,False,False,True,False,False,40610.0,1090.0,-7.52,False,0.5,0.89,0.96,True,4,True,0.17,0.71,False,False,,tv_wilder_rsi14_sma5_v1,52.14,49.32,True,True,2.82
9948,9948.T,アークス,2023-03,CONTINUE,5,50.89,53.71,True,True,2.82,2022-11,2099.0,2245.0,2245.0,6.96,2041.36,2042.27,2067.18,True,True,True,False,True,False,False,72627.0,2236.0,-6.13,False,1.08,1.28,1.04,False,3,True,0.14,3.24,False,False,,tv_wilder_rsi14_sma5_v1,53.71,50.89,True,True,2.82
8892,8892.T,エスコン,2023-03,CONTINUE,3,54.38,57.18,True,True,2.8,2023-01,838.0,869.0,869.0,3.7,782.0,810.47,796.04,True,True,True,False,False,False,False,215837.0,855.0,-1.99,False,1.62,1.53,1.09,False,3,True,6.35,3.57,True,False,,tv_wilder_rsi14_sma5_v1,57.18,54.38,True,True,2.8
6742,6742.T,京三製作所,2023-03,CONTINUE,3,45.32,48.11,True,True,2.79,2023-01,407.0,425.0,425.0,4.42,401.84,405.72,422.37,True,True,False,False,False,False,False,77247.0,459.0,-11.33,False,1.15,1.05,1.02,False,4,False,-3.15,2.05,False,False,,tv_wilder_rsi14_sma5_v1,48.11,45.32,True,True,2.79
7606,7606.T,ユナイテッドアローズ,2023-03,NEW,1,46.07,48.85,False,True,2.78,2023-03,1919.0,1919.0,1919.0,0.0,1823.2,1778.25,1856.64,True,True,True,False,True,False,False,258010.0,2290.0,-16.2,False,1.15,2.32,0.91,True,3,True,3.36,1.5,False,False,,tv_wilder_rsi14_sma5_v1,48.85,46.07,True,False,2.78
9729,9729.T,トーカイ,2023-03,CONTINUE,9,46.6,49.38,True,True,2.78,2022-07,1780.0,1979.0,1979.0,11.18,1701.36,1687.53,1858.8,True,True,False,False,True,False,False,44887.0,,,,0.6,1.66,1.01,False,4,True,,,,False,,tv_wilder_rsi14_sma5_v1,49.38,46.6,True,True,2.78
4249,4249.T,森六,2023-03,CONTINUE,3,44.8,47.57,True,False,2.77,2023-01,1776.0,1841.0,1841.0,3.66,1729.52,1727.88,1768.93,True,True,True,False,True,False,False,26673.0,2025.0,-12.3,False,0.9,1.18,1.16,False,3,True,-1.18,0.91,False,False,,tv_wilder_rsi14_sma5_v1,47.57,44.8,False,True,2.77
7447,7447.T,ナガイレーベン,2023-03,NEW,1,40.68,43.46,True,True,2.77,2023-03,2040.0,2040.0,2040.0,0.0,1986.8,1968.35,1979.71,True,True,True,False,True,False,True,25163.0,2124.0,-3.95,False,1.22,2.37,0.96,True,2,False,2.4,1.46,False,False,,tv_wilder_rsi14_sma5_v1,43.46,40.68,True,True,2.77
1939,1939.T,四電工,2023-03,CONTINUE,3,58.89,61.65,True,False,2.76,2023-01,608.67,630.0,630.0,3.5,583.19,581.9,587.05,True,True,True,False,True,False,True,42810.0,647.67,-6.02,False,1.05,1.37,1.1,False,2,True,4.24,2.23,False,False,,tv_wilder_rsi14_sma5_v1,61.65,58.89,False,True,2.76
4732,4732.T,ユー・エス・エス,2023-03,CONTINUE,2,53.32,56.06,True,True,2.75,2023-02,1104.5,1147.5,1147.5,3.89,1084.46,1076.65,1151.02,True,True,False,False,True,False,True,1088887.0,1330.0,-16.95,False,1.15,2.17,0.81,True,4,True,-2.91,-0.65,False,False,,tv_wilder_rsi14_sma5_v1,56.06,53.32,True,True,2.75
7201,7201.T,日産自動車,2023-03,CONTINUE,3,44.53,47.28,True,False,2.75,2023-01,463.3,501.1,501.1,8.16,429.29,458.17,496.45,True,True,False,False,False,False,False,18912170.0,643.0,-27.95,False,1.11,2.42,1.18,False,4,True,-9.86,2.76,True,False,,tv_wilder_rsi14_sma5_v1,47.28,44.53,False,True,2.75
6383,6383.T,ダイフク,2023-03,CONTINUE,3,42.45,45.19,True,False,2.74,2023-01,2363.33,2443.0,2443.0,3.37,2203.87,2271.47,2514.15,True,True,False,False,False,False,False,1461170.0,3026.67,-21.92,False,1.11,2.16,1.15,False,4,True,-7.12,6.25,False,False,,tv_wilder_rsi14_sma5_v1,45.19,42.45,False,True,2.74
1979,1979.T,大氣社,2023-03,CONTINUE,3,57.95,60.68,True,True,2.73,2023-01,1777.5,1840.0,1840.0,3.52,1687.5,1717.53,1635.75,True,True,True,False,False,True,True,95747.0,1870.0,-4.95,False,0.85,1.28,0.94,True,2,True,9.25,2.12,False,False,,tv_wilder_rsi14_sma5_v1,60.68,57.95,True,True,2.73
7220,7220.T,武蔵精密工業,2023-03,CONTINUE,3,52.62,55.32,True,True,2.71,2023-01,1777.0,1867.0,1867.0,5.06,1623.64,1673.13,1546.24,True,True,True,False,False,False,True,143090.0,1980.0,-10.25,False,1.07,2.51,1.06,False,2,True,12.12,5.08,False,False,,tv_wilder_rsi14_sma5_v1,55.32,52.62,True,True,2.71
4547,4547.T,キッセイ薬品工業,2023-03,NEW,1,51.51,54.21,True,True,2.7,2023-03,2641.0,2641.0,2641.0,0.0,2574.36,2541.19,2556.83,True,True,True,False,True,True,True,81737.0,3125.0,-15.49,False,0.87,2.25,0.99,True,1,True,4.04,0.28,False,False,,tv_wilder_rsi14_sma5_v1,54.21,51.51,True,True,2.7
4709,4709.T,ＩＤホールディングス,2023-03,CONTINUE,9,58.7,61.39,True,False,2.69,2022-07,424.5,500.0,500.0,17.79,420.22,418.25,429.42,True,True,False,False,False,False,False,38527.0,,,,1.4,1.95,1.01,False,4,True,,,,False,,tv_wilder_rsi14_sma5_v1,61.39,58.7,False,True,2.69
4187,4187.T,大阪有機化学工業,2023-03,CONTINUE,3,40.38,43.07,True,True,2.68,2023-01,2126.0,2156.0,2156.0,1.41,1990.2,2030.03,2324.8,True,True,False,False,False,False,False,103817.0,3365.0,-36.82,False,1.03,2.95,0.82,True,4,True,-11.98,3.89,False,False,,tv_wilder_rsi14_sma5_v1,43.07,40.38,True,True,2.68
8035,8035.T,東京エレクトロン,2023-03,CONTINUE,3,50.54,53.22,True,True,2.68,2023-01,15056.67,16040.0,16040.0,6.53,14320.53,14157.11,15377.55,True,True,False,False,False,True,False,3473290.0,21560.0,-30.16,False,0.8,2.65,0.91,True,4,True,-3.46,3.07,False,False,,tv_wilder_rsi14_sma5_v1,53.22,50.54,True,True,2.68
6963,6963.T,ローム,2023-03,CONTINUE,3,53.93,56.61,True,True,2.67,2023-01,2582.5,2742.5,2742.5,6.2,2473.5,2585.5,2519.78,True,False,True,False,False,False,True,2134627.0,2925.0,-11.71,False,1.06,1.94,0.96,True,2,True,3.61,2.82,False,False,,tv_wilder_rsi14_sma5_v1,56.61,53.93,True,True,2.67
7962,7962.T,キングジム,2023-03,NEW,1,50.07,52.74,False,True,2.67,2023-03,909.0,909.0,909.0,0.0,893.6,888.89,898.65,True,True,True,False,True,False,False,25247.0,942.0,-3.5,False,2.36,1.07,1.07,False,3,True,1.83,1.09,False,False,,tv_wilder_rsi14_sma5_v1,52.74,50.07,True,False,2.67
5991,5991.T,日本発条,2023-03,CONTINUE,3,52.82,55.48,True,True,2.66,2023-01,914.0,947.0,947.0,3.61,857.24,863.47,888.07,True,True,True,False,False,False,False,354223.0,975.0,-6.26,False,0.92,1.83,1.01,False,2,True,4.94,4.25,False,False,,tv_wilder_rsi14_sma5_v1,55.48,52.82,True,True,2.66
3302,3302.T,帝国繊維,2023-03,CONTINUE,3,41.05,43.7,True,True,2.65,2023-01,1552.0,1653.0,1653.0,6.51,1531.12,1586.56,1597.38,True,False,False,False,False,False,False,81280.0,2058.0,-24.59,False,0.31,1.01,0.75,True,1,False,-7.56,1.87,False,False,,tv_wilder_rsi14_sma5_v1,43.7,41.05,True,True,2.65
6340,6340.T,澁谷工業,2023-03,NEW,1,42.41,45.06,True,True,2.65,2023-03,2497.0,2497.0,2497.0,0.0,2429.04,2397.95,2431.22,True,True,True,False,False,False,True,22527.0,2610.0,-4.33,False,1.1,2.42,0.94,True,2,False,7.33,2.07,False,False,,tv_wilder_rsi14_sma5_v1,45.06,42.41,True,True,2.65
9039,9039.T,サカイ引越センター,2023-03,NEW,1,45.4,48.05,True,True,2.65,2023-03,2315.0,2315.0,2315.0,0.0,2275.7,2214.23,2314.06,True,True,True,False,True,False,True,40747.0,2785.0,-16.88,False,1.64,1.82,0.99,True,1,True,5.51,2.3,False,False,,tv_wilder_rsi14_sma5_v1,48.05,45.4,True,True,2.65
4368,4368.T,扶桑化学工業,2023-03,CONTINUE,6,47.56,50.2,True,True,2.64,2022-10,1121.67,1255.0,1255.0,11.89,1066.6,1127.38,1272.15,True,False,False,False,False,False,False,315710.0,1773.33,-36.75,False,0.9,2.55,0.96,True,4,True,-14.39,3.06,False,False,,tv_wilder_rsi14_sma5_v1,50.2,47.56,True,True,2.64
6463,6463.T,ＴＰＲ,2023-03,CONTINUE,3,44.51,47.15,True,False,2.64,2023-01,656.5,669.5,669.5,1.98,619.02,615.78,621.47,True,True,True,False,True,False,False,145660.0,758.0,-13.39,False,0.93,1.24,1.04,False,3,True,1.62,2.24,False,False,,tv_wilder_rsi14_sma5_v1,47.15,44.51,False,True,2.64
9416,9416.T,ビジョン,2023-03,CONTINUE,5,57.58,60.21,True,False,2.64,2022-11,1377.0,1601.0,1601.0,16.27,1324.2,1349.0,1258.43,True,True,True,False,False,True,True,452693.0,1664.0,-17.25,False,0.53,4.15,0.92,True,2,True,4.07,0.41,False,False,,tv_wilder_rsi14_sma5_v1,60.21,57.58,False,True,2.64
2433,2433.T,博報堂ＤＹホールディングス,2023-03,CONTINUE,6,48.28,50.91,True,False,2.63,2022-10,1256.0,1495.0,1495.0,19.03,1142.6,1239.08,1402.04,True,True,False,False,False,False,False,1842363.0,2037.0,-38.34,False,0.93,2.86,0.96,True,4,True,-20.39,3.92,False,False,,tv_wilder_rsi14_sma5_v1,50.91,48.28,False,True,2.63
3863,3863.T,日本製紙,2023-03,CONTINUE,5,40.94,43.57,True,False,2.63,2022-11,965.0,1023.0,1023.0,6.01,923.4,909.85,976.18,True,True,False,False,True,False,False,712917.0,1185.0,-18.57,False,0.64,1.95,0.65,True,4,True,-3.74,4.28,False,False,,tv_wilder_rsi14_sma5_v1,43.57,40.94,False,True,2.63
4617,4617.T,中国塗料,2023-03,CONTINUE,7,58.63,61.26,True,False,2.63,2022-09,889.0,1095.0,1095.0,23.17,879.0,884.24,900.7,True,True,False,False,False,True,True,129180.0,974.0,-8.73,False,1.31,1.71,1.02,False,4,True,-1.93,-0.53,False,False,,tv_wilder_rsi14_sma5_v1,61.26,58.63,False,True,2.63
6005,6005.T,三浦工業,2023-03,CONTINUE,9,44.4,47.03,True,True,2.63,2022-07,3190.0,3380.0,3380.0,5.96,3031.44,2836.68,3385.64,True,True,False,False,True,True,False,466477.0,,,,0.63,2.49,0.82,True,4,True,,,,False,,tv_wilder_rsi14_sma5_v1,47.03,44.4,True,True,2.63
4626,4626.T,太陽ホールディングス,2023-03,NEW,1,43.42,46.04,False,True,2.62,2023-03,1250.0,1250.0,1250.0,0.0,1221.72,1186.32,1285.76,True,True,False,False,True,False,False,166527.0,1687.5,-25.93,False,1.18,1.81,0.89,True,4,True,-2.26,3.81,False,False,,tv_wilder_rsi14_sma5_v1,46.04,43.42,True,False,2.62
6908,6908.T,イリソ電子工業,2023-03,CONTINUE,2,53.51,56.11,True,True,2.61,2023-02,4765.0,4910.0,4910.0,3.04,4529.6,4538.67,3987.54,True,True,True,False,True,True,True,61417.0,5230.0,-8.89,False,0.71,2.74,0.88,True,2,True,11.44,-3.08,False,False,,tv_wilder_rsi14_sma5_v1,56.11,53.51,True,True,2.61
8093,8093.T,極東貿易,2023-03,CONTINUE,5,63.76,66.37,True,False,2.61,2022-11,1325.0,1506.0,1506.0,13.66,1312.68,1316.23,1259.38,True,True,True,False,True,False,True,29657.0,1379.0,-3.92,False,1.33,1.18,0.86,True,2,True,4.49,0.68,False,False,,tv_wilder_rsi14_sma5_v1,66.37,63.76,False,True,2.61
4041,4041.T,日本曹達,2023-03,CONTINUE,2,64.07,66.67,True,False,2.6,2023-02,2310.0,2307.5,2307.5,-0.11,2169.8,2119.03,2147.97,True,True,True,False,True,False,True,207140.0,2400.0,-3.75,False,1.36,1.86,1.02,False,2,True,13.42,2.12,False,False,,tv_wilder_rsi14_sma5_v1,66.67,64.07,False,True,2.6
4975,4975.T,ＪＣＵ,2023-03,CONTINUE,5,46.51,49.1,True,True,2.59,2022-11,3370.0,3445.0,3445.0,2.23,3123.12,3115.79,3531.55,True,True,False,False,True,False,False,93877.0,5610.0,-39.93,False,0.68,2.55,0.76,True,4,True,-12.88,3.16,False,False,,tv_wilder_rsi14_sma5_v1,49.1,46.51,True,True,2.59
4971,4971.T,メック,2023-03,NEW,1,47.74,50.29,True,True,2.55,2023-03,2561.0,2561.0,2561.0,0.0,2370.84,2343.91,2385.99,True,True,True,False,False,False,False,163807.0,3560.0,-28.06,False,0.88,3.49,1.14,False,3,True,9.97,9.6,False,False,,tv_wilder_rsi14_sma5_v1,50.29,47.74,True,True,2.55
8227,8227.T,しまむら,2023-03,NEW,1,60.45,63.0,True,True,2.55,2023-03,6750.0,6750.0,6750.0,0.0,6610.0,6389.87,6218.43,True,True,True,True,True,True,True,344433.0,6780.0,-0.44,False,0.75,1.62,0.94,True,2,True,16.12,0.13,False,False,,tv_wilder_rsi14_sma5_v1,63.0,60.45,True,True,2.55
6465,6465.T,ホシザキ,2023-03,CONTINUE,8,56.41,58.95,True,True,2.54,2022-08,4150.0,4885.0,4885.0,17.71,4108.6,3993.73,4141.7,True,True,True,False,True,True,False,358680.0,5500.0,-24.55,False,1.08,2.13,0.96,True,3,True,-1.14,1.18,True,False,,tv_wilder_rsi14_sma5_v1,58.95,56.41,True,True,2.54
3371,3371.T,ソフトクリエイトホールディングス,2023-03,CONTINUE,3,50.47,52.98,True,True,2.52,2023-01,1650.0,1811.0,1811.0,9.76,1586.52,1642.64,1833.27,True,True,False,False,False,False,False,23987.0,2545.0,-35.17,False,0.94,2.41,0.87,True,4,True,-12.71,2.17,False,False,,tv_wilder_rsi14_sma5_v1,52.98,50.47,True,True,2.52
3431,3431.T,宮地エンジニアリンググループ,2023-03,CONTINUE,5,69.47,71.98,True,True,2.51,2022-11,851.25,935.0,935.0,9.84,830.75,819.78,843.33,True,True,True,False,True,True,True,47987.0,947.5,-10.16,False,0.74,2.2,0.95,True,1,True,5.83,1.0,False,False,,tv_wilder_rsi14_sma5_v1,71.98,69.47,True,True,2.51
4722,4722.T,フューチャー,2023-03,CONTINUE,3,57.97,60.48,True,True,2.51,2023-01,1678.0,1819.0,1819.0,8.4,1621.04,1628.63,1628.42,True,True,True,False,False,False,False,149823.0,2007.0,-16.39,False,0.71,1.92,1.0,True,3,True,7.01,2.72,False,False,,tv_wilder_rsi14_sma5_v1,60.48,57.97,True,True,2.51
1803,1803.T,清水建設,2023-03,CONTINUE,3,45.11,47.6,True,True,2.49,2023-01,727.0,750.0,750.0,3.16,697.96,717.81,726.71,True,True,True,False,False,False,False,1735850.0,798.0,-8.9,False,1.22,1.66,1.04,False,3,True,-2.38,1.88,True,False,,tv_wilder_rsi14_sma5_v1,47.6,45.11,True,True,2.49
4045,4045.T,東亞合成,2023-03,CONTINUE,3,54.39,56.88,True,False,2.49,2023-01,1175.0,1232.0,1232.0,4.85,1131.0,1138.79,1091.06,True,True,True,False,False,True,True,138307.0,1187.0,-1.01,False,0.96,1.42,1.13,False,2,True,6.12,2.48,False,False,,tv_wilder_rsi14_sma5_v1,56.88,54.39,False,True,2.49
4733,4733.T,オービックビジネスコンサルタント,2023-03,CONTINUE,3,48.38,50.86,True,True,2.47,2023-01,5070.0,4990.0,4990.0,-1.58,4485.0,4398.47,4500.4,True,True,True,False,True,False,True,143360.0,5210.0,-2.69,False,1.81,2.68,1.29,False,2,True,16.04,10.53,False,False,,tv_wilder_rsi14_sma5_v1,50.86,48.38,True,True,2.47
9990,9990.T,サックスバーホールディングス,2023-03,NEW,1,64.09,66.56,True,True,2.47,2023-03,827.0,827.0,827.0,0.0,791.76,767.05,703.35,True,True,True,True,True,True,True,159197.0,897.0,-7.8,False,1.19,3.29,0.85,True,2,False,29.51,0.12,False,False,,tv_wilder_rsi14_sma5_v1,66.56,64.09,True,True,2.47
1929,1929.T,日特建設,2023-03,CONTINUE,5,68.41,70.88,True,True,2.46,2022-11,911.0,972.0,972.0,6.7,892.76,909.47,816.46,True,True,True,False,False,True,True,90967.0,977.0,-6.76,False,0.5,1.61,0.7,True,2,True,15.32,-0.96,False,False,,tv_wilder_rsi14_sma5_v1,70.88,68.41,True,True,2.46
4246,4246.T,ダイキョーニシカワ,2023-03,CONTINUE,3,48.61,51.07,True,False,2.46,2023-01,609.0,645.0,645.0,5.91,564.24,578.32,552.33,True,True,True,False,False,True,True,105437.0,635.0,-4.09,False,0.88,1.56,1.16,False,2,True,6.14,1.72,False,False,,tv_wilder_rsi14_sma5_v1,51.07,48.61,False,True,2.46
6486,6486.T,イーグル工業,2023-03,CONTINUE,3,53.39,55.85,True,False,2.46,2023-01,1135.0,1188.0,1188.0,4.67,1081.24,1086.43,1055.88,True,True,True,False,True,False,True,70883.0,1247.0,-8.98,False,0.75,1.45,1.04,False,2,True,7.62,2.4,False,False,,tv_wilder_rsi14_sma5_v1,55.85,53.39,False,True,2.46
9795,9795.T,ステップ,2023-03,CONTINUE,2,54.8,57.26,False,True,2.46,2023-02,1850.0,1876.0,1876.0,1.41,1789.2,1792.92,1786.5,True,True,True,False,True,False,True,8693.0,1940.0,-4.64,False,1.22,1.02,0.87,True,2,True,2.46,1.39,True,False,,tv_wilder_rsi14_sma5_v1,57.26,54.8,True,False,2.46
8015,8015.T,豊田通商,2023-03,CONTINUE,3,59.08,61.53,True,True,2.45,2023-01,1820.0,1873.33,1873.33,2.93,1683.93,1681.22,1605.96,True,True,True,True,False,True,True,1988870.0,1816.67,0.18,True,0.78,1.84,1.13,False,2,True,15.48,5.61,False,False,,tv_wilder_rsi14_sma5_v1,61.53,59.08,True,True,2.45
2810,2810.T,ハウス食品グループ本社,2023-03,NEW,1,40.87,43.3,True,True,2.43,2023-03,2810.0,2810.0,2810.0,0.0,2744.24,2726.79,2807.68,True,True,True,False,True,True,False,172057.0,3070.0,-8.47,False,1.59,1.57,1.05,False,1,True,-1.08,1.12,False,False,,tv_wilder_rsi14_sma5_v1,43.3,40.87,True,True,2.43
6947,6947.T,図研,2023-03,CONTINUE,2,52.81,55.23,True,False,2.42,2023-02,3505.0,3440.0,3440.0,-1.85,3302.4,3167.15,3218.74,True,True,True,False,True,True,True,27737.0,3880.0,-9.66,False,0.69,2.19,0.84,True,2,True,10.73,2.59,False,False,,tv_wilder_rsi14_sma5_v1,55.23,52.81,False,True,2.42
2335,2335.T,キューブシステム,2023-03,CONTINUE,6,55.27,57.68,True,False,2.41,2022-10,1000.0,1142.0,1142.0,14.2,980.04,1012.84,955.04,True,False,True,False,False,True,False,34957.0,1094.0,-8.59,False,1.12,1.24,0.92,True,3,True,0.28,0.85,False,False,,tv_wilder_rsi14_sma5_v1,57.68,55.27,False,True,2.41
3877,3877.T,中越パルプ工業,2023-03,CONTINUE,8,43.07,45.48,True,False,2.41,2022-08,1000.0,1026.0,1026.0,2.6,942.72,920.96,958.27,True,True,True,False,True,True,False,35573.0,1279.0,-21.81,False,1.38,1.85,1.02,False,3,True,-1.46,4.8,False,False,,tv_wilder_rsi14_sma5_v1,45.48,43.07,False,True,2.41
8074,8074.T,ＹＵＡＳＡ,2023-03,NEW,1,61.45,63.86,True,True,2.4,2023-03,3785.0,3785.0,3785.0,0.0,3749.6,3635.87,3588.95,True,True,True,True,True,True,True,26410.0,3950.0,-4.18,False,1.04,2.43,0.93,True,2,False,11.45,-1.49,False,False,,tv_wilder_rsi14_sma5_v1,63.86,61.45,True,True,2.4
3132,3132.T,マクニカホールディングス,2023-03,CONTINUE,3,65.93,68.32,True,False,2.39,2023-01,1145.0,1253.33,1253.33,9.46,1075.93,1083.4,981.45,True,True,True,False,False,True,True,770550.0,1211.67,-5.5,False,1.46,2.66,1.05,False,2,True,27.27,3.76,True,False,,tv_wilder_rsi14_sma5_v1,68.32,65.93,False,True,2.39
6976,6976.T,太陽誘電,2023-03,CONTINUE,3,46.5,48.88,True,True,2.38,2023-01,4375.0,4440.0,4440.0,1.49,4188.8,4180.2,4510.73,True,True,False,False,False,True,False,1327860.0,6170.0,-29.09,False,0.93,2.82,0.95,True,4,True,-6.22,3.16,False,False,,tv_wilder_rsi14_sma5_v1,48.88,46.5,True,True,2.38
5444,5444.T,大和工業,2023-03,CONTINUE,3,65.5,67.87,True,False,2.37,2023-01,4900.0,5340.0,5340.0,8.98,4757.6,4652.8,4503.52,True,True,True,True,True,True,True,194483.0,5200.0,-5.77,False,1.88,2.51,1.16,False,2,True,20.24,5.75,False,False,,tv_wilder_rsi14_sma5_v1,67.87,65.5,False,True,2.37
9658,9658.T,ビジネスブレイン太田昭和,2023-03,CONTINUE,6,60.03,62.4,True,True,2.37,2022-10,500.67,701.0,701.0,40.01,493.48,493.68,499.56,True,True,True,False,False,True,False,82370.0,683.33,-26.73,False,1.6,2.75,1.04,False,3,False,-3.83,1.24,False,False,,tv_wilder_rsi14_sma5_v1,62.4,60.03,True,True,2.37
3591,3591.T,ワコールホールディングス,2023-03,CONTINUE,11,56.15,58.51,True,True,2.36,2022-05,1990.0,2487.0,2487.0,24.97,1910.96,1908.33,2107.41,True,True,False,False,True,False,,153960.0,,,,1.4,2.53,0.95,True,4,True,,,,False,,tv_wilder_rsi14_sma5_v1,58.51,56.15,True,True,2.36
6902,6902.T,デンソー,2023-03,CONTINUE,2,50.78,53.14,True,True,2.36,2023-02,1809.75,1860.75,1860.75,2.82,1800.05,1781.13,1828.49,True,True,False,False,True,True,False,5668080.0,2169.5,-16.58,False,0.87,1.54,0.82,True,4,True,-7.49,-0.48,False,False,,tv_wilder_rsi14_sma5_v1,53.14,50.78,True,True,2.36
8337,8337.T,千葉興業銀行,2023-03,CONTINUE,8,76.66,79.0,True,False,2.34,2022-08,263.0,537.0,537.0,104.18,256.88,257.92,263.44,True,True,False,False,True,False,False,199360.0,307.0,-14.33,False,0.74,1.82,1.02,False,1,True,-0.52,2.68,False,False,,tv_wilder_rsi14_sma5_v1,79.0,76.66,False,True,2.34
9882,9882.T,イエローハット,2023-03,CONTINUE,2,53.23,55.56,True,True,2.33,2023-02,889.5,911.5,911.5,2.47,875.5,868.63,871.31,True,True,True,False,True,False,True,152640.0,941.5,-5.52,False,0.93,1.03,0.78,True,2,True,3.17,0.05,False,False,,tv_wilder_rsi14_sma5_v1,55.56,53.23,True,True,2.33
5933,5933.T,アルインコ,2023-03,CONTINUE,9,58.6,60.92,True,False,2.32,2022-07,902.0,1055.0,1055.0,16.96,875.16,859.05,909.37,True,True,False,False,True,True,False,48767.0,,,,0.89,1.43,1.11,False,4,True,,,,False,,tv_wilder_rsi14_sma5_v1,60.92,58.6,False,True,2.32
6473,6473.T,ジェイテクト,2023-03,CONTINUE,2,48.69,51.01,False,True,2.32,2023-02,1017.0,1021.0,1021.0,0.39,980.16,961.65,987.68,True,True,True,False,True,True,True,1067093.0,1126.0,-9.68,False,0.86,1.79,0.88,True,1,True,0.58,0.48,False,False,,tv_wilder_rsi14_sma5_v1,51.01,48.69,True,False,2.32
2784,2784.T,アルフレッサホールディングス,2023-03,NEW,1,43.17,45.47,True,True,2.31,2023-03,1696.0,1696.0,1696.0,0.0,1691.88,1648.19,1684.72,True,True,True,False,True,True,False,505983.0,1902.0,-10.83,False,1.25,1.67,0.92,True,1,False,-1.87,-1.81,False,False,,tv_wilder_rsi14_sma5_v1,45.47,43.17,True,True,2.31
5357,5357.T,ヨータイ,2023-03,CONTINUE,3,63.23,65.54,True,True,2.31,2023-01,1524.0,1518.0,1518.0,-0.39,1421.88,1398.84,1416.83,True,True,True,False,True,True,True,18340.0,1593.0,-4.33,False,1.19,1.62,0.78,True,2,True,11.33,4.57,False,False,,tv_wilder_rsi14_sma5_v1,65.54,63.23,True,True,2.31
9880,9880.T,イノテック,2023-03,CONTINUE,3,54.58,56.89,True,False,2.31,2023-01,1349.0,1383.0,1383.0,2.52,1303.76,1277.48,1309.48,True,True,True,False,True,True,False,27840.0,1504.0,-10.31,False,0.9,1.06,0.8,True,3,True,1.58,2.17,False,False,,tv_wilder_rsi14_sma5_v1,56.89,54.58,False,True,2.31
3109,3109.T,シキボウ,2023-03,CONTINUE,5,53.32,55.61,True,False,2.3,2022-11,878.0,1005.0,1005.0,14.46,856.52,877.52,888.22,True,True,False,False,False,False,False,36377.0,947.0,-7.29,False,0.99,0.98,0.96,True,4,True,-3.21,1.41,False,False,,tv_wilder_rsi14_sma5_v1,55.61,53.32,False,True,2.3
6371,6371.T,椿本チエイン,2023-03,CONTINUE,3,49.77,52.06,True,True,2.29,2023-01,1031.67,1071.67,1071.67,3.88,1002.01,1023.39,1030.56,True,True,True,False,False,False,False,212610.0,1138.33,-9.37,False,1.13,1.12,1.03,False,1,True,-0.72,0.8,True,False,,tv_wilder_rsi14_sma5_v1,52.06,49.77,True,True,2.29
8058,8058.T,三菱商事,2023-03,CONTINUE,3,61.38,63.67,True,True,2.29,2023-01,1445.33,1583.67,1583.67,9.57,1440.17,1441.16,1428.19,True,True,True,False,False,True,False,10602040.0,1615.0,-10.51,False,1.0,1.58,1.07,False,3,True,6.54,0.89,False,False,,tv_wilder_rsi14_sma5_v1,63.67,61.38,True,True,2.29
9068,9068.T,丸全昭和運輸,2023-03,CONTINUE,3,49.55,51.83,True,True,2.28,2023-01,3140.0,3220.0,3220.0,2.55,2987.32,3055.97,3090.39,True,True,True,False,False,False,False,16197.0,3355.0,-6.41,False,1.29,1.6,0.88,True,3,True,1.88,2.14,True,False,,tv_wilder_rsi14_sma5_v1,51.83,49.55,True,True,2.28
7282,7282.T,豊田合成,2023-03,CONTINUE,2,47.46,49.73,False,True,2.27,2023-02,2218.0,2280.0,2280.0,2.8,2148.24,2150.95,2195.39,True,True,True,False,True,False,True,262463.0,2457.0,-9.73,False,0.91,1.4,0.77,True,2,True,-1.73,0.07,False,False,,tv_wilder_rsi14_sma5_v1,49.73,47.46,True,False,2.27
7532,7532.T,ﾊﾟﾝ･ﾊﾟｼﾌｨｯｸ･ｲﾝﾀｰﾅｼｮﾅﾙﾎｰﾙﾃﾞｨﾝｸﾞｽ,2023-03,CONTINUE,2,57.39,59.66,True,True,2.27,2023-02,498.0,511.8,511.8,2.77,487.42,477.67,462.35,True,True,True,True,True,False,True,9423167.0,546.4,-8.86,False,0.78,2.67,0.96,True,2,True,15.57,-0.9,False,False,,tv_wilder_rsi14_sma5_v1,59.66,57.39,True,True,2.27
9551,9551.T,メタウォーター,2023-03,NEW,1,39.18,41.45,False,True,2.27,2023-03,1727.0,1727.0,1727.0,0.0,1692.2,1667.45,1844.3,True,True,False,False,True,False,False,103763.0,2182.0,-20.85,False,1.03,1.65,0.87,True,4,False,-4.89,2.51,False,False,,tv_wilder_rsi14_sma5_v1,41.45,39.18,True,False,2.27
8014,8014.T,蝶理,2023-03,CONTINUE,4,66.48,68.74,True,False,2.26,2022-12,2162.0,2508.0,2508.0,16.0,2046.48,1989.27,1942.92,True,True,True,True,True,True,True,35293.0,2225.0,-2.83,False,1.06,1.88,1.35,False,2,True,15.7,5.49,False,False,,tv_wilder_rsi14_sma5_v1,68.74,66.48,False,True,2.26
9684,9684.T,ｽｸｳｪｱ･ｴﾆｯｸｽ･ﾎｰﾙﾃﾞｨﾝｸﾞｽ,2023-03,NEW,1,53.6,55.87,False,True,2.26,2023-03,2120.0,2120.0,2120.0,0.0,2079.6,2063.47,2078.73,True,True,True,False,True,False,True,1096430.0,2383.33,-11.05,False,0.88,1.91,0.97,True,2,True,7.31,1.86,False,False,,tv_wilder_rsi14_sma5_v1,55.87,53.6,True,False,2.26
3107,3107.T,ダイワボウホールディングス,2023-03,CONTINUE,2,58.98,61.22,True,True,2.25,2023-02,2104.0,2183.0,2183.0,3.75,2010.32,2012.95,1907.43,True,True,True,False,True,True,True,163060.0,2268.0,-7.23,False,0.84,2.57,0.82,True,2,True,8.11,-1.4,False,False,,tv_wilder_rsi14_sma5_v1,61.22,58.98,True,True,2.25
3199,3199.T,綿半ホールディングス,2023-03,CONTINUE,3,56.75,59.0,True,False,2.25,2023-01,1406.0,1422.0,1422.0,1.14,1350.08,1353.23,1364.78,True,True,True,False,True,False,False,19893.0,1479.0,-4.94,False,1.25,0.93,1.01,False,1,True,4.83,2.36,True,False,,tv_wilder_rsi14_sma5_v1,59.0,56.75,False,True,2.25
7731,7731.T,ニコン,2023-03,CONTINUE,2,50.12,52.36,False,True,2.24,2023-02,1350.0,1355.0,1355.0,0.37,1267.92,1260.44,1418.8,True,True,False,False,True,False,False,1986673.0,1774.0,-23.9,False,1.38,2.38,1.12,False,4,True,-5.13,2.3,False,False,,tv_wilder_rsi14_sma5_v1,52.36,50.12,True,False,2.24
2804,2804.T,ブルドックソース,2023-03,CONTINUE,4,50.83,53.05,True,False,2.21,2022-12,1824.0,1912.0,1912.0,4.82,1739.88,1755.8,1856.33,True,True,False,False,True,False,False,18960.0,2240.0,-18.57,False,1.29,2.31,1.16,False,4,True,-7.74,1.55,False,False,,tv_wilder_rsi14_sma5_v1,53.05,50.83,False,True,2.21
5632,5632.T,三菱製鋼,2023-03,CONTINUE,5,53.41,55.62,True,False,2.21,2022-11,995.0,1170.0,1170.0,17.59,965.44,970.73,1022.75,True,True,False,False,True,True,False,89967.0,1387.0,-28.26,False,0.78,2.02,0.8,True,4,True,-6.3,1.08,False,False,,tv_wilder_rsi14_sma5_v1,55.62,53.41,False,True,2.21
9503,9503.T,関西電力,2023-03,CONTINUE,4,54.81,57.02,True,True,2.21,2022-12,1279.0,1291.0,1291.0,0.94,1188.36,1179.73,1232.88,True,True,True,False,True,False,True,3103673.0,1429.0,-10.5,False,0.85,2.12,1.1,False,2,True,5.4,4.21,False,False,,tv_wilder_rsi14_sma5_v1,57.02,54.81,True,True,2.21
2930,2930.T,北の達人コーポレーション,2023-03,CONTINUE,10,46.68,48.88,True,False,2.2,2022-06,204.0,335.0,335.0,64.22,199.48,201.67,296.73,True,True,False,False,True,False,False,1521600.0,,,,0.71,4.48,0.81,True,4,True,,,,False,,tv_wilder_rsi14_sma5_v1,48.88,46.68,False,True,2.2
6869,6869.T,シスメックス,2023-03,CONTINUE,3,43.54,45.75,True,True,2.2,2023-01,2853.67,2881.0,2881.0,0.96,2736.44,2754.97,2793.5,True,True,True,False,False,True,False,1662270.0,3811.67,-25.13,False,0.92,2.3,0.84,True,3,True,-4.97,4.21,False,False,,tv_wilder_rsi14_sma5_v1,45.75,43.54,True,True,2.2
8200,8200.T,リンガーハット,2023-03,NEW,1,48.09,50.28,True,True,2.18,2023-03,2262.0,2262.0,2262.0,0.0,2239.0,2237.4,2239.47,True,True,True,False,False,True,False,124183.0,2446.0,-7.52,False,0.54,1.44,1.1,False,3,True,1.13,0.17,False,False,,tv_wilder_rsi14_sma5_v1,50.28,48.09,True,True,2.18
2220,2220.T,亀田製菓,2023-03,NEW,1,44.86,47.03,False,True,2.17,2023-03,1465.0,1465.0,1465.0,0.0,1431.47,1441.18,1484.42,True,True,False,False,False,False,True,59640.0,1625.0,-9.85,False,1.13,1.23,1.05,False,4,True,-0.18,0.06,False,False,,tv_wilder_rsi14_sma5_v1,47.03,44.86,True,False,2.17
7309,7309.T,シマノ,2023-03,NEW,1,45.61,47.78,True,True,2.17,2023-03,22840.0,22840.0,22840.0,0.0,21641.8,21984.67,22789.55,True,True,True,False,False,False,False,310560.0,29490.0,-22.55,False,0.71,1.83,1.02,False,3,True,-0.06,4.49,False,False,,tv_wilder_rsi14_sma5_v1,47.78,45.61,True,True,2.17
9279,9279.T,ギフトホールディングス,2023-03,NEW,1,75.02,77.19,True,True,2.17,2023-03,2280.0,2280.0,2280.0,0.0,2175.2,2112.87,1735.16,True,True,True,True,True,True,True,168413.0,2337.5,-2.46,False,0.87,4.93,0.85,True,2,False,49.83,-1.36,False,False,,tv_wilder_rsi14_sma5_v1,77.19,75.02,True,True,2.17
8158,8158.T,ソーダニッカ,2023-03,CONTINUE,5,59.27,61.42,True,False,2.15,2022-11,599.0,812.0,812.0,35.56,601.84,598.61,631.36,False,True,False,False,True,True,False,77650.0,924.0,-35.17,False,0.86,1.53,0.6,True,4,True,-8.7,-0.64,False,False,,tv_wilder_rsi14_sma5_v1,61.42,59.27,False,True,2.15
6412,6412.T,平和,2023-03,CONTINUE,2,67.44,69.57,True,True,2.14,2023-02,2555.0,2629.0,2629.0,2.9,2369.64,2392.83,2213.14,True,True,True,False,False,True,True,209347.0,2553.0,0.08,True,1.17,2.34,1.04,False,2,True,18.4,3.84,False,False,,tv_wilder_rsi14_sma5_v1,69.57,67.44,True,True,2.14
8043,8043.T,スターゼン,2023-03,CONTINUE,6,52.35,54.49,True,False,2.14,2022-10,687.33,725.33,725.33,5.53,685.07,691.5,679.24,True,False,True,False,False,True,True,54000.0,755.67,-9.04,False,1.95,1.87,1.03,False,1,False,0.23,0.12,False,False,,tv_wilder_rsi14_sma5_v1,54.49,52.35,False,True,2.14
7701,7701.T,島津製作所,2023-03,NEW,1,49.56,51.69,True,True,2.13,2023-03,4140.0,4140.0,4140.0,0.0,4004.0,3917.87,4095.15,True,True,True,False,True,False,False,647637.0,4875.0,-15.08,False,1.1,2.33,1.18,False,3,True,6.19,4.62,False,False,,tv_wilder_rsi14_sma5_v1,51.69,49.56,True,True,2.13
5805,5805.T,ＳＷＣＣ,2023-03,CONTINUE,3,56.43,58.55,True,False,2.12,2023-01,1823.0,1895.0,1895.0,3.95,1755.24,1746.35,1745.4,True,True,True,True,False,False,False,123837.0,1991.0,-8.44,False,1.09,1.81,0.9,True,3,False,5.81,2.46,False,False,,tv_wilder_rsi14_sma5_v1,58.55,56.43,False,True,2.12
1766,1766.T,東建コーポレーション,2023-03,CONTINUE,3,43.62,45.7,True,True,2.08,2023-01,7830.0,7940.0,7940.0,1.4,7574.0,7702.0,8175.3,True,True,False,False,True,False,False,22780.0,9520.0,-17.75,False,1.5,1.46,0.97,True,4,True,-6.91,2.08,False,False,,tv_wilder_rsi14_sma5_v1,45.7,43.62,True,True,2.08
2281,2281.T,プリマハム,2023-03,CONTINUE,4,41.4,43.47,True,True,2.07,2022-12,2199.0,2201.0,2201.0,0.09,2107.2,2060.47,2147.74,True,True,True,False,True,False,False,100303.0,2559.0,-14.07,False,1.36,1.42,1.18,False,3,True,-0.78,2.96,False,False,,tv_wilder_rsi14_sma5_v1,43.47,41.4,True,True,2.07
3387,3387.T,クリエイト・レストランツ・ホールディン,2023-03,CONTINUE,3,57.14,59.21,True,True,2.07,2023-01,495.0,505.0,505.0,2.02,465.92,465.25,458.46,True,True,True,True,True,False,True,1633173.0,512.0,-3.32,False,1.18,2.64,0.9,True,2,True,17.06,3.66,False,False,,tv_wilder_rsi14_sma5_v1,59.21,57.14,True,True,2.07
4369,4369.T,トリケミカル研究所,2023-03,CONTINUE,3,45.92,47.99,True,True,2.07,2023-01,2333.0,2423.0,2423.0,3.86,2146.16,2219.93,2291.6,True,True,True,False,False,True,False,270157.0,3330.0,-29.94,False,1.0,3.19,1.0,True,3,True,-3.31,4.15,False,False,,tv_wilder_rsi14_sma5_v1,47.99,45.92,True,True,2.07
6988,6988.T,日東電工,2023-03,CONTINUE,3,50.66,52.72,True,True,2.07,2023-01,1672.0,1710.0,1710.0,2.27,1569.52,1621.39,1708.67,True,True,False,False,False,False,False,2959483.0,1984.0,-15.73,False,1.48,2.2,1.16,False,4,True,-0.66,3.17,False,False,,tv_wilder_rsi14_sma5_v1,52.72,50.66,True,True,2.07
8218,8218.T,コメリ,2023-03,CONTINUE,2,50.0,52.06,True,True,2.07,2023-02,2650.0,2736.0,2736.0,3.25,2629.88,2638.65,2661.57,True,True,False,False,False,False,True,78263.0,2876.0,-7.86,False,1.05,0.95,1.02,False,4,False,-1.52,-0.42,False,False,,tv_wilder_rsi14_sma5_v1,52.06,50.0,True,True,2.07
8091,8091.T,ニチモウ,2023-03,CONTINUE,5,65.35,67.41,True,False,2.06,2022-11,1324.5,1582.5,1582.5,19.48,1270.84,1291.37,1287.94,True,True,True,False,False,True,True,43020.0,1490.0,-11.11,False,0.73,2.23,0.86,True,1,True,3.78,0.3,False,False,,tv_wilder_rsi14_sma5_v1,67.41,65.35,False,True,2.06
4208,4208.T,ＵＢＥ,2023-03,CONTINUE,3,48.2,50.25,True,True,2.05,2023-01,2033.0,2055.0,2055.0,1.08,1956.8,1955.51,1999.05,True,True,True,False,False,False,False,361130.0,2268.0,-10.36,False,0.94,0.97,1.09,False,1,True,1.46,1.5,False,False,,tv_wilder_rsi14_sma5_v1,50.25,48.2,True,True,2.05
4410,4410.T,ハリマ化成グループ,2023-03,CONTINUE,3,48.69,50.75,True,False,2.05,2023-01,836.0,877.0,877.0,4.9,815.84,831.47,821.7,True,True,True,False,False,False,True,58630.0,955.0,-12.46,False,1.91,1.63,1.27,False,2,True,1.76,1.74,False,False,,tv_wilder_rsi14_sma5_v1,50.75,48.69,False,True,2.05
7245,7245.T,大同メタル工業,2023-03,CONTINUE,3,41.81,43.85,True,False,2.05,2023-01,499.0,511.0,511.0,2.4,481.04,489.52,514.77,True,True,False,False,False,False,False,86630.0,671.0,-25.63,False,0.68,1.07,0.98,True,4,True,-8.75,0.56,False,False,,tv_wilder_rsi14_sma5_v1,43.85,41.81,False,True,2.05
6971,6971.T,京セラ,2023-03,NEW,1,47.95,49.98,False,True,2.03,2023-03,1722.0,1722.0,1722.0,0.0,1696.52,1667.85,1773.09,True,True,False,False,True,False,False,4329533.0,2052.75,-16.11,False,1.08,1.62,0.93,True,4,False,-0.16,1.8,True,False,,tv_wilder_rsi14_sma5_v1,49.98,47.95,True,False,2.03
2742,2742.T,ハローズ,2023-03,CONTINUE,3,53.62,55.65,True,False,2.02,2023-01,3180.0,3190.0,3190.0,0.31,3023.6,2981.09,3042.41,True,True,True,False,True,True,True,25293.0,3360.0,-5.36,False,1.41,1.72,0.98,True,1,True,6.16,1.4,False,False,,tv_wilder_rsi14_sma5_v1,55.65,53.62,False,True,2.02
4202,4202.T,ダイセル,2023-03,NEW,1,58.37,60.38,True,True,2.01,2023-03,1000.0,1000.0,1000.0,0.0,993.24,959.95,913.11,True,True,True,True,True,True,True,1083523.0,1067.0,-6.28,False,1.07,2.61,0.78,True,2,False,13.05,0.69,False,False,,tv_wilder_rsi14_sma5_v1,60.38,58.37,True,True,2.01
5463,5463.T,丸一鋼管,2023-03,CONTINUE,2,52.13,54.13,True,False,2.0,2023-02,985.33,970.0,970.0,-1.56,938.55,930.69,955.56,True,True,True,False,True,False,True,386650.0,1051.67,-6.31,False,1.4,1.55,1.07,False,1,True,0.87,0.17,False,False,,tv_wilder_rsi14_sma5_v1,54.13,52.13,False,True,2.0
4373,4373.T,シンプレクス・ホールディングス,2023-03,NEW,1,53.02,55.0,,True,1.99,2023-03,609.0,609.0,609.0,0.0,582.73,563.58,526.9,True,True,True,True,True,True,True,388853.0,619.25,-1.66,False,0.86,3.46,1.01,False,2,True,28.79,3.69,False,False,,tv_wilder_rsi14_sma5_v1,55.0,53.02,True,,1.99
6013,6013.T,タクマ,2023-03,CONTINUE,3,42.87,44.86,True,False,1.99,2023-01,1283.0,1327.0,1327.0,3.43,1231.12,1245.65,1327.49,True,True,False,False,False,False,False,96517.0,1578.0,-18.69,False,0.85,1.53,1.08,False,4,True,-2.91,2.3,True,False,,tv_wilder_rsi14_sma5_v1,44.86,42.87,False,True,1.99
3076,3076.T,あい   ホールディングス,2023-03,CONTINUE,3,57.6,59.58,True,True,1.98,2023-01,2186.0,2291.0,2291.0,4.8,2104.12,2150.73,1919.89,True,True,True,False,False,False,True,69640.0,2310.0,-5.37,False,0.79,1.4,0.91,True,2,True,16.49,1.95,False,False,,tv_wilder_rsi14_sma5_v1,59.58,57.6,True,True,1.98
9622,9622.T,スペース,2023-03,CONTINUE,6,47.58,49.54,True,True,1.97,2022-10,878.0,920.0,920.0,4.78,866.84,871.64,898.22,True,True,False,False,True,False,False,32507.0,1000.0,-12.2,False,1.02,1.15,0.83,True,4,True,-3.6,1.23,False,False,,tv_wilder_rsi14_sma5_v1,49.54,47.58,True,True,1.97
7459,7459.T,メディパルホールディングス,2023-03,CONTINUE,2,40.41,42.37,True,True,1.96,2023-02,1785.0,1804.0,1804.0,1.06,1735.24,1745.84,1832.8,True,True,False,False,True,False,False,414640.0,2238.0,-20.24,False,1.26,1.2,1.01,False,4,True,-6.26,2.72,False,False,,tv_wilder_rsi14_sma5_v1,42.37,40.41,True,True,1.96
2282,2282.T,日本ハム,2023-03,CONTINUE,3,43.03,44.98,True,True,1.95,2023-01,3900.0,3835.0,3835.0,-1.67,3682.0,3658.93,3897.43,True,True,True,False,False,False,False,416297.0,4525.0,-13.81,False,1.33,1.43,1.13,False,3,True,-0.99,3.24,True,False,,tv_wilder_rsi14_sma5_v1,44.98,43.03,True,True,1.95
2664,2664.T,カワチ薬品,2023-03,CONTINUE,5,48.7,50.65,True,False,1.95,2022-11,2111.0,2287.0,2287.0,8.34,2108.6,2112.17,2154.53,True,False,False,False,True,False,False,48367.0,2481.0,-14.91,False,0.89,1.27,1.04,False,4,False,-3.07,0.87,False,False,,tv_wilder_rsi14_sma5_v1,50.65,48.7,False,True,1.95
6277,6277.T,ホソカワミクロン,2023-03,NEW,1,50.31,52.26,True,True,1.95,2023-03,2900.0,2900.0,2900.0,0.0,2841.0,2742.92,2698.02,True,True,True,True,True,True,True,43560.0,3045.0,-4.76,False,0.79,2.62,0.78,True,2,False,11.82,2.32,False,False,,tv_wilder_rsi14_sma5_v1,52.26,50.31,True,True,1.95
9739,9739.T,ＮＳＷ,2023-03,CONTINUE,2,47.12,49.06,True,True,1.95,2023-02,2134.0,2169.0,2169.0,1.64,2089.96,2093.88,2227.68,True,True,False,False,True,False,False,15500.0,2546.0,-16.18,False,1.01,1.43,0.97,True,4,True,-5.82,-0.14,False,False,,tv_wilder_rsi14_sma5_v1,49.06,47.12,True,True,1.95
8008,8008.T,ヨンドシーホールディングス,2023-03,CONTINUE,4,46.39,48.33,True,True,1.94,2022-12,1747.0,1785.0,1785.0,2.18,1733.48,1737.92,1738.22,True,True,True,False,True,False,True,61317.0,1871.0,-6.63,False,0.93,1.25,1.15,False,2,True,1.17,0.27,False,False,,tv_wilder_rsi14_sma5_v1,48.33,46.39,True,True,1.94
2767,2767.T,円谷フィールズホールディングス,2023-03,CONTINUE,2,87.19,89.12,True,False,1.93,2023-02,2085.0,2069.0,2069.0,-0.77,1529.06,1302.66,895.45,True,True,True,True,True,True,True,1993407.0,2125.0,-1.88,False,0.97,6.21,1.39,False,2,True,245.46,42.1,False,False,,tv_wilder_rsi14_sma5_v1,89.12,87.19,False,True,1.93
6301,6301.T,小松製作所,2023-03,CONTINUE,3,55.54,57.45,True,True,1.92,2023-01,3155.0,3277.0,3277.0,3.87,2968.34,2974.54,2977.17,True,True,True,False,False,True,True,2811267.0,3570.0,-11.62,False,1.13,1.68,1.08,False,1,True,8.27,2.51,False,False,,tv_wilder_rsi14_sma5_v1,57.45,55.54,True,True,1.92
2124,2124.T,ジェイエイシーリクルートメント,2023-03,NEW,1,62.95,64.86,False,True,1.91,2023-03,651.25,651.25,651.25,0.0,632.83,606.56,557.44,True,True,True,True,True,True,True,350107.0,687.5,-5.27,False,0.87,3.61,1.05,False,2,False,26.34,1.09,False,False,,tv_wilder_rsi14_sma5_v1,64.86,62.95,True,False,1.91
8137,8137.T,サンワ   テクノス,2023-03,CONTINUE,6,65.91,67.83,True,False,1.91,2022-10,1499.0,1943.0,1943.0,29.62,1327.0,1378.69,1352.83,True,True,True,False,False,True,False,32497.0,1839.0,-18.49,False,3.1,2.4,1.11,False,3,True,6.97,3.33,True,False,,tv_wilder_rsi14_sma5_v1,67.83,65.91,False,True,1.91
2695,2695.T,くら寿司,2023-03,CONTINUE,2,47.9,49.8,False,True,1.9,2023-02,1600.0,1630.0,1630.0,1.88,1554.8,1596.45,1583.87,True,True,True,False,True,False,False,315120.0,1930.0,-17.1,False,0.92,1.5,0.95,True,3,True,-4.65,0.94,False,False,,tv_wilder_rsi14_sma5_v1,49.8,47.9,True,False,1.9
6135,6135.T,牧野フライス製作所,2023-03,CONTINUE,3,57.0,58.9,True,False,1.9,2023-01,4645.0,4855.0,4855.0,4.52,4384.0,4473.47,4392.73,True,True,True,False,False,False,True,66330.0,4860.0,-4.42,False,1.15,1.77,1.14,False,2,True,8.31,2.26,True,False,,tv_wilder_rsi14_sma5_v1,58.9,57.0,False,True,1.9
167A,167A.T,リョーサン菱洋ホールディングス,2023-03,CONTINUE,6,53.47,55.35,True,False,1.89,2022-10,2295.0,2466.0,2466.0,7.45,2174.72,2264.53,2183.93,True,True,True,False,False,False,False,126483.0,2598.0,-11.66,False,1.54,1.43,0.87,True,3,True,3.09,1.99,False,False,,tv_wilder_rsi14_sma5_v1,55.35,53.47,False,True,1.89
3104,3104.T,富士紡ホールディングス,2023-03,NEW,1,44.26,46.15,True,True,1.89,2023-03,1101.67,1101.67,1101.67,0.0,1060.87,1071.09,1108.04,True,True,False,False,True,False,False,111810.0,1225.0,-10.07,False,0.83,1.84,0.95,True,4,True,1.41,3.18,False,False,,tv_wilder_rsi14_sma5_v1,46.15,44.26,True,True,1.89
7839,7839.T,ＳＨＯＥＩ,2023-03,NEW,1,61.19,63.08,False,True,1.89,2023-03,2774.0,2774.0,2774.0,0.0,2729.84,2617.58,2686.3,True,True,True,False,True,False,True,138700.0,2995.0,-7.38,False,1.26,2.03,0.91,True,1,True,14.83,3.43,False,False,,tv_wilder_rsi14_sma5_v1,63.08,61.19,True,False,1.89
9962,9962.T,ミスミグループ本社,2023-03,CONTINUE,3,47.27,49.16,True,True,1.89,2023-01,3235.0,3300.0,3300.0,2.01,3036.16,3185.32,3188.49,True,True,True,False,False,False,False,740640.0,4065.0,-20.42,False,1.23,2.49,0.99,True,3,True,-4.43,5.93,False,False,,tv_wilder_rsi14_sma5_v1,49.16,47.27,True,True,1.89
6331,6331.T,三菱化工機,2023-03,CONTINUE,3,50.23,52.12,True,False,1.88,2023-01,729.33,745.67,745.67,2.24,697.23,697.09,695.68,True,True,True,True,True,False,True,66500.0,784.67,-7.05,False,1.07,1.38,1.11,False,2,True,6.01,2.84,False,False,,tv_wilder_rsi14_sma5_v1,52.12,50.23,False,True,1.88
6324,6324.T,ハーモニック・ドライブ・システムズ,2023-03,CONTINUE,3,44.93,46.8,False,False,1.87,2023-01,4340.0,4395.0,4395.0,1.27,3943.8,4201.2,4197.15,True,True,True,False,True,False,False,572237.0,5530.0,-21.52,False,1.22,2.58,1.17,False,1,True,-2.61,4.4,False,False,,tv_wilder_rsi14_sma5_v1,46.8,44.93,False,False,1.87
1899,1899.T,福田組,2023-03,NEW,1,47.07,48.92,False,True,1.86,2023-03,2325.0,2325.0,2325.0,0.0,2245.5,2247.97,2341.95,True,True,False,False,True,False,False,15080.0,2515.0,-7.55,False,1.67,1.74,0.86,True,4,True,2.36,1.45,True,False,,tv_wilder_rsi14_sma5_v1,48.92,47.07,True,False,1.86
6471,6471.T,日本精工,2023-03,CONTINUE,3,44.4,46.26,False,True,1.86,2023-01,728.0,756.0,756.0,3.85,703.88,733.67,740.85,True,False,False,False,False,False,False,2103907.0,806.0,-9.68,False,0.94,1.43,0.99,True,1,True,-3.58,0.65,False,False,,tv_wilder_rsi14_sma5_v1,46.26,44.4,True,False,1.86
3708,3708.T,特種東海製紙,2023-03,CONTINUE,3,34.58,36.43,True,False,1.85,2023-01,969.67,980.0,980.0,1.07,940.27,950.94,1021.44,True,True,False,False,True,False,False,91670.0,1428.33,-32.11,False,0.98,0.92,0.95,True,4,True,-10.32,0.91,False,False,,tv_wilder_rsi14_sma5_v1,36.43,34.58,False,True,1.85
6996,6996.T,ニチコン,2023-03,NEW,1,55.51,57.36,False,True,1.85,2023-03,1380.0,1380.0,1380.0,0.0,1377.84,1303.85,1343.23,True,True,True,False,True,False,True,448860.0,1562.0,-11.65,False,0.61,2.39,0.84,True,2,False,11.39,2.97,False,False,,tv_wilder_rsi14_sma5_v1,57.36,55.51,True,False,1.85
3091,3091.T,ブロンコビリー,2023-03,NEW,1,52.32,54.15,True,True,1.84,2023-03,1257.5,1257.5,1257.5,0.0,1231.44,1223.54,1221.9,True,True,True,True,True,False,True,53660.0,1283.0,-1.99,False,1.37,1.11,1.01,False,2,True,4.51,0.73,False,False,,tv_wilder_rsi14_sma5_v1,54.15,52.32,True,True,1.84
3660,3660.T,アイスタイル,2023-03,NEW,1,56.4,58.25,True,True,1.84,2023-03,558.0,558.0,558.0,0.0,487.64,503.44,451.46,True,True,True,False,True,False,True,2833103.0,678.0,-17.7,False,1.23,4.98,1.27,False,2,True,70.54,14.16,False,False,,tv_wilder_rsi14_sma5_v1,58.25,56.4,True,True,1.84
8022,8022.T,美津濃,2023-03,CONTINUE,5,64.94,66.77,True,False,1.83,2022-11,956.33,1035.0,1035.0,8.23,906.23,891.59,803.54,True,True,True,True,True,True,True,269880.0,1036.67,-7.75,False,1.79,3.78,0.97,True,2,True,18.18,3.15,False,False,,tv_wilder_rsi14_sma5_v1,66.77,64.94,False,True,1.83
5334,5334.T,日本特殊陶業,2023-03,CONTINUE,2,60.44,62.25,False,False,1.81,2023-02,2739.0,2736.0,2736.0,-0.11,2634.68,2575.52,2617.61,True,True,True,False,True,False,True,1680700.0,3015.0,-9.15,False,1.03,1.51,1.08,False,2,True,7.87,-0.31,False,False,,tv_wilder_rsi14_sma5_v1,62.25,60.44,False,False,1.81
6501,6501.T,日立製作所,2023-03,NEW,1,60.24,62.05,True,True,1.81,2023-03,1450.4,1450.4,1450.4,0.0,1395.86,1375.99,1361.01,True,True,True,True,True,False,True,11887550.0,1492.6,-2.83,False,1.18,2.49,0.97,True,2,True,12.72,3.58,False,False,,tv_wilder_rsi14_sma5_v1,62.05,60.24,True,True,1.81
5192,5192.T,三ツ星ベルト,2023-03,CONTINUE,5,76.87,78.67,True,False,1.8,2022-11,3430.0,3935.0,3935.0,14.72,3302.2,3223.2,2738.95,True,True,True,True,True,True,True,175620.0,3600.0,-4.72,False,1.25,2.21,0.81,True,2,True,34.55,-0.08,False,False,,tv_wilder_rsi14_sma5_v1,78.67,76.87,False,True,1.8
6306,6306.T,日工,2023-03,CONTINUE,3,48.73,50.52,True,True,1.79,2023-01,629.0,634.0,634.0,0.79,618.88,615.05,620.11,True,True,True,False,True,False,False,41473.0,667.0,-5.7,False,0.71,0.79,1.06,False,1,True,1.75,1.03,False,False,,tv_wilder_rsi14_sma5_v1,50.52,48.73,True,True,1.79
9932,9932.T,杉本商事,2023-03,NEW,1,47.37,49.16,True,True,1.79,2023-03,1037.0,1037.0,1037.0,0.0,1003.96,986.65,995.93,True,True,True,False,True,False,False,42300.0,1175.0,-11.74,False,2.07,2.35,0.95,True,3,True,4.24,3.32,False,False,,tv_wilder_rsi14_sma5_v1,49.16,47.37,True,True,1.79
2378,2378.T,ルネサンス,2023-03,CONTINUE,3,39.32,41.09,True,True,1.77,2023-01,916.0,928.0,928.0,1.31,881.52,902.08,928.39,True,True,False,False,True,False,False,61953.0,1125.0,-18.58,False,0.77,1.26,1.03,False,1,True,-4.54,3.52,False,False,,tv_wilder_rsi14_sma5_v1,41.09,39.32,True,True,1.77
2503,2503.T,キリンホールディングス,2023-03,NEW,1,48.56,50.32,False,True,1.77,2023-03,2096.0,2096.0,2096.0,0.0,2062.94,2031.91,2134.86,True,True,False,False,True,False,True,2661297.0,2305.5,-9.09,False,0.9,1.48,0.97,True,4,True,1.7,1.54,False,False,,tv_wilder_rsi14_sma5_v1,50.32,48.56,True,False,1.77
4109,4109.T,ステラケミファ,2023-03,NEW,1,47.23,49.01,True,True,1.77,2023-03,2641.0,2641.0,2641.0,0.0,2624.48,2552.79,2583.82,True,True,True,False,True,True,True,69900.0,3020.0,-12.55,False,0.53,2.63,0.67,True,2,False,5.54,0.22,False,False,,tv_wilder_rsi14_sma5_v1,49.01,47.23,True,True,1.77
8031,8031.T,三井物産,2023-03,NEW,1,72.54,74.31,True,True,1.77,2023-03,2058.0,2058.0,2058.0,0.0,1977.52,1957.11,1757.74,True,True,True,True,True,True,True,9411000.0,2149.5,-4.26,False,1.08,2.78,0.92,True,2,True,21.11,-1.81,False,False,,tv_wilder_rsi14_sma5_v1,74.31,72.54,True,True,1.77
8697,8697.T,日本取引所グループ,2023-03,CONTINUE,3,43.0,44.77,True,False,1.77,2023-01,989.5,1009.25,1009.25,2.0,944.79,964.24,1007.88,True,True,False,False,False,False,False,2448833.0,1217.75,-18.74,False,1.05,1.54,1.14,False,4,True,-5.62,2.32,False,False,,tv_wilder_rsi14_sma5_v1,44.77,43.0,False,True,1.77
9302,9302.T,三井倉庫ホールディングス,2023-03,CONTINUE,5,73.63,75.4,True,False,1.77,2022-11,1178.33,1308.33,1308.33,11.03,1142.93,1112.58,976.37,True,True,True,True,True,True,True,488740.0,1245.0,-5.35,False,0.86,2.29,0.73,True,2,True,26.06,-0.09,False,False,,tv_wilder_rsi14_sma5_v1,75.4,73.63,False,True,1.77
4047,4047.T,関東電化工業,2023-03,CONTINUE,3,51.85,53.61,True,True,1.76,2023-01,1002.0,1031.0,1031.0,2.89,935.2,957.41,948.22,True,True,True,False,False,False,False,228930.0,1220.0,-17.87,False,0.87,1.63,1.03,False,3,True,3.92,3.61,True,False,,tv_wilder_rsi14_sma5_v1,53.61,51.85,True,True,1.76
4182,4182.T,三菱瓦斯化学,2023-03,CONTINUE,3,47.11,48.88,True,True,1.76,2023-01,1888.0,1963.0,1963.0,3.97,1824.56,1884.51,1951.71,True,True,False,False,False,False,False,701233.0,2234.0,-15.49,False,1.08,1.15,1.0,False,4,True,-3.37,2.26,True,False,,tv_wilder_rsi14_sma5_v1,48.88,47.11,True,True,1.76
6445,6445.T,ジャノメ,2023-03,CONTINUE,2,44.89,46.64,True,False,1.75,2023-02,636.0,628.0,628.0,-1.26,608.64,603.92,657.11,True,True,False,False,True,False,False,38063.0,781.0,-18.57,False,1.71,1.13,1.27,False,4,True,-5.24,2.14,False,False,,tv_wilder_rsi14_sma5_v1,46.64,44.89,False,True,1.75
6741,6741.T,日本信号,2023-03,CONTINUE,6,56.63,58.38,True,True,1.75,2022-10,1009.0,1062.0,1062.0,5.25,974.36,963.29,922.41,True,True,True,True,True,True,True,86420.0,1028.0,-1.85,False,1.18,1.83,0.98,True,2,True,7.07,2.01,False,False,,tv_wilder_rsi14_sma5_v1,58.38,56.63,True,True,1.75
7520,7520.T,エコス,2023-03,NEW,1,48.18,49.93,True,True,1.75,2023-03,1898.0,1898.0,1898.0,0.0,1846.24,1846.71,1891.23,True,True,True,False,False,True,False,25833.0,2399.0,-20.88,False,0.91,1.43,1.06,False,3,True,-1.35,1.27,False,False,,tv_wilder_rsi14_sma5_v1,49.93,48.18,True,True,1.75
3436,3436.T,ＳＵＭＣＯ,2023-03,NEW,1,48.37,50.11,True,True,1.74,2023-03,1981.0,1981.0,1981.0,0.0,1918.48,1908.76,1900.07,True,True,True,True,False,False,False,4014237.0,2155.0,-8.07,False,0.95,1.89,1.01,False,3,True,8.3,4.81,False,False,,tv_wilder_rsi14_sma5_v1,50.11,48.37,True,True,1.74
4401,4401.T,ＡＤＥＫＡ,2023-03,CONTINUE,2,50.4,52.14,True,True,1.74,2023-02,2210.0,2258.0,2258.0,2.17,2139.76,2170.29,2280.64,True,True,False,False,False,False,False,174283.0,2791.0,-20.82,False,1.01,1.95,0.96,True,4,True,-7.86,0.63,False,False,,tv_wilder_rsi14_sma5_v1,52.14,50.4,True,True,1.74
3880,3880.T,大王製紙,2023-03,CONTINUE,2,29.43,31.16,True,False,1.73,2023-02,1081.0,1034.0,1034.0,-4.35,1018.72,1033.11,1212.04,True,True,False,False,True,False,False,434417.0,1865.0,-42.04,False,1.22,2.29,1.23,False,4,True,-16.81,3.49,False,False,,tv_wilder_rsi14_sma5_v1,31.16,29.43,False,True,1.73
4765,4765.T,ＳＢＩグローバルアセットマネジメント,2023-03,CONTINUE,3,47.01,48.75,True,False,1.73,2023-01,464.0,481.0,481.0,3.66,458.12,455.71,491.07,True,True,False,False,True,False,False,152417.0,648.0,-28.4,False,2.2,1.72,1.1,False,4,True,-10.49,0.66,False,False,,tv_wilder_rsi14_sma5_v1,48.75,47.01,False,True,1.73
5482,5482.T,愛知製鋼,2023-03,CONTINUE,7,43.56,45.29,True,False,1.73,2022-09,515.5,585.0,585.0,13.48,525.06,526.27,571.81,False,False,False,False,False,True,False,107840.0,715.5,-27.95,False,1.24,2.14,1.31,False,4,False,-12.54,0.24,False,False,,tv_wilder_rsi14_sma5_v1,45.29,43.56,False,True,1.73
6345,6345.T,アイチコーポレーション,2023-03,CONTINUE,2,46.01,47.74,True,True,1.73,2023-02,789.0,796.0,796.0,0.89,776.96,779.61,814.96,True,True,False,False,True,False,False,66713.0,924.0,-14.61,False,1.48,1.15,1.19,False,4,True,-6.62,0.33,False,False,,tv_wilder_rsi14_sma5_v1,47.74,46.01,True,True,1.73
9434,9434.T,ソフトバンク,2023-03,CONTINUE,3,54.86,56.59,True,False,1.73,2023-01,148.65,152.9,152.9,2.86,148.18,147.66,149.16,True,True,False,False,False,False,True,64453000.0,156.1,-4.77,False,0.88,0.65,0.87,True,1,False,0.59,0.18,False,False,,tv_wilder_rsi14_sma5_v1,56.59,54.86,False,True,1.73
9887,9887.T,松屋フーズホールディングス,2023-03,NEW,1,56.79,58.52,False,True,1.73,2023-03,4080.0,4080.0,4080.0,0.0,4065.6,3995.73,3953.28,True,True,True,True,True,True,True,30543.0,4195.0,-2.74,False,1.8,1.71,0.89,True,1,False,6.15,-0.21,False,False,,tv_wilder_rsi14_sma5_v1,58.52,56.79,True,False,1.73
6099,6099.T,エラン,2023-03,CONTINUE,2,46.62,48.34,False,False,1.72,2023-02,1078.0,1049.0,1049.0,-2.69,1023.68,996.85,1042.62,True,True,True,False,True,False,True,89323.0,1180.0,-8.64,False,1.05,2.29,1.08,False,1,True,4.7,3.51,False,False,,tv_wilder_rsi14_sma5_v1,48.34,46.62,False,False,1.72
5702,5702.T,大紀アルミニウム工業所,2023-03,CONTINUE,3,55.08,56.79,True,False,1.71,2023-01,1429.0,1428.0,1428.0,-0.07,1327.16,1303.95,1309.92,True,True,True,False,True,True,False,211827.0,1943.0,-26.45,False,1.31,2.88,1.12,False,3,True,3.65,4.31,False,False,,tv_wilder_rsi14_sma5_v1,56.79,55.08,False,True,1.71
7453,7453.T,良品計画,2023-03,NEW,1,44.17,45.87,True,True,1.7,2023-03,752.0,752.0,752.0,0.0,700.78,714.69,684.94,True,True,True,False,True,False,True,4272947.0,795.5,-5.47,False,0.9,2.41,0.83,True,2,True,5.08,3.16,True,False,,tv_wilder_rsi14_sma5_v1,45.87,44.17,True,True,1.7
9432,9432.T,ＮＴＴ,2023-03,NEW,1,65.84,67.51,False,True,1.67,2023-03,158.48,158.48,158.48,0.0,159.28,154.8,154.86,False,True,True,False,True,True,True,126150667.0,165.12,-4.02,False,1.0,1.45,0.87,True,2,True,4.27,-0.83,False,False,,tv_wilder_rsi14_sma5_v1,67.51,65.84,True,False,1.67
4095,4095.T,日本パーカライジング,2023-03,CONTINUE,3,45.59,47.25,True,False,1.66,2023-01,955.0,992.0,992.0,3.87,933.44,954.65,941.9,True,True,True,False,False,False,False,100613.0,1075.0,-11.16,False,1.19,1.26,0.98,True,1,True,-0.43,1.64,True,False,,tv_wilder_rsi14_sma5_v1,47.25,45.59,False,True,1.66
8095,8095.T,アステナホールディングス,2023-03,CONTINUE,2,44.18,45.83,True,True,1.66,2023-02,428.0,435.0,435.0,1.64,420.8,421.11,427.99,True,True,True,False,True,True,False,65547.0,462.0,-7.36,False,0.79,0.85,0.97,True,3,True,0.29,-0.2,False,False,,tv_wilder_rsi14_sma5_v1,45.83,44.18,True,True,1.66
9412,9412.T,スカパーＪＳＡＴ,2023-03,CONTINUE,2,55.64,57.3,False,False,1.66,2023-02,517.0,517.0,517.0,0.0,491.72,488.4,510.56,True,True,True,False,True,False,True,466680.0,583.0,-11.32,False,1.55,2.0,1.16,False,2,True,4.74,2.2,False,False,,tv_wilder_rsi14_sma5_v1,57.3,55.64,False,False,1.66
3151,3151.T,バイタルケーエスケー・ホールディングス,2023-03,CONTINUE,6,56.03,57.68,True,False,1.65,2022-10,748.0,894.0,894.0,19.52,655.8,669.19,720.33,True,True,True,False,False,False,False,84173.0,829.0,-9.77,False,2.1,2.22,1.22,False,3,True,0.58,2.4,True,False,,tv_wilder_rsi14_sma5_v1,57.68,56.03,False,True,1.65
5659,5659.T,日本精線,2023-03,CONTINUE,3,53.59,55.24,True,False,1.65,2023-01,908.0,917.0,917.0,0.99,863.48,863.68,870.29,True,True,True,False,True,False,False,46950.0,992.0,-8.47,False,1.24,1.24,1.01,False,1,True,-0.54,2.23,False,False,,tv_wilder_rsi14_sma5_v1,55.24,53.59,False,True,1.65
8057,8057.T,内田洋行,2023-03,CONTINUE,4,50.34,52.0,True,False,1.65,2022-12,936.0,983.0,983.0,5.02,907.36,899.25,939.42,True,True,False,False,False,False,False,90683.0,1086.0,-13.81,False,0.85,2.28,1.02,False,1,False,-1.37,0.86,False,False,,tv_wilder_rsi14_sma5_v1,52.0,50.34,False,True,1.65
4326,4326.T,インテージホールディングス,2023-03,NEW,1,51.73,53.36,False,True,1.63,2023-03,1550.0,1550.0,1550.0,0.0,1516.6,1503.27,1508.38,True,True,True,False,False,True,True,67470.0,1869.0,-17.07,False,0.74,2.53,0.85,True,2,False,5.48,2.06,False,False,,tv_wilder_rsi14_sma5_v1,53.36,51.73,True,False,1.63
8613,8613.T,丸三証券,2023-03,CONTINUE,3,37.57,39.2,True,False,1.63,2023-01,427.0,427.0,427.0,0.0,410.56,412.24,453.62,True,True,False,False,True,False,False,160040.0,555.0,-23.06,False,0.66,1.29,0.96,True,4,True,-7.46,2.88,False,False,,tv_wilder_rsi14_sma5_v1,39.2,37.57,False,True,1.63
8706,8706.T,極東証券,2023-03,CONTINUE,2,36.03,37.66,True,False,1.63,2023-02,654.0,594.0,594.0,-9.17,612.8,600.99,649.23,True,True,True,False,True,False,False,43000.0,788.0,-17.01,False,1.89,1.53,1.05,False,3,True,-2.56,3.56,False,False,,tv_wilder_rsi14_sma5_v1,37.66,36.03,False,True,1.63
6474,6474.T,不二越,2023-03,CONTINUE,3,48.08,49.7,True,True,1.62,2023-01,3910.0,3950.0,3950.0,1.02,3645.4,3790.13,3727.78,True,True,True,False,False,False,False,61473.0,4375.0,-10.63,False,0.77,1.64,0.88,True,3,True,1.68,2.31,False,False,,tv_wilder_rsi14_sma5_v1,49.7,48.08,True,True,1.62
4216,4216.T,旭有機材,2023-03,NEW,1,74.01,75.62,True,True,1.61,2023-03,3165.0,3165.0,3165.0,0.0,2959.2,2825.12,2493.55,True,True,True,True,True,True,True,99493.0,3165.0,0.0,False,0.74,3.18,1.04,False,2,True,37.75,4.66,False,False,,tv_wilder_rsi14_sma5_v1,75.62,74.01,True,True,1.61
6247,6247.T,日阪製作所,2023-03,CONTINUE,3,53.16,54.76,True,False,1.61,2023-01,860.0,893.0,893.0,3.84,826.24,826.31,821.72,True,True,True,False,True,False,True,45787.0,867.0,-0.81,False,1.15,0.83,1.09,False,2,True,5.07,2.43,False,False,,tv_wilder_rsi14_sma5_v1,54.76,53.16,False,True,1.61
5344,5344.T,ＭＡＲＵＷＡ,2023-03,NEW,1,61.12,62.73,False,True,1.6,2023-03,18360.0,18360.0,18360.0,0.0,17625.2,17079.47,16868.25,True,True,True,True,True,False,True,27503.0,19090.0,-3.82,False,0.96,2.05,0.97,True,2,True,19.27,4.22,False,False,,tv_wilder_rsi14_sma5_v1,62.73,61.12,True,False,1.6
417A,417A.T,ブルーゾーンホールディングス,2023-03,CONTINUE,9,53.55,55.12,True,True,1.57,2022-07,1294.0,1380.0,1380.0,6.65,1263.28,1299.55,1330.0,True,False,False,False,True,False,False,310933.0,,,,0.64,1.3,0.88,True,4,True,,,,False,,tv_wilder_rsi14_sma5_v1,55.12,53.55,True,True,1.57
5976,5976.T,高周波熱錬,2023-03,CONTINUE,3,54.94,56.5,True,True,1.57,2023-01,687.0,695.0,695.0,1.16,663.92,672.65,657.78,True,True,True,False,False,False,True,51137.0,733.0,-6.28,False,0.78,1.3,1.01,False,2,True,7.71,1.15,False,False,,tv_wilder_rsi14_sma5_v1,56.5,54.94,True,True,1.57
8167,8167.T,リテールパートナーズ,2023-03,NEW,1,52.88,54.44,True,True,1.56,2023-03,1364.0,1364.0,1364.0,0.0,1322.84,1308.65,1220.21,True,True,True,True,False,True,True,88120.0,1488.0,-8.33,False,0.72,2.56,0.96,True,2,True,11.16,0.45,False,False,,tv_wilder_rsi14_sma5_v1,54.44,52.88,True,True,1.56
8233,8233.T,高島屋,2023-03,CONTINUE,2,72.98,74.54,False,True,1.56,2023-02,948.0,966.5,966.5,1.95,908.52,879.39,798.72,True,True,True,True,True,False,True,2779907.0,963.5,-1.61,False,1.26,1.98,1.16,False,2,True,31.63,2.02,False,False,,tv_wilder_rsi14_sma5_v1,74.54,72.98,True,False,1.56
4071,4071.T,プラスアルファ・コンサルティング,2023-03,CONTINUE,4,51.43,52.98,True,True,1.55,2022-12,2720.0,3005.0,3005.0,10.48,2826.08,2543.93,2424.14,False,True,True,True,True,True,True,167690.0,3455.0,-21.27,False,0.51,4.2,0.99,True,2,True,12.34,-3.29,False,False,,tv_wilder_rsi14_sma5_v1,52.98,51.43,True,True,1.55
6238,6238.T,フリュー,2023-03,CONTINUE,6,50.26,51.8,True,False,1.55,2022-10,1169.0,1196.0,1196.0,2.31,1101.44,1078.91,1090.46,True,True,True,False,True,True,False,92113.0,1717.0,-31.92,False,1.14,2.33,0.91,True,3,True,-1.21,4.77,False,False,,tv_wilder_rsi14_sma5_v1,51.8,50.26,False,True,1.55
2212,2212.T,山崎製パン,2023-03,CONTINUE,2,46.6,48.14,True,True,1.54,2023-02,1581.0,1604.0,1604.0,1.45,1529.56,1553.39,1590.06,True,True,False,False,False,False,False,541640.0,1799.0,-12.12,False,1.12,1.43,1.25,False,4,True,-0.95,1.64,False,False,,tv_wilder_rsi14_sma5_v1,48.14,46.6,True,True,1.54
3659,3659.T,ネクソン,2023-03,CONTINUE,5,57.11,58.65,True,True,1.54,2022-11,2894.0,3155.0,3155.0,9.02,2618.4,2667.84,2799.36,True,True,True,False,True,False,True,2143753.0,3295.0,-12.17,False,1.05,3.34,0.94,True,2,True,6.0,3.4,False,False,,tv_wilder_rsi14_sma5_v1,58.65,57.11,True,True,1.54
9003,9003.T,相鉄ホールディングス,2023-03,CONTINUE,2,44.98,46.53,True,False,1.54,2023-02,2317.0,2268.0,2268.0,-2.11,2249.28,2194.04,2277.38,True,True,True,False,True,False,True,149900.0,2490.0,-6.95,False,1.38,1.33,0.87,True,1,True,2.96,0.53,True,False,,tv_wilder_rsi14_sma5_v1,46.53,44.98,False,True,1.54
9928,9928.T,ミロク情報サービス,2023-03,CONTINUE,3,47.73,49.26,True,False,1.53,2023-01,1622.0,1644.0,1644.0,1.36,1477.48,1455.19,1388.2,True,True,True,True,True,False,True,47763.0,1599.0,1.44,True,1.25,1.96,1.05,False,2,True,18.32,5.68,True,False,,tv_wilder_rsi14_sma5_v1,49.26,47.73,False,True,1.53
1515,1515.T,日鉄鉱業,2023-03,CONTINUE,6,57.34,58.86,True,False,1.52,2022-10,592.6,716.0,716.0,20.82,577.96,568.85,605.09,True,True,False,False,False,True,False,218050.0,773.0,-23.34,False,1.08,2.03,0.84,True,4,True,-2.69,0.44,False,False,,tv_wilder_rsi14_sma5_v1,58.86,57.34,False,True,1.52
8203,8203.T,ＭｒＭａｘＨＤ,2023-03,NEW,1,53.58,55.09,False,True,1.51,2023-03,678.0,678.0,678.0,0.0,665.48,662.48,645.48,True,True,True,True,False,True,True,94357.0,693.0,-2.16,False,0.46,1.9,0.88,True,2,False,9.5,0.9,False,False,,tv_wilder_rsi14_sma5_v1,55.09,53.58,True,False,1.51
4062,4062.T,イビデン,2023-03,NEW,1,52.04,53.55,True,True,1.5,2023-03,2630.0,2630.0,2630.0,0.0,2441.8,2459.4,2325.49,True,True,True,False,True,False,True,2379333.0,3165.0,-16.9,False,1.1,3.06,1.13,False,2,True,16.29,6.71,False,False,,tv_wilder_rsi14_sma5_v1,53.55,52.04,True,True,1.5
1975,1975.T,朝日工業社,2023-03,CONTINUE,6,64.06,65.55,True,True,1.49,2022-10,1025.0,1093.0,1093.0,6.63,950.4,951.01,841.87,True,True,True,False,True,True,True,55740.0,1028.0,-0.29,False,1.57,2.38,0.91,True,2,True,22.12,5.58,False,False,,tv_wilder_rsi14_sma5_v1,65.55,64.06,True,True,1.49
4689,4689.T,ＬＩＮＥヤフー,2023-03,CONTINUE,3,38.53,40.02,True,True,1.49,2023-01,371.5,372.8,372.8,0.35,351.84,363.65,407.36,True,True,False,False,False,False,False,16640333.0,626.0,-40.65,False,0.98,2.13,1.03,False,4,True,-16.97,3.96,False,False,,tv_wilder_rsi14_sma5_v1,40.02,38.53,True,True,1.49
2590,2590.T,ダイドーグループホールディングス,2023-03,CONTINUE,2,47.77,49.25,True,True,1.48,2023-02,2380.0,2435.0,2435.0,2.31,2377.5,2369.53,2415.07,True,True,False,False,True,True,False,94200.0,2630.0,-9.51,False,0.43,1.2,0.97,True,4,True,-2.85,-0.8,False,False,,tv_wilder_rsi14_sma5_v1,49.25,47.77,True,True,1.48
7944,7944.T,ローランド,2023-03,CONTINUE,2,49.44,50.91,False,True,1.48,2023-02,3920.0,3985.0,3985.0,1.66,3829.6,3792.6,4085.65,True,True,False,False,True,False,False,63793.0,4875.0,-19.59,False,0.77,2.72,1.22,False,4,True,-7.92,0.69,False,False,,tv_wilder_rsi14_sma5_v1,50.91,49.44,True,False,1.48
3101,3101.T,東洋紡,2023-03,CONTINUE,3,37.96,39.42,True,False,1.46,2023-01,1030.0,1039.0,1039.0,0.87,1002.2,1020.16,1035.71,True,True,False,False,False,False,False,354363.0,1330.0,-22.56,False,0.84,1.02,1.0,True,4,True,-4.2,1.79,False,False,,tv_wilder_rsi14_sma5_v1,39.42,37.96,False,True,1.46
6823,6823.T,リオン,2023-03,NEW,1,40.7,42.15,False,True,1.45,2023-03,1931.0,1931.0,1931.0,0.0,1860.56,1842.44,2038.18,True,True,False,False,True,False,False,19870.0,2700.0,-28.48,False,1.31,2.26,1.05,False,4,True,-4.01,3.28,False,False,,tv_wilder_rsi14_sma5_v1,42.15,40.7,True,False,1.45
6965,6965.T,浜松ホトニクス,2023-03,NEW,1,56.47,57.91,True,True,1.44,2023-03,3555.0,3555.0,3555.0,0.0,3395.2,3372.93,3220.43,True,True,True,True,False,False,True,645013.0,3685.0,-3.53,False,0.98,1.85,0.91,True,2,True,18.64,5.09,False,False,,tv_wilder_rsi14_sma5_v1,57.91,56.47,True,True,1.44
2266,2266.T,六甲バター,2023-03,CONTINUE,2,38.38,39.81,False,True,1.43,2023-02,1340.0,1348.0,1348.0,0.6,1328.2,1338.17,1388.61,True,True,False,False,True,False,False,14103.0,1592.0,-15.83,False,0.69,1.56,0.96,True,4,True,-9.19,-0.87,False,False,,tv_wilder_rsi14_sma5_v1,39.81,38.38,True,False,1.43
6951,6951.T,日本電子,2023-03,CONTINUE,2,42.75,44.17,False,True,1.43,2023-02,4240.0,4245.0,4245.0,0.12,3968.0,4144.67,5065.1,True,True,False,False,True,False,False,441510.0,7100.0,-40.28,False,1.08,2.58,0.97,True,4,True,-24.88,3.29,False,False,,tv_wilder_rsi14_sma5_v1,44.17,42.75,True,False,1.43
8881,8881.T,日神グループホールディングス,2023-03,CONTINUE,3,48.15,49.57,True,False,1.42,2023-01,456.0,455.0,455.0,-0.22,438.8,433.09,437.57,True,True,True,False,True,True,False,110313.0,513.0,-11.11,False,1.13,1.07,1.16,False,3,True,1.09,2.61,False,False,,tv_wilder_rsi14_sma5_v1,49.57,48.15,False,True,1.42
5757,5757.T,ＣＫサンエツ,2023-03,NEW,1,57.74,59.14,True,True,1.41,2023-03,4350.0,4350.0,4350.0,0.0,4215.8,4136.67,4119.55,True,True,True,True,True,True,True,6797.0,4425.0,-1.69,False,1.61,2.31,0.98,True,2,True,9.65,2.19,False,False,,tv_wilder_rsi14_sma5_v1,59.14,57.74,True,True,1.41
9502,9502.T,中部電力,2023-03,CONTINUE,4,53.12,54.53,True,False,1.41,2022-12,1362.0,1399.0,1399.0,2.72,1301.88,1283.16,1311.84,True,True,True,False,True,False,True,2297603.0,1447.0,-5.87,False,0.6,1.67,1.04,False,2,True,5.84,2.29,False,False,,tv_wilder_rsi14_sma5_v1,54.53,53.12,False,True,1.41
8052,8052.T,椿本興業,2023-03,CONTINUE,6,55.97,57.37,True,True,1.4,2022-10,1275.0,1378.33,1378.33,8.1,1263.33,1244.38,1257.83,True,True,True,False,True,True,False,29400.0,1478.33,-13.75,False,0.86,2.33,0.97,True,3,True,0.22,1.13,False,False,,tv_wilder_rsi14_sma5_v1,57.37,55.97,True,True,1.4
9007,9007.T,小田急電鉄,2023-03,NEW,1,35.19,36.59,True,True,1.4,2023-03,1720.0,1720.0,1720.0,0.0,1654.36,1666.04,1767.47,True,True,False,False,True,False,False,1199000.0,2171.0,-20.77,False,1.42,2.23,1.13,False,4,True,-5.7,2.45,False,False,,tv_wilder_rsi14_sma5_v1,36.59,35.19,True,True,1.4
4046,4046.T,大阪ソーダ,2023-03,CONTINUE,3,68.75,70.14,True,True,1.39,2023-01,846.0,871.0,871.0,2.96,794.52,788.72,720.72,True,True,True,True,False,True,True,415833.0,863.0,-1.97,False,0.64,1.74,0.88,True,2,True,26.93,5.56,False,False,,tv_wilder_rsi14_sma5_v1,70.14,68.75,True,True,1.39
9449,9449.T,ＧＭＯインターネットグループ,2023-03,CONTINUE,3,47.55,48.94,True,True,1.39,2023-01,2539.0,2567.0,2567.0,1.1,2493.08,2539.52,2543.61,True,False,False,False,True,False,False,263667.0,2969.0,-14.48,False,0.85,1.98,1.11,False,1,True,-0.95,3.0,False,False,,tv_wilder_rsi14_sma5_v1,48.94,47.55,True,True,1.39
3657,3657.T,ﾎﾟｰﾙﾄｩｳｨﾝﾎｰﾙﾃﾞｨﾝｸﾞｽ,2023-03,NEW,1,43.99,45.37,False,True,1.37,2023-03,893.0,893.0,893.0,0.0,882.28,858.96,926.89,True,True,False,False,True,False,False,69217.0,1197.0,-25.4,False,0.78,2.74,0.94,True,4,False,-1.39,4.2,False,False,,tv_wilder_rsi14_sma5_v1,45.37,43.99,True,False,1.37
6351,6351.T,鶴見製作所,2023-03,CONTINUE,2,55.32,56.7,False,False,1.37,2023-02,1050.0,1036.5,1036.5,-1.29,999.84,997.79,1016.61,True,True,True,False,True,False,True,41787.0,1263.0,-16.86,False,1.36,1.73,1.16,False,2,True,6.31,1.39,True,False,,tv_wilder_rsi14_sma5_v1,56.7,55.32,False,False,1.37
3284,3284.T,フージャースホールディングス,2023-03,CONTINUE,3,57.93,59.29,True,False,1.36,2023-01,792.0,826.0,826.0,4.29,755.28,762.49,769.02,True,True,True,False,False,False,True,89133.0,850.0,-6.82,False,0.62,1.18,0.95,True,2,True,8.58,2.62,False,False,,tv_wilder_rsi14_sma5_v1,59.29,57.93,False,True,1.36
5411,5411.T,ＪＦＥホールディングス,2023-03,CONTINUE,5,55.78,57.14,True,False,1.36,2022-11,1526.0,1679.0,1679.0,10.03,1463.08,1453.51,1533.6,True,True,False,False,True,True,False,5185167.0,1875.0,-18.61,False,0.87,1.81,0.81,True,4,True,-0.46,2.37,False,False,,tv_wilder_rsi14_sma5_v1,57.14,55.78,False,True,1.36
9001,9001.T,東武鉄道,2023-03,NEW,1,51.27,52.63,False,True,1.36,2023-03,3170.0,3170.0,3170.0,0.0,3088.84,3062.57,3172.55,True,True,False,False,True,False,True,612823.0,3575.0,-11.33,False,1.4,1.93,1.18,False,1,True,1.38,1.0,False,False,,tv_wilder_rsi14_sma5_v1,52.63,51.27,True,False,1.36
4180,4180.T,APPIER GROUP,2023-03,CONTINUE,3,52.93,54.28,True,False,1.35,2023-01,1642.0,1678.0,1678.0,2.19,1474.36,1484.96,1171.38,True,True,True,False,False,True,True,1249830.0,1731.0,-5.14,False,2.19,4.27,1.04,False,2,True,52.6,6.82,False,False,,tv_wilder_rsi14_sma5_v1,54.28,52.93,False,True,1.35
7239,7239.T,タチエス,2023-03,CONTINUE,3,49.58,50.93,True,False,1.35,2023-01,1195.0,1200.0,1200.0,0.42,1134.28,1110.29,1117.02,True,True,True,False,True,False,True,89873.0,1273.0,-6.13,False,1.03,1.26,0.97,True,2,True,7.05,2.52,False,False,,tv_wilder_rsi14_sma5_v1,50.93,49.58,False,True,1.35
3105,3105.T,日清紡ホールディングス,2023-03,CONTINUE,2,52.99,54.34,False,True,1.34,2023-02,1010.0,1012.0,1012.0,0.2,976.28,981.61,1025.58,True,True,False,False,True,False,False,433753.0,1137.0,-11.17,False,1.37,1.32,1.06,False,4,True,-1.89,0.97,False,False,,tv_wilder_rsi14_sma5_v1,54.34,52.99,True,False,1.34
6787,6787.T,メイコー,2023-03,CONTINUE,3,48.54,49.87,True,True,1.33,2023-01,2878.0,2922.0,2922.0,1.53,2630.56,2783.09,3176.58,True,True,False,False,False,False,False,172027.0,4715.0,-38.96,False,0.86,2.64,0.98,True,4,True,-7.78,6.38,False,False,,tv_wilder_rsi14_sma5_v1,49.87,48.54,True,True,1.33
7272,7272.T,ヤマハ発動機,2023-03,CONTINUE,3,60.66,61.99,True,False,1.33,2023-01,1061.67,1153.33,1153.33,8.63,1021.67,1056.45,955.3,True,True,True,False,False,True,True,4555810.0,1191.67,-10.91,False,0.77,2.17,1.11,False,2,True,13.09,1.3,False,False,,tv_wilder_rsi14_sma5_v1,61.99,60.66,False,True,1.33
2004,2004.T,昭和産業,2023-03,CONTINUE,4,40.34,41.66,True,False,1.32,2022-12,2515.0,2537.0,2537.0,0.87,2449.88,2478.28,2529.53,True,True,False,False,False,False,False,37720.0,2775.0,-9.37,False,0.78,1.18,1.15,False,4,True,-1.64,2.25,False,False,,tv_wilder_rsi14_sma5_v1,41.66,40.34,False,True,1.32
3853,3853.T,アステリア,2023-03,NEW,1,46.83,48.15,False,True,1.32,2023-03,786.0,786.0,786.0,0.0,743.12,748.53,819.47,True,True,False,False,False,False,False,172907.0,1268.0,-38.01,False,2.19,3.59,1.23,False,4,True,-1.49,6.26,False,False,,tv_wilder_rsi14_sma5_v1,48.15,46.83,True,False,1.32
7313,7313.T,テイ・エステック,2023-03,CONTINUE,3,54.51,55.83,True,False,1.32,2023-01,1614.0,1679.0,1679.0,4.03,1533.6,1566.4,1489.53,True,True,True,False,False,True,True,178813.0,1714.0,-5.83,False,1.27,1.6,1.04,False,2,True,9.51,1.46,True,False,,tv_wilder_rsi14_sma5_v1,55.83,54.51,False,True,1.32
8282,8282.T,ケーズホールディングス,2023-03,CONTINUE,2,43.06,44.38,True,False,1.32,2023-02,1174.0,1163.0,1163.0,-0.94,1166.48,1136.15,1220.65,True,True,False,False,True,False,False,931743.0,1444.0,-18.7,False,1.13,1.14,0.78,True,4,True,-4.75,-0.31,False,False,,tv_wilder_rsi14_sma5_v1,44.38,43.06,False,True,1.32
9532,9532.T,大阪瓦斯,2023-03,CONTINUE,2,50.08,51.39,False,False,1.32,2023-02,2213.0,2181.0,2181.0,-1.45,2130.76,2098.07,2256.5,True,True,False,False,True,False,True,1069783.0,2616.0,-15.41,False,1.3,1.68,0.78,True,4,True,-2.22,-0.39,False,False,,tv_wilder_rsi14_sma5_v1,51.39,50.08,False,False,1.32
5451,5451.T,ヨドコウ,2023-03,CONTINUE,8,58.14,59.45,True,True,1.31,2022-08,502.2,543.4,543.4,8.2,486.38,464.78,492.86,True,True,True,False,True,False,False,179533.0,565.6,-11.21,False,0.83,1.5,1.02,False,1,True,4.93,1.46,True,False,,tv_wilder_rsi14_sma5_v1,59.45,58.14,True,True,1.31
8793,8793.T,ＮＥＣキャピタルソリューション,2023-03,CONTINUE,4,62.15,63.46,True,False,1.31,2022-12,2146.0,2526.0,2526.0,17.71,2072.92,2080.52,2064.18,True,True,True,False,False,False,False,19350.0,2198.0,-2.37,False,1.29,0.93,1.18,False,1,True,4.91,1.42,False,False,,tv_wilder_rsi14_sma5_v1,63.46,62.15,False,True,1.31
6143,6143.T,ソディック,2023-03,CONTINUE,3,43.54,44.84,True,False,1.3,2023-01,752.0,760.0,760.0,1.06,727.32,748.64,772.44,True,True,False,False,False,False,False,222023.0,869.0,-13.46,False,0.77,1.32,0.98,True,1,True,-3.26,2.12,False,False,,tv_wilder_rsi14_sma5_v1,44.84,43.54,False,True,1.3
6436,6436.T,アマノ,2023-03,CONTINUE,2,48.1,49.4,False,False,1.3,2023-02,2517.0,2495.0,2495.0,-0.87,2450.56,2436.55,2477.62,True,True,True,False,True,False,True,138677.0,2707.0,-7.02,False,0.74,1.37,0.74,True,2,True,2.12,1.25,False,False,,tv_wilder_rsi14_sma5_v1,49.4,48.1,False,False,1.3
7482,7482.T,シモジマ,2023-03,CONTINUE,2,44.1,45.4,False,False,1.3,2023-02,1029.0,984.0,984.0,-4.37,981.4,957.05,988.22,True,True,True,False,True,False,True,38253.0,1149.0,-10.44,False,1.28,2.12,0.88,True,2,True,3.18,3.26,False,False,,tv_wilder_rsi14_sma5_v1,45.4,44.1,False,False,1.3
6326,6326.T,クボタ,2023-03,CONTINUE,2,45.8,47.08,False,False,1.29,2023-02,2055.5,1999.0,1999.0,-2.75,1983.56,1962.19,2088.34,True,True,False,False,True,False,False,2680740.0,2579.0,-20.3,False,0.87,1.72,1.12,False,4,True,-4.78,2.86,False,False,,tv_wilder_rsi14_sma5_v1,47.08,45.8,False,False,1.29
6653,6653.T,正興電機製作所,2023-03,CONTINUE,2,41.62,42.91,True,True,1.29,2023-02,995.0,1016.0,1016.0,2.11,988.72,987.99,1043.36,True,True,False,False,True,True,False,39603.0,1298.0,-23.34,False,0.5,1.85,0.66,True,4,True,-7.23,-1.33,False,False,,tv_wilder_rsi14_sma5_v1,42.91,41.62,True,True,1.29
4951,4951.T,エステー,2023-03,CONTINUE,5,44.72,46.0,True,True,1.28,2022-11,1538.0,1563.0,1563.0,1.63,1519.44,1532.8,1518.36,True,True,True,False,False,False,True,20120.0,1607.0,-4.29,False,0.68,1.16,0.86,True,1,True,1.07,2.18,False,False,,tv_wilder_rsi14_sma5_v1,46.0,44.72,True,True,1.28
9722,9722.T,藤田観光,2023-03,CONTINUE,3,64.39,65.66,False,True,1.27,2023-01,683.0,668.0,668.0,-2.2,618.28,602.9,555.11,True,True,True,True,True,True,True,383317.0,689.0,-0.87,False,0.72,3.17,0.99,True,2,True,29.69,7.64,False,False,,tv_wilder_rsi14_sma5_v1,65.66,64.39,True,False,1.27
8060,8060.T,キヤノンマーケティングジャパン,2023-03,NEW,1,61.38,62.64,False,True,1.26,2023-03,1575.0,1575.0,1575.0,0.0,1558.2,1521.43,1534.26,True,True,True,False,True,True,True,235940.0,1657.5,-4.98,False,0.99,2.17,0.78,True,2,False,9.87,0.1,False,False,,tv_wilder_rsi14_sma5_v1,62.64,61.38,True,False,1.26
9364,9364.T,上組,2023-03,NEW,1,62.93,64.19,False,True,1.26,2023-03,2780.0,2780.0,2780.0,0.0,2750.72,2690.36,2710.72,True,True,True,False,True,True,True,352377.0,2939.0,-5.41,False,0.87,2.1,1.01,False,2,False,8.36,-0.36,False,False,,tv_wilder_rsi14_sma5_v1,64.19,62.93,True,False,1.26
9543,9543.T,静岡ガス,2023-03,CONTINUE,10,56.88,58.13,True,True,1.26,2022-06,909.0,1149.0,1149.0,26.4,851.52,864.59,997.29,True,True,False,False,False,False,False,155923.0,,,,1.18,2.63,1.07,False,4,True,,,,False,,tv_wilder_rsi14_sma5_v1,58.13,56.88,True,True,1.26
3496,3496.T,アズーム,2023-03,NEW,1,67.57,68.81,True,True,1.25,2023-03,3015.0,3015.0,3015.0,0.0,2728.5,2586.83,2258.32,True,True,True,True,True,True,True,113567.0,3140.0,-3.98,False,0.88,4.1,1.05,False,2,True,56.18,12.04,False,False,,tv_wilder_rsi14_sma5_v1,68.81,67.57,True,True,1.25
7607,7607.T,進和,2023-03,CONTINUE,3,49.16,50.4,True,True,1.25,2023-01,2115.0,2114.0,2114.0,-0.05,2042.48,2012.8,2105.64,True,True,True,False,True,False,True,18317.0,2380.0,-11.13,False,0.79,1.9,0.76,True,2,True,3.06,3.15,False,False,,tv_wilder_rsi14_sma5_v1,50.4,49.16,True,True,1.25
7984,7984.T,コクヨ,2023-03,CONTINUE,2,59.89,61.13,True,True,1.24,2023-02,468.5,469.5,469.5,0.21,457.11,455.88,446.64,True,True,True,True,True,False,True,553853.0,479.25,-2.24,False,0.97,1.58,1.14,False,2,True,6.7,1.29,True,True,MVP,tv_wilder_rsi14_sma5_v1,61.13,59.89,True,True,1.24
8584,8584.T,ジャックス,2023-03,CONTINUE,5,74.37,75.61,True,False,1.24,2022-11,3905.0,4390.0,4390.0,12.42,3715.4,3719.4,3462.57,True,True,True,False,True,True,True,83397.0,3970.0,-1.64,False,1.08,1.48,0.89,True,2,True,13.73,1.99,False,False,,tv_wilder_rsi14_sma5_v1,75.61,74.37,False,True,1.24
8698,8698.T,マネックスグループ,2023-03,CONTINUE,3,46.7,47.94,False,False,1.24,2023-01,453.0,477.0,477.0,5.3,455.28,453.8,478.31,False,False,False,False,True,False,False,4440110.0,760.0,-40.39,False,1.15,3.77,1.02,False,4,True,-14.63,1.52,False,False,,tv_wilder_rsi14_sma5_v1,47.94,46.7,False,False,1.24
9267,9267.T,ＧｅｎｋｙＤｒｕｇＳｔｏｒｅｓ,2023-03,CONTINUE,4,49.71,50.95,True,False,1.24,2022-12,1817.5,1950.0,1950.0,7.29,1751.1,1817.7,1804.05,True,False,True,False,False,False,False,58927.0,3105.0,-41.47,False,1.01,2.15,1.3,False,3,True,-7.79,1.61,False,False,,tv_wilder_rsi14_sma5_v1,50.95,49.71,False,True,1.24
3182,3182.T,オイシックス・ラ・大地,2023-03,CONTINUE,5,47.29,48.51,True,False,1.23,2022-11,1927.0,2298.0,2298.0,19.25,1803.64,1821.57,2100.88,True,True,False,False,True,True,False,517613.0,3825.0,-49.62,False,0.74,5.24,0.93,True,4,True,-16.01,4.19,True,False,,tv_wilder_rsi14_sma5_v1,48.51,47.29,False,True,1.23
9064,9064.T,ヤマトホールディングス,2023-03,CONTINUE,3,44.82,46.05,True,False,1.23,2023-01,2264.0,2269.0,2269.0,0.22,2095.64,2207.71,2237.97,True,True,True,False,False,False,False,1105480.0,2529.0,-10.48,False,1.53,1.73,1.15,False,3,True,-1.06,3.6,False,False,,tv_wilder_rsi14_sma5_v1,46.05,44.82,False,True,1.23
6183,6183.T,ベルシステム２４ホールディングス,2023-03,CONTINUE,3,47.61,48.8,True,False,1.2,2023-01,1490.0,1444.0,1444.0,-3.09,1396.96,1365.29,1412.4,True,True,True,False,True,True,True,147573.0,1578.0,-5.58,False,1.15,2.09,0.91,True,1,True,4.28,1.61,False,False,,tv_wilder_rsi14_sma5_v1,48.8,47.61,False,True,1.2
4118,4118.T,カネカ,2023-03,NEW,1,44.3,45.48,False,True,1.18,2023-03,3450.0,3450.0,3450.0,0.0,3435.0,3360.2,3493.5,True,True,False,False,True,False,True,199637.0,4040.0,-14.6,False,0.83,2.06,0.89,True,1,False,1.43,0.33,False,False,,tv_wilder_rsi14_sma5_v1,45.48,44.3,True,False,1.18
5938,5938.T,ＬＩＸＩＬ,2023-03,CONTINUE,3,44.21,45.39,False,True,1.18,2023-01,2230.0,2177.0,2177.0,-2.38,2077.08,2095.92,2315.14,True,True,False,False,True,False,False,912430.0,2789.0,-20.04,False,1.52,1.71,1.04,False,4,True,-7.37,3.85,True,False,,tv_wilder_rsi14_sma5_v1,45.39,44.21,True,False,1.18
4483,4483.T,ＪＭＤＣ,2023-03,NEW,1,45.72,46.89,False,True,1.17,2023-03,4550.0,4550.0,4550.0,0.0,4449.2,4324.13,5209.43,True,True,False,False,True,False,False,288510.0,7530.0,-39.58,False,1.11,4.82,1.1,False,4,True,-2.25,8.55,False,False,,tv_wilder_rsi14_sma5_v1,46.89,45.72,True,False,1.17
7637,7637.T,白銅,2023-03,CONTINUE,3,55.68,56.85,True,True,1.17,2023-01,2588.0,2617.0,2617.0,1.12,2521.32,2476.61,2482.14,True,True,True,False,True,True,False,13030.0,2845.0,-9.03,False,0.74,1.62,0.95,True,1,True,4.03,2.42,False,False,,tv_wilder_rsi14_sma5_v1,56.85,55.68,True,True,1.17
4743,4743.T,アイティフォー,2023-03,CONTINUE,5,53.66,54.82,True,False,1.15,2022-11,801.0,861.0,861.0,7.49,781.28,777.47,784.59,True,True,True,False,True,False,True,47510.0,859.0,-6.75,False,1.64,1.53,1.06,False,1,True,1.01,3.27,False,False,,tv_wilder_rsi14_sma5_v1,54.82,53.66,False,True,1.15
6136,6136.T,オーエスジー,2023-03,CONTINUE,3,52.63,53.78,True,True,1.15,2023-01,2024.0,1988.0,1988.0,-1.78,1894.8,1908.99,1801.53,True,True,True,False,False,True,True,190200.0,2076.0,-2.5,False,0.89,2.03,0.86,True,2,True,11.7,3.03,False,False,,tv_wilder_rsi14_sma5_v1,53.78,52.63,True,True,1.15
4204,4204.T,積水化学工業,2023-03,NEW,1,50.88,52.01,True,True,1.13,2023-03,1876.0,1876.0,1876.0,0.0,1867.48,1857.77,1865.62,True,True,True,False,True,False,True,949920.0,2019.0,-7.08,False,1.04,2.01,0.88,True,3,False,2.14,0.34,False,False,,tv_wilder_rsi14_sma5_v1,52.01,50.88,True,True,1.13
8088,8088.T,岩谷産業,2023-03,NEW,1,54.21,55.35,True,True,1.13,2023-03,1447.5,1447.5,1447.5,0.0,1424.8,1409.9,1383.8,True,True,True,True,True,True,True,523867.0,1552.5,-6.76,False,0.99,1.96,0.82,True,2,True,7.06,1.13,False,False,,tv_wilder_rsi14_sma5_v1,55.35,54.21,True,True,1.13
1835,1835.T,東鉄工業,2023-03,CONTINUE,10,54.96,56.07,True,False,1.11,2022-06,2423.0,2709.0,2709.0,11.8,2287.08,2242.28,2378.14,True,True,True,False,True,False,False,94167.0,,,,1.29,2.04,1.19,False,3,True,,,,False,,tv_wilder_rsi14_sma5_v1,56.07,54.96,False,True,1.11
2929,2929.T,ファーマフーズ,2023-03,CONTINUE,4,43.91,45.01,True,False,1.11,2022-12,1322.0,1416.0,1416.0,7.11,1406.32,1313.57,1506.07,False,True,False,False,True,False,False,598737.0,2284.0,-42.12,False,0.47,3.93,0.82,True,4,True,-13.94,-1.38,False,False,,tv_wilder_rsi14_sma5_v1,45.01,43.91,False,True,1.11
6118,6118.T,アイダエンジニアリング,2023-03,NEW,1,42.83,43.93,False,True,1.1,2023-03,817.0,817.0,817.0,0.0,814.04,800.05,841.93,True,True,False,False,True,False,False,129847.0,1096.0,-25.46,False,1.02,1.83,0.91,True,4,False,-4.29,0.36,False,False,,tv_wilder_rsi14_sma5_v1,43.93,42.83,True,False,1.1
9602,9602.T,東宝,2023-03,NEW,1,53.49,54.59,False,True,1.1,2023-03,1014.0,1014.0,1014.0,0.0,976.52,974.01,1012.45,True,True,True,False,True,False,False,1857167.0,1106.0,-8.32,False,0.87,1.59,1.04,False,3,True,2.05,3.71,False,False,,tv_wilder_rsi14_sma5_v1,54.59,53.49,True,False,1.1
1941,1941.T,中電工,2023-03,CONTINUE,4,46.29,47.38,True,False,1.09,2022-12,2088.0,2134.0,2134.0,2.2,2072.52,2084.76,2101.3,True,True,False,False,True,False,False,59750.0,2198.0,-5.0,False,0.77,0.78,0.99,True,1,False,-1.48,0.53,False,False,,tv_wilder_rsi14_sma5_v1,47.38,46.29,False,True,1.09
2288,2288.T,丸大食品,2023-03,CONTINUE,3,40.05,41.14,True,False,1.09,2023-01,1455.0,1454.0,1454.0,-0.07,1426.28,1414.87,1479.94,True,True,False,False,True,False,False,28477.0,1608.0,-9.51,False,0.88,0.91,1.06,False,4,True,-1.87,1.32,False,False,,tv_wilder_rsi14_sma5_v1,41.14,40.05,False,True,1.09
2579,2579.T,ｺｶ･ｺｰﾗ ﾎﾞﾄﾗｰｽﾞｼﾞｬﾊﾟﾝﾎｰﾙﾃﾞｨﾝｸﾞｽ,2023-03,CONTINUE,2,43.24,44.33,True,True,1.09,2023-02,1434.0,1445.0,1445.0,0.77,1365.12,1405.05,1433.13,True,True,True,False,False,True,False,657633.0,1655.0,-13.35,False,0.79,1.86,1.13,False,3,True,-3.37,1.0,False,False,,tv_wilder_rsi14_sma5_v1,44.33,43.24,True,True,1.09
4116,4116.T,大日精化工業,2023-03,CONTINUE,3,37.98,39.07,True,False,1.09,2023-01,452.75,445.75,445.75,-1.55,429.43,431.24,445.9,True,True,True,False,True,False,False,125720.0,581.25,-22.11,False,0.85,1.3,1.2,False,3,True,-3.63,2.72,False,False,,tv_wilder_rsi14_sma5_v1,39.07,37.98,False,True,1.09
2910,2910.T,ロック・フィールド,2023-03,CONTINUE,4,51.93,53.01,True,False,1.08,2022-12,1508.0,1565.0,1565.0,3.78,1493.36,1474.93,1470.38,True,True,True,True,True,False,False,47647.0,1619.0,-6.86,False,0.73,1.33,0.91,True,1,True,3.08,1.61,False,False,,tv_wilder_rsi14_sma5_v1,53.01,51.93,False,True,1.08
7917,7917.T,ＺＡＣＲＯＳ,2023-03,CONTINUE,3,40.93,42.01,True,True,1.08,2023-01,830.0,796.25,796.25,-4.07,786.7,788.22,842.63,True,True,False,False,False,False,False,108880.0,1087.5,-23.68,False,1.02,1.75,1.06,False,4,True,-3.67,4.4,False,False,,tv_wilder_rsi14_sma5_v1,42.01,40.93,True,True,1.08
1720,1720.T,東急建設,2023-03,CONTINUE,3,50.24,51.31,True,False,1.07,2023-01,660.0,675.0,675.0,2.27,641.56,638.72,634.63,True,True,True,True,True,False,False,183283.0,735.0,-10.2,False,0.98,0.93,0.95,True,3,True,2.09,1.81,False,False,,tv_wilder_rsi14_sma5_v1,51.31,50.24,False,True,1.07
4028,4028.T,石原産業,2023-03,NEW,1,53.1,54.17,True,True,1.07,2023-03,1115.0,1115.0,1115.0,0.0,1119.32,1087.73,1064.54,False,True,True,True,True,True,True,236347.0,1262.0,-11.65,False,0.68,2.92,0.78,True,2,False,7.5,0.77,False,False,,tv_wilder_rsi14_sma5_v1,54.17,53.1,True,True,1.07
7972,7972.T,イトーキ,2023-03,CONTINUE,6,72.68,73.75,True,False,1.07,2022-10,425.0,747.0,747.0,75.76,416.08,413.05,379.39,True,True,True,True,False,True,True,83740.0,460.0,-7.61,False,0.95,2.07,0.89,True,2,False,14.54,0.87,False,False,,tv_wilder_rsi14_sma5_v1,73.75,72.68,False,True,1.07
8053,8053.T,住友商事,2023-03,CONTINUE,5,67.41,68.48,True,True,1.07,2022-11,561.75,585.25,585.25,4.18,531.71,496.04,487.6,True,True,True,True,True,True,True,17504973.0,579.12,-3.0,False,0.94,1.94,0.88,True,1,True,20.58,2.93,False,False,,tv_wilder_rsi14_sma5_v1,68.48,67.41,True,True,1.07
8923,8923.T,トーセイ,2023-03,CONTINUE,3,63.35,64.42,True,False,1.07,2023-01,739.5,736.0,736.0,-0.47,697.8,700.81,652.06,True,True,True,False,True,False,True,317253.0,753.0,-1.79,False,0.78,2.08,1.01,False,2,True,22.69,5.01,False,False,,tv_wilder_rsi14_sma5_v1,64.42,63.35,False,True,1.07
2802,2802.T,味の素,2023-03,NEW,1,69.31,70.34,False,True,1.04,2023-03,2303.0,2303.0,2303.0,0.0,2213.38,2120.2,1983.65,True,True,True,True,True,True,True,3689453.0,2312.5,-0.41,False,0.82,1.83,0.9,True,2,True,24.47,2.41,False,False,,tv_wilder_rsi14_sma5_v1,70.34,69.31,True,False,1.04
6762,6762.T,ＴＤＫ,2023-03,NEW,1,53.38,54.42,False,True,1.04,2023-03,945.0,945.0,945.0,0.0,932.52,913.49,923.41,True,True,True,False,True,False,True,8617400.0,1060.0,-10.85,False,0.95,2.31,0.86,True,2,False,9.17,4.35,True,False,,tv_wilder_rsi14_sma5_v1,54.42,53.38,True,False,1.04
4471,4471.T,三洋化成工業,2023-03,CONTINUE,3,40.05,41.08,True,False,1.03,2023-01,4225.0,4270.0,4270.0,1.07,4080.2,4177.93,4508.55,True,True,False,False,False,False,False,38103.0,5380.0,-21.47,False,0.55,0.96,0.9,True,4,True,-8.35,2.56,False,False,,tv_wilder_rsi14_sma5_v1,41.08,40.05,False,True,1.03
5852,5852.T,アーレスティ,2023-03,CONTINUE,5,57.38,58.41,True,False,1.03,2022-11,390.0,519.0,519.0,33.08,379.64,385.92,378.37,True,True,True,False,True,True,False,73970.0,433.0,-9.93,False,0.75,2.12,0.86,True,1,True,-3.25,0.88,False,False,,tv_wilder_rsi14_sma5_v1,58.41,57.38,False,True,1.03
8097,8097.T,三愛オブリ,2023-03,CONTINUE,11,58.76,59.77,True,False,1.01,2022-05,959.0,1371.0,1371.0,42.96,953.24,947.61,1183.68,True,True,False,False,False,False,,169897.0,,,,1.29,2.23,0.89,True,4,True,,,,False,,tv_wilder_rsi14_sma5_v1,59.77,58.76,False,True,1.01
1808,1808.T,長谷工コーポレーション,2023-03,CONTINUE,2,53.32,54.32,False,False,1.0,2023-02,1563.0,1539.0,1539.0,-1.54,1507.84,1491.19,1543.06,True,True,True,False,True,False,True,755960.0,1672.0,-6.52,False,1.02,1.25,0.95,True,1,True,1.65,1.27,False,False,,tv_wilder_rsi14_sma5_v1,54.32,53.32,False,False,1.0
4839,4839.T,ＷＯＷＯＷ,2023-03,CONTINUE,4,22.01,23.01,True,False,1.0,2022-12,1271.0,1253.0,1253.0,-1.42,1229.64,1268.51,1411.38,True,True,False,False,False,False,False,55107.0,1870.0,-32.03,False,1.26,1.65,1.11,False,4,True,-15.87,1.62,False,False,,tv_wilder_rsi14_sma5_v1,23.01,22.01,False,True,1.0
7198,7198.T,ＳＢＩアルヒ,2023-03,CONTINUE,2,42.97,43.97,False,False,1.0,2023-02,1114.0,1066.0,1066.0,-4.31,1066.32,1056.97,1097.6,True,True,True,False,True,False,True,141667.0,1443.0,-22.8,False,0.96,1.89,1.11,False,2,True,7.6,8.85,False,False,,tv_wilder_rsi14_sma5_v1,43.97,42.97,False,False,1.0
8075,8075.T,神鋼商事,2023-03,CONTINUE,5,76.01,77.01,True,False,1.0,2022-11,1506.67,1933.33,1933.33,28.32,1408.27,1365.62,1288.65,True,True,True,True,True,True,True,81210.0,1516.67,-0.66,False,0.72,1.73,0.82,True,2,True,17.59,0.78,False,False,,tv_wilder_rsi14_sma5_v1,77.01,76.01,False,True,1.0
1833,1833.T,奥村組,2023-03,CONTINUE,5,53.78,54.75,True,False,0.97,2022-11,2936.0,3130.0,3130.0,6.61,2860.04,2894.55,2972.64,True,True,False,False,True,False,False,112160.0,3325.0,-11.7,False,0.95,1.3,1.1,False,4,True,-3.9,1.33,False,False,,tv_wilder_rsi14_sma5_v1,54.75,53.78,False,True,0.97
2264,2264.T,森永乳業,2023-03,CONTINUE,5,46.42,47.39,True,True,0.97,2022-11,555.62,596.25,596.25,7.31,542.45,532.33,596.24,True,True,False,False,True,False,False,1849387.0,751.25,-26.04,False,0.84,2.18,0.79,True,4,True,-8.76,4.52,False,False,,tv_wilder_rsi14_sma5_v1,47.39,46.42,True,True,0.97
2678,2678.T,アスクル,2023-03,CONTINUE,4,51.4,52.36,True,True,0.97,2022-12,1709.0,1723.0,1723.0,0.82,1624.0,1590.03,1613.4,True,True,True,False,True,False,False,414487.0,1877.0,-8.95,False,0.69,2.81,0.95,True,1,True,11.41,7.06,False,False,,tv_wilder_rsi14_sma5_v1,52.36,51.4,True,True,0.97
8237,8237.T,松屋,2023-03,CONTINUE,4,58.75,59.72,True,False,0.97,2022-12,1029.0,1103.0,1103.0,7.19,986.84,1020.88,904.72,True,True,True,False,True,True,True,181053.0,1185.0,-13.16,False,1.21,3.54,1.27,False,2,True,12.88,0.06,False,False,,tv_wilder_rsi14_sma5_v1,59.72,58.75,False,True,0.97
7003,7003.T,三井Ｅ＆Ｓ,2023-03,CONTINUE,3,44.74,45.7,True,False,0.96,2023-01,402.0,417.0,417.0,3.73,385.32,404.32,387.25,True,False,True,False,False,False,True,583587.0,493.0,-18.46,False,0.89,2.31,1.03,False,2,True,4.57,0.95,False,False,,tv_wilder_rsi14_sma5_v1,45.7,44.74,False,True,0.96
7366,7366.T,LITALICO,2023-03,NEW,1,50.32,51.28,False,True,0.96,2023-03,2574.0,2574.0,2574.0,0.0,2547.08,2462.04,2547.57,True,True,True,False,False,True,True,94557.0,3245.0,-20.68,False,0.99,2.84,1.07,False,2,False,13.52,5.66,False,False,,tv_wilder_rsi14_sma5_v1,51.28,50.32,True,False,0.96
2914,2914.T,日本たばこ産業,2023-03,CONTINUE,12,65.33,66.26,True,True,0.94,2022-04,2223.5,2798.0,2798.0,25.84,2153.58,2206.39,,True,True,,,True,False,,6046930.0,,,,1.1,1.2,0.89,True,1,True,,,,False,,tv_wilder_rsi14_sma5_v1,66.26,65.33,True,True,0.94
5110,5110.T,住友ゴム工業,2023-03,CONTINUE,2,48.28,49.21,False,False,0.93,2023-02,1226.0,1196.0,1196.0,-2.45,1178.96,1165.37,1191.17,True,True,True,False,True,False,True,741427.0,1288.0,-4.81,False,0.84,2.07,1.23,False,1,True,3.84,3.92,False,False,,tv_wilder_rsi14_sma5_v1,49.21,48.28,False,False,0.93
6806,6806.T,ヒロセ電機,2023-03,NEW,1,49.76,50.69,False,True,0.93,2023-03,17270.0,17270.0,17270.0,0.0,16966.8,16847.2,18158.15,True,True,False,False,True,False,False,95607.0,20890.0,-17.33,False,1.17,2.11,1.1,False,4,True,-1.02,1.74,False,False,,tv_wilder_rsi14_sma5_v1,50.69,49.76,True,False,0.93
256A,256A.T,飛島ホールディングス,2023-03,CONTINUE,3,46.6,47.51,True,False,0.91,2023-01,1048.0,1054.0,1054.0,0.57,1015.64,1022.72,1032.12,True,True,True,False,True,False,False,59490.0,1158.0,-9.5,False,1.12,0.84,1.14,False,1,True,1.11,1.52,False,False,,tv_wilder_rsi14_sma5_v1,47.51,46.6,False,True,0.91
3040,3040.T,ソリトンシステムズ,2023-03,NEW,1,43.23,44.12,True,True,0.89,2023-03,1092.0,1092.0,1092.0,0.0,1022.84,1060.28,1126.29,True,True,False,False,False,False,False,45283.0,1719.0,-36.47,False,1.11,3.22,1.09,False,4,True,-2.22,5.25,True,False,,tv_wilder_rsi14_sma5_v1,44.12,43.23,True,True,0.89
9997,9997.T,ベルーナ,2023-03,CONTINUE,3,43.53,44.43,False,True,0.89,2023-01,697.0,702.0,702.0,0.72,676.96,690.13,711.16,True,True,False,False,False,False,False,116510.0,835.0,-16.53,False,0.86,1.01,1.09,False,1,True,-5.33,0.09,False,False,,tv_wilder_rsi14_sma5_v1,44.43,43.53,True,False,0.89
1721,1721.T,コムシスホールディングス,2023-03,CONTINUE,3,41.53,42.4,True,False,0.87,2023-01,2473.0,2443.0,2443.0,-1.21,2354.44,2410.37,2510.2,True,True,False,False,False,False,False,435530.0,2825.0,-12.46,False,1.14,1.22,0.96,True,4,True,-3.81,2.11,True,False,,tv_wilder_rsi14_sma5_v1,42.4,41.53,False,True,0.87
3028,3028.T,アルペン,2023-03,NEW,1,44.31,45.18,False,True,0.87,2023-03,1992.0,1992.0,1992.0,0.0,1958.68,1950.17,2017.5,True,True,False,False,True,False,True,62577.0,2205.0,-9.66,False,1.0,1.5,0.98,True,4,False,-1.57,0.57,False,False,,tv_wilder_rsi14_sma5_v1,45.18,44.31,True,False,0.87
6516,6516.T,山洋電気,2023-03,NEW,1,52.58,53.44,True,True,0.86,2023-03,2050.0,2050.0,2050.0,0.0,1950.8,1939.33,1853.01,True,True,True,True,True,False,True,100960.0,2103.33,-2.54,False,0.81,2.37,0.85,True,2,True,17.78,5.32,False,False,,tv_wilder_rsi14_sma5_v1,53.44,52.58,True,True,0.86
3099,3099.T,三越伊勢丹ホールディングス,2023-03,NEW,1,76.11,76.96,True,True,0.85,2023-03,1482.0,1482.0,1482.0,0.0,1407.48,1381.79,1243.61,True,True,True,True,True,True,True,2480127.0,1517.0,-2.31,False,1.09,3.01,0.94,True,2,False,22.97,-2.76,False,False,,tv_wilder_rsi14_sma5_v1,76.96,76.11,True,True,0.85
4613,4613.T,関西ペイント,2023-03,CONTINUE,3,39.89,40.73,False,False,0.84,2023-01,1818.0,1788.0,1788.0,-1.65,1667.4,1807.51,1869.96,True,True,False,False,False,False,False,662673.0,2486.0,-26.87,False,1.34,2.38,1.1,False,1,True,-8.49,5.06,False,False,,tv_wilder_rsi14_sma5_v1,40.73,39.89,False,False,0.84
6807,6807.T,日本航空電子工業,2023-03,NEW,1,58.06,58.91,False,True,0.84,2023-03,2298.0,2298.0,2298.0,0.0,2270.24,2220.32,2231.64,True,True,True,False,True,False,True,140157.0,2496.0,-7.93,False,1.1,2.51,0.98,True,2,False,11.23,2.13,False,False,,tv_wilder_rsi14_sma5_v1,58.91,58.06,True,False,0.84
5713,5713.T,住友金属鉱山,2023-03,CONTINUE,5,55.04,55.87,True,False,0.83,2022-11,4645.0,5049.0,5049.0,8.7,4449.28,4345.09,4919.81,True,True,False,False,True,True,False,1970367.0,6625.0,-29.89,False,1.13,2.99,0.95,True,4,True,-2.91,0.72,False,False,,tv_wilder_rsi14_sma5_v1,55.87,55.04,False,True,0.83
3196,3196.T,ホットランドホールディングス,2023-03,NEW,1,57.94,58.74,True,True,0.8,2023-03,1473.0,1473.0,1473.0,0.0,1438.12,1429.61,1390.03,True,True,True,True,True,False,True,62423.0,1589.0,-7.3,False,1.01,1.53,0.96,True,2,True,7.02,1.61,False,False,,tv_wilder_rsi14_sma5_v1,58.74,57.94,True,True,0.8
4968,4968.T,荒川化学工業,2023-03,CONTINUE,5,39.66,40.46,True,False,0.8,2022-11,995.0,997.0,997.0,0.2,966.48,1002.09,1026.5,True,False,False,False,False,False,False,33040.0,1220.0,-18.44,False,0.64,1.37,0.87,True,4,True,-7.31,2.87,False,False,,tv_wilder_rsi14_sma5_v1,40.46,39.66,False,True,0.8
6859,6859.T,エスペック,2023-03,CONTINUE,6,51.51,52.31,True,True,0.8,2022-10,1910.0,2035.0,2035.0,6.54,1774.64,1817.28,1860.06,True,True,True,False,False,True,False,50440.0,2400.0,-20.42,False,1.39,2.27,1.16,False,3,True,-0.55,3.26,True,False,,tv_wilder_rsi14_sma5_v1,52.31,51.51,True,True,0.8
7280,7280.T,ミツバ,2023-03,CONTINUE,5,49.93,50.72,True,True,0.8,2022-11,533.0,522.0,522.0,-2.06,466.84,429.45,401.91,True,True,True,True,True,True,True,220150.0,548.0,-2.74,False,0.56,4.54,0.83,True,2,True,22.2,8.99,False,False,,tv_wilder_rsi14_sma5_v1,50.72,49.93,True,True,0.8
9474,9474.T,ゼンリン,2023-03,CONTINUE,2,35.66,36.45,False,False,0.8,2023-02,841.0,834.0,834.0,-0.83,841.84,836.49,888.61,False,True,False,False,True,False,False,132370.0,1115.0,-24.57,False,0.58,1.41,0.83,True,4,True,-9.63,-0.83,False,False,,tv_wilder_rsi14_sma5_v1,36.45,35.66,False,False,0.8
2432,2432.T,ディー・エヌ・エー,2023-03,NEW,1,46.76,47.54,False,True,0.79,2023-03,1808.0,1808.0,1808.0,0.0,1766.44,1776.77,1842.87,True,True,False,False,False,False,False,373893.0,2007.0,-9.92,False,0.94,1.57,0.88,True,4,True,0.51,1.89,False,False,,tv_wilder_rsi14_sma5_v1,47.54,46.76,True,False,0.79
3486,3486.T,グローバル・リンク・マネジメント,2023-03,CONTINUE,2,64.65,65.44,True,False,0.79,2023-02,640.0,633.5,633.5,-1.02,597.46,598.11,517.08,True,True,True,False,True,True,True,77613.0,712.0,-10.11,False,0.97,2.86,1.33,False,2,True,25.92,1.07,False,False,,tv_wilder_rsi14_sma5_v1,65.44,64.65,False,True,0.79
7593,7593.T,ＶＴホールディングス,2023-03,CONTINUE,3,54.81,55.6,True,False,0.79,2023-01,499.0,507.0,507.0,1.6,482.16,489.41,481.17,True,True,True,False,False,False,True,220873.0,518.0,-3.67,False,0.67,1.1,1.0,False,2,True,5.75,2.09,False,False,,tv_wilder_rsi14_sma5_v1,55.6,54.81,False,True,0.79
7596,7596.T,魚力,2023-03,NEW,1,54.84,55.63,True,True,0.79,2023-03,2172.0,2172.0,2172.0,0.0,2139.0,2138.35,2208.3,True,True,False,False,False,True,False,8507.0,2520.0,-13.81,False,1.2,1.42,1.08,False,4,True,0.48,1.42,False,False,,tv_wilder_rsi14_sma5_v1,55.63,54.84,True,True,0.79
9072,9072.T,ニッコンホールディングス,2023-03,CONTINUE,3,56.16,56.95,True,False,0.79,2023-01,1245.5,1237.5,1237.5,-0.64,1177.72,1183.29,1130.47,True,True,True,False,False,False,True,135707.0,1251.0,-0.44,False,1.19,1.33,1.08,False,2,True,14.32,3.8,True,False,,tv_wilder_rsi14_sma5_v1,56.95,56.16,False,True,0.79
6191,6191.T,エアトリ,2023-03,NEW,1,49.78,50.57,True,True,0.78,2023-03,2621.0,2621.0,2621.0,0.0,2567.16,2550.19,2591.18,True,True,True,False,True,True,False,432037.0,3445.0,-23.92,False,0.61,3.3,1.04,False,3,False,-4.43,0.8,False,False,,tv_wilder_rsi14_sma5_v1,50.57,49.78,True,True,0.78
6363,6363.T,酉島製作所,2023-03,CONTINUE,3,67.93,68.7,True,True,0.78,2023-01,1515.0,1569.0,1569.0,3.56,1455.6,1422.41,1354.44,True,True,True,True,False,True,True,40857.0,1593.0,-4.9,False,0.88,1.84,0.84,True,2,True,26.91,1.6,False,False,,tv_wilder_rsi14_sma5_v1,68.7,67.93,True,True,0.78
6454,6454.T,マックス,2023-03,CONTINUE,2,60.51,61.29,False,False,0.78,2023-02,541.5,530.0,530.0,-2.12,523.13,503.14,473.04,True,True,True,True,True,True,True,171427.0,560.0,-3.3,False,0.98,1.45,0.68,True,2,True,17.22,1.12,True,True,MVP,tv_wilder_rsi14_sma5_v1,61.29,60.51,False,False,0.78
6584,6584.T,三櫻工業,2023-03,CONTINUE,3,43.01,43.78,True,False,0.78,2023-01,642.0,659.0,659.0,2.65,628.48,651.57,679.75,True,False,False,False,False,False,False,122720.0,913.0,-29.68,False,0.62,1.7,0.94,True,1,True,-10.95,1.15,False,False,,tv_wilder_rsi14_sma5_v1,43.78,43.01,False,True,0.78
6586,6586.T,マキタ,2023-03,CONTINUE,5,40.44,41.22,True,False,0.78,2022-11,3130.0,3280.0,3280.0,4.79,2889.98,3005.98,3426.75,True,True,False,False,True,False,False,1668850.0,5348.0,-41.47,False,0.83,2.7,0.93,True,4,True,-16.8,5.15,False,False,,tv_wilder_rsi14_sma5_v1,41.22,40.44,False,True,0.78
9755,9755.T,応用地質,2023-03,NEW,1,59.99,60.77,False,True,0.78,2023-03,2224.0,2224.0,2224.0,0.0,2153.2,2123.65,1991.67,True,True,True,True,True,True,True,34637.0,2430.0,-8.48,False,1.05,2.53,0.79,True,2,True,11.95,-0.25,False,False,,tv_wilder_rsi14_sma5_v1,60.77,59.99,True,False,0.78
3834,3834.T,朝日ネット,2023-03,CONTINUE,3,42.9,43.66,False,False,0.77,2023-01,597.0,590.0,590.0,-1.17,577.16,580.8,590.28,True,True,True,False,True,False,False,32463.0,643.0,-7.15,False,0.68,1.11,1.02,False,1,True,1.11,1.8,False,False,,tv_wilder_rsi14_sma5_v1,43.66,42.9,False,False,0.77
4064,4064.T,日本カーバイド工業,2023-03,CONTINUE,3,48.12,48.88,True,False,0.77,2023-01,1322.0,1317.0,1317.0,-0.38,1283.32,1277.2,1319.21,True,True,True,False,True,True,False,47407.0,1488.0,-11.16,False,1.25,0.93,1.06,False,3,True,-1.15,0.99,True,False,,tv_wilder_rsi14_sma5_v1,48.88,48.12,False,True,0.77
8125,8125.T,ワキタ,2023-03,NEW,1,57.58,58.35,True,True,0.77,2023-03,1217.0,1217.0,1217.0,0.0,1163.92,1171.55,1159.75,True,True,True,False,False,False,True,108940.0,1249.0,-2.56,False,0.71,2.07,0.87,True,2,True,7.64,1.34,False,False,,tv_wilder_rsi14_sma5_v1,58.35,57.58,True,True,0.77
2752,2752.T,フジオフードグループ本社,2023-03,NEW,1,51.61,52.37,False,True,0.76,2023-03,1386.0,1386.0,1386.0,0.0,1362.8,1379.37,1365.74,True,True,True,False,False,False,True,150793.0,1427.0,-2.87,False,0.72,1.41,0.95,True,2,True,1.26,0.59,False,False,,tv_wilder_rsi14_sma5_v1,52.37,51.61,True,False,0.76
5975,5975.T,東プレ,2023-03,CONTINUE,3,47.21,47.97,True,True,0.76,2023-01,1262.0,1227.0,1227.0,-2.77,1167.96,1187.72,1130.47,True,True,True,False,False,False,True,81913.0,1316.0,-4.1,False,0.99,1.89,1.1,False,2,True,9.19,2.24,False,False,,tv_wilder_rsi14_sma5_v1,47.97,47.21,True,True,0.76
9601,9601.T,松竹,2023-03,NEW,1,44.35,45.11,False,True,0.76,2023-03,11430.0,11430.0,11430.0,0.0,11236.4,11224.4,11792.35,True,True,False,False,True,False,False,49523.0,13900.0,-17.77,False,0.56,1.96,1.06,False,4,True,-4.97,1.57,False,False,,tv_wilder_rsi14_sma5_v1,45.11,44.35,True,False,0.76
3167,3167.T,ＴＯＫＡＩホールディングス,2023-03,CONTINUE,2,45.16,45.89,False,False,0.74,2023-02,877.0,873.0,873.0,-0.46,858.96,863.96,874.01,True,True,True,False,True,False,False,151880.0,924.0,-5.09,False,1.32,0.68,0.95,True,3,True,-2.15,0.09,False,False,,tv_wilder_rsi14_sma5_v1,45.89,45.16,False,False,0.74
5844,5844.T,京都フィナンシャルグループ,2023-03,CONTINUE,5,59.98,60.72,True,False,0.74,2022-11,1425.0,1562.5,1562.5,9.65,1375.1,1365.33,1369.08,True,True,True,False,True,False,True,783440.0,1522.5,-6.4,False,1.2,2.62,1.12,False,2,True,5.54,4.51,False,False,,tv_wilder_rsi14_sma5_v1,60.72,59.98,False,True,0.74
7269,7269.T,スズキ,2023-03,NEW,1,51.51,52.24,False,True,0.73,2023-03,1201.0,1201.0,1201.0,0.0,1189.19,1155.26,1160.61,True,True,True,False,False,False,True,5732613.0,1418.0,-15.3,False,1.1,2.67,0.95,True,2,True,11.49,2.53,False,False,,tv_wilder_rsi14_sma5_v1,52.24,51.51,True,False,0.73
4931,4931.T,新日本製薬,2023-03,NEW,1,43.84,44.56,False,True,0.72,2023-03,1433.0,1433.0,1433.0,0.0,1426.84,1396.75,1484.95,True,True,False,False,True,True,True,31460.0,1852.0,-22.62,False,1.09,1.87,1.06,False,4,True,2.15,1.43,False,False,,tv_wilder_rsi14_sma5_v1,44.56,43.84,True,False,0.72
2676,2676.T,高千穂交易,2023-03,CONTINUE,3,74.29,75.0,True,False,0.71,2023-01,1171.0,1236.5,1236.5,5.59,1107.64,1077.75,1005.2,True,True,True,True,True,True,True,57700.0,1238.0,-5.41,False,1.3,1.43,0.99,True,2,True,31.38,3.01,False,False,,tv_wilder_rsi14_sma5_v1,75.0,74.29,False,True,0.71
7942,7942.T,ＪＳＰ,2023-03,CONTINUE,6,47.29,48.0,True,False,0.71,2022-10,1453.0,1551.0,1551.0,6.74,1439.24,1452.21,1484.34,True,True,False,False,True,True,False,31860.0,1668.0,-12.89,False,1.37,1.36,0.96,True,4,True,-5.36,-0.13,False,False,,tv_wilder_rsi14_sma5_v1,48.0,47.29,False,True,0.71
9433,9433.T,ＫＤＤＩ,2023-03,NEW,1,56.24,56.96,False,True,0.71,2023-03,2046.5,2046.5,2046.5,0.0,2031.42,2009.03,2089.11,True,True,False,False,True,False,False,8119940.0,2318.0,-11.71,False,1.14,1.47,0.97,True,4,True,-2.28,-0.23,False,False,,tv_wilder_rsi14_sma5_v1,56.96,56.24,True,False,0.71
9504,9504.T,中国電力,2023-03,CONTINUE,3,25.64,26.35,True,True,0.71,2023-01,713.0,673.0,673.0,-5.61,670.16,678.71,783.06,True,True,False,False,True,False,False,1809830.0,965.0,-26.11,False,0.99,1.55,0.9,True,4,True,-10.0,1.99,True,False,,tv_wilder_rsi14_sma5_v1,26.35,25.64,True,True,0.71
2875,2875.T,東洋水産,2023-03,NEW,1,55.01,55.7,False,True,0.7,2023-03,5550.0,5550.0,5550.0,0.0,5562.4,5352.0,5503.25,False,True,True,False,True,True,True,304717.0,6130.0,-9.46,False,1.1,1.98,0.89,True,2,True,7.78,0.53,False,False,,tv_wilder_rsi14_sma5_v1,55.7,55.01,True,False,0.7
6703,6703.T,沖電気工業,2023-03,NEW,1,34.36,35.06,True,True,0.7,2023-03,718.0,718.0,718.0,0.0,715.96,714.65,733.11,True,True,False,False,False,False,False,283487.0,891.0,-19.42,False,1.02,1.89,0.99,True,4,False,-2.94,0.75,False,False,,tv_wilder_rsi14_sma5_v1,35.06,34.36,True,True,0.7
7747,7747.T,朝日インテック,2023-03,CONTINUE,2,45.74,46.43,False,True,0.7,2023-02,2320.0,2324.0,2324.0,0.17,2301.88,2339.27,2313.79,True,False,True,False,True,False,False,961453.0,2842.0,-18.37,False,0.78,2.87,1.23,False,3,True,-1.25,1.51,False,False,,tv_wilder_rsi14_sma5_v1,46.43,45.74,True,False,0.7
2975,2975.T,スター・マイカ・ホールディングス,2023-03,NEW,1,48.26,48.95,False,True,0.69,2023-03,696.0,696.0,696.0,0.0,677.44,679.73,723.74,True,True,False,False,True,False,False,109603.0,896.5,-22.36,False,1.47,2.25,0.92,True,4,True,-0.54,2.26,False,False,,tv_wilder_rsi14_sma5_v1,48.95,48.26,True,False,0.69
4301,4301.T,アミューズ,2023-03,CONTINUE,2,40.82,41.51,True,False,0.69,2023-02,1818.0,1778.0,1778.0,-2.2,1743.32,1736.79,1860.35,True,True,False,False,True,False,False,27383.0,2200.0,-17.36,False,1.11,1.57,1.26,False,4,True,-5.65,1.84,False,False,,tv_wilder_rsi14_sma5_v1,41.51,40.82,False,True,0.69
4559,4559.T,ゼリア新薬工業,2023-03,NEW,1,57.55,58.24,False,True,0.69,2023-03,2245.0,2245.0,2245.0,0.0,2189.84,2183.41,2158.65,True,True,True,True,True,False,True,60247.0,2340.0,-4.06,False,1.27,1.95,1.06,False,2,True,7.26,1.1,False,False,,tv_wilder_rsi14_sma5_v1,58.24,57.55,True,False,0.69
4684,4684.T,オービック,2023-03,NEW,1,53.74,54.44,False,True,0.69,2023-03,4180.0,4180.0,4180.0,0.0,4075.84,4056.93,4113.88,True,True,True,False,False,False,True,715933.0,4554.0,-8.21,False,1.05,1.99,1.02,False,2,True,10.15,4.49,False,False,,tv_wilder_rsi14_sma5_v1,54.44,53.74,True,False,0.69
5902,5902.T,ホッカンホールディングス,2023-03,NEW,1,47.67,48.36,True,True,0.69,2023-03,1371.0,1371.0,1371.0,0.0,1353.72,1357.24,1314.81,True,True,True,False,False,True,True,20127.0,1418.0,-3.31,False,1.66,1.43,1.11,False,2,False,3.93,0.2,False,False,,tv_wilder_rsi14_sma5_v1,48.36,47.67,True,True,0.69
9507,9507.T,四国電力,2023-03,NEW,1,45.3,46.0,True,True,0.69,2023-03,753.0,753.0,753.0,0.0,736.8,733.19,749.76,True,True,True,False,True,True,False,591610.0,867.0,-13.15,False,0.98,2.22,1.06,False,3,False,-1.46,1.33,False,False,,tv_wilder_rsi14_sma5_v1,46.0,45.3,True,True,0.69
4538,4538.T,扶桑薬品工業,2023-03,NEW,1,41.82,42.48,False,True,0.66,2023-03,1996.0,1996.0,1996.0,0.0,1998.08,1968.93,2033.95,False,True,False,False,True,False,False,5973.0,2277.0,-12.34,False,1.17,1.84,1.05,False,4,True,-1.29,2.4,False,False,,tv_wilder_rsi14_sma5_v1,42.48,41.82,True,False,0.66
6814,6814.T,古野電気,2023-03,NEW,1,45.03,45.69,False,True,0.66,2023-03,976.0,976.0,976.0,0.0,954.24,950.55,1027.86,True,True,False,False,True,False,False,57910.0,1163.0,-16.08,False,0.63,1.78,0.91,True,4,False,-3.53,1.08,False,False,,tv_wilder_rsi14_sma5_v1,45.69,45.03,True,False,0.66
3932,3932.T,アカツキ,2023-03,CONTINUE,5,35.42,36.07,True,True,0.65,2022-11,2274.0,2224.0,2224.0,-2.2,2203.84,2232.96,2607.68,True,True,False,False,True,False,False,84583.0,3230.0,-29.6,False,1.06,2.32,0.95,True,4,True,-15.79,1.65,False,False,,tv_wilder_rsi14_sma5_v1,36.07,35.42,True,True,0.65
4004,4004.T,レゾナック・ホールディングス,2023-03,CONTINUE,3,43.81,44.46,True,False,0.65,2023-01,2205.0,2176.0,2176.0,-1.32,2114.08,2160.28,2248.66,True,True,False,False,False,False,False,1301480.0,2695.0,-18.18,False,0.88,2.16,0.97,True,4,True,-2.88,2.81,False,False,,tv_wilder_rsi14_sma5_v1,44.46,43.81,False,True,0.65
7725,7725.T,インターアクション,2023-03,NEW,1,40.88,41.53,True,True,0.64,2023-03,1524.0,1524.0,1524.0,0.0,1491.92,1499.8,1626.08,True,True,False,False,True,False,False,90637.0,2190.0,-30.41,False,1.28,2.69,1.07,False,4,True,-8.72,3.34,False,False,,tv_wilder_rsi14_sma5_v1,41.53,40.88,True,True,0.64
4446,4446.T,Ｌｉｎｋ－Ｕグループ,2023-03,CONTINUE,10,48.81,49.44,True,True,0.63,2022-06,701.0,993.0,993.0,41.65,673.2,694.2,923.62,True,True,False,False,True,False,False,43107.0,,,,1.19,4.26,1.1,False,4,True,,,,False,,tv_wilder_rsi14_sma5_v1,49.44,48.81,True,True,0.63
6592,6592.T,マブチモーター,2023-03,NEW,1,48.2,48.83,False,True,0.63,2023-03,963.75,963.75,963.75,0.0,939.95,936.68,960.36,True,True,True,False,True,False,True,600080.0,1077.5,-10.56,False,0.85,1.62,0.94,True,2,True,2.17,2.16,False,False,,tv_wilder_rsi14_sma5_v1,48.83,48.2,True,False,0.63
8707,8707.T,岩井コスモホールディングス,2023-03,CONTINUE,6,50.87,51.49,True,False,0.61,2022-10,1259.0,1340.0,1340.0,6.43,1228.6,1247.76,1291.32,True,True,False,False,False,False,False,54587.0,1438.0,-12.45,False,1.37,1.37,0.91,True,4,True,-4.4,1.31,False,False,,tv_wilder_rsi14_sma5_v1,51.49,50.87,False,True,0.61
9044,9044.T,ＮＡＮＫＡＩ,2023-03,NEW,1,59.91,60.51,False,True,0.6,2023-03,2925.0,2925.0,2925.0,0.0,2836.04,2815.96,2797.49,True,True,True,True,True,False,True,360780.0,3055.0,-4.26,False,2.04,1.99,1.02,False,2,False,7.44,0.72,False,False,,tv_wilder_rsi14_sma5_v1,60.51,59.91,True,False,0.6
2154,2154.T,オープンアップグループ,2023-03,NEW,1,59.79,60.38,False,True,0.59,2023-03,1919.0,1919.0,1919.0,0.0,1891.8,1846.28,1740.46,True,True,True,True,False,False,True,235707.0,2062.0,-6.94,False,1.01,2.95,1.07,False,2,False,18.56,1.29,False,False,,tv_wilder_rsi14_sma5_v1,60.38,59.79,True,False,0.59
9682,9682.T,ＤＴＳ,2023-03,NEW,1,58.03,58.6,False,True,0.58,2023-03,805.0,805.0,805.0,0.0,801.55,776.85,820.33,True,True,False,False,True,False,True,249560.0,926.25,-13.09,False,1.18,2.46,1.0,False,1,False,5.86,1.23,False,False,,tv_wilder_rsi14_sma5_v1,58.6,58.03,True,False,0.58
5857,5857.T,ＡＲＥホールディングス,2023-03,CONTINUE,3,51.69,52.26,True,True,0.57,2023-01,2038.0,2022.0,2022.0,-0.79,1972.64,1973.95,2045.32,True,True,False,False,False,False,False,249157.0,2421.0,-15.82,False,1.57,1.39,1.11,False,4,True,0.43,3.24,True,False,,tv_wilder_rsi14_sma5_v1,52.26,51.69,True,True,0.57
3036,3036.T,アルコニックス,2023-03,CONTINUE,3,48.42,48.98,False,True,0.56,2023-01,1387.0,1361.0,1361.0,-1.87,1339.28,1331.85,1338.74,True,True,True,False,True,False,False,58117.0,1512.0,-8.27,False,0.73,1.3,1.02,False,3,True,3.07,1.8,False,False,,tv_wilder_rsi14_sma5_v1,48.98,48.42,True,False,0.56
6844,6844.T,新電元工業,2023-03,CONTINUE,3,48.42,48.97,False,False,0.56,2023-01,3350.0,3345.0,3345.0,-0.15,3157.12,3306.08,3346.72,True,True,True,False,True,False,True,55443.0,4070.0,-17.69,False,0.71,1.48,0.91,True,2,True,-2.24,3.07,False,False,,tv_wilder_rsi14_sma5_v1,48.97,48.42,False,False,0.56
6073,6073.T,アサンテ,2023-03,CONTINUE,6,50.19,50.74,True,False,0.55,2022-10,1602.0,1650.0,1650.0,3.0,1587.64,1598.48,1557.46,True,True,True,False,False,True,False,35830.0,1794.0,-10.7,False,0.75,1.09,0.75,True,3,True,0.17,0.25,False,False,,tv_wilder_rsi14_sma5_v1,50.74,50.19,False,True,0.55
8001,8001.T,伊藤忠商事,2023-03,NEW,1,64.66,65.21,True,True,0.55,2023-03,860.2,860.2,860.2,0.0,837.88,830.92,796.35,True,True,True,True,True,False,True,16014550.0,882.8,-2.56,False,1.11,2.1,0.88,True,2,False,9.58,0.9,False,False,,tv_wilder_rsi14_sma5_v1,65.21,64.66,True,True,0.55
8860,8860.T,フジ住宅,2023-03,CONTINUE,5,52.63,53.19,True,False,0.55,2022-11,656.0,679.0,679.0,3.51,626.04,638.51,640.79,True,True,True,False,False,False,False,44807.0,699.0,-6.15,False,1.12,1.13,0.87,True,3,True,-1.0,1.32,True,False,,tv_wilder_rsi14_sma5_v1,53.19,52.63,False,True,0.55
5074,5074.T,テスホールディングス,2023-03,CONTINUE,5,40.34,40.88,True,True,0.54,2022-11,1112.0,1083.0,1083.0,-2.61,1062.4,1072.15,1241.35,True,True,False,False,True,False,False,120740.0,2815.0,-60.5,False,0.66,3.05,1.02,False,4,True,-20.66,3.64,False,False,,tv_wilder_rsi14_sma5_v1,40.88,40.34,True,True,0.54
2811,2811.T,カゴメ,2023-03,NEW,1,49.77,50.3,True,True,0.53,2023-03,3090.0,3090.0,3090.0,0.0,3043.96,3044.24,3090.52,True,True,False,False,False,True,False,161543.0,3445.0,-10.3,False,1.11,1.5,0.99,True,4,True,-0.81,0.77,False,False,,tv_wilder_rsi14_sma5_v1,50.3,49.77,True,True,0.53
543A,543A.T,ARCHION,2023-03,CONTINUE,3,36.31,36.83,False,False,0.53,2023-01,553.0,553.0,553.0,0.0,509.28,572.88,637.39,True,False,False,False,False,False,False,3101137.0,1113.0,-50.31,False,0.92,2.38,1.1,False,4,True,-20.46,3.1,True,False,,tv_wilder_rsi14_sma5_v1,36.83,36.31,False,False,0.53
7554,7554.T,幸楽苑,2023-03,CONTINUE,3,34.28,34.81,True,False,0.53,2023-01,1090.0,1040.0,1040.0,-4.59,1046.48,1045.25,1151.91,True,True,False,False,True,False,False,39230.0,1440.0,-24.31,False,0.62,1.06,0.99,True,4,True,-8.5,2.96,False,False,,tv_wilder_rsi14_sma5_v1,34.81,34.28,False,True,0.53
1950,1950.T,日本電設工業,2023-03,NEW,1,42.16,42.67,False,True,0.5,2023-03,1584.0,1584.0,1584.0,0.0,1559.44,1551.32,1661.42,True,True,False,False,True,False,False,51323.0,1891.0,-16.23,False,0.92,2.27,0.94,True,4,False,-1.82,0.62,False,False,,tv_wilder_rsi14_sma5_v1,42.67,42.16,True,False,0.5
4008,4008.T,住友精化,2023-03,CONTINUE,5,62.8,63.29,True,False,0.48,2022-11,848.0,865.0,865.0,2.0,719.91,655.65,626.49,True,True,True,True,True,True,True,651850.0,871.0,-2.64,False,0.62,2.83,0.88,True,1,True,36.8,12.71,False,False,,tv_wilder_rsi14_sma5_v1,63.29,62.8,False,True,0.48
5020,5020.T,ＥＮＥＯＳホールディングス,2023-03,CONTINUE,2,48.86,49.33,False,False,0.47,2023-02,470.3,465.2,465.2,-1.08,464.83,461.07,490.32,True,True,False,False,True,False,True,13619183.0,580.8,-19.03,False,1.13,1.37,0.88,True,4,False,-3.29,0.17,False,False,,tv_wilder_rsi14_sma5_v1,49.33,48.86,False,False,0.47
1332,1332.T,ニッスイ,2023-03,CONTINUE,4,48.67,49.13,True,False,0.46,2022-12,549.0,543.0,543.0,-1.09,530.96,531.63,550.85,True,True,False,False,True,False,False,1322880.0,608.0,-9.7,False,0.77,1.3,1.09,False,4,True,-0.93,2.19,False,False,,tv_wilder_rsi14_sma5_v1,49.13,48.67,False,True,0.46
4801,4801.T,セントラルスポーツ,2023-03,CONTINUE,3,48.18,48.64,True,False,0.46,2023-01,2477.0,2462.0,2462.0,-0.61,2408.68,2396.89,2435.24,True,True,True,False,True,False,True,18950.0,2600.0,-4.73,False,1.54,1.02,0.91,True,2,True,2.21,1.81,False,False,,tv_wilder_rsi14_sma5_v1,48.64,48.18,False,True,0.46
9788,9788.T,ナック,2023-03,CONTINUE,4,50.58,51.04,True,False,0.46,2022-12,467.5,478.0,478.0,2.25,463.82,463.35,473.21,True,True,False,False,False,False,False,21667.0,505.0,-7.43,False,1.13,0.86,1.05,False,4,False,-2.08,0.19,False,False,,tv_wilder_rsi14_sma5_v1,51.04,50.58,False,True,0.46
9045,9045.T,京阪ホールディングス,2023-03,NEW,1,48.12,48.57,False,True,0.45,2023-03,3455.0,3455.0,3455.0,0.0,3402.6,3421.93,3469.6,True,True,False,False,True,False,True,287977.0,4015.0,-13.95,False,1.13,2.09,0.99,True,1,False,3.23,-0.59,False,False,,tv_wilder_rsi14_sma5_v1,48.57,48.12,True,False,0.45
1429,1429.T,日本アクア,2023-03,CONTINUE,8,67.83,68.27,True,True,0.44,2022-08,699.0,936.0,936.0,33.91,627.96,608.27,624.3,True,True,True,False,True,True,True,53133.0,767.0,-8.87,False,1.81,3.05,1.19,False,1,True,13.28,2.05,True,False,,tv_wilder_rsi14_sma5_v1,68.27,67.83,True,True,0.44
3548,3548.T,バロックジャパンリミテッド,2023-03,NEW,1,49.61,50.05,True,True,0.44,2023-03,820.0,820.0,820.0,0.0,805.72,822.24,806.91,True,False,True,False,False,True,False,122463.0,859.0,-4.54,False,0.58,1.25,0.86,True,3,True,2.97,1.62,False,False,,tv_wilder_rsi14_sma5_v1,50.05,49.61,True,True,0.44
3635,3635.T,コーエーテクモホールディングス,2023-03,NEW,1,57.45,57.89,True,True,0.44,2023-03,2388.0,2388.0,2388.0,0.0,2357.24,2353.96,2331.74,True,True,True,True,False,False,True,758090.0,2515.0,-5.05,False,0.87,2.17,1.16,False,2,True,8.22,2.91,False,False,,tv_wilder_rsi14_sma5_v1,57.89,57.45,True,True,0.44
9842,9842.T,アークランズ,2023-03,NEW,1,47.52,47.96,True,True,0.44,2023-03,1493.0,1493.0,1493.0,0.0,1468.56,1477.72,1510.07,True,True,False,False,True,False,False,113240.0,1754.0,-14.88,False,0.96,2.13,1.12,False,4,False,-1.38,0.71,False,False,,tv_wilder_rsi14_sma5_v1,47.96,47.52,True,True,0.44
6620,6620.T,宮越ホールディングス,2023-03,NEW,1,46.56,46.99,False,True,0.43,2023-03,831.0,831.0,831.0,0.0,818.52,812.65,876.24,True,True,False,False,False,False,False,25257.0,1052.0,-21.01,False,0.98,3.31,0.93,True,4,False,7.11,4.14,False,False,,tv_wilder_rsi14_sma5_v1,46.99,46.56,True,False,0.43
4022,4022.T,ラサ工業,2023-03,CONTINUE,2,53.45,53.87,False,False,0.42,2023-02,441.4,417.2,417.2,-5.48,405.57,403.17,411.44,True,True,True,False,True,False,True,315217.0,507.0,-12.94,False,1.4,2.26,1.4,False,2,True,9.07,0.36,False,False,,tv_wilder_rsi14_sma5_v1,53.87,53.45,False,False,0.42
3148,3148.T,クリエイトＳＤホールディングス,2023-03,CONTINUE,4,53.02,53.43,True,False,0.41,2022-12,3305.0,3360.0,3360.0,1.66,3222.4,3188.16,3096.88,True,True,True,True,True,True,True,67593.0,3430.0,-3.64,False,0.94,1.85,1.16,False,2,True,4.08,1.5,False,False,,tv_wilder_rsi14_sma5_v1,53.43,53.02,False,True,0.41
4902,4902.T,コニカミノルタ,2023-03,CONTINUE,5,53.08,53.46,True,False,0.37,2022-11,569.0,569.0,569.0,0.0,520.04,486.84,479.83,True,True,True,True,True,True,True,5032287.0,575.0,-1.04,False,0.77,2.16,0.89,True,1,True,19.48,7.93,False,False,,tv_wilder_rsi14_sma5_v1,53.46,53.08,False,True,0.37
2109,2109.T,ＤＭ三井製糖,2023-03,CONTINUE,7,52.24,52.59,True,False,0.35,2022-09,1893.0,2035.0,2035.0,7.5,1871.96,1887.87,1924.38,True,True,False,False,False,False,False,42030.0,2086.0,-9.25,False,1.26,0.72,1.1,False,4,True,-2.93,-0.03,False,False,,tv_wilder_rsi14_sma5_v1,52.59,52.24,False,True,0.35
2670,2670.T,エービーシー・マート,2023-03,NEW,1,60.93,61.28,True,True,0.35,2023-03,2440.0,2440.0,2440.0,0.0,2356.93,2341.87,2171.15,True,True,True,True,True,True,True,497870.0,2513.33,-2.92,False,0.85,1.95,0.73,True,2,True,18.99,-0.55,False,False,,tv_wilder_rsi14_sma5_v1,61.28,60.93,True,True,0.35
4433,4433.T,ﾋﾄ･ｺﾐｭﾆｹｰｼｮﾝｽﾞ･ﾎｰﾙﾃﾞｨﾝｸﾞｽ,2023-03,NEW,1,46.02,46.37,False,True,0.35,2023-03,1590.0,1590.0,1590.0,0.0,1559.16,1562.27,1612.81,True,True,False,False,False,False,False,13330.0,1905.0,-16.54,False,0.91,2.42,1.07,False,1,True,2.49,4.48,False,False,,tv_wilder_rsi14_sma5_v1,46.37,46.02,True,False,0.35
4704,4704.T,トレンドマイクロ,2023-03,NEW,1,48.46,48.81,False,True,0.35,2023-03,6470.0,6470.0,6470.0,0.0,6434.8,6335.2,7086.65,True,True,False,False,True,False,False,654220.0,9150.0,-29.29,False,0.85,1.98,1.07,False,4,True,-3.71,2.35,False,False,,tv_wilder_rsi14_sma5_v1,48.81,48.46,True,False,0.35
9202,9202.T,ＡＮＡホールディングス,2023-03,NEW,1,54.31,54.66,False,True,0.35,2023-03,2876.0,2876.0,2876.0,0.0,2792.9,2816.13,2731.84,True,True,True,False,False,False,True,2762997.0,3022.0,-4.83,False,1.23,1.68,0.99,True,2,True,7.01,1.21,False,False,,tv_wilder_rsi14_sma5_v1,54.66,54.31,True,False,0.35
2734,2734.T,サーラコーポレーション,2023-03,NEW,1,58.3,58.65,False,True,0.34,2023-03,753.0,753.0,753.0,0.0,737.68,728.2,737.51,True,True,True,False,True,False,True,65920.0,843.0,-10.68,False,1.06,1.98,0.98,True,2,False,7.56,0.93,False,False,,tv_wilder_rsi14_sma5_v1,58.65,58.3,True,False,0.34
4587,4587.T,ペプチドリーム,2023-03,CONTINUE,9,37.74,38.06,True,True,0.33,2022-07,1655.0,1879.0,1879.0,13.53,1510.8,1649.71,2125.94,True,True,False,False,True,False,False,1138973.0,,,,1.3,3.58,0.91,True,4,True,,,,False,,tv_wilder_rsi14_sma5_v1,38.06,37.74,True,True,0.33
3201,3201.T,日本毛織,2023-03,NEW,1,50.92,51.23,False,True,0.31,2023-03,987.0,987.0,987.0,0.0,974.48,962.36,995.65,True,True,False,False,True,False,True,86183.0,1114.0,-11.4,False,1.02,1.76,0.86,True,4,False,1.57,-0.09,False,False,,tv_wilder_rsi14_sma5_v1,51.23,50.92,True,False,0.31
8935,8935.T,ＦＪネクストホールディングス,2023-03,CONTINUE,3,48.08,48.39,False,False,0.31,2023-01,1001.0,988.0,988.0,-1.3,974.68,975.16,1017.94,True,True,False,False,True,False,False,52033.0,1097.0,-8.75,False,0.7,0.97,0.92,True,4,True,-0.56,2.52,False,False,,tv_wilder_rsi14_sma5_v1,48.39,48.08,False,False,0.31
9107,9107.T,川崎汽船,2023-03,CONTINUE,4,59.38,59.69,True,False,0.31,2022-12,929.0,1008.33,1008.33,8.54,887.99,824.44,910.66,True,True,True,False,True,False,True,27318490.0,1232.22,-24.61,False,0.98,3.6,1.25,False,2,True,18.63,7.14,False,False,,tv_wilder_rsi14_sma5_v1,59.69,59.38,False,True,0.31
5186,5186.T,ニッタ,2023-03,CONTINUE,3,54.5,54.8,True,False,0.3,2023-01,2864.0,2931.0,2931.0,2.34,2805.8,2866.13,2855.4,True,False,True,False,False,False,True,32970.0,3040.0,-5.79,False,1.09,1.18,0.92,True,2,True,1.27,0.84,False,False,,tv_wilder_rsi14_sma5_v1,54.8,54.5,False,True,0.3
1812,1812.T,鹿島建設,2023-03,CONTINUE,5,56.58,56.87,True,False,0.29,2022-11,1550.0,1598.0,1598.0,3.1,1470.12,1449.85,1467.05,True,True,True,False,True,True,True,1933580.0,1605.0,-3.43,False,1.25,2.31,0.88,True,1,True,5.98,3.27,False,False,,tv_wilder_rsi14_sma5_v1,56.87,56.58,False,True,0.29
3110,3110.T,日東紡績,2023-03,CONTINUE,2,36.61,36.9,False,False,0.29,2023-02,416.2,403.0,403.0,-3.17,412.22,406.78,453.21,True,True,False,False,True,False,False,715833.0,665.0,-37.41,False,0.92,1.66,0.91,True,4,True,-15.17,-0.29,False,False,,tv_wilder_rsi14_sma5_v1,36.9,36.61,False,False,0.29
4025,4025.T,多木化学,2023-03,NEW,1,45.15,45.44,False,True,0.29,2023-03,4715.0,4715.0,4715.0,0.0,4578.0,4558.73,4783.52,True,True,False,False,True,False,False,10667.0,5840.0,-19.26,False,1.21,2.17,0.9,True,1,True,1.24,3.05,False,False,,tv_wilder_rsi14_sma5_v1,45.44,45.15,True,False,0.29
1802,1802.T,大林組,2023-03,CONTINUE,5,54.62,54.9,True,True,0.28,2022-11,1024.0,1013.0,1013.0,-1.07,984.36,966.48,948.83,True,True,True,True,True,True,True,2771937.0,1048.0,-2.29,False,1.29,2.06,0.86,True,2,True,7.79,2.6,True,False,,tv_wilder_rsi14_sma5_v1,54.9,54.62,True,True,0.28
1815,1815.T,鉄建建設,2023-03,CONTINUE,3,43.13,43.41,True,False,0.28,2023-01,1828.0,1809.0,1809.0,-1.04,1774.44,1770.57,1790.88,True,True,True,False,True,False,False,20493.0,1992.0,-8.23,False,1.4,0.97,1.11,False,3,True,1.78,2.07,False,False,,tv_wilder_rsi14_sma5_v1,43.41,43.13,False,True,0.28
8601,8601.T,大和証券グループ本社,2023-03,CONTINUE,3,52.65,52.93,True,False,0.28,2023-01,612.0,621.0,621.0,1.47,596.52,591.47,606.15,True,True,True,False,True,True,False,4772970.0,745.0,-17.85,False,0.75,1.3,1.04,False,3,True,-1.44,1.17,True,False,,tv_wilder_rsi14_sma5_v1,52.93,52.65,False,True,0.28
3993,3993.T,ＰＫＳＨＡＴｅｃｈｎｏｌｏｇｙ,2023-03,CONTINUE,3,43.65,43.92,False,False,0.27,2023-01,1801.0,1806.0,1806.0,0.28,1684.92,1810.92,1937.74,True,False,False,False,False,False,False,197847.0,2421.0,-25.61,False,0.89,2.99,1.1,False,4,True,-11.29,3.37,False,False,,tv_wilder_rsi14_sma5_v1,43.92,43.65,False,False,0.27
4307,4307.T,野村総合研究所,2023-03,NEW,1,42.3,42.55,False,True,0.26,2023-03,3065.0,3065.0,3065.0,0.0,3022.4,3095.73,3430.53,True,False,False,False,False,False,False,1631827.0,4370.0,-29.86,False,1.14,2.68,1.21,False,4,True,-11.11,0.41,False,False,,tv_wilder_rsi14_sma5_v1,42.55,42.3,True,False,0.26
2108,2108.T,日本甜菜製糖,2023-03,CONTINUE,4,48.19,48.44,True,False,0.25,2022-12,1665.0,1670.0,1670.0,0.3,1630.72,1628.81,1648.71,True,True,True,False,False,False,False,13427.0,1749.0,-4.8,False,0.86,0.85,1.09,False,3,True,0.48,1.05,False,False,,tv_wilder_rsi14_sma5_v1,48.44,48.19,False,True,0.25
3003,3003.T,ヒューリック,2023-03,CONTINUE,2,48.61,48.85,True,True,0.24,2023-02,1084.0,1087.0,1087.0,0.28,1067.84,1084.84,1071.7,True,False,True,False,True,True,False,1546697.0,1174.0,-7.67,False,0.85,1.13,0.88,True,1,True,-1.96,-0.89,False,False,,tv_wilder_rsi14_sma5_v1,48.85,48.61,True,True,0.24
1861,1861.T,熊谷組,2023-03,CONTINUE,4,47.31,47.54,True,False,0.23,2022-12,657.75,664.75,664.75,1.06,644.65,636.86,665.25,True,True,False,False,True,False,False,615200.0,757.5,-13.17,False,0.83,1.07,1.08,False,4,True,-3.02,1.38,False,False,,tv_wilder_rsi14_sma5_v1,47.54,47.31,False,True,0.23
3315,3315.T,日本コークス工業,2023-03,CONTINUE,3,42.39,42.61,True,True,0.23,2023-01,92.0,87.0,87.0,-5.43,88.96,87.6,105.86,True,True,False,False,True,False,False,1099370.0,197.0,-53.3,False,1.85,2.87,1.22,False,4,True,-14.88,4.2,False,False,,tv_wilder_rsi14_sma5_v1,42.61,42.39,True,True,0.23
6305,6305.T,日立建機,2023-03,CONTINUE,6,50.36,50.56,True,True,0.21,2022-10,2914.0,3075.0,3075.0,5.53,2728.96,2848.2,2968.51,True,True,False,False,False,False,False,957190.0,3785.0,-23.01,False,1.71,2.26,0.96,True,4,True,-5.43,2.05,False,False,,tv_wilder_rsi14_sma5_v1,50.56,50.36,True,True,0.21
5711,5711.T,三菱マテリアル,2023-03,CONTINUE,5,49.11,49.31,True,True,0.2,2022-11,2187.0,2157.0,2157.0,-1.37,2068.72,2050.59,2043.94,True,True,True,True,True,True,True,682723.0,2343.0,-6.66,False,0.84,2.12,0.96,True,1,True,5.85,3.39,False,False,,tv_wilder_rsi14_sma5_v1,49.31,49.11,True,True,0.2
6364,6364.T,ＡＩＲＭＡＮ,2023-03,CONTINUE,9,70.59,70.79,True,False,0.2,2022-07,919.0,1398.0,1398.0,52.12,891.08,855.87,907.41,True,True,True,False,True,True,False,26537.0,,,,0.89,2.25,1.05,False,3,True,,,,False,,tv_wilder_rsi14_sma5_v1,70.79,70.59,False,True,0.2
3291,3291.T,飯田グループホールディングス,2023-03,CONTINUE,3,48.68,48.87,True,False,0.19,2023-01,2160.0,2159.0,2159.0,-0.05,2068.44,2102.28,2102.06,True,True,True,False,False,False,False,315877.0,2695.0,-19.85,False,0.58,1.52,1.06,False,1,True,-1.95,1.56,False,False,,tv_wilder_rsi14_sma5_v1,48.87,48.68,False,True,0.19
9612,9612.T,ラックランド,2023-03,CONTINUE,3,56.04,56.23,True,True,0.18,2023-01,2907.0,2912.0,2912.0,0.17,2905.08,2887.71,2920.87,True,True,False,False,False,True,False,32103.0,3085.0,-5.77,False,0.4,0.75,0.81,True,4,False,3.26,1.93,False,False,,tv_wilder_rsi14_sma5_v1,56.23,56.04,True,True,0.18
6914,6914.T,オプテックスグループ,2023-03,NEW,1,55.96,56.13,False,True,0.17,2023-03,2076.0,2076.0,2076.0,0.0,2015.48,1984.85,2033.2,True,True,True,False,False,False,True,96383.0,2262.0,-8.22,False,0.73,2.27,0.91,True,3,False,11.3,2.91,False,False,,tv_wilder_rsi14_sma5_v1,56.13,55.96,True,False,0.17
4565,4565.T,ネクセラファーマ,2023-03,NEW,1,58.72,58.87,True,True,0.15,2023-03,2267.0,2267.0,2267.0,0.0,2292.64,2279.97,1890.42,False,False,True,True,False,True,True,1238280.0,2609.0,-13.11,False,0.6,3.4,0.9,True,2,False,42.77,-4.6,False,False,,tv_wilder_rsi14_sma5_v1,58.87,58.72,True,True,0.15
7893,7893.T,プロネクサス,2023-03,CONTINUE,3,42.89,43.04,True,False,0.15,2023-01,974.0,970.0,970.0,-0.41,956.64,955.44,1017.17,True,True,False,False,True,False,False,37307.0,1176.0,-17.18,False,1.06,0.81,1.0,False,4,True,-5.06,1.02,True,False,,tv_wilder_rsi14_sma5_v1,43.04,42.89,False,True,0.15
8425,8425.T,みずほリース,2023-03,CONTINUE,5,57.53,57.68,True,False,0.15,2022-11,661.0,702.0,702.0,6.2,650.08,654.15,632.76,True,True,True,False,True,False,True,345867.0,693.0,-4.62,False,1.03,1.33,0.83,True,2,True,2.54,1.17,False,False,,tv_wilder_rsi14_sma5_v1,57.68,57.53,False,True,0.15
1959,1959.T,クラフティア,2023-03,CONTINUE,6,52.76,52.9,True,False,0.14,2022-10,3160.0,3365.0,3365.0,6.49,2888.6,2841.64,2901.13,True,True,True,False,True,True,False,175027.0,3760.0,-15.96,False,2.21,2.22,1.18,False,3,True,1.39,3.91,False,False,,tv_wilder_rsi14_sma5_v1,52.9,52.76,False,True,0.14
9974,9974.T,ベルク,2023-03,NEW,1,49.67,49.8,False,True,0.13,2023-03,5600.0,5600.0,5600.0,0.0,5515.2,5537.73,5488.18,True,True,True,False,True,False,True,33823.0,5970.0,-6.2,False,0.39,1.79,0.84,True,2,True,2.39,0.92,False,False,,tv_wilder_rsi14_sma5_v1,49.8,49.67,True,False,0.13
1925,1925.T,大和ハウス工業,2023-03,CONTINUE,5,47.99,48.11,True,False,0.12,2022-11,3159.0,3114.0,3114.0,-1.42,3095.2,3078.07,3142.61,True,True,True,False,True,False,False,1558343.0,3518.0,-10.2,False,0.84,1.67,0.97,True,3,True,-3.4,2.15,False,False,,tv_wilder_rsi14_sma5_v1,48.11,47.99,False,True,0.12
3994,3994.T,マネーフォワード,2023-03,CONTINUE,6,49.89,50.01,True,True,0.12,2022-10,4240.0,4565.0,4565.0,7.67,3539.0,3507.03,4140.07,True,True,True,False,True,True,False,1528470.0,8680.0,-51.15,False,1.37,5.84,1.13,False,3,True,-0.47,13.82,False,False,,tv_wilder_rsi14_sma5_v1,50.01,49.89,True,True,0.12
4914,4914.T,高砂香料工業,2023-03,NEW,1,48.64,48.76,False,True,0.12,2023-03,523.4,523.4,523.4,0.0,517.43,514.77,529.87,True,True,False,False,True,False,True,152817.0,600.0,-12.77,False,0.99,2.0,0.95,True,1,True,1.73,2.37,False,False,,tv_wilder_rsi14_sma5_v1,48.76,48.64,True,False,0.12
7419,7419.T,ノジマ,2023-03,NEW,1,53.16,53.28,True,True,0.12,2023-03,466.33,466.33,466.33,0.0,461.35,453.88,456.36,True,True,True,False,True,True,False,561710.0,515.0,-9.45,False,1.67,2.1,0.84,True,3,False,3.16,0.39,False,False,,tv_wilder_rsi14_sma5_v1,53.28,53.16,True,True,0.12
9020,9020.T,東日本旅客鉄道,2023-03,NEW,1,49.0,49.12,False,True,0.12,2023-03,2445.0,2445.0,2445.0,0.0,2394.59,2410.19,2427.37,True,True,True,False,True,False,True,5117750.0,2760.0,-11.41,False,0.94,1.78,0.93,True,2,True,0.12,0.83,False,False,,tv_wilder_rsi14_sma5_v1,49.12,49.0,True,False,0.12
9506,9506.T,東北電力,2023-03,CONTINUE,5,36.66,36.78,True,True,0.11,2022-11,653.0,659.0,659.0,0.92,626.12,652.45,698.8,True,True,False,False,False,False,False,1976193.0,837.0,-21.98,False,1.32,2.43,1.18,False,4,True,-9.69,3.26,False,False,,tv_wilder_rsi14_sma5_v1,36.78,36.66,True,True,0.11
4323,4323.T,日本システム技術,2023-03,NEW,1,69.77,69.87,True,True,0.1,2023-03,900.0,900.0,900.0,0.0,837.44,833.91,735.82,True,True,True,True,False,True,True,50773.0,913.0,-1.42,False,1.53,3.13,1.11,False,2,True,34.67,3.54,True,True,MVP,tv_wilder_rsi14_sma5_v1,69.87,69.77,True,True,0.1
9536,9536.T,西部ガスホールディングス,2023-03,CONTINUE,3,37.98,38.08,True,False,0.1,2023-01,1834.0,1735.0,1735.0,-5.4,1703.84,1681.52,1786.83,True,True,True,False,True,False,False,47457.0,2332.0,-21.36,False,1.38,1.35,1.16,False,3,True,-1.23,3.17,True,False,,tv_wilder_rsi14_sma5_v1,38.08,37.98,False,True,0.1
1898,1898.T,世紀東急工業,2023-03,CONTINUE,6,51.15,51.24,False,False,0.08,2022-10,819.0,811.0,811.0,-0.98,782.76,782.8,785.63,True,True,True,False,True,False,False,104257.0,854.0,-4.1,False,1.7,1.58,0.87,True,1,True,2.1,2.76,False,False,,tv_wilder_rsi14_sma5_v1,51.24,51.15,False,False,0.08
6237,6237.T,イワキ,2023-03,NEW,1,60.46,60.53,False,False,0.07,2023-03,1299.0,1299.0,1299.0,0.0,1302.44,1264.08,1211.66,False,True,True,True,True,False,True,35740.0,1490.0,-12.82,False,1.52,2.24,0.99,True,2,False,14.54,-0.48,False,False,,tv_wilder_rsi14_sma5_v1,60.53,60.46,False,False,0.07
8173,8173.T,Ｊｏｓｈｉｎ,2023-03,CONTINUE,4,42.03,42.09,True,False,0.07,2022-12,1941.0,1954.0,1954.0,0.67,1912.92,1903.99,1924.62,True,True,True,False,True,False,False,41993.0,2200.0,-11.77,False,0.88,1.04,1.07,False,3,False,-1.86,0.53,False,False,,tv_wilder_rsi14_sma5_v1,42.09,42.03,False,True,0.07
8628,8628.T,松井証券,2023-03,CONTINUE,2,43.26,43.33,True,False,0.07,2023-02,811.0,783.0,783.0,-3.45,788.72,782.72,793.09,True,True,True,False,True,True,False,571150.0,861.0,-5.81,False,0.92,1.0,1.17,False,1,True,1.26,1.67,False,False,,tv_wilder_rsi14_sma5_v1,43.33,43.26,False,True,0.07
9143,9143.T,ＳＧホールディングス,2023-03,CONTINUE,3,43.54,43.61,True,False,0.07,2023-01,1998.0,1960.0,1960.0,-1.9,1850.12,1970.08,2158.26,True,True,False,False,False,False,False,1119150.0,2599.0,-23.12,False,1.45,2.14,1.12,False,4,True,-9.73,3.32,True,False,,tv_wilder_rsi14_sma5_v1,43.61,43.54,False,True,0.07
9629,9629.T,ピー  ･シー  ･エー,2023-03,NEW,1,48.58,48.65,True,True,0.07,2023-03,1292.0,1292.0,1292.0,0.0,1263.16,1285.45,1198.03,True,True,True,False,False,False,True,41273.0,1621.0,-20.3,False,1.28,2.76,1.1,False,2,False,3.01,1.49,False,False,,tv_wilder_rsi14_sma5_v1,48.65,48.58,True,True,0.07
7180,7180.T,九州フィナンシャルグループ,2023-03,CONTINUE,5,57.28,57.35,True,False,0.06,2022-11,397.0,477.0,477.0,20.15,383.84,382.96,391.21,True,True,True,False,True,False,False,1374943.0,464.0,-14.44,False,1.73,2.07,1.12,False,3,True,1.19,3.59,False,False,,tv_wilder_rsi14_sma5_v1,57.35,57.28,False,True,0.06
4337,4337.T,ぴあ,2023-03,NEW,1,47.17,47.22,False,True,0.05,2023-03,3210.0,3210.0,3210.0,0.0,3226.2,3184.4,3258.32,False,True,False,False,True,False,True,21470.0,3785.0,-15.19,False,1.63,2.25,0.98,True,4,False,-0.49,0.13,False,False,,tv_wilder_rsi14_sma5_v1,47.22,47.17,True,False,0.05
1375,1375.T,ユキグニファクトリー,2023-03,CONTINUE,9,31.61,31.66,False,False,0.04,2022-07,953.0,1002.0,1002.0,5.14,934.72,951.13,1141.93,True,True,False,False,True,False,False,100513.0,,,,0.71,1.27,1.01,False,4,True,,,,False,,tv_wilder_rsi14_sma5_v1,31.66,31.61,False,False,0.04
9110,9110.T,ＮＳユナイテッド海運,2023-03,CONTINUE,3,56.74,56.78,True,False,0.04,2023-01,3890.0,4115.0,4115.0,5.78,3806.6,3789.2,4036.55,True,True,False,False,False,False,False,128750.0,5340.0,-27.15,False,1.35,2.32,0.85,True,1,True,5.06,1.35,True,False,,tv_wilder_rsi14_sma5_v1,56.78,56.74,False,True,0.04
8593,8593.T,三菱ＨＣキャピタル,2023-03,CONTINUE,3,59.47,59.5,True,False,0.03,2023-01,662.0,684.0,684.0,3.32,651.6,642.8,634.39,True,True,True,True,True,False,True,4070967.0,687.0,-3.64,False,0.82,0.99,0.9,True,2,True,6.9,0.53,False,False,,tv_wilder_rsi14_sma5_v1,59.5,59.47,False,True,0.03
6480,6480.T,日本トムソン,2023-03,CONTINUE,3,52.39,52.41,True,False,0.02,2023-01,591.0,581.0,581.0,-1.69,548.44,554.63,543.07,True,True,True,False,False,True,True,347193.0,641.0,-7.8,False,1.15,2.26,0.96,True,2,True,9.24,6.01,False,False,,tv_wilder_rsi14_sma5_v1,52.41,52.39,False,True,0.02
6571,6571.T,キュービーネットホールディングス,2023-03,CONTINUE,3,45.36,45.38,True,False,0.02,2023-01,1488.0,1430.0,1430.0,-3.9,1390.64,1370.17,1369.42,True,True,True,True,False,True,False,40520.0,1780.0,-16.4,False,1.36,2.87,1.05,False,3,True,6.83,5.66,False,False,,tv_wilder_rsi14_sma5_v1,45.38,45.36,False,True,0.02
