code,ticker,name,signal_month,status,months_active,rsi14,rsi5,rsi14_up,rsi5_up,diff,gc_month,gc_price,signal_month_close,period_price,return_since_gc_pct,sma25,sma75,sma200,price_above_sma25,price_above_sma75,price_above_sma200,perfect_order,sma25_up,sma75_up,sma200_up,avg_volume30,high52_price,high52_distance_pct,high52_breakout,volume_ratio_5_30,atr14_pct,atr_ratio_10_20,vcp_tight,stage,supertrend_up,rsr_score,rsr_momentum,mvp_signal,cosmos_focus,cosmos_focus_type,sector,industry,quote_type,exit_month,exit_price,return_at_exit_pct,per,forward_per,pbr,book_value,forward_annual_dividend,trailing_annual_dividend,dividend_change_pct,dividend_yield_pct,payout_ratio_pct,roe_pct,roa_pct,profit_margin_pct,operating_margin_pct,revenue_growth_pct,earnings_growth_pct,current_ratio,quick_ratio,debt_to_equity_pct,equity_ratio_pct,market_cap_oku,enterprise_value_oku,operating_cashflow_oku,free_cashflow_oku,total_cash_oku,total_debt_oku,ebitda_oku,beta,shares_outstanding_million,data_completeness_pct,next_earnings_date,earnings_date_start,earnings_date_end,ex_dividend_date,last_dividend_date,signal_version,monthly_rsi14,monthly_rsi_ma5,monthly_rsi14_up,monthly_rsi_ma5_up,monthly_rsi_spread
1301,1301.T,極洋,2023-09,OUT,4,62.61,68.56,True,True,5.95,2023-06,3615.0,3940.0,3940.0,8.99,,,,,,,,,,,,,,,,,,,,,,,,,,,,,2023-10,3840.0,6.22,,,,,,,,,,,,,,,,,,,,,,,,,,,,,,,,,,,tv_wilder_rsi14_sma5_v1,68.56,62.61,True,True,5.95
1376,1376.T,カネコ種苗,2023-09,OUT,1,45.24,46.57,False,True,1.33,2023-09,1459.0,1459.0,1459.0,0.0,,,,,,,,,,,,,,,,,,,,,,,,,,,,,2023-10,1420.0,-2.67,,,,,,,,,,,,,,,,,,,,,,,,,,,,,,,,,,,tv_wilder_rsi14_sma5_v1,46.57,45.24,True,False,1.33
1377,1377.T,サカタのタネ,2023-09,OUT,4,51.04,55.22,True,True,4.18,2023-06,4165.0,4345.0,4345.0,4.32,,,,,,,,,,,,,,,,,,,,,,,,,,,,,2023-10,4045.0,-2.88,,,,,,,,,,,,,,,,,,,,,,,,,,,,,,,,,,,tv_wilder_rsi14_sma5_v1,55.22,51.04,True,True,4.18
1380,1380.T,秋川牧園,2023-09,OUT,3,49.32,50.01,True,False,0.7,2023-07,1052.0,1049.0,1049.0,-0.29,,,,,,,,,,,,,,,,,,,,,,,,,,,,,2023-10,1041.0,-1.05,,,,,,,,,,,,,,,,,,,,,,,,,,,,,,,,,,,tv_wilder_rsi14_sma5_v1,50.01,49.32,False,True,0.7
1382,1382.T,ホーブ,2023-09,OUT,1,56.86,64.98,True,True,8.12,2023-09,2417.0,2417.0,2417.0,0.0,,,,,,,,,,,,,,,,,,,,,,,,,,,,,2023-10,1932.0,-20.07,,,,,,,,,,,,,,,,,,,,,,,,,,,,,,,,,,,tv_wilder_rsi14_sma5_v1,64.98,56.86,True,True,8.12
1384,1384.T,ホクリヨウ,2023-09,OUT,5,71.25,79.65,True,True,8.4,2023-05,896.0,1145.0,1145.0,27.79,,,,,,,,,,,,,,,,,,,,,,,,,,,,,2023-10,1034.0,15.4,,,,,,,,,,,,,,,,,,,,,,,,,,,,,,,,,,,tv_wilder_rsi14_sma5_v1,79.65,71.25,True,True,8.4
1419,1419.T,タマホーム,2023-09,OUT,1,68.43,69.03,False,True,0.59,2023-09,3560.0,3560.0,3560.0,0.0,,,,,,,,,,,,,,,,,,,,,,,,,,,,,2023-10,3400.0,-4.49,,,,,,,,,,,,,,,,,,,,,,,,,,,,,,,,,,,tv_wilder_rsi14_sma5_v1,69.03,68.43,True,False,0.59
1420,1420.T,サンヨーホームズ,2023-09,OUT,4,49.86,51.49,True,True,1.63,2023-06,726.0,729.0,729.0,0.41,,,,,,,,,,,,,,,,,,,,,,,,,,,,,2023-10,710.0,-2.2,,,,,,,,,,,,,,,,,,,,,,,,,,,,,,,,,,,tv_wilder_rsi14_sma5_v1,51.49,49.86,True,True,1.63
1429,1429.T,日本アクア,2023-09,OUT,2,65.64,70.62,True,True,4.98,2023-08,1019.0,1042.0,1042.0,2.26,,,,,,,,,,,,,,,,,,,,,,,,,,,,,2023-10,938.0,-7.95,,,,,,,,,,,,,,,,,,,,,,,,,,,,,,,,,,,tv_wilder_rsi14_sma5_v1,70.62,65.64,True,True,4.98
1430,1430.T,ファーストコーポレーション,2023-09,OUT,1,51.2,52.6,False,True,1.41,2023-09,790.0,790.0,790.0,0.0,,,,,,,,,,,,,,,,,,,,,,,,,,,,,2023-10,746.0,-5.57,,,,,,,,,,,,,,,,,,,,,,,,,,,,,,,,,,,tv_wilder_rsi14_sma5_v1,52.6,51.2,True,False,1.41
1431,1431.T,Ｌｉｂ　Ｗｏｒｋ,2023-09,OUT,1,53.25,53.91,False,True,0.65,2023-09,798.0,798.0,798.0,0.0,,,,,,,,,,,,,,,,,,,,,,,,,,,,,2023-10,785.0,-1.63,,,,,,,,,,,,,,,,,,,,,,,,,,,,,,,,,,,tv_wilder_rsi14_sma5_v1,53.91,53.25,True,False,0.65
1435,1435.T,ｒｏｂｏｔ　ｈｏｍｅ,2023-09,OUT,2,46.93,48.51,False,True,1.57,2023-08,201.0,204.0,204.0,1.49,,,,,,,,,,,,,,,,,,,,,,,,,,,,,2023-10,186.0,-7.46,,,,,,,,,,,,,,,,,,,,,,,,,,,,,,,,,,,tv_wilder_rsi14_sma5_v1,48.51,46.93,True,False,1.57
1443,1443.T,技研ホールディングス,2023-09,OUT,4,45.84,46.78,True,True,0.94,2023-06,225.0,223.0,223.0,-0.89,,,,,,,,,,,,,,,,,,,,,,,,,,,,,2023-10,212.0,-5.78,,,,,,,,,,,,,,,,,,,,,,,,,,,,,,,,,,,tv_wilder_rsi14_sma5_v1,46.78,45.84,True,True,0.94
1491,1491.T,中外鉱業,2023-09,OUT,1,50.39,52.69,False,True,2.3,2023-09,620.0,620.0,620.0,0.0,,,,,,,,,,,,,,,,,,,,,,,,,,,,,2023-10,600.0,-3.23,,,,,,,,,,,,,,,,,,,,,,,,,,,,,,,,,,,tv_wilder_rsi14_sma5_v1,52.69,50.39,True,False,2.3
1515,1515.T,日鉄鉱業,2023-09,OUT,4,70.59,72.9,True,False,2.31,2023-06,895.0,1002.0,1002.0,11.96,,,,,,,,,,,,,,,,,,,,,,,,,,,,,2023-10,943.0,5.36,,,,,,,,,,,,,,,,,,,,,,,,,,,,,,,,,,,tv_wilder_rsi14_sma5_v1,72.9,70.59,False,True,2.31
1662,1662.T,石油資源開発,2023-09,OUT,3,64.71,71.27,True,True,6.55,2023-07,976.0,1126.0,1126.0,15.37,,,,,,,,,,,,,,,,,,,,,,,,,,,,,2023-10,1030.0,5.53,,,,,,,,,,,,,,,,,,,,,,,,,,,,,,,,,,,tv_wilder_rsi14_sma5_v1,71.27,64.71,True,True,6.55
1663,1663.T,Ｋ＆Ｏエナジーグループ,2023-09,OUT,3,63.15,67.82,True,True,4.68,2023-07,1180.0,1309.0,1309.0,10.93,,,,,,,,,,,,,,,,,,,,,,,,,,,,,2023-10,1179.0,-0.08,,,,,,,,,,,,,,,,,,,,,,,,,,,,,,,,,,,tv_wilder_rsi14_sma5_v1,67.82,63.15,True,True,4.68
1719,1719.T,安藤・間,2023-09,OUT,6,70.61,71.98,True,False,1.38,2023-04,896.0,1167.0,1167.0,30.25,,,,,,,,,,,,,,,,,,,,,,,,,,,,,2023-10,1163.0,29.8,,,,,,,,,,,,,,,,,,,,,,,,,,,,,,,,,,,tv_wilder_rsi14_sma5_v1,71.98,70.61,False,True,1.38
1770,1770.T,藤田エンジニアリング,2023-09,OUT,4,61.06,68.31,True,True,7.24,2023-06,964.0,1109.0,1109.0,15.04,,,,,,,,,,,,,,,,,,,,,,,,,,,,,2023-10,1039.0,7.78,,,,,,,,,,,,,,,,,,,,,,,,,,,,,,,,,,,tv_wilder_rsi14_sma5_v1,68.31,61.06,True,True,7.24
1783,1783.T,ｆａｎｔａｓｉｓｔａ,2023-09,OUT,1,43.92,44.0,False,True,0.08,2023-09,51.0,51.0,51.0,0.0,,,,,,,,,,,,,,,,,,,,,,,,,,,,,2023-10,48.0,-5.88,,,,,,,,,,,,,,,,,,,,,,,,,,,,,,,,,,,tv_wilder_rsi14_sma5_v1,44.0,43.92,True,False,0.08
1793,1793.T,大本組,2023-09,OUT,1,58.44,59.79,True,True,1.34,2023-09,1265.5,1265.5,1265.5,0.0,,,,,,,,,,,,,,,,,,,,,,,,,,,,,2023-10,1194.5,-5.61,,,,,,,,,,,,,,,,,,,,,,,,,,,,,,,,,,,tv_wilder_rsi14_sma5_v1,59.79,58.44,True,True,1.34
1801,1801.T,大成建設,2023-09,OUT,1,62.51,63.25,True,True,0.74,2023-09,5261.0,5261.0,5261.0,0.0,,,,,,,,,,,,,,,,,,,,,,,,,,,,,2023-10,5099.0,-3.08,,,,,,,,,,,,,,,,,,,,,,,,,,,,,,,,,,,tv_wilder_rsi14_sma5_v1,63.25,62.51,True,True,0.74
1802,1802.T,大林組,2023-09,OUT,11,71.02,73.59,True,False,2.57,2022-11,1024.0,1316.5,1316.5,28.56,,,,,,,,,,,,,,,,,,,,,,,,,,,,,2023-10,1288.0,25.78,,,,,,,,,,,,,,,,,,,,,,,,,,,,,,,,,,,tv_wilder_rsi14_sma5_v1,73.59,71.02,False,True,2.57
1808,1808.T,長谷工コーポレーション,2023-09,OUT,8,65.27,69.05,True,True,3.78,2023-02,1563.0,1907.0,1907.0,22.01,,,,,,,,,,,,,,,,,,,,,,,,,,,,,2023-10,1850.5,18.39,,,,,,,,,,,,,,,,,,,,,,,,,,,,,,,,,,,tv_wilder_rsi14_sma5_v1,69.05,65.27,True,True,3.78
1814,1814.T,大末建設,2023-09,OUT,6,59.23,61.44,True,False,2.21,2023-04,1225.0,1452.0,1452.0,18.53,,,,,,,,,,,,,,,,,,,,,,,,,,,,,2023-10,1324.0,8.08,,,,,,,,,,,,,,,,,,,,,,,,,,,,,,,,,,,tv_wilder_rsi14_sma5_v1,61.44,59.23,False,True,2.21
1815,1815.T,鉄建建設,2023-09,OUT,9,57.54,62.22,True,True,4.67,2023-01,1828.0,2127.0,2127.0,16.36,,,,,,,,,,,,,,,,,,,,,,,,,,,,,2023-10,2036.0,11.38,,,,,,,,,,,,,,,,,,,,,,,,,,,,,,,,,,,tv_wilder_rsi14_sma5_v1,62.22,57.54,True,True,4.67
1820,1820.T,西松建設,2023-09,OUT,4,51.87,54.37,True,True,2.51,2023-06,3500.0,3708.0,3708.0,5.94,,,,,,,,,,,,,,,,,,,,,,,,,,,,,2023-10,3633.0,3.8,,,,,,,,,,,,,,,,,,,,,,,,,,,,,,,,,,,tv_wilder_rsi14_sma5_v1,54.37,51.87,True,True,2.51
1822,1822.T,大豊建設,2023-09,OUT,4,50.64,51.24,True,False,0.6,2023-06,774.0,789.0,789.0,1.94,,,,,,,,,,,,,,,,,,,,,,,,,,,,,2023-10,769.0,-0.65,,,,,,,,,,,,,,,,,,,,,,,,,,,,,,,,,,,tv_wilder_rsi14_sma5_v1,51.24,50.64,False,True,0.6
1827,1827.T,ナカノフドー建設,2023-09,OUT,1,56.87,62.48,False,True,5.61,2023-09,432.0,432.0,432.0,0.0,,,,,,,,,,,,,,,,,,,,,,,,,,,,,2023-10,383.0,-11.34,,,,,,,,,,,,,,,,,,,,,,,,,,,,,,,,,,,tv_wilder_rsi14_sma5_v1,62.48,56.87,True,False,5.61
1828,1828.T,田辺工業,2023-09,OUT,11,83.24,90.72,True,True,7.48,2022-11,903.0,1570.0,1570.0,73.86,,,,,,,,,,,,,,,,,,,,,,,,,,,,,2023-10,1376.0,52.38,,,,,,,,,,,,,,,,,,,,,,,,,,,,,,,,,,,tv_wilder_rsi14_sma5_v1,90.72,83.24,True,True,7.48
1840,1840.T,土屋ホールディングス,2023-09,OUT,7,60.2,65.08,True,True,4.88,2023-03,195.0,252.0,252.0,29.23,,,,,,,,,,,,,,,,,,,,,,,,,,,,,2023-10,221.0,13.33,,,,,,,,,,,,,,,,,,,,,,,,,,,,,,,,,,,tv_wilder_rsi14_sma5_v1,65.08,60.2,True,True,4.88
1847,1847.T,イチケン,2023-09,OUT,6,59.73,64.18,True,True,4.45,2023-04,960.0,1043.5,1043.5,8.7,,,,,,,,,,,,,,,,,,,,,,,,,,,,,2023-10,1012.0,5.42,,,,,,,,,,,,,,,,,,,,,,,,,,,,,,,,,,,tv_wilder_rsi14_sma5_v1,64.18,59.73,True,True,4.45
1848,1848.T,富士ピー・エス,2023-09,OUT,4,44.42,47.46,True,False,3.04,2023-06,446.0,464.0,464.0,4.04,,,,,,,,,,,,,,,,,,,,,,,,,,,,,2023-10,436.0,-2.24,,,,,,,,,,,,,,,,,,,,,,,,,,,,,,,,,,,tv_wilder_rsi14_sma5_v1,47.46,44.42,False,True,3.04
1850,1850.T,南海辰村建設,2023-09,OUT,9,51.78,52.9,True,True,1.12,2023-01,318.0,335.0,335.0,5.35,,,,,,,,,,,,,,,,,,,,,,,,,,,,,2023-10,315.0,-0.94,,,,,,,,,,,,,,,,,,,,,,,,,,,,,,,,,,,tv_wilder_rsi14_sma5_v1,52.9,51.78,True,True,1.12
1867,1867.T,植木組,2023-09,OUT,4,54.39,60.54,True,False,6.15,2023-06,1396.0,1506.0,1506.0,7.88,,,,,,,,,,,,,,,,,,,,,,,,,,,,,2023-10,1440.0,3.15,,,,,,,,,,,,,,,,,,,,,,,,,,,,,,,,,,,tv_wilder_rsi14_sma5_v1,60.54,54.39,False,True,6.15
1871,1871.T,ピーエス・コンストラクション,2023-09,OUT,9,69.1,74.05,True,True,4.95,2023-01,633.0,835.0,835.0,31.91,,,,,,,,,,,,,,,,,,,,,,,,,,,,,2023-10,813.0,28.44,,,,,,,,,,,,,,,,,,,,,,,,,,,,,,,,,,,tv_wilder_rsi14_sma5_v1,74.05,69.1,True,True,4.95
1873,1873.T,日本ハウスホールディングス,2023-09,OUT,2,46.51,47.08,False,True,0.57,2023-08,375.0,376.0,376.0,0.27,,,,,,,,,,,,,,,,,,,,,,,,,,,,,2023-10,347.0,-7.47,,,,,,,,,,,,,,,,,,,,,,,,,,,,,,,,,,,tv_wilder_rsi14_sma5_v1,47.08,46.51,True,False,0.57
1887,1887.T,日本国土開発,2023-09,OUT,3,53.71,61.23,True,True,7.53,2023-07,610.0,664.0,664.0,8.85,,,,,,,,,,,,,,,,,,,,,,,,,,,,,2023-10,605.0,-0.82,,,,,,,,,,,,,,,,,,,,,,,,,,,,,,,,,,,tv_wilder_rsi14_sma5_v1,61.23,53.71,True,True,7.53
1905,1905.T,テノックス,2023-09,OUT,9,74.57,76.08,True,False,1.5,2023-01,892.0,1190.0,1190.0,33.41,,,,,,,,,,,,,,,,,,,,,,,,,,,,,2023-10,1155.0,29.48,,,,,,,,,,,,,,,,,,,,,,,,,,,,,,,,,,,tv_wilder_rsi14_sma5_v1,76.08,74.57,False,True,1.5
1914,1914.T,日本基礎技術,2023-09,OUT,1,47.35,47.57,False,True,0.22,2023-09,499.0,499.0,499.0,0.0,,,,,,,,,,,,,,,,,,,,,,,,,,,,,2023-10,432.0,-13.43,,,,,,,,,,,,,,,,,,,,,,,,,,,,,,,,,,,tv_wilder_rsi14_sma5_v1,47.57,47.35,True,False,0.22
1926,1926.T,ライト工業,2023-09,OUT,4,55.95,57.95,True,True,2.0,2023-06,1982.0,2063.0,2063.0,4.09,,,,,,,,,,,,,,,,,,,,,,,,,,,,,2023-10,1950.0,-1.61,,,,,,,,,,,,,,,,,,,,,,,,,,,,,,,,,,,tv_wilder_rsi14_sma5_v1,57.95,55.95,True,True,2.0
1928,1928.T,積水ハウス,2023-09,OUT,8,66.72,68.7,True,True,1.98,2023-02,2579.5,2977.0,2977.0,15.41,,,,,,,,,,,,,,,,,,,,,,,,,,,,,2023-10,2939.0,13.94,,,,,,,,,,,,,,,,,,,,,,,,,,,,,,,,,,,tv_wilder_rsi14_sma5_v1,68.7,66.72,True,True,1.98
1945,1945.T,東京エネシス,2023-09,OUT,5,52.57,53.56,True,False,0.99,2023-05,919.0,989.0,989.0,7.62,,,,,,,,,,,,,,,,,,,,,,,,,,,,,2023-10,954.0,3.81,,,,,,,,,,,,,,,,,,,,,,,,,,,,,,,,,,,tv_wilder_rsi14_sma5_v1,53.56,52.57,False,True,0.99
1950,1950.T,日本電設工業,2023-09,OUT,7,60.45,64.48,True,True,4.04,2023-03,1584.0,2196.0,2196.0,38.64,,,,,,,,,,,,,,,,,,,,,,,,,,,,,2023-10,2043.0,28.98,,,,,,,,,,,,,,,,,,,,,,,,,,,,,,,,,,,tv_wilder_rsi14_sma5_v1,64.48,60.45,True,True,4.04
1952,1952.T,新日本空調,2023-09,OUT,6,60.87,61.64,True,False,0.77,2023-04,974.5,1202.5,1202.5,23.4,,,,,,,,,,,,,,,,,,,,,,,,,,,,,2023-10,1160.0,19.04,,,,,,,,,,,,,,,,,,,,,,,,,,,,,,,,,,,tv_wilder_rsi14_sma5_v1,61.64,60.87,False,True,0.77
1959,1959.T,クラフティア,2023-09,OUT,12,65.94,72.75,True,True,6.81,2022-10,3160.0,4686.0,4686.0,48.29,,,,,,,,,,,,,,,,,,,,,,,,,,,,,2023-10,4485.0,41.93,,,,,,,,,,,,,,,,,,,,,,,,,,,,,,,,,,,tv_wilder_rsi14_sma5_v1,72.75,65.94,True,True,6.81
1960,1960.T,サンテック,2023-09,OUT,1,51.52,56.79,True,True,5.28,2023-09,704.0,704.0,704.0,0.0,,,,,,,,,,,,,,,,,,,,,,,,,,,,,2023-10,673.0,-4.4,,,,,,,,,,,,,,,,,,,,,,,,,,,,,,,,,,,tv_wilder_rsi14_sma5_v1,56.79,51.52,True,True,5.28
1963,1963.T,日揮ホールディングス,2023-09,OUT,4,61.83,65.66,True,True,3.84,2023-06,1865.0,2079.5,2079.5,11.5,,,,,,,,,,,,,,,,,,,,,,,,,,,,,2023-10,1842.0,-1.23,,,,,,,,,,,,,,,,,,,,,,,,,,,,,,,,,,,tv_wilder_rsi14_sma5_v1,65.66,61.83,True,True,3.84
1964,1964.T,中外炉工業,2023-09,OUT,10,63.89,68.58,True,True,4.69,2022-12,1618.0,2228.0,2228.0,37.7,,,,,,,,,,,,,,,,,,,,,,,,,,,,,2023-10,2153.0,33.07,,,,,,,,,,,,,,,,,,,,,,,,,,,,,,,,,,,tv_wilder_rsi14_sma5_v1,68.58,63.89,True,True,4.69
1966,1966.T,高田工業所,2023-09,OUT,1,49.49,50.0,False,False,0.51,2023-09,1021.0,1021.0,1021.0,0.0,,,,,,,,,,,,,,,,,,,,,,,,,,,,,2023-10,962.0,-5.78,,,,,,,,,,,,,,,,,,,,,,,,,,,,,,,,,,,tv_wilder_rsi14_sma5_v1,50.0,49.49,False,False,0.51
1967,1967.T,ヤマト,2023-09,OUT,1,61.51,64.29,False,True,2.79,2023-09,958.0,958.0,958.0,0.0,,,,,,,,,,,,,,,,,,,,,,,,,,,,,2023-10,916.0,-4.38,,,,,,,,,,,,,,,,,,,,,,,,,,,,,,,,,,,tv_wilder_rsi14_sma5_v1,64.29,61.51,True,False,2.79
1979,1979.T,大氣社,2023-09,OUT,4,68.64,72.43,True,False,3.79,2023-06,2050.0,2260.0,2260.0,10.24,,,,,,,,,,,,,,,,,,,,,,,,,,,,,2023-10,2185.0,6.59,,,,,,,,,,,,,,,,,,,,,,,,,,,,,,,,,,,tv_wilder_rsi14_sma5_v1,72.43,68.64,False,True,3.79
1982,1982.T,日比谷総合設備,2023-09,OUT,1,66.62,70.12,True,True,3.49,2023-09,1168.5,1168.5,1168.5,0.0,,,,,,,,,,,,,,,,,,,,,,,,,,,,,2023-10,1139.5,-2.48,,,,,,,,,,,,,,,,,,,,,,,,,,,,,,,,,,,tv_wilder_rsi14_sma5_v1,70.12,66.62,True,True,3.49
1997,1997.T,暁飯島工業,2023-09,OUT,4,47.68,50.02,True,True,2.34,2023-06,1389.0,1408.0,1408.0,1.37,,,,,,,,,,,,,,,,,,,,,,,,,,,,,2023-10,1383.0,-0.43,,,,,,,,,,,,,,,,,,,,,,,,,,,,,,,,,,,tv_wilder_rsi14_sma5_v1,50.02,47.68,True,True,2.34
2003,2003.T,日東富士製粉,2023-09,OUT,8,66.05,68.06,True,True,2.01,2023-02,1111.25,1225.0,1225.0,10.24,,,,,,,,,,,,,,,,,,,,,,,,,,,,,2023-10,1200.0,7.99,,,,,,,,,,,,,,,,,,,,,,,,,,,,,,,,,,,tv_wilder_rsi14_sma5_v1,68.06,66.05,True,True,2.01
2053,2053.T,中部飼料,2023-09,OUT,3,47.59,48.28,False,False,0.69,2023-07,1095.0,1094.0,1094.0,-0.09,,,,,,,,,,,,,,,,,,,,,,,,,,,,,2023-10,1085.0,-0.91,,,,,,,,,,,,,,,,,,,,,,,,,,,,,,,,,,,tv_wilder_rsi14_sma5_v1,48.28,47.59,False,False,0.69
2060,2060.T,フィード・ワン,2023-09,OUT,6,53.73,57.54,True,False,3.82,2023-04,740.0,796.0,796.0,7.57,,,,,,,,,,,,,,,,,,,,,,,,,,,,,2023-10,769.0,3.92,,,,,,,,,,,,,,,,,,,,,,,,,,,,,,,,,,,tv_wilder_rsi14_sma5_v1,57.54,53.73,False,True,3.82
208A,208A.T,構造計画研究所ホールディングス,2023-09,OUT,1,70.08,73.32,True,True,3.24,2023-09,1860.0,1860.0,1860.0,0.0,,,,,,,,,,,,,,,,,,,,,,,,,,,,,2023-10,1790.0,-3.76,,,,,,,,,,,,,,,,,,,,,,,,,,,,,,,,,,,tv_wilder_rsi14_sma5_v1,73.32,70.08,True,True,3.24
2108,2108.T,日本甜菜製糖,2023-09,OUT,10,63.03,63.99,True,True,0.96,2022-12,1665.0,1915.0,1915.0,15.02,,,,,,,,,,,,,,,,,,,,,,,,,,,,,2023-10,1918.0,15.2,,,,,,,,,,,,,,,,,,,,,,,,,,,,,,,,,,,tv_wilder_rsi14_sma5_v1,63.99,63.03,True,True,0.96
2114,2114.T,フジ日本,2023-09,OUT,5,78.9,80.27,True,False,1.37,2023-05,325.0,518.0,518.0,59.38,,,,,,,,,,,,,,,,,,,,,,,,,,,,,2023-10,457.0,40.62,,,,,,,,,,,,,,,,,,,,,,,,,,,,,,,,,,,tv_wilder_rsi14_sma5_v1,80.27,78.9,False,True,1.37
2134,2134.T,北浜キャピタルパートナーズ,2023-09,OUT,5,46.54,47.73,True,True,1.18,2023-05,20.0,24.0,24.0,20.0,,,,,,,,,,,,,,,,,,,,,,,,,,,,,2023-10,21.0,5.0,,,,,,,,,,,,,,,,,,,,,,,,,,,,,,,,,,,tv_wilder_rsi14_sma5_v1,47.73,46.54,True,True,1.18
2138,2138.T,クルーズ,2023-09,OUT,2,45.83,46.57,True,False,0.74,2023-08,1105.0,925.0,925.0,-16.29,,,,,,,,,,,,,,,,,,,,,,,,,,,,,2023-10,899.0,-18.64,,,,,,,,,,,,,,,,,,,,,,,,,,,,,,,,,,,tv_wilder_rsi14_sma5_v1,46.57,45.83,False,True,0.74
2139,2139.T,中広,2023-09,OUT,4,52.07,57.93,True,True,5.86,2023-06,414.0,441.0,441.0,6.52,,,,,,,,,,,,,,,,,,,,,,,,,,,,,2023-10,404.0,-2.42,,,,,,,,,,,,,,,,,,,,,,,,,,,,,,,,,,,tv_wilder_rsi14_sma5_v1,57.93,52.07,True,True,5.86
2153,2153.T,Ｅ・Ｊホールディングス,2023-09,OUT,3,69.67,73.35,False,True,3.68,2023-07,1639.0,1739.0,1739.0,6.1,,,,,,,,,,,,,,,,,,,,,,,,,,,,,2023-10,1608.0,-1.89,,,,,,,,,,,,,,,,,,,,,,,,,,,,,,,,,,,tv_wilder_rsi14_sma5_v1,73.35,69.67,True,False,3.68
2170,2170.T,リンクアンドモチベーション,2023-09,OUT,2,42.44,42.71,False,False,0.28,2023-08,462.0,434.0,434.0,-6.06,,,,,,,,,,,,,,,,,,,,,,,,,,,,,2023-10,400.0,-13.42,,,,,,,,,,,,,,,,,,,,,,,,,,,,,,,,,,,tv_wilder_rsi14_sma5_v1,42.71,42.44,False,False,0.28
2195,2195.T,アミタホールディングス,2023-09,OUT,1,52.34,52.37,False,False,0.03,2023-09,778.0,778.0,778.0,0.0,,,,,,,,,,,,,,,,,,,,,,,,,,,,,2023-10,699.0,-10.15,,,,,,,,,,,,,,,,,,,,,,,,,,,,,,,,,,,tv_wilder_rsi14_sma5_v1,52.37,52.34,False,False,0.03
2198,2198.T,アイ・ケイ・ケイホールディングス,2023-09,OUT,2,50.99,59.69,True,True,8.7,2023-08,673.0,730.0,730.0,8.47,,,,,,,,,,,,,,,,,,,,,,,,,,,,,2023-10,647.0,-3.86,,,,,,,,,,,,,,,,,,,,,,,,,,,,,,,,,,,tv_wilder_rsi14_sma5_v1,59.69,50.99,True,True,8.7
2222,2222.T,寿スピリッツ,2023-09,OUT,9,73.3,77.25,True,True,3.95,2023-01,1700.0,2417.0,2417.0,42.18,,,,,,,,,,,,,,,,,,,,,,,,,,,,,2023-10,1993.0,17.24,,,,,,,,,,,,,,,,,,,,,,,,,,,,,,,,,,,tv_wilder_rsi14_sma5_v1,77.25,73.3,True,True,3.95
2226,2226.T,湖池屋,2023-09,OUT,7,88.36,96.52,True,True,8.15,2023-03,2715.0,4430.0,4430.0,63.17,,,,,,,,,,,,,,,,,,,,,,,,,,,,,2023-10,4195.0,54.51,,,,,,,,,,,,,,,,,,,,,,,,,,,,,,,,,,,tv_wilder_rsi14_sma5_v1,96.52,88.36,True,True,8.15
2281,2281.T,プリマハム,2023-09,OUT,3,48.14,53.23,True,False,5.09,2023-07,2217.0,2453.0,2453.0,10.65,,,,,,,,,,,,,,,,,,,,,,,,,,,,,2023-10,2293.0,3.43,,,,,,,,,,,,,,,,,,,,,,,,,,,,,,,,,,,tv_wilder_rsi14_sma5_v1,53.23,48.14,False,True,5.09
2292,2292.T,Ｓ　Ｆｏｏｄｓ,2023-09,OUT,6,54.72,57.06,True,False,2.34,2023-04,3020.0,3345.0,3345.0,10.76,,,,,,,,,,,,,,,,,,,,,,,,,,,,,2023-10,3175.0,5.13,,,,,,,,,,,,,,,,,,,,,,,,,,,,,,,,,,,tv_wilder_rsi14_sma5_v1,57.06,54.72,False,True,2.34
2300,2300.T,きょくとう,2023-09,OUT,5,53.95,58.41,True,True,4.46,2023-05,479.0,498.0,498.0,3.97,,,,,,,,,,,,,,,,,,,,,,,,,,,,,2023-10,483.0,0.84,,,,,,,,,,,,,,,,,,,,,,,,,,,,,,,,,,,tv_wilder_rsi14_sma5_v1,58.41,53.95,True,True,4.46
2301,2301.T,学情,2023-09,OUT,1,67.32,68.86,True,True,1.53,2023-09,2013.0,2013.0,2013.0,0.0,,,,,,,,,,,,,,,,,,,,,,,,,,,,,2023-10,1670.0,-17.04,,,,,,,,,,,,,,,,,,,,,,,,,,,,,,,,,,,tv_wilder_rsi14_sma5_v1,68.86,67.32,True,True,1.53
2303,2303.T,ドーン,2023-09,OUT,1,47.84,48.47,False,True,0.63,2023-09,999.0,999.0,999.0,0.0,,,,,,,,,,,,,,,,,,,,,,,,,,,,,2023-10,913.5,-8.56,,,,,,,,,,,,,,,,,,,,,,,,,,,,,,,,,,,tv_wilder_rsi14_sma5_v1,48.47,47.84,True,False,0.63
2323,2323.T,ｆｏｎｆｕｎ,2023-09,OUT,6,62.22,70.93,True,True,8.71,2023-04,59.83,127.33,127.33,112.81,,,,,,,,,,,,,,,,,,,,,,,,,,,,,2023-10,103.83,73.55,,,,,,,,,,,,,,,,,,,,,,,,,,,,,,,,,,,tv_wilder_rsi14_sma5_v1,70.93,62.22,True,True,8.71
2325,2325.T,ＮＪＳ,2023-09,OUT,9,79.67,81.77,True,False,2.1,2023-01,2179.0,3005.0,3005.0,37.91,,,,,,,,,,,,,,,,,,,,,,,,,,,,,2023-10,2795.0,28.27,,,,,,,,,,,,,,,,,,,,,,,,,,,,,,,,,,,tv_wilder_rsi14_sma5_v1,81.77,79.67,False,True,2.1
2331,2331.T,ＡＬＳＯＫ,2023-09,OUT,6,54.24,58.38,True,False,4.14,2023-04,759.0,902.2,902.2,18.87,,,,,,,,,,,,,,,,,,,,,,,,,,,,,2023-10,881.6,16.15,,,,,,,,,,,,,,,,,,,,,,,,,,,,,,,,,,,tv_wilder_rsi14_sma5_v1,58.38,54.24,False,True,4.14
2340,2340.T,極楽湯ホールディングス,2023-09,OUT,10,65.15,68.37,True,False,3.22,2022-12,223.0,417.0,417.0,87.0,,,,,,,,,,,,,,,,,,,,,,,,,,,,,2023-10,385.0,72.65,,,,,,,,,,,,,,,,,,,,,,,,,,,,,,,,,,,tv_wilder_rsi14_sma5_v1,68.37,65.15,False,True,3.22
2341,2341.T,アルバイトタイムス,2023-09,OUT,7,50.64,51.94,False,False,1.3,2023-03,131.0,145.0,145.0,10.69,,,,,,,,,,,,,,,,,,,,,,,,,,,,,2023-10,139.0,6.11,,,,,,,,,,,,,,,,,,,,,,,,,,,,,,,,,,,tv_wilder_rsi14_sma5_v1,51.94,50.64,False,False,1.3
2373,2373.T,ケア２１,2023-09,OUT,3,46.31,54.46,True,True,8.15,2023-07,660.0,764.0,764.0,15.76,,,,,,,,,,,,,,,,,,,,,,,,,,,,,2023-10,664.0,0.61,,,,,,,,,,,,,,,,,,,,,,,,,,,,,,,,,,,tv_wilder_rsi14_sma5_v1,54.46,46.31,True,True,8.15
2379,2379.T,ディップ,2023-09,OUT,4,50.69,53.27,True,True,2.58,2023-06,3575.0,3680.0,3680.0,2.94,,,,,,,,,,,,,,,,,,,,,,,,,,,,,2023-10,2970.0,-16.92,,,,,,,,,,,,,,,,,,,,,,,,,,,,,,,,,,,tv_wilder_rsi14_sma5_v1,53.27,50.69,True,True,2.58
2415,2415.T,ヒューマンホールディングス,2023-09,OUT,9,56.77,58.58,True,True,1.81,2023-01,881.0,1064.0,1064.0,20.77,,,,,,,,,,,,,,,,,,,,,,,,,,,,,2023-10,1025.0,16.35,,,,,,,,,,,,,,,,,,,,,,,,,,,,,,,,,,,tv_wilder_rsi14_sma5_v1,58.58,56.77,True,True,1.81
2483,2483.T,翻訳センター,2023-09,OUT,12,67.15,76.92,True,True,9.77,2022-10,1495.0,2176.0,2176.0,45.55,,,,,,,,,,,,,,,,,,,,,,,,,,,,,2023-10,1876.0,25.48,,,,,,,,,,,,,,,,,,,,,,,,,,,,,,,,,,,tv_wilder_rsi14_sma5_v1,76.92,67.15,True,True,9.77
2492,2492.T,インフォマート,2023-09,OUT,4,41.21,43.61,True,False,2.4,2023-06,328.0,402.0,402.0,22.56,,,,,,,,,,,,,,,,,,,,,,,,,,,,,2023-10,357.0,8.84,,,,,,,,,,,,,,,,,,,,,,,,,,,,,,,,,,,tv_wilder_rsi14_sma5_v1,43.61,41.21,False,True,2.4
2493,2493.T,イーサポートリンク,2023-09,OUT,1,45.82,46.55,False,True,0.73,2023-09,859.0,859.0,859.0,0.0,,,,,,,,,,,,,,,,,,,,,,,,,,,,,2023-10,850.0,-1.05,,,,,,,,,,,,,,,,,,,,,,,,,,,,,,,,,,,tv_wilder_rsi14_sma5_v1,46.55,45.82,True,False,0.73
2497,2497.T,ユナイテッド,2023-09,OUT,7,58.36,61.93,True,False,3.58,2023-03,640.0,954.0,954.0,49.06,,,,,,,,,,,,,,,,,,,,,,,,,,,,,2023-10,909.0,42.03,,,,,,,,,,,,,,,,,,,,,,,,,,,,,,,,,,,tv_wilder_rsi14_sma5_v1,61.93,58.36,False,True,3.58
2533,2533.T,オエノンホールディングス,2023-09,OUT,8,61.42,67.94,True,True,6.51,2023-02,266.0,424.0,424.0,59.4,,,,,,,,,,,,,,,,,,,,,,,,,,,,,2023-10,397.0,49.25,,,,,,,,,,,,,,,,,,,,,,,,,,,,,,,,,,,tv_wilder_rsi14_sma5_v1,67.94,61.42,True,True,6.51
2573,2573.T,北海道コカ・コーラボトリング,2023-09,OUT,8,81.72,84.11,True,False,2.39,2023-02,2097.5,2755.0,2755.0,31.35,,,,,,,,,,,,,,,,,,,,,,,,,,,,,2023-10,2610.0,24.43,,,,,,,,,,,,,,,,,,,,,,,,,,,,,,,,,,,tv_wilder_rsi14_sma5_v1,84.11,81.72,False,True,2.39
2653,2653.T,イオン九州,2023-09,OUT,4,63.93,64.88,True,True,0.95,2023-06,2375.0,2398.0,2398.0,0.97,,,,,,,,,,,,,,,,,,,,,,,,,,,,,2023-10,2320.0,-2.32,,,,,,,,,,,,,,,,,,,,,,,,,,,,,,,,,,,tv_wilder_rsi14_sma5_v1,64.88,63.93,True,True,0.95
2654,2654.T,アスモ,2023-09,OUT,1,38.43,39.31,True,True,0.88,2023-09,363.0,363.0,363.0,0.0,,,,,,,,,,,,,,,,,,,,,,,,,,,,,2023-10,342.0,-5.79,,,,,,,,,,,,,,,,,,,,,,,,,,,,,,,,,,,tv_wilder_rsi14_sma5_v1,39.31,38.43,True,True,0.88
2659,2659.T,サンエー,2023-09,OUT,6,59.85,60.34,True,False,0.49,2023-04,2295.0,2390.0,2390.0,4.14,,,,,,,,,,,,,,,,,,,,,,,,,,,,,2023-10,2332.5,1.63,,,,,,,,,,,,,,,,,,,,,,,,,,,,,,,,,,,tv_wilder_rsi14_sma5_v1,60.34,59.85,False,True,0.49
2669,2669.T,カネ美食品,2023-09,OUT,11,60.75,67.27,True,True,6.52,2022-11,2778.0,3085.0,3085.0,11.05,,,,,,,,,,,,,,,,,,,,,,,,,,,,,2023-10,3030.0,9.07,,,,,,,,,,,,,,,,,,,,,,,,,,,,,,,,,,,tv_wilder_rsi14_sma5_v1,67.27,60.75,True,True,6.52
2670,2670.T,エービーシー・マート,2023-09,OUT,7,64.6,66.28,True,True,1.68,2023-03,2440.0,2688.0,2688.0,10.16,,,,,,,,,,,,,,,,,,,,,,,,,,,,,2023-10,2330.5,-4.49,,,,,,,,,,,,,,,,,,,,,,,,,,,,,,,,,,,tv_wilder_rsi14_sma5_v1,66.28,64.6,True,True,1.68
2673,2673.T,夢みつけ隊,2023-09,OUT,5,45.89,48.21,True,True,2.32,2023-05,110.0,114.0,114.0,3.64,,,,,,,,,,,,,,,,,,,,,,,,,,,,,2023-10,111.0,0.91,,,,,,,,,,,,,,,,,,,,,,,,,,,,,,,,,,,tv_wilder_rsi14_sma5_v1,48.21,45.89,True,True,2.32
2674,2674.T,ハードオフコーポレーション,2023-09,OUT,4,70.62,70.86,False,False,0.24,2023-06,1436.0,1495.0,1495.0,4.11,,,,,,,,,,,,,,,,,,,,,,,,,,,,,2023-10,1460.0,1.67,,,,,,,,,,,,,,,,,,,,,,,,,,,,,,,,,,,tv_wilder_rsi14_sma5_v1,70.86,70.62,False,False,0.24
2678,2678.T,アスクル,2023-09,OUT,10,59.11,59.29,True,False,0.18,2022-12,1709.0,1960.0,1960.0,14.69,,,,,,,,,,,,,,,,,,,,,,,,,,,,,2023-10,1957.0,14.51,,,,,,,,,,,,,,,,,,,,,,,,,,,,,,,,,,,tv_wilder_rsi14_sma5_v1,59.29,59.11,False,True,0.18
2681,2681.T,ゲオホールディングス,2023-09,OUT,4,61.72,64.8,True,False,3.08,2023-06,1827.0,2372.0,2372.0,29.83,,,,,,,,,,,,,,,,,,,,,,,,,,,,,2023-10,2343.0,28.24,,,,,,,,,,,,,,,,,,,,,,,,,,,,,,,,,,,tv_wilder_rsi14_sma5_v1,64.8,61.72,False,True,3.08
2687,2687.T,シー・ヴイ・エス・ベイエリア,2023-09,OUT,11,78.99,88.57,True,True,9.58,2022-11,402.0,923.0,923.0,129.6,,,,,,,,,,,,,,,,,,,,,,,,,,,,,2023-10,703.0,74.88,,,,,,,,,,,,,,,,,,,,,,,,,,,,,,,,,,,tv_wilder_rsi14_sma5_v1,88.57,78.99,True,True,9.58
2694,2694.T,焼肉坂井ホールディングス,2023-09,OUT,2,53.93,55.53,True,False,1.6,2023-08,74.0,73.0,73.0,-1.35,,,,,,,,,,,,,,,,,,,,,,,,,,,,,2023-10,72.0,-2.7,,,,,,,,,,,,,,,,,,,,,,,,,,,,,,,,,,,tv_wilder_rsi14_sma5_v1,55.53,53.93,False,True,1.6
2698,2698.T,キャンドゥ,2023-09,OUT,4,64.3,66.22,True,False,1.92,2023-06,2476.0,2704.0,2704.0,9.21,,,,,,,,,,,,,,,,,,,,,,,,,,,,,2023-10,2492.0,0.65,,,,,,,,,,,,,,,,,,,,,,,,,,,,,,,,,,,tv_wilder_rsi14_sma5_v1,66.22,64.3,False,True,1.92
2722,2722.T,ＩＫホールディングス,2023-09,OUT,2,40.35,40.76,False,False,0.42,2023-08,387.0,382.0,382.0,-1.29,,,,,,,,,,,,,,,,,,,,,,,,,,,,,2023-10,350.0,-9.56,,,,,,,,,,,,,,,,,,,,,,,,,,,,,,,,,,,tv_wilder_rsi14_sma5_v1,40.76,40.35,False,False,0.42
2734,2734.T,サーラコーポレーション,2023-09,OUT,1,55.72,56.38,False,True,0.66,2023-09,761.0,761.0,761.0,0.0,,,,,,,,,,,,,,,,,,,,,,,,,,,,,2023-10,738.0,-3.02,,,,,,,,,,,,,,,,,,,,,,,,,,,,,,,,,,,tv_wilder_rsi14_sma5_v1,56.38,55.72,True,False,0.66
2750,2750.T,石光商事,2023-09,OUT,1,60.58,61.28,False,True,0.7,2023-09,740.0,740.0,740.0,0.0,,,,,,,,,,,,,,,,,,,,,,,,,,,,,2023-10,733.0,-0.95,,,,,,,,,,,,,,,,,,,,,,,,,,,,,,,,,,,tv_wilder_rsi14_sma5_v1,61.28,60.58,True,False,0.7
2778,2778.T,パレモ・ホールディングス,2023-09,OUT,2,50.34,50.61,False,False,0.27,2023-08,209.0,201.0,201.0,-3.83,,,,,,,,,,,,,,,,,,,,,,,,,,,,,2023-10,184.0,-11.96,,,,,,,,,,,,,,,,,,,,,,,,,,,,,,,,,,,tv_wilder_rsi14_sma5_v1,50.61,50.34,False,False,0.27
2780,2780.T,コメ兵ホールディングス,2023-09,OUT,6,76.3,79.94,True,False,3.64,2023-04,2768.0,5760.0,5760.0,108.09,,,,,,,,,,,,,,,,,,,,,,,,,,,,,2023-10,4685.0,69.26,,,,,,,,,,,,,,,,,,,,,,,,,,,,,,,,,,,tv_wilder_rsi14_sma5_v1,79.94,76.3,False,True,3.64
2784,2784.T,アルフレッサ　ホールディングス,2023-09,OUT,7,67.13,70.39,True,False,3.26,2023-03,1696.0,2455.0,2455.0,44.75,,,,,,,,,,,,,,,,,,,,,,,,,,,,,2023-10,2388.0,40.8,,,,,,,,,,,,,,,,,,,,,,,,,,,,,,,,,,,tv_wilder_rsi14_sma5_v1,70.39,67.13,False,True,3.26
2789,2789.T,カルラ,2023-09,OUT,4,54.39,75.71,True,True,21.32,2023-06,388.0,498.0,498.0,28.35,,,,,,,,,,,,,,,,,,,,,,,,,,,,,2023-10,438.0,12.89,,,,,,,,,,,,,,,,,,,,,,,,,,,,,,,,,,,tv_wilder_rsi14_sma5_v1,75.71,54.39,True,True,21.32
2790,2790.T,ナフコ,2023-09,OUT,4,56.35,58.48,True,True,2.14,2023-06,1897.0,1922.0,1922.0,1.32,,,,,,,,,,,,,,,,,,,,,,,,,,,,,2023-10,1843.0,-2.85,,,,,,,,,,,,,,,,,,,,,,,,,,,,,,,,,,,tv_wilder_rsi14_sma5_v1,58.48,56.35,True,True,2.14
2813,2813.T,和弘食品,2023-09,OUT,2,61.8,66.95,False,True,5.15,2023-08,3076.67,3090.0,3090.0,0.43,,,,,,,,,,,,,,,,,,,,,,,,,,,,,2023-10,2887.0,-6.16,,,,,,,,,,,,,,,,,,,,,,,,,,,,,,,,,,,tv_wilder_rsi14_sma5_v1,66.95,61.8,True,False,5.15
2818,2818.T,ピエトロ,2023-09,OUT,2,57.8,58.89,True,False,1.09,2023-08,1853.0,1842.0,1842.0,-0.59,,,,,,,,,,,,,,,,,,,,,,,,,,,,,2023-10,1802.0,-2.75,,,,,,,,,,,,,,,,,,,,,,,,,,,,,,,,,,,tv_wilder_rsi14_sma5_v1,58.89,57.8,False,True,1.09
2819,2819.T,エバラ食品工業,2023-09,OUT,1,52.48,52.81,False,False,0.32,2023-09,2945.0,2945.0,2945.0,0.0,,,,,,,,,,,,,,,,,,,,,,,,,,,,,2023-10,2938.0,-0.24,,,,,,,,,,,,,,,,,,,,,,,,,,,,,,,,,,,tv_wilder_rsi14_sma5_v1,52.81,52.48,False,False,0.32
2883,2883.T,大冷,2023-09,OUT,4,53.68,54.27,True,False,0.58,2023-06,1970.0,1966.0,1966.0,-0.2,,,,,,,,,,,,,,,,,,,,,,,,,,,,,2023-10,1891.0,-4.01,,,,,,,,,,,,,,,,,,,,,,,,,,,,,,,,,,,tv_wilder_rsi14_sma5_v1,54.27,53.68,False,True,0.58
2884,2884.T,ヨシムラ・フード・ホールディングス,2023-09,OUT,3,60.88,61.88,True,False,1.0,2023-07,1134.0,1154.0,1154.0,1.76,,,,,,,,,,,,,,,,,,,,,,,,,,,,,2023-10,1103.0,-2.73,,,,,,,,,,,,,,,,,,,,,,,,,,,,,,,,,,,tv_wilder_rsi14_sma5_v1,61.88,60.88,False,True,1.0
2894,2894.T,石井食品,2023-09,OUT,3,72.39,84.68,True,True,12.29,2023-07,285.0,300.0,300.0,5.26,,,,,,,,,,,,,,,,,,,,,,,,,,,,,2023-10,281.0,-1.4,,,,,,,,,,,,,,,,,,,,,,,,,,,,,,,,,,,tv_wilder_rsi14_sma5_v1,84.68,72.39,True,True,12.29
2904,2904.T,一正蒲鉾,2023-09,OUT,2,40.61,43.64,True,True,3.03,2023-08,754.0,767.0,767.0,1.72,,,,,,,,,,,,,,,,,,,,,,,,,,,,,2023-10,717.0,-4.91,,,,,,,,,,,,,,,,,,,,,,,,,,,,,,,,,,,tv_wilder_rsi14_sma5_v1,43.64,40.61,True,True,3.03
2916,2916.T,仙波糖化工業,2023-09,OUT,9,56.38,57.23,True,False,0.85,2023-01,637.0,684.0,684.0,7.38,,,,,,,,,,,,,,,,,,,,,,,,,,,,,2023-10,670.0,5.18,,,,,,,,,,,,,,,,,,,,,,,,,,,,,,,,,,,tv_wilder_rsi14_sma5_v1,57.23,56.38,False,True,0.85
2923,2923.T,サトウ食品,2023-09,OUT,8,64.0,75.4,True,True,11.4,2023-02,4920.0,5710.0,5710.0,16.06,,,,,,,,,,,,,,,,,,,,,,,,,,,,,2023-10,5400.0,9.76,,,,,,,,,,,,,,,,,,,,,,,,,,,,,,,,,,,tv_wilder_rsi14_sma5_v1,75.4,64.0,True,True,11.4
2926,2926.T,篠崎屋,2023-09,OUT,1,40.88,41.19,False,True,0.31,2023-09,92.0,92.0,92.0,0.0,,,,,,,,,,,,,,,,,,,,,,,,,,,,,2023-10,89.0,-3.26,,,,,,,,,,,,,,,,,,,,,,,,,,,,,,,,,,,tv_wilder_rsi14_sma5_v1,41.19,40.88,True,False,0.31
2932,2932.T,ＳＴＩフードホールディングス,2023-09,OUT,7,63.86,70.6,True,True,6.75,2023-03,998.67,1436.67,1436.67,43.86,,,,,,,,,,,,,,,,,,,,,,,,,,,,,2023-10,1341.67,34.35,,,,,,,,,,,,,,,,,,,,,,,,,,,,,,,,,,,tv_wilder_rsi14_sma5_v1,70.6,63.86,True,True,6.75
2934,2934.T,ジェイフロンティア,2023-09,OUT,5,55.91,66.4,True,True,10.49,2023-05,2370.0,5550.0,5550.0,134.18,,,,,,,,,,,,,,,,,,,,,,,,,,,,,2023-10,4030.0,70.04,,,,,,,,,,,,,,,,,,,,,,,,,,,,,,,,,,,tv_wilder_rsi14_sma5_v1,66.4,55.91,True,True,10.49
2961,2961.T,日本調理機,2023-09,OUT,5,69.75,73.33,True,False,3.57,2023-05,2617.0,2941.0,2941.0,12.38,,,,,,,,,,,,,,,,,,,,,,,,,,,,,2023-10,2853.0,9.02,,,,,,,,,,,,,,,,,,,,,,,,,,,,,,,,,,,tv_wilder_rsi14_sma5_v1,73.33,69.75,False,True,3.57
2975,2975.T,スター・マイカ・ホールディングス,2023-09,OUT,1,43.98,44.34,False,True,0.36,2023-09,629.0,629.0,629.0,0.0,,,,,,,,,,,,,,,,,,,,,,,,,,,,,2023-10,604.0,-3.97,,,,,,,,,,,,,,,,,,,,,,,,,,,,,,,,,,,tv_wilder_rsi14_sma5_v1,44.34,43.98,True,False,0.36
2983,2983.T,アールプランナー,2023-09,OUT,4,48.71,48.91,True,False,0.2,2023-06,423.5,401.0,401.0,-5.31,,,,,,,,,,,,,,,,,,,,,,,,,,,,,2023-10,375.0,-11.45,,,,,,,,,,,,,,,,,,,,,,,,,,,,,,,,,,,tv_wilder_rsi14_sma5_v1,48.91,48.71,False,True,0.2
2993,2993.T,長栄,2023-09,OUT,1,68.91,71.87,False,True,2.96,2023-09,2184.0,2184.0,2184.0,0.0,,,,,,,,,,,,,,,,,,,,,,,,,,,,,2023-10,2089.0,-4.35,,,,,,,,,,,,,,,,,,,,,,,,,,,,,,,,,,,tv_wilder_rsi14_sma5_v1,71.87,68.91,True,False,2.96
3002,3002.T,グンゼ,2023-09,OUT,2,56.87,57.14,False,False,0.27,2023-08,2292.5,2255.0,2255.0,-1.64,,,,,,,,,,,,,,,,,,,,,,,,,,,,,2023-10,2257.5,-1.53,,,,,,,,,,,,,,,,,,,,,,,,,,,,,,,,,,,tv_wilder_rsi14_sma5_v1,57.14,56.87,False,False,0.27
3010,3010.T,ポラリス・ホールディングス,2023-09,OUT,6,61.2,72.89,True,False,11.69,2023-04,100.0,164.0,164.0,64.0,,,,,,,,,,,,,,,,,,,,,,,,,,,,,2023-10,138.0,38.0,,,,,,,,,,,,,,,,,,,,,,,,,,,,,,,,,,,tv_wilder_rsi14_sma5_v1,72.89,61.2,False,True,11.69
3020,3020.T,アプライド,2023-09,OUT,8,49.78,50.48,True,True,0.71,2023-02,2048.0,2370.0,2370.0,15.72,,,,,,,,,,,,,,,,,,,,,,,,,,,,,2023-10,2300.0,12.3,,,,,,,,,,,,,,,,,,,,,,,,,,,,,,,,,,,tv_wilder_rsi14_sma5_v1,50.48,49.78,True,True,0.71
3031,3031.T,ラクーンホールディングス,2023-09,OUT,3,37.58,38.69,True,False,1.11,2023-07,713.0,755.0,755.0,5.89,,,,,,,,,,,,,,,,,,,,,,,,,,,,,2023-10,710.0,-0.42,,,,,,,,,,,,,,,,,,,,,,,,,,,,,,,,,,,tv_wilder_rsi14_sma5_v1,38.69,37.58,False,True,1.11
3034,3034.T,クオールホールディングス,2023-09,OUT,6,63.91,65.02,True,False,1.11,2023-04,1243.0,1857.0,1857.0,49.4,,,,,,,,,,,,,,,,,,,,,,,,,,,,,2023-10,1735.0,39.58,,,,,,,,,,,,,,,,,,,,,,,,,,,,,,,,,,,tv_wilder_rsi14_sma5_v1,65.02,63.91,False,True,1.11
3067,3067.T,東京一番フーズ,2023-09,OUT,6,42.76,46.04,True,False,3.28,2023-04,496.0,527.0,527.0,6.25,,,,,,,,,,,,,,,,,,,,,,,,,,,,,2023-10,498.0,0.4,,,,,,,,,,,,,,,,,,,,,,,,,,,,,,,,,,,tv_wilder_rsi14_sma5_v1,46.04,42.76,False,True,3.28
3068,3068.T,ＷＤＩ,2023-09,OUT,3,79.22,82.15,True,False,2.93,2023-07,2309.0,2641.0,2641.0,14.38,,,,,,,,,,,,,,,,,,,,,,,,,,,,,2023-10,2585.0,11.95,,,,,,,,,,,,,,,,,,,,,,,,,,,,,,,,,,,tv_wilder_rsi14_sma5_v1,82.15,79.22,False,True,2.93
3076,3076.T,あい　ホールディングス,2023-09,OUT,2,58.44,59.83,False,False,1.39,2023-08,2369.0,2368.0,2368.0,-0.04,,,,,,,,,,,,,,,,,,,,,,,,,,,,,2023-10,2320.0,-2.07,,,,,,,,,,,,,,,,,,,,,,,,,,,,,,,,,,,tv_wilder_rsi14_sma5_v1,59.83,58.44,False,False,1.39
3080,3080.T,ジェーソン,2023-09,OUT,4,51.46,53.73,True,False,2.27,2023-06,512.0,540.0,540.0,5.47,,,,,,,,,,,,,,,,,,,,,,,,,,,,,2023-10,499.0,-2.54,,,,,,,,,,,,,,,,,,,,,,,,,,,,,,,,,,,tv_wilder_rsi14_sma5_v1,53.73,51.46,False,True,2.27
3086,3086.T,Ｊ．フロント　リテイリング,2023-09,OUT,2,66.17,69.82,True,False,3.65,2023-08,1535.0,1529.0,1529.0,-0.39,,,,,,,,,,,,,,,,,,,,,,,,,,,,,2023-10,1430.5,-6.81,,,,,,,,,,,,,,,,,,,,,,,,,,,,,,,,,,,tv_wilder_rsi14_sma5_v1,69.82,66.17,False,True,3.65
3087,3087.T,ドトール・日レスホールディングス,2023-09,OUT,4,67.47,70.91,True,False,3.44,2023-06,2107.0,2330.0,2330.0,10.58,,,,,,,,,,,,,,,,,,,,,,,,,,,,,2023-10,2177.0,3.32,,,,,,,,,,,,,,,,,,,,,,,,,,,,,,,,,,,tv_wilder_rsi14_sma5_v1,70.91,67.47,False,True,3.44
3101,3101.T,東洋紡,2023-09,OUT,4,42.32,45.53,True,True,3.21,2023-06,1029.5,1077.5,1077.5,4.66,,,,,,,,,,,,,,,,,,,,,,,,,,,,,2023-10,1009.0,-1.99,,,,,,,,,,,,,,,,,,,,,,,,,,,,,,,,,,,tv_wilder_rsi14_sma5_v1,45.53,42.32,True,True,3.21
3104,3104.T,富士紡ホールディングス,2023-09,OUT,4,49.13,52.84,True,True,3.71,2023-06,1061.67,1198.33,1198.33,12.87,,,,,,,,,,,,,,,,,,,,,,,,,,,,,2023-10,1143.33,7.69,,,,,,,,,,,,,,,,,,,,,,,,,,,,,,,,,,,tv_wilder_rsi14_sma5_v1,52.84,49.13,True,True,3.71
3106,3106.T,倉敷紡績,2023-09,OUT,1,55.38,59.0,False,True,3.62,2023-09,2440.0,2440.0,2440.0,0.0,,,,,,,,,,,,,,,,,,,,,,,,,,,,,2023-10,2244.0,-8.03,,,,,,,,,,,,,,,,,,,,,,,,,,,,,,,,,,,tv_wilder_rsi14_sma5_v1,59.0,55.38,True,False,3.62
3111,3111.T,オーミケンシ,2023-09,OUT,1,47.93,51.93,False,True,4.0,2023-09,365.0,365.0,365.0,0.0,,,,,,,,,,,,,,,,,,,,,,,,,,,,,2023-10,325.0,-10.96,,,,,,,,,,,,,,,,,,,,,,,,,,,,,,,,,,,tv_wilder_rsi14_sma5_v1,51.93,47.93,True,False,4.0
3116,3116.T,トヨタ紡織,2023-09,OUT,9,67.33,69.74,True,False,2.41,2023-01,1918.0,2726.0,2726.0,42.13,,,,,,,,,,,,,,,,,,,,,,,,,,,,,2023-10,2597.0,35.4,,,,,,,,,,,,,,,,,,,,,,,,,,,,,,,,,,,tv_wilder_rsi14_sma5_v1,69.74,67.33,False,True,2.41
3123,3123.T,サイボー,2023-09,OUT,9,65.24,76.2,True,True,10.96,2023-01,423.0,522.0,522.0,23.4,,,,,,,,,,,,,,,,,,,,,,,,,,,,,2023-10,490.0,15.84,,,,,,,,,,,,,,,,,,,,,,,,,,,,,,,,,,,tv_wilder_rsi14_sma5_v1,76.2,65.24,True,True,10.96
3132,3132.T,マクニカホールディングス,2023-09,OUT,9,83.68,86.9,True,True,3.22,2023-01,1145.0,2343.33,2343.33,104.66,,,,,,,,,,,,,,,,,,,,,,,,,,,,,2023-10,2008.33,75.4,,,,,,,,,,,,,,,,,,,,,,,,,,,,,,,,,,,tv_wilder_rsi14_sma5_v1,86.9,83.68,True,True,3.22
3139,3139.T,ラクト・ジャパン,2023-09,OUT,2,42.06,44.86,True,True,2.8,2023-08,2052.0,2096.0,2096.0,2.14,,,,,,,,,,,,,,,,,,,,,,,,,,,,,2023-10,1985.0,-3.27,,,,,,,,,,,,,,,,,,,,,,,,,,,,,,,,,,,tv_wilder_rsi14_sma5_v1,44.86,42.06,True,True,2.8
3157,3157.T,ジオリーブグループ,2023-09,OUT,3,54.41,57.53,True,True,3.12,2023-07,1194.0,1229.0,1229.0,2.93,,,,,,,,,,,,,,,,,,,,,,,,,,,,,2023-10,1166.0,-2.35,,,,,,,,,,,,,,,,,,,,,,,,,,,,,,,,,,,tv_wilder_rsi14_sma5_v1,57.53,54.41,True,True,3.12
3159,3159.T,丸善ＣＨＩホールディングス,2023-09,OUT,1,44.9,45.2,False,True,0.29,2023-09,343.0,343.0,343.0,0.0,,,,,,,,,,,,,,,,,,,,,,,,,,,,,2023-10,328.0,-4.37,,,,,,,,,,,,,,,,,,,,,,,,,,,,,,,,,,,tv_wilder_rsi14_sma5_v1,45.2,44.9,True,False,0.29
3166,3166.T,ＯＣＨＩホールディングス,2023-09,OUT,4,53.86,60.25,True,True,6.39,2023-06,1291.0,1422.0,1422.0,10.15,,,,,,,,,,,,,,,,,,,,,,,,,,,,,2023-10,1370.0,6.12,,,,,,,,,,,,,,,,,,,,,,,,,,,,,,,,,,,tv_wilder_rsi14_sma5_v1,60.25,53.86,True,True,6.39
3178,3178.T,チムニー,2023-09,OUT,9,52.86,55.06,True,False,2.2,2023-01,1140.0,1431.0,1431.0,25.53,,,,,,,,,,,,,,,,,,,,,,,,,,,,,2023-10,1417.0,24.3,,,,,,,,,,,,,,,,,,,,,,,,,,,,,,,,,,,tv_wilder_rsi14_sma5_v1,55.06,52.86,False,True,2.2
3179,3179.T,シュッピン,2023-09,OUT,5,49.04,50.34,True,False,1.3,2023-05,968.0,1131.0,1131.0,16.84,,,,,,,,,,,,,,,,,,,,,,,,,,,,,2023-10,1030.0,6.4,,,,,,,,,,,,,,,,,,,,,,,,,,,,,,,,,,,tv_wilder_rsi14_sma5_v1,50.34,49.04,False,True,1.3
3180,3180.T,ビューティガレージ,2023-09,OUT,4,62.72,66.15,True,True,3.42,2023-06,2192.5,2442.5,2442.5,11.4,,,,,,,,,,,,,,,,,,,,,,,,,,,,,2023-10,2226.0,1.53,,,,,,,,,,,,,,,,,,,,,,,,,,,,,,,,,,,tv_wilder_rsi14_sma5_v1,66.15,62.72,True,True,3.42
3184,3184.T,ＩＣＤＡホールディングス,2023-09,OUT,1,61.93,62.07,False,True,0.15,2023-09,2763.0,2763.0,2763.0,0.0,,,,,,,,,,,,,,,,,,,,,,,,,,,,,2023-10,2700.0,-2.28,,,,,,,,,,,,,,,,,,,,,,,,,,,,,,,,,,,tv_wilder_rsi14_sma5_v1,62.07,61.93,True,False,0.15
3193,3193.T,エターナルホスピタリティグループ,2023-09,OUT,6,62.21,67.02,True,False,4.81,2023-04,2262.0,3055.0,3055.0,35.06,,,,,,,,,,,,,,,,,,,,,,,,,,,,,2023-10,2958.0,30.77,,,,,,,,,,,,,,,,,,,,,,,,,,,,,,,,,,,tv_wilder_rsi14_sma5_v1,67.02,62.21,False,True,4.81
3195,3195.T,ジェネレーションパス,2023-09,OUT,1,36.77,37.19,False,True,0.41,2023-09,284.0,284.0,284.0,0.0,,,,,,,,,,,,,,,,,,,,,,,,,,,,,2023-10,269.0,-5.28,,,,,,,,,,,,,,,,,,,,,,,,,,,,,,,,,,,tv_wilder_rsi14_sma5_v1,37.19,36.77,True,False,0.41
3204,3204.T,トーア紡コーポレーション,2023-09,OUT,12,57.15,60.77,True,True,3.62,2022-10,346.0,458.0,458.0,32.37,,,,,,,,,,,,,,,,,,,,,,,,,,,,,2023-10,422.0,21.97,,,,,,,,,,,,,,,,,,,,,,,,,,,,,,,,,,,tv_wilder_rsi14_sma5_v1,60.77,57.15,True,True,3.62
3223,3223.T,エスエルディー,2023-09,OUT,6,64.37,69.96,True,False,5.6,2023-04,664.0,1012.0,1012.0,52.41,,,,,,,,,,,,,,,,,,,,,,,,,,,,,2023-10,869.0,30.87,,,,,,,,,,,,,,,,,,,,,,,,,,,,,,,,,,,tv_wilder_rsi14_sma5_v1,69.96,64.37,False,True,5.6
3224,3224.T,ゼネラル・オイスター,2023-09,OUT,4,72.83,79.39,True,False,6.56,2023-06,1220.0,1873.0,1873.0,53.52,,,,,,,,,,,,,,,,,,,,,,,,,,,,,2023-10,1743.0,42.87,,,,,,,,,,,,,,,,,,,,,,,,,,,,,,,,,,,tv_wilder_rsi14_sma5_v1,79.39,72.83,False,True,6.56
3231,3231.T,野村不動産ホールディングス,2023-09,OUT,6,63.68,67.46,True,True,3.78,2023-04,675.0,750.6,750.6,11.2,,,,,,,,,,,,,,,,,,,,,,,,,,,,,2023-10,701.0,3.85,,,,,,,,,,,,,,,,,,,,,,,,,,,,,,,,,,,tv_wilder_rsi14_sma5_v1,67.46,63.68,True,True,3.78
3248,3248.T,アールエイジ,2023-09,OUT,3,58.83,70.36,True,True,11.52,2023-07,745.0,887.0,887.0,19.06,,,,,,,,,,,,,,,,,,,,,,,,,,,,,2023-10,741.0,-0.54,,,,,,,,,,,,,,,,,,,,,,,,,,,,,,,,,,,tv_wilder_rsi14_sma5_v1,70.36,58.83,True,True,11.52
3266,3266.T,ファンドクリエーショングループ,2023-09,OUT,4,50.36,51.1,True,True,0.74,2023-06,88.0,88.0,88.0,0.0,,,,,,,,,,,,,,,,,,,,,,,,,,,,,2023-10,85.0,-3.41,,,,,,,,,,,,,,,,,,,,,,,,,,,,,,,,,,,tv_wilder_rsi14_sma5_v1,51.1,50.36,True,True,0.74
3271,3271.T,ＴＨＥグローバル社,2023-09,OUT,4,58.9,68.33,True,False,9.43,2023-06,258.0,401.0,401.0,55.43,,,,,,,,,,,,,,,,,,,,,,,,,,,,,2023-10,363.0,40.7,,,,,,,,,,,,,,,,,,,,,,,,,,,,,,,,,,,tv_wilder_rsi14_sma5_v1,68.33,58.9,False,True,9.43
3276,3276.T,ＪＰＭＣ,2023-09,OUT,7,52.43,55.54,True,True,3.11,2023-03,1057.0,1141.0,1141.0,7.95,,,,,,,,,,,,,,,,,,,,,,,,,,,,,2023-10,1116.0,5.58,,,,,,,,,,,,,,,,,,,,,,,,,,,,,,,,,,,tv_wilder_rsi14_sma5_v1,55.54,52.43,True,True,3.11
3277,3277.T,サンセイランディック,2023-09,OUT,7,63.15,70.75,True,True,7.6,2023-03,424.5,531.5,531.5,25.21,,,,,,,,,,,,,,,,,,,,,,,,,,,,,2023-10,497.0,17.08,,,,,,,,,,,,,,,,,,,,,,,,,,,,,,,,,,,tv_wilder_rsi14_sma5_v1,70.75,63.15,True,True,7.6
3280,3280.T,エストラスト,2023-09,OUT,1,54.98,60.17,True,True,5.19,2023-09,691.0,691.0,691.0,0.0,,,,,,,,,,,,,,,,,,,,,,,,,,,,,2023-10,619.0,-10.42,,,,,,,,,,,,,,,,,,,,,,,,,,,,,,,,,,,tv_wilder_rsi14_sma5_v1,60.17,54.98,True,True,5.19
3284,3284.T,フージャースホールディングス,2023-09,OUT,9,72.83,75.99,True,True,3.15,2023-01,792.0,1088.0,1088.0,37.37,,,,,,,,,,,,,,,,,,,,,,,,,,,,,2023-10,1063.0,34.22,,,,,,,,,,,,,,,,,,,,,,,,,,,,,,,,,,,tv_wilder_rsi14_sma5_v1,75.99,72.83,True,True,3.15
3286,3286.T,トラストホールディングス,2023-09,OUT,6,65.77,86.69,True,True,20.92,2023-04,306.0,562.0,562.0,83.66,,,,,,,,,,,,,,,,,,,,,,,,,,,,,2023-10,484.0,58.17,,,,,,,,,,,,,,,,,,,,,,,,,,,,,,,,,,,tv_wilder_rsi14_sma5_v1,86.69,65.77,True,True,20.92
3289,3289.T,東急不動産ホールディングス,2023-09,OUT,6,65.87,70.69,True,True,4.82,2023-04,687.0,919.0,919.0,33.77,,,,,,,,,,,,,,,,,,,,,,,,,,,,,2023-10,871.8,26.9,,,,,,,,,,,,,,,,,,,,,,,,,,,,,,,,,,,tv_wilder_rsi14_sma5_v1,70.69,65.87,True,True,4.82
3291,3291.T,飯田グループホールディングス,2023-09,OUT,1,54.88,56.18,True,True,1.3,2023-09,2486.5,2486.5,2486.5,0.0,,,,,,,,,,,,,,,,,,,,,,,,,,,,,2023-10,2329.0,-6.33,,,,,,,,,,,,,,,,,,,,,,,,,,,,,,,,,,,tv_wilder_rsi14_sma5_v1,56.18,54.88,True,True,1.3
3293,3293.T,アズマハウス,2023-09,OUT,4,53.06,57.01,True,True,3.95,2023-06,753.0,772.0,772.0,2.52,,,,,,,,,,,,,,,,,,,,,,,,,,,,,2023-10,759.0,0.8,,,,,,,,,,,,,,,,,,,,,,,,,,,,,,,,,,,tv_wilder_rsi14_sma5_v1,57.01,53.06,True,True,3.95
3299,3299.T,ムゲンエステート,2023-09,OUT,11,80.52,88.65,True,True,8.13,2022-11,489.0,1093.0,1093.0,123.52,,,,,,,,,,,,,,,,,,,,,,,,,,,,,2023-10,1018.0,108.18,,,,,,,,,,,,,,,,,,,,,,,,,,,,,,,,,,,tv_wilder_rsi14_sma5_v1,88.65,80.52,True,True,8.13
3315,3315.T,日本コークス工業,2023-09,OUT,9,54.03,58.7,True,True,4.67,2023-01,92.0,123.0,123.0,33.7,,,,,,,,,,,,,,,,,,,,,,,,,,,,,2023-10,111.0,20.65,,,,,,,,,,,,,,,,,,,,,,,,,,,,,,,,,,,tv_wilder_rsi14_sma5_v1,58.7,54.03,True,True,4.67
3320,3320.T,クロスプラス,2023-09,OUT,4,61.95,72.79,True,True,10.84,2023-06,820.0,1231.0,1231.0,50.12,,,,,,,,,,,,,,,,,,,,,,,,,,,,,2023-10,1124.0,37.07,,,,,,,,,,,,,,,,,,,,,,,,,,,,,,,,,,,tv_wilder_rsi14_sma5_v1,72.79,61.95,True,True,10.84
3323,3323.T,レカム,2023-09,OUT,4,47.8,48.2,True,False,0.4,2023-06,90.0,86.0,86.0,-4.44,,,,,,,,,,,,,,,,,,,,,,,,,,,,,2023-10,81.0,-10.0,,,,,,,,,,,,,,,,,,,,,,,,,,,,,,,,,,,tv_wilder_rsi14_sma5_v1,48.2,47.8,False,True,0.4
3329,3329.T,東和フードサービス,2023-09,OUT,9,67.77,78.51,True,True,10.73,2023-01,1484.0,1960.0,1960.0,32.08,,,,,,,,,,,,,,,,,,,,,,,,,,,,,2023-10,1828.0,23.18,,,,,,,,,,,,,,,,,,,,,,,,,,,,,,,,,,,tv_wilder_rsi14_sma5_v1,78.51,67.77,True,True,10.73
3352,3352.T,バッファロー,2023-09,OUT,5,64.54,65.22,True,True,0.67,2023-05,1145.0,1351.0,1351.0,17.99,,,,,,,,,,,,,,,,,,,,,,,,,,,,,2023-10,1275.0,11.35,,,,,,,,,,,,,,,,,,,,,,,,,,,,,,,,,,,tv_wilder_rsi14_sma5_v1,65.22,64.54,True,True,0.67
3353,3353.T,メディカル一光グループ,2023-09,OUT,2,34.35,37.44,True,True,3.1,2023-08,2200.0,2269.0,2269.0,3.14,,,,,,,,,,,,,,,,,,,,,,,,,,,,,2023-10,2138.0,-2.82,,,,,,,,,,,,,,,,,,,,,,,,,,,,,,,,,,,tv_wilder_rsi14_sma5_v1,37.44,34.35,True,True,3.1
3361,3361.T,トーエル,2023-09,OUT,2,45.67,46.15,True,False,0.48,2023-08,764.0,760.0,760.0,-0.52,,,,,,,,,,,,,,,,,,,,,,,,,,,,,2023-10,671.0,-12.17,,,,,,,,,,,,,,,,,,,,,,,,,,,,,,,,,,,tv_wilder_rsi14_sma5_v1,46.15,45.67,False,True,0.48
3370,3370.T,フジタコーポレーション,2023-09,OUT,4,45.7,46.49,True,False,0.79,2023-06,267.0,283.0,283.0,5.99,,,,,,,,,,,,,,,,,,,,,,,,,,,,,2023-10,250.0,-6.37,,,,,,,,,,,,,,,,,,,,,,,,,,,,,,,,,,,tv_wilder_rsi14_sma5_v1,46.49,45.7,False,True,0.79
3371,3371.T,ソフトクリエイトホールディングス,2023-09,OUT,4,50.49,51.42,True,False,0.93,2023-06,1770.0,1741.0,1741.0,-1.64,,,,,,,,,,,,,,,,,,,,,,,,,,,,,2023-10,1695.0,-4.24,,,,,,,,,,,,,,,,,,,,,,,,,,,,,,,,,,,tv_wilder_rsi14_sma5_v1,51.42,50.49,False,True,0.93
3372,3372.T,関門海,2023-09,OUT,9,59.95,62.11,True,False,2.16,2023-01,223.0,319.0,319.0,43.05,,,,,,,,,,,,,,,,,,,,,,,,,,,,,2023-10,302.0,35.43,,,,,,,,,,,,,,,,,,,,,,,,,,,,,,,,,,,tv_wilder_rsi14_sma5_v1,62.11,59.95,False,True,2.16
3375,3375.T,ＺＯＡ,2023-09,OUT,4,73.05,80.62,True,True,7.57,2023-06,1480.0,1848.0,1848.0,24.86,,,,,,,,,,,,,,,,,,,,,,,,,,,,,2023-10,1614.0,9.05,,,,,,,,,,,,,,,,,,,,,,,,,,,,,,,,,,,tv_wilder_rsi14_sma5_v1,80.62,73.05,True,True,7.57
3387,3387.T,クリエイト・レストランツ・ホールディングス,2023-09,OUT,3,61.61,63.19,True,False,1.58,2023-07,543.5,571.0,571.0,5.06,,,,,,,,,,,,,,,,,,,,,,,,,,,,,2023-10,522.0,-3.96,,,,,,,,,,,,,,,,,,,,,,,,,,,,,,,,,,,tv_wilder_rsi14_sma5_v1,63.19,61.61,False,True,1.58
3392,3392.T,デリカフーズホールディングス,2023-09,OUT,9,56.26,57.69,False,False,1.43,2023-01,514.0,635.0,635.0,23.54,,,,,,,,,,,,,,,,,,,,,,,,,,,,,2023-10,613.0,19.26,,,,,,,,,,,,,,,,,,,,,,,,,,,,,,,,,,,tv_wilder_rsi14_sma5_v1,57.69,56.26,False,False,1.43
3393,3393.T,スターティアホールディングス,2023-09,OUT,2,57.06,61.54,True,False,4.48,2023-08,1842.0,1799.0,1799.0,-2.33,,,,,,,,,,,,,,,,,,,,,,,,,,,,,2023-10,1292.0,-29.86,,,,,,,,,,,,,,,,,,,,,,,,,,,,,,,,,,,tv_wilder_rsi14_sma5_v1,61.54,57.06,False,True,4.48
3399,3399.T,丸千代山岡家,2023-09,OUT,18,93.26,97.1,True,True,3.84,2022-04,236.75,1132.5,1132.5,378.35,,,,,,,,,,,,,,,,,,,,,,,,,,,,,2023-10,902.5,281.2,,,,,,,,,,,,,,,,,,,,,,,,,,,,,,,,,,,tv_wilder_rsi14_sma5_v1,97.1,93.26,True,True,3.84
3401,3401.T,帝人,2023-09,OUT,4,48.05,48.88,False,False,0.83,2023-06,1441.5,1453.0,1453.0,0.8,,,,,,,,,,,,,,,,,,,,,,,,,,,,,2023-10,1358.0,-5.79,,,,,,,,,,,,,,,,,,,,,,,,,,,,,,,,,,,tv_wilder_rsi14_sma5_v1,48.88,48.05,False,False,0.83
3417,3417.T,大木ヘルスケアホールディングス,2023-09,OUT,11,56.54,59.74,True,True,3.2,2022-11,800.0,1015.0,1015.0,26.88,,,,,,,,,,,,,,,,,,,,,,,,,,,,,2023-10,941.0,17.62,,,,,,,,,,,,,,,,,,,,,,,,,,,,,,,,,,,tv_wilder_rsi14_sma5_v1,59.74,56.54,True,True,3.2
3420,3420.T,ケー・エフ・シー,2023-09,OUT,8,34.94,35.4,True,False,0.47,2023-02,1302.0,1315.0,1315.0,1.0,,,,,,,,,,,,,,,,,,,,,,,,,,,,,2023-10,1294.0,-0.61,,,,,,,,,,,,,,,,,,,,,,,,,,,,,,,,,,,tv_wilder_rsi14_sma5_v1,35.4,34.94,False,True,0.47
3423,3423.T,エスイー,2023-09,OUT,2,44.94,46.39,False,True,1.44,2023-08,301.0,304.0,304.0,1.0,,,,,,,,,,,,,,,,,,,,,,,,,,,,,2023-10,291.0,-3.32,,,,,,,,,,,,,,,,,,,,,,,,,,,,,,,,,,,tv_wilder_rsi14_sma5_v1,46.39,44.94,True,False,1.44
3434,3434.T,アルファＣｏ,2023-09,OUT,9,65.85,76.34,True,True,10.49,2023-01,945.0,1640.0,1640.0,73.54,,,,,,,,,,,,,,,,,,,,,,,,,,,,,2023-10,1397.0,47.83,,,,,,,,,,,,,,,,,,,,,,,,,,,,,,,,,,,tv_wilder_rsi14_sma5_v1,76.34,65.85,True,True,10.49
3446,3446.T,ジェイテックコーポレーション,2023-09,OUT,2,48.8,50.04,True,True,1.23,2023-08,2577.0,2580.0,2580.0,0.12,,,,,,,,,,,,,,,,,,,,,,,,,,,,,2023-10,2030.0,-21.23,,,,,,,,,,,,,,,,,,,,,,,,,,,,,,,,,,,tv_wilder_rsi14_sma5_v1,50.04,48.8,True,True,1.23
3449,3449.T,テクノフレックス,2023-09,OUT,1,52.95,55.3,False,True,2.35,2023-09,1132.0,1132.0,1132.0,0.0,,,,,,,,,,,,,,,,,,,,,,,,,,,,,2023-10,1090.0,-3.71,,,,,,,,,,,,,,,,,,,,,,,,,,,,,,,,,,,tv_wilder_rsi14_sma5_v1,55.3,52.95,True,False,2.35
3452,3452.T,ビーロット,2023-09,OUT,8,62.76,65.67,True,False,2.91,2023-02,583.0,853.0,853.0,46.31,,,,,,,,,,,,,,,,,,,,,,,,,,,,,2023-10,798.0,36.88,,,,,,,,,,,,,,,,,,,,,,,,,,,,,,,,,,,tv_wilder_rsi14_sma5_v1,65.67,62.76,False,True,2.91
3454,3454.T,ファーストブラザーズ,2023-09,OUT,8,61.95,73.34,True,True,11.39,2023-02,880.0,1252.0,1252.0,42.27,,,,,,,,,,,,,,,,,,,,,,,,,,,,,2023-10,1135.0,28.98,,,,,,,,,,,,,,,,,,,,,,,,,,,,,,,,,,,tv_wilder_rsi14_sma5_v1,73.34,61.95,True,True,11.39
3467,3467.T,アグレ都市デザイン,2023-09,OUT,1,57.74,58.1,True,True,0.37,2023-09,1557.0,1557.0,1557.0,0.0,,,,,,,,,,,,,,,,,,,,,,,,,,,,,2023-10,1459.0,-6.29,,,,,,,,,,,,,,,,,,,,,,,,,,,,,,,,,,,tv_wilder_rsi14_sma5_v1,58.1,57.74,True,True,0.37
3474,3474.T,Ｇ－ＦＡＣＴＯＲＹ,2023-09,OUT,1,48.6,48.99,False,True,0.39,2023-09,418.0,418.0,418.0,0.0,,,,,,,,,,,,,,,,,,,,,,,,,,,,,2023-10,409.0,-2.15,,,,,,,,,,,,,,,,,,,,,,,,,,,,,,,,,,,tv_wilder_rsi14_sma5_v1,48.99,48.6,True,False,0.39
3475,3475.T,グッドコムアセット,2023-09,OUT,3,64.19,71.69,True,True,7.5,2023-07,836.0,1046.0,1046.0,25.12,,,,,,,,,,,,,,,,,,,,,,,,,,,,,2023-10,863.0,3.23,,,,,,,,,,,,,,,,,,,,,,,,,,,,,,,,,,,tv_wilder_rsi14_sma5_v1,71.69,64.19,True,True,7.5
3484,3484.T,イノベーションホールディングス,2023-09,OUT,2,59.4,59.44,False,False,0.04,2023-08,1243.0,1171.0,1171.0,-5.79,,,,,,,,,,,,,,,,,,,,,,,,,,,,,2023-10,1102.0,-11.34,,,,,,,,,,,,,,,,,,,,,,,,,,,,,,,,,,,tv_wilder_rsi14_sma5_v1,59.44,59.4,False,False,0.04
3486,3486.T,グローバル・リンク・マネジメント,2023-09,OUT,4,72.63,82.97,True,True,10.34,2023-06,733.5,1107.5,1107.5,50.99,,,,,,,,,,,,,,,,,,,,,,,,,,,,,2023-10,904.0,23.24,,,,,,,,,,,,,,,,,,,,,,,,,,,,,,,,,,,tv_wilder_rsi14_sma5_v1,82.97,72.63,True,True,10.34
3495,3495.T,香陵住販,2023-09,OUT,15,78.73,80.01,True,False,1.29,2022-07,977.0,1468.0,1468.0,50.26,,,,,,,,,,,,,,,,,,,,,,,,,,,,,2023-10,1439.0,47.29,,,,,,,,,,,,,,,,,,,,,,,,,,,,,,,,,,,tv_wilder_rsi14_sma5_v1,80.01,78.73,False,True,1.29
3496,3496.T,アズーム,2023-09,OUT,7,71.74,75.96,True,True,4.22,2023-03,3015.0,4095.0,4095.0,35.82,,,,,,,,,,,,,,,,,,,,,,,,,,,,,2023-10,3080.0,2.16,,,,,,,,,,,,,,,,,,,,,,,,,,,,,,,,,,,tv_wilder_rsi14_sma5_v1,75.96,71.74,True,True,4.22
3501,3501.T,ＳＵＭＩＮＯＥ,2023-09,OUT,1,59.86,59.88,False,True,0.02,2023-09,1129.5,1129.5,1129.5,0.0,,,,,,,,,,,,,,,,,,,,,,,,,,,,,2023-10,1100.0,-2.61,,,,,,,,,,,,,,,,,,,,,,,,,,,,,,,,,,,tv_wilder_rsi14_sma5_v1,59.88,59.86,True,False,0.02
3512,3512.T,日本フエルト,2023-09,OUT,4,47.14,50.46,True,True,3.32,2023-06,418.0,428.0,428.0,2.39,,,,,,,,,,,,,,,,,,,,,,,,,,,,,2023-10,413.0,-1.2,,,,,,,,,,,,,,,,,,,,,,,,,,,,,,,,,,,tv_wilder_rsi14_sma5_v1,50.46,47.14,True,True,3.32
3524,3524.T,日東製網,2023-09,OUT,2,48.46,53.18,True,True,4.71,2023-08,1446.0,1518.0,1518.0,4.98,,,,,,,,,,,,,,,,,,,,,,,,,,,,,2023-10,1415.0,-2.14,,,,,,,,,,,,,,,,,,,,,,,,,,,,,,,,,,,tv_wilder_rsi14_sma5_v1,53.18,48.46,True,True,4.71
3537,3537.T,昭栄薬品,2023-09,OUT,1,47.31,48.64,True,True,1.33,2023-09,987.0,987.0,987.0,0.0,,,,,,,,,,,,,,,,,,,,,,,,,,,,,2023-10,976.0,-1.11,,,,,,,,,,,,,,,,,,,,,,,,,,,,,,,,,,,tv_wilder_rsi14_sma5_v1,48.64,47.31,True,True,1.33
3543,3543.T,コメダホールディングス,2023-09,OUT,6,71.69,75.01,True,True,3.32,2023-04,2563.0,2900.0,2900.0,13.15,,,,,,,,,,,,,,,,,,,,,,,,,,,,,2023-10,2750.0,7.3,,,,,,,,,,,,,,,,,,,,,,,,,,,,,,,,,,,tv_wilder_rsi14_sma5_v1,75.01,71.69,True,True,3.32
3551,3551.T,ダイニック,2023-09,OUT,4,56.51,62.2,True,True,5.69,2023-06,734.0,825.0,825.0,12.4,,,,,,,,,,,,,,,,,,,,,,,,,,,,,2023-10,784.0,6.81,,,,,,,,,,,,,,,,,,,,,,,,,,,,,,,,,,,tv_wilder_rsi14_sma5_v1,62.2,56.51,True,True,5.69
3560,3560.T,ほぼ日,2023-09,OUT,1,54.05,58.01,True,True,3.96,2023-09,3910.0,3910.0,3910.0,0.0,,,,,,,,,,,,,,,,,,,,,,,,,,,,,2023-10,3520.0,-9.97,,,,,,,,,,,,,,,,,,,,,,,,,,,,,,,,,,,tv_wilder_rsi14_sma5_v1,58.01,54.05,True,True,3.96
3571,3571.T,ソトー,2023-09,OUT,2,43.15,43.26,False,False,0.11,2023-08,784.0,758.0,758.0,-3.32,,,,,,,,,,,,,,,,,,,,,,,,,,,,,2023-10,689.0,-12.12,,,,,,,,,,,,,,,,,,,,,,,,,,,,,,,,,,,tv_wilder_rsi14_sma5_v1,43.26,43.15,False,False,0.11
3580,3580.T,小松マテーレ,2023-09,OUT,4,39.31,42.3,True,True,2.99,2023-06,675.0,747.0,747.0,10.67,,,,,,,,,,,,,,,,,,,,,,,,,,,,,2023-10,716.0,6.07,,,,,,,,,,,,,,,,,,,,,,,,,,,,,,,,,,,tv_wilder_rsi14_sma5_v1,42.3,39.31,True,True,2.99
3583,3583.T,オーベクス,2023-09,OUT,1,47.1,48.19,False,True,1.08,2023-09,892.0,892.0,892.0,0.0,,,,,,,,,,,,,,,,,,,,,,,,,,,,,2023-10,850.0,-4.71,,,,,,,,,,,,,,,,,,,,,,,,,,,,,,,,,,,tv_wilder_rsi14_sma5_v1,48.19,47.1,True,False,1.08
3597,3597.T,自重堂,2023-09,OUT,11,76.38,80.25,True,True,3.88,2022-11,6210.0,10300.0,10300.0,65.86,,,,,,,,,,,,,,,,,,,,,,,,,,,,,2023-10,10040.0,61.67,,,,,,,,,,,,,,,,,,,,,,,,,,,,,,,,,,,tv_wilder_rsi14_sma5_v1,80.25,76.38,True,True,3.88
3608,3608.T,ＴＳＩホールディングス,2023-09,OUT,1,74.04,75.22,True,True,1.19,2023-09,810.0,810.0,810.0,0.0,,,,,,,,,,,,,,,,,,,,,,,,,,,,,2023-10,800.0,-1.23,,,,,,,,,,,,,,,,,,,,,,,,,,,,,,,,,,,tv_wilder_rsi14_sma5_v1,75.22,74.04,True,True,1.19
3622,3622.T,ネットイヤーグループ,2023-09,OUT,1,53.72,54.42,True,True,0.7,2023-09,632.0,632.0,632.0,0.0,,,,,,,,,,,,,,,,,,,,,,,,,,,,,2023-10,605.0,-4.27,,,,,,,,,,,,,,,,,,,,,,,,,,,,,,,,,,,tv_wilder_rsi14_sma5_v1,54.42,53.72,True,True,0.7
3623,3623.T,ビリングシステム,2023-09,OUT,1,45.65,45.99,False,True,0.33,2023-09,1037.0,1037.0,1037.0,0.0,,,,,,,,,,,,,,,,,,,,,,,,,,,,,2023-10,881.0,-15.04,,,,,,,,,,,,,,,,,,,,,,,,,,,,,,,,,,,tv_wilder_rsi14_sma5_v1,45.99,45.65,True,False,0.33
3645,3645.T,メディカルネット,2023-09,OUT,1,45.22,45.83,False,True,0.61,2023-09,381.0,381.0,381.0,0.0,,,,,,,,,,,,,,,,,,,,,,,,,,,,,2023-10,351.0,-7.87,,,,,,,,,,,,,,,,,,,,,,,,,,,,,,,,,,,tv_wilder_rsi14_sma5_v1,45.83,45.22,True,False,0.61
3661,3661.T,エムアップホールディングス,2023-09,OUT,2,53.42,54.29,False,False,0.87,2023-08,745.0,641.0,641.0,-13.96,,,,,,,,,,,,,,,,,,,,,,,,,,,,,2023-10,604.5,-18.86,,,,,,,,,,,,,,,,,,,,,,,,,,,,,,,,,,,tv_wilder_rsi14_sma5_v1,54.29,53.42,False,False,0.87
3663,3663.T,セルシス,2023-09,OUT,1,51.37,51.61,True,True,0.24,2023-09,746.0,746.0,746.0,0.0,,,,,,,,,,,,,,,,,,,,,,,,,,,,,2023-10,687.0,-7.91,,,,,,,,,,,,,,,,,,,,,,,,,,,,,,,,,,,tv_wilder_rsi14_sma5_v1,51.61,51.37,True,True,0.24
3671,3671.T,ソフトマックス,2023-09,OUT,3,43.44,44.58,True,True,1.14,2023-07,188.0,187.25,187.25,-0.4,,,,,,,,,,,,,,,,,,,,,,,,,,,,,2023-10,179.25,-4.65,,,,,,,,,,,,,,,,,,,,,,,,,,,,,,,,,,,tv_wilder_rsi14_sma5_v1,44.58,43.44,True,True,1.14
3680,3680.T,ホットリンク,2023-09,OUT,2,41.63,42.1,True,False,0.47,2023-08,373.0,337.0,337.0,-9.65,,,,,,,,,,,,,,,,,,,,,,,,,,,,,2023-10,293.0,-21.45,,,,,,,,,,,,,,,,,,,,,,,,,,,,,,,,,,,tv_wilder_rsi14_sma5_v1,42.1,41.63,False,True,0.47
3682,3682.T,エンカレッジ・テクノロジ,2023-09,OUT,1,40.18,41.42,False,True,1.24,2023-09,509.0,509.0,509.0,0.0,,,,,,,,,,,,,,,,,,,,,,,,,,,,,2023-10,471.0,-7.47,,,,,,,,,,,,,,,,,,,,,,,,,,,,,,,,,,,tv_wilder_rsi14_sma5_v1,41.42,40.18,True,False,1.24
3691,3691.T,デジタルプラス,2023-09,OUT,1,48.52,50.18,False,True,1.66,2023-09,784.0,784.0,784.0,0.0,,,,,,,,,,,,,,,,,,,,,,,,,,,,,2023-10,619.0,-21.05,,,,,,,,,,,,,,,,,,,,,,,,,,,,,,,,,,,tv_wilder_rsi14_sma5_v1,50.18,48.52,True,False,1.66
3710,3710.T,ジョルダン,2023-09,OUT,9,43.15,45.8,True,False,2.65,2023-01,654.0,690.0,690.0,5.5,,,,,,,,,,,,,,,,,,,,,,,,,,,,,2023-10,652.0,-0.31,,,,,,,,,,,,,,,,,,,,,,,,,,,,,,,,,,,tv_wilder_rsi14_sma5_v1,45.8,43.15,False,True,2.65
3723,3723.T,日本ファルコム,2023-09,OUT,5,49.24,54.19,True,True,4.96,2023-05,1219.0,1333.0,1333.0,9.35,,,,,,,,,,,,,,,,,,,,,,,,,,,,,2023-10,1240.0,1.72,,,,,,,,,,,,,,,,,,,,,,,,,,,,,,,,,,,tv_wilder_rsi14_sma5_v1,54.19,49.24,True,True,4.96
3726,3726.T,フォーシーズＨＤ,2023-09,OUT,9,57.15,57.25,True,False,0.11,2023-01,438.0,493.0,493.0,12.56,,,,,,,,,,,,,,,,,,,,,,,,,,,,,2023-10,464.0,5.94,,,,,,,,,,,,,,,,,,,,,,,,,,,,,,,,,,,tv_wilder_rsi14_sma5_v1,57.25,57.15,False,True,0.11
3776,3776.T,ブロードバンドタワー,2023-09,OUT,4,39.11,39.24,True,False,0.14,2023-06,144.0,142.0,142.0,-1.39,,,,,,,,,,,,,,,,,,,,,,,,,,,,,2023-10,129.0,-10.42,,,,,,,,,,,,,,,,,,,,,,,,,,,,,,,,,,,tv_wilder_rsi14_sma5_v1,39.24,39.11,False,True,0.14
3778,3778.T,さくらインターネット,2023-09,OUT,8,68.52,70.5,True,True,1.98,2023-02,606.0,1218.0,1218.0,100.99,,,,,,,,,,,,,,,,,,,,,,,,,,,,,2023-10,1156.0,90.76,,,,,,,,,,,,,,,,,,,,,,,,,,,,,,,,,,,tv_wilder_rsi14_sma5_v1,70.5,68.52,True,True,1.98
3799,3799.T,キーウェアソリューションズ,2023-09,OUT,11,59.04,62.26,True,True,3.22,2022-11,543.0,710.0,710.0,30.76,,,,,,,,,,,,,,,,,,,,,,,,,,,,,2023-10,664.0,22.28,,,,,,,,,,,,,,,,,,,,,,,,,,,,,,,,,,,tv_wilder_rsi14_sma5_v1,62.26,59.04,True,True,3.22
3800,3800.T,ユニリタ,2023-09,OUT,1,55.4,56.31,True,True,0.91,2023-09,1869.0,1869.0,1869.0,0.0,,,,,,,,,,,,,,,,,,,,,,,,,,,,,2023-10,1843.0,-1.39,,,,,,,,,,,,,,,,,,,,,,,,,,,,,,,,,,,tv_wilder_rsi14_sma5_v1,56.31,55.4,True,True,0.91
3803,3803.T,イメージ情報開発,2023-09,OUT,2,49.07,51.89,True,False,2.82,2023-08,551.0,500.0,500.0,-9.26,,,,,,,,,,,,,,,,,,,,,,,,,,,,,2023-10,428.0,-22.32,,,,,,,,,,,,,,,,,,,,,,,,,,,,,,,,,,,tv_wilder_rsi14_sma5_v1,51.89,49.07,False,True,2.82
3804,3804.T,システム　ディ,2023-09,OUT,1,50.27,53.17,True,True,2.91,2023-09,469.0,469.0,469.0,0.0,,,,,,,,,,,,,,,,,,,,,,,,,,,,,2023-10,435.0,-7.25,,,,,,,,,,,,,,,,,,,,,,,,,,,,,,,,,,,tv_wilder_rsi14_sma5_v1,53.17,50.27,True,True,2.91
3816,3816.T,大和コンピューター,2023-09,OUT,4,46.92,48.53,True,False,1.6,2023-06,970.0,972.0,972.0,0.21,,,,,,,,,,,,,,,,,,,,,,,,,,,,,2023-10,950.0,-2.06,,,,,,,,,,,,,,,,,,,,,,,,,,,,,,,,,,,tv_wilder_rsi14_sma5_v1,48.53,46.92,False,True,1.6
3817,3817.T,ＳＲＡホールディングス,2023-09,OUT,4,63.0,68.37,True,True,5.37,2023-06,3245.0,3485.0,3485.0,7.4,,,,,,,,,,,,,,,,,,,,,,,,,,,,,2023-10,3265.0,0.62,,,,,,,,,,,,,,,,,,,,,,,,,,,,,,,,,,,tv_wilder_rsi14_sma5_v1,68.37,63.0,True,True,5.37
3837,3837.T,アドソル日進,2023-09,OUT,2,47.99,48.17,False,False,0.18,2023-08,866.0,854.5,854.5,-1.33,,,,,,,,,,,,,,,,,,,,,,,,,,,,,2023-10,793.0,-8.43,,,,,,,,,,,,,,,,,,,,,,,,,,,,,,,,,,,tv_wilder_rsi14_sma5_v1,48.17,47.99,False,False,0.18
3839,3839.T,ＯＤＫソリューションズ,2023-09,OUT,2,43.05,43.06,False,False,0.01,2023-08,589.0,572.0,572.0,-2.89,,,,,,,,,,,,,,,,,,,,,,,,,,,,,2023-10,548.0,-6.96,,,,,,,,,,,,,,,,,,,,,,,,,,,,,,,,,,,tv_wilder_rsi14_sma5_v1,43.06,43.05,False,False,0.01
3841,3841.T,ジーダット,2023-09,OUT,5,58.95,63.62,True,True,4.67,2023-05,855.0,1021.0,1021.0,19.42,,,,,,,,,,,,,,,,,,,,,,,,,,,,,2023-10,925.0,8.19,,,,,,,,,,,,,,,,,,,,,,,,,,,,,,,,,,,tv_wilder_rsi14_sma5_v1,63.62,58.95,True,True,4.67
3842,3842.T,ネクストジェン,2023-09,OUT,4,40.14,44.13,True,True,3.99,2023-06,765.0,776.0,776.0,1.44,,,,,,,,,,,,,,,,,,,,,,,,,,,,,2023-10,684.0,-10.59,,,,,,,,,,,,,,,,,,,,,,,,,,,,,,,,,,,tv_wilder_rsi14_sma5_v1,44.13,40.14,True,True,3.99
3844,3844.T,コムチュア,2023-09,OUT,2,44.46,47.78,True,False,3.33,2023-08,2442.0,2317.0,2317.0,-5.12,,,,,,,,,,,,,,,,,,,,,,,,,,,,,2023-10,1998.0,-18.18,,,,,,,,,,,,,,,,,,,,,,,,,,,,,,,,,,,tv_wilder_rsi14_sma5_v1,47.78,44.46,False,True,3.33
3848,3848.T,データ・アプリケーション,2023-09,OUT,2,58.33,63.09,True,False,4.76,2023-08,978.0,972.0,972.0,-0.61,,,,,,,,,,,,,,,,,,,,,,,,,,,,,2023-10,928.0,-5.11,,,,,,,,,,,,,,,,,,,,,,,,,,,,,,,,,,,tv_wilder_rsi14_sma5_v1,63.09,58.33,False,True,4.76
3850,3850.T,エヌ・ティ・ティ・データ・イントラマート,2023-09,OUT,4,42.25,43.77,True,True,1.53,2023-06,1802.0,1778.0,1778.0,-1.33,,,,,,,,,,,,,,,,,,,,,,,,,,,,,2023-10,1715.0,-4.83,,,,,,,,,,,,,,,,,,,,,,,,,,,,,,,,,,,tv_wilder_rsi14_sma5_v1,43.77,42.25,True,True,1.53
3858,3858.T,ユビキタスＡＩ,2023-09,OUT,7,44.36,44.54,True,False,0.17,2023-03,393.0,410.0,410.0,4.33,,,,,,,,,,,,,,,,,,,,,,,,,,,,,2023-10,373.0,-5.09,,,,,,,,,,,,,,,,,,,,,,,,,,,,,,,,,,,tv_wilder_rsi14_sma5_v1,44.54,44.36,False,True,0.17
3863,3863.T,日本製紙,2023-09,OUT,11,57.78,60.57,True,True,2.79,2022-11,965.0,1348.0,1348.0,39.69,,,,,,,,,,,,,,,,,,,,,,,,,,,,,2023-10,1308.0,35.54,,,,,,,,,,,,,,,,,,,,,,,,,,,,,,,,,,,tv_wilder_rsi14_sma5_v1,60.57,57.78,True,True,2.79
3877,3877.T,中越パルプ工業,2023-09,OUT,5,63.23,64.61,True,True,1.37,2023-05,1193.0,1396.0,1396.0,17.02,,,,,,,,,,,,,,,,,,,,,,,,,,,,,2023-10,1352.0,13.33,,,,,,,,,,,,,,,,,,,,,,,,,,,,,,,,,,,tv_wilder_rsi14_sma5_v1,64.61,63.23,True,True,1.37
3878,3878.T,巴川コーポレーション,2023-09,OUT,4,43.74,43.94,True,True,0.2,2023-06,694.0,682.0,682.0,-1.73,,,,,,,,,,,,,,,,,,,,,,,,,,,,,2023-10,650.0,-6.34,,,,,,,,,,,,,,,,,,,,,,,,,,,,,,,,,,,tv_wilder_rsi14_sma5_v1,43.94,43.74,True,True,0.2
3895,3895.T,ハビックス,2023-09,OUT,4,44.83,51.74,True,True,6.91,2023-06,376.0,420.0,420.0,11.7,,,,,,,,,,,,,,,,,,,,,,,,,,,,,2023-10,386.0,2.66,,,,,,,,,,,,,,,,,,,,,,,,,,,,,,,,,,,tv_wilder_rsi14_sma5_v1,51.74,44.83,True,True,6.91
3900,3900.T,クラウドワークス,2023-09,OUT,2,48.9,49.88,True,True,0.98,2023-08,1428.0,1442.0,1442.0,0.98,,,,,,,,,,,,,,,,,,,,,,,,,,,,,2023-10,1249.0,-12.54,,,,,,,,,,,,,,,,,,,,,,,,,,,,,,,,,,,tv_wilder_rsi14_sma5_v1,49.88,48.9,True,True,0.98
3901,3901.T,マークラインズ,2023-09,OUT,4,54.49,58.94,True,False,4.45,2023-06,2564.0,2980.0,2980.0,16.22,,,,,,,,,,,,,,,,,,,,,,,,,,,,,2023-10,2758.0,7.57,,,,,,,,,,,,,,,,,,,,,,,,,,,,,,,,,,,tv_wilder_rsi14_sma5_v1,58.94,54.49,False,True,4.45
3907,3907.T,シリコンスタジオ,2023-09,OUT,6,62.36,65.31,True,True,2.95,2023-04,1402.0,1721.0,1721.0,22.75,,,,,,,,,,,,,,,,,,,,,,,,,,,,,2023-10,910.0,-35.09,,,,,,,,,,,,,,,,,,,,,,,,,,,,,,,,,,,tv_wilder_rsi14_sma5_v1,65.31,62.36,True,True,2.95
3908,3908.T,コラボス,2023-09,OUT,4,38.21,38.84,True,False,0.63,2023-06,354.0,353.0,353.0,-0.28,,,,,,,,,,,,,,,,,,,,,,,,,,,,,2023-10,338.0,-4.52,,,,,,,,,,,,,,,,,,,,,,,,,,,,,,,,,,,tv_wilder_rsi14_sma5_v1,38.84,38.21,False,True,0.63
3916,3916.T,デジタル・インフォメーション・テクノロジー,2023-09,OUT,3,52.74,55.64,True,False,2.9,2023-07,902.0,916.5,916.5,1.61,,,,,,,,,,,,,,,,,,,,,,,,,,,,,2023-10,788.0,-12.64,,,,,,,,,,,,,,,,,,,,,,,,,,,,,,,,,,,tv_wilder_rsi14_sma5_v1,55.64,52.74,False,True,2.9
3920,3920.T,アイビーシー,2023-09,OUT,1,48.11,48.92,True,True,0.8,2023-09,609.0,609.0,609.0,0.0,,,,,,,,,,,,,,,,,,,,,,,,,,,,,2023-10,515.0,-15.44,,,,,,,,,,,,,,,,,,,,,,,,,,,,,,,,,,,tv_wilder_rsi14_sma5_v1,48.92,48.11,True,True,0.8
3921,3921.T,ネオジャパン,2023-09,OUT,4,44.4,44.65,True,False,0.25,2023-06,1081.0,1018.0,1018.0,-5.83,,,,,,,,,,,,,,,,,,,,,,,,,,,,,2023-10,960.0,-11.19,,,,,,,,,,,,,,,,,,,,,,,,,,,,,,,,,,,tv_wilder_rsi14_sma5_v1,44.65,44.4,False,True,0.25
3928,3928.T,マイネット,2023-09,OUT,2,34.2,36.49,True,False,2.29,2023-08,363.0,361.0,361.0,-0.55,,,,,,,,,,,,,,,,,,,,,,,,,,,,,2023-10,303.0,-16.53,,,,,,,,,,,,,,,,,,,,,,,,,,,,,,,,,,,tv_wilder_rsi14_sma5_v1,36.49,34.2,False,True,2.29
3929,3929.T,ソーシャルワイヤー,2023-09,OUT,4,37.56,38.59,True,False,1.03,2023-06,303.0,296.0,296.0,-2.31,,,,,,,,,,,,,,,,,,,,,,,,,,,,,2023-10,264.0,-12.87,,,,,,,,,,,,,,,,,,,,,,,,,,,,,,,,,,,tv_wilder_rsi14_sma5_v1,38.59,37.56,False,True,1.03
3934,3934.T,ベネフィットジャパン,2023-09,OUT,2,36.46,37.09,False,False,0.62,2023-08,1229.0,1213.0,1213.0,-1.3,,,,,,,,,,,,,,,,,,,,,,,,,,,,,2023-10,1059.0,-13.83,,,,,,,,,,,,,,,,,,,,,,,,,,,,,,,,,,,tv_wilder_rsi14_sma5_v1,37.09,36.46,False,False,0.62
3939,3939.T,カナミックネットワーク,2023-09,OUT,4,43.75,47.57,True,True,3.82,2023-06,473.0,521.0,521.0,10.15,,,,,,,,,,,,,,,,,,,,,,,,,,,,,2023-10,456.0,-3.59,,,,,,,,,,,,,,,,,,,,,,,,,,,,,,,,,,,tv_wilder_rsi14_sma5_v1,47.57,43.75,True,True,3.82
3943,3943.T,大石産業,2023-09,OUT,2,82.02,87.7,True,True,5.68,2023-08,1049.0,1099.0,1099.0,4.77,,,,,,,,,,,,,,,,,,,,,,,,,,,,,2023-10,1082.0,3.15,,,,,,,,,,,,,,,,,,,,,,,,,,,,,,,,,,,tv_wilder_rsi14_sma5_v1,87.7,82.02,True,True,5.68
3944,3944.T,古林紙工,2023-09,OUT,10,61.36,66.79,True,True,5.42,2022-12,1840.0,2429.0,2429.0,32.01,,,,,,,,,,,,,,,,,,,,,,,,,,,,,2023-10,2251.0,22.34,,,,,,,,,,,,,,,,,,,,,,,,,,,,,,,,,,,tv_wilder_rsi14_sma5_v1,66.79,61.36,True,True,5.42
3945,3945.T,スーパーバッグ,2023-09,OUT,8,65.01,71.15,True,True,6.14,2023-02,1393.0,2270.0,2270.0,62.96,,,,,,,,,,,,,,,,,,,,,,,,,,,,,2023-10,2066.0,48.31,,,,,,,,,,,,,,,,,,,,,,,,,,,,,,,,,,,tv_wilder_rsi14_sma5_v1,71.15,65.01,True,True,6.14
3946,3946.T,トーモク,2023-09,OUT,5,70.17,76.8,True,True,6.63,2023-05,1866.0,2454.0,2454.0,31.51,,,,,,,,,,,,,,,,,,,,,,,,,,,,,2023-10,2335.0,25.13,,,,,,,,,,,,,,,,,,,,,,,,,,,,,,,,,,,tv_wilder_rsi14_sma5_v1,76.8,70.17,True,True,6.63
3953,3953.T,大村紙業,2023-09,OUT,4,46.51,49.69,True,True,3.18,2023-06,564.0,586.0,586.0,3.9,,,,,,,,,,,,,,,,,,,,,,,,,,,,,2023-10,571.0,1.24,,,,,,,,,,,,,,,,,,,,,,,,,,,,,,,,,,,tv_wilder_rsi14_sma5_v1,49.69,46.51,True,True,3.18
3954,3954.T,昭和パックス,2023-09,OUT,9,56.71,65.16,True,True,8.44,2023-01,1558.0,1851.0,1851.0,18.81,,,,,,,,,,,,,,,,,,,,,,,,,,,,,2023-10,1770.0,13.61,,,,,,,,,,,,,,,,,,,,,,,,,,,,,,,,,,,tv_wilder_rsi14_sma5_v1,65.16,56.71,True,True,8.44
3955,3955.T,イムラ,2023-09,OUT,1,70.33,70.65,True,True,0.32,2023-09,1202.0,1202.0,1202.0,0.0,,,,,,,,,,,,,,,,,,,,,,,,,,,,,2023-10,1149.0,-4.41,,,,,,,,,,,,,,,,,,,,,,,,,,,,,,,,,,,tv_wilder_rsi14_sma5_v1,70.65,70.33,True,True,0.32
3964,3964.T,オークネット,2023-09,OUT,4,50.09,51.41,True,True,1.33,2023-06,426.0,448.25,448.25,5.22,,,,,,,,,,,,,,,,,,,,,,,,,,,,,2023-10,437.75,2.76,,,,,,,,,,,,,,,,,,,,,,,,,,,,,,,,,,,tv_wilder_rsi14_sma5_v1,51.41,50.09,True,True,1.33
3965,3965.T,キャピタル・アセット・プランニング,2023-09,OUT,9,50.84,52.13,True,False,1.28,2023-01,597.0,818.0,818.0,37.02,,,,,,,,,,,,,,,,,,,,,,,,,,,,,2023-10,754.0,26.3,,,,,,,,,,,,,,,,,,,,,,,,,,,,,,,,,,,tv_wilder_rsi14_sma5_v1,52.13,50.84,False,True,1.28
3969,3969.T,エイトレッド,2023-09,OUT,2,38.71,39.81,True,False,1.1,2023-08,1467.0,1454.0,1454.0,-0.89,,,,,,,,,,,,,,,,,,,,,,,,,,,,,2023-10,1279.0,-12.82,,,,,,,,,,,,,,,,,,,,,,,,,,,,,,,,,,,tv_wilder_rsi14_sma5_v1,39.81,38.71,False,True,1.1
3974,3974.T,ＳＣＡＴ,2023-09,OUT,4,57.98,63.58,True,True,5.6,2023-06,468.0,550.0,550.0,17.52,,,,,,,,,,,,,,,,,,,,,,,,,,,,,2023-10,469.0,0.21,,,,,,,,,,,,,,,,,,,,,,,,,,,,,,,,,,,tv_wilder_rsi14_sma5_v1,63.58,57.98,True,True,5.6
3979,3979.T,うるる,2023-09,OUT,2,56.82,59.9,False,True,3.08,2023-08,497.5,503.25,503.25,1.16,,,,,,,,,,,,,,,,,,,,,,,,,,,,,2023-10,460.25,-7.49,,,,,,,,,,,,,,,,,,,,,,,,,,,,,,,,,,,tv_wilder_rsi14_sma5_v1,59.9,56.82,True,False,3.08
3981,3981.T,ビーグリー,2023-09,OUT,1,42.92,44.01,False,True,1.1,2023-09,1161.0,1161.0,1161.0,0.0,,,,,,,,,,,,,,,,,,,,,,,,,,,,,2023-10,1075.0,-7.41,,,,,,,,,,,,,,,,,,,,,,,,,,,,,,,,,,,tv_wilder_rsi14_sma5_v1,44.01,42.92,True,False,1.1
3985,3985.T,テモナ,2023-09,OUT,4,38.57,38.9,True,False,0.33,2023-06,301.0,289.0,289.0,-3.99,,,,,,,,,,,,,,,,,,,,,,,,,,,,,2023-10,237.0,-21.26,,,,,,,,,,,,,,,,,,,,,,,,,,,,,,,,,,,tv_wilder_rsi14_sma5_v1,38.9,38.57,False,True,0.33
3987,3987.T,エコモット,2023-09,OUT,2,48.67,59.8,True,True,11.13,2023-08,674.0,820.0,820.0,21.66,,,,,,,,,,,,,,,,,,,,,,,,,,,,,2023-10,540.0,-19.88,,,,,,,,,,,,,,,,,,,,,,,,,,,,,,,,,,,tv_wilder_rsi14_sma5_v1,59.8,48.67,True,True,11.13
3988,3988.T,ＳＹＳホールディングス,2023-09,OUT,4,58.68,66.43,True,True,7.75,2023-06,390.0,442.5,442.5,13.46,,,,,,,,,,,,,,,,,,,,,,,,,,,,,2023-10,406.0,4.1,,,,,,,,,,,,,,,,,,,,,,,,,,,,,,,,,,,tv_wilder_rsi14_sma5_v1,66.43,58.68,True,True,7.75
3996,3996.T,サインポスト,2023-09,OUT,1,35.49,36.88,True,True,1.4,2023-09,494.0,494.0,494.0,0.0,,,,,,,,,,,,,,,,,,,,,,,,,,,,,2023-10,419.0,-15.18,,,,,,,,,,,,,,,,,,,,,,,,,,,,,,,,,,,tv_wilder_rsi14_sma5_v1,36.88,35.49,True,True,1.4
4012,4012.T,アクシス,2023-09,OUT,4,43.03,46.49,True,True,3.46,2023-06,1360.0,1417.0,1417.0,4.19,,,,,,,,,,,,,,,,,,,,,,,,,,,,,2023-10,1354.0,-0.44,,,,,,,,,,,,,,,,,,,,,,,,,,,,,,,,,,,tv_wilder_rsi14_sma5_v1,46.49,43.03,True,True,3.46
4013,4013.T,勤次郎,2023-09,OUT,18,37.86,38.09,True,False,0.23,2022-04,381.0,635.0,635.0,66.67,,,,,,,,,,,,,,,,,,,,,,,,,,,,,2023-10,610.0,60.1,,,,,,,,,,,,,,,,,,,,,,,,,,,,,,,,,,,tv_wilder_rsi14_sma5_v1,38.09,37.86,False,True,0.23
4015,4015.T,ペイクラウドホールディングス,2023-09,OUT,9,35.64,47.96,True,True,12.32,2023-01,376.0,938.0,938.0,149.47,,,,,,,,,,,,,,,,,,,,,,,,,,,,,2023-10,542.0,44.15,,,,,,,,,,,,,,,,,,,,,,,,,,,,,,,,,,,tv_wilder_rsi14_sma5_v1,47.96,35.64,True,True,12.32
4016,4016.T,ＭＩＴホールディングス,2023-09,OUT,3,33.41,33.96,True,True,0.55,2023-07,730.0,737.0,737.0,0.96,,,,,,,,,,,,,,,,,,,,,,,,,,,,,2023-10,682.0,-6.58,,,,,,,,,,,,,,,,,,,,,,,,,,,,,,,,,,,tv_wilder_rsi14_sma5_v1,33.96,33.41,True,True,0.55
4021,4021.T,日産化学,2023-09,OUT,6,50.89,52.31,True,True,1.42,2023-04,6020.0,6359.0,6359.0,5.63,,,,,,,,,,,,,,,,,,,,,,,,,,,,,2023-10,6095.0,1.25,,,,,,,,,,,,,,,,,,,,,,,,,,,,,,,,,,,tv_wilder_rsi14_sma5_v1,52.31,50.89,True,True,1.42
4028,4028.T,石原産業,2023-09,OUT,7,66.04,70.64,True,True,4.61,2023-03,1115.0,1481.0,1481.0,32.83,,,,,,,,,,,,,,,,,,,,,,,,,,,,,2023-10,1398.0,25.38,,,,,,,,,,,,,,,,,,,,,,,,,,,,,,,,,,,tv_wilder_rsi14_sma5_v1,70.64,66.04,True,True,4.61
4041,4041.T,日本曹達,2023-09,OUT,4,72.82,76.28,True,True,3.46,2023-06,2585.0,2750.0,2750.0,6.38,,,,,,,,,,,,,,,,,,,,,,,,,,,,,2023-10,2690.0,4.06,,,,,,,,,,,,,,,,,,,,,,,,,,,,,,,,,,,tv_wilder_rsi14_sma5_v1,76.28,72.82,True,True,3.46
4042,4042.T,東ソー,2023-09,OUT,3,52.02,56.79,True,True,4.77,2023-07,1856.5,1918.0,1918.0,3.31,,,,,,,,,,,,,,,,,,,,,,,,,,,,,2023-10,1837.5,-1.02,,,,,,,,,,,,,,,,,,,,,,,,,,,,,,,,,,,tv_wilder_rsi14_sma5_v1,56.79,52.02,True,True,4.77
4052,4052.T,フィーチャ,2023-09,OUT,4,42.8,44.39,True,False,1.59,2023-06,1323.0,1083.0,1083.0,-18.14,,,,,,,,,,,,,,,,,,,,,,,,,,,,,2023-10,900.0,-31.97,,,,,,,,,,,,,,,,,,,,,,,,,,,,,,,,,,,tv_wilder_rsi14_sma5_v1,44.39,42.8,False,True,1.59
4053,4053.T,Ｓｕｎ　Ａｓｔｅｒｉｓｋ,2023-09,OUT,5,48.82,51.67,True,True,2.85,2023-05,1255.0,1415.0,1415.0,12.75,,,,,,,,,,,,,,,,,,,,,,,,,,,,,2023-10,1258.0,0.24,,,,,,,,,,,,,,,,,,,,,,,,,,,,,,,,,,,tv_wilder_rsi14_sma5_v1,51.67,48.82,True,True,2.85
4060,4060.T,ｒａｋｕｍｏ,2023-09,OUT,4,37.78,42.29,True,False,4.51,2023-06,993.0,1224.0,1224.0,23.26,,,,,,,,,,,,,,,,,,,,,,,,,,,,,2023-10,1047.0,5.44,,,,,,,,,,,,,,,,,,,,,,,,,,,,,,,,,,,tv_wilder_rsi14_sma5_v1,42.29,37.78,False,True,4.51
4061,4061.T,デンカ,2023-09,OUT,4,40.7,41.01,True,False,0.31,2023-06,2712.5,2703.0,2703.0,-0.35,,,,,,,,,,,,,,,,,,,,,,,,,,,,,2023-10,2713.5,0.04,,,,,,,,,,,,,,,,,,,,,,,,,,,,,,,,,,,tv_wilder_rsi14_sma5_v1,41.01,40.7,False,True,0.31
4073,4073.T,ジィ・シィ企画,2023-09,OUT,4,20.01,20.24,True,True,0.24,2023-06,568.0,530.0,530.0,-6.69,,,,,,,,,,,,,,,,,,,,,,,,,,,,,2023-10,490.0,-13.73,,,,,,,,,,,,,,,,,,,,,,,,,,,,,,,,,,,tv_wilder_rsi14_sma5_v1,20.24,20.01,True,True,0.24
4076,4076.T,シイエヌエス,2023-09,OUT,8,49.13,55.52,True,True,6.38,2023-02,1395.0,2029.0,2029.0,45.45,,,,,,,,,,,,,,,,,,,,,,,,,,,,,2023-10,1720.0,23.3,,,,,,,,,,,,,,,,,,,,,,,,,,,,,,,,,,,tv_wilder_rsi14_sma5_v1,55.52,49.13,True,True,6.38
4082,4082.T,第一稀元素化学工業,2023-09,OUT,4,42.9,43.24,False,False,0.33,2023-06,977.0,953.0,953.0,-2.46,,,,,,,,,,,,,,,,,,,,,,,,,,,,,2023-10,922.0,-5.63,,,,,,,,,,,,,,,,,,,,,,,,,,,,,,,,,,,tv_wilder_rsi14_sma5_v1,43.24,42.9,False,False,0.33
4097,4097.T,高圧ガス工業,2023-09,OUT,4,55.43,56.23,True,False,0.8,2023-06,748.0,757.0,757.0,1.2,,,,,,,,,,,,,,,,,,,,,,,,,,,,,2023-10,761.0,1.74,,,,,,,,,,,,,,,,,,,,,,,,,,,,,,,,,,,tv_wilder_rsi14_sma5_v1,56.23,55.43,False,True,0.8
4098,4098.T,チタン工業,2023-09,OUT,1,35.34,36.69,False,True,1.35,2023-09,1405.0,1405.0,1405.0,0.0,,,,,,,,,,,,,,,,,,,,,,,,,,,,,2023-10,1356.0,-3.49,,,,,,,,,,,,,,,,,,,,,,,,,,,,,,,,,,,tv_wilder_rsi14_sma5_v1,36.69,35.34,True,False,1.35
4107,4107.T,伊勢化学工業,2023-09,OUT,1,79.18,79.21,False,True,0.03,2023-09,863.0,863.0,863.0,0.0,,,,,,,,,,,,,,,,,,,,,,,,,,,,,2023-10,729.0,-15.53,,,,,,,,,,,,,,,,,,,,,,,,,,,,,,,,,,,tv_wilder_rsi14_sma5_v1,79.21,79.18,True,False,0.03
4116,4116.T,大日精化工業,2023-09,OUT,9,53.29,57.16,True,False,3.87,2023-01,452.75,568.0,568.0,25.46,,,,,,,,,,,,,,,,,,,,,,,,,,,,,2023-10,544.0,20.15,,,,,,,,,,,,,,,,,,,,,,,,,,,,,,,,,,,tv_wilder_rsi14_sma5_v1,57.16,53.29,False,True,3.87
4168,4168.T,ヤプリ,2023-09,OUT,5,35.96,36.57,True,False,0.61,2023-05,1069.0,1226.0,1226.0,14.69,,,,,,,,,,,,,,,,,,,,,,,,,,,,,2023-10,1080.0,1.03,,,,,,,,,,,,,,,,,,,,,,,,,,,,,,,,,,,tv_wilder_rsi14_sma5_v1,36.57,35.96,False,True,0.61
416A,416A.T,富士ユナイトホールディングス,2023-09,OUT,5,73.02,73.49,True,False,0.46,2023-05,1377.0,1792.0,1792.0,30.14,,,,,,,,,,,,,,,,,,,,,,,,,,,,,2023-10,1743.0,26.58,,,,,,,,,,,,,,,,,,,,,,,,,,,,,,,,,,,tv_wilder_rsi14_sma5_v1,73.49,73.02,False,True,0.46
4170,4170.T,Ｋａｉｚｅｎ　Ｐｌａｔｆｏｒｍ,2023-09,OUT,1,36.2,36.29,False,True,0.09,2023-09,327.0,327.0,327.0,0.0,,,,,,,,,,,,,,,,,,,,,,,,,,,,,2023-10,257.0,-21.41,,,,,,,,,,,,,,,,,,,,,,,,,,,,,,,,,,,tv_wilder_rsi14_sma5_v1,36.29,36.2,True,False,0.09
4174,4174.T,アピリッツ,2023-09,OUT,5,38.38,40.32,True,True,1.94,2023-05,1064.0,1130.0,1130.0,6.2,,,,,,,,,,,,,,,,,,,,,,,,,,,,,2023-10,985.0,-7.42,,,,,,,,,,,,,,,,,,,,,,,,,,,,,,,,,,,tv_wilder_rsi14_sma5_v1,40.32,38.38,True,True,1.94
4188,4188.T,三菱ケミカルグループ,2023-09,OUT,11,57.73,64.13,True,True,6.4,2022-11,729.2,942.7,942.7,29.28,,,,,,,,,,,,,,,,,,,,,,,,,,,,,2023-10,848.1,16.31,,,,,,,,,,,,,,,,,,,,,,,,,,,,,,,,,,,tv_wilder_rsi14_sma5_v1,64.13,57.73,True,True,6.4
4189,4189.T,ＫＨネオケム,2023-09,OUT,1,42.47,42.97,True,True,0.5,2023-09,2295.0,2295.0,2295.0,0.0,,,,,,,,,,,,,,,,,,,,,,,,,,,,,2023-10,2267.0,-1.22,,,,,,,,,,,,,,,,,,,,,,,,,,,,,,,,,,,tv_wilder_rsi14_sma5_v1,42.97,42.47,True,True,0.5
4196,4196.T,ネオマーケティング,2023-09,OUT,4,41.45,42.0,True,False,0.55,2023-06,1189.0,1248.0,1248.0,4.96,,,,,,,,,,,,,,,,,,,,,,,,,,,,,2023-10,1205.0,1.35,,,,,,,,,,,,,,,,,,,,,,,,,,,,,,,,,,,tv_wilder_rsi14_sma5_v1,42.0,41.45,False,True,0.55
4199,4199.T,ワンダープラネット,2023-09,OUT,4,33.17,35.01,True,True,1.83,2023-06,1105.0,1219.0,1219.0,10.32,,,,,,,,,,,,,,,,,,,,,,,,,,,,,2023-10,1077.0,-2.53,,,,,,,,,,,,,,,,,,,,,,,,,,,,,,,,,,,tv_wilder_rsi14_sma5_v1,35.01,33.17,True,True,1.83
4205,4205.T,日本ゼオン,2023-09,OUT,3,58.41,60.16,True,False,1.75,2023-07,1531.0,1563.0,1563.0,2.09,,,,,,,,,,,,,,,,,,,,,,,,,,,,,2023-10,1237.5,-19.17,,,,,,,,,,,,,,,,,,,,,,,,,,,,,,,,,,,tv_wilder_rsi14_sma5_v1,60.16,58.41,False,True,1.75
4224,4224.T,ロンシール工業,2023-09,OUT,11,51.83,58.95,True,True,7.12,2022-11,1227.0,1502.0,1502.0,22.41,,,,,,,,,,,,,,,,,,,,,,,,,,,,,2023-10,1446.0,17.85,,,,,,,,,,,,,,,,,,,,,,,,,,,,,,,,,,,tv_wilder_rsi14_sma5_v1,58.95,51.83,True,True,7.12
4228,4228.T,積水化成品工業,2023-09,OUT,9,45.67,49.24,True,True,3.57,2023-01,389.0,463.0,463.0,19.02,,,,,,,,,,,,,,,,,,,,,,,,,,,,,2023-10,437.0,12.34,,,,,,,,,,,,,,,,,,,,,,,,,,,,,,,,,,,tv_wilder_rsi14_sma5_v1,49.24,45.67,True,True,3.57
4229,4229.T,群栄化学工業,2023-09,OUT,4,57.5,62.79,True,False,5.29,2023-06,2899.0,3320.0,3320.0,14.52,,,,,,,,,,,,,,,,,,,,,,,,,,,,,2023-10,3155.0,8.83,,,,,,,,,,,,,,,,,,,,,,,,,,,,,,,,,,,tv_wilder_rsi14_sma5_v1,62.79,57.5,False,True,5.29
4242,4242.T,タカギセイコー,2023-09,OUT,7,51.45,54.8,True,False,3.35,2023-03,1435.0,1810.0,1810.0,26.13,,,,,,,,,,,,,,,,,,,,,,,,,,,,,2023-10,1750.0,21.95,,,,,,,,,,,,,,,,,,,,,,,,,,,,,,,,,,,tv_wilder_rsi14_sma5_v1,54.8,51.45,False,True,3.35
4246,4246.T,ダイキョーニシカワ,2023-09,OUT,9,60.88,61.99,True,False,1.11,2023-01,609.0,805.0,805.0,32.18,,,,,,,,,,,,,,,,,,,,,,,,,,,,,2023-10,750.0,23.15,,,,,,,,,,,,,,,,,,,,,,,,,,,,,,,,,,,tv_wilder_rsi14_sma5_v1,61.99,60.88,False,True,1.11
4247,4247.T,ポバール興業,2023-09,OUT,1,53.77,58.59,,True,4.82,2023-09,1215.0,1215.0,1215.0,0.0,,,,,,,,,,,,,,,,,,,,,,,,,,,,,2023-10,1147.0,-5.6,,,,,,,,,,,,,,,,,,,,,,,,,,,,,,,,,,,tv_wilder_rsi14_sma5_v1,58.59,53.77,True,,4.82
4258,4258.T,網屋,2023-09,OUT,4,56.78,63.06,True,True,6.28,2023-06,982.5,1167.0,1167.0,18.78,,,,,,,,,,,,,,,,,,,,,,,,,,,,,2023-10,988.0,0.56,,,,,,,,,,,,,,,,,,,,,,,,,,,,,,,,,,,tv_wilder_rsi14_sma5_v1,63.06,56.78,True,True,6.28
4261,4261.T,アジアクエスト,2023-09,OUT,1,25.34,26.16,True,True,0.82,2023-09,2103.0,2103.0,2103.0,0.0,,,,,,,,,,,,,,,,,,,,,,,,,,,,,2023-10,1728.0,-17.83,,,,,,,,,,,,,,,,,,,,,,,,,,,,,,,,,,,tv_wilder_rsi14_sma5_v1,26.16,25.34,True,True,0.82
4263,4263.T,サスメド,2023-09,OUT,4,44.41,44.73,True,False,0.33,2023-06,1784.0,1580.0,1580.0,-11.43,,,,,,,,,,,,,,,,,,,,,,,,,,,,,2023-10,1400.0,-21.52,,,,,,,,,,,,,,,,,,,,,,,,,,,,,,,,,,,tv_wilder_rsi14_sma5_v1,44.73,44.41,False,True,0.33
4270,4270.T,ＢｅｅＸ,2023-09,OUT,2,38.48,43.95,True,True,5.47,2023-08,3680.0,3980.0,3980.0,8.15,,,,,,,,,,,,,,,,,,,,,,,,,,,,,2023-10,3350.0,-8.97,,,,,,,,,,,,,,,,,,,,,,,,,,,,,,,,,,,tv_wilder_rsi14_sma5_v1,43.95,38.48,True,True,5.47
4284,4284.T,ソルクシーズ,2023-09,OUT,6,54.85,57.57,True,True,2.71,2023-04,358.0,454.0,454.0,26.82,,,,,,,,,,,,,,,,,,,,,,,,,,,,,2023-10,406.0,13.41,,,,,,,,,,,,,,,,,,,,,,,,,,,,,,,,,,,tv_wilder_rsi14_sma5_v1,57.57,54.85,True,True,2.71
4326,4326.T,インテージホールディングス,2023-09,OUT,7,60.17,72.17,True,True,12.0,2023-03,1550.0,2236.0,2236.0,44.26,,,,,,,,,,,,,,,,,,,,,,,,,,,,,2023-10,1659.0,7.03,,,,,,,,,,,,,,,,,,,,,,,,,,,,,,,,,,,tv_wilder_rsi14_sma5_v1,72.17,60.17,True,True,12.0
4337,4337.T,ぴあ,2023-09,OUT,7,52.74,57.46,True,True,4.72,2023-03,3210.0,3680.0,3680.0,14.64,,,,,,,,,,,,,,,,,,,,,,,,,,,,,2023-10,3515.0,9.5,,,,,,,,,,,,,,,,,,,,,,,,,,,,,,,,,,,tv_wilder_rsi14_sma5_v1,57.46,52.74,True,True,4.72
4347,4347.T,ブロードメディア,2023-09,OUT,9,75.43,80.16,True,True,4.73,2023-01,1034.0,1969.0,1969.0,90.43,,,,,,,,,,,,,,,,,,,,,,,,,,,,,2023-10,1450.0,40.23,,,,,,,,,,,,,,,,,,,,,,,,,,,,,,,,,,,tv_wilder_rsi14_sma5_v1,80.16,75.43,True,True,4.73
4351,4351.T,山田再生系債権回収総合事務所,2023-09,OUT,7,69.96,70.39,True,True,0.42,2023-03,896.0,998.0,998.0,11.38,,,,,,,,,,,,,,,,,,,,,,,,,,,,,2023-10,989.0,10.38,,,,,,,,,,,,,,,,,,,,,,,,,,,,,,,,,,,tv_wilder_rsi14_sma5_v1,70.39,69.96,True,True,0.42
4367,4367.T,広栄化学,2023-09,OUT,3,47.37,48.01,True,True,0.64,2023-07,2349.0,2351.0,2351.0,0.09,,,,,,,,,,,,,,,,,,,,,,,,,,,,,2023-10,2299.0,-2.13,,,,,,,,,,,,,,,,,,,,,,,,,,,,,,,,,,,tv_wilder_rsi14_sma5_v1,48.01,47.37,True,True,0.64
4372,4372.T,ユミルリンク,2023-09,OUT,1,47.79,49.48,False,True,1.69,2023-09,1293.0,1293.0,1293.0,0.0,,,,,,,,,,,,,,,,,,,,,,,,,,,,,2023-10,1221.0,-5.57,,,,,,,,,,,,,,,,,,,,,,,,,,,,,,,,,,,tv_wilder_rsi14_sma5_v1,49.48,47.79,True,False,1.69
4378,4378.T,ＣＩＮＣ,2023-09,OUT,1,22.73,22.77,False,True,0.03,2023-09,758.0,758.0,758.0,0.0,,,,,,,,,,,,,,,,,,,,,,,,,,,,,2023-10,701.0,-7.52,,,,,,,,,,,,,,,,,,,,,,,,,,,,,,,,,,,tv_wilder_rsi14_sma5_v1,22.77,22.73,True,False,0.03
4386,4386.T,ＳＩＧグループ,2023-09,OUT,3,43.57,44.62,True,False,1.05,2023-07,502.0,510.0,510.0,1.59,,,,,,,,,,,,,,,,,,,,,,,,,,,,,2023-10,488.0,-2.79,,,,,,,,,,,,,,,,,,,,,,,,,,,,,,,,,,,tv_wilder_rsi14_sma5_v1,44.62,43.57,False,True,1.05
4396,4396.T,システムサポートホールディングス,2023-09,OUT,1,64.75,65.75,False,True,1.0,2023-09,1048.0,1048.0,1048.0,0.0,,,,,,,,,,,,,,,,,,,,,,,,,,,,,2023-10,972.5,-7.2,,,,,,,,,,,,,,,,,,,,,,,,,,,,,,,,,,,tv_wilder_rsi14_sma5_v1,65.75,64.75,True,False,1.0
4406,4406.T,新日本理化,2023-09,OUT,4,47.85,48.25,True,False,0.4,2023-06,241.0,232.0,232.0,-3.73,,,,,,,,,,,,,,,,,,,,,,,,,,,,,2023-10,203.0,-15.77,,,,,,,,,,,,,,,,,,,,,,,,,,,,,,,,,,,tv_wilder_rsi14_sma5_v1,48.25,47.85,False,True,0.4
4412,4412.T,サイエンスアーツ,2023-09,OUT,5,9.01,9.08,True,False,0.07,2023-05,763.0,702.0,702.0,-7.99,,,,,,,,,,,,,,,,,,,,,,,,,,,,,2023-10,507.0,-33.55,,,,,,,,,,,,,,,,,,,,,,,,,,,,,,,,,,,tv_wilder_rsi14_sma5_v1,9.08,9.01,False,True,0.07
4414,4414.T,フレクト,2023-09,OUT,4,57.32,64.3,True,True,6.98,2023-06,1980.0,2535.0,2535.0,28.03,,,,,,,,,,,,,,,,,,,,,,,,,,,,,2023-10,1495.5,-24.47,,,,,,,,,,,,,,,,,,,,,,,,,,,,,,,,,,,tv_wilder_rsi14_sma5_v1,64.3,57.32,True,True,6.98
4416,4416.T,Ｔｒｕｅ　Ｄａｔａ,2023-09,OUT,4,27.58,28.41,True,False,0.83,2023-06,557.0,489.0,489.0,-12.21,,,,,,,,,,,,,,,,,,,,,,,,,,,,,2023-10,440.0,-21.01,,,,,,,,,,,,,,,,,,,,,,,,,,,,,,,,,,,tv_wilder_rsi14_sma5_v1,28.41,27.58,False,True,0.83
4421,4421.T,ディ・アイ・システム,2023-09,OUT,1,58.12,58.79,True,True,0.68,2023-09,1050.0,1050.0,1050.0,0.0,,,,,,,,,,,,,,,,,,,,,,,,,,,,,2023-10,1011.0,-3.71,,,,,,,,,,,,,,,,,,,,,,,,,,,,,,,,,,,tv_wilder_rsi14_sma5_v1,58.79,58.12,True,True,0.68
4428,4428.T,シノプス,2023-09,OUT,4,43.01,44.25,True,False,1.23,2023-06,987.0,995.0,995.0,0.81,,,,,,,,,,,,,,,,,,,,,,,,,,,,,2023-10,961.0,-2.63,,,,,,,,,,,,,,,,,,,,,,,,,,,,,,,,,,,tv_wilder_rsi14_sma5_v1,44.25,43.01,False,True,1.23
4430,4430.T,東海ソフト,2023-09,OUT,1,53.02,54.9,True,True,1.87,2023-09,1122.0,1122.0,1122.0,0.0,,,,,,,,,,,,,,,,,,,,,,,,,,,,,2023-10,1091.0,-2.76,,,,,,,,,,,,,,,,,,,,,,,,,,,,,,,,,,,tv_wilder_rsi14_sma5_v1,54.9,53.02,True,True,1.87
4434,4434.T,サーバーワークス,2023-09,OUT,4,51.09,57.98,True,True,6.89,2023-06,2888.0,4010.0,4010.0,38.85,,,,,,,,,,,,,,,,,,,,,,,,,,,,,2023-10,3010.0,4.22,,,,,,,,,,,,,,,,,,,,,,,,,,,,,,,,,,,tv_wilder_rsi14_sma5_v1,57.98,51.09,True,True,6.89
4445,4445.T,リビン・テクノロジーズ,2023-09,OUT,4,42.66,45.03,True,True,2.38,2023-06,1100.0,1198.5,1198.5,8.95,,,,,,,,,,,,,,,,,,,,,,,,,,,,,2023-10,1120.5,1.86,,,,,,,,,,,,,,,,,,,,,,,,,,,,,,,,,,,tv_wilder_rsi14_sma5_v1,45.03,42.66,True,True,2.38
4477,4477.T,ＢＡＳＥ,2023-09,OUT,2,41.38,42.98,True,False,1.61,2023-08,358.0,299.0,299.0,-16.48,,,,,,,,,,,,,,,,,,,,,,,,,,,,,2023-10,246.0,-31.28,,,,,,,,,,,,,,,,,,,,,,,,,,,,,,,,,,,tv_wilder_rsi14_sma5_v1,42.98,41.38,False,True,1.61
4482,4482.T,ウィルズ,2023-09,OUT,1,42.65,43.86,True,True,1.22,2023-09,611.0,611.0,611.0,0.0,,,,,,,,,,,,,,,,,,,,,,,,,,,,,2023-10,579.0,-5.24,,,,,,,,,,,,,,,,,,,,,,,,,,,,,,,,,,,tv_wilder_rsi14_sma5_v1,43.86,42.65,True,True,1.22
4483,4483.T,ＪＭＤＣ,2023-09,OUT,1,51.12,51.75,True,True,0.63,2023-09,5439.0,5439.0,5439.0,0.0,,,,,,,,,,,,,,,,,,,,,,,,,,,,,2023-10,4197.0,-22.84,,,,,,,,,,,,,,,,,,,,,,,,,,,,,,,,,,,tv_wilder_rsi14_sma5_v1,51.75,51.12,True,True,0.63
4486,4486.T,ユナイトアンドグロウ,2023-09,OUT,1,42.12,42.57,False,True,0.46,2023-09,510.0,510.0,510.0,0.0,,,,,,,,,,,,,,,,,,,,,,,,,,,,,2023-10,502.5,-1.47,,,,,,,,,,,,,,,,,,,,,,,,,,,,,,,,,,,tv_wilder_rsi14_sma5_v1,42.57,42.12,True,False,0.46
4487,4487.T,スペースマーケット,2023-09,OUT,7,37.11,38.69,True,True,1.59,2023-03,277.0,357.0,357.0,28.88,,,,,,,,,,,,,,,,,,,,,,,,,,,,,2023-10,319.0,15.16,,,,,,,,,,,,,,,,,,,,,,,,,,,,,,,,,,,tv_wilder_rsi14_sma5_v1,38.69,37.11,True,True,1.59
4491,4491.T,コンピューターマネージメント,2023-09,OUT,1,48.92,50.1,True,True,1.18,2023-09,1489.0,1489.0,1489.0,0.0,,,,,,,,,,,,,,,,,,,,,,,,,,,,,2023-10,1480.0,-0.6,,,,,,,,,,,,,,,,,,,,,,,,,,,,,,,,,,,tv_wilder_rsi14_sma5_v1,50.1,48.92,True,True,1.18
4499,4499.T,Ｓｐｅｅｅ,2023-09,OUT,7,48.84,57.65,True,True,8.81,2023-03,1472.0,3670.0,3670.0,149.32,,,,,,,,,,,,,,,,,,,,,,,,,,,,,2023-10,2372.0,61.14,,,,,,,,,,,,,,,,,,,,,,,,,,,,,,,,,,,tv_wilder_rsi14_sma5_v1,57.65,48.84,True,True,8.81
4502,4502.T,武田薬品工業,2023-09,OUT,1,62.79,64.83,False,True,2.05,2023-09,4641.0,4641.0,4641.0,0.0,,,,,,,,,,,,,,,,,,,,,,,,,,,,,2023-10,4063.0,-12.45,,,,,,,,,,,,,,,,,,,,,,,,,,,,,,,,,,,tv_wilder_rsi14_sma5_v1,64.83,62.79,True,False,2.05
4506,4506.T,住友ファーマ,2023-09,OUT,1,25.61,25.61,False,True,0.0,2023-09,535.7,535.7,535.7,0.0,,,,,,,,,,,,,,,,,,,,,,,,,,,,,2023-10,460.0,-14.13,,,,,,,,,,,,,,,,,,,,,,,,,,,,,,,,,,,tv_wilder_rsi14_sma5_v1,25.61,25.61,True,False,0.0
4527,4527.T,ロート製薬,2023-09,OUT,2,78.99,82.64,True,True,3.65,2023-08,3797.0,4055.0,4055.0,6.79,,,,,,,,,,,,,,,,,,,,,,,,,,,,,2023-10,3492.0,-8.03,,,,,,,,,,,,,,,,,,,,,,,,,,,,,,,,,,,tv_wilder_rsi14_sma5_v1,82.64,78.99,True,True,3.65
4528,4528.T,小野薬品工業,2023-09,OUT,2,43.63,49.17,True,True,5.54,2023-08,2761.5,2868.0,2868.0,3.86,,,,,,,,,,,,,,,,,,,,,,,,,,,,,2023-10,2601.5,-5.79,,,,,,,,,,,,,,,,,,,,,,,,,,,,,,,,,,,tv_wilder_rsi14_sma5_v1,49.17,43.63,True,True,5.54
4531,4531.T,有機合成薬品工業,2023-09,OUT,1,49.97,50.3,True,True,0.33,2023-09,300.0,300.0,300.0,0.0,,,,,,,,,,,,,,,,,,,,,,,,,,,,,2023-10,287.0,-4.33,,,,,,,,,,,,,,,,,,,,,,,,,,,,,,,,,,,tv_wilder_rsi14_sma5_v1,50.3,49.97,True,True,0.33
4534,4534.T,持田製薬,2023-09,OUT,2,44.09,44.8,False,False,0.71,2023-08,3375.0,3335.0,3335.0,-1.19,,,,,,,,,,,,,,,,,,,,,,,,,,,,,2023-10,3310.0,-1.93,,,,,,,,,,,,,,,,,,,,,,,,,,,,,,,,,,,tv_wilder_rsi14_sma5_v1,44.8,44.09,False,False,0.71
4536,4536.T,参天製薬,2023-09,OUT,12,51.72,55.91,True,True,4.19,2022-10,1018.0,1373.5,1373.5,34.92,,,,,,,,,,,,,,,,,,,,,,,,,,,,,2023-10,1307.5,28.44,,,,,,,,,,,,,,,,,,,,,,,,,,,,,,,,,,,tv_wilder_rsi14_sma5_v1,55.91,51.72,True,True,4.19
4539,4539.T,日本ケミファ,2023-09,OUT,9,43.4,43.74,True,False,0.35,2023-01,1788.0,1872.0,1872.0,4.7,,,,,,,,,,,,,,,,,,,,,,,,,,,,,2023-10,1651.0,-7.66,,,,,,,,,,,,,,,,,,,,,,,,,,,,,,,,,,,tv_wilder_rsi14_sma5_v1,43.74,43.4,False,True,0.35
4547,4547.T,キッセイ薬品工業,2023-09,OUT,7,65.44,71.07,True,False,5.63,2023-03,2641.0,3390.0,3390.0,28.36,,,,,,,,,,,,,,,,,,,,,,,,,,,,,2023-10,3175.0,20.22,,,,,,,,,,,,,,,,,,,,,,,,,,,,,,,,,,,tv_wilder_rsi14_sma5_v1,71.07,65.44,False,True,5.63
4552,4552.T,ＪＣＲファーマ,2023-09,OUT,1,34.19,39.85,True,True,5.66,2023-09,1495.5,1495.5,1495.5,0.0,,,,,,,,,,,,,,,,,,,,,,,,,,,,,2023-10,1144.0,-23.5,,,,,,,,,,,,,,,,,,,,,,,,,,,,,,,,,,,tv_wilder_rsi14_sma5_v1,39.85,34.19,True,True,5.66
4554,4554.T,富士製薬工業,2023-09,OUT,1,54.02,54.15,False,False,0.13,2023-09,1166.0,1166.0,1166.0,0.0,,,,,,,,,,,,,,,,,,,,,,,,,,,,,2023-10,1165.0,-0.09,,,,,,,,,,,,,,,,,,,,,,,,,,,,,,,,,,,tv_wilder_rsi14_sma5_v1,54.15,54.02,False,False,0.13
4558,4558.T,中京医薬品,2023-09,OUT,2,41.99,43.57,True,True,1.58,2023-08,221.0,228.0,228.0,3.17,,,,,,,,,,,,,,,,,,,,,,,,,,,,,2023-10,210.0,-4.98,,,,,,,,,,,,,,,,,,,,,,,,,,,,,,,,,,,tv_wilder_rsi14_sma5_v1,43.57,41.99,True,True,1.58
4564,4564.T,オンコセラピー・サイエンス,2023-09,OUT,1,29.99,29.99,True,True,0.0,2023-09,32.0,32.0,32.0,0.0,,,,,,,,,,,,,,,,,,,,,,,,,,,,,2023-10,27.0,-15.62,,,,,,,,,,,,,,,,,,,,,,,,,,,,,,,,,,,tv_wilder_rsi14_sma5_v1,29.99,29.99,True,True,0.0
4569,4569.T,杏林製薬,2023-09,OUT,6,48.42,52.57,True,True,4.15,2023-04,1747.0,1831.0,1831.0,4.81,,,,,,,,,,,,,,,,,,,,,,,,,,,,,2023-10,1778.0,1.77,,,,,,,,,,,,,,,,,,,,,,,,,,,,,,,,,,,tv_wilder_rsi14_sma5_v1,52.57,48.42,True,True,4.15
4571,4571.T,ＮＡＮＯホールディングス,2023-09,OUT,1,44.46,45.34,True,True,0.89,2023-09,209.0,209.0,209.0,0.0,,,,,,,,,,,,,,,,,,,,,,,,,,,,,2023-10,178.0,-14.83,,,,,,,,,,,,,,,,,,,,,,,,,,,,,,,,,,,tv_wilder_rsi14_sma5_v1,45.34,44.46,True,True,0.89
4574,4574.T,大幸薬品,2023-09,OUT,3,27.98,28.34,False,True,0.36,2023-07,352.0,353.0,353.0,0.28,,,,,,,,,,,,,,,,,,,,,,,,,,,,,2023-10,329.0,-6.53,,,,,,,,,,,,,,,,,,,,,,,,,,,,,,,,,,,tv_wilder_rsi14_sma5_v1,28.34,27.98,True,False,0.36
4577,4577.T,ダイト,2023-09,OUT,2,41.45,46.84,True,True,5.39,2023-08,1144.5,1175.0,1175.0,2.66,,,,,,,,,,,,,,,,,,,,,,,,,,,,,2023-10,961.5,-15.99,,,,,,,,,,,,,,,,,,,,,,,,,,,,,,,,,,,tv_wilder_rsi14_sma5_v1,46.84,41.45,True,True,5.39
4579,4579.T,ラクオリア創薬,2023-09,OUT,2,42.13,42.29,False,False,0.16,2023-08,759.0,743.0,743.0,-2.11,,,,,,,,,,,,,,,,,,,,,,,,,,,,,2023-10,676.0,-10.94,,,,,,,,,,,,,,,,,,,,,,,,,,,,,,,,,,,tv_wilder_rsi14_sma5_v1,42.29,42.13,False,False,0.16
4588,4588.T,オンコリスバイオファーマ,2023-09,OUT,2,44.21,45.0,True,False,0.78,2023-08,673.0,626.0,626.0,-6.98,,,,,,,,,,,,,,,,,,,,,,,,,,,,,2023-10,541.0,-19.61,,,,,,,,,,,,,,,,,,,,,,,,,,,,,,,,,,,tv_wilder_rsi14_sma5_v1,45.0,44.21,False,True,0.78
4592,4592.T,サンバイオ,2023-09,OUT,1,37.43,38.49,True,True,1.06,2023-09,626.0,626.0,626.0,0.0,,,,,,,,,,,,,,,,,,,,,,,,,,,,,2023-10,419.0,-33.07,,,,,,,,,,,,,,,,,,,,,,,,,,,,,,,,,,,tv_wilder_rsi14_sma5_v1,38.49,37.43,True,True,1.06
4594,4594.T,ブライトパス・バイオ,2023-09,OUT,2,47.76,48.3,False,True,0.54,2023-08,135.0,136.0,136.0,0.74,,,,,,,,,,,,,,,,,,,,,,,,,,,,,2023-10,117.0,-13.33,,,,,,,,,,,,,,,,,,,,,,,,,,,,,,,,,,,tv_wilder_rsi14_sma5_v1,48.3,47.76,True,False,0.54
4611,4611.T,大日本塗料,2023-09,OUT,12,61.79,64.88,True,True,3.09,2022-10,734.0,970.0,970.0,32.15,,,,,,,,,,,,,,,,,,,,,,,,,,,,,2023-10,959.0,30.65,,,,,,,,,,,,,,,,,,,,,,,,,,,,,,,,,,,tv_wilder_rsi14_sma5_v1,64.88,61.79,True,True,3.09
4615,4615.T,神東塗料,2023-09,OUT,2,37.47,41.44,True,False,3.96,2023-08,135.0,134.0,134.0,-0.74,,,,,,,,,,,,,,,,,,,,,,,,,,,,,2023-10,123.0,-8.89,,,,,,,,,,,,,,,,,,,,,,,,,,,,,,,,,,,tv_wilder_rsi14_sma5_v1,41.44,37.47,False,True,3.96
4619,4619.T,日本特殊塗料,2023-09,OUT,9,61.0,68.58,True,True,7.59,2023-01,884.0,1324.0,1324.0,49.77,,,,,,,,,,,,,,,,,,,,,,,,,,,,,2023-10,1166.0,31.9,,,,,,,,,,,,,,,,,,,,,,,,,,,,,,,,,,,tv_wilder_rsi14_sma5_v1,68.58,61.0,True,True,7.59
4620,4620.T,藤倉化成,2023-09,OUT,4,48.06,50.75,True,True,2.69,2023-06,458.0,467.0,467.0,1.97,,,,,,,,,,,,,,,,,,,,,,,,,,,,,2023-10,435.0,-5.02,,,,,,,,,,,,,,,,,,,,,,,,,,,,,,,,,,,tv_wilder_rsi14_sma5_v1,50.75,48.06,True,True,2.69
4623,4623.T,アサヒペン,2023-09,OUT,2,43.75,44.79,False,True,1.04,2023-08,1780.0,1781.0,1781.0,0.06,,,,,,,,,,,,,,,,,,,,,,,,,,,,,2023-10,1721.0,-3.31,,,,,,,,,,,,,,,,,,,,,,,,,,,,,,,,,,,tv_wilder_rsi14_sma5_v1,44.79,43.75,True,False,1.04
4624,4624.T,イサム塗料,2023-09,OUT,9,46.64,61.5,True,True,14.86,2023-01,2654.0,3170.0,3170.0,19.44,,,,,,,,,,,,,,,,,,,,,,,,,,,,,2023-10,2865.0,7.95,,,,,,,,,,,,,,,,,,,,,,,,,,,,,,,,,,,tv_wilder_rsi14_sma5_v1,61.5,46.64,True,True,14.86
4627,4627.T,ナトコ,2023-09,OUT,1,52.14,54.34,False,True,2.2,2023-09,1549.0,1549.0,1549.0,0.0,,,,,,,,,,,,,,,,,,,,,,,,,,,,,2023-10,1405.0,-9.3,,,,,,,,,,,,,,,,,,,,,,,,,,,,,,,,,,,tv_wilder_rsi14_sma5_v1,54.34,52.14,True,False,2.2
4635,4635.T,東京インキ,2023-09,OUT,3,60.15,62.06,True,True,1.92,2023-07,556.2,570.0,570.0,2.48,,,,,,,,,,,,,,,,,,,,,,,,,,,,,2023-10,544.8,-2.05,,,,,,,,,,,,,,,,,,,,,,,,,,,,,,,,,,,tv_wilder_rsi14_sma5_v1,62.06,60.15,True,True,1.92
463A,463A.T,インテリックスホールディングス,2023-09,OUT,1,41.73,44.34,False,True,2.62,2023-09,538.0,538.0,538.0,0.0,,,,,,,,,,,,,,,,,,,,,,,,,,,,,2023-10,495.0,-7.99,,,,,,,,,,,,,,,,,,,,,,,,,,,,,,,,,,,tv_wilder_rsi14_sma5_v1,44.34,41.73,True,False,2.62
4650,4650.T,ＳＤエンターテイメント,2023-09,OUT,4,38.57,39.4,True,True,0.83,2023-06,278.0,278.0,278.0,0.0,,,,,,,,,,,,,,,,,,,,,,,,,,,,,2023-10,275.0,-1.08,,,,,,,,,,,,,,,,,,,,,,,,,,,,,,,,,,,tv_wilder_rsi14_sma5_v1,39.4,38.57,True,True,0.83
4657,4657.T,環境管理センター,2023-09,OUT,9,57.58,58.79,True,False,1.21,2023-01,414.0,593.0,593.0,43.24,,,,,,,,,,,,,,,,,,,,,,,,,,,,,2023-10,477.0,15.22,,,,,,,,,,,,,,,,,,,,,,,,,,,,,,,,,,,tv_wilder_rsi14_sma5_v1,58.79,57.58,False,True,1.21
4658,4658.T,日本空調サービス,2023-09,OUT,4,53.76,57.0,True,True,3.24,2023-06,752.0,786.0,786.0,4.52,,,,,,,,,,,,,,,,,,,,,,,,,,,,,2023-10,765.0,1.73,,,,,,,,,,,,,,,,,,,,,,,,,,,,,,,,,,,tv_wilder_rsi14_sma5_v1,57.0,53.76,True,True,3.24
4664,4664.T,アール・エス・シー,2023-09,OUT,9,64.44,73.0,True,True,8.56,2023-01,513.0,832.0,832.0,62.18,,,,,,,,,,,,,,,,,,,,,,,,,,,,,2023-10,690.0,34.5,,,,,,,,,,,,,,,,,,,,,,,,,,,,,,,,,,,tv_wilder_rsi14_sma5_v1,73.0,64.44,True,True,8.56
4673,4673.T,川崎地質,2023-09,OUT,1,48.77,48.82,True,True,0.06,2023-09,2421.0,2421.0,2421.0,0.0,,,,,,,,,,,,,,,,,,,,,,,,,,,,,2023-10,2401.0,-0.83,,,,,,,,,,,,,,,,,,,,,,,,,,,,,,,,,,,tv_wilder_rsi14_sma5_v1,48.82,48.77,True,True,0.06
4676,4676.T,フジ・メディア・ホールディングス,2023-09,OUT,11,69.38,71.55,True,True,2.17,2022-11,1077.0,1602.0,1602.0,48.75,,,,,,,,,,,,,,,,,,,,,,,,,,,,,2023-10,1491.5,38.49,,,,,,,,,,,,,,,,,,,,,,,,,,,,,,,,,,,tv_wilder_rsi14_sma5_v1,71.55,69.38,True,True,2.17
4679,4679.T,田谷,2023-09,OUT,3,33.58,34.55,False,False,0.97,2023-07,483.0,474.0,474.0,-1.86,,,,,,,,,,,,,,,,,,,,,,,,,,,,,2023-10,421.0,-12.84,,,,,,,,,,,,,,,,,,,,,,,,,,,,,,,,,,,tv_wilder_rsi14_sma5_v1,34.55,33.58,False,False,0.97
4681,4681.T,リゾートトラスト,2023-09,OUT,3,53.7,54.2,False,False,0.5,2023-07,1123.25,1116.75,1116.75,-0.58,,,,,,,,,,,,,,,,,,,,,,,,,,,,,2023-10,1082.0,-3.67,,,,,,,,,,,,,,,,,,,,,,,,,,,,,,,,,,,tv_wilder_rsi14_sma5_v1,54.2,53.7,False,False,0.5
4689,4689.T,ＬＩＮＥヤフー,2023-09,OUT,3,43.41,47.21,True,False,3.8,2023-07,395.8,415.5,415.5,4.98,,,,,,,,,,,,,,,,,,,,,,,,,,,,,2023-10,382.3,-3.41,,,,,,,,,,,,,,,,,,,,,,,,,,,,,,,,,,,tv_wilder_rsi14_sma5_v1,47.21,43.41,False,True,3.8
4691,4691.T,ワシントンホテル,2023-09,OUT,2,53.04,54.26,False,False,1.23,2023-08,953.0,941.0,941.0,-1.26,,,,,,,,,,,,,,,,,,,,,,,,,,,,,2023-10,860.0,-9.76,,,,,,,,,,,,,,,,,,,,,,,,,,,,,,,,,,,tv_wilder_rsi14_sma5_v1,54.26,53.04,False,False,1.23
4707,4707.T,キタック,2023-09,OUT,3,54.61,56.63,True,False,2.01,2023-07,340.0,344.0,344.0,1.18,,,,,,,,,,,,,,,,,,,,,,,,,,,,,2023-10,327.0,-3.82,,,,,,,,,,,,,,,,,,,,,,,,,,,,,,,,,,,tv_wilder_rsi14_sma5_v1,56.63,54.61,False,True,2.01
4716,4716.T,日本オラクル,2023-09,OUT,1,59.4,62.27,True,True,2.87,2023-09,11100.0,11100.0,11100.0,0.0,,,,,,,,,,,,,,,,,,,,,,,,,,,,,2023-10,10670.0,-3.87,,,,,,,,,,,,,,,,,,,,,,,,,,,,,,,,,,,tv_wilder_rsi14_sma5_v1,62.27,59.4,True,True,2.87
4718,4718.T,早稲田アカデミー,2023-09,OUT,9,70.8,72.46,True,True,1.65,2023-01,1143.0,1428.0,1428.0,24.93,,,,,,,,,,,,,,,,,,,,,,,,,,,,,2023-10,1389.0,21.52,,,,,,,,,,,,,,,,,,,,,,,,,,,,,,,,,,,tv_wilder_rsi14_sma5_v1,72.46,70.8,True,True,1.65
4720,4720.T,城南進学研究社,2023-09,OUT,2,43.09,43.11,False,False,0.02,2023-08,391.0,387.0,387.0,-1.02,,,,,,,,,,,,,,,,,,,,,,,,,,,,,2023-10,379.0,-3.07,,,,,,,,,,,,,,,,,,,,,,,,,,,,,,,,,,,tv_wilder_rsi14_sma5_v1,43.11,43.09,False,False,0.02
4735,4735.T,京進,2023-09,OUT,6,39.59,43.9,True,True,4.31,2023-04,383.0,415.0,415.0,8.36,,,,,,,,,,,,,,,,,,,,,,,,,,,,,2023-10,354.0,-7.57,,,,,,,,,,,,,,,,,,,,,,,,,,,,,,,,,,,tv_wilder_rsi14_sma5_v1,43.9,39.59,True,True,4.31
4736,4736.T,日本ラッド,2023-09,OUT,12,60.54,65.25,True,True,4.71,2022-10,448.0,822.0,822.0,83.48,,,,,,,,,,,,,,,,,,,,,,,,,,,,,2023-10,710.0,58.48,,,,,,,,,,,,,,,,,,,,,,,,,,,,,,,,,,,tv_wilder_rsi14_sma5_v1,65.25,60.54,True,True,4.71
4743,4743.T,アイティフォー,2023-09,OUT,11,68.41,68.83,True,True,0.42,2022-11,801.0,1103.0,1103.0,37.7,,,,,,,,,,,,,,,,,,,,,,,,,,,,,2023-10,1054.0,31.59,,,,,,,,,,,,,,,,,,,,,,,,,,,,,,,,,,,tv_wilder_rsi14_sma5_v1,68.83,68.41,True,True,0.42
4750,4750.T,ダイサン,2023-09,OUT,3,46.35,54.73,True,True,8.38,2023-07,581.0,627.0,627.0,7.92,,,,,,,,,,,,,,,,,,,,,,,,,,,,,2023-10,566.0,-2.58,,,,,,,,,,,,,,,,,,,,,,,,,,,,,,,,,,,tv_wilder_rsi14_sma5_v1,54.73,46.35,True,True,8.38
4754,4754.T,トスネット,2023-09,OUT,9,64.45,79.79,True,True,15.34,2023-01,853.0,1319.0,1319.0,54.63,,,,,,,,,,,,,,,,,,,,,,,,,,,,,2023-10,1133.0,32.83,,,,,,,,,,,,,,,,,,,,,,,,,,,,,,,,,,,tv_wilder_rsi14_sma5_v1,79.79,64.45,True,True,15.34
4760,4760.T,アルファ,2023-09,OUT,2,43.85,48.9,True,False,5.05,2023-08,1202.0,1200.0,1200.0,-0.17,,,,,,,,,,,,,,,,,,,,,,,,,,,,,2023-10,1035.0,-13.89,,,,,,,,,,,,,,,,,,,,,,,,,,,,,,,,,,,tv_wilder_rsi14_sma5_v1,48.9,43.85,False,True,5.05
4763,4763.T,クリーク・アンド・リバー社,2023-09,OUT,2,52.81,54.52,False,False,1.71,2023-08,2166.0,2107.0,2107.0,-2.72,,,,,,,,,,,,,,,,,,,,,,,,,,,,,2023-10,1955.0,-9.74,,,,,,,,,,,,,,,,,,,,,,,,,,,,,,,,,,,tv_wilder_rsi14_sma5_v1,54.52,52.81,False,False,1.71
4765,4765.T,ＳＢＩグローバルアセットマネジメント,2023-09,OUT,4,56.92,61.77,True,True,4.85,2023-06,512.0,561.0,561.0,9.57,,,,,,,,,,,,,,,,,,,,,,,,,,,,,2023-10,536.0,4.69,,,,,,,,,,,,,,,,,,,,,,,,,,,,,,,,,,,tv_wilder_rsi14_sma5_v1,61.77,56.92,True,True,4.85
4768,4768.T,大塚商会,2023-09,OUT,8,66.2,68.96,True,False,2.76,2023-02,2295.0,3166.0,3166.0,37.95,,,,,,,,,,,,,,,,,,,,,,,,,,,,,2023-10,3011.5,31.22,,,,,,,,,,,,,,,,,,,,,,,,,,,,,,,,,,,tv_wilder_rsi14_sma5_v1,68.96,66.2,False,True,2.76
4801,4801.T,セントラルスポーツ,2023-09,OUT,2,46.71,47.38,False,False,0.68,2023-08,2445.0,2425.0,2425.0,-0.82,,,,,,,,,,,,,,,,,,,,,,,,,,,,,2023-10,2402.0,-1.76,,,,,,,,,,,,,,,,,,,,,,,,,,,,,,,,,,,tv_wilder_rsi14_sma5_v1,47.38,46.71,False,False,0.68
4812,4812.T,電通総研,2023-09,OUT,2,64.91,67.82,True,False,2.91,2023-08,1943.33,1906.67,1906.67,-1.89,,,,,,,,,,,,,,,,,,,,,,,,,,,,,2023-10,1696.67,-12.69,,,,,,,,,,,,,,,,,,,,,,,,,,,,,,,,,,,tv_wilder_rsi14_sma5_v1,67.82,64.91,False,True,2.91
4839,4839.T,ＷＯＷＯＷ,2023-09,OUT,4,26.41,27.53,True,False,1.12,2023-06,1143.0,1136.0,1136.0,-0.61,,,,,,,,,,,,,,,,,,,,,,,,,,,,,2023-10,1084.0,-5.16,,,,,,,,,,,,,,,,,,,,,,,,,,,,,,,,,,,tv_wilder_rsi14_sma5_v1,27.53,26.41,False,True,1.12
4847,4847.T,インテリジェント　ウェイブ,2023-09,OUT,5,57.64,63.23,True,True,5.59,2023-05,744.0,937.0,937.0,25.94,,,,,,,,,,,,,,,,,,,,,,,,,,,,,2023-10,867.0,16.53,,,,,,,,,,,,,,,,,,,,,,,,,,,,,,,,,,,tv_wilder_rsi14_sma5_v1,63.23,57.64,True,True,5.59
4880,4880.T,セルソース,2023-09,OUT,1,41.42,42.59,True,True,1.18,2023-09,2512.0,2512.0,2512.0,0.0,,,,,,,,,,,,,,,,,,,,,,,,,,,,,2023-10,1783.0,-29.02,,,,,,,,,,,,,,,,,,,,,,,,,,,,,,,,,,,tv_wilder_rsi14_sma5_v1,42.59,41.42,True,True,1.18
4884,4884.T,クリングルファーマ,2023-09,OUT,1,47.22,47.44,False,True,0.22,2023-09,798.0,798.0,798.0,0.0,,,,,,,,,,,,,,,,,,,,,,,,,,,,,2023-10,665.0,-16.67,,,,,,,,,,,,,,,,,,,,,,,,,,,,,,,,,,,tv_wilder_rsi14_sma5_v1,47.44,47.22,True,False,0.22
4885,4885.T,室町ケミカル,2023-09,OUT,6,36.73,38.04,True,True,1.31,2023-04,754.0,802.0,802.0,6.37,,,,,,,,,,,,,,,,,,,,,,,,,,,,,2023-10,738.0,-2.12,,,,,,,,,,,,,,,,,,,,,,,,,,,,,,,,,,,tv_wilder_rsi14_sma5_v1,38.04,36.73,True,True,1.31
4889,4889.T,レナサイエンス,2023-09,OUT,7,40.96,42.9,True,False,1.94,2023-03,448.0,517.0,517.0,15.4,,,,,,,,,,,,,,,,,,,,,,,,,,,,,2023-10,470.0,4.91,,,,,,,,,,,,,,,,,,,,,,,,,,,,,,,,,,,tv_wilder_rsi14_sma5_v1,42.9,40.96,False,True,1.94
4901,4901.T,富士フイルムホールディングス,2023-09,OUT,6,61.48,62.03,True,True,0.55,2023-04,2353.33,2886.0,2886.0,22.63,,,,,,,,,,,,,,,,,,,,,,,,,,,,,2023-10,2734.33,16.19,,,,,,,,,,,,,,,,,,,,,,,,,,,,,,,,,,,tv_wilder_rsi14_sma5_v1,62.03,61.48,True,True,0.55
4902,4902.T,コニカミノルタ,2023-09,OUT,1,46.42,47.07,False,True,0.65,2023-09,486.5,486.5,486.5,0.0,,,,,,,,,,,,,,,,,,,,,,,,,,,,,2023-10,419.6,-13.75,,,,,,,,,,,,,,,,,,,,,,,,,,,,,,,,,,,tv_wilder_rsi14_sma5_v1,47.07,46.42,True,False,0.65
4920,4920.T,日本色材工業研究所,2023-09,OUT,1,67.24,73.09,True,True,5.85,2023-09,2397.0,2397.0,2397.0,0.0,,,,,,,,,,,,,,,,,,,,,,,,,,,,,2023-10,1647.0,-31.29,,,,,,,,,,,,,,,,,,,,,,,,,,,,,,,,,,,tv_wilder_rsi14_sma5_v1,73.09,67.24,True,True,5.85
4931,4931.T,新日本製薬,2023-09,OUT,4,46.98,48.93,True,False,1.95,2023-06,1416.0,1528.0,1528.0,7.91,,,,,,,,,,,,,,,,,,,,,,,,,,,,,2023-10,1478.0,4.38,,,,,,,,,,,,,,,,,,,,,,,,,,,,,,,,,,,tv_wilder_rsi14_sma5_v1,48.93,46.98,False,True,1.95
4933,4933.T,Ｉ－ｎｅ,2023-09,OUT,1,55.96,56.91,False,True,0.95,2023-09,2962.0,2962.0,2962.0,0.0,,,,,,,,,,,,,,,,,,,,,,,,,,,,,2023-10,2813.0,-5.03,,,,,,,,,,,,,,,,,,,,,,,,,,,,,,,,,,,tv_wilder_rsi14_sma5_v1,56.91,55.96,True,False,0.95
4935,4935.T,リベルタ,2023-09,OUT,8,44.83,48.6,True,True,3.77,2023-02,70.9,82.6,82.6,16.5,,,,,,,,,,,,,,,,,,,,,,,,,,,,,2023-10,77.7,9.59,,,,,,,,,,,,,,,,,,,,,,,,,,,,,,,,,,,tv_wilder_rsi14_sma5_v1,48.6,44.83,True,True,3.77
4966,4966.T,上村工業,2023-09,OUT,6,68.74,71.26,True,False,2.52,2023-04,6540.0,9430.0,9430.0,44.19,,,,,,,,,,,,,,,,,,,,,,,,,,,,,2023-10,8160.0,24.77,,,,,,,,,,,,,,,,,,,,,,,,,,,,,,,,,,,tv_wilder_rsi14_sma5_v1,71.26,68.74,False,True,2.52
4971,4971.T,メック,2023-09,OUT,7,61.12,61.73,True,False,0.61,2023-03,2561.0,3700.0,3700.0,44.47,,,,,,,,,,,,,,,,,,,,,,,,,,,,,2023-10,3385.0,32.17,,,,,,,,,,,,,,,,,,,,,,,,,,,,,,,,,,,tv_wilder_rsi14_sma5_v1,61.73,61.12,False,True,0.61
4976,4976.T,東洋ドライルーブ,2023-09,OUT,3,44.55,45.28,False,False,0.73,2023-07,774.0,773.33,773.33,-0.09,,,,,,,,,,,,,,,,,,,,,,,,,,,,,2023-10,763.67,-1.34,,,,,,,,,,,,,,,,,,,,,,,,,,,,,,,,,,,tv_wilder_rsi14_sma5_v1,45.28,44.55,False,False,0.73
4980,4980.T,デクセリアルズ,2023-09,OUT,5,56.64,60.28,True,True,3.64,2023-05,1023.33,1230.0,1230.0,20.2,,,,,,,,,,,,,,,,,,,,,,,,,,,,,2023-10,1130.33,10.46,,,,,,,,,,,,,,,,,,,,,,,,,,,,,,,,,,,tv_wilder_rsi14_sma5_v1,60.28,56.64,True,True,3.64
4990,4990.T,昭和化学工業,2023-09,OUT,2,52.57,54.99,False,False,2.43,2023-08,465.0,462.0,462.0,-0.65,,,,,,,,,,,,,,,,,,,,,,,,,,,,,2023-10,426.0,-8.39,,,,,,,,,,,,,,,,,,,,,,,,,,,,,,,,,,,tv_wilder_rsi14_sma5_v1,54.99,52.57,False,False,2.43
4992,4992.T,北興化学工業,2023-09,OUT,1,51.53,52.69,True,True,1.17,2023-09,952.0,952.0,952.0,0.0,,,,,,,,,,,,,,,,,,,,,,,,,,,,,2023-10,925.0,-2.84,,,,,,,,,,,,,,,,,,,,,,,,,,,,,,,,,,,tv_wilder_rsi14_sma5_v1,52.69,51.53,True,True,1.17
4996,4996.T,クミアイ化学工業,2023-09,OUT,6,58.3,60.16,True,False,1.86,2023-04,901.0,1108.0,1108.0,22.97,,,,,,,,,,,,,,,,,,,,,,,,,,,,,2023-10,1092.0,21.2,,,,,,,,,,,,,,,,,,,,,,,,,,,,,,,,,,,tv_wilder_rsi14_sma5_v1,60.16,58.3,False,True,1.86
5071,5071.T,ヴィス,2023-09,OUT,2,53.26,56.13,False,False,2.87,2023-08,922.0,920.0,920.0,-0.22,,,,,,,,,,,,,,,,,,,,,,,,,,,,,2023-10,875.0,-5.1,,,,,,,,,,,,,,,,,,,,,,,,,,,,,,,,,,,tv_wilder_rsi14_sma5_v1,56.13,53.26,False,False,2.87
5079,5079.T,ノバック,2023-09,OUT,1,61.16,72.65,,True,11.49,2023-09,3645.0,3645.0,3645.0,0.0,,,,,,,,,,,,,,,,,,,,,,,,,,,,,2023-10,2873.0,-21.18,,,,,,,,,,,,,,,,,,,,,,,,,,,,,,,,,,,tv_wilder_rsi14_sma5_v1,72.65,61.16,True,,11.49
5103,5103.T,昭和ホールディングス,2023-09,OUT,4,45.47,46.47,True,True,1.0,2023-06,49.0,47.0,47.0,-4.08,,,,,,,,,,,,,,,,,,,,,,,,,,,,,2023-10,47.0,-4.08,,,,,,,,,,,,,,,,,,,,,,,,,,,,,,,,,,,tv_wilder_rsi14_sma5_v1,46.47,45.47,True,True,1.0
5110,5110.T,住友ゴム工業,2023-09,OUT,8,62.19,70.31,True,True,8.12,2023-02,1226.0,1651.0,1651.0,34.67,,,,,,,,,,,,,,,,,,,,,,,,,,,,,2023-10,1514.5,23.53,,,,,,,,,,,,,,,,,,,,,,,,,,,,,,,,,,,tv_wilder_rsi14_sma5_v1,70.31,62.19,True,True,8.12
5161,5161.T,西川ゴム工業,2023-09,OUT,8,50.14,56.54,True,True,6.4,2023-02,589.0,741.0,741.0,25.81,,,,,,,,,,,,,,,,,,,,,,,,,,,,,2023-10,670.0,13.75,,,,,,,,,,,,,,,,,,,,,,,,,,,,,,,,,,,tv_wilder_rsi14_sma5_v1,56.54,50.14,True,True,6.4
5162,5162.T,朝日ラバー,2023-09,OUT,1,47.04,54.21,True,True,7.17,2023-09,601.0,601.0,601.0,0.0,,,,,,,,,,,,,,,,,,,,,,,,,,,,,2023-10,537.0,-10.65,,,,,,,,,,,,,,,,,,,,,,,,,,,,,,,,,,,tv_wilder_rsi14_sma5_v1,54.21,47.04,True,True,7.17
5184,5184.T,ニチリン,2023-09,OUT,12,78.79,80.37,True,False,1.58,2022-10,1686.0,3015.0,3015.0,78.83,,,,,,,,,,,,,,,,,,,,,,,,,,,,,2023-10,2980.0,76.75,,,,,,,,,,,,,,,,,,,,,,,,,,,,,,,,,,,tv_wilder_rsi14_sma5_v1,80.37,78.79,False,True,1.58
5187,5187.T,クリエートメディック,2023-09,OUT,2,43.03,44.87,True,False,1.84,2023-08,920.0,903.0,903.0,-1.85,,,,,,,,,,,,,,,,,,,,,,,,,,,,,2023-10,894.0,-2.83,,,,,,,,,,,,,,,,,,,,,,,,,,,,,,,,,,,tv_wilder_rsi14_sma5_v1,44.87,43.03,False,True,1.84
5189,5189.T,櫻護謨,2023-09,OUT,1,50.45,53.6,False,True,3.15,2023-09,1972.0,1972.0,1972.0,0.0,,,,,,,,,,,,,,,,,,,,,,,,,,,,,2023-10,1759.0,-10.8,,,,,,,,,,,,,,,,,,,,,,,,,,,,,,,,,,,tv_wilder_rsi14_sma5_v1,53.6,50.45,True,False,3.15
5195,5195.T,バンドー化学,2023-09,OUT,8,80.69,84.99,True,True,4.3,2023-02,1049.0,1641.0,1641.0,56.43,,,,,,,,,,,,,,,,,,,,,,,,,,,,,2023-10,1498.0,42.8,,,,,,,,,,,,,,,,,,,,,,,,,,,,,,,,,,,tv_wilder_rsi14_sma5_v1,84.99,80.69,True,True,4.3
5199,5199.T,不二ラテックス,2023-09,OUT,1,44.54,44.56,False,True,0.02,2023-09,1911.0,1911.0,1911.0,0.0,,,,,,,,,,,,,,,,,,,,,,,,,,,,,2023-10,1871.0,-2.09,,,,,,,,,,,,,,,,,,,,,,,,,,,,,,,,,,,tv_wilder_rsi14_sma5_v1,44.56,44.54,True,False,0.02
5201,5201.T,ＡＧＣ,2023-09,OUT,1,59.15,60.88,True,True,1.73,2023-09,5244.0,5244.0,5244.0,0.0,,,,,,,,,,,,,,,,,,,,,,,,,,,,,2023-10,5111.0,-2.54,,,,,,,,,,,,,,,,,,,,,,,,,,,,,,,,,,,tv_wilder_rsi14_sma5_v1,60.88,59.15,True,True,1.73
5202,5202.T,日本板硝子,2023-09,OUT,2,58.39,64.48,True,True,6.09,2023-08,766.0,809.0,809.0,5.61,,,,,,,,,,,,,,,,,,,,,,,,,,,,,2023-10,655.0,-14.49,,,,,,,,,,,,,,,,,,,,,,,,,,,,,,,,,,,tv_wilder_rsi14_sma5_v1,64.48,58.39,True,True,6.09
5210,5210.T,日本山村硝子,2023-09,OUT,8,71.79,82.08,True,False,10.28,2023-02,695.0,1792.0,1792.0,157.84,,,,,,,,,,,,,,,,,,,,,,,,,,,,,2023-10,1675.0,141.01,,,,,,,,,,,,,,,,,,,,,,,,,,,,,,,,,,,tv_wilder_rsi14_sma5_v1,82.08,71.79,False,True,10.28
5269,5269.T,日本コンクリート工業,2023-09,OUT,8,58.96,59.97,True,False,1.01,2023-02,241.0,328.0,328.0,36.1,,,,,,,,,,,,,,,,,,,,,,,,,,,,,2023-10,314.0,30.29,,,,,,,,,,,,,,,,,,,,,,,,,,,,,,,,,,,tv_wilder_rsi14_sma5_v1,59.97,58.96,False,True,1.01
5271,5271.T,トーヨーアサノ,2023-09,OUT,3,56.51,72.56,True,True,16.05,2023-07,1649.0,2168.0,2168.0,31.47,,,,,,,,,,,,,,,,,,,,,,,,,,,,,2023-10,1771.0,7.4,,,,,,,,,,,,,,,,,,,,,,,,,,,,,,,,,,,tv_wilder_rsi14_sma5_v1,72.56,56.51,True,True,16.05
5279,5279.T,日本興業,2023-09,OUT,1,56.36,59.15,True,True,2.79,2023-09,810.0,810.0,810.0,0.0,,,,,,,,,,,,,,,,,,,,,,,,,,,,,2023-10,796.0,-1.73,,,,,,,,,,,,,,,,,,,,,,,,,,,,,,,,,,,tv_wilder_rsi14_sma5_v1,59.15,56.36,True,True,2.79
5280,5280.T,ヨシコン,2023-09,OUT,1,60.1,60.95,True,True,0.86,2023-09,1230.0,1230.0,1230.0,0.0,,,,,,,,,,,,,,,,,,,,,,,,,,,,,2023-10,1200.0,-2.44,,,,,,,,,,,,,,,,,,,,,,,,,,,,,,,,,,,tv_wilder_rsi14_sma5_v1,60.95,60.1,True,True,0.86
5302,5302.T,日本カーボン,2023-09,OUT,5,55.44,58.97,True,True,3.53,2023-05,4345.0,4555.0,4555.0,4.83,,,,,,,,,,,,,,,,,,,,,,,,,,,,,2023-10,4415.0,1.61,,,,,,,,,,,,,,,,,,,,,,,,,,,,,,,,,,,tv_wilder_rsi14_sma5_v1,58.97,55.44,True,True,3.53
5304,5304.T,ＳＥＣカーボン,2023-09,OUT,14,77.32,85.59,True,True,8.27,2022-08,1222.0,2870.0,2870.0,134.86,,,,,,,,,,,,,,,,,,,,,,,,,,,,,2023-10,2644.0,116.37,,,,,,,,,,,,,,,,,,,,,,,,,,,,,,,,,,,tv_wilder_rsi14_sma5_v1,85.59,77.32,True,True,8.27
5331,5331.T,ノリタケ,2023-09,OUT,9,70.49,76.29,True,True,5.8,2023-01,1050.0,1555.0,1555.0,48.1,,,,,,,,,,,,,,,,,,,,,,,,,,,,,2023-10,1462.5,39.29,,,,,,,,,,,,,,,,,,,,,,,,,,,,,,,,,,,tv_wilder_rsi14_sma5_v1,76.29,70.49,True,True,5.8
5333,5333.T,ＮＧＫ,2023-09,OUT,3,51.09,58.54,True,True,7.45,2023-07,1742.0,1982.0,1982.0,13.78,,,,,,,,,,,,,,,,,,,,,,,,,,,,,2023-10,1832.0,5.17,,,,,,,,,,,,,,,,,,,,,,,,,,,,,,,,,,,tv_wilder_rsi14_sma5_v1,58.54,51.09,True,True,7.45
5351,5351.T,品川リフラ,2023-09,OUT,9,82.14,89.03,True,True,6.89,2023-01,824.0,1525.0,1525.0,85.07,,,,,,,,,,,,,,,,,,,,,,,,,,,,,2023-10,1456.0,76.7,,,,,,,,,,,,,,,,,,,,,,,,,,,,,,,,,,,tv_wilder_rsi14_sma5_v1,89.03,82.14,True,True,6.89
5355,5355.T,日本坩堝,2023-09,OUT,5,49.71,52.36,True,True,2.65,2023-05,541.0,554.0,554.0,2.4,,,,,,,,,,,,,,,,,,,,,,,,,,,,,2023-10,547.0,1.11,,,,,,,,,,,,,,,,,,,,,,,,,,,,,,,,,,,tv_wilder_rsi14_sma5_v1,52.36,49.71,True,True,2.65
5388,5388.T,クニミネ工業,2023-09,OUT,4,53.43,55.89,True,False,2.46,2023-06,1015.0,1037.0,1037.0,2.17,,,,,,,,,,,,,,,,,,,,,,,,,,,,,2023-10,967.0,-4.73,,,,,,,,,,,,,,,,,,,,,,,,,,,,,,,,,,,tv_wilder_rsi14_sma5_v1,55.89,53.43,False,True,2.46
5393,5393.T,ニチアス,2023-09,OUT,4,61.28,64.09,True,True,2.8,2023-06,996.67,1021.67,1021.67,2.51,,,,,,,,,,,,,,,,,,,,,,,,,,,,,2023-10,992.0,-0.47,,,,,,,,,,,,,,,,,,,,,,,,,,,,,,,,,,,tv_wilder_rsi14_sma5_v1,64.09,61.28,True,True,2.8
5401,5401.T,日本製鉄,2023-09,OUT,3,66.92,71.06,True,True,4.15,2023-07,649.2,701.0,701.0,7.98,,,,,,,,,,,,,,,,,,,,,,,,,,,,,2023-10,646.4,-0.43,,,,,,,,,,,,,,,,,,,,,,,,,,,,,,,,,,,tv_wilder_rsi14_sma5_v1,71.06,66.92,True,True,4.15
5406,5406.T,神戸製鋼所,2023-09,OUT,12,81.2,87.07,True,True,5.87,2022-10,610.0,1949.0,1949.0,219.51,,,,,,,,,,,,,,,,,,,,,,,,,,,,,2023-10,1762.0,188.85,,,,,,,,,,,,,,,,,,,,,,,,,,,,,,,,,,,tv_wilder_rsi14_sma5_v1,87.07,81.2,True,True,5.87
5408,5408.T,中山製鋼所,2023-09,OUT,3,61.08,62.01,False,False,0.93,2023-07,915.0,905.0,905.0,-1.09,,,,,,,,,,,,,,,,,,,,,,,,,,,,,2023-10,854.0,-6.67,,,,,,,,,,,,,,,,,,,,,,,,,,,,,,,,,,,tv_wilder_rsi14_sma5_v1,62.01,61.08,False,False,0.93
5410,5410.T,合同製鐵,2023-09,OUT,4,75.8,80.54,True,True,4.74,2023-06,3650.0,4590.0,4590.0,25.75,,,,,,,,,,,,,,,,,,,,,,,,,,,,,2023-10,4330.0,18.63,,,,,,,,,,,,,,,,,,,,,,,,,,,,,,,,,,,tv_wilder_rsi14_sma5_v1,80.54,75.8,True,True,4.74
5446,5446.T,北越メタル,2023-09,OUT,1,64.22,66.36,True,True,2.15,2023-09,1656.0,1656.0,1656.0,0.0,,,,,,,,,,,,,,,,,,,,,,,,,,,,,2023-10,1536.0,-7.25,,,,,,,,,,,,,,,,,,,,,,,,,,,,,,,,,,,tv_wilder_rsi14_sma5_v1,66.36,64.22,True,True,2.15
5458,5458.T,高砂鐵工,2023-09,OUT,1,52.65,55.02,False,True,2.36,2023-09,841.0,841.0,841.0,0.0,,,,,,,,,,,,,,,,,,,,,,,,,,,,,2023-10,789.0,-6.18,,,,,,,,,,,,,,,,,,,,,,,,,,,,,,,,,,,tv_wilder_rsi14_sma5_v1,55.02,52.65,True,False,2.36
5471,5471.T,大同特殊鋼,2023-09,OUT,4,66.89,68.49,True,True,1.61,2023-06,1195.4,1216.2,1216.2,1.74,,,,,,,,,,,,,,,,,,,,,,,,,,,,,2023-10,1171.6,-1.99,,,,,,,,,,,,,,,,,,,,,,,,,,,,,,,,,,,tv_wilder_rsi14_sma5_v1,68.49,66.89,True,True,1.61
5480,5480.T,日本冶金工業,2023-09,OUT,3,66.2,69.63,True,True,3.43,2023-07,4355.0,4645.0,4645.0,6.66,,,,,,,,,,,,,,,,,,,,,,,,,,,,,2023-10,3990.0,-8.38,,,,,,,,,,,,,,,,,,,,,,,,,,,,,,,,,,,tv_wilder_rsi14_sma5_v1,69.63,66.2,True,True,3.43
5482,5482.T,愛知製鋼,2023-09,OUT,13,63.89,70.8,True,True,6.91,2022-09,515.5,977.5,977.5,89.62,,,,,,,,,,,,,,,,,,,,,,,,,,,,,2023-10,873.75,69.5,,,,,,,,,,,,,,,,,,,,,,,,,,,,,,,,,,,tv_wilder_rsi14_sma5_v1,70.8,63.89,True,True,6.91
5484,5484.T,東北特殊鋼,2023-09,OUT,4,60.91,64.18,True,True,3.26,2023-06,1780.0,1844.0,1844.0,3.6,,,,,,,,,,,,,,,,,,,,,,,,,,,,,2023-10,1764.0,-0.9,,,,,,,,,,,,,,,,,,,,,,,,,,,,,,,,,,,tv_wilder_rsi14_sma5_v1,64.18,60.91,True,True,3.26
5603,5603.T,虹技,2023-09,OUT,11,67.12,67.15,True,False,0.03,2022-11,906.0,1455.0,1455.0,60.6,,,,,,,,,,,,,,,,,,,,,,,,,,,,,2023-10,1396.0,54.08,,,,,,,,,,,,,,,,,,,,,,,,,,,,,,,,,,,tv_wilder_rsi14_sma5_v1,67.15,67.12,False,True,0.03
5609,5609.T,日本鋳造,2023-09,OUT,9,61.05,64.69,True,True,3.64,2023-01,844.0,1025.0,1025.0,21.45,,,,,,,,,,,,,,,,,,,,,,,,,,,,,2023-10,921.0,9.12,,,,,,,,,,,,,,,,,,,,,,,,,,,,,,,,,,,tv_wilder_rsi14_sma5_v1,64.69,61.05,True,True,3.64
5612,5612.T,日本鋳鉄管,2023-09,OUT,1,51.6,55.98,True,True,4.38,2023-09,1151.0,1151.0,1151.0,0.0,,,,,,,,,,,,,,,,,,,,,,,,,,,,,2023-10,1021.0,-11.29,,,,,,,,,,,,,,,,,,,,,,,,,,,,,,,,,,,tv_wilder_rsi14_sma5_v1,55.98,51.6,True,True,4.38
5644,5644.T,メタルアート,2023-09,OUT,4,77.06,82.55,True,True,5.49,2023-06,3270.0,3895.0,3895.0,19.11,,,,,,,,,,,,,,,,,,,,,,,,,,,,,2023-10,3685.0,12.69,,,,,,,,,,,,,,,,,,,,,,,,,,,,,,,,,,,tv_wilder_rsi14_sma5_v1,82.55,77.06,True,True,5.49
5659,5659.T,日本精線,2023-09,OUT,4,56.05,56.51,True,True,0.46,2023-06,987.0,954.0,954.0,-3.34,,,,,,,,,,,,,,,,,,,,,,,,,,,,,2023-10,962.0,-2.53,,,,,,,,,,,,,,,,,,,,,,,,,,,,,,,,,,,tv_wilder_rsi14_sma5_v1,56.51,56.05,True,True,0.46
5660,5660.T,神鋼鋼線工業,2023-09,OUT,2,55.04,60.86,False,True,5.82,2023-08,1014.0,1072.0,1072.0,5.72,,,,,,,,,,,,,,,,,,,,,,,,,,,,,2023-10,973.0,-4.04,,,,,,,,,,,,,,,,,,,,,,,,,,,,,,,,,,,tv_wilder_rsi14_sma5_v1,60.86,55.04,True,False,5.82
5714,5714.T,ＤＯＷＡホールディングス,2023-09,OUT,4,50.26,52.12,True,False,1.86,2023-06,4546.0,4651.0,4651.0,2.31,,,,,,,,,,,,,,,,,,,,,,,,,,,,,2023-10,4578.0,0.7,,,,,,,,,,,,,,,,,,,,,,,,,,,,,,,,,,,tv_wilder_rsi14_sma5_v1,52.12,50.26,False,True,1.86
5742,5742.T,エヌアイシ・オートテック,2023-09,OUT,8,47.83,51.07,True,True,3.24,2023-02,804.0,844.0,844.0,4.98,,,,,,,,,,,,,,,,,,,,,,,,,,,,,2023-10,809.0,0.62,,,,,,,,,,,,,,,,,,,,,,,,,,,,,,,,,,,tv_wilder_rsi14_sma5_v1,51.07,47.83,True,True,3.24
5802,5802.T,住友電気工業,2023-09,OUT,4,61.02,62.13,True,True,1.11,2023-06,439.25,450.38,450.38,2.53,,,,,,,,,,,,,,,,,,,,,,,,,,,,,2023-10,392.25,-10.7,,,,,,,,,,,,,,,,,,,,,,,,,,,,,,,,,,,tv_wilder_rsi14_sma5_v1,62.13,61.02,True,True,1.11
5803,5803.T,フジクラ,2023-09,OUT,5,69.76,69.86,True,False,0.1,2023-05,186.67,200.25,200.25,7.28,,,,,,,,,,,,,,,,,,,,,,,,,,,,,2023-10,178.5,-4.38,,,,,,,,,,,,,,,,,,,,,,,,,,,,,,,,,,,tv_wilder_rsi14_sma5_v1,69.86,69.76,False,True,0.1
5817,5817.T,ＪＭＡＣＳ,2023-09,OUT,2,60.47,63.4,True,True,2.93,2023-08,635.0,637.0,637.0,0.31,,,,,,,,,,,,,,,,,,,,,,,,,,,,,2023-10,542.0,-14.65,,,,,,,,,,,,,,,,,,,,,,,,,,,,,,,,,,,tv_wilder_rsi14_sma5_v1,63.4,60.47,True,True,2.93
5851,5851.T,リョービ,2023-09,OUT,9,73.33,79.4,True,True,6.08,2023-01,1258.0,3040.0,3040.0,141.65,,,,,,,,,,,,,,,,,,,,,,,,,,,,,2023-10,2793.0,122.02,,,,,,,,,,,,,,,,,,,,,,,,,,,,,,,,,,,tv_wilder_rsi14_sma5_v1,79.4,73.33,True,True,6.08
5852,5852.T,アーレスティ,2023-09,OUT,11,71.44,77.79,True,True,6.36,2022-11,390.0,851.0,851.0,118.21,,,,,,,,,,,,,,,,,,,,,,,,,,,,,2023-10,732.0,87.69,,,,,,,,,,,,,,,,,,,,,,,,,,,,,,,,,,,tv_wilder_rsi14_sma5_v1,77.79,71.44,True,True,6.36
5900,5900.T,ダイケン,2023-09,OUT,1,60.82,67.25,True,True,6.43,2023-09,907.0,907.0,907.0,0.0,,,,,,,,,,,,,,,,,,,,,,,,,,,,,2023-10,782.0,-13.78,,,,,,,,,,,,,,,,,,,,,,,,,,,,,,,,,,,tv_wilder_rsi14_sma5_v1,67.25,60.82,True,True,6.43
5909,5909.T,コロナ,2023-09,OUT,3,50.86,57.1,True,True,6.23,2023-07,913.0,945.0,945.0,3.5,,,,,,,,,,,,,,,,,,,,,,,,,,,,,2023-10,909.0,-0.44,,,,,,,,,,,,,,,,,,,,,,,,,,,,,,,,,,,tv_wilder_rsi14_sma5_v1,57.1,50.86,True,True,6.23
5911,5911.T,横河ブリッジホールディングス,2023-09,OUT,9,69.22,74.64,True,True,5.42,2023-01,2001.0,2794.0,2794.0,39.63,,,,,,,,,,,,,,,,,,,,,,,,,,,,,2023-10,2483.0,24.09,,,,,,,,,,,,,,,,,,,,,,,,,,,,,,,,,,,tv_wilder_rsi14_sma5_v1,74.64,69.22,True,True,5.42
5918,5918.T,瀧上工業,2023-09,OUT,1,67.38,69.68,True,True,2.3,2023-09,8400.0,8400.0,8400.0,0.0,,,,,,,,,,,,,,,,,,,,,,,,,,,,,2023-10,8070.0,-3.93,,,,,,,,,,,,,,,,,,,,,,,,,,,,,,,,,,,tv_wilder_rsi14_sma5_v1,69.68,67.38,True,True,2.3
5921,5921.T,川岸工業,2023-09,OUT,7,64.28,70.97,True,True,6.7,2023-03,2640.0,3260.0,3260.0,23.48,,,,,,,,,,,,,,,,,,,,,,,,,,,,,2023-10,3070.0,16.29,,,,,,,,,,,,,,,,,,,,,,,,,,,,,,,,,,,tv_wilder_rsi14_sma5_v1,70.97,64.28,True,True,6.7
5923,5923.T,高田機工,2023-09,OUT,11,60.55,68.6,True,True,8.05,2022-11,818.33,1100.0,1100.0,34.42,,,,,,,,,,,,,,,,,,,,,,,,,,,,,2023-10,1023.33,25.05,,,,,,,,,,,,,,,,,,,,,,,,,,,,,,,,,,,tv_wilder_rsi14_sma5_v1,68.6,60.55,True,True,8.05
5932,5932.T,三協立山,2023-09,OUT,4,56.13,61.62,True,True,5.49,2023-06,726.0,944.0,944.0,30.03,,,,,,,,,,,,,,,,,,,,,,,,,,,,,2023-10,790.0,8.82,,,,,,,,,,,,,,,,,,,,,,,,,,,,,,,,,,,tv_wilder_rsi14_sma5_v1,61.62,56.13,True,True,5.49
5933,5933.T,アルインコ,2023-09,OUT,3,56.16,58.72,True,False,2.56,2023-07,1092.0,1073.0,1073.0,-1.74,,,,,,,,,,,,,,,,,,,,,,,,,,,,,2023-10,946.0,-13.37,,,,,,,,,,,,,,,,,,,,,,,,,,,,,,,,,,,tv_wilder_rsi14_sma5_v1,58.72,56.16,False,True,2.56
5945,5945.T,天龍製鋸,2023-09,OUT,1,56.5,60.08,True,True,3.57,2023-09,1635.0,1635.0,1635.0,0.0,,,,,,,,,,,,,,,,,,,,,,,,,,,,,2023-10,1611.0,-1.47,,,,,,,,,,,,,,,,,,,,,,,,,,,,,,,,,,,tv_wilder_rsi14_sma5_v1,60.08,56.5,True,True,3.57
5950,5950.T,日本パワーファスニング,2023-09,OUT,1,48.47,50.49,True,True,2.01,2023-09,120.0,120.0,120.0,0.0,,,,,,,,,,,,,,,,,,,,,,,,,,,,,2023-10,111.0,-7.5,,,,,,,,,,,,,,,,,,,,,,,,,,,,,,,,,,,tv_wilder_rsi14_sma5_v1,50.49,48.47,True,True,2.01
5951,5951.T,ダイニチ工業,2023-09,OUT,6,54.19,55.16,True,False,0.98,2023-04,679.0,737.0,737.0,8.54,,,,,,,,,,,,,,,,,,,,,,,,,,,,,2023-10,712.0,4.86,,,,,,,,,,,,,,,,,,,,,,,,,,,,,,,,,,,tv_wilder_rsi14_sma5_v1,55.16,54.19,False,True,0.98
5952,5952.T,アマテイ,2023-09,OUT,9,53.83,54.97,True,False,1.15,2023-01,117.0,142.0,142.0,21.37,,,,,,,,,,,,,,,,,,,,,,,,,,,,,2023-10,142.0,21.37,,,,,,,,,,,,,,,,,,,,,,,,,,,,,,,,,,,tv_wilder_rsi14_sma5_v1,54.97,53.83,False,True,1.15
5956,5956.T,トーソー,2023-09,OUT,4,56.52,58.4,True,True,1.87,2023-06,529.0,537.0,537.0,1.51,,,,,,,,,,,,,,,,,,,,,,,,,,,,,2023-10,532.0,0.57,,,,,,,,,,,,,,,,,,,,,,,,,,,,,,,,,,,tv_wilder_rsi14_sma5_v1,58.4,56.52,True,True,1.87
5957,5957.T,日東精工,2023-09,OUT,1,54.99,55.63,False,True,0.64,2023-09,596.0,596.0,596.0,0.0,,,,,,,,,,,,,,,,,,,,,,,,,,,,,2023-10,580.0,-2.68,,,,,,,,,,,,,,,,,,,,,,,,,,,,,,,,,,,tv_wilder_rsi14_sma5_v1,55.63,54.99,True,False,0.64
5958,5958.T,三洋工業,2023-09,OUT,4,59.7,65.37,True,True,5.67,2023-06,1948.0,2094.0,2094.0,7.49,,,,,,,,,,,,,,,,,,,,,,,,,,,,,2023-10,2012.0,3.29,,,,,,,,,,,,,,,,,,,,,,,,,,,,,,,,,,,tv_wilder_rsi14_sma5_v1,65.37,59.7,True,True,5.67
5959,5959.T,岡部,2023-09,OUT,1,51.31,52.54,False,True,1.23,2023-09,751.0,751.0,751.0,0.0,,,,,,,,,,,,,,,,,,,,,,,,,,,,,2023-10,699.0,-6.92,,,,,,,,,,,,,,,,,,,,,,,,,,,,,,,,,,,tv_wilder_rsi14_sma5_v1,52.54,51.31,True,False,1.23
5962,5962.T,浅香工業,2023-09,OUT,3,36.76,42.08,True,True,5.32,2023-07,1420.0,1460.0,1460.0,2.82,,,,,,,,,,,,,,,,,,,,,,,,,,,,,2023-10,1386.0,-2.39,,,,,,,,,,,,,,,,,,,,,,,,,,,,,,,,,,,tv_wilder_rsi14_sma5_v1,42.08,36.76,True,True,5.32
5970,5970.T,ジーテクト,2023-09,OUT,4,59.25,62.28,True,False,3.03,2023-06,1722.0,1820.0,1820.0,5.69,,,,,,,,,,,,,,,,,,,,,,,,,,,,,2023-10,1747.0,1.45,,,,,,,,,,,,,,,,,,,,,,,,,,,,,,,,,,,tv_wilder_rsi14_sma5_v1,62.28,59.25,False,True,3.03
5973,5973.T,トーアミ,2023-09,OUT,2,61.42,71.85,True,True,10.43,2023-08,518.0,574.0,574.0,10.81,,,,,,,,,,,,,,,,,,,,,,,,,,,,,2023-10,512.0,-1.16,,,,,,,,,,,,,,,,,,,,,,,,,,,,,,,,,,,tv_wilder_rsi14_sma5_v1,71.85,61.42,True,True,10.43
5975,5975.T,東プレ,2023-09,OUT,9,61.1,62.97,True,False,1.87,2023-01,1262.0,1697.0,1697.0,34.47,,,,,,,,,,,,,,,,,,,,,,,,,,,,,2023-10,1604.0,27.1,,,,,,,,,,,,,,,,,,,,,,,,,,,,,,,,,,,tv_wilder_rsi14_sma5_v1,62.97,61.1,False,True,1.87
5983,5983.T,イワブチ,2023-09,OUT,1,55.52,64.0,True,True,8.47,2023-09,6060.0,6060.0,6060.0,0.0,,,,,,,,,,,,,,,,,,,,,,,,,,,,,2023-10,5590.0,-7.76,,,,,,,,,,,,,,,,,,,,,,,,,,,,,,,,,,,tv_wilder_rsi14_sma5_v1,64.0,55.52,True,True,8.47
5984,5984.T,兼房,2023-09,OUT,3,49.61,52.59,True,True,2.98,2023-07,735.0,742.0,742.0,0.95,,,,,,,,,,,,,,,,,,,,,,,,,,,,,2023-10,717.0,-2.45,,,,,,,,,,,,,,,,,,,,,,,,,,,,,,,,,,,tv_wilder_rsi14_sma5_v1,52.59,49.61,True,True,2.98
5986,5986.T,モリテック　スチール,2023-09,OUT,3,47.35,49.43,True,False,2.08,2023-07,317.0,319.0,319.0,0.63,,,,,,,,,,,,,,,,,,,,,,,,,,,,,2023-10,280.0,-11.67,,,,,,,,,,,,,,,,,,,,,,,,,,,,,,,,,,,tv_wilder_rsi14_sma5_v1,49.43,47.35,False,True,2.08
5988,5988.T,パイオラックス,2023-09,OUT,4,61.22,63.32,True,False,2.09,2023-06,2168.0,2288.0,2288.0,5.54,,,,,,,,,,,,,,,,,,,,,,,,,,,,,2023-10,2211.0,1.98,,,,,,,,,,,,,,,,,,,,,,,,,,,,,,,,,,,tv_wilder_rsi14_sma5_v1,63.32,61.22,False,True,2.09
5989,5989.T,エイチワン,2023-09,OUT,4,57.54,63.22,True,True,5.69,2023-06,746.0,875.0,875.0,17.29,,,,,,,,,,,,,,,,,,,,,,,,,,,,,2023-10,767.0,2.82,,,,,,,,,,,,,,,,,,,,,,,,,,,,,,,,,,,tv_wilder_rsi14_sma5_v1,63.22,57.54,True,True,5.69
5991,5991.T,日本発條,2023-09,OUT,4,61.72,64.91,True,True,3.19,2023-06,1048.5,1144.0,1144.0,9.11,,,,,,,,,,,,,,,,,,,,,,,,,,,,,2023-10,1057.0,0.81,,,,,,,,,,,,,,,,,,,,,,,,,,,,,,,,,,,tv_wilder_rsi14_sma5_v1,64.91,61.72,True,True,3.19
5992,5992.T,中央発條,2023-09,OUT,2,46.54,54.54,True,True,8.0,2023-08,735.0,808.0,808.0,9.93,,,,,,,,,,,,,,,,,,,,,,,,,,,,,2023-10,710.0,-3.4,,,,,,,,,,,,,,,,,,,,,,,,,,,,,,,,,,,tv_wilder_rsi14_sma5_v1,54.54,46.54,True,True,8.0
5997,5997.T,協立エアテック,2023-09,OUT,9,59.54,66.09,True,True,6.55,2023-01,469.0,641.0,641.0,36.67,,,,,,,,,,,,,,,,,,,,,,,,,,,,,2023-10,619.0,31.98,,,,,,,,,,,,,,,,,,,,,,,,,,,,,,,,,,,tv_wilder_rsi14_sma5_v1,66.09,59.54,True,True,6.55
5998,5998.T,アドバネクス,2023-09,OUT,2,41.39,41.93,True,False,0.54,2023-08,1030.0,1003.0,1003.0,-2.62,,,,,,,,,,,,,,,,,,,,,,,,,,,,,2023-10,911.0,-11.55,,,,,,,,,,,,,,,,,,,,,,,,,,,,,,,,,,,tv_wilder_rsi14_sma5_v1,41.93,41.39,False,True,0.54
6013,6013.T,タクマ,2023-09,OUT,9,54.4,54.86,True,False,0.46,2023-01,1283.0,1548.0,1548.0,20.65,,,,,,,,,,,,,,,,,,,,,,,,,,,,,2023-10,1452.0,13.17,,,,,,,,,,,,,,,,,,,,,,,,,,,,,,,,,,,tv_wilder_rsi14_sma5_v1,54.86,54.4,False,True,0.46
6018,6018.T,阪神内燃機工業,2023-09,OUT,8,52.93,56.92,True,False,3.99,2023-02,1364.0,1743.0,1743.0,27.79,,,,,,,,,,,,,,,,,,,,,,,,,,,,,2023-10,1533.0,12.39,,,,,,,,,,,,,,,,,,,,,,,,,,,,,,,,,,,tv_wilder_rsi14_sma5_v1,56.92,52.93,False,True,3.99
6022,6022.T,赤阪鐵工所,2023-09,OUT,10,66.62,68.04,False,False,1.42,2022-12,1480.0,2151.0,2151.0,45.34,,,,,,,,,,,,,,,,,,,,,,,,,,,,,2023-10,1884.0,27.3,,,,,,,,,,,,,,,,,,,,,,,,,,,,,,,,,,,tv_wilder_rsi14_sma5_v1,68.04,66.62,False,False,1.42
6023,6023.T,ダイハツインフィニアース,2023-09,OUT,7,70.29,76.36,True,True,6.07,2023-03,543.0,880.0,880.0,62.06,,,,,,,,,,,,,,,,,,,,,,,,,,,,,2023-10,833.0,53.41,,,,,,,,,,,,,,,,,,,,,,,,,,,,,,,,,,,tv_wilder_rsi14_sma5_v1,76.36,70.29,True,True,6.07
6027,6027.T,弁護士ドットコム,2023-09,OUT,6,48.81,53.04,True,False,4.23,2023-04,2603.0,4835.0,4835.0,85.75,,,,,,,,,,,,,,,,,,,,,,,,,,,,,2023-10,4190.0,60.97,,,,,,,,,,,,,,,,,,,,,,,,,,,,,,,,,,,tv_wilder_rsi14_sma5_v1,53.04,48.81,False,True,4.23
6031,6031.T,ＺＥＴＡ,2023-09,OUT,5,56.57,59.69,True,True,3.13,2023-05,216.0,282.5,282.5,30.79,,,,,,,,,,,,,,,,,,,,,,,,,,,,,2023-10,262.75,21.64,,,,,,,,,,,,,,,,,,,,,,,,,,,,,,,,,,,tv_wilder_rsi14_sma5_v1,59.69,56.57,True,True,3.13
6033,6033.T,エクストリーム,2023-09,OUT,3,51.78,53.95,True,True,2.17,2023-07,1310.0,1370.0,1370.0,4.58,,,,,,,,,,,,,,,,,,,,,,,,,,,,,2023-10,1300.0,-0.76,,,,,,,,,,,,,,,,,,,,,,,,,,,,,,,,,,,tv_wilder_rsi14_sma5_v1,53.95,51.78,True,True,2.17
6035,6035.T,アイ・アールジャパンホールディングス,2023-09,OUT,2,33.47,34.83,True,False,1.36,2023-08,2292.0,1743.0,1743.0,-23.95,,,,,,,,,,,,,,,,,,,,,,,,,,,,,2023-10,1345.0,-41.32,,,,,,,,,,,,,,,,,,,,,,,,,,,,,,,,,,,tv_wilder_rsi14_sma5_v1,34.83,33.47,False,True,1.36
6038,6038.T,イード,2023-09,OUT,1,43.86,44.63,False,False,0.77,2023-09,770.0,770.0,770.0,0.0,,,,,,,,,,,,,,,,,,,,,,,,,,,,,2023-10,760.0,-1.3,,,,,,,,,,,,,,,,,,,,,,,,,,,,,,,,,,,tv_wilder_rsi14_sma5_v1,44.63,43.86,False,False,0.77
6040,6040.T,日本スキー場開発,2023-09,OUT,2,67.2,71.56,True,True,4.36,2023-08,357.67,379.33,379.33,6.06,,,,,,,,,,,,,,,,,,,,,,,,,,,,,2023-10,315.0,-11.93,,,,,,,,,,,,,,,,,,,,,,,,,,,,,,,,,,,tv_wilder_rsi14_sma5_v1,71.56,67.2,True,True,4.36
6050,6050.T,イー・ガーディアン,2023-09,OUT,3,42.55,51.32,True,True,8.77,2023-07,2062.0,2669.0,2669.0,29.44,,,,,,,,,,,,,,,,,,,,,,,,,,,,,2023-10,1658.0,-19.59,,,,,,,,,,,,,,,,,,,,,,,,,,,,,,,,,,,tv_wilder_rsi14_sma5_v1,51.32,42.55,True,True,8.77
6054,6054.T,リブセンス,2023-09,OUT,2,55.9,59.92,True,False,4.02,2023-08,333.0,333.0,333.0,0.0,,,,,,,,,,,,,,,,,,,,,,,,,,,,,2023-10,292.0,-12.31,,,,,,,,,,,,,,,,,,,,,,,,,,,,,,,,,,,tv_wilder_rsi14_sma5_v1,59.92,55.9,False,True,4.02
6059,6059.T,ウチヤマホールディングス,2023-09,OUT,8,54.95,58.85,True,True,3.9,2023-02,276.0,357.0,357.0,29.35,,,,,,,,,,,,,,,,,,,,,,,,,,,,,2023-10,344.0,24.64,,,,,,,,,,,,,,,,,,,,,,,,,,,,,,,,,,,tv_wilder_rsi14_sma5_v1,58.85,54.95,True,True,3.9
6083,6083.T,ＥＲＩホールディングス,2023-09,OUT,3,64.19,67.23,True,False,3.04,2023-07,668.67,661.0,661.0,-1.15,,,,,,,,,,,,,,,,,,,,,,,,,,,,,2023-10,536.67,-19.74,,,,,,,,,,,,,,,,,,,,,,,,,,,,,,,,,,,tv_wilder_rsi14_sma5_v1,67.23,64.19,False,True,3.04
6085,6085.T,アーキテクツ・スタジオ・ジャパン,2023-09,OUT,2,41.17,42.56,True,False,1.39,2023-08,21.27,16.63,16.63,-21.79,,,,,,,,,,,,,,,,,,,,,,,,,,,,,2023-10,13.7,-35.59,,,,,,,,,,,,,,,,,,,,,,,,,,,,,,,,,,,tv_wilder_rsi14_sma5_v1,42.56,41.17,False,True,1.39
6088,6088.T,シグマクシス・ホールディングス,2023-09,OUT,4,58.56,62.66,True,False,4.11,2023-06,691.0,786.5,786.5,13.82,,,,,,,,,,,,,,,,,,,,,,,,,,,,,2023-10,695.0,0.58,,,,,,,,,,,,,,,,,,,,,,,,,,,,,,,,,,,tv_wilder_rsi14_sma5_v1,62.66,58.56,False,True,4.11
6090,6090.T,ヒューマン・メタボローム・テクノロジーズ,2023-09,OUT,6,47.49,47.51,True,True,0.02,2023-04,700.0,732.0,732.0,4.57,,,,,,,,,,,,,,,,,,,,,,,,,,,,,2023-10,676.0,-3.43,,,,,,,,,,,,,,,,,,,,,,,,,,,,,,,,,,,tv_wilder_rsi14_sma5_v1,47.51,47.49,True,True,0.02
6091,6091.T,ウエスコホールディングス,2023-09,OUT,1,59.32,63.16,True,True,3.83,2023-09,526.0,526.0,526.0,0.0,,,,,,,,,,,,,,,,,,,,,,,,,,,,,2023-10,500.0,-4.94,,,,,,,,,,,,,,,,,,,,,,,,,,,,,,,,,,,tv_wilder_rsi14_sma5_v1,63.16,59.32,True,True,3.83
6093,6093.T,ミトラグループ,2023-09,OUT,2,36.85,39.19,True,True,2.34,2023-08,140.0,146.0,146.0,4.29,,,,,,,,,,,,,,,,,,,,,,,,,,,,,2023-10,138.0,-1.43,,,,,,,,,,,,,,,,,,,,,,,,,,,,,,,,,,,tv_wilder_rsi14_sma5_v1,39.19,36.85,True,True,2.34
6113,6113.T,アマダ,2023-09,OUT,9,66.23,67.28,True,False,1.05,2023-01,1162.0,1504.5,1504.5,29.48,,,,,,,,,,,,,,,,,,,,,,,,,,,,,2023-10,1450.0,24.78,,,,,,,,,,,,,,,,,,,,,,,,,,,,,,,,,,,tv_wilder_rsi14_sma5_v1,67.28,66.23,False,True,1.05
6118,6118.T,アイダエンジニアリング,2023-09,OUT,7,55.95,58.05,True,False,2.09,2023-03,817.0,1003.0,1003.0,22.77,,,,,,,,,,,,,,,,,,,,,,,,,,,,,2023-10,888.0,8.69,,,,,,,,,,,,,,,,,,,,,,,,,,,,,,,,,,,tv_wilder_rsi14_sma5_v1,58.05,55.95,False,True,2.09
6135,6135.T,牧野フライス製作所,2023-09,OUT,9,69.94,70.36,True,False,0.43,2023-01,4645.0,6530.0,6530.0,40.58,,,,,,,,,,,,,,,,,,,,,,,,,,,,,2023-10,6240.0,34.34,,,,,,,,,,,,,,,,,,,,,,,,,,,,,,,,,,,tv_wilder_rsi14_sma5_v1,70.36,69.94,False,True,0.43
6138,6138.T,ダイジェット工業,2023-09,OUT,11,42.16,45.22,True,True,3.06,2022-11,856.0,932.0,932.0,8.88,,,,,,,,,,,,,,,,,,,,,,,,,,,,,2023-10,889.0,3.86,,,,,,,,,,,,,,,,,,,,,,,,,,,,,,,,,,,tv_wilder_rsi14_sma5_v1,45.22,42.16,True,True,3.06
6140,6140.T,旭ダイヤモンド工業,2023-09,OUT,2,61.51,61.9,False,False,0.39,2023-08,894.0,886.0,886.0,-0.89,,,,,,,,,,,,,,,,,,,,,,,,,,,,,2023-10,857.0,-4.14,,,,,,,,,,,,,,,,,,,,,,,,,,,,,,,,,,,tv_wilder_rsi14_sma5_v1,61.9,61.51,False,False,0.39
6147,6147.T,ヤマザキ,2023-09,OUT,1,52.4,54.06,True,True,1.66,2023-09,392.0,392.0,392.0,0.0,,,,,,,,,,,,,,,,,,,,,,,,,,,,,2023-10,365.0,-6.89,,,,,,,,,,,,,,,,,,,,,,,,,,,,,,,,,,,tv_wilder_rsi14_sma5_v1,54.06,52.4,True,True,1.66
6149,6149.T,小田原エンジニアリング,2023-09,OUT,9,55.31,62.27,True,True,6.96,2023-01,1534.0,2500.0,2500.0,62.97,,,,,,,,,,,,,,,,,,,,,,,,,,,,,2023-10,2154.0,40.42,,,,,,,,,,,,,,,,,,,,,,,,,,,,,,,,,,,tv_wilder_rsi14_sma5_v1,62.27,55.31,True,True,6.96
6155,6155.T,高松機械工業,2023-09,OUT,1,36.96,38.91,False,True,1.96,2023-09,537.0,537.0,537.0,0.0,,,,,,,,,,,,,,,,,,,,,,,,,,,,,2023-10,505.0,-5.96,,,,,,,,,,,,,,,,,,,,,,,,,,,,,,,,,,,tv_wilder_rsi14_sma5_v1,38.91,36.96,True,False,1.96
6158,6158.T,和井田製作所,2023-09,OUT,11,49.82,51.41,True,True,1.6,2022-11,1019.0,1050.0,1050.0,3.04,,,,,,,,,,,,,,,,,,,,,,,,,,,,,2023-10,1011.0,-0.79,,,,,,,,,,,,,,,,,,,,,,,,,,,,,,,,,,,tv_wilder_rsi14_sma5_v1,51.41,49.82,True,True,1.6
6159,6159.T,ミクロン精密,2023-09,OUT,4,61.37,66.2,True,True,4.82,2023-06,1415.0,1571.0,1571.0,11.02,,,,,,,,,,,,,,,,,,,,,,,,,,,,,2023-10,1305.0,-7.77,,,,,,,,,,,,,,,,,,,,,,,,,,,,,,,,,,,tv_wilder_rsi14_sma5_v1,66.2,61.37,True,True,4.82
6171,6171.T,土木管理総合試験所,2023-09,OUT,11,48.78,50.08,True,False,1.3,2022-11,312.0,338.0,338.0,8.33,,,,,,,,,,,,,,,,,,,,,,,,,,,,,2023-10,317.0,1.6,,,,,,,,,,,,,,,,,,,,,,,,,,,,,,,,,,,tv_wilder_rsi14_sma5_v1,50.08,48.78,False,True,1.3
6177,6177.T,ＡｐｐＢａｎｋ,2023-09,OUT,1,34.74,35.55,True,True,0.81,2023-09,123.0,123.0,123.0,0.0,,,,,,,,,,,,,,,,,,,,,,,,,,,,,2023-10,102.0,-17.07,,,,,,,,,,,,,,,,,,,,,,,,,,,,,,,,,,,tv_wilder_rsi14_sma5_v1,35.55,34.74,True,True,0.81
6181,6181.T,タメニー,2023-09,OUT,2,45.31,47.35,False,True,2.04,2023-08,114.0,120.0,120.0,5.26,,,,,,,,,,,,,,,,,,,,,,,,,,,,,2023-10,105.0,-7.89,,,,,,,,,,,,,,,,,,,,,,,,,,,,,,,,,,,tv_wilder_rsi14_sma5_v1,47.35,45.31,True,False,2.04
6195,6195.T,ホープ,2023-09,OUT,1,41.24,41.34,False,True,0.1,2023-09,281.0,281.0,281.0,0.0,,,,,,,,,,,,,,,,,,,,,,,,,,,,,2023-10,264.0,-6.05,,,,,,,,,,,,,,,,,,,,,,,,,,,,,,,,,,,tv_wilder_rsi14_sma5_v1,41.34,41.24,True,False,0.1
6198,6198.T,キャリア,2023-09,OUT,4,46.67,49.33,True,True,2.66,2023-06,343.0,382.0,382.0,11.37,,,,,,,,,,,,,,,,,,,,,,,,,,,,,2023-10,361.0,5.25,,,,,,,,,,,,,,,,,,,,,,,,,,,,,,,,,,,tv_wilder_rsi14_sma5_v1,49.33,46.67,True,True,2.66
6217,6217.T,津田駒工業,2023-09,OUT,1,31.9,34.43,True,True,2.52,2023-09,437.0,437.0,437.0,0.0,,,,,,,,,,,,,,,,,,,,,,,,,,,,,2023-10,361.0,-17.39,,,,,,,,,,,,,,,,,,,,,,,,,,,,,,,,,,,tv_wilder_rsi14_sma5_v1,34.43,31.9,True,True,2.52
6218,6218.T,エンシュウ,2023-09,OUT,4,49.04,49.46,True,False,0.42,2023-06,765.0,764.0,764.0,-0.13,,,,,,,,,,,,,,,,,,,,,,,,,,,,,2023-10,724.0,-5.36,,,,,,,,,,,,,,,,,,,,,,,,,,,,,,,,,,,tv_wilder_rsi14_sma5_v1,49.46,49.04,False,True,0.42
6226,6226.T,守谷輸送機工業,2023-09,OUT,1,56.94,58.74,,True,1.8,2023-09,633.5,633.5,633.5,0.0,,,,,,,,,,,,,,,,,,,,,,,,,,,,,2023-10,516.0,-18.55,,,,,,,,,,,,,,,,,,,,,,,,,,,,,,,,,,,tv_wilder_rsi14_sma5_v1,58.74,56.94,True,,1.8
6229,6229.T,オーケーエム,2023-09,OUT,4,52.03,61.63,True,True,9.61,2023-06,1195.0,1456.0,1456.0,21.84,,,,,,,,,,,,,,,,,,,,,,,,,,,,,2023-10,1342.0,12.3,,,,,,,,,,,,,,,,,,,,,,,,,,,,,,,,,,,tv_wilder_rsi14_sma5_v1,61.63,52.03,True,True,9.61
6240,6240.T,ヤマシンフィルタ,2023-09,OUT,2,37.6,40.62,True,True,3.02,2023-08,324.0,347.0,347.0,7.1,,,,,,,,,,,,,,,,,,,,,,,,,,,,,2023-10,298.0,-8.02,,,,,,,,,,,,,,,,,,,,,,,,,,,,,,,,,,,tv_wilder_rsi14_sma5_v1,40.62,37.6,True,True,3.02
6247,6247.T,日阪製作所,2023-09,OUT,3,56.81,59.84,True,True,3.03,2023-07,928.0,957.0,957.0,3.12,,,,,,,,,,,,,,,,,,,,,,,,,,,,,2023-10,942.0,1.51,,,,,,,,,,,,,,,,,,,,,,,,,,,,,,,,,,,tv_wilder_rsi14_sma5_v1,59.84,56.81,True,True,3.03
6262,6262.T,ＰＥＧＡＳＵＳ,2023-09,OUT,2,47.23,49.87,True,True,2.64,2023-08,594.0,616.0,616.0,3.7,,,,,,,,,,,,,,,,,,,,,,,,,,,,,2023-10,508.0,-14.48,,,,,,,,,,,,,,,,,,,,,,,,,,,,,,,,,,,tv_wilder_rsi14_sma5_v1,49.87,47.23,True,True,2.64
6266,6266.T,タツモ,2023-09,OUT,4,65.6,68.24,True,False,2.64,2023-06,2430.0,2923.0,2923.0,20.29,,,,,,,,,,,,,,,,,,,,,,,,,,,,,2023-10,2572.0,5.84,,,,,,,,,,,,,,,,,,,,,,,,,,,,,,,,,,,tv_wilder_rsi14_sma5_v1,68.24,65.6,False,True,2.64
6278,6278.T,ユニオンツール,2023-09,OUT,4,50.77,59.84,True,True,9.07,2023-06,3225.0,3880.0,3880.0,20.31,,,,,,,,,,,,,,,,,,,,,,,,,,,,,2023-10,3560.0,10.39,,,,,,,,,,,,,,,,,,,,,,,,,,,,,,,,,,,tv_wilder_rsi14_sma5_v1,59.84,50.77,True,True,9.07
6286,6286.T,靜甲,2023-09,OUT,1,58.18,59.71,False,True,1.53,2023-09,681.0,681.0,681.0,0.0,,,,,,,,,,,,,,,,,,,,,,,,,,,,,2023-10,650.0,-4.55,,,,,,,,,,,,,,,,,,,,,,,,,,,,,,,,,,,tv_wilder_rsi14_sma5_v1,59.71,58.18,True,False,1.53
6287,6287.T,サトー,2023-09,OUT,2,46.72,49.64,False,False,2.91,2023-08,2112.0,2111.0,2111.0,-0.05,,,,,,,,,,,,,,,,,,,,,,,,,,,,,2023-10,2016.0,-4.55,,,,,,,,,,,,,,,,,,,,,,,,,,,,,,,,,,,tv_wilder_rsi14_sma5_v1,49.64,46.72,False,False,2.91
6289,6289.T,技研製作所,2023-09,OUT,3,29.04,29.61,True,False,0.56,2023-07,2097.0,2010.0,2010.0,-4.15,,,,,,,,,,,,,,,,,,,,,,,,,,,,,2023-10,1780.0,-15.12,,,,,,,,,,,,,,,,,,,,,,,,,,,,,,,,,,,tv_wilder_rsi14_sma5_v1,29.61,29.04,False,True,0.56
6292,6292.T,カワタ,2023-09,OUT,9,58.42,60.27,True,True,1.85,2023-01,848.0,1130.0,1130.0,33.25,,,,,,,,,,,,,,,,,,,,,,,,,,,,,2023-10,1050.0,23.82,,,,,,,,,,,,,,,,,,,,,,,,,,,,,,,,,,,tv_wilder_rsi14_sma5_v1,60.27,58.42,True,True,1.85
6301,6301.T,小松製作所,2023-09,OUT,9,65.53,66.81,True,False,1.28,2023-01,3155.0,4043.0,4043.0,28.15,,,,,,,,,,,,,,,,,,,,,,,,,,,,,2023-10,3463.0,9.76,,,,,,,,,,,,,,,,,,,,,,,,,,,,,,,,,,,tv_wilder_rsi14_sma5_v1,66.81,65.53,False,True,1.28
6302,6302.T,住友重機械工業,2023-09,OUT,4,60.6,65.59,True,True,4.99,2023-06,3438.0,3792.0,3792.0,10.3,,,,,,,,,,,,,,,,,,,,,,,,,,,,,2023-10,3423.0,-0.44,,,,,,,,,,,,,,,,,,,,,,,,,,,,,,,,,,,tv_wilder_rsi14_sma5_v1,65.59,60.6,True,True,4.99
6305,6305.T,日立建機,2023-09,OUT,12,66.83,71.35,True,True,4.52,2022-10,2914.0,4546.0,4546.0,56.01,,,,,,,,,,,,,,,,,,,,,,,,,,,,,2023-10,3852.0,32.19,,,,,,,,,,,,,,,,,,,,,,,,,,,,,,,,,,,tv_wilder_rsi14_sma5_v1,71.35,66.83,True,True,4.52
6309,6309.T,巴工業,2023-09,OUT,4,66.4,71.87,True,True,5.48,2023-06,980.0,1020.0,1020.0,4.08,,,,,,,,,,,,,,,,,,,,,,,,,,,,,2023-10,888.33,-9.35,,,,,,,,,,,,,,,,,,,,,,,,,,,,,,,,,,,tv_wilder_rsi14_sma5_v1,71.87,66.4,True,True,5.48
6316,6316.T,丸山製作所,2023-09,OUT,4,65.01,71.14,True,True,6.13,2023-06,1885.0,2256.0,2256.0,19.68,,,,,,,,,,,,,,,,,,,,,,,,,,,,,2023-10,2067.0,9.66,,,,,,,,,,,,,,,,,,,,,,,,,,,,,,,,,,,tv_wilder_rsi14_sma5_v1,71.14,65.01,True,True,6.13
6325,6325.T,タカキタ,2023-09,OUT,8,44.07,44.95,True,False,0.87,2023-02,439.0,474.0,474.0,7.97,,,,,,,,,,,,,,,,,,,,,,,,,,,,,2023-10,452.0,2.96,,,,,,,,,,,,,,,,,,,,,,,,,,,,,,,,,,,tv_wilder_rsi14_sma5_v1,44.95,44.07,False,True,0.87
6326,6326.T,クボタ,2023-09,OUT,4,51.46,52.8,True,False,1.34,2023-06,2099.0,2204.0,2204.0,5.0,,,,,,,,,,,,,,,,,,,,,,,,,,,,,2023-10,2014.0,-4.05,,,,,,,,,,,,,,,,,,,,,,,,,,,,,,,,,,,tv_wilder_rsi14_sma5_v1,52.8,51.46,False,True,1.34
6327,6327.T,北川精機,2023-09,OUT,9,68.36,72.29,True,True,3.93,2023-01,448.0,897.0,897.0,100.22,,,,,,,,,,,,,,,,,,,,,,,,,,,,,2023-10,683.0,52.46,,,,,,,,,,,,,,,,,,,,,,,,,,,,,,,,,,,tv_wilder_rsi14_sma5_v1,72.29,68.36,True,True,3.93
6330,6330.T,東洋エンジニアリング,2023-09,OUT,4,50.16,55.44,True,True,5.28,2023-06,588.0,685.0,685.0,16.5,,,,,,,,,,,,,,,,,,,,,,,,,,,,,2023-10,597.0,1.53,,,,,,,,,,,,,,,,,,,,,,,,,,,,,,,,,,,tv_wilder_rsi14_sma5_v1,55.44,50.16,True,True,5.28
6331,6331.T,三菱化工機,2023-09,OUT,9,63.26,65.15,True,True,1.89,2023-01,729.33,924.67,924.67,26.78,,,,,,,,,,,,,,,,,,,,,,,,,,,,,2023-10,897.67,23.08,,,,,,,,,,,,,,,,,,,,,,,,,,,,,,,,,,,tv_wilder_rsi14_sma5_v1,65.15,63.26,True,True,1.89
6332,6332.T,月島ホールディングス,2023-09,OUT,12,60.8,62.14,True,False,1.33,2022-10,1009.0,1320.0,1320.0,30.82,,,,,,,,,,,,,,,,,,,,,,,,,,,,,2023-10,1272.0,26.07,,,,,,,,,,,,,,,,,,,,,,,,,,,,,,,,,,,tv_wilder_rsi14_sma5_v1,62.14,60.8,False,True,1.33
6343,6343.T,フリージア・マクロス,2023-09,OUT,1,44.24,45.93,True,True,1.69,2023-09,112.0,112.0,112.0,0.0,,,,,,,,,,,,,,,,,,,,,,,,,,,,,2023-10,106.0,-5.36,,,,,,,,,,,,,,,,,,,,,,,,,,,,,,,,,,,tv_wilder_rsi14_sma5_v1,45.93,44.24,True,True,1.69
6345,6345.T,アイチ　コーポレーション,2023-09,OUT,8,61.72,70.54,True,True,8.82,2023-02,789.0,1001.0,1001.0,26.87,,,,,,,,,,,,,,,,,,,,,,,,,,,,,2023-10,900.0,14.07,,,,,,,,,,,,,,,,,,,,,,,,,,,,,,,,,,,tv_wilder_rsi14_sma5_v1,70.54,61.72,True,True,8.82
6347,6347.T,プラコー,2023-09,OUT,1,40.93,41.72,True,True,0.79,2023-09,248.0,248.0,248.0,0.0,,,,,,,,,,,,,,,,,,,,,,,,,,,,,2023-10,235.0,-5.24,,,,,,,,,,,,,,,,,,,,,,,,,,,,,,,,,,,tv_wilder_rsi14_sma5_v1,41.72,40.93,True,True,0.79
6363,6363.T,酉島製作所,2023-09,OUT,4,74.18,76.12,True,True,1.93,2023-06,1897.0,1902.0,1902.0,0.26,,,,,,,,,,,,,,,,,,,,,,,,,,,,,2023-10,1892.0,-0.26,,,,,,,,,,,,,,,,,,,,,,,,,,,,,,,,,,,tv_wilder_rsi14_sma5_v1,76.12,74.18,True,True,1.93
6364,6364.T,ＡＩＲＭＡＮ,2023-09,OUT,3,71.58,80.74,True,True,9.16,2023-07,1874.0,2080.0,2080.0,10.99,,,,,,,,,,,,,,,,,,,,,,,,,,,,,2023-10,1929.0,2.93,,,,,,,,,,,,,,,,,,,,,,,,,,,,,,,,,,,tv_wilder_rsi14_sma5_v1,80.74,71.58,True,True,9.16
6365,6365.T,電業社機械製作所,2023-09,OUT,10,59.94,64.31,True,True,4.38,2022-12,3050.0,3705.0,3705.0,21.48,,,,,,,,,,,,,,,,,,,,,,,,,,,,,2023-10,3590.0,17.7,,,,,,,,,,,,,,,,,,,,,,,,,,,,,,,,,,,tv_wilder_rsi14_sma5_v1,64.31,59.94,True,True,4.38
6366,6366.T,千代田化工建設,2023-09,OUT,2,46.54,49.55,False,True,3.01,2023-08,371.0,379.0,379.0,2.16,,,,,,,,,,,,,,,,,,,,,,,,,,,,,2023-10,353.0,-4.85,,,,,,,,,,,,,,,,,,,,,,,,,,,,,,,,,,,tv_wilder_rsi14_sma5_v1,49.55,46.54,True,False,3.01
6371,6371.T,椿本チエイン,2023-09,OUT,9,62.34,65.88,True,True,3.54,2023-01,1031.67,1291.67,1291.67,25.2,,,,,,,,,,,,,,,,,,,,,,,,,,,,,2023-10,1265.0,22.62,,,,,,,,,,,,,,,,,,,,,,,,,,,,,,,,,,,tv_wilder_rsi14_sma5_v1,65.88,62.34,True,True,3.54
6376,6376.T,日機装,2023-09,OUT,2,49.33,53.76,True,True,4.44,2023-08,1008.0,1014.0,1014.0,0.6,,,,,,,,,,,,,,,,,,,,,,,,,,,,,2023-10,957.0,-5.06,,,,,,,,,,,,,,,,,,,,,,,,,,,,,,,,,,,tv_wilder_rsi14_sma5_v1,53.76,49.33,True,True,4.44
6378,6378.T,木村化工機,2023-09,OUT,4,51.46,52.57,True,False,1.11,2023-06,719.0,746.0,746.0,3.76,,,,,,,,,,,,,,,,,,,,,,,,,,,,,2023-10,707.0,-1.67,,,,,,,,,,,,,,,,,,,,,,,,,,,,,,,,,,,tv_wilder_rsi14_sma5_v1,52.57,51.46,False,True,1.11
6379,6379.T,レイズネクスト,2023-09,OUT,1,61.39,61.64,False,True,0.26,2023-09,1454.0,1454.0,1454.0,0.0,,,,,,,,,,,,,,,,,,,,,,,,,,,,,2023-10,1408.0,-3.16,,,,,,,,,,,,,,,,,,,,,,,,,,,,,,,,,,,tv_wilder_rsi14_sma5_v1,61.64,61.39,True,False,0.26
6381,6381.T,アネスト岩田,2023-09,OUT,8,65.08,65.1,True,False,0.02,2023-02,925.0,1196.0,1196.0,29.3,,,,,,,,,,,,,,,,,,,,,,,,,,,,,2023-10,1114.0,20.43,,,,,,,,,,,,,,,,,,,,,,,,,,,,,,,,,,,tv_wilder_rsi14_sma5_v1,65.1,65.08,False,True,0.02
6395,6395.T,タダノ,2023-09,OUT,4,57.59,63.32,True,True,5.73,2023-06,1144.5,1271.0,1271.0,11.05,,,,,,,,,,,,,,,,,,,,,,,,,,,,,2023-10,1122.5,-1.92,,,,,,,,,,,,,,,,,,,,,,,,,,,,,,,,,,,tv_wilder_rsi14_sma5_v1,63.32,57.59,True,True,5.73
6400,6400.T,不二精機,2023-09,OUT,4,41.65,43.37,True,False,1.72,2023-06,335.0,350.0,350.0,4.48,,,,,,,,,,,,,,,,,,,,,,,,,,,,,2023-10,323.0,-3.58,,,,,,,,,,,,,,,,,,,,,,,,,,,,,,,,,,,tv_wilder_rsi14_sma5_v1,43.37,41.65,False,True,1.72
6413,6413.T,理想科学工業,2023-09,OUT,1,53.01,53.25,False,True,0.24,2023-09,1168.0,1168.0,1168.0,0.0,,,,,,,,,,,,,,,,,,,,,,,,,,,,,2023-10,1168.0,0.0,,,,,,,,,,,,,,,,,,,,,,,,,,,,,,,,,,,tv_wilder_rsi14_sma5_v1,53.25,53.01,True,False,0.24
6417,6417.T,ＳＡＮＫＹＯ,2023-09,OUT,2,76.12,81.31,False,True,5.19,2023-08,1269.0,1370.8,1370.8,8.02,,,,,,,,,,,,,,,,,,,,,,,,,,,,,2023-10,1248.8,-1.59,,,,,,,,,,,,,,,,,,,,,,,,,,,,,,,,,,,tv_wilder_rsi14_sma5_v1,81.31,76.12,True,False,5.19
6430,6430.T,ダイコク電機,2023-09,OUT,3,83.24,88.41,True,True,5.18,2023-07,4085.0,5380.0,5380.0,31.7,,,,,,,,,,,,,,,,,,,,,,,,,,,,,2023-10,4375.0,7.1,,,,,,,,,,,,,,,,,,,,,,,,,,,,,,,,,,,tv_wilder_rsi14_sma5_v1,88.41,83.24,True,True,5.18
6432,6432.T,竹内製作所,2023-09,OUT,6,77.62,81.48,True,True,3.85,2023-04,3710.0,4900.0,4900.0,32.08,,,,,,,,,,,,,,,,,,,,,,,,,,,,,2023-10,4250.0,14.56,,,,,,,,,,,,,,,,,,,,,,,,,,,,,,,,,,,tv_wilder_rsi14_sma5_v1,81.48,77.62,True,True,3.85
6436,6436.T,アマノ,2023-09,OUT,8,64.41,67.06,True,True,2.65,2023-02,2517.0,3282.0,3282.0,30.39,,,,,,,,,,,,,,,,,,,,,,,,,,,,,2023-10,3071.0,22.01,,,,,,,,,,,,,,,,,,,,,,,,,,,,,,,,,,,tv_wilder_rsi14_sma5_v1,67.06,64.41,True,True,2.65
6440,6440.T,ＪＵＫＩ,2023-09,OUT,2,42.35,44.68,True,False,2.33,2023-08,624.0,618.0,618.0,-0.96,,,,,,,,,,,,,,,,,,,,,,,,,,,,,2023-10,593.0,-4.97,,,,,,,,,,,,,,,,,,,,,,,,,,,,,,,,,,,tv_wilder_rsi14_sma5_v1,44.68,42.35,False,True,2.33
6444,6444.T,サンデン,2023-09,OUT,1,38.67,40.07,False,True,1.39,2023-09,201.0,201.0,201.0,0.0,,,,,,,,,,,,,,,,,,,,,,,,,,,,,2023-10,172.0,-14.43,,,,,,,,,,,,,,,,,,,,,,,,,,,,,,,,,,,tv_wilder_rsi14_sma5_v1,40.07,38.67,True,False,1.39
6454,6454.T,マックス,2023-09,OUT,8,73.4,76.33,True,True,2.93,2023-02,541.5,685.75,685.75,26.64,,,,,,,,,,,,,,,,,,,,,,,,,,,,,2023-10,632.25,16.76,,,,,,,,,,,,,,,,,,,,,,,,,,,,,,,,,,,tv_wilder_rsi14_sma5_v1,76.33,73.4,True,True,2.93
6455,6455.T,モリタホールディングス,2023-09,OUT,9,59.28,60.12,True,False,0.83,2023-01,1213.0,1593.0,1593.0,31.33,,,,,,,,,,,,,,,,,,,,,,,,,,,,,2023-10,1540.0,26.96,,,,,,,,,,,,,,,,,,,,,,,,,,,,,,,,,,,tv_wilder_rsi14_sma5_v1,60.12,59.28,False,True,0.83
6457,6457.T,グローリー,2023-09,OUT,3,62.63,63.04,False,False,0.41,2023-07,2922.0,2982.0,2982.0,2.05,,,,,,,,,,,,,,,,,,,,,,,,,,,,,2023-10,2796.5,-4.3,,,,,,,,,,,,,,,,,,,,,,,,,,,,,,,,,,,tv_wilder_rsi14_sma5_v1,63.04,62.63,False,False,0.41
6463,6463.T,ＴＰＲ,2023-09,OUT,9,63.38,67.45,True,False,4.07,2023-01,656.5,912.5,912.5,38.99,,,,,,,,,,,,,,,,,,,,,,,,,,,,,2023-10,877.5,33.66,,,,,,,,,,,,,,,,,,,,,,,,,,,,,,,,,,,tv_wilder_rsi14_sma5_v1,67.45,63.38,False,True,4.07
6467,6467.T,ニチダイ,2023-09,OUT,1,42.18,42.67,True,True,0.49,2023-09,376.0,376.0,376.0,0.0,,,,,,,,,,,,,,,,,,,,,,,,,,,,,2023-10,360.0,-4.26,,,,,,,,,,,,,,,,,,,,,,,,,,,,,,,,,,,tv_wilder_rsi14_sma5_v1,42.67,42.18,True,True,0.49
6469,6469.T,放電精密加工研究所,2023-09,OUT,1,39.02,39.8,True,True,0.78,2023-09,559.0,559.0,559.0,0.0,,,,,,,,,,,,,,,,,,,,,,,,,,,,,2023-10,542.0,-3.04,,,,,,,,,,,,,,,,,,,,,,,,,,,,,,,,,,,tv_wilder_rsi14_sma5_v1,39.8,39.02,True,True,0.78
6470,6470.T,大豊工業,2023-09,OUT,6,57.84,59.19,True,True,1.35,2023-04,725.0,899.0,899.0,24.0,,,,,,,,,,,,,,,,,,,,,,,,,,,,,2023-10,773.0,6.62,,,,,,,,,,,,,,,,,,,,,,,,,,,,,,,,,,,tv_wilder_rsi14_sma5_v1,59.19,57.84,True,True,1.35
6473,6473.T,ジェイテクト,2023-09,OUT,8,65.54,69.43,True,True,3.9,2023-02,1017.0,1411.0,1411.0,38.74,,,,,,,,,,,,,,,,,,,,,,,,,,,,,2023-10,1226.5,20.6,,,,,,,,,,,,,,,,,,,,,,,,,,,,,,,,,,,tv_wilder_rsi14_sma5_v1,69.43,65.54,True,True,3.9
6474,6474.T,不二越,2023-09,OUT,2,49.96,51.25,True,True,1.29,2023-08,4015.0,4020.0,4020.0,0.12,,,,,,,,,,,,,,,,,,,,,,,,,,,,,2023-10,3740.0,-6.85,,,,,,,,,,,,,,,,,,,,,,,,,,,,,,,,,,,tv_wilder_rsi14_sma5_v1,51.25,49.96,True,True,1.29
6484,6484.T,ＫＶＫ,2023-09,OUT,5,48.6,53.16,True,True,4.56,2023-05,1559.0,1820.0,1820.0,16.74,,,,,,,,,,,,,,,,,,,,,,,,,,,,,2023-10,1658.0,6.35,,,,,,,,,,,,,,,,,,,,,,,,,,,,,,,,,,,tv_wilder_rsi14_sma5_v1,53.16,48.6,True,True,4.56
6493,6493.T,ＮＩＴＴＡＮ,2023-09,OUT,5,58.52,62.87,True,True,4.34,2023-05,256.0,329.0,329.0,28.52,,,,,,,,,,,,,,,,,,,,,,,,,,,,,2023-10,306.0,19.53,,,,,,,,,,,,,,,,,,,,,,,,,,,,,,,,,,,tv_wilder_rsi14_sma5_v1,62.87,58.52,True,True,4.34
6504,6504.T,富士電機,2023-09,OUT,6,63.22,65.19,True,False,1.97,2023-04,5450.0,6746.0,6746.0,23.78,,,,,,,,,,,,,,,,,,,,,,,,,,,,,2023-10,5678.0,4.18,,,,,,,,,,,,,,,,,,,,,,,,,,,,,,,,,,,tv_wilder_rsi14_sma5_v1,65.19,63.22,False,True,1.97
6505,6505.T,東洋電機製造,2023-09,OUT,9,48.42,48.77,False,False,0.35,2023-01,877.0,983.0,983.0,12.09,,,,,,,,,,,,,,,,,,,,,,,,,,,,,2023-10,931.0,6.16,,,,,,,,,,,,,,,,,,,,,,,,,,,,,,,,,,,tv_wilder_rsi14_sma5_v1,48.77,48.42,False,False,0.35
6517,6517.T,デンヨー,2023-09,OUT,11,60.68,61.8,True,True,1.11,2022-11,1500.0,2128.0,2128.0,41.87,,,,,,,,,,,,,,,,,,,,,,,,,,,,,2023-10,2123.0,41.53,,,,,,,,,,,,,,,,,,,,,,,,,,,,,,,,,,,tv_wilder_rsi14_sma5_v1,61.8,60.68,True,True,1.11
6518,6518.T,三相電機,2023-09,OUT,6,57.18,57.31,True,False,0.13,2023-04,1081.0,1142.0,1142.0,5.64,,,,,,,,,,,,,,,,,,,,,,,,,,,,,2023-10,1110.0,2.68,,,,,,,,,,,,,,,,,,,,,,,,,,,,,,,,,,,tv_wilder_rsi14_sma5_v1,57.31,57.18,False,True,0.13
6522,6522.T,アスタリスク,2023-09,OUT,2,44.71,45.0,True,True,0.28,2023-08,888.0,904.0,904.0,1.8,,,,,,,,,,,,,,,,,,,,,,,,,,,,,2023-10,614.0,-30.86,,,,,,,,,,,,,,,,,,,,,,,,,,,,,,,,,,,tv_wilder_rsi14_sma5_v1,45.0,44.71,True,True,0.28
6538,6538.T,ディスラプターズ,2023-09,OUT,1,36.86,39.46,True,True,2.59,2023-09,316.0,316.0,316.0,0.0,,,,,,,,,,,,,,,,,,,,,,,,,,,,,2023-10,261.0,-17.41,,,,,,,,,,,,,,,,,,,,,,,,,,,,,,,,,,,tv_wilder_rsi14_sma5_v1,39.46,36.86,True,True,2.59
6543,6543.T,日宣,2023-09,OUT,4,45.75,48.87,True,True,3.12,2023-06,571.0,585.0,585.0,2.45,,,,,,,,,,,,,,,,,,,,,,,,,,,,,2023-10,563.0,-1.4,,,,,,,,,,,,,,,,,,,,,,,,,,,,,,,,,,,tv_wilder_rsi14_sma5_v1,48.87,45.75,True,True,3.12
6544,6544.T,ジャパンエレベーターサービスホールディングス,2023-09,OUT,2,53.03,55.77,True,False,2.74,2023-08,1213.0,1097.5,1097.5,-9.52,,,,,,,,,,,,,,,,,,,,,,,,,,,,,2023-10,992.5,-18.18,,,,,,,,,,,,,,,,,,,,,,,,,,,,,,,,,,,tv_wilder_rsi14_sma5_v1,55.77,53.03,False,True,2.74
6546,6546.T,フルテック,2023-09,OUT,4,42.65,48.29,True,True,5.63,2023-06,1114.0,1187.0,1187.0,6.55,,,,,,,,,,,,,,,,,,,,,,,,,,,,,2023-10,1118.0,0.36,,,,,,,,,,,,,,,,,,,,,,,,,,,,,,,,,,,tv_wilder_rsi14_sma5_v1,48.29,42.65,True,True,5.63
6547,6547.T,グリーンズ,2023-09,OUT,3,72.74,77.12,True,False,4.39,2023-07,1489.0,1738.0,1738.0,16.72,,,,,,,,,,,,,,,,,,,,,,,,,,,,,2023-10,1570.0,5.44,,,,,,,,,,,,,,,,,,,,,,,,,,,,,,,,,,,tv_wilder_rsi14_sma5_v1,77.12,72.74,False,True,4.39
6549,6549.T,ディーエムソリューションズ,2023-09,OUT,2,50.31,54.07,True,True,3.76,2023-08,634.5,661.5,661.5,4.26,,,,,,,,,,,,,,,,,,,,,,,,,,,,,2023-10,614.0,-3.23,,,,,,,,,,,,,,,,,,,,,,,,,,,,,,,,,,,tv_wilder_rsi14_sma5_v1,54.07,50.31,True,True,3.76
6551,6551.T,ツナググループ・ホールディングス,2023-09,OUT,2,65.24,66.8,False,False,1.56,2023-08,909.0,824.0,824.0,-9.35,,,,,,,,,,,,,,,,,,,,,,,,,,,,,2023-10,735.0,-19.14,,,,,,,,,,,,,,,,,,,,,,,,,,,,,,,,,,,tv_wilder_rsi14_sma5_v1,66.8,65.24,False,False,1.56
6555,6555.T,ＭＳ＆Ｃｏｎｓｕｌｔｉｎｇ,2023-09,OUT,4,49.8,53.1,True,True,3.3,2023-06,619.0,699.0,699.0,12.92,,,,,,,,,,,,,,,,,,,,,,,,,,,,,2023-10,664.0,7.27,,,,,,,,,,,,,,,,,,,,,,,,,,,,,,,,,,,tv_wilder_rsi14_sma5_v1,53.1,49.8,True,True,3.3
6560,6560.T,エル・ティー・エス,2023-09,OUT,5,56.83,60.48,True,True,3.65,2023-05,3385.0,4055.0,4055.0,19.79,,,,,,,,,,,,,,,,,,,,,,,,,,,,,2023-10,2935.0,-13.29,,,,,,,,,,,,,,,,,,,,,,,,,,,,,,,,,,,tv_wilder_rsi14_sma5_v1,60.48,56.83,True,True,3.65
6570,6570.T,共和コーポレーション,2023-09,OUT,3,65.28,66.49,True,False,1.22,2023-07,683.0,789.0,789.0,15.52,,,,,,,,,,,,,,,,,,,,,,,,,,,,,2023-10,682.0,-0.15,,,,,,,,,,,,,,,,,,,,,,,,,,,,,,,,,,,tv_wilder_rsi14_sma5_v1,66.49,65.28,False,True,1.22
6574,6574.T,コンヴァノ,2023-09,OUT,1,51.82,52.64,True,True,0.82,2023-09,6.8,6.8,6.8,0.0,,,,,,,,,,,,,,,,,,,,,,,,,,,,,2023-10,5.36,-21.18,,,,,,,,,,,,,,,,,,,,,,,,,,,,,,,,,,,tv_wilder_rsi14_sma5_v1,52.64,51.82,True,True,0.82
6578,6578.T,コレックホールディングス,2023-09,OUT,9,57.17,59.32,True,True,2.15,2023-01,197.0,366.0,366.0,85.79,,,,,,,,,,,,,,,,,,,,,,,,,,,,,2023-10,270.0,37.06,,,,,,,,,,,,,,,,,,,,,,,,,,,,,,,,,,,tv_wilder_rsi14_sma5_v1,59.32,57.17,True,True,2.15
6584,6584.T,三櫻工業,2023-09,OUT,9,56.13,62.74,True,True,6.61,2023-01,642.0,996.0,996.0,55.14,,,,,,,,,,,,,,,,,,,,,,,,,,,,,2023-10,871.0,35.67,,,,,,,,,,,,,,,,,,,,,,,,,,,,,,,,,,,tv_wilder_rsi14_sma5_v1,62.74,56.13,True,True,6.61
6592,6592.T,マブチモーター,2023-09,OUT,4,55.6,61.97,True,True,6.37,2023-06,1002.0,1117.5,1117.5,11.53,,,,,,,,,,,,,,,,,,,,,,,,,,,,,2023-10,1073.5,7.14,,,,,,,,,,,,,,,,,,,,,,,,,,,,,,,,,,,tv_wilder_rsi14_sma5_v1,61.97,55.6,True,True,6.37
6625,6625.T,ＪＡＬＣＯホールディングス,2023-09,OUT,2,52.03,52.93,False,False,0.89,2023-08,221.0,214.0,214.0,-3.17,,,,,,,,,,,,,,,,,,,,,,,,,,,,,2023-10,202.0,-8.6,,,,,,,,,,,,,,,,,,,,,,,,,,,,,,,,,,,tv_wilder_rsi14_sma5_v1,52.93,52.03,False,False,0.89
6632,6632.T,ＪＶＣケンウッド,2023-09,OUT,2,79.4,83.63,True,True,4.23,2023-08,636.0,683.0,683.0,7.39,,,,,,,,,,,,,,,,,,,,,,,,,,,,,2023-10,644.0,1.26,,,,,,,,,,,,,,,,,,,,,,,,,,,,,,,,,,,tv_wilder_rsi14_sma5_v1,83.63,79.4,True,True,4.23
6633,6633.T,ＣＧＳホールディングス,2023-09,OUT,4,51.28,59.7,True,True,8.41,2023-06,313.0,375.0,375.0,19.81,,,,,,,,,,,,,,,,,,,,,,,,,,,,,2023-10,336.0,7.35,,,,,,,,,,,,,,,,,,,,,,,,,,,,,,,,,,,tv_wilder_rsi14_sma5_v1,59.7,51.28,True,True,8.41
6637,6637.T,寺崎電気産業,2023-09,OUT,4,60.38,68.8,True,True,8.42,2023-06,1260.0,1777.0,1777.0,41.03,,,,,,,,,,,,,,,,,,,,,,,,,,,,,2023-10,1617.0,28.33,,,,,,,,,,,,,,,,,,,,,,,,,,,,,,,,,,,tv_wilder_rsi14_sma5_v1,68.8,60.38,True,True,8.42
6647,6647.T,森尾電機,2023-09,OUT,1,46.11,46.54,True,True,0.43,2023-09,1680.0,1680.0,1680.0,0.0,,,,,,,,,,,,,,,,,,,,,,,,,,,,,2023-10,1627.0,-3.15,,,,,,,,,,,,,,,,,,,,,,,,,,,,,,,,,,,tv_wilder_rsi14_sma5_v1,46.54,46.11,True,True,0.43
6653,6653.T,正興電機製作所,2023-09,OUT,4,47.8,52.67,True,True,4.87,2023-06,1072.0,1192.0,1192.0,11.19,,,,,,,,,,,,,,,,,,,,,,,,,,,,,2023-10,1038.0,-3.17,,,,,,,,,,,,,,,,,,,,,,,,,,,,,,,,,,,tv_wilder_rsi14_sma5_v1,52.67,47.8,True,True,4.87
6658,6658.T,シライ電子工業,2023-09,OUT,1,54.22,55.3,False,False,1.08,2023-09,605.0,605.0,605.0,0.0,,,,,,,,,,,,,,,,,,,,,,,,,,,,,2023-10,483.0,-20.17,,,,,,,,,,,,,,,,,,,,,,,,,,,,,,,,,,,tv_wilder_rsi14_sma5_v1,55.3,54.22,False,False,1.08
6659,6659.T,メディアリンクス,2023-09,OUT,2,31.19,31.4,False,False,0.21,2023-08,48.0,46.0,46.0,-4.17,,,,,,,,,,,,,,,,,,,,,,,,,,,,,2023-10,38.0,-20.83,,,,,,,,,,,,,,,,,,,,,,,,,,,,,,,,,,,tv_wilder_rsi14_sma5_v1,31.4,31.19,False,False,0.21
6663,6663.T,太洋テクノレックス,2023-09,OUT,2,40.95,41.97,True,False,1.02,2023-08,368.0,367.0,367.0,-0.27,,,,,,,,,,,,,,,,,,,,,,,,,,,,,2023-10,337.0,-8.42,,,,,,,,,,,,,,,,,,,,,,,,,,,,,,,,,,,tv_wilder_rsi14_sma5_v1,41.97,40.95,False,True,1.02
6664,6664.T,オプトエレクトロニクス,2023-09,OUT,1,42.95,43.29,False,True,0.35,2023-09,385.0,385.0,385.0,0.0,,,,,,,,,,,,,,,,,,,,,,,,,,,,,2023-10,353.0,-8.31,,,,,,,,,,,,,,,,,,,,,,,,,,,,,,,,,,,tv_wilder_rsi14_sma5_v1,43.29,42.95,True,False,0.35
6668,6668.T,アドテック　プラズマ　テクノロジー,2023-09,OUT,3,48.7,49.83,True,False,1.13,2023-07,1627.0,1659.0,1659.0,1.97,,,,,,,,,,,,,,,,,,,,,,,,,,,,,2023-10,1379.0,-15.24,,,,,,,,,,,,,,,,,,,,,,,,,,,,,,,,,,,tv_wilder_rsi14_sma5_v1,49.83,48.7,False,True,1.13
6675,6675.T,サクサ,2023-09,OUT,8,70.51,75.64,True,True,5.13,2023-02,518.67,816.67,816.67,57.46,,,,,,,,,,,,,,,,,,,,,,,,,,,,,2023-10,740.67,42.8,,,,,,,,,,,,,,,,,,,,,,,,,,,,,,,,,,,tv_wilder_rsi14_sma5_v1,75.64,70.51,True,True,5.13
6699,6699.T,ダイヤモンドエレクトリックホールディングス,2023-09,OUT,3,41.29,41.45,False,False,0.17,2023-07,876.0,845.0,845.0,-3.54,,,,,,,,,,,,,,,,,,,,,,,,,,,,,2023-10,827.0,-5.59,,,,,,,,,,,,,,,,,,,,,,,,,,,,,,,,,,,tv_wilder_rsi14_sma5_v1,41.45,41.29,False,False,0.17
6701,6701.T,日本電気,2023-09,OUT,8,70.65,76.04,True,True,5.39,2023-02,975.0,1652.2,1652.2,69.46,,,,,,,,,,,,,,,,,,,,,,,,,,,,,2023-10,1441.0,47.79,,,,,,,,,,,,,,,,,,,,,,,,,,,,,,,,,,,tv_wilder_rsi14_sma5_v1,76.04,70.65,True,True,5.39
6703,6703.T,沖電気工業,2023-09,OUT,7,54.42,63.03,True,True,8.61,2023-03,718.0,1006.0,1006.0,40.11,,,,,,,,,,,,,,,,,,,,,,,,,,,,,2023-10,905.0,26.04,,,,,,,,,,,,,,,,,,,,,,,,,,,,,,,,,,,tv_wilder_rsi14_sma5_v1,63.03,54.42,True,True,8.61
6721,6721.T,ウインテスト,2023-09,OUT,1,40.97,40.98,True,True,0.01,2023-09,113.0,113.0,113.0,0.0,,,,,,,,,,,,,,,,,,,,,,,,,,,,,2023-10,107.0,-5.31,,,,,,,,,,,,,,,,,,,,,,,,,,,,,,,,,,,tv_wilder_rsi14_sma5_v1,40.98,40.97,True,True,0.01
6724,6724.T,セイコーエプソン,2023-09,OUT,6,58.89,60.61,True,True,1.72,2023-04,2071.0,2349.5,2349.5,13.45,,,,,,,,,,,,,,,,,,,,,,,,,,,,,2023-10,2076.5,0.27,,,,,,,,,,,,,,,,,,,,,,,,,,,,,,,,,,,tv_wilder_rsi14_sma5_v1,60.61,58.89,True,True,1.72
6737,6737.T,ＥＩＺＯ,2023-09,OUT,9,67.54,69.05,True,True,1.51,2023-01,1812.5,2535.0,2535.0,39.86,,,,,,,,,,,,,,,,,,,,,,,,,,,,,2023-10,2407.5,32.83,,,,,,,,,,,,,,,,,,,,,,,,,,,,,,,,,,,tv_wilder_rsi14_sma5_v1,69.05,67.54,True,True,1.51
6770,6770.T,アルプスアルパイン,2023-09,OUT,1,47.56,49.93,True,True,2.37,2023-09,1297.5,1297.5,1297.5,0.0,,,,,,,,,,,,,,,,,,,,,,,,,,,,,2023-10,1229.0,-5.28,,,,,,,,,,,,,,,,,,,,,,,,,,,,,,,,,,,tv_wilder_rsi14_sma5_v1,49.93,47.56,True,True,2.37
6779,6779.T,日本電波工業,2023-09,OUT,2,53.68,53.85,True,False,0.18,2023-08,1555.0,1395.0,1395.0,-10.29,,,,,,,,,,,,,,,,,,,,,,,,,,,,,2023-10,1210.0,-22.19,,,,,,,,,,,,,,,,,,,,,,,,,,,,,,,,,,,tv_wilder_rsi14_sma5_v1,53.85,53.68,False,True,0.18
6786,6786.T,ＲＶＨ,2023-09,OUT,1,35.97,37.18,True,True,1.21,2023-09,59.0,59.0,59.0,0.0,,,,,,,,,,,,,,,,,,,,,,,,,,,,,2023-10,54.0,-8.47,,,,,,,,,,,,,,,,,,,,,,,,,,,,,,,,,,,tv_wilder_rsi14_sma5_v1,37.18,35.97,True,True,1.21
6787,6787.T,メイコー,2023-09,OUT,4,50.91,54.78,True,False,3.87,2023-06,2695.0,3395.0,3395.0,25.97,,,,,,,,,,,,,,,,,,,,,,,,,,,,,2023-10,3080.0,14.29,,,,,,,,,,,,,,,,,,,,,,,,,,,,,,,,,,,tv_wilder_rsi14_sma5_v1,54.78,50.91,False,True,3.87
6794,6794.T,フォスター電機,2023-09,OUT,1,48.7,51.47,False,True,2.77,2023-09,991.0,991.0,991.0,0.0,,,,,,,,,,,,,,,,,,,,,,,,,,,,,2023-10,891.0,-10.09,,,,,,,,,,,,,,,,,,,,,,,,,,,,,,,,,,,tv_wilder_rsi14_sma5_v1,51.47,48.7,True,False,2.77
6804,6804.T,ホシデン,2023-09,OUT,6,70.14,72.72,True,True,2.58,2023-04,1736.0,1919.0,1919.0,10.54,,,,,,,,,,,,,,,,,,,,,,,,,,,,,2023-10,1761.0,1.44,,,,,,,,,,,,,,,,,,,,,,,,,,,,,,,,,,,tv_wilder_rsi14_sma5_v1,72.72,70.14,True,True,2.58
6809,6809.T,ＴＯＡ,2023-09,OUT,9,63.23,72.57,True,True,9.34,2023-01,774.0,1166.0,1166.0,50.65,,,,,,,,,,,,,,,,,,,,,,,,,,,,,2023-10,1032.0,33.33,,,,,,,,,,,,,,,,,,,,,,,,,,,,,,,,,,,tv_wilder_rsi14_sma5_v1,72.57,63.23,True,True,9.34
6810,6810.T,マクセル,2023-09,OUT,4,59.31,62.59,True,True,3.27,2023-06,1599.0,1673.0,1673.0,4.63,,,,,,,,,,,,,,,,,,,,,,,,,,,,,2023-10,1608.0,0.56,,,,,,,,,,,,,,,,,,,,,,,,,,,,,,,,,,,tv_wilder_rsi14_sma5_v1,62.59,59.31,True,True,3.27
6832,6832.T,アオイ電子,2023-09,OUT,1,40.26,43.17,True,True,2.91,2023-09,1856.0,1856.0,1856.0,0.0,,,,,,,,,,,,,,,,,,,,,,,,,,,,,2023-10,1774.0,-4.42,,,,,,,,,,,,,,,,,,,,,,,,,,,,,,,,,,,tv_wilder_rsi14_sma5_v1,43.17,40.26,True,True,2.91
6838,6838.T,多摩川ホールディングス,2023-09,OUT,4,41.51,44.02,True,True,2.51,2023-06,806.0,801.0,801.0,-0.62,,,,,,,,,,,,,,,,,,,,,,,,,,,,,2023-10,705.0,-12.53,,,,,,,,,,,,,,,,,,,,,,,,,,,,,,,,,,,tv_wilder_rsi14_sma5_v1,44.02,41.51,True,True,2.51
6841,6841.T,横河電機,2023-09,OUT,6,62.41,64.96,True,False,2.55,2023-04,2199.0,2888.5,2888.5,31.36,,,,,,,,,,,,,,,,,,,,,,,,,,,,,2023-10,2712.5,23.35,,,,,,,,,,,,,,,,,,,,,,,,,,,,,,,,,,,tv_wilder_rsi14_sma5_v1,64.96,62.41,False,True,2.55
6858,6858.T,小野測器,2023-09,OUT,4,47.64,50.82,True,True,3.18,2023-06,450.0,464.0,464.0,3.11,,,,,,,,,,,,,,,,,,,,,,,,,,,,,2023-10,441.0,-2.0,,,,,,,,,,,,,,,,,,,,,,,,,,,,,,,,,,,tv_wilder_rsi14_sma5_v1,50.82,47.64,True,True,3.18
6859,6859.T,エスペック,2023-09,OUT,4,59.05,62.2,True,True,3.15,2023-06,2282.0,2402.0,2402.0,5.26,,,,,,,,,,,,,,,,,,,,,,,,,,,,,2023-10,2200.0,-3.59,,,,,,,,,,,,,,,,,,,,,,,,,,,,,,,,,,,tv_wilder_rsi14_sma5_v1,62.2,59.05,True,True,3.15
6863,6863.T,ニレコ,2023-09,OUT,5,68.87,69.37,True,False,0.5,2023-05,1085.0,1245.0,1245.0,14.75,,,,,,,,,,,,,,,,,,,,,,,,,,,,,2023-10,1227.0,13.09,,,,,,,,,,,,,,,,,,,,,,,,,,,,,,,,,,,tv_wilder_rsi14_sma5_v1,69.37,68.87,False,True,0.5
6864,6864.T,エヌエフホールディングス,2023-09,OUT,9,47.24,48.22,True,True,0.98,2023-01,938.0,1201.0,1201.0,28.04,,,,,,,,,,,,,,,,,,,,,,,,,,,,,2023-10,1175.0,25.27,,,,,,,,,,,,,,,,,,,,,,,,,,,,,,,,,,,tv_wilder_rsi14_sma5_v1,48.22,47.24,True,True,0.98
6875,6875.T,メガチップス,2023-09,OUT,9,60.64,62.69,True,False,2.05,2023-01,2694.0,4180.0,4180.0,55.16,,,,,,,,,,,,,,,,,,,,,,,,,,,,,2023-10,3860.0,43.28,,,,,,,,,,,,,,,,,,,,,,,,,,,,,,,,,,,tv_wilder_rsi14_sma5_v1,62.69,60.64,False,True,2.05
6888,6888.T,アクモス,2023-09,OUT,2,54.38,58.09,True,True,3.71,2023-08,405.0,424.0,424.0,4.69,,,,,,,,,,,,,,,,,,,,,,,,,,,,,2023-10,402.0,-0.74,,,,,,,,,,,,,,,,,,,,,,,,,,,,,,,,,,,tv_wilder_rsi14_sma5_v1,58.09,54.38,True,True,3.71
6897,6897.T,ツインバード,2023-09,OUT,1,38.98,39.95,False,True,0.97,2023-09,520.0,520.0,520.0,0.0,,,,,,,,,,,,,,,,,,,,,,,,,,,,,2023-10,506.0,-2.69,,,,,,,,,,,,,,,,,,,,,,,,,,,,,,,,,,,tv_wilder_rsi14_sma5_v1,39.95,38.98,True,False,0.97
6904,6904.T,原田工業,2023-09,OUT,3,44.05,47.33,True,True,3.29,2023-07,814.0,835.0,835.0,2.58,,,,,,,,,,,,,,,,,,,,,,,,,,,,,2023-10,797.0,-2.09,,,,,,,,,,,,,,,,,,,,,,,,,,,,,,,,,,,tv_wilder_rsi14_sma5_v1,47.33,44.05,True,True,3.29
6908,6908.T,イリソ電子工業,2023-09,OUT,2,48.71,49.07,False,False,0.36,2023-08,4330.0,4200.0,4200.0,-3.0,,,,,,,,,,,,,,,,,,,,,,,,,,,,,2023-10,3535.0,-18.36,,,,,,,,,,,,,,,,,,,,,,,,,,,,,,,,,,,tv_wilder_rsi14_sma5_v1,49.07,48.71,False,False,0.36
6919,6919.T,ケル,2023-09,OUT,4,68.31,69.42,True,False,1.1,2023-06,1873.0,1919.0,1919.0,2.46,,,,,,,,,,,,,,,,,,,,,,,,,,,,,2023-10,1689.0,-9.82,,,,,,,,,,,,,,,,,,,,,,,,,,,,,,,,,,,tv_wilder_rsi14_sma5_v1,69.42,68.31,False,True,1.1
6926,6926.T,岡谷電機産業,2023-09,OUT,2,47.83,51.48,True,False,3.65,2023-08,311.0,307.0,307.0,-1.29,,,,,,,,,,,,,,,,,,,,,,,,,,,,,2023-10,293.0,-5.79,,,,,,,,,,,,,,,,,,,,,,,,,,,,,,,,,,,tv_wilder_rsi14_sma5_v1,51.48,47.83,False,True,3.65
6929,6929.T,日本セラミック,2023-09,OUT,1,51.24,52.42,False,True,1.18,2023-09,2664.0,2664.0,2664.0,0.0,,,,,,,,,,,,,,,,,,,,,,,,,,,,,2023-10,2608.0,-2.1,,,,,,,,,,,,,,,,,,,,,,,,,,,,,,,,,,,tv_wilder_rsi14_sma5_v1,52.42,51.24,True,False,1.18
6943,6943.T,ＮＫＫスイッチズ,2023-09,OUT,1,52.26,52.36,False,True,0.1,2023-09,5180.0,5180.0,5180.0,0.0,,,,,,,,,,,,,,,,,,,,,,,,,,,,,2023-10,5030.0,-2.9,,,,,,,,,,,,,,,,,,,,,,,,,,,,,,,,,,,tv_wilder_rsi14_sma5_v1,52.36,52.26,True,False,0.1
6952,6952.T,カシオ計算機,2023-09,OUT,3,39.24,42.21,True,False,2.97,2023-07,1214.0,1253.5,1253.5,3.25,,,,,,,,,,,,,,,,,,,,,,,,,,,,,2023-10,1202.0,-0.99,,,,,,,,,,,,,,,,,,,,,,,,,,,,,,,,,,,tv_wilder_rsi14_sma5_v1,42.21,39.24,False,True,2.97
6961,6961.T,エンプラス,2023-09,OUT,7,74.49,80.68,True,False,6.19,2023-03,4885.0,10470.0,10470.0,114.33,,,,,,,,,,,,,,,,,,,,,,,,,,,,,2023-10,8330.0,70.52,,,,,,,,,,,,,,,,,,,,,,,,,,,,,,,,,,,tv_wilder_rsi14_sma5_v1,80.68,74.49,False,True,6.19
6989,6989.T,北陸電気工業,2023-09,OUT,3,55.58,59.73,True,False,4.15,2023-07,1270.0,1422.0,1422.0,11.97,,,,,,,,,,,,,,,,,,,,,,,,,,,,,2023-10,1346.0,5.98,,,,,,,,,,,,,,,,,,,,,,,,,,,,,,,,,,,tv_wilder_rsi14_sma5_v1,59.73,55.58,False,True,4.15
6997,6997.T,日本ケミコン,2023-09,OUT,1,41.8,47.17,False,True,5.37,2023-09,1614.0,1614.0,1614.0,0.0,,,,,,,,,,,,,,,,,,,,,,,,,,,,,2023-10,1260.0,-21.93,,,,,,,,,,,,,,,,,,,,,,,,,,,,,,,,,,,tv_wilder_rsi14_sma5_v1,47.17,41.8,True,False,5.37
6998,6998.T,日本タングステン,2023-09,OUT,1,56.56,57.5,False,True,0.93,2023-09,1239.5,1239.5,1239.5,0.0,,,,,,,,,,,,,,,,,,,,,,,,,,,,,2023-10,1210.0,-2.38,,,,,,,,,,,,,,,,,,,,,,,,,,,,,,,,,,,tv_wilder_rsi14_sma5_v1,57.5,56.56,True,False,0.93
6999,6999.T,ＫＯＡ,2023-09,OUT,4,50.68,51.43,True,False,0.75,2023-06,1797.0,1799.0,1799.0,0.11,,,,,,,,,,,,,,,,,,,,,,,,,,,,,2023-10,1440.0,-19.87,,,,,,,,,,,,,,,,,,,,,,,,,,,,,,,,,,,tv_wilder_rsi14_sma5_v1,51.43,50.68,False,True,0.75
7003,7003.T,三井Ｅ＆Ｓ,2023-09,OUT,2,53.23,59.2,True,True,5.97,2023-08,501.0,580.0,580.0,15.77,,,,,,,,,,,,,,,,,,,,,,,,,,,,,2023-10,411.0,-17.96,,,,,,,,,,,,,,,,,,,,,,,,,,,,,,,,,,,tv_wilder_rsi14_sma5_v1,59.2,53.23,True,True,5.97
7011,7011.T,三菱重工業,2023-09,OUT,5,76.03,81.63,True,True,5.6,2023-05,590.6,834.6,834.6,41.31,,,,,,,,,,,,,,,,,,,,,,,,,,,,,2023-10,769.2,30.24,,,,,,,,,,,,,,,,,,,,,,,,,,,,,,,,,,,tv_wilder_rsi14_sma5_v1,81.63,76.03,True,True,5.6
7014,7014.T,名村造船所,2023-09,OUT,6,67.12,71.05,True,False,3.93,2023-04,407.0,869.0,869.0,113.51,,,,,,,,,,,,,,,,,,,,,,,,,,,,,2023-10,788.0,93.61,,,,,,,,,,,,,,,,,,,,,,,,,,,,,,,,,,,tv_wilder_rsi14_sma5_v1,71.05,67.12,False,True,3.93
7021,7021.T,ニッチツ,2023-09,OUT,9,53.57,60.52,True,True,6.95,2023-01,1213.0,1626.0,1626.0,34.05,,,,,,,,,,,,,,,,,,,,,,,,,,,,,2023-10,1490.0,22.84,,,,,,,,,,,,,,,,,,,,,,,,,,,,,,,,,,,tv_wilder_rsi14_sma5_v1,60.52,53.57,True,True,6.95
7030,7030.T,スプリックス,2023-09,OUT,1,39.39,39.73,False,True,0.34,2023-09,809.0,809.0,809.0,0.0,,,,,,,,,,,,,,,,,,,,,,,,,,,,,2023-10,800.0,-1.11,,,,,,,,,,,,,,,,,,,,,,,,,,,,,,,,,,,tv_wilder_rsi14_sma5_v1,39.73,39.39,True,False,0.34
7049,7049.T,識学,2023-09,OUT,4,38.42,40.83,True,False,2.42,2023-06,512.0,623.0,623.0,21.68,,,,,,,,,,,,,,,,,,,,,,,,,,,,,2023-10,537.0,4.88,,,,,,,,,,,,,,,,,,,,,,,,,,,,,,,,,,,tv_wilder_rsi14_sma5_v1,40.83,38.42,False,True,2.42
7057,7057.T,エヌ・シー・エヌ,2023-09,OUT,2,37.89,39.18,False,True,1.29,2023-08,963.0,970.0,970.0,0.73,,,,,,,,,,,,,,,,,,,,,,,,,,,,,2023-10,942.0,-2.18,,,,,,,,,,,,,,,,,,,,,,,,,,,,,,,,,,,tv_wilder_rsi14_sma5_v1,39.18,37.89,True,False,1.29
7058,7058.T,共栄セキュリティーサービス,2023-09,OUT,3,50.01,50.6,True,False,0.59,2023-07,3005.0,2899.0,2899.0,-3.53,,,,,,,,,,,,,,,,,,,,,,,,,,,,,2023-10,2905.0,-3.33,,,,,,,,,,,,,,,,,,,,,,,,,,,,,,,,,,,tv_wilder_rsi14_sma5_v1,50.6,50.01,False,True,0.59
7060,7060.T,ギークス,2023-09,OUT,1,40.47,40.57,False,False,0.1,2023-09,735.0,735.0,735.0,0.0,,,,,,,,,,,,,,,,,,,,,,,,,,,,,2023-10,634.0,-13.74,,,,,,,,,,,,,,,,,,,,,,,,,,,,,,,,,,,tv_wilder_rsi14_sma5_v1,40.57,40.47,False,False,0.1
7064,7064.T,ハウテレビジョン,2023-09,OUT,1,52.56,53.85,False,True,1.3,2023-09,1787.5,1787.5,1787.5,0.0,,,,,,,,,,,,,,,,,,,,,,,,,,,,,2023-10,1667.5,-6.71,,,,,,,,,,,,,,,,,,,,,,,,,,,,,,,,,,,tv_wilder_rsi14_sma5_v1,53.85,52.56,True,False,1.3
7065,7065.T,ユーピーアール,2023-09,OUT,4,55.72,58.71,True,True,2.99,2023-06,2416.0,2632.0,2632.0,8.94,,,,,,,,,,,,,,,,,,,,,,,,,,,,,2023-10,1938.0,-19.78,,,,,,,,,,,,,,,,,,,,,,,,,,,,,,,,,,,tv_wilder_rsi14_sma5_v1,58.71,55.72,True,True,2.99
7067,7067.T,ブランディングテクノロジー,2023-09,OUT,1,44.8,46.16,False,True,1.37,2023-09,1133.0,1133.0,1133.0,0.0,,,,,,,,,,,,,,,,,,,,,,,,,,,,,2023-10,981.0,-13.42,,,,,,,,,,,,,,,,,,,,,,,,,,,,,,,,,,,tv_wilder_rsi14_sma5_v1,46.16,44.8,True,False,1.37
7069,7069.T,サイバー・バズ,2023-09,OUT,2,45.47,53.66,True,True,8.19,2023-08,770.0,926.5,926.5,20.32,,,,,,,,,,,,,,,,,,,,,,,,,,,,,2023-10,620.0,-19.48,,,,,,,,,,,,,,,,,,,,,,,,,,,,,,,,,,,tv_wilder_rsi14_sma5_v1,53.66,45.47,True,True,8.19
7074,7074.T,トゥエンティーフォーセブンホールディングス,2023-09,OUT,5,28.14,28.43,True,False,0.29,2023-05,369.0,353.0,353.0,-4.34,,,,,,,,,,,,,,,,,,,,,,,,,,,,,2023-10,245.0,-33.6,,,,,,,,,,,,,,,,,,,,,,,,,,,,,,,,,,,tv_wilder_rsi14_sma5_v1,28.43,28.14,False,True,0.29
7078,7078.T,ＩＮＣＬＵＳＩＶＥ　Ｈｏｌｄｉｎｇｓ,2023-09,OUT,2,48.04,48.52,True,False,0.48,2023-08,1017.0,1001.0,1001.0,-1.57,,,,,,,,,,,,,,,,,,,,,,,,,,,,,2023-10,972.0,-4.42,,,,,,,,,,,,,,,,,,,,,,,,,,,,,,,,,,,tv_wilder_rsi14_sma5_v1,48.52,48.04,False,True,0.48
7081,7081.T,コーユーレンティア,2023-09,OUT,7,63.33,69.52,True,True,6.19,2023-03,777.0,1037.5,1037.5,33.53,,,,,,,,,,,,,,,,,,,,,,,,,,,,,2023-10,969.5,24.77,,,,,,,,,,,,,,,,,,,,,,,,,,,,,,,,,,,tv_wilder_rsi14_sma5_v1,69.52,63.33,True,True,6.19
7083,7083.T,ＡＨＣグループ,2023-09,OUT,2,28.46,28.8,True,False,0.34,2023-08,628.0,624.0,624.0,-0.64,,,,,,,,,,,,,,,,,,,,,,,,,,,,,2023-10,606.0,-3.5,,,,,,,,,,,,,,,,,,,,,,,,,,,,,,,,,,,tv_wilder_rsi14_sma5_v1,28.8,28.46,False,True,0.34
7091,7091.T,リビングプラットフォーム,2023-09,OUT,3,45.81,46.22,False,False,0.41,2023-07,1571.0,1287.0,1287.0,-18.08,,,,,,,,,,,,,,,,,,,,,,,,,,,,,2023-10,1123.0,-28.52,,,,,,,,,,,,,,,,,,,,,,,,,,,,,,,,,,,tv_wilder_rsi14_sma5_v1,46.22,45.81,False,False,0.41
7122,7122.T,近畿車輛,2023-09,OUT,11,68.16,77.0,True,True,8.84,2022-11,1064.0,2147.0,2147.0,101.79,,,,,,,,,,,,,,,,,,,,,,,,,,,,,2023-10,1814.0,70.49,,,,,,,,,,,,,,,,,,,,,,,,,,,,,,,,,,,tv_wilder_rsi14_sma5_v1,77.0,68.16,True,True,8.84
7131,7131.T,のむら産業,2023-09,OUT,4,86.75,94.07,True,True,7.32,2023-06,1334.0,2150.0,2150.0,61.17,,,,,,,,,,,,,,,,,,,,,,,,,,,,,2023-10,1653.0,23.91,,,,,,,,,,,,,,,,,,,,,,,,,,,,,,,,,,,tv_wilder_rsi14_sma5_v1,94.07,86.75,True,True,7.32
7138,7138.T,ＴＯＲＩＣＯ,2023-09,OUT,1,38.12,38.75,,True,0.62,2023-09,241.4,241.4,241.4,0.0,,,,,,,,,,,,,,,,,,,,,,,,,,,,,2023-10,209.8,-13.09,,,,,,,,,,,,,,,,,,,,,,,,,,,,,,,,,,,tv_wilder_rsi14_sma5_v1,38.75,38.12,True,,0.62
7175,7175.T,今村証券,2023-09,OUT,9,60.45,69.63,True,True,9.17,2023-01,756.0,1155.0,1155.0,52.78,,,,,,,,,,,,,,,,,,,,,,,,,,,,,2023-10,1025.0,35.58,,,,,,,,,,,,,,,,,,,,,,,,,,,,,,,,,,,tv_wilder_rsi14_sma5_v1,69.63,60.45,True,True,9.17
7177,7177.T,ＧＭＯフィナンシャルホールディングス,2023-09,OUT,9,51.6,53.81,True,False,2.22,2023-01,552.0,726.0,726.0,31.52,,,,,,,,,,,,,,,,,,,,,,,,,,,,,2023-10,683.0,23.73,,,,,,,,,,,,,,,,,,,,,,,,,,,,,,,,,,,tv_wilder_rsi14_sma5_v1,53.81,51.6,False,True,2.22
7192,7192.T,日本モーゲージサービス,2023-09,OUT,3,30.65,31.69,False,False,1.04,2023-07,571.0,566.0,566.0,-0.88,,,,,,,,,,,,,,,,,,,,,,,,,,,,,2023-10,519.0,-9.11,,,,,,,,,,,,,,,,,,,,,,,,,,,,,,,,,,,tv_wilder_rsi14_sma5_v1,31.69,30.65,False,False,1.04
7201,7201.T,日産自動車,2023-09,OUT,9,56.62,61.37,True,True,4.74,2023-01,463.3,660.3,660.3,42.52,,,,,,,,,,,,,,,,,,,,,,,,,,,,,2023-10,567.4,22.47,,,,,,,,,,,,,,,,,,,,,,,,,,,,,,,,,,,tv_wilder_rsi14_sma5_v1,61.37,56.62,True,True,4.74
7202,7202.T,いすゞ自動車,2023-09,OUT,5,61.21,64.26,True,True,3.05,2023-05,1624.0,1880.5,1880.5,15.79,,,,,,,,,,,,,,,,,,,,,,,,,,,,,2023-10,1660.5,2.25,,,,,,,,,,,,,,,,,,,,,,,,,,,,,,,,,,,tv_wilder_rsi14_sma5_v1,64.26,61.21,True,True,3.05
7208,7208.T,カネミツ,2023-09,OUT,4,59.85,64.67,True,True,4.82,2023-06,771.0,812.0,812.0,5.32,,,,,,,,,,,,,,,,,,,,,,,,,,,,,2023-10,791.0,2.59,,,,,,,,,,,,,,,,,,,,,,,,,,,,,,,,,,,tv_wilder_rsi14_sma5_v1,64.67,59.85,True,True,4.82
7211,7211.T,三菱自動車工業,2023-09,OUT,3,58.39,65.46,True,True,7.07,2023-07,571.6,651.4,651.4,13.96,,,,,,,,,,,,,,,,,,,,,,,,,,,,,2023-10,482.6,-15.57,,,,,,,,,,,,,,,,,,,,,,,,,,,,,,,,,,,tv_wilder_rsi14_sma5_v1,65.46,58.39,True,True,7.07
7213,7213.T,レシップホールディングス,2023-09,OUT,9,49.73,54.03,True,True,4.3,2023-01,470.0,553.0,553.0,17.66,,,,,,,,,,,,,,,,,,,,,,,,,,,,,2023-10,519.0,10.43,,,,,,,,,,,,,,,,,,,,,,,,,,,,,,,,,,,tv_wilder_rsi14_sma5_v1,54.03,49.73,True,True,4.3
7217,7217.T,テイン,2023-09,OUT,9,53.03,59.89,True,True,6.86,2023-01,436.0,521.5,521.5,19.61,,,,,,,,,,,,,,,,,,,,,,,,,,,,,2023-10,479.0,9.86,,,,,,,,,,,,,,,,,,,,,,,,,,,,,,,,,,,tv_wilder_rsi14_sma5_v1,59.89,53.03,True,True,6.86
7218,7218.T,田中精密工業,2023-09,OUT,12,65.84,71.33,True,True,5.49,2022-10,619.0,826.0,826.0,33.44,,,,,,,,,,,,,,,,,,,,,,,,,,,,,2023-10,786.0,26.98,,,,,,,,,,,,,,,,,,,,,,,,,,,,,,,,,,,tv_wilder_rsi14_sma5_v1,71.33,65.84,True,True,5.49
7231,7231.T,トピー工業,2023-09,OUT,1,70.39,71.9,True,True,1.51,2023-09,2545.0,2545.0,2545.0,0.0,,,,,,,,,,,,,,,,,,,,,,,,,,,,,2023-10,2410.0,-5.3,,,,,,,,,,,,,,,,,,,,,,,,,,,,,,,,,,,tv_wilder_rsi14_sma5_v1,71.9,70.39,True,True,1.51
7238,7238.T,曙ブレーキ工業,2023-09,OUT,1,42.79,44.32,False,True,1.54,2023-09,140.0,140.0,140.0,0.0,,,,,,,,,,,,,,,,,,,,,,,,,,,,,2023-10,121.0,-13.57,,,,,,,,,,,,,,,,,,,,,,,,,,,,,,,,,,,tv_wilder_rsi14_sma5_v1,44.32,42.79,True,False,1.54
7239,7239.T,タチエス,2023-09,OUT,9,65.56,67.62,True,False,2.05,2023-01,1195.0,1702.0,1702.0,42.43,,,,,,,,,,,,,,,,,,,,,,,,,,,,,2023-10,1645.0,37.66,,,,,,,,,,,,,,,,,,,,,,,,,,,,,,,,,,,tv_wilder_rsi14_sma5_v1,67.62,65.56,False,True,2.05
7244,7244.T,市光工業,2023-09,OUT,1,53.74,56.43,True,True,2.68,2023-09,566.0,566.0,566.0,0.0,,,,,,,,,,,,,,,,,,,,,,,,,,,,,2023-10,523.0,-7.6,,,,,,,,,,,,,,,,,,,,,,,,,,,,,,,,,,,tv_wilder_rsi14_sma5_v1,56.43,53.74,True,True,2.68
7245,7245.T,大同メタル工業,2023-09,OUT,3,46.67,53.89,True,True,7.22,2023-07,532.0,570.0,570.0,7.14,,,,,,,,,,,,,,,,,,,,,,,,,,,,,2023-10,524.0,-1.5,,,,,,,,,,,,,,,,,,,,,,,,,,,,,,,,,,,tv_wilder_rsi14_sma5_v1,53.89,46.67,True,True,7.22
7246,7246.T,プレス工業,2023-09,OUT,9,76.64,80.28,True,True,3.64,2023-01,450.0,689.0,689.0,53.11,,,,,,,,,,,,,,,,,,,,,,,,,,,,,2023-10,640.0,42.22,,,,,,,,,,,,,,,,,,,,,,,,,,,,,,,,,,,tv_wilder_rsi14_sma5_v1,80.28,76.64,True,True,3.64
7247,7247.T,ミクニ,2023-09,OUT,11,64.06,65.11,True,True,1.06,2022-11,340.0,494.0,494.0,45.29,,,,,,,,,,,,,,,,,,,,,,,,,,,,,2023-10,427.0,25.59,,,,,,,,,,,,,,,,,,,,,,,,,,,,,,,,,,,tv_wilder_rsi14_sma5_v1,65.11,64.06,True,True,1.06
7255,7255.T,桜井製作所,2023-09,OUT,9,54.49,54.7,True,False,0.2,2023-01,483.0,504.0,504.0,4.35,,,,,,,,,,,,,,,,,,,,,,,,,,,,,2023-10,492.0,1.86,,,,,,,,,,,,,,,,,,,,,,,,,,,,,,,,,,,tv_wilder_rsi14_sma5_v1,54.7,54.49,False,True,0.2
7259,7259.T,アイシン,2023-09,OUT,6,61.39,71.94,True,True,10.55,2023-04,1325.0,1883.33,1883.33,42.14,,,,,,,,,,,,,,,,,,,,,,,,,,,,,2023-10,1734.0,30.87,,,,,,,,,,,,,,,,,,,,,,,,,,,,,,,,,,,tv_wilder_rsi14_sma5_v1,71.94,61.39,True,True,10.55
7261,7261.T,マツダ,2023-09,OUT,9,67.05,74.45,True,True,7.4,2023-01,1042.0,1696.5,1696.5,62.81,,,,,,,,,,,,,,,,,,,,,,,,,,,,,2023-10,1424.0,36.66,,,,,,,,,,,,,,,,,,,,,,,,,,,,,,,,,,,tv_wilder_rsi14_sma5_v1,74.45,67.05,True,True,7.4
7265,7265.T,エイケン工業,2023-09,OUT,1,55.09,62.65,True,True,7.56,2023-09,3460.0,3460.0,3460.0,0.0,,,,,,,,,,,,,,,,,,,,,,,,,,,,,2023-10,2660.0,-23.12,,,,,,,,,,,,,,,,,,,,,,,,,,,,,,,,,,,tv_wilder_rsi14_sma5_v1,62.65,55.09,True,True,7.56
7266,7266.T,今仙電機製作所,2023-09,OUT,2,46.91,48.53,False,False,1.63,2023-08,658.0,651.0,651.0,-1.06,,,,,,,,,,,,,,,,,,,,,,,,,,,,,2023-10,577.0,-12.31,,,,,,,,,,,,,,,,,,,,,,,,,,,,,,,,,,,tv_wilder_rsi14_sma5_v1,48.53,46.91,False,False,1.63
7267,7267.T,本田技研工業,2023-09,OUT,8,68.92,74.47,True,True,5.55,2023-02,1180.67,1682.0,1682.0,42.46,,,,,,,,,,,,,,,,,,,,,,,,,,,,,2023-10,1506.5,27.6,,,,,,,,,,,,,,,,,,,,,,,,,,,,,,,,,,,tv_wilder_rsi14_sma5_v1,74.47,68.92,True,True,5.55
7269,7269.T,スズキ,2023-09,OUT,4,58.52,63.85,True,True,5.33,2023-06,1300.25,1504.0,1504.0,15.67,,,,,,,,,,,,,,,,,,,,,,,,,,,,,2023-10,1446.0,11.21,,,,,,,,,,,,,,,,,,,,,,,,,,,,,,,,,,,tv_wilder_rsi14_sma5_v1,63.85,58.52,True,True,5.33
7270,7270.T,ＳＵＢＡＲＵ,2023-09,OUT,6,60.82,64.86,True,True,4.04,2023-04,2195.0,2906.0,2906.0,32.39,,,,,,,,,,,,,,,,,,,,,,,,,,,,,2023-10,2559.5,16.61,,,,,,,,,,,,,,,,,,,,,,,,,,,,,,,,,,,tv_wilder_rsi14_sma5_v1,64.86,60.82,True,True,4.04
7273,7273.T,イクヨ,2023-09,OUT,2,49.65,49.72,False,False,0.08,2023-08,141.9,138.7,138.7,-2.26,,,,,,,,,,,,,,,,,,,,,,,,,,,,,2023-10,128.9,-9.16,,,,,,,,,,,,,,,,,,,,,,,,,,,,,,,,,,,tv_wilder_rsi14_sma5_v1,49.72,49.65,False,False,0.08
7277,7277.T,ＴＢＫ,2023-09,OUT,9,57.86,61.2,True,True,3.34,2023-01,251.0,425.0,425.0,69.32,,,,,,,,,,,,,,,,,,,,,,,,,,,,,2023-10,376.0,49.8,,,,,,,,,,,,,,,,,,,,,,,,,,,,,,,,,,,tv_wilder_rsi14_sma5_v1,61.2,57.86,True,True,3.34
7278,7278.T,エクセディ,2023-09,OUT,9,72.29,74.92,True,False,2.62,2023-01,1747.0,2614.0,2614.0,49.63,,,,,,,,,,,,,,,,,,,,,,,,,,,,,2023-10,2503.0,43.27,,,,,,,,,,,,,,,,,,,,,,,,,,,,,,,,,,,tv_wilder_rsi14_sma5_v1,74.92,72.29,False,True,2.62
7282,7282.T,豊田合成,2023-09,OUT,8,62.28,68.32,True,True,6.04,2023-02,2218.0,3212.0,3212.0,44.82,,,,,,,,,,,,,,,,,,,,,,,,,,,,,2023-10,2965.0,33.68,,,,,,,,,,,,,,,,,,,,,,,,,,,,,,,,,,,tv_wilder_rsi14_sma5_v1,68.32,62.28,True,True,6.04
7283,7283.T,愛三工業,2023-09,OUT,9,74.76,79.61,True,True,4.85,2023-01,750.0,1337.0,1337.0,78.27,,,,,,,,,,,,,,,,,,,,,,,,,,,,,2023-10,1186.0,58.13,,,,,,,,,,,,,,,,,,,,,,,,,,,,,,,,,,,tv_wilder_rsi14_sma5_v1,79.61,74.76,True,True,4.85
7284,7284.T,盟和産業,2023-09,OUT,4,52.65,52.85,True,False,0.2,2023-06,1009.0,1002.0,1002.0,-0.69,,,,,,,,,,,,,,,,,,,,,,,,,,,,,2023-10,961.0,-4.76,,,,,,,,,,,,,,,,,,,,,,,,,,,,,,,,,,,tv_wilder_rsi14_sma5_v1,52.85,52.65,False,True,0.2
7287,7287.T,日本精機,2023-09,OUT,11,51.78,60.21,True,True,8.42,2022-11,831.0,1167.0,1167.0,40.43,,,,,,,,,,,,,,,,,,,,,,,,,,,,,2023-10,1068.0,28.52,,,,,,,,,,,,,,,,,,,,,,,,,,,,,,,,,,,tv_wilder_rsi14_sma5_v1,60.21,51.78,True,True,8.42
7291,7291.T,日本プラスト,2023-09,OUT,6,45.86,51.31,True,True,5.45,2023-04,417.0,491.0,491.0,17.75,,,,,,,,,,,,,,,,,,,,,,,,,,,,,2023-10,439.0,5.28,,,,,,,,,,,,,,,,,,,,,,,,,,,,,,,,,,,tv_wilder_rsi14_sma5_v1,51.31,45.86,True,True,5.45
7292,7292.T,村上開明堂,2023-09,OUT,1,62.33,69.55,True,True,7.22,2023-09,3350.0,3350.0,3350.0,0.0,,,,,,,,,,,,,,,,,,,,,,,,,,,,,2023-10,3065.0,-8.51,,,,,,,,,,,,,,,,,,,,,,,,,,,,,,,,,,,tv_wilder_rsi14_sma5_v1,69.55,62.33,True,True,7.22
7294,7294.T,ヨロズ,2023-09,OUT,4,47.97,50.49,True,True,2.52,2023-06,952.0,947.0,947.0,-0.53,,,,,,,,,,,,,,,,,,,,,,,,,,,,,2023-10,890.0,-6.51,,,,,,,,,,,,,,,,,,,,,,,,,,,,,,,,,,,tv_wilder_rsi14_sma5_v1,50.49,47.97,True,True,2.52
7296,7296.T,エフ・シー・シー,2023-09,OUT,9,60.73,61.18,True,False,0.45,2023-01,1444.0,1881.0,1881.0,30.26,,,,,,,,,,,,,,,,,,,,,,,,,,,,,2023-10,1780.0,23.27,,,,,,,,,,,,,,,,,,,,,,,,,,,,,,,,,,,tv_wilder_rsi14_sma5_v1,61.18,60.73,False,True,0.45
7317,7317.T,松屋アールアンドディ,2023-09,OUT,9,66.23,71.04,True,True,4.81,2023-01,305.0,642.0,642.0,110.49,,,,,,,,,,,,,,,,,,,,,,,,,,,,,2023-10,597.0,95.74,,,,,,,,,,,,,,,,,,,,,,,,,,,,,,,,,,,tv_wilder_rsi14_sma5_v1,71.04,66.23,True,True,4.81
7318,7318.T,セレンディップ・ホールディングス,2023-09,OUT,10,60.08,65.34,True,True,5.26,2022-12,177.25,405.25,405.25,128.63,,,,,,,,,,,,,,,,,,,,,,,,,,,,,2023-10,329.75,86.04,,,,,,,,,,,,,,,,,,,,,,,,,,,,,,,,,,,tv_wilder_rsi14_sma5_v1,65.34,60.08,True,True,5.26
7343,7343.T,ブロードマインド,2023-09,OUT,3,48.84,50.32,True,True,1.48,2023-07,1121.0,1134.0,1134.0,1.16,,,,,,,,,,,,,,,,,,,,,,,,,,,,,2023-10,1012.0,-9.72,,,,,,,,,,,,,,,,,,,,,,,,,,,,,,,,,,,tv_wilder_rsi14_sma5_v1,50.32,48.84,True,True,1.48
7347,7347.T,マーキュリアホールディングス,2023-09,OUT,4,55.54,60.43,True,True,4.89,2023-06,766.0,834.0,834.0,8.88,,,,,,,,,,,,,,,,,,,,,,,,,,,,,2023-10,749.0,-2.22,,,,,,,,,,,,,,,,,,,,,,,,,,,,,,,,,,,tv_wilder_rsi14_sma5_v1,60.43,55.54,True,True,4.89
7356,7356.T,Ｒｅｔｔｙ,2023-09,OUT,1,24.55,24.96,True,True,0.41,2023-09,195.0,195.0,195.0,0.0,,,,,,,,,,,,,,,,,,,,,,,,,,,,,2023-10,182.0,-6.67,,,,,,,,,,,,,,,,,,,,,,,,,,,,,,,,,,,tv_wilder_rsi14_sma5_v1,24.96,24.55,True,True,0.41
7363,7363.T,ベビーカレンダー,2023-09,OUT,4,18.79,18.88,True,True,0.1,2023-06,2215.0,2058.0,2058.0,-7.09,,,,,,,,,,,,,,,,,,,,,,,,,,,,,2023-10,1526.0,-31.11,,,,,,,,,,,,,,,,,,,,,,,,,,,,,,,,,,,tv_wilder_rsi14_sma5_v1,18.88,18.79,True,True,0.1
7381,7381.T,ＣＣＩグループ,2023-09,OUT,1,73.3,75.35,False,True,2.05,2023-09,520.0,520.0,520.0,0.0,,,,,,,,,,,,,,,,,,,,,,,,,,,,,2023-10,496.5,-4.52,,,,,,,,,,,,,,,,,,,,,,,,,,,,,,,,,,,tv_wilder_rsi14_sma5_v1,75.35,73.3,True,False,2.05
7383,7383.T,ネットプロテクションズホールディングス,2023-09,OUT,2,23.36,24.6,True,False,1.24,2023-08,401.0,340.0,340.0,-15.21,,,,,,,,,,,,,,,,,,,,,,,,,,,,,2023-10,266.0,-33.67,,,,,,,,,,,,,,,,,,,,,,,,,,,,,,,,,,,tv_wilder_rsi14_sma5_v1,24.6,23.36,False,True,1.24
7413,7413.T,創健社,2023-09,OUT,1,44.08,45.65,False,True,1.57,2023-09,2042.0,2042.0,2042.0,0.0,,,,,,,,,,,,,,,,,,,,,,,,,,,,,2023-10,2004.0,-1.86,,,,,,,,,,,,,,,,,,,,,,,,,,,,,,,,,,,tv_wilder_rsi14_sma5_v1,45.65,44.08,True,False,1.57
7414,7414.T,小野建,2023-09,OUT,4,59.44,63.35,True,True,3.91,2023-06,1601.0,1721.0,1721.0,7.5,,,,,,,,,,,,,,,,,,,,,,,,,,,,,2023-10,1672.0,4.43,,,,,,,,,,,,,,,,,,,,,,,,,,,,,,,,,,,tv_wilder_rsi14_sma5_v1,63.35,59.44,True,True,3.91
7417,7417.T,南陽,2023-09,OUT,1,58.52,60.98,False,True,2.46,2023-09,1117.5,1117.5,1117.5,0.0,,,,,,,,,,,,,,,,,,,,,,,,,,,,,2023-10,1012.0,-9.44,,,,,,,,,,,,,,,,,,,,,,,,,,,,,,,,,,,tv_wilder_rsi14_sma5_v1,60.98,58.52,True,False,2.46
7435,7435.T,ナ・デックス,2023-09,OUT,2,67.34,68.94,True,True,1.6,2023-08,1170.0,1185.0,1185.0,1.28,,,,,,,,,,,,,,,,,,,,,,,,,,,,,2023-10,1002.0,-14.36,,,,,,,,,,,,,,,,,,,,,,,,,,,,,,,,,,,tv_wilder_rsi14_sma5_v1,68.94,67.34,True,True,1.6
7438,7438.T,コンドーテック,2023-09,OUT,5,61.99,62.36,True,True,0.37,2023-05,1056.0,1179.0,1179.0,11.65,,,,,,,,,,,,,,,,,,,,,,,,,,,,,2023-10,1132.0,7.2,,,,,,,,,,,,,,,,,,,,,,,,,,,,,,,,,,,tv_wilder_rsi14_sma5_v1,62.36,61.99,True,True,0.37
7446,7446.T,東北化学薬品,2023-09,OUT,4,57.97,59.59,False,False,1.62,2023-06,3600.0,3725.0,3725.0,3.47,,,,,,,,,,,,,,,,,,,,,,,,,,,,,2023-10,3585.0,-0.42,,,,,,,,,,,,,,,,,,,,,,,,,,,,,,,,,,,tv_wilder_rsi14_sma5_v1,59.59,57.97,False,False,1.62
7463,7463.T,アドヴァングループ,2023-09,OUT,3,54.76,61.7,True,True,6.94,2023-07,992.0,1055.0,1055.0,6.35,,,,,,,,,,,,,,,,,,,,,,,,,,,,,2023-10,1006.0,1.41,,,,,,,,,,,,,,,,,,,,,,,,,,,,,,,,,,,tv_wilder_rsi14_sma5_v1,61.7,54.76,True,True,6.94
7464,7464.T,セフテック,2023-09,OUT,4,52.27,53.11,True,False,0.84,2023-06,2045.0,2087.5,2087.5,2.08,,,,,,,,,,,,,,,,,,,,,,,,,,,,,2023-10,1962.5,-4.03,,,,,,,,,,,,,,,,,,,,,,,,,,,,,,,,,,,tv_wilder_rsi14_sma5_v1,53.11,52.27,False,True,0.84
7472,7472.T,鳥羽洋行,2023-09,OUT,6,66.16,66.77,True,True,0.61,2023-04,2940.0,3265.0,3265.0,11.05,,,,,,,,,,,,,,,,,,,,,,,,,,,,,2023-10,3105.0,5.61,,,,,,,,,,,,,,,,,,,,,,,,,,,,,,,,,,,tv_wilder_rsi14_sma5_v1,66.77,66.16,True,True,0.61
7477,7477.T,ムラキ,2023-09,OUT,3,64.2,84.16,True,True,19.96,2023-07,1420.0,3400.0,3400.0,139.44,,,,,,,,,,,,,,,,,,,,,,,,,,,,,2023-10,1660.0,16.9,,,,,,,,,,,,,,,,,,,,,,,,,,,,,,,,,,,tv_wilder_rsi14_sma5_v1,84.16,64.2,True,True,19.96
7486,7486.T,サンリン,2023-09,OUT,3,45.91,46.83,False,False,0.91,2023-07,675.0,672.0,672.0,-0.44,,,,,,,,,,,,,,,,,,,,,,,,,,,,,2023-10,669.0,-0.89,,,,,,,,,,,,,,,,,,,,,,,,,,,,,,,,,,,tv_wilder_rsi14_sma5_v1,46.83,45.91,False,False,0.91
7501,7501.T,ティムコ,2023-09,OUT,3,51.1,56.29,True,True,5.19,2023-07,753.0,800.0,800.0,6.24,,,,,,,,,,,,,,,,,,,,,,,,,,,,,2023-10,746.0,-0.93,,,,,,,,,,,,,,,,,,,,,,,,,,,,,,,,,,,tv_wilder_rsi14_sma5_v1,56.29,51.1,True,True,5.19
7505,7505.T,扶桑電通,2023-09,OUT,6,61.13,67.85,True,True,6.72,2023-04,563.5,784.5,784.5,39.22,,,,,,,,,,,,,,,,,,,,,,,,,,,,,2023-10,705.0,25.11,,,,,,,,,,,,,,,,,,,,,,,,,,,,,,,,,,,tv_wilder_rsi14_sma5_v1,67.85,61.13,True,True,6.72
7506,7506.T,ハウス　オブ　ローゼ,2023-09,OUT,2,44.63,44.71,True,False,0.09,2023-08,1610.0,1607.0,1607.0,-0.19,,,,,,,,,,,,,,,,,,,,,,,,,,,,,2023-10,1597.0,-0.81,,,,,,,,,,,,,,,,,,,,,,,,,,,,,,,,,,,tv_wilder_rsi14_sma5_v1,44.71,44.63,False,True,0.09
7509,7509.T,アイエーグループ,2023-09,OUT,5,52.97,55.51,True,True,2.54,2023-05,3410.0,3605.0,3605.0,5.72,,,,,,,,,,,,,,,,,,,,,,,,,,,,,2023-10,3425.0,0.44,,,,,,,,,,,,,,,,,,,,,,,,,,,,,,,,,,,tv_wilder_rsi14_sma5_v1,55.51,52.97,True,True,2.54
7510,7510.T,たけびし,2023-09,OUT,4,61.89,63.63,True,False,1.74,2023-06,1733.0,1827.0,1827.0,5.42,,,,,,,,,,,,,,,,,,,,,,,,,,,,,2023-10,1805.0,4.15,,,,,,,,,,,,,,,,,,,,,,,,,,,,,,,,,,,tv_wilder_rsi14_sma5_v1,63.63,61.89,False,True,1.74
7532,7532.T,パン・パシフィック・インターナショナルホールディングス,2023-09,OUT,4,62.18,69.66,True,True,7.49,2023-06,514.6,627.6,627.6,21.96,,,,,,,,,,,,,,,,,,,,,,,,,,,,,2023-10,581.3,12.96,,,,,,,,,,,,,,,,,,,,,,,,,,,,,,,,,,,tv_wilder_rsi14_sma5_v1,69.66,62.18,True,True,7.49
7539,7539.T,アイナボホールディングス,2023-09,OUT,11,66.3,70.58,True,True,4.28,2022-11,469.0,637.0,637.0,35.82,,,,,,,,,,,,,,,,,,,,,,,,,,,,,2023-10,562.0,19.83,,,,,,,,,,,,,,,,,,,,,,,,,,,,,,,,,,,tv_wilder_rsi14_sma5_v1,70.58,66.3,True,True,4.28
7551,7551.T,ウェッズ,2023-09,OUT,1,56.65,57.18,False,True,0.52,2023-09,629.0,629.0,629.0,0.0,,,,,,,,,,,,,,,,,,,,,,,,,,,,,2023-10,613.0,-2.54,,,,,,,,,,,,,,,,,,,,,,,,,,,,,,,,,,,tv_wilder_rsi14_sma5_v1,57.18,56.65,True,False,0.52
7555,7555.T,大田花き,2023-09,OUT,4,56.34,58.45,True,False,2.11,2023-06,755.0,783.0,783.0,3.71,,,,,,,,,,,,,,,,,,,,,,,,,,,,,2023-10,751.0,-0.53,,,,,,,,,,,,,,,,,,,,,,,,,,,,,,,,,,,tv_wilder_rsi14_sma5_v1,58.45,56.34,False,True,2.11
7561,7561.T,ハークスレイ,2023-09,OUT,2,55.67,58.7,False,False,3.04,2023-08,756.0,732.0,732.0,-3.17,,,,,,,,,,,,,,,,,,,,,,,,,,,,,2023-10,675.0,-10.71,,,,,,,,,,,,,,,,,,,,,,,,,,,,,,,,,,,tv_wilder_rsi14_sma5_v1,58.7,55.67,False,False,3.04
7565,7565.T,萬世電機,2023-09,OUT,1,50.59,52.56,True,True,1.97,2023-09,3250.0,3250.0,3250.0,0.0,,,,,,,,,,,,,,,,,,,,,,,,,,,,,2023-10,3060.0,-5.85,,,,,,,,,,,,,,,,,,,,,,,,,,,,,,,,,,,tv_wilder_rsi14_sma5_v1,52.56,50.59,True,True,1.97
7578,7578.T,ニチリョク,2023-09,OUT,6,75.75,89.77,True,True,14.02,2023-04,114.0,593.0,593.0,420.18,,,,,,,,,,,,,,,,,,,,,,,,,,,,,2023-10,527.0,362.28,,,,,,,,,,,,,,,,,,,,,,,,,,,,,,,,,,,tv_wilder_rsi14_sma5_v1,89.77,75.75,True,True,14.02
7585,7585.T,かんなん丸,2023-09,OUT,9,46.69,48.26,True,False,1.57,2023-01,371.0,456.0,456.0,22.91,,,,,,,,,,,,,,,,,,,,,,,,,,,,,2023-10,444.0,19.68,,,,,,,,,,,,,,,,,,,,,,,,,,,,,,,,,,,tv_wilder_rsi14_sma5_v1,48.26,46.69,False,True,1.57
7601,7601.T,ポプラ,2023-09,OUT,7,49.9,53.32,False,True,3.42,2023-03,142.0,228.0,228.0,60.56,,,,,,,,,,,,,,,,,,,,,,,,,,,,,2023-10,185.0,30.28,,,,,,,,,,,,,,,,,,,,,,,,,,,,,,,,,,,tv_wilder_rsi14_sma5_v1,53.32,49.9,True,False,3.42
7602,7602.T,レダックス,2023-09,OUT,6,44.17,44.57,True,False,0.4,2023-04,199.0,204.0,204.0,2.51,,,,,,,,,,,,,,,,,,,,,,,,,,,,,2023-10,190.0,-4.52,,,,,,,,,,,,,,,,,,,,,,,,,,,,,,,,,,,tv_wilder_rsi14_sma5_v1,44.57,44.17,False,True,0.4
7616,7616.T,コロワイド,2023-09,OUT,9,62.79,66.65,True,False,3.87,2023-01,1837.0,2415.0,2415.0,31.46,,,,,,,,,,,,,,,,,,,,,,,,,,,,,2023-10,2343.0,27.54,,,,,,,,,,,,,,,,,,,,,,,,,,,,,,,,,,,tv_wilder_rsi14_sma5_v1,66.65,62.79,False,True,3.87
7619,7619.T,田中商事,2023-09,OUT,4,55.58,61.79,True,True,6.21,2023-06,651.0,698.0,698.0,7.22,,,,,,,,,,,,,,,,,,,,,,,,,,,,,2023-10,652.0,0.15,,,,,,,,,,,,,,,,,,,,,,,,,,,,,,,,,,,tv_wilder_rsi14_sma5_v1,61.79,55.58,True,True,6.21
7625,7625.T,グローバルダイニング,2023-09,OUT,3,59.12,67.89,True,True,8.78,2023-07,453.0,554.0,554.0,22.3,,,,,,,,,,,,,,,,,,,,,,,,,,,,,2023-10,456.0,0.66,,,,,,,,,,,,,,,,,,,,,,,,,,,,,,,,,,,tv_wilder_rsi14_sma5_v1,67.89,59.12,True,True,8.78
7634,7634.T,星医療酸器,2023-09,OUT,5,58.68,59.77,True,False,1.09,2023-05,4020.0,4200.0,4200.0,4.48,,,,,,,,,,,,,,,,,,,,,,,,,,,,,2023-10,3830.0,-4.73,,,,,,,,,,,,,,,,,,,,,,,,,,,,,,,,,,,tv_wilder_rsi14_sma5_v1,59.77,58.68,False,True,1.09
7638,7638.T,ＮＥＷ　ＡＲＴ　ＨＯＬＤＩＮＧＳ,2023-09,OUT,2,60.68,64.22,False,True,3.55,2023-08,1705.0,1798.0,1798.0,5.45,,,,,,,,,,,,,,,,,,,,,,,,,,,,,2023-10,1744.0,2.29,,,,,,,,,,,,,,,,,,,,,,,,,,,,,,,,,,,tv_wilder_rsi14_sma5_v1,64.22,60.68,True,False,3.55
7640,7640.T,トップカルチャー,2023-09,OUT,4,27.3,28.59,True,True,1.29,2023-06,189.0,189.0,189.0,0.0,,,,,,,,,,,,,,,,,,,,,,,,,,,,,2023-10,172.0,-8.99,,,,,,,,,,,,,,,,,,,,,,,,,,,,,,,,,,,tv_wilder_rsi14_sma5_v1,28.59,27.3,True,True,1.29
7643,7643.T,ダイイチ,2023-09,OUT,8,56.62,56.64,True,False,0.02,2023-02,777.0,854.0,854.0,9.91,,,,,,,,,,,,,,,,,,,,,,,,,,,,,2023-10,829.0,6.69,,,,,,,,,,,,,,,,,,,,,,,,,,,,,,,,,,,tv_wilder_rsi14_sma5_v1,56.64,56.62,False,True,0.02
7673,7673.T,ダイコー通産,2023-09,OUT,2,49.11,52.2,False,True,3.09,2023-08,1162.0,1205.0,1205.0,3.7,,,,,,,,,,,,,,,,,,,,,,,,,,,,,2023-10,1083.0,-6.8,,,,,,,,,,,,,,,,,,,,,,,,,,,,,,,,,,,tv_wilder_rsi14_sma5_v1,52.2,49.11,True,False,3.09
7674,7674.T,ＮＡＴＴＹ　ＳＷＡＮＫＹホールディングス,2023-09,OUT,7,59.16,60.23,True,False,1.07,2023-03,3095.0,3725.0,3725.0,20.36,,,,,,,,,,,,,,,,,,,,,,,,,,,,,2023-10,3285.0,6.14,,,,,,,,,,,,,,,,,,,,,,,,,,,,,,,,,,,tv_wilder_rsi14_sma5_v1,60.23,59.16,False,True,1.07
7683,7683.T,ダブルエー,2023-09,OUT,12,69.91,74.71,True,True,4.8,2022-10,632.5,1242.5,1242.5,96.44,,,,,,,,,,,,,,,,,,,,,,,,,,,,,2023-10,1123.0,77.55,,,,,,,,,,,,,,,,,,,,,,,,,,,,,,,,,,,tv_wilder_rsi14_sma5_v1,74.71,69.91,True,True,4.8
7686,7686.T,ひとまいる,2023-09,OUT,7,65.89,77.97,True,True,12.08,2023-03,446.67,918.67,918.67,105.67,,,,,,,,,,,,,,,,,,,,,,,,,,,,,2023-10,710.0,58.95,,,,,,,,,,,,,,,,,,,,,,,,,,,,,,,,,,,tv_wilder_rsi14_sma5_v1,77.97,65.89,True,True,12.08
7687,7687.T,ミクリード,2023-09,OUT,6,67.55,75.14,True,True,7.59,2023-04,386.0,683.33,683.33,77.03,,,,,,,,,,,,,,,,,,,,,,,,,,,,,2023-10,525.0,36.01,,,,,,,,,,,,,,,,,,,,,,,,,,,,,,,,,,,tv_wilder_rsi14_sma5_v1,75.14,67.55,True,True,7.59
7698,7698.T,アイスコ,2023-09,OUT,8,44.69,52.54,True,True,7.84,2023-02,694.0,908.0,908.0,30.84,,,,,,,,,,,,,,,,,,,,,,,,,,,,,2023-10,778.5,12.18,,,,,,,,,,,,,,,,,,,,,,,,,,,,,,,,,,,tv_wilder_rsi14_sma5_v1,52.54,44.69,True,True,7.84
7715,7715.T,長野計器,2023-09,OUT,11,73.65,74.09,True,False,0.44,2022-11,1155.0,2599.0,2599.0,125.02,,,,,,,,,,,,,,,,,,,,,,,,,,,,,2023-10,2307.0,99.74,,,,,,,,,,,,,,,,,,,,,,,,,,,,,,,,,,,tv_wilder_rsi14_sma5_v1,74.09,73.65,False,True,0.44
7716,7716.T,ナカニシ,2023-09,OUT,5,65.67,66.28,True,False,0.61,2023-05,2940.0,3495.0,3495.0,18.88,,,,,,,,,,,,,,,,,,,,,,,,,,,,,2023-10,3295.0,12.07,,,,,,,,,,,,,,,,,,,,,,,,,,,,,,,,,,,tv_wilder_rsi14_sma5_v1,66.28,65.67,False,True,0.61
7722,7722.T,国際計測器,2023-09,OUT,9,34.31,34.4,True,False,0.09,2023-01,523.0,524.0,524.0,0.19,,,,,,,,,,,,,,,,,,,,,,,,,,,,,2023-10,517.0,-1.15,,,,,,,,,,,,,,,,,,,,,,,,,,,,,,,,,,,tv_wilder_rsi14_sma5_v1,34.4,34.31,False,True,0.09
7726,7726.T,黒田精工,2023-09,OUT,1,42.81,43.09,False,True,0.28,2023-09,1460.0,1460.0,1460.0,0.0,,,,,,,,,,,,,,,,,,,,,,,,,,,,,2023-10,1253.0,-14.18,,,,,,,,,,,,,,,,,,,,,,,,,,,,,,,,,,,tv_wilder_rsi14_sma5_v1,43.09,42.81,True,False,0.28
7740,7740.T,タムロン,2023-09,OUT,6,72.52,76.32,True,True,3.8,2023-04,412.5,571.25,571.25,38.48,,,,,,,,,,,,,,,,,,,,,,,,,,,,,2023-10,509.38,23.48,,,,,,,,,,,,,,,,,,,,,,,,,,,,,,,,,,,tv_wilder_rsi14_sma5_v1,76.32,72.52,True,True,3.8
7752,7752.T,リコー,2023-09,OUT,1,59.67,61.69,True,True,2.02,2023-09,1290.5,1290.5,1290.5,0.0,,,,,,,,,,,,,,,,,,,,,,,,,,,,,2023-10,1212.5,-6.04,,,,,,,,,,,,,,,,,,,,,,,,,,,,,,,,,,,tv_wilder_rsi14_sma5_v1,61.69,59.67,True,True,2.02
7775,7775.T,大研医器,2023-09,OUT,9,52.54,52.92,True,False,0.39,2023-01,462.0,531.0,531.0,14.94,,,,,,,,,,,,,,,,,,,,,,,,,,,,,2023-10,532.0,15.15,,,,,,,,,,,,,,,,,,,,,,,,,,,,,,,,,,,tv_wilder_rsi14_sma5_v1,52.92,52.54,False,True,0.39
7792,7792.T,コラントッテ,2023-09,OUT,3,44.01,44.66,False,False,0.65,2023-07,1010.0,984.0,984.0,-2.57,,,,,,,,,,,,,,,,,,,,,,,,,,,,,2023-10,915.0,-9.41,,,,,,,,,,,,,,,,,,,,,,,,,,,,,,,,,,,tv_wilder_rsi14_sma5_v1,44.66,44.01,False,False,0.65
7804,7804.T,ビーアンドピー,2023-09,OUT,15,61.42,68.32,True,True,6.9,2022-07,1015.0,1592.0,1592.0,56.85,,,,,,,,,,,,,,,,,,,,,,,,,,,,,2023-10,1314.0,29.46,,,,,,,,,,,,,,,,,,,,,,,,,,,,,,,,,,,tv_wilder_rsi14_sma5_v1,68.32,61.42,True,True,6.9
7811,7811.T,中本パックス,2023-09,OUT,5,53.27,54.09,True,True,0.82,2023-05,1606.0,1658.0,1658.0,3.24,,,,,,,,,,,,,,,,,,,,,,,,,,,,,2023-10,1623.0,1.06,,,,,,,,,,,,,,,,,,,,,,,,,,,,,,,,,,,tv_wilder_rsi14_sma5_v1,54.09,53.27,True,True,0.82
7813,7813.T,プラッツ,2023-09,OUT,1,34.92,35.6,False,True,0.68,2023-09,663.0,663.0,663.0,0.0,,,,,,,,,,,,,,,,,,,,,,,,,,,,,2023-10,639.0,-3.62,,,,,,,,,,,,,,,,,,,,,,,,,,,,,,,,,,,tv_wilder_rsi14_sma5_v1,35.6,34.92,True,False,0.68
7819,7819.T,粧美堂,2023-09,OUT,8,58.19,58.61,True,False,0.42,2023-02,380.0,479.0,479.0,26.05,,,,,,,,,,,,,,,,,,,,,,,,,,,,,2023-10,463.0,21.84,,,,,,,,,,,,,,,,,,,,,,,,,,,,,,,,,,,tv_wilder_rsi14_sma5_v1,58.61,58.19,False,True,0.42
7822,7822.T,永大産業,2023-09,OUT,4,34.96,38.47,True,True,3.51,2023-06,215.0,224.0,224.0,4.19,,,,,,,,,,,,,,,,,,,,,,,,,,,,,2023-10,214.0,-0.47,,,,,,,,,,,,,,,,,,,,,,,,,,,,,,,,,,,tv_wilder_rsi14_sma5_v1,38.47,34.96,True,True,3.51
7827,7827.T,オービス,2023-09,OUT,8,71.02,84.02,True,True,13.01,2023-02,1152.0,1927.0,1927.0,67.27,,,,,,,,,,,,,,,,,,,,,,,,,,,,,2023-10,1575.0,36.72,,,,,,,,,,,,,,,,,,,,,,,,,,,,,,,,,,,tv_wilder_rsi14_sma5_v1,84.02,71.02,True,True,13.01
7831,7831.T,ウイルコホールディングス,2023-09,OUT,3,47.6,54.62,True,True,7.02,2023-07,143.0,153.0,153.0,6.99,,,,,,,,,,,,,,,,,,,,,,,,,,,,,2023-10,134.0,-6.29,,,,,,,,,,,,,,,,,,,,,,,,,,,,,,,,,,,tv_wilder_rsi14_sma5_v1,54.62,47.6,True,True,7.02
7833,7833.T,アイフィスジャパン,2023-09,OUT,1,45.19,50.13,True,True,4.93,2023-09,636.0,636.0,636.0,0.0,,,,,,,,,,,,,,,,,,,,,,,,,,,,,2023-10,587.0,-7.7,,,,,,,,,,,,,,,,,,,,,,,,,,,,,,,,,,,tv_wilder_rsi14_sma5_v1,50.13,45.19,True,True,4.93
7837,7837.T,アールシーコア,2023-09,OUT,7,37.69,38.78,True,False,1.09,2023-03,419.0,494.0,494.0,17.9,,,,,,,,,,,,,,,,,,,,,,,,,,,,,2023-10,492.0,17.42,,,,,,,,,,,,,,,,,,,,,,,,,,,,,,,,,,,tv_wilder_rsi14_sma5_v1,38.78,37.69,False,True,1.09
7840,7840.T,フランスベッドホールディングス,2023-09,OUT,9,69.88,73.02,True,True,3.14,2023-01,976.0,1213.0,1213.0,24.28,,,,,,,,,,,,,,,,,,,,,,,,,,,,,2023-10,1184.0,21.31,,,,,,,,,,,,,,,,,,,,,,,,,,,,,,,,,,,tv_wilder_rsi14_sma5_v1,73.02,69.88,True,True,3.14
7856,7856.T,萩原工業,2023-09,OUT,4,62.54,72.51,True,True,9.97,2023-06,1423.0,1838.0,1838.0,29.16,,,,,,,,,,,,,,,,,,,,,,,,,,,,,2023-10,1605.0,12.79,,,,,,,,,,,,,,,,,,,,,,,,,,,,,,,,,,,tv_wilder_rsi14_sma5_v1,72.51,62.54,True,True,9.97
7857,7857.T,セキ,2023-09,OUT,2,27.22,27.42,True,False,0.2,2023-08,1346.0,1325.0,1325.0,-1.56,,,,,,,,,,,,,,,,,,,,,,,,,,,,,2023-10,1310.0,-2.67,,,,,,,,,,,,,,,,,,,,,,,,,,,,,,,,,,,tv_wilder_rsi14_sma5_v1,27.42,27.22,False,True,0.2
7871,7871.T,フクビ化学工業,2023-09,OUT,8,68.93,73.81,True,False,4.88,2023-02,593.0,763.0,763.0,28.67,,,,,,,,,,,,,,,,,,,,,,,,,,,,,2023-10,744.0,25.46,,,,,,,,,,,,,,,,,,,,,,,,,,,,,,,,,,,tv_wilder_rsi14_sma5_v1,73.81,68.93,False,True,4.88
7872,7872.T,エステールホールディングス,2023-09,OUT,4,47.88,48.89,True,False,1.01,2023-06,625.0,626.0,626.0,0.16,,,,,,,,,,,,,,,,,,,,,,,,,,,,,2023-10,615.0,-1.6,,,,,,,,,,,,,,,,,,,,,,,,,,,,,,,,,,,tv_wilder_rsi14_sma5_v1,48.89,47.88,False,True,1.01
7875,7875.T,竹田ｉＰホールディングス,2023-09,OUT,3,58.15,59.71,True,True,1.56,2023-07,353.5,353.5,353.5,0.0,,,,,,,,,,,,,,,,,,,,,,,,,,,,,2023-10,332.5,-5.94,,,,,,,,,,,,,,,,,,,,,,,,,,,,,,,,,,,tv_wilder_rsi14_sma5_v1,59.71,58.15,True,True,1.56
7877,7877.T,永大化工,2023-09,OUT,4,46.58,54.06,True,True,7.48,2023-06,1478.0,1601.0,1601.0,8.32,,,,,,,,,,,,,,,,,,,,,,,,,,,,,2023-10,1520.0,2.84,,,,,,,,,,,,,,,,,,,,,,,,,,,,,,,,,,,tv_wilder_rsi14_sma5_v1,54.06,46.58,True,True,7.48
7878,7878.T,光・彩,2023-09,OUT,1,56.12,58.42,True,True,2.3,2023-09,1557.5,1557.5,1557.5,0.0,,,,,,,,,,,,,,,,,,,,,,,,,,,,,2023-10,1430.0,-8.19,,,,,,,,,,,,,,,,,,,,,,,,,,,,,,,,,,,tv_wilder_rsi14_sma5_v1,58.42,56.12,True,True,2.3
7879,7879.T,ノダ,2023-09,OUT,1,59.62,65.97,True,True,6.35,2023-09,1364.0,1364.0,1364.0,0.0,,,,,,,,,,,,,,,,,,,,,,,,,,,,,2023-10,1250.0,-8.36,,,,,,,,,,,,,,,,,,,,,,,,,,,,,,,,,,,tv_wilder_rsi14_sma5_v1,65.97,59.62,True,True,6.35
7885,7885.T,タカノ,2023-09,OUT,9,59.57,63.63,True,False,4.05,2023-01,676.0,870.0,870.0,28.7,,,,,,,,,,,,,,,,,,,,,,,,,,,,,2023-10,807.0,19.38,,,,,,,,,,,,,,,,,,,,,,,,,,,,,,,,,,,tv_wilder_rsi14_sma5_v1,63.63,59.57,False,True,4.05
7887,7887.T,南海プライウッド,2023-09,OUT,2,52.87,57.19,False,False,4.32,2023-08,1170.0,1164.0,1164.0,-0.51,,,,,,,,,,,,,,,,,,,,,,,,,,,,,2023-10,1102.0,-5.81,,,,,,,,,,,,,,,,,,,,,,,,,,,,,,,,,,,tv_wilder_rsi14_sma5_v1,57.19,52.87,False,False,4.32
7888,7888.T,三光合成,2023-09,OUT,4,65.67,69.88,True,True,4.21,2023-06,645.0,710.0,710.0,10.08,,,,,,,,,,,,,,,,,,,,,,,,,,,,,2023-10,534.0,-17.21,,,,,,,,,,,,,,,,,,,,,,,,,,,,,,,,,,,tv_wilder_rsi14_sma5_v1,69.88,65.67,True,True,4.21
7896,7896.T,セブン工業,2023-09,OUT,3,50.52,50.9,True,True,0.37,2023-07,514.0,508.0,508.0,-1.17,,,,,,,,,,,,,,,,,,,,,,,,,,,,,2023-10,505.0,-1.75,,,,,,,,,,,,,,,,,,,,,,,,,,,,,,,,,,,tv_wilder_rsi14_sma5_v1,50.9,50.52,True,True,0.37
7911,7911.T,ＴＯＰＰＡＮホールディングス,2023-09,OUT,8,76.03,79.39,True,True,3.36,2023-02,2463.0,3575.0,3575.0,45.15,,,,,,,,,,,,,,,,,,,,,,,,,,,,,2023-10,3452.0,40.15,,,,,,,,,,,,,,,,,,,,,,,,,,,,,,,,,,,tv_wilder_rsi14_sma5_v1,79.39,76.03,True,True,3.36
7916,7916.T,光村印刷,2023-09,OUT,4,42.11,48.93,True,True,6.82,2023-06,1218.0,1332.0,1332.0,9.36,,,,,,,,,,,,,,,,,,,,,,,,,,,,,2023-10,1245.0,2.22,,,,,,,,,,,,,,,,,,,,,,,,,,,,,,,,,,,tv_wilder_rsi14_sma5_v1,48.93,42.11,True,True,6.82
7919,7919.T,野崎印刷紙業,2023-09,OUT,3,58.78,61.55,True,True,2.76,2023-07,158.0,159.0,159.0,0.63,,,,,,,,,,,,,,,,,,,,,,,,,,,,,2023-10,140.0,-11.39,,,,,,,,,,,,,,,,,,,,,,,,,,,,,,,,,,,tv_wilder_rsi14_sma5_v1,61.55,58.78,True,True,2.76
7921,7921.T,ＴＡＫＡＲＡ　＆　ＣＯＭＰＡＮＹ,2023-09,OUT,2,62.26,66.55,False,True,4.29,2023-08,2349.0,2467.0,2467.0,5.02,,,,,,,,,,,,,,,,,,,,,,,,,,,,,2023-10,2393.0,1.87,,,,,,,,,,,,,,,,,,,,,,,,,,,,,,,,,,,tv_wilder_rsi14_sma5_v1,66.55,62.26,True,False,4.29
7931,7931.T,未来工業,2023-09,OUT,9,81.03,86.14,True,True,5.11,2023-01,1503.0,3435.0,3435.0,128.54,,,,,,,,,,,,,,,,,,,,,,,,,,,,,2023-10,3150.0,109.58,,,,,,,,,,,,,,,,,,,,,,,,,,,,,,,,,,,tv_wilder_rsi14_sma5_v1,86.14,81.03,True,True,5.11
7936,7936.T,アシックス,2023-09,OUT,11,78.16,80.95,True,False,2.8,2022-11,738.75,1305.75,1305.75,76.75,,,,,,,,,,,,,,,,,,,,,,,,,,,,,2023-10,1182.25,60.03,,,,,,,,,,,,,,,,,,,,,,,,,,,,,,,,,,,tv_wilder_rsi14_sma5_v1,80.95,78.16,False,True,2.8
7937,7937.T,ツツミ,2023-09,OUT,4,57.38,60.68,True,True,3.3,2023-06,2350.0,2449.0,2449.0,4.21,,,,,,,,,,,,,,,,,,,,,,,,,,,,,2023-10,2298.0,-2.21,,,,,,,,,,,,,,,,,,,,,,,,,,,,,,,,,,,tv_wilder_rsi14_sma5_v1,60.68,57.38,True,True,3.3
7938,7938.T,リーガルコーポレーション,2023-09,OUT,5,52.76,57.5,True,True,4.74,2023-05,1896.0,2050.0,2050.0,8.12,,,,,,,,,,,,,,,,,,,,,,,,,,,,,2023-10,2016.0,6.33,,,,,,,,,,,,,,,,,,,,,,,,,,,,,,,,,,,tv_wilder_rsi14_sma5_v1,57.5,52.76,True,True,4.74
7939,7939.T,研創,2023-09,OUT,3,60.27,64.32,True,True,4.05,2023-07,508.0,518.0,518.0,1.97,,,,,,,,,,,,,,,,,,,,,,,,,,,,,2023-10,504.0,-0.79,,,,,,,,,,,,,,,,,,,,,,,,,,,,,,,,,,,tv_wilder_rsi14_sma5_v1,64.32,60.27,True,True,4.05
7940,7940.T,ウェーブロックホールディングス,2023-09,OUT,4,44.97,50.01,True,False,5.04,2023-06,596.0,647.0,647.0,8.56,,,,,,,,,,,,,,,,,,,,,,,,,,,,,2023-10,617.0,3.52,,,,,,,,,,,,,,,,,,,,,,,,,,,,,,,,,,,tv_wilder_rsi14_sma5_v1,50.01,44.97,False,True,5.04
7942,7942.T,ＪＳＰ,2023-09,OUT,12,63.75,70.42,True,True,6.67,2022-10,1453.0,2043.0,2043.0,40.61,,,,,,,,,,,,,,,,,,,,,,,,,,,,,2023-10,1873.0,28.91,,,,,,,,,,,,,,,,,,,,,,,,,,,,,,,,,,,tv_wilder_rsi14_sma5_v1,70.42,63.75,True,True,6.67
7946,7946.T,光陽社,2023-09,OUT,1,51.78,52.1,False,True,0.32,2023-09,1595.0,1595.0,1595.0,0.0,,,,,,,,,,,,,,,,,,,,,,,,,,,,,2023-10,1471.0,-7.77,,,,,,,,,,,,,,,,,,,,,,,,,,,,,,,,,,,tv_wilder_rsi14_sma5_v1,52.1,51.78,True,False,0.32
7949,7949.T,小松ウオール工業,2023-09,OUT,9,80.66,83.43,True,False,2.77,2023-01,957.0,1466.5,1466.5,53.24,,,,,,,,,,,,,,,,,,,,,,,,,,,,,2023-10,1449.5,51.46,,,,,,,,,,,,,,,,,,,,,,,,,,,,,,,,,,,tv_wilder_rsi14_sma5_v1,83.43,80.66,False,True,2.77
7953,7953.T,菊水化学工業,2023-09,OUT,1,57.77,59.62,True,True,1.85,2023-09,407.0,407.0,407.0,0.0,,,,,,,,,,,,,,,,,,,,,,,,,,,,,2023-10,400.0,-1.72,,,,,,,,,,,,,,,,,,,,,,,,,,,,,,,,,,,tv_wilder_rsi14_sma5_v1,59.62,57.77,True,True,1.85
7955,7955.T,クリナップ,2023-09,OUT,1,57.68,57.74,False,True,0.06,2023-09,718.0,718.0,718.0,0.0,,,,,,,,,,,,,,,,,,,,,,,,,,,,,2023-10,700.0,-2.51,,,,,,,,,,,,,,,,,,,,,,,,,,,,,,,,,,,tv_wilder_rsi14_sma5_v1,57.74,57.68,True,False,0.06
7971,7971.T,東リ,2023-09,OUT,11,78.28,81.22,True,True,2.94,2022-11,211.0,366.0,366.0,73.46,,,,,,,,,,,,,,,,,,,,,,,,,,,,,2023-10,335.0,58.77,,,,,,,,,,,,,,,,,,,,,,,,,,,,,,,,,,,tv_wilder_rsi14_sma5_v1,81.22,78.28,True,True,2.94
7972,7972.T,イトーキ,2023-09,OUT,12,85.09,90.35,True,True,5.26,2022-10,425.0,1509.0,1509.0,255.06,,,,,,,,,,,,,,,,,,,,,,,,,,,,,2023-10,1432.0,236.94,,,,,,,,,,,,,,,,,,,,,,,,,,,,,,,,,,,tv_wilder_rsi14_sma5_v1,90.35,85.09,True,True,5.26
7976,7976.T,三菱鉛筆,2023-09,OUT,3,65.09,68.67,True,False,3.59,2023-07,1860.0,1918.0,1918.0,3.12,,,,,,,,,,,,,,,,,,,,,,,,,,,,,2023-10,1854.0,-0.32,,,,,,,,,,,,,,,,,,,,,,,,,,,,,,,,,,,tv_wilder_rsi14_sma5_v1,68.67,65.09,False,True,3.59
7983,7983.T,ミロク,2023-09,OUT,9,56.55,66.02,True,True,9.47,2023-01,1461.0,1813.0,1813.0,24.09,,,,,,,,,,,,,,,,,,,,,,,,,,,,,2023-10,1630.0,11.57,,,,,,,,,,,,,,,,,,,,,,,,,,,,,,,,,,,tv_wilder_rsi14_sma5_v1,66.02,56.55,True,True,9.47
7987,7987.T,ナカバヤシ,2023-09,OUT,4,48.9,49.76,True,False,0.87,2023-06,512.0,520.0,520.0,1.56,,,,,,,,,,,,,,,,,,,,,,,,,,,,,2023-10,516.0,0.78,,,,,,,,,,,,,,,,,,,,,,,,,,,,,,,,,,,tv_wilder_rsi14_sma5_v1,49.76,48.9,False,True,0.87
7991,7991.T,マミヤ・オーピー,2023-09,OUT,2,70.02,77.14,True,True,7.11,2023-08,1840.0,1964.0,1964.0,6.74,,,,,,,,,,,,,,,,,,,,,,,,,,,,,2023-10,1503.0,-18.32,,,,,,,,,,,,,,,,,,,,,,,,,,,,,,,,,,,tv_wilder_rsi14_sma5_v1,77.14,70.02,True,True,7.11
7994,7994.T,オカムラ,2023-09,OUT,6,77.49,82.13,True,True,4.64,2023-04,1446.0,2261.0,2261.0,56.36,,,,,,,,,,,,,,,,,,,,,,,,,,,,,2023-10,2135.0,47.65,,,,,,,,,,,,,,,,,,,,,,,,,,,,,,,,,,,tv_wilder_rsi14_sma5_v1,82.13,77.49,True,True,4.64
7997,7997.T,くろがね工作所,2023-09,OUT,7,63.25,70.59,True,True,7.34,2023-03,503.0,935.0,935.0,85.88,,,,,,,,,,,,,,,,,,,,,,,,,,,,,2023-10,825.0,64.02,,,,,,,,,,,,,,,,,,,,,,,,,,,,,,,,,,,tv_wilder_rsi14_sma5_v1,70.59,63.25,True,True,7.34
8005,8005.T,スクロール,2023-09,OUT,9,61.94,63.15,True,False,1.21,2023-01,726.0,993.0,993.0,36.78,,,,,,,,,,,,,,,,,,,,,,,,,,,,,2023-10,940.0,29.48,,,,,,,,,,,,,,,,,,,,,,,,,,,,,,,,,,,tv_wilder_rsi14_sma5_v1,63.15,61.94,False,True,1.21
8006,8006.T,ユアサ・フナショク,2023-09,OUT,14,56.76,60.13,True,True,3.37,2022-08,644.25,758.75,758.75,17.77,,,,,,,,,,,,,,,,,,,,,,,,,,,,,2023-10,747.25,15.99,,,,,,,,,,,,,,,,,,,,,,,,,,,,,,,,,,,tv_wilder_rsi14_sma5_v1,60.13,56.76,True,True,3.37
8007,8007.T,高島,2023-09,OUT,5,78.02,79.71,True,False,1.7,2023-05,418.75,465.0,465.0,11.04,,,,,,,,,,,,,,,,,,,,,,,,,,,,,2023-10,448.5,7.1,,,,,,,,,,,,,,,,,,,,,,,,,,,,,,,,,,,tv_wilder_rsi14_sma5_v1,79.71,78.02,False,True,1.7
8013,8013.T,ナイガイ,2023-09,OUT,5,45.52,47.09,True,False,1.57,2023-05,258.0,285.0,285.0,10.47,,,,,,,,,,,,,,,,,,,,,,,,,,,,,2023-10,266.0,3.1,,,,,,,,,,,,,,,,,,,,,,,,,,,,,,,,,,,tv_wilder_rsi14_sma5_v1,47.09,45.52,False,True,1.57
8014,8014.T,蝶理,2023-09,OUT,1,73.38,74.23,True,True,0.84,2023-09,2996.0,2996.0,2996.0,0.0,,,,,,,,,,,,,,,,,,,,,,,,,,,,,2023-10,2906.0,-3.0,,,,,,,,,,,,,,,,,,,,,,,,,,,,,,,,,,,tv_wilder_rsi14_sma5_v1,74.23,73.38,True,True,0.84
8015,8015.T,豊田通商,2023-09,OUT,9,76.25,81.1,True,True,4.84,2023-01,1820.0,2931.67,2931.67,61.08,,,,,,,,,,,,,,,,,,,,,,,,,,,,,2023-10,2635.33,44.8,,,,,,,,,,,,,,,,,,,,,,,,,,,,,,,,,,,tv_wilder_rsi14_sma5_v1,81.1,76.25,True,True,4.84
8016,8016.T,オンワードホールディングス,2023-09,OUT,17,65.81,67.63,True,True,1.82,2022-05,261.0,522.0,522.0,100.0,,,,,,,,,,,,,,,,,,,,,,,,,,,,,2023-10,475.0,81.99,,,,,,,,,,,,,,,,,,,,,,,,,,,,,,,,,,,tv_wilder_rsi14_sma5_v1,67.63,65.81,True,True,1.82
8020,8020.T,兼松,2023-09,OUT,9,75.2,75.73,True,True,0.54,2023-01,792.0,1034.0,1034.0,30.56,,,,,,,,,,,,,,,,,,,,,,,,,,,,,2023-10,1013.0,27.9,,,,,,,,,,,,,,,,,,,,,,,,,,,,,,,,,,,tv_wilder_rsi14_sma5_v1,75.73,75.2,True,True,0.54
8022,8022.T,美津濃,2023-09,OUT,11,79.28,85.25,True,True,5.97,2022-11,956.33,1580.0,1580.0,65.21,,,,,,,,,,,,,,,,,,,,,,,,,,,,,2023-10,1463.33,53.02,,,,,,,,,,,,,,,,,,,,,,,,,,,,,,,,,,,tv_wilder_rsi14_sma5_v1,85.25,79.28,True,True,5.97
8025,8025.T,ツカモトコーポレーション,2023-09,OUT,1,48.76,48.94,False,False,0.19,2023-09,1291.0,1291.0,1291.0,0.0,,,,,,,,,,,,,,,,,,,,,,,,,,,,,2023-10,1152.0,-10.77,,,,,,,,,,,,,,,,,,,,,,,,,,,,,,,,,,,tv_wilder_rsi14_sma5_v1,48.94,48.76,False,False,0.19
8032,8032.T,日本紙パルプ商事,2023-09,OUT,1,55.36,56.9,False,True,1.54,2023-09,488.5,488.5,488.5,0.0,,,,,,,,,,,,,,,,,,,,,,,,,,,,,2023-10,471.5,-3.48,,,,,,,,,,,,,,,,,,,,,,,,,,,,,,,,,,,tv_wilder_rsi14_sma5_v1,56.9,55.36,True,False,1.54
8058,8058.T,三菱商事,2023-09,OUT,9,78.09,78.49,True,False,0.4,2023-01,1445.33,2376.0,2376.0,64.39,,,,,,,,,,,,,,,,,,,,,,,,,,,,,2023-10,2318.33,60.4,,,,,,,,,,,,,,,,,,,,,,,,,,,,,,,,,,,tv_wilder_rsi14_sma5_v1,78.49,78.09,False,True,0.4
8060,8060.T,キヤノンマーケティングジャパン,2023-09,OUT,7,73.13,76.23,True,True,3.09,2023-03,1575.0,1938.5,1938.5,23.08,,,,,,,,,,,,,,,,,,,,,,,,,,,,,2023-10,1799.5,14.25,,,,,,,,,,,,,,,,,,,,,,,,,,,,,,,,,,,tv_wilder_rsi14_sma5_v1,76.23,73.13,True,True,3.09
8065,8065.T,佐藤商事,2023-09,OUT,1,64.6,65.22,False,True,0.62,2023-09,1512.0,1512.0,1512.0,0.0,,,,,,,,,,,,,,,,,,,,,,,,,,,,,2023-10,1471.0,-2.71,,,,,,,,,,,,,,,,,,,,,,,,,,,,,,,,,,,tv_wilder_rsi14_sma5_v1,65.22,64.6,True,False,0.62
8077,8077.T,トルク,2023-09,OUT,4,58.07,71.8,True,True,13.73,2023-06,248.0,310.0,310.0,25.0,,,,,,,,,,,,,,,,,,,,,,,,,,,,,2023-10,267.0,7.66,,,,,,,,,,,,,,,,,,,,,,,,,,,,,,,,,,,tv_wilder_rsi14_sma5_v1,71.8,58.07,True,True,13.73
8079,8079.T,正栄食品工業,2023-09,OUT,4,56.76,64.22,True,True,7.46,2023-06,4280.0,4860.0,4860.0,13.55,,,,,,,,,,,,,,,,,,,,,,,,,,,,,2023-10,4270.0,-0.23,,,,,,,,,,,,,,,,,,,,,,,,,,,,,,,,,,,tv_wilder_rsi14_sma5_v1,64.22,56.76,True,True,7.46
8084,8084.T,ＲＹＯＤＥＮ,2023-09,OUT,4,66.45,68.28,False,False,1.83,2023-06,2200.0,2325.0,2325.0,5.68,,,,,,,,,,,,,,,,,,,,,,,,,,,,,2023-10,2336.0,6.18,,,,,,,,,,,,,,,,,,,,,,,,,,,,,,,,,,,tv_wilder_rsi14_sma5_v1,68.28,66.45,False,False,1.83
8085,8085.T,ナラサキ産業,2023-09,OUT,5,65.74,71.59,True,True,5.85,2023-05,2140.0,2593.0,2593.0,21.17,,,,,,,,,,,,,,,,,,,,,,,,,,,,,2023-10,2365.0,10.51,,,,,,,,,,,,,,,,,,,,,,,,,,,,,,,,,,,tv_wilder_rsi14_sma5_v1,71.59,65.74,True,True,5.85
8101,8101.T,ＧＳＩクレオス,2023-09,OUT,4,74.74,78.66,True,True,3.92,2023-06,2045.0,2286.0,2286.0,11.78,,,,,,,,,,,,,,,,,,,,,,,,,,,,,2023-10,1978.0,-3.28,,,,,,,,,,,,,,,,,,,,,,,,,,,,,,,,,,,tv_wilder_rsi14_sma5_v1,78.66,74.74,True,True,3.92
8104,8104.T,クワザワホールディングス,2023-09,OUT,4,53.82,57.96,True,True,4.14,2023-06,578.0,582.0,582.0,0.69,,,,,,,,,,,,,,,,,,,,,,,,,,,,,2023-10,529.0,-8.48,,,,,,,,,,,,,,,,,,,,,,,,,,,,,,,,,,,tv_wilder_rsi14_sma5_v1,57.96,53.82,True,True,4.14
8117,8117.T,中央自動車工業,2023-09,OUT,11,68.11,71.77,True,True,3.67,2022-11,795.33,1241.67,1241.67,56.12,,,,,,,,,,,,,,,,,,,,,,,,,,,,,2023-10,1125.0,41.45,,,,,,,,,,,,,,,,,,,,,,,,,,,,,,,,,,,tv_wilder_rsi14_sma5_v1,71.77,68.11,True,True,3.67
8127,8127.T,ヤマトインターナショナル,2023-09,OUT,1,50.46,57.82,True,True,7.35,2023-09,323.0,323.0,323.0,0.0,,,,,,,,,,,,,,,,,,,,,,,,,,,,,2023-10,296.0,-8.36,,,,,,,,,,,,,,,,,,,,,,,,,,,,,,,,,,,tv_wilder_rsi14_sma5_v1,57.82,50.46,True,True,7.35
8130,8130.T,サンゲツ,2023-09,OUT,4,74.57,75.32,True,False,0.75,2023-06,2483.0,2913.0,2913.0,17.32,,,,,,,,,,,,,,,,,,,,,,,,,,,,,2023-10,2823.0,13.69,,,,,,,,,,,,,,,,,,,,,,,,,,,,,,,,,,,tv_wilder_rsi14_sma5_v1,75.32,74.57,False,True,0.75
8133,8133.T,伊藤忠エネクス,2023-09,OUT,10,77.47,83.92,True,True,6.45,2022-12,1050.0,1505.0,1505.0,43.33,,,,,,,,,,,,,,,,,,,,,,,,,,,,,2023-10,1480.0,40.95,,,,,,,,,,,,,,,,,,,,,,,,,,,,,,,,,,,tv_wilder_rsi14_sma5_v1,83.92,77.47,True,True,6.45
8141,8141.T,新光商事,2023-09,OUT,2,57.19,58.8,False,True,1.62,2023-08,1169.0,1187.0,1187.0,1.54,,,,,,,,,,,,,,,,,,,,,,,,,,,,,2023-10,1163.0,-0.51,,,,,,,,,,,,,,,,,,,,,,,,,,,,,,,,,,,tv_wilder_rsi14_sma5_v1,58.8,57.19,True,False,1.62
8142,8142.T,トーホー,2023-09,OUT,2,73.93,77.07,True,True,3.14,2023-08,1095.0,1125.0,1125.0,2.74,,,,,,,,,,,,,,,,,,,,,,,,,,,,,2023-10,1011.67,-7.61,,,,,,,,,,,,,,,,,,,,,,,,,,,,,,,,,,,tv_wilder_rsi14_sma5_v1,77.07,73.93,True,True,3.14
8143,8143.T,ラピーヌ,2023-09,OUT,2,41.27,42.03,True,True,0.76,2023-08,317.0,319.0,319.0,0.63,,,,,,,,,,,,,,,,,,,,,,,,,,,,,2023-10,306.0,-3.47,,,,,,,,,,,,,,,,,,,,,,,,,,,,,,,,,,,tv_wilder_rsi14_sma5_v1,42.03,41.27,True,True,0.76
8144,8144.T,デンキョーグループホールディングス,2023-09,OUT,4,50.94,51.97,True,False,1.03,2023-06,1235.0,1255.0,1255.0,1.62,,,,,,,,,,,,,,,,,,,,,,,,,,,,,2023-10,1207.0,-2.27,,,,,,,,,,,,,,,,,,,,,,,,,,,,,,,,,,,tv_wilder_rsi14_sma5_v1,51.97,50.94,False,True,1.03
8152,8152.T,ソマール,2023-09,OUT,3,64.44,72.23,True,True,7.79,2023-07,2239.0,2466.0,2466.0,10.14,,,,,,,,,,,,,,,,,,,,,,,,,,,,,2023-10,2322.0,3.71,,,,,,,,,,,,,,,,,,,,,,,,,,,,,,,,,,,tv_wilder_rsi14_sma5_v1,72.23,64.44,True,True,7.79
8154,8154.T,加賀電子,2023-09,OUT,5,78.52,78.62,True,False,0.09,2023-05,2560.0,3245.0,3245.0,26.76,,,,,,,,,,,,,,,,,,,,,,,,,,,,,2023-10,2985.0,16.6,,,,,,,,,,,,,,,,,,,,,,,,,,,,,,,,,,,tv_wilder_rsi14_sma5_v1,78.62,78.52,False,True,0.09
8157,8157.T,都築電気,2023-09,OUT,9,69.39,72.97,True,False,3.58,2023-01,1326.0,2315.0,2315.0,74.59,,,,,,,,,,,,,,,,,,,,,,,,,,,,,2023-10,2145.0,61.76,,,,,,,,,,,,,,,,,,,,,,,,,,,,,,,,,,,tv_wilder_rsi14_sma5_v1,72.97,69.39,False,True,3.58
8166,8166.T,タカキュー,2023-09,OUT,9,39.07,46.16,True,True,7.08,2023-01,75.0,92.0,92.0,22.67,,,,,,,,,,,,,,,,,,,,,,,,,,,,,2023-10,76.0,1.33,,,,,,,,,,,,,,,,,,,,,,,,,,,,,,,,,,,tv_wilder_rsi14_sma5_v1,46.16,39.07,True,True,7.08
8181,8181.T,東天紅,2023-09,OUT,6,40.24,46.76,True,True,6.52,2023-04,759.0,850.0,850.0,11.99,,,,,,,,,,,,,,,,,,,,,,,,,,,,,2023-10,795.0,4.74,,,,,,,,,,,,,,,,,,,,,,,,,,,,,,,,,,,tv_wilder_rsi14_sma5_v1,46.76,40.24,True,True,6.52
8202,8202.T,ラオックスホールディングス,2023-09,OUT,2,52.74,56.75,False,True,4.01,2023-08,267.0,279.0,279.0,4.49,,,,,,,,,,,,,,,,,,,,,,,,,,,,,2023-10,235.0,-11.99,,,,,,,,,,,,,,,,,,,,,,,,,,,,,,,,,,,tv_wilder_rsi14_sma5_v1,56.75,52.74,True,False,4.01
8207,8207.T,テンアライド,2023-09,OUT,4,48.8,51.25,True,False,2.46,2023-06,283.0,304.0,304.0,7.42,,,,,,,,,,,,,,,,,,,,,,,,,,,,,2023-10,303.0,7.07,,,,,,,,,,,,,,,,,,,,,,,,,,,,,,,,,,,tv_wilder_rsi14_sma5_v1,51.25,48.8,False,True,2.46
8214,8214.T,ＡＯＫＩホールディングス,2023-09,OUT,3,62.57,65.39,False,False,2.82,2023-07,919.0,1011.0,1011.0,10.01,,,,,,,,,,,,,,,,,,,,,,,,,,,,,2023-10,982.0,6.86,,,,,,,,,,,,,,,,,,,,,,,,,,,,,,,,,,,tv_wilder_rsi14_sma5_v1,65.39,62.57,False,False,2.82
8217,8217.T,オークワ,2023-09,OUT,3,40.59,42.07,False,True,1.48,2023-07,870.0,870.0,870.0,0.0,,,,,,,,,,,,,,,,,,,,,,,,,,,,,2023-10,845.0,-2.87,,,,,,,,,,,,,,,,,,,,,,,,,,,,,,,,,,,tv_wilder_rsi14_sma5_v1,42.07,40.59,True,False,1.48
8219,8219.T,青山商事,2023-09,OUT,5,68.43,74.44,True,True,6.01,2023-05,425.67,557.0,557.0,30.85,,,,,,,,,,,,,,,,,,,,,,,,,,,,,2023-10,500.0,17.46,,,,,,,,,,,,,,,,,,,,,,,,,,,,,,,,,,,tv_wilder_rsi14_sma5_v1,74.44,68.43,True,True,6.01
8225,8225.T,タカチホ,2023-09,OUT,4,62.31,65.44,True,True,3.14,2023-06,1960.0,2070.0,2070.0,5.61,,,,,,,,,,,,,,,,,,,,,,,,,,,,,2023-10,1950.0,-0.51,,,,,,,,,,,,,,,,,,,,,,,,,,,,,,,,,,,tv_wilder_rsi14_sma5_v1,65.44,62.31,True,True,3.14
8226,8226.T,理経,2023-09,OUT,2,45.56,45.92,False,False,0.36,2023-08,233.0,229.0,229.0,-1.72,,,,,,,,,,,,,,,,,,,,,,,,,,,,,2023-10,219.0,-6.01,,,,,,,,,,,,,,,,,,,,,,,,,,,,,,,,,,,tv_wilder_rsi14_sma5_v1,45.92,45.56,False,False,0.36
8233,8233.T,高島屋,2023-09,OUT,3,72.32,75.4,False,True,3.08,2023-07,1033.0,1094.0,1094.0,5.91,,,,,,,,,,,,,,,,,,,,,,,,,,,,,2023-10,1021.5,-1.11,,,,,,,,,,,,,,,,,,,,,,,,,,,,,,,,,,,tv_wilder_rsi14_sma5_v1,75.4,72.32,True,False,3.08
8242,8242.T,エイチ・ツー・オー　リテイリング,2023-09,OUT,2,69.12,74.81,False,True,5.69,2023-08,1755.0,1814.0,1814.0,3.36,,,,,,,,,,,,,,,,,,,,,,,,,,,,,2023-10,1610.0,-8.26,,,,,,,,,,,,,,,,,,,,,,,,,,,,,,,,,,,tv_wilder_rsi14_sma5_v1,74.81,69.12,True,False,5.69
8247,8247.T,大和,2023-09,OUT,4,64.49,71.01,True,True,6.52,2023-06,423.0,487.0,487.0,15.13,,,,,,,,,,,,,,,,,,,,,,,,,,,,,2023-10,439.0,3.78,,,,,,,,,,,,,,,,,,,,,,,,,,,,,,,,,,,tv_wilder_rsi14_sma5_v1,71.01,64.49,True,True,6.52
8253,8253.T,クレディセゾン,2023-09,OUT,6,69.32,72.79,True,True,3.48,2023-04,1879.0,2370.5,2370.5,26.16,,,,,,,,,,,,,,,,,,,,,,,,,,,,,2023-10,2245.5,19.51,,,,,,,,,,,,,,,,,,,,,,,,,,,,,,,,,,,tv_wilder_rsi14_sma5_v1,72.79,69.32,True,True,3.48
8254,8254.T,さいか屋,2023-09,OUT,19,59.73,63.63,True,True,3.9,2022-03,245.0,385.0,385.0,57.14,,,,,,,,,,,,,,,,,,,,,,,,,,,,,2023-10,356.0,45.31,,,,,,,,,,,,,,,,,,,,,,,,,,,,,,,,,,,tv_wilder_rsi14_sma5_v1,63.63,59.73,True,True,3.9
8260,8260.T,井筒屋,2023-09,OUT,4,54.36,57.27,True,True,2.91,2023-06,351.0,380.0,380.0,8.26,,,,,,,,,,,,,,,,,,,,,,,,,,,,,2023-10,356.0,1.42,,,,,,,,,,,,,,,,,,,,,,,,,,,,,,,,,,,tv_wilder_rsi14_sma5_v1,57.27,54.36,True,True,2.91
8276,8276.T,平和堂,2023-09,OUT,4,60.53,69.3,True,True,8.77,2023-06,2150.0,2608.0,2608.0,21.3,,,,,,,,,,,,,,,,,,,,,,,,,,,,,2023-10,2462.0,14.51,,,,,,,,,,,,,,,,,,,,,,,,,,,,,,,,,,,tv_wilder_rsi14_sma5_v1,69.3,60.53,True,True,8.77
8291,8291.T,日産東京販売ホールディングス,2023-09,OUT,4,70.99,78.88,True,True,7.89,2023-06,382.0,484.0,484.0,26.7,,,,,,,,,,,,,,,,,,,,,,,,,,,,,2023-10,455.0,19.11,,,,,,,,,,,,,,,,,,,,,,,,,,,,,,,,,,,tv_wilder_rsi14_sma5_v1,78.88,70.99,True,True,7.89
8303,8303.T,ＳＢＩ新生銀行,2023-09,OUT,6,75.3,100.0,True,True,24.7,2023-04,2423.0,55319998464.0,55319998464.0,2283119935.66,,,,,,,,,,,,,,,,,,,,,,,,,,,,,2023-10,55319998464.0,2283119935.66,,,,,,,,,,,,,,,,,,,,,,,,,,,,,,,,,,,tv_wilder_rsi14_sma5_v1,100.0,75.3,True,True,24.7
8410,8410.T,セブン銀行,2023-09,OUT,4,63.06,67.42,True,True,4.36,2023-06,283.1,310.9,310.9,9.82,,,,,,,,,,,,,,,,,,,,,,,,,,,,,2023-10,298.3,5.37,,,,,,,,,,,,,,,,,,,,,,,,,,,,,,,,,,,tv_wilder_rsi14_sma5_v1,67.42,63.06,True,True,4.36
8425,8425.T,みずほリース,2023-09,OUT,11,74.75,76.15,True,True,1.39,2022-11,661.0,982.0,982.0,48.56,,,,,,,,,,,,,,,,,,,,,,,,,,,,,2023-10,954.0,44.33,,,,,,,,,,,,,,,,,,,,,,,,,,,,,,,,,,,tv_wilder_rsi14_sma5_v1,76.15,74.75,True,True,1.39
8518,8518.T,日本アジア投資,2023-09,OUT,2,51.19,54.12,True,False,2.93,2023-08,282.0,272.0,272.0,-3.55,,,,,,,,,,,,,,,,,,,,,,,,,,,,,2023-10,234.0,-17.02,,,,,,,,,,,,,,,,,,,,,,,,,,,,,,,,,,,tv_wilder_rsi14_sma5_v1,54.12,51.19,False,True,2.93
8570,8570.T,イオンフィナンシャルサービス,2023-09,OUT,4,45.66,47.72,True,True,2.06,2023-06,1282.0,1288.5,1288.5,0.51,,,,,,,,,,,,,,,,,,,,,,,,,,,,,2023-10,1238.0,-3.43,,,,,,,,,,,,,,,,,,,,,,,,,,,,,,,,,,,tv_wilder_rsi14_sma5_v1,47.72,45.66,True,True,2.06
8591,8591.T,オリックス,2023-09,OUT,5,63.31,66.45,True,True,3.14,2023-05,2375.5,2793.0,2793.0,17.58,,,,,,,,,,,,,,,,,,,,,,,,,,,,,2023-10,2715.0,14.29,,,,,,,,,,,,,,,,,,,,,,,,,,,,,,,,,,,tv_wilder_rsi14_sma5_v1,66.45,63.31,True,True,3.14
8596,8596.T,九州リースサービス,2023-09,OUT,1,64.95,69.97,False,True,5.03,2023-09,1036.0,1036.0,1036.0,0.0,,,,,,,,,,,,,,,,,,,,,,,,,,,,,2023-10,926.0,-10.62,,,,,,,,,,,,,,,,,,,,,,,,,,,,,,,,,,,tv_wilder_rsi14_sma5_v1,69.97,64.95,True,False,5.03
8604,8604.T,野村ホールディングス,2023-09,OUT,4,55.6,60.37,True,True,4.77,2023-06,547.2,599.1,599.1,9.48,,,,,,,,,,,,,,,,,,,,,,,,,,,,,2023-10,579.9,5.98,,,,,,,,,,,,,,,,,,,,,,,,,,,,,,,,,,,tv_wilder_rsi14_sma5_v1,60.37,55.6,True,True,4.77
8614,8614.T,東洋証券,2023-09,OUT,1,60.46,60.59,False,False,0.13,2023-09,321.0,321.0,321.0,0.0,,,,,,,,,,,,,,,,,,,,,,,,,,,,,2023-10,288.0,-10.28,,,,,,,,,,,,,,,,,,,,,,,,,,,,,,,,,,,tv_wilder_rsi14_sma5_v1,60.59,60.46,False,False,0.13
8617,8617.T,光世証券,2023-09,OUT,9,56.2,60.82,True,False,4.62,2023-01,363.0,608.0,608.0,67.49,,,,,,,,,,,,,,,,,,,,,,,,,,,,,2023-10,500.0,37.74,,,,,,,,,,,,,,,,,,,,,,,,,,,,,,,,,,,tv_wilder_rsi14_sma5_v1,60.82,56.2,False,True,4.62
8628,8628.T,松井証券,2023-09,OUT,4,47.64,53.01,True,True,5.37,2023-06,794.0,821.0,821.0,3.4,,,,,,,,,,,,,,,,,,,,,,,,,,,,,2023-10,750.0,-5.54,,,,,,,,,,,,,,,,,,,,,,,,,,,,,,,,,,,tv_wilder_rsi14_sma5_v1,53.01,47.64,True,True,5.37
8705,8705.T,日産証券グループ,2023-09,OUT,2,52.53,54.79,True,False,2.26,2023-08,164.0,163.0,163.0,-0.61,,,,,,,,,,,,,,,,,,,,,,,,,,,,,2023-10,159.0,-3.05,,,,,,,,,,,,,,,,,,,,,,,,,,,,,,,,,,,tv_wilder_rsi14_sma5_v1,54.79,52.53,False,True,2.26
8737,8737.T,あかつき本社,2023-09,OUT,5,63.43,72.02,True,True,8.6,2023-05,333.0,434.0,434.0,30.33,,,,,,,,,,,,,,,,,,,,,,,,,,,,,2023-10,412.0,23.72,,,,,,,,,,,,,,,,,,,,,,,,,,,,,,,,,,,tv_wilder_rsi14_sma5_v1,72.02,63.43,True,True,8.6
8739,8739.T,スパークス・グループ,2023-09,OUT,4,51.42,52.05,True,True,0.63,2023-06,1528.0,1507.0,1507.0,-1.37,,,,,,,,,,,,,,,,,,,,,,,,,,,,,2023-10,1434.0,-6.15,,,,,,,,,,,,,,,,,,,,,,,,,,,,,,,,,,,tv_wilder_rsi14_sma5_v1,52.05,51.42,True,True,0.63
8742,8742.T,小林洋行,2023-09,OUT,1,49.12,52.67,False,True,3.55,2023-09,242.0,242.0,242.0,0.0,,,,,,,,,,,,,,,,,,,,,,,,,,,,,2023-10,230.0,-4.96,,,,,,,,,,,,,,,,,,,,,,,,,,,,,,,,,,,tv_wilder_rsi14_sma5_v1,52.67,49.12,True,False,3.55
8766,8766.T,東京海上ホールディングス,2023-09,OUT,5,71.19,73.19,True,True,2.01,2023-05,3144.0,3465.0,3465.0,10.21,,,,,,,,,,,,,,,,,,,,,,,,,,,,,2023-10,3343.0,6.33,,,,,,,,,,,,,,,,,,,,,,,,,,,,,,,,,,,tv_wilder_rsi14_sma5_v1,73.19,71.19,True,True,2.01
8772,8772.T,アサックス,2023-09,OUT,4,52.66,58.68,True,True,6.03,2023-06,642.0,691.0,691.0,7.63,,,,,,,,,,,,,,,,,,,,,,,,,,,,,2023-10,646.0,0.62,,,,,,,,,,,,,,,,,,,,,,,,,,,,,,,,,,,tv_wilder_rsi14_sma5_v1,58.68,52.66,True,True,6.03
8793,8793.T,ＮＥＣキャピタルソリューション,2023-09,OUT,10,74.39,75.09,True,True,0.7,2022-12,2146.0,3250.0,3250.0,51.44,,,,,,,,,,,,,,,,,,,,,,,,,,,,,2023-10,3100.0,44.45,,,,,,,,,,,,,,,,,,,,,,,,,,,,,,,,,,,tv_wilder_rsi14_sma5_v1,75.09,74.39,True,True,0.7
8803,8803.T,平和不動産,2023-09,OUT,4,53.02,55.55,True,True,2.53,2023-06,1897.5,1990.0,1990.0,4.87,,,,,,,,,,,,,,,,,,,,,,,,,,,,,2023-10,1922.5,1.32,,,,,,,,,,,,,,,,,,,,,,,,,,,,,,,,,,,tv_wilder_rsi14_sma5_v1,55.55,53.02,True,True,2.53
8830,8830.T,住友不動産,2023-09,OUT,6,54.48,58.0,True,True,3.51,2023-04,1580.0,1943.0,1943.0,22.97,,,,,,,,,,,,,,,,,,,,,,,,,,,,,2023-10,1877.0,18.8,,,,,,,,,,,,,,,,,,,,,,,,,,,,,,,,,,,tv_wilder_rsi14_sma5_v1,58.0,54.48,True,True,3.51
8835,8835.T,太平洋興発,2023-09,OUT,1,51.76,54.28,False,True,2.52,2023-09,810.0,810.0,810.0,0.0,,,,,,,,,,,,,,,,,,,,,,,,,,,,,2023-10,766.0,-5.43,,,,,,,,,,,,,,,,,,,,,,,,,,,,,,,,,,,tv_wilder_rsi14_sma5_v1,54.28,51.76,True,False,2.52
8844,8844.T,コスモスイニシア,2023-09,OUT,6,67.06,72.37,True,True,5.3,2023-04,581.0,725.0,725.0,24.78,,,,,,,,,,,,,,,,,,,,,,,,,,,,,2023-10,679.0,16.87,,,,,,,,,,,,,,,,,,,,,,,,,,,,,,,,,,,tv_wilder_rsi14_sma5_v1,72.37,67.06,True,True,5.3
8848,8848.T,レオパレス２１,2023-09,OUT,2,53.94,54.6,False,False,0.67,2023-08,366.0,328.0,328.0,-10.38,,,,,,,,,,,,,,,,,,,,,,,,,,,,,2023-10,323.0,-11.75,,,,,,,,,,,,,,,,,,,,,,,,,,,,,,,,,,,tv_wilder_rsi14_sma5_v1,54.6,53.94,False,False,0.67
8864,8864.T,空港施設,2023-09,OUT,3,53.01,53.26,False,False,0.25,2023-07,563.0,565.0,565.0,0.36,,,,,,,,,,,,,,,,,,,,,,,,,,,,,2023-10,560.0,-0.53,,,,,,,,,,,,,,,,,,,,,,,,,,,,,,,,,,,tv_wilder_rsi14_sma5_v1,53.26,53.01,False,False,0.25
8881,8881.T,日神グループホールディングス,2023-09,OUT,4,59.03,64.04,True,True,5.01,2023-06,516.0,540.0,540.0,4.65,,,,,,,,,,,,,,,,,,,,,,,,,,,,,2023-10,507.0,-1.74,,,,,,,,,,,,,,,,,,,,,,,,,,,,,,,,,,,tv_wilder_rsi14_sma5_v1,64.04,59.03,True,True,5.01
8891,8891.T,ＡＭＧホールディングス,2023-09,OUT,2,73.16,80.01,True,True,6.85,2023-08,1685.0,2001.0,2001.0,18.75,,,,,,,,,,,,,,,,,,,,,,,,,,,,,2023-10,1850.0,9.79,,,,,,,,,,,,,,,,,,,,,,,,,,,,,,,,,,,tv_wilder_rsi14_sma5_v1,80.01,73.16,True,True,6.85
8897,8897.T,ＭＩＲＡＲＴＨホールディングス,2023-09,OUT,6,67.95,68.89,True,True,0.94,2023-04,383.0,474.0,474.0,23.76,,,,,,,,,,,,,,,,,,,,,,,,,,,,,2023-10,438.0,14.36,,,,,,,,,,,,,,,,,,,,,,,,,,,,,,,,,,,tv_wilder_rsi14_sma5_v1,68.89,67.95,True,True,0.94
8908,8908.T,毎日コムネット,2023-09,OUT,1,52.56,54.48,False,True,1.92,2023-09,766.0,766.0,766.0,0.0,,,,,,,,,,,,,,,,,,,,,,,,,,,,,2023-10,725.0,-5.35,,,,,,,,,,,,,,,,,,,,,,,,,,,,,,,,,,,tv_wilder_rsi14_sma5_v1,54.48,52.56,True,False,1.92
8914,8914.T,エリアリンク,2023-09,OUT,4,71.12,75.61,True,True,4.49,2023-06,620.25,736.0,736.0,18.66,,,,,,,,,,,,,,,,,,,,,,,,,,,,,2023-10,684.25,10.32,,,,,,,,,,,,,,,,,,,,,,,,,,,,,,,,,,,tv_wilder_rsi14_sma5_v1,75.61,71.12,True,True,4.49
8917,8917.T,ファースト住建,2023-09,OUT,3,50.79,58.93,True,True,8.14,2023-07,1113.0,1241.0,1241.0,11.5,,,,,,,,,,,,,,,,,,,,,,,,,,,,,2023-10,1094.0,-1.71,,,,,,,,,,,,,,,,,,,,,,,,,,,,,,,,,,,tv_wilder_rsi14_sma5_v1,58.93,50.79,True,True,8.14
8923,8923.T,トーセイ,2023-09,OUT,9,75.46,79.41,True,True,3.95,2023-01,739.5,965.5,965.5,30.56,,,,,,,,,,,,,,,,,,,,,,,,,,,,,2023-10,886.0,19.81,,,,,,,,,,,,,,,,,,,,,,,,,,,,,,,,,,,tv_wilder_rsi14_sma5_v1,79.41,75.46,True,True,3.95
8931,8931.T,和田興産,2023-09,OUT,4,74.08,75.47,True,True,1.39,2023-06,1032.0,1201.0,1201.0,16.38,,,,,,,,,,,,,,,,,,,,,,,,,,,,,2023-10,1145.0,10.95,,,,,,,,,,,,,,,,,,,,,,,,,,,,,,,,,,,tv_wilder_rsi14_sma5_v1,75.47,74.08,True,True,1.39
8934,8934.T,サンフロンティア不動産,2023-09,OUT,1,68.62,69.44,True,True,0.82,2023-09,1506.0,1506.0,1506.0,0.0,,,,,,,,,,,,,,,,,,,,,,,,,,,,,2023-10,1456.0,-3.32,,,,,,,,,,,,,,,,,,,,,,,,,,,,,,,,,,,tv_wilder_rsi14_sma5_v1,69.44,68.62,True,True,0.82
8944,8944.T,ランドビジネス,2023-09,OUT,11,50.37,60.98,True,True,10.61,2022-11,228.0,328.0,328.0,43.86,,,,,,,,,,,,,,,,,,,,,,,,,,,,,2023-10,288.0,26.32,,,,,,,,,,,,,,,,,,,,,,,,,,,,,,,,,,,tv_wilder_rsi14_sma5_v1,60.98,50.37,True,True,10.61
8945,8945.T,サンネクスタグループ,2023-09,OUT,1,47.23,47.83,False,True,0.6,2023-09,972.0,972.0,972.0,0.0,,,,,,,,,,,,,,,,,,,,,,,,,,,,,2023-10,936.0,-3.7,,,,,,,,,,,,,,,,,,,,,,,,,,,,,,,,,,,tv_wilder_rsi14_sma5_v1,47.83,47.23,True,False,0.6
8999,8999.T,グランディハウス,2023-09,OUT,4,61.06,66.69,True,True,5.63,2023-06,581.0,639.0,639.0,9.98,,,,,,,,,,,,,,,,,,,,,,,,,,,,,2023-10,609.0,4.82,,,,,,,,,,,,,,,,,,,,,,,,,,,,,,,,,,,tv_wilder_rsi14_sma5_v1,66.69,61.06,True,True,5.63
9003,9003.T,相鉄ホールディングス,2023-09,OUT,8,63.19,69.36,True,True,6.17,2023-02,2317.0,2941.0,2941.0,26.93,,,,,,,,,,,,,,,,,,,,,,,,,,,,,2023-10,2654.5,14.57,,,,,,,,,,,,,,,,,,,,,,,,,,,,,,,,,,,tv_wilder_rsi14_sma5_v1,69.36,63.19,True,True,6.17
9008,9008.T,京王電鉄,2023-09,OUT,3,44.55,49.18,True,True,4.63,2023-07,944.8,1028.4,1028.4,8.85,,,,,,,,,,,,,,,,,,,,,,,,,,,,,2023-10,894.0,-5.38,,,,,,,,,,,,,,,,,,,,,,,,,,,,,,,,,,,tv_wilder_rsi14_sma5_v1,49.18,44.55,True,True,4.63
9020,9020.T,東日本旅客鉄道,2023-09,OUT,7,56.77,61.25,True,True,4.48,2023-03,2445.0,2851.67,2851.67,16.63,,,,,,,,,,,,,,,,,,,,,,,,,,,,,2023-10,2624.0,7.32,,,,,,,,,,,,,,,,,,,,,,,,,,,,,,,,,,,tv_wilder_rsi14_sma5_v1,61.25,56.77,True,True,4.48
9021,9021.T,西日本旅客鉄道,2023-09,OUT,6,55.13,56.63,True,False,1.5,2023-04,2945.5,3092.5,3092.5,4.99,,,,,,,,,,,,,,,,,,,,,,,,,,,,,2023-10,2873.0,-2.46,,,,,,,,,,,,,,,,,,,,,,,,,,,,,,,,,,,tv_wilder_rsi14_sma5_v1,56.63,55.13,False,True,1.5
9028,9028.T,ゼロ,2023-09,OUT,2,68.27,75.0,True,True,6.73,2023-08,1418.0,1539.0,1539.0,8.53,,,,,,,,,,,,,,,,,,,,,,,,,,,,,2023-10,1404.0,-0.99,,,,,,,,,,,,,,,,,,,,,,,,,,,,,,,,,,,tv_wilder_rsi14_sma5_v1,75.0,68.27,True,True,6.73
9034,9034.T,南総通運,2023-09,OUT,12,74.88,84.26,True,True,9.37,2022-10,605.5,842.0,842.0,39.06,,,,,,,,,,,,,,,,,,,,,,,,,,,,,2023-10,793.5,31.05,,,,,,,,,,,,,,,,,,,,,,,,,,,,,,,,,,,tv_wilder_rsi14_sma5_v1,84.26,74.88,True,True,9.37
9036,9036.T,東部ネットワーク,2023-09,OUT,10,57.03,57.53,True,False,0.51,2022-12,812.0,946.0,946.0,16.5,,,,,,,,,,,,,,,,,,,,,,,,,,,,,2023-10,907.0,11.7,,,,,,,,,,,,,,,,,,,,,,,,,,,,,,,,,,,tv_wilder_rsi14_sma5_v1,57.53,57.03,False,True,0.51
9037,9037.T,ハマキョウレックス,2023-09,OUT,6,66.8,67.53,True,False,0.73,2023-04,867.5,1015.0,1015.0,17.0,,,,,,,,,,,,,,,,,,,,,,,,,,,,,2023-10,938.75,8.21,,,,,,,,,,,,,,,,,,,,,,,,,,,,,,,,,,,tv_wilder_rsi14_sma5_v1,67.53,66.8,False,True,0.73
9042,9042.T,阪急阪神ホールディングス,2023-09,OUT,6,69.46,70.74,True,False,1.28,2023-04,4235.0,5101.0,5101.0,20.45,,,,,,,,,,,,,,,,,,,,,,,,,,,,,2023-10,4727.0,11.62,,,,,,,,,,,,,,,,,,,,,,,,,,,,,,,,,,,tv_wilder_rsi14_sma5_v1,70.74,69.46,False,True,1.28
9045,9045.T,京阪ホールディングス,2023-09,OUT,7,55.73,56.03,True,False,0.3,2023-03,3455.0,3968.0,3968.0,14.85,,,,,,,,,,,,,,,,,,,,,,,,,,,,,2023-10,3671.0,6.25,,,,,,,,,,,,,,,,,,,,,,,,,,,,,,,,,,,tv_wilder_rsi14_sma5_v1,56.03,55.73,False,True,0.3
9051,9051.T,センコン物流,2023-09,OUT,5,53.98,55.57,True,True,1.58,2023-05,785.0,805.0,805.0,2.55,,,,,,,,,,,,,,,,,,,,,,,,,,,,,2023-10,787.0,0.25,,,,,,,,,,,,,,,,,,,,,,,,,,,,,,,,,,,tv_wilder_rsi14_sma5_v1,55.57,53.98,True,True,1.58
9057,9057.T,遠州トラック,2023-09,OUT,4,48.61,48.82,True,False,0.21,2023-06,2437.0,2424.0,2424.0,-0.53,,,,,,,,,,,,,,,,,,,,,,,,,,,,,2023-10,2379.0,-2.38,,,,,,,,,,,,,,,,,,,,,,,,,,,,,,,,,,,tv_wilder_rsi14_sma5_v1,48.82,48.61,False,True,0.21
9059,9059.T,カンダホールディングス,2023-09,OUT,5,76.35,80.95,True,True,4.6,2023-05,656.5,755.0,755.0,15.0,,,,,,,,,,,,,,,,,,,,,,,,,,,,,2023-10,715.0,8.91,,,,,,,,,,,,,,,,,,,,,,,,,,,,,,,,,,,tv_wilder_rsi14_sma5_v1,80.95,76.35,True,True,4.6
9060,9060.T,日本ロジテム,2023-09,OUT,4,52.42,54.69,True,True,2.27,2023-06,3440.0,3535.0,3535.0,2.76,,,,,,,,,,,,,,,,,,,,,,,,,,,,,2023-10,3480.0,1.16,,,,,,,,,,,,,,,,,,,,,,,,,,,,,,,,,,,tv_wilder_rsi14_sma5_v1,54.69,52.42,True,True,2.27
9065,9065.T,山九,2023-09,OUT,3,56.11,60.38,True,True,4.27,2023-07,4925.0,5171.0,5171.0,4.99,,,,,,,,,,,,,,,,,,,,,,,,,,,,,2023-10,4517.0,-8.28,,,,,,,,,,,,,,,,,,,,,,,,,,,,,,,,,,,tv_wilder_rsi14_sma5_v1,60.38,56.11,True,True,4.27
9069,9069.T,センコーグループホールディングス,2023-09,OUT,4,55.06,58.28,True,True,3.22,2023-06,1035.0,1048.0,1048.0,1.26,,,,,,,,,,,,,,,,,,,,,,,,,,,,,2023-10,1035.0,0.0,,,,,,,,,,,,,,,,,,,,,,,,,,,,,,,,,,,tv_wilder_rsi14_sma5_v1,58.28,55.06,True,True,3.22
9072,9072.T,ニッコンホールディングス,2023-09,OUT,9,69.33,69.43,True,False,0.1,2023-01,1245.5,1580.5,1580.5,26.9,,,,,,,,,,,,,,,,,,,,,,,,,,,,,2023-10,1594.0,27.98,,,,,,,,,,,,,,,,,,,,,,,,,,,,,,,,,,,tv_wilder_rsi14_sma5_v1,69.43,69.33,False,True,0.1
9073,9073.T,京極運輸商事,2023-09,OUT,6,50.64,52.81,True,False,2.17,2023-04,575.0,633.0,633.0,10.09,,,,,,,,,,,,,,,,,,,,,,,,,,,,,2023-10,565.0,-1.74,,,,,,,,,,,,,,,,,,,,,,,,,,,,,,,,,,,tv_wilder_rsi14_sma5_v1,52.81,50.64,False,True,2.17
9101,9101.T,日本郵船,2023-09,OUT,3,59.59,63.99,True,False,4.4,2023-07,3448.0,3886.0,3886.0,12.7,,,,,,,,,,,,,,,,,,,,,,,,,,,,,2023-10,3677.0,6.64,,,,,,,,,,,,,,,,,,,,,,,,,,,,,,,,,,,tv_wilder_rsi14_sma5_v1,63.99,59.59,False,True,4.4
9104,9104.T,商船三井,2023-09,OUT,4,61.72,66.17,True,True,4.46,2023-06,3456.0,4110.0,4110.0,18.92,,,,,,,,,,,,,,,,,,,,,,,,,,,,,2023-10,3883.0,12.36,,,,,,,,,,,,,,,,,,,,,,,,,,,,,,,,,,,tv_wilder_rsi14_sma5_v1,66.17,61.72,True,True,4.46
9115,9115.T,明海グループ,2023-09,OUT,3,50.34,59.54,True,True,9.2,2023-07,657.0,901.0,901.0,37.14,,,,,,,,,,,,,,,,,,,,,,,,,,,,,2023-10,641.0,-2.44,,,,,,,,,,,,,,,,,,,,,,,,,,,,,,,,,,,tv_wilder_rsi14_sma5_v1,59.54,50.34,True,True,9.2
9127,9127.T,玉井商船,2023-09,OUT,4,55.84,61.48,True,True,5.63,2023-06,1555.0,1853.0,1853.0,19.16,,,,,,,,,,,,,,,,,,,,,,,,,,,,,2023-10,1735.0,11.58,,,,,,,,,,,,,,,,,,,,,,,,,,,,,,,,,,,tv_wilder_rsi14_sma5_v1,61.48,55.84,True,True,5.63
9142,9142.T,九州旅客鉄道,2023-09,OUT,4,59.83,61.99,True,True,2.16,2023-06,3097.0,3179.0,3179.0,2.65,,,,,,,,,,,,,,,,,,,,,,,,,,,,,2023-10,3081.0,-0.52,,,,,,,,,,,,,,,,,,,,,,,,,,,,,,,,,,,tv_wilder_rsi14_sma5_v1,61.99,59.83,True,True,2.16
9173,9173.T,東海汽船,2023-09,OUT,7,65.23,65.96,True,False,0.73,2023-03,2415.0,2501.0,2501.0,3.56,,,,,,,,,,,,,,,,,,,,,,,,,,,,,2023-10,2476.0,2.53,,,,,,,,,,,,,,,,,,,,,,,,,,,,,,,,,,,tv_wilder_rsi14_sma5_v1,65.96,65.23,False,True,0.73
9193,9193.T,東京汽船,2023-09,OUT,9,63.21,65.45,True,False,2.24,2023-01,476.0,624.0,624.0,31.09,,,,,,,,,,,,,,,,,,,,,,,,,,,,,2023-10,582.0,22.27,,,,,,,,,,,,,,,,,,,,,,,,,,,,,,,,,,,tv_wilder_rsi14_sma5_v1,65.45,63.21,False,True,2.24
9215,9215.T,ＣａＳｙ,2023-09,OUT,2,27.97,28.44,False,False,0.47,2023-08,886.0,880.0,880.0,-0.68,,,,,,,,,,,,,,,,,,,,,,,,,,,,,2023-10,849.0,-4.18,,,,,,,,,,,,,,,,,,,,,,,,,,,,,,,,,,,tv_wilder_rsi14_sma5_v1,28.44,27.97,False,False,0.47
9216,9216.T,ビーウィズ,2023-09,OUT,1,67.9,68.36,,False,0.46,2023-09,2404.0,2404.0,2404.0,0.0,,,,,,,,,,,,,,,,,,,,,,,,,,,,,2023-10,1841.0,-23.42,,,,,,,,,,,,,,,,,,,,,,,,,,,,,,,,,,,tv_wilder_rsi14_sma5_v1,68.36,67.9,False,,0.46
9240,9240.T,デリバリーコンサルティング,2023-09,OUT,5,37.09,37.31,True,False,0.23,2023-05,463.0,475.0,475.0,2.59,,,,,,,,,,,,,,,,,,,,,,,,,,,,,2023-10,415.0,-10.37,,,,,,,,,,,,,,,,,,,,,,,,,,,,,,,,,,,tv_wilder_rsi14_sma5_v1,37.31,37.09,False,True,0.23
9241,9241.T,フューチャーリンクネットワーク,2023-09,OUT,8,33.0,37.17,True,True,4.18,2023-02,1176.0,1485.0,1485.0,26.28,,,,,,,,,,,,,,,,,,,,,,,,,,,,,2023-10,1299.0,10.46,,,,,,,,,,,,,,,,,,,,,,,,,,,,,,,,,,,tv_wilder_rsi14_sma5_v1,37.17,33.0,True,True,4.18
9247,9247.T,ＴＲＥホールディングス,2023-09,OUT,4,39.39,40.4,True,True,1.01,2023-06,1239.0,1205.0,1205.0,-2.74,,,,,,,,,,,,,,,,,,,,,,,,,,,,,2023-10,1168.0,-5.73,,,,,,,,,,,,,,,,,,,,,,,,,,,,,,,,,,,tv_wilder_rsi14_sma5_v1,40.4,39.39,True,True,1.01
9249,9249.T,日本エコシステム,2023-09,OUT,4,42.57,46.5,True,False,3.93,2023-06,583.33,595.67,595.67,2.11,,,,,,,,,,,,,,,,,,,,,,,,,,,,,2023-10,551.67,-5.43,,,,,,,,,,,,,,,,,,,,,,,,,,,,,,,,,,,tv_wilder_rsi14_sma5_v1,46.5,42.57,False,True,3.93
9250,9250.T,ＧＲＣＳ,2023-09,OUT,4,33.28,34.5,True,False,1.23,2023-06,2812.0,2688.0,2688.0,-4.41,,,,,,,,,,,,,,,,,,,,,,,,,,,,,2023-10,1834.0,-34.78,,,,,,,,,,,,,,,,,,,,,,,,,,,,,,,,,,,tv_wilder_rsi14_sma5_v1,34.5,33.28,False,True,1.23
9251,9251.T,ＡＢ＆Ｃｏｍｐａｎｙ,2023-09,OUT,5,51.8,54.36,True,False,2.56,2023-05,1004.0,1242.0,1242.0,23.71,,,,,,,,,,,,,,,,,,,,,,,,,,,,,2023-10,1011.0,0.7,,,,,,,,,,,,,,,,,,,,,,,,,,,,,,,,,,,tv_wilder_rsi14_sma5_v1,54.36,51.8,False,True,2.56
9254,9254.T,ラバブルマーケティンググループ,2023-09,OUT,4,38.89,39.1,True,False,0.21,2023-06,1495.0,1472.0,1472.0,-1.54,,,,,,,,,,,,,,,,,,,,,,,,,,,,,2023-10,1447.0,-3.21,,,,,,,,,,,,,,,,,,,,,,,,,,,,,,,,,,,tv_wilder_rsi14_sma5_v1,39.1,38.89,False,True,0.21
9259,9259.T,タカヨシホールディングス,2023-09,OUT,4,41.95,42.1,True,True,0.16,2023-06,1295.0,1291.0,1291.0,-0.31,,,,,,,,,,,,,,,,,,,,,,,,,,,,,2023-10,1141.0,-11.89,,,,,,,,,,,,,,,,,,,,,,,,,,,,,,,,,,,tv_wilder_rsi14_sma5_v1,42.1,41.95,True,True,0.16
9265,9265.T,ヤマシタヘルスケアホールディングス,2023-09,OUT,1,56.95,59.7,False,True,2.75,2023-09,2118.0,2118.0,2118.0,0.0,,,,,,,,,,,,,,,,,,,,,,,,,,,,,2023-10,2023.0,-4.49,,,,,,,,,,,,,,,,,,,,,,,,,,,,,,,,,,,tv_wilder_rsi14_sma5_v1,59.7,56.95,True,False,2.75
9268,9268.T,オプティマスグループ,2023-09,OUT,8,75.31,84.47,True,True,9.16,2023-02,232.75,448.25,448.25,92.59,,,,,,,,,,,,,,,,,,,,,,,,,,,,,2023-10,413.25,77.55,,,,,,,,,,,,,,,,,,,,,,,,,,,,,,,,,,,tv_wilder_rsi14_sma5_v1,84.47,75.31,True,True,9.16
9270,9270.T,バリュエンスホールディングス,2023-09,OUT,1,52.64,54.49,True,True,1.85,2023-09,2755.0,2755.0,2755.0,0.0,,,,,,,,,,,,,,,,,,,,,,,,,,,,,2023-10,1541.0,-44.07,,,,,,,,,,,,,,,,,,,,,,,,,,,,,,,,,,,tv_wilder_rsi14_sma5_v1,54.49,52.64,True,True,1.85
9271,9271.T,和心,2023-09,OUT,4,43.67,46.39,True,False,2.71,2023-06,365.0,443.0,443.0,21.37,,,,,,,,,,,,,,,,,,,,,,,,,,,,,2023-10,361.0,-1.1,,,,,,,,,,,,,,,,,,,,,,,,,,,,,,,,,,,tv_wilder_rsi14_sma5_v1,46.39,43.67,False,True,2.71
9274,9274.T,ＫＰＰグループホールディングス,2023-09,OUT,2,54.61,57.34,True,True,2.73,2023-08,652.0,686.0,686.0,5.21,,,,,,,,,,,,,,,,,,,,,,,,,,,,,2023-10,646.0,-0.92,,,,,,,,,,,,,,,,,,,,,,,,,,,,,,,,,,,tv_wilder_rsi14_sma5_v1,57.34,54.61,True,True,2.73
9278,9278.T,ブックオフグループホールディングス,2023-09,OUT,1,57.39,58.75,False,True,1.36,2023-09,1247.0,1247.0,1247.0,0.0,,,,,,,,,,,,,,,,,,,,,,,,,,,,,2023-10,1035.0,-17.0,,,,,,,,,,,,,,,,,,,,,,,,,,,,,,,,,,,tv_wilder_rsi14_sma5_v1,58.75,57.39,True,False,1.36
9308,9308.T,乾汽船,2023-09,OUT,1,41.5,42.36,False,True,0.86,2023-09,1322.0,1322.0,1322.0,0.0,,,,,,,,,,,,,,,,,,,,,,,,,,,,,2023-10,1216.0,-8.02,,,,,,,,,,,,,,,,,,,,,,,,,,,,,,,,,,,tv_wilder_rsi14_sma5_v1,42.36,41.5,True,False,0.86
9312,9312.T,ケイヒン,2023-09,OUT,1,67.33,72.44,True,True,5.11,2023-09,1976.0,1976.0,1976.0,0.0,,,,,,,,,,,,,,,,,,,,,,,,,,,,,2023-10,1794.0,-9.21,,,,,,,,,,,,,,,,,,,,,,,,,,,,,,,,,,,tv_wilder_rsi14_sma5_v1,72.44,67.33,True,True,5.11
9313,9313.T,丸八倉庫,2023-09,OUT,4,50.74,58.39,True,True,7.65,2023-06,665.0,725.0,725.0,9.02,,,,,,,,,,,,,,,,,,,,,,,,,,,,,2023-10,689.0,3.61,,,,,,,,,,,,,,,,,,,,,,,,,,,,,,,,,,,tv_wilder_rsi14_sma5_v1,58.39,50.74,True,True,7.65
9319,9319.T,中央倉庫,2023-09,OUT,4,56.98,57.5,False,False,0.52,2023-06,1095.0,1106.0,1106.0,1.0,,,,,,,,,,,,,,,,,,,,,,,,,,,,,2023-10,1073.0,-2.01,,,,,,,,,,,,,,,,,,,,,,,,,,,,,,,,,,,tv_wilder_rsi14_sma5_v1,57.5,56.98,False,False,0.52
9322,9322.T,川西倉庫,2023-09,OUT,4,47.77,52.69,True,True,4.92,2023-06,1030.0,1088.0,1088.0,5.63,,,,,,,,,,,,,,,,,,,,,,,,,,,,,2023-10,1020.0,-0.97,,,,,,,,,,,,,,,,,,,,,,,,,,,,,,,,,,,tv_wilder_rsi14_sma5_v1,52.69,47.77,True,True,4.92
9326,9326.T,関通ホールディングス,2023-09,OUT,7,50.62,55.78,True,True,5.16,2023-03,438.0,724.0,724.0,65.3,,,,,,,,,,,,,,,,,,,,,,,,,,,,,2023-10,613.0,39.95,,,,,,,,,,,,,,,,,,,,,,,,,,,,,,,,,,,tv_wilder_rsi14_sma5_v1,55.78,50.62,True,True,5.16
9351,9351.T,東洋埠頭,2023-09,OUT,4,50.46,52.11,False,False,1.65,2023-06,1382.0,1410.0,1410.0,2.03,,,,,,,,,,,,,,,,,,,,,,,,,,,,,2023-10,1396.0,1.01,,,,,,,,,,,,,,,,,,,,,,,,,,,,,,,,,,,tv_wilder_rsi14_sma5_v1,52.11,50.46,False,False,1.65
9360,9360.T,鈴与シンワート,2023-09,OUT,4,52.81,53.07,True,False,0.27,2023-06,1813.0,1750.0,1750.0,-3.47,,,,,,,,,,,,,,,,,,,,,,,,,,,,,2023-10,1625.0,-10.37,,,,,,,,,,,,,,,,,,,,,,,,,,,,,,,,,,,tv_wilder_rsi14_sma5_v1,53.07,52.81,False,True,0.27
9362,9362.T,兵機海運,2023-09,OUT,1,57.32,58.86,False,True,1.54,2023-09,2105.0,2105.0,2105.0,0.0,,,,,,,,,,,,,,,,,,,,,,,,,,,,,2023-10,2079.0,-1.24,,,,,,,,,,,,,,,,,,,,,,,,,,,,,,,,,,,tv_wilder_rsi14_sma5_v1,58.86,57.32,True,False,1.54
9363,9363.T,大運,2023-09,OUT,2,54.04,54.27,False,False,0.24,2023-08,428.0,400.0,400.0,-6.54,,,,,,,,,,,,,,,,,,,,,,,,,,,,,2023-10,367.0,-14.25,,,,,,,,,,,,,,,,,,,,,,,,,,,,,,,,,,,tv_wilder_rsi14_sma5_v1,54.27,54.04,False,False,0.24
9365,9365.T,トレーディア,2023-09,OUT,1,49.28,52.26,False,True,2.98,2023-09,1364.0,1364.0,1364.0,0.0,,,,,,,,,,,,,,,,,,,,,,,,,,,,,2023-10,1294.0,-5.13,,,,,,,,,,,,,,,,,,,,,,,,,,,,,,,,,,,tv_wilder_rsi14_sma5_v1,52.26,49.28,True,False,2.98
9366,9366.T,サンリツ,2023-09,OUT,1,50.46,50.78,False,True,0.32,2023-09,738.0,738.0,738.0,0.0,,,,,,,,,,,,,,,,,,,,,,,,,,,,,2023-10,716.0,-2.98,,,,,,,,,,,,,,,,,,,,,,,,,,,,,,,,,,,tv_wilder_rsi14_sma5_v1,50.78,50.46,True,False,0.32
9367,9367.T,大東港運,2023-09,OUT,4,61.34,63.91,True,True,2.58,2023-06,715.0,731.0,731.0,2.24,,,,,,,,,,,,,,,,,,,,,,,,,,,,,2023-10,713.0,-0.28,,,,,,,,,,,,,,,,,,,,,,,,,,,,,,,,,,,tv_wilder_rsi14_sma5_v1,63.91,61.34,True,True,2.58
9380,9380.T,東海運,2023-09,OUT,1,47.42,48.75,False,True,1.33,2023-09,289.0,289.0,289.0,0.0,,,,,,,,,,,,,,,,,,,,,,,,,,,,,2023-10,280.0,-3.11,,,,,,,,,,,,,,,,,,,,,,,,,,,,,,,,,,,tv_wilder_rsi14_sma5_v1,48.75,47.42,True,False,1.33
9385,9385.T,ショーエイコーポレーション,2023-09,OUT,4,40.25,42.61,True,True,2.36,2023-06,596.0,602.0,602.0,1.01,,,,,,,,,,,,,,,,,,,,,,,,,,,,,2023-10,578.0,-3.02,,,,,,,,,,,,,,,,,,,,,,,,,,,,,,,,,,,tv_wilder_rsi14_sma5_v1,42.61,40.25,True,True,2.36
9405,9405.T,朝日放送グループホールディングス,2023-09,OUT,4,49.98,56.42,True,True,6.44,2023-06,662.0,711.0,711.0,7.4,,,,,,,,,,,,,,,,,,,,,,,,,,,,,2023-10,663.0,0.15,,,,,,,,,,,,,,,,,,,,,,,,,,,,,,,,,,,tv_wilder_rsi14_sma5_v1,56.42,49.98,True,True,6.44
9409,9409.T,テレビ朝日ホールディングス,2023-09,OUT,8,55.12,55.73,True,True,0.6,2023-02,1453.0,1690.0,1690.0,16.31,,,,,,,,,,,,,,,,,,,,,,,,,,,,,2023-10,1619.0,11.42,,,,,,,,,,,,,,,,,,,,,,,,,,,,,,,,,,,tv_wilder_rsi14_sma5_v1,55.73,55.12,True,True,0.6
9414,9414.T,日本ＢＳ放送,2023-09,OUT,4,39.45,41.02,True,True,1.57,2023-06,924.0,915.0,915.0,-0.97,,,,,,,,,,,,,,,,,,,,,,,,,,,,,2023-10,891.0,-3.57,,,,,,,,,,,,,,,,,,,,,,,,,,,,,,,,,,,tv_wilder_rsi14_sma5_v1,41.02,39.45,True,True,1.57
9417,9417.T,スマートバリュー,2023-09,OUT,2,37.57,39.08,True,True,1.51,2023-08,391.0,401.0,401.0,2.56,,,,,,,,,,,,,,,,,,,,,,,,,,,,,2023-10,355.0,-9.21,,,,,,,,,,,,,,,,,,,,,,,,,,,,,,,,,,,tv_wilder_rsi14_sma5_v1,39.08,37.57,True,True,1.51
9428,9428.T,クロップス,2023-09,OUT,1,51.11,51.9,False,True,0.79,2023-09,1042.0,1042.0,1042.0,0.0,,,,,,,,,,,,,,,,,,,,,,,,,,,,,2023-10,902.0,-13.44,,,,,,,,,,,,,,,,,,,,,,,,,,,,,,,,,,,tv_wilder_rsi14_sma5_v1,51.9,51.11,True,False,0.79
9435,9435.T,光通信,2023-09,OUT,5,60.23,61.08,True,False,0.85,2023-05,20170.0,22775.0,22775.0,12.92,,,,,,,,,,,,,,,,,,,,,,,,,,,,,2023-10,21620.0,7.19,,,,,,,,,,,,,,,,,,,,,,,,,,,,,,,,,,,tv_wilder_rsi14_sma5_v1,61.08,60.23,False,True,0.85
9444,9444.T,トーシンホールディングス,2023-09,OUT,3,56.31,63.12,True,True,6.81,2023-07,653.0,689.0,689.0,5.51,,,,,,,,,,,,,,,,,,,,,,,,,,,,,2023-10,640.0,-1.99,,,,,,,,,,,,,,,,,,,,,,,,,,,,,,,,,,,tv_wilder_rsi14_sma5_v1,63.12,56.31,True,True,6.81
9445,9445.T,フォーバルテレコム,2023-09,OUT,9,54.57,60.99,True,True,6.42,2023-01,329.0,369.0,369.0,12.16,,,,,,,,,,,,,,,,,,,,,,,,,,,,,2023-10,358.0,8.81,,,,,,,,,,,,,,,,,,,,,,,,,,,,,,,,,,,tv_wilder_rsi14_sma5_v1,60.99,54.57,True,True,6.42
9446,9446.T,サカイホールディングス,2023-09,OUT,4,46.48,48.11,True,False,1.63,2023-06,568.0,582.0,582.0,2.46,,,,,,,,,,,,,,,,,,,,,,,,,,,,,2023-10,569.0,0.18,,,,,,,,,,,,,,,,,,,,,,,,,,,,,,,,,,,tv_wilder_rsi14_sma5_v1,48.11,46.48,False,True,1.63
9470,9470.T,学研ホールディングス,2023-09,OUT,1,38.97,40.26,True,True,1.29,2023-09,871.0,871.0,871.0,0.0,,,,,,,,,,,,,,,,,,,,,,,,,,,,,2023-10,839.0,-3.67,,,,,,,,,,,,,,,,,,,,,,,,,,,,,,,,,,,tv_wilder_rsi14_sma5_v1,40.26,38.97,True,True,1.29
9474,9474.T,ゼンリン,2023-09,OUT,8,42.75,44.1,True,True,1.36,2023-02,841.0,913.0,913.0,8.56,,,,,,,,,,,,,,,,,,,,,,,,,,,,,2023-10,886.0,5.35,,,,,,,,,,,,,,,,,,,,,,,,,,,,,,,,,,,tv_wilder_rsi14_sma5_v1,44.1,42.75,True,True,1.36
9502,9502.T,中部電力,2023-09,OUT,10,71.81,73.19,True,False,1.38,2022-12,1362.0,1907.0,1907.0,40.01,,,,,,,,,,,,,,,,,,,,,,,,,,,,,2023-10,1822.5,33.81,,,,,,,,,,,,,,,,,,,,,,,,,,,,,,,,,,,tv_wilder_rsi14_sma5_v1,73.19,71.81,False,True,1.38
9503,9503.T,関西電力,2023-09,OUT,10,78.04,82.12,True,True,4.07,2022-12,1279.0,2077.5,2077.5,62.43,,,,,,,,,,,,,,,,,,,,,,,,,,,,,2023-10,1926.5,50.63,,,,,,,,,,,,,,,,,,,,,,,,,,,,,,,,,,,tv_wilder_rsi14_sma5_v1,82.12,78.04,True,True,4.07
9506,9506.T,東北電力,2023-09,OUT,11,61.39,61.97,True,False,0.58,2022-11,653.0,967.6,967.6,48.18,,,,,,,,,,,,,,,,,,,,,,,,,,,,,2023-10,940.1,43.97,,,,,,,,,,,,,,,,,,,,,,,,,,,,,,,,,,,tv_wilder_rsi14_sma5_v1,61.97,61.39,False,True,0.58
9508,9508.T,九州電力,2023-09,OUT,7,59.86,62.67,True,True,2.81,2023-03,757.0,975.4,975.4,28.85,,,,,,,,,,,,,,,,,,,,,,,,,,,,,2023-10,963.8,27.32,,,,,,,,,,,,,,,,,,,,,,,,,,,,,,,,,,,tv_wilder_rsi14_sma5_v1,62.67,59.86,True,True,2.81
9509,9509.T,北海道電力,2023-09,OUT,10,69.47,69.67,True,False,0.2,2022-12,466.0,652.2,652.2,39.96,,,,,,,,,,,,,,,,,,,,,,,,,,,,,2023-10,632.6,35.75,,,,,,,,,,,,,,,,,,,,,,,,,,,,,,,,,,,tv_wilder_rsi14_sma5_v1,69.67,69.47,False,True,0.2
9513,9513.T,電源開発,2023-09,OUT,3,58.61,65.3,True,True,6.69,2023-07,2250.0,2418.0,2418.0,7.47,,,,,,,,,,,,,,,,,,,,,,,,,,,,,2023-10,2309.5,2.64,,,,,,,,,,,,,,,,,,,,,,,,,,,,,,,,,,,tv_wilder_rsi14_sma5_v1,65.3,58.61,True,True,6.69
9537,9537.T,北陸瓦斯,2023-09,OUT,5,62.08,78.72,True,True,16.64,2023-05,3000.0,3845.0,3845.0,28.17,,,,,,,,,,,,,,,,,,,,,,,,,,,,,2023-10,3410.0,13.67,,,,,,,,,,,,,,,,,,,,,,,,,,,,,,,,,,,tv_wilder_rsi14_sma5_v1,78.72,62.08,True,True,16.64
9539,9539.T,京葉瓦斯,2023-09,OUT,8,38.66,39.97,True,True,1.31,2023-02,802.33,840.0,840.0,4.69,,,,,,,,,,,,,,,,,,,,,,,,,,,,,2023-10,807.67,0.67,,,,,,,,,,,,,,,,,,,,,,,,,,,,,,,,,,,tv_wilder_rsi14_sma5_v1,39.97,38.66,True,True,1.31
9605,9605.T,東映,2023-09,OUT,1,50.44,53.53,True,True,3.08,2023-09,3756.0,3756.0,3756.0,0.0,,,,,,,,,,,,,,,,,,,,,,,,,,,,,2023-10,3532.0,-5.96,,,,,,,,,,,,,,,,,,,,,,,,,,,,,,,,,,,tv_wilder_rsi14_sma5_v1,53.53,50.44,True,True,3.08
9616,9616.T,共立メンテナンス,2023-09,OUT,4,58.66,64.29,True,False,5.63,2023-06,2732.0,3111.0,3111.0,13.87,,,,,,,,,,,,,,,,,,,,,,,,,,,,,2023-10,2877.0,5.31,,,,,,,,,,,,,,,,,,,,,,,,,,,,,,,,,,,tv_wilder_rsi14_sma5_v1,64.29,58.66,False,True,5.63
9619,9619.T,イチネンホールディングス,2023-09,OUT,1,55.29,59.97,True,True,4.68,2023-09,1437.0,1437.0,1437.0,0.0,,,,,,,,,,,,,,,,,,,,,,,,,,,,,2023-10,1383.0,-3.76,,,,,,,,,,,,,,,,,,,,,,,,,,,,,,,,,,,tv_wilder_rsi14_sma5_v1,59.97,55.29,True,True,4.68
9625,9625.T,セレスポ,2023-09,OUT,3,48.3,49.05,True,True,0.74,2023-07,905.0,908.0,908.0,0.33,,,,,,,,,,,,,,,,,,,,,,,,,,,,,2023-10,877.0,-3.09,,,,,,,,,,,,,,,,,,,,,,,,,,,,,,,,,,,tv_wilder_rsi14_sma5_v1,49.05,48.3,True,True,0.74
9639,9639.T,三協フロンテア,2023-09,OUT,9,50.51,55.74,True,False,5.23,2023-01,1710.0,2090.0,2090.0,22.22,,,,,,,,,,,,,,,,,,,,,,,,,,,,,2023-10,1930.0,12.87,,,,,,,,,,,,,,,,,,,,,,,,,,,,,,,,,,,tv_wilder_rsi14_sma5_v1,55.74,50.51,False,True,5.23
9640,9640.T,セゾンテクノロジー,2023-09,OUT,4,50.61,55.25,True,True,4.64,2023-06,1846.0,1946.0,1946.0,5.42,,,,,,,,,,,,,,,,,,,,,,,,,,,,,2023-10,1900.0,2.93,,,,,,,,,,,,,,,,,,,,,,,,,,,,,,,,,,,tv_wilder_rsi14_sma5_v1,55.25,50.61,True,True,4.64
9644,9644.T,タナベコンサルティンググループ,2023-09,OUT,11,71.32,74.56,True,False,3.24,2022-11,331.0,563.5,563.5,70.24,,,,,,,,,,,,,,,,,,,,,,,,,,,,,2023-10,544.5,64.5,,,,,,,,,,,,,,,,,,,,,,,,,,,,,,,,,,,tv_wilder_rsi14_sma5_v1,74.56,71.32,False,True,3.24
9647,9647.T,協和コンサルタンツ,2023-09,OUT,2,56.55,57.42,True,True,0.87,2023-08,3920.0,3925.0,3925.0,0.13,,,,,,,,,,,,,,,,,,,,,,,,,,,,,2023-10,3725.0,-4.97,,,,,,,,,,,,,,,,,,,,,,,,,,,,,,,,,,,tv_wilder_rsi14_sma5_v1,57.42,56.55,True,True,0.87
9663,9663.T,ナガワ,2023-09,OUT,4,42.48,43.67,True,False,1.19,2023-06,6880.0,6960.0,6960.0,1.16,,,,,,,,,,,,,,,,,,,,,,,,,,,,,2023-10,6120.0,-11.05,,,,,,,,,,,,,,,,,,,,,,,,,,,,,,,,,,,tv_wilder_rsi14_sma5_v1,43.67,42.48,False,True,1.19
9672,9672.T,東京都競馬,2023-09,OUT,1,47.14,48.85,False,True,1.71,2023-09,4020.0,4020.0,4020.0,0.0,,,,,,,,,,,,,,,,,,,,,,,,,,,,,2023-10,3890.0,-3.23,,,,,,,,,,,,,,,,,,,,,,,,,,,,,,,,,,,tv_wilder_rsi14_sma5_v1,48.85,47.14,True,False,1.71
9678,9678.T,カナモト,2023-09,OUT,3,53.88,60.96,True,True,7.09,2023-07,2505.0,2626.0,2626.0,4.83,,,,,,,,,,,,,,,,,,,,,,,,,,,,,2023-10,2435.0,-2.79,,,,,,,,,,,,,,,,,,,,,,,,,,,,,,,,,,,tv_wilder_rsi14_sma5_v1,60.96,53.88,True,True,7.09
9687,9687.T,ＫＳＫ,2023-09,OUT,4,64.98,70.16,True,True,5.18,2023-06,2496.0,2581.0,2581.0,3.41,,,,,,,,,,,,,,,,,,,,,,,,,,,,,2023-10,2540.0,1.76,,,,,,,,,,,,,,,,,,,,,,,,,,,,,,,,,,,tv_wilder_rsi14_sma5_v1,70.16,64.98,True,True,5.18
9691,9691.T,両毛システムズ,2023-09,OUT,12,66.33,69.38,True,False,3.05,2022-10,1799.0,2379.0,2379.0,32.24,,,,,,,,,,,,,,,,,,,,,,,,,,,,,2023-10,2230.0,23.96,,,,,,,,,,,,,,,,,,,,,,,,,,,,,,,,,,,tv_wilder_rsi14_sma5_v1,69.38,66.33,False,True,3.05
9698,9698.T,クレオ,2023-09,OUT,4,45.43,46.71,True,True,1.28,2023-06,909.0,941.0,941.0,3.52,,,,,,,,,,,,,,,,,,,,,,,,,,,,,2023-10,898.0,-1.21,,,,,,,,,,,,,,,,,,,,,,,,,,,,,,,,,,,tv_wilder_rsi14_sma5_v1,46.71,45.43,True,True,1.28
9699,9699.T,ニシオホールディングス,2023-09,OUT,4,65.46,66.06,True,False,0.6,2023-06,3390.0,3530.0,3530.0,4.13,,,,,,,,,,,,,,,,,,,,,,,,,,,,,2023-10,3325.0,-1.92,,,,,,,,,,,,,,,,,,,,,,,,,,,,,,,,,,,tv_wilder_rsi14_sma5_v1,66.06,65.46,False,True,0.6
9716,9716.T,乃村工藝社,2023-09,OUT,1,48.72,50.83,True,True,2.11,2023-09,954.0,954.0,954.0,0.0,,,,,,,,,,,,,,,,,,,,,,,,,,,,,2023-10,863.0,-9.54,,,,,,,,,,,,,,,,,,,,,,,,,,,,,,,,,,,tv_wilder_rsi14_sma5_v1,50.83,48.72,True,True,2.11
9722,9722.T,藤田観光,2023-09,OUT,3,72.0,78.31,True,True,6.31,2023-07,793.0,960.0,960.0,21.06,,,,,,,,,,,,,,,,,,,,,,,,,,,,,2023-10,826.0,4.16,,,,,,,,,,,,,,,,,,,,,,,,,,,,,,,,,,,tv_wilder_rsi14_sma5_v1,78.31,72.0,True,True,6.31
9723,9723.T,京都ホテル,2023-09,OUT,2,57.39,59.47,False,True,2.09,2023-08,771.0,772.0,772.0,0.13,,,,,,,,,,,,,,,,,,,,,,,,,,,,,2023-10,746.0,-3.24,,,,,,,,,,,,,,,,,,,,,,,,,,,,,,,,,,,tv_wilder_rsi14_sma5_v1,59.47,57.39,True,False,2.09
9740,9740.T,セントラル警備保障,2023-09,OUT,9,52.84,56.62,True,True,3.78,2023-01,2620.0,3125.0,3125.0,19.27,,,,,,,,,,,,,,,,,,,,,,,,,,,,,2023-10,2562.0,-2.21,,,,,,,,,,,,,,,,,,,,,,,,,,,,,,,,,,,tv_wilder_rsi14_sma5_v1,56.62,52.84,True,True,3.78
9742,9742.T,アイネス,2023-09,OUT,6,54.17,59.0,True,False,4.83,2023-04,1387.0,1644.0,1644.0,18.53,,,,,,,,,,,,,,,,,,,,,,,,,,,,,2023-10,1479.0,6.63,,,,,,,,,,,,,,,,,,,,,,,,,,,,,,,,,,,tv_wilder_rsi14_sma5_v1,59.0,54.17,False,True,4.83
9755,9755.T,応用地質,2023-09,OUT,3,59.39,60.51,True,False,1.12,2023-07,2630.0,2493.0,2493.0,-5.21,,,,,,,,,,,,,,,,,,,,,,,,,,,,,2023-10,2288.0,-13.0,,,,,,,,,,,,,,,,,,,,,,,,,,,,,,,,,,,tv_wilder_rsi14_sma5_v1,60.51,59.39,False,True,1.12
9763,9763.T,丸建リース,2023-09,OUT,9,73.14,78.49,True,True,5.35,2023-01,592.0,900.67,900.67,52.14,,,,,,,,,,,,,,,,,,,,,,,,,,,,,2023-10,842.0,42.23,,,,,,,,,,,,,,,,,,,,,,,,,,,,,,,,,,,tv_wilder_rsi14_sma5_v1,78.49,73.14,True,True,5.35
9767,9767.T,日建工学,2023-09,OUT,6,55.78,56.89,True,False,1.11,2023-04,1524.0,1754.0,1754.0,15.09,,,,,,,,,,,,,,,,,,,,,,,,,,,,,2023-10,1767.0,15.94,,,,,,,,,,,,,,,,,,,,,,,,,,,,,,,,,,,tv_wilder_rsi14_sma5_v1,56.89,55.78,False,True,1.11
9768,9768.T,いであ,2023-09,OUT,1,49.51,51.09,True,True,1.58,2023-09,1720.0,1720.0,1720.0,0.0,,,,,,,,,,,,,,,,,,,,,,,,,,,,,2023-10,1625.0,-5.52,,,,,,,,,,,,,,,,,,,,,,,,,,,,,,,,,,,tv_wilder_rsi14_sma5_v1,51.09,49.51,True,True,1.58
9782,9782.T,ディーエムエス,2023-09,OUT,4,56.42,60.68,True,True,4.26,2023-06,1400.0,1554.0,1554.0,11.0,,,,,,,,,,,,,,,,,,,,,,,,,,,,,2023-10,1367.0,-2.36,,,,,,,,,,,,,,,,,,,,,,,,,,,,,,,,,,,tv_wilder_rsi14_sma5_v1,60.68,56.42,True,True,4.26
9791,9791.T,ビケンテクノ,2023-09,OUT,1,64.56,65.23,True,True,0.68,2023-09,1172.0,1172.0,1172.0,0.0,,,,,,,,,,,,,,,,,,,,,,,,,,,,,2023-10,1104.0,-5.8,,,,,,,,,,,,,,,,,,,,,,,,,,,,,,,,,,,tv_wilder_rsi14_sma5_v1,65.23,64.56,True,True,0.68
9799,9799.T,旭情報サービス,2023-09,OUT,4,55.2,58.94,True,True,3.75,2023-06,619.5,633.5,633.5,2.26,,,,,,,,,,,,,,,,,,,,,,,,,,,,,2023-10,617.0,-0.4,,,,,,,,,,,,,,,,,,,,,,,,,,,,,,,,,,,tv_wilder_rsi14_sma5_v1,58.94,55.2,True,True,3.75
9827,9827.T,リリカラ,2023-09,OUT,5,63.45,63.51,True,False,0.06,2023-05,597.0,675.0,675.0,13.07,,,,,,,,,,,,,,,,,,,,,,,,,,,,,2023-10,645.0,8.04,,,,,,,,,,,,,,,,,,,,,,,,,,,,,,,,,,,tv_wilder_rsi14_sma5_v1,63.51,63.45,False,True,0.06
9830,9830.T,トラスコ中山,2023-09,OUT,2,50.41,53.72,True,False,3.31,2023-08,2571.0,2450.0,2450.0,-4.71,,,,,,,,,,,,,,,,,,,,,,,,,,,,,2023-10,2261.0,-12.06,,,,,,,,,,,,,,,,,,,,,,,,,,,,,,,,,,,tv_wilder_rsi14_sma5_v1,53.72,50.41,False,True,3.31
9832,9832.T,オートバックスセブン,2023-09,OUT,4,57.62,58.53,False,False,0.91,2023-06,1530.0,1582.0,1582.0,3.4,,,,,,,,,,,,,,,,,,,,,,,,,,,,,2023-10,1551.0,1.37,,,,,,,,,,,,,,,,,,,,,,,,,,,,,,,,,,,tv_wilder_rsi14_sma5_v1,58.53,57.62,False,False,0.91
9835,9835.T,ジュンテンドー,2023-09,OUT,3,45.88,47.94,True,True,2.06,2023-07,580.0,588.0,588.0,1.38,,,,,,,,,,,,,,,,,,,,,,,,,,,,,2023-10,576.0,-0.69,,,,,,,,,,,,,,,,,,,,,,,,,,,,,,,,,,,tv_wilder_rsi14_sma5_v1,47.94,45.88,True,True,2.06
9845,9845.T,パーカーコーポレーション,2023-09,OUT,4,71.75,79.16,True,True,7.41,2023-06,695.0,852.0,852.0,22.59,,,,,,,,,,,,,,,,,,,,,,,,,,,,,2023-10,753.0,8.35,,,,,,,,,,,,,,,,,,,,,,,,,,,,,,,,,,,tv_wilder_rsi14_sma5_v1,79.16,71.75,True,True,7.41
9849,9849.T,共同紙販ホールディングス,2023-09,OUT,4,50.17,54.35,True,True,4.18,2023-06,4605.0,4670.0,4670.0,1.41,,,,,,,,,,,,,,,,,,,,,,,,,,,,,2023-10,4450.0,-3.37,,,,,,,,,,,,,,,,,,,,,,,,,,,,,,,,,,,tv_wilder_rsi14_sma5_v1,54.35,50.17,True,True,4.18
9857,9857.T,英和,2023-09,OUT,5,68.24,76.17,True,True,7.93,2023-05,1418.0,1863.0,1863.0,31.38,,,,,,,,,,,,,,,,,,,,,,,,,,,,,2023-10,1768.0,24.68,,,,,,,,,,,,,,,,,,,,,,,,,,,,,,,,,,,tv_wilder_rsi14_sma5_v1,76.17,68.24,True,True,7.93
9867,9867.T,ソレキア,2023-09,OUT,4,48.68,51.07,True,True,2.39,2023-06,4905.0,5540.0,5540.0,12.95,,,,,,,,,,,,,,,,,,,,,,,,,,,,,2023-10,5200.0,6.01,,,,,,,,,,,,,,,,,,,,,,,,,,,,,,,,,,,tv_wilder_rsi14_sma5_v1,51.07,48.68,True,True,2.39
9882,9882.T,イエローハット,2023-09,OUT,2,56.28,57.94,False,True,1.66,2023-08,944.0,948.5,948.5,0.48,,,,,,,,,,,,,,,,,,,,,,,,,,,,,2023-10,910.5,-3.55,,,,,,,,,,,,,,,,,,,,,,,,,,,,,,,,,,,tv_wilder_rsi14_sma5_v1,57.94,56.28,True,False,1.66
9904,9904.T,ベリテ,2023-09,OUT,6,51.25,55.71,True,False,4.46,2023-04,357.0,399.0,399.0,11.76,,,,,,,,,,,,,,,,,,,,,,,,,,,,,2023-10,389.0,8.96,,,,,,,,,,,,,,,,,,,,,,,,,,,,,,,,,,,tv_wilder_rsi14_sma5_v1,55.71,51.25,False,True,4.46
9906,9906.T,藤井産業,2023-09,OUT,8,77.73,79.23,True,False,1.5,2023-02,1468.0,2210.0,2210.0,50.54,,,,,,,,,,,,,,,,,,,,,,,,,,,,,2023-10,2075.0,41.35,,,,,,,,,,,,,,,,,,,,,,,,,,,,,,,,,,,tv_wilder_rsi14_sma5_v1,79.23,77.73,False,True,1.5
9928,9928.T,ミロク情報サービス,2023-09,OUT,1,48.01,50.05,False,True,2.04,2023-09,1647.0,1647.0,1647.0,0.0,,,,,,,,,,,,,,,,,,,,,,,,,,,,,2023-10,1537.0,-6.68,,,,,,,,,,,,,,,,,,,,,,,,,,,,,,,,,,,tv_wilder_rsi14_sma5_v1,50.05,48.01,True,False,2.04
9932,9932.T,杉本商事,2023-09,OUT,4,51.32,52.77,True,False,1.45,2023-06,1091.0,1104.0,1104.0,1.19,,,,,,,,,,,,,,,,,,,,,,,,,,,,,2023-10,1038.0,-4.86,,,,,,,,,,,,,,,,,,,,,,,,,,,,,,,,,,,tv_wilder_rsi14_sma5_v1,52.77,51.32,False,True,1.45
9934,9934.T,因幡電機産業,2023-09,OUT,1,67.61,68.25,True,True,0.64,2023-09,1617.5,1617.5,1617.5,0.0,,,,,,,,,,,,,,,,,,,,,,,,,,,,,2023-10,1565.0,-3.25,,,,,,,,,,,,,,,,,,,,,,,,,,,,,,,,,,,tv_wilder_rsi14_sma5_v1,68.25,67.61,True,True,0.64
9960,9960.T,東テク,2023-09,OUT,4,71.87,73.56,True,False,1.69,2023-06,1596.67,1736.67,1736.67,8.77,,,,,,,,,,,,,,,,,,,,,,,,,,,,,2023-10,1586.67,-0.63,,,,,,,,,,,,,,,,,,,,,,,,,,,,,,,,,,,tv_wilder_rsi14_sma5_v1,73.56,71.87,False,True,1.69
9969,9969.T,ショクブン,2023-09,OUT,15,53.87,55.62,True,True,1.75,2022-07,214.0,257.0,257.0,20.09,,,,,,,,,,,,,,,,,,,,,,,,,,,,,2023-10,254.0,18.69,,,,,,,,,,,,,,,,,,,,,,,,,,,,,,,,,,,tv_wilder_rsi14_sma5_v1,55.62,53.87,True,True,1.75
9972,9972.T,アルテック,2023-09,OUT,1,46.04,47.56,True,True,1.51,2023-09,263.0,263.0,263.0,0.0,,,,,,,,,,,,,,,,,,,,,,,,,,,,,2023-10,237.0,-9.89,,,,,,,,,,,,,,,,,,,,,,,,,,,,,,,,,,,tv_wilder_rsi14_sma5_v1,47.56,46.04,True,True,1.51
9973,9973.T,ＫＯＺＯホールディングス,2023-09,OUT,5,37.92,38.99,True,True,1.06,2023-05,19.0,20.0,20.0,5.26,,,,,,,,,,,,,,,,,,,,,,,,,,,,,2023-10,19.0,0.0,,,,,,,,,,,,,,,,,,,,,,,,,,,,,,,,,,,tv_wilder_rsi14_sma5_v1,38.99,37.92,True,True,1.06
9982,9982.T,タキヒヨー,2023-09,OUT,11,43.65,49.62,True,True,5.97,2022-11,900.0,1163.0,1163.0,29.22,,,,,,,,,,,,,,,,,,,,,,,,,,,,,2023-10,988.0,9.78,,,,,,,,,,,,,,,,,,,,,,,,,,,,,,,,,,,tv_wilder_rsi14_sma5_v1,49.62,43.65,True,True,5.97
9986,9986.T,蔵王産業,2023-09,OUT,4,68.99,69.57,False,False,0.58,2023-06,2431.0,2539.0,2539.0,4.44,,,,,,,,,,,,,,,,,,,,,,,,,,,,,2023-10,2415.0,-0.66,,,,,,,,,,,,,,,,,,,,,,,,,,,,,,,,,,,tv_wilder_rsi14_sma5_v1,69.57,68.99,False,False,0.58
9993,9993.T,ヤマザワ,2023-09,OUT,4,36.37,36.67,True,False,0.3,2023-06,1268.0,1256.0,1256.0,-0.95,,,,,,,,,,,,,,,,,,,,,,,,,,,,,2023-10,1244.0,-1.89,,,,,,,,,,,,,,,,,,,,,,,,,,,,,,,,,,,tv_wilder_rsi14_sma5_v1,36.67,36.37,False,True,0.3
9994,9994.T,やまや,2023-09,OUT,4,63.05,65.18,True,False,2.13,2023-06,2719.0,2909.0,2909.0,6.99,,,,,,,,,,,,,,,,,,,,,,,,,,,,,2023-10,2882.0,5.99,,,,,,,,,,,,,,,,,,,,,,,,,,,,,,,,,,,tv_wilder_rsi14_sma5_v1,65.18,63.05,False,True,2.13
