code,ticker,name,signal_month,status,months_active,rsi14,rsi5,rsi14_up,rsi5_up,diff,gc_month,gc_price,signal_month_close,period_price,return_since_gc_pct,sma25,sma75,sma200,price_above_sma25,price_above_sma75,price_above_sma200,perfect_order,sma25_up,sma75_up,sma200_up,avg_volume30,high52_price,high52_distance_pct,high52_breakout,volume_ratio_5_30,atr14_pct,atr_ratio_10_20,vcp_tight,stage,supertrend_up,rsr_score,rsr_momentum,mvp_signal,cosmos_focus,cosmos_focus_type
2127,2127.T,日本Ｍ＆Ａセンターホールディングス,2024-02,CONTINUE,3,30.47,90.26,True,True,59.79,2023-12,777.7,1003.0,1003.0,28.97,718.47,701.77,868.58,True,True,False,False,True,False,False,4119137.0,1787.0,-56.48,False,0.78,2.94,0.95,True,4,True,-17.53,6.12,False,False,
7725,7725.T,インターアクション,2024-02,CONTINUE,3,35.51,93.75,True,True,58.24,2023-12,1083.0,1226.0,1226.0,13.2,970.16,1001.88,1193.22,True,True,False,False,False,False,False,132943.0,1610.0,-32.73,False,2.3,2.8,1.11,False,4,True,-12.72,3.57,True,False,
4719,4719.T,アルファシステムズ,2024-02,CONTINUE,3,32.57,87.15,True,True,54.57,2023-12,3030.0,3310.0,3310.0,9.24,2909.28,2871.07,3316.18,True,True,False,False,True,False,False,26443.0,4420.0,-31.45,False,0.48,1.82,0.89,True,4,True,-10.41,3.65,False,False,
3763,3763.T,プロシップ,2024-02,CONTINUE,3,48.63,100.0,True,True,51.37,2023-12,685.5,743.5,743.5,8.46,664.44,648.06,669.05,True,True,True,False,True,True,False,35440.0,787.5,-12.95,False,1.01,0.97,0.93,True,3,True,0.52,2.19,False,False,
2737,2737.T,トーメンデバイス,2024-02,CONTINUE,4,51.1,100.0,True,True,48.9,2023-11,5300.0,5620.0,5620.0,6.04,5010.6,4961.47,5537.95,True,True,False,False,True,True,False,25000.0,7170.0,-26.08,False,1.28,2.28,1.04,False,4,True,-4.36,0.67,False,False,
6914,6914.T,オプテックスグループ,2024-02,CONTINUE,2,52.71,100.0,True,True,47.29,2024-01,1842.0,1865.0,1865.0,1.25,1768.48,1714.67,1808.7,True,True,True,False,True,True,False,87003.0,2150.0,-14.33,False,1.05,1.59,0.92,True,3,True,1.72,1.32,False,False,
4751,4751.T,サイバーエージェント,2024-02,CONTINUE,3,44.38,91.19,True,True,46.81,2023-12,885.1,1050.5,1050.5,18.69,849.87,822.93,960.81,True,True,False,False,True,False,False,11453913.0,1268.0,-30.2,False,0.46,2.47,0.96,True,4,True,-7.12,3.8,False,False,
3092,3092.T,ＺＯＺＯ,2024-02,CONTINUE,5,53.57,100.0,True,True,46.43,2023-10,952.17,1131.33,1131.33,18.82,934.07,936.28,981.03,True,True,False,False,False,False,False,3585460.0,1170.0,-18.62,False,1.01,2.31,1.2,False,4,False,-3.31,-0.08,False,False,
4951,4951.T,エステー,2024-02,CONTINUE,2,56.52,100.0,True,True,43.48,2024-01,1545.0,1559.0,1559.0,0.91,1536.4,1514.81,1527.19,True,True,True,False,True,True,False,21327.0,1638.0,-5.68,False,0.86,0.63,0.88,True,3,True,0.98,-0.39,False,False,
3191,3191.T,ジョイフル本田,2024-02,CONTINUE,5,58.47,100.0,True,False,41.53,2023-10,1768.0,2087.0,2087.0,18.04,1745.08,1712.51,1742.88,True,True,True,False,True,True,False,103040.0,1962.0,-9.89,False,1.03,1.32,1.05,False,3,True,1.59,0.25,False,False,
4549,4549.T,栄研化学,2024-02,CONTINUE,5,58.73,100.0,True,True,41.27,2023-10,1485.0,1888.0,1888.0,27.14,1414.72,1437.81,1519.02,True,True,False,False,True,False,False,245080.0,1998.0,-25.68,False,2.43,2.39,1.23,False,4,True,-7.06,1.69,False,False,
8595,8595.T,ジャフコグループ,2024-02,CONTINUE,2,33.36,74.6,True,True,41.24,2024-01,1757.0,1798.0,1798.0,2.33,1693.2,1652.51,1731.03,True,True,True,False,True,True,False,393883.0,2507.0,-29.92,False,2.18,2.37,1.1,False,3,True,-2.15,2.76,False,False,
3563,3563.T,FOOD & LIFE COMPANIES,2024-02,CONTINUE,2,58.07,98.71,False,True,40.64,2024-01,1486.25,1483.25,1483.25,-0.2,1473.48,1388.25,1438.28,True,True,True,False,True,True,False,2483780.0,1855.0,-19.88,False,0.68,2.71,0.95,True,3,True,8.71,0.84,False,False,
2922,2922.T,なとり,2024-02,CONTINUE,7,59.73,100.0,True,True,40.27,2023-08,1991.0,2171.0,2171.0,9.04,1974.32,1957.65,1996.18,True,True,False,False,True,True,False,11817.0,2107.0,-5.51,False,0.96,0.63,0.71,True,4,True,-0.43,0.68,False,False,
5947,5947.T,リンナイ,2024-02,CONTINUE,5,55.22,95.21,True,True,39.99,2023-10,2763.5,3489.0,3489.0,26.25,2762.22,2861.59,3067.11,True,False,False,False,False,False,False,494307.0,3503.33,-21.12,False,1.31,1.67,1.04,False,4,False,-13.79,-0.82,False,False,
7157,7157.T,ライフネット生命保険,2024-02,CONTINUE,3,57.56,97.23,True,True,39.67,2023-12,1175.0,1379.0,1379.0,17.36,1101.16,1006.07,1040.64,True,True,True,False,True,True,False,370807.0,1447.0,-18.8,False,0.61,3.62,1.14,False,1,True,11.49,4.82,False,False,
9627,9627.T,アインホールディングス,2024-02,CONTINUE,4,29.25,68.14,True,True,38.89,2023-11,4500.0,4738.0,4738.0,5.29,4254.04,4457.13,5045.99,True,True,False,False,True,False,False,137167.0,7180.0,-37.33,False,1.9,1.63,0.99,True,4,True,-20.3,0.86,True,False,
9006,9006.T,京浜急行電鉄,2024-02,NEW,1,43.87,82.61,True,True,38.74,2024-02,1330.5,1330.5,1330.5,0.0,1292.38,1295.77,1303.46,True,True,True,False,False,True,False,784657.0,1412.0,-5.77,False,1.21,1.79,0.98,True,3,True,2.01,1.41,True,False,
3656,3656.T,ＫＬａｂ,2024-02,CONTINUE,4,34.74,72.87,True,False,38.13,2023-11,278.0,345.0,345.0,24.1,271.72,276.53,327.79,True,True,False,False,True,False,False,696643.0,521.0,-46.64,False,0.68,3.78,0.97,True,4,True,-19.04,3.84,False,False,
7820,7820.T,ニホンフラッシュ,2024-02,CONTINUE,2,62.15,100.0,True,True,37.85,2024-01,944.0,971.0,971.0,2.86,920.32,898.19,937.99,True,True,True,False,True,True,False,26110.0,1100.0,-14.18,False,0.78,1.12,0.98,True,3,True,3.4,0.88,False,False,
1375,1375.T,ユキグニファクトリー,2024-02,CONTINUE,3,50.59,88.0,True,True,37.41,2023-12,935.0,1013.0,1013.0,8.34,938.04,917.2,947.07,False,True,False,False,True,True,False,75450.0,1057.0,-11.54,False,1.06,1.22,1.02,False,4,False,-2.65,-0.76,False,False,
2307,2307.T,クロスキャット,2024-02,CONTINUE,3,44.03,81.39,True,True,37.36,2023-12,1081.0,1222.0,1222.0,13.04,1075.44,1052.01,1113.21,True,True,False,False,False,True,False,22533.0,1547.0,-30.12,False,0.8,2.25,1.02,False,4,False,-6.92,0.61,False,False,
6941,6941.T,山一電機,2024-02,CONTINUE,2,62.67,100.0,True,True,37.33,2024-01,2131.0,2260.0,2260.0,6.05,2021.28,1863.6,1945.65,True,True,True,False,True,True,True,186077.0,2444.0,-12.81,False,0.89,2.8,1.02,False,1,True,15.44,4.32,False,False,
6196,6196.T,ストライクグループ,2024-02,CONTINUE,5,62.56,99.54,True,True,36.98,2023-10,1223.33,1836.67,1836.67,50.14,1103.87,1079.04,1188.3,True,True,True,False,False,False,False,366290.0,1646.67,-25.71,False,2.16,3.61,1.19,False,3,True,4.13,1.31,True,False,
7508,7508.T,Ｇ－７ホールディングス,2024-02,CONTINUE,2,35.35,71.97,False,True,36.62,2024-01,1263.0,1392.0,1392.0,10.21,1223.52,1186.73,1254.31,True,True,True,False,True,False,False,57393.0,1617.0,-21.89,False,0.96,1.59,0.9,True,3,True,-2.17,2.52,False,False,
8818,8818.T,京阪神ビルディング,2024-02,CONTINUE,8,63.64,100.0,True,False,36.36,2023-07,631.5,750.0,750.0,18.76,589.78,596.75,617.64,True,True,True,False,False,False,False,167667.0,714.0,-11.55,False,1.49,1.95,1.38,False,3,True,-0.32,2.63,True,False,
7947,7947.T,エフピコ,2024-02,CONTINUE,5,31.59,67.39,False,True,35.8,2023-10,2891.0,2747.5,2747.5,-4.96,2562.66,2689.59,3019.2,True,True,False,False,False,False,False,265150.0,3925.0,-26.34,False,1.33,2.62,1.24,False,4,True,-10.92,2.83,True,False,
4662,4662.T,フォーカスシステムズ,2024-02,CONTINUE,2,64.3,100.0,True,True,35.7,2024-01,1061.0,1129.0,1129.0,6.41,1015.12,988.28,1004.87,True,True,True,False,True,True,True,26053.0,1118.0,-5.1,False,1.43,1.23,1.12,False,1,True,5.82,2.44,False,False,
7199,7199.T,プレミアグループ,2024-02,CONTINUE,5,55.66,91.35,True,True,35.69,2023-10,1597.0,1880.0,1880.0,17.72,1493.04,1597.01,1614.59,True,False,False,False,False,False,False,308417.0,1983.0,-19.47,False,1.57,3.31,1.07,False,1,True,-4.08,2.78,False,False,
9684,9684.T,ｽｸｳｪｱ･ｴﾆｯｸｽ･ﾎｰﾙﾃﾞｨﾝｸﾞｽ,2024-02,CONTINUE,2,52.27,87.93,True,True,35.66,2024-01,1927.67,2114.67,2114.67,9.7,1831.43,1738.39,1930.86,True,True,False,False,True,True,False,2370610.0,2522.0,-23.57,False,0.74,2.0,0.83,True,4,True,0.9,2.84,False,False,
9519,9519.T,レノバ,2024-02,CONTINUE,3,13.49,48.57,True,True,35.08,2023-12,1189.0,1119.0,1119.0,-5.89,1077.32,1104.79,1453.29,True,True,False,False,False,False,False,1084233.0,2479.0,-52.04,False,1.52,4.3,1.02,False,4,True,-22.68,4.55,True,False,
5208,5208.T,有沢製作所,2024-02,CONTINUE,5,40.52,75.41,True,False,34.89,2023-10,1065.0,1153.0,1153.0,8.26,1069.0,1054.81,1174.67,False,True,False,False,True,False,False,175300.0,1438.0,-25.94,False,0.75,1.56,0.9,True,4,False,-11.13,-0.42,False,False,
8151,8151.T,東陽テクニカ,2024-02,CONTINUE,2,60.68,95.2,True,True,34.52,2024-01,1448.0,1531.0,1531.0,5.73,1436.04,1362.48,1366.98,True,True,True,False,True,True,True,52377.0,1491.0,-2.88,False,0.85,1.16,0.78,True,1,True,8.62,0.26,False,False,
7187,7187.T,ジェイリース,2024-02,CONTINUE,2,45.0,79.34,True,True,34.33,2024-01,1180.5,1304.0,1304.0,10.46,1092.4,997.35,1039.26,True,True,True,False,True,True,True,153067.0,1376.0,-14.21,False,1.08,2.19,1.12,False,2,True,14.28,8.1,False,False,
2317,2317.T,システナ,2024-02,CONTINUE,4,27.96,61.45,False,False,33.49,2023-11,296.0,288.0,288.0,-2.7,265.24,267.29,287.22,True,True,True,False,True,False,False,2382360.0,449.0,-34.08,False,1.76,2.78,1.26,False,3,True,-4.87,6.16,False,False,
2371,2371.T,カカクコム,2024-02,CONTINUE,2,38.78,72.2,True,True,33.42,2024-01,1688.5,1717.5,1717.5,1.72,1716.54,1629.32,1781.11,False,True,False,False,True,True,False,1085027.0,2220.0,-23.94,False,0.81,2.85,1.02,False,4,True,-1.47,-0.19,False,False,
9729,9729.T,トーカイ,2024-02,CONTINUE,5,66.87,99.33,True,True,32.46,2023-10,1898.0,2196.0,2196.0,15.7,1888.4,1894.63,1915.42,True,True,False,False,False,True,False,27057.0,2090.0,-9.19,False,1.04,1.34,0.93,True,4,False,-0.65,-0.82,False,False,
6073,6073.T,アサンテ,2024-02,CONTINUE,2,55.04,87.41,False,True,32.36,2024-01,1696.0,1679.0,1679.0,-1.0,1668.16,1622.93,1640.98,True,True,True,False,True,True,True,22697.0,1738.0,-2.42,False,0.66,0.77,0.99,True,1,True,3.96,0.65,False,False,
2207,2207.T,ｍｅｉｔｏ,2024-02,CONTINUE,3,67.81,100.0,True,True,32.19,2023-12,1696.0,1870.0,1870.0,10.26,1649.04,1629.53,1644.5,True,True,True,False,True,True,False,19547.0,1749.0,-3.03,False,1.32,0.59,0.98,True,3,True,3.46,1.18,False,False,
3788,3788.T,GMOｸﾞﾛｰﾊﾞﾙｻｲﾝ･ﾎｰﾙﾃﾞｨﾝｸﾞｽ,2024-02,CONTINUE,3,24.4,56.38,False,True,31.98,2023-12,2737.0,2827.0,2827.0,3.29,2537.92,2602.11,3127.2,True,True,False,False,False,False,False,58393.0,4600.0,-40.5,False,0.75,3.52,0.85,True,4,True,-15.95,5.36,False,False,
2170,2170.T,リンクアンドモチベーション,2024-02,CONTINUE,5,47.8,79.61,True,True,31.81,2023-10,400.0,617.0,617.0,54.25,404.04,426.85,481.63,False,False,False,False,False,False,False,364067.0,917.0,-56.38,False,0.81,3.14,0.93,True,4,False,-23.83,-0.88,False,False,
7366,7366.T,LITALICO,2024-02,CONTINUE,3,46.15,77.93,True,True,31.78,2023-12,2062.0,2208.0,2208.0,7.08,2067.6,2039.52,2239.43,False,True,False,False,True,False,False,124510.0,2856.0,-27.8,False,0.81,2.47,0.92,True,4,False,-5.46,1.84,False,False,
3199,3199.T,綿半ホールディングス,2024-02,CONTINUE,5,69.31,100.0,True,True,30.69,2023-10,1329.0,1524.0,1524.0,14.67,1311.6,1342.36,1372.01,True,False,False,False,False,False,False,40973.0,1475.0,-9.9,False,0.64,1.05,1.01,False,4,True,-3.44,0.01,False,False,
4887,4887.T,サワイグループホールディングス,2024-02,CONTINUE,7,69.37,100.0,True,True,30.63,2023-08,1559.33,1914.67,1914.67,22.79,1314.8,1221.76,1273.68,True,True,True,False,True,True,False,962330.0,1533.33,1.7,True,0.92,3.36,1.15,False,1,True,25.62,14.57,False,False,
8370,8370.T,紀陽銀行,2024-02,CONTINUE,5,66.37,96.92,True,True,30.54,2023-10,1548.0,1863.0,1863.0,20.35,1512.56,1507.49,1536.39,True,True,True,False,False,True,True,128577.0,1726.0,-10.31,False,0.95,2.25,1.03,False,3,False,0.86,-1.27,False,False,
6869,6869.T,シスメックス,2024-02,CONTINUE,2,52.93,83.29,True,True,30.36,2024-01,2669.33,2806.67,2806.67,5.14,2690.63,2587.2,2801.76,False,True,False,False,True,True,False,1322470.0,3480.0,-23.3,False,1.07,2.55,0.92,True,4,False,1.31,-0.77,False,False,
5757,5757.T,ＣＫサンエツ,2024-02,CONTINUE,2,47.31,77.55,True,True,30.24,2024-01,3930.0,3870.0,3870.0,-1.53,3864.2,3709.13,3927.2,True,True,True,False,True,True,False,4127.0,4490.0,-12.47,False,1.36,1.65,0.98,True,3,True,1.45,0.0,True,False,
6184,6184.T,鎌倉新書,2024-02,CONTINUE,2,22.08,52.2,False,True,30.13,2024-01,629.0,631.0,631.0,0.32,580.96,574.51,683.61,True,True,False,False,True,False,False,330880.0,1197.0,-47.45,False,0.55,3.57,0.9,True,4,True,-11.71,4.54,False,False,
9795,9795.T,ステップ,2024-02,CONTINUE,4,69.62,99.68,False,True,30.06,2023-11,1875.0,2046.0,2046.0,9.12,1842.64,1782.35,1804.82,True,True,True,False,True,True,True,47650.0,1936.0,-3.15,False,0.47,1.21,0.75,True,1,True,3.84,0.83,False,False,
1820,1820.T,西松建設,2024-02,CONTINUE,8,62.53,92.37,True,True,29.84,2023-07,3704.0,4541.0,4541.0,22.6,3569.48,3502.81,3635.3,True,True,True,False,True,True,False,231880.0,4245.0,-12.74,False,0.99,1.25,1.12,False,3,True,-1.42,1.89,False,False,
3665,3665.T,エニグモ,2024-02,CONTINUE,4,15.4,45.16,False,True,29.76,2023-11,383.0,355.0,355.0,-7.31,355.0,358.81,417.95,True,True,False,False,True,False,False,276673.0,685.0,-44.09,False,0.64,2.52,0.95,True,4,True,-13.81,3.86,False,False,
9842,9842.T,アークランズ,2024-02,NEW,1,60.96,90.57,False,True,29.6,2024-02,1682.0,1682.0,1682.0,0.0,1677.64,1668.24,1624.46,True,True,True,True,False,True,True,462250.0,1749.0,-3.83,False,1.89,1.73,1.12,False,2,False,5.12,-1.59,False,False,
6850,6850.T,チノー,2024-02,CONTINUE,2,70.92,100.0,True,True,29.08,2024-01,1205.5,1226.5,1226.5,1.74,1150.58,1070.97,1082.28,True,True,True,False,True,True,True,68407.0,1292.0,-6.7,False,0.49,1.72,0.77,True,1,True,17.39,2.57,False,False,
2053,2053.T,中部飼料,2024-02,CONTINUE,2,64.84,93.88,False,True,29.04,2024-01,1208.0,1223.0,1223.0,1.24,1105.64,1085.09,1091.85,True,True,True,False,True,False,True,51693.0,1169.0,3.34,True,1.82,1.53,1.19,False,2,True,13.15,2.76,True,True,MVP
3183,3183.T,ウイン・パートナーズ,2024-02,CONTINUE,9,71.05,100.0,False,False,28.95,2023-06,1030.0,1306.0,1306.0,26.8,1014.28,1021.01,1004.79,True,True,True,False,True,False,True,30550.0,1104.0,-6.7,False,0.66,1.28,1.12,False,2,True,4.5,2.61,False,False,
7649,7649.T,スギホールディングス,2024-02,CONTINUE,2,69.62,98.3,True,True,28.68,2024-01,2356.0,2349.5,2349.5,-0.28,2221.79,2105.0,2074.32,True,True,True,True,True,True,True,665190.0,2390.0,-1.42,False,1.0,1.74,0.93,True,2,True,20.72,4.57,False,False,
7821,7821.T,前田工繊,2024-02,CONTINUE,2,60.76,89.09,True,True,28.32,2024-01,1612.5,1735.0,1735.0,7.6,1578.04,1515.05,1537.8,True,True,True,False,True,True,True,105033.0,1715.0,-5.98,False,0.76,1.72,0.75,True,3,True,5.64,0.43,False,False,
6741,6741.T,日本信号,2024-02,CONTINUE,2,47.62,75.66,True,True,28.04,2024-01,945.0,1018.0,1018.0,7.72,960.56,947.56,998.27,False,False,False,False,True,True,False,82200.0,1179.0,-19.85,False,1.23,1.23,1.0,False,4,False,-4.83,-1.27,False,False,
4681,4681.T,リゾートトラスト,2024-02,CONTINUE,5,57.7,85.7,True,True,28.0,2023-10,1082.0,1290.25,1290.25,19.25,1085.29,1121.06,1103.8,False,False,False,False,False,False,False,853900.0,1230.0,-12.03,False,1.03,1.86,0.85,True,1,False,-4.49,-2.17,False,False,
9041,9041.T,近鉄グループホールディングス,2024-02,CONTINUE,2,55.25,83.21,True,True,27.96,2024-01,4560.0,4606.0,4606.0,1.01,4592.56,4333.67,4525.1,False,True,True,False,True,True,True,470197.0,5157.0,-11.58,False,0.9,1.99,1.16,False,1,False,5.37,-0.12,False,False,
8739,8739.T,スパークス・グループ,2024-02,CONTINUE,3,58.54,86.38,True,True,27.84,2023-12,1612.0,1897.0,1897.0,17.68,1529.92,1495.55,1486.86,True,True,True,True,True,True,False,43217.0,1818.0,-11.33,False,0.79,1.88,0.89,True,3,True,4.06,2.33,False,False,
3694,3694.T,オプティム,2024-02,CONTINUE,2,56.63,84.4,True,True,27.77,2024-01,953.0,1153.0,1153.0,20.99,895.36,853.28,912.03,True,True,True,False,True,True,False,205343.0,1188.0,-19.78,False,0.75,3.31,0.92,True,1,True,5.34,3.62,False,False,
9110,9110.T,ＮＳユナイテッド海運,2024-02,CONTINUE,5,67.61,95.36,True,True,27.76,2023-10,4270.0,5310.0,5310.0,24.36,4148.2,4019.27,3945.18,True,True,True,True,False,True,True,154420.0,4775.0,-10.58,False,1.28,2.56,0.98,True,1,True,8.62,1.6,False,False,
7596,7596.T,魚力,2024-02,CONTINUE,3,70.71,98.29,True,True,27.59,2023-12,2330.0,2419.0,2419.0,3.82,2245.88,2197.32,2181.11,True,True,True,True,True,True,True,13437.0,2335.0,-0.21,False,1.13,1.32,1.18,False,2,True,8.35,2.27,False,False,
6136,6136.T,オーエスジー,2024-02,CONTINUE,3,60.7,88.22,True,True,27.52,2023-12,2022.0,2099.5,2099.5,3.83,1927.48,1823.12,1885.32,True,True,True,False,True,True,False,315297.0,2117.0,-4.49,False,0.8,1.64,0.86,True,3,True,8.39,4.16,False,False,
3046,3046.T,ジンズホールディングス,2024-02,CONTINUE,8,44.98,72.08,False,True,27.09,2023-07,3525.0,4115.0,4115.0,16.74,3333.2,3183.31,3735.36,True,True,False,False,True,False,False,267393.0,5090.0,-30.75,False,0.71,3.84,1.14,False,4,True,0.29,8.28,False,False,
4331,4331.T,テイクアンドギヴ・ニーズ,2024-02,CONTINUE,5,38.47,65.5,False,True,27.03,2023-10,933.0,1120.0,1120.0,20.04,948.44,1057.4,1197.19,False,False,False,False,False,False,False,97697.0,1735.0,-46.22,False,0.93,2.63,1.01,False,4,False,-29.71,-1.44,False,False,
7595,7595.T,アルゴグラフィックス,2024-02,CONTINUE,3,59.76,86.79,True,False,27.03,2023-12,916.25,1073.75,1073.75,17.19,900.8,854.15,902.17,True,True,True,False,True,True,False,135427.0,1057.5,-13.36,False,0.63,1.8,0.83,True,3,True,2.15,1.4,False,False,
9517,9517.T,イーレックス,2024-02,CONTINUE,3,17.58,44.06,True,True,26.49,2023-12,781.0,722.0,722.0,-7.55,658.44,719.43,1103.07,True,True,False,False,False,False,False,1370463.0,2488.0,-68.61,False,1.44,6.48,1.21,False,4,True,-30.89,9.36,False,False,
3678,3678.T,メディアドゥ,2024-02,CONTINUE,5,35.7,62.12,True,True,26.42,2023-10,1295.0,1340.0,1340.0,3.47,1185.08,1217.95,1381.03,True,True,False,False,True,False,False,126147.0,2214.0,-41.51,False,0.95,4.66,1.01,False,4,True,-15.86,5.88,False,False,
2587,2587.T,サントリービバレッジ＆フード,2024-02,CONTINUE,2,59.91,86.05,True,True,26.14,2024-01,4832.0,4922.0,4922.0,1.86,4801.6,4656.39,4873.59,True,True,False,False,True,True,False,550640.0,5510.0,-12.3,False,0.75,1.54,1.02,False,4,True,3.94,1.26,False,False,
9843,9843.T,ニトリホールディングス,2024-02,CONTINUE,2,68.79,94.89,True,True,26.1,2024-01,3853.0,4396.0,4396.0,14.09,3728.24,3457.55,3419.36,True,True,True,True,True,True,True,3116050.0,3943.0,-2.28,False,0.88,2.17,0.84,True,1,True,16.2,1.3,False,False,
2462,2462.T,ライク,2024-02,CONTINUE,3,31.34,57.4,True,True,26.06,2023-12,1462.0,1589.0,1589.0,8.69,1376.08,1419.19,1621.34,True,True,False,False,False,False,False,127563.0,2270.0,-35.59,False,0.63,1.77,1.04,False,4,True,-14.91,3.1,False,False,
8132,8132.T,シナネンホールディングス,2024-02,CONTINUE,8,58.91,84.75,True,True,25.84,2023-07,3920.0,4260.0,4260.0,8.67,3828.6,3730.27,3699.0,True,True,True,True,True,True,True,10207.0,4125.0,-4.97,False,0.94,1.35,0.84,True,3,True,3.67,-2.35,False,False,
2148,2148.T,アイティメディア,2024-02,CONTINUE,2,57.63,83.33,True,True,25.7,2024-01,1059.0,1952.0,1952.0,84.32,1009.72,995.47,1159.16,True,True,False,False,True,False,False,45770.0,1610.0,-34.22,False,0.77,2.19,1.01,False,4,True,-13.95,3.82,False,False,
6861,6861.T,キーエンス,2024-02,CONTINUE,2,67.48,92.76,True,True,25.28,2024-01,66580.0,70040.0,70040.0,5.2,64632.4,61345.07,62706.5,True,True,True,False,True,True,True,561590.0,71890.0,-7.39,False,1.07,1.91,0.9,True,1,True,15.13,2.21,False,False,
4694,4694.T,ビー・エム・エル,2024-02,CONTINUE,6,26.81,52.04,True,True,25.23,2023-09,2796.0,2812.0,2812.0,0.57,2853.36,2887.21,3056.22,False,False,False,False,True,False,False,76073.0,3665.0,-23.71,False,1.33,1.83,1.01,False,4,False,-9.72,0.45,False,False,
3048,3048.T,ビックカメラ,2024-02,CONTINUE,5,50.36,75.56,False,False,25.2,2023-10,1143.0,1287.0,1287.0,12.6,1106.4,1092.47,1112.71,True,True,True,False,True,True,False,597180.0,1325.0,-13.74,False,0.93,2.09,0.83,True,3,False,1.32,0.5,False,False,
4345,4345.T,シーティーエス,2024-02,CONTINUE,2,40.66,65.77,True,True,25.11,2024-01,698.0,746.0,746.0,6.88,678.28,665.47,705.3,True,True,False,False,True,False,False,66717.0,833.0,-16.21,False,1.15,1.2,0.91,True,4,False,-3.49,1.44,False,False,
4813,4813.T,ＡＣＣＥＳＳ,2024-02,NEW,1,61.6,86.49,True,True,24.88,2024-02,1136.0,1136.0,1136.0,0.0,893.64,813.64,859.75,True,True,True,False,True,True,True,472590.0,1266.0,-10.27,False,3.35,5.31,1.39,False,1,True,28.12,13.67,False,False,
3050,3050.T,ＤＣＭホールディングス,2024-02,CONTINUE,4,63.82,88.0,True,True,24.18,2023-11,1279.0,1442.0,1442.0,12.74,1196.72,1220.57,1225.85,True,True,True,False,False,True,True,466020.0,1477.0,-13.41,False,1.09,1.88,1.2,False,2,True,4.63,3.71,True,False,
1888,1888.T,若築建設,2024-02,CONTINUE,2,56.53,80.68,True,True,24.15,2024-01,3080.0,3245.0,3245.0,5.36,3040.6,2982.63,3187.45,True,True,False,False,True,True,False,14953.0,4585.0,-32.82,False,0.78,1.95,0.86,True,4,True,-1.32,-0.38,False,False,
6080,6080.T,Ｍ＆Ａキャピタルパートナーズ,2024-02,CONTINUE,2,25.14,49.28,True,True,24.14,2024-01,2286.0,2663.0,2663.0,16.49,2388.36,2345.29,2814.7,False,False,False,False,True,False,False,218210.0,5410.0,-57.74,False,1.6,2.91,1.05,False,4,False,-26.8,-0.08,False,False,
6920,6920.T,レーザーテック,2024-02,CONTINUE,6,75.95,100.0,True,False,24.05,2023-09,23270.0,39950.0,39950.0,71.68,22267.0,21654.93,22067.72,True,True,True,False,True,True,False,9810257.0,29645.0,-21.5,False,1.31,3.49,1.08,False,3,True,11.36,4.99,False,False,
9900,9900.T,サガミホールディングス,2024-02,NEW,1,76.25,100.0,True,True,23.75,2024-02,1534.0,1534.0,1534.0,0.0,1519.88,1443.07,1365.18,True,True,True,True,True,True,True,75073.0,1577.0,-2.73,False,0.82,1.45,0.85,True,2,False,15.48,-1.33,False,False,
3333,3333.T,あさひ,2024-02,CONTINUE,5,43.69,67.11,False,True,23.41,2023-10,1300.0,1318.0,1318.0,1.38,1257.52,1267.59,1299.38,True,True,True,False,False,False,False,121650.0,1432.0,-9.22,False,1.34,0.99,1.01,False,3,True,0.49,1.58,False,False,
7874,7874.T,レック,2024-02,CONTINUE,7,62.91,86.32,False,True,23.41,2023-08,951.0,1101.0,1101.0,15.77,923.48,867.59,878.88,True,True,True,False,True,True,True,44507.0,1020.0,-6.76,False,0.54,2.02,0.9,True,2,True,13.56,2.17,False,False,
9449,9449.T,ＧＭＯインターネットグループ,2024-02,CONTINUE,2,56.39,79.72,True,True,23.34,2024-01,2677.5,2703.5,2703.5,0.97,2610.84,2423.71,2525.33,True,True,True,False,True,True,True,254500.0,2995.0,-10.6,False,0.97,2.32,0.96,True,1,True,10.63,2.19,False,False,
4187,4187.T,大阪有機化学工業,2024-02,CONTINUE,2,76.75,100.0,True,True,23.25,2024-01,2959.0,3290.0,3290.0,11.19,2739.4,2656.41,2539.07,True,True,True,True,True,True,True,155903.0,3060.0,-3.3,False,1.36,4.08,1.11,False,2,True,28.63,8.27,False,False,
1518,1518.T,三井松島ホールディングス,2024-02,CONTINUE,2,52.61,75.79,True,True,23.18,2024-01,573.2,629.0,629.0,9.73,557.78,549.37,556.73,True,True,True,False,True,True,False,816700.0,821.0,-30.18,False,0.94,1.7,0.79,True,3,True,0.39,0.97,False,False,
6167,6167.T,冨士ダイス,2024-02,CONTINUE,2,61.2,84.38,True,True,23.18,2024-01,717.0,702.0,702.0,-2.09,679.2,660.15,671.16,True,True,True,False,True,True,False,65930.0,1255.0,-42.87,False,1.27,1.65,1.05,False,3,True,9.08,2.74,False,False,
7733,7733.T,オリンパス,2024-02,CONTINUE,5,43.48,66.49,True,False,23.02,2023-10,1999.0,2132.0,2132.0,6.65,1950.98,2031.8,2217.57,True,False,False,False,False,False,False,6010627.0,3140.0,-36.34,False,0.88,2.24,1.08,False,4,False,-18.7,-0.12,False,False,
7637,7637.T,白銅,2024-02,CONTINUE,3,54.1,77.06,True,True,22.96,2023-12,2327.0,2572.0,2572.0,10.53,2232.48,2237.03,2351.45,True,True,False,False,True,False,False,19957.0,2752.0,-15.44,False,0.91,1.72,1.03,False,4,True,-2.37,2.75,False,False,
7734,7734.T,理研計器,2024-02,CONTINUE,6,77.11,100.0,True,False,22.89,2023-09,3015.0,3835.0,3835.0,27.2,2791.3,2714.9,2548.34,True,True,True,True,True,True,True,73227.0,3070.0,-1.79,False,1.37,2.51,1.16,False,2,True,22.66,5.72,False,False,
6273,6273.T,ＳＭＣ,2024-02,CONTINUE,2,77.12,100.0,True,True,22.88,2024-01,82910.0,90150.0,90150.0,8.73,80305.2,75470.13,73746.8,True,True,True,True,True,True,True,207033.0,86790.0,-4.47,False,0.72,2.02,0.87,True,2,True,21.0,1.4,False,False,
4526,4526.T,理研ビタミン,2024-02,NEW,1,72.09,94.89,True,True,22.79,2024-02,2533.0,2533.0,2533.0,0.0,2371.08,2306.97,2212.18,True,True,True,True,True,True,True,59623.0,2579.0,-1.78,False,1.29,2.08,1.04,False,2,True,14.5,1.0,False,False,
9024,9024.T,西武ホールディングス,2024-02,CONTINUE,4,77.25,100.0,True,True,22.75,2023-11,1784.5,2164.0,2164.0,21.27,1589.92,1524.85,1488.62,True,True,True,True,True,True,True,1837380.0,1850.0,-3.54,False,1.08,2.98,1.38,False,2,True,23.82,10.61,False,False,
9533,9533.T,東邦瓦斯,2024-02,CONTINUE,9,73.85,96.58,True,True,22.74,2023-06,623.12,750.75,750.75,20.48,627.79,626.95,649.71,False,False,False,False,False,False,False,1171253.0,835.0,-25.37,False,1.0,1.79,1.06,False,4,True,-6.65,1.42,False,False,
5902,5902.T,ホッカンホールディングス,2024-02,CONTINUE,5,76.54,99.15,True,True,22.62,2023-10,1578.0,1857.0,1857.0,17.68,1519.72,1505.52,1422.05,True,True,True,True,False,True,True,26667.0,1620.0,-2.59,False,1.39,1.77,1.04,False,2,True,14.3,1.76,False,False,
9989,9989.T,サンドラッグ,2024-02,NEW,1,67.83,90.34,False,True,22.51,2024-02,4673.0,4673.0,4673.0,0.0,4492.04,4457.12,4281.52,True,True,True,True,False,True,True,280230.0,4746.0,-1.54,False,1.24,2.23,1.26,False,2,True,12.73,-1.35,False,False,
2175,2175.T,エス・エム・エス,2024-02,CONTINUE,3,33.17,55.56,True,True,22.39,2023-12,2899.5,2651.5,2651.5,-8.55,2772.76,2609.65,2828.11,True,True,True,False,True,False,False,376320.0,3630.0,-20.12,False,0.66,2.24,0.98,True,3,True,3.1,6.13,False,False,
2664,2664.T,カワチ薬品,2024-02,CONTINUE,5,77.74,100.0,False,False,22.26,2023-10,2523.0,2770.0,2770.0,9.79,2484.08,2347.12,2281.43,True,True,True,True,True,True,True,63780.0,2565.0,-1.64,False,1.18,1.63,1.13,False,2,True,13.33,-0.44,False,False,
2229,2229.T,カルビー,2024-02,CONTINUE,5,56.49,78.55,True,True,22.06,2023-10,2905.0,3206.0,3206.0,10.36,2759.26,2796.45,2803.01,True,True,True,False,False,False,False,387757.0,3125.0,-7.04,False,1.44,1.72,1.12,False,3,True,2.09,1.34,True,False,
6070,6070.T,キャリアリンク,2024-02,CONTINUE,2,48.98,71.02,True,True,22.04,2024-01,2632.0,2784.0,2784.0,5.78,2450.08,2325.24,2516.3,True,True,True,False,True,True,True,106430.0,3150.0,-16.44,False,0.88,1.9,1.08,False,1,True,5.88,5.27,False,False,
7504,7504.T,高速,2024-02,CONTINUE,2,75.99,97.78,True,True,21.79,2024-01,2287.0,2506.0,2506.0,9.58,2147.44,2063.45,2057.45,True,True,True,True,True,True,True,14090.0,2278.0,0.4,True,1.17,1.7,1.08,False,1,True,14.14,2.33,False,True,BREAKOUT
3964,3964.T,オークネット,2024-02,CONTINUE,8,68.3,89.93,True,True,21.63,2023-07,447.0,561.25,561.25,25.56,433.89,420.62,447.36,True,True,False,False,True,True,False,245653.0,612.5,-27.02,False,1.72,2.81,1.0,True,4,True,-1.39,0.72,False,False,
3922,3922.T,ＰＲＴＩＭＥＳ,2024-02,CONTINUE,6,41.63,63.16,False,False,21.52,2023-09,1737.0,1967.0,1967.0,13.24,1743.32,1610.17,1739.24,False,True,False,False,True,True,False,39100.0,2621.0,-33.73,False,0.59,2.71,1.0,True,4,True,-2.44,0.1,False,False,
9005,9005.T,東急,2024-02,NEW,1,60.74,82.22,True,True,21.48,2024-02,1863.5,1863.5,1863.5,0.0,1751.84,1746.74,1766.56,True,True,True,False,True,True,False,1643640.0,2036.0,-8.47,False,1.47,2.11,1.1,False,3,True,6.85,2.78,True,False,
2209,2209.T,井村屋グループ,2024-02,CONTINUE,5,67.05,88.43,True,True,21.38,2023-10,2350.0,2470.0,2470.0,5.11,2286.88,2295.59,2265.74,True,True,True,False,False,True,True,30183.0,2377.0,-1.14,False,1.1,1.27,0.94,True,2,True,4.19,0.4,False,False,
7038,7038.T,フロンティア・マネジメント,2024-02,CONTINUE,8,66.08,87.46,True,True,21.38,2023-07,1370.0,1885.0,1885.0,37.59,1333.24,1167.93,1215.57,True,True,True,False,True,True,True,58440.0,1593.0,-14.0,False,1.3,2.95,0.97,True,1,True,21.32,-1.79,False,False,
9629,9629.T,ピー  ･シー  ･エー,2024-02,CONTINUE,2,59.08,80.39,True,True,21.31,2024-01,1605.0,1670.0,1670.0,4.05,1195.96,1156.29,1236.97,True,True,True,False,True,False,False,82817.0,1660.0,-3.31,False,3.71,4.6,1.42,False,1,True,32.79,12.97,True,False,
2117,2117.T,ウェルネオシュガー,2024-02,NEW,1,70.41,91.69,False,True,21.28,2024-02,2354.0,2354.0,2354.0,0.0,2304.64,2169.96,2089.97,True,True,True,True,True,True,True,58373.0,2391.0,-1.55,False,1.02,1.93,0.99,True,2,True,19.88,-1.05,False,False,
7236,7236.T,ティラド,2024-02,CONTINUE,6,67.48,88.67,True,True,21.19,2023-09,225.0,399.0,399.0,77.33,221.58,200.01,219.81,True,True,True,False,True,True,False,177300.0,277.8,-19.01,False,1.01,2.39,1.18,False,3,True,3.05,1.19,False,False,
3676,3676.T,デジタルハーツホールディングス,2024-02,CONTINUE,2,23.06,44.12,True,True,21.06,2024-01,1032.0,971.0,971.0,-5.91,990.48,949.07,1155.03,True,True,False,False,True,False,False,70963.0,1950.0,-47.08,False,1.39,2.57,0.98,True,4,True,-13.28,2.16,False,False,
6728,6728.T,アルバック,2024-02,CONTINUE,3,72.93,93.92,True,True,20.99,2023-12,6738.0,9210.0,9210.0,36.69,6500.96,5939.53,5787.94,True,True,True,True,True,True,True,303320.0,6851.0,-1.65,False,0.6,2.37,0.83,True,2,True,19.61,3.22,False,False,
7730,7730.T,マニー,2024-02,CONTINUE,5,50.37,71.17,True,True,20.8,2023-10,2035.5,2039.5,2039.5,0.2,1948.96,1881.98,1815.7,True,True,True,True,True,True,False,348577.0,2362.0,-13.82,False,0.83,3.32,0.89,True,1,True,8.66,0.24,False,False,
8630,8630.T,ＳＯＭＰＯホールディングス,2024-02,CONTINUE,9,79.33,100.0,True,False,20.67,2023-06,2153.0,2927.33,2927.33,35.97,2082.45,1926.89,1943.36,True,True,True,False,True,True,True,4792800.0,2204.33,-2.33,False,0.66,2.28,1.17,False,1,True,15.05,3.54,False,False,
8050,8050.T,セイコーグループ,2024-02,CONTINUE,4,58.07,78.72,True,True,20.65,2023-11,1252.5,1742.5,1742.5,39.12,1210.04,1271.84,1333.06,True,False,False,False,False,False,False,445893.0,1620.0,-22.69,False,0.65,2.52,0.89,True,4,True,-10.0,3.6,False,False,
7164,7164.T,全国保証,2024-02,CONTINUE,3,66.49,87.06,True,True,20.56,2023-12,2657.5,2747.5,2747.5,3.39,2566.88,2483.13,2499.7,True,True,True,False,True,True,False,404333.0,2810.0,-5.43,False,0.54,1.21,1.02,False,3,True,5.57,2.71,False,False,
2749,2749.T,ＪＰホールディングス,2024-02,CONTINUE,6,76.33,96.85,False,False,20.52,2023-09,337.0,456.0,456.0,35.31,331.8,328.55,329.99,True,True,True,False,True,False,True,277097.0,407.0,-17.2,False,1.14,2.63,1.13,False,2,True,8.17,1.49,False,False,
9622,9622.T,スペース,2024-02,CONTINUE,2,59.65,80.17,True,True,20.51,2024-01,952.0,1000.0,1000.0,5.04,944.6,922.99,962.73,True,True,False,False,True,True,True,41257.0,1105.0,-13.85,False,0.46,0.93,0.85,True,4,True,1.45,0.05,False,False,
4612,4612.T,日本ペイントホールディングス,2024-02,CONTINUE,2,53.21,73.7,True,True,20.49,2024-01,1168.5,1110.5,1110.5,-4.96,1140.22,1090.43,1140.26,True,True,True,False,True,True,False,2278367.0,1313.0,-11.01,False,1.4,2.45,1.05,False,3,True,5.38,1.04,False,False,
6289,6289.T,技研製作所,2024-02,CONTINUE,6,30.07,50.46,True,False,20.39,2023-09,2010.0,2018.0,2018.0,0.4,2036.88,2026.4,2367.77,False,False,False,False,True,True,False,85767.0,3400.0,-40.88,False,0.82,1.97,1.01,False,4,False,-20.48,-0.63,False,False,
6235,6235.T,オプトラン,2024-02,NEW,1,45.51,65.58,True,True,20.07,2024-02,2031.0,2031.0,2031.0,0.0,1799.08,1700.87,1947.38,True,True,True,False,True,True,False,307340.0,2529.0,-19.69,False,1.43,3.75,1.21,False,3,True,9.05,9.17,True,False,
7979,7979.T,松風,2024-02,CONTINUE,5,61.61,81.6,False,False,19.99,2023-10,1255.5,1349.0,1349.0,7.45,1106.6,1097.35,1088.2,True,True,True,True,True,False,False,56960.0,1329.5,-5.57,False,2.28,2.19,1.15,False,1,True,7.51,4.03,True,False,
6078,6078.T,バリューＨＲ,2024-02,CONTINUE,4,41.38,61.33,True,False,19.95,2023-11,1498.0,1370.0,1370.0,-8.54,1355.32,1278.6,1403.36,True,True,True,False,True,True,False,64227.0,1759.0,-14.84,False,0.92,2.41,1.24,False,3,True,6.2,7.68,False,False,
7554,7554.T,幸楽苑,2024-02,CONTINUE,8,80.13,100.0,True,True,19.87,2023-07,1022.0,1404.0,1404.0,37.38,1014.64,1036.83,1046.17,True,False,False,False,False,False,False,45173.0,1310.0,-21.98,False,0.74,0.82,0.9,True,4,False,-7.37,-0.26,False,False,
4507,4507.T,塩野義製薬,2024-02,CONTINUE,10,64.11,83.93,True,True,19.82,2023-05,2092.0,2494.67,2494.67,19.25,2059.79,2033.03,2165.75,True,True,False,False,True,False,False,3973240.0,2531.0,-17.34,False,1.07,1.43,0.99,True,4,True,-5.44,0.34,True,False,
8566,8566.T,リコーリース,2024-02,CONTINUE,7,80.18,100.0,False,False,19.82,2023-08,4290.0,5160.0,5160.0,20.28,4235.6,4133.87,3933.45,True,True,True,True,False,True,True,51020.0,4420.0,-2.94,False,0.7,1.07,0.65,True,2,False,12.46,0.51,False,False,
8032,8032.T,日本紙パルプ商事,2024-02,CONTINUE,3,50.6,70.4,False,False,19.8,2023-12,498.0,514.0,514.0,3.21,489.14,481.5,489.87,True,True,True,False,True,True,False,170200.0,574.0,-13.24,False,0.57,1.62,0.99,True,3,True,-0.21,0.41,False,False,
5036,5036.T,日本ビジネスシステムズ,2024-02,CONTINUE,3,41.69,61.4,False,False,19.7,2023-12,1605.0,1354.0,1354.0,-15.64,1486.8,1347.0,1377.27,True,True,True,False,True,True,False,63447.0,1970.0,-18.53,False,0.45,3.96,0.89,True,3,True,10.01,-1.84,False,False,
8362,8362.T,福井銀行,2024-02,CONTINUE,2,66.44,86.14,True,True,19.7,2024-01,1727.0,1893.0,1893.0,9.61,1674.96,1606.19,1541.31,True,True,True,True,True,True,True,29677.0,1779.0,-2.92,False,0.91,1.62,1.02,False,2,True,13.08,0.58,False,False,
2220,2220.T,亀田製菓,2024-02,NEW,1,50.76,70.42,True,True,19.67,2024-02,1461.67,1461.67,1461.67,0.0,1455.0,1368.07,1396.92,True,True,True,False,True,True,False,176610.0,1588.33,-7.97,False,0.52,1.75,0.58,True,3,True,5.91,0.56,False,False,
6617,6617.T,東光高岳,2024-02,CONTINUE,2,68.79,88.38,True,True,19.59,2024-01,2406.0,2451.0,2451.0,1.87,2168.68,2071.73,2114.32,True,True,True,False,True,True,False,78130.0,2641.0,-8.9,False,3.2,2.95,1.25,False,3,True,17.18,3.12,True,False,
1878,1878.T,大東建託,2024-02,CONTINUE,9,80.46,100.0,True,True,19.54,2023-06,2917.0,3553.0,3553.0,21.8,2802.48,2706.0,2758.27,True,True,True,False,True,True,True,1122400.0,3166.0,-7.86,False,0.86,1.64,1.06,False,1,True,12.42,2.49,False,False,
3774,3774.T,インターネットイニシアティブ,2024-02,CONTINUE,2,61.96,81.41,False,True,19.46,2024-01,2880.0,2777.5,2777.5,-3.56,2925.62,2688.98,2666.43,False,True,True,True,True,True,True,434037.0,3126.0,-7.87,False,1.39,2.4,1.13,False,1,False,16.4,0.69,False,False,
4543,4543.T,テルモ,2024-02,CONTINUE,2,75.89,95.35,True,True,19.46,2024-01,2515.5,2918.0,2918.0,16.0,2444.66,2275.16,2185.32,True,True,True,True,True,True,True,3697487.0,2627.5,-4.26,False,0.77,2.05,0.9,True,2,True,25.63,0.0,False,False,
6306,6306.T,日工,2024-02,CONTINUE,2,79.85,99.19,True,True,19.33,2024-01,770.0,779.0,779.0,1.17,714.36,679.21,663.74,True,True,True,True,True,True,True,71060.0,769.0,0.13,True,1.73,1.36,1.09,False,2,True,19.1,3.64,False,True,BREAKOUT
9984,9984.T,ソフトバンクグループ,2024-02,NEW,1,70.46,89.79,True,True,19.33,2024-02,2197.5,2197.5,2197.5,0.0,1908.2,1656.29,1616.48,True,True,True,True,True,True,True,51438667.0,2273.75,-3.35,False,1.08,5.04,0.88,True,2,True,48.34,15.22,False,False,
4538,4538.T,扶桑薬品工業,2024-02,CONTINUE,2,63.06,82.34,True,True,19.28,2024-01,2209.0,2264.0,2264.0,2.49,2058.6,1959.16,2001.75,True,True,True,False,True,True,True,35707.0,2269.0,-2.64,False,0.58,2.49,0.86,True,1,True,11.38,5.09,False,False,
1961,1961.T,三機工業,2024-02,CONTINUE,7,79.95,99.2,True,True,19.26,2023-08,537.0,664.67,664.67,23.77,529.16,510.53,507.2,True,True,True,True,True,True,True,328420.0,572.0,-6.12,False,1.0,1.46,0.82,True,1,True,5.6,2.58,False,False,
4290,4290.T,プレステージ・インターナショナル,2024-02,CONTINUE,7,38.77,57.93,True,True,19.16,2023-08,588.0,642.0,642.0,9.18,575.12,605.55,639.93,True,False,False,False,False,False,False,270630.0,769.0,-23.54,False,0.6,2.3,0.91,True,4,True,-10.2,0.33,False,False,
6089,6089.T,ウィルグループ,2024-02,CONTINUE,8,45.44,64.56,True,False,19.12,2023-07,1126.0,1144.0,1144.0,1.6,1097.84,1072.24,1173.71,True,True,False,False,True,True,False,40037.0,1500.0,-24.93,False,0.73,1.44,1.01,False,4,True,-4.86,-0.22,False,False,
2882,2882.T,イートアンドホールディングス,2024-02,CONTINUE,2,27.91,47.0,False,False,19.08,2024-01,2133.0,2050.0,2050.0,-3.89,2107.8,2042.37,2117.62,True,True,True,False,True,True,False,53740.0,2363.0,-9.73,False,0.62,1.17,0.79,True,3,True,0.58,1.02,False,False,
4722,4722.T,フューチャー,2024-02,CONTINUE,3,51.9,70.95,False,False,19.05,2023-12,1765.0,1682.0,1682.0,-4.7,1758.76,1644.05,1681.87,True,True,True,False,False,True,False,197857.0,1913.0,-7.74,False,0.75,2.03,0.9,True,3,False,8.68,0.63,False,False,
3371,3371.T,ソフトクリエイトホールディングス,2024-02,NEW,1,66.02,84.87,True,True,18.84,2024-02,1953.0,1953.0,1953.0,0.0,1808.64,1749.51,1738.65,True,True,True,True,True,True,True,44760.0,1989.0,-1.81,False,0.97,2.27,1.07,False,2,True,13.47,4.58,False,False,
4521,4521.T,科研製薬,2024-02,CONTINUE,2,37.19,55.92,True,True,18.73,2024-01,3490.0,3551.0,3551.0,1.75,3432.68,3344.39,3507.76,True,True,False,False,True,False,False,98170.0,3890.0,-10.28,False,0.77,0.91,0.8,True,4,True,-0.93,1.77,False,False,
5938,5938.T,ＬＩＸＩＬ,2024-02,CONTINUE,4,47.02,65.73,True,True,18.71,2023-11,1805.5,1920.0,1920.0,6.34,1740.5,1756.24,1909.86,True,True,False,False,True,False,False,3987910.0,2368.0,-23.75,False,2.2,1.49,0.88,True,4,True,-6.28,2.08,True,False,
3002,3002.T,グンゼ,2024-02,CONTINUE,5,81.39,100.0,False,True,18.61,2023-10,2257.5,2810.0,2810.0,24.47,2250.6,2251.27,2235.05,True,True,True,False,False,True,True,119680.0,2385.0,-5.35,False,0.72,1.62,0.96,True,2,False,5.25,-0.51,False,False,
4194,4194.T,ビジョナル,2024-02,CONTINUE,7,48.93,67.46,True,False,18.53,2023-08,7660.0,8570.0,8570.0,11.88,7277.2,7559.47,8310.7,True,True,False,False,False,True,False,286083.0,11390.0,-32.75,False,1.15,3.2,1.06,False,4,True,-5.22,2.65,False,False,
7552,7552.T,ハピネット,2024-02,NEW,1,81.48,100.0,True,True,18.52,2024-02,1582.5,1582.5,1582.5,0.0,1523.78,1378.39,1234.09,True,True,True,True,True,True,True,240060.0,1685.0,-6.08,False,1.05,4.59,0.94,True,2,False,43.19,6.2,False,False,
4151,4151.T,協和キリン,2024-02,NEW,1,48.73,67.23,True,True,18.5,2024-02,2971.5,2971.5,2971.5,0.0,2624.56,2488.86,2582.47,True,True,True,False,True,True,False,1370793.0,3150.0,-5.67,False,1.0,3.25,0.78,True,3,True,13.11,8.93,False,False,
4755,4755.T,楽天グループ,2024-02,CONTINUE,5,63.92,82.38,True,True,18.46,2023-10,556.8,820.0,820.0,47.27,577.2,569.65,600.72,False,False,False,False,False,True,False,19119410.0,749.0,-25.66,False,0.75,3.01,0.98,True,4,False,-9.23,-3.76,False,False,
9119,9119.T,飯野海運,2024-02,CONTINUE,5,66.39,84.78,False,False,18.39,2023-10,1072.0,1282.0,1282.0,19.59,1055.76,1021.65,968.58,True,True,True,True,False,True,True,462813.0,1177.0,-8.92,False,1.11,2.87,0.96,True,1,False,20.29,-1.58,False,False,
6240,6240.T,ヤマシンフィルタ,2024-02,CONTINUE,4,41.56,59.79,True,True,18.23,2023-11,345.0,385.0,385.0,11.59,318.6,326.39,331.98,True,True,True,False,True,True,False,363127.0,578.0,-40.31,False,0.82,2.69,0.9,True,3,True,-3.96,4.72,False,False,
4410,4410.T,ハリマ化成グループ,2024-02,CONTINUE,2,62.79,81.01,True,True,18.22,2024-01,874.0,923.0,923.0,5.61,844.04,812.0,837.5,True,True,True,False,True,True,False,90967.0,940.0,-7.02,False,1.25,1.11,0.96,True,1,True,4.44,2.14,True,False,
4631,4631.T,ＤＩＣ,2024-02,CONTINUE,2,71.28,89.49,True,True,18.21,2024-01,2795.0,2887.0,2887.0,3.29,2693.26,2513.5,2525.33,True,True,True,False,True,True,True,437370.0,2860.0,-2.27,False,1.2,1.71,0.91,True,2,True,15.28,2.16,False,False,
5332,5332.T,ＴＯＴＯ,2024-02,CONTINUE,2,43.03,61.15,True,True,18.13,2024-01,4015.0,4049.0,4049.0,0.85,3855.24,3787.6,4070.62,True,True,False,False,True,True,False,739297.0,5080.0,-20.96,False,1.06,1.95,0.91,True,4,True,-3.69,1.84,False,False,
5930,5930.T,文化シャッター,2024-02,CONTINUE,5,81.87,100.0,True,False,18.13,2023-10,1268.0,1572.0,1572.0,23.97,1135.72,1105.71,1115.21,True,True,True,False,True,True,True,216653.0,1238.0,2.42,True,1.8,2.2,1.23,False,1,True,15.21,2.89,True,True,MVP
6754,6754.T,アンリツ,2024-02,CONTINUE,6,50.27,68.4,True,True,18.13,2023-09,1067.5,1287.0,1287.0,20.56,1090.18,1137.36,1206.8,False,False,False,False,True,False,False,843230.0,1651.0,-35.34,False,0.86,1.53,1.08,False,4,False,-17.81,0.59,False,False,
7148,7148.T,ＦＰＧ,2024-02,CONTINUE,9,81.91,100.0,True,True,18.09,2023-06,1268.0,1907.0,1907.0,50.39,1180.88,1144.77,1145.71,True,True,True,False,True,True,False,598010.0,1360.0,-6.76,False,0.94,1.95,1.07,False,3,True,15.29,5.85,False,False,
3696,3696.T,セレス,2024-02,CONTINUE,3,70.33,88.41,True,True,18.08,2023-12,1221.0,1674.0,1674.0,37.1,1060.16,979.99,1068.38,True,True,True,False,True,True,False,313017.0,1485.0,-17.78,False,0.91,4.59,0.84,True,1,True,21.19,9.72,False,False,
3762,3762.T,テクマトリックス,2024-02,NEW,1,53.74,71.78,True,True,18.04,2024-02,1998.0,1998.0,1998.0,0.0,1894.12,1774.35,1709.01,True,True,True,True,True,True,True,257123.0,2089.0,-4.36,False,0.82,3.61,0.85,True,1,True,18.83,2.29,False,False,
6533,6533.T,ＯｒｃｈｅｓｔｒａＨｏｌｄｉｎｇｓ,2024-02,CONTINUE,5,31.5,49.5,True,True,17.99,2023-10,962.0,1034.0,1034.0,7.48,965.8,1074.19,1402.83,False,False,False,False,False,False,False,22463.0,2741.0,-64.9,False,0.82,3.1,0.92,True,4,False,-38.39,-1.14,False,False,
4997,4997.T,日本農薬,2024-02,CONTINUE,2,49.82,67.76,True,True,17.94,2024-01,692.0,722.0,722.0,4.34,659.68,635.88,660.78,True,True,True,False,True,False,False,145977.0,746.0,-7.24,False,0.84,1.51,0.93,True,1,True,2.05,2.13,False,False,
6702,6702.T,富士通,2024-02,CONTINUE,5,75.55,93.46,True,True,17.91,2023-10,1941.5,2338.5,2338.5,20.45,1758.7,1804.46,1815.18,True,True,True,False,False,False,False,7134433.0,1978.0,-1.85,False,2.16,2.39,1.32,False,1,True,8.24,2.47,True,False,
1766,1766.T,東建コーポレーション,2024-02,CONTINUE,6,77.43,95.27,True,False,17.84,2023-09,7980.0,9510.0,9510.0,19.17,7862.4,7563.07,7643.7,True,True,True,False,True,True,True,30297.0,8360.0,-4.55,False,0.95,1.64,0.95,True,2,True,4.51,2.37,False,False,
6954,6954.T,ファナック,2024-02,NEW,1,55.68,73.5,True,True,17.82,2024-02,4372.0,4372.0,4372.0,0.0,4140.8,4122.19,4297.31,True,True,True,False,False,True,False,4425307.0,5334.0,-18.04,False,1.02,2.01,1.03,False,3,True,1.27,2.8,False,False,
7974,7974.T,任天堂,2024-02,CONTINUE,10,81.78,99.59,True,True,17.81,2023-05,5936.0,8400.0,8400.0,41.51,5815.92,5443.33,5670.23,True,True,True,False,True,True,False,5929403.0,6342.0,-6.4,False,1.1,1.85,1.04,False,1,True,5.16,2.51,False,False,
8163,8163.T,ＳＲＳホールディングス,2024-02,NEW,1,76.2,93.98,False,True,17.78,2024-02,1200.0,1200.0,1200.0,0.0,1185.96,1115.52,1048.77,True,True,True,True,True,True,True,117193.0,1258.0,-4.61,False,0.87,1.68,0.83,True,2,True,20.52,-0.05,False,False,
3569,3569.T,セーレン,2024-02,CONTINUE,2,56.09,73.86,True,True,17.76,2024-01,2492.0,2562.0,2562.0,2.81,2473.12,2363.25,2336.74,True,True,True,True,True,True,True,116087.0,2570.0,-3.04,False,0.73,1.27,0.78,True,2,True,11.29,2.28,False,False,
547A,547A.T,ムニノバホールディングス,2024-02,CONTINUE,6,53.88,71.43,True,True,17.55,2023-09,388.0,415.0,415.0,6.96,363.68,346.8,360.55,True,True,True,False,True,True,False,2434987.0,428.0,-9.35,False,1.21,1.95,1.05,False,3,True,7.4,4.46,False,False,
6420,6420.T,ガリレイ,2024-02,NEW,1,74.96,92.46,True,True,17.5,2024-02,2850.0,2850.0,2850.0,0.0,2701.2,2548.67,2548.43,True,True,True,True,True,True,True,57267.0,2950.0,-3.39,False,1.05,2.52,1.09,False,1,True,16.52,3.7,False,False,
3925,3925.T,ダブルスタンダード,2024-02,CONTINUE,2,44.36,61.84,True,False,17.48,2024-01,1642.0,1876.0,1876.0,14.25,1581.8,1499.09,1852.9,True,True,False,False,True,True,False,81707.0,2718.0,-39.59,False,0.87,2.25,1.01,False,4,True,-8.21,3.99,False,False,
6413,6413.T,理想科学工業,2024-02,CONTINUE,5,73.48,90.91,True,True,17.42,2023-10,1168.0,1645.0,1645.0,40.84,1165.18,1151.87,1156.74,True,True,True,False,False,False,True,61147.0,1283.0,-8.96,False,0.87,2.21,1.05,False,2,True,0.94,-0.76,False,False,
8074,8074.T,ＹＵＡＳＡ,2024-02,CONTINUE,2,79.91,97.33,True,True,17.41,2024-01,4935.0,5020.0,5020.0,1.72,4800.8,4465.2,4338.73,True,True,True,True,True,True,True,27713.0,4965.0,-0.6,False,1.26,1.45,0.92,True,2,True,24.15,1.92,False,False,
2378,2378.T,ルネサンス,2024-02,NEW,1,72.23,89.41,True,True,17.17,2024-02,1076.0,1076.0,1076.0,0.0,996.96,916.64,908.48,True,True,True,True,True,True,True,87197.0,1188.0,-9.43,False,0.7,3.71,1.33,False,2,True,20.49,7.9,False,False,
2475,2475.T,ＷＤＢホールディングス,2024-02,CONTINUE,9,51.64,68.75,True,False,17.11,2023-06,2122.0,2252.0,2252.0,6.13,2162.32,2064.45,2209.61,False,True,False,False,True,True,False,24010.0,2686.0,-21.0,False,1.34,1.66,1.03,False,4,False,-0.33,0.69,False,False,
4714,4714.T,リソー教育グループ,2024-02,CONTINUE,2,13.07,30.14,False,False,17.07,2024-01,244.0,219.0,219.0,-10.25,234.56,237.45,259.06,True,True,False,False,True,False,False,1072447.0,372.0,-34.41,False,0.77,1.87,0.94,True,4,True,-13.25,1.25,False,False,
3932,3932.T,アカツキ,2024-02,CONTINUE,8,63.31,80.2,False,False,16.89,2023-07,2113.0,2574.0,2574.0,21.82,2060.96,2135.73,2175.96,True,False,False,False,False,False,False,50143.0,2729.0,-22.57,False,0.73,1.5,0.9,True,1,True,-7.61,1.19,False,False,
8771,8771.T,イー・ギャランティ,2024-02,CONTINUE,6,35.11,51.97,True,True,16.86,2023-09,1948.0,1975.0,1975.0,1.39,1943.08,1958.17,2106.76,True,False,False,False,False,False,False,114973.0,2594.0,-24.9,False,1.42,2.35,1.08,False,4,True,-8.49,-0.62,False,False,
8511,8511.T,日本証券金融,2024-02,CONTINUE,8,78.88,95.71,False,False,16.84,2023-07,1206.0,1627.0,1627.0,34.91,1112.96,1091.53,1047.27,True,True,True,True,False,True,True,148467.0,1200.0,0.5,True,1.95,2.08,1.16,False,2,True,26.65,4.3,True,True,BOTH
3657,3657.T,ﾎﾟｰﾙﾄｩｳｨﾝﾎｰﾙﾃﾞｨﾝｸﾞｽ,2024-02,NEW,1,29.72,46.51,True,True,16.8,2024-02,512.0,512.0,512.0,0.0,510.68,495.61,623.77,True,True,False,False,True,True,False,333040.0,993.0,-48.44,False,0.28,2.65,1.08,False,4,True,-24.21,-1.36,False,False,
3433,3433.T,トーカロ,2024-02,CONTINUE,2,80.93,97.63,True,True,16.7,2024-01,1578.0,1724.0,1724.0,9.25,1507.6,1442.32,1407.09,True,True,True,True,True,True,True,109247.0,1600.0,-1.38,False,1.29,1.8,1.04,False,2,True,21.39,2.88,False,False,
4212,4212.T,積水樹脂,2024-02,NEW,1,74.03,90.7,False,True,16.67,2024-02,2560.0,2560.0,2560.0,0.0,2543.68,2514.15,2390.3,True,True,True,True,True,True,True,94617.0,2656.0,-3.61,False,0.88,1.91,0.93,True,2,True,12.39,-1.59,False,False,
1333,1333.T,Ｕｍｉｏｓ,2024-02,CONTINUE,7,71.04,87.68,False,True,16.64,2023-08,847.33,985.83,985.83,16.35,829.81,827.64,818.22,True,True,True,True,True,False,True,572350.0,878.33,-3.53,False,1.01,1.49,0.99,True,2,True,2.88,1.24,False,False,
9470,9470.T,学研ホールディングス,2024-02,CONTINUE,7,54.22,70.82,True,False,16.6,2023-08,847.0,978.0,978.0,15.47,853.52,868.07,892.27,False,False,False,False,False,False,False,112710.0,1037.0,-18.32,False,0.87,1.43,0.73,True,4,False,-6.48,-0.04,False,False,
7013,7013.T,ＩＨＩ,2024-02,NEW,1,42.3,58.86,True,True,16.56,2024-02,470.86,470.86,470.86,0.0,423.76,405.21,458.22,True,True,True,False,True,True,False,18802397.0,584.0,-19.37,False,1.19,2.65,1.02,False,3,True,0.41,6.88,False,False,
7085,7085.T,カーブスホールディングス,2024-02,CONTINUE,2,37.58,54.11,True,True,16.53,2024-01,687.0,718.0,718.0,4.51,688.48,661.2,714.1,False,True,False,False,True,False,False,255743.0,840.0,-18.21,False,0.47,2.33,0.69,True,4,True,-3.55,2.26,False,False,
7679,7679.T,薬王堂ホールディングス,2024-02,CONTINUE,8,51.93,68.39,True,True,16.47,2023-07,2528.0,2900.0,2900.0,14.72,2521.24,2524.59,2568.8,True,True,False,False,False,True,True,31567.0,2919.0,-13.39,False,0.66,1.99,0.85,True,4,False,4.3,-0.55,False,False,
6323,6323.T,ローツェ,2024-02,CONTINUE,4,83.6,100.0,True,True,16.4,2023-11,1456.0,2104.0,2104.0,44.51,1292.04,1164.95,1123.12,True,True,True,True,True,True,True,3191267.0,1455.0,0.07,True,0.67,3.49,0.9,True,2,True,38.9,5.52,False,True,BREAKOUT
2915,2915.T,ケンコーマヨネーズ,2024-02,CONTINUE,8,83.61,100.0,True,False,16.39,2023-07,1317.0,2107.0,2107.0,59.98,1320.92,1284.01,1377.83,False,True,False,False,True,True,False,31623.0,1731.0,-23.92,False,0.62,1.17,0.84,True,4,True,-4.5,-1.22,False,False,
6630,6630.T,ヤーマン,2024-02,CONTINUE,2,28.65,45.04,False,True,16.38,2024-01,1015.0,998.0,998.0,-1.67,1004.8,1024.23,1055.64,True,False,False,False,False,False,False,292253.0,1590.0,-36.16,False,0.99,1.73,0.88,True,4,True,-8.91,-0.72,False,False,
7482,7482.T,シモジマ,2024-02,CONTINUE,5,73.47,89.84,True,False,16.37,2023-10,1158.0,1310.0,1310.0,13.13,1134.36,1134.67,1074.15,True,True,True,False,False,True,True,18467.0,1240.0,-6.61,False,1.21,2.52,0.94,True,2,False,10.51,-0.72,False,False,
9009,9009.T,京成電鉄,2024-02,NEW,1,83.81,100.0,True,True,16.19,2024-02,2331.67,2331.67,2331.67,0.0,2340.71,2224.91,1997.75,False,True,True,True,True,True,True,1938970.0,2558.67,-8.87,False,1.67,2.98,1.07,False,2,True,34.37,0.12,False,False,
7717,7717.T,ブイ・テクノロジー,2024-02,CONTINUE,4,50.95,67.12,True,True,16.17,2023-11,2657.0,2584.0,2584.0,-2.75,2173.52,2178.79,2441.18,True,True,True,False,True,False,False,133550.0,3170.0,-16.18,False,2.16,4.12,1.17,False,3,True,4.75,12.94,False,False,
4544,4544.T,Ｈ．Ｕ．グループホールディングス,2024-02,CONTINUE,2,37.67,53.69,False,False,16.03,2024-01,2750.5,2570.0,2570.0,-6.56,2714.62,2591.63,2652.85,True,True,True,False,True,True,True,217747.0,2863.0,-3.93,False,0.91,1.7,0.9,True,1,True,4.49,0.34,False,False,
6071,6071.T,ＩＢＪ,2024-02,CONTINUE,6,27.32,43.33,False,False,16.02,2023-09,635.0,603.0,603.0,-5.04,628.36,654.65,750.57,True,False,False,False,False,False,False,252487.0,1049.0,-39.47,False,0.92,2.31,1.09,False,4,True,-14.83,3.31,False,False,
8150,8150.T,三信電気,2024-02,CONTINUE,2,48.21,64.22,False,False,16.01,2024-01,2428.0,2344.0,2344.0,-3.46,2333.96,2243.05,2192.09,True,True,True,True,True,True,False,37390.0,2669.0,-9.03,False,1.01,1.7,0.82,True,1,True,8.47,1.88,False,False,
6507,6507.T,シンフォニアテクノロジー,2024-02,CONTINUE,4,80.76,96.75,True,True,15.99,2023-11,2064.0,2673.0,2673.0,29.51,1808.76,1659.13,1658.84,True,True,True,True,True,True,True,111600.0,2085.0,-1.01,False,0.81,2.68,0.93,True,2,True,30.75,9.25,False,False,
4063,4063.T,信越化学工業,2024-02,CONTINUE,3,82.06,98.03,True,True,15.97,2023-12,5917.0,6387.0,6387.0,7.94,5358.4,4850.17,4569.09,True,True,True,True,True,True,True,5390313.0,5935.0,-0.3,False,0.74,2.35,0.88,True,2,True,43.16,9.36,False,False,
5142,5142.T,アキレス,2024-02,CONTINUE,2,76.24,92.13,True,True,15.89,2024-01,1578.0,1591.0,1591.0,0.82,1569.08,1551.76,1491.49,True,True,True,True,True,True,True,11390.0,1630.0,-3.19,False,0.82,1.26,0.85,True,2,False,10.36,-1.95,False,False,
4568,4568.T,第一三共,2024-02,CONTINUE,2,60.97,76.79,True,True,15.82,2024-01,4423.0,4974.0,4974.0,12.46,4223.68,4090.01,4287.68,True,True,True,False,True,True,False,4217753.0,5162.0,-14.32,False,0.95,2.52,0.81,True,3,True,4.46,1.52,True,False,
6745,6745.T,ホーチキ,2024-02,CONTINUE,2,80.93,96.7,True,True,15.77,2024-01,661.33,737.33,737.33,11.49,618.95,572.6,562.82,True,True,True,True,True,True,True,95100.0,693.33,-4.62,False,0.81,2.79,1.11,False,2,True,24.37,4.57,False,False,
1786,1786.T,オリエンタル白石,2024-02,CONTINUE,5,80.21,95.95,True,True,15.73,2023-10,333.0,397.0,397.0,19.22,323.56,319.11,314.87,True,True,True,True,False,True,True,551827.0,346.0,-3.76,False,1.17,1.76,1.01,False,2,True,11.24,0.23,False,False,
7525,7525.T,リックス,2024-02,CONTINUE,2,84.29,100.0,True,True,15.71,2024-01,3710.0,3820.0,3820.0,2.96,3579.4,3354.2,3109.05,True,True,True,True,True,True,True,11173.0,3890.0,-4.63,False,1.95,2.95,1.0,True,2,True,32.33,0.36,False,False,
4674,4674.T,クレスコ,2024-02,NEW,1,60.05,75.75,True,True,15.7,2024-02,1022.0,1022.0,1022.0,0.0,967.0,953.06,949.15,True,True,True,True,True,True,True,51080.0,1092.0,-6.41,False,1.35,2.23,0.9,True,1,True,8.36,0.7,False,False,
4968,4968.T,荒川化学工業,2024-02,CONTINUE,2,79.4,95.04,True,True,15.64,2024-01,1094.0,1126.0,1126.0,2.93,1047.92,1025.39,1013.42,True,True,True,True,True,True,True,30170.0,1104.0,-0.91,False,1.31,1.46,1.04,False,2,True,9.49,1.84,False,False,
6464,6464.T,ツバキ・ナカシマ,2024-02,CONTINUE,2,29.17,44.76,True,True,15.6,2024-01,762.0,770.0,770.0,1.05,740.88,735.49,804.96,True,True,False,False,True,False,False,338640.0,1189.0,-35.91,False,0.81,1.56,0.94,True,4,True,-8.62,1.36,False,False,
2433,2433.T,博報堂ＤＹホールディングス,2024-02,NEW,1,52.08,67.61,True,True,15.53,2024-02,1391.5,1391.5,1391.5,0.0,1290.38,1169.47,1325.41,True,True,True,False,True,True,False,1130530.0,1646.0,-15.46,False,0.79,4.28,0.91,True,3,True,6.27,10.48,False,False,
2594,2594.T,キーコーヒー,2024-02,NEW,1,48.76,64.29,False,True,15.53,2024-02,2051.0,2051.0,2051.0,0.0,2058.76,2068.36,2060.8,False,False,False,False,False,True,False,71967.0,2148.0,-4.52,False,0.67,0.69,0.82,True,4,False,-0.5,0.08,False,False,
7388,7388.T,ＦＰパートナー,2024-02,CONTINUE,2,84.5,100.0,True,True,15.5,2024-01,6200.0,7060.0,7060.0,13.87,5499.2,4837.27,4202.2,True,True,True,True,True,True,True,219273.0,6250.0,-0.8,False,0.81,4.34,0.97,True,2,True,74.19,-1.96,False,False,
6062,6062.T,チャーム  ･ケア  ･コーポレーション,2024-02,NEW,1,53.6,69.03,True,True,15.44,2024-02,1347.0,1347.0,1347.0,0.0,1293.6,1220.95,1208.53,True,True,True,True,True,True,True,183013.0,1440.0,-6.46,False,0.46,3.57,0.75,True,1,True,17.56,3.44,False,False,
6098,6098.T,リクルートホールディングス,2024-02,NEW,1,69.58,84.85,True,True,15.26,2024-02,6044.0,6044.0,6044.0,0.0,5961.24,5700.2,5060.73,True,True,True,True,False,True,True,4100790.0,6412.0,-5.74,False,0.97,3.68,0.99,True,2,True,28.46,-3.52,False,False,
1860,1860.T,戸田建設,2024-02,CONTINUE,5,79.54,94.78,True,True,15.24,2023-10,835.6,926.2,926.2,10.84,804.06,802.04,765.7,True,True,True,True,False,True,True,830987.0,848.4,-1.51,False,1.53,1.82,0.98,True,2,True,10.1,0.27,False,False,
5344,5344.T,ＭＡＲＵＷＡ,2024-02,NEW,1,82.34,97.58,True,True,15.24,2024-02,34100.0,34100.0,34100.0,0.0,31257.2,29411.07,25330.45,True,True,True,True,True,True,True,54890.0,33500.0,1.79,True,0.94,3.1,0.94,True,2,True,47.11,-1.17,False,True,BREAKOUT
7475,7475.T,アルビス,2024-02,CONTINUE,5,66.11,81.35,False,False,15.23,2023-10,2485.0,2629.0,2629.0,5.79,2408.44,2431.6,2433.14,True,True,True,False,False,False,True,25913.0,2580.0,-3.68,False,0.59,1.53,1.1,False,2,True,1.92,0.74,False,False,
4641,4641.T,アルプス技研,2024-02,CONTINUE,2,72.07,87.28,True,True,15.21,2024-01,961.33,970.0,970.0,0.9,922.49,895.88,896.79,True,True,True,False,True,True,True,132670.0,1046.67,-8.15,False,1.09,1.88,1.09,False,1,True,15.68,3.79,False,False,
4819,4819.T,デジタルガレージ,2024-02,NEW,1,36.15,51.35,False,True,15.21,2024-02,3475.0,3475.0,3475.0,0.0,3459.4,3459.47,3657.67,True,True,False,False,False,True,False,244443.0,4930.0,-29.51,False,1.04,4.21,0.94,True,4,True,-3.34,1.65,False,False,
4975,4975.T,ＪＣＵ,2024-02,CONTINUE,4,70.74,85.93,True,True,15.19,2023-11,3950.0,4285.0,4285.0,8.48,3557.2,3311.52,3340.59,True,True,True,False,True,True,True,63057.0,3930.0,0.51,True,0.58,2.08,0.91,True,2,True,20.52,5.66,False,False,
3104,3104.T,富士紡ホールディングス,2024-02,CONTINUE,2,71.24,86.36,True,True,15.13,2024-01,1425.0,1491.67,1491.67,4.68,1282.53,1219.31,1149.44,True,True,True,True,True,True,True,82650.0,1326.67,7.41,True,1.64,2.16,1.18,False,2,True,27.03,3.04,True,True,BOTH
3036,3036.T,アルコニックス,2024-02,CONTINUE,2,59.79,74.85,True,True,15.06,2024-01,1426.0,1437.0,1437.0,0.77,1367.28,1341.24,1362.8,True,True,True,False,True,True,True,110073.0,1470.0,-2.99,False,0.69,0.83,0.87,True,1,True,4.06,1.06,False,False,
3769,3769.T,ＧＭＯペイメントゲートウェイ,2024-02,CONTINUE,2,47.05,62.12,True,True,15.06,2024-01,9007.0,10085.0,10085.0,11.97,9340.24,8303.99,9554.84,False,True,False,False,True,True,False,461700.0,12360.0,-27.13,False,0.91,3.48,0.95,True,4,False,6.95,2.02,False,False,
8750,8750.T,第一ライフグループ,2024-02,CONTINUE,2,57.89,72.9,False,False,15.01,2024-01,815.25,852.0,852.0,4.51,773.35,774.59,713.85,True,True,True,False,True,True,True,12570440.0,827.25,-1.45,False,1.12,2.09,1.02,False,2,True,15.38,2.98,False,False,
3649,3649.T,ファインデックス,2024-02,CONTINUE,6,85.05,100.0,True,False,14.95,2023-09,753.0,1127.0,1127.0,49.67,716.8,655.57,615.91,True,True,True,True,True,True,True,56410.0,774.0,-2.71,False,0.89,1.93,0.92,True,2,True,25.27,4.39,False,False,
2124,2124.T,ジェイエイシーリクルートメント,2024-02,NEW,1,62.49,77.4,True,True,14.91,2024-02,767.0,767.0,767.0,0.0,707.44,674.65,646.35,True,True,True,True,True,True,True,346290.0,781.0,-1.79,False,1.05,3.05,1.35,False,2,True,24.9,5.48,False,False,
7419,7419.T,ノジマ,2024-02,CONTINUE,5,60.97,75.75,False,False,14.78,2023-10,446.67,561.67,561.67,25.75,440.41,436.44,453.37,True,True,False,False,True,False,False,987460.0,519.0,-13.94,False,0.92,1.86,0.91,True,1,True,-0.73,0.83,False,False,
6178,6178.T,日本郵政,2024-02,CONTINUE,5,66.52,81.28,False,False,14.76,2023-10,1334.0,1446.5,1446.5,8.43,1262.04,1157.04,1119.32,True,True,True,True,True,True,True,12873817.0,1320.0,1.06,True,1.08,1.48,1.02,False,1,True,26.35,2.8,False,True,BREAKOUT
7004,7004.T,カナデビア,2024-02,CONTINUE,2,71.0,85.74,True,True,14.74,2024-01,917.0,1230.0,1230.0,34.13,929.76,879.16,871.85,False,True,True,True,True,True,True,768260.0,974.0,-5.85,False,0.89,1.94,0.93,True,2,True,11.82,0.33,False,False,
8056,8056.T,ＢＩＰＲＯＧＹ,2024-02,CONTINUE,9,77.51,92.21,True,True,14.71,2023-06,3533.0,4634.0,4634.0,31.16,3498.6,3376.67,3258.25,True,True,True,True,True,True,True,371940.0,3729.0,-5.26,False,0.67,2.4,1.02,False,2,True,12.8,-0.24,False,False,
6418,6418.T,日本金銭機械,2024-02,CONTINUE,3,58.9,73.56,False,False,14.66,2023-12,1319.0,1361.0,1361.0,3.18,1224.88,1087.72,1123.14,True,True,True,False,True,True,True,208667.0,1474.0,-10.52,False,0.96,3.54,1.01,False,1,True,23.53,5.0,False,False,
2791,2791.T,大黒天物産,2024-02,CONTINUE,8,79.4,94.0,True,True,14.6,2023-07,6030.0,9380.0,9380.0,55.56,5786.4,5405.33,5153.57,True,True,True,True,True,True,True,59957.0,6420.0,-6.07,False,0.47,2.9,0.73,True,2,True,20.29,0.5,False,False,
7182,7182.T,ゆうちょ銀行,2024-02,CONTINUE,7,78.65,93.16,False,False,14.51,2023-08,1168.5,1597.5,1597.5,36.71,1155.96,1118.41,1113.69,True,True,True,True,True,True,True,10223637.0,1246.0,-6.22,False,0.66,1.35,0.78,True,2,False,9.98,1.54,False,False,
3105,3105.T,日清紡ホールディングス,2024-02,CONTINUE,2,71.25,85.71,True,False,14.46,2024-01,1224.5,1252.0,1252.0,2.25,1175.54,1122.45,1111.65,True,True,True,True,True,True,True,575773.0,1271.5,-3.7,False,0.8,1.62,0.92,True,2,True,15.26,2.01,True,True,MVP
8267,8267.T,イオン,2024-02,CONTINUE,2,72.81,87.14,True,True,14.33,2024-01,1177.67,1191.67,1191.67,1.19,1119.52,1059.41,1003.86,True,True,True,True,True,True,True,5549250.0,1198.33,-1.72,False,0.88,2.0,0.92,True,2,True,22.61,2.81,False,False,
9364,9364.T,上組,2024-02,NEW,1,79.57,93.83,True,True,14.26,2024-02,3506.0,3506.0,3506.0,0.0,3412.92,3345.85,3245.64,True,True,True,True,True,True,True,165870.0,3521.0,-0.43,False,1.24,1.75,0.97,True,2,True,13.62,-0.69,False,False,
2753,2753.T,あみやき亭,2024-02,CONTINUE,3,76.24,90.43,True,False,14.19,2023-12,1275.0,1503.33,1503.33,17.91,1228.33,1224.62,1180.38,True,True,True,True,True,True,True,33900.0,1303.33,-2.17,False,1.64,1.3,1.14,False,2,True,13.67,1.26,True,True,MVP
4099,4099.T,四国化成ホールディングス,2024-02,CONTINUE,3,85.83,100.0,True,False,14.17,2023-12,897.5,950.0,950.0,5.85,854.74,847.5,762.65,True,True,True,True,False,True,True,236900.0,944.0,-4.93,False,2.3,2.14,0.96,True,2,True,20.67,-0.86,False,False,
7453,7453.T,良品計画,2024-02,CONTINUE,8,75.4,89.57,False,True,14.17,2023-07,922.25,1182.0,1182.0,28.16,805.9,741.81,722.28,True,True,True,True,True,True,True,11600780.0,919.0,0.35,True,0.58,3.18,0.7,True,2,True,31.61,9.68,False,True,BREAKOUT
3038,3038.T,神戸物産,2024-02,CONTINUE,2,55.87,69.91,True,True,14.04,2024-01,3770.0,4030.0,4030.0,6.9,3989.68,3888.24,3805.79,False,False,False,True,False,True,True,1063080.0,4270.0,-11.71,False,1.11,1.98,1.13,False,4,False,0.6,-3.6,False,False,
4617,4617.T,中国塗料,2024-02,CONTINUE,5,85.98,100.0,True,True,14.02,2023-10,1357.0,2160.0,2160.0,59.17,1345.88,1343.16,1189.74,True,True,True,True,False,True,True,539677.0,1478.0,-8.19,False,1.14,2.37,0.93,True,2,False,25.55,-0.73,False,False,
8037,8037.T,カメイ,2024-02,CONTINUE,5,75.59,89.6,False,False,14.01,2023-10,1553.0,1894.0,1894.0,21.96,1440.24,1467.56,1451.32,True,True,True,False,False,False,True,113517.0,1672.0,-7.12,False,0.72,2.08,0.91,True,2,True,12.67,1.7,False,False,
2871,2871.T,ニチレイ,2024-02,NEW,1,75.73,89.73,True,True,14.0,2024-02,1878.5,1878.5,1878.5,0.0,1842.56,1748.67,1665.41,True,True,True,True,True,True,True,1004793.0,1958.0,-4.06,False,0.85,1.84,0.97,True,2,True,20.67,0.39,False,False,
2168,2168.T,パソナグループ,2024-02,CONTINUE,4,69.88,83.86,True,True,13.99,2023-11,2345.0,2868.0,2868.0,22.3,1705.88,1633.59,1732.97,True,True,True,False,True,True,False,427923.0,2282.0,2.76,True,1.32,5.19,1.37,False,1,True,30.54,21.62,False,False,
2146,2146.T,ＵＴグループ,2024-02,CONTINUE,2,65.48,79.46,True,True,13.98,2024-01,159.47,234.0,234.0,46.74,155.35,146.05,164.53,True,True,False,False,True,True,False,4476900.0,213.67,-25.37,False,0.82,3.67,1.16,False,4,True,5.07,3.3,False,False,
6823,6823.T,リオン,2024-02,CONTINUE,11,83.27,97.23,True,True,13.96,2023-04,2010.0,2982.0,2982.0,48.36,1937.96,1871.57,1985.99,True,True,True,False,True,True,False,22223.0,2700.0,-25.56,False,0.84,1.69,1.08,False,3,True,-2.82,0.17,True,False,
7226,7226.T,極東開発工業,2024-02,CONTINUE,2,86.04,100.0,True,True,13.96,2024-01,2030.0,2491.0,2491.0,22.71,1980.72,1900.76,1802.87,True,True,True,True,True,True,True,46440.0,2033.0,-0.15,False,1.26,1.5,0.93,True,2,True,21.19,0.21,False,False,
2809,2809.T,キユーピー,2024-02,CONTINUE,9,65.06,79.01,True,True,13.95,2023-06,2356.0,2790.5,2790.5,18.44,2307.28,2271.97,2304.97,True,True,True,False,True,True,True,461023.0,2544.0,-7.39,False,0.83,1.29,1.06,False,1,True,4.08,1.5,False,False,
3903,3903.T,ｇｕｍｉ,2024-02,NEW,1,10.43,24.29,False,True,13.87,2024-02,399.0,399.0,399.0,0.0,400.48,406.48,534.38,False,False,False,False,False,False,False,394210.0,884.0,-54.86,False,1.39,2.74,1.17,False,4,False,-28.85,0.38,True,False,
4088,4088.T,エア・ウォーター,2024-02,CONTINUE,2,81.61,95.42,True,True,13.81,2024-01,1955.5,2160.5,2160.5,10.48,1934.56,1911.33,1869.15,True,True,True,True,True,True,True,362747.0,2026.0,-3.48,False,1.09,1.41,1.01,False,2,True,11.39,0.34,False,False,
4443,4443.T,Ｓａｎｓａｎ,2024-02,CONTINUE,3,60.63,74.28,True,True,13.65,2023-12,1599.0,1781.0,1781.0,11.38,1563.0,1369.32,1519.3,True,True,True,False,True,True,False,1050363.0,1985.0,-19.45,False,0.5,2.65,0.72,True,3,True,15.28,6.76,False,False,
4401,4401.T,ＡＤＥＫＡ,2024-02,NEW,1,77.43,91.05,True,True,13.62,2024-02,3084.0,3084.0,3084.0,0.0,2937.48,2854.13,2723.7,True,True,True,True,True,True,True,266693.0,3160.0,-2.41,False,1.26,3.22,1.07,False,2,True,20.45,0.98,False,False,
5801,5801.T,古河電気工業,2024-02,CONTINUE,2,61.0,74.61,True,True,13.61,2024-01,270.0,296.45,296.45,9.8,238.11,232.76,242.69,True,True,True,False,True,False,True,6169400.0,284.5,-5.1,False,1.68,2.68,1.1,False,1,True,12.19,7.03,True,False,
2980,2980.T,SREホールディングス,2024-02,CONTINUE,2,52.8,66.37,True,True,13.58,2024-01,3370.0,3620.0,3620.0,7.42,2775.8,2599.51,3125.45,True,True,True,False,True,False,False,246297.0,4405.0,-23.5,False,1.87,4.99,1.29,False,3,True,21.92,12.24,True,False,
6800,6800.T,ヨコオ,2024-02,CONTINUE,2,36.42,50.0,True,True,13.58,2024-01,1447.0,1574.0,1574.0,8.78,1432.84,1425.95,1646.57,True,True,False,False,False,False,False,77287.0,2305.0,-37.22,False,1.16,2.28,1.03,False,4,False,-10.48,3.79,False,False,
6376,6376.T,日機装,2024-02,CONTINUE,7,70.32,83.85,True,True,13.53,2023-08,1008.0,1253.0,1253.0,24.31,942.76,913.08,946.5,True,True,True,False,True,True,False,240160.0,1074.0,-6.15,False,0.63,2.79,0.88,True,3,True,7.6,5.16,False,False,
3151,3151.T,バイタルケーエスケー・ホールディングス,2024-02,CONTINUE,2,79.43,92.89,True,True,13.46,2024-01,1154.0,1328.0,1328.0,15.08,1083.88,1049.95,988.59,True,True,True,True,True,True,True,59923.0,1165.0,-0.94,False,1.28,2.22,1.09,False,2,True,22.89,2.91,False,False,
9887,9887.T,松屋フーズホールディングス,2024-02,CONTINUE,5,81.88,95.31,False,True,13.43,2023-10,4330.0,5850.0,5850.0,35.1,4140.2,4169.2,4121.75,True,True,True,False,False,True,True,26730.0,4355.0,-0.57,False,0.99,1.26,1.08,False,2,True,4.87,0.45,True,True,MVP
9928,9928.T,ミロク情報サービス,2024-02,CONTINUE,2,64.26,77.69,True,False,13.43,2024-01,1835.0,1920.0,1920.0,4.63,1782.36,1654.03,1613.03,True,True,True,True,True,True,True,47247.0,1881.0,-2.45,False,0.84,1.77,1.0,True,2,True,16.44,1.06,False,False,
3687,3687.T,フィックスターズ,2024-02,CONTINUE,2,66.31,79.73,True,True,13.42,2024-01,1709.0,1925.0,1925.0,12.64,1437.6,1245.6,1303.14,True,True,True,False,True,True,True,470463.0,1722.0,-0.75,False,1.41,4.54,1.13,False,1,True,47.38,17.7,False,False,
6744,6744.T,能美防災,2024-02,CONTINUE,3,81.91,95.32,False,False,13.41,2023-12,2202.0,2214.0,2214.0,0.54,2014.28,1877.36,1796.97,True,True,True,True,True,True,True,59453.0,2298.0,-4.18,False,2.12,2.5,1.12,False,2,True,27.96,7.45,False,False,
8137,8137.T,サンワ   テクノス,2024-02,CONTINUE,2,73.3,86.69,False,True,13.39,2024-01,2344.0,2353.0,2353.0,0.38,2263.12,2199.07,2190.37,True,True,True,True,True,True,True,18577.0,2542.0,-7.79,False,1.87,2.27,1.08,False,2,True,19.3,3.4,False,False,
7966,7966.T,リンテック,2024-02,CONTINUE,14,86.66,100.0,True,True,13.34,2023-01,2241.0,3035.0,3035.0,35.43,2155.52,2196.17,2291.43,True,True,False,False,False,False,False,107307.0,2741.0,-18.24,False,0.95,1.05,1.01,False,4,True,-5.36,1.84,False,False,
3156,3156.T,レスター,2024-02,CONTINUE,7,80.73,94.04,True,False,13.31,2023-08,2417.0,3040.0,3040.0,25.78,2322.4,2362.93,2241.22,True,True,True,False,False,True,True,39557.0,2555.0,-5.4,False,0.94,1.63,0.93,True,2,True,6.79,-0.76,False,False,
4045,4045.T,東亞合成,2024-02,NEW,1,79.99,93.23,True,True,13.25,2024-02,1542.0,1542.0,1542.0,0.0,1493.94,1393.45,1346.74,True,True,True,True,True,True,True,410297.0,1711.5,-9.9,False,0.93,2.88,0.7,True,2,True,18.76,1.15,False,False,
3109,3109.T,シキボウ,2024-02,CONTINUE,5,74.65,87.86,False,False,13.22,2023-10,1066.0,1247.0,1247.0,16.98,1073.88,1052.95,1020.62,False,True,True,True,False,True,True,54263.0,1129.0,-5.58,False,1.29,1.6,0.95,True,2,False,9.41,0.08,False,False,
8153,8153.T,モスフードサービス,2024-02,NEW,1,73.83,87.01,True,True,13.18,2024-02,3575.0,3575.0,3575.0,0.0,3464.8,3345.0,3291.25,True,True,True,True,True,True,True,76097.0,3635.0,-1.65,False,1.19,1.67,0.93,True,2,True,11.52,1.69,False,False,
8344,8344.T,山形銀行,2024-02,CONTINUE,2,46.83,60.0,True,True,13.17,2024-01,1120.0,1185.0,1185.0,5.8,1089.04,1101.45,1096.66,True,True,True,False,True,False,True,48837.0,1330.0,-15.79,False,0.81,1.56,1.05,False,2,True,-1.06,0.42,False,False,
7990,7990.T,グローブライド,2024-02,CONTINUE,2,33.51,46.65,True,False,13.14,2024-01,2090.0,1995.0,1995.0,-4.55,2021.52,1974.4,2114.05,True,True,False,False,True,True,False,67693.0,2714.0,-22.99,False,0.72,1.49,1.06,False,4,True,-4.9,2.45,False,False,
2154,2154.T,オープンアップグループ,2024-02,CONTINUE,2,62.03,75.15,True,True,13.11,2024-01,2305.0,2179.0,2179.0,-5.47,2274.36,2110.8,2042.14,True,True,True,True,True,True,True,176223.0,2361.0,-2.37,False,0.91,1.95,0.88,True,2,True,21.64,-2.62,False,False,
4392,4392.T,ＦＩＧ,2024-02,CONTINUE,7,34.06,47.14,True,False,13.08,2023-08,298.0,318.0,318.0,6.71,291.16,283.2,322.79,True,True,False,False,True,True,False,122167.0,466.0,-36.05,False,0.76,1.92,0.88,True,4,True,-6.02,1.75,False,False,
8570,8570.T,イオンフィナンシャルサービス,2024-02,CONTINUE,7,41.29,54.37,True,False,13.08,2023-08,1271.0,1306.5,1306.5,2.79,1257.4,1250.51,1289.38,True,True,False,False,False,True,False,954037.0,1521.0,-16.44,False,1.6,1.24,1.0,True,4,True,-3.38,1.03,False,False,
7780,7780.T,メニコン,2024-02,CONTINUE,2,31.56,44.57,False,False,13.01,2024-01,2156.5,1774.5,1774.5,-17.71,2311.0,2105.51,2293.76,False,True,False,False,True,True,False,265153.0,3060.0,-29.53,False,0.98,2.85,0.93,True,4,False,-1.0,-1.45,False,False,
8604,8604.T,野村ホールディングス,2024-02,CONTINUE,7,80.39,93.38,True,True,13.0,2023-08,564.2,850.8,850.8,50.8,551.96,539.01,520.69,True,True,True,True,False,True,True,13160787.0,592.5,-4.78,False,0.99,1.34,0.95,True,2,True,10.59,0.81,False,False,
9551,9551.T,メタウォーター,2024-02,CONTINUE,11,81.26,94.23,True,True,12.97,2023-04,1786.0,2310.0,2310.0,29.34,1770.48,1698.8,1824.73,True,True,False,False,True,True,False,125250.0,2182.0,-18.15,False,1.61,1.73,1.05,False,4,True,-3.55,0.71,False,False,
5929,5929.T,三和ホールディングス,2024-02,NEW,1,87.05,100.0,True,True,12.95,2024-02,2654.0,2654.0,2654.0,0.0,2465.18,2257.14,2048.97,True,True,True,True,True,True,True,882313.0,2711.0,-2.1,False,0.8,2.43,0.83,True,2,True,46.96,3.61,False,False,
3031,3031.T,ラクーンホールディングス,2024-02,NEW,1,28.96,41.76,True,True,12.8,2024-02,725.0,725.0,725.0,0.0,691.48,683.92,708.62,True,True,True,False,True,False,False,158783.0,1141.0,-36.46,False,1.62,2.44,0.99,True,3,True,-6.69,3.12,False,False,
8075,8075.T,神鋼商事,2024-02,CONTINUE,2,70.1,82.88,True,True,12.79,2024-01,2030.0,2416.67,2416.67,19.05,1961.07,1894.4,1905.42,True,True,True,False,True,True,True,37250.0,2126.67,-4.55,False,0.92,1.28,0.82,True,2,True,8.43,0.77,False,False,
9552,9552.T,クオンツ総研ホールディングス,2024-02,CONTINUE,2,82.51,95.29,True,True,12.77,2024-01,5300.0,6900.0,6900.0,30.19,4491.6,3881.97,3615.62,True,True,True,True,True,True,True,550300.0,4875.0,8.72,True,1.11,4.34,1.19,False,2,True,77.34,5.82,False,True,BREAKOUT
4461,4461.T,第一工業製薬,2024-02,CONTINUE,6,86.91,99.66,True,True,12.75,2023-09,1740.0,3515.0,3515.0,102.01,1714.48,1728.88,1843.78,True,True,False,False,True,False,False,30537.0,2110.0,-17.54,False,1.16,1.53,1.22,False,4,True,-7.56,2.34,False,False,
2491,2491.T,バリューコマース,2024-02,CONTINUE,4,25.36,38.1,True,False,12.74,2023-11,1386.0,1136.0,1136.0,-18.04,1264.24,1248.76,1417.2,True,True,False,False,True,False,False,170653.0,2171.0,-36.16,False,1.07,2.75,1.19,False,4,True,-8.33,6.02,False,False,
7769,7769.T,リズム,2024-02,CONTINUE,5,87.27,100.0,True,False,12.73,2023-10,2380.0,3730.0,3730.0,56.72,2275.48,1860.03,1772.64,True,True,True,True,True,True,True,85200.0,2762.0,-13.83,False,0.78,7.34,0.81,True,2,True,43.68,-0.5,False,False,
8097,8097.T,三愛オブリ,2024-02,NEW,1,84.5,97.23,True,True,12.73,2024-02,1962.0,1962.0,1962.0,0.0,1792.72,1687.23,1618.86,True,True,True,True,True,True,True,103770.0,1963.0,-0.05,False,1.08,2.51,0.96,True,2,True,25.58,4.41,False,False,
7433,7433.T,伯東,2024-02,CONTINUE,2,66.89,79.58,False,False,12.68,2024-01,6150.0,5910.0,5910.0,-3.9,5829.6,5428.33,5203.65,True,True,True,True,True,True,True,119697.0,6280.0,-2.07,False,0.86,1.94,0.83,True,2,True,27.15,3.75,False,False,
6947,6947.T,図研,2024-02,NEW,1,73.24,85.87,True,True,12.63,2024-02,4625.0,4625.0,4625.0,0.0,4238.6,4125.8,3957.85,True,True,True,True,True,True,True,60473.0,4625.0,0.0,False,0.85,3.09,1.04,False,2,True,20.22,2.41,False,False,
8473,8473.T,ＳＢＩホールディングス,2024-02,CONTINUE,7,81.87,94.43,True,True,12.56,2023-08,1487.75,2012.5,2012.5,35.27,1468.59,1412.58,1369.57,True,True,True,True,True,True,True,3359800.0,1515.0,-1.8,False,1.02,1.39,0.81,True,2,False,9.79,-0.24,False,False,
7102,7102.T,日本車輌製造,2024-02,CONTINUE,12,76.89,89.39,True,True,12.5,2023-03,2023.0,2447.0,2447.0,20.96,1978.12,1956.63,2021.76,True,True,True,False,True,True,False,9340.0,2213.0,-8.59,False,1.01,1.37,0.83,True,3,False,0.65,0.95,False,False,
8614,8614.T,東洋証券,2024-02,CONTINUE,2,60.1,72.5,True,True,12.4,2024-01,346.0,375.0,375.0,8.38,304.8,304.03,314.15,True,True,True,False,True,False,False,205350.0,380.0,-8.95,False,1.42,3.41,1.23,False,1,True,11.89,5.48,True,False,
6369,6369.T,トーヨーカネツ,2024-02,CONTINUE,2,82.38,94.74,True,True,12.36,2024-01,2185.0,2285.0,2285.0,4.58,2033.0,1852.73,1726.73,True,True,True,True,True,True,True,70900.0,2187.5,-0.11,False,1.18,2.03,1.02,False,2,True,43.87,4.19,False,False,
9682,9682.T,ＤＴＳ,2024-02,CONTINUE,4,76.84,89.2,True,True,12.36,2023-11,878.75,1006.25,1006.25,14.51,814.73,809.58,818.82,True,True,True,False,True,True,True,285200.0,901.25,-2.5,False,1.07,1.9,1.04,False,2,True,7.11,3.87,True,False,
8081,8081.T,カナデン,2024-02,NEW,1,79.61,91.95,True,True,12.34,2024-02,1584.0,1584.0,1584.0,0.0,1537.28,1527.0,1397.31,True,True,True,True,False,True,True,34393.0,1628.0,-2.7,False,0.91,2.12,1.0,True,2,True,22.63,2.79,False,False,
8698,8698.T,マネックスグループ,2024-02,CONTINUE,11,87.67,100.0,True,False,12.33,2023-04,512.0,924.0,924.0,80.47,491.48,488.13,471.87,True,True,True,True,True,True,True,3188340.0,657.0,-22.07,False,1.32,2.55,1.1,False,1,True,1.15,-2.58,False,False,
3636,3636.T,三菱総合研究所,2024-02,NEW,1,53.33,65.62,True,True,12.29,2024-02,5040.0,5040.0,5040.0,0.0,4919.0,4773.4,4980.35,True,True,True,False,True,True,False,40653.0,5770.0,-12.65,False,1.25,1.86,1.02,False,3,False,1.35,0.28,False,False,
2060,2060.T,フィード・ワン,2024-02,NEW,1,78.42,90.66,True,True,12.24,2024-02,1031.0,1031.0,1031.0,0.0,961.96,847.64,795.62,True,True,True,True,True,True,True,162740.0,1068.0,-3.46,False,0.59,3.0,0.89,True,2,True,36.32,3.7,False,False,
5233,5233.T,太平洋セメント,2024-02,NEW,1,75.34,87.58,True,True,12.24,2024-02,3143.0,3143.0,3143.0,0.0,3104.08,2909.3,2772.25,True,True,True,True,True,True,True,442020.0,3270.0,-3.88,False,0.7,2.41,0.86,True,2,True,19.79,0.24,False,False,
3382,3382.T,セブン＆アイ  ･ホールディングス,2024-02,NEW,1,64.57,76.78,True,True,12.21,2024-02,2230.0,2230.0,2230.0,0.0,2039.95,1942.16,1969.74,True,True,True,False,True,True,True,8111943.0,2206.33,1.07,True,1.13,2.26,1.2,False,1,True,11.68,2.14,True,True,MVP
6407,6407.T,ＣＫＤ,2024-02,CONTINUE,3,74.82,86.96,True,True,12.14,2023-12,2540.0,3070.0,3070.0,20.87,2445.48,2193.56,2163.97,True,True,True,True,True,True,True,340500.0,2542.0,-0.08,False,0.54,2.4,0.77,True,2,True,21.95,3.46,False,False,
6768,6768.T,タムラ製作所,2024-02,CONTINUE,2,36.19,48.31,True,True,12.12,2024-01,533.0,552.0,552.0,3.56,546.84,539.6,611.74,False,False,False,False,False,False,False,479290.0,850.0,-37.29,False,0.88,1.94,0.77,True,4,True,-10.88,0.52,False,False,
4318,4318.T,クイック,2024-02,CONTINUE,2,57.81,69.92,False,False,12.11,2024-01,878.33,819.33,819.33,-6.72,846.88,763.01,720.39,True,True,True,True,True,True,True,86660.0,873.33,0.57,True,1.15,1.8,0.94,True,2,True,30.76,1.55,True,False,
5261,5261.T,リソルホールディングス,2024-02,CONTINUE,6,81.48,93.59,False,False,12.11,2023-09,4815.0,6040.0,6040.0,25.44,4824.4,4772.2,4767.15,False,True,True,True,True,True,True,3547.0,5290.0,-8.98,False,1.23,0.62,1.21,False,2,True,1.12,-0.78,False,False,
9068,9068.T,丸全昭和運輸,2024-02,NEW,1,81.37,93.46,True,True,12.09,2024-02,4450.0,4450.0,4450.0,0.0,4255.4,3982.53,3919.12,True,True,True,True,True,True,True,21653.0,4645.0,-4.2,False,0.91,3.65,1.09,False,2,True,23.0,3.49,False,False,
6788,6788.T,日本トリム,2024-02,NEW,1,67.44,79.49,True,True,12.05,2024-02,3620.0,3620.0,3620.0,0.0,3252.8,3125.31,3067.91,True,True,True,True,True,True,True,25093.0,3740.0,-3.21,False,1.69,2.63,1.12,False,2,True,23.03,6.05,False,False,
4022,4022.T,ラサ工業,2024-02,CONTINUE,2,67.12,79.15,True,True,12.03,2024-01,463.4,486.8,486.8,5.05,433.14,415.15,416.66,True,True,True,False,True,True,True,211600.0,473.0,-2.03,False,2.65,2.31,1.29,False,1,True,14.51,4.67,False,False,
3539,3539.T,ＪＭホールディングス,2024-02,CONTINUE,3,88.01,100.0,True,False,11.99,2023-12,1108.5,1303.5,1303.5,17.59,1073.6,1015.22,988.4,True,True,True,True,True,True,True,117407.0,1136.5,-2.46,False,0.62,2.57,0.91,True,2,True,17.27,3.15,False,False,
9279,9279.T,ギフトホールディングス,2024-02,NEW,1,66.76,78.75,False,True,11.99,2024-02,3040.0,3040.0,3040.0,0.0,2864.2,2464.07,2427.49,True,True,True,True,True,True,True,132403.0,3030.0,0.33,True,0.58,2.47,1.01,False,1,True,38.2,2.76,False,False,
7741,7741.T,ＨＯＹＡ,2024-02,CONTINUE,2,72.01,83.88,True,True,11.86,2024-01,18945.0,19485.0,19485.0,2.85,17898.2,16584.0,16233.8,True,True,True,True,True,True,True,881510.0,19145.0,-1.04,False,1.1,2.5,1.03,False,2,True,31.41,4.42,False,False,
2674,2674.T,ハードオフコーポレーション,2024-02,CONTINUE,5,80.17,92.01,True,True,11.83,2023-10,1460.0,1863.0,1863.0,27.6,1463.52,1489.84,1391.32,False,False,True,False,False,True,True,54740.0,1627.0,-10.26,False,1.04,2.21,0.82,True,2,False,6.65,-1.2,False,False,
3921,3921.T,ネオジャパン,2024-02,NEW,1,59.66,71.43,True,True,11.77,2024-02,1132.0,1132.0,1132.0,0.0,1062.24,1033.57,1020.55,True,True,True,True,True,True,True,30293.0,1172.0,-3.41,False,0.86,2.44,1.15,False,2,True,12.42,2.09,False,False,
4886,4886.T,あすか製薬ホールディングス,2024-02,CONTINUE,9,80.29,92.04,True,True,11.75,2023-06,1441.0,2087.0,2087.0,44.83,1319.32,1253.89,1216.87,True,True,True,True,True,True,True,78633.0,1459.0,-1.23,False,1.16,2.08,0.99,True,2,True,26.49,7.06,False,False,
8341,8341.T,七十七銀行,2024-02,CONTINUE,7,88.28,100.0,True,False,11.72,2023-08,1050.0,1311.67,1311.67,24.92,992.33,891.0,781.67,True,True,True,True,True,True,True,674740.0,1051.67,-0.16,False,0.82,2.38,1.01,False,2,True,46.1,0.77,False,False,
5714,5714.T,ＤＯＷＡホールディングス,2024-02,CONTINUE,11,69.3,81.01,True,True,11.71,2023-04,4430.0,5229.0,5229.0,18.04,4304.2,4380.87,4636.9,True,True,False,False,False,True,False,216810.0,6170.0,-28.2,False,1.04,1.42,0.83,True,4,False,-8.95,-0.72,False,False,
9869,9869.T,加藤産業,2024-02,NEW,1,80.14,91.83,False,True,11.69,2024-02,4845.0,4845.0,4845.0,0.0,4750.0,4677.07,4240.07,True,True,True,True,True,True,True,36823.0,4980.0,-2.71,False,1.39,2.91,1.07,False,2,True,17.35,-2.67,False,False,
2217,2217.T,モロゾフ,2024-02,CONTINUE,9,78.08,89.76,True,True,11.68,2023-06,1243.33,1445.0,1445.0,16.22,1217.93,1200.62,1187.94,True,True,True,True,False,True,False,53040.0,1290.0,-3.62,False,1.32,1.13,0.98,True,1,True,5.22,0.9,False,False,
8174,8174.T,日本瓦斯,2024-02,NEW,1,65.03,76.65,True,True,11.62,2024-02,2345.0,2345.0,2345.0,0.0,2347.68,2333.27,2199.47,False,True,True,True,True,True,True,305517.0,2442.0,-3.97,False,1.04,2.13,0.76,True,2,True,9.9,-1.63,False,False,
4704,4704.T,トレンドマイクロ,2024-02,CONTINUE,5,60.63,72.16,False,False,11.53,2023-10,5642.0,7426.0,7426.0,31.62,5635.0,6046.17,6378.77,True,False,False,False,False,False,False,636483.0,7720.0,-26.92,False,0.81,2.26,0.89,True,1,False,-16.43,-0.19,False,False,
5541,5541.T,大平洋金属,2024-02,CONTINUE,2,31.1,42.64,True,True,11.53,2024-01,1431.0,1325.0,1325.0,-7.41,1253.64,1258.29,1475.49,True,True,False,False,True,False,False,668600.0,2156.0,-33.63,False,2.87,4.24,1.43,False,4,True,-4.12,8.63,False,False,
6370,6370.T,栗田工業,2024-02,CONTINUE,2,56.93,68.39,True,True,11.46,2024-01,5444.0,6089.0,6089.0,11.85,5512.88,5124.89,5437.19,False,True,True,False,True,True,False,477557.0,6310.0,-13.72,False,0.68,2.15,1.05,False,3,False,5.48,1.66,False,False,
3626,3626.T,ＴＩＳ,2024-02,NEW,1,47.64,59.03,True,True,11.39,2024-02,3375.0,3375.0,3375.0,0.0,3376.36,3225.97,3395.36,False,True,False,False,True,True,False,570973.0,4095.0,-17.58,False,0.98,2.24,0.74,True,4,False,0.01,0.25,False,False,
8919,8919.T,カチタス,2024-02,NEW,1,29.05,40.44,True,True,11.39,2024-02,2012.0,2012.0,2012.0,0.0,1905.6,2043.81,2242.45,True,False,False,False,False,False,False,573710.0,2795.0,-28.01,False,0.68,3.86,0.87,True,4,True,-14.77,3.3,False,False,
2801,2801.T,キッコーマン,2024-02,CONTINUE,5,73.38,84.71,True,True,11.33,2023-10,1704.2,1960.2,1960.2,15.02,1635.82,1630.71,1528.26,True,True,True,True,False,False,True,2737150.0,1749.0,-2.56,False,0.76,2.08,0.98,True,2,True,11.59,0.86,False,False,
9621,9621.T,建設技術研究所,2024-02,CONTINUE,7,82.66,93.98,False,False,11.32,2023-08,2205.0,2905.0,2905.0,31.75,1938.8,1803.23,1692.63,True,True,True,True,True,True,True,52867.0,2200.0,0.23,True,0.83,3.71,0.75,True,2,True,38.11,9.81,False,True,BREAKOUT
4369,4369.T,トリケミカル研究所,2024-02,CONTINUE,10,88.71,100.0,True,False,11.29,2023-05,2473.0,4820.0,4820.0,94.9,2316.92,2335.09,2275.81,True,True,True,False,True,True,True,247717.0,2858.0,-13.47,False,1.84,3.18,1.27,False,2,True,3.67,4.57,False,False,
5659,5659.T,日本精線,2024-02,CONTINUE,2,82.54,93.79,True,True,11.25,2024-01,1126.0,1250.0,1250.0,11.01,1003.48,970.63,951.93,True,True,True,True,True,True,True,45233.0,1040.0,8.27,True,2.71,1.61,1.27,False,2,True,19.72,3.08,True,True,BOTH
8725,8725.T,ＭＳ＆ＡＤ  ｲﾝｼｭｱﾗﾝｽｸﾞﾙｰﾌﾟﾎｰﾙﾃﾞｨﾝｸﾞｽ,2024-02,CONTINUE,13,88.7,99.9,True,True,11.19,2023-02,1484.0,2470.0,2470.0,66.44,1432.93,1383.84,1368.57,True,True,True,True,True,True,True,3522940.0,1504.0,-1.33,False,1.15,1.59,1.01,False,2,True,9.05,2.26,False,False,
4186,4186.T,東京応化工業,2024-02,NEW,1,83.76,94.94,True,True,11.18,2024-02,4607.0,4607.0,4607.0,0.0,3834.56,3319.15,3068.76,True,True,True,True,True,True,True,990163.0,4671.0,-1.37,False,1.37,4.01,1.15,False,2,True,64.03,12.34,False,False,
7970,7970.T,信越ポリマー,2024-02,CONTINUE,3,66.94,78.11,True,False,11.17,2023-12,1677.0,1582.0,1582.0,-5.66,1498.64,1402.15,1408.33,True,True,True,False,True,True,True,207657.0,1662.0,0.9,True,0.75,2.04,0.89,True,1,True,25.08,8.55,False,False,
3110,3110.T,日東紡績,2024-02,NEW,1,83.31,94.44,True,True,11.14,2024-02,1114.0,1114.0,1114.0,0.0,1035.0,936.64,732.1,True,True,True,True,True,True,True,2429383.0,1160.0,-3.97,False,1.27,5.38,1.22,False,2,True,92.27,1.6,False,False,
9247,9247.T,TREホールディングス,2024-02,CONTINUE,2,40.59,51.67,True,False,11.08,2024-01,1255.0,1215.0,1215.0,-3.19,1187.48,1141.35,1174.77,True,True,True,False,True,True,False,297720.0,1608.0,-21.95,False,0.81,2.14,0.69,True,3,True,2.67,4.14,False,False,
9663,9663.T,ナガワ,2024-02,CONTINUE,14,48.96,60.0,True,True,11.04,2023-01,7960.0,7380.0,7380.0,-7.29,7604.4,7346.67,7944.8,True,True,True,False,True,True,False,14463.0,10710.0,-25.68,False,0.75,2.17,0.83,True,3,True,-4.33,3.19,False,False,
8051,8051.T,山善,2024-02,CONTINUE,2,72.34,83.33,False,False,10.99,2024-01,1268.0,1268.0,1268.0,0.0,1218.6,1203.79,1145.95,True,True,True,True,True,True,True,603153.0,1292.0,-1.86,False,0.35,1.7,1.24,False,2,True,13.12,1.86,False,False,
8346,8346.T,東邦銀行,2024-02,CONTINUE,7,82.95,93.94,True,True,10.98,2023-08,277.0,340.0,340.0,22.74,256.32,237.6,229.2,True,True,True,True,True,True,True,833647.0,274.0,1.09,True,1.03,1.62,1.11,False,2,True,24.81,4.26,False,True,BREAKOUT
2337,2337.T,いちご,2024-02,CONTINUE,7,70.43,81.37,True,False,10.94,2023-08,313.0,390.0,390.0,24.6,276.56,270.19,279.55,True,True,True,False,True,True,False,790630.0,358.0,-12.57,False,2.48,2.24,1.32,False,3,True,12.08,5.15,True,False,
7721,7721.T,東京計器,2024-02,CONTINUE,8,89.13,100.0,True,False,10.87,2023-07,1302.0,2370.0,2370.0,82.03,1300.8,1265.76,1258.07,True,True,True,True,True,True,True,46573.0,1433.0,-9.14,False,0.64,1.7,0.93,True,2,True,4.55,-0.17,False,False,
4218,4218.T,ニチバン,2024-02,NEW,1,51.52,62.26,True,True,10.74,2024-02,1892.0,1892.0,1892.0,0.0,1805.48,1761.75,1845.31,True,True,True,False,True,True,False,33577.0,2128.0,-11.09,False,0.88,1.66,0.88,True,3,True,3.81,4.11,False,False,
3139,3139.T,ラクト・ジャパン,2024-02,CONTINUE,3,49.96,60.67,False,False,10.71,2023-12,1919.0,2217.0,2217.0,15.53,1916.64,1980.12,2001.72,True,False,False,False,False,False,False,65883.0,2324.0,-17.43,False,0.61,1.48,0.87,True,4,False,-7.81,-0.98,False,False,
8388,8388.T,阿波銀行,2024-02,CONTINUE,7,69.41,80.12,True,True,10.7,2023-08,2266.0,2707.0,2707.0,19.46,2179.2,2069.37,2062.26,True,True,True,True,True,True,True,61633.0,2290.0,-1.05,False,0.81,1.62,0.84,True,2,True,10.93,1.06,False,False,
7071,7071.T,アンビスホールディングス,2024-02,CONTINUE,3,34.05,44.71,False,True,10.66,2023-12,3005.0,2497.0,2497.0,-16.91,3000.84,2797.69,2916.78,True,True,True,False,True,True,False,405610.0,3840.0,-21.74,False,1.04,4.05,0.93,True,3,True,2.25,2.26,False,False,
3984,3984.T,ユーザーローカル,2024-02,NEW,1,67.38,78.0,True,True,10.62,2024-02,2487.0,2487.0,2487.0,0.0,2230.8,1939.68,2064.91,True,True,True,False,True,True,True,512850.0,3375.0,-26.31,False,1.34,5.59,1.13,False,1,True,32.03,3.78,False,False,
2471,2471.T,エスプール,2024-02,CONTINUE,9,18.89,29.49,True,True,10.6,2023-06,527.0,324.0,324.0,-38.52,553.0,586.51,753.99,False,False,False,False,False,False,False,803167.0,1184.0,-55.49,False,1.0,2.85,0.89,True,4,False,-31.98,0.19,False,False,
9788,9788.T,ナック,2024-02,CONTINUE,2,74.55,85.14,False,False,10.58,2024-01,547.0,536.0,536.0,-2.01,518.64,496.97,488.38,True,True,True,True,True,True,True,85587.0,550.0,-0.55,False,1.28,0.79,0.66,True,2,True,14.24,2.25,False,False,
3993,3993.T,ＰＫＳＨＡＴｅｃｈｎｏｌｏｇｙ,2024-02,CONTINUE,2,84.93,95.47,True,True,10.54,2024-01,3900.0,6330.0,6330.0,62.31,3620.8,3114.32,2805.7,True,True,True,True,True,True,True,424010.0,4075.0,-4.29,False,0.73,3.38,1.09,False,2,True,74.06,8.04,False,False,
6324,6324.T,ハーモニック・ドライブ・システムズ,2024-02,NEW,1,51.52,62.02,True,True,10.5,2024-02,3915.0,3915.0,3915.0,0.0,3691.0,3935.67,3973.78,True,False,False,False,False,True,False,518950.0,5160.0,-24.13,False,1.33,4.81,1.08,False,4,True,-10.77,-2.87,False,False,
9946,9946.T,ミニストップ,2024-02,CONTINUE,2,72.96,83.44,True,True,10.49,2024-01,1521.0,1567.0,1567.0,3.02,1533.28,1517.64,1475.45,False,True,True,True,True,True,True,77623.0,1578.0,-3.61,False,1.59,0.95,0.76,True,2,False,4.54,-1.22,False,False,
5019,5019.T,出光興産,2024-02,CONTINUE,8,76.27,86.63,True,True,10.37,2023-07,600.0,948.0,948.0,58.0,586.96,575.2,605.64,True,True,False,False,True,True,False,6577100.0,761.0,-21.16,False,1.11,1.38,1.1,False,4,True,-2.97,0.98,False,False,
8848,8848.T,レオパレス２１,2024-02,NEW,1,65.33,75.69,True,True,10.36,2024-02,459.0,459.0,459.0,0.0,418.16,425.17,360.55,True,True,True,False,True,True,True,3056390.0,492.0,-6.71,False,1.05,4.26,0.96,True,2,True,23.31,-1.38,False,False,
6988,6988.T,日東電工,2024-02,CONTINUE,2,86.69,97.02,True,True,10.33,2024-01,2462.0,2750.0,2750.0,11.7,2217.88,2087.02,2012.63,True,True,True,True,True,True,True,2918417.0,2465.0,-0.12,False,1.39,2.64,1.03,False,2,True,36.85,6.59,False,False,
3028,3028.T,アルペン,2024-02,CONTINUE,2,52.46,62.78,True,False,10.32,2024-01,2034.0,1980.0,1980.0,-2.65,1979.4,1951.16,1961.45,True,True,True,False,True,True,True,133937.0,2101.0,-3.19,False,0.66,0.99,1.04,False,1,True,4.11,1.7,False,False,
3843,3843.T,フリービット,2024-02,CONTINUE,3,68.46,78.72,True,True,10.26,2023-12,1457.0,1656.0,1656.0,13.66,1272.4,1169.35,1309.9,True,True,True,False,True,True,True,294660.0,1917.0,-24.0,False,0.81,4.09,0.83,True,1,True,20.26,6.36,False,False,
2590,2590.T,ダイドーグループホールディングス,2024-02,NEW,1,76.88,87.13,True,True,10.25,2024-02,3130.0,3130.0,3130.0,0.0,2983.36,2961.89,2782.97,True,True,True,True,True,True,True,123083.0,3195.0,-2.03,False,0.69,2.22,1.22,False,2,True,14.85,1.9,False,False,
7389,7389.T,あいちフィナンシャルグループ,2024-02,CONTINUE,2,63.47,73.72,False,True,10.25,2024-01,524.2,541.6,541.6,3.32,491.18,477.32,467.69,True,True,True,True,True,False,True,638633.0,546.0,-3.99,False,0.67,1.53,0.89,True,2,True,15.43,4.13,False,False,
7943,7943.T,ニチハ,2024-02,NEW,1,69.31,79.56,True,True,10.25,2024-02,3475.0,3475.0,3475.0,0.0,3297.04,3003.25,3040.3,True,True,True,False,True,True,True,72357.0,3580.0,-2.93,False,0.74,2.12,0.8,True,2,True,22.35,4.54,False,False,
1414,1414.T,ショーボンドホールディングス,2024-02,CONTINUE,9,69.67,79.89,True,False,10.22,2023-06,1429.0,1602.75,1602.75,12.16,1435.55,1404.18,1439.14,False,True,False,False,False,True,False,493547.0,1635.0,-12.6,False,0.75,1.52,0.93,True,4,False,-0.58,-0.31,False,False,
4368,4368.T,扶桑化学工業,2024-02,NEW,1,74.0,84.21,True,True,10.21,2024-02,1613.33,1613.33,1613.33,0.0,1521.47,1437.09,1403.83,True,True,True,True,True,True,True,305850.0,1648.33,-2.12,False,0.93,2.84,0.93,True,2,True,19.82,2.58,False,False,
6099,6099.T,エラン,2024-02,CONTINUE,4,50.72,60.91,False,False,10.19,2023-11,1019.0,953.0,953.0,-6.48,877.8,832.01,905.03,True,True,True,False,True,True,False,199923.0,1088.0,-6.34,False,0.98,3.15,0.91,True,1,True,11.09,11.0,False,False,
1975,1975.T,朝日工業社,2024-02,CONTINUE,3,81.76,91.92,True,False,10.16,2023-12,1522.5,1542.5,1542.5,1.31,1451.14,1313.61,1222.2,True,True,True,True,True,True,True,36480.0,1520.0,0.16,True,0.78,2.13,0.83,True,2,True,32.29,1.16,False,False,
5021,5021.T,コスモエネルギーホールディングス,2024-02,CONTINUE,10,89.84,100.0,True,False,10.16,2023-05,1957.5,3333.5,3333.5,70.29,2109.1,2069.93,1969.71,False,False,False,True,False,True,True,664913.0,2310.0,-15.26,False,1.26,3.09,1.09,False,4,False,-0.34,-7.81,False,False,
6923,6923.T,スタンレー電気,2024-02,CONTINUE,2,50.72,60.85,False,False,10.13,2024-01,2839.0,2562.0,2562.0,-9.76,2747.66,2646.99,2697.34,True,True,True,False,True,True,False,495107.0,3075.0,-7.67,False,1.2,1.52,0.95,True,3,True,9.03,1.51,False,False,
3360,3360.T,シップヘルスケアホールディングス,2024-02,CONTINUE,5,34.36,44.48,True,True,10.12,2023-10,2325.0,2175.0,2175.0,-6.45,2229.82,2313.57,2388.48,True,True,False,False,False,False,False,213133.0,2908.0,-20.05,False,0.96,2.35,0.9,True,4,True,-5.58,1.29,False,False,
7864,7864.T,フジシールインターナショナル,2024-02,CONTINUE,7,66.34,76.46,True,True,10.11,2023-08,1748.0,2027.0,2027.0,15.96,1624.96,1562.8,1604.08,True,True,True,False,True,True,False,84773.0,1939.0,-9.85,False,1.66,1.69,0.99,True,3,True,8.31,4.93,False,False,
4025,4025.T,多木化学,2024-02,NEW,1,31.7,41.78,True,True,10.08,2024-02,3585.0,3585.0,3585.0,0.0,3366.0,3296.27,3697.0,True,True,False,False,True,True,False,19157.0,4820.0,-25.62,False,0.84,3.25,1.17,False,4,True,-2.33,6.86,False,False,
8278,8278.T,フジ,2024-02,CONTINUE,11,54.25,64.29,False,False,10.04,2023-04,1773.0,1890.0,1890.0,6.6,1747.32,1766.21,1869.56,True,True,False,False,True,False,False,88660.0,2399.0,-26.09,False,0.76,1.45,0.96,True,4,True,-8.3,1.29,False,False,
7033,7033.T,マネジメントソリューションズ,2024-02,NEW,1,46.73,56.69,True,True,9.96,2024-02,3015.0,3015.0,3015.0,0.0,2958.08,2971.15,3226.51,True,True,False,False,False,True,False,152550.0,4700.0,-35.85,False,0.87,3.86,1.16,False,4,True,-5.22,-0.41,False,False,
3106,3106.T,倉敷紡績,2024-02,CONTINUE,5,72.76,82.69,True,False,9.93,2023-10,2244.0,3180.0,3180.0,41.71,2341.4,2340.0,2351.46,False,False,False,False,False,True,True,22280.0,2716.0,-17.38,False,0.81,2.25,0.87,True,4,False,-1.53,-3.45,False,False,
3436,3436.T,ＳＵＭＣＯ,2024-02,CONTINUE,2,71.6,81.5,True,True,9.9,2024-01,2256.0,2344.0,2344.0,3.9,2242.82,2124.1,2033.05,True,True,True,True,True,True,True,5242963.0,2521.0,-10.51,False,1.27,3.51,1.13,False,2,False,18.19,2.26,False,False,
6379,6379.T,レイズネクスト,2024-02,CONTINUE,2,83.25,93.15,True,True,9.89,2024-01,1576.0,2285.0,2285.0,44.99,1536.08,1449.33,1434.73,True,True,True,True,True,True,True,29573.0,1595.0,-1.19,False,0.92,1.92,1.02,False,2,True,13.58,1.47,False,False,
4189,4189.T,ＫＨネオケム,2024-02,CONTINUE,2,27.75,37.57,True,False,9.82,2024-01,2311.0,2252.0,2252.0,-2.55,2297.96,2280.33,2292.53,True,True,True,False,True,True,False,122603.0,2803.0,-17.55,False,0.85,1.56,0.85,True,3,True,-1.35,0.56,False,False,
4680,4680.T,ラウンドワン,2024-02,CONTINUE,4,69.46,79.24,True,True,9.77,2023-11,590.0,698.0,698.0,18.31,563.12,566.16,561.05,True,True,True,False,True,True,True,2093890.0,678.0,-12.98,False,0.8,2.83,0.78,True,2,True,4.08,2.89,False,False,
9278,9278.T,ブックオフグループホールディングス,2024-02,CONTINUE,2,45.14,54.91,False,False,9.77,2024-01,1298.0,1294.0,1294.0,-0.31,1218.48,1124.61,1208.48,True,True,True,False,True,False,False,90720.0,1475.0,-12.0,False,1.26,2.62,0.85,True,1,True,14.62,9.1,False,False,
2602,2602.T,日清オイリオグループ,2024-02,CONTINUE,9,88.02,97.7,True,True,9.68,2023-06,1140.0,1740.0,1740.0,52.63,1134.2,1116.67,1091.37,True,True,True,True,True,True,True,206060.0,1183.33,-3.66,False,0.86,1.26,0.93,True,2,True,7.34,1.44,False,False,
3992,3992.T,ニーズウェル,2024-02,NEW,1,74.5,84.16,True,True,9.66,2024-02,460.5,460.5,460.5,0.0,419.06,382.47,365.23,True,True,True,True,True,True,True,375547.0,483.5,-4.76,False,0.93,4.84,1.1,False,1,True,48.54,3.28,False,False,
7599,7599.T,ＩＤＯＭ,2024-02,CONTINUE,5,65.71,75.36,True,True,9.64,2023-10,906.0,906.0,906.0,0.0,789.04,792.2,824.24,True,True,True,False,True,False,True,1977637.0,984.0,-7.93,False,0.82,4.49,1.16,False,1,True,12.36,11.96,False,False,
4848,4848.T,フルキャストホールディングス,2024-02,CONTINUE,3,18.61,28.18,False,False,9.57,2023-12,1833.0,1535.0,1535.0,-16.26,1812.64,1834.69,2119.36,True,False,False,False,False,False,False,132780.0,2888.0,-36.53,False,0.78,2.42,0.91,True,4,False,-16.5,2.7,False,False,
6237,6237.T,イワキ,2024-02,NEW,1,90.46,100.0,True,True,9.54,2024-02,2621.0,2621.0,2621.0,0.0,2338.64,2146.76,1809.68,True,True,True,True,True,True,True,56693.0,2586.0,1.35,True,1.04,3.63,1.17,False,2,True,61.96,2.79,False,True,BREAKOUT
6962,6962.T,大真空,2024-02,CONTINUE,7,67.15,76.68,True,True,9.53,2023-08,807.0,905.0,905.0,12.14,708.48,670.27,714.88,True,True,True,False,True,True,False,323013.0,1043.0,-22.63,False,0.81,2.74,0.83,True,3,True,7.12,8.26,False,False,
4047,4047.T,関東電化工業,2024-02,CONTINUE,2,48.95,58.42,True,False,9.46,2024-01,890.0,908.0,908.0,2.02,867.08,829.71,884.39,True,True,True,False,True,False,False,174177.0,1069.0,-16.74,False,0.69,1.57,0.94,True,3,True,3.13,3.69,False,False,
8052,8052.T,椿本興業,2024-02,CONTINUE,8,90.54,100.0,True,True,9.46,2023-07,1586.67,2356.67,2356.67,48.53,1423.47,1370.2,1345.58,True,True,True,True,True,True,True,36940.0,1541.67,2.92,True,0.78,2.41,1.24,False,2,True,19.85,3.96,True,True,BOTH
6951,6951.T,日本電子,2024-02,CONTINUE,4,76.26,85.71,True,True,9.45,2023-11,5862.0,6637.0,6637.0,13.22,5216.76,4828.04,4604.8,True,True,True,True,True,True,True,542490.0,5940.0,-1.31,False,0.9,3.28,0.7,True,2,True,26.26,7.22,False,False,
3498,3498.T,霞ヶ関キャピタル,2024-02,CONTINUE,8,88.53,97.95,True,True,9.42,2023-07,2770.0,6875.0,6875.0,148.19,2431.9,2114.37,2159.79,True,True,True,False,True,True,True,573533.0,2790.0,-0.72,False,0.71,4.13,0.84,True,1,True,56.98,3.19,False,False,
4849,4849.T,エン,2024-02,CONTINUE,2,52.14,61.53,False,False,9.39,2024-01,2745.0,2521.0,2521.0,-8.16,2650.72,2455.4,2466.97,True,True,True,False,True,True,True,144967.0,2833.0,-3.11,False,0.99,2.23,0.86,True,2,False,19.69,1.59,False,False,
3708,3708.T,特種東海製紙,2024-02,CONTINUE,13,83.62,92.92,False,False,9.3,2023-02,1008.33,1301.67,1301.67,29.09,974.63,953.77,1006.13,True,True,True,False,True,True,False,67600.0,1428.33,-29.4,False,1.13,1.35,1.19,False,3,True,-6.41,2.25,False,False,
9619,9619.T,イチネンホールディングス,2024-02,CONTINUE,5,75.32,84.62,True,True,9.3,2023-10,1383.0,1680.0,1680.0,21.48,1386.2,1369.21,1327.29,False,True,True,True,False,True,True,31893.0,1481.0,-6.62,False,0.68,1.62,0.96,True,2,False,4.09,-1.89,False,False,
9962,9962.T,ミスミグループ本社,2024-02,CONTINUE,2,37.09,46.35,True,False,9.26,2024-01,2570.0,2286.0,2286.0,-11.05,2449.12,2375.07,2671.62,True,True,False,False,True,True,False,1412927.0,3590.0,-28.41,False,1.18,2.78,0.93,True,4,True,-4.21,1.61,False,False,
2294,2294.T,柿安本店,2024-02,NEW,1,85.11,94.37,True,True,9.25,2024-02,2668.0,2668.0,2668.0,0.0,2591.84,2510.65,2438.38,True,True,True,True,True,True,True,16117.0,2692.0,-0.89,False,0.91,1.25,1.06,False,2,True,14.03,1.06,False,False,
8103,8103.T,明和産業,2024-02,CONTINUE,2,51.63,60.87,True,True,9.24,2024-01,675.0,673.0,673.0,-0.3,658.24,650.52,663.73,True,True,True,False,True,True,False,81627.0,719.0,-6.12,False,0.85,0.88,0.76,True,3,True,1.61,0.55,False,False,
6250,6250.T,やまびこ,2024-02,CONTINUE,2,86.74,95.94,True,True,9.2,2024-01,1665.0,1847.0,1847.0,10.93,1525.16,1471.39,1467.93,True,True,True,True,True,True,True,79183.0,1628.0,2.27,True,1.64,1.6,0.95,True,2,True,24.95,4.4,True,True,BOTH
3983,3983.T,オロ,2024-02,CONTINUE,3,67.02,76.17,False,False,9.15,2023-12,2584.0,2754.0,2754.0,6.58,2638.28,2303.48,2215.41,False,True,True,True,True,True,True,70947.0,2930.0,-11.81,False,1.65,3.18,1.15,False,1,False,25.12,0.88,False,False,
1332,1332.T,ニッスイ,2024-02,NEW,1,90.64,99.77,True,True,9.14,2024-02,952.6,952.6,952.6,0.0,880.31,796.74,733.38,True,True,True,True,True,True,True,1918393.0,963.0,-1.08,False,0.88,2.36,0.87,True,2,True,42.12,3.13,False,False,
2121,2121.T,ＭＩＸＩ,2024-02,CONTINUE,2,50.1,59.21,False,False,9.11,2024-01,2537.0,2469.0,2469.0,-2.68,2462.44,2372.29,2536.3,True,True,True,False,True,True,False,226067.0,2966.0,-14.46,False,0.93,1.39,0.95,True,3,True,2.3,1.77,False,False,
6287,6287.T,サトー,2024-02,CONTINUE,5,61.33,70.4,True,True,9.07,2023-10,2016.0,2242.0,2242.0,11.21,2056.52,2032.88,2086.29,False,False,False,False,False,True,True,80330.0,2396.0,-15.86,False,0.96,2.04,0.94,True,4,False,-0.16,-2.55,False,False,
7912,7912.T,大日本印刷,2024-02,NEW,1,91.02,100.0,True,True,8.98,2024-02,2183.5,2183.5,2183.5,0.0,2181.28,2115.28,2034.35,True,True,True,True,True,True,True,1516580.0,2363.5,-7.62,False,1.06,3.06,0.97,True,2,True,12.07,-1.22,False,False,
6779,6779.T,日本電波工業,2024-02,NEW,1,47.03,55.97,True,True,8.95,2024-02,1452.0,1452.0,1452.0,0.0,1329.2,1240.12,1287.12,True,True,True,False,True,True,True,252483.0,1596.0,-9.02,False,1.22,4.57,0.97,True,2,True,8.15,3.23,False,False,
4967,4967.T,小林製薬,2024-02,CONTINUE,2,22.72,31.66,False,False,8.94,2024-01,6670.0,5980.0,5980.0,-10.34,6701.88,6594.89,7288.66,False,True,False,False,True,False,False,340820.0,9410.0,-29.12,False,0.97,1.8,1.04,False,4,True,-9.14,0.71,False,False,
4046,4046.T,大阪ソーダ,2024-02,CONTINUE,9,90.32,99.23,True,True,8.9,2023-06,1086.0,2308.0,2308.0,112.52,977.64,902.75,839.78,True,True,True,True,True,True,True,715317.0,1130.0,-3.89,False,0.89,3.76,0.95,True,2,True,42.32,9.25,False,False,
8061,8061.T,西華産業,2024-02,CONTINUE,5,83.58,92.41,False,False,8.83,2023-10,718.0,1046.67,1046.67,45.78,722.28,692.21,658.15,False,True,True,True,True,True,True,89250.0,779.67,-7.91,False,0.48,2.39,0.94,True,2,False,16.22,-1.44,False,False,
8218,8218.T,コメリ,2024-02,CONTINUE,5,74.5,83.33,True,True,8.83,2023-10,3130.0,3490.0,3490.0,11.5,3091.48,3052.13,2908.0,True,True,True,True,False,True,True,84853.0,3235.0,-3.25,False,1.86,2.15,1.16,False,2,False,9.52,-1.57,False,False,
3968,3968.T,セグエグループ,2024-02,NEW,1,83.99,92.77,True,True,8.77,2024-02,690.0,690.0,690.0,0.0,448.71,352.85,344.49,True,True,True,True,True,True,True,833583.0,715.0,-3.5,False,1.0,6.92,1.69,False,1,True,128.15,57.77,False,False,
4112,4112.T,保土谷化学工業,2024-02,CONTINUE,2,67.37,76.12,True,True,8.75,2024-01,1830.0,1852.5,1852.5,1.23,1805.5,1681.91,1644.91,True,True,True,True,True,True,True,44880.0,1917.5,-4.56,False,0.6,2.19,0.83,True,2,True,17.24,-0.87,False,False,
5981,5981.T,東京製綱,2024-02,CONTINUE,2,74.08,82.82,True,False,8.75,2024-01,1394.0,1532.0,1532.0,9.9,1352.8,1357.93,1259.06,True,True,True,False,True,False,True,50180.0,1460.0,-4.52,False,0.79,1.52,0.87,True,2,True,15.9,-2.87,False,False,
417A,417A.T,ブルーゾーンホールディングス,2024-02,CONTINUE,5,91.41,100.0,True,False,8.59,2023-10,1550.2,1722.4,1722.4,11.11,1525.6,1528.69,1443.98,True,True,True,False,False,True,True,245067.0,1591.8,-2.61,False,0.97,1.44,0.99,True,2,True,10.9,-0.37,False,False,
6925,6925.T,ウシオ電機,2024-02,CONTINUE,2,64.83,73.41,True,False,8.58,2024-01,2076.0,1982.0,1982.0,-4.53,2040.82,1963.43,1891.56,True,True,True,True,True,True,True,615450.0,2242.5,-7.42,False,0.76,2.1,1.05,False,2,True,15.81,0.8,False,False,
3040,3040.T,ソリトンシステムズ,2024-02,CONTINUE,3,61.08,69.62,True,False,8.54,2023-12,1392.0,1336.0,1336.0,-4.02,1387.84,1223.15,1173.49,True,True,True,True,True,True,True,83647.0,1540.0,-9.61,False,0.43,3.6,0.8,True,2,True,24.2,-1.81,False,False,
6857,6857.T,アドバンテスト,2024-02,NEW,1,80.97,89.43,True,True,8.45,2024-02,6910.0,6910.0,6910.0,0.0,6454.68,5323.92,4763.15,True,True,True,True,True,True,True,17634703.0,7456.0,-7.32,False,1.06,4.11,1.07,False,2,True,83.88,-0.47,False,False,
2760,2760.T,東京エレクトロン   デバイス,2024-02,CONTINUE,6,91.56,100.0,True,False,8.44,2023-09,3545.0,7210.0,7210.0,103.39,3440.93,3418.4,2969.47,True,True,True,True,True,True,True,233353.0,3800.0,-6.71,False,1.16,2.85,1.1,False,2,True,36.69,3.43,False,False,
8802,8802.T,三菱地所,2024-02,CONTINUE,9,73.9,82.32,True,True,8.42,2023-06,1710.0,2300.5,2300.5,34.53,1700.44,1641.98,1737.54,True,True,False,False,True,True,False,5551867.0,2043.0,-16.3,False,0.72,1.99,1.04,False,4,True,-2.12,1.93,False,False,
6005,6005.T,三浦工業,2024-02,NEW,1,53.42,61.81,True,True,8.39,2024-02,3190.0,3190.0,3190.0,0.0,2877.2,2835.26,3206.77,True,True,False,False,True,False,False,360957.0,4160.0,-23.32,False,1.26,2.68,1.04,False,4,True,-1.09,4.64,False,False,
9305,9305.T,ヤマタネ,2024-02,CONTINUE,9,91.63,100.0,True,False,8.37,2023-06,862.0,1356.0,1356.0,57.31,824.12,831.72,828.38,True,True,True,False,False,False,True,39840.0,877.5,-1.77,False,1.27,0.99,1.08,False,2,True,5.38,3.68,False,False,
6387,6387.T,サムコ,2024-02,NEW,1,63.17,71.51,True,True,8.34,2024-02,5380.0,5380.0,5380.0,0.0,4902.4,4584.13,4912.02,True,True,True,False,True,True,True,114667.0,6930.0,-22.37,False,1.24,4.03,1.18,False,1,True,15.68,4.89,False,False,
9418,9418.T,Ｕ－ＮＥＸＴＨＯＬＤＩＮＧＳ,2024-02,CONTINUE,3,91.68,100.0,True,True,8.32,2023-12,1341.67,1515.0,1515.0,12.92,1253.4,1167.04,1094.72,True,True,True,True,True,True,True,371250.0,1330.0,0.88,True,0.92,2.13,0.93,True,2,True,43.77,7.06,False,False,
6340,6340.T,澁谷工業,2024-02,NEW,1,74.68,82.99,True,True,8.31,2024-02,3120.0,3120.0,3120.0,0.0,2776.52,2569.08,2566.07,True,True,True,True,True,True,True,48380.0,3230.0,-3.41,False,1.02,3.18,1.15,False,1,True,25.07,10.06,False,False,
6480,6480.T,日本トムソン,2024-02,CONTINUE,2,67.61,75.92,True,True,8.31,2024-01,595.0,653.0,653.0,9.75,578.96,570.51,572.1,True,True,True,False,False,True,True,164480.0,648.0,-8.18,False,0.78,1.52,0.89,True,1,False,6.48,1.11,False,False,
6508,6508.T,明電舎,2024-02,CONTINUE,10,86.25,94.49,True,False,8.25,2023-05,1857.0,2651.0,2651.0,42.76,1869.6,1889.04,1934.73,False,False,False,False,True,True,False,137377.0,2214.0,-16.12,False,1.25,1.58,1.03,False,4,True,-7.86,0.68,False,False,
7818,7818.T,トランザクション,2024-02,CONTINUE,3,78.64,86.88,False,False,8.24,2023-12,1067.5,1191.5,1191.5,11.62,1053.44,995.49,919.74,True,True,True,True,True,True,True,101860.0,1099.5,-2.91,False,0.95,2.77,0.97,True,2,True,31.75,0.22,False,False,
4182,4182.T,三菱瓦斯化学,2024-02,CONTINUE,2,77.94,86.14,True,False,8.19,2024-01,2422.0,2440.0,2440.0,0.74,2359.64,2230.67,2107.54,True,True,True,True,True,True,True,780743.0,2499.5,-3.1,False,0.85,1.65,0.86,True,2,True,23.44,1.44,False,False,
4587,4587.T,ペプチドリーム,2024-02,NEW,1,40.6,48.74,False,True,8.14,2024-02,1576.5,1576.5,1576.5,0.0,1399.18,1334.47,1633.87,True,True,False,False,True,True,False,919797.0,2549.0,-38.15,False,0.9,5.0,1.3,False,4,True,0.95,7.43,False,False,
1852,1852.T,淺沼組,2024-02,CONTINUE,7,84.46,92.59,False,False,8.13,2023-08,714.0,879.0,879.0,23.11,693.92,663.55,637.64,True,True,True,True,True,True,True,300550.0,714.0,0.0,False,0.83,1.11,0.72,True,2,True,15.91,0.05,False,False,
7198,7198.T,ＳＢＩアルヒ,2024-02,NEW,1,42.35,50.44,True,True,8.09,2024-02,917.0,917.0,917.0,0.0,884.32,842.32,906.39,True,True,True,False,True,True,False,148950.0,1137.0,-19.35,False,0.51,1.87,0.89,True,3,True,-1.32,2.39,False,False,
7955,7955.T,クリナップ,2024-02,CONTINUE,2,60.72,68.81,True,False,8.09,2024-01,760.0,759.0,759.0,-0.13,713.6,692.33,703.92,True,True,True,False,True,True,True,44440.0,760.0,0.0,False,1.19,1.41,1.12,False,2,True,9.36,3.38,False,False,
8544,8544.T,京葉銀行,2024-02,CONTINUE,6,66.07,74.17,False,False,8.09,2023-09,692.0,750.0,750.0,8.38,663.56,591.41,585.54,True,True,True,True,True,True,True,516470.0,730.0,-5.21,False,0.95,2.91,1.11,False,1,True,27.2,5.44,False,False,
4931,4931.T,新日本製薬,2024-02,NEW,1,70.32,78.4,False,True,8.08,2024-02,1720.0,1720.0,1720.0,0.0,1742.16,1680.04,1551.86,False,True,True,True,True,True,True,40450.0,1830.0,-6.01,False,0.86,1.92,0.79,True,2,False,13.46,-3.41,False,False,
8130,8130.T,サンゲツ,2024-02,NEW,1,80.61,88.64,True,True,8.02,2024-02,3525.0,3525.0,3525.0,0.0,3385.0,3118.03,2863.68,True,True,True,True,True,True,True,149970.0,3655.0,-3.56,False,0.9,2.87,1.0,False,2,True,32.15,1.2,False,False,
2461,2461.T,ファンコミュニケーションズ,2024-02,CONTINUE,5,49.18,57.14,True,False,7.96,2023-10,403.0,405.0,405.0,0.5,398.2,396.96,402.42,True,True,True,False,True,False,False,99247.0,456.0,-11.62,False,0.83,0.76,0.85,True,3,True,-3.08,-0.49,False,False,
7309,7309.T,シマノ,2024-02,CONTINUE,3,49.84,57.75,True,True,7.91,2023-12,21835.0,20860.0,20860.0,-4.47,22121.8,21538.27,22071.95,False,True,False,False,False,True,True,188997.0,24840.0,-12.1,False,0.59,2.22,0.78,True,1,False,2.13,1.36,False,False,
8766,8766.T,東京海上ホールディングス,2024-02,CONTINUE,2,74.81,82.7,True,True,7.89,2024-01,3930.0,4376.0,4376.0,11.35,3679.96,3569.57,3305.49,True,True,True,True,True,True,True,4256290.0,3904.0,0.67,True,0.94,2.19,1.06,False,2,True,30.26,4.49,False,True,BREAKOUT
4095,4095.T,日本パーカライジング,2024-02,NEW,1,75.0,82.88,True,True,7.88,2024-02,1252.0,1252.0,1252.0,0.0,1228.6,1167.93,1122.47,True,True,True,True,True,True,True,161480.0,1288.0,-2.8,False,1.06,1.91,0.9,True,2,True,16.65,1.04,False,False,
2432,2432.T,ディー・エヌ・エー,2024-02,CONTINUE,2,36.67,44.54,True,False,7.87,2024-01,1493.5,1465.0,1465.0,-1.91,1468.22,1463.51,1633.31,True,True,False,False,True,True,False,576950.0,2053.0,-27.25,False,0.8,1.86,0.76,True,4,True,-8.91,1.36,False,False,
2607,2607.T,不二製油,2024-02,NEW,1,66.56,74.43,True,True,7.87,2024-02,2503.5,2503.5,2503.5,0.0,2377.32,2393.32,2235.82,True,True,True,False,False,True,True,342930.0,2520.0,-0.65,False,0.61,2.13,0.93,True,2,True,13.71,0.91,False,False,
9658,9658.T,ビジネスブレイン太田昭和,2024-02,CONTINUE,2,67.36,75.2,True,False,7.84,2024-01,749.33,762.67,762.67,1.78,730.45,707.12,712.8,True,True,True,False,True,True,True,63200.0,858.0,-12.67,False,0.84,1.69,0.93,True,2,True,9.91,1.68,False,False,
1720,1720.T,東急建設,2024-02,CONTINUE,13,83.97,91.8,True,False,7.83,2023-02,692.0,831.0,831.0,20.09,660.64,646.99,636.89,True,True,True,True,True,True,True,208253.0,735.0,-5.85,False,1.47,1.2,0.96,True,2,True,5.94,1.58,False,False,
3445,3445.T,ＲＳ   Ｔｅｃｈｎｏｌｏｇｉｅｓ,2024-02,CONTINUE,3,37.49,45.27,True,False,7.78,2023-12,2989.0,2725.0,2725.0,-8.83,2835.96,2667.72,2910.57,True,True,True,False,True,True,False,233053.0,4140.0,-27.8,False,0.76,2.72,0.9,True,3,True,-2.65,5.36,False,False,
3391,3391.T,ツルハホールディングス,2024-02,NEW,1,56.2,63.93,False,True,7.73,2024-02,2260.0,2260.0,2260.0,0.0,2283.88,2411.29,2212.72,False,False,True,False,False,True,True,1308717.0,2697.0,-16.2,False,2.09,2.89,1.16,False,2,True,4.84,-1.02,False,False,
4956,4956.T,コニシ,2024-02,NEW,1,84.29,92.02,True,True,7.73,2024-02,1456.0,1456.0,1456.0,0.0,1380.44,1329.02,1215.25,True,True,True,True,True,True,True,107527.0,1494.0,-2.54,False,1.01,2.69,0.94,True,2,True,30.34,0.95,False,False,
6390,6390.T,加藤製作所,2024-02,CONTINUE,2,75.0,82.73,True,True,7.73,2024-01,1538.0,1473.0,1473.0,-4.23,1368.56,1255.6,1218.73,True,True,True,True,True,True,True,92930.0,1472.0,4.48,True,1.52,2.8,0.79,True,2,True,48.01,5.63,True,True,BOTH
9983,9983.T,ファーストリテイリング,2024-02,CONTINUE,2,76.41,84.05,True,True,7.64,2024-01,39740.0,43260.0,43260.0,8.86,37480.0,36127.33,34625.88,True,True,True,True,True,True,True,1440333.0,40400.0,-1.63,False,0.91,2.27,0.82,True,2,True,26.9,3.73,False,False,
6479,6479.T,ミネベアミツミ,2024-02,CONTINUE,2,79.63,87.24,True,True,7.61,2024-01,3090.0,3095.0,3095.0,0.16,2954.36,2746.67,2626.58,True,True,True,True,True,True,True,1157700.0,3122.0,-1.02,False,1.06,2.18,0.98,True,2,True,31.36,3.92,False,False,
1945,1945.T,東京エネシス,2024-02,NEW,1,73.17,80.67,True,True,7.51,2024-02,1135.0,1135.0,1135.0,0.0,1106.84,1038.67,999.0,True,True,True,True,True,True,True,95247.0,1250.0,-9.2,False,0.54,2.19,0.65,True,2,True,19.38,1.89,False,False,
9601,9601.T,松竹,2024-02,NEW,1,36.3,43.8,True,True,7.5,2024-02,10075.0,10075.0,10075.0,0.0,10104.96,9699.95,10417.12,False,True,False,False,True,True,False,83673.0,12660.0,-20.42,False,1.99,2.71,1.31,False,4,True,-4.13,0.55,False,False,
8624,8624.T,いちよし証券,2024-02,CONTINUE,8,74.16,81.65,True,True,7.49,2023-07,667.0,803.0,803.0,20.39,620.28,601.6,610.37,True,True,True,False,True,True,False,158380.0,653.0,2.14,True,1.83,1.41,1.2,False,1,True,9.26,3.68,True,False,
7350,7350.T,おきなわフィナンシャルグループ,2024-02,CONTINUE,7,59.94,67.42,False,False,7.48,2023-08,2254.0,2596.0,2596.0,15.17,2173.16,2150.12,2184.35,True,True,True,False,True,True,True,51433.0,2493.0,-9.59,False,1.09,1.51,0.97,True,1,True,2.45,0.42,True,False,
6481,6481.T,ＴＨＫ,2024-02,CONTINUE,2,68.88,76.3,True,True,7.42,2024-01,2863.0,3294.0,3294.0,15.05,2822.96,2828.31,2853.88,True,True,True,False,False,True,False,478790.0,3295.0,-13.11,False,0.73,2.03,0.99,True,3,False,2.66,0.82,False,False,
3836,3836.T,アバントグループ,2024-02,CONTINUE,2,50.31,57.67,True,True,7.37,2024-01,1448.0,1368.0,1368.0,-5.52,1438.48,1388.59,1400.88,True,True,True,False,True,True,True,40073.0,1565.0,-7.48,False,0.94,1.65,0.8,True,1,True,8.48,0.93,False,False,
6856,6856.T,堀場製作所,2024-02,CONTINUE,2,85.65,92.92,True,True,7.27,2024-01,11970.0,14605.0,14605.0,22.01,11479.0,9770.55,8548.65,True,True,True,True,True,True,True,233773.0,12550.0,-4.62,False,0.98,2.51,1.07,False,2,True,66.8,6.73,False,False,
2327,2327.T,日鉄ソリューションズ,2024-02,CONTINUE,13,84.94,92.18,True,False,7.24,2023-02,1775.0,2505.0,2505.0,41.13,1676.2,1663.87,1773.66,True,True,True,False,True,False,False,197073.0,2010.0,-11.69,False,1.08,1.54,0.93,True,3,True,-3.15,0.84,True,False,
6490,6490.T,ＰＩＬＬＡＲ,2024-02,NEW,1,78.13,85.37,True,True,7.23,2024-02,5500.0,5500.0,5500.0,0.0,5143.6,4650.27,4347.3,True,True,True,True,True,True,True,109607.0,5830.0,-5.66,False,0.73,3.95,0.92,True,2,True,35.25,3.18,False,False,
3186,3186.T,ネクステージ,2024-02,NEW,1,49.06,56.26,True,True,7.21,2024-02,2443.0,2443.0,2443.0,0.0,2314.04,2353.51,2604.27,True,True,False,False,False,True,False,1253817.0,3820.0,-36.05,False,1.1,3.79,1.18,False,4,True,-6.86,-0.84,False,False,
4471,4471.T,三洋化成工業,2024-02,CONTINUE,2,56.27,63.48,True,False,7.21,2024-01,4320.0,4250.0,4250.0,-1.62,4311.0,4205.53,4195.65,True,True,True,True,True,True,True,35537.0,4645.0,-7.0,False,1.1,1.07,0.9,True,1,True,5.28,-0.08,False,False,
7545,7545.T,西松屋チェーン,2024-02,NEW,1,81.88,89.07,False,True,7.2,2024-02,2243.0,2243.0,2243.0,0.0,2149.64,2093.2,1841.02,True,True,True,True,True,True,True,389137.0,2298.0,-2.39,False,0.72,2.41,1.25,False,2,True,26.07,1.1,False,False,
8541,8541.T,愛媛銀行,2024-02,CONTINUE,7,62.42,69.63,True,False,7.2,2023-08,880.0,1119.0,1119.0,27.16,860.72,828.44,864.84,True,True,True,False,True,True,True,50297.0,1014.0,-13.21,False,0.98,1.23,0.82,True,1,True,2.88,1.98,False,False,
6638,6638.T,ミマキエンジニアリング,2024-02,CONTINUE,2,69.96,77.16,True,True,7.19,2024-01,925.0,1047.0,1047.0,13.19,900.8,859.96,815.62,True,True,True,True,False,True,True,47773.0,1011.0,-8.51,False,1.12,2.69,1.04,False,2,True,29.51,2.04,False,False,
4403,4403.T,日油,2024-02,NEW,1,68.49,75.66,True,True,7.18,2024-02,2243.0,2243.0,2243.0,0.0,2300.43,2290.58,2142.46,False,False,True,True,True,True,True,759760.0,2454.67,-8.62,False,1.36,3.21,0.92,True,2,True,6.18,-2.93,False,False,
9435,9435.T,光通信,2024-02,NEW,1,75.44,82.51,True,True,7.08,2024-02,27070.0,27070.0,27070.0,0.0,25798.6,24191.53,22545.92,True,True,True,True,True,True,True,70907.0,27240.0,-0.62,False,1.07,2.69,0.93,True,2,True,25.11,-1.9,False,False,
6055,6055.T,ジャパンマテリアル,2024-02,NEW,1,58.11,65.16,True,True,7.06,2024-02,2543.0,2543.0,2543.0,0.0,2588.04,2484.55,2405.77,False,True,True,True,True,True,True,273007.0,2743.0,-7.29,False,1.39,3.77,1.04,False,2,True,7.66,-2.88,False,False,
4092,4092.T,日本化学工業,2024-02,CONTINUE,2,70.68,77.71,True,True,7.02,2024-01,1972.0,2472.0,2472.0,25.35,1900.48,1923.67,1898.11,True,True,True,False,False,False,False,45730.0,2088.0,-5.56,False,0.81,1.41,1.11,False,1,True,5.28,1.88,False,False,
4206,4206.T,アイカ工業,2024-02,NEW,1,65.57,72.58,True,True,7.01,2024-02,3556.0,3556.0,3556.0,0.0,3477.56,3414.92,3308.03,True,True,True,True,True,True,True,173937.0,3582.0,-0.73,False,1.16,1.46,0.96,True,2,True,10.96,1.16,True,True,MVP
6472,6472.T,ＮＴＮ,2024-02,NEW,1,58.49,65.47,True,True,6.98,2024-02,317.4,317.4,317.4,0.0,283.58,274.29,284.98,True,True,True,False,True,True,False,6412297.0,378.0,-16.03,False,1.3,2.2,0.97,True,3,True,8.24,4.86,False,False,
3407,3407.T,旭化成,2024-02,CONTINUE,4,60.22,67.13,False,False,6.91,2023-11,1026.5,1041.5,1041.5,1.46,986.31,957.37,953.7,True,True,True,True,True,True,True,5489137.0,1031.0,-0.44,False,1.02,1.47,0.88,True,2,True,7.18,1.94,False,False,
167A,167A.T,リョーサン菱洋ホールディングス,2024-02,NEW,1,82.14,89.04,True,True,6.9,2024-02,4145.0,4145.0,4145.0,0.0,3912.2,3725.4,3469.34,True,True,True,True,True,True,True,192697.0,4265.0,-2.81,False,1.38,2.4,1.18,False,2,True,37.33,4.86,False,False,
4114,4114.T,日本触媒,2024-02,CONTINUE,2,57.09,63.94,True,True,6.85,2024-01,1391.25,1402.75,1402.75,0.83,1369.48,1351.77,1352.27,True,True,True,False,True,True,True,475080.0,1497.5,-7.1,False,0.78,1.07,0.93,True,2,True,3.09,-0.11,False,False,
4633,4633.T,サカタインクス,2024-02,NEW,1,76.48,83.33,True,True,6.85,2024-02,1444.0,1444.0,1444.0,0.0,1411.28,1360.28,1292.72,True,True,True,True,True,True,True,128860.0,1471.0,-1.84,False,1.07,2.94,1.16,False,2,False,18.28,-2.46,False,False,
6141,6141.T,DMG森精機,2024-02,NEW,1,86.24,93.09,True,True,6.85,2024-02,3459.0,3459.0,3459.0,0.0,3209.14,2860.33,2631.31,True,True,True,True,True,True,True,1194740.0,3508.0,-1.4,False,0.79,2.09,0.9,True,2,True,42.25,2.2,False,False,
9692,9692.T,シーイーシー,2024-02,NEW,1,59.47,66.31,True,True,6.84,2024-02,1870.0,1870.0,1870.0,0.0,1734.0,1684.96,1651.93,True,True,True,True,True,True,True,137533.0,1882.0,-0.64,False,1.06,2.11,1.05,False,2,True,15.74,2.98,False,False,
6328,6328.T,荏原実業,2024-02,NEW,1,75.46,82.3,True,True,6.83,2024-02,1527.5,1527.5,1527.5,0.0,1554.62,1476.87,1458.32,False,True,True,True,True,True,True,36220.0,1657.5,-7.84,False,0.94,2.65,0.83,True,1,True,5.19,-4.31,False,False,
2326,2326.T,デジタルアーツ,2024-02,CONTINUE,3,38.74,45.52,True,False,6.78,2023-12,5130.0,4430.0,4430.0,-13.65,4843.6,4604.0,5068.95,True,True,True,False,True,True,False,59303.0,6560.0,-21.8,False,0.79,2.0,0.92,True,3,True,-0.19,4.41,False,False,
4323,4323.T,日本システム技術,2024-02,CONTINUE,2,80.43,87.21,True,True,6.78,2024-01,1650.0,1762.5,1762.5,6.82,1579.74,1324.62,1192.12,True,True,True,True,True,True,True,68960.0,1750.0,-5.71,False,1.38,3.52,1.07,False,2,True,62.38,6.43,False,False,
6294,6294.T,オカダアイヨン,2024-02,NEW,1,82.2,88.98,True,True,6.78,2024-02,3015.0,3015.0,3015.0,0.0,2761.28,2470.63,2242.3,True,True,True,True,True,True,True,50760.0,3020.0,-0.17,False,1.15,3.25,0.99,True,2,True,51.56,3.09,False,False,
2875,2875.T,東洋水産,2024-02,CONTINUE,5,78.58,85.33,True,True,6.74,2023-10,6960.0,8706.0,8706.0,25.09,6025.96,5992.57,5857.77,True,True,True,True,True,False,True,626137.0,6695.0,3.96,True,1.64,2.53,1.32,False,2,True,21.54,6.12,True,True,BOTH
7513,7513.T,コジマ,2024-02,CONTINUE,9,66.75,73.47,True,False,6.72,2023-06,594.0,730.0,730.0,22.9,565.0,559.88,581.45,True,True,True,False,True,True,False,213800.0,699.0,-15.02,False,0.98,0.95,1.02,False,3,True,1.48,3.07,False,False,
9107,9107.T,川崎汽船,2024-02,CONTINUE,13,91.13,97.76,False,False,6.64,2023-02,1088.33,2384.33,2384.33,119.08,1024.89,931.77,935.49,True,True,True,False,True,True,True,29423400.0,1232.22,-11.68,False,0.92,2.96,1.05,False,1,True,16.33,0.4,False,False,
4203,4203.T,住友ベークライト,2024-02,NEW,1,93.07,99.67,True,True,6.6,2024-02,4300.0,4300.0,4300.0,0.0,3920.32,3714.01,3321.8,True,True,True,True,True,True,True,438767.0,4385.0,-1.94,False,1.11,2.83,1.02,False,2,True,45.68,4.85,False,False,
5831,5831.T,しずおかフィナンシャルグループ,2024-02,CONTINUE,2,73.51,80.07,True,True,6.56,2024-01,1354.5,1465.0,1465.0,8.16,1255.6,1234.96,1150.17,True,True,True,True,True,True,True,1383440.0,1357.0,-0.18,False,1.18,2.1,0.94,True,2,True,21.12,3.08,False,False,
1899,1899.T,福田組,2024-02,CONTINUE,2,64.65,71.18,True,False,6.53,2024-01,2735.0,2665.0,2665.0,-2.56,2672.8,2561.0,2451.1,True,True,True,True,True,True,True,63693.0,2965.0,-7.76,False,0.28,1.66,0.63,True,2,True,16.04,0.1,False,False,
7537,7537.T,丸文,2024-02,CONTINUE,3,64.12,70.64,False,False,6.53,2023-12,1616.0,1508.0,1508.0,-6.68,1506.28,1304.55,1257.47,True,True,True,True,True,True,True,202497.0,1627.0,-0.68,False,0.76,3.12,0.85,True,2,True,39.24,5.17,False,False,
6200,6200.T,インソース,2024-02,NEW,1,23.46,29.95,True,True,6.48,2024-02,881.0,881.0,881.0,0.0,809.88,865.73,1025.77,True,True,False,False,False,False,False,692583.0,1481.0,-40.51,False,1.08,3.99,1.01,False,4,True,-21.82,2.39,False,False,
7313,7313.T,テイ・エステック,2024-02,CONTINUE,2,66.95,73.35,True,True,6.4,2024-01,1881.0,1937.0,1937.0,2.98,1789.26,1758.79,1772.3,True,True,True,False,True,True,True,318550.0,1943.0,-3.19,False,1.23,1.3,0.95,True,1,True,12.23,2.27,False,False,
5988,5988.T,パイオラックス,2024-02,NEW,1,82.0,88.39,True,True,6.39,2024-02,2797.0,2797.0,2797.0,0.0,2619.88,2411.09,2263.58,True,True,True,True,True,True,True,110077.0,2807.0,-0.36,False,0.97,1.72,0.8,True,2,True,30.97,3.13,False,False,
8387,8387.T,四国銀行,2024-02,CONTINUE,2,59.95,66.27,True,True,6.33,2024-01,1027.0,1125.0,1125.0,9.54,984.28,998.99,940.14,True,True,True,False,True,False,True,68590.0,1114.0,-7.81,False,0.98,1.38,0.99,True,2,True,7.57,1.14,False,False,
6349,6349.T,小森コーポレーション,2024-02,CONTINUE,2,73.52,79.84,False,False,6.32,2024-01,1332.0,1284.0,1284.0,-3.6,1275.04,1170.39,1083.44,True,True,True,True,True,True,True,170977.0,1385.0,-3.83,False,1.32,2.17,0.78,True,2,True,34.44,0.31,False,False,
9832,9832.T,オートバックスセブン,2024-02,NEW,1,71.71,78.01,True,True,6.3,2024-02,1675.0,1675.0,1675.0,0.0,1635.52,1583.22,1563.62,True,True,True,True,True,True,True,221003.0,1681.0,-0.36,False,1.07,1.33,0.95,True,2,True,10.46,0.76,False,False,
2282,2282.T,日本ハム,2024-02,CONTINUE,13,80.72,87.01,True,True,6.29,2023-02,3760.0,5246.0,5246.0,39.52,3737.0,3689.87,3860.88,True,True,False,False,True,True,False,449030.0,4475.0,-15.98,False,0.96,1.19,0.83,True,4,True,-5.57,-0.02,False,False,
5857,5857.T,ＡＲＥホールディングス,2024-02,CONTINUE,3,50.83,57.09,False,False,6.27,2023-12,1951.0,1937.0,1937.0,-0.72,1901.88,1896.09,1931.65,True,True,True,False,True,True,False,242850.0,2096.0,-6.92,False,1.2,1.09,1.01,False,3,True,0.27,1.86,False,False,
6368,6368.T,オルガノ,2024-02,CONTINUE,6,88.12,94.37,True,True,6.25,2023-09,4200.0,7670.0,7670.0,82.62,4028.6,4031.07,3584.97,True,True,True,False,True,True,True,179577.0,4340.0,-3.23,False,1.27,2.8,1.14,False,2,True,30.29,1.28,True,False,
8084,8084.T,ＲＹＯＤＥＮ,2024-02,CONTINUE,5,78.36,84.62,False,False,6.25,2023-10,2336.0,2622.0,2622.0,12.24,2342.72,2298.76,2079.01,False,True,True,True,False,True,True,34477.0,2460.0,-5.04,False,1.46,2.57,1.15,False,2,False,20.12,-2.55,False,False,
5563,5563.T,新日本電工,2024-02,CONTINUE,5,41.28,47.5,True,False,6.22,2023-10,289.0,300.0,300.0,3.81,292.08,285.13,315.19,False,True,False,False,True,True,False,709093.0,459.0,-37.04,False,0.77,2.0,0.92,True,4,False,-11.15,-1.49,False,False,
3580,3580.T,小松マテーレ,2024-02,CONTINUE,9,49.46,55.67,False,False,6.21,2023-06,675.0,769.0,769.0,13.93,667.92,677.61,735.45,True,False,False,False,False,False,False,52917.0,1273.0,-46.98,False,0.73,1.32,0.94,True,4,True,-15.79,2.39,False,False,
5384,5384.T,フジミインコーポレーテッド,2024-02,NEW,1,74.59,80.79,True,True,6.2,2024-02,3755.0,3755.0,3755.0,0.0,3311.68,3064.41,3139.0,True,True,True,False,True,True,True,288267.0,3825.0,-1.83,False,1.32,3.23,1.01,False,1,True,34.77,7.32,False,False,
3662,3662.T,エイチームホールディングス,2024-02,NEW,1,35.44,41.62,True,True,6.18,2024-02,573.0,573.0,573.0,0.0,567.04,595.52,636.58,True,False,False,False,False,False,False,56047.0,807.0,-29.0,False,0.73,2.02,1.04,False,4,True,-17.25,-0.44,False,False,
1433,1433.T,ベステラ,2024-02,NEW,1,61.46,67.62,True,True,6.17,2024-02,1093.0,1093.0,1093.0,0.0,1029.76,1039.65,1047.54,True,True,True,False,False,True,True,142227.0,1341.0,-18.49,False,0.68,3.49,1.37,False,1,True,8.44,3.63,False,False,
6814,6814.T,古野電気,2024-02,CONTINUE,10,93.86,100.0,True,False,6.14,2023-05,972.0,2268.0,2268.0,133.33,953.64,948.4,1005.1,True,True,False,False,True,True,False,70483.0,1163.0,-16.42,False,0.74,1.76,1.09,False,4,True,-3.58,0.9,False,False,
3939,3939.T,カナミックネットワーク,2024-02,NEW,1,45.8,51.9,True,True,6.1,2024-02,532.0,532.0,532.0,0.0,455.12,425.33,457.55,True,True,True,False,True,False,False,394397.0,560.0,-5.0,False,1.2,5.22,1.51,False,1,True,18.86,14.26,False,False,
3994,3994.T,マネーフォワード,2024-02,NEW,1,64.92,70.98,True,True,6.07,2024-02,6610.0,6610.0,6610.0,0.0,5835.28,4915.29,5157.46,True,True,True,False,True,True,True,738773.0,6675.0,-0.97,False,1.13,3.62,1.13,False,1,True,32.68,1.16,True,True,MVP
5805,5805.T,ＳＷＣＣ,2024-02,CONTINUE,6,90.24,96.26,True,True,6.02,2023-09,2129.0,3365.0,3365.0,58.06,2067.6,1956.36,1873.58,True,True,True,True,True,True,True,158500.0,2248.0,-5.29,False,0.85,2.31,1.1,False,2,True,14.96,3.52,False,False,
8876,8876.T,リログループ,2024-02,CONTINUE,2,19.37,25.34,False,False,5.98,2024-01,1489.5,1205.0,1205.0,-19.1,1597.34,1544.97,1752.33,False,False,False,False,True,False,False,530553.0,2242.0,-33.56,False,1.08,2.89,0.88,True,4,False,-15.32,-2.03,False,False,
9324,9324.T,安田倉庫,2024-02,CONTINUE,5,74.35,80.3,False,False,5.95,2023-10,1086.0,1187.0,1187.0,9.3,1069.24,1040.05,1008.03,True,True,True,True,True,True,True,36313.0,1124.0,-3.38,False,0.55,1.71,0.94,True,2,False,10.62,0.82,False,False,
3093,3093.T,トレジャー・ファクトリー,2024-02,NEW,1,56.52,62.39,True,True,5.88,2024-02,1476.0,1476.0,1476.0,0.0,1402.84,1306.92,1406.24,True,True,True,False,True,True,False,278293.0,1910.0,-22.72,False,0.52,3.44,1.02,False,3,True,8.91,0.81,False,False,
1898,1898.T,世紀東急工業,2024-02,NEW,1,90.78,96.64,True,True,5.87,2024-02,1957.0,1957.0,1957.0,0.0,1912.76,1753.52,1582.43,True,True,True,True,True,True,True,428410.0,2042.0,-4.16,False,0.98,2.16,0.96,True,2,True,53.27,-4.17,False,False,
2264,2264.T,森永乳業,2024-02,NEW,1,64.1,69.97,False,True,5.87,2024-02,777.0,777.0,777.0,0.0,761.1,715.22,683.29,True,True,True,True,True,True,True,1529467.0,805.75,-3.57,False,0.71,2.9,0.9,True,2,True,16.72,0.61,False,False,
6762,6762.T,ＴＤＫ,2024-02,CONTINUE,10,88.23,94.0,True,True,5.77,2023-05,1068.0,1557.2,1557.2,45.81,994.4,948.0,947.43,True,True,True,True,True,True,True,10689617.0,1098.0,-2.73,False,1.13,2.19,1.17,False,1,True,14.3,2.97,False,False,
7735,7735.T,ＳＣＲＥＥＮホールディングス,2024-02,CONTINUE,3,91.38,97.14,True,True,5.76,2023-12,5965.0,9367.5,9367.5,57.04,5624.1,4496.23,3829.26,True,True,True,True,True,True,True,3520553.0,6005.0,-0.67,False,0.71,3.16,0.85,True,2,True,91.2,5.62,False,False,
1379,1379.T,ホクト,2024-02,CONTINUE,2,37.93,43.62,True,True,5.69,2024-01,1799.0,1801.0,1801.0,0.11,1758.8,1763.64,1813.62,True,True,False,False,True,False,False,53740.0,1902.0,-5.42,False,0.85,0.59,0.98,True,4,True,-2.04,1.03,False,False,
7327,7327.T,第四北越フィナンシャルグループ,2024-02,CONTINUE,7,79.87,85.52,False,True,5.65,2023-08,609.17,718.33,718.33,17.92,588.43,542.93,505.48,True,True,True,True,True,True,True,431160.0,610.83,-0.27,False,0.87,1.68,0.96,True,2,True,27.25,1.08,False,False,
4801,4801.T,セントラルスポーツ,2024-02,CONTINUE,5,53.09,58.73,False,False,5.64,2023-10,2402.0,2458.0,2458.0,2.33,2383.96,2399.43,2442.04,True,True,False,False,False,False,False,24653.0,2596.0,-7.47,False,0.4,1.14,0.94,True,4,False,-1.44,-0.22,False,False,
6254,6254.T,野村マイクロ・サイエンス,2024-02,CONTINUE,10,87.86,93.45,True,True,5.6,2023-05,1540.0,4775.0,4775.0,210.06,1224.9,1109.12,1045.08,True,True,True,True,True,True,True,737760.0,1642.5,-6.24,False,1.78,5.0,1.32,False,2,True,43.25,16.73,False,False,
6971,6971.T,京セラ,2024-02,CONTINUE,4,81.58,87.15,True,False,5.57,2023-11,2047.5,2204.5,2204.5,7.67,1963.35,1895.06,1844.38,True,True,True,True,True,True,True,4508293.0,2078.75,-1.5,False,1.27,1.8,0.84,True,2,True,13.68,1.36,True,True,MVP
3395,3395.T,サンマルクホールディングス,2024-02,CONTINUE,2,79.01,84.5,False,False,5.49,2024-01,2291.0,2218.0,2218.0,-3.19,2174.52,2027.56,1939.07,True,True,True,True,True,True,True,45647.0,2272.0,0.84,True,0.87,1.34,0.95,True,2,True,24.48,1.69,False,True,BREAKOUT
8367,8367.T,南都銀行,2024-02,NEW,1,58.55,64.03,False,True,5.48,2024-02,572.6,572.6,572.6,0.0,535.22,509.13,510.56,True,True,True,False,True,True,True,515333.0,585.0,-2.12,False,1.09,1.68,1.12,False,2,True,13.96,4.33,False,False,
6526,6526.T,ソシオネクスト,2024-02,NEW,1,70.95,76.41,True,True,5.46,2024-02,3843.0,3843.0,3843.0,0.0,3692.8,2991.07,3191.76,True,True,True,False,True,True,True,22591577.0,5666.0,-32.17,False,0.66,5.04,1.0,True,1,True,51.81,1.73,False,False,
5943,5943.T,ノーリツ,2024-02,NEW,1,62.22,67.65,True,True,5.43,2024-02,1682.0,1682.0,1682.0,0.0,1600.52,1548.36,1625.19,True,True,True,False,True,True,False,119603.0,1890.0,-11.01,False,1.01,1.63,1.19,False,3,True,6.17,3.98,False,False,
6269,6269.T,三井海洋開発,2024-02,CONTINUE,7,82.34,87.75,True,True,5.41,2023-08,1655.0,3050.0,3050.0,84.29,1543.84,1467.41,1440.34,True,True,True,True,True,True,False,214143.0,1833.0,-9.71,False,0.95,3.4,0.73,True,3,True,16.77,3.68,False,False,
1941,1941.T,中電工,2024-02,CONTINUE,13,90.78,96.16,True,True,5.38,2023-02,2157.0,2920.0,2920.0,35.37,2112.6,2083.75,2099.91,True,True,True,False,True,True,True,60857.0,2198.0,-1.87,False,1.03,0.85,0.89,True,2,True,1.8,0.76,False,False,
6458,6458.T,新晃工業,2024-02,CONTINUE,3,94.04,99.39,True,True,5.36,2023-12,890.0,1116.67,1116.67,25.47,839.43,778.08,687.05,True,True,True,True,True,True,True,211990.0,921.33,-3.4,False,0.89,2.36,0.88,True,2,True,45.23,3.58,False,False,
2004,2004.T,昭和産業,2024-02,CONTINUE,13,86.59,91.92,True,True,5.33,2023-02,2576.0,3470.0,3470.0,34.7,2498.92,2469.45,2498.95,True,True,True,False,True,False,False,23570.0,2775.0,-7.17,False,1.74,0.95,1.03,False,3,True,1.64,1.94,False,False,
9605,9605.T,東映,2024-02,CONTINUE,3,64.32,69.64,True,False,5.32,2023-12,4066.0,4108.0,4108.0,1.03,3864.8,3742.32,3629.83,True,True,True,True,True,True,True,106100.0,4174.0,-2.59,False,0.79,2.17,0.87,True,2,True,11.32,2.92,False,False,
4666,4666.T,パーク２４,2024-02,NEW,1,35.13,40.43,False,True,5.3,2024-02,1778.0,1778.0,1778.0,0.0,1857.12,1821.61,1907.66,False,False,False,False,True,True,False,1139390.0,2310.0,-23.03,False,1.1,2.44,1.06,False,4,False,-8.03,-4.16,False,False,
9793,9793.T,ダイセキ,2024-02,NEW,1,42.98,48.17,False,True,5.19,2024-02,3965.0,3965.0,3965.0,0.0,4083.4,4038.4,4118.95,False,False,False,False,False,False,True,129550.0,4870.0,-18.58,False,1.09,1.86,0.95,True,1,False,-1.83,0.03,False,False,
3091,3091.T,ブロンコビリー,2024-02,CONTINUE,4,89.11,94.29,True,True,5.17,2023-11,1580.0,1665.0,1665.0,5.38,1553.8,1521.65,1413.78,True,True,True,True,True,True,True,97340.0,1607.5,-1.71,False,0.65,1.21,0.89,True,2,True,15.58,0.42,False,False,
4826,4826.T,ＣＩＪ,2024-02,CONTINUE,3,74.16,79.32,False,False,5.16,2023-12,431.33,494.67,494.67,14.68,414.59,387.95,378.59,True,True,True,True,True,True,True,103325.0,480.67,-10.26,False,1.52,2.54,0.99,True,2,True,21.11,3.81,False,False,
9603,9603.T,エイチ・アイ・エス,2024-02,NEW,1,31.19,36.18,False,True,4.99,2024-02,1712.0,1712.0,1712.0,0.0,1743.96,1777.08,1867.82,False,False,False,False,False,True,False,527923.0,2165.0,-20.92,False,0.81,2.29,1.09,False,4,False,-9.83,-1.96,False,False,
7921,7921.T,ＴＡＫＡＲＡ＆ＣＯＭＰＡＮＹ,2024-02,CONTINUE,5,80.72,85.69,True,False,4.97,2023-10,2393.0,2836.0,2836.0,18.51,2344.72,2359.59,2298.64,True,True,True,False,False,False,True,35523.0,2539.0,-5.75,False,1.01,1.68,0.83,True,2,True,6.99,-0.29,False,False,
1870,1870.T,矢作建設工業,2024-02,CONTINUE,2,89.19,94.13,True,True,4.94,2024-01,1470.0,1559.0,1559.0,6.05,1403.48,1326.29,1223.74,True,True,True,True,True,True,True,47560.0,1483.0,-0.88,False,0.68,1.63,0.93,True,2,True,42.66,1.31,False,False,
4687,4687.T,ＴＤＣソフト,2024-02,CONTINUE,2,66.15,71.08,False,False,4.94,2024-01,1148.0,1064.0,1064.0,-7.32,1093.4,973.08,879.76,True,True,True,True,True,True,True,62687.0,1171.0,-1.96,False,0.94,2.06,0.98,True,2,True,47.39,3.87,False,False,
5844,5844.T,京都フィナンシャルグループ,2024-02,CONTINUE,2,92.08,96.98,True,True,4.9,2024-01,2468.0,2615.5,2615.5,5.98,2298.55,2205.73,1997.41,True,True,True,True,True,True,True,692620.0,2458.0,0.41,True,0.9,2.08,0.98,True,2,True,34.67,2.12,False,True,BREAKOUT
1976,1976.T,明星工業,2024-02,CONTINUE,2,80.75,85.63,True,True,4.88,2024-01,1167.0,1244.0,1244.0,6.6,1116.84,1091.04,999.98,True,True,True,True,True,True,True,96307.0,1184.0,-1.44,False,1.19,1.78,0.93,True,2,True,27.22,2.11,False,False,
8158,8158.T,ソーダニッカ,2024-02,CONTINUE,6,79.88,84.73,False,False,4.85,2023-09,1032.0,1214.0,1214.0,17.64,1003.2,890.6,818.13,True,True,True,True,True,True,True,72387.0,1119.0,-7.77,False,1.13,3.07,1.21,False,2,True,39.36,1.63,False,False,
5445,5445.T,東京鐵鋼,2024-02,CONTINUE,2,95.16,100.0,True,False,4.84,2024-01,1736.67,1843.33,1843.33,6.14,1465.93,1306.04,1114.31,True,True,True,True,True,True,True,472860.0,1525.0,13.88,True,1.83,2.74,1.1,False,2,True,116.62,3.33,True,True,BOTH
8550,8550.T,栃木銀行,2024-02,CONTINUE,7,54.18,59.0,True,False,4.82,2023-08,294.0,339.0,339.0,15.31,277.92,259.96,285.38,True,True,True,False,True,True,False,497600.0,365.0,-19.45,False,1.03,2.02,0.92,True,3,True,3.8,3.65,False,False,
3179,3179.T,シュッピン,2024-02,CONTINUE,9,46.7,51.5,True,True,4.8,2023-06,1149.0,1149.0,1149.0,0.0,1068.4,951.69,1119.38,True,True,True,False,True,True,False,271110.0,1540.0,-25.39,False,0.81,2.87,0.82,True,3,True,7.92,6.07,False,False,
3741,3741.T,セック,2024-02,CONTINUE,5,72.72,77.52,False,False,4.8,2023-10,1797.5,2455.0,2455.0,36.58,1778.0,1663.87,1643.39,True,True,True,True,True,True,True,46513.0,1880.0,-4.39,False,0.9,3.17,0.98,True,1,True,26.91,-0.82,False,False,
6622,6622.T,ダイヘン,2024-02,NEW,1,85.49,90.29,True,True,4.8,2024-02,7880.0,7880.0,7880.0,0.0,7019.2,6346.8,5616.75,True,True,True,True,True,True,True,135443.0,7960.0,-1.01,False,1.26,3.13,1.01,False,2,True,55.83,5.27,False,False,
5393,5393.T,ニチアス,2024-02,CONTINUE,3,86.74,91.47,True,True,4.73,2023-12,1130.0,1310.0,1310.0,15.93,1075.33,1033.34,973.73,True,True,True,True,True,True,True,400400.0,1121.67,0.74,True,0.73,1.53,1.01,False,2,True,21.34,2.5,False,True,BREAKOUT
5334,5334.T,日本特殊陶業,2024-02,CONTINUE,9,86.83,91.53,True,True,4.7,2023-06,2883.0,4541.0,4541.0,57.51,2718.82,2697.47,2670.1,True,True,True,True,True,True,False,1359100.0,3015.0,-4.38,False,1.0,1.61,0.98,True,1,True,8.41,4.03,False,False,
5970,5970.T,ジーテクト,2024-02,NEW,1,71.29,75.81,True,True,4.53,2024-02,2042.0,2042.0,2042.0,0.0,1969.48,1807.65,1741.88,True,True,True,True,True,True,True,91183.0,2113.0,-3.36,False,0.91,1.91,0.7,True,2,True,28.49,4.01,False,False,
2792,2792.T,ハニーズホールディングス,2024-02,NEW,1,58.56,63.09,False,True,4.52,2024-02,1662.0,1662.0,1662.0,0.0,1647.88,1672.04,1621.05,True,False,True,False,False,True,True,135213.0,1840.0,-9.67,False,0.65,1.39,0.92,True,2,False,4.97,-1.99,False,False,
3950,3950.T,ザ・パック,2024-02,CONTINUE,2,75.14,79.66,True,True,4.52,2024-01,1136.67,1168.33,1168.33,2.79,1101.8,1080.64,1056.57,True,True,True,True,True,True,True,166800.0,1150.0,-1.16,False,0.38,1.55,0.78,True,2,True,11.53,-0.9,False,False,
9438,9438.T,エムティーアイ,2024-02,NEW,1,70.22,74.65,True,True,4.43,2024-02,753.0,753.0,753.0,0.0,675.12,628.33,601.98,True,True,True,True,True,True,True,59473.0,775.0,-2.84,False,0.7,4.57,0.92,True,2,True,32.88,6.78,False,False,
6501,6501.T,日立製作所,2024-02,NEW,1,92.42,96.82,True,True,4.41,2024-02,2533.0,2533.0,2533.0,0.0,2408.12,2178.15,1944.66,True,True,True,True,True,True,True,11187067.0,2589.0,-2.16,False,1.07,1.98,0.89,True,2,True,43.29,0.98,False,False,
8035,8035.T,東京エレクトロン,2024-02,CONTINUE,2,91.74,96.15,True,True,4.41,2024-01,27865.0,36870.0,36870.0,32.32,26463.0,23769.47,21022.5,True,True,True,True,True,True,True,3316243.0,29290.0,-4.87,False,0.98,2.87,1.02,False,2,True,58.83,5.8,False,False,
1934,1934.T,ユアテック,2024-02,CONTINUE,13,95.6,100.0,True,False,4.4,2023-02,756.0,1336.0,1336.0,76.72,751.32,731.39,724.35,True,True,True,True,True,True,True,51510.0,772.0,-2.07,False,1.92,1.47,1.15,False,2,True,4.09,-1.15,False,False,
4765,4765.T,ＳＢＩグローバルアセットマネジメント,2024-02,CONTINUE,14,86.83,91.2,True,True,4.37,2023-01,464.0,795.0,795.0,71.34,458.12,455.71,491.07,True,True,False,False,True,False,False,152417.0,648.0,-28.4,False,2.2,1.72,1.1,False,4,True,-10.49,0.66,False,False,
6330,6330.T,東洋エンジニアリング,2024-02,CONTINUE,8,73.53,77.89,True,True,4.36,2023-07,650.0,907.0,907.0,39.54,601.08,580.83,577.77,True,True,True,True,True,True,False,172423.0,730.0,-10.96,False,1.36,3.23,1.14,False,1,True,9.88,5.33,False,False,
4658,4658.T,日本空調サービス,2024-02,CONTINUE,2,83.48,87.79,True,True,4.31,2024-01,869.0,916.0,916.0,5.41,823.68,796.16,774.08,True,True,True,True,True,True,True,42673.0,857.0,1.4,True,1.64,1.41,1.19,False,2,True,16.48,1.83,True,True,BOTH
6517,6517.T,デンヨー,2024-02,CONTINUE,2,81.57,85.82,False,False,4.25,2024-01,2285.0,2330.0,2330.0,1.97,2294.72,2209.29,2080.8,False,True,True,True,True,True,True,25943.0,2470.0,-7.49,False,0.68,2.04,0.76,True,2,True,21.33,-1.88,False,False,
4097,4097.T,高圧ガス工業,2024-02,CONTINUE,5,77.53,81.76,False,False,4.24,2023-10,761.0,858.0,858.0,12.75,757.28,759.81,728.83,True,True,True,False,False,True,True,33007.0,806.0,-5.58,False,0.9,1.97,1.05,False,2,False,8.23,-0.64,False,False,
2429,2429.T,ワールドホールディングス,2024-02,CONTINUE,3,51.3,55.5,False,False,4.21,2023-12,2728.0,2571.0,2571.0,-5.76,2742.72,2525.71,2583.8,False,True,True,False,True,True,True,134940.0,3000.0,-9.07,False,1.13,2.13,1.01,False,3,True,5.91,1.26,False,False,
2733,2733.T,あらた,2024-02,CONTINUE,11,93.29,97.48,False,False,4.19,2023-04,2205.0,3355.0,3355.0,52.15,2046.6,2039.5,2038.41,True,True,True,True,True,True,True,52427.0,2250.0,-2.0,False,1.32,1.72,1.09,False,1,True,12.23,4.06,True,True,MVP
9744,9744.T,メイテックグループホールディングス,2024-02,CONTINUE,8,76.01,80.21,True,False,4.19,2023-07,2587.5,3026.0,3026.0,16.95,2454.0,2386.83,2417.46,True,True,True,False,True,True,True,224303.0,2682.0,-3.52,False,1.5,1.84,1.05,False,1,True,9.87,1.21,True,True,MVP
6794,6794.T,フォスター電機,2024-02,CONTINUE,4,65.52,69.68,True,True,4.16,2023-11,1112.0,1200.0,1200.0,7.91,990.88,956.89,996.64,True,True,True,False,True,True,True,310330.0,1271.0,-12.51,False,0.85,3.95,1.07,False,1,True,16.87,8.23,False,False,
3865,3865.T,北越コーポレーション,2024-02,CONTINUE,5,92.58,96.73,True,False,4.15,2023-10,1152.0,1485.0,1485.0,28.91,1046.04,950.29,894.01,True,True,True,True,True,True,True,545583.0,1137.0,1.32,True,2.12,2.21,1.08,False,2,True,37.25,4.22,False,True,BREAKOUT
9880,9880.T,イノテック,2024-02,CONTINUE,2,79.4,83.51,True,True,4.12,2024-01,1849.0,2033.0,2033.0,9.95,1774.16,1672.51,1594.93,True,True,True,True,True,True,True,50497.0,1890.0,-2.17,False,0.63,2.15,0.81,True,2,True,25.47,1.77,False,False,
7956,7956.T,ピジョン,2024-02,CONTINUE,2,16.84,20.93,False,False,4.09,2024-01,1616.5,1526.0,1526.0,-5.6,1624.4,1629.3,1815.85,False,False,False,False,False,False,False,984093.0,2237.0,-27.74,False,0.88,1.53,1.08,False,4,False,-11.38,1.37,False,False,
4902,4902.T,コニカミノルタ,2024-02,CONTINUE,2,47.39,51.41,True,True,4.03,2024-01,407.5,493.9,493.9,21.2,414.46,438.53,471.69,False,False,False,False,False,False,False,4013653.0,604.0,-32.53,False,1.14,1.79,0.87,True,4,False,-16.62,-0.13,False,False,
2212,2212.T,山崎製パン,2024-02,CONTINUE,12,93.71,97.67,True,True,3.96,2023-03,1604.0,3525.0,3525.0,119.76,1588.08,1559.03,1591.63,True,True,True,False,True,True,True,566690.0,1799.0,-10.84,False,1.14,1.71,1.02,False,1,True,0.5,-0.06,False,False,
9766,9766.T,コナミグループ,2024-02,NEW,1,78.89,82.86,True,True,3.96,2024-02,10080.0,10080.0,10080.0,0.0,9446.8,8306.69,7999.98,True,True,True,True,True,True,True,535067.0,10245.0,-1.61,False,0.81,2.37,0.86,True,2,True,37.5,3.99,False,False,
4661,4661.T,オリエンタルランド,2024-02,NEW,1,73.22,77.15,False,True,3.94,2024-02,5363.0,5363.0,5363.0,0.0,5351.08,5285.16,5234.43,True,True,True,True,False,True,True,3906993.0,5765.0,-6.97,False,0.86,2.03,0.96,True,1,True,8.55,-1.36,False,False,
4626,4626.T,太陽ホールディングス,2024-02,CONTINUE,4,80.08,84.0,True,True,3.92,2023-11,1495.0,1620.0,1620.0,8.36,1392.06,1318.77,1287.08,True,True,True,True,True,True,True,368207.0,1520.0,-1.64,False,0.46,2.14,0.57,True,2,True,16.88,3.7,False,False,
6361,6361.T,荏原製作所,2024-02,CONTINUE,3,89.41,93.32,True,True,3.92,2023-12,1669.6,2523.0,2523.0,51.11,1653.73,1496.41,1373.84,True,True,True,True,True,True,True,1887767.0,1747.0,-4.43,False,0.64,2.2,0.97,True,2,True,34.04,2.95,False,False,
4452,4452.T,花王,2024-02,CONTINUE,8,58.31,62.23,True,False,3.91,2023-07,2701.0,2848.0,2848.0,5.44,2650.42,2628.79,2640.2,True,True,True,False,True,True,False,3890633.0,3148.5,-14.21,False,1.17,1.46,1.15,False,3,True,-1.16,-0.43,False,False,
6787,6787.T,メイコー,2024-02,CONTINUE,8,73.84,77.72,True,True,3.88,2023-07,2821.0,4900.0,4900.0,73.7,2674.88,2645.52,2742.91,True,True,True,False,True,False,False,105167.0,3565.0,-20.87,False,0.99,2.32,1.05,False,1,True,1.19,1.88,True,False,
8078,8078.T,阪和興業,2024-02,CONTINUE,2,79.51,83.39,True,True,3.88,2024-01,1088.0,1138.0,1138.0,4.6,1034.32,943.05,919.53,True,True,True,True,True,True,True,516867.0,1084.0,0.37,True,1.04,2.23,1.05,False,2,True,25.31,0.9,False,True,BREAKOUT
6871,6871.T,日本マイクロニクス,2024-02,CONTINUE,10,93.28,97.12,True,True,3.84,2023-05,1768.0,7520.0,7520.0,325.34,1445.64,1357.81,1371.57,True,True,True,False,True,True,True,306120.0,1850.0,-4.43,False,1.95,4.21,1.29,False,2,True,25.48,14.5,False,False,
7962,7962.T,キングジム,2024-02,CONTINUE,2,47.16,50.94,True,False,3.78,2024-01,876.0,879.0,879.0,0.34,872.52,873.85,884.92,True,True,False,False,True,False,False,21800.0,933.0,-6.11,False,0.73,0.64,0.87,True,4,True,-1.86,-0.46,False,False,
7167,7167.T,めぶきフィナンシャルグループ,2024-02,CONTINUE,7,71.72,75.45,True,True,3.73,2023-08,403.1,467.8,467.8,16.05,386.69,355.14,339.83,True,True,True,True,True,True,True,4457733.0,405.6,-0.62,False,0.76,1.83,0.87,True,2,True,26.35,2.48,False,False,
9401,9401.T,ＴＢＳホールディングス,2024-02,NEW,1,92.02,95.71,True,True,3.69,2024-02,3933.0,3933.0,3933.0,0.0,3933.08,3273.7,2784.22,False,True,True,True,True,True,True,796940.0,4428.0,-11.18,False,0.76,3.24,0.81,True,2,True,73.25,-0.34,False,False,
4540,4540.T,ツムラ,2024-02,CONTINUE,10,44.0,47.64,True,True,3.64,2023-05,2761.0,2760.0,2760.0,-0.04,2778.48,2678.63,2875.15,False,True,False,False,True,True,False,195130.0,3295.0,-16.21,False,1.11,1.47,0.93,True,4,True,-4.04,1.9,False,False,
6134,6134.T,ＦＵＪＩ,2024-02,NEW,1,69.32,72.95,True,True,3.63,2024-02,2576.0,2576.0,2576.0,0.0,2562.88,2485.05,2453.57,True,True,True,True,True,True,True,233280.0,2689.0,-4.2,False,1.06,2.19,0.87,True,1,True,10.31,0.7,False,False,
8601,8601.T,大和証券グループ本社,2024-02,CONTINUE,14,93.86,97.5,True,True,3.63,2023-01,612.0,1102.0,1102.0,80.07,596.52,591.47,606.15,True,True,True,False,True,True,False,4772970.0,745.0,-17.85,False,0.75,1.3,1.04,False,3,True,-1.44,1.17,True,False,
3778,3778.T,さくらインターネット,2024-02,CONTINUE,3,95.23,98.84,True,True,3.61,2023-12,2209.0,6450.0,6450.0,191.99,1920.36,1434.75,1094.94,True,True,True,True,True,True,True,6251243.0,2353.0,-6.12,False,0.26,4.76,0.61,True,2,True,165.73,-1.3,False,False,
3663,3663.T,セルシス,2024-02,NEW,1,58.82,62.42,True,True,3.59,2024-02,820.0,820.0,820.0,0.0,733.96,736.96,737.97,True,True,True,False,True,True,True,273640.0,910.0,-9.89,False,0.69,3.89,1.16,False,1,True,9.79,5.5,False,False,
4665,4665.T,ダスキン,2024-02,CONTINUE,3,65.84,69.43,False,False,3.59,2023-12,3351.0,3362.0,3362.0,0.33,3323.4,3276.71,3246.12,True,True,True,True,True,True,True,91307.0,3445.0,-2.73,False,0.73,1.26,0.94,True,1,False,5.38,-0.42,False,False,
3482,3482.T,ロードスターキャピタル,2024-02,CONTINUE,9,70.27,73.78,True,True,3.51,2023-06,1683.0,2246.0,2246.0,33.45,1621.64,1466.99,1573.21,True,True,True,False,True,True,False,152047.0,2311.0,-27.17,False,0.84,2.43,1.11,False,3,True,8.13,3.37,False,False,
2531,2531.T,宝ホールディングス,2024-02,NEW,1,67.65,71.15,True,True,3.5,2024-02,1254.5,1254.5,1254.5,0.0,1227.34,1225.09,1199.3,True,True,True,True,False,False,True,823133.0,1324.0,-5.25,False,1.11,2.35,0.99,True,2,False,8.79,-0.31,False,False,
3835,3835.T,ｅＢＡＳＥ,2024-02,NEW,1,68.02,71.52,True,True,3.5,2024-02,801.0,801.0,801.0,0.0,738.2,757.96,730.97,True,True,True,False,False,True,True,92003.0,842.0,-4.87,False,1.39,2.82,0.88,True,1,True,10.31,-1.2,False,False,
6586,6586.T,マキタ,2024-02,NEW,1,68.75,72.26,False,True,3.5,2024-02,3907.0,3907.0,3907.0,0.0,3883.04,3867.57,3903.18,True,True,True,False,False,True,True,802660.0,4687.0,-16.64,False,1.43,2.34,0.84,True,1,False,2.94,-2.0,False,False,
2734,2734.T,サーラコーポレーション,2024-02,CONTINUE,3,57.48,60.93,True,False,3.44,2023-12,731.0,794.0,794.0,8.62,715.28,732.69,744.14,True,False,False,False,False,False,False,332687.0,802.0,-8.85,False,0.41,1.22,0.79,True,4,False,-3.21,0.69,False,False,
1419,1419.T,タマホーム,2024-02,CONTINUE,2,79.84,83.25,True,True,3.41,2024-01,4085.0,4195.0,4195.0,2.69,4020.8,3688.0,3604.7,True,True,True,True,True,True,True,363633.0,4325.0,-5.55,False,0.55,2.63,0.74,True,1,False,21.08,-2.16,False,False,
1968,1968.T,太平電業,2024-02,CONTINUE,2,70.24,73.62,False,False,3.38,2024-01,1491.67,1485.0,1485.0,-0.45,1454.13,1369.29,1377.43,True,True,True,False,True,True,True,53220.0,1538.33,-3.03,False,0.93,2.19,0.96,True,1,True,15.96,-0.09,False,False,
6498,6498.T,キッツ,2024-02,CONTINUE,3,87.74,91.11,True,True,3.37,2023-12,1206.0,1257.0,1257.0,4.23,1158.44,1086.24,1032.07,True,True,True,True,True,True,True,179387.0,1183.0,1.94,True,2.25,1.55,0.92,True,2,True,24.82,1.87,False,False,
8343,8343.T,秋田銀行,2024-02,CONTINUE,2,57.16,60.53,False,False,3.36,2024-01,2037.0,2114.0,2114.0,3.78,1944.92,1981.37,1863.67,True,True,True,False,False,False,True,37037.0,2192.0,-7.07,False,1.25,1.6,1.04,False,2,True,9.63,2.27,True,True,MVP
5288,5288.T,アジアパイルホールディングス,2024-02,CONTINUE,5,69.18,72.53,False,False,3.35,2023-10,738.0,781.0,781.0,5.83,674.16,653.91,656.85,True,True,True,False,False,True,True,151450.0,783.0,-5.75,False,1.61,2.74,1.18,False,1,True,21.79,2.49,False,False,
8707,8707.T,岩井コスモホールディングス,2024-02,CONTINUE,7,91.65,94.97,True,True,3.32,2023-08,1733.0,2266.0,2266.0,30.76,1657.6,1505.91,1391.83,True,True,True,True,True,True,True,98250.0,1764.0,-1.76,False,0.62,1.48,1.01,False,2,True,31.62,3.48,False,False,
4668,4668.T,明光ネットワークジャパン,2024-02,CONTINUE,5,60.86,64.17,False,False,3.31,2023-10,703.0,699.0,699.0,-0.57,671.16,662.05,644.35,True,True,True,True,True,True,True,143433.0,728.0,-3.43,False,0.68,2.9,0.91,True,2,True,9.45,2.69,False,False,
9824,9824.T,泉州電業,2024-02,NEW,1,57.03,60.33,False,True,3.31,2024-02,3835.0,3835.0,3835.0,0.0,3730.6,3467.73,3512.43,True,True,True,False,True,True,True,69857.0,4155.0,-7.7,False,0.81,2.04,0.97,True,2,True,10.78,-0.5,False,False,
3457,3457.T,ＡｎｄＤｏホールディングス,2024-02,CONTINUE,2,72.68,75.97,True,True,3.28,2024-01,1150.0,1139.0,1139.0,-0.96,1069.4,1030.92,1053.28,True,True,True,False,True,True,True,50070.0,1292.0,-10.99,False,0.96,1.56,1.09,False,1,True,21.9,4.73,False,False,
6268,6268.T,ナブテスコ,2024-02,CONTINUE,2,30.8,34.08,False,False,3.28,2024-01,2856.0,2484.0,2484.0,-13.03,2864.02,2767.73,2913.14,False,True,False,False,True,True,False,564127.0,3795.0,-24.74,False,0.78,2.33,1.05,False,4,False,-4.54,-0.15,False,False,
5711,5711.T,三菱マテリアル,2024-02,CONTINUE,2,70.68,73.95,True,False,3.27,2024-01,2715.0,2618.5,2618.5,-3.55,2570.86,2475.52,2451.41,True,True,True,True,True,True,True,693393.0,2718.0,-0.11,False,1.1,1.75,0.96,True,2,True,16.79,2.71,False,False,
9434,9434.T,ソフトバンク,2024-02,CONTINUE,9,85.92,89.17,True,False,3.25,2023-06,154.0,197.25,197.25,28.08,151.82,152.35,150.28,True,True,True,False,True,False,True,86595367.0,157.45,-2.19,False,0.97,0.85,1.05,False,2,True,2.26,0.74,False,False,
5741,5741.T,ＵＡＣＪ,2024-02,CONTINUE,13,88.96,92.17,True,False,3.21,2023-02,668.0,1027.5,1027.5,53.82,616.68,582.36,568.45,True,True,True,True,True,True,True,1061840.0,688.75,-3.01,False,1.5,3.44,0.96,True,2,True,14.83,4.26,False,False,
8141,8141.T,新光商事,2024-02,CONTINUE,2,51.53,54.73,False,False,3.21,2024-01,1252.0,1210.0,1210.0,-3.35,1204.36,1173.84,1170.12,True,True,True,True,True,True,False,68590.0,1353.0,-7.46,False,1.19,1.53,0.9,True,1,True,6.36,2.23,True,False,
4301,4301.T,アミューズ,2024-02,CONTINUE,2,37.39,40.5,False,False,3.12,2024-01,1594.0,1503.0,1503.0,-5.71,1523.52,1501.11,1642.93,True,True,False,False,True,False,False,25667.0,1882.0,-15.3,False,1.01,1.03,0.99,True,4,True,-2.12,2.82,False,False,
3612,3612.T,ワールド,2024-02,NEW,1,78.08,81.2,True,True,3.11,2024-02,966.0,966.0,966.0,0.0,941.04,865.49,830.29,True,True,True,True,True,True,True,316493.0,1014.5,-4.78,False,1.62,2.47,0.89,True,2,True,26.7,2.94,False,False,
4004,4004.T,レゾナック・ホールディングス,2024-02,CONTINUE,10,90.46,93.53,True,True,3.07,2023-05,2133.0,3615.0,3615.0,69.48,2151.2,2184.72,2172.14,False,False,False,False,False,False,False,1466177.0,2695.0,-20.85,False,1.61,2.94,1.12,False,1,True,-6.53,0.36,False,False,
8007,8007.T,高島,2024-02,CONTINUE,3,91.31,94.38,True,True,3.07,2023-12,585.0,725.5,725.5,24.02,515.98,485.36,441.93,True,True,True,True,True,True,True,369087.0,596.0,-1.85,False,0.64,3.53,0.96,True,2,True,39.84,11.63,False,False,
6101,6101.T,ツガミ,2024-02,CONTINUE,2,51.0,54.05,True,False,3.06,2024-01,1202.0,1184.0,1184.0,-1.5,1197.32,1168.89,1239.53,True,True,False,False,True,True,False,207817.0,1560.0,-22.95,False,1.5,2.08,0.97,True,4,True,-0.89,-0.46,False,False,
2353,2353.T,日本駐車場開発,2024-02,NEW,1,6.38,9.38,False,True,2.99,2024-02,187.0,187.0,187.0,0.0,182.6,191.21,209.49,True,False,False,False,False,False,False,1855210.0,271.0,-31.0,False,0.72,2.48,1.15,False,4,True,-16.18,1.21,False,False,
4923,4923.T,コタ,2024-02,NEW,1,56.3,59.29,True,True,2.99,2024-02,1399.13,1399.13,1399.13,0.0,1375.41,1360.87,1386.18,True,True,True,False,True,False,False,50943.0,1464.07,-4.44,False,0.96,0.81,1.08,False,3,True,2.4,1.43,False,False,
3673,3673.T,ブロードリーフ,2024-02,CONTINUE,8,63.49,66.46,True,False,2.98,2023-07,240.5,277.5,277.5,15.38,222.94,216.77,224.42,True,True,True,False,True,True,False,985073.0,277.5,-13.33,False,1.77,2.45,1.13,False,3,True,8.6,1.3,True,False,
6651,6651.T,日東工業,2024-02,NEW,1,85.24,88.21,True,True,2.98,2024-02,4590.0,4590.0,4590.0,0.0,4188.0,3774.53,3620.8,True,True,True,True,True,True,True,173760.0,4460.0,2.91,True,1.14,1.7,0.91,True,2,True,42.97,1.84,True,True,BOTH
9104,9104.T,商船三井,2024-02,CONTINUE,9,74.95,77.89,False,False,2.95,2023-06,3456.0,5132.0,5132.0,48.5,3284.8,3336.87,3265.05,True,True,True,False,True,False,False,5734233.0,3845.0,-10.12,False,1.38,1.94,1.02,False,3,True,4.48,5.27,False,False,
8801,8801.T,三井不動産,2024-02,CONTINUE,10,90.2,93.14,True,True,2.94,2023-05,887.5,1353.67,1353.67,52.53,887.93,848.61,877.34,False,True,True,False,True,True,False,8461490.0,1007.67,-11.93,False,1.33,1.78,1.02,False,3,True,-0.55,0.15,False,False,
8331,8331.T,千葉銀行,2024-02,NEW,1,66.71,69.62,False,True,2.91,2024-02,1218.0,1218.0,1218.0,0.0,1126.04,1090.15,1026.55,True,True,True,True,True,True,True,2433967.0,1254.0,-2.87,False,1.38,2.64,1.1,False,2,True,20.0,4.55,False,False,
2908,2908.T,フジッコ,2024-02,CONTINUE,9,54.22,57.07,False,False,2.85,2023-06,1883.0,1955.0,1955.0,3.82,1902.92,1891.71,1892.23,False,False,False,False,False,True,False,46530.0,2030.0,-7.24,False,0.91,0.96,0.94,True,4,False,-0.62,-0.66,False,False,
9508,9508.T,九州電力,2024-02,CONTINUE,2,92.99,95.72,True,True,2.74,2024-01,1108.5,1223.5,1223.5,10.37,1050.2,1013.81,947.91,True,True,True,True,True,True,True,1624397.0,1102.5,0.54,True,1.41,2.21,1.06,False,2,True,29.19,2.14,True,True,BOTH
2910,2910.T,ロック・フィールド,2024-02,CONTINUE,6,64.16,66.88,True,False,2.73,2023-09,1614.0,1666.0,1666.0,3.22,1602.56,1532.33,1527.71,True,True,True,True,True,True,True,87203.0,1696.0,-4.83,False,1.28,1.79,0.95,True,1,False,7.04,0.37,False,False,
9142,9142.T,九州旅客鉄道,2024-02,CONTINUE,2,75.97,78.7,True,True,2.72,2024-01,3247.0,3443.0,3443.0,6.04,3179.92,3116.63,3108.69,True,True,True,True,True,True,True,587130.0,3294.0,-1.43,False,0.78,1.28,1.01,False,2,True,7.7,0.93,False,False,
8558,8558.T,東和銀行,2024-02,CONTINUE,2,61.31,64.02,True,False,2.71,2024-01,641.0,683.0,683.0,6.55,617.08,629.31,587.38,True,True,True,False,True,False,True,111843.0,718.0,-10.72,False,0.85,1.48,0.96,True,2,True,6.87,0.28,False,False,
4082,4082.T,第一稀元素化学工業,2024-02,CONTINUE,7,41.54,44.24,True,False,2.7,2023-08,958.0,934.0,934.0,-2.51,947.2,949.2,1016.02,True,True,False,False,False,False,False,93677.0,1445.0,-33.7,False,0.56,1.67,0.84,True,4,False,-8.06,1.98,False,False,
8001,8001.T,伊藤忠商事,2024-02,CONTINUE,2,80.99,83.68,False,False,2.69,2024-01,1350.4,1303.2,1303.2,-3.5,1259.33,1179.84,1102.67,True,True,True,True,True,True,True,15187617.0,1347.8,0.19,True,0.89,2.09,0.84,True,2,True,37.62,4.52,False,True,BREAKOUT
8306,8306.T,三菱ＵＦＪフィナンシャル  ･グループ,2024-02,CONTINUE,2,82.6,85.29,True,True,2.69,2024-01,1395.0,1542.0,1542.0,10.54,1284.5,1259.89,1133.64,True,True,True,True,True,True,True,66369480.0,1396.5,-0.11,False,1.12,1.81,1.15,False,2,True,33.94,4.9,False,False,
6331,6331.T,三菱化工機,2024-02,CONTINUE,13,89.14,91.8,True,True,2.66,2023-02,764.67,1301.67,1301.67,70.23,737.36,707.91,704.42,True,True,True,True,True,True,True,64540.0,784.67,-2.55,False,1.45,1.5,0.93,True,2,True,8.03,0.2,True,True,MVP
6798,6798.T,ＳＭＫ,2024-02,NEW,1,57.66,60.29,True,True,2.63,2024-02,2513.0,2513.0,2513.0,0.0,2488.08,2504.73,2469.12,True,True,True,False,False,True,False,8820.0,2681.0,-6.27,False,0.94,1.53,0.83,True,1,False,3.24,0.86,False,False,
8203,8203.T,ＭｒＭａｘＨＤ,2024-02,CONTINUE,3,40.23,42.86,False,False,2.63,2023-12,625.0,609.0,609.0,-2.56,618.32,618.2,621.24,True,True,True,False,False,True,False,34783.0,693.0,-9.81,False,0.96,0.86,0.78,True,3,True,-2.32,-0.49,False,False,
9101,9101.T,日本郵船,2024-02,CONTINUE,7,70.03,72.65,False,False,2.62,2023-08,3886.0,4772.0,4772.0,22.8,3755.96,3352.86,3244.91,True,True,True,True,True,True,True,7996150.0,3940.0,-1.37,False,0.65,1.9,0.67,True,2,True,21.61,0.11,False,False,
3167,3167.T,ＴＯＫＡＩホールディングス,2024-02,NEW,1,77.03,79.62,True,True,2.59,2024-02,1019.0,1019.0,1019.0,0.0,1000.4,977.2,936.12,True,True,True,True,True,True,True,182647.0,1025.0,-0.59,False,1.11,1.03,0.93,True,2,True,12.31,1.04,False,False,
3963,3963.T,シンクロ・フード,2024-02,CONTINUE,2,64.89,67.44,True,False,2.55,2024-01,650.0,653.0,653.0,0.46,646.44,644.59,625.16,True,True,True,True,False,True,True,121250.0,763.0,-14.81,False,1.11,3.56,1.11,False,2,True,24.15,2.33,False,False,
5302,5302.T,日本カーボン,2024-02,NEW,1,70.18,72.7,True,True,2.52,2024-02,5220.0,5220.0,5220.0,0.0,4864.4,4628.73,4481.95,True,True,True,True,True,True,True,107890.0,5550.0,-5.95,False,0.67,3.09,0.97,True,2,True,18.01,6.15,False,False,
4776,4776.T,サイボウズ,2024-02,CONTINUE,2,37.67,40.18,False,False,2.51,2024-01,2234.0,1849.0,1849.0,-17.23,2133.76,2033.16,2214.51,True,True,True,False,True,True,False,678150.0,3270.0,-31.68,False,0.8,2.91,1.0,False,3,True,6.88,4.03,True,False,
8227,8227.T,しまむら,2024-02,NEW,1,65.4,67.77,False,False,2.37,2024-02,7971.0,7971.0,7971.0,0.0,8160.12,8061.71,7441.3,False,False,True,True,True,True,True,387530.0,8790.0,-9.32,False,1.12,2.36,1.23,False,2,False,11.0,-3.81,False,False,
4554,4554.T,富士製薬工業,2024-02,CONTINUE,5,76.35,78.71,False,False,2.36,2023-10,1165.0,1754.0,1754.0,50.56,1156.04,1164.36,1142.28,True,True,True,False,False,True,True,73493.0,1295.0,-10.04,False,0.98,2.05,0.95,True,2,True,3.56,-1.56,False,False,
6058,6058.T,ベクトル,2024-02,NEW,1,44.95,47.31,False,True,2.36,2024-02,1224.0,1224.0,1224.0,0.0,1209.16,1138.33,1222.92,True,True,True,False,True,True,False,285960.0,1572.0,-22.14,False,0.93,2.34,1.04,False,3,True,1.35,0.7,False,False,
7516,7516.T,コーナン商事,2024-02,CONTINUE,12,68.74,71.03,True,False,2.3,2023-03,3245.0,4205.0,4205.0,29.58,3196.0,3273.07,3380.18,True,False,False,False,False,False,False,169693.0,3970.0,-18.26,False,0.49,1.76,0.89,True,4,False,-6.08,0.89,False,False,
6363,6363.T,酉島製作所,2024-02,CONTINUE,10,96.67,98.95,True,True,2.28,2023-05,1544.0,2835.0,2835.0,83.61,1615.64,1564.99,1465.59,False,False,True,True,True,True,True,59190.0,1696.0,-8.96,False,1.3,2.66,0.89,True,2,False,9.02,-2.97,False,False,
8381,8381.T,山陰合同銀行,2024-02,CONTINUE,2,74.9,77.11,True,True,2.21,2024-01,1046.0,1148.0,1148.0,9.75,1018.04,997.23,906.45,True,True,True,True,True,True,True,285093.0,1079.0,-3.06,False,1.02,1.52,0.91,True,2,True,20.81,0.64,False,False,
4847,4847.T,インテリジェント   ウェイブ,2024-02,CONTINUE,8,81.98,84.16,True,True,2.19,2023-07,819.0,1239.0,1239.0,51.28,782.96,758.72,743.64,True,True,True,True,False,True,True,89110.0,924.0,-11.36,False,1.09,2.07,1.14,False,1,True,10.29,2.91,False,False,
5803,5803.T,フジクラ,2024-02,NEW,1,79.37,81.47,True,True,2.1,2024-02,304.67,304.67,304.67,0.0,247.79,205.7,197.65,True,True,True,True,True,True,True,15839900.0,318.5,-4.34,False,1.0,4.55,0.92,True,2,True,68.56,19.09,False,False,
4109,4109.T,ステラケミファ,2024-02,CONTINUE,11,95.75,97.83,True,True,2.08,2023-04,2689.0,3765.0,3765.0,40.01,2636.56,2593.75,2603.05,True,True,True,False,True,True,True,40913.0,3020.0,-10.96,False,1.11,1.31,1.01,False,1,False,5.83,0.37,False,False,
9532,9532.T,大阪瓦斯,2024-02,CONTINUE,11,82.55,84.64,False,False,2.08,2023-04,2254.0,2994.0,2994.0,32.83,2191.96,2159.0,2198.91,True,True,True,False,False,True,False,1337933.0,2616.0,-13.84,False,1.38,1.62,1.05,False,3,False,5.18,1.53,False,False,
8714,8714.T,池田泉州ホールディングス,2024-02,CONTINUE,7,73.38,75.41,True,False,2.03,2023-08,265.0,383.0,383.0,44.53,254.12,242.4,241.76,True,True,True,True,True,True,True,1567060.0,274.0,-3.28,False,1.14,1.91,1.04,False,2,True,13.98,1.17,False,False,
4973,4973.T,日本高純度化学,2024-02,CONTINUE,2,68.25,70.27,True,True,2.02,2024-01,2629.0,2893.0,2893.0,10.04,2514.12,2505.32,2530.11,True,True,True,False,True,False,False,13203.0,2740.0,-4.05,False,1.8,1.78,1.15,False,1,True,4.87,2.86,False,False,
9044,9044.T,ＮＡＮＫＡＩ,2024-02,NEW,1,53.05,55.06,True,True,2.01,2024-02,2925.0,2925.0,2925.0,0.0,2899.6,2886.55,2986.0,True,True,False,False,True,True,False,326700.0,3400.0,-13.97,False,1.14,1.56,0.83,True,4,True,-0.65,-0.67,False,False,
5444,5444.T,大和工業,2024-02,CONTINUE,13,96.36,98.31,True,True,1.96,2023-02,5450.0,8350.0,8350.0,53.21,5164.0,4828.87,4636.32,True,True,True,True,True,True,True,227923.0,5560.0,-1.98,False,0.86,1.89,0.97,True,2,True,21.92,1.06,False,False,
6952,6952.T,カシオ計算機,2024-02,CONTINUE,5,38.71,40.6,False,False,1.89,2023-10,1202.0,1206.5,1206.5,0.37,1222.68,1240.15,1256.62,False,False,False,False,False,True,False,922983.0,1387.0,-13.34,False,0.94,1.68,0.88,True,4,False,-5.13,-2.17,False,False,
5121,5121.T,藤倉コンポジット,2024-02,CONTINUE,6,74.45,76.32,False,False,1.88,2023-09,1175.0,1404.0,1404.0,19.49,1155.0,1030.63,968.34,True,True,True,True,True,True,True,249473.0,1254.0,-6.3,False,1.15,3.12,1.2,False,2,True,26.62,3.44,False,False,
9991,9991.T,ジェコス,2024-02,CONTINUE,5,79.03,80.9,False,False,1.87,2023-10,958.0,1147.0,1147.0,19.73,948.32,939.75,900.08,True,True,True,True,False,True,True,36237.0,1003.0,-4.49,False,0.86,1.89,1.04,False,2,False,8.85,-0.94,False,False,
2933,2933.T,紀文食品,2024-02,NEW,1,78.42,80.29,True,True,1.86,2024-02,1254.0,1254.0,1254.0,0.0,1190.0,1178.49,1117.63,True,True,True,True,False,True,True,59877.0,1251.0,0.24,True,1.47,2.4,1.24,False,2,True,17.08,2.45,False,True,BREAKOUT
8125,8125.T,ワキタ,2024-02,CONTINUE,5,69.31,71.15,False,False,1.84,2023-10,1503.0,1535.0,1535.0,2.13,1470.36,1381.61,1301.57,True,True,True,True,True,True,True,120957.0,1590.0,-5.47,False,1.47,2.14,0.76,True,2,True,20.29,-0.38,False,False,
7868,7868.T,広済堂ホールディングス,2024-02,CONTINUE,4,66.88,68.69,False,False,1.8,2023-11,635.0,687.0,687.0,8.19,617.4,582.9,511.44,True,True,True,True,True,True,True,943493.0,703.0,-9.67,False,1.03,5.16,1.07,False,2,True,30.75,-6.35,False,False,
7003,7003.T,三井Ｅ＆Ｓ,2024-02,CONTINUE,3,87.67,89.45,True,True,1.78,2023-12,706.0,1844.0,1844.0,161.19,607.6,537.65,502.47,True,True,True,True,True,True,True,6490230.0,736.0,-4.08,False,1.58,5.36,1.08,False,2,True,48.51,13.47,False,False,
8065,8065.T,佐藤商事,2024-02,NEW,1,77.5,79.19,True,True,1.69,2024-02,1815.0,1815.0,1815.0,0.0,1680.76,1553.24,1493.82,True,True,True,True,True,True,True,31313.0,1819.0,-0.22,False,0.85,2.09,0.92,True,2,True,26.5,4.91,False,False,
5185,5185.T,フコク,2024-02,NEW,1,75.09,76.78,True,True,1.68,2024-02,1693.0,1693.0,1693.0,0.0,1519.28,1415.99,1398.77,True,True,True,True,True,True,True,79440.0,1705.0,-0.7,False,1.42,2.48,1.08,False,2,True,35.13,8.49,False,False,
9274,9274.T,ＫＰＰグループホールディングス,2024-02,CONTINUE,6,40.81,42.48,True,False,1.67,2023-09,686.0,646.0,646.0,-5.83,676.24,638.15,685.85,True,True,True,False,True,True,False,390843.0,1067.0,-35.71,False,0.9,2.73,1.22,False,3,True,2.4,3.54,False,False,
3182,3182.T,オイシックス・ラ・大地,2024-02,NEW,1,34.47,36.13,False,True,1.66,2024-02,1381.0,1381.0,1381.0,0.0,1376.68,1365.6,1744.79,True,True,False,False,True,True,False,341407.0,3035.0,-54.5,False,1.13,5.38,1.16,False,4,True,-21.81,-0.19,False,False,
5408,5408.T,中山製鋼所,2024-02,NEW,1,55.61,57.21,False,True,1.61,2024-02,935.0,935.0,935.0,0.0,906.08,851.08,861.66,True,True,True,False,True,True,True,653277.0,1205.0,-22.41,False,0.94,2.27,0.89,True,2,True,7.3,3.48,False,False,
9956,9956.T,バローホールディングス,2024-02,CONTINUE,5,74.35,75.95,False,False,1.6,2023-10,2354.0,2420.0,2420.0,2.8,2225.04,2162.21,2031.65,True,True,True,True,True,True,True,95590.0,2304.0,2.17,True,0.96,2.01,1.13,False,2,True,20.37,0.82,False,True,BREAKOUT
7476,7476.T,アズワン,2024-02,CONTINUE,3,42.04,43.62,False,False,1.58,2023-12,2800.0,2609.0,2609.0,-6.82,2639.44,2597.34,2730.18,True,True,True,False,True,False,False,135087.0,3075.0,-8.94,False,0.77,1.65,0.91,True,3,True,1.37,5.18,False,False,
7867,7867.T,タカラトミー,2024-02,NEW,1,85.25,86.82,True,True,1.56,2024-02,2667.5,2667.5,2667.5,0.0,2419.0,2274.43,2085.54,True,True,True,True,True,True,True,764717.0,2595.0,2.79,True,1.29,2.45,1.05,False,2,True,47.29,0.78,True,True,BOTH
3916,3916.T,ﾃﾞｼﾞﾀﾙ･ｲﾝﾌｫﾒｰｼｮﾝ･ﾃｸﾉﾛｼﾞｰ,2024-02,NEW,1,52.25,53.75,True,True,1.5,2024-02,938.5,938.5,938.5,0.0,905.08,842.03,841.5,True,True,True,True,True,True,True,100053.0,1003.0,-6.43,False,1.19,2.33,1.22,False,2,True,14.31,5.32,False,False,
6905,6905.T,コーセル,2024-02,NEW,1,75.17,76.63,False,True,1.46,2024-02,1539.0,1539.0,1539.0,0.0,1506.48,1357.03,1266.65,True,True,True,True,True,True,True,171913.0,1580.0,-2.59,False,0.73,2.21,0.99,True,2,True,31.56,0.75,False,False,
2811,2811.T,カゴメ,2024-02,NEW,1,59.6,61.03,False,False,1.43,2024-02,3442.0,3442.0,3442.0,0.0,3536.36,3286.87,3268.01,False,True,True,True,True,True,True,412900.0,3861.0,-10.85,False,0.44,1.67,0.72,True,1,True,7.24,-3.17,False,False,
4008,4008.T,住友精化,2024-02,CONTINUE,2,66.99,68.42,False,False,1.43,2024-01,1050.0,990.0,990.0,-5.71,1028.96,981.2,919.81,True,True,True,True,True,True,True,144767.0,1068.0,-1.69,False,0.77,1.54,0.95,True,2,True,20.66,1.23,False,False,
4216,4216.T,旭有機材,2024-02,NEW,1,68.01,69.43,True,True,1.42,2024-02,4305.0,4305.0,4305.0,0.0,3997.4,3968.27,3984.55,True,True,True,False,True,True,True,181263.0,5040.0,-14.58,False,1.13,2.51,1.13,False,1,True,15.77,0.98,False,False,
4344,4344.T,ソースネクスト,2024-02,NEW,1,16.6,17.98,False,False,1.37,2024-02,132.0,132.0,132.0,0.0,142.64,160.67,181.19,False,False,False,False,False,False,False,1504713.0,242.0,-45.45,False,0.79,4.87,1.28,False,4,False,-29.44,0.82,False,False,
2181,2181.T,パーソルホールディングス,2024-02,CONTINUE,2,33.27,34.62,True,False,1.35,2024-01,236.7,216.3,216.3,-8.62,237.97,235.59,253.67,False,True,False,False,True,False,False,6731180.0,296.9,-20.28,False,0.84,2.09,0.9,True,4,False,-4.88,0.52,False,False,
6727,6727.T,ワコム,2024-02,CONTINUE,4,53.48,54.82,True,False,1.34,2023-11,688.0,628.0,628.0,-8.72,664.2,615.25,642.0,True,True,True,False,True,True,True,993863.0,757.0,-9.11,False,0.66,3.17,0.67,True,1,True,7.26,-0.31,False,False,
4928,4928.T,ノエビアホールディングス,2024-02,NEW,1,36.62,37.93,True,True,1.31,2024-02,5220.0,5220.0,5220.0,0.0,5215.6,5189.73,5347.3,True,True,False,False,True,False,False,29930.0,5770.0,-9.53,False,1.0,1.11,0.94,True,4,False,-2.62,0.7,False,False,
7421,7421.T,カッパ・クリエイト,2024-02,NEW,1,68.67,69.97,False,True,1.3,2024-02,1662.0,1662.0,1662.0,0.0,1706.04,1681.28,1597.17,False,False,True,True,False,True,True,100977.0,1821.0,-8.73,False,1.93,1.57,0.95,True,2,False,6.74,-3.18,False,False,
4839,4839.T,ＷＯＷＯＷ,2024-02,CONTINUE,2,37.05,38.32,False,False,1.27,2024-01,1127.0,1097.0,1097.0,-2.66,1104.64,1082.33,1131.22,True,True,False,False,True,False,False,49140.0,1323.0,-14.81,False,0.98,1.21,0.88,True,4,True,-3.06,1.23,False,False,
2198,2198.T,アイ  ･ケイ  ･ケイホールディングス,2024-02,CONTINUE,4,56.49,57.71,False,False,1.22,2023-11,678.0,765.0,765.0,12.83,660.96,679.76,659.36,True,False,True,False,False,True,True,113580.0,741.0,-8.5,False,0.45,1.38,0.86,True,1,False,4.51,1.66,False,False,
4534,4534.T,持田製薬,2024-02,NEW,1,38.46,39.68,False,False,1.22,2024-02,3270.0,3270.0,3270.0,0.0,3240.0,3285.0,3317.38,True,False,False,False,False,False,False,41527.0,3745.0,-12.68,False,0.89,1.86,0.84,True,4,False,-3.1,0.26,False,False,
3679,3679.T,じげん,2024-02,NEW,1,61.29,62.5,True,True,1.21,2024-02,560.0,560.0,560.0,0.0,523.56,522.03,596.35,True,True,False,False,False,True,True,642623.0,827.0,-32.29,False,1.59,4.08,1.09,False,4,True,7.0,0.61,False,False,
2676,2676.T,高千穂交易,2024-02,CONTINUE,2,81.87,83.06,False,False,1.19,2024-01,2075.0,1972.5,1972.5,-4.94,1967.2,1747.77,1566.64,True,True,True,True,True,True,True,77860.0,2165.0,-4.16,False,1.43,2.66,1.02,False,2,True,51.93,4.9,False,False,
9746,9746.T,ＴＫＣ,2024-02,CONTINUE,3,54.27,55.46,False,False,1.19,2023-12,3760.0,3705.0,3705.0,-1.46,3563.2,3554.73,3637.62,True,True,True,False,True,False,False,53710.0,3970.0,-5.29,False,0.98,1.27,1.01,False,3,True,3.45,3.69,False,False,
7438,7438.T,コンドーテック,2024-02,NEW,1,75.32,76.49,True,True,1.18,2024-02,1312.0,1312.0,1312.0,0.0,1239.28,1192.31,1166.62,True,True,True,True,True,True,True,32520.0,1319.0,-0.53,False,1.38,1.87,1.17,False,2,True,17.24,2.79,True,True,MVP
3901,3901.T,マークラインズ,2024-02,NEW,1,67.31,68.47,True,True,1.16,2024-02,3240.0,3240.0,3240.0,0.0,3128.08,2922.84,2794.18,True,True,True,True,True,True,True,34047.0,3350.0,-3.28,False,1.1,3.7,1.09,False,2,True,16.36,0.22,False,False,
5471,5471.T,大同特殊鋼,2024-02,CONTINUE,2,91.9,93.06,True,True,1.16,2024-01,1550.0,1769.5,1769.5,14.16,1486.28,1356.4,1227.68,True,True,True,True,True,True,True,509833.0,1529.5,1.34,True,1.02,1.99,0.88,True,2,True,41.74,0.5,True,False,
9960,9960.T,東テク,2024-02,NEW,1,84.88,86.04,True,True,1.16,2024-02,2536.67,2536.67,2536.67,0.0,2120.53,1781.84,1682.85,True,True,True,True,True,True,True,62760.0,2486.67,2.01,True,0.89,2.8,0.94,True,2,True,67.0,12.1,False,True,BREAKOUT
4180,4180.T,APPIER GROUP,2024-02,NEW,1,60.26,61.39,True,True,1.13,2024-02,1874.0,1874.0,1874.0,0.0,1806.08,1717.12,1640.43,True,True,True,True,True,True,True,1548083.0,2130.0,-12.02,False,1.35,5.72,1.28,False,2,True,16.65,-1.0,False,False,
5214,5214.T,日本電気硝子,2024-02,CONTINUE,14,90.05,91.17,True,True,1.12,2023-01,2405.0,3616.0,3616.0,50.35,2390.2,2477.77,2581.43,True,False,False,False,False,False,False,644893.0,2944.0,-18.31,False,0.86,1.24,0.91,True,4,False,-8.91,1.11,False,False,
4480,4480.T,メドレー,2024-02,NEW,1,58.67,59.76,True,True,1.09,2024-02,5050.0,5050.0,5050.0,0.0,4680.8,4524.4,4821.38,True,True,True,False,True,True,True,363240.0,6040.0,-16.39,False,1.0,4.05,1.12,False,1,True,5.83,-0.96,False,False,
6539,6539.T,ＭＳ－Ｊａｐａｎ,2024-02,CONTINUE,2,64.79,65.87,True,True,1.08,2024-01,1251.0,1241.0,1241.0,-0.8,1183.64,1164.32,1120.77,True,True,True,True,True,True,True,123043.0,1305.0,-4.14,False,0.65,1.82,0.81,True,2,True,14.6,2.21,False,False,
7729,7729.T,東京精密,2024-02,NEW,1,85.41,86.48,True,True,1.07,2024-02,10225.0,10225.0,10225.0,0.0,9899.44,9035.53,7950.07,True,True,True,True,True,True,True,508017.0,10630.0,-3.81,False,0.7,3.33,0.86,True,2,True,53.14,-4.04,False,False,
4958,4958.T,長谷川香料,2024-02,NEW,1,53.74,54.73,False,True,0.99,2024-02,3120.0,3120.0,3120.0,0.0,3235.0,3215.8,3257.74,False,False,False,False,True,True,True,35697.0,3630.0,-14.05,False,1.12,2.27,0.77,True,4,False,-4.14,-3.5,False,False,
8309,8309.T,三井住友トラストグループ,2024-02,CONTINUE,2,74.06,75.03,False,False,0.96,2024-01,3041.0,3039.0,3039.0,-0.07,2848.64,2786.63,2685.15,True,True,True,True,True,False,True,2310610.0,3061.5,-0.67,False,1.03,1.8,0.93,True,2,True,18.14,2.38,True,True,MVP
1969,1969.T,高砂熱学工業,2024-02,NEW,1,99.05,100.0,True,True,0.95,2024-02,2182.5,2182.5,2182.5,0.0,1915.3,1683.79,1458.82,True,True,True,True,True,True,True,526607.0,2240.0,-2.57,False,1.06,3.91,1.03,False,2,True,68.47,9.32,False,False,
6315,6315.T,ＴＯＷＡ,2024-02,CONTINUE,17,99.05,100.0,True,False,0.95,2022-10,599.67,3116.67,3116.67,419.73,567.59,596.31,674.07,True,True,False,False,False,False,False,838670.0,1246.67,-51.9,False,0.86,2.67,0.9,True,4,True,-13.7,4.39,False,False,
6506,6506.T,安川電機,2024-02,NEW,1,64.91,65.84,True,True,0.93,2024-02,6119.0,6119.0,6119.0,0.0,5636.36,5642.25,5768.15,True,True,True,False,False,True,True,1633710.0,6859.0,-10.79,False,1.34,2.82,1.06,False,1,True,10.31,3.27,False,False,
8253,8253.T,クレディセゾン,2024-02,CONTINUE,2,83.29,84.21,True,True,0.92,2024-01,2760.0,2912.0,2912.0,5.51,2687.18,2482.21,2258.55,True,True,True,True,True,True,True,704723.0,2895.0,-4.66,False,1.01,2.23,0.96,True,2,True,38.69,2.31,True,False,
8424,8424.T,芙蓉総合リース,2024-02,CONTINUE,2,90.02,90.93,True,True,0.91,2024-01,4426.67,4558.33,4558.33,2.97,4243.0,4062.93,3831.4,True,True,True,True,True,True,True,112270.0,4493.33,-1.48,False,0.93,1.74,0.94,True,2,True,26.98,1.31,False,False,
7186,7186.T,横浜フィナンシャルグループ,2024-02,NEW,1,70.31,71.21,False,True,0.9,2024-02,758.0,758.0,758.0,0.0,714.06,688.5,646.6,True,True,True,True,True,True,True,3675570.0,782.9,-3.18,False,1.08,2.54,1.13,False,2,True,22.31,3.44,False,False,
7280,7280.T,ミツバ,2024-02,CONTINUE,2,87.13,87.96,True,True,0.83,2024-01,1100.0,1453.0,1453.0,32.09,1028.32,888.68,795.87,True,True,True,True,True,True,True,340110.0,1125.0,-2.22,False,0.61,2.6,0.82,True,2,True,76.17,5.81,False,False,
3252,3252.T,地主,2024-02,CONTINUE,5,65.9,66.71,True,False,0.81,2023-10,1997.0,2188.0,2188.0,9.56,1939.68,1901.87,1901.18,True,True,True,True,True,True,True,59483.0,2099.0,-4.86,False,1.61,1.33,1.02,False,2,True,4.03,0.74,True,True,MVP
5410,5410.T,合同製鐵,2024-02,NEW,1,85.43,86.24,True,True,0.81,2024-02,5960.0,5960.0,5960.0,0.0,5675.8,4925.0,4324.05,True,True,True,True,True,True,True,279953.0,6290.0,-5.25,False,1.01,2.92,0.85,True,2,True,56.25,0.2,False,False,
8368,8368.T,百五銀行,2024-02,NEW,1,81.92,82.72,True,True,0.81,2024-02,661.0,661.0,661.0,0.0,590.76,561.08,508.6,True,True,True,True,True,True,True,703330.0,656.0,0.76,True,1.48,2.74,1.17,False,2,True,40.03,7.04,False,True,BREAKOUT
2695,2695.T,くら寿司,2024-02,CONTINUE,6,75.32,76.13,True,False,0.8,2023-09,1697.5,1987.5,1987.5,17.08,1683.3,1592.83,1591.18,True,True,True,True,True,True,True,483700.0,1847.5,-8.12,False,0.59,3.27,1.01,False,2,True,9.17,3.56,False,False,
8697,8697.T,日本取引所グループ,2024-02,CONTINUE,13,96.24,97.03,True,True,0.79,2023-02,1016.0,1957.0,1957.0,92.62,979.12,966.3,1001.17,True,True,True,False,True,True,False,2442793.0,1216.0,-16.45,False,1.19,1.32,0.99,True,1,True,-1.78,1.42,False,False,
7181,7181.T,かんぽ生命保険,2024-02,CONTINUE,7,60.71,61.49,False,False,0.78,2023-08,782.5,920.67,920.67,17.66,760.07,736.36,742.67,True,True,True,False,True,True,True,2864480.0,842.0,-7.07,False,0.82,1.63,0.88,True,1,True,6.63,1.95,True,True,MVP
5310,5310.T,東洋炭素,2024-02,NEW,1,72.29,73.05,True,True,0.77,2024-02,6840.0,6840.0,6840.0,0.0,5748.4,5014.87,5217.52,True,True,True,False,True,True,True,250270.0,7320.0,-6.56,False,1.01,5.2,1.53,False,2,True,46.74,16.54,False,False,
8255,8255.T,アクシアル   リテイリング,2024-02,CONTINUE,9,70.55,71.3,False,False,0.76,2023-06,902.5,997.5,997.5,10.53,875.0,861.07,853.47,True,True,True,True,True,True,True,142107.0,931.25,-3.09,False,0.6,1.94,0.97,True,2,True,10.27,3.76,False,False,
6143,6143.T,ソディック,2024-02,CONTINUE,6,55.42,56.12,True,False,0.7,2023-09,732.0,744.0,744.0,1.64,726.2,714.64,730.33,True,True,True,False,True,True,False,274643.0,805.0,-9.07,False,0.7,2.11,1.1,False,1,True,-0.41,1.92,False,False,
6564,6564.T,ミダックホールディングス,2024-02,CONTINUE,6,33.14,33.83,True,False,0.69,2023-09,1905.0,1561.0,1561.0,-18.06,1840.6,1710.75,2114.36,True,True,False,False,True,True,False,173170.0,3795.0,-49.8,False,1.07,4.4,1.03,False,4,False,-6.76,4.49,False,False,
3064,3064.T,ＭｏｎｏｔａＲＯ,2024-02,CONTINUE,3,40.09,40.77,True,True,0.68,2023-12,1539.5,1432.5,1432.5,-6.95,1496.82,1447.99,1676.88,True,True,False,False,True,False,False,1977820.0,2124.0,-27.52,False,0.53,2.97,0.92,True,4,True,-9.2,5.79,False,False,
6503,6503.T,三菱電機,2024-02,NEW,1,79.1,79.73,True,True,0.63,2024-02,2381.5,2381.5,2381.5,0.0,2216.02,2094.27,1966.96,True,True,True,True,True,True,True,6906797.0,2437.0,-2.28,False,1.16,2.64,0.96,True,2,True,29.39,2.87,False,False,
4634,4634.T,ａｒｔｉｅｎｃｅ,2024-02,CONTINUE,13,92.93,93.48,True,True,0.55,2023-02,1933.0,2845.0,2845.0,47.18,1866.32,1852.77,1897.2,True,True,True,False,True,False,False,96887.0,2014.0,-4.02,False,1.29,1.02,1.04,False,3,True,1.06,2.06,False,False,
4743,4743.T,アイティフォー,2024-02,NEW,1,87.73,88.22,True,True,0.5,2024-02,1421.0,1421.0,1421.0,0.0,1291.12,1196.64,1112.77,True,True,True,True,True,True,True,77250.0,1460.0,-2.67,False,1.02,2.74,1.06,False,2,True,40.06,7.29,False,False,
7575,7575.T,日本ライフライン,2024-02,CONTINUE,11,82.56,83.03,True,False,0.47,2023-04,931.0,1308.0,1308.0,40.49,917.68,925.01,955.41,True,True,False,False,False,False,False,175263.0,1124.0,-17.17,False,0.75,1.2,0.98,True,4,False,-6.2,-1.07,False,False,
3659,3659.T,ネクソン,2024-02,NEW,1,40.86,41.28,False,True,0.42,2024-02,2426.0,2426.0,2426.0,0.0,2550.52,2774.33,2776.79,False,False,False,False,False,False,False,4249617.0,3278.0,-25.99,False,0.48,4.61,0.62,True,4,False,-19.76,-5.56,False,False,
6844,6844.T,新電元工業,2024-02,CONTINUE,2,52.6,53.01,True,False,0.41,2024-01,3165.0,3095.0,3095.0,-2.21,3097.2,3016.03,3157.38,True,True,True,False,True,True,False,32883.0,3900.0,-18.85,False,0.92,1.47,1.04,False,3,True,1.16,0.77,False,False,
8935,8935.T,ＦＪネクストホールディングス,2024-02,CONTINUE,11,72.27,72.67,False,False,0.4,2023-04,1033.0,1190.0,1190.0,15.2,998.88,996.81,1006.2,True,True,True,False,False,True,False,84537.0,1097.0,-5.83,False,0.56,1.06,0.95,True,3,True,1.67,0.87,False,False,
1964,1964.T,中外炉工業,2024-02,CONTINUE,2,89.58,89.97,True,True,0.39,2024-01,2593.0,2826.0,2826.0,8.99,2487.36,2277.97,2115.62,True,True,True,True,True,True,True,33873.0,2731.0,-5.05,False,1.51,3.27,1.17,False,2,True,34.26,5.38,False,False,
4220,4220.T,リケンテクノス,2024-02,NEW,1,92.5,92.88,True,True,0.38,2024-02,980.0,980.0,980.0,0.0,937.4,875.53,753.12,True,True,True,True,True,True,True,157200.0,1006.0,-2.58,False,0.67,2.15,0.75,True,2,True,44.98,1.46,False,False,
7747,7747.T,朝日インテック,2024-02,NEW,1,74.51,74.88,True,True,0.37,2024-02,3111.0,3111.0,3111.0,0.0,2926.62,2873.48,2802.84,True,True,True,True,True,True,True,961120.0,3149.0,-1.21,False,1.26,2.87,1.14,False,2,True,13.7,-1.88,False,False,
3668,3668.T,コロプラ,2024-02,CONTINUE,2,43.31,43.64,False,False,0.33,2024-01,632.0,569.0,569.0,-9.97,602.76,592.53,623.7,True,True,True,False,True,False,True,275537.0,691.0,-8.54,False,0.73,1.85,1.0,True,1,True,2.01,1.26,False,False,
3431,3431.T,宮地エンジニアリンググループ,2024-02,NEW,1,98.37,98.7,True,True,0.32,2024-02,2085.0,2085.0,2085.0,0.0,1866.2,1693.03,1417.09,True,True,True,True,True,True,True,261827.0,2035.0,2.46,True,1.07,2.87,0.84,True,2,True,68.22,3.06,False,True,BREAKOUT
8093,8093.T,極東貿易,2024-02,NEW,1,88.54,88.84,False,True,0.3,2024-02,2222.0,2222.0,2222.0,0.0,2163.28,1998.68,1847.16,True,True,True,True,True,True,True,68003.0,2242.0,-0.89,False,0.83,1.91,0.9,True,2,True,33.16,-0.34,False,False,
7059,7059.T,コプロ・ホールディングス,2024-02,NEW,1,87.39,87.68,True,True,0.29,2024-02,896.0,896.0,896.0,0.0,840.96,773.86,638.63,True,True,True,True,True,True,True,227513.0,939.5,-4.63,False,0.74,4.67,1.27,False,2,True,73.75,-6.9,False,False,
6146,6146.T,ディスコ,2024-02,NEW,1,93.66,93.94,True,True,0.28,2024-02,48260.0,48260.0,48260.0,0.0,43463.6,36663.13,29231.55,True,True,True,True,True,True,True,1997540.0,47840.0,0.88,True,0.96,3.63,1.18,False,2,True,120.08,2.41,False,True,BREAKOUT
2413,2413.T,エムスリー,2024-02,CONTINUE,2,17.22,17.48,True,False,0.26,2024-01,2354.5,2146.5,2146.5,-8.83,2337.46,2366.97,2798.28,True,False,False,False,True,False,False,3060507.0,3755.0,-37.3,False,1.32,3.71,1.11,False,4,True,-17.09,2.77,False,False,
8591,8591.T,オリックス,2024-02,NEW,1,77.61,77.83,True,True,0.22,2024-02,3137.0,3137.0,3137.0,0.0,2973.76,2792.86,2689.11,True,True,True,True,True,True,True,4005183.0,3192.0,-1.72,False,1.14,2.14,0.96,True,2,True,23.04,3.64,False,False,
4310,4310.T,ドリームインキュベータ,2024-02,CONTINUE,2,60.58,60.8,True,False,0.21,2024-01,3400.0,3040.0,3040.0,-10.59,3158.76,2994.03,2851.64,True,True,True,True,True,True,True,21537.0,3400.0,0.0,False,0.92,2.37,1.08,False,2,True,22.77,1.61,False,False,
9507,9507.T,四国電力,2024-02,NEW,1,84.11,84.29,True,True,0.19,2024-02,1089.0,1089.0,1089.0,0.0,1047.96,1039.73,1014.64,True,True,True,True,True,True,True,817333.0,1145.0,-4.89,False,1.24,2.17,0.92,True,2,True,16.76,1.85,False,False,
2742,2742.T,ハローズ,2024-02,CONTINUE,3,86.69,86.84,True,True,0.15,2023-12,4290.0,4620.0,4620.0,7.69,4156.6,4166.47,3741.41,True,True,True,False,False,True,True,26853.0,4530.0,-5.3,False,1.81,2.45,1.08,False,2,True,21.08,0.42,False,False,
7447,7447.T,ナガイレーベン,2024-02,NEW,1,59.62,59.73,False,False,0.11,2024-02,2231.0,2231.0,2231.0,0.0,2333.6,2334.08,2247.46,False,False,False,False,False,True,True,22153.0,2528.0,-11.75,False,1.13,2.17,1.11,False,1,False,2.85,-3.22,False,False,
6333,6333.T,ＴＥＩＫＯＫＵ,2024-02,CONTINUE,2,58.06,58.15,False,False,0.09,2024-01,2956.0,2703.0,2703.0,-8.56,3010.44,2803.23,2615.86,False,True,True,True,True,True,True,40823.0,3170.0,-6.75,False,0.95,2.5,1.08,False,2,True,22.14,-0.04,False,False,
