code,ticker,name,signal_month,status,months_active,rsi14,rsi5,rsi14_up,rsi5_up,diff,gc_month,gc_price,signal_month_close,period_price,return_since_gc_pct,sma25,sma75,sma200,price_above_sma25,price_above_sma75,price_above_sma200,perfect_order,sma25_up,sma75_up,sma200_up,avg_volume30,high52_price,high52_distance_pct,high52_breakout,volume_ratio_5_30,atr14_pct,atr_ratio_10_20,vcp_tight,stage,supertrend_up,rsr_score,rsr_momentum,mvp_signal,cosmos_focus,cosmos_focus_type,signal_version,monthly_rsi14,monthly_rsi_ma5,monthly_rsi14_up,monthly_rsi_ma5_up,monthly_rsi_spread
4078,4078.T,堺化学工業,2024-05,CONTINUE,4,55.76,73.29,True,True,17.53,2024-02,1997.0,2772.0,2772.0,38.81,1940.0,1893.83,1928.41,True,True,True,False,True,False,True,57343.0,2207.0,-9.52,False,0.72,1.91,1.06,False,2,True,7.25,3.27,False,False,,tv_wilder_rsi14_sma5_v1,73.29,55.76,True,True,17.53
5631,5631.T,日本製鋼所,2024-05,CONTINUE,4,58.82,74.38,True,True,15.56,2024-02,2727.5,4731.0,4731.0,73.46,2472.82,2484.77,2710.52,True,True,True,False,True,False,True,590287.0,3178.0,-14.18,False,1.16,2.48,1.04,False,1,True,0.85,3.7,False,False,,tv_wilder_rsi14_sma5_v1,74.38,58.82,True,True,15.56
9505,9505.T,北陸電力,2024-05,CONTINUE,3,64.67,79.7,True,True,15.03,2024-03,801.7,1161.5,1161.5,44.88,758.18,735.71,771.78,True,True,True,False,True,True,True,1325920.0,931.6,-13.94,False,1.27,3.21,1.11,False,1,True,10.8,2.94,False,False,,tv_wilder_rsi14_sma5_v1,79.7,64.67,True,True,15.03
2053,2053.T,中部飼料,2024-05,CONTINUE,5,61.81,76.76,True,True,14.95,2024-01,1208.0,1607.0,1607.0,33.03,1105.64,1085.09,1091.85,True,True,True,False,True,False,True,51693.0,1169.0,3.34,True,1.82,1.53,1.19,False,2,True,13.15,2.76,True,False,,tv_wilder_rsi14_sma5_v1,76.76,61.81,True,True,14.95
6278,6278.T,ユニオンツール,2024-05,CONTINUE,4,63.91,77.64,True,True,13.73,2024-02,3825.0,5700.0,5700.0,49.02,3566.4,3448.0,3467.4,True,True,True,False,True,False,True,59170.0,4135.0,-7.5,False,0.67,4.44,1.59,False,2,True,12.39,7.14,False,False,,tv_wilder_rsi14_sma5_v1,77.64,63.91,True,True,13.73
9509,9509.T,北海道電力,2024-05,CONTINUE,5,80.55,93.93,True,True,13.38,2024-01,661.1,1649.5,1649.5,149.51,645.42,640.31,613.2,True,True,True,True,True,False,True,1053523.0,732.0,-9.69,False,0.78,1.95,0.87,True,2,True,19.53,0.38,False,False,,tv_wilder_rsi14_sma5_v1,93.93,80.55,True,True,13.38
6638,6638.T,ミマキエンジニアリング,2024-05,CONTINUE,7,67.65,80.26,True,True,12.62,2023-11,969.0,1813.0,1813.0,87.1,823.96,781.79,757.3,True,True,True,True,True,False,True,93683.0,1011.0,-4.15,False,1.07,4.02,1.05,False,2,True,42.87,17.28,False,False,,tv_wilder_rsi14_sma5_v1,80.26,67.65,True,True,12.62
5357,5357.T,ヨータイ,2024-05,NEW,1,58.82,71.22,True,True,12.4,2024-05,1802.0,1802.0,1802.0,0.0,1649.12,1528.29,1496.26,True,True,True,True,True,True,True,29747.0,1837.0,-1.91,False,0.95,1.6,0.59,True,2,True,22.96,5.92,False,False,,tv_wilder_rsi14_sma5_v1,71.22,58.82,True,True,12.4
9310,9310.T,日本トランスシティ,2024-05,CONTINUE,3,61.48,73.88,True,True,12.4,2024-03,676.0,875.0,875.0,29.44,641.36,632.44,638.38,True,True,True,False,True,True,True,87447.0,705.0,-4.11,False,1.7,2.14,1.08,False,2,True,9.19,3.6,False,False,,tv_wilder_rsi14_sma5_v1,73.88,61.48,True,True,12.4
4540,4540.T,ツムラ,2024-05,CONTINUE,4,59.81,72.2,True,True,12.39,2024-02,2760.0,3950.0,3950.0,43.12,2746.7,2724.92,2717.73,True,True,True,True,True,True,True,254330.0,3009.0,-8.28,False,1.05,1.76,0.7,True,3,False,1.13,-0.1,False,False,,tv_wilder_rsi14_sma5_v1,72.2,59.81,True,True,12.39
4044,4044.T,セントラル硝子,2024-05,NEW,1,53.74,66.13,True,True,12.38,2024-05,3595.0,3595.0,3595.0,0.0,3206.88,2962.61,2869.38,True,True,True,True,True,True,True,152713.0,3660.0,-1.78,False,0.6,3.0,0.92,True,1,True,25.97,8.64,False,False,,tv_wilder_rsi14_sma5_v1,66.13,53.74,True,True,12.38
9506,9506.T,東北電力,2024-05,CONTINUE,5,72.11,84.41,True,True,12.3,2024-01,987.7,1590.5,1590.5,61.03,973.49,959.99,913.48,True,True,True,True,True,False,True,2189670.0,1119.0,-11.73,False,0.87,2.06,0.79,True,2,True,20.88,-0.28,False,False,,tv_wilder_rsi14_sma5_v1,84.41,72.11,True,True,12.3
1518,1518.T,三井松島ホールディングス,2024-05,CONTINUE,2,59.22,71.38,True,True,12.16,2024-04,635.0,938.0,938.0,47.72,605.67,594.5,564.46,True,True,True,True,False,True,True,718483.0,668.0,-4.94,False,0.76,2.06,1.06,False,2,True,13.85,3.39,False,False,,tv_wilder_rsi14_sma5_v1,71.38,59.22,True,True,12.16
6794,6794.T,フォスター電機,2024-05,CONTINUE,7,61.99,73.77,True,True,11.78,2023-11,1112.0,1751.0,1751.0,57.46,990.88,956.89,996.64,True,True,True,False,True,True,True,310330.0,1271.0,-12.51,False,0.85,3.95,1.07,False,1,True,16.87,8.23,False,False,,tv_wilder_rsi14_sma5_v1,73.77,61.99,True,True,11.78
9534,9534.T,北海道瓦斯,2024-05,CONTINUE,3,73.39,84.97,True,True,11.58,2024-03,507.2,739.0,739.0,45.7,476.17,459.08,463.32,True,True,True,False,True,True,True,179567.0,517.0,-1.9,False,0.9,2.06,0.99,True,1,True,16.8,4.15,False,False,,tv_wilder_rsi14_sma5_v1,84.97,73.39,True,True,11.58
8395,8395.T,佐賀銀行,2024-05,CONTINUE,4,68.72,80.27,True,True,11.55,2024-02,2049.0,2777.0,2777.0,35.53,1924.4,1891.59,1839.73,True,True,True,True,True,False,True,31173.0,2147.0,-4.56,False,1.53,1.89,1.19,False,2,True,14.1,3.32,True,False,,tv_wilder_rsi14_sma5_v1,80.27,68.72,True,True,11.55
5801,5801.T,古河電気工業,2024-05,CONTINUE,5,65.21,76.52,True,True,11.3,2024-01,270.0,423.3,423.3,56.78,238.11,232.76,242.69,True,True,True,False,True,False,True,6169400.0,284.5,-5.1,False,1.68,2.68,1.1,False,1,True,12.19,7.03,True,False,,tv_wilder_rsi14_sma5_v1,76.52,65.21,True,True,11.3
6508,6508.T,明電舎,2024-05,CONTINUE,12,75.72,86.99,True,True,11.27,2023-06,1998.0,4280.0,4280.0,114.21,1945.6,1887.88,1927.33,True,True,True,False,True,True,False,134960.0,2214.0,-9.76,False,0.86,1.89,1.17,False,3,True,3.75,3.75,False,False,,tv_wilder_rsi14_sma5_v1,86.99,75.72,True,True,11.27
7172,7172.T,ジャパンインベストメントアドバイザー,2024-05,CONTINUE,3,58.4,69.43,True,True,11.03,2024-03,1066.0,1368.0,1368.0,28.33,935.96,923.43,920.03,True,True,True,True,True,False,True,347707.0,1205.0,-11.54,False,0.77,4.42,1.12,False,2,True,27.46,9.72,False,False,,tv_wilder_rsi14_sma5_v1,69.43,58.4,True,True,11.03
5208,5208.T,有沢製作所,2024-05,CONTINUE,5,59.37,70.39,True,True,11.02,2024-01,1125.0,1553.0,1553.0,38.04,1072.12,1069.29,1089.88,True,True,True,False,True,True,False,96957.0,1438.0,-21.77,False,1.16,1.04,0.95,True,3,True,-1.64,1.99,False,False,,tv_wilder_rsi14_sma5_v1,70.39,59.37,True,True,11.02
5949,5949.T,ユニプレス,2024-05,CONTINUE,4,58.77,69.77,True,True,11.0,2024-02,1094.0,1492.0,1492.0,36.38,1063.92,1003.23,1070.21,True,True,True,False,True,False,True,121213.0,1297.0,-15.65,False,0.91,2.65,0.74,True,2,True,13.95,2.21,False,False,,tv_wilder_rsi14_sma5_v1,69.77,58.77,True,True,11.0
6941,6941.T,山一電機,2024-05,CONTINUE,7,63.34,74.24,True,True,10.9,2023-11,1895.0,3455.0,3455.0,82.32,1800.84,1776.17,1935.28,True,True,False,False,True,False,True,189387.0,2444.0,-22.46,False,0.76,2.3,0.83,True,1,True,1.41,5.16,False,False,,tv_wilder_rsi14_sma5_v1,74.24,63.34,True,True,10.9
5832,5832.T,ちゅうぎんフィナンシャルグループ,2024-05,CONTINUE,2,69.29,80.06,True,True,10.77,2024-04,1328.0,1698.5,1698.5,27.9,1297.24,1171.45,1089.86,True,True,True,True,True,True,True,426383.0,1366.5,-2.82,False,0.89,2.62,1.1,False,2,True,33.84,0.18,False,False,,tv_wilder_rsi14_sma5_v1,80.06,69.29,True,True,10.77
6340,6340.T,澁谷工業,2024-05,CONTINUE,5,65.49,76.12,True,True,10.62,2024-01,2522.0,3970.0,3970.0,57.41,2469.12,2467.41,2530.22,True,True,False,False,True,False,True,25153.0,2769.0,-8.92,False,0.74,1.57,0.92,True,4,True,4.39,1.81,False,False,,tv_wilder_rsi14_sma5_v1,76.12,65.49,True,True,10.62
1663,1663.T,Ｋ＆Ｏエナジーグループ,2024-05,CONTINUE,4,68.51,79.07,True,True,10.56,2024-02,1199.0,1967.5,1967.5,64.1,1173.46,1120.47,1164.92,True,True,True,False,True,False,True,242640.0,1368.5,-12.39,False,0.78,4.13,1.21,False,2,False,6.79,2.6,False,False,,tv_wilder_rsi14_sma5_v1,79.07,68.51,True,True,10.56
6742,6742.T,京三製作所,2024-05,CONTINUE,3,59.15,69.37,True,True,10.22,2024-03,520.0,593.0,593.0,14.04,502.92,475.37,478.88,True,True,True,False,True,True,True,165817.0,555.0,-6.31,False,1.25,2.69,1.0,False,1,True,14.05,3.0,False,False,,tv_wilder_rsi14_sma5_v1,69.37,59.15,True,True,10.22
4112,4112.T,保土谷化学工業,2024-05,CONTINUE,2,57.19,67.36,True,True,10.17,2024-04,2330.0,2545.0,2545.0,9.23,2030.2,1874.23,1731.91,True,True,True,True,True,True,True,78520.0,2300.0,1.3,True,1.96,3.97,1.1,False,2,True,42.85,8.53,False,True,BREAKOUT,tv_wilder_rsi14_sma5_v1,67.36,57.19,True,True,10.17
4452,4452.T,花王,2024-05,CONTINUE,2,54.84,64.94,True,True,10.1,2024-04,3262.5,3444.0,3444.0,5.56,3054.22,2926.75,2840.0,True,True,True,True,True,True,True,3612340.0,3255.0,0.23,True,0.79,1.85,0.89,True,2,True,17.83,3.49,False,True,BREAKOUT,tv_wilder_rsi14_sma5_v1,64.94,54.84,True,True,10.1
4114,4114.T,日本触媒,2024-05,CONTINUE,5,57.56,67.63,True,True,10.07,2024-01,1391.25,1656.0,1656.0,19.03,1369.48,1351.77,1352.27,True,True,True,False,True,True,True,475080.0,1497.5,-7.1,False,0.78,1.07,0.93,True,2,True,3.09,-0.11,False,False,,tv_wilder_rsi14_sma5_v1,67.63,57.56,True,True,10.07
9533,9533.T,東邦瓦斯,2024-05,CONTINUE,12,58.15,68.19,True,True,10.04,2023-06,623.12,1031.0,1031.0,65.46,627.79,626.95,649.71,False,False,False,False,False,False,False,1171253.0,835.0,-25.37,False,1.0,1.79,1.06,False,4,True,-6.65,1.42,False,False,,tv_wilder_rsi14_sma5_v1,68.19,58.15,True,True,10.04
6594,6594.T,ニデック,2024-05,CONTINUE,4,42.32,52.31,True,True,9.98,2024-02,2840.5,3921.5,3921.5,38.06,2808.1,2825.31,3345.3,True,True,False,False,False,False,False,7902107.0,4353.0,-34.75,False,0.64,1.91,1.06,False,4,True,-13.72,1.3,False,False,,tv_wilder_rsi14_sma5_v1,52.31,42.32,True,True,9.98
8708,8708.T,アイザワ証券グループ,2024-05,CONTINUE,2,73.67,83.58,True,True,9.91,2024-04,1763.0,2004.0,2004.0,13.67,1264.48,1223.79,1096.16,True,True,True,True,True,True,True,68090.0,1600.0,10.19,True,2.63,4.19,1.44,False,2,True,83.18,16.48,True,True,BOTH,tv_wilder_rsi14_sma5_v1,83.58,73.67,True,True,9.91
7034,7034.T,プロレド・パートナーズ,2024-05,CONTINUE,5,35.53,45.43,True,True,9.9,2024-01,367.0,640.0,640.0,74.39,354.56,377.15,450.86,True,False,False,False,False,False,False,33447.0,567.0,-35.27,False,0.37,2.55,0.89,True,4,False,-19.5,2.8,False,False,,tv_wilder_rsi14_sma5_v1,45.43,35.53,True,True,9.9
2331,2331.T,ＡＬＳＯＫ,2024-05,CONTINUE,3,52.64,62.53,True,True,9.89,2024-03,833.7,946.4,946.4,13.52,841.12,820.14,844.87,False,True,False,False,True,False,True,1238153.0,953.6,-12.57,False,0.88,1.92,0.93,True,1,False,3.65,0.26,False,False,,tv_wilder_rsi14_sma5_v1,62.53,52.64,True,True,9.89
7864,7864.T,フジシールインターナショナル,2024-05,CONTINUE,6,59.03,68.88,True,True,9.85,2023-12,1714.0,2417.0,2417.0,41.02,1687.28,1699.69,1609.4,True,True,True,False,True,False,True,67060.0,1817.0,-5.67,False,1.02,1.33,0.86,True,2,False,4.32,2.01,False,False,,tv_wilder_rsi14_sma5_v1,68.88,59.03,True,True,9.85
2587,2587.T,サントリービバレッジ＆フード,2024-05,CONTINUE,6,57.98,67.81,True,True,9.84,2023-12,4650.0,5751.0,5751.0,23.68,4653.64,4600.61,4875.59,False,True,False,False,True,False,False,613300.0,5510.0,-15.61,False,0.72,1.78,0.88,True,4,True,-2.65,0.58,False,False,,tv_wilder_rsi14_sma5_v1,67.81,57.98,True,True,9.84
9507,9507.T,四国電力,2024-05,CONTINUE,5,74.9,84.63,True,True,9.73,2024-01,1046.0,1508.0,1508.0,44.17,1043.74,1039.33,990.77,True,True,True,True,True,True,True,664267.0,1145.0,-8.65,False,1.27,2.24,0.98,True,2,True,16.4,-0.16,False,False,,tv_wilder_rsi14_sma5_v1,84.63,74.9,True,True,9.73
6770,6770.T,アルプスアルパイン,2024-05,CONTINUE,3,49.14,58.86,True,True,9.71,2024-03,1196.5,1479.0,1479.0,23.61,1120.64,1167.91,1210.4,True,True,False,False,True,False,False,1870150.0,1329.0,-9.97,False,0.78,1.82,0.92,True,4,True,-4.15,3.43,False,False,,tv_wilder_rsi14_sma5_v1,58.86,49.14,True,True,9.71
3196,3196.T,ホットランドホールディングス,2024-05,CONTINUE,3,72.07,81.73,True,True,9.66,2024-03,2106.0,2685.0,2685.0,27.49,1878.88,1915.4,1838.67,True,True,True,False,False,False,True,65217.0,2092.0,0.67,True,1.55,1.76,1.16,False,2,True,21.37,5.26,True,False,,tv_wilder_rsi14_sma5_v1,81.73,72.07,True,True,9.66
4922,4922.T,コーセーホールディングス,2024-05,NEW,1,33.92,43.47,True,True,9.55,2024-05,10380.0,10380.0,10380.0,0.0,9338.6,8451.76,9939.29,True,True,True,False,True,False,False,367240.0,15590.0,-33.42,False,0.92,2.64,0.76,True,3,True,-0.96,6.45,False,False,,tv_wilder_rsi14_sma5_v1,43.47,33.92,True,True,9.55
8524,8524.T,北洋銀行,2024-05,CONTINUE,4,72.81,82.36,True,True,9.55,2024-02,399.0,582.0,582.0,45.86,362.84,364.79,332.87,True,True,True,False,True,False,True,1550807.0,418.0,-4.55,False,1.51,3.47,1.09,False,2,True,27.26,4.02,True,True,MVP,tv_wilder_rsi14_sma5_v1,82.36,72.81,True,True,9.55
8343,8343.T,秋田銀行,2024-05,CONTINUE,4,63.38,72.74,True,True,9.36,2024-02,2114.0,2555.0,2555.0,20.86,2033.56,1982.24,1890.87,True,True,True,True,True,True,True,41757.0,2192.0,-3.56,False,1.09,1.78,0.94,True,2,True,13.15,2.3,False,False,,tv_wilder_rsi14_sma5_v1,72.74,63.38,True,True,9.36
7915,7915.T,ＮＩＳＳＨＡ,2024-05,CONTINUE,2,50.8,60.13,True,True,9.32,2024-04,1699.0,1946.0,1946.0,14.54,1538.08,1533.85,1582.26,True,True,True,False,True,True,False,140863.0,1900.0,-10.58,False,1.44,2.95,1.0,False,3,True,3.2,4.65,False,False,,tv_wilder_rsi14_sma5_v1,60.13,50.8,True,True,9.32
7979,7979.T,松風,2024-05,CONTINUE,3,68.86,78.06,True,True,9.2,2024-03,1462.5,1907.5,1907.5,30.43,1406.58,1392.64,1235.43,True,True,True,True,True,True,True,64153.0,1505.0,-2.82,False,1.72,2.63,1.11,False,2,True,25.23,3.14,False,False,,tv_wilder_rsi14_sma5_v1,78.06,68.86,True,True,9.2
8281,8281.T,ゼビオホールディングス,2024-05,CONTINUE,5,51.42,60.61,True,True,9.19,2024-01,983.0,1145.0,1145.0,16.48,962.6,954.8,1041.1,True,True,False,False,True,False,False,78433.0,1291.0,-23.86,False,0.99,1.18,0.95,True,4,True,-2.95,0.15,False,False,,tv_wilder_rsi14_sma5_v1,60.61,51.42,True,True,9.19
6800,6800.T,ヨコオ,2024-05,CONTINUE,7,44.58,53.73,True,True,9.15,2023-11,1566.0,2062.0,2062.0,31.67,1407.8,1526.99,1758.58,True,True,False,False,False,False,False,225743.0,2537.0,-38.27,False,1.35,3.27,1.07,False,4,True,-16.49,8.27,False,False,,tv_wilder_rsi14_sma5_v1,53.73,44.58,True,True,9.15
2325,2325.T,ＮＪＳ,2024-05,CONTINUE,4,72.5,81.58,True,True,9.08,2024-02,2838.0,3700.0,3700.0,30.37,2746.04,2751.59,2775.12,True,True,True,False,False,False,True,8987.0,3320.0,-14.52,False,1.2,1.87,1.16,False,2,True,11.7,1.91,True,False,,tv_wilder_rsi14_sma5_v1,81.58,72.5,True,True,9.08
3139,3139.T,ラクト・ジャパン,2024-05,CONTINUE,5,57.18,66.2,True,True,9.01,2024-01,2263.0,2844.0,2844.0,25.67,2064.2,1985.84,2014.9,True,True,True,False,True,True,True,56720.0,2325.0,-2.67,False,1.54,2.94,1.16,False,1,True,14.64,9.07,False,False,,tv_wilder_rsi14_sma5_v1,66.2,57.18,True,True,9.01
8012,8012.T,長瀬産業,2024-05,CONTINUE,5,71.13,80.12,True,True,9.0,2024-01,605.88,769.25,769.25,26.97,583.14,576.53,585.02,True,True,True,False,True,False,True,813053.0,642.12,-5.65,False,1.04,1.23,0.95,True,2,True,10.45,1.69,False,False,,tv_wilder_rsi14_sma5_v1,80.12,71.13,True,True,9.0
4911,4911.T,資生堂,2024-05,CONTINUE,3,36.66,45.6,True,True,8.94,2024-03,4104.0,4971.0,4971.0,21.13,4141.92,4109.97,5062.61,False,False,False,False,True,False,False,2981420.0,7160.0,-42.68,False,0.96,2.78,0.89,True,4,False,-21.76,-0.68,False,False,,tv_wilder_rsi14_sma5_v1,45.6,36.66,True,True,8.94
1952,1952.T,新日本空調,2024-05,CONTINUE,5,75.92,84.8,True,True,8.88,2024-01,1279.5,2147.5,2147.5,67.84,1217.84,1160.56,1142.96,True,True,True,True,True,True,True,66033.0,1292.5,-1.01,False,0.96,1.21,0.9,True,2,True,20.36,1.78,False,False,,tv_wilder_rsi14_sma5_v1,84.8,75.92,True,True,8.88
5803,5803.T,フジクラ,2024-05,CONTINUE,5,81.09,89.93,True,True,8.84,2024-01,203.92,537.33,537.33,163.51,190.14,187.01,186.97,True,True,True,True,True,False,True,10125600.0,217.42,-6.21,False,1.06,2.19,0.98,True,2,True,18.36,5.28,True,False,,tv_wilder_rsi14_sma5_v1,89.93,81.09,True,True,8.84
8242,8242.T,エイチ・ツー・オー   リテイリング,2024-05,NEW,1,66.5,75.32,True,True,8.83,2024-05,2489.0,2489.0,2489.0,0.0,2016.48,1902.81,1757.3,True,True,True,True,True,True,True,609023.0,2466.0,0.93,True,1.42,3.41,1.03,False,2,True,49.33,14.1,False,True,BREAKOUT,tv_wilder_rsi14_sma5_v1,75.32,66.5,True,True,8.83
6768,6768.T,タムラ製作所,2024-05,CONTINUE,7,48.73,57.54,True,True,8.81,2023-11,569.0,729.0,729.0,28.12,538.8,551.28,658.89,True,True,False,False,True,False,False,441727.0,908.0,-37.33,False,0.73,2.16,0.84,True,4,True,-16.53,3.12,False,False,,tv_wilder_rsi14_sma5_v1,57.54,48.73,True,True,8.81
9503,9503.T,関西電力,2024-05,CONTINUE,3,72.5,81.26,True,True,8.76,2024-03,2194.0,2837.0,2837.0,29.31,2030.18,1971.17,1947.38,True,True,True,True,True,True,True,3253950.0,2390.0,-8.2,False,0.95,2.92,1.0,True,2,True,27.73,5.42,False,False,,tv_wilder_rsi14_sma5_v1,81.26,72.5,True,True,8.76
8032,8032.T,日本紙パルプ商事,2024-05,CONTINUE,7,63.99,72.74,True,True,8.75,2023-11,499.5,606.0,606.0,21.32,470.1,476.85,494.23,True,True,True,False,False,True,False,241167.0,574.0,-12.98,False,1.25,2.13,1.03,False,3,True,1.56,1.77,True,False,,tv_wilder_rsi14_sma5_v1,72.74,63.99,True,True,8.75
8050,8050.T,セイコーグループ,2024-05,CONTINUE,6,69.7,78.44,True,True,8.74,2023-12,1347.0,2285.0,2285.0,69.64,1285.1,1258.04,1315.15,True,True,True,False,True,False,False,363180.0,1572.5,-14.34,False,0.6,2.15,0.85,True,3,True,-2.1,2.65,False,False,,tv_wilder_rsi14_sma5_v1,78.44,69.7,True,True,8.74
7715,7715.T,長野計器,2024-05,CONTINUE,4,65.56,74.29,True,True,8.73,2024-02,2344.0,3195.0,3195.0,36.31,2256.64,2124.87,2165.05,True,True,True,False,True,False,True,175873.0,2795.0,-16.14,False,1.14,3.67,1.02,False,2,False,32.34,-3.01,False,False,,tv_wilder_rsi14_sma5_v1,74.29,65.56,True,True,8.73
9508,9508.T,九州電力,2024-05,CONTINUE,7,81.25,89.96,True,True,8.72,2023-11,990.6,1831.5,1831.5,84.89,997.16,978.8,888.44,False,True,True,True,True,True,True,2134377.0,1098.0,-9.78,False,0.88,2.58,0.75,True,2,False,17.39,-2.58,False,False,,tv_wilder_rsi14_sma5_v1,89.96,81.25,True,True,8.72
5262,5262.T,日本ヒューム,2024-05,NEW,1,62.9,71.61,True,True,8.71,2024-05,547.0,547.0,547.0,0.0,475.3,447.9,441.55,True,True,True,True,True,True,True,118780.0,555.0,-1.44,False,1.15,2.9,1.24,False,2,True,29.65,9.72,False,False,,tv_wilder_rsi14_sma5_v1,71.61,62.9,True,True,8.71
9997,9997.T,ベルーナ,2024-05,CONTINUE,2,43.28,51.97,True,True,8.69,2024-04,635.0,716.0,716.0,12.76,624.84,620.69,647.51,True,True,False,False,True,True,False,279730.0,769.0,-17.43,False,0.66,1.38,1.23,False,4,False,-3.02,0.78,True,False,,tv_wilder_rsi14_sma5_v1,51.97,43.28,True,True,8.69
7224,7224.T,新明和工業,2024-05,NEW,1,57.69,66.35,True,True,8.66,2024-05,1429.0,1429.0,1429.0,0.0,1304.8,1241.04,1240.27,True,True,True,True,True,True,False,326200.0,1475.0,-3.12,False,0.94,1.85,0.92,True,1,True,14.5,3.53,False,False,,tv_wilder_rsi14_sma5_v1,66.35,57.69,True,True,8.66
4633,4633.T,サカタインクス,2024-05,CONTINUE,6,74.13,82.74,True,True,8.61,2023-12,1358.0,1908.0,1908.0,40.5,1318.12,1296.56,1225.81,True,True,True,True,True,False,True,177833.0,1409.0,-3.62,False,1.7,2.19,0.84,True,2,True,16.26,2.87,False,False,,tv_wilder_rsi14_sma5_v1,82.74,74.13,True,True,8.61
8876,8876.T,リログループ,2024-05,CONTINUE,2,34.89,43.45,True,True,8.56,2024-04,1378.5,1585.0,1585.0,14.98,1294.3,1342.52,1533.16,True,True,False,False,True,False,False,1235843.0,2132.0,-35.34,False,0.6,2.85,1.02,False,4,True,-17.29,4.26,False,False,,tv_wilder_rsi14_sma5_v1,43.45,34.89,True,True,8.56
4985,4985.T,アース製薬,2024-05,CONTINUE,2,34.71,43.24,True,True,8.53,2024-04,4400.0,4695.0,4695.0,6.7,4299.8,4359.87,4691.27,True,True,False,False,True,False,False,74830.0,5250.0,-16.19,False,0.93,1.31,1.0,False,4,True,-7.28,1.36,False,False,,tv_wilder_rsi14_sma5_v1,43.24,34.71,True,True,8.53
3106,3106.T,倉敷紡績,2024-05,CONTINUE,7,76.23,84.66,True,True,8.42,2023-11,2557.0,4585.0,4585.0,79.31,2416.4,2380.76,2380.05,True,True,True,True,True,True,True,32387.0,2716.0,-5.85,False,0.61,2.19,0.82,True,1,True,10.74,3.53,False,False,,tv_wilder_rsi14_sma5_v1,84.66,76.23,True,True,8.42
8367,8367.T,南都銀行,2024-05,CONTINUE,5,67.0,75.37,True,True,8.37,2024-01,537.0,714.0,714.0,32.96,505.12,507.58,505.56,True,True,True,False,True,False,True,485133.0,585.0,-8.21,False,1.09,1.41,1.05,False,2,True,6.62,3.15,False,False,,tv_wilder_rsi14_sma5_v1,75.37,67.0,True,True,8.37
6050,6050.T,イー・ガーディアン,2024-05,NEW,1,36.87,45.2,True,True,8.33,2024-05,1869.0,1869.0,1869.0,0.0,1699.92,1483.48,1756.11,True,True,True,False,True,True,False,125323.0,2710.0,-31.03,False,0.47,2.36,0.69,True,3,True,9.88,6.83,False,False,,tv_wilder_rsi14_sma5_v1,45.2,36.87,True,True,8.33
7744,7744.T,ノーリツ鋼機,2024-05,NEW,1,64.21,72.52,True,True,8.32,2024-05,1375.0,1375.0,1375.0,0.0,1205.73,1091.04,1051.76,True,True,True,True,True,True,True,613620.0,1413.33,-2.71,False,1.85,3.24,0.87,True,2,True,45.06,10.19,True,True,MVP,tv_wilder_rsi14_sma5_v1,72.52,64.21,True,True,8.32
9438,9438.T,エムティーアイ,2024-05,CONTINUE,4,62.69,70.99,True,True,8.3,2024-02,753.0,878.0,878.0,16.6,675.12,628.33,601.98,True,True,True,True,True,True,True,59473.0,775.0,-2.84,False,0.7,4.57,0.92,True,2,True,32.88,6.78,False,False,,tv_wilder_rsi14_sma5_v1,70.99,62.69,True,True,8.3
6653,6653.T,正興電機製作所,2024-05,CONTINUE,4,57.89,66.15,True,True,8.26,2024-02,1249.0,1533.0,1533.0,22.74,1127.8,1112.6,1089.65,True,True,True,True,True,True,True,64193.0,1242.0,0.56,True,0.96,3.02,1.0,True,2,True,18.77,4.87,False,False,,tv_wilder_rsi14_sma5_v1,66.15,57.89,True,True,8.26
5989,5989.T,エイチワン,2024-05,NEW,1,53.34,61.57,True,True,8.24,2024-05,925.0,925.0,925.0,0.0,764.44,724.4,772.25,True,True,True,False,True,False,False,97077.0,929.0,-0.43,False,1.15,3.37,1.11,False,1,True,31.58,17.25,True,False,,tv_wilder_rsi14_sma5_v1,61.57,53.34,True,True,8.24
8393,8393.T,宮崎銀行,2024-05,CONTINUE,4,63.8,71.99,True,True,8.19,2024-02,567.4,686.0,686.0,20.9,546.53,534.0,518.49,True,True,True,True,True,False,True,133650.0,607.0,-6.52,False,1.15,1.93,1.04,False,2,True,9.76,2.09,False,False,,tv_wilder_rsi14_sma5_v1,71.99,63.8,True,True,8.19
1980,1980.T,ダイダン,2024-05,CONTINUE,5,83.76,91.94,True,True,8.18,2024-01,547.0,1090.0,1090.0,99.27,498.6,488.14,471.08,True,True,True,True,True,True,True,954610.0,559.33,-2.21,False,0.52,2.19,1.12,False,2,True,24.58,6.16,False,False,,tv_wilder_rsi14_sma5_v1,91.94,83.76,True,True,8.18
7012,7012.T,川崎重工業,2024-05,CONTINUE,4,70.27,78.39,True,True,8.12,2024-02,826.6,1194.0,1194.0,44.45,726.62,669.78,688.82,True,True,True,False,True,True,True,10636683.0,860.0,-3.88,False,1.22,3.57,0.99,True,2,True,26.2,9.49,False,False,,tv_wilder_rsi14_sma5_v1,78.39,70.27,True,True,8.12
1945,1945.T,東京エネシス,2024-05,CONTINUE,6,70.16,78.24,True,True,8.08,2023-12,1046.0,1400.0,1400.0,33.84,1008.72,985.88,962.89,True,True,True,True,True,True,True,69043.0,1071.0,-2.33,False,0.84,2.14,0.77,True,2,True,9.57,3.13,False,False,,tv_wilder_rsi14_sma5_v1,78.24,70.16,True,True,8.08
4118,4118.T,カネカ,2024-05,CONTINUE,3,53.37,61.3,True,True,7.93,2024-03,3820.0,4223.0,4223.0,10.55,3737.8,3639.87,3822.32,True,True,False,False,True,True,False,224170.0,4288.0,-10.91,False,0.79,1.8,0.96,True,4,True,4.46,2.66,False,False,,tv_wilder_rsi14_sma5_v1,61.3,53.37,True,True,7.93
6787,6787.T,メイコー,2024-05,CONTINUE,7,65.95,73.8,True,True,7.85,2023-11,4355.0,7050.0,7050.0,61.88,3894.0,3533.43,3024.3,True,True,True,True,True,True,True,283967.0,4475.0,-2.68,False,0.69,3.25,0.79,True,2,True,45.0,0.73,False,False,,tv_wilder_rsi14_sma5_v1,73.8,65.95,True,True,7.85
4631,4631.T,ＤＩＣ,2024-05,CONTINUE,6,62.58,70.25,True,True,7.67,2023-12,2771.5,3252.0,3252.0,17.34,2501.22,2446.08,2489.45,True,True,True,False,True,True,True,356260.0,2820.5,-1.74,False,2.17,1.76,1.23,False,2,True,12.66,5.11,True,False,,tv_wilder_rsi14_sma5_v1,70.25,62.58,True,True,7.67
6101,6101.T,ツガミ,2024-05,CONTINUE,2,50.05,57.71,True,True,7.66,2024-04,1369.0,1449.0,1449.0,5.84,1206.4,1186.85,1185.74,True,True,True,True,True,True,False,311243.0,1458.0,-6.1,False,1.23,3.45,1.12,False,3,True,13.7,7.54,False,False,,tv_wilder_rsi14_sma5_v1,57.71,50.05,True,True,7.66
6841,6841.T,横河電機,2024-05,CONTINUE,5,69.92,77.45,True,True,7.53,2024-01,2924.0,4036.0,4036.0,38.03,2853.48,2811.69,2707.22,True,True,True,True,True,True,True,647377.0,3165.0,-7.61,False,0.81,1.85,0.93,True,2,True,19.5,2.82,False,False,,tv_wilder_rsi14_sma5_v1,77.45,69.92,True,True,7.53
7508,7508.T,Ｇ－７ホールディングス,2024-05,CONTINUE,7,52.33,59.83,True,True,7.51,2023-11,1203.0,1586.0,1586.0,31.84,1167.8,1214.23,1302.65,True,False,False,False,False,False,False,75817.0,1670.0,-27.96,False,0.79,1.43,0.8,True,4,False,-10.18,1.93,False,False,,tv_wilder_rsi14_sma5_v1,59.83,52.33,True,True,7.51
9902,9902.T,日伝,2024-05,NEW,1,64.23,71.71,False,True,7.48,2024-05,3225.0,3225.0,3225.0,0.0,2827.8,2712.05,2664.39,True,True,True,True,True,True,True,39020.0,3260.0,-1.07,False,1.87,2.85,1.06,False,2,True,28.69,7.11,True,False,,tv_wilder_rsi14_sma5_v1,71.71,64.23,True,False,7.48
3393,3393.T,スターティアホールディングス,2024-05,NEW,1,56.87,64.32,True,True,7.45,2024-05,2087.0,2087.0,2087.0,0.0,1740.72,1571.69,1509.76,True,True,True,True,True,True,True,222907.0,2113.0,-1.23,False,0.64,4.51,0.75,True,1,True,46.16,14.48,False,False,,tv_wilder_rsi14_sma5_v1,64.32,56.87,True,True,7.45
4109,4109.T,ステラケミファ,2024-05,CONTINUE,8,71.07,78.49,True,True,7.43,2023-10,3180.0,4320.0,4320.0,35.85,3145.6,3127.61,2889.41,True,True,True,True,False,True,True,34273.0,3315.0,-4.07,False,1.41,1.8,1.0,False,2,False,13.43,-0.48,False,False,,tv_wilder_rsi14_sma5_v1,78.49,71.07,True,True,7.43
6005,6005.T,三浦工業,2024-05,NEW,1,42.54,49.93,True,True,7.39,2024-05,3240.0,3240.0,3240.0,0.0,2755.3,2848.69,2927.64,True,True,True,False,True,True,False,676527.0,4010.0,-19.2,False,1.25,3.9,0.92,True,3,True,0.01,5.04,True,False,,tv_wilder_rsi14_sma5_v1,49.93,42.54,True,True,7.39
7167,7167.T,めぶきフィナンシャルグループ,2024-05,CONTINUE,4,76.84,84.23,True,True,7.39,2024-02,467.8,629.8,629.8,34.63,440.42,441.67,403.93,True,True,True,False,True,True,True,3286173.0,479.3,-2.4,False,1.15,2.6,1.14,False,2,True,18.6,1.96,False,False,,tv_wilder_rsi14_sma5_v1,84.23,76.84,True,True,7.39
8022,8022.T,美津濃,2024-05,CONTINUE,4,79.85,87.2,True,True,7.35,2024-02,1753.33,2716.67,2716.67,54.94,1615.27,1433.07,1393.28,True,True,True,True,True,True,True,355020.0,1836.67,-4.54,False,1.26,3.78,0.97,True,2,True,40.73,6.86,False,False,,tv_wilder_rsi14_sma5_v1,87.2,79.85,True,True,7.35
8392,8392.T,大分銀行,2024-05,CONTINUE,4,67.7,75.03,True,True,7.33,2024-02,556.6,702.0,702.0,26.12,531.27,521.57,495.31,True,True,True,True,True,False,True,152033.0,579.8,-4.0,False,1.28,2.02,1.08,False,2,True,17.42,1.49,False,False,,tv_wilder_rsi14_sma5_v1,75.03,67.7,True,True,7.33
2737,2737.T,トーメンデバイス,2024-05,CONTINUE,8,60.33,67.61,True,True,7.28,2023-10,5010.0,7050.0,7050.0,40.72,4902.6,4934.47,5631.5,True,True,False,False,False,False,False,25330.0,7170.0,-30.13,False,1.72,2.67,1.07,False,4,True,-7.08,0.21,False,False,,tv_wilder_rsi14_sma5_v1,67.61,60.33,True,True,7.28
5830,5830.T,いよぎんホールディングス,2024-05,CONTINUE,2,75.42,82.69,True,True,7.27,2024-04,1206.0,1477.5,1477.5,22.51,1161.8,1095.94,1031.96,True,True,True,True,True,True,True,1105847.0,1244.0,-3.05,False,0.8,3.22,1.01,False,2,True,29.88,1.11,False,False,,tv_wilder_rsi14_sma5_v1,82.69,75.42,True,True,7.27
6098,6098.T,リクルートホールディングス,2024-05,CONTINUE,7,65.24,72.48,True,True,7.24,2023-11,5505.0,7948.0,7948.0,44.38,4860.24,4855.97,4430.94,True,True,True,True,True,True,True,4973837.0,5648.0,-2.53,False,1.09,3.39,0.93,True,2,True,23.38,9.14,False,False,,tv_wilder_rsi14_sma5_v1,72.48,65.24,True,True,7.24
3154,3154.T,メディアスホールディングス,2024-05,CONTINUE,3,48.19,55.42,True,True,7.23,2024-03,790.0,878.0,878.0,11.14,751.68,753.59,772.42,True,True,True,False,True,False,False,15527.0,936.0,-15.6,False,1.36,1.78,0.74,True,3,True,0.63,1.29,False,False,,tv_wilder_rsi14_sma5_v1,55.42,48.19,True,True,7.23
4251,4251.T,恵和,2024-05,NEW,1,45.31,52.48,True,True,7.17,2024-05,1540.0,1540.0,1540.0,0.0,1315.04,1195.75,1250.58,True,True,True,False,True,False,True,286167.0,1597.0,-3.57,False,1.29,5.5,0.98,True,2,True,34.83,16.57,False,False,,tv_wilder_rsi14_sma5_v1,52.48,45.31,True,True,7.17
4674,4674.T,クレスコ,2024-05,NEW,1,57.42,64.55,True,True,7.14,2024-05,1217.0,1217.0,1217.0,0.0,1080.88,1043.72,966.88,True,True,True,True,True,True,True,67960.0,1188.5,2.4,True,1.09,2.76,0.97,True,2,True,23.64,3.48,False,True,BREAKOUT,tv_wilder_rsi14_sma5_v1,64.55,57.42,True,True,7.14
6167,6167.T,冨士ダイス,2024-05,NEW,1,55.58,62.65,True,True,7.07,2024-05,788.0,788.0,788.0,0.0,719.0,695.28,672.03,True,True,True,True,True,True,True,92113.0,800.0,-1.5,False,1.01,2.72,1.0,False,2,True,16.45,8.44,False,False,,tv_wilder_rsi14_sma5_v1,62.65,55.58,True,True,7.07
3921,3921.T,ネオジャパン,2024-05,CONTINUE,7,56.32,63.36,True,False,7.04,2023-11,1038.0,1473.0,1473.0,41.91,1001.16,1021.57,984.95,True,True,True,False,True,False,True,15203.0,1172.0,-11.43,False,0.58,1.97,1.18,False,2,True,2.05,0.78,False,False,,tv_wilder_rsi14_sma5_v1,63.36,56.32,False,True,7.04
7826,7826.T,フルヤ金属,2024-05,CONTINUE,4,56.97,64.0,True,True,7.03,2024-02,3400.0,4283.33,4283.33,25.98,3215.47,3166.44,3289.75,True,True,True,False,True,False,True,276290.0,4223.33,-19.49,False,0.91,2.75,1.13,False,1,True,5.22,5.95,False,False,,tv_wilder_rsi14_sma5_v1,64.0,56.97,True,True,7.03
4613,4613.T,関西ペイント,2024-05,NEW,1,52.68,59.7,True,True,7.02,2024-05,2620.0,2620.0,2620.0,0.0,2181.06,2184.14,2272.6,True,True,True,False,True,False,False,1564237.0,2645.5,-0.96,False,2.02,2.37,1.11,False,1,True,16.5,4.93,True,False,,tv_wilder_rsi14_sma5_v1,59.7,52.68,True,True,7.02
3405,3405.T,クラレ,2024-05,CONTINUE,3,64.41,71.39,True,True,6.98,2024-03,1645.0,1910.5,1910.5,16.14,1542.64,1505.2,1532.2,True,True,True,False,True,True,True,1446827.0,1808.0,-9.02,False,0.86,2.03,1.01,False,2,True,16.54,4.82,False,False,,tv_wilder_rsi14_sma5_v1,71.39,64.41,True,True,6.98
7186,7186.T,横浜フィナンシャルグループ,2024-05,CONTINUE,4,73.98,80.94,True,True,6.96,2024-02,758.0,944.5,944.5,24.6,714.06,688.5,646.6,True,True,True,True,True,True,True,3675570.0,782.9,-3.18,False,1.08,2.54,1.13,False,2,True,22.31,3.44,False,False,,tv_wilder_rsi14_sma5_v1,80.94,73.98,True,True,6.96
2875,2875.T,東洋水産,2024-05,CONTINUE,8,74.31,81.25,True,True,6.94,2023-10,6960.0,11310.0,11310.0,62.5,6025.96,5992.57,5857.77,True,True,True,True,True,False,True,626137.0,6695.0,3.96,True,1.64,2.53,1.32,False,2,True,21.54,6.12,True,True,BOTH,tv_wilder_rsi14_sma5_v1,81.25,74.31,True,True,6.94
5020,5020.T,ＥＮＥＯＳホールディングス,2024-05,CONTINUE,5,71.85,78.78,True,True,6.93,2024-01,598.6,810.4,810.4,35.38,591.04,576.47,536.82,True,True,True,True,True,True,True,13865753.0,642.3,-6.8,False,1.15,1.67,0.86,True,2,True,18.09,0.28,False,False,,tv_wilder_rsi14_sma5_v1,78.78,71.85,True,True,6.93
8331,8331.T,千葉銀行,2024-05,CONTINUE,4,73.14,80.07,True,True,6.93,2024-02,1218.0,1493.5,1493.5,22.62,1126.04,1090.15,1026.55,True,True,True,True,True,True,True,2433967.0,1254.0,-2.87,False,1.38,2.64,1.1,False,2,True,20.0,4.55,False,False,,tv_wilder_rsi14_sma5_v1,80.07,73.14,True,True,6.93
8088,8088.T,岩谷産業,2024-05,CONTINUE,4,67.37,74.26,True,True,6.89,2024-02,1861.25,2279.75,2279.75,22.48,1752.44,1701.79,1785.06,True,True,True,False,True,False,True,1071653.0,2010.0,-7.4,False,0.69,2.47,0.77,True,1,True,10.31,3.48,False,False,,tv_wilder_rsi14_sma5_v1,74.26,67.37,True,True,6.89
8381,8381.T,山陰合同銀行,2024-05,CONTINUE,5,78.1,84.99,True,True,6.89,2024-01,1046.0,1457.0,1457.0,39.29,1018.04,997.23,906.45,True,True,True,True,True,True,True,285093.0,1079.0,-3.06,False,1.02,1.52,0.91,True,2,True,20.81,0.64,False,False,,tv_wilder_rsi14_sma5_v1,84.99,78.1,True,True,6.89
6517,6517.T,デンヨー,2024-05,CONTINUE,7,68.39,75.23,True,True,6.84,2023-11,2160.0,2670.0,2670.0,23.61,2185.96,2127.88,1957.4,False,True,True,True,True,True,True,31597.0,2279.0,-5.22,False,0.78,2.76,1.02,False,2,True,21.0,-1.45,False,False,,tv_wilder_rsi14_sma5_v1,75.23,68.39,True,True,6.84
9324,9324.T,安田倉庫,2024-05,CONTINUE,3,74.51,81.32,True,True,6.81,2024-03,1220.0,1466.0,1466.0,20.16,1220.6,1198.95,1099.69,False,True,True,True,True,True,True,74703.0,1277.0,-4.46,False,1.53,1.97,0.97,True,2,True,16.06,0.24,False,False,,tv_wilder_rsi14_sma5_v1,81.32,74.51,True,True,6.81
8541,8541.T,愛媛銀行,2024-05,CONTINUE,5,63.92,70.63,True,True,6.71,2024-01,1060.0,1300.0,1300.0,22.64,1030.28,1033.52,928.6,True,True,True,False,True,True,True,45993.0,1167.0,-9.17,False,1.02,1.74,1.04,False,2,True,13.55,-0.06,False,False,,tv_wilder_rsi14_sma5_v1,70.63,63.92,True,True,6.71
8059,8059.T,第一実業,2024-05,CONTINUE,4,67.73,74.39,True,True,6.66,2024-02,1989.0,2371.0,2371.0,19.21,1916.68,1920.88,1881.52,True,True,True,False,False,True,True,51700.0,2078.0,-4.28,False,0.68,2.15,0.96,True,1,True,7.71,1.92,False,False,,tv_wilder_rsi14_sma5_v1,74.39,67.73,True,True,6.66
6323,6323.T,ローツェ,2024-05,CONTINUE,7,78.76,85.4,True,True,6.64,2023-11,1456.0,3025.0,3025.0,107.76,1292.04,1164.95,1123.12,True,True,True,True,True,True,True,3191267.0,1455.0,0.07,True,0.67,3.49,0.9,True,2,True,38.9,5.52,False,True,BREAKOUT,tv_wilder_rsi14_sma5_v1,85.4,78.76,True,True,6.64
8308,8308.T,りそなホールディングス,2024-05,CONTINUE,4,69.55,76.19,True,True,6.64,2024-02,816.0,1084.0,1084.0,32.84,814.07,775.89,754.87,True,True,True,True,True,True,True,12541500.0,898.1,-9.14,False,1.01,2.4,1.02,False,2,True,10.39,0.78,False,False,,tv_wilder_rsi14_sma5_v1,76.19,69.55,True,True,6.64
6674,6674.T,ジーエス・ユアサコーポレーション,2024-05,CONTINUE,4,57.7,64.28,True,True,6.59,2024-02,2815.0,3335.0,3335.0,18.47,2460.64,2251.57,2502.89,True,True,True,False,True,True,True,1442053.0,2932.5,-4.01,False,0.71,2.69,0.86,True,1,True,16.5,10.12,False,False,,tv_wilder_rsi14_sma5_v1,64.28,57.7,True,True,6.59
7184,7184.T,富山第一銀行,2024-05,CONTINUE,4,71.34,77.91,True,True,6.57,2024-02,953.0,1183.0,1183.0,24.13,855.92,819.97,818.31,True,True,True,True,True,False,True,350690.0,1074.0,-11.27,False,1.1,2.79,1.04,False,2,True,28.41,7.07,False,False,,tv_wilder_rsi14_sma5_v1,77.91,71.34,True,True,6.57
8377,8377.T,ほくほくフィナンシャルグループ,2024-05,CONTINUE,4,74.5,81.05,True,True,6.55,2024-02,1725.0,2264.0,2264.0,31.25,1614.88,1586.93,1426.1,True,True,True,True,True,False,True,349033.0,1898.0,-9.11,False,1.1,3.11,1.11,False,2,True,34.93,3.89,False,False,,tv_wilder_rsi14_sma5_v1,81.05,74.5,True,True,6.55
8386,8386.T,百十四銀行,2024-05,CONTINUE,4,68.29,74.84,True,True,6.55,2024-02,702.75,863.75,863.75,22.91,655.77,634.6,580.38,True,True,True,True,True,False,True,277547.0,753.75,-6.77,False,0.82,2.05,0.96,True,2,True,28.62,4.75,False,False,,tv_wilder_rsi14_sma5_v1,74.84,68.29,True,True,6.55
9755,9755.T,応用地質,2024-05,CONTINUE,4,56.51,63.02,True,True,6.52,2024-02,2246.0,2700.0,2700.0,20.21,2252.52,2144.12,2251.07,False,True,False,False,True,False,True,52327.0,2845.0,-21.05,False,0.75,3.6,0.89,True,1,True,4.95,3.51,False,False,,tv_wilder_rsi14_sma5_v1,63.02,56.51,True,True,6.52
5185,5185.T,フコク,2024-05,CONTINUE,4,73.91,80.37,True,True,6.47,2024-02,1693.0,2101.0,2101.0,24.1,1519.28,1415.99,1398.77,True,True,True,True,True,True,True,79440.0,1705.0,-0.7,False,1.42,2.48,1.08,False,2,True,35.13,8.49,False,False,,tv_wilder_rsi14_sma5_v1,80.37,73.91,True,True,6.47
9068,9068.T,丸全昭和運輸,2024-05,CONTINUE,6,72.89,79.36,True,True,6.47,2023-12,3910.0,5190.0,5190.0,32.74,3766.6,3807.33,3743.12,True,True,True,False,False,False,True,26057.0,4225.0,-7.46,False,0.86,1.92,1.06,False,2,True,12.04,1.71,False,False,,tv_wilder_rsi14_sma5_v1,79.36,72.89,True,True,6.47
8544,8544.T,京葉銀行,2024-05,CONTINUE,5,70.65,77.1,True,True,6.45,2024-01,727.0,880.0,880.0,21.05,696.24,691.19,622.58,True,True,True,True,False,True,True,402827.0,742.0,-2.02,False,0.91,2.01,1.0,False,2,True,20.62,3.02,False,False,,tv_wilder_rsi14_sma5_v1,77.1,70.65,True,True,6.45
3048,3048.T,ビックカメラ,2024-05,CONTINUE,2,64.76,71.19,True,True,6.43,2024-04,1531.0,1571.0,1571.0,2.61,1433.6,1356.28,1225.32,True,True,True,True,True,True,True,813220.0,1648.0,-7.1,False,1.31,3.94,0.99,True,2,True,30.09,4.69,False,False,,tv_wilder_rsi14_sma5_v1,71.19,64.76,True,True,6.43
6194,6194.T,アトラエ,2024-05,NEW,1,33.14,39.54,True,True,6.4,2024-05,680.0,680.0,680.0,0.0,521.72,478.8,725.58,True,True,False,False,True,False,False,531073.0,1187.0,-42.71,False,1.81,5.58,1.08,False,4,True,1.3,18.02,False,False,,tv_wilder_rsi14_sma5_v1,39.54,33.14,True,True,6.4
5233,5233.T,太平洋セメント,2024-05,CONTINUE,6,69.37,75.76,True,True,6.39,2023-12,2906.0,3916.0,3916.0,34.76,2755.8,2687.89,2652.78,True,True,True,True,True,False,True,477050.0,3038.0,-4.34,False,1.02,1.83,1.02,False,2,True,16.69,3.89,False,False,,tv_wilder_rsi14_sma5_v1,75.76,69.37,True,True,6.39
9962,9962.T,ミスミグループ本社,2024-05,CONTINUE,2,41.44,47.81,True,True,6.37,2024-04,2583.0,2697.0,2697.0,4.41,2230.5,2288.67,2382.98,True,True,True,False,True,True,False,1931637.0,3590.0,-28.05,False,1.08,3.76,1.24,False,3,True,-0.91,4.33,True,False,,tv_wilder_rsi14_sma5_v1,47.81,41.44,True,True,6.37
7599,7599.T,ＩＤＯＭ,2024-05,CONTINUE,3,63.5,69.86,True,False,6.36,2024-03,1036.0,1333.0,1333.0,28.67,972.84,927.37,867.74,True,True,True,True,True,True,True,626797.0,1069.0,-3.09,False,0.75,2.38,0.88,True,2,True,20.58,6.13,False,False,,tv_wilder_rsi14_sma5_v1,69.86,63.5,False,True,6.36
1968,1968.T,太平電業,2024-05,NEW,1,68.46,74.8,True,True,6.34,2024-05,1766.67,1766.67,1766.67,0.0,1553.4,1497.36,1411.66,True,True,True,True,True,True,True,138220.0,1696.67,4.13,True,1.18,3.59,0.9,True,2,True,29.42,7.64,True,True,BOTH,tv_wilder_rsi14_sma5_v1,74.8,68.46,True,True,6.34
4182,4182.T,三菱瓦斯化学,2024-05,CONTINUE,7,67.26,73.59,True,True,6.34,2023-11,2337.5,2947.0,2947.0,26.07,2182.16,2075.51,2033.46,True,True,True,True,True,True,True,1067780.0,2359.5,-0.93,False,0.93,2.0,0.83,True,2,True,19.78,5.02,False,False,,tv_wilder_rsi14_sma5_v1,73.59,67.26,True,True,6.34
9740,9740.T,セントラル警備保障,2024-05,CONTINUE,4,48.39,54.72,True,True,6.33,2024-02,2541.0,2935.0,2935.0,15.51,2563.28,2518.99,2752.43,False,True,False,False,True,False,False,22293.0,3260.0,-22.06,False,1.21,1.61,0.95,True,4,True,-3.31,0.69,False,False,,tv_wilder_rsi14_sma5_v1,54.72,48.39,True,True,6.33
6544,6544.T,ｼﾞｬﾊﾟﾝｴﾚﾍﾞｰﾀｰｻｰﾋﾞｽﾎｰﾙﾃﾞｨﾝｸﾞｽ,2024-05,CONTINUE,4,59.31,65.63,True,True,6.32,2024-02,1202.5,1422.5,1422.5,18.3,1109.7,1122.37,1050.49,True,True,True,False,False,True,True,629427.0,1226.5,-1.96,False,1.04,4.16,1.07,False,2,True,11.6,-4.0,False,False,,tv_wilder_rsi14_sma5_v1,65.63,59.31,True,True,6.32
4665,4665.T,ダスキン,2024-05,NEW,1,62.7,69.0,True,True,6.3,2024-05,3649.0,3649.0,3649.0,0.0,3376.48,3328.77,3311.03,True,True,True,True,True,False,True,104107.0,3633.0,0.44,True,1.16,2.06,1.19,False,2,True,11.24,4.91,False,True,BREAKOUT,tv_wilder_rsi14_sma5_v1,69.0,62.7,True,True,6.3
8338,8338.T,筑波銀行,2024-05,CONTINUE,3,64.18,70.47,True,True,6.3,2024-03,304.0,336.0,336.0,10.53,295.04,263.4,251.19,True,True,True,True,True,True,True,977193.0,341.0,-10.85,False,0.65,3.64,0.71,True,2,True,30.5,2.19,False,False,,tv_wilder_rsi14_sma5_v1,70.47,64.18,True,True,6.3
5991,5991.T,日本発条,2024-05,CONTINUE,6,75.12,81.41,True,True,6.29,2023-12,1197.0,1744.0,1744.0,45.7,1128.66,1122.34,1060.01,True,True,True,True,False,True,True,401690.0,1206.0,-0.75,False,1.22,2.32,1.0,False,2,True,19.0,3.59,False,False,,tv_wilder_rsi14_sma5_v1,81.41,75.12,True,True,6.29
2121,2121.T,ＭＩＸＩ,2024-05,NEW,1,52.87,59.14,True,True,6.27,2024-05,2867.0,2867.0,2867.0,0.0,2630.36,2576.03,2462.32,True,True,True,True,True,True,True,373390.0,2868.0,-0.03,False,0.76,1.94,0.77,True,1,True,14.87,6.38,False,False,,tv_wilder_rsi14_sma5_v1,59.14,52.87,True,True,6.27
7294,7294.T,ヨロズ,2024-05,CONTINUE,5,53.12,59.34,True,True,6.23,2024-01,954.0,1098.0,1098.0,15.09,886.2,889.73,894.69,True,True,True,False,True,False,True,58840.0,1008.0,-5.36,False,0.86,1.66,0.97,True,2,True,13.12,4.45,False,False,,tv_wilder_rsi14_sma5_v1,59.34,53.12,True,True,6.23
8334,8334.T,群馬銀行,2024-05,CONTINUE,4,80.46,86.63,True,True,6.16,2024-02,807.8,1081.5,1081.5,33.88,759.35,725.51,653.22,True,True,True,True,True,True,True,1009907.0,831.1,-2.8,False,1.24,2.6,0.95,True,2,True,32.29,1.83,False,False,,tv_wilder_rsi14_sma5_v1,86.63,80.46,True,True,6.16
1944,1944.T,きんでん,2024-05,CONTINUE,17,82.31,88.46,True,True,6.15,2023-01,1486.0,3348.0,3348.0,125.3,1416.48,1453.16,1499.71,True,True,False,False,False,False,False,181830.0,1707.0,-12.95,False,1.39,1.19,1.05,False,4,True,-4.97,2.12,True,False,,tv_wilder_rsi14_sma5_v1,88.46,82.31,True,True,6.15
7717,7717.T,ブイ・テクノロジー,2024-05,NEW,1,46.15,52.3,True,True,6.15,2024-05,3070.0,3070.0,3070.0,0.0,2784.96,2624.77,2466.2,True,True,True,True,True,True,True,92040.0,3220.0,-4.66,False,2.31,3.87,1.15,False,2,True,24.12,7.1,False,False,,tv_wilder_rsi14_sma5_v1,52.3,46.15,True,True,6.15
7309,7309.T,シマノ,2024-05,CONTINUE,3,51.42,57.53,True,False,6.11,2024-03,22725.0,25690.0,25690.0,13.05,21552.8,21593.27,21916.28,True,True,True,False,True,False,False,314527.0,24840.0,-8.51,False,0.65,2.01,0.99,True,1,True,5.07,4.45,False,False,,tv_wilder_rsi14_sma5_v1,57.53,51.42,False,True,6.11
3433,3433.T,トーカロ,2024-05,CONTINUE,7,71.03,77.13,True,True,6.09,2023-11,1438.0,1983.0,1983.0,37.9,1422.28,1403.29,1365.59,True,True,True,True,True,True,True,143743.0,1537.0,-6.44,False,0.61,1.71,0.8,True,2,True,7.9,-0.42,False,False,,tv_wilder_rsi14_sma5_v1,77.13,71.03,True,True,6.09
3176,3176.T,三洋貿易,2024-05,CONTINUE,4,64.43,70.5,True,True,6.07,2024-02,673.5,780.5,780.5,15.89,651.44,632.95,655.56,True,True,True,False,True,True,True,91367.0,728.5,-7.55,False,0.86,2.17,1.01,False,1,True,6.91,2.73,False,False,,tv_wilder_rsi14_sma5_v1,70.5,64.43,True,True,6.07
4022,4022.T,ラサ工業,2024-05,CONTINUE,7,65.36,71.41,True,True,6.05,2023-11,426.4,603.0,603.0,41.42,405.48,406.19,415.32,True,True,True,False,True,False,True,235150.0,455.0,-6.29,False,1.03,2.39,1.08,False,1,True,2.02,3.24,False,False,,tv_wilder_rsi14_sma5_v1,71.41,65.36,True,True,6.05
5713,5713.T,住友金属鉱山,2024-05,CONTINUE,3,50.78,56.82,True,False,6.04,2024-03,4588.0,5115.0,5115.0,11.49,4210.8,4158.85,4374.38,True,True,True,False,True,False,False,2006853.0,5315.0,-13.68,False,0.73,2.62,1.02,False,1,True,1.51,4.56,False,False,,tv_wilder_rsi14_sma5_v1,56.82,50.78,False,True,6.04
6533,6533.T,ＯｒｃｈｅｓｔｒａＨｏｌｄｉｎｇｓ,2024-05,NEW,1,38.21,44.25,True,True,6.04,2024-05,1298.0,1298.0,1298.0,0.0,1143.44,1051.11,1037.73,True,True,True,True,True,True,False,48433.0,1445.0,-10.17,False,0.91,7.04,1.28,False,1,True,18.26,12.54,False,False,,tv_wilder_rsi14_sma5_v1,44.25,38.21,True,True,6.04
5393,5393.T,ニチアス,2024-05,CONTINUE,7,78.63,84.65,True,True,6.02,2023-11,1051.67,1585.0,1585.0,50.71,1016.73,1010.2,952.72,True,True,True,True,True,True,True,354610.0,1066.67,-1.41,False,0.91,1.81,0.77,True,2,True,15.8,-0.01,False,False,,tv_wilder_rsi14_sma5_v1,84.65,78.63,True,True,6.02
7733,7733.T,オリンパス,2024-05,CONTINUE,7,49.63,55.65,True,True,6.02,2023-11,2166.0,2473.5,2473.5,14.2,2096.98,2000.72,2189.3,True,True,False,False,True,False,False,5653600.0,2868.5,-24.49,False,0.92,2.27,0.82,True,4,True,-0.92,7.86,False,False,,tv_wilder_rsi14_sma5_v1,55.65,49.63,True,True,6.02
3608,3608.T,ＴＳＩホールディングス,2024-05,CONTINUE,3,64.41,70.36,True,True,5.95,2024-03,801.0,891.0,891.0,11.24,709.44,716.63,744.97,True,True,True,False,True,False,True,367693.0,881.0,-9.08,False,0.62,3.13,0.95,True,2,True,13.76,7.58,False,False,,tv_wilder_rsi14_sma5_v1,70.36,64.41,True,True,5.95
4634,4634.T,ａｒｔｉｅｎｃｅ,2024-05,CONTINUE,17,81.03,86.91,True,True,5.88,2023-01,1862.0,3365.0,3365.0,80.72,1815.56,1859.83,1901.29,True,True,False,False,False,False,False,119103.0,2014.0,-7.55,False,0.87,0.82,0.89,True,4,True,-2.27,1.59,False,False,,tv_wilder_rsi14_sma5_v1,86.91,81.03,True,True,5.88
8418,8418.T,山口フィナンシャルグループ,2024-05,CONTINUE,4,80.82,86.68,True,True,5.86,2024-02,1519.0,1920.0,1920.0,26.4,1445.94,1352.06,1203.58,True,True,True,True,True,True,True,541887.0,1550.0,-2.0,False,1.19,2.49,1.0,False,2,True,38.33,2.14,False,False,,tv_wilder_rsi14_sma5_v1,86.68,80.82,True,True,5.86
4973,4973.T,日本高純度化学,2024-05,CONTINUE,5,64.92,70.78,True,True,5.85,2024-01,2629.0,3235.0,3235.0,23.05,2514.12,2505.32,2530.11,True,True,True,False,True,False,False,13203.0,2740.0,-4.05,False,1.8,1.78,1.15,False,1,True,4.87,2.86,False,False,,tv_wilder_rsi14_sma5_v1,70.78,64.92,True,True,5.85
5451,5451.T,ヨドコウ,2024-05,CONTINUE,5,83.9,89.75,True,True,5.85,2024-01,782.0,1144.0,1144.0,46.29,776.96,753.25,688.65,True,True,True,True,True,True,True,131900.0,820.0,-4.63,False,1.33,1.61,0.94,True,2,False,26.31,-1.35,False,False,,tv_wilder_rsi14_sma5_v1,89.75,83.9,True,True,5.85
7936,7936.T,アシックス,2024-05,CONTINUE,4,72.03,77.88,True,True,5.85,2024-02,1592.0,2175.0,2175.0,36.62,1318.98,1240.38,1183.65,True,True,True,True,True,True,True,6504307.0,1603.25,-0.7,False,0.95,3.77,0.94,True,2,True,45.14,12.39,False,False,,tv_wilder_rsi14_sma5_v1,77.88,72.03,True,True,5.85
6371,6371.T,椿本チエイン,2024-05,CONTINUE,6,80.12,85.91,True,True,5.8,2023-12,1348.33,1973.33,1973.33,46.35,1295.73,1285.8,1220.05,True,True,True,True,True,True,True,323950.0,1363.33,-1.1,False,0.55,1.49,0.98,True,2,True,16.2,2.72,False,False,,tv_wilder_rsi14_sma5_v1,85.91,80.12,True,True,5.8
5288,5288.T,アジアパイルホールディングス,2024-05,CONTINUE,5,70.8,76.55,True,True,5.76,2024-01,796.0,997.0,997.0,25.25,726.48,698.39,666.72,True,True,True,True,True,True,True,116903.0,791.0,0.63,True,1.72,2.4,1.17,False,2,True,21.16,2.0,False,True,BREAKOUT,tv_wilder_rsi14_sma5_v1,76.55,70.8,True,True,5.76
6448,6448.T,ブラザー工業,2024-05,CONTINUE,5,61.44,67.2,True,True,5.76,2024-01,2484.0,3017.0,3017.0,21.46,2398.3,2422.35,2306.6,True,True,True,False,False,False,True,939987.0,2606.5,-4.7,False,0.87,2.2,0.92,True,2,True,13.62,2.35,False,False,,tv_wilder_rsi14_sma5_v1,67.2,61.44,True,True,5.76
2884,2884.T,ヨシムラ・フード・ホールディングス,2024-05,CONTINUE,5,66.51,72.26,True,True,5.75,2024-01,1148.0,1618.0,1618.0,40.94,1037.24,1061.52,1031.72,True,True,True,False,False,False,False,246503.0,1459.0,-21.32,False,1.24,4.75,0.82,True,1,True,24.39,0.76,True,False,,tv_wilder_rsi14_sma5_v1,72.26,66.51,True,True,5.75
8551,8551.T,北日本銀行,2024-05,CONTINUE,3,63.63,69.36,True,True,5.73,2024-03,2470.0,2643.0,2643.0,7.0,2369.2,2221.12,2186.41,True,True,True,True,True,True,True,17850.0,2610.0,-5.36,False,1.05,2.85,0.94,True,2,True,18.0,4.38,False,False,,tv_wilder_rsi14_sma5_v1,69.36,63.63,True,True,5.73
6535,6535.T,アイモバイル,2024-05,NEW,1,50.88,56.61,True,True,5.72,2024-05,474.0,474.0,474.0,0.0,434.28,424.16,435.49,True,True,True,False,True,True,True,274963.0,488.0,-2.87,False,0.57,2.46,0.86,True,2,True,7.03,4.12,False,False,,tv_wilder_rsi14_sma5_v1,56.61,50.88,True,True,5.72
1333,1333.T,Ｕｍｉｏｓ,2024-05,CONTINUE,11,67.34,73.03,True,True,5.69,2023-07,822.33,1089.33,1089.33,32.47,819.27,829.64,813.56,True,False,True,False,False,True,True,521250.0,892.67,-7.88,False,0.77,1.31,0.79,True,2,True,1.08,0.08,False,False,,tv_wilder_rsi14_sma5_v1,73.03,67.34,True,True,5.69
1979,1979.T,大氣社,2024-05,CONTINUE,4,68.34,73.94,True,True,5.6,2024-02,2370.0,2610.0,2610.0,10.13,2290.1,2169.77,2137.45,True,True,True,True,True,True,True,246040.0,2447.5,-3.17,False,1.19,2.49,0.94,True,2,True,17.67,2.91,False,False,,tv_wilder_rsi14_sma5_v1,73.94,68.34,True,True,5.6
4587,4587.T,ペプチドリーム,2024-05,CONTINUE,6,43.7,49.29,True,False,5.59,2023-12,1486.5,1969.0,1969.0,32.46,1264.96,1350.5,1719.51,True,True,False,False,True,False,False,999883.0,2549.0,-41.68,False,1.76,4.1,1.18,False,4,True,-14.84,8.28,False,False,,tv_wilder_rsi14_sma5_v1,49.29,43.7,False,True,5.59
3401,3401.T,帝人,2024-05,CONTINUE,3,48.98,54.55,True,False,5.56,2024-03,1414.5,1528.0,1528.0,8.02,1341.56,1329.09,1389.65,True,True,True,False,True,True,False,1048690.0,1635.0,-13.49,False,0.71,2.43,1.0,True,1,True,2.26,2.94,False,False,,tv_wilder_rsi14_sma5_v1,54.55,48.98,False,True,5.56
5602,5602.T,栗本鐵工所,2024-05,CONTINUE,3,77.1,82.67,True,True,5.56,2024-03,814.0,1000.0,1000.0,22.85,734.8,686.69,595.28,True,True,True,True,True,True,True,196150.0,803.0,1.37,True,0.75,2.84,0.82,True,2,True,63.96,9.26,False,False,,tv_wilder_rsi14_sma5_v1,82.67,77.1,True,True,5.56
7637,7637.T,白銅,2024-05,CONTINUE,7,58.64,64.19,True,True,5.54,2023-11,2299.0,2901.0,2901.0,26.19,2213.64,2262.0,2391.89,True,True,False,False,True,False,False,25237.0,2752.0,-16.46,False,0.47,1.19,0.84,True,4,True,-4.61,2.48,False,False,,tv_wilder_rsi14_sma5_v1,64.19,58.64,True,True,5.54
6728,6728.T,アルバック,2024-05,CONTINUE,7,71.4,76.92,True,True,5.53,2023-11,6508.0,11200.0,11200.0,72.1,6014.84,5693.56,5670.27,True,True,True,True,True,True,True,371267.0,6825.0,-4.64,False,0.82,2.49,0.69,True,2,True,15.18,6.57,False,False,,tv_wilder_rsi14_sma5_v1,76.92,71.4,True,True,5.53
7740,7740.T,タムロン,2024-05,CONTINUE,6,83.24,88.77,True,True,5.53,2023-12,665.0,1105.0,1105.0,66.17,622.55,567.12,508.39,True,True,True,True,True,True,True,1361067.0,701.25,-5.17,False,0.69,3.36,0.94,True,2,True,38.92,4.98,False,False,,tv_wilder_rsi14_sma5_v1,88.77,83.24,True,True,5.53
8309,8309.T,三井住友トラストグループ,2024-05,CONTINUE,5,76.31,81.83,True,True,5.52,2024-01,3041.0,3643.0,3643.0,19.8,2848.64,2786.63,2685.15,True,True,True,True,True,False,True,2310610.0,3061.5,-0.67,False,1.03,1.8,0.93,True,2,True,18.14,2.38,True,True,MVP,tv_wilder_rsi14_sma5_v1,81.83,76.31,True,True,5.52
7874,7874.T,レック,2024-05,CONTINUE,12,59.1,64.59,True,True,5.49,2023-06,866.0,1228.0,1228.0,41.8,831.16,841.95,864.61,True,True,True,False,False,False,True,43730.0,1020.0,-15.1,False,0.75,1.44,0.99,True,2,True,11.89,4.21,False,False,,tv_wilder_rsi14_sma5_v1,64.59,59.1,True,True,5.49
3402,3402.T,東レ,2024-05,NEW,1,49.7,55.17,True,True,5.47,2024-05,785.8,785.8,785.8,0.0,756.97,726.69,747.14,True,True,True,False,True,True,False,7719483.0,845.7,-7.08,False,0.77,2.39,0.82,True,1,True,6.52,2.79,False,False,,tv_wilder_rsi14_sma5_v1,55.17,49.7,True,True,5.47
8129,8129.T,東邦ホールディングス,2024-05,CONTINUE,3,73.21,78.67,True,True,5.47,2024-03,3639.0,3971.0,3971.0,9.12,3356.12,3280.88,3093.0,True,True,True,True,True,True,True,292547.0,3643.0,-0.11,False,1.01,1.58,0.88,True,2,True,27.93,4.6,False,False,,tv_wilder_rsi14_sma5_v1,78.67,73.21,True,True,5.47
4025,4025.T,多木化学,2024-05,CONTINUE,4,41.54,47.01,True,True,5.46,2024-02,3585.0,4030.0,4030.0,12.41,3366.0,3296.27,3697.0,True,True,False,False,True,True,False,19157.0,4820.0,-25.62,False,0.84,3.25,1.17,False,4,True,-2.33,6.86,False,False,,tv_wilder_rsi14_sma5_v1,47.01,41.54,True,True,5.46
6753,6753.T,シャープ,2024-05,NEW,1,42.74,48.2,True,True,5.46,2024-05,970.2,970.2,970.2,0.0,872.75,839.13,913.88,True,True,True,False,True,False,True,4898863.0,1144.5,-15.23,False,1.57,4.68,1.17,False,2,True,11.0,8.3,True,False,,tv_wilder_rsi14_sma5_v1,48.2,42.74,True,True,5.46
2753,2753.T,あみやき亭,2024-05,CONTINUE,9,80.17,85.62,True,False,5.45,2023-09,1250.0,2100.0,2100.0,68.0,1198.73,1161.31,1104.08,True,True,True,True,True,True,True,32590.0,1291.67,-3.23,False,1.48,1.8,1.06,False,2,True,17.28,2.04,False,False,,tv_wilder_rsi14_sma5_v1,85.62,80.17,False,True,5.45
6586,6586.T,マキタ,2024-05,CONTINUE,3,56.9,62.34,True,True,5.44,2024-03,4271.0,4633.0,4633.0,8.48,4028.56,3928.8,3926.57,True,True,True,True,True,True,True,826770.0,4687.0,-8.88,False,0.67,2.36,0.88,True,1,True,14.48,3.52,False,False,,tv_wilder_rsi14_sma5_v1,62.34,56.9,True,True,5.44
4275,4275.T,カーリット,2024-05,CONTINUE,5,74.35,79.76,True,True,5.41,2024-01,973.0,1219.0,1219.0,25.28,928.76,938.03,859.92,True,True,True,False,True,False,True,61820.0,1020.0,-4.61,False,0.99,1.59,1.06,False,2,True,20.36,2.94,False,False,,tv_wilder_rsi14_sma5_v1,79.76,74.35,True,True,5.41
7337,7337.T,ひろぎんホールディングス,2024-05,CONTINUE,5,80.47,85.82,True,True,5.35,2024-01,996.4,1277.0,1277.0,28.16,940.82,939.5,863.13,True,True,True,True,True,True,True,670293.0,1007.0,-1.05,False,1.08,1.7,0.99,True,2,True,26.95,2.75,False,False,,tv_wilder_rsi14_sma5_v1,85.82,80.47,True,True,5.35
8354,8354.T,ふくおかフィナンシャルグループ,2024-05,CONTINUE,4,69.26,74.58,True,True,5.33,2024-02,3884.0,4579.0,4579.0,17.89,3660.88,3513.27,3352.84,True,True,True,True,True,False,True,1086963.0,4164.0,-6.72,False,1.33,2.86,1.03,False,2,True,21.34,3.47,False,False,,tv_wilder_rsi14_sma5_v1,74.58,69.26,True,True,5.33
3333,3333.T,あさひ,2024-05,CONTINUE,5,53.38,58.67,True,False,5.3,2024-01,1305.0,1424.0,1424.0,9.12,1284.0,1287.12,1281.88,True,True,True,False,False,True,False,66423.0,1409.0,-7.38,False,0.71,0.88,0.84,True,3,True,1.06,0.79,False,False,,tv_wilder_rsi14_sma5_v1,58.67,53.38,False,True,5.3
7327,7327.T,第四北越フィナンシャルグループ,2024-05,CONTINUE,5,77.67,82.96,True,True,5.29,2024-01,685.83,838.33,838.33,22.24,654.7,650.77,592.0,True,True,True,True,False,True,True,728520.0,699.17,-1.91,False,1.49,1.84,1.09,False,2,True,25.08,2.1,False,False,,tv_wilder_rsi14_sma5_v1,82.96,77.67,True,True,5.29
8316,8316.T,三井住友フィナンシャルグループ,2024-05,CONTINUE,4,80.65,85.93,True,True,5.28,2024-02,2781.33,3430.0,3430.0,23.32,2611.4,2455.54,2284.53,True,True,True,True,True,True,True,23257180.0,2851.67,-2.47,False,1.12,1.96,1.25,False,2,True,28.79,3.66,False,False,,tv_wilder_rsi14_sma5_v1,85.93,80.65,True,True,5.28
1860,1860.T,戸田建設,2024-05,CONTINUE,14,73.53,78.79,True,True,5.26,2023-04,793.0,1089.5,1089.5,37.39,710.8,703.83,712.05,True,True,True,False,True,True,True,715230.0,791.0,0.25,True,1.31,1.78,1.28,False,2,True,9.87,6.33,False,False,,tv_wilder_rsi14_sma5_v1,78.79,73.53,True,True,5.26
6620,6620.T,宮越ホールディングス,2024-05,NEW,1,60.27,65.5,True,True,5.23,2024-05,1586.0,1586.0,1586.0,0.0,1370.68,1271.61,1179.84,True,True,True,True,True,True,True,79947.0,1645.0,-3.59,False,0.75,5.64,0.74,True,2,True,48.21,11.72,False,False,,tv_wilder_rsi14_sma5_v1,65.5,60.27,True,True,5.23
5947,5947.T,リンナイ,2024-05,CONTINUE,7,57.14,62.35,True,True,5.21,2023-11,3005.0,3769.0,3769.0,25.42,2888.7,2830.25,3031.65,True,True,False,False,True,False,False,606140.0,3503.33,-14.22,False,0.84,1.77,0.89,True,4,True,-1.8,3.81,False,False,,tv_wilder_rsi14_sma5_v1,62.35,57.14,True,True,5.21
6370,6370.T,栗田工業,2024-05,CONTINUE,6,59.66,64.87,True,True,5.2,2023-12,5520.0,6720.0,6720.0,21.74,5284.36,5064.19,5478.66,True,True,True,False,True,False,False,1094430.0,6310.0,-12.52,False,0.28,2.36,0.74,True,3,True,0.88,5.99,False,False,,tv_wilder_rsi14_sma5_v1,64.87,59.66,True,True,5.2
9824,9824.T,泉州電業,2024-05,CONTINUE,5,68.45,73.64,True,False,5.19,2024-01,3770.0,5430.0,5430.0,44.03,3428.2,3327.33,3459.0,True,True,True,False,True,True,True,85913.0,4155.0,-9.27,False,0.86,2.79,1.19,False,2,True,13.51,6.21,False,False,,tv_wilder_rsi14_sma5_v1,73.64,68.45,False,True,5.19
1814,1814.T,大末建設,2024-05,CONTINUE,5,65.74,70.92,True,True,5.18,2024-01,1436.0,1780.0,1780.0,23.96,1386.08,1359.25,1354.69,True,True,True,True,True,False,True,42767.0,1563.0,-8.13,False,1.52,1.01,0.73,True,2,True,10.48,1.12,False,False,,tv_wilder_rsi14_sma5_v1,70.92,65.74,True,True,5.18
3864,3864.T,三菱製紙,2024-05,NEW,1,64.0,69.17,True,True,5.17,2024-05,744.0,744.0,744.0,0.0,677.48,618.33,576.29,True,True,True,True,True,True,True,521630.0,801.0,-7.12,False,0.52,4.87,0.78,True,2,True,35.48,6.69,False,False,,tv_wilder_rsi14_sma5_v1,69.17,64.0,True,True,5.17
7951,7951.T,ヤマハ,2024-05,CONTINUE,2,30.2,35.34,True,True,5.14,2024-04,1112.33,1189.67,1189.67,6.95,1082.89,1088.35,1267.0,True,True,False,False,True,True,False,2843730.0,1958.67,-43.21,False,0.87,2.78,1.12,False,4,True,-16.49,0.96,False,False,,tv_wilder_rsi14_sma5_v1,35.34,30.2,True,True,5.14
3765,3765.T,ｶﾞﾝﾎｰ･ｵﾝﾗｲﾝ･ｴﾝﾀｰﾃｲﾒﾝﾄ,2024-05,NEW,1,50.19,55.29,True,True,5.1,2024-05,2642.0,2642.0,2642.0,0.0,2490.6,2344.73,2346.32,True,True,True,False,True,True,False,364060.0,3011.0,-12.26,False,0.92,1.77,0.71,True,3,True,11.04,4.97,False,False,,tv_wilder_rsi14_sma5_v1,55.29,50.19,True,True,5.1
9627,9627.T,アインホールディングス,2024-05,CONTINUE,7,47.81,52.91,True,False,5.09,2023-11,4500.0,5850.0,5850.0,30.0,4254.04,4457.13,5045.99,True,True,False,False,True,False,False,137167.0,7180.0,-37.33,False,1.9,1.63,0.99,True,4,True,-20.3,0.86,True,False,,tv_wilder_rsi14_sma5_v1,52.91,47.81,False,True,5.09
9882,9882.T,イエローハット,2024-05,CONTINUE,5,61.42,66.49,True,True,5.07,2024-01,917.5,1042.0,1042.0,13.57,895.44,887.14,914.04,True,True,True,False,True,False,True,332407.0,979.0,-6.28,False,1.14,1.18,1.0,False,1,True,2.04,1.39,True,False,,tv_wilder_rsi14_sma5_v1,66.49,61.42,True,True,5.07
6806,6806.T,ヒロセ電機,2024-05,CONTINUE,2,47.09,52.14,True,True,5.05,2024-04,16775.0,17500.0,17500.0,4.32,15819.2,16245.33,16804.92,True,True,False,False,True,False,False,173523.0,19830.0,-15.41,False,1.14,2.17,1.09,False,4,True,-5.09,2.01,False,False,,tv_wilder_rsi14_sma5_v1,52.14,47.09,True,True,5.05
3091,3091.T,ブロンコビリー,2024-05,CONTINUE,15,79.39,84.43,True,True,5.04,2023-03,1257.5,2032.5,2032.5,61.63,1231.44,1223.54,1221.9,True,True,True,True,True,False,True,53660.0,1283.0,-1.99,False,1.37,1.11,1.01,False,2,True,4.51,0.73,False,False,,tv_wilder_rsi14_sma5_v1,84.43,79.39,True,True,5.04
8173,8173.T,Ｊｏｓｈｉｎ,2024-05,CONTINUE,2,59.72,64.76,True,True,5.03,2024-04,2546.0,2641.0,2641.0,3.73,2430.56,2402.09,2311.17,True,True,True,True,True,True,True,111017.0,2535.0,0.43,True,0.44,1.58,1.06,False,2,True,15.29,2.55,False,True,BREAKOUT,tv_wilder_rsi14_sma5_v1,64.76,59.72,True,True,5.03
6141,6141.T,DMG森精機,2024-05,CONTINUE,7,79.34,84.36,True,True,5.02,2023-11,2656.5,4468.0,4468.0,68.19,2590.14,2588.31,2402.46,True,True,True,True,True,True,True,1012347.0,2762.0,-3.82,False,0.53,1.72,0.81,True,2,True,16.27,-2.3,False,False,,tv_wilder_rsi14_sma5_v1,84.36,79.34,True,True,5.02
8361,8361.T,大垣共立銀行,2024-05,CONTINUE,4,59.36,64.36,True,True,5.0,2024-02,2130.0,2316.0,2316.0,8.73,2003.48,1923.99,1939.11,True,True,True,False,True,False,True,106027.0,2243.0,-5.04,False,1.26,2.09,1.17,False,2,True,10.99,4.65,False,False,,tv_wilder_rsi14_sma5_v1,64.36,59.36,True,True,5.0
8766,8766.T,東京海上ホールディングス,2024-05,CONTINUE,5,80.73,85.73,True,True,5.0,2024-01,3930.0,5429.0,5429.0,38.14,3679.96,3569.57,3305.49,True,True,True,True,True,True,True,4256290.0,3904.0,0.67,True,0.94,2.19,1.06,False,2,True,30.26,4.49,False,True,BREAKOUT,tv_wilder_rsi14_sma5_v1,85.73,80.73,True,True,5.0
8725,8725.T,ＭＳ＆ＡＤ  ｲﾝｼｭｱﾗﾝｽｸﾞﾙｰﾌﾟﾎｰﾙﾃﾞｨﾝｸﾞｽ,2024-05,CONTINUE,14,87.13,92.12,True,True,4.99,2023-04,1481.67,3281.0,3281.0,121.44,1413.55,1424.77,1385.69,True,True,True,False,False,True,True,4334760.0,1554.33,-4.68,False,0.88,1.42,1.0,False,1,True,7.8,2.78,False,False,,tv_wilder_rsi14_sma5_v1,92.12,87.13,True,True,4.99
3099,3099.T,三越伊勢丹ホールディングス,2024-05,NEW,1,76.72,81.71,True,True,4.98,2024-05,3261.0,3261.0,3261.0,0.0,2645.56,2407.09,1958.59,True,True,True,True,True,True,True,3311113.0,3262.0,-0.03,False,0.94,4.03,0.97,True,2,True,82.69,15.7,False,False,,tv_wilder_rsi14_sma5_v1,81.71,76.72,True,True,4.98
2752,2752.T,フジオフードグループ本社,2024-05,CONTINUE,2,53.94,58.91,True,True,4.97,2024-04,1443.0,1516.0,1516.0,5.06,1395.0,1397.33,1402.27,True,True,True,False,True,False,False,102133.0,1546.0,-6.66,False,0.64,1.27,1.04,False,3,True,1.83,1.5,False,False,,tv_wilder_rsi14_sma5_v1,58.91,53.94,True,True,4.97
1982,1982.T,日比谷総合設備,2024-05,CONTINUE,7,79.01,83.96,True,True,4.96,2023-11,1179.0,1567.5,1567.5,32.95,1138.76,1134.69,1103.95,True,True,True,True,True,True,True,65020.0,1211.5,-2.68,False,0.93,2.27,1.09,False,2,True,11.13,1.46,False,False,,tv_wilder_rsi14_sma5_v1,83.96,79.01,True,True,4.96
8103,8103.T,明和産業,2024-05,CONTINUE,2,49.71,54.67,True,True,4.96,2024-04,669.0,721.0,721.0,7.77,668.12,676.03,663.52,True,False,True,False,False,True,False,288583.0,720.0,-7.08,False,0.36,1.77,0.98,True,3,True,-0.08,0.0,False,False,,tv_wilder_rsi14_sma5_v1,54.67,49.71,True,True,4.96
9502,9502.T,中部電力,2024-05,CONTINUE,3,70.88,75.81,True,True,4.93,2024-03,1990.5,2166.5,2166.5,8.84,1938.66,1909.13,1856.14,True,True,True,True,True,True,True,2469930.0,2128.0,-6.46,False,0.92,2.61,1.04,False,2,True,16.02,2.64,False,False,,tv_wilder_rsi14_sma5_v1,75.81,70.88,True,True,4.93
4208,4208.T,ＵＢＥ,2024-05,CONTINUE,5,65.87,70.75,True,True,4.89,2024-01,2463.5,2890.5,2890.5,17.33,2367.6,2323.11,2367.84,True,True,True,False,True,False,True,544957.0,2724.0,-9.56,False,0.86,1.54,0.86,True,2,True,10.87,2.61,False,False,,tv_wilder_rsi14_sma5_v1,70.75,65.87,True,True,4.89
8336,8336.T,武蔵野銀行,2024-05,CONTINUE,4,70.87,75.76,True,True,4.89,2024-02,966.33,1093.33,1093.33,13.14,919.45,915.98,861.47,True,True,True,True,True,False,True,216540.0,999.33,-3.3,False,1.07,2.15,1.09,False,2,True,12.9,0.88,False,False,,tv_wilder_rsi14_sma5_v1,75.76,70.87,True,True,4.89
5802,5802.T,住友電気工業,2024-05,CONTINUE,5,71.2,76.05,True,True,4.85,2024-01,494.0,636.12,636.12,28.77,470.2,449.38,440.5,True,True,True,True,True,True,True,7276560.0,494.62,-0.13,False,1.08,1.91,0.93,True,2,True,21.67,3.87,True,True,MVP,tv_wilder_rsi14_sma5_v1,76.05,71.2,True,True,4.85
6200,6200.T,インソース,2024-05,NEW,1,41.87,46.72,True,True,4.84,2024-05,966.0,966.0,966.0,0.0,899.92,853.81,912.3,True,True,True,False,True,True,False,861797.0,1385.0,-30.25,False,0.62,4.68,0.86,True,3,True,-4.19,-0.08,False,False,,tv_wilder_rsi14_sma5_v1,46.72,41.87,True,True,4.84
5302,5302.T,日本カーボン,2024-05,CONTINUE,4,66.81,71.63,True,True,4.82,2024-02,5220.0,5590.0,5590.0,7.09,4864.4,4628.73,4481.95,True,True,True,True,True,True,True,107890.0,5550.0,-5.95,False,0.67,3.09,0.97,True,2,True,18.01,6.15,False,False,,tv_wilder_rsi14_sma5_v1,71.63,66.81,True,True,4.82
8203,8203.T,ＭｒＭａｘＨＤ,2024-05,CONTINUE,3,52.13,56.92,True,True,4.79,2024-03,635.0,673.0,673.0,5.98,615.2,621.01,617.22,True,True,True,False,False,False,False,69840.0,683.0,-7.03,False,0.84,1.1,0.94,True,1,True,1.63,1.66,False,False,,tv_wilder_rsi14_sma5_v1,56.92,52.13,True,True,4.79
4658,4658.T,日本空調サービス,2024-05,NEW,1,71.11,75.87,True,True,4.76,2024-05,1014.0,1014.0,1014.0,0.0,922.96,904.47,837.25,True,True,True,True,True,True,True,44820.0,1018.0,-0.39,False,1.35,2.57,1.05,False,2,True,23.38,4.66,False,False,,tv_wilder_rsi14_sma5_v1,75.87,71.11,True,True,4.76
7846,7846.T,パイロットコーポレーション,2024-05,CONTINUE,2,43.92,48.68,True,True,4.76,2024-04,1408.33,1460.67,1460.67,3.72,1366.47,1336.55,1474.31,True,True,False,False,True,False,False,288030.0,1825.67,-22.86,False,0.83,1.4,0.97,True,4,True,-4.15,1.13,False,False,,tv_wilder_rsi14_sma5_v1,48.68,43.92,True,True,4.76
9842,9842.T,アークランズ,2024-05,CONTINUE,7,64.59,69.35,True,False,4.76,2023-11,1648.0,1919.0,1919.0,16.44,1615.92,1607.65,1567.84,True,True,True,True,True,True,True,221950.0,1707.0,-3.46,False,1.31,1.56,0.96,True,2,True,5.08,1.27,False,False,,tv_wilder_rsi14_sma5_v1,69.35,64.59,False,True,4.76
4568,4568.T,第一三共,2024-05,CONTINUE,5,63.78,68.53,True,True,4.75,2024-01,4423.0,5578.0,5578.0,26.11,4223.68,4090.01,4287.68,True,True,True,False,True,True,False,4217753.0,5162.0,-14.32,False,0.95,2.52,0.81,True,3,True,4.46,1.52,True,False,,tv_wilder_rsi14_sma5_v1,68.53,63.78,True,True,4.75
8276,8276.T,平和堂,2024-05,CONTINUE,2,51.21,55.93,True,False,4.73,2024-04,2428.0,2373.0,2373.0,-2.27,2275.4,2168.24,2293.29,True,True,True,False,True,True,True,319413.0,2678.0,-9.34,False,0.61,2.11,0.85,True,1,True,9.48,4.14,False,False,,tv_wilder_rsi14_sma5_v1,55.93,51.21,False,True,4.73
8002,8002.T,丸紅,2024-05,CONTINUE,5,73.81,78.52,True,True,4.71,2024-01,2541.5,3060.0,3060.0,20.4,2391.84,2316.69,2285.74,True,True,True,True,True,True,True,4753887.0,2705.0,-6.04,False,0.92,1.98,0.9,True,2,True,26.22,3.21,False,False,,tv_wilder_rsi14_sma5_v1,78.52,73.81,True,True,4.71
9936,9936.T,王将フードサービス,2024-05,NEW,1,71.22,75.93,True,True,4.71,2024-05,2883.33,2883.33,2883.33,0.0,2685.73,2619.38,2546.68,True,True,True,True,True,True,True,144790.0,2980.0,-3.24,False,1.59,2.45,1.27,False,2,True,17.92,4.73,False,False,,tv_wilder_rsi14_sma5_v1,75.93,71.22,True,True,4.71
7513,7513.T,コジマ,2024-05,CONTINUE,3,65.35,70.03,True,True,4.69,2024-03,825.0,875.0,875.0,6.06,775.8,762.08,683.87,True,True,True,True,True,True,True,200547.0,832.0,-0.84,False,0.52,2.09,0.94,True,2,True,29.19,4.94,False,False,,tv_wilder_rsi14_sma5_v1,70.03,65.35,True,True,4.69
9932,9932.T,杉本商事,2024-05,CONTINUE,7,56.08,60.78,True,True,4.69,2023-11,1123.0,1241.0,1241.0,10.51,1084.22,1098.11,1050.99,True,True,True,False,True,True,True,26460.0,1184.5,-5.19,False,0.6,1.43,0.87,True,2,True,7.19,0.2,False,False,,tv_wilder_rsi14_sma5_v1,60.78,56.08,True,True,4.69
9715,9715.T,トランス・コスモス,2024-05,CONTINUE,3,50.26,54.94,True,False,4.68,2024-03,3145.0,3390.0,3390.0,7.79,3100.44,3053.05,3179.47,True,True,False,False,True,True,False,90030.0,3635.0,-13.48,False,0.93,2.26,1.1,False,4,False,1.32,2.34,False,False,,tv_wilder_rsi14_sma5_v1,54.94,50.26,False,True,4.68
5805,5805.T,ＳＷＣＣ,2024-05,CONTINUE,13,87.16,91.83,True,True,4.67,2023-05,1871.0,4810.0,4810.0,157.08,1828.68,1845.71,1803.23,True,True,True,False,True,True,True,172760.0,2039.0,-8.24,False,0.71,2.47,1.0,False,1,True,3.35,1.5,False,False,,tv_wilder_rsi14_sma5_v1,91.83,87.16,True,True,4.67
7725,7725.T,インターアクション,2024-05,CONTINUE,6,45.5,50.16,True,False,4.66,2023-12,1083.0,1472.0,1472.0,35.92,970.16,1001.88,1193.22,True,True,False,False,False,False,False,132943.0,1610.0,-32.73,False,2.3,2.8,1.11,False,4,True,-12.72,3.57,True,False,,tv_wilder_rsi14_sma5_v1,50.16,45.5,False,True,4.66
3388,3388.T,明治電機工業,2024-05,CONTINUE,5,65.42,70.07,True,True,4.65,2024-01,1474.0,1678.0,1678.0,13.84,1425.56,1401.11,1389.79,True,True,True,True,True,False,True,21090.0,1572.0,-6.23,False,1.37,1.26,0.95,True,2,True,14.29,1.03,True,False,,tv_wilder_rsi14_sma5_v1,70.07,65.42,True,True,4.65
6986,6986.T,双葉電子工業,2024-05,NEW,1,36.0,40.66,True,True,4.65,2024-05,518.0,518.0,518.0,0.0,493.04,499.61,514.18,True,True,True,False,True,False,True,138557.0,593.0,-12.65,False,0.46,2.44,1.15,False,1,True,0.68,2.75,False,False,,tv_wilder_rsi14_sma5_v1,40.66,36.0,True,True,4.65
6849,6849.T,日本光電工業,2024-05,NEW,1,62.35,66.96,False,True,4.6,2024-05,2397.5,2397.5,2397.5,0.0,2205.62,2091.64,1998.46,True,True,True,True,True,False,True,482880.0,2391.5,0.25,True,1.11,3.08,1.02,False,2,True,24.3,4.85,False,False,,tv_wilder_rsi14_sma5_v1,66.96,62.35,True,False,4.6
8005,8005.T,スクロール,2024-05,NEW,1,58.71,63.31,True,True,4.6,2024-05,1071.0,1071.0,1071.0,0.0,985.08,959.57,974.27,True,True,True,False,True,False,True,110700.0,1092.0,-1.92,False,0.87,1.63,0.88,True,1,True,14.97,4.6,False,False,,tv_wilder_rsi14_sma5_v1,63.31,58.71,True,True,4.6
9742,9742.T,アイネス,2024-05,CONTINUE,2,54.24,58.84,True,True,4.6,2024-04,1587.0,1695.0,1695.0,6.81,1530.8,1552.61,1572.3,True,True,True,False,False,False,True,27047.0,1776.0,-10.64,False,1.1,1.65,1.04,False,2,True,5.19,2.56,False,False,,tv_wilder_rsi14_sma5_v1,58.84,54.24,True,True,4.6
8750,8750.T,第一ライフグループ,2024-05,CONTINUE,5,67.38,71.94,True,True,4.57,2024-01,815.25,1051.75,1051.75,29.01,773.35,774.59,713.85,True,True,True,False,True,True,True,12570440.0,827.25,-1.45,False,1.12,2.09,1.02,False,2,True,15.38,2.98,False,False,,tv_wilder_rsi14_sma5_v1,71.94,67.38,True,True,4.57
7013,7013.T,ＩＨＩ,2024-05,CONTINUE,4,55.46,60.01,True,True,4.55,2024-02,470.86,578.29,578.29,22.82,423.76,405.21,458.22,True,True,True,False,True,True,False,18802397.0,584.0,-19.37,False,1.19,2.65,1.02,False,3,True,0.41,6.88,False,False,,tv_wilder_rsi14_sma5_v1,60.01,55.46,True,True,4.55
9468,9468.T,ＫＡＤＯＫＡＷＡ,2024-05,NEW,1,52.89,57.43,True,True,4.55,2024-05,3244.0,3244.0,3244.0,0.0,3022.94,2895.66,2972.82,True,True,True,False,True,False,False,454693.0,3587.0,-9.56,False,0.64,2.95,0.75,True,3,True,7.82,4.03,False,False,,tv_wilder_rsi14_sma5_v1,57.43,52.89,True,True,4.55
6250,6250.T,やまびこ,2024-05,CONTINUE,6,74.61,79.16,True,True,4.54,2023-12,1496.0,2148.0,2148.0,43.58,1484.52,1451.69,1443.17,True,True,True,True,True,True,True,74667.0,1628.0,-8.11,False,0.95,1.69,0.85,True,2,True,10.2,1.06,False,False,,tv_wilder_rsi14_sma5_v1,79.16,74.61,True,True,4.54
9628,9628.T,燦ホールディングス,2024-05,NEW,1,59.61,64.14,True,True,4.53,2024-05,1183.0,1183.0,1183.0,0.0,1130.24,1074.35,1078.4,True,True,True,False,True,True,True,18130.0,1188.0,-0.42,False,1.0,2.37,0.8,True,2,True,10.48,4.41,True,True,MVP,tv_wilder_rsi14_sma5_v1,64.14,59.61,True,True,4.53
8078,8078.T,阪和興業,2024-05,CONTINUE,6,78.37,82.89,True,True,4.52,2023-12,999.0,1330.0,1330.0,33.13,936.84,919.95,891.8,True,True,True,True,True,True,True,532533.0,1028.0,-2.82,False,0.66,2.02,0.84,True,2,True,16.91,3.91,False,False,,tv_wilder_rsi14_sma5_v1,82.89,78.37,True,True,4.52
9934,9934.T,因幡電機産業,2024-05,CONTINUE,7,74.18,78.66,True,True,4.49,2023-11,1640.0,1937.5,1937.5,18.14,1597.0,1594.1,1546.05,True,True,True,True,True,True,True,124680.0,1700.0,-3.53,False,1.09,1.73,1.0,False,2,True,10.44,0.71,False,False,,tv_wilder_rsi14_sma5_v1,78.66,74.18,True,True,4.49
6859,6859.T,エスペック,2024-05,CONTINUE,6,69.88,74.35,True,True,4.47,2023-12,2359.0,3265.0,3265.0,38.41,2286.68,2291.13,2220.43,True,True,True,False,True,False,True,69117.0,2516.0,-6.24,False,0.81,1.94,0.85,True,2,True,8.96,2.27,False,False,,tv_wilder_rsi14_sma5_v1,74.35,69.88,True,True,4.47
4536,4536.T,参天製薬,2024-05,CONTINUE,7,62.59,67.02,True,True,4.43,2023-11,1399.0,1628.0,1628.0,16.37,1349.94,1357.91,1237.52,True,True,True,False,True,True,True,1710247.0,1446.5,-3.28,False,0.66,2.32,0.88,True,2,True,14.26,-1.92,False,False,,tv_wilder_rsi14_sma5_v1,67.02,62.59,True,True,4.43
6785,6785.T,鈴木,2024-05,CONTINUE,3,65.17,69.59,True,True,4.43,2024-03,1298.0,1446.0,1446.0,11.4,1189.96,1165.91,1108.42,True,True,True,True,False,True,True,27263.0,1284.0,1.09,True,1.6,1.96,0.92,True,2,True,20.68,4.13,True,True,BOTH,tv_wilder_rsi14_sma5_v1,69.59,65.17,True,True,4.43
4549,4549.T,栄研化学,2024-05,CONTINUE,8,60.7,65.12,True,True,4.42,2023-10,1485.0,2097.0,2097.0,41.21,1414.72,1437.81,1519.02,True,True,False,False,True,False,False,245080.0,1998.0,-25.68,False,2.43,2.39,1.23,False,4,True,-7.06,1.69,False,False,,tv_wilder_rsi14_sma5_v1,65.12,60.7,True,True,4.42
9629,9629.T,ピー  ･シー  ･エー,2024-05,CONTINUE,5,63.21,67.63,True,True,4.42,2024-01,1605.0,2002.0,2002.0,24.74,1195.96,1156.29,1236.97,True,True,True,False,True,False,False,82817.0,1660.0,-3.31,False,3.71,4.6,1.42,False,1,True,32.79,12.97,True,False,,tv_wilder_rsi14_sma5_v1,67.63,63.21,True,True,4.42
6723,6723.T,ルネサスエレクトロニクス,2024-05,CONTINUE,6,63.98,68.38,True,True,4.39,2023-12,2549.0,2936.0,2936.0,15.18,2512.44,2346.03,2302.79,True,True,True,True,True,True,True,12956093.0,2899.5,-12.09,False,0.45,3.18,0.76,True,2,False,36.26,5.21,False,False,,tv_wilder_rsi14_sma5_v1,68.38,63.98,True,True,4.39
5726,5726.T,大阪チタニウムテクノロジーズ,2024-05,NEW,1,50.96,55.34,True,True,4.38,2024-05,3030.0,3030.0,3030.0,0.0,2545.84,2563.69,2820.72,True,True,True,False,True,False,False,1139337.0,3750.0,-19.2,False,2.55,4.37,1.17,False,3,True,5.36,7.23,True,False,,tv_wilder_rsi14_sma5_v1,55.34,50.96,True,True,4.38
6455,6455.T,モリタホールディングス,2024-05,CONTINUE,5,63.74,68.1,True,False,4.36,2024-01,1601.0,1822.0,1822.0,13.8,1558.92,1535.92,1538.93,True,True,True,False,True,False,True,46063.0,1700.0,-5.82,False,1.09,1.38,0.93,True,2,True,13.88,0.64,True,False,,tv_wilder_rsi14_sma5_v1,68.1,63.74,False,True,4.36
8358,8358.T,スルガ銀行,2024-05,CONTINUE,2,80.9,85.23,True,True,4.33,2024-04,962.0,1104.0,1104.0,14.76,939.16,866.68,736.88,True,True,True,True,True,True,True,1442953.0,1017.0,-5.41,False,0.78,2.8,0.89,True,2,True,46.83,-1.39,False,False,,tv_wilder_rsi14_sma5_v1,85.23,80.9,True,True,4.33
3179,3179.T,シュッピン,2024-05,CONTINUE,4,51.72,56.03,True,True,4.31,2024-02,1149.0,1307.0,1307.0,13.75,1065.0,1129.39,1100.53,True,True,True,False,False,True,True,260573.0,1289.0,-10.86,False,1.46,4.15,1.1,False,2,True,7.47,2.93,False,False,,tv_wilder_rsi14_sma5_v1,56.03,51.72,True,True,4.31
9274,9274.T,ＫＰＰグループホールディングス,2024-05,CONTINUE,3,57.97,62.28,True,True,4.31,2024-03,742.0,825.0,825.0,11.19,690.52,690.57,661.75,True,True,True,False,True,True,True,366740.0,757.0,-1.98,False,0.54,2.39,0.94,True,2,True,12.14,5.14,False,False,,tv_wilder_rsi14_sma5_v1,62.28,57.97,True,True,4.31
6135,6135.T,牧野フライス製作所,2024-05,CONTINUE,3,62.56,66.87,True,True,4.3,2024-03,6230.0,6700.0,6700.0,7.54,6067.6,5926.4,6012.25,True,True,True,False,True,True,True,96353.0,7130.0,-12.62,False,0.87,2.18,0.84,True,2,True,9.76,1.75,False,False,,tv_wilder_rsi14_sma5_v1,66.87,62.56,True,True,4.3
3110,3110.T,日東紡績,2024-05,CONTINUE,13,73.48,77.74,True,True,4.26,2023-05,473.8,1384.0,1384.0,192.11,383.96,398.71,426.81,True,True,True,False,False,False,False,1058150.0,553.4,-14.38,False,3.53,2.88,1.47,False,3,True,5.85,8.04,True,False,,tv_wilder_rsi14_sma5_v1,77.74,73.48,True,True,4.26
8016,8016.T,オンワードホールディングス,2024-05,CONTINUE,3,66.19,70.41,True,True,4.22,2024-03,575.0,643.0,643.0,11.83,524.36,520.11,504.16,True,True,True,True,False,True,True,1376373.0,584.0,-1.54,False,0.78,2.71,0.96,True,2,True,32.23,3.57,True,True,MVP,tv_wilder_rsi14_sma5_v1,70.41,66.19,True,True,4.22
4901,4901.T,富士フイルムホールディングス,2024-05,CONTINUE,5,68.27,72.48,True,True,4.21,2024-01,3136.67,3579.0,3579.0,14.1,2991.08,2900.44,2800.68,True,True,True,True,True,True,True,3862890.0,3133.0,0.12,True,0.88,1.36,0.82,True,2,True,23.74,3.62,False,True,BREAKOUT,tv_wilder_rsi14_sma5_v1,72.48,68.27,True,True,4.21
7752,7752.T,リコー,2024-05,CONTINUE,4,59.57,63.79,True,True,4.21,2024-02,1245.0,1403.5,1403.5,12.73,1227.72,1177.55,1203.83,True,True,True,False,True,True,True,2069617.0,1353.5,-8.02,False,1.01,2.14,0.82,True,2,True,8.42,2.12,False,False,,tv_wilder_rsi14_sma5_v1,63.79,59.57,True,True,4.21
7984,7984.T,コクヨ,2024-05,CONTINUE,3,76.78,80.98,True,False,4.21,2024-03,617.0,674.88,674.88,9.38,609.16,594.89,570.17,True,True,True,True,True,True,True,1128600.0,641.12,-3.76,False,0.68,2.17,1.05,False,2,True,16.43,2.78,False,False,,tv_wilder_rsi14_sma5_v1,80.98,76.78,False,True,4.21
4574,4574.T,大幸薬品,2024-05,CONTINUE,5,33.37,37.56,True,True,4.19,2024-01,310.0,368.0,368.0,18.71,295.92,308.17,340.23,True,True,False,False,True,False,False,226117.0,437.0,-29.06,False,0.94,2.35,1.07,False,4,True,-12.0,2.55,False,False,,tv_wilder_rsi14_sma5_v1,37.56,33.37,True,True,4.19
1911,1911.T,住友林業,2024-05,CONTINUE,6,76.29,80.47,True,True,4.18,2023-12,1401.0,1808.67,1808.67,29.1,1340.67,1273.83,1157.9,True,True,True,True,True,True,True,3675200.0,1448.0,-3.25,False,0.71,2.48,0.87,True,2,True,35.38,4.91,False,False,,tv_wilder_rsi14_sma5_v1,80.47,76.29,True,True,4.18
3199,3199.T,綿半ホールディングス,2024-05,CONTINUE,7,67.21,71.39,True,True,4.18,2023-11,1370.0,1618.0,1618.0,18.1,1347.2,1342.64,1369.82,True,True,True,False,True,True,False,25583.0,1475.0,-7.12,False,0.99,0.98,0.9,True,3,True,-0.17,1.1,False,False,,tv_wilder_rsi14_sma5_v1,71.39,67.21,True,True,4.18
3662,3662.T,エイチームホールディングス,2024-05,CONTINUE,3,39.49,43.67,True,True,4.18,2024-03,631.0,660.0,660.0,4.6,609.16,583.97,627.96,True,True,True,False,True,False,False,99073.0,767.0,-17.73,False,0.42,3.7,0.8,True,3,True,4.86,8.71,False,False,,tv_wilder_rsi14_sma5_v1,43.67,39.49,True,True,4.18
6501,6501.T,日立製作所,2024-05,CONTINUE,7,84.91,89.09,True,True,4.18,2023-11,2057.0,3229.0,3229.0,56.98,1964.42,1912.35,1714.51,True,True,True,True,True,True,True,11456300.0,2093.0,-1.72,False,1.04,1.98,1.05,False,2,True,26.84,0.81,True,True,MVP,tv_wilder_rsi14_sma5_v1,89.09,84.91,True,True,4.18
7276,7276.T,小糸製作所,2024-05,CONTINUE,2,41.56,45.74,True,True,4.18,2024-04,2126.0,2218.5,2218.5,4.35,2246.42,2120.61,2275.93,False,True,False,False,True,True,False,2405390.0,2866.0,-25.82,False,1.16,3.33,1.06,False,4,False,-10.46,-4.41,False,False,,tv_wilder_rsi14_sma5_v1,45.74,41.56,True,True,4.18
8522,8522.T,名古屋銀行,2024-05,CONTINUE,4,78.33,82.52,True,True,4.18,2024-02,2206.67,2523.33,2523.33,14.35,1912.4,1873.96,1572.99,True,True,True,True,True,True,True,184800.0,2193.33,0.61,True,1.3,3.02,1.13,False,2,True,50.31,6.31,True,True,BOTH,tv_wilder_rsi14_sma5_v1,82.52,78.33,True,True,4.18
7189,7189.T,西日本フィナンシャルホールディングス,2024-05,CONTINUE,4,78.96,83.11,True,True,4.15,2024-02,1891.0,2180.0,2180.0,15.28,1682.64,1655.04,1526.58,True,True,True,True,True,False,True,488113.0,1950.0,-3.03,False,1.66,3.42,1.06,False,2,True,40.26,5.89,True,False,,tv_wilder_rsi14_sma5_v1,83.11,78.96,True,True,4.15
4548,4548.T,生化学工業,2024-05,NEW,1,39.94,44.08,True,True,4.14,2024-05,787.0,787.0,787.0,0.0,761.36,758.45,773.11,True,True,True,False,True,False,True,109213.0,836.0,-5.86,False,0.83,2.01,0.91,True,1,True,2.26,2.63,False,False,,tv_wilder_rsi14_sma5_v1,44.08,39.94,True,True,4.14
9622,9622.T,スペース,2024-05,CONTINUE,6,56.35,60.47,True,True,4.13,2023-12,932.0,1076.0,1076.0,15.45,930.44,917.55,959.16,True,True,False,False,True,True,True,41633.0,1105.0,-15.66,False,0.99,1.81,1.26,False,1,True,-0.74,0.48,False,False,,tv_wilder_rsi14_sma5_v1,60.47,56.35,True,True,4.13
3696,3696.T,セレス,2024-05,CONTINUE,6,55.73,59.85,True,True,4.12,2023-12,1221.0,1882.0,1882.0,54.14,1060.16,979.99,1068.38,True,True,True,False,True,True,False,313017.0,1485.0,-17.78,False,0.91,4.59,0.84,True,1,True,21.19,9.72,False,False,,tv_wilder_rsi14_sma5_v1,59.85,55.73,True,True,4.12
8550,8550.T,栃木銀行,2024-05,CONTINUE,4,62.15,66.26,True,True,4.12,2024-02,339.0,388.0,388.0,14.45,310.4,312.8,296.6,True,True,True,False,True,False,True,459280.0,373.0,-9.12,False,1.3,2.42,1.11,False,2,True,14.85,5.08,False,False,,tv_wilder_rsi14_sma5_v1,66.26,62.15,True,True,4.12
1766,1766.T,東建コーポレーション,2024-05,CONTINUE,10,67.86,71.92,True,True,4.06,2023-08,7670.0,10860.0,10860.0,41.59,7501.2,7483.87,7637.2,True,True,True,False,True,False,False,22267.0,9210.0,-16.72,False,1.19,1.21,0.97,True,3,True,-3.07,1.48,False,False,,tv_wilder_rsi14_sma5_v1,71.92,67.86,True,True,4.06
6615,6615.T,ユー・エム・シー・エレクトロニクス,2024-05,CONTINUE,3,38.8,42.82,True,True,4.02,2024-03,382.0,394.0,394.0,3.14,361.4,355.64,438.66,True,True,False,False,True,False,False,49100.0,635.0,-39.84,False,1.4,3.07,1.13,False,4,True,-10.46,3.65,False,False,,tv_wilder_rsi14_sma5_v1,42.82,38.8,True,True,4.02
4116,4116.T,大日精化工業,2024-05,NEW,1,69.83,73.82,True,True,3.99,2024-05,816.25,816.25,816.25,0.0,740.36,714.69,634.46,True,True,True,True,True,True,True,187733.0,798.75,2.19,True,0.9,3.59,1.12,False,2,True,40.93,4.8,False,True,BREAKOUT,tv_wilder_rsi14_sma5_v1,73.82,69.83,True,True,3.99
2266,2266.T,六甲バター,2024-05,CONTINUE,3,48.35,52.33,True,False,3.98,2024-03,1404.0,1450.0,1450.0,3.28,1367.48,1347.92,1358.12,True,True,True,False,True,False,False,17877.0,1464.0,-4.1,False,1.12,1.52,1.08,False,1,True,4.88,2.77,False,False,,tv_wilder_rsi14_sma5_v1,52.33,48.35,False,True,3.98
7322,7322.T,三十三フィナンシャルグループ,2024-05,CONTINUE,5,68.07,72.04,True,True,3.98,2024-01,485.75,546.75,546.75,12.56,465.6,465.22,434.32,True,True,True,True,True,False,True,149387.0,504.5,-3.72,False,0.85,1.44,0.92,True,2,True,14.37,1.09,False,False,,tv_wilder_rsi14_sma5_v1,72.04,68.07,True,True,3.98
6997,6997.T,日本ケミコン,2024-05,CONTINUE,4,46.76,50.74,True,True,3.97,2024-02,1365.0,1637.0,1637.0,19.93,1352.92,1342.03,1391.58,True,True,False,False,True,True,False,231873.0,2354.0,-42.01,False,0.68,3.22,0.79,True,4,True,-8.18,-0.41,False,False,,tv_wilder_rsi14_sma5_v1,50.74,46.76,True,True,3.97
8359,8359.T,八十二長野銀行,2024-05,CONTINUE,4,79.59,83.55,True,True,3.95,2024-02,917.3,1086.5,1086.5,18.45,825.64,804.33,755.75,True,True,True,True,True,False,True,1244640.0,927.5,-1.1,False,1.3,2.96,1.15,False,2,True,31.36,7.57,True,False,,tv_wilder_rsi14_sma5_v1,83.55,79.59,True,True,3.95
1813,1813.T,不動テトラ,2024-05,NEW,1,67.42,71.35,False,True,3.93,2024-05,2515.0,2515.0,2515.0,0.0,2366.76,2204.72,2132.2,True,True,True,True,True,True,True,133063.0,2761.0,-8.91,False,0.87,2.58,1.0,False,2,True,26.74,5.98,False,False,,tv_wilder_rsi14_sma5_v1,71.35,67.42,True,False,3.93
8388,8388.T,阿波銀行,2024-05,CONTINUE,5,65.44,69.37,True,True,3.93,2024-01,2489.0,2910.0,2910.0,16.91,2416.12,2426.67,2236.09,True,True,True,False,False,True,True,47837.0,2598.0,-4.2,False,0.95,1.66,1.04,False,2,True,14.98,0.33,False,False,,tv_wilder_rsi14_sma5_v1,69.37,65.44,True,True,3.93
3539,3539.T,ＪＭホールディングス,2024-05,CONTINUE,8,71.29,75.21,True,True,3.92,2023-10,1031.5,1499.0,1499.0,45.32,978.76,965.75,960.61,True,True,True,True,True,False,True,90620.0,1053.0,-2.04,False,1.16,1.98,1.0,True,2,True,11.68,1.11,True,False,,tv_wilder_rsi14_sma5_v1,75.21,71.29,True,True,3.92
6151,6151.T,日東工器,2024-05,CONTINUE,5,61.81,65.71,True,False,3.9,2024-01,1959.0,2302.0,2302.0,17.51,1901.52,1870.8,1928.62,True,True,True,False,True,False,True,11347.0,2147.0,-8.76,False,0.82,1.42,0.94,True,1,True,8.85,1.24,False,False,,tv_wilder_rsi14_sma5_v1,65.71,61.81,False,True,3.9
4928,4928.T,ノエビアホールディングス,2024-05,CONTINUE,5,47.84,51.73,True,True,3.89,2024-01,5250.0,5430.0,5430.0,3.43,5200.8,5191.6,5372.1,True,True,False,False,True,False,False,34150.0,5770.0,-9.01,False,0.98,0.99,0.95,True,4,True,-2.36,0.6,False,False,,tv_wilder_rsi14_sma5_v1,51.73,47.84,True,True,3.89
4344,4344.T,ソースネクスト,2024-05,CONTINUE,3,43.08,46.94,True,True,3.86,2024-03,230.0,191.0,191.0,-16.96,202.88,171.61,182.46,True,True,True,False,True,True,True,6595503.0,308.0,-25.32,False,0.68,15.09,0.79,True,1,False,26.83,15.75,False,False,,tv_wilder_rsi14_sma5_v1,46.94,43.08,True,True,3.86
3659,3659.T,ネクソン,2024-05,CONTINUE,2,46.42,50.25,True,True,3.84,2024-04,2471.5,2691.5,2691.5,8.9,2463.92,2515.84,2693.01,True,False,False,False,False,False,False,2021633.0,3278.0,-24.6,False,1.09,3.22,1.1,False,4,False,-5.13,3.44,False,False,,tv_wilder_rsi14_sma5_v1,50.25,46.42,True,True,3.84
6507,6507.T,シンフォニアテクノロジー,2024-05,CONTINUE,7,81.33,85.17,True,True,3.84,2023-11,2064.0,3415.0,3415.0,65.46,1808.76,1659.13,1658.84,True,True,True,True,True,True,True,111600.0,2085.0,-1.01,False,0.81,2.68,0.93,True,2,True,30.75,9.25,False,False,,tv_wilder_rsi14_sma5_v1,85.17,81.33,True,True,3.84
4027,4027.T,テイカ,2024-05,CONTINUE,4,55.65,59.48,True,True,3.83,2024-02,1545.0,1642.0,1642.0,6.28,1409.4,1378.19,1381.16,True,True,True,False,True,False,True,25353.0,1734.0,-10.9,False,1.31,2.47,1.03,False,2,True,21.33,8.37,True,False,,tv_wilder_rsi14_sma5_v1,59.48,55.65,True,True,3.83
8179,8179.T,ロイヤルホールディングス,2024-05,NEW,1,52.85,56.66,True,True,3.81,2024-05,1321.0,1321.0,1321.0,0.0,1275.52,1244.15,1278.64,True,True,True,False,True,False,False,329960.0,1439.5,-8.23,False,0.74,1.55,0.93,True,3,True,1.77,2.23,False,False,,tv_wilder_rsi14_sma5_v1,56.66,52.85,True,True,3.81
3946,3946.T,トーモク,2024-05,CONTINUE,3,68.83,72.63,True,True,3.8,2024-03,2635.0,2794.0,2794.0,6.03,2524.08,2331.03,2251.99,True,True,True,True,True,True,True,43987.0,2753.0,-4.29,False,0.62,2.08,0.94,True,2,True,29.98,3.31,False,False,,tv_wilder_rsi14_sma5_v1,72.63,68.83,True,True,3.8
2659,2659.T,サンエー,2024-05,CONTINUE,4,57.2,60.99,True,True,3.78,2024-02,2302.5,2410.0,2410.0,4.67,2270.6,2282.23,2337.22,True,True,False,False,False,False,True,387933.0,2600.0,-11.44,False,1.82,1.53,1.0,False,1,False,1.79,0.07,False,False,,tv_wilder_rsi14_sma5_v1,60.99,57.2,True,True,3.78
8051,8051.T,山善,2024-05,CONTINUE,5,68.89,72.67,True,True,3.78,2024-01,1268.0,1407.0,1407.0,10.96,1218.6,1203.79,1145.95,True,True,True,True,True,True,True,603153.0,1292.0,-1.86,False,0.35,1.7,1.24,False,2,True,13.12,1.86,False,False,,tv_wilder_rsi14_sma5_v1,72.67,68.89,True,True,3.78
1941,1941.T,中電工,2024-05,CONTINUE,18,82.48,86.23,True,True,3.75,2022-12,2088.0,3280.0,3280.0,57.09,2072.52,2084.76,2101.3,True,True,False,False,True,False,False,59750.0,2198.0,-5.0,False,0.77,0.78,0.99,True,1,False,-1.48,0.53,False,False,,tv_wilder_rsi14_sma5_v1,86.23,82.48,True,True,3.75
4714,4714.T,リソー教育グループ,2024-05,CONTINUE,3,39.32,43.06,True,False,3.74,2024-03,223.0,249.0,249.0,11.66,223.2,228.6,244.53,False,False,False,False,False,False,False,1076647.0,335.0,-33.43,False,0.38,1.47,0.81,True,4,False,-9.31,3.3,False,False,,tv_wilder_rsi14_sma5_v1,43.06,39.32,False,True,3.74
7607,7607.T,進和,2024-05,CONTINUE,3,63.39,67.12,True,False,3.73,2024-03,2764.0,2808.0,2808.0,1.59,2551.8,2452.09,2371.17,True,True,True,True,True,True,True,47180.0,2748.0,0.58,True,0.46,1.99,0.63,True,2,True,22.69,5.34,False,True,BREAKOUT,tv_wilder_rsi14_sma5_v1,67.12,63.39,False,True,3.73
1801,1801.T,大成建設,2024-05,CONTINUE,3,60.52,64.22,True,True,3.7,2024-03,5648.0,5967.0,5967.0,5.65,5287.56,5151.69,5101.62,True,True,True,True,True,True,True,1071343.0,5944.0,-4.98,False,0.75,2.83,0.87,True,2,True,19.97,5.79,False,False,,tv_wilder_rsi14_sma5_v1,64.22,60.52,True,True,3.7
5831,5831.T,しずおかフィナンシャルグループ,2024-05,CONTINUE,2,76.9,80.57,True,True,3.67,2024-04,1472.5,1622.5,1622.5,10.19,1445.46,1419.31,1278.9,True,True,True,True,False,True,True,1639960.0,1555.0,-5.31,False,0.79,2.46,0.98,True,2,False,24.94,-1.64,False,False,,tv_wilder_rsi14_sma5_v1,80.57,76.9,True,True,3.67
4183,4183.T,三井化学,2024-05,CONTINUE,2,64.37,68.03,True,True,3.66,2024-04,2252.0,2375.5,2375.5,5.48,2210.28,2157.35,2062.0,True,True,True,True,True,True,True,1503473.0,2300.0,-2.09,False,0.79,2.21,1.03,False,2,True,15.45,0.66,False,False,,tv_wilder_rsi14_sma5_v1,68.03,64.37,True,True,3.66
6222,6222.T,島精機製作所,2024-05,NEW,1,36.88,40.52,True,True,3.64,2024-05,1506.0,1506.0,1506.0,0.0,1450.28,1391.59,1554.68,True,True,False,False,True,False,False,197263.0,2017.0,-25.33,False,1.69,3.56,0.88,True,4,True,-4.59,1.51,True,False,,tv_wilder_rsi14_sma5_v1,40.52,36.88,True,True,3.64
6727,6727.T,ワコム,2024-05,NEW,1,49.06,52.69,True,True,3.63,2024-05,709.0,709.0,709.0,0.0,675.32,653.17,643.79,True,True,True,True,True,True,True,681597.0,757.0,-6.34,False,0.71,3.25,0.92,True,2,True,9.26,3.21,False,False,,tv_wilder_rsi14_sma5_v1,52.69,49.06,True,True,3.63
1969,1969.T,高砂熱学工業,2024-05,CONTINUE,23,92.38,96.0,True,True,3.62,2022-07,844.5,3230.0,3230.0,282.47,820.78,815.01,910.45,True,True,False,False,True,False,False,219420.0,,,,0.9,2.01,1.02,False,4,True,,,,False,,tv_wilder_rsi14_sma5_v1,96.0,92.38,True,True,3.62
4914,4914.T,高砂香料工業,2024-05,NEW,1,66.07,69.69,True,True,3.62,2024-05,748.0,748.0,748.0,0.0,715.2,696.79,664.68,True,True,True,True,True,True,True,81017.0,772.0,-3.11,False,0.65,3.01,0.91,True,2,True,21.17,1.08,False,False,,tv_wilder_rsi14_sma5_v1,69.69,66.07,True,True,3.62
8411,8411.T,みずほフィナンシャルグループ,2024-05,CONTINUE,5,79.02,82.64,True,True,3.62,2024-01,2702.0,3214.0,3214.0,18.95,2530.68,2510.4,2346.03,True,True,True,True,True,False,True,10973210.0,2724.5,-0.83,False,1.05,1.79,1.03,False,2,True,21.66,2.07,False,False,,tv_wilder_rsi14_sma5_v1,82.64,79.02,True,True,3.62
4401,4401.T,ＡＤＥＫＡ,2024-05,CONTINUE,7,69.85,73.43,True,True,3.58,2023-11,2869.5,3372.0,3372.0,17.51,2697.42,2696.25,2530.4,True,True,True,True,True,False,True,345590.0,2913.0,-1.49,False,0.79,3.22,0.64,True,2,True,16.64,4.26,False,False,,tv_wilder_rsi14_sma5_v1,73.43,69.85,True,True,3.58
6419,6419.T,マースグループホールディングス,2024-05,CONTINUE,5,67.97,71.55,True,True,3.57,2024-01,2804.0,3385.0,3385.0,20.72,2643.2,2510.65,2761.84,True,True,True,False,True,False,False,142623.0,3650.0,-23.18,False,1.25,2.03,1.0,True,3,True,6.24,3.53,True,False,,tv_wilder_rsi14_sma5_v1,71.55,67.97,True,True,3.57
8345,8345.T,岩手銀行,2024-05,NEW,1,59.16,62.73,True,True,3.57,2024-05,704.75,704.75,704.75,0.0,641.02,640.01,636.69,True,True,True,True,True,True,True,167013.0,733.75,-3.95,False,1.35,2.69,1.11,False,2,True,17.76,4.5,True,True,MVP,tv_wilder_rsi14_sma5_v1,62.73,59.16,True,True,3.57
4521,4521.T,科研製薬,2024-05,NEW,1,41.59,45.16,True,True,3.56,2024-05,3575.0,3575.0,3575.0,0.0,3472.28,3494.19,3452.28,True,True,True,False,True,False,False,159350.0,3745.0,-4.54,False,1.74,2.02,1.13,False,1,True,1.38,1.41,False,False,,tv_wilder_rsi14_sma5_v1,45.16,41.59,True,True,3.56
3950,3950.T,ザ・パック,2024-05,CONTINUE,6,65.33,68.87,True,True,3.55,2023-12,1128.33,1326.67,1326.67,17.58,1063.07,1070.49,1043.04,True,True,True,False,False,True,True,183540.0,1150.0,-1.88,False,2.31,1.75,1.08,False,2,True,16.07,2.1,False,False,,tv_wilder_rsi14_sma5_v1,68.87,65.33,True,True,3.55
9974,9974.T,ベルク,2024-05,CONTINUE,3,60.55,64.1,True,False,3.54,2024-03,7010.0,7340.0,7340.0,4.71,6569.2,6400.4,6551.45,True,True,True,False,True,True,True,53910.0,7200.0,-2.64,False,0.5,1.63,0.85,True,2,True,13.71,4.85,False,False,,tv_wilder_rsi14_sma5_v1,64.1,60.55,False,True,3.54
2914,2914.T,日本たばこ産業,2024-05,CONTINUE,3,82.07,85.6,True,True,3.53,2024-03,4053.0,4452.0,4452.0,9.84,3911.6,3842.45,3520.43,True,True,True,True,True,True,True,5185677.0,4062.0,-0.22,False,0.98,1.06,1.02,False,2,True,22.48,1.92,False,False,,tv_wilder_rsi14_sma5_v1,85.6,82.07,True,True,3.53
6454,6454.T,マックス,2024-05,CONTINUE,2,76.85,80.36,True,True,3.51,2024-04,882.5,935.0,935.0,5.95,810.6,805.65,733.81,True,True,True,True,True,True,True,289880.0,851.25,3.67,True,1.4,2.71,1.27,False,2,True,32.28,2.42,True,True,BOTH,tv_wilder_rsi14_sma5_v1,80.36,76.85,True,True,3.51
6235,6235.T,オプトラン,2024-05,CONTINUE,5,47.7,51.2,True,True,3.5,2024-01,1723.0,2129.0,2129.0,23.56,1675.96,1695.39,1974.71,True,True,False,False,True,False,False,270977.0,2644.0,-34.83,False,0.73,2.54,1.15,False,4,True,-15.04,3.12,False,False,,tv_wilder_rsi14_sma5_v1,51.2,47.7,True,True,3.5
6460,6460.T,セガサミーホールディングス,2024-05,CONTINUE,3,46.93,50.43,True,True,3.5,2024-03,2013.0,2211.5,2211.5,9.86,1864.14,1979.67,2447.73,True,True,False,False,False,False,False,1779513.0,3219.0,-37.47,False,0.81,2.73,1.16,False,4,True,-13.34,3.48,True,False,,tv_wilder_rsi14_sma5_v1,50.43,46.93,True,True,3.5
2809,2809.T,キユーピー,2024-05,CONTINUE,5,66.09,69.58,True,False,3.49,2024-01,2626.5,3113.0,3113.0,18.52,2536.06,2542.43,2425.02,True,True,True,False,True,True,True,386490.0,2654.5,-1.05,False,0.88,1.31,0.83,True,2,False,11.24,2.11,False,False,,tv_wilder_rsi14_sma5_v1,69.58,66.09,False,True,3.49
7966,7966.T,リンテック,2024-05,CONTINUE,12,76.52,80.0,True,True,3.47,2023-06,2271.0,3245.0,3245.0,42.89,2250.78,2218.03,2217.79,True,True,True,True,True,True,False,118957.0,2436.0,-6.77,False,1.1,1.3,1.13,False,3,True,2.41,1.52,False,False,,tv_wilder_rsi14_sma5_v1,80.0,76.52,True,True,3.47
8399,8399.T,琉球銀行,2024-05,CONTINUE,3,62.7,66.17,True,True,3.47,2024-03,1192.0,1277.0,1277.0,7.13,1184.64,1142.6,1095.37,True,True,True,True,True,True,True,83733.0,1293.0,-7.81,False,0.96,2.36,0.85,True,2,True,16.68,2.91,False,False,,tv_wilder_rsi14_sma5_v1,66.17,62.7,True,True,3.47
5943,5943.T,ノーリツ,2024-05,CONTINUE,5,55.65,59.11,True,False,3.46,2024-01,1560.0,1778.0,1778.0,13.97,1533.88,1535.56,1642.88,True,True,False,False,True,False,False,88613.0,1890.0,-17.46,False,0.99,0.96,0.93,True,4,True,-2.17,1.0,False,False,,tv_wilder_rsi14_sma5_v1,59.11,55.65,False,True,3.46
6078,6078.T,バリューＨＲ,2024-05,NEW,1,52.06,55.52,False,True,3.46,2024-05,1467.0,1467.0,1467.0,0.0,1346.92,1338.4,1350.21,True,True,True,False,True,False,True,34770.0,1589.0,-7.68,False,1.98,2.48,1.05,False,2,True,6.97,2.85,True,False,,tv_wilder_rsi14_sma5_v1,55.52,52.06,True,False,3.46
1605,1605.T,ＩＮＰＥＸ,2024-05,CONTINUE,3,68.25,71.7,True,True,3.45,2024-03,2348.0,2423.5,2423.5,3.22,2150.14,2033.29,1989.97,True,True,True,True,True,True,True,8303773.0,2368.5,-0.87,False,0.67,2.85,0.97,True,2,True,34.58,6.57,False,False,,tv_wilder_rsi14_sma5_v1,71.7,68.25,True,True,3.45
8714,8714.T,池田泉州ホールディングス,2024-05,CONTINUE,4,75.56,79.01,True,True,3.45,2024-02,383.0,423.0,423.0,10.44,349.6,341.05,298.23,True,True,True,True,True,True,True,1764563.0,393.0,-2.54,False,1.31,2.33,1.23,False,2,True,36.24,5.58,True,True,MVP,tv_wilder_rsi14_sma5_v1,79.01,75.56,True,True,3.45
8014,8014.T,蝶理,2024-05,CONTINUE,5,74.91,78.32,True,True,3.42,2024-01,2991.0,3555.0,3555.0,18.86,2905.72,2857.23,2822.24,True,True,True,True,True,False,True,39437.0,3095.0,-3.36,False,0.9,1.28,0.98,True,2,True,12.13,1.07,False,False,,tv_wilder_rsi14_sma5_v1,78.32,74.91,True,True,3.42
8362,8362.T,福井銀行,2024-05,CONTINUE,6,65.01,68.43,True,True,3.42,2023-12,1648.0,2040.0,2040.0,23.79,1589.92,1586.79,1523.82,True,True,True,True,True,True,False,33290.0,1779.0,-7.36,False,0.83,1.52,0.92,True,3,True,8.36,2.9,False,False,,tv_wilder_rsi14_sma5_v1,68.43,65.01,True,True,3.42
3661,3661.T,エムアップホールディングス,2024-05,NEW,1,50.08,53.46,True,True,3.39,2024-05,625.5,625.5,625.5,0.0,567.5,556.73,571.29,True,True,True,False,True,True,True,909433.0,771.5,-18.92,False,1.17,4.97,1.01,False,1,True,8.02,3.0,False,False,,tv_wilder_rsi14_sma5_v1,53.46,50.08,True,True,3.39
8795,8795.T,Ｔ＆Ｄホールディングス,2024-05,CONTINUE,4,64.84,68.24,True,True,3.39,2024-02,2603.0,2825.5,2825.5,8.55,2437.78,2355.06,2295.2,True,True,True,True,True,False,True,2286863.0,2776.0,-6.23,False,1.0,3.87,1.11,False,2,True,18.66,4.15,False,False,,tv_wilder_rsi14_sma5_v1,68.24,64.84,True,True,3.39
6479,6479.T,ミネベアミツミ,2024-05,NEW,1,62.59,65.96,True,True,3.38,2024-05,3288.0,3288.0,3288.0,0.0,3142.54,3026.12,2794.74,True,True,True,True,True,True,True,1416123.0,3437.0,-4.34,False,0.95,2.91,0.89,True,2,True,18.26,1.34,True,True,MVP,tv_wilder_rsi14_sma5_v1,65.96,62.59,True,True,3.38
4023,4023.T,クレハ,2024-05,CONTINUE,2,49.78,53.15,True,True,3.36,2024-04,2814.0,2883.0,2883.0,2.45,2735.96,2758.64,2814.77,True,True,False,False,True,False,False,234590.0,3120.0,-9.81,False,1.27,1.58,1.12,False,1,True,-1.56,-0.36,False,False,,tv_wilder_rsi14_sma5_v1,53.15,49.78,True,True,3.36
2148,2148.T,アイティメディア,2024-05,CONTINUE,5,55.02,58.35,True,True,3.32,2024-01,1059.0,1823.0,1823.0,72.14,1009.72,995.47,1159.16,True,True,False,False,True,False,False,45770.0,1610.0,-34.22,False,0.77,2.19,1.01,False,4,True,-13.95,3.82,False,False,,tv_wilder_rsi14_sma5_v1,58.35,55.02,True,True,3.32
7238,7238.T,曙ブレーキ工業,2024-05,CONTINUE,4,46.05,49.37,True,False,3.32,2024-02,117.0,143.0,143.0,22.22,114.72,114.64,128.45,True,True,False,False,True,False,False,561037.0,155.0,-24.52,False,0.86,2.69,1.02,False,4,True,-10.52,2.3,False,False,,tv_wilder_rsi14_sma5_v1,49.37,46.05,False,True,3.32
7456,7456.T,松田産業,2024-05,CONTINUE,2,56.94,60.26,True,True,3.32,2024-04,2748.0,2841.0,2841.0,3.38,2606.08,2542.95,2434.0,True,True,True,True,True,True,True,79007.0,2788.0,-1.43,False,0.68,2.11,0.99,True,2,True,11.34,-1.23,False,False,,tv_wilder_rsi14_sma5_v1,60.26,56.94,True,True,3.32
5019,5019.T,出光興産,2024-05,CONTINUE,12,74.48,77.77,True,False,3.29,2023-06,577.2,1073.0,1073.0,85.9,572.33,572.95,613.88,True,True,False,False,True,False,False,7109100.0,761.0,-24.15,False,0.86,1.86,1.03,False,4,True,-6.93,2.42,False,False,,tv_wilder_rsi14_sma5_v1,77.77,74.48,False,True,3.29
3093,3093.T,トレジャー・ファクトリー,2024-05,CONTINUE,5,63.98,67.25,True,True,3.27,2024-01,1329.0,1656.0,1656.0,24.6,1266.88,1234.33,1429.66,True,True,False,False,False,False,True,301657.0,1910.0,-30.42,False,1.13,3.85,0.8,True,4,False,4.81,4.08,False,False,,tv_wilder_rsi14_sma5_v1,67.25,63.98,True,True,3.27
3915,3915.T,テラスカイ,2024-05,CONTINUE,2,45.56,48.83,True,False,3.26,2024-04,2131.0,1906.0,1906.0,-10.56,1694.44,1588.84,1758.14,True,True,True,False,True,True,False,331683.0,3175.0,-32.88,False,0.86,6.78,1.4,False,3,True,22.74,21.42,False,False,,tv_wilder_rsi14_sma5_v1,48.83,45.56,False,True,3.26
6363,6363.T,酉島製作所,2024-05,CONTINUE,7,89.23,92.47,True,True,3.25,2023-11,2197.0,3405.0,3405.0,54.98,1961.48,1908.23,1750.05,True,True,True,True,True,True,True,123633.0,2200.0,-0.14,False,1.27,3.6,1.18,False,2,True,35.5,6.54,False,False,,tv_wilder_rsi14_sma5_v1,92.47,89.23,True,True,3.25
8214,8214.T,ＡＯＫＩホールディングス,2024-05,NEW,1,66.17,69.42,True,True,3.25,2024-05,1265.0,1265.0,1265.0,0.0,1235.96,1162.25,1107.38,True,True,True,True,True,True,True,207590.0,1330.0,-4.89,False,0.51,2.13,0.65,True,2,True,23.59,-0.17,False,False,,tv_wilder_rsi14_sma5_v1,69.42,66.17,True,True,3.25
7721,7721.T,東京計器,2024-05,CONTINUE,12,84.4,87.64,True,True,3.24,2023-06,1310.0,3150.0,3150.0,140.46,1275.04,1243.4,1251.98,True,True,True,False,True,False,False,53683.0,1433.0,-8.58,False,0.85,1.8,1.09,False,1,True,4.14,2.06,False,False,,tv_wilder_rsi14_sma5_v1,87.64,84.4,True,True,3.24
4099,4099.T,四国化成ホールディングス,2024-05,NEW,1,72.34,75.56,True,True,3.22,2024-05,1027.5,1027.5,1027.5,0.0,937.58,898.56,860.34,True,True,True,True,True,True,True,242353.0,1023.0,0.44,True,1.12,2.46,1.03,False,2,True,28.1,4.92,True,True,BOTH,tv_wilder_rsi14_sma5_v1,75.56,72.34,True,True,3.22
4187,4187.T,大阪有機化学工業,2024-05,CONTINUE,7,61.33,64.55,True,True,3.22,2023-11,2669.0,3480.0,3480.0,30.39,2634.52,2580.73,2417.61,True,True,True,True,True,False,True,77387.0,3035.0,-12.06,False,1.12,2.31,1.07,False,2,True,15.21,-0.8,False,False,,tv_wilder_rsi14_sma5_v1,64.55,61.33,True,True,3.22
5946,5946.T,長府製作所,2024-05,CONTINUE,3,52.01,55.22,True,False,3.21,2024-03,2183.0,2268.0,2268.0,3.89,2143.76,2086.95,2187.76,True,True,False,False,True,True,False,26537.0,2653.0,-17.72,False,1.02,1.59,0.99,True,4,True,2.67,1.28,False,False,,tv_wilder_rsi14_sma5_v1,55.22,52.01,False,True,3.21
7965,7965.T,象印マホービン,2024-05,CONTINUE,2,44.81,48.0,True,False,3.19,2024-04,1543.0,1539.0,1539.0,-0.26,1462.72,1450.43,1608.9,True,True,False,False,True,False,False,116420.0,2180.0,-29.22,False,0.92,1.79,1.04,False,4,True,-3.84,2.44,False,False,,tv_wilder_rsi14_sma5_v1,48.0,44.81,False,True,3.19
7350,7350.T,おきなわフィナンシャルグループ,2024-05,CONTINUE,5,58.15,61.3,True,True,3.15,2024-01,2550.0,2740.0,2740.0,7.45,2376.72,2409.28,2282.18,True,True,True,False,True,False,True,36597.0,2626.0,-2.89,False,1.21,1.89,1.15,False,2,True,12.71,3.56,False,False,,tv_wilder_rsi14_sma5_v1,61.3,58.15,True,True,3.15
2695,2695.T,くら寿司,2024-05,CONTINUE,5,67.84,70.97,True,False,3.14,2024-01,1977.5,2415.0,2415.0,22.12,1833.4,1781.9,1668.85,True,True,True,True,True,True,True,390960.0,2035.0,-2.83,False,1.08,2.48,0.95,True,2,True,22.22,4.26,False,False,,tv_wilder_rsi14_sma5_v1,70.97,67.84,False,True,3.14
4919,4919.T,ミルボン,2024-05,NEW,1,31.54,34.68,True,True,3.14,2024-05,3392.0,3392.0,3392.0,0.0,3297.52,3250.71,3726.1,True,True,False,False,True,False,False,153337.0,5320.0,-36.24,False,0.78,3.63,0.83,True,4,False,-12.29,3.69,False,False,,tv_wilder_rsi14_sma5_v1,34.68,31.54,True,True,3.14
8031,8031.T,三井物産,2024-05,CONTINUE,5,87.59,90.7,True,True,3.11,2024-01,3015.5,3985.0,3985.0,32.15,2837.68,2746.82,2620.08,True,True,True,True,True,True,True,6592200.0,3057.0,-1.36,False,0.89,2.16,0.95,True,2,True,27.61,2.28,False,False,,tv_wilder_rsi14_sma5_v1,90.7,87.59,True,True,3.11
7269,7269.T,スズキ,2024-05,CONTINUE,7,69.97,73.06,True,True,3.09,2023-11,1505.25,1863.5,1863.5,23.8,1524.05,1472.08,1321.27,False,True,True,True,True,True,True,7522627.0,1644.25,-8.45,False,0.87,2.24,0.83,True,2,True,19.07,-1.28,False,False,,tv_wilder_rsi14_sma5_v1,73.06,69.97,True,True,3.09
7272,7272.T,ヤマハ発動機,2024-05,CONTINUE,5,64.89,67.99,True,True,3.09,2024-01,1407.0,1532.5,1532.5,8.92,1350.49,1286.71,1273.05,True,True,True,True,True,True,True,5546957.0,1475.0,-4.61,False,0.74,2.4,1.07,False,2,True,17.46,3.43,False,False,,tv_wilder_rsi14_sma5_v1,67.99,64.89,True,True,3.09
4886,4886.T,あすか製薬ホールディングス,2024-05,CONTINUE,14,75.91,78.99,True,True,3.08,2023-04,1272.0,2359.0,2359.0,85.46,1207.0,1199.91,1180.61,True,True,True,True,True,False,True,50517.0,1311.0,-2.97,False,1.24,1.71,1.18,False,2,True,8.37,2.34,False,False,,tv_wilder_rsi14_sma5_v1,78.99,75.91,True,True,3.08
5711,5711.T,三菱マテリアル,2024-05,CONTINUE,6,67.21,70.27,True,False,3.06,2023-12,2447.5,3063.0,3063.0,25.15,2456.2,2443.73,2404.01,False,True,True,True,True,True,True,574670.0,2668.5,-8.28,False,0.76,2.01,0.83,True,2,True,4.87,-0.37,False,False,,tv_wilder_rsi14_sma5_v1,70.27,67.21,False,True,3.06
6810,6810.T,マクセル,2024-05,NEW,1,55.93,58.99,True,True,3.06,2024-05,1673.0,1673.0,1673.0,0.0,1568.0,1564.08,1592.61,True,True,True,False,True,False,True,242047.0,1803.0,-7.21,False,1.52,2.1,1.2,False,1,True,7.86,3.64,True,False,,tv_wilder_rsi14_sma5_v1,58.99,55.93,True,True,3.06
3371,3371.T,ソフトクリエイトホールディングス,2024-05,CONTINUE,6,55.47,58.53,True,True,3.05,2023-12,1720.0,1992.0,1992.0,15.81,1710.52,1721.84,1732.73,True,False,False,False,False,False,False,47200.0,1984.0,-13.31,False,0.59,1.92,0.95,True,4,False,1.59,0.68,False,False,,tv_wilder_rsi14_sma5_v1,58.53,55.47,True,True,3.05
5706,5706.T,三井金属,2024-05,CONTINUE,3,69.98,73.0,True,True,3.02,2024-03,4726.0,5076.0,5076.0,7.41,4503.96,4489.79,3994.69,True,True,True,True,False,True,True,575593.0,4903.0,-3.61,False,0.69,2.9,0.88,True,2,True,26.91,3.25,False,False,,tv_wilder_rsi14_sma5_v1,73.0,69.98,True,True,3.02
5714,5714.T,ＤＯＷＡホールディングス,2024-05,CONTINUE,7,61.93,64.95,True,False,3.02,2023-11,5256.0,5816.0,5816.0,10.65,4931.68,4756.55,4544.19,True,True,True,True,True,True,True,236923.0,5303.0,-0.89,False,0.92,2.24,0.75,True,2,True,17.6,5.02,False,False,,tv_wilder_rsi14_sma5_v1,64.95,61.93,False,True,3.02
8282,8282.T,ケーズホールディングス,2024-05,CONTINUE,3,57.84,60.84,True,False,3.0,2024-03,1335.5,1461.0,1461.0,9.4,1308.4,1311.59,1315.62,True,True,True,False,True,True,True,805367.0,1426.5,-6.38,False,1.27,1.69,0.97,True,2,True,3.25,0.17,False,False,,tv_wilder_rsi14_sma5_v1,60.84,57.84,False,True,3.0
2371,2371.T,カカクコム,2024-05,CONTINUE,7,42.88,45.86,True,True,2.99,2023-11,1677.5,1900.5,1900.5,13.29,1583.54,1583.51,1819.16,True,True,False,False,True,False,False,1584770.0,2482.0,-32.41,False,0.63,2.28,0.73,True,4,True,-12.74,4.24,False,False,,tv_wilder_rsi14_sma5_v1,45.86,42.88,True,True,2.99
8622,8622.T,水戸証券,2024-05,CONTINUE,5,76.28,79.25,True,True,2.97,2024-01,467.0,544.0,544.0,16.49,449.32,442.41,392.27,True,True,True,True,True,False,True,256473.0,503.0,-7.16,False,1.14,2.19,0.94,True,2,True,29.75,-0.8,False,False,,tv_wilder_rsi14_sma5_v1,79.25,76.28,True,True,2.97
9532,9532.T,大阪瓦斯,2024-05,CONTINUE,3,77.56,80.48,True,True,2.92,2024-03,3392.0,3572.0,3572.0,5.31,3259.26,3101.26,2681.03,True,True,True,True,True,True,True,1436107.0,3527.0,-3.83,False,0.71,2.55,0.83,True,2,True,33.52,2.41,False,False,,tv_wilder_rsi14_sma5_v1,80.48,77.56,True,True,2.92
8366,8366.T,滋賀銀行,2024-05,CONTINUE,4,70.25,73.15,True,True,2.9,2024-02,826.0,899.0,899.0,8.84,767.96,737.91,668.95,True,True,True,True,True,True,True,733833.0,852.0,-3.05,False,1.06,2.69,1.01,False,2,True,29.02,4.66,False,False,,tv_wilder_rsi14_sma5_v1,73.15,70.25,True,True,2.9
2502,2502.T,アサヒグループホールディングス,2024-05,NEW,1,56.79,59.66,True,True,2.87,2024-05,1913.67,1913.67,1913.67,0.0,1886.6,1828.51,1838.3,True,True,True,False,True,True,True,5537650.0,2000.33,-4.33,False,0.75,2.04,0.85,True,1,True,7.93,2.15,False,False,,tv_wilder_rsi14_sma5_v1,59.66,56.79,True,True,2.87
7552,7552.T,ハピネット,2024-05,NEW,1,80.02,82.89,True,True,2.87,2024-05,1770.0,1770.0,1770.0,0.0,1594.74,1553.53,1386.89,True,True,True,True,True,True,True,280120.0,1747.5,1.29,True,0.63,3.12,0.93,True,2,True,37.46,3.82,False,True,BREAKOUT,tv_wilder_rsi14_sma5_v1,82.89,80.02,True,True,2.87
7381,7381.T,ＣＣＩグループ,2024-05,CONTINUE,4,65.47,68.33,True,True,2.86,2024-02,483.5,522.0,522.0,7.96,451.16,457.91,474.35,True,True,True,False,True,False,False,705200.0,591.0,-18.19,False,0.84,2.9,1.01,False,3,True,3.19,4.44,False,False,,tv_wilder_rsi14_sma5_v1,68.33,65.47,True,True,2.86
7466,7466.T,ＳＰＫ,2024-05,CONTINUE,5,71.0,73.86,True,True,2.86,2024-01,1024.5,1110.0,1110.0,8.35,962.52,928.4,921.13,True,True,True,True,True,False,True,52613.0,1049.5,-2.38,False,1.14,1.76,1.08,False,2,True,18.62,3.1,True,False,,tv_wilder_rsi14_sma5_v1,73.86,71.0,True,True,2.86
8341,8341.T,七十七銀行,2024-05,CONTINUE,12,88.5,91.36,True,True,2.86,2023-06,853.33,1561.67,1561.67,83.01,813.89,762.6,706.87,True,True,True,True,True,True,True,696910.0,873.67,-2.33,False,1.14,2.26,1.15,False,2,True,26.92,2.14,False,False,,tv_wilder_rsi14_sma5_v1,91.36,88.5,True,True,2.86
3632,3632.T,グリーホールディングス,2024-05,NEW,1,34.75,37.58,True,True,2.83,2024-05,514.0,514.0,514.0,0.0,493.16,489.17,546.78,True,True,False,False,True,False,False,445180.0,696.0,-26.15,False,0.59,1.9,0.73,True,4,True,-8.53,4.36,False,False,,tv_wilder_rsi14_sma5_v1,37.58,34.75,True,True,2.83
8194,8194.T,ライフコーポレーション,2024-05,CONTINUE,5,63.29,66.11,True,True,2.82,2024-01,1880.0,2047.5,2047.5,8.91,1795.8,1748.0,1680.26,True,True,True,True,True,False,True,196420.0,1945.0,-3.34,False,0.6,2.62,0.79,True,2,True,18.26,1.15,False,False,,tv_wilder_rsi14_sma5_v1,66.11,63.29,True,True,2.82
7181,7181.T,かんぽ生命保険,2024-05,CONTINUE,3,64.62,67.43,True,True,2.81,2024-03,963.33,1007.0,1007.0,4.53,951.79,903.24,850.26,True,True,True,True,True,True,True,3901090.0,1020.0,-5.56,False,1.06,2.57,0.98,True,2,True,23.99,4.36,False,False,,tv_wilder_rsi14_sma5_v1,67.43,64.62,True,True,2.81
7447,7447.T,ナガイレーベン,2024-05,CONTINUE,3,55.31,58.12,True,True,2.81,2024-03,2370.0,2433.0,2433.0,2.66,2320.08,2355.44,2264.96,True,True,True,False,False,True,True,25530.0,2528.0,-6.25,False,1.1,2.72,1.25,False,2,True,7.61,2.35,False,False,,tv_wilder_rsi14_sma5_v1,58.12,55.31,True,True,2.81
8591,8591.T,オリックス,2024-05,CONTINUE,5,71.48,74.29,True,True,2.81,2024-01,2868.5,3419.0,3419.0,19.19,2762.94,2715.55,2619.6,True,True,True,True,True,False,True,3188787.0,2991.0,-4.1,False,0.9,1.51,0.87,True,2,True,15.96,1.17,False,False,,tv_wilder_rsi14_sma5_v1,74.29,71.48,True,True,2.81
3050,3050.T,ＤＣＭホールディングス,2024-05,CONTINUE,7,66.93,69.74,True,True,2.8,2023-11,1279.0,1528.0,1528.0,19.47,1196.72,1220.57,1225.85,True,True,True,False,False,True,True,466020.0,1477.0,-13.41,False,1.09,1.88,1.2,False,2,True,4.63,3.71,True,False,,tv_wilder_rsi14_sma5_v1,69.74,66.93,True,True,2.8
3291,3291.T,飯田グループホールディングス,2024-05,NEW,1,45.37,48.16,True,True,2.8,2024-05,2142.0,2142.0,2142.0,0.0,2054.3,1990.59,2200.25,True,True,False,False,True,False,False,1385940.0,2725.5,-21.41,False,2.46,2.79,1.05,False,4,True,-2.2,3.53,True,False,,tv_wilder_rsi14_sma5_v1,48.16,45.37,True,True,2.8
3360,3360.T,シップヘルスケアホールディングス,2024-05,CONTINUE,2,45.38,48.15,False,False,2.78,2024-04,2352.0,2316.5,2316.5,-1.51,2141.26,2195.65,2244.58,True,True,True,False,False,False,False,216427.0,2555.0,-7.95,False,1.26,2.06,1.11,False,3,True,2.51,5.93,False,False,,tv_wilder_rsi14_sma5_v1,48.15,45.38,False,False,2.78
1942,1942.T,関電工,2024-05,CONTINUE,5,84.52,87.29,True,True,2.77,2024-01,1522.0,1872.0,1872.0,23.0,1405.8,1367.39,1248.54,True,True,True,True,True,True,True,374473.0,1507.0,1.0,True,1.57,2.61,1.18,False,2,True,38.75,3.24,True,False,,tv_wilder_rsi14_sma5_v1,87.29,84.52,True,True,2.77
8061,8061.T,西華産業,2024-05,CONTINUE,10,83.33,86.1,True,False,2.77,2023-08,705.67,1351.67,1351.67,91.54,656.61,662.1,616.83,True,True,True,False,False,False,True,61060.0,779.67,-9.49,False,1.17,2.05,1.09,False,2,True,19.96,6.04,False,False,,tv_wilder_rsi14_sma5_v1,86.1,83.33,False,True,2.77
8233,8233.T,高島屋,2024-05,NEW,1,68.1,70.88,True,True,2.77,2024-05,1302.75,1302.75,1302.75,0.0,1179.67,1163.13,1086.32,True,True,True,True,True,True,True,2678667.0,1280.75,1.72,True,1.27,2.01,1.02,False,2,True,22.5,2.93,True,True,BOTH,tv_wilder_rsi14_sma5_v1,70.88,68.1,True,True,2.77
4301,4301.T,アミューズ,2024-05,CONTINUE,5,41.07,43.81,True,True,2.74,2024-01,1594.0,1619.0,1619.0,1.57,1523.52,1501.11,1642.93,True,True,False,False,True,False,False,25667.0,1882.0,-15.3,False,1.01,1.03,0.99,True,4,True,-2.12,2.82,False,False,,tv_wilder_rsi14_sma5_v1,43.81,41.07,True,True,2.74
5703,5703.T,日本軽金属ホールディングス,2024-05,CONTINUE,3,58.88,61.61,True,True,2.72,2024-03,1820.0,1900.0,1900.0,4.4,1787.68,1747.55,1634.56,True,True,True,True,True,True,True,244597.0,1868.0,-2.57,False,0.79,1.85,0.95,True,2,True,14.42,-0.13,False,False,,tv_wilder_rsi14_sma5_v1,61.61,58.88,True,True,2.72
9065,9065.T,山九,2024-05,CONTINUE,2,59.45,62.16,True,True,2.72,2024-04,5471.0,5674.0,5674.0,3.71,5281.68,5299.63,5129.74,True,True,True,False,False,True,True,100910.0,5644.0,-3.07,False,0.94,1.8,1.08,False,2,True,9.8,3.11,False,False,,tv_wilder_rsi14_sma5_v1,62.16,59.45,True,True,2.72
5857,5857.T,ＡＲＥホールディングス,2024-05,CONTINUE,2,52.99,55.71,True,True,2.71,2024-04,2042.0,2059.0,2059.0,0.83,1980.84,1969.05,1926.09,True,True,True,True,True,True,True,337290.0,2057.0,-0.73,False,1.64,1.81,1.09,False,2,True,4.13,0.5,False,False,,tv_wilder_rsi14_sma5_v1,55.71,52.99,True,True,2.71
6367,6367.T,ダイキン工業,2024-05,NEW,1,47.66,50.32,True,True,2.66,2024-05,22945.0,22945.0,22945.0,0.0,23213.6,21506.6,22717.55,False,True,True,False,True,True,False,1554557.0,31330.0,-26.76,False,0.9,2.3,0.86,True,3,False,-1.46,-0.4,False,False,,tv_wilder_rsi14_sma5_v1,50.32,47.66,True,True,2.66
3679,3679.T,じげん,2024-05,NEW,1,55.89,58.5,True,True,2.61,2024-05,628.0,628.0,628.0,0.0,596.6,577.4,553.16,True,True,True,True,True,True,False,562450.0,827.0,-24.06,False,0.66,3.43,0.89,True,3,True,9.95,-0.86,False,False,,tv_wilder_rsi14_sma5_v1,58.5,55.89,True,True,2.61
6701,6701.T,日本電気,2024-05,CONTINUE,5,78.4,81.02,True,True,2.61,2024-01,1940.0,2325.0,2325.0,19.85,1771.18,1640.77,1477.29,True,True,True,True,True,True,True,4947500.0,1893.6,2.45,True,1.91,2.23,1.15,False,2,True,63.06,7.63,True,True,BOTH,tv_wilder_rsi14_sma5_v1,81.02,78.4,True,True,2.61
7962,7962.T,キングジム,2024-05,CONTINUE,5,49.73,52.33,True,True,2.6,2024-01,876.0,898.0,898.0,2.51,872.52,873.85,884.92,True,True,False,False,True,False,False,21800.0,933.0,-6.11,False,0.73,0.64,0.87,True,4,True,-1.86,-0.46,False,False,,tv_wilder_rsi14_sma5_v1,52.33,49.73,True,True,2.6
8360,8360.T,山梨中央銀行,2024-05,NEW,1,70.11,72.7,True,True,2.59,2024-05,2060.0,2060.0,2060.0,0.0,1872.0,1835.87,1756.76,True,True,True,True,True,True,True,49937.0,2029.0,1.53,True,1.07,2.32,1.06,False,2,True,31.82,3.69,True,True,BOTH,tv_wilder_rsi14_sma5_v1,72.7,70.11,True,True,2.59
8368,8368.T,百五銀行,2024-05,CONTINUE,4,78.35,80.92,True,True,2.57,2024-02,661.0,703.0,703.0,6.35,590.76,561.08,508.6,True,True,True,True,True,True,True,703330.0,656.0,0.76,True,1.48,2.74,1.17,False,2,True,40.03,7.04,False,True,BREAKOUT,tv_wilder_rsi14_sma5_v1,80.92,78.35,True,True,2.57
8370,8370.T,紀陽銀行,2024-05,CONTINUE,8,64.59,67.15,True,True,2.57,2023-10,1548.0,1903.0,1903.0,22.93,1512.56,1507.49,1536.39,True,True,True,False,False,True,True,128577.0,1726.0,-10.31,False,0.95,2.25,1.03,False,3,False,0.86,-1.27,False,False,,tv_wilder_rsi14_sma5_v1,67.15,64.59,True,True,2.57
4461,4461.T,第一工業製薬,2024-05,CONTINUE,9,67.45,70.02,True,True,2.56,2023-09,1740.0,3860.0,3860.0,121.84,1714.48,1728.88,1843.78,True,True,False,False,True,False,False,30537.0,2110.0,-17.54,False,1.16,1.53,1.22,False,4,True,-7.56,2.34,False,False,,tv_wilder_rsi14_sma5_v1,70.02,67.45,True,True,2.56
8113,8113.T,ユニ・チャーム,2024-05,NEW,1,49.34,51.9,False,True,2.56,2024-05,1683.67,1683.67,1683.67,0.0,1633.88,1622.67,1698.56,True,True,False,False,True,False,False,4103930.0,1986.0,-15.22,False,0.86,2.12,0.86,True,4,True,-2.48,0.94,True,False,,tv_wilder_rsi14_sma5_v1,51.9,49.34,True,False,2.56
8848,8848.T,レオパレス２１,2024-05,CONTINUE,7,65.06,67.62,True,False,2.56,2023-11,472.0,524.0,524.0,11.02,391.6,357.2,336.68,True,True,True,True,True,True,True,5790100.0,492.0,-4.07,False,1.1,4.21,1.06,False,1,True,41.41,14.92,False,False,,tv_wilder_rsi14_sma5_v1,67.62,65.06,False,True,2.56
7914,7914.T,共同印刷,2024-05,NEW,1,57.52,60.05,True,True,2.53,2024-05,892.5,892.5,892.5,0.0,828.55,825.18,823.31,True,True,True,True,False,False,True,60293.0,937.5,-4.8,False,1.0,2.89,0.86,True,2,True,13.13,5.21,False,False,,tv_wilder_rsi14_sma5_v1,60.05,57.52,True,True,2.53
9946,9946.T,ミニストップ,2024-05,NEW,1,60.03,62.54,True,True,2.51,2024-05,1580.0,1580.0,1580.0,0.0,1547.92,1547.95,1518.67,True,True,True,False,True,True,True,36933.0,1650.0,-4.24,False,0.81,0.68,1.1,False,2,True,4.3,-0.16,False,False,,tv_wilder_rsi14_sma5_v1,62.54,60.03,True,True,2.51
7453,7453.T,良品計画,2024-05,CONTINUE,12,67.17,69.66,True,True,2.49,2023-06,711.25,1291.25,1291.25,81.55,696.26,711.57,701.87,True,False,True,False,False,True,True,5388020.0,795.5,-10.59,False,1.1,1.49,0.93,True,2,False,2.64,0.59,False,False,,tv_wilder_rsi14_sma5_v1,69.66,67.17,True,True,2.49
2664,2664.T,カワチ薬品,2024-05,CONTINUE,2,66.77,69.25,True,True,2.48,2024-04,2848.0,2908.0,2908.0,2.11,2645.64,2694.27,2509.18,True,True,True,False,False,True,True,73607.0,2860.0,-0.42,False,1.74,1.69,1.31,False,2,True,16.64,1.19,True,True,MVP,tv_wilder_rsi14_sma5_v1,69.25,66.77,True,True,2.48
9025,9025.T,鴻池運輸,2024-05,CONTINUE,3,69.03,71.51,True,False,2.48,2024-03,2198.0,2259.0,2259.0,2.78,1938.68,1911.11,1881.72,True,True,True,True,True,True,True,97380.0,2200.0,-0.09,False,1.18,3.0,1.35,False,2,True,27.13,9.83,False,False,,tv_wilder_rsi14_sma5_v1,71.51,69.03,False,True,2.48
5702,5702.T,大紀アルミニウム工業所,2024-05,CONTINUE,3,49.52,51.99,True,False,2.47,2024-03,1243.0,1325.0,1325.0,6.6,1223.12,1210.2,1300.18,True,True,False,False,False,True,False,104537.0,1584.0,-21.53,False,0.97,1.5,0.99,True,4,True,-4.6,1.8,False,False,,tv_wilder_rsi14_sma5_v1,51.99,49.52,False,True,2.47
7912,7912.T,大日本印刷,2024-05,CONTINUE,7,76.91,79.38,True,True,2.47,2023-11,2076.5,2442.0,2442.0,17.6,1994.88,1973.51,1950.41,True,True,True,True,True,True,True,1445793.0,2080.0,-0.17,False,1.31,1.85,0.82,True,2,True,15.5,0.99,True,False,,tv_wilder_rsi14_sma5_v1,79.38,76.91,True,True,2.47
6113,6113.T,アマダ,2024-05,CONTINUE,5,72.26,74.71,True,True,2.45,2024-01,1605.0,1771.0,1771.0,10.34,1542.18,1498.43,1437.58,True,True,True,True,True,True,True,1076227.0,1632.5,-1.68,False,0.94,1.82,0.88,True,2,True,22.14,1.62,False,False,,tv_wilder_rsi14_sma5_v1,74.71,72.26,True,True,2.45
6345,6345.T,アイチコーポレーション,2024-05,NEW,1,67.91,70.36,True,True,2.45,2024-05,1163.0,1163.0,1163.0,0.0,1135.0,1109.2,1033.15,True,True,True,True,True,True,True,133023.0,1218.0,-4.52,False,0.52,2.63,0.86,True,2,True,22.47,-0.17,False,False,,tv_wilder_rsi14_sma5_v1,70.36,67.91,True,True,2.45
6486,6486.T,イーグル工業,2024-05,CONTINUE,5,70.45,72.9,True,True,2.45,2024-01,1720.0,1884.0,1884.0,9.53,1663.12,1643.33,1625.12,True,True,True,True,True,False,True,89887.0,1854.0,-7.23,False,0.93,1.52,0.95,True,2,True,20.1,0.46,False,False,,tv_wilder_rsi14_sma5_v1,72.9,70.45,True,True,2.45
3861,3861.T,王子ホールディングス,2024-05,CONTINUE,4,55.42,57.86,True,True,2.43,2024-02,586.3,634.0,634.0,8.14,569.46,559.62,573.25,True,True,True,False,True,False,True,8380523.0,678.2,-13.55,False,2.6,2.64,1.04,False,2,True,4.57,0.75,True,False,,tv_wilder_rsi14_sma5_v1,57.86,55.42,True,True,2.43
8306,8306.T,三菱ＵＦＪフィナンシャル  ･グループ,2024-05,CONTINUE,5,82.26,84.68,True,True,2.42,2024-01,1395.0,1658.0,1658.0,18.85,1284.5,1259.89,1133.64,True,True,True,True,True,True,True,66369480.0,1396.5,-0.11,False,1.12,1.81,1.15,False,2,True,33.94,4.9,False,False,,tv_wilder_rsi14_sma5_v1,84.68,82.26,True,True,2.42
6503,6503.T,三菱電機,2024-05,CONTINUE,7,73.91,76.32,True,False,2.41,2023-11,2009.0,2730.0,2730.0,35.89,1925.68,1869.57,1806.02,True,True,True,True,True,False,True,6680230.0,2109.5,-4.76,False,0.83,2.04,0.88,True,2,True,19.36,2.31,False,False,,tv_wilder_rsi14_sma5_v1,76.32,73.91,False,True,2.41
8601,8601.T,大和証券グループ本社,2024-05,CONTINUE,17,85.91,88.32,True,True,2.41,2023-01,612.0,1234.0,1234.0,101.63,596.52,591.47,606.15,True,True,True,False,True,True,False,4772970.0,745.0,-17.85,False,0.75,1.3,1.04,False,3,True,-1.44,1.17,True,False,,tv_wilder_rsi14_sma5_v1,88.32,85.91,True,True,2.41
2209,2209.T,井村屋グループ,2024-05,NEW,1,61.46,63.86,True,True,2.4,2024-05,2574.0,2574.0,2574.0,0.0,2488.04,2483.21,2388.68,True,True,True,True,True,True,True,8930.0,2635.0,-2.31,False,1.04,1.22,0.94,True,2,True,8.51,1.06,True,True,MVP,tv_wilder_rsi14_sma5_v1,63.86,61.46,True,True,2.4
2768,2768.T,双日,2024-05,CONTINUE,5,75.6,77.99,True,True,2.39,2024-01,3504.0,4104.0,4104.0,17.12,3352.48,3237.04,3143.74,True,True,True,True,True,True,True,1030263.0,3557.0,-1.49,False,0.79,1.81,0.9,True,2,True,18.72,2.38,False,False,,tv_wilder_rsi14_sma5_v1,77.99,75.6,True,True,2.39
2461,2461.T,ファンコミュニケーションズ,2024-05,CONTINUE,2,47.56,49.93,True,True,2.38,2024-04,405.0,412.0,412.0,1.73,403.0,402.41,402.13,True,True,True,True,False,False,True,50767.0,430.0,-5.81,False,0.64,0.99,0.97,True,2,True,1.15,0.3,False,False,,tv_wilder_rsi14_sma5_v1,49.93,47.56,True,True,2.38
6264,6264.T,マルマエ,2024-05,NEW,1,54.18,56.55,True,True,2.37,2024-05,1081.5,1081.5,1081.5,0.0,985.06,992.0,913.12,True,True,True,False,True,True,True,195300.0,1209.5,-10.58,False,0.85,3.12,1.09,False,2,True,18.93,1.34,False,False,,tv_wilder_rsi14_sma5_v1,56.55,54.18,True,True,2.37
7731,7731.T,ニコン,2024-05,CONTINUE,5,54.87,57.24,True,False,2.37,2024-01,1517.5,1630.0,1630.0,7.41,1453.28,1442.57,1551.52,True,True,False,False,True,False,True,1673203.0,1943.5,-21.92,False,1.23,1.88,0.95,True,1,True,6.22,2.93,False,False,,tv_wilder_rsi14_sma5_v1,57.24,54.87,False,True,2.37
6058,6058.T,ベクトル,2024-05,CONTINUE,5,51.52,53.88,True,False,2.36,2024-01,1195.0,1308.0,1308.0,9.46,1151.52,1112.53,1234.66,True,True,False,False,True,False,False,292980.0,1572.0,-23.98,False,1.32,3.87,0.85,True,4,True,-0.72,6.4,False,False,,tv_wilder_rsi14_sma5_v1,53.88,51.52,False,True,2.36
8001,8001.T,伊藤忠商事,2024-05,CONTINUE,2,78.52,80.87,True,True,2.35,2024-04,1427.2,1482.0,1482.0,3.84,1340.68,1324.79,1201.71,True,True,True,True,True,True,True,18620750.0,1407.8,1.38,True,0.9,2.16,0.89,True,2,True,28.31,-0.26,False,True,BREAKOUT,tv_wilder_rsi14_sma5_v1,80.87,78.52,True,True,2.35
5901,5901.T,東洋製罐グループホールディングス,2024-05,NEW,1,65.83,68.17,True,True,2.34,2024-05,2598.5,2598.5,2598.5,0.0,2481.62,2467.17,2437.85,True,True,True,True,True,True,True,425267.0,2802.0,-7.26,False,0.88,1.97,0.98,True,1,True,9.04,0.55,False,False,,tv_wilder_rsi14_sma5_v1,68.17,65.83,True,True,2.34
2264,2264.T,森永乳業,2024-05,CONTINUE,5,61.28,63.62,True,True,2.33,2024-01,756.5,811.0,811.0,7.2,715.12,698.16,668.65,True,True,True,True,True,True,True,1315213.0,756.88,-0.05,False,0.87,1.67,0.88,True,2,True,17.85,3.02,False,False,,tv_wilder_rsi14_sma5_v1,63.62,61.28,True,True,2.33
5930,5930.T,文化シャッター,2024-05,CONTINUE,9,79.41,81.73,True,True,2.32,2023-09,1106.0,1816.0,1816.0,64.2,1118.32,1094.35,1111.04,False,True,False,False,True,True,True,150233.0,1186.0,-6.75,False,1.04,1.44,1.11,False,4,False,1.2,0.51,False,False,,tv_wilder_rsi14_sma5_v1,81.73,79.41,True,True,2.32
4205,4205.T,日本ゼオン,2024-05,CONTINUE,3,50.61,52.91,True,False,2.3,2024-03,1324.0,1455.5,1455.5,9.93,1295.76,1301.39,1400.6,True,True,False,False,True,False,False,787103.0,1750.0,-24.34,False,0.85,2.13,1.09,False,4,True,-4.59,2.24,False,False,,tv_wilder_rsi14_sma5_v1,52.91,50.61,False,True,2.3
3834,3834.T,朝日ネット,2024-05,CONTINUE,5,50.89,53.17,True,True,2.29,2024-01,625.0,650.0,650.0,4.0,620.88,616.23,617.87,True,True,True,False,True,False,True,31203.0,685.0,-8.76,False,0.9,0.89,0.97,True,2,True,3.35,0.22,False,False,,tv_wilder_rsi14_sma5_v1,53.17,50.89,True,True,2.29
4043,4043.T,トクヤマ,2024-05,CONTINUE,7,66.11,68.38,True,False,2.27,2023-11,2401.0,3042.0,3042.0,26.7,2319.38,2329.45,2260.16,True,True,True,False,True,False,True,446983.0,2502.5,-4.06,False,0.55,1.66,0.8,True,2,True,11.33,0.89,False,False,,tv_wilder_rsi14_sma5_v1,68.38,66.11,False,True,2.27
8098,8098.T,稲畑産業,2024-05,NEW,1,72.95,75.21,True,True,2.26,2024-05,3345.0,3345.0,3345.0,0.0,3273.2,3204.4,3171.71,True,True,True,True,True,True,True,185737.0,3440.0,-2.76,False,0.94,1.51,0.93,True,1,True,6.51,0.02,False,False,,tv_wilder_rsi14_sma5_v1,75.21,72.95,True,True,2.26
6923,6923.T,スタンレー電気,2024-05,CONTINUE,3,51.8,54.06,True,True,2.25,2024-03,2799.0,2885.5,2885.5,3.09,2660.78,2688.01,2646.05,True,True,True,False,False,False,False,769350.0,3075.0,-8.98,False,0.64,2.17,0.95,True,3,True,5.02,2.4,False,False,,tv_wilder_rsi14_sma5_v1,54.06,51.8,True,True,2.25
5929,5929.T,三和ホールディングス,2024-05,NEW,1,77.73,79.97,True,True,2.24,2024-05,2916.5,2916.5,2916.5,0.0,2757.56,2644.99,2321.4,True,True,True,True,True,True,True,762033.0,3005.0,-2.95,False,0.99,2.46,0.84,True,2,True,37.36,-0.43,False,False,,tv_wilder_rsi14_sma5_v1,79.97,77.73,True,True,2.24
6866,6866.T,日置電機,2024-05,NEW,1,48.19,50.41,True,True,2.22,2024-05,7060.0,7060.0,7060.0,0.0,7046.0,6903.47,6863.55,True,True,True,True,True,True,False,82150.0,9660.0,-26.92,False,0.42,2.48,0.79,True,3,True,-2.27,-1.83,False,False,,tv_wilder_rsi14_sma5_v1,50.41,48.19,True,True,2.22
4064,4064.T,日本カーバイド工業,2024-05,CONTINUE,4,63.11,65.31,True,True,2.21,2024-02,1824.0,1839.0,1839.0,0.82,1699.36,1549.75,1535.3,True,True,True,True,True,True,True,110487.0,1900.0,-4.0,False,0.53,3.5,0.72,True,2,True,28.05,8.28,False,False,,tv_wilder_rsi14_sma5_v1,65.31,63.11,True,True,2.21
3302,3302.T,帝国繊維,2024-05,CONTINUE,12,65.74,67.94,True,True,2.2,2023-06,1637.0,2395.0,2395.0,46.3,1631.72,1663.75,1618.27,True,False,True,False,False,True,True,57003.0,1782.0,-8.14,False,1.49,1.56,1.16,False,2,False,0.98,0.21,False,False,,tv_wilder_rsi14_sma5_v1,67.94,65.74,True,True,2.2
6351,6351.T,鶴見製作所,2024-05,NEW,1,78.39,80.59,False,True,2.2,2024-05,2160.0,2160.0,2160.0,0.0,1912.4,1826.53,1738.18,True,True,True,True,True,True,True,53253.0,2095.0,3.1,True,1.75,3.54,0.84,True,2,True,39.51,4.04,True,False,,tv_wilder_rsi14_sma5_v1,80.59,78.39,True,False,2.2
6804,6804.T,ホシデン,2024-05,CONTINUE,4,66.11,68.3,True,True,2.19,2024-02,1943.0,2002.0,2002.0,3.04,1892.76,1786.63,1791.78,True,True,True,False,True,True,True,211560.0,2066.0,-5.95,False,1.05,3.36,0.95,True,2,True,14.0,4.15,False,False,,tv_wilder_rsi14_sma5_v1,68.3,66.11,True,True,2.19
8715,8715.T,アニコムホールディングス,2024-05,CONTINUE,5,45.55,47.74,True,True,2.19,2024-01,589.0,615.0,615.0,4.41,556.76,559.35,590.15,True,True,False,False,True,False,True,288970.0,707.0,-16.69,False,0.57,2.16,1.08,False,1,True,4.15,4.03,False,False,,tv_wilder_rsi14_sma5_v1,47.74,45.55,True,True,2.19
9663,9663.T,ナガワ,2024-05,NEW,1,49.97,52.16,True,True,2.18,2024-05,7800.0,7800.0,7800.0,0.0,7391.2,7364.67,7100.45,True,True,True,True,True,True,True,7873.0,8200.0,-4.88,False,1.17,2.23,1.05,False,2,True,13.95,0.82,True,False,,tv_wilder_rsi14_sma5_v1,52.16,49.97,True,True,2.18
4523,4523.T,エーザイ,2024-05,CONTINUE,2,42.5,44.66,False,True,2.16,2024-04,6502.0,6753.0,6753.0,3.86,6107.88,6445.84,7630.23,True,True,False,False,False,False,False,1101920.0,11250.0,-42.2,False,1.39,2.18,1.16,False,4,True,-15.32,2.44,True,False,,tv_wilder_rsi14_sma5_v1,44.66,42.5,True,False,2.16
6284,6284.T,日精エー  ･エス  ･ビー機械,2024-05,CONTINUE,3,58.34,60.49,True,False,2.16,2024-03,5330.0,5160.0,5160.0,-3.19,4839.2,4544.73,4442.82,True,True,True,True,True,False,True,47413.0,5430.0,-1.84,False,0.74,3.44,1.17,False,2,True,25.06,8.55,False,False,,tv_wilder_rsi14_sma5_v1,60.49,58.34,False,True,2.16
9766,9766.T,コナミグループ,2024-05,NEW,1,67.66,69.79,True,True,2.13,2024-05,10965.0,10965.0,10965.0,0.0,10360.6,10047.64,8795.85,True,True,True,True,True,True,True,461277.0,11570.0,-5.23,False,1.32,2.91,0.84,True,2,True,28.9,0.2,True,True,MVP,tv_wilder_rsi14_sma5_v1,69.79,67.66,True,True,2.13
3612,3612.T,ワールド,2024-05,CONTINUE,6,67.53,69.65,True,True,2.12,2023-12,840.0,1059.0,1059.0,26.07,831.06,810.61,796.43,True,True,True,True,True,True,True,168180.0,907.5,-7.44,False,0.89,1.7,0.89,True,2,True,12.47,0.36,False,False,,tv_wilder_rsi14_sma5_v1,69.65,67.53,True,True,2.12
7242,7242.T,カヤバ,2024-05,CONTINUE,6,69.45,71.57,True,True,2.12,2023-12,2452.5,2725.0,2725.0,11.11,2383.2,2336.2,2302.24,True,True,True,True,True,False,True,338973.0,2635.0,-6.93,False,0.43,1.8,0.94,True,2,True,14.05,1.74,False,False,,tv_wilder_rsi14_sma5_v1,71.57,69.45,True,True,2.12
7745,7745.T,Ａ＆Ｄホロンホールディングス,2024-05,CONTINUE,5,73.91,76.02,True,True,2.11,2024-01,2060.0,2912.0,2912.0,41.36,1887.56,1773.41,1680.25,True,True,True,True,True,True,True,173753.0,2081.0,-1.01,False,1.11,2.93,1.05,False,2,True,47.5,9.15,False,False,,tv_wilder_rsi14_sma5_v1,76.02,73.91,True,True,2.11
7611,7611.T,ハイデイ日高,2024-05,NEW,1,63.24,65.34,False,True,2.1,2024-05,2961.0,2961.0,2961.0,0.0,2842.84,2732.79,2761.11,True,True,True,False,True,False,True,90707.0,3095.0,-4.33,False,0.96,1.76,0.94,True,1,True,13.62,2.63,True,False,,tv_wilder_rsi14_sma5_v1,65.34,63.24,True,False,2.1
9984,9984.T,ソフトバンクグループ,2024-05,NEW,1,62.56,64.64,True,True,2.08,2024-05,2260.5,2260.5,2260.5,0.0,2062.64,2123.28,1785.36,True,True,True,False,False,True,True,30744693.0,2346.5,-3.67,False,1.21,2.85,1.08,False,2,True,31.79,1.29,True,True,MVP,tv_wilder_rsi14_sma5_v1,64.64,62.56,True,True,2.08
2815,2815.T,アリアケジャパン,2024-05,CONTINUE,5,48.42,50.5,True,True,2.07,2024-01,4750.0,5290.0,5290.0,11.37,4599.6,4637.88,4985.91,True,True,False,False,True,False,False,52070.0,5640.0,-15.78,False,1.12,1.73,0.92,True,4,True,-0.57,1.92,False,False,,tv_wilder_rsi14_sma5_v1,50.5,48.42,True,True,2.07
4097,4097.T,高圧ガス工業,2024-05,NEW,1,65.86,67.93,False,True,2.07,2024-05,920.0,920.0,920.0,0.0,889.2,884.08,833.38,True,True,True,True,True,True,True,29617.0,944.0,-2.54,False,0.65,2.26,0.96,True,2,True,14.41,0.49,False,False,,tv_wilder_rsi14_sma5_v1,67.93,65.86,True,False,2.07
2491,2491.T,バリューコマース,2024-05,NEW,1,31.39,33.45,False,True,2.06,2024-05,1179.0,1179.0,1179.0,0.0,1093.76,1090.56,1230.86,True,True,False,False,True,False,False,257073.0,1695.0,-30.44,False,2.55,2.89,1.19,False,4,True,-4.01,6.04,True,False,,tv_wilder_rsi14_sma5_v1,33.45,31.39,True,False,2.06
6472,6472.T,ＮＴＮ,2024-05,CONTINUE,5,54.73,56.78,True,True,2.05,2024-01,272.4,320.0,320.0,17.47,266.68,271.06,289.01,True,True,False,False,True,False,False,4526340.0,378.0,-27.94,False,1.01,1.55,0.91,True,4,True,-3.77,1.27,False,False,,tv_wilder_rsi14_sma5_v1,56.78,54.73,True,True,2.05
4887,4887.T,サワイグループホールディングス,2024-05,CONTINUE,12,65.85,67.88,True,True,2.03,2023-06,1208.33,2037.33,2037.33,68.61,1151.99,1218.22,1298.07,True,False,False,False,False,False,False,696820.0,1493.33,-19.08,False,0.87,1.73,1.03,False,4,True,-6.4,3.84,False,False,,tv_wilder_rsi14_sma5_v1,67.88,65.85,True,True,2.03
1835,1835.T,東鉄工業,2024-05,CONTINUE,2,62.66,64.68,False,True,2.02,2024-04,3160.0,3165.0,3165.0,0.16,3054.2,3046.21,2931.28,True,True,True,True,True,False,True,63190.0,3225.0,-2.02,False,1.21,2.22,1.14,False,2,True,11.4,2.01,False,False,,tv_wilder_rsi14_sma5_v1,64.68,62.66,True,False,2.02
6062,6062.T,チャーム  ･ケア  ･コーポレーション,2024-05,CONTINUE,6,57.69,59.71,True,True,2.02,2023-12,1267.0,1546.0,1546.0,22.02,1170.56,1146.25,1174.42,True,True,True,False,True,False,True,114780.0,1388.0,-8.72,False,1.18,2.45,0.98,True,2,True,7.54,4.35,False,False,,tv_wilder_rsi14_sma5_v1,59.71,57.69,True,True,2.02
6588,6588.T,東芝テック,2024-05,CONTINUE,5,38.07,40.09,True,False,2.02,2024-01,3080.0,3180.0,3180.0,3.25,2974.92,3018.51,3524.34,True,True,False,False,True,False,False,87507.0,4420.0,-30.32,False,1.15,2.12,0.93,True,4,True,-13.22,1.89,True,False,,tv_wilder_rsi14_sma5_v1,40.09,38.07,False,True,2.02
5186,5186.T,ニッタ,2024-05,CONTINUE,3,73.88,75.88,True,True,2.01,2024-03,3990.0,4100.0,4100.0,2.76,3858.8,3765.67,3503.22,True,True,True,True,True,True,True,33273.0,4110.0,-2.92,False,1.32,1.89,1.02,False,2,True,21.22,3.74,False,False,,tv_wilder_rsi14_sma5_v1,75.88,73.88,True,True,2.01
6073,6073.T,アサンテ,2024-05,NEW,1,52.57,54.57,True,True,2.0,2024-05,1701.0,1701.0,1701.0,0.0,1666.0,1667.93,1642.68,True,True,True,False,True,False,False,14257.0,1738.0,-2.13,False,1.05,0.88,0.83,True,1,True,3.68,1.55,True,False,,tv_wilder_rsi14_sma5_v1,54.57,52.57,True,True,2.0
4538,4538.T,扶桑薬品工業,2024-05,CONTINUE,5,55.39,57.38,True,True,1.99,2024-01,2209.0,2299.0,2299.0,4.07,2058.6,1959.16,2001.75,True,True,True,False,True,True,True,35707.0,2269.0,-2.64,False,0.58,2.49,0.86,True,1,True,11.38,5.09,False,False,,tv_wilder_rsi14_sma5_v1,57.38,55.39,True,True,1.99
6925,6925.T,ウシオ電機,2024-05,CONTINUE,2,58.85,60.84,True,True,1.99,2024-04,2080.5,2110.5,2110.5,1.44,1977.56,2020.39,1947.28,True,True,True,False,False,False,True,524127.0,2242.5,-7.22,False,1.24,1.87,1.05,False,2,True,8.78,1.46,False,False,,tv_wilder_rsi14_sma5_v1,60.84,58.85,True,True,1.99
5021,5021.T,コスモエネルギーホールディングス,2024-05,CONTINUE,11,83.76,85.72,True,True,1.97,2023-07,2200.5,3906.0,3906.0,77.51,2016.96,2070.62,1977.36,True,True,True,False,False,False,True,1053887.0,2310.0,-4.74,False,1.34,1.95,1.38,False,2,True,12.6,5.08,False,False,,tv_wilder_rsi14_sma5_v1,85.72,83.76,True,True,1.97
6324,6324.T,ハーモニック・ドライブ・システムズ,2024-05,CONTINUE,4,46.85,48.83,True,True,1.97,2024-02,3915.0,4165.0,4165.0,6.39,3691.0,3935.67,3973.78,True,False,False,False,False,True,False,518950.0,5160.0,-24.13,False,1.33,4.81,1.08,False,4,True,-10.77,-2.87,False,False,,tv_wilder_rsi14_sma5_v1,48.83,46.85,True,True,1.97
8364,8364.T,清水銀行,2024-05,NEW,1,52.22,54.2,True,True,1.97,2024-05,1633.0,1633.0,1633.0,0.0,1573.12,1579.2,1576.8,True,True,True,False,True,True,True,13573.0,1719.0,-5.0,False,1.27,1.43,0.92,True,1,True,6.71,2.45,False,False,,tv_wilder_rsi14_sma5_v1,54.2,52.22,True,True,1.97
7164,7164.T,全国保証,2024-05,CONTINUE,7,65.32,67.28,True,True,1.96,2023-11,2498.5,2816.0,2816.0,12.71,2417.36,2463.17,2505.11,True,True,False,False,False,False,False,547700.0,2810.0,-11.09,False,0.83,0.81,0.75,True,4,True,-1.65,0.56,False,False,,tv_wilder_rsi14_sma5_v1,67.28,65.32,True,True,1.96
9744,9744.T,メイテックグループホールディングス,2024-05,NEW,1,69.31,71.27,True,True,1.96,2024-05,3123.0,3123.0,3123.0,0.0,3070.58,3009.73,2838.64,True,True,True,True,True,True,True,384357.0,3400.0,-8.15,False,0.91,2.02,0.72,True,2,True,14.08,-1.61,False,False,,tv_wilder_rsi14_sma5_v1,71.27,69.31,True,True,1.96
7917,7917.T,ＺＡＣＲＯＳ,2024-05,CONTINUE,3,60.42,62.36,True,True,1.94,2024-03,1086.25,1086.25,1086.25,0.0,1008.15,983.33,943.34,True,True,True,True,True,True,True,178427.0,1122.5,-3.23,False,1.13,2.52,1.22,False,2,True,22.72,6.06,False,False,,tv_wilder_rsi14_sma5_v1,62.36,60.42,True,True,1.94
8097,8097.T,三愛オブリ,2024-05,CONTINUE,5,74.98,76.92,True,True,1.94,2024-01,1676.0,2077.0,2077.0,23.93,1664.12,1629.37,1577.41,True,True,True,True,True,False,True,72770.0,1844.0,-9.11,False,1.02,1.68,1.03,False,2,True,14.1,-0.3,False,False,,tv_wilder_rsi14_sma5_v1,76.92,74.98,True,True,1.94
3678,3678.T,メディアドゥ,2024-05,CONTINUE,4,39.23,41.15,True,True,1.93,2024-02,1340.0,1444.0,1444.0,7.76,1285.96,1375.2,1328.55,True,False,True,False,False,True,False,78300.0,1562.0,-14.21,False,0.98,2.92,1.11,False,3,True,-2.75,3.3,False,False,,tv_wilder_rsi14_sma5_v1,41.15,39.23,True,True,1.93
1961,1961.T,三機工業,2024-05,CONTINUE,12,78.73,80.65,True,False,1.92,2023-06,504.33,733.33,733.33,45.41,499.04,495.56,511.86,True,True,False,False,True,False,False,303590.0,572.0,-11.83,False,0.73,0.98,1.03,False,4,True,-0.46,1.61,False,False,,tv_wilder_rsi14_sma5_v1,80.65,78.73,False,True,1.92
8020,8020.T,兼松,2024-05,CONTINUE,5,82.73,84.66,True,True,1.92,2024-01,1150.0,1345.5,1345.5,17.0,1086.38,1035.09,1004.38,True,True,True,True,True,True,True,597007.0,1145.0,0.44,True,0.88,1.42,0.9,True,2,True,26.79,3.4,False,True,BREAKOUT,tv_wilder_rsi14_sma5_v1,84.66,82.73,True,True,1.92
8630,8630.T,ＳＯＭＰＯホールディングス,2024-05,CONTINUE,13,80.01,81.94,True,True,1.92,2023-05,1896.67,3325.0,3325.0,75.31,1927.43,1871.74,1926.4,False,True,False,False,True,True,False,3518200.0,2123.33,-10.68,False,1.62,1.94,1.09,False,4,False,-1.99,-0.3,False,False,,tv_wilder_rsi14_sma5_v1,81.94,80.01,True,True,1.92
2670,2670.T,エービーシー・マート,2024-05,CONTINUE,5,64.47,66.38,True,False,1.91,2024-01,2567.5,3022.0,3022.0,17.7,2518.38,2474.56,2570.51,True,True,False,False,True,False,True,893727.0,2839.0,-9.56,False,0.86,1.98,0.79,True,4,True,5.27,3.52,False,False,,tv_wilder_rsi14_sma5_v1,66.38,64.47,False,True,1.91
5232,5232.T,住友大阪セメント,2024-05,CONTINUE,3,53.93,55.83,True,False,1.9,2024-03,3840.0,3889.0,3889.0,1.28,3759.24,3699.32,3724.86,True,True,True,False,True,True,True,339147.0,4377.0,-12.27,False,0.87,2.52,0.85,True,1,True,4.34,1.76,False,False,,tv_wilder_rsi14_sma5_v1,55.83,53.93,False,True,1.9
4792,4792.T,山田コンサルティンググループ,2024-05,CONTINUE,2,64.76,66.66,True,True,1.89,2024-04,1890.0,1907.0,1907.0,0.9,1831.76,1782.48,1690.93,True,True,True,True,True,True,True,27757.0,2067.0,-8.56,False,0.73,2.71,1.01,False,2,True,17.09,3.77,False,False,,tv_wilder_rsi14_sma5_v1,66.66,64.76,True,True,1.89
3150,3150.T,グリムス,2024-05,CONTINUE,3,50.63,52.5,True,True,1.88,2024-03,2248.0,2263.0,2263.0,0.67,2129.16,2057.52,2278.46,True,True,False,False,True,True,False,69583.0,3185.0,-29.42,False,0.91,2.97,0.89,True,4,True,0.59,2.1,False,False,,tv_wilder_rsi14_sma5_v1,52.5,50.63,True,True,1.88
6465,6465.T,ホシザキ,2024-05,CONTINUE,5,58.94,60.81,True,True,1.87,2024-01,5394.0,5630.0,5630.0,4.38,5325.32,4994.96,5136.53,True,True,True,False,True,False,True,323947.0,5879.0,-8.25,False,0.66,1.68,0.95,True,2,True,11.85,1.63,False,False,,tv_wilder_rsi14_sma5_v1,60.81,58.94,True,True,1.87
4202,4202.T,ダイセル,2024-05,NEW,1,71.49,73.33,True,True,1.84,2024-05,1587.5,1587.5,1587.5,0.0,1545.1,1484.19,1387.68,True,True,True,True,True,True,True,907883.0,1640.0,-3.2,False,0.67,2.25,0.7,True,2,True,21.01,-0.25,False,False,,tv_wilder_rsi14_sma5_v1,73.33,71.49,True,True,1.84
2674,2674.T,ハードオフコーポレーション,2024-05,NEW,1,74.07,75.9,True,True,1.83,2024-05,2036.0,2036.0,2036.0,0.0,1885.84,1784.27,1644.53,True,True,True,True,True,True,True,46153.0,2088.0,-2.49,False,0.73,2.62,1.15,False,2,True,29.26,6.03,False,False,,tv_wilder_rsi14_sma5_v1,75.9,74.07,True,True,1.83
5142,5142.T,アキレス,2024-05,CONTINUE,2,59.28,61.11,True,True,1.82,2024-04,1585.0,1620.0,1620.0,2.21,1547.48,1557.47,1525.93,True,True,True,False,False,True,True,12943.0,1646.0,-3.71,False,0.79,1.34,1.2,False,2,True,6.09,0.06,False,False,,tv_wilder_rsi14_sma5_v1,61.11,59.28,True,True,1.82
5333,5333.T,ＮＧＫ,2024-05,CONTINUE,5,57.94,59.75,True,False,1.81,2024-01,1852.0,2095.5,2095.5,13.15,1766.18,1785.27,1796.33,True,True,True,False,True,False,True,1175033.0,2049.0,-9.61,False,1.07,1.26,0.94,True,2,True,6.35,3.77,False,False,,tv_wilder_rsi14_sma5_v1,59.75,57.94,False,True,1.81
9987,9987.T,スズケン,2024-05,CONTINUE,2,59.11,60.92,True,True,1.81,2024-04,4662.0,4746.0,4746.0,1.8,4545.72,4627.16,4540.9,True,True,True,False,False,False,True,252990.0,5137.0,-9.25,False,1.46,1.99,1.15,False,2,False,9.4,0.15,False,False,,tv_wilder_rsi14_sma5_v1,60.92,59.11,True,True,1.81
6118,6118.T,アイダエンジニアリング,2024-05,CONTINUE,4,48.21,49.98,True,False,1.77,2024-02,860.0,896.0,896.0,4.19,846.88,853.35,916.63,True,True,False,False,True,False,True,143883.0,1039.0,-17.23,False,1.26,1.97,0.98,True,4,True,-2.52,1.89,False,False,,tv_wilder_rsi14_sma5_v1,49.98,48.21,False,True,1.77
6590,6590.T,芝浦メカトロニクス,2024-05,NEW,1,59.13,60.9,True,True,1.77,2024-05,1420.0,1420.0,1420.0,0.0,1321.04,1303.36,1365.36,True,True,True,False,True,False,False,2438083.0,1871.33,-24.12,False,0.47,3.73,0.81,True,3,True,9.92,5.91,False,False,,tv_wilder_rsi14_sma5_v1,60.9,59.13,True,True,1.77
7483,7483.T,ドウシシャ,2024-05,CONTINUE,2,59.05,60.81,True,True,1.76,2024-04,2177.0,2223.0,2223.0,2.11,2119.92,2131.47,2166.97,True,True,True,False,True,True,False,53323.0,2468.0,-11.79,False,0.78,1.64,1.09,False,3,True,0.87,-0.57,False,False,,tv_wilder_rsi14_sma5_v1,60.81,59.05,True,True,1.76
6616,6616.T,トレックス・セミコンダクター,2024-05,NEW,1,42.11,43.85,True,True,1.74,2024-05,1874.0,1874.0,1874.0,0.0,1790.44,1796.04,1916.98,True,True,False,False,True,True,False,24893.0,2456.0,-23.7,False,1.17,3.0,1.1,False,4,True,-5.28,0.92,True,False,,tv_wilder_rsi14_sma5_v1,43.85,42.11,True,True,1.74
8218,8218.T,コメリ,2024-05,CONTINUE,5,68.93,70.66,True,False,1.73,2024-01,3305.0,3740.0,3740.0,13.16,3219.2,3158.36,3063.01,True,True,True,True,True,True,True,80600.0,3345.0,-1.2,False,1.42,1.59,0.93,True,2,True,14.38,1.63,False,False,,tv_wilder_rsi14_sma5_v1,70.66,68.93,False,True,1.73
8185,8185.T,チヨダ,2024-05,CONTINUE,5,50.92,52.62,True,True,1.7,2024-01,900.0,907.0,907.0,0.78,881.0,854.23,890.34,True,True,True,False,True,False,True,49483.0,1054.0,-14.61,False,0.75,1.64,0.78,True,2,True,6.04,1.16,False,False,,tv_wilder_rsi14_sma5_v1,52.62,50.92,True,True,1.7
1802,1802.T,大林組,2024-05,CONTINUE,5,76.57,78.24,True,True,1.67,2024-01,1369.5,1829.5,1829.5,33.59,1299.78,1279.15,1246.23,True,True,True,True,True,False,True,2278003.0,1430.0,-4.23,False,1.12,1.98,0.89,True,2,True,18.62,3.67,False,False,,tv_wilder_rsi14_sma5_v1,78.24,76.57,True,True,1.67
7956,7956.T,ピジョン,2024-05,NEW,1,30.12,31.78,False,True,1.66,2024-05,1505.0,1505.0,1505.0,0.0,1483.9,1491.21,1596.87,True,True,False,False,True,False,False,1243260.0,2166.5,-30.53,False,1.16,1.68,1.01,False,4,True,-10.81,1.82,True,False,,tv_wilder_rsi14_sma5_v1,31.78,30.12,True,False,1.66
8713,8713.T,フィデアホールディングス,2024-05,NEW,1,60.01,61.66,True,True,1.65,2024-05,1665.0,1665.0,1665.0,0.0,1570.24,1581.57,1562.65,True,True,True,False,True,True,True,51643.0,1729.0,-3.7,False,1.27,1.86,1.02,False,1,True,11.62,3.38,True,True,MVP,tv_wilder_rsi14_sma5_v1,61.66,60.01,True,True,1.65
6368,6368.T,オルガノ,2024-05,NEW,1,83.67,85.28,True,True,1.62,2024-05,8810.0,8810.0,8810.0,0.0,8131.6,7584.93,5953.82,True,True,True,True,True,True,True,406690.0,8830.0,-0.23,False,0.72,3.91,0.96,True,2,True,68.45,-2.63,False,False,,tv_wilder_rsi14_sma5_v1,85.28,83.67,True,True,1.62
8600,8600.T,トモニホールディングス,2024-05,CONTINUE,2,54.99,56.61,True,True,1.62,2024-04,417.0,427.0,427.0,2.4,413.96,407.07,422.23,True,True,False,False,False,True,True,778993.0,537.0,-22.35,False,0.87,2.19,1.16,False,1,True,3.9,-1.29,False,False,,tv_wilder_rsi14_sma5_v1,56.61,54.99,True,True,1.62
9037,9037.T,ハマキョウレックス,2024-05,NEW,1,58.71,60.34,False,True,1.62,2024-05,1012.5,1012.5,1012.5,0.0,976.8,962.2,987.94,True,True,True,False,True,False,True,234320.0,1070.0,-5.37,False,0.86,1.89,1.25,False,1,True,5.5,1.23,True,False,,tv_wilder_rsi14_sma5_v1,60.34,58.71,True,False,1.62
2288,2288.T,丸大食品,2024-05,NEW,1,53.94,55.54,True,True,1.6,2024-05,1680.0,1680.0,1680.0,0.0,1631.2,1633.83,1642.1,True,True,True,False,True,False,True,26677.0,1751.0,-4.05,False,0.9,1.25,1.1,False,1,True,4.14,1.34,False,False,,tv_wilder_rsi14_sma5_v1,55.54,53.94,True,True,1.6
2882,2882.T,イートアンドホールディングス,2024-05,NEW,1,46.22,47.81,False,True,1.59,2024-05,2068.0,2068.0,2068.0,0.0,2006.52,2027.55,2057.51,True,True,True,False,True,False,False,24677.0,2222.0,-6.93,False,1.07,0.86,1.0,True,3,True,-1.35,1.72,True,False,,tv_wilder_rsi14_sma5_v1,47.81,46.22,True,False,1.59
2317,2317.T,システナ,2024-05,NEW,1,39.9,41.47,False,True,1.57,2024-05,283.0,283.0,283.0,0.0,271.72,274.23,277.46,True,True,True,False,True,False,False,1474957.0,322.0,-12.11,False,1.51,2.3,0.92,True,1,True,-0.27,0.19,True,False,,tv_wilder_rsi14_sma5_v1,41.47,39.9,True,False,1.57
4755,4755.T,楽天グループ,2024-05,CONTINUE,11,53.36,54.93,True,True,1.57,2023-07,555.1,816.0,816.0,47.0,524.86,579.56,623.04,True,False,False,False,False,False,False,38225573.0,749.0,-25.89,False,0.83,2.69,0.89,True,4,True,-15.88,-0.49,False,False,,tv_wilder_rsi14_sma5_v1,54.93,53.36,True,True,1.57
6516,6516.T,山洋電気,2024-05,CONTINUE,4,55.37,56.94,True,False,1.57,2024-02,2230.0,2403.33,2403.33,7.77,2064.4,2028.67,2237.05,True,True,False,False,False,False,False,205090.0,2663.33,-16.27,False,0.89,2.46,0.82,True,4,True,6.0,3.65,True,False,,tv_wilder_rsi14_sma5_v1,56.94,55.37,False,True,1.57
2181,2181.T,パーソルホールディングス,2024-05,NEW,1,43.09,44.65,False,True,1.56,2024-05,226.1,226.1,226.1,0.0,224.82,218.04,232.8,True,True,False,False,True,False,False,7363960.0,295.8,-23.56,False,0.72,3.03,0.92,True,4,True,-6.75,0.97,False,False,,tv_wilder_rsi14_sma5_v1,44.65,43.09,True,False,1.56
9470,9470.T,学研ホールディングス,2024-05,NEW,1,48.53,50.09,True,True,1.56,2024-05,983.0,983.0,983.0,0.0,958.76,954.24,929.91,True,True,True,True,True,False,True,79617.0,1048.0,-6.2,False,0.61,1.59,0.75,True,2,True,6.22,0.74,False,False,,tv_wilder_rsi14_sma5_v1,50.09,48.53,True,True,1.56
2471,2471.T,エスプール,2024-05,NEW,1,30.97,32.51,False,True,1.54,2024-05,329.0,329.0,329.0,0.0,320.28,314.48,373.16,True,True,False,False,True,True,False,1044863.0,680.0,-51.62,False,0.67,3.02,0.98,True,4,True,-18.69,-0.55,False,False,,tv_wilder_rsi14_sma5_v1,32.51,30.97,True,False,1.54
7510,7510.T,たけびし,2024-05,NEW,1,68.52,70.06,True,True,1.54,2024-05,2132.0,2132.0,2132.0,0.0,2092.84,2051.51,1941.43,True,True,True,True,False,True,True,11843.0,2210.0,-3.53,False,0.96,1.6,1.11,False,2,True,15.69,1.42,False,False,,tv_wilder_rsi14_sma5_v1,70.06,68.52,True,True,1.54
1515,1515.T,日鉄鉱業,2024-05,NEW,1,63.57,65.1,False,True,1.53,2024-05,1058.0,1058.0,1058.0,0.0,1007.96,1003.41,1012.11,True,True,True,False,True,False,True,371433.0,1172.0,-9.73,False,0.54,4.35,1.29,False,2,True,10.86,1.19,False,False,,tv_wilder_rsi14_sma5_v1,65.1,63.57,True,False,1.53
4553,4553.T,東和薬品,2024-05,CONTINUE,4,58.86,60.39,True,True,1.53,2024-02,2789.0,2890.0,2890.0,3.62,2756.28,2555.11,2361.15,True,True,True,True,True,True,True,206580.0,3240.0,-13.92,False,0.94,4.56,1.03,False,2,True,24.41,1.33,False,False,,tv_wilder_rsi14_sma5_v1,60.39,58.86,True,True,1.53
5844,5844.T,京都フィナンシャルグループ,2024-05,CONTINUE,19,85.49,86.99,True,True,1.5,2022-11,1425.0,2817.5,2817.5,97.72,1375.1,1365.33,1369.08,True,True,True,False,True,False,True,783440.0,1522.5,-6.4,False,1.2,2.62,1.12,False,2,True,5.54,4.51,False,False,,tv_wilder_rsi14_sma5_v1,86.99,85.49,True,True,1.5
7296,7296.T,エフ  ･シー  ･シー,2024-05,CONTINUE,5,66.51,67.97,True,False,1.46,2024-01,1931.0,2244.0,2244.0,16.21,1842.56,1809.27,1813.17,True,True,True,False,True,False,True,130967.0,2009.0,-3.88,False,0.88,1.38,1.0,True,2,True,15.5,2.94,False,False,,tv_wilder_rsi14_sma5_v1,67.97,66.51,False,True,1.46
3445,3445.T,ＲＳ   Ｔｅｃｈｎｏｌｏｇｉｅｓ,2024-05,CONTINUE,3,50.09,51.54,True,False,1.45,2024-03,3120.0,3110.0,3110.0,-0.32,2812.04,2865.09,2834.51,True,True,True,False,False,True,False,187700.0,3405.0,-8.37,False,0.98,3.17,0.91,True,3,True,6.0,2.73,False,False,,tv_wilder_rsi14_sma5_v1,51.54,50.09,False,True,1.45
3087,3087.T,ドトール・日レスホールディングス,2024-05,NEW,1,57.56,58.99,False,True,1.43,2024-05,2155.0,2155.0,2155.0,0.0,2107.44,2079.11,2170.79,True,True,False,False,True,False,False,142193.0,2420.0,-10.95,False,0.89,1.07,1.03,False,4,True,1.61,1.84,True,False,,tv_wilder_rsi14_sma5_v1,58.99,57.56,True,False,1.43
4220,4220.T,リケンテクノス,2024-05,CONTINUE,17,81.59,83.02,True,True,1.43,2023-01,528.0,1016.0,1016.0,92.42,494.92,496.29,476.94,True,True,True,False,True,False,True,113903.0,551.0,-4.17,False,1.76,1.65,1.21,False,2,True,9.82,5.12,False,False,,tv_wilder_rsi14_sma5_v1,83.02,81.59,True,True,1.43
9513,9513.T,電源開発,2024-05,CONTINUE,5,66.48,67.9,True,False,1.42,2024-01,2484.5,2639.5,2639.5,6.24,2387.62,2332.25,2259.05,True,True,True,True,True,False,True,612110.0,2604.5,-4.61,False,1.11,1.72,0.94,True,2,True,13.14,2.21,True,True,MVP,tv_wilder_rsi14_sma5_v1,67.9,66.48,False,True,1.42
6071,6071.T,ＩＢＪ,2024-05,NEW,1,40.62,42.03,False,True,1.41,2024-05,600.0,600.0,600.0,0.0,577.88,568.81,629.49,True,True,False,False,True,False,False,141077.0,777.0,-22.78,False,0.98,2.81,0.79,True,4,True,-7.39,2.75,False,False,,tv_wilder_rsi14_sma5_v1,42.03,40.62,True,False,1.41
9301,9301.T,三菱倉庫,2024-05,CONTINUE,5,75.17,76.58,True,False,1.41,2024-01,916.2,1034.2,1034.2,12.88,892.38,862.9,774.89,True,True,True,True,True,True,True,1240550.0,937.6,-2.28,False,0.83,1.84,0.85,True,2,True,33.26,2.17,False,False,,tv_wilder_rsi14_sma5_v1,76.58,75.17,False,True,1.41
2281,2281.T,プリマハム,2024-05,NEW,1,49.52,50.89,True,True,1.37,2024-05,2364.0,2364.0,2364.0,0.0,2350.92,2302.31,2334.84,True,True,True,False,True,True,True,155403.0,2574.0,-8.16,False,0.55,1.53,0.71,True,1,True,2.81,-0.18,False,False,,tv_wilder_rsi14_sma5_v1,50.89,49.52,True,True,1.37
2607,2607.T,不二製油,2024-05,NEW,1,53.64,55.01,True,True,1.37,2024-05,2471.5,2471.5,2471.5,0.0,2363.52,2390.65,2353.53,True,True,True,False,True,False,True,192723.0,2635.0,-6.2,False,1.0,1.83,0.92,True,2,True,7.41,-0.04,False,False,,tv_wilder_rsi14_sma5_v1,55.01,53.64,True,True,1.37
9413,9413.T,テレビ東京ホールディングス,2024-05,NEW,1,61.7,63.07,True,True,1.37,2024-05,3105.0,3105.0,3105.0,0.0,3034.92,3009.17,3006.86,True,True,True,True,True,False,False,34067.0,3565.0,-12.9,False,0.82,2.26,1.03,False,3,True,6.2,0.03,True,False,,tv_wilder_rsi14_sma5_v1,63.07,61.7,True,True,1.37
8558,8558.T,東和銀行,2024-05,NEW,1,59.08,60.44,True,True,1.36,2024-05,715.0,715.0,715.0,0.0,667.84,682.63,643.38,True,True,True,False,False,True,True,86440.0,763.0,-6.29,False,0.99,1.91,1.04,False,2,True,18.12,4.22,True,True,MVP,tv_wilder_rsi14_sma5_v1,60.44,59.08,True,True,1.36
8877,8877.T,エスリード,2024-05,NEW,1,85.19,86.53,False,True,1.34,2024-05,4125.0,4125.0,4125.0,0.0,3789.4,3556.73,3320.8,True,True,True,True,True,True,True,41590.0,4220.0,-2.25,False,0.71,2.74,0.84,True,2,True,38.19,3.94,False,False,,tv_wilder_rsi14_sma5_v1,86.53,85.19,True,False,1.34
3788,3788.T,GMOｸﾞﾛｰﾊﾞﾙｻｲﾝ･ﾎｰﾙﾃﾞｨﾝｸﾞｽ,2024-05,NEW,1,41.24,42.57,True,True,1.32,2024-05,2920.0,2920.0,2920.0,0.0,2780.76,2835.81,2755.32,True,True,True,False,False,True,False,21490.0,3670.0,-20.44,False,0.82,3.07,0.97,True,3,True,-0.56,2.21,False,False,,tv_wilder_rsi14_sma5_v1,42.57,41.24,True,True,1.32
7380,7380.T,十六フィナンシャルグループ,2024-05,CONTINUE,4,78.15,79.44,True,True,1.29,2024-02,889.0,957.0,957.0,7.65,829.64,783.76,728.45,True,True,True,True,True,True,True,602267.0,887.0,0.23,True,0.79,2.0,0.88,True,2,True,28.19,3.1,False,True,BREAKOUT,tv_wilder_rsi14_sma5_v1,79.44,78.15,True,True,1.29
3151,3151.T,バイタルケーエスケー・ホールディングス,2024-05,NEW,1,71.0,72.28,True,True,1.28,2024-05,1356.0,1356.0,1356.0,0.0,1226.6,1240.19,1110.48,True,True,True,False,True,True,True,94337.0,1378.0,-1.6,False,1.41,2.47,0.95,True,2,True,23.81,2.83,False,False,,tv_wilder_rsi14_sma5_v1,72.28,71.0,True,True,1.28
2533,2533.T,オエノンホールディングス,2024-05,NEW,1,53.02,54.29,True,True,1.27,2024-05,368.0,368.0,368.0,0.0,353.52,351.99,371.45,True,True,False,False,False,False,True,92913.0,463.0,-20.52,False,1.01,1.63,1.08,False,4,True,3.09,0.46,True,False,,tv_wilder_rsi14_sma5_v1,54.29,53.02,True,True,1.27
5715,5715.T,古河機械金属,2024-05,CONTINUE,2,62.57,63.84,False,False,1.27,2024-04,2005.0,1982.0,1982.0,-1.15,1904.24,1857.23,1816.65,True,True,True,True,True,True,True,91937.0,2136.0,-6.13,False,0.69,3.03,0.94,True,2,False,19.78,-0.27,False,False,,tv_wilder_rsi14_sma5_v1,63.84,62.57,False,False,1.27
7270,7270.T,ＳＵＢＡＲＵ,2024-05,CONTINUE,5,68.61,69.88,True,False,1.26,2024-01,2991.0,3500.0,3500.0,17.02,2802.62,2718.83,2628.89,True,True,True,True,True,False,True,2682883.0,3115.0,-3.98,False,0.87,1.87,0.89,True,2,True,25.49,5.02,False,False,,tv_wilder_rsi14_sma5_v1,69.88,68.61,False,True,1.26
6526,6526.T,ソシオネクスト,2024-05,CONTINUE,2,72.12,73.36,True,False,1.25,2024-04,4691.0,4578.0,4578.0,-2.41,4464.96,3894.44,3305.93,True,True,True,True,True,True,True,29681000.0,5666.0,-17.21,False,1.41,6.55,1.04,False,2,False,65.45,-10.69,False,False,,tv_wilder_rsi14_sma5_v1,73.36,72.12,False,True,1.25
3817,3817.T,ＳＲＡホールディングス,2024-05,CONTINUE,7,71.97,73.21,True,True,1.24,2023-11,3595.0,4040.0,4040.0,12.38,3440.0,3434.0,3214.46,True,True,True,True,True,True,True,13650.0,3680.0,-2.31,False,0.82,1.76,0.55,True,2,True,11.75,1.31,True,True,MVP,tv_wilder_rsi14_sma5_v1,73.21,71.97,True,True,1.24
7734,7734.T,理研計器,2024-05,CONTINUE,9,71.67,72.91,True,True,1.24,2023-09,3015.0,3965.0,3965.0,31.51,2791.3,2714.9,2548.34,True,True,True,True,True,True,True,73227.0,3070.0,-1.79,False,1.37,2.51,1.16,False,2,True,22.66,5.72,False,False,,tv_wilder_rsi14_sma5_v1,72.91,71.67,True,True,1.24
3762,3762.T,テクマトリックス,2024-05,NEW,1,51.99,53.2,True,True,1.22,2024-05,1859.0,1859.0,1859.0,0.0,1739.8,1823.73,1709.68,True,True,True,False,True,True,True,159233.0,2089.0,-11.01,False,0.87,2.21,0.75,True,2,True,2.74,-0.77,False,False,,tv_wilder_rsi14_sma5_v1,53.2,51.99,True,True,1.22
7990,7990.T,グローブライド,2024-05,NEW,1,45.25,46.43,True,True,1.19,2024-05,2077.0,2077.0,2077.0,0.0,2001.92,1996.48,1996.12,True,True,True,True,True,False,False,102963.0,2388.0,-13.02,False,1.97,2.37,0.86,True,3,True,2.16,3.23,True,False,,tv_wilder_rsi14_sma5_v1,46.43,45.25,True,True,1.19
6328,6328.T,荏原実業,2024-05,CONTINUE,7,66.63,67.81,True,True,1.18,2023-11,1476.0,1732.5,1732.5,17.38,1384.2,1388.78,1435.86,True,True,True,False,True,False,True,39020.0,1652.5,-10.68,False,0.91,2.12,1.04,False,2,True,8.18,2.83,False,False,,tv_wilder_rsi14_sma5_v1,67.81,66.63,True,True,1.18
1934,1934.T,ユアテック,2024-05,NEW,1,86.0,87.17,True,True,1.17,2024-05,1644.0,1644.0,1644.0,0.0,1533.64,1431.84,1170.44,True,True,True,True,True,True,True,209643.0,1675.0,-1.85,False,0.73,3.42,0.95,True,2,True,59.51,4.67,True,True,MVP,tv_wilder_rsi14_sma5_v1,87.17,86.0,True,True,1.17
3148,3148.T,クリエイトＳＤホールディングス,2024-05,CONTINUE,5,51.08,52.26,True,False,1.17,2024-01,3220.0,3365.0,3365.0,4.5,3120.4,3128.29,3358.21,True,True,False,False,True,False,False,144553.0,3830.0,-15.93,False,1.58,1.53,0.92,True,4,True,-2.63,2.09,False,False,,tv_wilder_rsi14_sma5_v1,52.26,51.08,False,True,1.17
6407,6407.T,ＣＫＤ,2024-05,CONTINUE,7,66.84,68.01,True,True,1.17,2023-11,2409.0,3060.0,3060.0,27.02,2124.92,2076.19,2125.86,True,True,True,False,True,True,True,313543.0,2464.0,-2.23,False,1.57,3.02,0.94,True,2,True,16.96,8.25,False,False,,tv_wilder_rsi14_sma5_v1,68.01,66.84,True,True,1.17
4345,4345.T,シーティーエス,2024-05,CONTINUE,5,49.55,50.7,True,True,1.15,2024-01,698.0,758.0,758.0,8.6,678.28,665.47,705.3,True,True,False,False,True,False,False,66717.0,833.0,-16.21,False,1.15,1.2,0.91,True,4,False,-3.49,1.44,False,False,,tv_wilder_rsi14_sma5_v1,50.7,49.55,True,True,1.15
6432,6432.T,竹内製作所,2024-05,CONTINUE,5,76.51,77.65,True,True,1.14,2024-01,5100.0,6090.0,6090.0,19.41,4564.8,4447.0,4335.26,True,True,True,True,True,False,True,471810.0,5340.0,-4.49,False,1.37,2.49,0.96,True,2,True,34.04,4.15,True,False,,tv_wilder_rsi14_sma5_v1,77.65,76.51,True,True,1.14
7220,7220.T,武蔵精密工業,2024-05,CONTINUE,5,50.95,52.08,True,True,1.13,2024-01,1691.0,1721.0,1721.0,1.77,1583.96,1554.2,1665.77,True,True,True,False,True,False,False,272020.0,1904.0,-11.19,False,0.97,1.72,0.89,True,3,True,5.51,4.87,False,False,,tv_wilder_rsi14_sma5_v1,52.08,50.95,True,True,1.13
3092,3092.T,ＺＯＺＯ,2024-05,NEW,1,58.28,59.37,True,True,1.1,2024-05,1226.0,1226.0,1226.0,0.0,1169.47,1188.19,1071.89,True,True,True,False,False,True,True,4740130.0,1349.33,-9.14,False,0.84,2.44,0.87,True,2,True,17.82,0.98,True,False,,tv_wilder_rsi14_sma5_v1,59.37,58.28,True,True,1.1
2269,2269.T,明治ホールディングス,2024-05,CONTINUE,2,51.33,52.42,True,False,1.08,2024-04,3525.0,3517.0,3517.0,-0.23,3404.96,3439.87,3492.39,True,True,True,False,True,True,True,1019053.0,3823.0,-7.79,False,0.83,1.69,1.08,False,1,True,1.62,1.36,False,False,,tv_wilder_rsi14_sma5_v1,52.42,51.33,False,True,1.08
4611,4611.T,大日本塗料,2024-05,CONTINUE,7,76.94,78.02,True,True,1.08,2023-11,981.0,1244.0,1244.0,26.81,948.36,960.31,911.44,True,True,True,False,False,True,True,56753.0,1016.0,-3.44,False,0.7,1.4,0.67,True,2,False,10.97,-0.45,False,False,,tv_wilder_rsi14_sma5_v1,78.02,76.94,True,True,1.08
2980,2980.T,SREホールディングス,2024-05,CONTINUE,6,52.29,53.35,True,True,1.06,2023-12,2754.0,4045.0,4045.0,46.88,2706.96,2638.04,3186.24,True,True,False,False,True,False,False,185760.0,4405.0,-37.48,False,0.93,3.95,0.81,True,4,True,-15.38,5.03,False,False,,tv_wilder_rsi14_sma5_v1,53.35,52.29,True,True,1.06
2594,2594.T,キーコーヒー,2024-05,NEW,1,46.62,47.67,False,True,1.05,2024-05,2044.0,2044.0,2044.0,0.0,2032.0,2029.57,2048.98,True,True,False,False,True,False,False,40953.0,2148.0,-4.84,False,0.65,0.69,0.93,True,4,True,-0.53,0.2,False,False,,tv_wilder_rsi14_sma5_v1,47.67,46.62,True,False,1.05
3104,3104.T,富士紡ホールディングス,2024-05,NEW,1,63.58,64.63,True,True,1.05,2024-05,1540.0,1540.0,1540.0,0.0,1430.4,1442.89,1300.49,True,True,True,False,True,True,True,81560.0,1558.33,-1.18,False,0.84,2.76,0.99,True,2,True,24.73,5.93,False,False,,tv_wilder_rsi14_sma5_v1,64.63,63.58,True,True,1.05
7943,7943.T,ニチハ,2024-05,CONTINUE,6,61.72,62.77,True,False,1.05,2023-12,2965.0,3555.0,3555.0,19.9,2837.08,2900.25,2952.95,True,True,True,False,True,False,True,92610.0,3455.0,-14.18,False,0.61,1.71,1.01,False,2,True,4.88,4.47,False,False,,tv_wilder_rsi14_sma5_v1,62.77,61.72,False,True,1.05
4980,4980.T,デクセリアルズ,2024-05,NEW,1,69.18,70.23,True,True,1.04,2024-05,2198.0,2198.0,2198.0,0.0,2058.51,2029.64,1594.18,True,True,True,True,True,True,True,1153880.0,2260.67,-2.77,False,0.79,4.32,0.91,True,2,True,58.05,-2.8,False,False,,tv_wilder_rsi14_sma5_v1,70.23,69.18,True,True,1.04
6763,6763.T,帝国通信工業,2024-05,NEW,1,67.79,68.82,False,True,1.03,2024-05,1991.0,1991.0,1991.0,0.0,1900.6,1875.97,1888.11,True,True,True,False,True,False,True,9347.0,2070.0,-3.82,False,0.55,1.82,1.04,False,2,True,8.88,1.48,False,False,,tv_wilder_rsi14_sma5_v1,68.82,67.79,True,False,1.03
3036,3036.T,アルコニックス,2024-05,NEW,1,53.48,54.5,True,True,1.02,2024-05,1454.0,1454.0,1454.0,0.0,1397.32,1415.28,1378.26,True,True,True,False,False,True,True,114477.0,1496.0,-2.81,False,0.72,1.72,0.99,True,2,True,5.93,3.48,False,False,,tv_wilder_rsi14_sma5_v1,54.5,53.48,True,True,1.02
6272,6272.T,レオン自動機,2024-05,NEW,1,57.92,58.94,True,True,1.02,2024-05,1575.0,1575.0,1575.0,0.0,1544.08,1501.13,1453.93,True,True,True,True,True,True,True,57973.0,1663.0,-5.29,False,0.84,3.03,0.82,True,2,True,9.06,0.05,False,False,,tv_wilder_rsi14_sma5_v1,58.94,57.92,True,True,1.02
6309,6309.T,巴工業,2024-05,CONTINUE,6,74.43,75.44,True,False,1.0,2023-12,1283.33,1438.33,1438.33,12.08,1095.37,1011.04,936.27,True,True,True,True,True,True,True,185680.0,1443.33,-11.09,False,0.47,5.03,1.38,False,2,True,40.82,16.07,False,False,,tv_wilder_rsi14_sma5_v1,75.44,74.43,False,True,1.0
8278,8278.T,フジ,2024-05,CONTINUE,2,50.25,51.25,True,True,1.0,2024-04,1922.0,1941.0,1941.0,0.99,1917.56,1921.48,1870.14,True,True,True,False,True,True,True,100230.0,2011.0,-4.43,False,0.76,1.42,0.89,True,2,True,3.53,-0.48,False,False,,tv_wilder_rsi14_sma5_v1,51.25,50.25,True,True,1.0
7532,7532.T,ﾊﾟﾝ･ﾊﾟｼﾌｨｯｸ･ｲﾝﾀｰﾅｼｮﾅﾙﾎｰﾙﾃﾞｨﾝｸﾞｽ,2024-05,NEW,1,69.09,70.08,True,True,0.99,2024-05,807.4,807.4,807.4,0.0,765.73,748.94,672.5,True,True,True,True,False,True,True,6778933.0,824.4,-2.06,False,1.11,2.58,0.92,True,2,True,30.3,0.42,True,True,MVP,tv_wilder_rsi14_sma5_v1,70.08,69.09,True,True,0.99
6861,6861.T,キーエンス,2024-05,CONTINUE,7,60.23,61.21,True,True,0.98,2023-11,63350.0,70690.0,70690.0,11.59,60219.6,58545.6,62102.15,True,True,True,False,True,False,True,661573.0,71890.0,-11.88,False,0.91,1.85,0.93,True,2,True,3.28,0.54,False,False,,tv_wilder_rsi14_sma5_v1,61.21,60.23,True,True,0.98
4204,4204.T,積水化学工業,2024-05,CONTINUE,5,61.13,62.1,True,False,0.97,2024-01,2117.0,2253.0,2253.0,6.42,2111.92,2082.0,2072.31,True,True,True,True,True,False,True,1190440.0,2286.5,-7.41,False,1.38,1.61,1.1,False,2,True,7.83,1.71,False,False,,tv_wilder_rsi14_sma5_v1,62.1,61.13,False,True,0.97
5408,5408.T,中山製鋼所,2024-05,CONTINUE,5,61.26,62.23,True,True,0.97,2024-01,882.0,957.0,957.0,8.5,847.16,833.88,859.79,True,True,True,False,True,False,False,449027.0,1205.0,-26.8,False,1.09,1.66,0.88,True,3,True,-0.61,1.26,False,False,,tv_wilder_rsi14_sma5_v1,62.23,61.26,True,True,0.97
5344,5344.T,ＭＡＲＵＷＡ,2024-05,NEW,1,73.41,74.35,True,True,0.94,2024-05,35150.0,35150.0,35150.0,0.0,34118.0,33242.67,29245.8,True,True,True,True,True,True,True,67660.0,37900.0,-7.26,False,0.62,3.68,0.93,True,2,False,30.22,-1.75,False,False,,tv_wilder_rsi14_sma5_v1,74.35,73.41,True,True,0.94
3663,3663.T,セルシス,2024-05,CONTINUE,4,54.38,55.24,True,False,0.87,2024-02,820.0,831.0,831.0,1.34,733.96,736.96,737.97,True,True,True,False,True,True,True,273640.0,910.0,-9.89,False,0.69,3.89,1.16,False,1,True,9.79,5.5,False,False,,tv_wilder_rsi14_sma5_v1,55.24,54.38,False,True,0.87
6413,6413.T,理想科学工業,2024-05,NEW,1,64.37,65.21,True,True,0.85,2024-05,1652.5,1652.5,1652.5,0.0,1504.9,1545.73,1372.97,True,True,True,False,True,True,True,38827.0,1695.0,-2.51,False,1.83,2.33,1.18,False,2,True,22.66,0.97,True,True,MVP,tv_wilder_rsi14_sma5_v1,65.21,64.37,True,True,0.85
8793,8793.T,ＮＥＣキャピタルソリューション,2024-05,CONTINUE,5,78.88,79.73,True,True,0.85,2024-01,3690.0,3885.0,3885.0,5.28,3519.0,3322.47,3139.33,True,True,True,True,True,True,True,24340.0,3740.0,-1.34,False,1.28,1.86,0.99,True,2,True,31.86,2.97,True,True,MVP,tv_wilder_rsi14_sma5_v1,79.73,78.88,True,True,0.85
4095,4095.T,日本パーカライジング,2024-05,NEW,1,61.8,62.64,True,True,0.84,2024-05,1247.0,1247.0,1247.0,0.0,1195.2,1219.8,1165.7,True,True,True,False,False,True,True,103783.0,1288.0,-3.18,False,1.1,1.99,1.12,False,2,True,7.58,-0.74,False,False,,tv_wilder_rsi14_sma5_v1,62.64,61.8,True,True,0.84
8125,8125.T,ワキタ,2024-05,NEW,1,68.67,69.51,False,True,0.84,2024-05,1639.0,1639.0,1639.0,0.0,1564.44,1562.88,1515.6,True,True,True,True,True,False,True,69660.0,1642.0,-0.18,False,1.28,1.67,1.13,False,2,True,13.4,1.19,True,False,,tv_wilder_rsi14_sma5_v1,69.51,68.67,True,False,0.84
6951,6951.T,日本電子,2024-05,NEW,1,58.7,59.53,True,True,0.83,2024-05,6736.0,6736.0,6736.0,0.0,6561.4,6573.33,5814.72,True,True,True,False,False,False,True,511593.0,7546.0,-10.73,False,0.8,4.42,0.9,True,2,False,26.75,-1.79,False,False,,tv_wilder_rsi14_sma5_v1,59.53,58.7,True,True,0.83
9319,9319.T,中央倉庫,2024-05,NEW,1,59.05,59.87,True,True,0.83,2024-05,1166.0,1166.0,1166.0,0.0,1147.72,1148.36,1121.78,True,True,True,False,True,False,True,18313.0,1209.0,-3.56,False,0.88,0.97,0.98,True,2,True,5.31,0.95,False,False,,tv_wilder_rsi14_sma5_v1,59.87,59.05,True,True,0.83
9031,9031.T,西日本鉄道,2024-05,CONTINUE,5,46.22,47.03,True,True,0.8,2024-01,2458.5,2475.5,2475.5,0.69,2429.38,2410.04,2469.54,True,True,False,False,True,False,True,101340.0,2744.5,-10.42,False,1.04,1.43,1.08,False,1,True,1.47,0.94,False,False,,tv_wilder_rsi14_sma5_v1,47.03,46.22,True,True,0.8
9021,9021.T,西日本旅客鉄道,2024-05,NEW,1,55.7,56.49,True,True,0.79,2024-05,3138.0,3138.0,3138.0,0.0,3133.9,3121.96,3054.95,True,True,True,True,True,True,True,2257363.0,3327.0,-5.68,False,1.05,1.6,0.92,True,1,True,2.81,-1.13,False,False,,tv_wilder_rsi14_sma5_v1,56.49,55.7,True,True,0.79
9531,9531.T,東京瓦斯,2024-05,CONTINUE,3,65.41,66.2,True,False,0.79,2024-03,3532.0,3525.0,3525.0,-0.2,3421.2,3372.17,3335.26,True,True,True,True,True,True,True,1579853.0,3660.0,-3.5,False,1.09,2.91,0.98,True,2,True,13.89,2.04,False,False,,tv_wilder_rsi14_sma5_v1,66.2,65.41,False,True,0.79
3315,3315.T,日本コークス工業,2024-05,CONTINUE,5,58.55,59.32,True,True,0.76,2024-01,127.0,132.0,132.0,3.94,124.88,119.03,112.02,True,True,True,True,True,True,True,1934163.0,138.0,-7.97,False,0.85,3.94,1.07,False,2,True,25.25,1.86,False,False,,tv_wilder_rsi14_sma5_v1,59.32,58.55,True,True,0.76
6869,6869.T,シスメックス,2024-05,NEW,1,45.47,46.23,True,True,0.76,2024-05,2679.5,2679.5,2679.5,0.0,2647.28,2646.62,2601.04,True,True,True,True,True,False,False,1702783.0,3480.0,-23.0,False,0.99,2.81,0.91,True,3,True,-3.06,-0.85,False,False,,tv_wilder_rsi14_sma5_v1,46.23,45.47,True,True,0.76
6954,6954.T,ファナック,2024-05,CONTINUE,7,50.16,50.92,True,False,0.76,2023-11,4114.0,4399.0,4399.0,6.93,3918.84,3986.88,4437.02,True,True,False,False,True,False,False,4394253.0,5334.0,-22.87,False,0.95,1.88,0.73,True,4,True,-4.98,2.39,False,False,,tv_wilder_rsi14_sma5_v1,50.92,50.16,False,True,0.76
7438,7438.T,コンドーテック,2024-05,CONTINUE,5,66.45,67.21,True,True,0.76,2024-01,1231.0,1308.0,1308.0,6.26,1202.6,1164.61,1144.68,True,True,True,True,True,True,True,43220.0,1253.0,-1.76,False,0.56,1.59,0.93,True,2,True,13.38,2.28,False,False,,tv_wilder_rsi14_sma5_v1,67.21,66.45,True,True,0.76
8151,8151.T,東陽テクニカ,2024-05,CONTINUE,7,64.12,64.89,True,True,0.76,2023-11,1388.0,1542.0,1542.0,11.1,1323.0,1316.04,1352.04,True,True,True,False,True,False,False,42567.0,1469.0,-5.51,False,1.22,1.48,0.93,True,1,True,3.17,1.69,True,False,,tv_wilder_rsi14_sma5_v1,64.89,64.12,True,True,0.76
4092,4092.T,日本化学工業,2024-05,CONTINUE,5,56.01,56.76,True,False,0.75,2024-01,1972.0,2388.0,2388.0,21.1,1900.48,1923.67,1898.11,True,True,True,False,False,False,False,45730.0,2088.0,-5.56,False,0.81,1.41,1.11,False,1,True,5.28,1.88,False,False,,tv_wilder_rsi14_sma5_v1,56.76,56.01,False,True,0.75
4005,4005.T,住友化学,2024-05,CONTINUE,3,31.84,32.57,True,False,0.73,2024-03,337.3,322.3,322.3,-4.45,319.6,329.74,379.92,True,True,False,False,True,False,False,24713283.0,464.0,-27.31,False,0.55,2.5,0.97,True,4,True,-12.67,5.12,False,False,,tv_wilder_rsi14_sma5_v1,32.57,31.84,False,True,0.73
8934,8934.T,サンフロンティア不動産,2024-05,CONTINUE,3,73.81,74.53,True,False,0.73,2024-03,1950.0,1950.0,1950.0,0.0,1712.24,1691.11,1553.19,True,True,True,True,True,True,True,207863.0,1886.0,3.39,True,1.96,2.58,1.18,False,2,True,32.98,5.83,False,True,BREAKOUT,tv_wilder_rsi14_sma5_v1,74.53,73.81,False,True,0.73
3064,3064.T,ＭｏｎｏｔａＲＯ,2024-05,CONTINUE,7,45.98,46.7,True,False,0.72,2023-11,1493.0,1658.0,1658.0,11.05,1400.1,1508.35,1717.92,True,False,False,False,True,False,False,3424137.0,2497.0,-40.21,False,0.51,3.36,0.79,True,4,True,-21.57,3.14,False,False,,tv_wilder_rsi14_sma5_v1,46.7,45.98,False,True,0.72
6474,6474.T,不二越,2024-05,NEW,1,41.51,42.17,False,True,0.66,2024-05,3460.0,3460.0,3460.0,0.0,3387.0,3393.8,3641.65,True,True,False,False,False,False,False,51687.0,4260.0,-18.78,False,0.9,1.88,1.18,False,4,True,-6.31,0.37,True,False,,tv_wilder_rsi14_sma5_v1,42.17,41.51,True,False,0.66
1888,1888.T,若築建設,2024-05,CONTINUE,5,62.26,62.89,True,True,0.63,2024-01,3080.0,3495.0,3495.0,13.47,3040.6,2982.63,3187.45,True,True,False,False,True,True,False,14953.0,4585.0,-32.82,False,0.78,1.95,0.86,True,4,True,-1.32,-0.38,False,False,,tv_wilder_rsi14_sma5_v1,62.89,62.26,True,True,0.63
9543,9543.T,静岡ガス,2024-05,NEW,1,43.4,44.03,False,False,0.63,2024-05,966.0,966.0,966.0,0.0,954.04,949.91,994.84,True,True,False,False,False,False,False,141837.0,1278.0,-24.41,False,1.0,1.6,1.01,False,4,True,-4.23,2.11,True,False,,tv_wilder_rsi14_sma5_v1,44.03,43.4,False,False,0.63
5821,5821.T,平河ヒューテック,2024-05,NEW,1,51.66,52.28,True,True,0.62,2024-05,1380.0,1380.0,1380.0,0.0,1347.84,1345.96,1388.63,True,True,False,False,True,False,False,24850.0,1780.0,-22.47,False,0.94,1.66,0.99,True,4,True,-0.51,3.22,False,False,,tv_wilder_rsi14_sma5_v1,52.28,51.66,True,True,0.62
2211,2211.T,不二家,2024-05,CONTINUE,3,52.81,53.42,True,True,0.61,2024-03,2496.0,2494.0,2494.0,-0.08,2474.32,2480.21,2476.03,True,True,True,False,False,False,False,34130.0,2580.0,-3.26,False,0.86,0.82,0.87,True,1,False,0.47,0.85,False,False,,tv_wilder_rsi14_sma5_v1,53.42,52.81,True,True,0.61
6178,6178.T,日本郵政,2024-05,CONTINUE,5,71.01,71.62,True,True,0.61,2024-01,1416.0,1515.0,1515.0,6.99,1333.52,1307.59,1170.54,True,True,True,True,True,True,True,8729547.0,1449.5,-2.31,False,0.84,1.9,1.1,False,2,True,22.76,3.53,False,False,,tv_wilder_rsi14_sma5_v1,71.62,71.01,True,True,0.61
9332,9332.T,ＮＩＳＳＯホールディングス,2024-05,NEW,1,55.62,56.22,True,True,0.6,2024-05,854.0,854.0,854.0,0.0,831.4,831.01,802.67,True,True,True,True,True,False,False,79497.0,957.0,-10.76,False,0.77,2.7,0.93,True,3,True,5.12,0.42,False,False,,tv_wilder_rsi14_sma5_v1,56.22,55.62,True,True,0.6
4951,4951.T,エステー,2024-05,NEW,1,47.83,48.42,True,True,0.59,2024-05,1550.0,1550.0,1550.0,0.0,1530.64,1545.21,1528.43,True,True,True,False,False,False,True,12820.0,1622.0,-4.44,False,0.93,0.64,0.96,True,2,False,0.5,0.07,False,False,,tv_wilder_rsi14_sma5_v1,48.42,47.83,True,True,0.59
8892,8892.T,エスコン,2024-05,CONTINUE,10,65.19,65.78,True,True,0.59,2023-08,866.0,1041.0,1041.0,20.21,807.52,807.71,821.37,True,True,True,False,False,False,False,564083.0,889.0,-2.59,False,1.52,1.5,1.25,False,1,True,6.89,4.23,True,False,,tv_wilder_rsi14_sma5_v1,65.78,65.19,True,True,0.59
4151,4151.T,協和キリン,2024-05,CONTINUE,4,46.65,47.23,True,True,0.58,2024-02,2971.5,2655.5,2655.5,-10.63,2624.56,2488.86,2582.47,True,True,True,False,True,True,False,1370793.0,3150.0,-5.67,False,1.0,3.25,0.78,True,3,True,13.11,8.93,False,False,,tv_wilder_rsi14_sma5_v1,47.23,46.65,True,True,0.58
5480,5480.T,日本冶金工業,2024-05,NEW,1,64.99,65.56,True,True,0.57,2024-05,4900.0,4900.0,4900.0,0.0,4734.0,4705.93,4492.0,True,True,True,True,True,True,True,148947.0,5160.0,-5.04,False,0.97,2.49,1.09,False,1,True,12.12,0.97,False,False,,tv_wilder_rsi14_sma5_v1,65.56,64.99,True,True,0.57
4801,4801.T,セントラルスポーツ,2024-05,NEW,1,51.5,52.04,True,True,0.55,2024-05,2503.0,2503.0,2503.0,0.0,2472.04,2471.11,2447.2,True,True,True,True,True,False,True,6447.0,2606.0,-3.95,False,1.18,1.1,1.0,True,2,True,1.87,0.58,True,False,,tv_wilder_rsi14_sma5_v1,52.04,51.5,True,True,0.55
4849,4849.T,エン,2024-05,NEW,1,49.96,50.5,False,True,0.54,2024-05,2677.0,2677.0,2677.0,0.0,2683.6,2680.31,2552.05,False,False,True,True,True,True,True,152217.0,3015.0,-11.21,False,0.81,2.72,0.79,True,2,True,6.62,-0.67,False,False,,tv_wilder_rsi14_sma5_v1,50.5,49.96,True,False,0.54
3968,3968.T,セグエグループ,2024-05,NEW,1,65.02,65.55,True,True,0.53,2024-05,582.0,582.0,582.0,0.0,552.16,565.23,407.54,True,True,True,False,True,True,True,294063.0,715.0,-18.6,False,0.5,3.57,1.09,False,2,True,45.16,-15.26,False,False,,tv_wilder_rsi14_sma5_v1,65.55,65.02,True,True,0.53
8053,8053.T,住友商事,2024-05,CONTINUE,5,84.15,84.68,True,False,0.53,2024-01,853.75,1020.25,1020.25,19.5,810.35,783.98,741.46,True,True,True,True,True,True,True,11257173.0,856.75,-0.35,False,1.01,1.94,0.92,True,2,True,27.33,2.13,False,False,,tv_wilder_rsi14_sma5_v1,84.68,84.15,False,True,0.53
8473,8473.T,ＳＢＩホールディングス,2024-05,NEW,1,70.84,71.37,True,True,0.53,2024-05,2031.0,2031.0,2031.0,0.0,1945.32,1951.09,1737.41,True,True,True,False,True,True,True,3340787.0,2072.5,-2.0,False,1.2,2.04,1.03,False,2,True,23.61,0.51,True,True,MVP,tv_wilder_rsi14_sma5_v1,71.37,70.84,True,True,0.53
9504,9504.T,中国電力,2024-05,NEW,1,61.1,61.63,True,True,0.53,2024-05,1125.0,1125.0,1125.0,0.0,1049.44,1081.71,1018.9,True,True,True,False,False,True,True,3895467.0,1258.0,-10.57,False,1.05,3.66,1.29,False,2,True,20.63,5.11,False,False,,tv_wilder_rsi14_sma5_v1,61.63,61.1,True,True,0.53
8081,8081.T,カナデン,2024-05,NEW,1,68.45,68.96,False,True,0.52,2024-05,1609.0,1609.0,1609.0,0.0,1552.2,1535.19,1478.11,True,True,True,True,True,True,True,29830.0,1628.0,-1.17,False,0.64,1.82,0.87,True,2,True,14.43,2.01,False,False,,tv_wilder_rsi14_sma5_v1,68.96,68.45,True,False,0.52
2296,2296.T,伊藤ハム米久ホールディングス,2024-05,CONTINUE,2,60.96,61.43,True,True,0.47,2024-04,4115.0,4145.0,4145.0,0.73,4089.4,4119.4,3981.75,True,False,True,False,False,True,True,79223.0,4290.0,-4.08,False,0.59,1.27,1.06,False,2,False,6.48,-0.46,False,False,,tv_wilder_rsi14_sma5_v1,61.43,60.96,True,True,0.47
9900,9900.T,サガミホールディングス,2024-05,NEW,1,68.6,69.06,True,True,0.46,2024-05,1547.0,1547.0,1547.0,0.0,1513.84,1511.05,1435.65,True,True,True,True,True,False,True,41433.0,1600.0,-3.31,False,0.85,1.43,0.9,True,2,True,9.6,0.68,False,False,,tv_wilder_rsi14_sma5_v1,69.06,68.6,True,True,0.46
3939,3939.T,カナミックネットワーク,2024-05,CONTINUE,4,48.64,49.08,True,False,0.44,2024-02,532.0,506.0,506.0,-4.89,455.12,425.33,457.55,True,True,True,False,True,False,False,394397.0,560.0,-5.0,False,1.2,5.22,1.51,False,1,True,18.86,14.26,False,False,,tv_wilder_rsi14_sma5_v1,49.08,48.64,False,True,0.44
3387,3387.T,クリエイト・レストランツ・ホールディン,2024-05,CONTINUE,2,56.73,57.14,False,False,0.42,2024-04,544.0,543.0,543.0,-0.18,531.6,536.79,541.01,True,True,True,False,True,False,True,907400.0,617.0,-11.83,False,0.66,2.16,1.01,False,1,True,2.93,2.37,False,False,,tv_wilder_rsi14_sma5_v1,57.14,56.73,False,False,0.42
9119,9119.T,飯野海運,2024-05,NEW,1,67.72,68.15,True,True,0.42,2024-05,1309.0,1309.0,1309.0,0.0,1281.4,1269.95,1192.14,True,True,True,True,True,False,True,465170.0,1408.0,-7.03,False,1.24,2.96,0.96,True,2,True,19.84,3.93,False,False,,tv_wilder_rsi14_sma5_v1,68.15,67.72,True,True,0.42
4362,4362.T,日本精化,2024-05,NEW,1,55.32,55.73,False,True,0.41,2024-05,2694.0,2694.0,2694.0,0.0,2543.0,2554.41,2657.93,True,True,True,False,True,False,False,8737.0,3170.0,-15.02,False,1.17,2.24,0.97,True,3,True,3.68,4.72,True,False,,tv_wilder_rsi14_sma5_v1,55.73,55.32,True,False,0.41
1873,1873.T,日本ハウスホールディングス,2024-05,CONTINUE,4,41.79,42.19,True,True,0.4,2024-02,311.0,315.0,315.0,1.29,304.4,310.71,349.19,True,True,False,False,True,False,False,94020.0,410.0,-24.15,False,1.04,1.42,1.15,False,4,True,-13.97,1.56,False,False,,tv_wilder_rsi14_sma5_v1,42.19,41.79,True,True,0.4
3031,3031.T,ラクーンホールディングス,2024-05,CONTINUE,2,38.24,38.62,True,False,0.39,2024-04,673.0,658.0,658.0,-2.23,632.04,645.61,685.98,True,True,False,False,True,False,False,149820.0,821.0,-18.03,False,1.05,3.22,1.16,False,4,True,-4.19,3.41,False,False,,tv_wilder_rsi14_sma5_v1,38.62,38.24,False,True,0.39
4967,4967.T,小林製薬,2024-05,CONTINUE,2,33.89,34.26,False,False,0.37,2024-04,5596.0,5429.0,5429.0,-2.98,5407.92,5991.56,6591.55,True,False,False,False,False,False,False,5365333.0,8600.0,-34.93,False,0.19,2.29,0.72,True,4,True,-21.04,2.1,False,False,,tv_wilder_rsi14_sma5_v1,34.26,33.89,False,False,0.37
4249,4249.T,森六,2024-05,NEW,1,66.2,66.56,False,True,0.36,2024-05,2787.0,2787.0,2787.0,0.0,2690.12,2695.17,2579.64,True,True,True,False,True,False,True,15043.0,2995.0,-6.94,False,1.27,1.85,0.83,True,2,True,16.16,-0.25,False,False,,tv_wilder_rsi14_sma5_v1,66.56,66.2,True,False,0.36
6381,6381.T,アネスト岩田,2024-05,CONTINUE,5,68.96,69.32,True,True,0.35,2024-01,1310.0,1371.0,1371.0,4.66,1208.92,1140.11,1136.08,True,True,True,True,True,True,True,113323.0,1316.0,-0.46,False,0.74,2.08,0.81,True,2,True,26.37,6.19,False,False,,tv_wilder_rsi14_sma5_v1,69.32,68.96,True,True,0.35
4577,4577.T,ダイト,2024-05,CONTINUE,4,47.38,47.72,True,False,0.34,2024-02,1039.5,1113.0,1113.0,7.07,994.98,969.37,1040.72,True,True,False,False,True,True,False,105000.0,1221.5,-14.9,False,0.69,1.33,0.77,True,4,True,-2.08,1.68,False,False,,tv_wilder_rsi14_sma5_v1,47.72,47.38,False,True,0.34
5108,5108.T,ブリヂストン,2024-05,CONTINUE,5,67.13,67.46,True,False,0.33,2024-01,3222.0,3420.0,3420.0,6.15,3058.32,2991.48,2906.87,True,True,True,True,True,True,True,3390020.0,3239.0,-0.52,False,0.88,1.72,1.02,False,2,True,18.84,4.04,False,False,,tv_wilder_rsi14_sma5_v1,67.46,67.13,False,True,0.33
9536,9536.T,西部ガスホールディングス,2024-05,CONTINUE,3,46.58,46.92,False,False,0.33,2024-03,1919.0,1934.0,1934.0,0.78,1907.6,1920.28,1964.86,True,False,False,False,True,True,False,54500.0,2184.0,-12.13,False,1.07,1.32,0.96,True,4,True,-1.4,-0.15,False,False,,tv_wilder_rsi14_sma5_v1,46.92,46.58,False,False,0.33
8387,8387.T,四国銀行,2024-05,NEW,1,64.69,64.98,True,True,0.29,2024-05,1184.0,1184.0,1184.0,0.0,1112.92,1134.61,1044.91,True,True,True,False,False,True,True,68603.0,1267.0,-6.55,False,1.41,2.2,1.09,False,2,True,20.97,1.64,True,True,MVP,tv_wilder_rsi14_sma5_v1,64.98,64.69,True,True,0.29
9101,9101.T,日本郵船,2024-05,NEW,1,64.65,64.94,False,True,0.29,2024-05,4985.0,4985.0,4985.0,0.0,4694.28,4486.73,4267.59,True,True,True,True,True,False,True,5985150.0,5236.0,-4.79,False,1.34,2.35,0.9,True,2,True,26.54,5.58,False,False,,tv_wilder_rsi14_sma5_v1,64.94,64.65,True,False,0.29
1899,1899.T,福田組,2024-05,NEW,1,60.23,60.51,True,True,0.27,2024-05,2800.0,2800.0,2800.0,0.0,2753.2,2729.0,2588.34,True,True,True,True,True,True,True,12380.0,2965.0,-5.56,False,0.87,2.64,0.98,True,2,True,11.49,-0.43,False,False,,tv_wilder_rsi14_sma5_v1,60.51,60.23,True,True,0.27
7173,7173.T,東京きらぼしフィナンシャルグループ,2024-05,NEW,1,74.87,75.13,True,True,0.26,2024-05,613.12,613.12,613.12,0.0,570.27,566.99,541.01,True,True,True,True,False,True,True,1198693.0,635.0,-3.44,False,1.06,2.69,1.08,False,2,True,27.21,2.59,True,True,MVP,tv_wilder_rsi14_sma5_v1,75.13,74.87,True,True,0.26
2384,2384.T,ＳＢＳホールディングス,2024-05,CONTINUE,3,43.41,43.63,True,False,0.21,2024-03,2626.0,2529.0,2529.0,-3.69,2401.96,2446.08,2756.18,True,True,False,False,False,False,False,105503.0,3425.0,-23.33,False,0.99,2.12,1.06,False,4,True,-6.1,4.92,False,False,,tv_wilder_rsi14_sma5_v1,43.63,43.41,False,True,0.21
4324,4324.T,電通グループ,2024-05,CONTINUE,4,48.76,48.97,True,False,0.21,2024-02,4148.0,4158.0,4158.0,0.24,4088.72,3954.89,4311.23,True,True,False,False,True,False,False,994790.0,4960.0,-16.37,False,1.06,2.71,1.07,False,4,True,-1.69,5.44,False,False,,tv_wilder_rsi14_sma5_v1,48.97,48.76,False,True,0.21
4668,4668.T,明光ネットワークジャパン,2024-05,NEW,1,57.01,57.21,False,False,0.2,2024-05,720.0,720.0,720.0,0.0,718.52,714.72,702.63,True,True,True,True,True,False,True,35067.0,791.0,-8.98,False,0.75,0.75,0.93,True,2,False,6.2,0.04,False,False,,tv_wilder_rsi14_sma5_v1,57.21,57.01,False,False,0.2
4686,4686.T,ジャストシステム,2024-05,NEW,1,38.9,39.1,False,True,0.2,2024-05,2770.0,2770.0,2770.0,0.0,2732.12,2663.64,2894.18,True,True,False,False,True,False,False,134780.0,4783.0,-42.09,False,1.96,3.58,1.05,False,4,False,-10.48,-1.08,False,False,,tv_wilder_rsi14_sma5_v1,39.1,38.9,True,False,0.2
9517,9517.T,イーレックス,2024-05,CONTINUE,2,35.18,35.39,True,False,0.2,2024-04,836.0,693.0,693.0,-17.11,749.92,754.47,806.39,True,True,True,False,True,True,False,625617.0,1824.0,-54.17,False,1.09,4.36,1.15,False,3,True,-9.95,6.27,False,False,,tv_wilder_rsi14_sma5_v1,35.39,35.18,False,True,0.2
2270,2270.T,雪印メグミルク,2024-05,CONTINUE,3,59.95,60.14,True,False,0.19,2024-03,2721.0,2541.0,2541.0,-6.62,2416.36,2267.61,2208.22,True,True,True,True,True,True,True,360390.0,2797.0,-2.72,False,0.86,3.51,1.1,False,2,True,35.21,12.23,False,False,,tv_wilder_rsi14_sma5_v1,60.14,59.95,False,True,0.19
4443,4443.T,Ｓａｎｓａｎ,2024-05,NEW,1,50.54,50.73,True,True,0.19,2024-05,1616.0,1616.0,1616.0,0.0,1550.96,1610.64,1466.64,True,True,True,False,False,True,True,867660.0,1985.0,-18.59,False,1.0,3.1,0.94,True,2,True,1.94,-0.96,False,False,,tv_wilder_rsi14_sma5_v1,50.73,50.54,True,True,0.19
7244,7244.T,市光工業,2024-05,NEW,1,54.02,54.2,True,True,0.19,2024-05,560.0,560.0,560.0,0.0,536.44,540.24,542.89,True,True,True,False,True,False,True,111620.0,618.0,-9.39,False,1.08,2.78,1.01,False,1,True,6.5,4.78,False,False,,tv_wilder_rsi14_sma5_v1,54.2,54.02,True,True,0.19
8860,8860.T,フジ住宅,2024-05,CONTINUE,5,59.4,59.59,True,True,0.19,2024-01,724.0,754.0,754.0,4.14,713.0,704.87,703.53,True,True,True,True,True,False,True,46570.0,770.0,-5.97,False,1.05,1.17,0.98,True,2,True,4.24,-0.69,False,False,,tv_wilder_rsi14_sma5_v1,59.59,59.4,True,True,0.19
3076,3076.T,あい   ホールディングス,2024-05,NEW,1,58.23,58.41,True,True,0.18,2024-05,2465.0,2465.0,2465.0,0.0,2443.32,2410.91,2398.97,True,True,True,True,True,False,True,81833.0,2597.0,-5.08,False,1.05,1.72,1.0,False,2,False,3.67,0.72,False,False,,tv_wilder_rsi14_sma5_v1,58.41,58.23,True,True,0.18
7157,7157.T,ライフネット生命保険,2024-05,CONTINUE,7,62.54,62.72,True,True,0.18,2023-11,1081.0,1442.0,1442.0,33.4,981.96,979.57,1054.59,True,True,True,False,True,False,False,454763.0,1447.0,-25.29,False,1.0,3.69,1.15,False,3,True,3.23,7.44,False,False,,tv_wilder_rsi14_sma5_v1,62.72,62.54,True,True,0.18
6420,6420.T,ガリレイ,2024-05,CONTINUE,5,67.56,67.71,True,False,0.15,2024-01,2585.0,3030.0,3030.0,17.21,2536.1,2467.37,2521.6,True,True,True,False,True,True,True,49460.0,2850.0,-9.3,False,0.77,1.84,0.89,True,1,True,9.36,0.83,False,False,,tv_wilder_rsi14_sma5_v1,67.71,67.56,False,True,0.15
1301,1301.T,極洋,2024-05,NEW,1,55.15,55.29,False,True,0.14,2024-05,3775.0,3775.0,3775.0,0.0,3680.6,3666.33,3773.38,True,True,True,False,True,False,True,32630.0,4120.0,-8.37,False,0.76,1.07,0.63,True,1,True,3.7,2.64,False,False,,tv_wilder_rsi14_sma5_v1,55.29,55.15,True,False,0.14
1379,1379.T,ホクト,2024-05,CONTINUE,5,45.35,45.49,True,False,0.14,2024-01,1799.0,1820.0,1820.0,1.17,1758.8,1763.64,1813.62,True,True,False,False,True,False,False,53740.0,1902.0,-5.42,False,0.85,0.59,0.98,True,4,True,-2.04,1.03,False,False,,tv_wilder_rsi14_sma5_v1,45.49,45.35,False,True,0.14
2503,2503.T,キリンホールディングス,2024-05,CONTINUE,3,53.09,53.23,True,False,0.14,2024-03,2100.5,2175.0,2175.0,3.55,2088.56,2104.39,2100.34,True,False,True,False,False,False,False,3137537.0,2245.0,-6.44,False,0.8,1.06,0.93,True,1,True,-0.32,0.3,False,False,,tv_wilder_rsi14_sma5_v1,53.23,53.09,False,True,0.14
4526,4526.T,理研ビタミン,2024-05,CONTINUE,5,69.72,69.86,True,False,0.14,2024-01,2320.0,2647.0,2647.0,14.09,2280.84,2257.76,2173.68,True,True,True,True,True,True,True,35203.0,2378.0,-2.44,False,1.11,1.02,0.9,True,2,True,13.55,0.94,False,False,,tv_wilder_rsi14_sma5_v1,69.86,69.72,False,True,0.14
6532,6532.T,ベイカレント,2024-05,NEW,1,43.06,43.16,False,False,0.1,2024-05,3204.0,3204.0,3204.0,0.0,3348.12,3192.37,4006.9,False,True,False,False,True,False,False,1399920.0,5939.0,-46.05,False,0.71,3.4,0.9,True,4,False,-23.18,-3.71,False,False,,tv_wilder_rsi14_sma5_v1,43.16,43.06,False,False,0.1
2207,2207.T,ｍｅｉｔｏ,2024-05,NEW,1,61.59,61.67,True,True,0.08,2024-05,1820.0,1820.0,1820.0,0.0,1785.72,1801.87,1706.99,True,True,True,False,True,True,True,11780.0,1905.0,-4.46,False,1.09,0.88,0.92,True,2,True,5.4,0.21,False,False,,tv_wilder_rsi14_sma5_v1,61.67,61.59,True,True,0.08
4446,4446.T,Ｌｉｎｋ－Ｕグループ,2024-05,NEW,1,38.72,38.79,False,True,0.08,2024-05,637.0,637.0,637.0,0.0,620.52,644.99,721.35,True,False,False,False,False,False,False,14797.0,1349.0,-52.78,False,0.76,1.81,0.88,True,4,True,-19.45,-0.37,False,False,,tv_wilder_rsi14_sma5_v1,38.79,38.72,True,False,0.08
9474,9474.T,ゼンリン,2024-05,CONTINUE,2,42.04,42.11,True,False,0.08,2024-04,893.0,860.0,860.0,-3.7,836.88,852.95,882.3,True,True,True,False,False,False,False,137447.0,953.0,-6.3,False,1.67,1.96,1.42,False,3,True,0.02,0.66,True,False,,tv_wilder_rsi14_sma5_v1,42.11,42.04,False,True,0.08
5632,5632.T,三菱製鋼,2024-05,NEW,1,57.14,57.2,False,True,0.06,2024-05,1530.0,1530.0,1530.0,0.0,1448.2,1444.55,1478.42,True,True,True,False,True,False,False,94323.0,1799.0,-14.95,False,0.61,2.55,1.03,False,3,True,7.85,4.35,False,False,,tv_wilder_rsi14_sma5_v1,57.2,57.14,True,False,0.06
6981,6981.T,村田製作所,2024-05,NEW,1,56.56,56.62,False,True,0.06,2024-05,2966.5,2966.5,2966.5,0.0,2876.38,2879.89,2837.67,True,True,True,False,True,False,True,5495110.0,3141.0,-5.56,False,0.94,2.01,0.93,True,2,True,4.19,1.53,True,False,,tv_wilder_rsi14_sma5_v1,56.62,56.56,True,False,0.06
7085,7085.T,カーブスホールディングス,2024-05,CONTINUE,5,50.67,50.71,True,False,0.04,2024-01,687.0,742.0,742.0,8.01,688.48,661.2,714.1,False,True,False,False,True,False,False,255743.0,840.0,-18.21,False,0.47,2.33,0.69,True,4,True,-3.55,2.26,False,False,,tv_wilder_rsi14_sma5_v1,50.71,50.67,False,True,0.04
8253,8253.T,クレディセゾン,2024-05,NEW,1,76.74,76.79,True,True,0.04,2024-05,3405.0,3405.0,3405.0,0.0,3099.66,3022.59,2649.04,True,True,True,True,True,True,True,922313.0,3410.0,-0.15,False,0.72,3.2,0.85,True,2,True,42.93,6.23,False,False,,tv_wilder_rsi14_sma5_v1,76.79,76.74,True,True,0.04
6440,6440.T,ＪＵＫＩ,2024-05,CONTINUE,4,41.24,41.28,True,False,0.03,2024-02,498.0,497.0,497.0,-0.2,473.44,479.55,550.34,True,True,False,False,True,False,False,292697.0,673.0,-26.0,False,0.58,3.17,0.8,True,4,True,-11.6,4.45,False,False,,tv_wilder_rsi14_sma5_v1,41.28,41.24,False,True,0.03
6724,6724.T,セイコーエプソン,2024-05,CONTINUE,4,60.43,60.45,True,False,0.01,2024-02,2421.0,2527.0,2527.0,4.38,2334.62,2208.24,2231.77,True,True,True,False,True,True,True,1308287.0,2485.0,-2.58,False,0.92,1.86,0.76,True,2,True,14.5,2.5,False,False,,tv_wilder_rsi14_sma5_v1,60.45,60.43,False,True,0.01
4544,4544.T,Ｈ．Ｕ．グループホールディングス,2024-05,NEW,1,43.85,43.85,False,True,0.0,2024-05,2503.0,2503.0,2503.0,0.0,2422.5,2496.44,2560.36,True,True,False,False,True,False,False,411897.0,2863.0,-12.57,False,0.57,1.91,0.69,True,4,True,-3.97,3.36,False,False,,tv_wilder_rsi14_sma5_v1,43.85,43.85,True,False,0.0
