code,ticker,name,signal_month,status,months_active,rsi14,rsi5,rsi14_up,rsi5_up,diff,gc_month,gc_price,signal_month_close,period_price,return_since_gc_pct,sma25,sma75,sma200,price_above_sma25,price_above_sma75,price_above_sma200,perfect_order,sma25_up,sma75_up,sma200_up,avg_volume30,high52_price,high52_distance_pct,high52_breakout,volume_ratio_5_30,atr14_pct,atr_ratio_10_20,vcp_tight,stage,supertrend_up,rsr_score,rsr_momentum,mvp_signal,cosmos_focus,cosmos_focus_type
3697,3697.T,ＳＨＩＦＴ,2024-12,CONTINUE,4,39.4,100.0,True,True,60.6,2024-09,910.67,1214.33,1214.33,33.35,871.13,851.31,1332.31,True,True,False,False,True,False,False,13905000.0,2406.0,-62.15,False,0.77,4.7,0.96,True,4,True,-34.12,3.68,False,False,
6036,6036.T,ＫｅｅＰｅｒ技研,2024-12,CONTINUE,4,43.17,95.56,True,True,52.39,2024-09,4285.0,4760.0,4760.0,11.09,4141.6,3896.43,4849.21,True,True,False,False,True,True,False,207573.0,7190.0,-40.4,False,0.76,3.47,0.89,True,4,True,-13.35,2.46,False,False,
9974,9974.T,ベルク,2024-12,NEW,1,45.89,97.73,False,True,51.84,2024-12,6700.0,6700.0,6700.0,0.0,6634.4,6557.6,6764.2,True,True,False,False,True,True,True,16913.0,8010.0,-16.35,False,0.89,1.68,1.01,False,4,False,-0.03,-0.62,False,False,
8141,8141.T,新光商事,2024-12,CONTINUE,3,38.43,88.19,True,True,49.77,2024-10,967.0,1001.0,1001.0,3.52,942.24,919.76,1023.36,True,True,False,False,True,False,False,48493.0,1260.0,-23.25,False,0.81,1.73,1.08,False,4,True,-4.72,2.57,False,False,
3465,3465.T,ケイアイスター不動産,2024-12,CONTINUE,10,51.46,98.81,True,True,47.35,2024-03,1930.0,2157.5,2157.5,11.79,1808.6,1713.3,2063.74,True,True,False,False,True,True,False,271360.0,2675.0,-27.85,False,1.03,1.96,1.03,False,4,True,0.92,4.63,False,False,
3635,3635.T,コーエーテクモホールディングス,2024-12,CONTINUE,5,46.86,89.65,True,True,42.79,2024-08,1629.0,1856.5,1856.5,13.97,1456.4,1419.62,1600.61,True,True,True,False,True,True,False,1217600.0,2302.0,-29.24,False,1.45,2.73,0.95,True,3,True,-3.26,9.71,False,False,
4933,4933.T,Ｉ－ｎｅ,2024-12,CONTINUE,6,28.25,70.58,False,False,42.33,2024-07,1756.0,1977.0,1977.0,12.59,1682.4,1680.13,2115.51,True,True,False,False,False,False,False,62750.0,3300.0,-46.79,False,1.39,4.15,1.03,False,4,True,-20.52,2.09,False,False,
4516,4516.T,日本新薬,2024-12,CONTINUE,4,29.58,71.13,False,False,41.55,2024-09,3726.0,3989.0,3989.0,7.06,3519.56,3390.83,4101.85,True,True,False,False,True,True,False,393760.0,6750.0,-44.8,False,2.18,2.94,1.21,False,4,True,-11.42,2.97,False,False,
4763,4763.T,クリーク・アンド・リバー社,2024-12,NEW,1,38.81,79.39,True,True,40.58,2024-12,1594.0,1594.0,1594.0,0.0,1569.2,1542.55,1617.26,True,True,False,False,False,True,False,27660.0,2260.0,-29.47,False,1.18,1.9,1.2,False,4,True,-7.08,-0.99,False,False,
1803,1803.T,清水建設,2024-12,CONTINUE,4,59.43,100.0,True,False,40.57,2024-09,983.5,1252.5,1252.5,27.35,995.18,931.07,934.34,False,True,True,False,True,True,True,3645580.0,1121.5,-12.3,False,1.12,2.63,1.05,False,1,True,3.07,-2.07,False,False,
9990,9990.T,サックスバーホールディングス,2024-12,CONTINUE,4,60.82,100.0,True,True,39.18,2024-09,833.0,978.0,978.0,17.41,812.96,800.09,828.8,True,True,True,False,True,True,False,31897.0,955.0,-12.77,False,1.61,1.7,0.97,True,3,True,-2.77,1.52,False,False,
4310,4310.T,ドリームインキュベータ,2024-12,CONTINUE,3,55.02,94.14,True,True,39.12,2024-10,2325.0,3365.0,3365.0,44.73,2255.24,2239.93,2483.53,True,True,False,False,False,True,False,33173.0,3415.0,-31.92,False,1.5,3.01,1.05,False,4,False,-8.99,-0.42,False,False,
4714,4714.T,リソー教育グループ,2024-12,CONTINUE,3,61.57,100.0,True,False,38.43,2024-10,282.0,303.0,303.0,7.45,270.56,251.01,247.7,True,True,True,True,True,True,True,436357.0,303.0,-6.93,False,1.44,1.87,0.89,True,2,True,12.64,0.4,False,False,
9684,9684.T,ｽｸｳｪｱ･ｴﾆｯｸｽ･ﾎｰﾙﾃﾞｨﾝｸﾞｽ,2024-12,CONTINUE,4,62.59,100.0,True,False,37.41,2024-09,1898.33,2049.0,2049.0,7.94,1821.35,1679.5,1796.47,True,True,True,False,True,True,True,1683670.0,2269.33,-16.35,False,0.99,1.92,0.94,True,1,True,11.91,3.18,False,False,
4819,4819.T,デジタルガレージ,2024-12,CONTINUE,4,62.84,100.0,True,False,37.16,2024-09,3060.0,3860.0,3860.0,26.14,2921.64,2709.17,3006.61,True,True,True,False,True,True,False,148180.0,3860.0,-20.73,False,1.01,3.13,0.95,True,3,True,1.16,1.43,False,False,
8227,8227.T,しまむら,2024-12,CONTINUE,3,63.37,100.0,True,False,36.63,2024-10,7885.0,8814.0,8814.0,11.78,8147.84,7702.07,7798.88,False,True,True,False,True,True,True,297960.0,9235.0,-14.62,False,0.71,1.89,0.98,True,3,False,4.94,-3.52,False,False,
9757,9757.T,船井総研ホールディングス,2024-12,CONTINUE,4,46.35,82.43,True,True,36.08,2024-09,1206.0,1195.0,1195.0,-0.91,1161.84,1119.51,1185.96,True,True,True,False,True,True,False,216413.0,1376.0,-12.35,False,1.17,2.05,0.98,True,3,True,-1.86,1.03,False,False,
6080,6080.T,Ｍ＆Ａキャピタルパートナーズ,2024-12,CONTINUE,5,48.76,84.24,True,True,35.48,2024-08,2292.0,2657.0,2657.0,15.92,2082.92,2156.96,2249.05,True,True,True,False,False,False,False,177100.0,2910.0,-21.24,False,0.77,3.23,0.83,True,1,True,-0.6,9.35,False,False,
8771,8771.T,イー・ギャランティ,2024-12,CONTINUE,3,51.58,86.56,True,True,34.98,2024-10,1521.0,1781.0,1781.0,17.09,1481.08,1426.85,1592.81,True,True,False,False,True,True,False,116123.0,2077.0,-26.77,False,0.83,1.62,0.92,True,4,True,-8.01,1.32,False,False,
9790,9790.T,福井コンピュータホールディングス,2024-12,CONTINUE,6,65.47,100.0,True,False,34.53,2024-07,2581.0,3060.0,3060.0,18.56,2586.56,2459.49,2544.05,False,True,True,False,True,True,False,33903.0,2808.0,-8.08,False,0.62,2.16,0.91,True,3,True,1.46,0.51,False,False,
2395,2395.T,新日本科学,2024-12,CONTINUE,3,49.85,84.11,True,True,34.26,2024-10,1242.0,1668.0,1668.0,34.3,1239.04,1198.08,1394.34,True,True,False,False,True,False,False,196103.0,1996.0,-37.78,False,0.95,2.41,0.92,True,4,True,-14.51,2.12,False,False,
2531,2531.T,宝ホールディングス,2024-12,CONTINUE,5,57.98,92.17,True,True,34.19,2024-08,1140.0,1355.0,1355.0,18.86,1107.86,1093.59,1138.93,True,True,True,False,False,True,False,600593.0,1296.0,-12.04,False,0.57,1.31,0.46,True,3,True,-1.56,3.15,False,False,
8919,8919.T,カチタス,2024-12,CONTINUE,7,57.07,91.04,True,True,33.97,2024-06,1743.0,2273.0,2273.0,30.41,1655.52,1807.55,1975.18,True,False,False,False,False,False,False,321567.0,2670.0,-34.72,False,0.76,2.12,0.96,True,4,True,-18.28,3.35,False,False,
6184,6184.T,鎌倉新書,2024-12,CONTINUE,4,48.65,82.02,True,False,33.37,2024-09,534.0,559.0,559.0,4.68,454.52,437.27,529.04,True,True,True,False,True,False,False,550163.0,788.0,-32.23,False,1.07,4.83,1.46,False,3,True,0.75,13.7,False,False,
7033,7033.T,マネジメントソリューションズ,2024-12,CONTINUE,4,38.13,71.43,True,False,33.3,2024-09,1649.0,1689.0,1689.0,2.43,1420.28,1377.73,2050.65,True,True,False,False,True,False,False,289220.0,3465.0,-52.41,False,0.89,5.63,1.33,False,4,True,-15.86,14.47,False,False,
1925,1925.T,大和ハウス工業,2024-12,CONTINUE,3,67.18,100.0,True,False,32.82,2024-10,4571.0,4858.0,4858.0,6.28,4556.96,4437.09,4352.36,True,True,True,True,True,True,True,1733687.0,4718.0,-3.12,False,1.35,1.44,0.89,True,1,True,7.5,-0.5,False,False,
7550,7550.T,ゼンショーホールディングス,2024-12,CONTINUE,5,58.79,91.25,False,False,32.46,2024-08,7602.0,8964.0,8964.0,17.92,6516.8,6274.63,6702.52,True,True,True,False,True,True,False,562710.0,9274.0,-18.03,False,1.1,3.09,0.7,True,3,True,12.18,11.12,False,False,
4689,4689.T,ＬＩＮＥヤフー,2024-12,CONTINUE,5,55.5,87.79,True,True,32.29,2024-08,399.7,419.4,419.4,4.93,379.27,383.21,408.77,True,True,False,False,False,True,False,16369297.0,503.5,-20.62,False,1.05,2.46,0.74,True,4,True,0.37,4.22,False,False,
4432,4432.T,ウイングアーク１ｓｔ,2024-12,CONTINUE,4,67.82,100.0,True,False,32.18,2024-09,3205.0,3760.0,3760.0,17.32,2982.88,2769.73,2834.16,True,True,True,False,True,True,False,59560.0,3320.0,-3.46,False,1.23,2.4,0.86,True,3,True,13.03,5.14,False,False,
3865,3865.T,北越コーポレーション,2024-12,CONTINUE,3,58.54,90.33,False,False,31.79,2024-10,1532.0,1529.0,1529.0,-0.2,1555.96,1423.51,1402.83,False,True,True,True,True,True,True,321670.0,2865.0,-46.53,False,1.71,4.19,1.18,False,3,True,30.55,2.57,False,False,
4373,4373.T,シンプレクス・ホールディングス,2024-12,NEW,1,49.55,80.81,True,True,31.26,2024-12,622.0,622.0,622.0,0.0,629.01,615.39,643.99,False,True,False,False,True,True,False,483893.0,739.75,-15.92,False,0.74,2.61,1.04,False,4,True,-4.18,-0.61,False,False,
6238,6238.T,フリュー,2024-12,CONTINUE,3,30.27,61.49,False,True,31.23,2024-10,1107.0,1110.0,1110.0,0.27,1064.36,1042.56,1131.52,True,True,False,False,True,True,False,93880.0,1610.0,-31.24,False,0.96,2.19,1.02,False,4,True,-7.82,2.85,False,False,
6088,6088.T,シグマクシス・ホールディングス,2024-12,CONTINUE,3,65.46,96.68,True,True,31.22,2024-10,864.5,939.0,939.0,8.62,856.94,780.99,780.37,True,True,True,True,True,True,True,407420.0,926.0,-6.64,False,1.06,2.24,0.96,True,1,True,18.3,2.66,False,False,
6465,6465.T,ホシザキ,2024-12,CONTINUE,2,66.16,96.91,True,True,30.74,2024-11,6055.0,6264.0,6264.0,3.45,5515.44,5064.41,5198.11,True,True,True,False,True,True,True,465407.0,6294.0,-3.8,False,0.83,2.72,0.73,True,1,True,22.46,7.3,False,False,
9279,9279.T,ギフトホールディングス,2024-12,CONTINUE,3,69.4,100.0,True,True,30.6,2024-10,3245.0,3635.0,3635.0,12.02,3092.0,2721.29,2856.18,True,True,True,False,True,True,True,204510.0,3665.0,-11.46,False,1.75,3.52,0.95,True,1,True,28.21,6.45,False,False,
2590,2590.T,ダイドーグループホールディングス,2024-12,CONTINUE,5,60.49,90.83,False,False,30.35,2024-08,2822.0,3300.0,3300.0,16.94,2690.2,2665.01,2792.55,True,True,True,False,True,False,False,94127.0,3195.0,-11.67,False,1.53,1.63,0.72,True,3,True,1.4,2.48,True,False,
5261,5261.T,リソルホールディングス,2024-12,CONTINUE,3,54.94,84.95,True,True,30.0,2024-10,4950.0,5370.0,5370.0,8.48,4850.4,4679.0,5099.55,True,True,False,False,True,True,False,10203.0,6250.0,-20.8,False,1.2,2.52,1.01,False,4,True,-1.5,1.58,False,False,
4912,4912.T,ライオン,2024-12,CONTINUE,5,65.63,95.34,True,False,29.71,2024-08,1484.5,1762.5,1762.5,18.73,1377.98,1312.21,1322.47,True,True,True,False,True,True,False,1347397.0,1607.0,-7.62,False,0.96,1.67,0.66,True,1,True,11.33,6.35,False,False,
6383,6383.T,ダイフク,2024-12,CONTINUE,3,63.19,92.87,True,True,29.68,2024-10,2931.0,3300.0,3300.0,12.59,2801.26,2720.39,2997.51,True,True,False,False,True,False,True,1425917.0,3678.0,-20.31,False,1.4,2.55,1.04,False,4,True,4.3,4.82,False,False,
2120,2120.T,ＬＩＦＵＬＬ,2024-12,CONTINUE,4,46.49,75.9,True,True,29.42,2024-09,142.0,205.0,205.0,44.37,143.32,150.48,165.53,False,False,False,False,False,False,False,413043.0,241.0,-41.08,False,1.37,3.47,0.97,True,4,True,-19.72,1.88,False,False,
7128,7128.T,ユニソルホールディングス,2024-12,CONTINUE,3,45.63,74.61,True,True,28.98,2024-10,2209.0,2594.0,2594.0,17.43,2223.24,2217.72,2240.54,False,False,False,False,False,True,False,64737.0,2900.0,-23.83,False,0.66,1.86,0.99,True,4,False,-8.76,-1.79,False,False,
9861,9861.T,吉野家ホールディングス,2024-12,CONTINUE,4,40.07,69.03,False,True,28.96,2024-09,3141.0,3109.0,3109.0,-1.02,3131.12,3024.21,3090.42,True,True,True,False,True,True,False,540670.0,3585.0,-12.38,False,0.6,2.19,0.76,True,3,True,0.44,-0.56,False,False,
9143,9143.T,ＳＧホールディングス,2024-12,CONTINUE,3,17.09,45.66,False,False,28.57,2024-10,1530.0,1506.0,1506.0,-1.57,1530.48,1530.39,1672.69,False,False,False,False,False,True,False,1275437.0,2207.5,-30.69,False,0.98,1.95,1.04,False,4,False,-10.58,-0.43,False,False,
5122,5122.T,オカモト,2024-12,CONTINUE,3,60.71,89.04,True,True,28.33,2024-10,5300.0,5740.0,5740.0,8.3,5293.6,5087.07,4967.38,True,True,True,True,True,True,True,21550.0,5640.0,-6.03,False,1.92,2.13,1.09,False,2,True,6.29,0.5,False,False,
2294,2294.T,柿安本店,2024-12,CONTINUE,3,61.96,90.2,True,True,28.23,2024-10,2672.0,2882.0,2882.0,7.86,2650.0,2631.45,2688.28,True,True,False,False,False,True,True,19803.0,3240.0,-17.53,False,1.02,1.29,1.01,False,1,False,2.4,0.23,True,False,
3197,3197.T,すかいらーくホールディングス,2024-12,CONTINUE,3,55.85,84.04,False,True,28.18,2024-10,2366.5,2450.0,2450.0,3.53,2317.56,2207.83,2245.9,True,True,True,False,True,True,True,865257.0,2541.5,-6.89,False,1.22,1.45,0.91,True,1,True,9.9,1.02,False,False,
6740,6740.T,ジャパンディスプレイ,2024-12,CONTINUE,9,30.23,58.33,True,True,28.1,2024-04,21.0,20.0,20.0,-4.76,21.32,21.29,29.55,False,False,False,False,False,False,False,28715087.0,47.0,-55.32,False,0.92,6.46,1.2,False,4,True,-29.24,-3.86,False,False,
4061,4061.T,デンカ,2024-12,CONTINUE,5,27.62,55.43,True,True,27.81,2024-08,2264.5,2231.5,2231.5,-1.46,2147.92,2168.18,2354.03,True,True,False,False,False,False,False,675590.0,2909.0,-22.16,False,0.79,1.72,0.48,True,4,True,-6.27,5.77,False,False,
5851,5851.T,リョービ,2024-12,CONTINUE,2,39.98,67.65,True,True,27.66,2024-11,2094.0,2275.0,2275.0,8.64,1947.04,1943.48,2299.43,True,True,False,False,True,False,False,258653.0,3215.0,-34.87,False,1.88,2.8,1.05,False,4,True,-11.11,3.37,False,False,
2413,2413.T,エムスリー,2024-12,CONTINUE,4,21.38,48.85,True,True,27.47,2024-09,1438.0,1397.0,1397.0,-2.85,1407.98,1427.85,1796.72,True,True,False,False,True,False,False,5008720.0,2869.0,-49.88,False,0.9,4.23,1.02,False,4,True,-27.1,3.16,False,False,
7383,7383.T,ネットプロテクションズホールディングス,2024-12,CONTINUE,10,72.82,100.0,True,False,27.18,2024-03,228.0,528.0,528.0,131.58,212.96,193.01,275.45,True,True,False,False,True,False,False,1627830.0,556.0,-58.99,False,0.61,6.11,0.8,True,4,True,-15.42,7.37,False,False,
1887,1887.T,日本国土開発,2024-12,CONTINUE,4,34.86,61.73,True,False,26.87,2024-09,500.0,519.0,519.0,3.8,493.72,477.19,511.16,True,True,False,False,True,True,False,219650.0,686.0,-27.11,False,1.09,1.64,0.89,True,4,True,-5.86,0.94,False,False,
3031,3031.T,ラクーンホールディングス,2024-12,CONTINUE,4,51.91,78.75,True,False,26.84,2024-09,749.0,736.0,736.0,-1.74,690.56,607.88,635.15,True,True,True,False,True,True,True,357173.0,792.0,-5.43,False,0.73,3.84,0.88,True,1,True,22.37,10.51,False,False,
6588,6588.T,東芝テック,2024-12,CONTINUE,9,62.71,89.29,True,True,26.58,2024-04,3180.0,3610.0,3610.0,13.52,3077.12,3057.2,3239.66,True,True,False,False,True,True,False,51187.0,4420.0,-28.05,False,0.81,2.27,1.09,False,4,True,-5.4,0.98,False,False,
6752,6752.T,パナソニックホールディングス,2024-12,CONTINUE,2,65.43,91.88,True,True,26.44,2024-11,1465.5,1643.0,1643.0,12.11,1421.34,1292.87,1325.92,True,True,True,False,True,True,True,11407013.0,1622.0,-9.65,False,0.87,3.21,0.78,True,1,True,10.65,0.84,False,False,
4776,4776.T,サイボウズ,2024-12,CONTINUE,7,68.26,94.27,True,True,26.01,2024-06,1999.0,2897.0,2897.0,44.92,1826.92,1714.8,1912.28,True,True,True,False,True,False,False,725287.0,2737.0,-26.96,False,0.97,3.7,1.12,False,3,True,-1.06,5.75,False,False,
1861,1861.T,熊谷組,2024-12,NEW,1,54.39,80.17,True,True,25.78,2024-12,995.0,995.0,995.0,0.0,971.65,915.52,928.86,True,True,True,False,True,True,True,650573.0,1091.25,-8.82,False,0.75,1.66,0.64,True,3,True,7.26,-1.95,False,False,
7846,7846.T,パイロットコーポレーション,2024-12,CONTINUE,8,45.65,71.3,True,False,25.65,2024-05,1460.67,1620.67,1620.67,10.95,1428.07,1354.44,1466.36,True,True,False,False,True,True,False,247860.0,1825.67,-19.99,False,0.84,1.69,0.84,True,4,True,1.26,1.71,False,False,
3291,3291.T,飯田グループホールディングス,2024-12,CONTINUE,6,52.05,77.57,True,False,25.53,2024-07,2260.0,2380.5,2380.5,5.33,2157.76,2095.65,2135.14,True,True,True,False,True,True,False,651150.0,2725.5,-17.08,False,1.0,2.14,0.91,True,3,True,3.09,2.23,True,False,
4390,4390.T,ＩＰＳ,2024-12,CONTINUE,3,48.15,73.41,False,True,25.25,2024-10,2425.0,2543.0,2543.0,4.87,2292.12,2208.51,2243.02,True,True,True,False,True,True,True,30947.0,2694.0,-9.99,False,0.99,2.8,0.95,True,2,True,10.21,5.13,False,False,
6875,6875.T,メガチップス,2024-12,CONTINUE,5,74.8,100.0,True,False,25.2,2024-08,4915.0,6320.0,6320.0,28.59,4202.6,4204.4,4217.9,True,True,True,False,False,True,True,89450.0,5250.0,-6.38,False,1.0,3.16,0.77,True,1,True,19.04,11.77,False,False,
2593,2593.T,伊藤園,2024-12,CONTINUE,2,21.76,46.93,True,True,25.17,2024-11,3249.0,3539.0,3539.0,8.93,3240.08,3330.84,3569.55,True,False,False,False,False,False,False,288270.0,4925.0,-34.03,False,1.22,1.78,1.03,False,4,False,-16.9,-1.19,False,False,
1963,1963.T,日揮ホールディングス,2024-12,CONTINUE,3,31.27,56.4,True,False,25.13,2024-10,1319.5,1315.5,1315.5,-0.3,1298.16,1263.68,1372.38,True,True,False,False,True,True,False,1170977.0,1897.5,-30.46,False,0.73,1.9,0.9,True,4,True,-11.22,0.56,False,False,
4552,4552.T,ＪＣＲファーマ,2024-12,CONTINUE,3,28.81,53.33,True,False,24.53,2024-10,689.0,607.0,607.0,-11.9,668.4,630.17,741.37,True,True,False,False,True,True,False,345600.0,1339.0,-48.54,False,1.29,2.84,1.03,False,4,True,-13.76,0.76,True,False,
6535,6535.T,アイモバイル,2024-12,NEW,1,55.63,80.0,False,True,24.37,2024-12,504.0,504.0,504.0,0.0,524.96,519.97,474.24,False,False,True,True,True,True,True,226867.0,575.0,-12.35,False,0.81,3.03,0.78,True,2,True,6.11,-3.35,False,False,
3046,3046.T,ジンズホールディングス,2024-12,CONTINUE,4,69.74,93.9,False,False,24.16,2024-09,5260.0,6440.0,6440.0,22.43,5156.8,4566.07,4252.2,True,True,True,True,True,True,True,185020.0,5340.0,-1.5,False,0.55,2.53,0.79,True,1,True,32.38,0.26,False,False,
3903,3903.T,ｇｕｍｉ,2024-12,CONTINUE,2,51.18,75.19,True,True,24.01,2024-11,360.0,407.0,407.0,13.06,332.36,322.79,352.04,True,True,True,False,True,True,False,599817.0,510.0,-29.41,False,2.23,4.64,1.37,False,3,True,0.2,5.68,False,False,
3661,3661.T,エムアップホールディングス,2024-12,CONTINUE,4,62.93,86.85,True,True,23.93,2024-09,662.5,821.0,821.0,23.92,641.68,652.0,586.33,True,True,True,False,True,True,True,821000.0,734.5,-9.8,False,0.52,3.55,0.78,True,2,True,5.47,0.7,False,False,
9983,9983.T,ファーストリテイリング,2024-12,CONTINUE,4,76.49,100.0,True,False,23.51,2024-09,47420.0,53820.0,53820.0,13.5,45864.4,42829.6,41558.6,True,True,True,True,True,True,True,1893153.0,49130.0,-3.48,False,1.5,2.92,1.06,False,2,True,19.75,2.51,False,False,
9735,9735.T,セコム,2024-12,CONTINUE,3,52.96,76.17,False,True,23.21,2024-10,5461.0,5369.0,5369.0,-1.68,5357.94,5157.97,5217.19,True,True,True,False,False,True,True,985367.0,5930.0,-7.91,False,0.95,1.65,0.92,True,1,True,7.87,0.45,False,False,
4709,4709.T,ＩＤホールディングス,2024-12,CONTINUE,3,58.39,81.53,True,True,23.14,2024-10,740.0,797.0,797.0,7.7,710.6,688.78,737.67,True,True,True,False,True,False,False,34473.0,897.0,-17.5,False,1.31,2.29,1.2,False,3,True,-0.6,-0.1,False,False,
9201,9201.T,日本航空,2024-12,CONTINUE,2,35.61,58.4,True,True,22.79,2024-11,2495.5,2492.5,2492.5,-0.12,2433.76,2427.92,2582.64,True,True,False,False,False,True,False,2003163.0,2956.0,-15.58,False,1.02,1.29,0.95,True,4,True,-5.25,-0.51,False,False,
9006,9006.T,京浜急行電鉄,2024-12,CONTINUE,3,52.01,74.79,False,False,22.78,2024-10,1194.5,1304.0,1304.0,9.17,1180.3,1166.13,1225.65,True,True,False,False,True,True,False,859230.0,1455.0,-17.9,False,0.8,1.27,1.06,False,4,True,-2.66,1.35,False,False,
8011,8011.T,三陽商会,2024-12,CONTINUE,2,54.74,77.32,False,True,22.59,2024-11,2647.0,2946.0,2946.0,11.3,2624.96,2526.23,2576.9,True,True,True,False,False,True,False,71887.0,2986.0,-11.35,False,0.51,1.83,0.98,True,3,True,4.23,0.62,False,False,
4985,4985.T,アース製薬,2024-12,CONTINUE,8,63.79,86.25,True,True,22.46,2024-05,4695.0,5600.0,5600.0,19.28,4537.2,4368.2,4643.98,True,True,True,False,True,True,False,75500.0,5250.0,-10.57,False,0.99,1.38,1.0,True,3,True,1.56,3.42,True,False,
4220,4220.T,リケンテクノス,2024-12,NEW,1,77.56,100.0,False,True,22.44,2024-12,1077.0,1077.0,1077.0,0.0,1068.76,1063.07,1017.19,True,True,True,True,False,True,True,62563.0,1131.0,-4.77,False,0.86,1.86,0.96,True,2,True,9.49,-1.4,False,False,
5482,5482.T,愛知製鋼,2024-12,CONTINUE,4,69.89,92.27,True,True,22.38,2024-09,981.25,1295.0,1295.0,31.97,860.9,852.27,875.15,True,True,True,False,True,False,True,208107.0,1113.75,-11.9,False,2.8,3.07,1.3,False,2,True,6.68,8.42,False,False,
3486,3486.T,グローバル・リンク・マネジメント,2024-12,CONTINUE,3,61.75,83.95,True,False,22.2,2024-10,1155.5,1354.0,1354.0,17.18,1137.78,1083.67,1199.72,True,True,False,False,True,True,False,88287.0,1605.0,-28.01,False,0.71,2.57,0.94,True,4,False,3.84,0.73,False,False,
4751,4751.T,サイバーエージェント,2024-12,NEW,1,69.5,91.65,True,True,22.15,2024-12,1096.0,1096.0,1096.0,0.0,1086.06,1043.4,1015.11,True,True,True,True,True,True,True,2649143.0,1162.5,-5.72,False,0.65,2.4,0.79,True,1,True,10.12,-0.03,False,False,
7840,7840.T,フランスベッドホールディングス,2024-12,NEW,1,58.5,80.54,True,True,22.04,2024-12,1306.0,1306.0,1306.0,0.0,1267.48,1250.15,1224.89,True,True,True,True,True,True,False,26550.0,1430.0,-8.67,False,1.12,1.33,1.03,False,1,True,3.39,0.86,False,False,
6279,6279.T,瑞光,2024-12,CONTINUE,4,49.31,71.32,False,True,22.01,2024-09,1248.0,1278.0,1278.0,2.4,1232.2,1127.36,1317.27,True,True,False,False,True,True,False,28533.0,1960.0,-36.33,False,1.19,3.55,1.08,False,4,True,-1.68,3.82,False,False,
4461,4461.T,第一工業製薬,2024-12,NEW,1,72.7,94.37,True,True,21.66,2024-12,3830.0,3830.0,3830.0,0.0,3918.6,3543.33,3505.07,False,True,True,True,True,True,True,35630.0,4200.0,-8.81,False,0.81,3.02,0.99,True,1,True,30.99,-2.43,False,False,
6845,6845.T,アズビル,2024-12,CONTINUE,6,59.16,80.78,True,True,21.61,2024-07,1097.0,1227.5,1227.5,11.9,1119.29,1096.55,1131.25,False,True,False,False,True,True,False,1778907.0,1289.5,-14.93,False,0.8,2.41,1.05,False,4,False,-2.77,-1.94,False,False,
1433,1433.T,ベステラ,2024-12,NEW,1,56.59,78.08,True,True,21.49,2024-12,1076.0,1076.0,1076.0,0.0,1012.88,956.59,955.78,True,True,True,True,True,True,False,81303.0,1171.0,-8.11,False,0.9,3.49,0.84,True,3,True,10.11,3.08,False,False,
3774,3774.T,インターネットイニシアティブ,2024-12,CONTINUE,4,62.49,83.88,False,False,21.38,2024-09,3020.0,2985.5,2985.5,-1.14,2955.34,2633.16,2691.45,True,True,True,False,True,True,True,510540.0,3126.0,-3.39,False,1.07,2.68,1.0,True,1,True,19.02,0.07,False,False,
7419,7419.T,ノジマ,2024-12,CONTINUE,3,75.01,96.36,False,False,21.34,2024-10,716.67,763.67,763.67,6.56,676.12,602.39,584.16,True,True,True,True,True,True,True,899250.0,699.67,2.43,True,1.15,2.2,1.03,False,2,True,31.99,-1.71,False,True,BREAKOUT
2726,2726.T,パルグループホールディングス,2024-12,CONTINUE,4,66.3,87.27,False,False,20.98,2024-09,1269.0,1527.5,1527.5,20.37,1197.22,1014.63,1073.62,True,True,True,False,True,True,True,1053247.0,1338.0,-5.16,False,1.24,3.39,1.04,False,1,True,20.77,0.23,True,True,MVP
4919,4919.T,ミルボン,2024-12,CONTINUE,8,38.63,59.59,True,False,20.96,2024-05,3392.0,3505.0,3505.0,3.33,3297.52,3250.71,3726.1,True,True,False,False,True,False,False,153337.0,5320.0,-36.24,False,0.78,3.63,0.83,True,4,False,-12.29,3.69,False,False,
3778,3778.T,さくらインターネット,2024-12,NEW,1,64.97,85.45,False,True,20.49,2024-12,4450.0,4450.0,4450.0,0.0,4541.0,4492.13,4604.23,False,False,False,False,False,True,False,4087600.0,10980.0,-59.47,False,0.49,3.64,0.89,True,4,False,21.17,-10.86,False,False,
6753,6753.T,シャープ,2024-12,CONTINUE,2,52.94,73.39,True,True,20.45,2024-11,960.7,984.9,984.9,2.52,959.1,953.13,904.28,True,True,True,True,False,True,False,2264213.0,1144.5,-16.06,False,0.69,3.77,0.81,True,3,True,1.02,-0.92,False,False,
1786,1786.T,オリエンタル白石,2024-12,CONTINUE,3,64.95,85.0,True,True,20.05,2024-10,383.0,391.0,391.0,2.09,381.52,368.31,369.74,True,True,True,False,False,True,True,278990.0,408.0,-6.13,False,1.25,1.47,1.05,False,1,False,9.78,0.39,False,False,
7947,7947.T,エフピコ,2024-12,CONTINUE,5,46.99,66.92,False,False,19.93,2024-08,2730.5,2794.0,2794.0,2.33,2628.6,2499.35,2679.16,True,True,True,False,True,True,False,224597.0,3048.0,-10.42,False,0.62,1.92,0.72,True,3,True,4.7,5.61,False,False,
2681,2681.T,ゲオホールディングス,2024-12,NEW,1,28.84,48.71,True,True,19.86,2024-12,1652.0,1652.0,1652.0,0.0,1618.96,1563.32,1667.93,True,True,False,False,True,True,False,227813.0,2511.0,-34.21,False,0.68,2.01,0.95,True,4,True,-4.77,0.42,False,False,
6929,6929.T,日本セラミック,2024-12,CONTINUE,3,47.72,67.3,False,False,19.58,2024-10,2588.0,2560.0,2560.0,-1.08,2571.24,2506.19,2583.64,True,True,True,False,True,True,False,93073.0,2970.0,-12.86,False,1.13,1.32,1.01,False,3,True,-0.08,0.6,False,False,
1893,1893.T,五洋建設,2024-12,NEW,1,22.97,42.45,True,True,19.48,2024-12,654.5,654.5,654.5,0.0,627.01,627.21,666.14,True,True,False,False,True,False,False,1250723.0,852.9,-23.26,False,0.89,1.51,0.82,True,4,True,-5.95,1.06,False,False,
6560,6560.T,エル・ティー・エス,2024-12,CONTINUE,2,42.63,61.73,True,False,19.09,2024-11,2354.0,2358.0,2358.0,0.17,2085.52,1918.84,2135.62,True,True,True,False,True,True,False,35853.0,3950.0,-40.41,False,1.06,5.61,1.04,False,3,True,5.08,8.0,False,False,
9008,9008.T,京王電鉄,2024-12,CONTINUE,2,34.91,53.97,True,False,19.06,2024-11,788.6,768.0,768.0,-2.61,772.91,727.13,759.73,True,True,True,False,True,True,False,2700600.0,939.8,-16.09,False,0.73,2.01,0.74,True,3,True,2.53,1.98,False,False,
9278,9278.T,ブックオフグループホールディングス,2024-12,CONTINUE,2,69.76,88.82,True,True,19.06,2024-11,1476.0,1503.0,1503.0,1.83,1456.08,1383.23,1431.33,True,True,True,False,True,True,True,164697.0,1793.0,-17.68,False,0.47,3.03,1.08,False,2,True,14.2,1.44,False,False,
8337,8337.T,千葉興業銀行,2024-12,CONTINUE,3,72.31,91.34,False,True,19.03,2024-10,1133.0,1458.0,1458.0,28.68,1093.24,1035.72,1004.24,True,True,True,True,True,True,True,193467.0,1173.0,-3.41,False,0.68,2.33,0.84,True,2,True,16.54,1.19,False,False,
5032,5032.T,ＡＮＹＣＯＬＯＲ,2024-12,NEW,1,43.67,62.68,True,True,19.0,2024-12,2816.0,2816.0,2816.0,0.0,2496.68,2359.24,2413.76,True,True,True,False,True,True,False,1576523.0,3850.0,-26.86,False,0.67,4.72,0.95,True,3,True,3.98,9.69,False,False,
3563,3563.T,FOOD & LIFE COMPANIES,2024-12,CONTINUE,3,70.32,89.28,False,False,18.96,2024-10,1519.5,1672.0,1672.0,10.04,1470.22,1349.53,1416.73,True,True,True,False,True,True,True,2538107.0,1647.0,-7.74,False,0.64,1.83,0.9,True,1,True,11.8,1.78,False,False,
4481,4481.T,ベース,2024-12,CONTINUE,9,33.51,52.37,False,False,18.86,2024-04,3515.0,2876.0,2876.0,-18.18,3427.4,3387.73,3951.57,True,True,False,False,False,False,False,46037.0,6240.0,-43.67,False,0.69,2.61,0.98,True,4,False,-15.88,1.73,False,False,
3626,3626.T,ＴＩＳ,2024-12,CONTINUE,11,61.72,80.51,True,False,18.78,2024-02,3375.0,3737.0,3737.0,10.73,3376.36,3225.97,3395.36,False,True,False,False,True,True,False,570973.0,4095.0,-17.58,False,0.98,2.24,0.74,True,4,False,0.01,0.25,False,False,
1377,1377.T,サカタのタネ,2024-12,CONTINUE,4,28.2,46.97,True,True,18.77,2024-09,3530.0,3465.0,3465.0,-1.84,3427.6,3430.33,3579.12,True,True,False,False,True,False,False,71583.0,4495.0,-21.47,False,1.29,1.45,0.92,True,4,True,-6.3,0.62,False,False,
4666,4666.T,パーク２４,2024-12,CONTINUE,4,67.39,86.1,True,True,18.71,2024-09,1792.5,2213.5,2213.5,23.49,1749.74,1637.29,1724.54,True,True,True,False,True,True,True,1086370.0,2065.5,-13.22,False,0.99,2.69,1.01,False,3,True,1.46,1.12,False,False,
9003,9003.T,相鉄ホールディングス,2024-12,CONTINUE,3,38.22,56.88,True,True,18.67,2024-10,2397.5,2494.5,2494.5,4.05,2345.64,2383.91,2525.86,True,True,False,False,False,False,False,338717.0,2908.5,-17.57,False,1.2,1.68,1.08,False,4,True,-6.24,0.04,True,False,
2130,2130.T,メンバーズ,2024-12,CONTINUE,6,43.8,62.39,False,False,18.6,2024-07,927.0,1043.0,1043.0,12.51,912.64,884.05,957.86,True,True,False,False,True,True,False,49300.0,1694.0,-45.28,False,1.01,2.64,1.02,False,4,True,-12.95,-0.1,False,False,
9064,9064.T,ヤマトホールディングス,2024-12,CONTINUE,3,23.93,42.48,False,False,18.55,2024-10,1620.5,1773.0,1773.0,9.41,1631.24,1669.37,1933.5,False,False,False,False,False,False,False,1229970.0,2761.5,-41.32,False,1.05,1.6,1.06,False,4,False,-22.19,-0.26,False,False,
3382,3382.T,セブン＆アイ  ･ホールディングス,2024-12,CONTINUE,4,68.97,87.15,True,True,18.18,2024-09,2147.0,2487.0,2487.0,15.84,2149.4,1965.49,2001.83,False,True,True,False,True,True,True,17937773.0,2275.0,-5.63,False,0.37,2.83,0.83,True,2,True,8.22,1.48,False,False,
4902,4902.T,コニカミノルタ,2024-12,CONTINUE,3,70.68,88.78,True,True,18.1,2024-10,644.6,662.5,662.5,2.78,502.41,446.86,466.51,True,True,True,False,True,True,True,4984153.0,683.0,-5.62,False,2.69,4.07,1.47,False,2,True,44.11,20.85,False,False,
4483,4483.T,ＪＭＤＣ,2024-12,CONTINUE,6,46.91,64.76,True,False,17.85,2024-07,3307.0,3926.0,3926.0,18.72,3415.6,3191.63,3770.99,False,True,False,False,True,False,False,348103.0,5575.0,-40.68,False,0.76,4.28,0.93,True,4,False,-16.47,0.22,False,False,
6995,6995.T,東海理化電機製作所,2024-12,NEW,1,48.52,66.36,True,True,17.83,2024-12,2279.0,2279.0,2279.0,0.0,2166.56,2072.23,2143.32,True,True,True,False,True,True,False,170273.0,2649.0,-13.97,False,1.28,1.43,0.95,True,3,True,5.55,2.08,False,False,
4021,4021.T,日産化学,2024-12,CONTINUE,4,38.59,56.22,False,False,17.63,2024-09,5126.0,4949.0,4949.0,-3.45,5037.48,4879.97,5308.89,True,True,False,False,True,True,False,1120563.0,6798.0,-24.6,False,0.53,2.33,0.94,True,4,True,-7.54,0.22,False,False,
4825,4825.T,ウェザーニューズ,2024-12,CONTINUE,7,66.06,83.69,True,True,17.63,2024-06,1172.5,1935.0,1935.0,65.03,1136.45,1180.45,1326.46,True,False,False,False,False,False,False,168747.0,1737.5,-32.52,False,0.54,1.74,0.94,True,4,True,-17.24,2.2,False,False,
9601,9601.T,松竹,2024-12,CONTINUE,5,68.85,86.41,True,False,17.56,2024-08,9946.0,10980.0,10980.0,10.4,9690.2,9478.73,9624.21,True,True,True,False,True,True,True,68583.0,11280.0,-11.83,False,2.08,2.13,0.87,True,2,True,0.34,1.41,False,False,
6807,6807.T,日本航空電子工業,2024-12,CONTINUE,5,52.88,70.43,True,True,17.55,2024-08,2597.0,2979.0,2979.0,14.71,2385.32,2490.08,2643.19,True,True,False,False,False,False,False,367993.0,3240.0,-19.85,False,0.5,2.04,0.49,True,4,True,-1.34,5.91,False,False,
1939,1939.T,四電工,2024-12,CONTINUE,3,78.6,96.04,True,True,17.44,2024-10,1279.0,1593.0,1593.0,24.55,1271.41,1254.0,1250.43,True,True,True,True,False,True,True,73563.0,1456.67,-12.2,False,1.34,2.16,1.02,False,1,False,10.46,-1.13,False,False,
2326,2326.T,デジタルアーツ,2024-12,CONTINUE,6,66.64,84.0,True,False,17.36,2024-07,4765.0,6040.0,6040.0,26.76,4800.8,4234.47,4463.62,False,True,True,False,True,True,True,149013.0,5620.0,-15.21,False,0.57,2.84,0.86,True,1,True,4.47,0.71,False,False,
3107,3107.T,ダイワボウホールディングス,2024-12,CONTINUE,3,56.53,73.75,True,True,17.23,2024-10,2770.5,3087.0,3087.0,11.42,2755.26,2704.85,2740.59,True,True,True,False,True,False,False,245820.0,3288.0,-15.74,False,1.01,1.86,1.07,False,3,False,-2.49,-0.18,False,False,
7752,7752.T,リコー,2024-12,CONTINUE,10,82.77,100.0,True,False,17.23,2024-03,1357.5,1811.5,1811.5,33.44,1291.26,1205.7,1221.09,True,True,True,False,True,True,True,1900067.0,1385.5,-2.02,False,0.76,2.35,0.99,True,1,True,22.74,5.86,False,False,
6200,6200.T,インソース,2024-12,CONTINUE,8,61.16,78.3,True,True,17.14,2024-05,966.0,1130.0,1130.0,16.98,899.92,853.81,912.3,True,True,True,False,True,True,False,861797.0,1385.0,-30.25,False,0.62,4.68,0.86,True,3,True,-4.19,-0.08,False,False,
3405,3405.T,クラレ,2024-12,CONTINUE,9,68.4,85.39,True,True,17.0,2024-04,1746.0,2280.5,2280.5,30.61,1672.32,1574.02,1563.1,True,True,True,True,True,True,True,1313843.0,1808.0,-3.43,False,0.88,2.06,1.06,False,2,True,19.96,1.01,False,False,
2163,2163.T,アルトナー,2024-12,NEW,1,59.88,76.76,True,True,16.88,2024-12,2102.0,2102.0,2102.0,0.0,1959.4,1860.75,1975.89,True,True,True,False,True,True,False,49610.0,2631.0,-20.11,False,0.87,2.04,1.12,False,3,True,5.78,3.0,False,False,
8154,8154.T,加賀電子,2024-12,NEW,1,48.01,64.87,True,True,16.86,2024-12,2895.0,2895.0,2895.0,0.0,2800.72,2783.92,2830.2,True,True,True,False,True,True,False,119957.0,3560.0,-18.68,False,0.63,2.13,0.87,True,3,True,-2.08,1.27,False,False,
8410,8410.T,セブン銀行,2024-12,CONTINUE,4,54.77,71.63,False,False,16.86,2024-09,286.3,311.7,311.7,8.87,283.53,274.53,284.68,True,True,True,False,True,True,False,8189637.0,330.5,-13.37,False,1.02,1.93,0.91,True,3,True,-1.37,-0.64,False,False,
7832,7832.T,バンダイナムコホールディングス,2024-12,NEW,1,62.9,79.75,True,True,16.85,2024-12,3779.0,3779.0,3779.0,0.0,3467.64,3334.55,3133.59,True,True,True,True,True,True,True,2836620.0,3823.0,-1.15,False,0.54,2.71,0.84,True,2,True,23.35,6.13,False,False,
8595,8595.T,ジャフコグループ,2024-12,CONTINUE,12,83.17,100.0,True,False,16.83,2024-01,1757.0,2163.0,2163.0,23.11,1693.2,1652.51,1731.03,True,True,True,False,True,True,False,393883.0,2507.0,-29.92,False,2.18,2.37,1.1,False,3,True,-2.15,2.76,False,False,
2222,2222.T,寿スピリッツ,2024-12,CONTINUE,4,54.74,71.45,True,True,16.72,2024-09,1820.5,2179.0,2179.0,19.69,1751.36,1807.77,1871.73,True,True,False,False,True,False,False,624680.0,2518.0,-27.7,False,1.23,2.7,1.04,False,4,True,-10.02,0.13,False,False,
6473,6473.T,ジェイテクト,2024-12,NEW,1,47.93,64.55,True,True,16.62,2024-12,1179.5,1179.5,1179.5,0.0,1105.58,1069.71,1136.16,True,True,True,False,True,True,False,1177687.0,1473.0,-19.93,False,0.99,2.02,1.13,False,3,True,2.99,4.37,False,False,
9045,9045.T,京阪ホールディングス,2024-12,CONTINUE,4,42.54,58.88,True,False,16.34,2024-09,3029.0,3310.0,3310.0,9.28,2942.04,2887.42,3218.76,True,True,False,False,True,False,False,273267.0,4196.0,-27.81,False,2.16,2.22,0.87,True,4,True,-8.97,1.6,False,False,
6787,6787.T,メイコー,2024-12,NEW,1,82.42,98.75,True,True,16.33,2024-12,9240.0,9240.0,9240.0,0.0,9139.2,7442.93,6540.93,True,True,True,True,True,True,True,164623.0,9590.0,-3.65,False,0.65,2.47,0.85,True,2,True,66.94,-2.2,False,False,
9007,9007.T,小田急電鉄,2024-12,CONTINUE,3,25.67,42.0,False,False,16.33,2024-10,1604.5,1452.0,1452.0,-9.5,1602.1,1595.75,1783.54,True,True,False,False,False,True,False,1090767.0,2372.0,-32.36,False,0.75,1.68,0.92,True,4,False,-9.33,1.36,False,False,
7458,7458.T,第一興商,2024-12,CONTINUE,6,35.62,51.93,True,False,16.31,2024-07,1822.5,1842.0,1842.0,1.07,1707.34,1721.45,1942.38,True,True,False,False,True,False,False,316163.0,2889.0,-36.92,False,1.37,1.65,1.0,False,4,True,-13.25,3.72,True,False,
5541,5541.T,大平洋金属,2024-12,CONTINUE,6,66.57,82.61,True,False,16.04,2024-07,1364.0,1454.0,1454.0,6.6,1281.36,1288.21,1293.0,True,True,True,False,True,False,False,206330.0,1728.0,-21.06,False,1.65,1.84,1.14,False,3,True,0.27,0.88,True,False,
9037,9037.T,ハマキョウレックス,2024-12,CONTINUE,6,84.17,100.0,True,False,15.83,2024-07,1193.75,1349.0,1349.0,13.01,1150.25,1049.25,1005.01,True,True,True,True,True,True,True,324240.0,1196.25,-0.21,False,1.0,2.25,1.09,False,2,True,23.08,1.95,False,False,
7575,7575.T,日本ライフライン,2024-12,CONTINUE,3,65.9,81.71,True,True,15.81,2024-10,1204.0,1379.0,1379.0,14.53,1214.44,1160.83,1188.92,False,True,True,False,True,True,False,131707.0,1357.0,-11.27,False,0.94,1.22,0.96,True,3,False,3.05,-1.3,False,False,
4051,4051.T,GMOフィナンシャルゲート,2024-12,CONTINUE,4,43.33,59.13,True,True,15.8,2024-09,7150.0,7110.0,7110.0,-0.56,7410.4,6890.67,8155.5,False,True,False,False,True,True,False,46550.0,11220.0,-36.27,False,0.96,4.01,0.98,True,4,True,-11.86,0.15,False,False,
4547,4547.T,キッセイ薬品工業,2024-12,CONTINUE,3,70.14,85.95,True,True,15.8,2024-10,3740.0,4160.0,4160.0,11.23,3714.6,3527.27,3394.43,True,True,True,True,True,True,True,70527.0,3910.0,-4.35,False,0.91,1.62,0.92,True,2,True,13.01,-0.38,False,False,
8136,8136.T,サンリオ,2024-12,CONTINUE,4,84.32,100.0,True,False,15.68,2024-09,826.0,1108.0,1108.0,34.14,765.62,677.96,561.2,True,True,True,True,True,True,True,11419367.0,838.6,-1.5,False,1.07,4.21,0.95,True,2,True,61.89,6.27,False,False,
5110,5110.T,住友ゴム工業,2024-12,CONTINUE,2,59.11,74.78,True,True,15.67,2024-11,1648.0,1783.5,1783.5,8.22,1678.54,1576.57,1669.48,False,True,False,False,True,True,True,1509250.0,1967.0,-16.22,False,0.89,2.41,0.77,True,4,False,2.07,-0.69,False,False,
4718,4718.T,早稲田アカデミー,2024-12,CONTINUE,4,73.18,88.79,True,True,15.61,2024-09,1588.0,1968.0,1968.0,23.93,1579.32,1584.57,1618.53,True,True,False,False,True,True,True,49103.0,1878.0,-15.44,False,3.71,1.86,1.05,False,4,True,-3.36,-2.16,False,False,
4784,4784.T,ＧＭＯインターネット,2024-12,NEW,1,78.98,94.57,True,True,15.59,2024-12,1199.0,1199.0,1199.0,0.0,766.48,563.91,463.26,True,True,True,True,True,True,True,462000.0,1323.0,-9.37,False,2.26,7.36,1.51,False,2,True,190.83,51.27,False,False,
4543,4543.T,テルモ,2024-12,CONTINUE,3,80.33,95.76,False,False,15.43,2024-10,2944.5,3062.0,3062.0,3.99,2873.92,2737.37,2703.59,True,True,True,True,True,True,True,4911223.0,3014.5,-2.32,False,1.55,2.07,0.95,True,1,True,19.64,1.12,False,False,
7606,7606.T,ユナイテッドアローズ,2024-12,CONTINUE,7,70.7,86.12,True,False,15.42,2024-06,1989.0,2699.0,2699.0,35.7,1856.32,1872.48,1890.89,True,True,True,False,True,True,False,221387.0,2560.0,-22.3,False,0.75,2.23,0.92,True,3,True,-2.1,1.73,False,False,
7199,7199.T,プレミアグループ,2024-12,NEW,1,79.18,94.57,False,True,15.38,2024-12,2584.0,2584.0,2584.0,0.0,2546.04,2351.16,2166.59,True,True,True,True,True,True,True,155407.0,2668.0,-3.15,False,0.72,2.17,1.02,False,2,True,27.69,-1.67,False,False,
5741,5741.T,ＵＡＣＪ,2024-12,CONTINUE,2,75.28,90.62,True,False,15.35,2024-11,1347.5,1332.5,1332.5,-1.11,1311.4,1271.15,1138.54,True,True,True,True,True,True,True,629160.0,1437.5,-6.26,False,0.63,3.39,0.85,True,2,True,28.57,-0.16,False,False,
3543,3543.T,コメダホールディングス,2024-12,CONTINUE,4,54.89,70.22,True,False,15.34,2024-09,2766.0,2836.0,2836.0,2.53,2703.04,2682.67,2693.61,True,True,True,False,True,True,False,303943.0,3005.0,-7.95,False,0.83,1.34,0.92,True,1,True,-0.38,0.72,False,False,
7522,7522.T,ワタミ,2024-12,CONTINUE,3,38.15,53.46,True,False,15.31,2024-10,1069.0,974.0,974.0,-8.89,930.96,905.89,941.51,True,True,True,False,True,True,False,230163.0,1199.0,-10.84,False,3.42,2.98,1.44,False,3,True,8.61,8.1,False,False,
6412,6412.T,平和,2024-12,CONTINUE,9,65.37,80.44,True,True,15.07,2024-04,1977.0,2433.0,2433.0,23.07,1959.72,2058.4,2143.05,True,False,False,False,False,False,False,271417.0,2702.0,-26.83,False,0.6,1.3,1.06,False,4,True,-13.2,0.24,False,False,
3962,3962.T,チェンジホールディングス,2024-12,CONTINUE,5,39.48,54.35,True,False,14.87,2024-08,1433.0,1196.0,1196.0,-16.54,1161.6,1204.4,1300.4,True,True,True,False,False,False,False,914210.0,2098.0,-31.7,False,1.13,4.48,0.99,True,3,True,-1.31,13.24,False,False,
9069,9069.T,センコーグループホールディングス,2024-12,CONTINUE,6,81.38,95.92,False,False,14.54,2024-07,1152.0,1490.0,1490.0,29.34,1116.6,1133.25,1111.53,True,True,True,False,False,False,True,339740.0,1208.0,-4.64,False,1.11,1.42,1.03,False,2,True,4.98,1.56,False,False,
9869,9869.T,加藤産業,2024-12,CONTINUE,3,56.54,71.03,False,True,14.49,2024-10,4150.0,4515.0,4515.0,8.8,4224.8,4192.13,4384.93,False,False,False,False,False,False,False,27440.0,4980.0,-16.67,False,1.27,1.93,0.94,True,4,False,-3.51,-1.14,False,False,
8600,8600.T,トモニホールディングス,2024-12,CONTINUE,2,40.97,55.32,False,False,14.35,2024-11,450.0,449.0,449.0,-0.22,426.4,402.27,407.35,True,True,True,False,True,True,True,688440.0,504.0,-10.71,False,1.1,2.3,0.96,True,1,True,9.42,3.18,False,False,
9001,9001.T,東武鉄道,2024-12,CONTINUE,2,21.15,35.48,True,True,14.33,2024-11,2570.0,2564.5,2564.5,-0.21,2552.74,2523.28,2904.79,True,True,False,False,True,True,False,675080.0,4138.0,-37.89,False,0.8,1.84,0.87,True,4,True,-12.27,0.41,False,False,
6058,6058.T,ベクトル,2024-12,NEW,1,49.18,63.5,True,True,14.32,2024-12,1042.0,1042.0,1042.0,0.0,1007.64,959.6,1077.55,True,True,False,False,True,True,False,187987.0,1405.0,-25.84,False,1.04,1.75,0.88,True,4,True,-1.16,1.49,False,False,
6417,6417.T,ＳＡＮＫＹＯ,2024-12,CONTINUE,3,74.42,88.7,True,True,14.28,2024-10,2039.0,2128.0,2128.0,4.36,2095.62,1956.36,1789.92,False,True,True,True,True,True,True,1679970.0,2218.0,-8.07,False,1.01,2.12,0.96,True,2,False,28.76,-0.25,False,False,
1417,1417.T,ミライト・ワン,2024-12,CONTINUE,6,66.81,81.03,True,True,14.22,2024-07,2140.0,2302.0,2302.0,7.57,2092.42,1992.95,1926.68,True,True,True,True,True,True,True,236390.0,2134.5,0.26,True,1.04,1.83,1.2,False,2,True,12.78,0.39,False,False,
6758,6758.T,ソニーグループ,2024-12,CONTINUE,6,72.82,87.0,True,True,14.18,2024-07,2706.0,3369.0,3369.0,24.5,2829.24,2652.23,2651.78,False,True,True,True,True,True,True,18203200.0,3097.0,-12.63,False,1.02,2.78,1.04,False,2,False,3.07,-4.5,False,False,
6390,6390.T,加藤製作所,2024-12,NEW,1,59.16,73.32,True,True,14.16,2024-12,1416.0,1416.0,1416.0,0.0,1379.36,1282.6,1303.86,True,True,True,False,True,True,False,61293.0,1575.0,-10.1,False,0.7,2.46,0.86,True,3,True,10.74,0.82,False,False,
7747,7747.T,朝日インテック,2024-12,CONTINUE,5,51.41,65.48,True,False,14.06,2024-08,2670.5,2576.0,2576.0,-3.54,2353.2,2298.85,2582.11,True,True,True,False,True,True,False,1511163.0,3149.0,-15.2,False,0.84,3.36,0.71,True,1,True,2.2,10.08,False,False,
4996,4996.T,クミアイ化学工業,2024-12,CONTINUE,5,23.77,37.79,False,False,14.03,2024-08,777.0,752.0,752.0,-3.22,757.56,779.51,839.14,True,False,False,False,False,False,False,353030.0,1178.0,-34.04,False,0.72,1.44,0.44,True,4,True,-12.58,3.28,False,False,
2432,2432.T,ディー・エヌ・エー,2024-12,CONTINUE,12,86.21,100.0,True,True,13.79,2024-01,1493.5,3135.0,3135.0,109.91,1468.22,1463.51,1633.31,True,True,False,False,True,True,False,576950.0,2053.0,-27.25,False,0.8,1.86,0.76,True,4,True,-8.91,1.36,False,False,
8219,8219.T,青山商事,2024-12,CONTINUE,2,67.12,80.87,True,False,13.76,2024-11,751.0,753.33,753.33,0.31,579.45,497.03,514.55,True,True,True,False,True,True,True,1816110.0,771.33,-2.64,False,1.24,4.79,0.86,True,1,True,50.96,24.88,False,False,
3854,3854.T,アイル,2024-12,CONTINUE,4,38.0,51.7,False,False,13.71,2024-09,2972.0,2740.0,2740.0,-7.81,2912.56,2672.23,2916.7,True,True,True,False,True,True,False,71003.0,4075.0,-27.07,False,1.22,3.87,0.77,True,3,False,1.57,2.38,False,False,
3371,3371.T,ソフトクリエイトホールディングス,2024-12,NEW,1,71.7,85.38,True,True,13.67,2024-12,2304.0,2304.0,2304.0,0.0,2252.68,2089.05,1935.23,True,True,True,True,True,True,True,20467.0,2364.0,-2.54,False,0.72,2.32,1.01,False,2,True,23.81,-0.13,False,False,
3741,3741.T,セック,2024-12,NEW,1,63.26,76.92,True,True,13.66,2024-12,2440.0,2440.0,2440.0,0.0,2113.5,2097.57,2177.41,True,True,True,False,True,True,False,53827.0,2850.0,-14.39,False,1.87,3.16,1.49,False,3,True,7.7,3.93,True,False,
3395,3395.T,サンマルクホールディングス,2024-12,CONTINUE,3,78.83,92.45,True,True,13.62,2024-10,2325.0,2712.0,2712.0,16.65,2265.08,2149.96,2161.7,True,True,True,False,True,True,True,51987.0,2383.0,-2.43,False,0.69,1.43,0.83,True,1,True,11.89,1.7,False,False,
3608,3608.T,ＴＳＩホールディングス,2024-12,NEW,1,66.84,80.41,True,True,13.57,2024-12,1056.0,1056.0,1056.0,0.0,984.36,929.67,891.75,True,True,True,True,True,True,True,228010.0,1096.0,-3.65,False,0.79,2.52,0.91,True,2,True,24.83,3.33,False,False,
3591,3591.T,ワコールホールディングス,2024-12,CONTINUE,4,80.75,94.29,True,True,13.54,2024-09,4481.0,5405.0,5405.0,20.62,4393.96,4346.07,3853.45,True,True,True,True,True,True,True,142287.0,4749.0,-5.64,False,1.16,2.1,1.09,False,2,True,17.39,-1.12,False,False,
3116,3116.T,トヨタ紡織,2024-12,CONTINUE,2,36.66,50.19,True,True,13.53,2024-11,1903.5,2053.0,2053.0,7.85,1982.26,1918.31,2145.06,False,False,False,False,True,False,False,693450.0,2791.0,-31.8,False,0.65,2.26,0.87,True,4,True,-13.66,-2.76,False,False,
3415,3415.T,ＴＯＫＹＯＢＡＳＥ,2024-12,CONTINUE,2,57.92,71.43,True,True,13.51,2024-11,283.0,332.0,332.0,17.31,270.88,254.4,280.21,True,True,True,False,True,True,False,339927.0,377.0,-24.93,False,0.86,2.55,0.85,True,3,True,0.23,2.76,False,False,
6539,6539.T,ＭＳ－Ｊａｐａｎ,2024-12,NEW,1,48.23,61.7,True,True,13.47,2024-12,1101.0,1101.0,1101.0,0.0,1071.36,1044.32,1074.55,True,True,True,False,True,True,False,31817.0,1275.0,-13.65,False,1.51,1.36,1.21,False,3,True,2.18,1.95,False,False,
1885,1885.T,東亜建設工業,2024-12,CONTINUE,2,61.42,74.86,True,True,13.44,2024-11,1189.0,1195.0,1195.0,0.5,1070.6,992.97,1046.34,True,True,True,False,True,True,True,393200.0,1322.5,-10.09,False,0.94,3.37,0.67,True,1,True,20.68,6.16,False,False,
9543,9543.T,静岡ガス,2024-12,CONTINUE,10,55.32,68.71,True,True,13.39,2024-03,954.0,1070.0,1070.0,12.16,939.48,986.77,1032.63,True,False,False,False,False,False,False,425757.0,1278.0,-25.35,False,0.32,1.68,0.98,True,4,True,-9.94,1.05,False,False,
1975,1975.T,朝日工業社,2024-12,CONTINUE,2,77.61,90.96,True,True,13.36,2024-11,1923.0,2275.0,2275.0,18.3,1578.44,1398.63,1445.27,True,True,True,False,True,True,True,128343.0,1940.0,-0.88,False,1.24,4.69,0.97,True,1,True,38.82,13.78,False,False,
3402,3402.T,東レ,2024-12,CONTINUE,8,72.69,86.03,True,True,13.34,2024-05,785.8,1001.5,1001.5,27.45,756.97,726.69,747.14,True,True,True,False,True,True,False,7719483.0,845.7,-7.08,False,0.77,2.39,0.82,True,1,True,6.52,2.79,False,False,
6804,6804.T,ホシデン,2024-12,CONTINUE,10,79.34,92.63,True,True,13.29,2024-03,1941.0,2312.0,2312.0,19.11,1949.96,1838.01,1809.16,False,True,True,True,True,True,True,181430.0,2066.0,-6.05,False,0.72,2.11,0.89,True,2,True,13.49,0.87,False,False,
6460,6460.T,セガサミーホールディングス,2024-12,CONTINUE,9,63.98,77.24,True,True,13.26,2024-04,2075.0,3076.0,3076.0,48.24,1978.16,1976.17,2343.34,True,True,False,False,True,False,False,1174160.0,3219.0,-35.54,False,0.79,2.2,1.02,False,4,True,-13.72,1.26,False,False,
7965,7965.T,象印マホービン,2024-12,CONTINUE,9,64.56,77.78,True,True,13.22,2024-04,1543.0,1800.0,1800.0,16.66,1462.72,1450.43,1608.9,True,True,False,False,True,False,False,116420.0,2180.0,-29.22,False,0.92,1.79,1.04,False,4,True,-3.84,2.44,False,False,
9706,9706.T,日本空港ビルデング,2024-12,CONTINUE,3,22.13,35.22,False,False,13.09,2024-10,5624.0,5000.0,5000.0,-11.1,5350.28,5203.39,5503.04,True,True,True,False,True,False,False,307283.0,6994.0,-19.59,False,0.9,2.22,1.0,False,3,True,-2.18,2.64,False,False,
8007,8007.T,高島,2024-12,CONTINUE,3,62.39,75.34,True,True,12.95,2024-10,607.0,646.5,646.5,6.51,614.74,590.31,595.08,False,True,True,False,False,True,True,297107.0,735.0,-17.41,False,0.77,1.75,0.89,True,3,False,16.01,-0.3,False,False,
8157,8157.T,都築電気,2024-12,NEW,1,65.95,78.91,True,True,12.95,2024-12,2815.0,2815.0,2815.0,0.0,2683.96,2470.05,2363.66,True,True,True,True,True,True,True,20837.0,3015.0,-6.63,False,1.83,3.1,1.29,False,2,True,22.73,4.58,False,False,
3349,3349.T,コスモス薬品,2024-12,CONTINUE,4,36.79,49.7,False,False,12.91,2024-09,7487.0,6697.0,6697.0,-10.55,7245.2,6759.7,7135.18,True,True,True,False,True,True,False,347273.0,8625.0,-13.19,False,1.19,2.32,0.9,True,3,True,4.92,0.33,True,False,
4337,4337.T,ぴあ,2024-12,CONTINUE,4,35.55,48.39,True,True,12.84,2024-09,3050.0,3145.0,3145.0,3.11,3035.76,3015.45,3122.95,True,True,False,False,True,True,False,7297.0,3885.0,-21.49,False,1.58,1.56,1.03,False,4,True,-8.3,-0.71,False,False,
7952,7952.T,河合楽器製作所,2024-12,NEW,1,36.12,48.95,False,True,12.83,2024-12,2964.0,2964.0,2964.0,0.0,2949.32,2874.28,3105.2,True,True,False,False,True,True,False,11193.0,3815.0,-22.31,False,0.82,2.13,1.03,False,4,False,-8.48,-2.86,False,False,
9302,9302.T,三井倉庫ホールディングス,2024-12,CONTINUE,4,81.46,94.22,False,False,12.75,2024-09,2070.0,2473.33,2473.33,19.48,1958.27,1724.58,1614.71,True,True,True,True,True,True,True,244590.0,2090.0,-0.96,False,1.19,2.01,1.05,False,2,True,32.29,2.15,False,False,
3569,3569.T,セーレン,2024-12,CONTINUE,3,67.26,79.78,True,True,12.51,2024-10,2579.0,2801.0,2801.0,8.61,2619.44,2466.84,2496.45,False,True,True,False,True,True,True,148707.0,2796.0,-7.76,False,1.1,1.35,0.99,True,2,False,8.86,-0.38,False,False,
9433,9433.T,ＫＤＤＩ,2024-12,CONTINUE,5,60.08,72.58,True,False,12.5,2024-08,2455.5,2521.0,2521.0,2.67,2313.52,2223.63,2259.38,True,True,True,False,True,True,True,10858573.0,2540.0,-3.33,False,0.88,1.55,0.7,True,1,True,11.14,4.82,False,False,
6532,6532.T,ベイカレント,2024-12,CONTINUE,7,61.53,73.96,True,False,12.43,2024-06,3240.0,5320.0,5320.0,64.2,3192.64,3191.49,3849.22,True,True,False,False,False,False,False,860570.0,5939.0,-45.45,False,0.94,2.31,0.87,True,4,False,-17.98,1.8,False,False,
4343,4343.T,イオンファンタジー,2024-12,CONTINUE,6,57.15,69.43,True,False,12.28,2024-07,2546.0,3010.0,3010.0,18.22,2313.76,2265.84,2443.56,True,True,True,False,True,False,False,112397.0,3375.0,-24.56,False,1.54,3.03,1.28,False,3,True,4.13,9.78,False,False,
2157,2157.T,コシダカホールディングス,2024-12,CONTINUE,6,53.66,65.87,True,False,12.21,2024-07,1012.0,1131.0,1131.0,11.76,898.04,877.56,958.12,True,True,True,False,True,False,False,705020.0,1415.0,-28.48,False,1.47,3.68,1.08,False,3,True,5.18,9.39,False,False,
9025,9025.T,鴻池運輸,2024-12,CONTINUE,9,87.93,100.0,True,False,12.07,2024-04,2285.0,3090.0,3090.0,35.23,2230.04,2009.52,1948.45,True,True,True,True,True,True,True,102723.0,2321.0,-1.55,False,0.73,2.01,0.97,True,2,True,26.51,-0.83,False,False,
6481,6481.T,ＴＨＫ,2024-12,CONTINUE,2,64.75,76.81,True,True,12.06,2024-11,3609.0,3680.0,3680.0,1.97,3045.44,2722.76,2982.95,True,True,True,False,True,True,True,1124793.0,3778.0,-4.47,False,1.18,4.8,0.87,True,1,True,25.35,12.06,False,False,
8304,8304.T,あおぞら銀行,2024-12,NEW,1,35.95,47.88,True,True,11.93,2024-12,2484.0,2484.0,2484.0,0.0,2442.04,2555.94,2509.05,True,False,False,False,False,False,True,1131540.0,3301.0,-24.75,False,0.77,1.45,1.07,False,1,True,-7.54,-0.77,False,False,
9435,9435.T,光通信,2024-12,NEW,1,78.26,90.14,True,True,11.88,2024-12,34480.0,34480.0,34480.0,0.0,34094.4,32669.87,29496.8,True,True,True,True,True,True,True,62740.0,35870.0,-3.88,False,0.8,2.25,1.0,False,2,True,19.39,-0.7,False,False,
6240,6240.T,ヤマシンフィルタ,2024-12,CONTINUE,4,73.01,84.81,True,True,11.8,2024-09,513.0,639.0,639.0,24.56,452.28,436.23,399.46,True,True,True,True,True,True,True,570640.0,570.0,-10.0,False,1.72,3.58,0.86,True,2,True,34.95,2.84,True,True,MVP
6005,6005.T,三浦工業,2024-12,CONTINUE,11,66.83,78.6,True,True,11.76,2024-02,3190.0,3980.0,3980.0,24.76,2877.2,2835.26,3206.77,True,True,False,False,True,False,False,360957.0,4160.0,-23.32,False,1.26,2.68,1.04,False,4,True,-1.09,4.64,False,False,
4722,4722.T,フューチャー,2024-12,CONTINUE,6,57.57,69.27,False,False,11.71,2024-07,1714.0,1852.0,1852.0,8.05,1581.72,1571.0,1656.69,True,True,True,False,True,False,True,223637.0,1888.0,-9.22,False,2.02,2.73,1.32,False,1,True,5.49,5.46,False,False,
9449,9449.T,ＧＭＯインターネットグループ,2024-12,CONTINUE,3,70.25,81.91,True,True,11.66,2024-10,2654.0,2680.0,2680.0,0.98,2553.94,2460.39,2561.78,True,True,True,False,True,True,True,269813.0,2973.5,-10.74,False,1.13,1.81,0.98,True,1,True,7.27,2.12,True,True,MVP
6869,6869.T,シスメックス,2024-12,CONTINUE,5,62.08,73.64,False,False,11.56,2024-08,2820.0,2916.5,2916.5,3.42,2620.72,2594.39,2626.09,True,True,True,False,True,True,True,1621563.0,2870.0,-1.74,False,0.86,2.56,0.7,True,1,True,6.37,5.59,False,False,
4114,4114.T,日本触媒,2024-12,CONTINUE,2,84.05,95.6,True,True,11.55,2024-11,1816.5,1915.0,1915.0,5.42,1810.34,1745.29,1607.5,True,True,True,True,True,True,True,614830.0,1943.0,-6.51,False,0.91,1.38,0.64,True,2,True,18.46,-1.51,False,False,
6947,6947.T,図研,2024-12,NEW,1,54.95,66.42,False,True,11.47,2024-12,4150.0,4150.0,4150.0,0.0,4323.8,3910.07,3939.03,False,True,True,False,True,True,False,54407.0,4855.0,-14.52,False,0.7,2.64,1.08,False,3,False,5.06,-4.85,False,False,
2002,2002.T,日清製粉グループ本社,2024-12,NEW,1,32.0,43.37,False,False,11.38,2024-12,1842.0,1842.0,1842.0,0.0,1837.16,1824.01,1883.93,True,True,False,False,True,False,False,504200.0,2272.0,-18.93,False,1.05,1.32,1.05,False,4,False,-3.12,0.0,False,False,
7552,7552.T,ハピネット,2024-12,CONTINUE,2,85.86,97.24,True,True,11.38,2024-11,2080.0,2402.5,2402.5,15.5,2018.4,2008.4,1753.38,True,True,True,True,False,True,True,205420.0,2167.5,-4.04,False,0.79,3.61,0.92,True,2,False,28.42,-5.74,False,False,
5707,5707.T,東邦亜鉛,2024-12,CONTINUE,10,22.75,34.12,False,False,11.37,2024-03,1141.0,548.0,548.0,-51.97,1045.4,1090.27,1416.88,True,True,False,False,False,False,False,144873.0,2079.0,-45.12,False,0.89,2.52,0.96,True,4,True,-18.89,4.96,False,False,
3662,3662.T,エイチームホールディングス,2024-12,NEW,1,70.35,81.62,True,True,11.28,2024-12,997.0,997.0,997.0,0.0,901.92,715.91,688.69,True,True,True,True,True,True,True,332630.0,1025.0,-2.73,False,0.67,2.84,0.69,True,2,True,59.07,8.53,False,False,
1808,1808.T,長谷工コーポレーション,2024-12,CONTINUE,3,60.82,72.04,True,False,11.22,2024-10,1852.5,2033.0,2033.0,9.74,1884.8,1837.79,1844.89,False,True,True,False,True,True,True,621537.0,2018.0,-8.2,False,0.85,1.37,0.88,True,3,True,-0.9,-2.13,False,False,
2607,2607.T,不二製油,2024-12,CONTINUE,7,81.52,92.72,False,False,11.2,2024-06,2810.5,3550.0,3550.0,26.31,2646.18,2470.21,2400.49,True,True,True,True,True,True,True,278840.0,2972.5,-5.45,False,1.22,3.0,1.09,False,2,True,25.07,5.35,False,False,
4218,4218.T,ニチバン,2024-12,NEW,1,63.5,74.6,True,True,11.11,2024-12,2114.0,2114.0,2114.0,0.0,1984.0,1948.83,1915.85,True,True,True,True,True,True,True,11743.0,2064.0,2.42,True,1.38,1.2,1.12,False,2,True,11.73,1.08,True,True,BOTH
5838,5838.T,楽天銀行,2024-12,CONTINUE,2,73.45,84.49,False,False,11.05,2024-11,4281.0,4420.0,4420.0,3.25,3647.28,3335.32,3116.13,True,True,True,True,True,True,True,1403643.0,4146.0,3.26,True,1.3,4.09,0.82,True,2,True,45.7,6.93,True,True,BOTH
9072,9072.T,ニッコンホールディングス,2024-12,CONTINUE,6,72.5,83.45,True,False,10.95,2024-07,1895.5,2039.0,2039.0,7.57,1832.9,1624.47,1581.38,True,True,True,True,True,True,True,757420.0,1885.0,0.56,True,0.51,1.6,1.03,False,1,True,22.73,-0.23,False,True,BREAKOUT
7821,7821.T,前田工繊,2024-12,CONTINUE,3,69.11,79.96,True,True,10.85,2024-10,1781.0,1954.0,1954.0,9.71,1822.64,1679.91,1670.09,False,True,True,True,True,True,True,156493.0,1897.5,-6.14,False,0.77,1.7,1.0,False,1,False,11.68,-2.91,False,False,
7607,7607.T,進和,2024-12,NEW,1,67.08,77.86,True,True,10.78,2024-12,2994.0,2994.0,2994.0,0.0,2878.76,2733.09,2699.81,True,True,True,True,True,True,True,12327.0,3035.0,-1.35,False,1.32,1.41,0.99,True,2,True,14.46,1.08,False,False,
3663,3663.T,セルシス,2024-12,CONTINUE,11,89.27,100.0,True,False,10.73,2024-02,820.0,1368.0,1368.0,66.83,733.96,736.96,737.97,True,True,True,False,True,True,True,273640.0,910.0,-9.89,False,0.69,3.89,1.16,False,1,True,9.79,5.5,False,False,
7278,7278.T,エクセディ,2024-12,CONTINUE,3,80.39,91.1,True,False,10.7,2024-10,4225.0,4400.0,4400.0,4.14,3540.6,3219.07,3015.05,True,True,True,True,True,True,True,382740.0,4445.0,-4.95,False,2.38,2.85,1.3,False,2,True,47.79,9.77,False,False,
4820,4820.T,イーエムシステムズ,2024-12,CONTINUE,4,55.89,66.59,True,True,10.69,2024-09,507.0,782.0,782.0,54.24,542.88,584.2,648.04,False,False,False,False,False,False,False,87600.0,786.0,-35.5,False,1.36,2.94,0.85,True,4,False,-24.96,-1.63,False,False,
4956,4956.T,コニシ,2024-12,NEW,1,57.98,68.63,True,True,10.65,2024-12,1308.0,1308.0,1308.0,0.0,1300.6,1298.05,1299.61,True,True,True,False,False,True,False,106417.0,1658.0,-21.11,False,0.91,2.42,0.91,True,3,False,0.13,-2.45,False,False,
9531,9531.T,東京瓦斯,2024-12,CONTINUE,3,66.62,77.22,False,True,10.6,2024-10,3769.0,4370.0,4370.0,15.95,3328.0,3391.65,3438.6,True,True,True,False,False,False,False,1466010.0,4155.0,-9.29,False,1.66,2.51,1.26,False,1,True,11.65,2.62,True,False,
9602,9602.T,東宝,2024-12,CONTINUE,8,63.87,74.31,False,False,10.44,2024-05,992.6,1230.8,1230.8,24.0,1005.41,998.46,1016.29,False,False,False,False,False,True,False,2705333.0,1186.6,-16.35,False,0.98,2.16,1.02,False,4,False,-4.51,-2.45,False,False,
5445,5445.T,東京鐵鋼,2024-12,CONTINUE,2,77.73,88.15,True,True,10.42,2024-11,2123.33,2233.33,2233.33,5.18,2039.13,1828.31,1744.87,True,True,True,True,True,True,True,345810.0,2260.0,-6.05,False,0.41,2.25,0.68,True,1,True,31.94,-4.79,False,False,
4559,4559.T,ゼリア新薬工業,2024-12,CONTINUE,10,76.11,86.51,True,True,10.4,2024-03,2136.0,2442.0,2442.0,14.33,2148.4,2089.23,2192.27,False,True,False,False,True,True,False,68477.0,2600.0,-17.85,False,1.3,1.67,0.94,True,4,True,-1.04,0.87,False,False,
7818,7818.T,トランザクション,2024-12,CONTINUE,4,52.58,62.96,False,False,10.38,2024-09,1165.0,1037.5,1037.5,-10.94,1033.04,958.04,1033.71,True,True,True,False,True,True,True,220120.0,1300.0,-10.38,False,0.62,2.97,0.98,True,1,True,13.91,7.47,False,False,
9619,9619.T,イチネンホールディングス,2024-12,CONTINUE,3,86.64,96.98,True,True,10.35,2024-10,1828.0,1926.0,1926.0,5.36,1843.68,1758.71,1696.38,False,True,True,True,True,True,True,48380.0,1977.0,-7.54,False,2.14,2.35,0.97,True,2,True,15.47,-0.75,False,False,
4686,4686.T,ジャストシステム,2024-12,CONTINUE,7,67.03,77.34,True,False,10.32,2024-06,3010.0,3515.0,3515.0,16.78,2826.6,2736.48,2869.67,True,True,True,False,True,True,False,163133.0,4700.0,-35.96,False,0.65,2.43,0.95,True,3,True,-0.31,2.67,False,False,
8070,8070.T,東京産業,2024-12,CONTINUE,7,39.72,50.0,True,True,10.28,2024-06,723.0,739.0,739.0,2.21,673.04,675.6,757.3,True,True,False,False,True,False,False,97923.0,929.0,-22.17,False,1.08,1.72,1.26,False,4,True,-8.81,3.77,False,False,
4506,4506.T,住友ファーマ,2024-12,CONTINUE,7,56.63,66.9,True,False,10.27,2024-06,405.0,563.0,563.0,39.01,340.44,371.12,423.36,True,True,False,False,False,False,False,4274747.0,692.5,-41.52,False,0.96,3.99,0.91,True,4,True,-13.21,3.39,True,False,
3964,3964.T,オークネット,2024-12,NEW,1,70.26,80.39,True,True,10.12,2024-12,667.75,667.75,667.75,0.0,659.64,629.6,620.75,True,True,True,True,True,True,True,151800.0,707.75,-5.65,False,1.65,3.24,1.16,False,2,True,15.6,-1.87,False,False,
4681,4681.T,リゾートトラスト,2024-12,CONTINUE,3,78.66,88.59,True,True,9.93,2024-10,1393.0,1571.0,1571.0,12.78,1410.95,1337.77,1288.83,False,True,True,True,False,True,True,694967.0,1475.0,-5.56,False,1.27,1.48,0.87,True,2,False,14.55,-1.68,False,False,
9090,9090.T,ＡＺ－ＣＯＭ丸和ホールディングス,2024-12,CONTINUE,4,18.87,28.79,True,False,9.92,2024-09,1147.0,1110.0,1110.0,-3.23,1128.96,1156.04,1289.22,True,False,False,False,True,False,False,264497.0,2170.0,-47.14,False,0.83,3.19,1.07,False,4,True,-18.29,2.26,False,False,
7683,7683.T,ダブルエー,2024-12,CONTINUE,5,59.57,69.47,True,True,9.9,2024-08,1322.0,1395.0,1395.0,5.52,1147.16,1113.8,1147.57,True,True,True,False,False,True,True,46120.0,1424.5,-7.2,False,0.73,3.25,0.97,True,1,True,21.62,12.5,False,False,
5632,5632.T,三菱製鋼,2024-12,NEW,1,54.53,64.34,True,True,9.81,2024-12,1543.0,1543.0,1543.0,0.0,1421.44,1374.77,1416.19,True,True,True,False,True,True,False,60983.0,1671.0,-7.66,False,1.33,2.23,1.21,False,1,True,7.64,4.99,False,False,
3176,3176.T,三洋貿易,2024-12,NEW,1,67.4,76.97,True,True,9.57,2024-12,805.5,805.5,805.5,0.0,772.02,754.66,746.61,True,True,True,True,True,True,True,79747.0,866.5,-7.04,False,1.41,2.16,1.02,False,2,True,12.19,0.98,False,False,
3097,3097.T,物語コーポレーション,2024-12,CONTINUE,3,42.97,52.49,False,False,9.51,2024-10,3605.0,3465.0,3465.0,-3.88,3764.6,3570.53,3995.78,False,True,False,False,True,True,False,243413.0,5450.0,-33.85,False,0.71,1.82,0.84,True,4,False,-7.8,-2.29,False,False,
4041,4041.T,日本曹達,2024-12,CONTINUE,3,56.23,65.71,True,True,9.49,2024-10,2553.0,2908.0,2908.0,13.91,2508.48,2532.43,2714.59,True,True,False,False,True,False,False,150503.0,3135.0,-18.56,False,1.29,1.32,0.99,True,4,False,-7.3,0.8,False,False,
6368,6368.T,オルガノ,2024-12,NEW,1,67.58,77.05,False,True,9.47,2024-12,8200.0,8200.0,8200.0,0.0,8454.8,7874.93,7638.1,False,True,True,True,True,True,True,232563.0,9400.0,-12.77,False,0.74,2.71,0.9,True,2,False,17.44,-4.86,False,False,
3694,3694.T,オプティム,2024-12,CONTINUE,2,45.16,54.62,True,False,9.45,2024-11,741.0,704.0,704.0,-4.99,639.2,618.99,761.0,True,True,False,False,True,True,False,174670.0,1238.0,-40.15,False,1.42,3.58,1.17,False,4,True,-1.26,7.46,False,False,
7972,7972.T,イトーキ,2024-12,NEW,1,56.12,65.55,True,True,9.43,2024-12,1647.0,1647.0,1647.0,0.0,1619.56,1561.21,1586.91,True,True,True,False,True,True,False,288250.0,2200.0,-25.14,False,0.84,2.09,0.83,True,1,True,7.63,-0.04,False,False,
4967,4967.T,小林製薬,2024-12,CONTINUE,7,50.09,59.29,True,False,9.2,2024-06,5223.0,6230.0,6230.0,19.28,5549.72,5554.4,6182.84,False,False,False,False,True,False,False,889037.0,8270.0,-36.84,False,1.38,2.16,1.1,False,4,False,-13.45,3.42,False,False,
8153,8153.T,モスフードサービス,2024-12,NEW,1,66.27,75.38,True,True,9.12,2024-12,3700.0,3700.0,3700.0,0.0,3701.8,3621.73,3527.28,False,True,True,True,True,True,True,51917.0,3845.0,-3.77,False,0.88,1.25,0.94,True,2,True,5.68,-0.93,False,False,
4071,4071.T,プラスアルファ・コンサルティング,2024-12,CONTINUE,4,40.59,49.69,True,True,9.1,2024-09,2183.0,1909.0,1909.0,-12.55,2052.72,1910.48,2186.05,True,True,False,False,True,True,False,415640.0,2880.0,-24.2,False,0.73,4.19,0.8,True,4,True,-5.43,4.04,False,False,
7211,7211.T,三菱自動車工業,2024-12,CONTINUE,3,54.72,63.8,True,True,9.08,2024-10,460.0,532.6,532.6,15.78,408.52,412.2,443.1,True,True,True,False,True,False,False,10680293.0,531.5,-13.45,False,1.31,2.5,1.07,False,3,True,-1.83,6.11,True,False,
6857,6857.T,アドバンテスト,2024-12,CONTINUE,4,72.77,81.79,True,True,9.01,2024-09,6741.0,9198.0,9198.0,36.45,6322.44,6209.79,5937.65,True,True,True,True,True,True,True,13023670.0,7456.0,-9.59,False,1.12,4.83,0.9,True,2,True,23.88,3.84,False,False,
2267,2267.T,ヤクルト本社,2024-12,CONTINUE,6,32.52,41.51,True,False,8.99,2024-07,3086.0,2987.0,2987.0,-3.21,2886.98,2929.7,3151.75,True,True,False,False,True,False,False,1513383.0,4506.0,-31.51,False,1.71,2.02,1.27,False,4,True,-9.14,1.52,True,False,
3932,3932.T,アカツキ,2024-12,NEW,1,62.41,71.4,True,True,8.99,2024-12,2882.0,2882.0,2882.0,0.0,2624.68,2272.05,2293.01,True,True,True,False,True,True,True,68637.0,2876.0,0.21,True,1.0,2.66,1.06,False,1,True,27.65,4.39,False,False,
3993,3993.T,ＰＫＳＨＡＴｅｃｈｎｏｌｏｇｙ,2024-12,CONTINUE,2,57.66,66.56,False,False,8.91,2024-11,4170.0,3835.0,3835.0,-8.03,3673.4,3389.45,4032.6,True,True,True,False,True,True,False,656457.0,6850.0,-39.12,False,1.33,4.94,1.11,False,1,True,17.07,0.11,False,False,
7867,7867.T,タカラトミー,2024-12,CONTINUE,4,91.11,100.0,True,False,8.89,2024-09,3912.0,4540.0,4540.0,16.05,3619.04,3319.77,2837.97,True,True,True,True,True,True,True,581943.0,3994.0,-2.05,False,1.23,3.16,0.88,True,2,True,45.59,3.93,False,False,
7944,7944.T,ローランド,2024-12,NEW,1,42.15,50.91,False,True,8.76,2024-12,3920.0,3920.0,3920.0,0.0,3931.2,3873.87,4021.35,False,True,False,False,True,True,False,45817.0,5030.0,-22.07,False,1.0,1.84,0.87,True,4,True,-4.03,-0.38,False,False,
6151,6151.T,日東工器,2024-12,NEW,1,75.93,84.68,True,True,8.75,2024-12,2713.0,2713.0,2713.0,0.0,2619.8,2566.05,2379.44,True,True,True,True,False,True,True,10053.0,2818.0,-3.73,False,0.9,1.8,0.98,True,2,True,23.92,0.73,False,False,
2353,2353.T,日本駐車場開発,2024-12,CONTINUE,11,50.38,59.09,False,False,8.71,2024-02,187.0,214.0,214.0,14.44,182.6,191.21,209.49,True,False,False,False,False,False,False,1855210.0,271.0,-31.0,False,0.72,2.48,1.15,False,4,True,-16.18,1.21,False,False,
3457,3457.T,ＡｎｄＤｏホールディングス,2024-12,NEW,1,62.53,71.21,True,True,8.68,2024-12,1213.0,1213.0,1213.0,0.0,1045.96,1043.81,1103.55,True,True,True,False,True,True,False,94423.0,1319.0,-8.04,False,1.34,2.79,1.68,False,1,True,12.37,8.86,False,False,
4704,4704.T,トレンドマイクロ,2024-12,CONTINUE,3,66.32,74.98,True,False,8.66,2024-10,8071.0,8567.0,8567.0,6.15,8268.56,8089.72,7759.19,False,False,True,True,False,True,True,558387.0,9228.0,-12.54,False,0.68,1.89,0.96,True,1,False,13.53,-2.62,False,False,
3844,3844.T,コムチュア,2024-12,CONTINUE,3,56.8,65.32,True,True,8.52,2024-10,2335.0,2261.0,2261.0,-3.17,1877.12,1732.19,1826.3,True,True,True,False,True,True,True,232837.0,2280.0,2.41,True,2.04,3.55,1.33,False,1,True,21.64,7.31,True,True,MVP
4733,4733.T,オービックビジネスコンサルタント,2024-12,CONTINUE,4,54.5,62.9,False,True,8.4,2024-09,7423.0,6936.0,6936.0,-6.56,7229.6,6756.67,6791.66,True,True,True,False,True,True,True,171820.0,7649.0,-2.95,False,0.85,2.72,0.98,True,2,True,13.18,0.72,False,False,
3064,3064.T,ＭｏｎｏｔａＲＯ,2024-12,CONTINUE,13,80.46,88.84,True,False,8.38,2023-12,1539.5,2672.0,2672.0,73.56,1496.82,1447.99,1676.88,True,True,False,False,True,False,False,1977820.0,2124.0,-27.52,False,0.53,2.97,0.92,True,4,True,-9.2,5.79,False,False,
9678,9678.T,カナモト,2024-12,NEW,1,70.4,78.76,True,True,8.36,2024-12,3360.0,3360.0,3360.0,0.0,3153.56,2947.71,2821.53,True,True,True,True,True,True,True,133057.0,3385.0,-0.74,False,0.64,2.07,0.75,True,2,True,15.82,0.99,False,False,
4554,4554.T,富士製薬工業,2024-12,NEW,1,61.53,69.88,False,True,8.35,2024-12,1599.0,1599.0,1599.0,0.0,1568.64,1398.85,1446.45,True,True,True,False,True,True,False,154163.0,2060.0,-22.38,False,0.74,2.0,0.97,True,3,True,10.82,0.85,False,False,
2670,2670.T,エービーシー・マート,2024-12,CONTINUE,2,76.32,84.64,True,False,8.31,2024-11,3075.0,3191.0,3191.0,3.77,3031.5,3013.14,2935.71,True,True,True,True,False,True,True,432030.0,3244.0,-5.21,False,1.0,2.02,1.01,False,2,True,11.2,-0.28,False,False,
4538,4538.T,扶桑薬品工業,2024-12,NEW,1,72.01,80.23,False,True,8.22,2024-12,2542.0,2542.0,2542.0,0.0,2553.36,2467.79,2342.2,False,True,True,True,False,True,True,13077.0,2858.0,-11.06,False,1.21,2.18,1.08,False,2,False,14.85,-1.36,False,False,
6445,6445.T,ジャノメ,2024-12,CONTINUE,5,73.16,81.3,False,False,8.14,2024-08,831.0,1008.0,1008.0,21.3,736.04,701.99,691.0,True,True,True,True,True,True,True,137140.0,896.0,-7.25,False,1.62,3.51,0.86,True,2,True,23.43,12.02,False,False,
4927,4927.T,ポーラ・オルビスホールディングス,2024-12,CONTINUE,6,44.21,52.24,True,False,8.03,2024-07,1416.5,1429.0,1429.0,0.88,1365.32,1379.89,1482.02,True,True,False,False,True,False,False,704447.0,2102.0,-32.61,False,0.86,1.33,1.06,False,4,True,-11.69,2.35,False,False,
5202,5202.T,日本板硝子,2024-12,CONTINUE,2,16.44,24.43,True,True,7.99,2024-11,334.0,357.0,357.0,6.89,351.28,358.95,430.71,False,False,False,False,False,False,False,774810.0,678.0,-50.74,False,1.34,2.69,0.91,True,4,False,-24.96,0.09,False,False,
7201,7201.T,日産自動車,2024-12,NEW,1,40.96,48.83,True,True,7.87,2024-12,480.0,480.0,480.0,0.0,403.6,404.36,482.45,True,True,False,False,True,False,False,100007533.0,651.5,-26.32,False,2.63,7.3,1.68,False,4,True,-2.26,13.7,False,False,
6333,6333.T,ＴＥＩＫＯＫＵ,2024-12,CONTINUE,5,60.7,68.5,True,False,7.8,2024-08,2651.0,2848.0,2848.0,7.43,2530.04,2483.95,2642.05,True,True,True,False,False,True,True,35477.0,3170.0,-16.37,False,0.39,1.99,0.49,True,1,True,6.16,3.66,False,False,
6952,6952.T,カシオ計算機,2024-12,NEW,1,56.52,64.29,True,True,7.76,2024-12,1311.5,1311.5,1311.5,0.0,1239.86,1172.17,1202.86,True,True,True,False,True,True,True,1197103.0,1379.0,-4.89,False,0.75,1.65,0.79,True,1,True,7.56,1.63,False,False,
7874,7874.T,レック,2024-12,NEW,1,69.66,77.23,False,True,7.57,2024-12,1290.0,1290.0,1290.0,0.0,1283.72,1283.96,1228.18,True,True,True,False,True,True,True,28673.0,1500.0,-14.0,False,0.8,2.93,0.97,True,2,False,6.51,-3.32,False,False,
3880,3880.T,大王製紙,2024-12,CONTINUE,3,24.5,32.05,True,True,7.55,2024-10,867.0,832.0,832.0,-4.04,891.9,872.91,985.97,False,False,False,False,True,True,False,359697.0,1264.0,-31.41,False,1.19,1.82,1.06,False,4,False,-14.88,-0.55,False,False,
3548,3548.T,バロックジャパンリミテッド,2024-12,NEW,1,53.1,60.61,True,True,7.51,2024-12,799.0,799.0,799.0,0.0,787.32,775.91,776.59,True,True,True,False,True,True,False,56740.0,856.0,-6.66,False,1.55,0.7,0.85,True,1,True,2.2,0.36,True,False,
5930,5930.T,文化シャッター,2024-12,NEW,1,87.16,94.59,False,True,7.44,2024-12,1945.0,1945.0,1945.0,0.0,1866.6,1822.71,1749.69,True,True,True,True,True,True,True,61400.0,1960.0,-0.77,False,1.06,2.01,1.19,False,2,True,16.34,-0.22,False,False,
9793,9793.T,ダイセキ,2024-12,CONTINUE,5,42.23,49.67,False,False,7.44,2024-08,3820.0,3605.0,3605.0,-5.63,3578.8,3480.07,3664.76,True,True,True,False,False,True,False,151003.0,4555.0,-16.14,False,0.75,1.99,0.61,True,3,True,2.97,4.74,False,False,
4180,4180.T,APPIER GROUP,2024-12,CONTINUE,5,54.76,62.12,True,True,7.36,2024-08,1642.0,1460.0,1460.0,-11.08,1364.64,1294.75,1501.9,True,True,True,False,True,True,True,1572243.0,2036.0,-19.35,False,0.78,4.45,0.71,True,1,True,10.16,14.07,False,False,
9746,9746.T,ＴＫＣ,2024-12,CONTINUE,5,57.58,64.71,True,False,7.12,2024-08,3925.0,3800.0,3800.0,-3.18,3651.2,3466.33,3600.22,True,True,True,False,True,True,True,62987.0,3945.0,-0.51,False,0.91,1.76,0.65,True,1,True,13.21,7.01,False,False,
9605,9605.T,東映,2024-12,CONTINUE,5,76.22,83.22,False,False,7.01,2024-08,4270.0,5860.0,5860.0,37.24,3945.6,3790.33,3851.76,True,True,True,False,True,True,True,60127.0,4348.0,-1.79,False,0.72,2.16,0.65,True,1,True,16.22,6.34,False,False,
4205,4205.T,日本ゼオン,2024-12,CONTINUE,3,59.73,66.67,True,True,6.93,2024-10,1432.0,1499.0,1499.0,4.68,1369.46,1293.52,1335.88,True,True,True,False,True,False,True,994983.0,1660.0,-13.73,False,2.66,2.16,1.16,False,2,True,2.23,0.93,False,False,
7839,7839.T,ＳＨＯＥＩ,2024-12,CONTINUE,10,57.23,64.16,True,False,6.92,2024-03,2262.0,2253.0,2253.0,-0.4,2175.4,2007.81,2222.61,True,True,True,False,True,True,False,327097.0,2874.0,-21.29,False,0.91,2.35,0.97,True,3,True,1.65,4.15,False,False,
2910,2910.T,ロック・フィールド,2024-12,CONTINUE,2,47.51,54.42,True,False,6.91,2024-11,1497.0,1532.0,1532.0,2.34,1462.52,1474.71,1523.57,True,True,False,False,False,False,False,73810.0,1733.0,-13.62,False,0.54,0.92,0.86,True,4,True,-3.9,0.07,False,False,
8252,8252.T,丸井グループ,2024-12,CONTINUE,5,60.77,67.57,True,False,6.79,2024-08,2462.5,2514.5,2514.5,2.11,2361.76,2335.11,2379.03,True,True,True,False,False,False,False,933027.0,2628.0,-6.3,False,0.92,1.79,0.65,True,1,True,4.6,5.7,False,False,
3657,3657.T,ﾎﾟｰﾙﾄｩｳｨﾝﾎｰﾙﾃﾞｨﾝｸﾞｽ,2024-12,NEW,1,48.64,55.41,True,True,6.76,2024-12,455.0,455.0,455.0,0.0,451.68,448.09,458.44,True,True,False,False,False,True,False,163437.0,547.0,-16.82,False,0.64,3.3,0.68,True,4,False,-0.96,-0.19,False,False,
5981,5981.T,東京製綱,2024-12,NEW,1,47.14,53.88,True,True,6.75,2024-12,1306.0,1306.0,1306.0,0.0,1253.28,1173.03,1250.41,True,True,True,False,True,True,False,36133.0,1596.0,-18.17,False,0.97,1.42,1.14,False,3,True,5.25,2.15,False,False,
3836,3836.T,アバントグループ,2024-12,CONTINUE,6,72.2,78.93,False,False,6.73,2024-07,1370.0,2018.0,2018.0,47.3,1396.92,1327.28,1347.24,False,True,True,False,True,True,True,45733.0,1555.0,-11.9,False,0.9,2.54,1.21,False,1,True,3.45,-0.96,False,False,
6644,6644.T,大崎電気工業,2024-12,CONTINUE,4,69.42,76.14,True,True,6.71,2024-09,738.0,778.0,778.0,5.42,712.24,681.13,666.57,True,True,True,True,True,True,True,154073.0,780.0,-5.38,False,0.72,2.84,0.9,True,2,True,8.34,2.37,False,False,
2331,2331.T,ＡＬＳＯＫ,2024-12,CONTINUE,8,72.55,79.24,False,False,6.7,2024-05,946.4,1081.5,1081.5,14.28,897.16,854.04,858.86,True,True,True,False,True,True,True,1222053.0,953.6,-0.76,False,0.86,2.73,0.85,True,1,True,12.46,2.05,False,False,
3580,3580.T,小松マテーレ,2024-12,CONTINUE,4,64.68,71.36,True,True,6.68,2024-09,765.0,849.0,849.0,10.98,743.44,733.52,753.45,True,True,True,False,True,True,False,49657.0,930.0,-17.74,False,1.3,2.83,1.09,False,1,True,-0.11,3.33,False,False,
4719,4719.T,アルファシステムズ,2024-12,CONTINUE,3,65.28,71.87,True,False,6.59,2024-10,3210.0,3365.0,3365.0,4.83,3143.32,2956.49,3070.51,True,True,True,False,True,True,True,17700.0,3675.0,-12.65,False,1.52,2.58,0.96,True,1,True,7.31,1.74,False,False,
4612,4612.T,日本ペイントホールディングス,2024-12,NEW,1,50.92,57.5,False,True,6.58,2024-12,1023.5,1023.5,1023.5,0.0,1040.61,1034.44,1021.97,False,False,True,True,False,True,False,2431387.0,1258.5,-18.67,False,0.6,2.13,0.89,True,3,True,-6.48,-3.7,False,False,
7456,7456.T,松田産業,2024-12,NEW,1,63.73,70.3,False,True,6.56,2024-12,3230.0,3230.0,3230.0,0.0,3112.84,3136.89,2928.03,True,True,True,False,True,True,True,28137.0,3315.0,-2.56,False,0.85,1.88,1.0,False,2,True,14.65,0.88,False,False,
2170,2170.T,リンクアンドモチベーション,2024-12,CONTINUE,4,62.14,68.66,True,True,6.52,2024-09,632.0,593.0,593.0,-6.17,606.96,527.31,533.32,True,True,True,False,True,True,True,406317.0,700.0,-9.71,False,0.84,3.16,0.89,True,1,True,26.73,3.54,False,False,
9740,9740.T,セントラル警備保障,2024-12,NEW,1,61.33,67.84,True,True,6.51,2024-12,2988.0,2988.0,2988.0,0.0,2836.8,2794.15,2775.79,True,True,True,True,True,True,True,11530.0,3180.0,-6.04,False,1.13,2.06,0.97,True,2,True,7.59,0.47,False,False,
7780,7780.T,メニコン,2024-12,CONTINUE,4,43.08,49.43,True,False,6.35,2024-09,1459.0,1400.0,1400.0,-4.04,1360.64,1340.51,1625.42,True,True,False,False,True,True,False,353760.0,2465.0,-40.81,False,1.21,2.92,0.92,True,4,True,-10.8,3.18,False,False,
7259,7259.T,アイシン,2024-12,NEW,1,51.51,57.82,True,True,6.3,2024-12,1777.5,1777.5,1777.5,0.0,1695.94,1640.96,1757.6,True,True,True,False,True,True,False,2772243.0,2106.0,-15.6,False,0.76,1.97,1.04,False,3,True,3.8,3.24,False,False,
7744,7744.T,ノーリツ鋼機,2024-12,NEW,1,73.49,79.73,True,True,6.24,2024-12,1730.0,1730.0,1730.0,0.0,1580.07,1449.98,1333.84,True,True,True,True,True,True,True,495770.0,1726.67,0.19,True,0.67,2.44,0.97,True,2,True,38.9,5.44,False,True,BREAKOUT
9438,9438.T,エムティーアイ,2024-12,CONTINUE,11,83.31,89.5,False,True,6.18,2024-02,753.0,1168.0,1168.0,55.11,675.12,628.33,601.98,True,True,True,True,True,True,True,59473.0,775.0,-2.84,False,0.7,4.57,0.92,True,2,True,32.88,6.78,False,False,
9766,9766.T,コナミグループ,2024-12,CONTINUE,5,83.28,89.42,True,True,6.14,2024-08,13145.0,14800.0,14800.0,12.59,11862.0,11505.93,9900.85,True,True,True,True,True,True,True,470687.0,13050.0,0.73,True,0.65,2.06,0.56,True,2,True,41.51,6.65,False,True,BREAKOUT
1942,1942.T,関電工,2024-12,CONTINUE,2,82.02,88.16,True,False,6.13,2024-11,2204.0,2317.0,2317.0,5.13,2202.68,2156.8,1899.12,True,True,True,True,True,True,True,653317.0,2349.0,-6.17,False,0.56,3.02,0.91,True,2,True,27.66,-3.18,False,False,
9672,9672.T,東京都競馬,2024-12,CONTINUE,2,61.44,67.57,True,True,6.12,2024-11,4270.0,4540.0,4540.0,6.32,4214.8,4190.6,4212.07,True,True,True,False,False,True,False,73623.0,4765.0,-10.39,False,1.2,1.73,0.83,True,3,True,2.43,0.04,False,False,
5036,5036.T,日本ビジネスシステムズ,2024-12,NEW,1,34.01,40.1,False,True,6.09,2024-12,910.0,910.0,910.0,0.0,917.2,961.93,1052.93,False,False,False,False,False,False,False,35753.0,1675.0,-45.67,False,1.0,2.28,1.01,False,4,False,-22.69,-3.74,False,False,
6632,6632.T,ＪＶＣケンウッド,2024-12,CONTINUE,4,81.44,87.48,True,True,6.05,2024-09,1345.0,1746.5,1746.5,29.85,1311.16,1076.09,911.49,True,True,True,True,True,True,True,1768510.0,1419.0,-5.21,False,0.88,3.48,0.87,True,2,True,62.23,-0.76,False,False,
9432,9432.T,ＮＴＴ,2024-12,CONTINUE,2,39.12,45.16,True,False,6.04,2024-11,153.4,158.0,158.0,3.0,151.57,150.81,159.82,True,True,False,False,True,False,False,159130277.0,192.9,-20.48,False,0.92,1.36,0.87,True,4,True,-5.74,1.39,False,False,
4272,4272.T,日本化薬,2024-12,CONTINUE,2,49.43,55.43,False,False,6.0,2024-11,1260.0,1284.0,1284.0,1.9,1229.92,1255.42,1267.93,True,True,False,False,False,False,False,546837.0,1423.5,-11.49,False,1.34,2.06,0.91,True,4,True,-2.79,1.79,False,False,
3387,3387.T,クリエイト・レストランツ・ホールディン,2024-12,CONTINUE,4,64.25,70.21,True,True,5.96,2024-09,564.0,585.0,585.0,3.72,533.96,538.51,538.45,True,True,True,False,True,False,True,1768727.0,595.0,-5.21,False,0.73,1.78,0.97,True,1,True,2.68,3.05,False,False,
6814,6814.T,古野電気,2024-12,NEW,1,67.72,73.65,False,True,5.93,2024-12,2685.0,2685.0,2685.0,0.0,2636.24,2310.05,2140.65,True,True,True,True,True,True,True,239643.0,2867.0,-6.35,False,0.72,3.03,0.96,True,1,False,44.13,1.82,False,False,
6474,6474.T,不二越,2024-12,CONTINUE,3,30.24,36.09,True,True,5.85,2024-10,3225.0,3165.0,3165.0,-1.86,3179.4,3133.81,3314.55,True,True,False,False,True,False,False,55630.0,3975.0,-18.87,False,1.31,1.84,1.01,False,4,True,-6.18,1.34,False,False,
5121,5121.T,藤倉コンポジット,2024-12,NEW,1,67.26,72.89,True,True,5.63,2024-12,1599.0,1599.0,1599.0,0.0,1520.8,1355.03,1351.64,True,True,True,True,True,True,True,85460.0,1582.0,1.07,True,1.11,1.71,0.99,True,1,True,22.55,2.23,True,True,BOTH
6277,6277.T,ホソカワミクロン,2024-12,NEW,1,50.08,55.71,True,True,5.62,2024-12,4215.0,4215.0,4215.0,0.0,4118.4,4043.93,4204.12,True,True,True,False,True,False,False,28107.0,4885.0,-13.72,False,0.84,2.43,1.05,False,3,True,-0.62,0.79,False,False,
5659,5659.T,日本精線,2024-12,NEW,1,69.57,75.09,True,True,5.52,2024-12,1340.0,1340.0,1340.0,0.0,1281.88,1253.91,1229.47,True,True,True,True,True,True,True,22650.0,1412.0,-5.1,False,1.17,1.25,1.06,False,1,True,11.65,0.47,False,False,
6369,6369.T,トーヨーカネツ,2024-12,NEW,1,64.55,70.06,True,True,5.52,2024-12,2192.5,2192.5,2192.5,0.0,2079.2,2104.4,2047.59,True,True,True,False,False,True,False,54053.0,2390.0,-8.26,False,1.3,1.78,1.13,False,3,True,7.88,2.03,False,False,
5301,5301.T,東海カーボン,2024-12,CONTINUE,2,32.23,37.72,True,False,5.49,2024-11,906.4,916.8,916.8,1.15,910.9,891.34,945.78,False,True,False,False,True,False,False,1220343.0,1134.0,-20.07,False,0.73,1.7,0.7,True,4,True,-6.09,-0.02,False,False,
2975,2975.T,スター・マイカ・ホールディングス,2024-12,CONTINUE,3,63.19,68.67,True,True,5.48,2024-10,645.0,776.0,776.0,20.31,636.8,629.31,611.62,True,True,True,True,True,False,True,124287.0,710.0,-9.15,False,1.09,2.12,1.22,False,2,True,2.39,2.86,False,False,
4053,4053.T,SUN ASTERISK,2024-12,CONTINUE,2,25.35,30.82,True,False,5.47,2024-11,700.0,698.0,698.0,-0.29,599.48,582.6,786.62,True,True,False,False,True,False,False,354083.0,1088.0,-35.66,False,0.7,3.2,0.86,True,4,True,-10.24,13.2,False,False,
6508,6508.T,明電舎,2024-12,NEW,1,72.95,78.33,True,True,5.38,2024-12,4375.0,4375.0,4375.0,0.0,4103.2,3839.27,3583.8,True,True,True,True,True,True,True,241583.0,4500.0,-2.78,False,0.71,2.92,1.08,False,2,True,43.77,6.14,False,False,
3183,3183.T,ウイン・パートナーズ,2024-12,NEW,1,66.67,72.04,True,True,5.37,2024-12,1368.0,1368.0,1368.0,0.0,1262.2,1234.13,1202.62,True,True,True,True,True,True,False,11170.0,1344.0,1.79,True,1.76,1.3,1.12,False,1,True,14.36,2.56,True,True,BREAKOUT
9104,9104.T,商船三井,2024-12,CONTINUE,2,67.74,73.11,True,True,5.36,2024-11,5129.0,5508.0,5508.0,7.39,5260.84,5053.07,4934.19,False,True,True,True,True,True,True,6063303.0,5559.0,-7.74,False,0.67,2.42,0.93,True,2,True,6.23,-3.19,False,False,
4507,4507.T,塩野義製薬,2024-12,CONTINUE,2,46.44,51.69,False,False,5.25,2024-11,2119.0,2219.0,2219.0,4.72,2130.56,2136.59,2263.37,False,False,False,False,True,False,False,2528623.0,2712.33,-21.88,False,0.76,1.97,1.03,False,4,True,-8.6,-1.16,False,False,
9759,9759.T,ＮＳＤ,2024-12,CONTINUE,3,77.89,83.14,True,False,5.24,2024-10,3312.0,3379.0,3379.0,2.02,3229.08,3135.05,3003.46,True,True,True,True,True,True,True,182970.0,3370.0,-1.72,False,1.34,1.98,0.95,True,2,False,13.55,0.02,True,True,MVP
7296,7296.T,エフ  ･シー  ･シー,2024-12,CONTINUE,4,90.41,95.61,True,True,5.2,2024-09,2380.0,3195.0,3195.0,34.24,2365.0,2315.76,2161.39,True,True,True,True,True,True,True,88763.0,2498.0,-4.72,False,1.49,2.39,0.97,True,2,True,13.16,0.84,False,False,
8132,8132.T,シナネンホールディングス,2024-12,CONTINUE,3,84.84,90.0,True,False,5.16,2024-10,6490.0,6550.0,6550.0,0.92,6174.0,5610.13,4968.38,True,True,True,True,True,True,True,13637.0,6500.0,-0.15,False,1.07,2.69,0.94,True,2,False,43.83,1.93,False,False,
9041,9041.T,近鉄グループホールディングス,2024-12,NEW,1,33.1,38.27,True,True,5.16,2024-12,3310.0,3310.0,3310.0,0.0,3220.24,3425.01,3597.25,True,False,False,False,False,False,False,660660.0,4858.0,-31.86,False,0.82,1.32,0.83,True,4,False,-14.49,-0.52,False,False,
6788,6788.T,日本トリム,2024-12,CONTINUE,3,64.57,69.68,True,True,5.11,2024-10,3525.0,3740.0,3740.0,6.1,3598.4,3511.53,3467.7,False,True,True,True,False,True,True,11497.0,3995.0,-11.76,False,0.86,1.85,1.02,False,2,False,8.81,-0.38,False,False,
3496,3496.T,アズーム,2024-12,CONTINUE,4,54.8,59.89,True,False,5.09,2024-09,3175.0,3470.0,3470.0,9.29,2969.6,2885.0,3102.4,True,True,True,False,True,True,False,42200.0,4235.0,-25.03,False,0.88,3.55,0.89,True,3,True,-4.57,2.25,False,False,
3916,3916.T,ﾃﾞｼﾞﾀﾙ･ｲﾝﾌｫﾒｰｼｮﾝ･ﾃｸﾉﾛｼﾞｰ,2024-12,CONTINUE,4,75.43,80.49,True,False,5.06,2024-09,987.5,1085.0,1085.0,9.87,963.42,935.77,891.57,True,True,True,True,True,True,True,75227.0,1025.0,-3.66,False,0.7,2.63,0.71,True,2,True,10.23,1.81,False,False,
4204,4204.T,積水化学工業,2024-12,CONTINUE,2,77.47,82.44,True,True,4.97,2024-11,2419.0,2715.0,2715.0,12.24,2314.94,2245.05,2217.99,True,True,True,True,True,True,True,1294590.0,2467.0,-1.95,False,1.96,1.86,0.98,True,2,True,10.99,0.46,False,False,
5957,5957.T,日東精工,2024-12,CONTINUE,2,56.5,61.36,True,False,4.87,2024-11,617.0,623.0,623.0,0.97,590.88,574.33,589.42,True,True,True,False,True,True,True,73763.0,720.0,-14.31,False,1.59,1.78,0.99,True,1,True,6.89,-0.69,False,False,
9009,9009.T,京成電鉄,2024-12,NEW,1,36.73,41.58,False,True,4.85,2024-12,1418.5,1418.5,1418.5,0.0,1426.32,1389.31,1637.62,False,True,False,False,True,False,False,5625257.0,2558.67,-44.56,False,0.3,2.37,0.96,True,4,False,-17.24,1.25,False,False,
6617,6617.T,東光高岳,2024-12,NEW,1,50.99,55.75,True,True,4.77,2024-12,2079.0,2079.0,2079.0,0.0,2043.0,1939.12,2043.07,True,True,True,False,True,True,False,31847.0,2767.0,-24.86,False,1.09,1.95,0.81,True,3,True,3.05,0.93,False,False,
7984,7984.T,コクヨ,2024-12,NEW,1,69.71,74.36,True,True,4.65,2024-12,699.25,699.25,699.25,0.0,703.12,669.77,652.31,False,True,True,True,True,True,True,1438307.0,725.75,-3.65,False,1.25,1.44,0.93,True,2,True,11.67,-2.19,False,False,
2767,2767.T,円谷フィールズホールディングス,2024-12,CONTINUE,6,52.52,57.15,True,False,4.64,2024-07,1586.0,1833.0,1833.0,15.57,1659.88,1646.11,1560.48,False,False,True,True,True,False,False,815000.0,3380.0,-53.08,False,0.65,3.55,1.06,False,3,False,-14.44,-4.69,False,False,
2501,2501.T,サッポロホールディングス,2024-12,CONTINUE,4,68.21,72.81,False,False,4.6,2024-09,1581.8,1663.6,1663.6,5.17,1508.78,1314.79,1261.96,True,True,True,True,True,True,True,1384083.0,1602.0,-1.26,False,0.95,2.42,0.92,True,1,True,41.7,2.55,False,False,
6823,6823.T,リオン,2024-12,NEW,1,58.24,62.83,True,True,4.59,2024-12,2625.0,2625.0,2625.0,0.0,2614.08,2373.8,2611.28,True,True,True,False,True,True,False,35103.0,3270.0,-19.72,False,0.76,2.45,0.86,True,3,True,8.02,-1.24,False,False,
4318,4318.T,クイック,2024-12,NEW,1,58.23,62.79,True,True,4.56,2024-12,761.0,761.0,761.0,0.0,720.15,694.18,718.87,True,True,True,False,True,True,False,64140.0,878.33,-13.36,False,0.98,1.93,1.0,True,3,True,2.41,3.15,False,False,
7611,7611.T,ハイデイ日高,2024-12,NEW,1,51.49,56.0,False,True,4.51,2024-12,2794.0,2794.0,2794.0,0.0,2790.36,2740.37,2775.53,True,True,True,False,True,True,True,66353.0,3155.0,-11.44,False,1.2,1.63,1.11,False,2,False,0.67,-1.86,False,False,
256A,256A.T,飛島ホールディングス,2024-12,CONTINUE,2,63.08,67.53,True,True,4.45,2024-11,1562.0,1638.0,1638.0,4.87,1556.28,1483.15,1470.15,True,True,True,True,True,True,True,94540.0,1670.0,-6.47,False,0.83,1.6,0.87,True,1,True,12.25,0.85,False,False,
8698,8698.T,マネックスグループ,2024-12,CONTINUE,2,64.14,68.53,False,False,4.39,2024-11,1018.0,963.0,963.0,-5.4,877.52,717.6,766.9,True,True,True,False,True,True,True,7353790.0,1067.0,-4.59,False,1.44,5.16,1.01,False,1,True,42.05,8.55,False,False,
9991,9991.T,ジェコス,2024-12,NEW,1,54.39,58.74,True,True,4.35,2024-12,1020.0,1020.0,1020.0,0.0,992.16,944.37,989.51,True,True,True,False,True,True,False,40103.0,1225.0,-16.73,False,0.87,1.23,0.97,True,3,True,3.12,1.47,False,False,
3687,3687.T,フィックスターズ,2024-12,NEW,1,67.17,71.49,True,True,4.32,2024-12,2132.0,2132.0,2132.0,0.0,1793.08,1628.84,1783.16,True,True,True,False,True,True,False,503350.0,2516.0,-15.26,False,1.43,4.19,0.95,True,3,True,26.62,1.72,True,False,
6418,6418.T,日本金銭機械,2024-12,NEW,1,52.37,56.67,True,True,4.3,2024-12,1035.0,1035.0,1035.0,0.0,1015.08,967.67,1097.19,True,True,False,False,True,True,False,175427.0,1726.0,-40.03,False,1.28,2.1,1.08,False,4,True,-8.31,-1.11,False,False,
6996,6996.T,ニチコン,2024-12,NEW,1,43.89,48.17,True,True,4.29,2024-12,1097.0,1097.0,1097.0,0.0,1048.36,1020.84,1114.24,True,True,False,False,False,True,False,239513.0,1387.0,-20.91,False,1.05,1.89,0.98,True,4,True,-2.24,1.26,False,False,
8086,8086.T,ニプロ,2024-12,CONTINUE,3,74.88,79.13,True,True,4.25,2024-10,1412.5,1497.0,1497.0,5.98,1427.34,1340.81,1270.23,False,True,True,True,True,True,True,594593.0,1480.0,-4.56,False,0.61,1.14,0.77,True,2,True,14.51,-1.78,False,False,
4848,4848.T,フルキャストホールディングス,2024-12,CONTINUE,6,41.24,45.45,True,False,4.22,2024-07,1509.0,1483.0,1483.0,-1.72,1498.76,1476.77,1610.89,True,True,False,False,True,True,False,125890.0,2339.0,-35.49,False,1.17,2.39,0.99,True,4,True,-12.18,-0.42,False,False,
3696,3696.T,セレス,2024-12,CONTINUE,2,78.95,83.17,True,True,4.21,2024-11,2286.0,3105.0,3105.0,35.83,1998.6,1566.75,1662.62,True,True,True,False,True,True,True,1011140.0,2640.0,-13.41,False,1.52,7.66,1.01,False,1,True,69.17,8.67,False,False,
1961,1961.T,三機工業,2024-12,CONTINUE,2,93.0,97.2,True,True,4.2,2024-11,967.33,1055.0,1055.0,9.06,907.84,819.26,750.03,True,True,True,True,True,True,True,529170.0,1010.0,-4.22,False,0.91,2.37,0.74,True,2,True,40.41,3.36,False,False,
9468,9468.T,ＫＡＤＯＫＡＷＡ,2024-12,CONTINUE,6,52.41,56.56,False,False,4.16,2024-07,2784.0,3144.0,3144.0,12.93,2773.68,2930.75,2895.49,True,False,False,False,False,True,False,1314070.0,3541.0,-21.38,False,0.33,2.37,0.96,True,1,False,-8.72,-0.94,False,False,
3221,3221.T,ヨシックスホールディングス,2024-12,CONTINUE,5,61.07,65.22,False,False,4.15,2024-08,3230.0,3245.0,3245.0,0.46,2974.96,2928.09,2899.07,True,True,True,True,False,True,True,32793.0,3205.0,0.78,True,1.51,2.14,0.73,True,2,True,13.4,4.72,False,False,
8137,8137.T,サンワ   テクノス,2024-12,NEW,1,52.4,56.54,True,True,4.15,2024-12,2258.0,2258.0,2258.0,0.0,2188.12,2081.77,2163.82,True,True,True,False,True,True,False,25773.0,2492.0,-9.39,False,1.06,1.2,0.99,True,3,True,5.91,1.56,False,False,
3636,3636.T,三菱総合研究所,2024-12,NEW,1,50.0,54.12,True,True,4.12,2024-12,4850.0,4850.0,4850.0,0.0,4533.8,4331.2,4595.98,True,True,True,False,True,True,False,30653.0,5370.0,-9.68,False,1.21,1.63,0.91,True,3,True,6.12,3.58,False,False,
6135,6135.T,牧野フライス製作所,2024-12,NEW,1,78.95,83.03,True,True,4.08,2024-12,10750.0,10750.0,10750.0,0.0,7329.2,6522.93,6377.45,True,True,True,True,True,True,True,154633.0,9250.0,16.22,True,0.81,3.2,1.33,False,2,True,75.23,15.54,False,True,BREAKOUT
2301,2301.T,学情,2024-12,NEW,1,65.7,69.78,True,True,4.07,2024-12,2202.0,2202.0,2202.0,0.0,2038.64,1837.32,1815.83,True,True,True,True,True,True,True,123307.0,2357.0,-6.58,False,0.48,2.67,0.59,True,2,True,22.62,6.91,False,False,
2491,2491.T,バリューコマース,2024-12,NEW,1,45.95,50.0,True,True,4.05,2024-12,1176.0,1176.0,1176.0,0.0,1161.68,1131.92,1126.31,True,True,True,True,True,True,True,106610.0,1695.0,-30.62,False,1.11,1.86,1.06,False,2,True,-0.26,0.0,False,False,
7011,7011.T,三菱重工業,2024-12,CONTINUE,4,96.03,100.0,True,False,3.97,2024-09,2117.5,2223.0,2223.0,4.98,1869.7,1803.72,1400.44,True,True,True,True,True,True,True,57163267.0,2219.5,-4.6,False,1.48,4.21,1.08,False,2,True,82.91,7.72,False,False,
4914,4914.T,高砂香料工業,2024-12,CONTINUE,6,84.2,88.12,True,True,3.92,2024-07,781.0,1166.0,1166.0,49.3,763.52,734.15,701.04,True,True,True,True,True,True,True,110000.0,809.0,-3.46,False,1.16,3.29,1.06,False,2,False,20.93,-1.73,False,False,
9837,9837.T,モリト,2024-12,NEW,1,65.86,69.6,True,True,3.74,2024-12,1553.0,1553.0,1553.0,0.0,1515.0,1447.33,1454.18,True,True,True,False,True,True,True,81223.0,1581.0,-1.77,False,0.54,1.72,1.1,False,1,True,9.88,0.13,False,False,
2471,2471.T,エスプール,2024-12,CONTINUE,7,46.68,50.4,True,True,3.72,2024-06,323.0,319.0,319.0,-1.24,318.08,315.85,356.46,True,True,False,False,False,True,False,569900.0,680.0,-52.5,False,0.8,1.81,0.9,True,4,True,-17.68,0.64,False,False,
6785,6785.T,鈴木,2024-12,CONTINUE,8,73.93,77.61,False,False,3.68,2024-05,1446.0,1813.0,1813.0,25.38,1406.4,1295.35,1199.3,True,True,True,True,True,True,True,44037.0,1481.0,-2.36,False,0.87,2.92,1.11,False,2,True,33.56,2.02,False,False,
9517,9517.T,イーレックス,2024-12,NEW,1,50.09,53.74,True,True,3.65,2024-12,742.0,742.0,742.0,0.0,627.28,653.49,703.93,True,True,True,False,False,False,False,460583.0,905.0,-18.01,False,2.34,3.73,1.38,False,3,True,2.89,5.64,True,False,
7282,7282.T,豊田合成,2024-12,NEW,1,46.13,49.72,True,True,3.59,2024-12,2781.5,2781.5,2781.5,0.0,2627.0,2555.19,2754.99,True,True,True,False,True,True,False,311350.0,3423.0,-18.74,False,0.78,1.88,1.02,False,3,True,2.56,3.88,False,False,
2217,2217.T,モロゾフ,2024-12,NEW,1,69.66,73.2,True,True,3.54,2024-12,1616.67,1616.67,1616.67,0.0,1550.13,1531.84,1494.62,True,True,True,True,True,True,True,24930.0,1690.0,-4.34,False,1.25,1.68,0.89,True,2,True,10.79,2.23,False,False,
5076,5076.T,インフロニア・ホールディングス,2024-12,CONTINUE,2,27.26,30.79,False,True,3.53,2024-11,1214.0,1221.0,1221.0,0.58,1174.82,1185.8,1310.84,True,True,False,False,True,False,False,1114620.0,1654.0,-26.6,False,0.86,2.25,0.79,True,4,True,-11.45,1.68,False,False,
6507,6507.T,シンフォニアテクノロジー,2024-12,NEW,1,96.54,100.0,True,True,3.46,2024-12,6420.0,6420.0,6420.0,0.0,6187.6,5595.13,4260.25,True,True,True,True,True,True,True,234153.0,7010.0,-8.42,False,0.94,4.58,0.85,True,2,True,91.63,1.16,False,False,
2579,2579.T,ｺｶ･ｺｰﾗ ﾎﾞﾄﾗｰｽﾞｼﾞｬﾊﾟﾝﾎｰﾙﾃﾞｨﾝｸﾞｽ,2024-12,CONTINUE,3,62.69,66.13,True,False,3.45,2024-10,1958.0,2497.0,2497.0,27.53,1978.34,2067.41,2057.32,False,False,False,False,False,False,False,568910.0,2329.0,-15.93,False,0.86,1.74,0.85,True,4,False,-6.39,-1.74,False,False,
1938,1938.T,日本リーテック,2024-12,NEW,1,49.88,53.25,True,True,3.37,2024-12,1291.0,1291.0,1291.0,0.0,1168.24,1110.35,1173.99,True,True,True,False,True,True,False,40233.0,1382.0,-6.58,False,1.5,3.33,1.15,False,3,True,9.34,5.41,False,False,
4684,4684.T,オービック,2024-12,CONTINUE,5,54.31,57.67,False,False,3.36,2024-08,5060.0,4693.0,4693.0,-7.25,4827.12,4385.35,4481.96,True,True,True,False,True,True,True,1631433.0,5282.0,-4.2,False,0.72,2.39,0.89,True,1,True,14.66,4.61,False,False,
8876,8876.T,リログループ,2024-12,CONTINUE,12,62.82,66.16,True,True,3.35,2024-01,1489.5,1928.5,1928.5,29.47,1597.34,1544.97,1752.33,False,False,False,False,True,False,False,530553.0,2242.0,-33.56,False,1.08,2.89,0.88,True,4,False,-15.32,-2.03,False,False,
6197,6197.T,ソラスト,2024-12,CONTINUE,5,38.43,41.63,True,False,3.2,2024-08,583.0,474.0,474.0,-18.7,520.88,487.31,527.0,True,True,True,False,True,True,False,308587.0,689.0,-15.38,False,1.35,2.84,0.74,True,3,True,9.83,10.46,False,False,
8059,8059.T,第一実業,2024-12,NEW,1,78.22,81.41,True,True,3.19,2024-12,2883.0,2883.0,2883.0,0.0,2675.68,2500.01,2337.42,True,True,True,True,True,True,True,25877.0,2889.0,-0.21,False,0.76,2.97,0.77,True,2,True,30.51,4.03,False,False,
8850,8850.T,スターツコーポレーション,2024-12,CONTINUE,3,74.2,77.39,True,True,3.19,2024-10,3540.0,3800.0,3800.0,7.34,3524.4,3382.36,3286.39,True,True,True,True,True,True,True,72153.0,3645.0,-2.88,False,1.48,1.58,0.97,True,2,True,10.06,-0.54,False,False,
8278,8278.T,フジ,2024-12,NEW,1,59.77,62.94,False,True,3.17,2024-12,2058.0,2058.0,2058.0,0.0,2050.48,2061.51,1988.19,True,False,True,False,True,True,True,81393.0,2212.0,-6.96,False,2.37,1.11,1.02,False,2,True,3.16,-1.82,False,False,
7003,7003.T,三井Ｅ＆Ｓ,2024-12,NEW,1,74.21,77.37,True,True,3.15,2024-12,1842.0,1842.0,1842.0,0.0,1624.96,1345.36,1440.44,True,True,True,False,True,True,True,17744057.0,2898.0,-36.44,False,0.76,4.59,1.11,False,3,True,71.02,9.72,False,False,
4768,4768.T,大塚商会,2024-12,CONTINUE,5,65.73,68.78,True,False,3.06,2024-08,3466.0,3609.0,3609.0,4.13,3339.68,3151.53,3116.51,True,True,True,True,True,True,True,1124910.0,3494.0,-0.8,False,0.78,1.83,0.62,True,2,True,12.87,1.63,False,False,
5911,5911.T,横河ブリッジホールディングス,2024-12,CONTINUE,3,61.59,64.63,True,True,3.05,2024-10,2802.0,2822.0,2822.0,0.71,2665.36,2653.25,2745.8,True,True,True,False,True,False,True,112663.0,2995.0,-6.44,False,2.34,1.89,1.39,False,1,True,3.29,1.63,True,False,
5989,5989.T,エイチワン,2024-12,NEW,1,70.5,73.44,True,True,2.95,2024-12,1113.0,1113.0,1113.0,0.0,1019.48,972.57,899.64,True,True,True,True,True,True,True,95470.0,1152.0,-3.39,False,2.13,3.94,1.23,False,2,True,29.65,2.84,False,False,
1375,1375.T,ユキグニファクトリー,2024-12,NEW,1,70.6,73.44,True,True,2.84,2024-12,1081.0,1081.0,1081.0,0.0,1036.2,1030.99,1013.57,True,True,True,True,False,True,True,44910.0,1173.0,-7.84,False,1.66,1.2,1.12,False,2,True,6.88,0.06,False,False,
1951,1951.T,エクシオグループ,2024-12,CONTINUE,2,60.54,63.34,False,False,2.81,2024-11,1752.5,1732.0,1732.0,-1.17,1652.22,1587.81,1602.68,True,True,True,False,True,True,True,701553.0,1859.5,-5.75,False,1.02,2.46,1.09,False,1,True,11.54,5.2,False,False,
2734,2734.T,サーラコーポレーション,2024-12,NEW,1,66.0,68.75,True,True,2.75,2024-12,898.0,898.0,898.0,0.0,848.68,839.93,825.21,True,True,True,True,True,True,True,242127.0,920.0,-2.39,False,0.44,2.14,0.94,True,2,True,10.54,2.79,False,False,
9081,9081.T,神奈川中央交通,2024-12,CONTINUE,10,74.51,77.21,True,False,2.7,2024-03,3145.0,3805.0,3805.0,20.99,3097.0,3048.88,3120.3,True,True,True,False,True,True,False,18277.0,3380.0,-6.95,False,1.53,1.83,1.26,False,1,True,0.86,2.46,False,False,
2327,2327.T,日鉄ソリューションズ,2024-12,CONTINUE,23,94.65,97.29,False,False,2.63,2023-02,1775.0,4072.0,4072.0,129.41,1676.2,1663.87,1773.66,True,True,True,False,True,False,False,197073.0,2010.0,-11.69,False,1.08,1.54,0.93,True,3,True,-3.15,0.84,True,False,
2810,2810.T,ハウス食品グループ本社,2024-12,CONTINUE,4,38.83,41.44,False,False,2.61,2024-09,3046.0,2896.0,2896.0,-4.92,2975.86,2899.32,3026.1,True,True,True,False,True,True,False,165110.0,3442.0,-11.5,False,1.42,1.4,1.11,False,3,True,1.07,1.88,False,False,
6810,6810.T,マクセル,2024-12,NEW,1,62.04,64.63,True,True,2.59,2024-12,1872.0,1872.0,1872.0,0.0,1734.84,1786.11,1710.94,True,True,True,False,False,True,True,108107.0,1950.0,-4.0,False,1.28,1.61,1.12,False,2,True,8.66,3.19,False,False,
1882,1882.T,東亜道路工業,2024-12,NEW,1,57.99,60.55,False,True,2.56,2024-12,1309.0,1309.0,1309.0,0.0,1286.16,1296.64,1277.95,True,True,True,False,True,False,False,47240.0,1455.0,-10.03,False,0.93,1.18,0.84,True,1,True,-3.31,-1.46,False,False,
9743,9743.T,丹青社,2024-12,NEW,1,58.45,61.01,True,True,2.55,2024-12,996.0,996.0,996.0,0.0,889.72,847.71,885.79,True,True,True,False,True,False,True,360943.0,1068.0,-6.74,False,0.71,3.33,1.1,False,2,True,13.81,7.27,False,False,
9202,9202.T,ＡＮＡホールディングス,2024-12,CONTINUE,4,46.09,48.61,True,True,2.52,2024-09,3069.0,2865.5,2865.5,-6.63,2985.36,2934.26,3050.21,True,True,True,False,True,False,False,2003280.0,3385.0,-9.34,False,1.36,1.62,1.01,False,1,True,-0.77,1.68,False,False,
4324,4324.T,電通グループ,2024-12,CONTINUE,5,42.18,44.67,True,True,2.49,2024-08,4477.0,3812.0,3812.0,-14.85,4136.88,4095.93,4062.79,True,True,True,True,True,False,False,1237213.0,4620.0,-3.1,False,0.78,2.73,0.57,True,1,True,8.28,8.48,False,False,
2685,2685.T,アンドエスティＨＤ,2024-12,NEW,1,54.51,56.88,False,True,2.37,2024-12,3465.0,3465.0,3465.0,0.0,3653.0,3604.73,3537.3,False,False,False,True,True,True,True,195273.0,4055.0,-14.55,False,1.75,2.67,1.16,False,4,False,-2.41,0.03,False,False,
5802,5802.T,住友電気工業,2024-12,NEW,1,80.27,82.56,True,True,2.29,2024-12,713.38,713.38,713.38,0.0,722.32,652.44,618.58,False,True,True,True,True,True,True,15227320.0,780.75,-8.63,False,0.53,2.0,0.8,True,2,False,28.07,-2.36,False,False,
7283,7283.T,愛三工業,2024-12,NEW,1,64.71,66.98,True,True,2.26,2024-12,1764.0,1764.0,1764.0,0.0,1532.24,1453.11,1452.66,True,True,True,True,True,True,True,190623.0,1765.0,-0.06,False,1.26,2.0,0.98,True,1,True,26.86,9.06,False,False,
9831,9831.T,ヤマダホールディングス,2024-12,CONTINUE,3,43.66,45.83,False,False,2.17,2024-10,438.2,453.1,453.1,3.4,445.39,445.29,441.87,False,False,False,True,False,True,True,3972660.0,487.8,-10.17,False,0.78,1.14,0.94,True,1,False,-3.34,-2.27,False,False,
9042,9042.T,阪急阪神ホールディングス,2024-12,CONTINUE,6,30.52,32.66,True,False,2.13,2024-07,4305.0,4117.0,4117.0,-4.37,4250.96,4154.8,4375.65,True,True,False,False,True,False,False,447497.0,5690.0,-24.34,False,1.03,1.65,1.13,False,4,True,-1.65,1.59,False,False,
9716,9716.T,乃村工藝社,2024-12,NEW,1,53.13,55.22,True,True,2.09,2024-12,896.0,896.0,896.0,0.0,824.6,805.05,834.32,True,True,True,False,True,True,False,246023.0,952.0,-5.88,False,1.37,2.07,1.08,False,1,True,5.19,3.44,False,False,
8016,8016.T,オンワードホールディングス,2024-12,NEW,1,62.53,64.42,True,True,1.9,2024-12,590.0,590.0,590.0,0.0,555.68,536.33,563.75,True,True,True,False,True,True,True,476363.0,680.0,-13.24,False,1.27,1.6,1.01,False,1,True,9.09,2.75,False,False,
7220,7220.T,武蔵精密工業,2024-12,CONTINUE,10,90.04,91.89,True,True,1.85,2024-03,1686.0,3960.0,3960.0,134.88,1636.04,1597.2,1640.86,True,True,True,False,False,True,False,434903.0,1904.0,-11.45,False,0.68,2.37,0.8,True,3,True,7.86,5.6,False,False,
8005,8005.T,スクロール,2024-12,NEW,1,60.92,62.69,True,True,1.78,2024-12,1078.0,1078.0,1078.0,0.0,1066.08,1013.25,1004.54,True,True,True,True,True,True,True,66530.0,1107.0,-2.62,False,1.08,1.52,0.98,True,2,True,8.54,0.5,False,False,
5805,5805.T,ＳＷＣＣ,2024-12,NEW,1,90.12,91.79,True,True,1.67,2024-12,7600.0,7600.0,7600.0,0.0,7672.0,6460.27,5180.15,False,True,True,True,True,True,True,365943.0,8520.0,-10.8,False,0.73,3.21,0.89,True,2,True,79.73,-9.96,False,False,
4323,4323.T,日本システム技術,2024-12,NEW,1,84.24,85.9,True,True,1.66,2024-12,2249.0,2249.0,2249.0,0.0,2016.0,1896.73,1781.73,True,True,True,True,True,True,True,51703.0,2278.0,-1.27,False,1.29,3.45,1.05,False,2,True,27.34,4.69,False,False,
5011,5011.T,ニチレキグループ,2024-12,NEW,1,72.6,74.0,True,True,1.4,2024-12,2685.0,2685.0,2685.0,0.0,2491.16,2466.97,2430.83,True,True,True,True,True,True,True,23743.0,2650.0,1.32,True,1.18,1.88,1.18,False,2,True,7.21,1.81,True,True,BOTH
8267,8267.T,イオン,2024-12,NEW,1,63.54,64.94,False,True,1.4,2024-12,1231.67,1231.67,1231.67,0.0,1229.2,1256.84,1188.69,True,False,True,False,False,True,True,5359700.0,1365.67,-9.81,False,0.75,1.73,0.99,True,2,False,3.49,-1.33,False,False,
6517,6517.T,デンヨー,2024-12,NEW,1,75.76,77.03,True,True,1.27,2024-12,2986.0,2986.0,2986.0,0.0,2803.28,2639.4,2590.49,True,True,True,True,True,True,True,27343.0,2962.0,0.81,True,0.63,2.25,1.01,False,2,True,18.37,-0.08,False,True,BREAKOUT
6564,6564.T,ミダックホールディングス,2024-12,CONTINUE,6,44.77,46.03,True,False,1.26,2024-07,1604.0,1560.0,1560.0,-2.74,1537.88,1504.63,1661.44,True,True,False,False,True,False,False,66240.0,2169.0,-26.05,False,0.98,3.4,1.15,False,4,True,-1.09,4.21,False,False,
4385,4385.T,メルカリ,2024-12,CONTINUE,6,26.37,27.59,True,False,1.22,2024-07,2235.0,1793.0,1793.0,-19.78,2273.3,2030.35,2341.16,False,True,False,False,True,True,False,7615537.0,3755.0,-40.48,False,0.83,4.51,0.97,True,4,True,-5.52,-1.52,False,False,
1888,1888.T,若築建設,2024-12,NEW,1,68.72,69.83,True,True,1.11,2024-12,3755.0,3755.0,3755.0,0.0,3760.8,3595.47,3497.72,False,True,True,True,True,True,True,11113.0,4055.0,-7.4,False,0.47,2.64,0.98,True,2,True,10.29,-2.36,False,False,
8511,8511.T,日本証券金融,2024-12,CONTINUE,2,75.43,76.53,False,False,1.1,2024-11,2104.0,2056.0,2056.0,-2.28,2025.52,1992.92,1764.08,True,True,True,True,False,True,True,168433.0,2160.0,-2.59,False,0.89,2.28,0.81,True,2,True,22.15,-3.41,False,False,
1982,1982.T,日比谷総合設備,2024-12,NEW,1,81.21,82.28,False,True,1.07,2024-12,1905.0,1905.0,1905.0,0.0,1931.4,1843.43,1677.93,False,True,True,True,True,True,True,70280.0,2070.0,-7.97,False,0.58,2.7,0.95,True,2,True,21.64,-4.17,False,False,
6436,6436.T,アマノ,2024-12,NEW,1,73.65,74.56,True,True,0.91,2024-12,4286.0,4286.0,4286.0,0.0,4306.88,4312.15,4082.7,False,False,True,False,True,True,True,124623.0,4531.0,-5.41,False,0.67,1.6,0.69,True,2,False,8.32,-2.82,False,False,
3863,3863.T,日本製紙,2024-12,CONTINUE,3,26.78,27.68,True,False,0.9,2024-10,893.0,871.0,871.0,-2.46,937.48,927.56,1047.68,False,False,False,False,True,False,False,787047.0,1430.0,-37.55,False,0.92,1.5,0.84,True,4,False,-19.21,-2.18,False,False,
6395,6395.T,タダノ,2024-12,CONTINUE,2,51.74,52.59,True,True,0.85,2024-11,1132.5,1148.5,1148.5,1.41,1080.46,999.26,1118.46,True,True,True,False,True,True,False,304360.0,1367.0,-17.15,False,0.67,3.45,0.65,True,3,True,4.5,3.6,False,False,
7951,7951.T,ヤマハ,2024-12,NEW,1,37.14,37.86,True,True,0.72,2024-12,1129.5,1129.5,1129.5,0.0,1097.96,1163.64,1146.06,True,False,False,False,False,False,True,1411507.0,1294.5,-12.75,False,0.82,2.0,1.0,True,1,True,-4.05,0.37,False,False,
4687,4687.T,ＴＤＣソフト,2024-12,NEW,1,80.74,81.42,True,True,0.68,2024-12,1575.0,1575.0,1575.0,0.0,1417.8,1292.15,1211.8,True,True,True,True,True,True,True,82640.0,1607.0,-1.99,False,1.57,3.27,0.95,True,2,True,33.45,3.13,False,False,
2492,2492.T,インフォマート,2024-12,CONTINUE,3,45.69,46.29,True,True,0.59,2024-10,365.0,308.0,308.0,-15.62,348.12,314.67,344.94,True,True,True,False,True,True,False,1073970.0,500.0,-27.0,False,1.12,2.27,0.91,True,3,True,3.4,5.86,False,False,
3106,3106.T,倉敷紡績,2024-12,NEW,1,87.17,87.74,True,True,0.57,2024-12,5750.0,5750.0,5750.0,0.0,5509.2,5110.87,4578.73,True,True,True,True,True,True,True,36520.0,5800.0,-0.86,False,1.15,2.52,0.91,True,2,True,44.77,-2.11,False,False,
4221,4221.T,大倉工業,2024-12,CONTINUE,2,56.1,56.63,False,False,0.53,2024-11,3105.0,3010.0,3010.0,-3.06,2898.0,2724.95,2896.84,True,True,True,False,True,True,True,51660.0,3320.0,-6.48,False,1.12,2.34,0.83,True,1,True,11.22,4.52,False,False,
543A,543A.T,ARCHION,2024-12,CONTINUE,6,60.4,60.9,True,True,0.5,2024-07,490.5,566.0,566.0,15.39,436.42,447.91,474.61,True,True,True,False,True,False,False,3020640.0,631.9,-22.38,False,2.56,3.29,1.36,False,3,True,-3.3,6.09,False,False,
3391,3391.T,ツルハホールディングス,2024-12,NEW,1,34.8,35.28,False,True,0.47,2024-12,1745.0,1745.0,1745.0,0.0,1655.83,1706.28,1830.92,True,True,False,False,False,False,False,882333.0,2639.0,-33.88,False,1.49,1.85,1.22,False,4,True,-12.62,-0.56,False,False,
4732,4732.T,ユー・エス・エス,2024-12,NEW,1,54.27,54.71,False,False,0.44,2024-12,1377.0,1377.0,1377.0,0.0,1374.18,1344.04,1310.28,True,True,True,True,True,True,True,1104060.0,1491.75,-7.69,False,0.61,1.35,1.04,False,2,True,2.15,0.37,False,False,
9658,9658.T,ビジネスブレイン太田昭和,2024-12,NEW,1,51.49,51.9,True,True,0.41,2024-12,714.0,714.0,714.0,0.0,703.07,651.72,676.75,True,True,True,False,True,True,False,64600.0,772.67,-7.59,False,0.87,1.63,0.92,True,3,True,5.94,0.68,False,False,
7856,7856.T,萩原工業,2024-12,NEW,1,49.67,50.0,True,True,0.33,2024-12,1598.0,1598.0,1598.0,0.0,1525.32,1505.73,1533.78,True,True,True,False,True,True,True,106393.0,1682.0,-4.99,False,0.44,2.85,0.92,True,1,True,4.06,4.69,False,False,
7203,7203.T,トヨタ自動車,2024-12,NEW,1,57.44,57.74,True,True,0.31,2024-12,3146.0,3146.0,3146.0,0.0,2746.98,2660.69,3016.94,True,True,True,False,True,True,False,25631780.0,3891.0,-19.15,False,1.66,2.28,1.35,False,3,True,8.9,7.23,False,False,
7322,7322.T,三十三フィナンシャルグループ,2024-12,NEW,1,59.56,59.87,True,True,0.3,2024-12,570.25,570.25,570.25,0.0,542.58,472.44,490.74,True,True,True,False,True,True,True,313640.0,573.25,-0.52,False,0.77,2.12,0.93,True,1,True,23.41,3.58,False,False,
4680,4680.T,ラウンドワン,2024-12,NEW,1,79.89,80.15,True,True,0.25,2024-12,1313.0,1313.0,1313.0,0.0,1237.32,1092.77,901.26,True,True,True,True,True,True,True,2245430.0,1383.0,-5.06,False,0.8,3.0,0.85,True,2,True,58.77,-0.87,False,False,
7532,7532.T,ﾊﾟﾝ･ﾊﾟｼﾌｨｯｸ･ｲﾝﾀｰﾅｼｮﾅﾙﾎｰﾙﾃﾞｨﾝｸﾞｽ,2024-12,NEW,1,70.38,70.63,True,True,0.24,2024-12,863.2,863.2,863.2,0.0,807.76,768.05,763.55,True,True,True,True,True,True,True,8042933.0,876.6,-1.53,False,1.22,2.5,1.09,False,1,True,16.27,2.36,False,False,
5821,5821.T,平河ヒューテック,2024-12,NEW,1,56.19,56.41,True,True,0.22,2024-12,1534.0,1534.0,1534.0,0.0,1510.28,1528.19,1442.71,True,True,True,False,False,True,True,19903.0,1679.0,-8.64,False,0.71,1.79,0.8,True,2,False,7.78,-0.38,False,False,
6754,6754.T,アンリツ,2024-12,NEW,1,60.55,60.76,True,True,0.21,2024-12,1410.0,1410.0,1410.0,0.0,1247.34,1170.89,1182.89,True,True,True,False,True,True,True,776283.0,1445.5,-2.46,False,1.72,2.4,1.36,False,1,True,19.14,8.68,False,False,
9513,9513.T,電源開発,2024-12,NEW,1,62.92,63.14,True,True,0.21,2024-12,2572.0,2572.0,2572.0,0.0,2524.18,2499.08,2509.48,True,True,True,False,False,True,True,658253.0,2740.0,-6.13,False,0.89,2.13,1.08,False,1,True,6.7,1.53,False,False,
9843,9843.T,ニトリホールディングス,2024-12,CONTINUE,3,55.23,55.43,False,False,0.2,2024-10,3850.0,3727.0,3727.0,-3.19,4133.24,4055.91,4033.36,False,False,False,True,False,True,True,3231383.0,4884.0,-21.17,False,0.75,2.11,0.83,True,4,False,6.05,-4.69,False,False,
6250,6250.T,やまびこ,2024-12,NEW,1,86.71,86.9,True,True,0.19,2024-12,2549.0,2549.0,2549.0,0.0,2544.64,2508.59,2265.49,True,True,True,True,True,True,True,76140.0,2679.0,-4.85,False,0.93,1.89,0.87,True,2,True,22.45,-4.17,False,False,
4345,4345.T,シーティーエス,2024-12,CONTINUE,12,77.17,77.34,True,False,0.17,2024-01,698.0,903.0,903.0,29.37,678.28,665.47,705.3,True,True,False,False,True,False,False,66717.0,833.0,-16.21,False,1.15,1.2,0.91,True,4,False,-3.49,1.44,False,False,
4523,4523.T,エーザイ,2024-12,NEW,1,16.59,16.71,True,True,0.11,2024-12,4329.0,4329.0,4329.0,0.0,4435.0,4996.59,5818.14,False,False,False,False,False,False,False,1573530.0,7818.0,-44.63,False,1.29,1.65,0.85,True,4,False,-28.77,0.27,False,False,
6269,6269.T,三井海洋開発,2024-12,NEW,1,77.34,77.45,True,True,0.11,2024-12,3345.0,3345.0,3345.0,0.0,3210.8,3256.57,3029.36,True,True,True,False,False,True,True,266693.0,3640.0,-8.1,False,0.75,2.3,0.91,True,1,False,19.88,-2.6,False,False,
7013,7013.T,ＩＨＩ,2024-12,CONTINUE,11,88.77,88.88,True,True,0.11,2024-02,470.86,1330.14,1330.14,182.49,423.76,405.21,458.22,True,True,True,False,True,True,False,18802397.0,584.0,-19.37,False,1.19,2.65,1.02,False,3,True,0.41,6.88,False,False,
