code,ticker,name,signal_month,status,months_active,rsi14,rsi5,rsi14_up,rsi5_up,diff,gc_month,gc_price,signal_month_close,period_price,return_since_gc_pct,sma25,sma75,sma200,price_above_sma25,price_above_sma75,price_above_sma200,perfect_order,sma25_up,sma75_up,sma200_up,avg_volume30,high52_price,high52_distance_pct,high52_breakout,volume_ratio_5_30,atr14_pct,atr_ratio_10_20,vcp_tight,stage,supertrend_up,rsr_score,rsr_momentum,mvp_signal,cosmos_focus,cosmos_focus_type,signal_version,monthly_rsi14,monthly_rsi_ma5,monthly_rsi14_up,monthly_rsi_ma5_up,monthly_rsi_spread
8344,8344.T,山形銀行,2025-03,CONTINUE,4,52.16,66.47,True,True,14.31,2024-12,1002.0,1411.0,1411.0,40.82,978.88,990.32,1084.8,True,True,False,False,True,False,False,75020.0,1248.0,-19.71,False,0.8,1.53,1.02,False,4,True,-8.22,0.79,False,False,,tv_wilder_rsi14_sma5_v1,66.47,52.16,True,True,14.31
1515,1515.T,日鉄鉱業,2025-03,CONTINUE,4,58.6,72.05,True,True,13.45,2024-12,893.0,1316.0,1316.0,47.37,846.48,858.04,928.7,True,True,False,False,False,False,False,157483.0,1172.0,-23.81,False,1.12,1.94,0.95,True,4,True,-5.54,3.64,False,False,,tv_wilder_rsi14_sma5_v1,72.05,58.6,True,True,13.45
7956,7956.T,ピジョン,2025-03,CONTINUE,2,40.24,52.83,True,True,12.59,2025-02,1584.0,1838.5,1838.5,16.07,1521.78,1478.77,1519.71,True,True,True,False,True,False,True,901310.0,1778.0,-10.91,False,1.16,2.91,1.48,False,2,True,5.52,5.79,False,False,,tv_wilder_rsi14_sma5_v1,52.83,40.24,True,True,12.59
4189,4189.T,ＫＨネオケム,2025-03,CONTINUE,3,46.19,58.61,True,True,12.42,2025-01,2102.0,2518.0,2518.0,19.79,2038.32,2047.24,2140.79,True,True,False,False,False,False,False,130260.0,2476.0,-15.11,False,0.94,1.46,1.01,False,4,True,-3.08,3.33,False,False,,tv_wilder_rsi14_sma5_v1,58.61,46.19,True,True,12.42
9474,9474.T,ゼンリン,2025-03,CONTINUE,4,49.74,61.98,True,True,12.24,2024-12,833.0,1061.0,1061.0,27.37,816.08,834.13,863.28,True,False,False,False,False,False,False,62367.0,1016.0,-18.01,False,1.22,1.21,1.34,False,1,True,-6.22,-0.13,False,False,,tv_wilder_rsi14_sma5_v1,61.98,49.74,True,True,12.24
4725,4725.T,ＣＡＣＨｏｌｄｉｎｇｓ,2025-03,CONTINUE,3,55.42,67.64,True,True,12.22,2025-01,1762.0,2072.0,2072.0,17.59,1702.48,1722.92,1811.7,True,True,False,False,False,False,False,48133.0,2038.0,-13.54,False,1.23,1.33,1.13,False,4,True,-2.36,3.01,False,False,,tv_wilder_rsi14_sma5_v1,67.64,55.42,True,True,12.22
3963,3963.T,シンクロ・フード,2025-03,CONTINUE,2,41.42,52.66,True,True,11.24,2025-02,413.0,526.0,526.0,27.36,393.32,392.27,464.82,True,True,False,False,True,False,False,796390.0,741.0,-44.26,False,1.6,4.65,1.24,False,4,True,-15.02,4.15,False,False,,tv_wilder_rsi14_sma5_v1,52.66,41.42,True,True,11.24
3632,3632.T,グリーホールディングス,2025-03,CONTINUE,4,42.16,53.19,True,True,11.03,2024-12,456.0,588.0,588.0,28.95,447.48,451.12,478.15,True,True,False,False,True,True,False,324473.0,612.0,-25.49,False,0.63,2.22,0.8,True,4,True,-8.87,-0.14,False,False,,tv_wilder_rsi14_sma5_v1,53.19,42.16,True,True,11.03
3201,3201.T,日本毛織,2025-03,CONTINUE,4,57.35,68.27,True,True,10.92,2024-12,1304.0,1553.0,1553.0,19.1,1282.24,1284.29,1320.61,True,True,False,False,True,False,False,99740.0,1496.0,-12.83,False,0.48,1.32,1.01,False,4,True,-3.27,0.77,False,False,,tv_wilder_rsi14_sma5_v1,68.27,57.35,True,True,10.92
3034,3034.T,クオールホールディングス,2025-03,CONTINUE,5,51.62,62.06,True,True,10.44,2024-11,1467.0,1809.0,1809.0,23.31,1416.36,1432.24,1531.64,True,True,False,False,False,False,False,103620.0,1863.0,-21.26,False,0.48,1.9,0.91,True,4,True,-4.01,3.03,False,False,,tv_wilder_rsi14_sma5_v1,62.06,51.62,True,True,10.44
4676,4676.T,フジ・メディア・ホールディングス,2025-03,CONTINUE,4,69.57,79.93,True,True,10.36,2024-12,1731.5,2552.0,2552.0,47.39,1757.26,1724.12,1779.22,False,True,False,False,True,True,False,545417.0,2059.0,-15.91,False,2.11,2.6,1.29,False,4,False,-1.71,-0.64,False,False,,tv_wilder_rsi14_sma5_v1,79.93,69.57,True,True,10.36
6376,6376.T,日機装,2025-03,CONTINUE,3,51.58,61.91,True,True,10.32,2025-01,1018.0,1275.0,1275.0,25.25,966.8,983.04,1080.96,True,True,False,False,True,False,False,185707.0,1303.0,-21.87,False,1.06,1.79,1.13,False,4,False,-7.64,2.56,False,False,,tv_wilder_rsi14_sma5_v1,61.91,51.58,True,True,10.32
8346,8346.T,東邦銀行,2025-03,CONTINUE,4,57.69,67.5,True,True,9.81,2024-12,295.0,356.0,356.0,20.68,284.52,270.55,301.8,True,True,False,False,True,True,False,874837.0,381.0,-22.57,False,0.83,1.86,0.96,True,4,True,-0.64,0.7,False,False,,tv_wilder_rsi14_sma5_v1,67.5,57.69,True,True,9.81
7173,7173.T,東京きらぼしフィナンシャルグループ,2025-03,CONTINUE,4,66.66,76.36,True,True,9.7,2024-12,570.0,728.75,728.75,27.85,550.15,531.1,554.64,True,True,True,False,True,True,True,558160.0,635.0,-10.24,False,0.8,1.98,0.96,True,3,True,5.48,2.85,False,False,,tv_wilder_rsi14_sma5_v1,76.36,66.66,True,True,9.7
7832,7832.T,バンダイナムコホールディングス,2025-03,CONTINUE,4,67.56,77.26,True,True,9.7,2024-12,3779.0,5004.0,5004.0,32.42,3467.64,3334.55,3133.59,True,True,True,True,True,True,True,2836620.0,3823.0,-1.15,False,0.54,2.71,0.84,True,2,True,23.35,6.13,False,False,,tv_wilder_rsi14_sma5_v1,77.26,67.56,True,True,9.7
3197,3197.T,すかいらーくホールディングス,2025-03,CONTINUE,4,65.04,74.66,True,True,9.63,2024-12,2450.0,2999.0,2999.0,22.41,2391.6,2336.66,2255.57,True,True,True,True,True,True,True,2255857.0,2541.5,-3.6,False,1.74,1.58,0.96,True,1,True,8.58,-0.29,False,False,,tv_wilder_rsi14_sma5_v1,74.66,65.04,True,True,9.63
3028,3028.T,アルペン,2025-03,CONTINUE,4,55.6,65.19,True,True,9.59,2024-12,2094.0,2390.0,2390.0,14.14,2030.08,2058.77,2061.3,True,True,True,False,True,False,True,170033.0,2215.0,-5.46,False,1.81,1.41,1.38,False,2,True,1.6,1.3,False,False,,tv_wilder_rsi14_sma5_v1,65.19,55.6,True,True,9.59
8361,8361.T,大垣共立銀行,2025-03,CONTINUE,4,52.97,62.54,True,True,9.57,2024-12,1936.0,2376.0,2376.0,22.73,1887.36,1861.13,2051.09,True,True,False,False,True,False,False,98207.0,2368.0,-18.24,False,1.11,1.67,1.09,False,4,True,-2.04,0.9,False,False,,tv_wilder_rsi14_sma5_v1,62.54,52.97,True,True,9.57
7172,7172.T,ジャパンインベストメントアドバイザー,2025-03,CONTINUE,4,60.79,70.31,True,True,9.52,2024-12,1143.0,1824.0,1824.0,59.58,1060.76,1070.92,1200.68,True,True,False,False,False,False,True,243833.0,1775.0,-35.61,False,1.71,2.27,1.14,False,1,True,3.38,2.14,False,False,,tv_wilder_rsi14_sma5_v1,70.31,60.79,True,True,9.52
3501,3501.T,ＳＵＭＩＮＯＥ,2025-03,CONTINUE,4,49.58,58.86,True,True,9.28,2024-12,1052.0,1221.0,1221.0,16.06,1010.72,1019.87,1142.87,True,True,False,False,False,False,False,46420.0,1390.0,-24.32,False,0.92,1.12,1.04,False,4,True,-5.67,2.03,False,False,,tv_wilder_rsi14_sma5_v1,58.86,49.58,True,True,9.28
2931,2931.T,ユーグレナ,2025-03,CONTINUE,4,29.39,38.42,True,True,9.03,2024-12,415.0,506.0,506.0,21.93,402.08,423.89,493.27,True,False,False,False,False,False,False,982853.0,740.0,-43.92,False,1.11,2.01,1.05,False,4,True,-22.64,1.66,False,False,,tv_wilder_rsi14_sma5_v1,38.42,29.39,True,True,9.03
9412,9412.T,スカパーＪＳＡＴ,2025-03,CONTINUE,4,68.66,77.6,True,True,8.94,2024-12,909.0,1173.0,1173.0,29.04,892.24,878.79,891.34,True,True,True,False,True,True,False,466610.0,1107.0,-17.89,False,0.68,1.93,1.01,False,3,True,6.64,-0.96,False,False,,tv_wilder_rsi14_sma5_v1,77.6,68.66,True,True,8.94
6630,6630.T,ヤーマン,2025-03,CONTINUE,2,37.55,46.16,True,True,8.61,2025-02,769.0,890.0,890.0,15.73,751.08,745.91,817.42,True,True,False,False,True,False,False,104133.0,1022.0,-24.76,False,0.7,1.36,0.9,True,4,True,-11.22,2.47,False,False,,tv_wilder_rsi14_sma5_v1,46.16,37.55,True,True,8.61
3563,3563.T,FOOD & LIFE COMPANIES,2025-03,CONTINUE,7,64.24,72.8,True,True,8.56,2024-09,1438.75,2225.5,2225.5,54.68,1352.83,1303.6,1412.46,True,True,True,False,True,False,False,3354907.0,1647.0,-12.64,False,1.44,2.69,0.91,True,1,True,4.16,3.25,False,False,,tv_wilder_rsi14_sma5_v1,72.8,64.24,True,True,8.56
6310,6310.T,井関農機,2025-03,CONTINUE,2,41.22,49.62,True,False,8.4,2025-02,1100.0,1083.0,1083.0,-1.55,972.16,952.05,985.7,True,True,True,False,True,False,False,56800.0,1096.0,0.36,True,1.88,2.51,1.5,False,1,True,11.04,7.42,True,False,,tv_wilder_rsi14_sma5_v1,49.62,41.22,False,True,8.4
9743,9743.T,丹青社,2025-03,NEW,1,54.43,62.8,True,True,8.37,2025-03,1125.0,1125.0,1125.0,0.0,976.88,933.88,903.02,True,True,True,True,True,True,True,589350.0,1158.0,-2.85,False,0.86,3.49,1.42,False,1,True,20.01,6.0,False,False,,tv_wilder_rsi14_sma5_v1,62.8,54.43,True,True,8.37
4221,4221.T,大倉工業,2025-03,CONTINUE,5,65.18,73.46,True,True,8.28,2024-11,3105.0,3890.0,3890.0,25.28,2898.0,2724.95,2896.84,True,True,True,False,True,True,True,51660.0,3320.0,-6.48,False,1.12,2.34,0.83,True,1,True,11.22,4.52,False,False,,tv_wilder_rsi14_sma5_v1,73.46,65.18,True,True,8.28
9449,9449.T,ＧＭＯインターネットグループ,2025-03,CONTINUE,8,57.38,65.66,True,True,8.28,2024-08,2516.5,3070.0,3070.0,21.99,2356.06,2443.62,2543.84,True,True,False,False,False,False,True,367020.0,2973.5,-15.37,False,0.75,2.9,0.74,True,1,True,2.35,8.88,False,False,,tv_wilder_rsi14_sma5_v1,65.66,57.38,True,True,8.28
1871,1871.T,ピーエス・コンストラクション,2025-03,CONTINUE,4,73.71,81.78,True,True,8.06,2024-12,1113.0,1472.0,1472.0,32.26,1078.76,1041.95,1018.77,True,True,True,True,True,True,True,60737.0,1119.0,-0.54,False,0.61,1.56,0.85,True,2,True,11.23,1.29,False,False,,tv_wilder_rsi14_sma5_v1,81.78,73.71,True,True,8.06
8366,8366.T,滋賀銀行,2025-03,CONTINUE,5,63.58,71.58,True,True,8.0,2024-11,741.0,1052.0,1052.0,41.97,690.88,679.21,765.34,True,True,False,False,True,False,False,641717.0,932.0,-20.49,False,1.11,2.6,0.9,True,4,True,-0.72,1.78,True,False,,tv_wilder_rsi14_sma5_v1,71.58,63.58,True,True,8.0
6929,6929.T,日本セラミック,2025-03,CONTINUE,2,51.04,58.94,True,True,7.9,2025-02,2707.0,2870.0,2870.0,6.02,2593.96,2590.64,2549.68,True,True,True,True,True,True,False,144867.0,2822.0,-4.08,False,1.51,2.71,0.76,True,1,True,5.67,4.12,False,False,,tv_wilder_rsi14_sma5_v1,58.94,51.04,True,True,7.9
8377,8377.T,ほくほくフィナンシャルグループ,2025-03,CONTINUE,4,64.14,71.94,True,True,7.8,2024-12,1920.5,2568.0,2568.0,33.72,1901.2,1730.25,1864.13,True,True,True,False,True,True,True,362577.0,2323.0,-17.33,False,0.68,2.54,0.94,True,1,True,12.88,1.48,False,False,,tv_wilder_rsi14_sma5_v1,71.94,64.14,True,True,7.8
5262,5262.T,日本ヒューム,2025-03,CONTINUE,4,79.72,87.5,True,True,7.78,2024-12,686.5,1000.5,1000.5,45.74,659.0,648.76,575.97,True,True,True,True,True,True,True,84120.0,706.5,-2.83,False,1.32,2.17,0.91,True,2,True,26.96,2.91,False,False,,tv_wilder_rsi14_sma5_v1,87.5,79.72,True,True,7.78
6118,6118.T,アイダエンジニアリング,2025-03,CONTINUE,4,46.27,54.05,True,True,7.78,2024-12,814.0,895.0,895.0,9.95,791.68,784.83,833.01,True,True,False,False,True,True,False,198957.0,966.0,-15.73,False,0.58,1.25,0.95,True,4,True,-2.01,0.67,False,False,,tv_wilder_rsi14_sma5_v1,54.05,46.27,True,True,7.78
4272,4272.T,日本化薬,2025-03,CONTINUE,5,56.14,63.89,True,True,7.75,2024-11,1260.0,1412.0,1412.0,12.06,1229.92,1255.42,1267.93,True,True,False,False,False,False,False,546837.0,1423.5,-11.49,False,1.34,2.06,0.91,True,4,True,-2.79,1.79,False,False,,tv_wilder_rsi14_sma5_v1,63.89,56.14,True,True,7.75
8367,8367.T,南都銀行,2025-03,CONTINUE,4,64.42,72.12,True,True,7.7,2024-12,645.0,790.0,790.0,22.48,638.84,620.81,640.6,True,True,True,False,True,False,True,316783.0,745.0,-13.42,False,0.82,1.99,1.01,False,2,True,8.22,-0.07,False,False,,tv_wilder_rsi14_sma5_v1,72.12,64.42,True,True,7.7
2502,2502.T,アサヒグループホールディングス,2025-03,CONTINUE,2,50.01,57.68,True,True,7.67,2025-02,1863.0,1912.0,1912.0,2.63,1712.2,1666.01,1783.47,True,True,True,False,True,False,False,5311023.0,2000.33,-6.87,False,1.15,2.48,1.32,False,1,True,7.29,6.46,True,False,,tv_wilder_rsi14_sma5_v1,57.68,50.01,True,True,7.67
6572,6572.T,オープングループ,2025-03,CONTINUE,3,40.84,48.52,True,True,7.67,2025-01,264.0,287.0,287.0,8.71,220.96,205.88,228.16,True,True,True,False,True,True,False,302000.0,318.0,-16.98,False,0.6,4.98,0.99,True,1,True,17.46,14.38,False,False,,tv_wilder_rsi14_sma5_v1,48.52,40.84,True,True,7.67
3922,3922.T,ＰＲＴＩＭＥＳ,2025-03,CONTINUE,4,52.85,60.5,True,True,7.64,2024-12,1751.0,2432.0,2432.0,38.89,1633.28,1632.89,1765.08,True,True,False,False,True,False,False,19947.0,2233.0,-21.59,False,0.9,2.21,1.01,False,4,True,-4.09,2.16,False,False,,tv_wilder_rsi14_sma5_v1,60.5,52.85,True,True,7.64
2982,2982.T,ＡＤワークスグループ,2025-03,CONTINUE,4,54.14,61.77,True,True,7.63,2024-12,212.0,248.0,248.0,16.98,208.4,206.35,220.19,True,True,False,False,True,True,False,573823.0,270.0,-21.48,False,1.38,2.26,0.93,True,4,False,-5.31,0.4,False,False,,tv_wilder_rsi14_sma5_v1,61.77,54.14,True,True,7.63
8142,8142.T,トーホー,2025-03,NEW,1,53.33,60.92,True,True,7.59,2025-03,1161.67,1161.67,1161.67,0.0,1004.91,962.85,986.8,True,True,True,False,True,True,False,307670.0,1325.0,-12.33,False,0.63,3.28,0.92,True,1,True,16.99,11.59,False,False,,tv_wilder_rsi14_sma5_v1,60.92,53.33,True,True,7.59
1893,1893.T,五洋建設,2025-03,CONTINUE,4,44.47,51.86,True,True,7.39,2024-12,654.5,711.2,711.2,8.66,627.01,627.21,666.14,True,True,False,False,True,False,False,1250723.0,852.9,-23.26,False,0.89,1.51,0.82,True,4,True,-5.95,1.06,False,False,,tv_wilder_rsi14_sma5_v1,51.86,44.47,True,True,7.39
3093,3093.T,トレジャー・ファクトリー,2025-03,CONTINUE,3,54.83,62.2,True,True,7.37,2025-01,1659.0,1865.0,1865.0,12.42,1532.72,1406.24,1627.96,True,True,True,False,True,False,True,262127.0,2169.0,-23.51,False,0.81,4.0,0.86,True,1,True,14.18,10.17,False,False,,tv_wilder_rsi14_sma5_v1,62.2,54.83,True,True,7.37
1720,1720.T,東急建設,2025-03,CONTINUE,4,50.67,58.01,True,True,7.34,2024-12,721.0,797.0,797.0,10.54,702.6,702.0,751.55,True,True,False,False,True,False,False,203350.0,868.0,-16.94,False,1.43,0.98,0.9,True,4,True,-5.14,1.32,False,False,,tv_wilder_rsi14_sma5_v1,58.01,50.67,True,True,7.34
9948,9948.T,アークス,2025-03,CONTINUE,4,53.49,60.83,True,True,7.34,2024-12,2604.0,2908.0,2908.0,11.67,2570.56,2535.47,2740.16,True,True,False,False,True,True,False,53263.0,3325.0,-21.68,False,1.06,1.1,0.87,True,4,True,-6.03,-0.33,False,False,,tv_wilder_rsi14_sma5_v1,60.83,53.49,True,True,7.34
4301,4301.T,アミューズ,2025-03,CONTINUE,4,42.78,50.08,True,True,7.3,2024-12,1433.0,1620.0,1620.0,13.05,1408.76,1388.64,1502.15,True,True,False,False,True,False,False,29607.0,1666.0,-13.99,False,0.97,1.72,0.91,True,4,True,-4.08,1.32,False,False,,tv_wilder_rsi14_sma5_v1,50.08,42.78,True,True,7.3
5857,5857.T,ＡＲＥホールディングス,2025-03,CONTINUE,3,45.54,52.76,True,True,7.23,2025-01,1923.0,1981.0,1981.0,3.02,1688.56,1744.08,1872.52,True,True,True,False,False,False,False,286640.0,2133.0,-9.85,False,2.46,1.88,1.4,False,3,True,0.52,2.56,True,False,,tv_wilder_rsi14_sma5_v1,52.76,45.54,True,True,7.23
8600,8600.T,トモニホールディングス,2025-03,CONTINUE,5,62.0,69.17,True,True,7.17,2024-11,450.0,538.0,538.0,19.56,426.4,402.27,407.35,True,True,True,False,True,True,True,688440.0,504.0,-10.71,False,1.1,2.3,0.96,True,1,True,9.42,3.18,False,False,,tv_wilder_rsi14_sma5_v1,69.17,62.0,True,True,7.17
9072,9072.T,ニッコンホールディングス,2025-03,CONTINUE,10,79.26,86.41,True,True,7.15,2024-06,1819.5,2692.0,2692.0,47.95,1567.51,1521.16,1558.85,True,True,True,False,True,True,False,942447.0,1850.0,-1.65,False,0.72,3.07,1.24,False,1,True,22.52,10.46,False,False,,tv_wilder_rsi14_sma5_v1,86.41,79.26,True,True,7.15
5831,5831.T,しずおかフィナンシャルグループ,2025-03,CONTINUE,3,60.47,67.57,True,True,7.11,2025-01,1389.5,1623.0,1623.0,16.8,1327.84,1313.14,1378.01,True,True,True,False,True,True,False,2512060.0,1659.5,-16.27,False,0.85,1.97,0.92,True,3,True,5.0,1.84,False,False,,tv_wilder_rsi14_sma5_v1,67.57,60.47,True,True,7.11
7989,7989.T,立川ブラインド工業,2025-03,CONTINUE,5,56.42,63.52,True,True,7.1,2024-11,1347.0,1517.0,1517.0,12.62,1341.16,1309.84,1369.35,True,True,False,False,True,True,False,29243.0,1548.0,-12.98,False,0.95,1.26,0.85,True,4,True,-1.21,0.7,False,False,,tv_wilder_rsi14_sma5_v1,63.52,56.42,True,True,7.1
5715,5715.T,古河機械金属,2025-03,CONTINUE,3,56.62,63.7,True,True,7.08,2025-01,1979.0,2090.0,2090.0,5.61,1675.92,1638.47,1730.17,True,True,True,False,True,True,False,173290.0,2100.0,-5.76,False,1.49,3.24,1.36,False,1,True,12.04,8.42,True,False,,tv_wilder_rsi14_sma5_v1,63.7,56.62,True,True,7.08
2664,2664.T,カワチ薬品,2025-03,CONTINUE,3,54.09,61.06,True,True,6.97,2025-01,2660.0,2813.0,2813.0,5.75,2574.08,2545.48,2677.14,True,True,False,False,True,False,False,68380.0,3010.0,-11.63,False,1.23,1.34,1.24,False,4,True,0.51,2.78,False,False,,tv_wilder_rsi14_sma5_v1,61.06,54.09,True,True,6.97
4569,4569.T,杏林製薬,2025-03,NEW,1,32.86,39.82,True,True,6.96,2025-03,1502.0,1502.0,1502.0,0.0,1537.28,1474.43,1545.26,False,True,False,False,True,True,False,192557.0,1880.0,-20.11,False,0.67,1.75,0.5,True,4,False,-4.02,0.55,False,False,,tv_wilder_rsi14_sma5_v1,39.82,32.86,True,True,6.96
7475,7475.T,アルビス,2025-03,NEW,1,53.76,60.73,True,True,6.96,2025-03,2783.0,2783.0,2783.0,0.0,2743.04,2654.15,2686.03,True,True,True,False,True,True,True,18597.0,2900.0,-4.03,False,1.99,1.77,1.14,False,1,True,4.14,1.58,False,False,,tv_wilder_rsi14_sma5_v1,60.73,53.76,True,True,6.96
1719,1719.T,安藤・間,2025-03,CONTINUE,2,63.05,69.87,True,True,6.82,2025-02,1350.0,1366.0,1366.0,1.19,1231.44,1191.76,1159.66,True,True,True,True,True,True,True,880707.0,1363.0,-0.95,False,1.16,2.36,1.06,False,2,True,14.21,5.79,False,False,,tv_wilder_rsi14_sma5_v1,69.87,63.05,True,True,6.82
2296,2296.T,伊藤ハム米久ホールディングス,2025-03,NEW,1,50.54,57.34,True,True,6.8,2025-03,4185.0,4185.0,4185.0,0.0,3882.2,3851.47,3928.9,True,True,True,False,True,True,False,123193.0,4490.0,-6.79,False,1.81,1.79,1.43,False,1,True,4.82,5.02,False,False,,tv_wilder_rsi14_sma5_v1,57.34,50.54,True,True,6.8
9658,9658.T,ビジネスブレイン太田昭和,2025-03,CONTINUE,5,58.28,65.07,True,True,6.79,2024-11,693.33,848.0,848.0,22.31,655.87,632.28,681.84,True,True,True,False,True,False,False,67680.0,772.67,-10.27,False,1.26,2.16,0.96,True,3,True,1.4,4.06,False,False,,tv_wilder_rsi14_sma5_v1,65.07,58.28,True,True,6.79
7609,7609.T,ダイトロン,2025-03,CONTINUE,2,54.32,61.1,True,False,6.78,2025-02,1682.5,1642.5,1642.5,-2.38,1501.62,1412.77,1427.88,True,True,True,False,True,True,False,72700.0,1832.5,-8.19,False,0.86,2.95,0.76,True,3,True,17.59,8.27,False,False,,tv_wilder_rsi14_sma5_v1,61.1,54.32,False,True,6.78
9997,9997.T,ベルーナ,2025-03,CONTINUE,5,62.99,69.72,True,True,6.73,2024-11,758.0,946.0,946.0,24.8,727.88,726.91,700.16,True,True,True,True,True,False,True,147390.0,827.0,-8.34,False,0.96,1.28,0.89,True,2,True,11.75,-0.05,False,False,,tv_wilder_rsi14_sma5_v1,69.72,62.99,True,True,6.73
9006,9006.T,京浜急行電鉄,2025-03,CONTINUE,7,56.73,63.44,True,True,6.71,2024-09,1169.5,1513.0,1513.0,29.37,1166.78,1160.67,1237.41,True,True,False,False,True,False,False,930727.0,1455.0,-19.62,False,1.91,1.69,0.99,True,4,True,-7.76,-0.89,False,False,,tv_wilder_rsi14_sma5_v1,63.44,56.73,True,True,6.71
8343,8343.T,秋田銀行,2025-03,CONTINUE,4,57.87,64.55,True,True,6.68,2024-12,2230.0,2566.0,2566.0,15.07,2199.16,2162.76,2251.62,True,True,False,False,True,False,True,40203.0,2727.0,-18.23,False,0.88,1.91,0.92,True,1,True,2.52,0.94,False,False,,tv_wilder_rsi14_sma5_v1,64.55,57.87,True,True,6.68
6332,6332.T,月島ホールディングス,2025-03,CONTINUE,5,63.11,69.78,True,True,6.67,2024-11,1455.0,1710.0,1710.0,17.53,1434.76,1372.35,1395.88,True,True,True,False,True,True,True,42077.0,1560.0,-6.73,False,1.22,2.04,0.75,True,1,True,7.46,0.29,False,False,,tv_wilder_rsi14_sma5_v1,69.78,63.11,True,True,6.67
9956,9956.T,バローホールディングス,2025-03,CONTINUE,4,49.89,56.56,True,True,6.67,2024-12,2192.0,2390.0,2390.0,9.03,2152.4,2145.51,2299.01,True,True,False,False,True,False,False,80187.0,2583.0,-15.14,False,0.78,1.35,1.09,False,4,True,-6.33,0.39,False,False,,tv_wilder_rsi14_sma5_v1,56.56,49.89,True,True,6.67
7164,7164.T,全国保証,2025-03,CONTINUE,2,55.65,62.3,True,True,6.64,2025-02,2807.0,2962.5,2962.5,5.54,2740.46,2720.15,2809.7,True,True,False,False,True,False,True,366467.0,3122.0,-10.09,False,1.09,1.02,0.86,True,4,True,1.46,1.23,False,False,,tv_wilder_rsi14_sma5_v1,62.3,55.65,True,True,6.64
4028,4028.T,石原産業,2025-03,CONTINUE,4,59.53,66.16,True,True,6.63,2024-12,1540.0,1784.0,1784.0,15.84,1483.6,1475.64,1563.99,True,True,False,False,True,True,False,106943.0,1870.0,-17.65,False,0.91,1.54,0.93,True,4,True,0.48,0.1,False,False,,tv_wilder_rsi14_sma5_v1,66.16,59.53,True,True,6.63
7012,7012.T,川崎重工業,2025-03,CONTINUE,4,71.96,78.52,True,True,6.56,2024-12,1456.0,1785.6,1785.6,22.64,1280.5,1228.98,1121.42,True,True,True,True,True,True,True,69122050.0,1487.0,-2.08,False,1.15,4.39,0.93,True,2,True,51.26,6.16,False,False,,tv_wilder_rsi14_sma5_v1,78.52,71.96,True,True,6.56
5959,5959.T,岡部,2025-03,CONTINUE,2,53.84,60.3,True,True,6.45,2025-02,815.0,854.0,854.0,4.79,765.76,770.75,769.29,True,True,True,False,True,False,False,53550.0,885.0,-7.91,False,1.03,2.3,1.32,False,1,True,3.14,4.23,False,False,,tv_wilder_rsi14_sma5_v1,60.3,53.84,True,True,6.45
7520,7520.T,エコス,2025-03,NEW,1,47.18,53.6,True,True,6.42,2025-03,2178.0,2178.0,2178.0,0.0,2064.4,2038.25,2104.49,True,True,True,False,True,True,False,39987.0,2412.0,-9.7,False,0.77,1.86,1.22,False,3,True,1.77,4.31,False,False,,tv_wilder_rsi14_sma5_v1,53.6,47.18,True,True,6.42
2815,2815.T,アリアケジャパン,2025-03,CONTINUE,2,54.47,60.85,True,True,6.38,2025-02,5710.0,6180.0,6180.0,8.23,5594.6,5488.2,5262.77,True,True,True,True,True,True,True,80833.0,6300.0,-9.37,False,1.03,3.16,0.89,True,2,True,9.26,2.57,False,False,,tv_wilder_rsi14_sma5_v1,60.85,54.47,True,True,6.38
4931,4931.T,新日本製薬,2025-03,CONTINUE,5,65.11,71.46,True,True,6.35,2024-11,1930.0,2348.0,2348.0,21.66,1806.28,1774.56,1727.21,True,True,True,True,True,True,True,42557.0,1942.0,-0.62,False,0.73,2.62,0.84,True,2,True,13.38,2.23,False,False,,tv_wilder_rsi14_sma5_v1,71.46,65.11,True,True,6.35
9769,9769.T,学究社,2025-03,CONTINUE,4,55.66,62.0,True,True,6.34,2024-12,2055.0,2172.0,2172.0,5.69,1998.24,1951.92,2036.75,True,True,True,False,True,True,False,10303.0,2198.0,-6.51,False,1.02,1.5,1.16,False,3,True,1.41,1.99,False,False,,tv_wilder_rsi14_sma5_v1,62.0,55.66,True,True,6.34
4886,4886.T,あすか製薬ホールディングス,2025-03,NEW,1,56.68,63.0,False,True,6.33,2025-03,2304.0,2304.0,2304.0,0.0,2204.0,2063.37,2176.99,True,True,True,False,True,True,False,45440.0,2720.0,-15.29,False,0.94,1.75,0.89,True,1,True,6.85,2.31,False,False,,tv_wilder_rsi14_sma5_v1,63.0,56.68,True,False,6.33
9869,9869.T,加藤産業,2025-03,CONTINUE,2,60.17,66.49,True,True,6.32,2025-02,4535.0,4930.0,4930.0,8.71,4409.0,4415.6,4281.35,True,True,True,False,True,True,False,29560.0,4980.0,-8.94,False,1.24,1.9,0.88,True,3,False,4.71,0.14,True,False,,tv_wilder_rsi14_sma5_v1,66.49,60.17,True,True,6.32
9692,9692.T,シーイーシー,2025-03,NEW,1,57.34,63.64,True,True,6.3,2025-03,2322.0,2322.0,2322.0,0.0,2069.68,1970.21,1945.64,True,True,True,True,True,True,True,95867.0,2436.0,-4.68,False,1.26,3.93,1.11,False,1,True,24.9,10.71,False,False,,tv_wilder_rsi14_sma5_v1,63.64,57.34,True,True,6.3
6923,6923.T,スタンレー電気,2025-03,NEW,1,46.69,52.98,True,True,6.29,2025-03,2805.5,2805.5,2805.5,0.0,2620.48,2592.25,2679.62,True,True,True,False,True,True,False,866477.0,3025.0,-7.26,False,1.11,3.01,1.41,False,1,True,5.61,7.25,False,False,,tv_wilder_rsi14_sma5_v1,52.98,46.69,True,True,6.29
2384,2384.T,ＳＢＳホールディングス,2025-03,CONTINUE,3,46.91,53.16,True,False,6.24,2025-01,2470.0,2830.0,2830.0,14.57,2382.4,2426.48,2556.16,True,True,False,False,False,False,False,80693.0,2833.0,-12.81,False,0.66,1.76,0.9,True,4,True,-4.26,3.69,False,False,,tv_wilder_rsi14_sma5_v1,53.16,46.91,False,True,6.24
7283,7283.T,愛三工業,2025-03,CONTINUE,4,66.99,73.18,True,True,6.19,2024-12,1764.0,2096.0,2096.0,18.82,1532.24,1453.11,1452.66,True,True,True,True,True,True,True,190623.0,1765.0,-0.06,False,1.26,2.0,0.98,True,1,True,26.86,9.06,False,False,,tv_wilder_rsi14_sma5_v1,73.18,66.99,True,True,6.19
9790,9790.T,福井コンピュータホールディングス,2025-03,CONTINUE,10,57.58,63.74,True,True,6.16,2024-06,2525.0,3390.0,3390.0,34.26,2409.0,2461.44,2553.5,True,True,False,False,True,False,False,64937.0,3125.0,-19.2,False,0.54,2.2,0.99,True,4,True,-5.55,2.14,False,False,,tv_wilder_rsi14_sma5_v1,63.74,57.58,True,True,6.16
5108,5108.T,ブリヂストン,2025-03,CONTINUE,3,48.67,54.77,True,True,6.09,2025-01,2794.5,2997.5,2997.5,7.26,2683.24,2704.41,2955.16,True,True,False,False,True,False,False,4005667.0,3529.0,-20.81,False,1.12,1.62,1.17,False,4,True,-6.67,2.22,False,False,,tv_wilder_rsi14_sma5_v1,54.77,48.67,True,True,6.09
6309,6309.T,巴工業,2025-03,NEW,1,56.05,62.12,True,True,6.07,2025-03,1450.0,1450.0,1450.0,0.0,1328.33,1283.04,1353.45,True,True,True,False,True,True,False,90770.0,1666.67,-13.0,False,1.86,2.47,0.95,True,1,True,5.31,4.19,False,False,,tv_wilder_rsi14_sma5_v1,62.12,56.05,True,True,6.07
3486,3486.T,グローバル・リンク・マネジメント,2025-03,CONTINUE,7,67.83,73.87,True,True,6.05,2024-09,1159.5,1921.0,1921.0,65.67,1128.12,1069.49,1200.46,True,True,False,False,True,True,False,82587.0,1605.0,-27.76,False,1.36,3.93,0.94,True,4,True,0.83,3.83,False,False,,tv_wilder_rsi14_sma5_v1,73.87,67.83,True,True,6.05
6706,6706.T,電気興業,2025-03,NEW,1,34.95,40.95,True,True,6.0,2025-03,1781.0,1781.0,1781.0,0.0,1698.84,1670.27,1878.49,True,True,False,False,True,False,False,50600.0,2292.0,-22.29,False,0.5,3.2,1.25,False,4,True,-3.77,6.48,False,False,,tv_wilder_rsi14_sma5_v1,40.95,34.95,True,True,6.0
8522,8522.T,名古屋銀行,2025-03,CONTINUE,3,62.58,68.57,True,True,5.99,2025-01,2403.33,2623.33,2623.33,9.15,2214.67,2126.04,2269.1,True,True,True,False,True,True,True,140220.0,2780.0,-13.55,False,1.02,2.28,1.07,False,1,True,16.15,4.71,False,False,,tv_wilder_rsi14_sma5_v1,68.57,62.58,True,True,5.99
9065,9065.T,山九,2025-03,CONTINUE,6,58.64,64.62,True,True,5.97,2024-10,5332.0,6132.0,6132.0,15.0,4873.12,4823.87,5171.7,True,True,True,False,True,False,False,160923.0,5850.0,-8.85,False,1.81,2.38,1.26,False,3,True,1.16,-0.05,False,False,,tv_wilder_rsi14_sma5_v1,64.62,58.64,True,True,5.97
4689,4689.T,ＬＩＮＥヤフー,2025-03,CONTINUE,8,55.36,61.28,True,False,5.92,2024-08,399.7,506.3,506.3,26.67,379.27,383.21,408.77,True,True,False,False,False,True,False,16369297.0,503.5,-20.62,False,1.05,2.46,0.74,True,4,True,0.37,4.22,False,False,,tv_wilder_rsi14_sma5_v1,61.28,55.36,False,True,5.92
3561,3561.T,力の源ホールディングス,2025-03,CONTINUE,3,46.51,52.42,True,False,5.91,2025-01,1194.0,1382.0,1382.0,15.75,1015.32,1047.28,1262.28,True,True,False,False,True,False,False,372173.0,1769.0,-32.5,False,0.99,3.63,1.49,False,4,True,-9.23,11.09,False,False,,tv_wilder_rsi14_sma5_v1,52.42,46.51,False,True,5.91
4097,4097.T,高圧ガス工業,2025-03,NEW,1,49.29,55.15,False,True,5.86,2025-03,888.0,888.0,888.0,0.0,887.04,840.37,876.12,True,True,True,False,True,True,True,385843.0,1032.0,-13.95,False,0.31,3.84,0.59,True,1,True,4.29,1.62,False,False,,tv_wilder_rsi14_sma5_v1,55.15,49.29,True,False,5.86
6101,6101.T,ツガミ,2025-03,CONTINUE,4,59.74,65.59,True,True,5.85,2024-12,1558.0,1820.0,1820.0,16.82,1403.32,1424.68,1406.06,True,True,True,False,True,False,True,146983.0,1738.0,-10.36,False,1.27,2.12,1.09,False,2,True,14.12,2.75,True,False,,tv_wilder_rsi14_sma5_v1,65.59,59.74,True,True,5.85
8252,8252.T,丸井グループ,2025-03,CONTINUE,4,60.29,66.13,True,True,5.84,2024-12,2514.5,2699.5,2699.5,7.36,2495.2,2441.75,2399.03,True,True,True,True,True,True,True,685097.0,2583.5,-2.67,False,0.64,1.45,0.9,True,1,True,5.46,0.09,False,False,,tv_wilder_rsi14_sma5_v1,66.13,60.29,True,True,5.84
2124,2124.T,ジェイエイシーリクルートメント,2025-03,CONTINUE,2,55.89,61.66,True,True,5.78,2025-02,775.0,807.0,807.0,4.13,723.68,713.87,712.94,True,True,True,True,True,False,False,291957.0,825.0,-6.06,False,0.85,3.39,1.05,False,1,True,9.68,6.94,False,False,,tv_wilder_rsi14_sma5_v1,61.66,55.89,True,True,5.78
2975,2975.T,スター・マイカ・ホールディングス,2025-03,CONTINUE,6,63.09,68.81,True,True,5.72,2024-10,645.0,920.0,920.0,42.64,636.8,629.31,611.62,True,True,True,True,True,False,True,124287.0,710.0,-9.15,False,1.09,2.12,1.22,False,2,True,2.39,2.86,False,False,,tv_wilder_rsi14_sma5_v1,68.81,63.09,True,True,5.72
2353,2353.T,日本駐車場開発,2025-03,NEW,1,53.89,59.6,True,True,5.7,2025-03,238.0,238.0,238.0,0.0,228.84,216.27,215.03,True,True,True,True,True,True,True,2335063.0,251.0,-5.18,False,0.63,3.09,0.69,True,2,True,12.26,1.85,False,False,,tv_wilder_rsi14_sma5_v1,59.6,53.89,True,True,5.7
3916,3916.T,ﾃﾞｼﾞﾀﾙ･ｲﾝﾌｫﾒｰｼｮﾝ･ﾃｸﾉﾛｼﾞｰ,2025-03,CONTINUE,2,64.66,70.31,True,True,5.65,2025-02,1206.5,1279.5,1279.5,6.05,1111.46,1077.58,990.84,True,True,True,True,True,True,True,79500.0,1284.5,-6.07,False,1.05,4.07,1.36,False,2,True,26.16,6.7,False,False,,tv_wilder_rsi14_sma5_v1,70.31,64.66,True,True,5.65
8276,8276.T,平和堂,2025-03,CONTINUE,3,54.58,60.23,True,True,5.65,2025-01,2353.0,2540.0,2540.0,7.95,2302.68,2263.47,2332.14,True,True,True,False,True,False,True,139327.0,2560.0,-8.09,False,1.52,1.14,1.03,False,1,True,3.04,1.43,False,False,,tv_wilder_rsi14_sma5_v1,60.23,54.58,True,True,5.65
6750,6750.T,エレコム,2025-03,CONTINUE,4,49.04,54.68,True,True,5.64,2024-12,1490.0,1653.0,1653.0,10.94,1456.28,1452.39,1511.03,True,True,False,False,True,True,False,115643.0,1771.0,-15.87,False,0.63,1.62,1.03,False,4,True,-5.08,-0.39,False,False,,tv_wilder_rsi14_sma5_v1,54.68,49.04,True,True,5.64
3863,3863.T,日本製紙,2025-03,CONTINUE,3,41.46,47.09,True,False,5.63,2025-01,887.0,1008.0,1008.0,13.64,874.8,876.13,939.67,True,True,False,False,True,False,False,609940.0,1430.0,-37.97,False,0.61,1.44,0.95,True,4,True,-12.16,2.68,False,False,,tv_wilder_rsi14_sma5_v1,47.09,41.46,False,True,5.63
4229,4229.T,群栄化学工業,2025-03,NEW,1,45.27,50.9,True,True,5.63,2025-03,2984.0,2984.0,2984.0,0.0,2855.88,2751.57,2840.68,True,True,True,False,True,True,False,11597.0,3915.0,-23.78,False,1.7,1.95,1.09,False,3,True,2.05,4.3,False,False,,tv_wilder_rsi14_sma5_v1,50.9,45.27,True,True,5.63
7921,7921.T,ＴＡＫＡＲＡ＆ＣＯＭＰＡＮＹ,2025-03,CONTINUE,4,63.64,69.23,True,True,5.59,2024-12,2829.0,3300.0,3300.0,16.65,2888.88,2757.04,2786.31,False,True,True,False,True,True,True,32577.0,3235.0,-12.55,False,0.92,2.51,1.03,False,2,True,0.95,-2.16,False,False,,tv_wilder_rsi14_sma5_v1,69.23,63.64,True,True,5.59
8550,8550.T,栃木銀行,2025-03,CONTINUE,4,47.98,53.55,True,True,5.57,2024-12,284.0,317.0,317.0,11.62,282.52,271.45,316.9,True,True,False,False,True,False,False,557280.0,398.0,-28.64,False,0.68,2.29,0.9,True,4,True,-7.73,-0.47,False,False,,tv_wilder_rsi14_sma5_v1,53.55,47.98,True,True,5.57
4544,4544.T,Ｈ．Ｕ．グループホールディングス,2025-03,CONTINUE,2,48.3,53.85,True,True,5.55,2025-02,2625.0,2744.5,2744.5,4.55,2606.42,2552.56,2550.89,True,True,True,True,True,False,True,132097.0,2759.0,-4.86,False,0.87,1.56,0.73,True,2,True,4.06,0.88,False,False,,tv_wilder_rsi14_sma5_v1,53.85,48.3,True,True,5.55
5838,5838.T,楽天銀行,2025-03,CONTINUE,5,80.94,86.49,True,True,5.55,2024-11,4281.0,6434.0,6434.0,50.29,3647.28,3335.32,3116.13,True,True,True,True,True,True,True,1403643.0,4146.0,3.26,True,1.3,4.09,0.82,True,2,True,45.7,6.93,True,True,BOTH,tv_wilder_rsi14_sma5_v1,86.49,80.94,True,True,5.55
6454,6454.T,マックス,2025-03,CONTINUE,3,70.52,76.04,True,True,5.52,2025-01,993.75,1061.25,1061.25,6.79,911.35,876.38,888.02,True,True,True,False,True,True,True,411920.0,1027.5,-3.28,False,1.4,2.44,0.92,True,2,True,16.5,7.98,False,False,,tv_wilder_rsi14_sma5_v1,76.04,70.52,True,True,5.52
4633,4633.T,サカタインクス,2025-03,CONTINUE,4,63.73,69.24,True,True,5.51,2024-12,1744.0,1918.0,1918.0,9.98,1633.36,1592.61,1637.76,True,True,True,False,True,True,True,187007.0,1917.0,-9.02,False,1.62,1.78,0.95,True,2,True,11.58,1.17,False,False,,tv_wilder_rsi14_sma5_v1,69.24,63.73,True,True,5.51
1814,1814.T,大末建設,2025-03,CONTINUE,3,60.33,65.81,True,True,5.49,2025-01,1734.0,1853.0,1853.0,6.86,1629.68,1620.44,1655.12,True,True,True,False,True,True,True,61373.0,1849.0,-6.22,False,1.98,1.59,1.13,False,1,True,9.9,1.48,True,False,,tv_wilder_rsi14_sma5_v1,65.81,60.33,True,True,5.49
6331,6331.T,三菱化工機,2025-03,CONTINUE,2,56.96,62.43,True,True,5.47,2025-02,1225.0,1355.0,1355.0,10.61,1235.27,1167.58,1226.96,False,True,False,False,True,True,False,102890.0,1495.0,-18.06,False,0.87,2.12,0.9,True,4,True,3.27,-0.09,False,False,,tv_wilder_rsi14_sma5_v1,62.43,56.96,True,True,5.47
9543,9543.T,静岡ガス,2025-03,CONTINUE,2,52.92,58.39,True,True,5.47,2025-02,1063.0,1131.0,1131.0,6.4,1016.68,1020.16,1005.72,True,True,True,False,False,False,True,118440.0,1128.0,-5.76,False,1.02,1.57,1.11,False,2,True,5.56,0.57,False,False,,tv_wilder_rsi14_sma5_v1,58.39,52.92,True,True,5.47
3031,3031.T,ラクーンホールディングス,2025-03,CONTINUE,7,50.05,55.51,True,True,5.46,2024-09,749.0,958.0,958.0,27.9,690.56,607.88,635.15,True,True,True,False,True,True,True,357173.0,792.0,-5.43,False,0.73,3.84,0.88,True,1,True,22.37,10.51,False,False,,tv_wilder_rsi14_sma5_v1,55.51,50.05,True,True,5.46
4385,4385.T,メルカリ,2025-03,CONTINUE,2,42.52,47.96,True,True,5.44,2025-02,2339.0,2355.0,2355.0,0.68,2127.84,1944.43,2111.52,True,True,True,False,True,False,True,5399083.0,2774.0,-15.68,False,0.76,5.29,0.96,True,2,True,12.81,6.76,False,False,,tv_wilder_rsi14_sma5_v1,47.96,42.52,True,True,5.44
3191,3191.T,ジョイフル本田,2025-03,CONTINUE,2,49.15,54.57,False,True,5.42,2025-02,1945.0,2003.0,2003.0,2.98,1902.32,1866.87,2023.29,True,True,False,False,True,False,False,209037.0,2310.0,-15.8,False,1.05,1.14,0.9,True,4,True,-0.84,3.79,False,False,,tv_wilder_rsi14_sma5_v1,54.57,49.15,True,False,5.42
8194,8194.T,ライフコーポレーション,2025-03,CONTINUE,4,53.37,58.78,True,True,5.42,2024-12,1757.5,1933.0,1933.0,9.99,1719.7,1724.53,1836.4,True,True,False,False,True,False,False,142487.0,2115.0,-16.9,False,0.86,1.37,0.93,True,4,True,-4.57,0.32,False,False,,tv_wilder_rsi14_sma5_v1,58.78,53.37,True,True,5.42
4819,4819.T,デジタルガレージ,2025-03,CONTINUE,9,58.45,63.86,True,True,5.41,2024-07,2804.0,4610.0,4610.0,64.41,2613.16,2566.59,3052.26,True,True,False,False,True,False,False,243817.0,4200.0,-33.24,False,1.25,3.02,1.07,False,4,True,-10.92,6.51,False,False,,tv_wilder_rsi14_sma5_v1,63.86,58.45,True,True,5.41
8057,8057.T,内田洋行,2025-03,CONTINUE,2,55.16,60.55,True,True,5.4,2025-02,1378.0,1536.0,1536.0,11.47,1361.6,1345.87,1408.28,True,True,False,False,True,True,False,98317.0,1690.0,-18.46,False,1.13,1.72,0.91,True,4,True,-3.49,-0.28,False,False,,tv_wilder_rsi14_sma5_v1,60.55,55.16,True,True,5.4
6459,6459.T,大和冷機工業,2025-03,CONTINUE,4,59.32,64.64,True,True,5.32,2024-12,1534.0,1700.0,1700.0,10.82,1488.2,1468.64,1496.85,True,True,True,False,True,True,True,25690.0,1693.0,-9.39,False,0.84,2.64,1.0,True,1,True,1.77,0.15,False,False,,tv_wilder_rsi14_sma5_v1,64.64,59.32,True,True,5.32
2533,2533.T,オエノンホールディングス,2025-03,CONTINUE,2,57.24,62.55,True,True,5.31,2025-02,418.0,442.0,442.0,5.74,393.72,400.57,395.79,True,True,True,False,True,False,True,83413.0,441.0,-5.22,False,1.01,2.44,0.92,True,2,True,8.29,3.84,False,False,,tv_wilder_rsi14_sma5_v1,62.55,57.24,True,True,5.31
4694,4694.T,ビー・エム・エル,2025-03,NEW,1,46.8,52.06,True,True,5.26,2025-03,3020.0,3020.0,3020.0,0.0,2894.32,2879.49,2827.18,True,True,True,True,True,True,True,104997.0,3125.0,-3.36,False,2.08,2.21,1.2,False,1,True,5.79,2.69,False,False,,tv_wilder_rsi14_sma5_v1,52.06,46.8,True,True,5.26
6269,6269.T,三井海洋開発,2025-03,CONTINUE,2,69.12,74.36,True,True,5.24,2025-02,4015.0,4120.0,4120.0,2.62,3642.4,3414.13,3118.86,True,True,True,True,True,True,True,571097.0,4640.0,-13.47,False,0.87,5.46,1.16,False,2,True,33.19,10.87,False,False,,tv_wilder_rsi14_sma5_v1,74.36,69.12,True,True,5.24
8544,8544.T,京葉銀行,2025-03,CONTINUE,5,62.04,67.28,True,True,5.23,2024-11,795.0,897.0,897.0,12.83,748.08,738.93,771.01,True,True,True,False,True,False,True,338387.0,910.0,-12.64,False,1.07,2.26,0.93,True,2,True,4.86,2.64,False,False,,tv_wilder_rsi14_sma5_v1,67.28,62.04,True,True,5.23
8802,8802.T,三菱地所,2025-03,NEW,1,52.37,57.59,True,True,5.23,2025-03,2432.0,2432.0,2432.0,0.0,2314.78,2222.9,2320.86,True,True,True,False,True,True,False,4824147.0,3082.0,-21.09,False,1.5,3.23,1.3,False,3,True,5.19,5.94,False,False,,tv_wilder_rsi14_sma5_v1,57.59,52.37,True,True,5.23
8392,8392.T,大分銀行,2025-03,CONTINUE,3,61.28,66.49,True,True,5.21,2025-01,632.0,694.0,694.0,9.81,618.76,625.36,635.2,True,True,False,False,False,False,True,132600.0,723.0,-12.59,False,1.18,1.66,0.91,True,1,False,6.84,2.17,True,False,,tv_wilder_rsi14_sma5_v1,66.49,61.28,True,True,5.21
8368,8368.T,百五銀行,2025-03,CONTINUE,4,65.06,70.26,True,True,5.2,2024-12,632.0,735.0,735.0,16.3,622.68,584.4,617.99,True,True,True,False,True,True,False,479367.0,725.0,-12.83,False,0.71,2.02,0.99,True,3,True,7.77,1.05,False,False,,tv_wilder_rsi14_sma5_v1,70.26,65.06,True,True,5.2
3763,3763.T,プロシップ,2025-03,CONTINUE,2,59.99,65.16,True,True,5.17,2025-02,821.5,875.0,875.0,6.51,785.82,779.75,741.32,True,True,True,True,False,True,True,62473.0,866.5,-5.19,False,1.85,3.49,1.19,False,2,False,14.34,2.82,True,True,MVP,tv_wilder_rsi14_sma5_v1,65.16,59.99,True,True,5.17
6013,6013.T,タクマ,2025-03,CONTINUE,5,54.25,59.39,True,True,5.14,2024-11,1643.0,1835.0,1835.0,11.69,1607.6,1603.68,1720.65,True,True,False,False,True,False,False,254477.0,1998.0,-17.77,False,0.79,2.04,0.83,True,4,True,-0.95,0.92,False,False,,tv_wilder_rsi14_sma5_v1,59.39,54.25,True,True,5.14
2413,2413.T,エムスリー,2025-03,CONTINUE,7,31.55,36.67,True,False,5.12,2024-09,1438.0,1702.0,1702.0,18.36,1407.98,1427.85,1796.72,True,True,False,False,True,False,False,5008720.0,2869.0,-49.88,False,0.9,4.23,1.02,False,4,True,-27.1,3.16,False,False,,tv_wilder_rsi14_sma5_v1,36.67,31.55,False,True,5.12
8200,8200.T,リンガーハット,2025-03,NEW,1,46.32,51.44,True,True,5.12,2025-03,2299.0,2299.0,2299.0,0.0,2265.52,2241.31,2241.22,True,True,True,True,True,True,False,118057.0,2412.0,-4.68,False,0.88,1.35,0.97,True,1,True,2.55,1.9,False,False,,tv_wilder_rsi14_sma5_v1,51.44,46.32,True,True,5.12
9765,9765.T,オオバ,2025-03,NEW,1,56.75,61.87,True,True,5.12,2025-03,1075.0,1075.0,1075.0,0.0,1021.76,1001.57,1021.46,True,True,True,False,True,True,False,41973.0,1169.0,-8.04,False,1.5,1.57,1.28,False,1,True,7.5,5.39,False,False,,tv_wilder_rsi14_sma5_v1,61.87,56.75,True,True,5.12
8570,8570.T,イオンフィナンシャルサービス,2025-03,NEW,1,46.73,51.83,True,True,5.1,2025-03,1319.5,1319.5,1319.5,0.0,1306.22,1270.85,1279.96,True,True,True,False,True,True,True,1166353.0,1446.0,-8.75,False,0.61,2.28,0.79,True,1,True,2.94,3.68,False,False,,tv_wilder_rsi14_sma5_v1,51.83,46.73,True,True,5.1
2475,2475.T,ＷＤＢホールディングス,2025-03,CONTINUE,3,38.36,43.44,True,True,5.08,2025-01,1731.0,1849.0,1849.0,6.82,1659.48,1687.55,1787.37,True,True,False,False,False,False,False,13873.0,2364.0,-26.78,False,0.7,1.65,1.06,False,4,True,-9.57,3.3,False,False,,tv_wilder_rsi14_sma5_v1,43.44,38.36,True,True,5.08
9627,9627.T,アインホールディングス,2025-03,NEW,1,42.04,47.1,True,True,5.06,2025-03,5039.0,5039.0,5039.0,0.0,4779.92,4578.96,5062.17,True,True,False,False,True,False,False,131343.0,6285.0,-19.82,False,0.98,2.54,0.82,True,4,True,1.57,5.64,False,False,,tv_wilder_rsi14_sma5_v1,47.1,42.04,True,True,5.06
3154,3154.T,メディアスホールディングス,2025-03,CONTINUE,4,53.97,58.95,True,True,4.98,2024-12,882.0,947.0,947.0,7.37,823.64,825.23,828.03,True,True,True,False,True,True,True,13657.0,1025.0,-13.95,False,1.42,1.55,0.66,True,2,True,7.41,1.17,False,False,,tv_wilder_rsi14_sma5_v1,58.95,53.97,True,True,4.98
3276,3276.T,ＪＰＭＣ,2025-03,NEW,1,49.18,54.16,True,True,4.98,2025-03,1190.0,1190.0,1190.0,0.0,1153.04,1130.87,1161.15,True,True,True,False,True,False,False,34540.0,1333.0,-10.73,False,1.59,1.36,1.25,False,3,True,3.13,3.63,False,False,,tv_wilder_rsi14_sma5_v1,54.16,49.18,True,True,4.98
1938,1938.T,日本リーテック,2025-03,CONTINUE,5,54.71,59.66,True,True,4.95,2024-11,1140.0,1487.0,1487.0,30.44,1091.24,1087.41,1182.92,True,True,False,False,True,False,False,16993.0,1382.0,-17.51,False,0.74,2.37,0.9,True,4,True,-2.67,2.6,False,False,,tv_wilder_rsi14_sma5_v1,59.66,54.71,True,True,4.95
6564,6564.T,ミダックホールディングス,2025-03,CONTINUE,2,47.87,52.82,True,False,4.95,2025-02,2154.0,2070.0,2070.0,-3.9,1764.88,1669.55,1638.01,True,True,True,True,True,False,True,105060.0,2222.0,-3.06,False,2.33,4.72,1.49,False,2,True,32.88,13.82,True,False,,tv_wilder_rsi14_sma5_v1,52.82,47.87,False,True,4.95
9273,9273.T,コーア商事ホールディングス,2025-03,CONTINUE,4,46.48,51.42,True,True,4.94,2024-12,635.0,697.0,697.0,9.76,610.56,612.63,695.54,True,True,False,False,True,False,False,56290.0,892.0,-28.81,False,1.24,1.82,1.29,False,4,True,-8.46,1.04,False,False,,tv_wilder_rsi14_sma5_v1,51.42,46.48,True,True,4.94
6141,6141.T,DMG森精機,2025-03,CONTINUE,2,46.03,50.96,True,True,4.93,2025-02,2653.5,2892.5,2892.5,9.01,2485.46,2522.39,3253.58,True,True,False,False,True,False,False,1396637.0,4810.0,-44.83,False,1.62,3.38,1.09,False,4,True,-16.46,4.14,False,False,,tv_wilder_rsi14_sma5_v1,50.96,46.03,True,True,4.93
7130,7130.T,ヤマエグループホールディングス,2025-03,CONTINUE,3,47.15,52.08,True,True,4.93,2025-01,2022.0,2388.0,2388.0,18.1,1918.8,1975.48,2156.01,True,True,False,False,False,False,False,77920.0,3530.0,-42.72,False,0.91,2.12,1.04,False,4,True,-12.22,5.17,False,False,,tv_wilder_rsi14_sma5_v1,52.08,47.15,True,True,4.93
4506,4506.T,住友ファーマ,2025-03,CONTINUE,3,48.48,53.4,True,False,4.92,2025-01,610.0,729.0,729.0,19.51,563.4,587.44,504.11,True,True,True,False,False,False,True,2011037.0,692.0,-11.85,False,1.44,3.65,1.22,False,2,True,25.58,3.65,True,False,,tv_wilder_rsi14_sma5_v1,53.4,48.48,False,True,4.92
4996,4996.T,クミアイ化学工業,2025-03,CONTINUE,2,42.78,47.7,True,True,4.92,2025-02,773.0,828.0,828.0,7.12,760.6,769.63,784.16,True,True,False,False,True,False,False,222047.0,860.0,-10.12,False,1.12,1.31,1.07,False,4,True,-3.42,0.94,False,False,,tv_wilder_rsi14_sma5_v1,47.7,42.78,True,True,4.92
6305,6305.T,日立建機,2025-03,CONTINUE,4,49.7,54.62,True,True,4.92,2024-12,3517.0,3947.0,3947.0,12.23,3458.44,3452.93,3912.5,True,True,False,False,True,False,False,855977.0,4900.0,-28.22,False,0.78,1.49,0.85,True,4,False,-9.21,-0.45,False,False,,tv_wilder_rsi14_sma5_v1,54.62,49.7,True,True,4.92
9064,9064.T,ヤマトホールディングス,2025-03,CONTINUE,5,40.63,45.55,True,True,4.92,2024-11,1727.5,1961.5,1961.5,13.55,1647.88,1643.19,1841.88,True,True,False,False,True,False,False,1657417.0,2761.5,-37.44,False,1.21,2.11,1.01,False,4,True,-11.27,3.77,False,False,,tv_wilder_rsi14_sma5_v1,45.55,40.63,True,True,4.92
7389,7389.T,あいちフィナンシャルグループ,2025-03,CONTINUE,4,59.53,64.43,True,True,4.89,2024-12,502.6,571.2,571.2,13.65,488.0,476.47,515.46,True,True,False,False,True,False,False,634700.0,660.0,-23.85,False,0.86,1.72,0.99,True,4,True,2.12,1.06,False,False,,tv_wilder_rsi14_sma5_v1,64.43,59.53,True,True,4.89
1333,1333.T,Ｕｍｉｏｓ,2025-03,CONTINUE,2,57.41,62.26,True,True,4.85,2025-02,1041.33,1087.0,1087.0,4.39,1014.11,998.8,1030.38,True,True,True,False,True,True,True,576650.0,1136.0,-8.33,False,0.77,2.71,0.87,True,1,True,1.17,0.96,False,False,,tv_wilder_rsi14_sma5_v1,62.26,57.41,True,True,4.85
3457,3457.T,ＡｎｄＤｏホールディングス,2025-03,CONTINUE,4,55.68,60.53,True,True,4.85,2024-12,1213.0,1266.0,1266.0,4.37,1045.96,1043.81,1103.55,True,True,True,False,True,True,False,94423.0,1319.0,-8.04,False,1.34,2.79,1.68,False,1,True,12.37,8.86,False,False,,tv_wilder_rsi14_sma5_v1,60.53,55.68,True,True,4.85
7725,7725.T,インターアクション,2025-03,CONTINUE,3,42.28,47.13,True,True,4.85,2025-01,1101.0,1239.0,1239.0,12.53,1055.04,1044.81,1275.63,True,True,False,False,True,False,False,126407.0,1779.0,-38.11,False,0.75,3.0,0.74,True,4,True,-8.78,4.44,False,False,,tv_wilder_rsi14_sma5_v1,47.13,42.28,True,True,4.85
8358,8358.T,スルガ銀行,2025-03,CONTINUE,3,71.47,76.3,True,True,4.83,2025-01,1212.0,1344.0,1344.0,10.89,1154.56,1098.81,1080.6,True,True,True,True,True,True,True,716990.0,1229.0,-1.38,False,1.0,2.42,0.99,True,2,True,18.96,1.42,False,False,,tv_wilder_rsi14_sma5_v1,76.3,71.47,True,True,4.83
3231,3231.T,野村不動産ホールディングス,2025-03,CONTINUE,4,57.77,62.52,True,True,4.75,2024-12,781.0,871.0,871.0,11.52,752.37,763.54,799.08,True,True,False,False,False,False,False,5855650.0,918.8,-15.0,False,0.46,1.32,1.05,False,4,True,0.08,1.84,False,False,,tv_wilder_rsi14_sma5_v1,62.52,57.77,True,True,4.75
7187,7187.T,ジェイリース,2025-03,CONTINUE,2,55.81,60.57,True,True,4.75,2025-02,1310.0,1429.0,1429.0,9.08,1297.36,1285.43,1299.34,True,True,True,False,True,False,True,84190.0,1541.0,-14.99,False,0.77,2.89,0.77,True,2,True,3.58,0.13,False,False,,tv_wilder_rsi14_sma5_v1,60.57,55.81,True,True,4.75
9147,9147.T,NIPPON EXPRESSホールディングス,2025-03,CONTINUE,3,52.1,56.85,True,True,4.75,2025-01,2519.0,2720.0,2720.0,7.98,2447.08,2490.36,2492.42,True,True,True,False,False,False,False,1047573.0,2983.33,-15.56,False,0.69,1.29,0.91,True,3,True,-2.95,1.49,False,False,,tv_wilder_rsi14_sma5_v1,56.85,52.1,True,True,4.75
3167,3167.T,ＴＯＫＡＩホールディングス,2025-03,NEW,1,50.46,55.18,True,True,4.72,2025-03,983.0,983.0,983.0,0.0,959.56,948.43,955.52,True,True,True,False,True,True,True,414407.0,1018.0,-3.44,False,2.07,1.26,1.05,False,1,True,1.3,1.06,False,False,,tv_wilder_rsi14_sma5_v1,55.18,50.46,True,True,4.72
6474,6474.T,不二越,2025-03,CONTINUE,4,42.66,47.37,True,True,4.72,2024-12,3165.0,3415.0,3415.0,7.9,3095.6,3144.44,3255.2,True,True,False,False,False,True,False,75640.0,3820.0,-17.15,False,0.84,1.75,1.0,False,4,False,-5.6,0.01,False,False,,tv_wilder_rsi14_sma5_v1,47.37,42.66,True,True,4.72
9413,9413.T,テレビ東京ホールディングス,2025-03,CONTINUE,2,55.9,60.55,True,True,4.64,2025-02,3485.0,3560.0,3560.0,2.15,3363.4,3155.04,3377.51,True,True,True,False,True,False,True,58807.0,4025.0,-13.42,False,0.97,3.26,1.1,False,2,True,10.47,4.7,False,False,,tv_wilder_rsi14_sma5_v1,60.55,55.9,True,True,4.64
3676,3676.T,デジタルハーツホールディングス,2025-03,CONTINUE,4,39.99,44.61,True,False,4.62,2024-12,842.0,980.0,980.0,16.39,815.84,823.77,911.5,True,True,False,False,True,False,False,45527.0,1170.0,-28.03,False,0.73,2.3,0.94,True,4,True,-8.98,0.83,False,False,,tv_wilder_rsi14_sma5_v1,44.61,39.99,False,True,4.62
5105,5105.T,ＴＯＹＯＴＩＲＥ,2025-03,CONTINUE,5,57.44,62.06,True,True,4.62,2024-11,2328.0,2732.0,2732.0,17.35,2271.0,2158.06,2485.46,True,True,False,False,True,False,False,1863303.0,2997.0,-22.32,False,0.78,2.92,0.83,True,4,True,-3.41,0.79,False,False,,tv_wilder_rsi14_sma5_v1,62.06,57.44,True,True,4.62
3901,3901.T,マークラインズ,2025-03,CONTINUE,2,40.11,44.7,False,True,4.59,2025-02,2375.0,2474.0,2474.0,4.17,2298.44,2287.67,2710.09,True,True,False,False,True,False,False,31917.0,3465.0,-31.46,False,1.42,3.4,1.31,False,4,True,-14.7,3.27,False,False,,tv_wilder_rsi14_sma5_v1,44.7,40.11,True,False,4.59
4668,4668.T,明光ネットワークジャパン,2025-03,CONTINUE,5,57.4,61.99,True,True,4.59,2024-11,716.0,770.0,770.0,7.54,696.44,690.79,710.17,True,True,True,False,True,False,False,57367.0,791.0,-9.48,False,0.66,1.05,1.02,False,3,True,-0.54,0.65,False,False,,tv_wilder_rsi14_sma5_v1,61.99,57.4,True,True,4.59
2659,2659.T,サンエー,2025-03,CONTINUE,4,72.92,77.49,True,True,4.57,2024-12,2906.0,3140.0,3140.0,8.05,2805.16,2781.41,2564.04,True,True,True,True,True,True,True,105757.0,3020.0,-3.77,False,1.34,1.83,1.01,False,2,True,18.39,0.96,False,False,,tv_wilder_rsi14_sma5_v1,77.49,72.92,True,True,4.57
3284,3284.T,フージャースホールディングス,2025-03,CONTINUE,4,56.03,60.6,True,True,4.57,2024-12,1043.0,1097.0,1097.0,5.18,1010.84,1032.05,1072.88,True,True,False,False,False,False,False,63987.0,1180.0,-11.61,False,1.55,0.9,1.05,False,4,True,-3.57,0.1,False,False,,tv_wilder_rsi14_sma5_v1,60.6,56.03,True,True,4.57
2294,2294.T,柿安本店,2025-03,CONTINUE,7,61.14,65.69,True,True,4.55,2024-09,2665.0,3060.0,3060.0,14.82,2665.0,2614.19,2666.78,False,True,False,False,True,True,True,18650.0,3240.0,-17.75,False,1.78,1.99,1.15,False,1,True,1.6,1.36,False,False,,tv_wilder_rsi14_sma5_v1,65.69,61.14,True,True,4.55
6758,6758.T,ソニーグループ,2025-03,CONTINUE,5,70.88,75.44,True,True,4.55,2024-11,3007.0,3765.0,3765.0,25.21,2866.18,2770.17,2687.65,True,True,True,True,True,True,True,12264863.0,3097.0,-2.91,False,0.88,2.08,0.86,True,2,True,13.06,2.17,False,False,,tv_wilder_rsi14_sma5_v1,75.44,70.88,True,True,4.55
4502,4502.T,武田薬品工業,2025-03,CONTINUE,3,52.13,56.62,True,True,4.49,2025-01,4209.0,4413.0,4413.0,4.85,4118.32,4160.57,4180.52,True,True,True,False,False,False,False,3459563.0,4494.0,-6.34,False,1.36,1.28,1.08,False,1,True,0.23,0.08,True,False,,tv_wilder_rsi14_sma5_v1,56.62,52.13,True,True,4.49
3180,3180.T,ビューティガレージ,2025-03,CONTINUE,2,41.49,45.96,True,True,4.47,2025-02,1390.0,1560.0,1560.0,12.23,1392.12,1383.24,1535.83,False,True,False,False,True,False,False,35703.0,2479.0,-43.93,False,0.59,1.9,1.01,False,4,True,-15.99,-0.24,False,False,,tv_wilder_rsi14_sma5_v1,45.96,41.49,True,True,4.47
8281,8281.T,ゼビオホールディングス,2025-03,CONTINUE,3,58.35,62.82,True,True,4.47,2025-01,1259.0,1294.0,1294.0,2.78,1182.04,1148.15,1147.59,True,True,True,True,True,False,True,63993.0,1313.0,-4.11,False,0.84,1.74,1.15,False,2,True,16.13,5.97,False,False,,tv_wilder_rsi14_sma5_v1,62.82,58.35,True,True,4.47
3480,3480.T,ジェイ・エス・ビー,2025-03,CONTINUE,3,60.76,65.21,True,True,4.45,2025-01,3195.0,3260.0,3260.0,2.03,2802.96,2736.37,2808.06,True,True,True,False,True,True,True,42990.0,3260.0,-1.99,False,1.27,2.86,1.09,False,2,True,18.99,10.16,False,False,,tv_wilder_rsi14_sma5_v1,65.21,60.76,True,True,4.45
2325,2325.T,ＮＪＳ,2025-03,CONTINUE,3,65.33,69.77,False,True,4.44,2025-01,3945.0,4350.0,4350.0,10.27,3461.8,3659.07,3626.75,True,True,True,False,False,False,True,36467.0,4495.0,-12.24,False,2.85,3.67,1.05,False,2,True,13.9,3.65,True,False,,tv_wilder_rsi14_sma5_v1,69.77,65.33,True,False,4.44
5288,5288.T,アジアパイルホールディングス,2025-03,CONTINUE,4,59.5,63.92,True,True,4.42,2024-12,837.0,920.0,920.0,9.92,803.48,805.4,868.18,True,True,False,False,True,False,True,129617.0,1048.0,-20.13,False,0.92,1.45,0.96,True,4,True,2.72,1.34,False,False,,tv_wilder_rsi14_sma5_v1,63.92,59.5,True,True,4.42
7456,7456.T,松田産業,2025-03,NEW,1,62.47,66.85,True,True,4.38,2025-03,3475.0,3475.0,3475.0,0.0,3372.8,3200.96,3089.55,True,True,True,True,True,True,True,59087.0,3640.0,-4.53,False,0.97,2.79,0.92,True,2,True,18.2,1.82,False,False,,tv_wilder_rsi14_sma5_v1,66.85,62.47,True,True,4.38
1833,1833.T,奥村組,2025-03,CONTINUE,2,46.83,51.18,False,False,4.35,2025-02,4275.0,4245.0,4245.0,-0.7,4074.2,3961.67,4420.88,True,True,False,False,True,False,False,123203.0,5340.0,-19.94,False,0.9,1.87,0.78,True,4,True,-3.0,5.57,False,False,,tv_wilder_rsi14_sma5_v1,51.18,46.83,False,False,4.35
4433,4433.T,ﾋﾄ･ｺﾐｭﾆｹｰｼｮﾝｽﾞ･ﾎｰﾙﾃﾞｨﾝｸﾞｽ,2025-03,CONTINUE,4,35.64,39.99,True,True,4.35,2024-12,850.0,969.0,969.0,14.0,832.84,834.91,925.24,True,True,False,False,True,False,False,28790.0,1302.0,-34.72,False,1.14,1.45,1.07,False,4,True,-14.01,0.06,False,False,,tv_wilder_rsi14_sma5_v1,39.99,35.64,True,True,4.35
2217,2217.T,モロゾフ,2025-03,CONTINUE,4,68.07,72.4,True,True,4.33,2024-12,1616.67,1722.0,1722.0,6.52,1550.13,1531.84,1494.62,True,True,True,True,True,True,True,24930.0,1690.0,-4.34,False,1.25,1.68,0.89,True,2,True,10.79,2.23,False,False,,tv_wilder_rsi14_sma5_v1,72.4,68.07,True,True,4.33
2060,2060.T,フィード・ワン,2025-03,NEW,1,48.74,53.05,True,True,4.32,2025-03,873.0,873.0,873.0,0.0,865.84,816.44,853.13,True,True,True,False,True,True,False,120920.0,1064.0,-17.95,False,0.82,2.08,0.7,True,1,True,1.35,2.96,False,False,,tv_wilder_rsi14_sma5_v1,53.05,48.74,True,True,4.32
5232,5232.T,住友大阪セメント,2025-03,CONTINUE,2,44.5,48.82,False,True,4.31,2025-02,3502.0,3600.0,3600.0,2.8,3400.92,3347.63,3708.64,True,True,False,False,True,False,False,178153.0,4311.0,-18.77,False,0.9,2.44,0.98,True,4,True,-2.82,4.55,False,False,,tv_wilder_rsi14_sma5_v1,48.82,44.5,True,False,4.31
9424,9424.T,日本通信,2025-03,CONTINUE,2,32.8,37.1,True,False,4.3,2025-02,152.0,142.0,142.0,-6.58,140.96,134.91,160.44,True,True,False,False,True,False,False,2861283.0,224.0,-32.14,False,0.78,5.08,0.94,True,4,True,-9.13,6.27,False,False,,tv_wilder_rsi14_sma5_v1,37.1,32.8,False,True,4.3
6707,6707.T,サンケン電気,2025-03,NEW,1,44.89,49.17,True,True,4.28,2025-03,6729.0,6729.0,6729.0,0.0,7085.72,6369.11,6493.24,False,True,True,False,True,True,True,254343.0,8897.0,-24.37,False,0.61,3.71,0.68,True,1,True,6.82,-0.39,False,False,,tv_wilder_rsi14_sma5_v1,49.17,44.89,True,True,4.28
6135,6135.T,牧野フライス製作所,2025-03,CONTINUE,5,77.57,81.82,True,True,4.25,2024-11,6620.0,11670.0,11670.0,76.28,6450.8,6013.2,6211.95,True,True,True,False,True,True,True,129777.0,7260.0,-8.82,False,0.85,2.24,0.88,True,2,True,11.07,-0.4,False,False,,tv_wilder_rsi14_sma5_v1,81.82,77.57,True,True,4.25
4072,4072.T,電算システムホールディングス,2025-03,CONTINUE,2,43.76,47.99,True,True,4.23,2025-02,2470.0,2594.0,2594.0,5.02,2384.2,2433.51,2573.13,True,True,False,False,False,False,False,23987.0,2948.0,-16.21,False,0.87,2.92,0.74,True,4,True,-4.09,4.26,False,False,,tv_wilder_rsi14_sma5_v1,47.99,43.76,True,True,4.23
8255,8255.T,アクシアル   リテイリング,2025-03,CONTINUE,2,47.76,51.99,True,False,4.23,2025-02,977.0,965.0,965.0,-1.23,930.08,909.64,945.86,True,True,True,False,True,True,False,79043.0,1095.0,-10.78,False,1.57,1.33,0.93,True,3,True,3.52,3.61,False,False,,tv_wilder_rsi14_sma5_v1,51.99,47.76,False,True,4.23
3040,3040.T,ソリトンシステムズ,2025-03,NEW,1,47.35,51.57,False,True,4.22,2025-03,1249.0,1249.0,1249.0,0.0,1199.2,1168.57,1175.88,True,True,True,False,True,True,True,38733.0,1368.0,-8.7,False,0.84,2.91,1.06,False,1,True,6.8,4.21,False,False,,tv_wilder_rsi14_sma5_v1,51.57,47.35,True,False,4.22
9795,9795.T,ステップ,2025-03,CONTINUE,6,64.83,69.03,True,True,4.2,2024-10,2026.0,2299.0,2299.0,13.47,2008.48,1979.76,1973.06,True,True,True,True,True,True,True,27387.0,2084.0,-2.78,False,0.48,1.22,1.07,False,1,True,5.16,-0.64,False,False,,tv_wilder_rsi14_sma5_v1,69.03,64.83,True,True,4.2
7649,7649.T,スギホールディングス,2025-03,CONTINUE,3,59.32,63.49,True,True,4.17,2025-01,2700.5,2813.0,2813.0,4.17,2535.94,2561.93,2489.91,True,True,True,False,True,False,True,593193.0,2844.0,-5.05,False,0.72,2.1,0.73,True,2,True,10.49,3.65,False,False,,tv_wilder_rsi14_sma5_v1,63.49,59.32,True,True,4.17
1873,1873.T,日本ハウスホールディングス,2025-03,CONTINUE,2,45.87,50.01,True,True,4.15,2025-02,327.0,348.0,348.0,6.42,322.4,324.85,331.73,True,True,False,False,True,False,False,54683.0,372.0,-12.1,False,1.14,1.51,1.0,False,1,True,2.14,1.14,False,False,,tv_wilder_rsi14_sma5_v1,50.01,45.87,True,True,4.15
4709,4709.T,ＩＤホールディングス,2025-03,CONTINUE,6,70.11,74.26,True,True,4.15,2024-10,740.0,916.0,916.0,23.78,710.6,688.78,737.67,True,True,True,False,True,False,False,34473.0,897.0,-17.5,False,1.31,2.29,1.2,False,3,True,-0.6,-0.1,False,False,,tv_wilder_rsi14_sma5_v1,74.26,70.11,True,True,4.15
9601,9601.T,松竹,2025-03,CONTINUE,9,56.59,60.64,True,True,4.05,2024-07,9640.0,12310.0,12310.0,27.7,9304.32,9380.03,9593.81,True,True,True,False,False,False,False,47173.0,11280.0,-14.54,False,0.83,2.42,1.02,False,3,True,-1.13,2.93,False,False,,tv_wilder_rsi14_sma5_v1,60.64,56.59,True,True,4.05
8167,8167.T,リテールパートナーズ,2025-03,CONTINUE,3,40.14,44.18,True,True,4.04,2025-01,1279.0,1347.0,1347.0,5.32,1248.12,1260.24,1459.23,True,True,False,False,False,False,False,48130.0,1909.0,-33.0,False,1.62,1.37,0.98,True,4,True,-15.71,2.4,False,False,,tv_wilder_rsi14_sma5_v1,44.18,40.14,True,True,4.04
3678,3678.T,メディアドゥ,2025-03,CONTINUE,4,45.34,49.37,True,True,4.03,2024-12,1425.0,1658.0,1658.0,16.35,1374.2,1355.51,1399.72,True,True,True,False,True,False,True,27513.0,1573.0,-9.41,False,1.17,2.5,1.1,False,1,True,-0.88,1.9,True,False,,tv_wilder_rsi14_sma5_v1,49.37,45.34,True,True,4.03
6535,6535.T,アイモバイル,2025-03,NEW,1,56.85,60.88,True,True,4.03,2025-03,533.0,533.0,533.0,0.0,507.84,502.61,496.94,True,True,True,True,True,False,True,237973.0,575.0,-7.3,False,0.61,3.0,0.96,True,2,True,9.21,3.79,False,False,,tv_wilder_rsi14_sma5_v1,60.88,56.85,True,True,4.03
8830,8830.T,住友不動産,2025-03,CONTINUE,4,60.3,64.31,True,True,4.01,2024-12,2470.0,2796.5,2796.5,13.22,2351.22,2359.17,2452.5,True,True,True,False,True,False,True,2574680.0,3031.0,-18.51,False,0.82,2.32,1.25,False,1,True,2.96,0.27,False,False,,tv_wilder_rsi14_sma5_v1,64.31,60.3,True,True,4.01
2326,2326.T,デジタルアーツ,2025-03,CONTINUE,10,57.19,61.17,True,True,3.98,2024-06,4510.0,6680.0,6680.0,48.12,3820.8,4098.8,4445.1,True,True,True,False,False,False,False,95380.0,6560.0,-31.25,False,1.8,2.89,1.1,False,3,True,-6.68,6.47,True,False,,tv_wilder_rsi14_sma5_v1,61.17,57.19,True,True,3.98
3626,3626.T,ＴＩＳ,2025-03,CONTINUE,2,57.71,61.66,True,False,3.95,2025-02,4170.0,4134.0,4134.0,-0.86,3710.2,3727.08,3465.78,True,True,True,False,True,True,True,1155770.0,4273.0,-2.41,False,1.34,3.01,1.03,False,2,True,22.39,7.9,False,False,,tv_wilder_rsi14_sma5_v1,61.66,57.71,False,True,3.95
6971,6971.T,京セラ,2025-03,CONTINUE,4,41.37,45.32,True,True,3.95,2024-12,1575.5,1675.5,1675.5,6.35,1522.12,1600.91,1767.28,True,False,False,False,False,False,False,4219387.0,2333.5,-32.48,False,0.77,1.63,0.91,True,4,True,-14.61,1.5,False,False,,tv_wilder_rsi14_sma5_v1,45.32,41.37,True,True,3.95
2198,2198.T,アイ  ･ケイ  ･ケイホールディングス,2025-03,CONTINUE,3,56.09,60.02,True,False,3.94,2025-01,769.0,828.0,828.0,7.67,764.16,749.13,769.12,True,True,False,False,True,False,False,53177.0,850.0,-9.53,False,2.07,1.36,1.15,False,4,True,0.54,1.21,False,False,,tv_wilder_rsi14_sma5_v1,60.02,56.09,False,True,3.94
6996,6996.T,ニチコン,2025-03,CONTINUE,5,47.65,51.59,True,False,3.94,2024-11,1045.0,1224.0,1224.0,17.13,1059.28,1001.03,1133.56,False,True,False,False,True,False,False,346890.0,1478.0,-29.3,False,0.85,2.17,0.8,True,4,True,-6.5,-0.2,False,False,,tv_wilder_rsi14_sma5_v1,51.59,47.65,False,True,3.94
2462,2462.T,ライク,2025-03,CONTINUE,5,40.51,44.44,True,True,3.93,2024-11,1414.0,1490.0,1490.0,5.37,1404.96,1419.52,1513.6,True,False,False,False,False,True,False,50457.0,1785.0,-20.78,False,1.78,1.93,0.89,True,4,True,-4.37,-0.46,False,False,,tv_wilder_rsi14_sma5_v1,44.44,40.51,True,True,3.93
1379,1379.T,ホクト,2025-03,CONTINUE,4,47.56,51.48,True,False,3.92,2024-12,1802.0,1866.0,1866.0,3.55,1766.48,1792.63,1827.86,True,True,False,False,True,False,False,98180.0,1940.0,-7.11,False,0.54,1.26,0.91,True,4,True,-1.52,0.79,False,False,,tv_wilder_rsi14_sma5_v1,51.48,47.56,False,True,3.92
8566,8566.T,リコーリース,2025-03,CONTINUE,4,62.87,66.78,True,True,3.91,2024-12,5240.0,5480.0,5480.0,4.58,5147.6,5070.87,5148.6,True,True,True,False,True,True,True,20383.0,5580.0,-6.09,False,1.14,1.1,1.19,False,3,True,3.69,-0.77,False,False,,tv_wilder_rsi14_sma5_v1,66.78,62.87,True,True,3.91
6986,6986.T,双葉電子工業,2025-03,CONTINUE,4,44.04,47.91,True,True,3.88,2024-12,508.0,535.0,535.0,5.31,485.08,494.77,522.17,True,True,False,False,True,False,False,94183.0,667.0,-23.84,False,0.99,2.14,0.92,True,1,True,-3.86,1.5,False,False,,tv_wilder_rsi14_sma5_v1,47.91,44.04,True,True,3.88
9090,9090.T,ＡＺ－ＣＯＭ丸和ホールディングス,2025-03,CONTINUE,4,40.67,44.55,True,True,3.88,2024-12,1110.0,1233.0,1233.0,11.08,1080.24,1077.33,1154.83,True,True,False,False,True,False,False,259027.0,1635.0,-32.11,False,0.69,2.59,0.78,True,4,True,-11.55,0.77,False,False,,tv_wilder_rsi14_sma5_v1,44.55,40.67,True,True,3.88
7981,7981.T,タカラスタンダード,2025-03,CONTINUE,4,51.26,55.12,True,True,3.86,2024-12,1691.0,1757.0,1757.0,3.9,1666.16,1639.64,1701.2,True,True,False,False,True,True,False,64820.0,2117.0,-20.12,False,0.89,1.48,0.88,True,4,True,-0.44,0.25,False,False,,tv_wilder_rsi14_sma5_v1,55.12,51.26,True,True,3.86
2222,2222.T,寿スピリッツ,2025-03,CONTINUE,6,60.9,64.75,True,True,3.85,2024-10,2070.0,2430.0,2430.0,17.39,1910.12,1824.02,1841.32,True,True,True,False,True,True,False,766313.0,2462.0,-15.92,False,1.54,2.53,0.99,True,3,True,9.38,7.21,False,False,,tv_wilder_rsi14_sma5_v1,64.75,60.9,True,True,3.85
1852,1852.T,淺沼組,2025-03,CONTINUE,2,48.52,52.35,True,True,3.83,2025-02,680.0,698.0,698.0,2.65,660.36,649.69,689.83,True,True,False,False,True,False,False,209737.0,886.0,-23.25,False,0.86,1.63,0.9,True,4,True,-4.21,2.04,False,False,,tv_wilder_rsi14_sma5_v1,52.35,48.52,True,True,3.83
4577,4577.T,ダイト,2025-03,NEW,1,44.16,47.94,True,True,3.78,2025-03,1092.5,1092.5,1092.5,0.0,1066.84,1039.11,1097.01,True,True,False,False,True,True,False,60553.0,1286.5,-15.08,False,1.26,1.73,1.02,False,4,True,1.48,3.04,False,False,,tv_wilder_rsi14_sma5_v1,47.94,44.16,True,True,3.78
7381,7381.T,ＣＣＩグループ,2025-03,CONTINUE,5,61.09,64.87,True,True,3.78,2024-11,503.0,587.0,587.0,16.7,477.76,469.72,492.32,True,True,True,False,True,False,True,506600.0,590.0,-14.75,False,0.78,2.74,0.99,True,2,True,2.05,3.63,False,False,,tv_wilder_rsi14_sma5_v1,64.87,61.09,True,True,3.78
2264,2264.T,森永乳業,2025-03,NEW,1,49.87,53.63,False,True,3.77,2025-03,778.75,778.75,778.75,0.0,769.75,736.17,798.74,True,True,False,False,True,True,False,1711867.0,908.5,-14.28,False,0.73,2.16,0.86,True,4,True,-0.18,1.81,False,False,,tv_wilder_rsi14_sma5_v1,53.63,49.87,True,False,3.77
9602,9602.T,東宝,2025-03,CONTINUE,3,69.43,73.2,True,True,3.77,2025-01,1401.4,1480.4,1480.4,5.64,1293.35,1252.19,1120.32,True,True,True,True,False,True,True,2716367.0,1416.8,-1.09,False,0.94,2.55,0.92,True,2,True,30.32,4.26,False,False,,tv_wilder_rsi14_sma5_v1,73.2,69.43,True,True,3.77
8331,8331.T,千葉銀行,2025-03,CONTINUE,4,60.58,64.29,True,True,3.72,2024-12,1222.5,1399.0,1399.0,14.44,1242.84,1187.48,1262.49,False,True,False,False,True,True,True,2835420.0,1527.5,-19.97,False,0.5,2.01,0.95,True,4,False,2.96,-0.96,False,False,,tv_wilder_rsi14_sma5_v1,64.29,60.58,True,True,3.72
9684,9684.T,ｽｸｳｪｱ･ｴﾆｯｸｽ･ﾎｰﾙﾃﾞｨﾝｸﾞｽ,2025-03,CONTINUE,8,58.55,62.25,True,False,3.7,2024-08,1795.67,2318.0,2318.0,29.09,1664.36,1617.85,1787.93,True,True,True,False,True,False,False,2149780.0,2269.33,-20.87,False,0.79,1.84,0.67,True,1,True,2.73,9.32,False,False,,tv_wilder_rsi14_sma5_v1,62.25,58.55,False,True,3.7
3003,3003.T,ヒューリック,2025-03,CONTINUE,2,52.48,56.17,True,True,3.69,2025-02,1402.0,1437.0,1437.0,2.5,1374.38,1385.69,1425.8,True,True,False,False,True,False,False,3294180.0,1601.0,-12.43,False,1.2,1.3,0.94,True,4,False,-4.11,0.73,False,False,,tv_wilder_rsi14_sma5_v1,56.17,52.48,True,True,3.69
3834,3834.T,朝日ネット,2025-03,CONTINUE,4,53.05,56.75,True,True,3.69,2024-12,665.0,677.0,677.0,1.8,643.72,640.33,647.51,True,True,True,False,True,False,True,65150.0,696.0,-4.45,False,0.76,1.19,0.99,True,2,True,3.96,1.65,False,False,,tv_wilder_rsi14_sma5_v1,56.75,53.05,True,True,3.69
3864,3864.T,三菱製紙,2025-03,CONTINUE,4,53.71,57.4,True,True,3.69,2024-12,570.0,653.0,653.0,14.56,487.68,501.43,602.21,True,True,False,False,True,False,False,499013.0,864.0,-34.03,False,3.67,3.05,1.36,False,4,True,-2.36,6.71,True,False,,tv_wilder_rsi14_sma5_v1,57.4,53.71,True,True,3.69
9551,9551.T,メタウォーター,2025-03,CONTINUE,4,46.83,50.52,True,True,3.69,2024-12,1818.0,1920.0,1920.0,5.61,1790.08,1789.01,1907.83,True,True,False,False,True,True,False,81103.0,2392.0,-24.0,False,0.76,1.41,0.92,True,4,False,-6.76,-0.21,False,False,,tv_wilder_rsi14_sma5_v1,50.52,46.83,True,True,3.69
1926,1926.T,ライト工業,2025-03,CONTINUE,2,62.48,66.15,True,False,3.67,2025-02,2525.0,2462.0,2462.0,-2.5,2417.64,2266.49,2178.14,True,True,True,True,True,True,True,187110.0,2709.0,-6.79,False,1.06,3.18,0.71,True,2,True,22.04,5.79,False,False,,tv_wilder_rsi14_sma5_v1,66.15,62.48,False,True,3.67
4008,4008.T,住友精化,2025-03,CONTINUE,2,53.1,56.77,False,True,3.67,2025-02,990.0,1000.0,1000.0,1.01,966.48,952.49,1002.7,True,True,False,False,True,False,False,151883.0,1108.0,-10.65,False,0.91,2.0,0.94,True,4,True,-0.37,2.91,False,False,,tv_wilder_rsi14_sma5_v1,56.77,53.1,True,False,3.67
5301,5301.T,東海カーボン,2025-03,CONTINUE,2,41.89,45.52,True,True,3.64,2025-02,916.6,951.2,951.2,3.77,885.43,901.05,911.19,True,True,True,False,False,True,False,1190697.0,1071.0,-14.42,False,1.18,2.65,1.03,False,3,True,-3.69,2.75,False,False,,tv_wilder_rsi14_sma5_v1,45.52,41.89,True,True,3.64
6651,6651.T,日東工業,2025-03,CONTINUE,3,46.12,49.77,True,True,3.64,2025-01,2905.0,3115.0,3115.0,7.23,2875.0,2891.93,3236.66,True,True,False,False,True,False,False,70390.0,4645.0,-37.46,False,0.86,1.3,0.99,True,4,True,-13.63,1.19,False,False,,tv_wilder_rsi14_sma5_v1,49.77,46.12,True,True,3.64
1605,1605.T,ＩＮＰＥＸ,2025-03,NEW,1,51.84,55.45,True,True,3.61,2025-03,2057.5,2057.5,2057.5,0.0,1992.7,1950.88,2069.06,True,True,False,False,True,True,False,6682217.0,2628.0,-21.71,False,0.86,1.8,1.05,False,4,True,0.56,5.13,False,False,,tv_wilder_rsi14_sma5_v1,55.45,51.84,True,True,3.61
7516,7516.T,コーナン商事,2025-03,NEW,1,46.32,49.9,True,True,3.58,2025-03,3740.0,3740.0,3740.0,0.0,3675.4,3603.27,3729.65,True,True,True,False,True,True,False,152583.0,4760.0,-21.43,False,0.58,1.5,0.88,True,3,True,-2.92,1.71,False,False,,tv_wilder_rsi14_sma5_v1,49.9,46.32,True,True,3.58
5482,5482.T,愛知製鋼,2025-03,CONTINUE,7,76.35,79.87,True,False,3.52,2024-09,981.25,1752.5,1752.5,78.6,860.9,852.27,875.15,True,True,True,False,True,False,True,208107.0,1113.75,-11.9,False,2.8,3.07,1.3,False,2,True,6.68,8.42,False,False,,tv_wilder_rsi14_sma5_v1,79.87,76.35,False,True,3.52
8334,8334.T,群馬銀行,2025-03,CONTINUE,5,72.09,75.59,True,True,3.5,2024-11,1089.5,1231.5,1231.5,13.03,984.82,937.26,931.43,True,True,True,True,True,True,True,1667457.0,1114.5,-2.24,False,0.96,2.89,0.79,True,2,True,27.54,4.55,False,False,,tv_wilder_rsi14_sma5_v1,75.59,72.09,True,True,3.5
9216,9216.T,ビーウィズ,2025-03,NEW,1,43.26,46.72,True,True,3.47,2025-03,1605.0,1605.0,1605.0,0.0,1507.56,1476.68,1662.72,True,True,False,False,True,False,False,85463.0,2348.0,-31.64,False,1.63,1.57,1.05,False,4,True,-7.1,2.91,False,False,,tv_wilder_rsi14_sma5_v1,46.72,43.26,True,True,3.47
4612,4612.T,日本ペイントホールディングス,2025-03,CONTINUE,2,48.15,51.6,False,True,3.45,2025-02,1113.5,1121.0,1121.0,0.67,1000.34,1016.93,1013.12,True,True,True,False,False,False,False,3047253.0,1258.5,-11.52,False,1.37,2.84,1.26,False,1,True,9.53,7.51,True,False,,tv_wilder_rsi14_sma5_v1,51.6,48.15,True,False,3.45
4043,4043.T,トクヤマ,2025-03,CONTINUE,2,54.22,57.66,True,True,3.44,2025-02,2678.0,2789.0,2789.0,4.14,2643.94,2639.96,2783.77,True,True,False,False,True,False,False,454097.0,3260.0,-17.85,False,0.97,2.14,0.91,True,4,True,-1.21,1.37,False,False,,tv_wilder_rsi14_sma5_v1,57.66,54.22,True,True,3.44
5943,5943.T,ノーリツ,2025-03,NEW,1,50.4,53.83,False,True,3.43,2025-03,1763.0,1763.0,1763.0,0.0,1761.84,1709.88,1771.34,True,True,False,False,True,True,True,115557.0,2084.0,-15.4,False,0.71,1.71,0.82,True,4,True,1.28,1.45,False,False,,tv_wilder_rsi14_sma5_v1,53.83,50.4,True,False,3.43
8345,8345.T,岩手銀行,2025-03,CONTINUE,5,60.61,64.04,True,True,3.43,2024-11,658.75,788.75,788.75,19.73,632.41,608.16,637.25,True,True,True,False,True,False,True,171547.0,735.0,-10.37,False,0.88,3.0,0.9,True,1,True,2.19,2.38,False,False,,tv_wilder_rsi14_sma5_v1,64.04,60.61,True,True,3.43
3179,3179.T,シュッピン,2025-03,NEW,1,45.74,49.13,True,True,3.39,2025-03,1131.0,1131.0,1131.0,0.0,1045.12,1047.03,1172.29,True,True,False,False,False,True,False,392290.0,1547.0,-26.89,False,1.1,3.06,1.04,False,4,True,-1.68,5.21,False,False,,tv_wilder_rsi14_sma5_v1,49.13,45.74,True,True,3.39
8803,8803.T,平和不動産,2025-03,CONTINUE,7,60.53,63.92,True,True,3.39,2024-09,2040.0,2350.0,2350.0,15.2,2021.2,1988.9,1959.69,True,True,True,True,True,True,True,239833.0,2295.0,-11.11,False,0.95,1.88,1.03,False,2,True,2.62,0.31,False,False,,tv_wilder_rsi14_sma5_v1,63.92,60.53,True,True,3.39
9435,9435.T,光通信,2025-03,CONTINUE,5,74.05,77.44,True,True,3.39,2024-11,32780.0,38550.0,38550.0,17.6,31993.6,31496.67,28655.83,True,True,True,True,True,True,True,78690.0,33320.0,-1.62,False,0.87,2.24,0.91,True,2,True,22.72,-2.23,False,False,,tv_wilder_rsi14_sma5_v1,77.44,74.05,True,True,3.39
9989,9989.T,サンドラッグ,2025-03,CONTINUE,4,50.22,53.61,True,True,3.39,2024-12,4024.0,4209.0,4209.0,4.6,3870.6,3907.92,4099.01,True,True,False,False,True,False,False,447790.0,4902.0,-17.91,False,0.71,1.49,0.73,True,4,True,-6.87,1.23,False,False,,tv_wilder_rsi14_sma5_v1,53.61,50.22,True,True,3.39
3349,3349.T,コスモス薬品,2025-03,NEW,1,49.47,52.85,True,True,3.38,2025-03,7518.0,7518.0,7518.0,0.0,7242.68,7098.09,7001.71,True,True,True,True,True,True,True,301710.0,8178.0,-8.07,False,0.99,1.86,0.91,True,2,True,12.34,5.27,False,False,,tv_wilder_rsi14_sma5_v1,52.85,49.47,True,True,3.38
8179,8179.T,ロイヤルホールディングス,2025-03,NEW,1,49.61,52.99,True,True,3.38,2025-03,1277.0,1277.0,1277.0,0.0,1263.98,1232.66,1230.41,True,True,True,True,True,True,False,324860.0,1335.0,-4.34,False,0.83,1.76,1.01,False,3,True,4.53,2.16,False,False,,tv_wilder_rsi14_sma5_v1,52.99,49.61,True,True,3.38
2269,2269.T,明治ホールディングス,2025-03,NEW,1,42.34,45.67,False,True,3.32,2025-03,3250.0,3250.0,3250.0,0.0,3242.9,3146.9,3390.74,True,True,False,False,True,True,False,1621953.0,3837.0,-15.3,False,1.02,1.58,1.07,False,4,False,-3.3,1.72,False,False,,tv_wilder_rsi14_sma5_v1,45.67,42.34,True,False,3.32
9832,9832.T,オートバックスセブン,2025-03,CONTINUE,4,46.59,49.91,True,True,3.32,2024-12,1468.0,1509.0,1509.0,2.79,1437.6,1444.42,1508.41,True,True,False,False,True,False,False,173853.0,1681.0,-12.67,False,1.24,0.95,1.07,False,4,True,-4.64,0.49,False,False,,tv_wilder_rsi14_sma5_v1,49.91,46.59,True,True,3.32
3932,3932.T,アカツキ,2025-03,CONTINUE,5,57.72,61.02,True,False,3.3,2024-11,2423.0,3115.0,3115.0,28.56,2218.52,2110.84,2272.39,True,True,True,False,True,False,False,51903.0,2757.0,-12.11,False,1.1,3.13,1.09,False,3,True,12.09,7.6,False,False,,tv_wilder_rsi14_sma5_v1,61.02,57.72,False,True,3.3
7522,7522.T,ワタミ,2025-03,CONTINUE,2,51.11,54.4,False,True,3.3,2025-02,1009.0,1045.0,1045.0,3.57,948.4,975.19,936.75,True,True,True,False,True,False,True,73683.0,1132.0,-10.87,False,1.37,2.85,1.43,False,2,True,3.65,4.62,False,False,,tv_wilder_rsi14_sma5_v1,54.4,51.11,True,False,3.3
9409,9409.T,テレビ朝日ホールディングス,2025-03,CONTINUE,5,70.9,74.16,True,True,3.26,2024-11,2182.0,2535.0,2535.0,16.18,2025.44,2007.92,2041.03,True,True,True,False,True,True,True,109433.0,2290.0,-4.72,False,1.09,2.3,1.07,False,1,True,15.05,3.6,False,False,,tv_wilder_rsi14_sma5_v1,74.16,70.9,True,True,3.26
7380,7380.T,十六フィナンシャルグループ,2025-03,CONTINUE,4,62.59,65.8,True,True,3.21,2024-12,856.0,966.0,966.0,12.85,868.52,836.36,884.55,False,True,False,False,True,True,True,430100.0,985.0,-13.1,False,0.88,1.55,0.88,True,4,False,2.34,-1.49,False,False,,tv_wilder_rsi14_sma5_v1,65.8,62.59,True,True,3.21
8136,8136.T,サンリオ,2025-03,CONTINUE,9,85.0,88.22,True,True,3.21,2024-07,643.2,1374.0,1374.0,113.62,625.9,559.56,501.6,True,True,True,True,True,True,True,6344050.0,657.0,-2.1,False,1.15,3.04,0.98,True,2,True,41.96,2.53,False,False,,tv_wilder_rsi14_sma5_v1,88.22,85.0,True,True,3.21
9716,9716.T,乃村工藝社,2025-03,CONTINUE,4,49.11,52.31,True,True,3.21,2024-12,896.0,909.0,909.0,1.45,824.6,805.05,834.32,True,True,True,False,True,True,False,246023.0,952.0,-5.88,False,1.37,2.07,1.08,False,1,True,5.19,3.44,False,False,,tv_wilder_rsi14_sma5_v1,52.31,49.11,True,True,3.21
5032,5032.T,ＡＮＹＣＯＬＯＲ,2025-03,CONTINUE,4,49.51,52.71,True,True,3.2,2024-12,2816.0,3230.0,3230.0,14.7,2496.68,2359.24,2413.76,True,True,True,False,True,True,False,1576523.0,3850.0,-26.86,False,0.67,4.72,0.95,True,3,True,3.98,9.69,False,False,,tv_wilder_rsi14_sma5_v1,52.71,49.51,True,True,3.2
7951,7951.T,ヤマハ,2025-03,NEW,1,36.92,40.1,False,True,3.18,2025-03,1156.5,1156.5,1156.5,0.0,1163.88,1114.03,1148.58,False,True,True,False,True,True,True,1943710.0,1294.5,-10.66,False,1.08,2.79,1.1,False,1,True,2.34,1.73,False,False,,tv_wilder_rsi14_sma5_v1,40.1,36.92,True,False,3.18
7186,7186.T,横浜フィナンシャルグループ,2025-03,NEW,1,64.18,67.35,True,True,3.17,2025-03,981.2,981.2,981.2,0.0,956.35,905.89,871.4,True,True,True,True,True,True,True,5042487.0,1055.0,-7.0,False,1.05,3.22,0.95,True,1,True,18.02,6.95,False,False,,tv_wilder_rsi14_sma5_v1,67.35,64.18,True,True,3.17
3397,3397.T,トリドールホールディングス,2025-03,CONTINUE,2,56.19,59.35,False,True,3.16,2025-02,3862.0,4046.0,4046.0,4.76,3803.4,3769.09,3740.64,True,True,True,True,True,False,False,354817.0,4335.0,-10.91,False,1.13,2.76,1.34,False,1,True,4.57,3.8,False,False,,tv_wilder_rsi14_sma5_v1,59.35,56.19,True,False,3.16
8217,8217.T,オークワ,2025-03,NEW,1,43.92,47.07,False,True,3.16,2025-03,860.0,860.0,860.0,0.0,829.24,833.63,881.79,True,True,False,False,True,False,False,191010.0,1051.0,-18.17,False,0.98,2.71,1.14,False,4,True,-4.45,3.33,False,False,,tv_wilder_rsi14_sma5_v1,47.07,43.92,True,False,3.16
2681,2681.T,ゲオホールディングス,2025-03,CONTINUE,5,48.28,51.42,True,True,3.14,2024-11,1580.0,1814.0,1814.0,14.81,1521.64,1550.93,1708.55,True,True,False,False,False,False,False,287713.0,2511.0,-37.08,False,1.5,3.22,0.89,True,4,True,-12.06,3.93,False,False,,tv_wilder_rsi14_sma5_v1,51.42,48.28,True,True,3.14
7438,7438.T,コンドーテック,2025-03,NEW,1,60.95,64.09,True,True,3.14,2025-03,1424.0,1424.0,1424.0,0.0,1378.0,1351.21,1324.89,True,True,True,True,True,True,True,76327.0,1462.0,-2.6,False,2.35,1.86,1.15,False,1,True,8.02,2.67,False,False,,tv_wilder_rsi14_sma5_v1,64.09,60.95,True,True,3.14
1944,1944.T,きんでん,2025-03,NEW,1,72.01,75.13,False,True,3.13,2025-03,3350.0,3350.0,3350.0,0.0,3308.28,3167.85,3170.61,True,True,True,False,True,True,True,384003.0,3515.0,-4.69,False,1.01,2.05,0.94,True,1,True,8.61,0.66,False,False,,tv_wilder_rsi14_sma5_v1,75.13,72.01,True,False,3.13
8713,8713.T,フィデアホールディングス,2025-03,CONTINUE,3,49.82,52.95,True,False,3.13,2025-01,1512.0,1519.0,1519.0,0.46,1439.64,1421.81,1497.83,True,True,True,False,True,True,False,54127.0,1682.0,-10.11,False,0.67,1.26,1.01,False,3,True,0.83,2.57,False,False,,tv_wilder_rsi14_sma5_v1,52.95,49.82,False,True,3.13
4626,4626.T,太陽ホールディングス,2025-03,NEW,1,71.1,74.21,True,True,3.11,2025-03,2410.0,2410.0,2410.0,0.0,2104.7,2064.5,1917.49,True,True,True,True,True,True,True,386780.0,2482.5,-2.92,False,1.72,2.93,1.35,False,2,True,32.69,11.48,False,False,,tv_wilder_rsi14_sma5_v1,74.21,71.1,True,True,3.11
7366,7366.T,LITALICO,2025-03,CONTINUE,3,32.75,35.86,True,True,3.11,2025-01,1107.0,1111.0,1111.0,0.36,888.56,985.0,1339.71,True,True,False,False,False,False,False,267603.0,2308.0,-52.04,False,2.49,3.6,1.29,False,4,True,-25.65,8.55,True,False,,tv_wilder_rsi14_sma5_v1,35.86,32.75,True,True,3.11
8399,8399.T,琉球銀行,2025-03,CONTINUE,4,52.47,55.57,True,True,3.11,2024-12,1066.0,1149.0,1149.0,7.79,1041.92,1019.2,1119.85,True,True,False,False,True,False,False,72660.0,1342.0,-20.57,False,0.9,1.94,1.04,False,4,True,-3.26,1.03,False,False,,tv_wilder_rsi14_sma5_v1,55.57,52.47,True,True,3.11
1942,1942.T,関電工,2025-03,CONTINUE,4,84.11,87.22,True,True,3.1,2024-12,2317.0,2679.0,2679.0,15.62,2265.86,2218.92,1965.33,True,True,True,True,True,True,True,504007.0,2410.0,-3.86,False,0.68,2.45,1.05,False,2,True,28.91,1.46,False,False,,tv_wilder_rsi14_sma5_v1,87.22,84.11,True,True,3.1
6143,6143.T,ソディック,2025-03,CONTINUE,3,54.69,57.79,True,False,3.1,2025-01,829.0,861.0,861.0,3.86,758.84,751.19,740.23,True,True,True,True,True,False,True,186787.0,839.0,-1.19,False,0.96,2.24,1.29,False,2,True,13.24,7.99,False,False,,tv_wilder_rsi14_sma5_v1,57.79,54.69,False,True,3.1
3861,3861.T,王子ホールディングス,2025-03,CONTINUE,4,52.93,56.02,True,True,3.09,2024-12,604.1,627.2,627.2,3.82,574.95,570.13,599.73,True,True,True,False,True,True,True,4707080.0,680.5,-11.23,False,0.7,2.01,0.78,True,3,True,2.75,2.8,False,False,,tv_wilder_rsi14_sma5_v1,56.02,52.93,True,True,3.09
3388,3388.T,明治電機工業,2025-03,CONTINUE,4,50.91,53.99,True,True,3.08,2024-12,1440.0,1505.0,1505.0,4.51,1383.68,1413.41,1547.63,True,True,False,False,False,False,False,22830.0,1995.0,-27.82,False,0.97,1.67,0.97,True,4,True,-5.54,1.13,False,False,,tv_wilder_rsi14_sma5_v1,53.99,50.91,True,True,3.08
2930,2930.T,北の達人コーポレーション,2025-03,CONTINUE,3,33.49,36.53,True,True,3.04,2025-01,162.0,165.0,165.0,1.85,156.88,153.13,166.72,True,True,False,False,True,False,False,981477.0,252.0,-35.71,False,0.43,4.19,0.72,True,4,True,-7.99,3.18,False,False,,tv_wilder_rsi14_sma5_v1,36.53,33.49,True,True,3.04
1766,1766.T,東建コーポレーション,2025-03,CONTINUE,4,70.04,73.07,True,True,3.03,2024-12,12580.0,12900.0,12900.0,2.54,11539.2,11136.67,11064.95,True,True,True,True,True,True,True,27237.0,13000.0,-3.23,False,0.82,4.09,0.79,True,2,True,17.16,2.3,False,False,,tv_wilder_rsi14_sma5_v1,73.07,70.04,True,True,3.03
4022,4022.T,ラサ工業,2025-03,NEW,1,56.09,59.11,False,True,3.03,2025-03,556.4,556.4,556.4,0.0,541.56,528.02,546.05,True,True,True,False,True,False,False,153333.0,667.0,-16.58,False,1.29,2.53,1.05,False,3,True,1.26,2.81,False,False,,tv_wilder_rsi14_sma5_v1,59.11,56.09,True,False,3.03
3903,3903.T,ｇｕｍｉ,2025-03,CONTINUE,5,45.75,48.77,True,False,3.02,2024-11,360.0,471.0,471.0,30.83,332.36,322.79,352.04,True,True,True,False,True,True,False,599817.0,510.0,-29.41,False,2.23,4.64,1.37,False,3,True,0.2,5.68,False,False,,tv_wilder_rsi14_sma5_v1,48.77,45.75,False,True,3.02
1861,1861.T,熊谷組,2025-03,CONTINUE,5,59.99,62.98,True,True,2.99,2024-11,900.0,1007.5,1007.5,11.94,885.65,880.32,927.1,True,True,False,False,False,True,False,405760.0,1091.25,-17.53,False,0.85,2.69,0.86,True,4,True,-0.13,1.51,False,False,,tv_wilder_rsi14_sma5_v1,62.98,59.99,True,True,2.99
2117,2117.T,ウェルネオシュガー,2025-03,CONTINUE,3,57.62,60.61,True,True,2.99,2025-01,2304.0,2330.0,2330.0,1.13,2203.0,2197.33,2231.41,True,True,True,False,True,True,False,31580.0,2445.0,-5.77,False,1.44,1.45,1.19,False,1,True,4.5,2.96,False,False,,tv_wilder_rsi14_sma5_v1,60.61,57.62,True,True,2.99
3302,3302.T,帝国繊維,2025-03,NEW,1,55.04,58.03,False,True,2.99,2025-03,2568.0,2568.0,2568.0,0.0,2530.8,2424.35,2515.51,True,True,True,False,True,False,True,35327.0,3130.0,-17.96,False,1.25,1.49,0.86,True,2,True,5.09,0.71,False,False,,tv_wilder_rsi14_sma5_v1,58.03,55.04,True,False,2.99
8795,8795.T,Ｔ＆Ｄホールディングス,2025-03,CONTINUE,5,66.26,69.23,True,True,2.98,2024-11,2833.0,3174.0,3174.0,12.04,2522.02,2481.67,2586.38,True,True,True,False,False,False,True,2302767.0,3105.0,-8.76,False,1.71,3.22,1.11,False,1,True,14.64,3.46,False,False,,tv_wilder_rsi14_sma5_v1,69.23,66.26,True,True,2.98
9304,9304.T,澁澤倉庫,2025-03,CONTINUE,6,59.23,62.21,True,True,2.97,2024-10,788.75,810.0,810.0,2.69,778.85,745.14,758.54,True,True,True,False,True,True,True,91307.0,833.75,-5.4,False,0.86,2.09,1.01,False,1,True,4.78,1.44,False,False,,tv_wilder_rsi14_sma5_v1,62.21,59.23,True,True,2.97
3132,3132.T,マクニカホールディングス,2025-03,NEW,1,49.53,52.49,True,True,2.96,2025-03,1926.5,1926.5,1926.5,0.0,1897.3,1817.69,1910.72,True,True,True,False,True,True,False,606013.0,2540.0,-24.15,False,1.01,2.47,0.83,True,3,True,-2.12,3.08,False,False,,tv_wilder_rsi14_sma5_v1,52.49,49.53,True,True,2.96
2181,2181.T,パーソルホールディングス,2025-03,NEW,1,47.62,50.56,False,True,2.95,2025-03,247.9,247.9,247.9,0.0,245.4,237.02,246.55,True,True,True,False,True,True,True,7558103.0,288.8,-14.16,False,1.29,2.47,1.08,False,2,True,6.82,4.04,False,False,,tv_wilder_rsi14_sma5_v1,50.56,47.62,True,False,2.95
5852,5852.T,アーレスティ,2025-03,CONTINUE,4,48.63,51.59,True,True,2.95,2024-12,605.0,648.0,648.0,7.11,537.48,556.32,656.33,True,True,False,False,False,False,False,198960.0,859.0,-29.57,False,1.96,2.36,1.26,False,4,True,-9.44,6.79,False,False,,tv_wilder_rsi14_sma5_v1,51.59,48.63,True,True,2.95
5110,5110.T,住友ゴム工業,2025-03,NEW,1,59.46,62.38,True,True,2.93,2025-03,1883.0,1883.0,1883.0,0.0,1862.54,1793.22,1659.95,True,True,True,True,True,True,True,1569683.0,1990.0,-5.38,False,1.17,2.38,0.95,True,2,True,11.87,2.96,False,False,,tv_wilder_rsi14_sma5_v1,62.38,59.46,True,True,2.93
5186,5186.T,ニッタ,2025-03,NEW,1,53.44,56.36,False,True,2.92,2025-03,3740.0,3740.0,3740.0,0.0,3742.4,3645.07,3731.07,False,True,True,False,True,True,False,27490.0,4165.0,-10.2,False,1.54,1.8,1.04,False,3,True,0.15,0.94,False,False,,tv_wilder_rsi14_sma5_v1,56.36,53.44,True,False,2.92
8037,8037.T,カメイ,2025-03,CONTINUE,2,54.29,57.21,False,True,2.92,2025-02,1921.0,1977.0,1977.0,2.92,1823.48,1842.72,1995.69,True,True,False,False,True,False,False,36047.0,2450.0,-21.59,False,1.16,2.86,1.16,False,4,True,-0.39,4.75,False,False,,tv_wilder_rsi14_sma5_v1,57.21,54.29,True,False,2.92
8150,8150.T,三信電気,2025-03,CONTINUE,2,46.35,49.27,True,False,2.92,2025-02,2054.0,2053.0,2053.0,-0.05,2008.32,1942.32,2029.51,True,True,True,False,True,False,False,130747.0,2425.0,-15.3,False,3.66,2.74,0.98,True,3,False,0.22,1.93,True,False,,tv_wilder_rsi14_sma5_v1,49.27,46.35,False,True,2.92
9755,9755.T,応用地質,2025-03,CONTINUE,2,56.66,59.58,True,False,2.92,2025-02,2787.0,2772.0,2772.0,-0.54,2775.64,2556.93,2550.91,True,True,True,True,True,True,True,82170.0,3135.0,-11.1,False,0.86,4.32,0.71,True,1,True,16.73,1.36,False,False,,tv_wilder_rsi14_sma5_v1,59.58,56.66,False,True,2.92
2168,2168.T,パソナグループ,2025-03,CONTINUE,2,47.67,50.57,True,True,2.9,2025-02,2021.0,2149.0,2149.0,6.33,2005.44,1991.49,2108.16,True,True,False,False,True,False,False,132387.0,2962.0,-31.77,False,0.87,1.72,1.05,False,4,True,-8.08,0.29,False,False,,tv_wilder_rsi14_sma5_v1,50.57,47.67,True,True,2.9
8278,8278.T,フジ,2025-03,NEW,1,56.29,59.18,True,True,2.89,2025-03,2170.0,2170.0,2170.0,0.0,2152.68,2098.56,2044.61,True,True,True,True,True,True,True,173800.0,2216.0,-2.08,False,0.58,1.41,0.91,True,2,True,6.66,-0.92,False,False,,tv_wilder_rsi14_sma5_v1,59.18,56.29,True,True,2.89
4396,4396.T,システムサポートホールディングス,2025-03,CONTINUE,3,53.99,56.87,True,False,2.88,2025-01,992.5,1000.0,1000.0,0.76,898.3,907.81,936.3,True,True,True,False,False,False,False,79387.0,1106.0,-10.26,False,2.74,2.39,1.27,False,3,True,6.33,8.07,False,False,,tv_wilder_rsi14_sma5_v1,56.87,53.99,False,True,2.88
3148,3148.T,クリエイトＳＤホールディングス,2025-03,NEW,1,39.03,41.83,False,True,2.8,2025-03,2908.0,2908.0,2908.0,0.0,2846.88,2820.65,3064.99,True,True,False,False,True,False,False,63787.0,3675.0,-20.87,False,1.35,1.28,0.93,True,4,True,-5.39,1.92,False,False,,tv_wilder_rsi14_sma5_v1,41.83,39.03,True,False,2.8
7241,7241.T,フタバ産業,2025-03,CONTINUE,4,51.76,54.51,True,True,2.75,2024-12,722.0,778.0,778.0,7.76,684.88,684.37,814.25,True,True,False,False,True,False,False,221553.0,1214.0,-40.53,False,1.01,1.86,1.09,False,4,True,-11.54,1.9,False,False,,tv_wilder_rsi14_sma5_v1,54.51,51.76,True,True,2.75
8750,8750.T,第一ライフグループ,2025-03,CONTINUE,4,63.59,66.33,True,True,2.75,2024-12,1058.75,1133.0,1133.0,7.01,1050.75,989.75,996.62,True,True,True,False,True,True,True,10885200.0,1201.5,-11.88,False,0.72,1.93,0.95,True,2,True,16.18,0.32,False,False,,tv_wilder_rsi14_sma5_v1,66.33,63.59,True,True,2.75
9936,9936.T,王将フードサービス,2025-03,NEW,1,65.96,68.71,True,True,2.75,2025-03,3215.0,3215.0,3215.0,0.0,3173.2,3063.48,2941.62,True,True,True,True,True,True,True,166233.0,3355.0,-4.17,False,2.24,1.76,1.01,False,2,True,12.33,1.18,False,False,,tv_wilder_rsi14_sma5_v1,68.71,65.96,True,True,2.75
1950,1950.T,日本電設工業,2025-03,CONTINUE,5,54.33,57.05,True,False,2.72,2024-11,1939.0,2101.0,2101.0,8.35,1845.08,1836.51,1941.78,True,True,False,False,False,False,False,56333.0,2220.0,-12.66,False,1.13,2.17,0.98,True,4,True,0.6,1.45,False,False,,tv_wilder_rsi14_sma5_v1,57.05,54.33,False,True,2.72
8174,8174.T,日本瓦斯,2025-03,CONTINUE,3,50.12,52.84,True,True,2.72,2025-01,2179.0,2231.0,2231.0,2.39,2156.32,2122.25,2289.28,True,True,False,False,True,False,False,323530.0,2719.5,-19.87,False,1.38,2.08,1.13,False,4,True,-5.12,1.83,False,False,,tv_wilder_rsi14_sma5_v1,52.84,50.12,True,True,2.72
8103,8103.T,明和産業,2025-03,CONTINUE,4,49.62,52.34,True,False,2.71,2024-12,650.0,696.0,696.0,7.08,633.84,641.89,674.58,True,True,False,False,False,False,False,72463.0,745.0,-12.75,False,1.07,0.76,1.0,False,4,True,-3.01,0.39,False,False,,tv_wilder_rsi14_sma5_v1,52.34,49.62,False,True,2.71
9946,9946.T,ミニストップ,2025-03,NEW,1,63.7,66.42,False,True,2.71,2025-03,1817.0,1817.0,1817.0,0.0,1782.16,1723.64,1699.29,True,True,True,True,True,True,True,85183.0,1859.0,-2.26,False,0.58,1.78,0.88,True,2,True,10.66,2.74,False,False,,tv_wilder_rsi14_sma5_v1,66.42,63.7,True,False,2.71
3391,3391.T,ツルハホールディングス,2025-03,CONTINUE,4,44.08,46.76,True,True,2.68,2024-12,1745.0,1863.2,1863.2,6.77,1655.83,1706.28,1830.92,True,True,False,False,False,False,False,882333.0,2639.0,-33.88,False,1.49,1.85,1.22,False,4,True,-12.62,-0.56,False,False,,tv_wilder_rsi14_sma5_v1,46.76,44.08,True,True,2.68
1930,1930.T,北陸電気工事,2025-03,CONTINUE,3,58.12,60.79,True,True,2.67,2025-01,1201.0,1214.0,1214.0,1.08,1117.56,1131.31,1146.3,True,True,True,False,True,False,False,27867.0,1324.0,-9.29,False,2.58,2.1,1.23,False,3,True,2.92,3.43,False,False,,tv_wilder_rsi14_sma5_v1,60.79,58.12,True,True,2.67
5541,5541.T,大平洋金属,2025-03,CONTINUE,9,50.51,53.16,True,False,2.65,2024-07,1364.0,1709.0,1709.0,25.29,1281.36,1288.21,1293.0,True,True,True,False,True,False,False,206330.0,1728.0,-21.06,False,1.65,1.84,1.14,False,3,True,0.27,0.88,True,False,,tv_wilder_rsi14_sma5_v1,53.16,50.51,False,True,2.65
4718,4718.T,早稲田アカデミー,2025-03,CONTINUE,6,74.87,77.5,True,True,2.63,2024-10,1679.0,2056.0,2056.0,22.45,1628.12,1588.81,1600.45,True,True,True,False,True,True,False,46743.0,1878.0,-10.6,False,0.39,1.99,1.07,False,3,True,8.95,2.37,False,False,,tv_wilder_rsi14_sma5_v1,77.5,74.87,True,True,2.63
5202,5202.T,日本板硝子,2025-03,CONTINUE,4,38.39,41.03,True,False,2.63,2024-12,357.0,395.0,395.0,10.64,343.6,354.28,411.2,True,True,False,False,False,False,False,1034367.0,627.0,-43.06,False,0.97,2.52,0.89,True,4,True,-18.32,1.22,False,False,,tv_wilder_rsi14_sma5_v1,41.03,38.39,False,True,2.63
3843,3843.T,フリービット,2025-03,CONTINUE,2,55.78,58.4,True,True,2.62,2025-02,1537.0,1552.0,1552.0,0.98,1494.28,1421.49,1336.17,True,True,True,True,True,True,True,100673.0,1697.0,-9.43,False,0.52,2.5,0.79,True,1,True,10.8,0.16,False,False,,tv_wilder_rsi14_sma5_v1,58.4,55.78,True,True,2.62
9616,9616.T,共立メンテナンス,2025-03,CONTINUE,5,54.32,56.94,True,True,2.62,2024-11,2767.0,3112.0,3112.0,12.47,2547.3,2439.02,2862.14,True,True,False,False,True,False,False,608490.0,3624.5,-23.66,False,1.18,2.61,1.04,False,4,True,-0.07,4.33,True,False,,tv_wilder_rsi14_sma5_v1,56.94,54.32,True,True,2.62
1419,1419.T,タマホーム,2025-03,NEW,1,48.33,50.95,False,True,2.61,2025-03,3615.0,3615.0,3615.0,0.0,3493.4,3413.4,3758.7,True,True,False,False,True,False,False,138740.0,4645.0,-22.17,False,1.53,1.58,0.88,True,4,True,-3.97,4.43,False,False,,tv_wilder_rsi14_sma5_v1,50.95,48.33,True,False,2.61
7976,7976.T,三菱鉛筆,2025-03,CONTINUE,2,61.43,64.04,False,True,2.61,2025-02,2522.0,2535.0,2535.0,0.52,2369.56,2391.29,2406.64,True,True,True,False,True,False,False,106287.0,2760.0,-8.62,False,0.92,3.25,1.38,False,1,True,9.23,7.47,False,False,,tv_wilder_rsi14_sma5_v1,64.04,61.43,True,False,2.61
9039,9039.T,サカイ引越センター,2025-03,NEW,1,47.42,50.02,True,True,2.6,2025-03,2494.0,2494.0,2494.0,0.0,2457.36,2421.21,2468.75,True,True,True,False,True,True,True,156613.0,2818.0,-11.5,False,1.61,1.67,1.15,False,1,True,0.83,1.76,False,False,,tv_wilder_rsi14_sma5_v1,50.02,47.42,True,True,2.6
3087,3087.T,ドトール・日レスホールディングス,2025-03,CONTINUE,4,63.23,65.83,True,True,2.59,2024-12,2339.0,2423.0,2423.0,3.59,2296.8,2269.08,2196.99,True,True,True,True,True,True,True,75650.0,2343.0,-0.17,False,0.97,1.07,0.97,True,2,True,5.93,0.08,False,False,,tv_wilder_rsi14_sma5_v1,65.83,63.23,True,True,2.59
6817,6817.T,スミダコーポレーション,2025-03,CONTINUE,3,39.93,42.52,True,True,2.59,2025-01,914.0,968.0,968.0,5.91,899.68,930.01,1014.16,True,False,False,False,False,False,False,374913.0,1264.0,-27.69,False,0.44,1.41,0.97,True,4,True,-13.27,2.01,False,False,,tv_wilder_rsi14_sma5_v1,42.52,39.93,True,True,2.59
2337,2337.T,いちご,2025-03,NEW,1,51.41,54.0,False,True,2.58,2025-03,386.0,386.0,386.0,0.0,373.96,364.72,378.66,True,True,True,False,True,False,False,883463.0,468.0,-17.52,False,0.9,2.18,1.12,False,1,True,1.83,4.36,False,False,,tv_wilder_rsi14_sma5_v1,54.0,51.41,True,False,2.58
2752,2752.T,フジオフードグループ本社,2025-03,NEW,1,36.94,39.52,False,True,2.58,2025-03,1172.0,1172.0,1172.0,0.0,1173.64,1144.33,1285.36,False,True,False,False,True,False,False,178840.0,1538.0,-23.8,False,1.53,1.32,0.9,True,4,True,-9.37,1.45,False,False,,tv_wilder_rsi14_sma5_v1,39.52,36.94,True,False,2.58
7575,7575.T,日本ライフライン,2025-03,CONTINUE,7,65.66,68.22,True,False,2.56,2024-09,1225.0,1528.0,1528.0,24.73,1169.16,1133.83,1188.92,True,True,True,False,True,True,True,154123.0,1357.0,-9.73,False,1.39,2.05,0.99,True,1,True,2.42,1.72,False,False,,tv_wilder_rsi14_sma5_v1,68.22,65.66,False,True,2.56
3076,3076.T,あい   ホールディングス,2025-03,NEW,1,41.67,44.19,False,True,2.52,2025-03,2075.0,2075.0,2075.0,0.0,2035.8,2041.73,2238.4,True,True,False,False,True,False,False,190727.0,2693.0,-22.95,False,0.94,1.36,0.85,True,4,True,-8.09,2.77,False,False,,tv_wilder_rsi14_sma5_v1,44.19,41.67,True,False,2.52
3088,3088.T,マツキヨココカラ＆カンパニー,2025-03,CONTINUE,4,50.28,52.8,True,True,2.52,2024-12,2305.0,2340.5,2340.5,1.54,2202.06,2185.47,2258.31,True,True,True,False,True,False,False,1300420.0,2798.0,-17.62,False,0.85,2.15,0.92,True,3,True,-3.65,0.4,False,False,,tv_wilder_rsi14_sma5_v1,52.8,50.28,True,True,2.52
5970,5970.T,ジーテクト,2025-03,NEW,1,49.36,51.89,True,True,2.52,2025-03,1743.0,1743.0,1743.0,0.0,1723.48,1683.73,1688.94,True,True,True,False,True,True,False,152410.0,2210.0,-21.13,False,0.97,1.76,1.06,False,3,True,-0.33,2.07,False,False,,tv_wilder_rsi14_sma5_v1,51.89,49.36,True,True,2.52
8364,8364.T,清水銀行,2025-03,CONTINUE,3,45.06,47.58,True,True,2.52,2025-01,1504.0,1503.0,1503.0,-0.07,1448.76,1458.09,1523.16,True,True,False,False,False,False,False,26617.0,1704.0,-11.74,False,0.9,1.29,1.0,True,4,True,-0.79,2.62,False,False,,tv_wilder_rsi14_sma5_v1,47.58,45.06,True,True,2.52
2918,2918.T,わらべや日洋ホールディングス,2025-03,CONTINUE,3,43.41,45.91,True,True,2.51,2025-01,2110.0,2151.0,2151.0,1.94,2036.52,2022.6,2241.84,True,True,False,False,True,False,False,87277.0,3060.0,-31.05,False,0.81,1.6,0.82,True,4,True,-9.75,4.58,False,False,,tv_wilder_rsi14_sma5_v1,45.91,43.41,True,True,2.51
7231,7231.T,トピー工業,2025-03,CONTINUE,4,47.31,49.8,True,True,2.49,2024-12,2001.0,2126.0,2126.0,6.25,1913.32,1944.04,2244.16,True,True,False,False,True,False,False,53173.0,3095.0,-35.35,False,1.2,1.45,1.03,False,4,True,-13.48,1.93,False,False,,tv_wilder_rsi14_sma5_v1,49.8,47.31,True,True,2.49
4118,4118.T,カネカ,2025-03,CONTINUE,4,47.75,50.22,True,True,2.48,2024-12,3754.0,3808.0,3808.0,1.44,3608.04,3690.12,3885.4,True,True,False,False,True,False,False,184193.0,4449.0,-15.62,False,0.95,1.34,0.83,True,4,True,-3.19,0.72,False,False,,tv_wilder_rsi14_sma5_v1,50.22,47.75,True,True,2.48
5830,5830.T,いよぎんホールディングス,2025-03,CONTINUE,5,76.2,78.67,True,True,2.47,2024-11,1544.0,1758.0,1758.0,13.86,1529.42,1423.03,1337.59,True,True,True,True,True,True,True,1008740.0,1694.0,-8.85,False,0.84,2.67,0.76,True,2,True,27.55,-2.38,False,False,,tv_wilder_rsi14_sma5_v1,78.67,76.2,True,True,2.47
7856,7856.T,萩原工業,2025-03,CONTINUE,2,51.02,53.49,True,True,2.47,2025-02,1492.0,1557.0,1557.0,4.36,1486.48,1488.77,1514.38,True,True,False,False,False,False,False,29353.0,1682.0,-11.3,False,0.89,1.44,0.99,True,4,False,1.85,1.79,False,False,,tv_wilder_rsi14_sma5_v1,53.49,51.02,True,True,2.47
7419,7419.T,ノジマ,2025-03,CONTINUE,7,72.77,75.21,True,True,2.45,2024-09,675.33,843.33,843.33,24.88,612.31,558.86,570.45,True,True,True,False,True,True,True,942100.0,696.67,-3.06,False,2.21,2.68,1.17,False,1,True,29.16,6.74,False,False,,tv_wilder_rsi14_sma5_v1,75.21,72.77,True,True,2.45
2503,2503.T,キリンホールディングス,2025-03,NEW,1,46.12,48.56,False,True,2.44,2025-03,2077.5,2077.5,2077.5,0.0,2063.08,2020.85,2101.36,True,True,False,False,True,False,False,3245330.0,2310.0,-10.06,False,1.01,1.33,0.96,True,4,True,-0.72,1.94,False,False,,tv_wilder_rsi14_sma5_v1,48.56,46.12,True,False,2.44
6440,6440.T,ＪＵＫＩ,2025-03,CONTINUE,2,37.46,39.9,True,False,2.44,2025-02,452.0,405.0,405.0,-10.4,411.04,387.28,430.58,True,True,True,False,True,True,False,182933.0,599.0,-24.54,False,0.88,3.93,0.96,True,3,True,1.88,5.74,False,False,,tv_wilder_rsi14_sma5_v1,39.9,37.46,False,True,2.44
5632,5632.T,三菱製鋼,2025-03,CONTINUE,4,57.68,60.1,True,False,2.43,2024-12,1543.0,1632.0,1632.0,5.77,1421.44,1374.77,1416.19,True,True,True,False,True,True,False,60983.0,1671.0,-7.66,False,1.33,2.23,1.21,False,1,True,7.64,4.99,False,False,,tv_wilder_rsi14_sma5_v1,60.1,57.68,False,True,2.43
9628,9628.T,燦ホールディングス,2025-03,CONTINUE,2,53.26,55.69,True,False,2.43,2025-02,1219.0,1188.0,1188.0,-2.54,1113.72,1114.39,1150.65,True,True,True,False,True,False,True,45523.0,1382.0,-11.79,False,0.92,4.37,1.37,False,1,True,11.88,10.03,False,False,,tv_wilder_rsi14_sma5_v1,55.69,53.26,False,True,2.43
3946,3946.T,トーモク,2025-03,CONTINUE,3,52.46,54.88,True,True,2.42,2025-01,2370.0,2402.0,2402.0,1.35,2257.4,2263.87,2479.41,True,True,False,False,True,False,False,21693.0,2960.0,-19.93,False,1.02,1.75,1.01,False,4,True,-2.77,1.91,True,False,,tv_wilder_rsi14_sma5_v1,54.88,52.46,True,True,2.42
4005,4005.T,住友化学,2025-03,NEW,1,41.68,44.1,False,True,2.42,2025-03,361.4,361.4,361.4,0.0,362.76,349.04,371.91,False,True,False,False,True,False,True,9888457.0,458.3,-21.14,False,0.93,2.07,0.81,True,1,True,4.63,2.5,False,False,,tv_wilder_rsi14_sma5_v1,44.1,41.68,True,False,2.42
5357,5357.T,ヨータイ,2025-03,CONTINUE,3,56.64,59.05,False,False,2.41,2025-01,1697.0,1699.0,1699.0,0.12,1632.48,1611.97,1676.63,True,True,True,False,True,False,True,24037.0,1907.0,-11.01,False,0.75,1.79,1.3,False,2,True,6.46,3.46,False,False,,tv_wilder_rsi14_sma5_v1,59.05,56.64,False,False,2.41
5947,5947.T,リンナイ,2025-03,CONTINUE,3,50.47,52.87,True,True,2.4,2025-01,3427.0,3456.0,3456.0,0.85,3294.12,3287.91,3440.7,True,True,False,False,True,False,False,359137.0,3910.0,-12.35,False,1.13,1.41,0.88,True,4,True,0.63,3.5,False,False,,tv_wilder_rsi14_sma5_v1,52.87,50.47,True,True,2.4
6788,6788.T,日本トリム,2025-03,CONTINUE,5,57.55,59.95,True,True,2.39,2024-11,3615.0,3855.0,3855.0,6.64,3508.4,3565.87,3505.43,True,True,True,False,False,True,True,14017.0,3995.0,-9.51,False,1.52,2.56,0.95,True,1,True,7.95,-1.23,False,False,,tv_wilder_rsi14_sma5_v1,59.95,57.55,True,True,2.39
8308,8308.T,りそなホールディングス,2025-03,NEW,1,69.65,72.05,True,True,2.39,2025-03,1287.0,1287.0,1287.0,0.0,1277.52,1197.75,1107.88,True,True,True,True,True,True,True,11040640.0,1430.0,-10.0,False,0.91,3.61,1.01,False,2,True,25.97,6.91,False,False,,tv_wilder_rsi14_sma5_v1,72.05,69.65,True,True,2.39
6062,6062.T,チャーム  ･ケア  ･コーポレーション,2025-03,NEW,1,48.9,51.27,True,True,2.37,2025-03,1338.0,1338.0,1338.0,0.0,1277.04,1282.47,1356.69,True,True,False,False,False,True,False,74697.0,1717.0,-22.07,False,1.26,2.64,1.09,False,4,True,-5.52,2.26,False,False,,tv_wilder_rsi14_sma5_v1,51.27,48.9,True,True,2.37
9974,9974.T,ベルク,2025-03,CONTINUE,2,52.26,54.6,True,True,2.34,2025-02,6610.0,6810.0,6810.0,3.03,6423.2,6540.8,6628.2,True,True,False,False,False,False,False,43210.0,8010.0,-17.48,False,3.43,1.63,1.06,False,4,True,-0.77,0.4,False,False,,tv_wilder_rsi14_sma5_v1,54.6,52.26,True,True,2.34
4848,4848.T,フルキャストホールディングス,2025-03,CONTINUE,3,40.29,42.63,True,False,2.33,2025-01,1510.0,1574.0,1574.0,4.24,1483.16,1488.64,1486.69,True,True,True,False,True,False,True,80840.0,1844.0,-18.11,False,0.73,2.02,1.13,False,2,True,-2.4,2.98,False,False,,tv_wilder_rsi14_sma5_v1,42.63,40.29,False,True,2.33
6644,6644.T,大崎電気工業,2025-03,NEW,1,64.58,66.89,False,True,2.31,2025-03,804.0,804.0,804.0,0.0,810.04,795.73,745.74,False,True,True,True,True,True,True,113877.0,899.0,-10.57,False,1.15,2.75,1.0,False,2,False,8.37,-1.03,False,False,,tv_wilder_rsi14_sma5_v1,66.89,64.58,True,False,2.31
4344,4344.T,ソースネクスト,2025-03,CONTINUE,3,48.96,51.26,False,True,2.3,2025-01,222.0,217.0,217.0,-2.25,195.28,198.71,200.7,True,True,True,False,True,True,False,2712563.0,308.0,-27.92,False,0.61,4.63,0.94,True,1,True,17.8,8.79,False,False,,tv_wilder_rsi14_sma5_v1,51.26,48.96,True,False,2.3
9517,9517.T,イーレックス,2025-03,CONTINUE,4,40.17,42.47,True,True,2.3,2024-12,742.0,805.0,805.0,8.49,627.28,653.49,703.93,True,True,True,False,False,False,False,460583.0,905.0,-18.01,False,2.34,3.73,1.38,False,3,True,2.89,5.64,True,False,,tv_wilder_rsi14_sma5_v1,42.47,40.17,True,True,2.3
2429,2429.T,ワールドホールディングス,2025-03,CONTINUE,5,42.34,44.63,True,True,2.29,2024-11,2075.0,2106.0,2106.0,1.49,2016.48,1972.15,2179.32,True,True,False,False,True,False,False,28357.0,3130.0,-33.71,False,1.0,1.88,0.86,True,4,True,-6.42,1.64,False,False,,tv_wilder_rsi14_sma5_v1,44.63,42.34,True,True,2.29
5406,5406.T,神戸製鋼所,2025-03,CONTINUE,3,54.86,57.15,True,False,2.29,2025-01,1659.0,1730.0,1730.0,4.28,1576.36,1596.29,1761.16,True,True,False,False,True,False,False,2636900.0,2186.5,-24.13,False,0.82,1.45,1.06,False,4,True,-7.44,3.02,False,False,,tv_wilder_rsi14_sma5_v1,57.15,54.86,False,True,2.29
7244,7244.T,市光工業,2025-03,NEW,1,39.28,41.56,False,True,2.28,2025-03,421.0,421.0,421.0,0.0,414.24,402.0,440.93,True,True,False,False,True,False,False,117787.0,578.0,-27.16,False,1.21,3.02,1.13,False,4,True,-5.55,4.05,False,False,,tv_wilder_rsi14_sma5_v1,41.56,39.28,True,False,2.28
2492,2492.T,インフォマート,2025-03,CONTINUE,4,44.28,46.56,True,False,2.27,2024-12,308.0,353.0,353.0,14.61,284.84,313.45,320.42,True,False,False,False,False,False,False,1187127.0,500.0,-38.4,False,1.12,3.43,1.19,False,4,True,-12.51,2.76,True,False,,tv_wilder_rsi14_sma5_v1,46.56,44.28,False,True,2.27
4549,4549.T,栄研化学,2025-03,NEW,1,57.25,59.53,False,True,2.27,2025-03,2266.0,2266.0,2266.0,0.0,2270.76,2200.73,2244.16,False,True,True,False,True,True,True,107987.0,2568.0,-11.76,False,0.98,1.97,1.07,False,2,True,5.84,-0.25,False,False,,tv_wilder_rsi14_sma5_v1,59.53,57.25,True,False,2.27
3662,3662.T,エイチームホールディングス,2025-03,CONTINUE,5,58.43,60.69,True,True,2.26,2024-11,660.0,951.0,951.0,44.09,627.92,640.88,648.78,True,True,True,False,True,False,True,37757.0,773.0,-14.62,False,0.75,2.53,0.91,True,2,True,0.87,-0.55,False,False,,tv_wilder_rsi14_sma5_v1,60.69,58.43,True,True,2.26
9987,9987.T,スズケン,2025-03,NEW,1,55.12,57.36,False,True,2.25,2025-03,4940.0,4940.0,4940.0,0.0,4939.72,4813.08,4944.4,True,True,False,False,True,True,True,256813.0,5549.0,-10.97,False,0.97,2.1,0.98,True,4,True,4.69,1.96,False,False,,tv_wilder_rsi14_sma5_v1,57.36,55.12,True,False,2.25
8609,8609.T,岡三証券グループ,2025-03,NEW,1,53.42,55.65,True,True,2.24,2025-03,663.0,663.0,663.0,0.0,663.12,642.8,664.18,False,True,False,False,True,True,False,465530.0,868.0,-23.62,False,1.93,3.31,1.23,False,4,False,-3.84,2.1,False,False,,tv_wilder_rsi14_sma5_v1,55.65,53.42,True,True,2.24
6856,6856.T,堀場製作所,2025-03,CONTINUE,3,48.66,50.89,True,True,2.23,2025-01,9783.0,9947.0,9947.0,1.68,9299.04,9088.85,10877.48,True,True,False,False,True,False,False,195313.0,16225.0,-39.7,False,1.04,2.24,1.0,True,4,True,-11.17,2.77,True,False,,tv_wilder_rsi14_sma5_v1,50.89,48.66,True,True,2.23
1813,1813.T,不動テトラ,2025-03,CONTINUE,3,53.51,55.72,True,True,2.21,2025-01,2195.0,2225.0,2225.0,1.37,2124.84,2092.68,2256.1,True,True,False,False,True,False,True,49303.0,2671.0,-17.82,False,0.62,1.46,0.84,True,4,True,-0.49,2.34,False,False,,tv_wilder_rsi14_sma5_v1,55.72,53.51,True,True,2.21
9364,9364.T,上組,2025-03,CONTINUE,5,60.45,62.65,True,True,2.2,2024-11,3377.0,3494.0,3494.0,3.46,3291.08,3277.25,3300.89,True,True,True,False,True,True,False,247887.0,3548.0,-4.82,False,0.81,2.39,0.91,True,3,True,3.66,1.97,False,False,,tv_wilder_rsi14_sma5_v1,62.65,60.45,True,True,2.2
7184,7184.T,富山第一銀行,2025-03,NEW,1,59.31,61.5,False,True,2.19,2025-03,1147.0,1147.0,1147.0,0.0,1045.24,1054.64,1122.13,True,True,True,False,True,False,False,185110.0,1374.0,-16.52,False,1.54,2.62,1.17,False,3,True,6.76,5.17,True,False,,tv_wilder_rsi14_sma5_v1,61.5,59.31,True,False,2.19
7962,7962.T,キングジム,2025-03,NEW,1,44.78,46.97,True,True,2.19,2025-03,861.0,861.0,861.0,0.0,854.64,855.73,859.48,True,True,True,False,False,True,False,28997.0,903.0,-4.65,False,2.57,0.95,1.16,False,3,True,-1.01,1.14,False,False,,tv_wilder_rsi14_sma5_v1,46.97,44.78,True,True,2.19
9404,9404.T,日本テレビホールディングス,2025-03,CONTINUE,4,77.04,79.23,True,True,2.19,2024-12,2747.5,3054.0,3054.0,11.16,2634.68,2420.55,2324.89,True,True,True,True,True,True,True,492143.0,2882.0,-4.67,False,0.87,2.76,1.07,False,2,True,32.91,3.13,False,False,,tv_wilder_rsi14_sma5_v1,79.23,77.04,True,True,2.19
3151,3151.T,バイタルケーエスケー・ホールディングス,2025-03,NEW,1,55.98,58.16,False,True,2.18,2025-03,1258.0,1258.0,1258.0,0.0,1212.48,1194.44,1239.22,True,True,True,False,True,True,False,64837.0,1439.0,-12.58,False,1.48,2.74,1.09,False,3,True,2.67,4.16,False,False,,tv_wilder_rsi14_sma5_v1,58.16,55.98,True,False,2.18
3465,3465.T,ケイアイスター不動産,2025-03,CONTINUE,8,54.2,56.37,True,True,2.17,2024-08,1860.0,2265.0,2265.0,21.77,1728.18,1719.83,1746.51,True,True,True,False,False,False,False,227740.0,2465.0,-24.54,False,1.17,2.54,0.64,True,3,True,2.9,8.76,False,False,,tv_wilder_rsi14_sma5_v1,56.37,54.2,True,True,2.17
8084,8084.T,ＲＹＯＤＥＮ,2025-03,NEW,1,53.1,55.27,True,True,2.17,2025-03,2512.0,2512.0,2512.0,0.0,2509.64,2442.03,2509.64,True,True,True,False,True,True,True,98287.0,2946.0,-14.73,False,1.63,2.16,1.08,False,1,True,0.79,1.04,False,False,,tv_wilder_rsi14_sma5_v1,55.27,53.1,True,True,2.17
7818,7818.T,トランザクション,2025-03,NEW,1,55.48,57.64,False,True,2.16,2025-03,1126.0,1126.0,1126.0,0.0,1121.76,1058.23,1042.62,True,True,True,True,True,True,True,146113.0,1309.5,-14.01,False,0.68,3.15,1.09,False,2,True,4.94,0.69,False,False,,tv_wilder_rsi14_sma5_v1,57.64,55.48,True,False,2.16
5036,5036.T,日本ビジネスシステムズ,2025-03,CONTINUE,2,44.58,46.72,True,True,2.15,2025-02,1002.0,1015.0,1015.0,1.3,976.04,941.53,978.89,True,True,True,False,True,False,False,49497.0,1594.0,-37.14,False,1.02,4.55,1.36,False,3,True,-3.59,7.42,False,False,,tv_wilder_rsi14_sma5_v1,46.72,44.58,True,True,2.15
7599,7599.T,ＩＤＯＭ,2025-03,NEW,1,56.81,58.96,True,True,2.15,2025-03,1194.0,1194.0,1194.0,0.0,1164.92,1142.32,1153.52,True,True,True,False,True,True,False,355453.0,1487.0,-19.7,False,0.98,2.97,0.86,True,3,True,6.57,2.51,False,False,,tv_wilder_rsi14_sma5_v1,58.96,56.81,True,True,2.15
6976,6976.T,太陽誘電,2025-03,CONTINUE,2,37.6,39.74,True,False,2.14,2025-02,2475.0,2467.0,2467.0,-0.32,2432.18,2293.72,3079.15,True,True,False,False,True,False,False,2461780.0,5164.0,-52.07,False,0.8,4.81,0.79,True,4,True,-10.47,8.96,False,False,,tv_wilder_rsi14_sma5_v1,39.74,37.6,False,True,2.14
3983,3983.T,オロ,2025-03,NEW,1,50.83,52.95,True,True,2.12,2025-03,2592.0,2592.0,2592.0,0.0,2542.88,2476.65,2451.99,True,True,True,True,True,True,False,36120.0,3030.0,-14.46,False,0.83,2.57,0.93,True,3,False,3.92,1.02,True,False,,tv_wilder_rsi14_sma5_v1,52.95,50.83,True,True,2.12
7224,7224.T,新明和工業,2025-03,NEW,1,55.93,58.05,True,True,2.12,2025-03,1401.0,1401.0,1401.0,0.0,1423.72,1374.55,1367.61,False,True,True,True,True,True,True,241773.0,1538.0,-8.91,False,1.04,2.55,0.9,True,1,False,6.95,1.37,False,False,,tv_wilder_rsi14_sma5_v1,58.05,55.93,True,True,2.12
7242,7242.T,カヤバ,2025-03,CONTINUE,4,66.28,68.39,True,True,2.11,2024-12,2939.0,2939.0,2939.0,0.0,2685.14,2506.91,2533.09,True,True,True,False,True,True,True,188597.0,2935.0,0.14,True,0.77,1.7,0.93,True,1,True,17.74,4.67,False,False,,tv_wilder_rsi14_sma5_v1,68.39,66.28,True,True,2.11
2288,2288.T,丸大食品,2025-03,NEW,1,51.3,53.41,True,True,2.1,2025-03,1700.0,1700.0,1700.0,0.0,1702.96,1675.85,1704.28,False,True,False,False,True,False,True,29373.0,1948.0,-12.73,False,1.49,1.39,0.99,True,1,False,0.53,1.48,False,False,,tv_wilder_rsi14_sma5_v1,53.41,51.3,True,True,2.1
3196,3196.T,ホットランドホールディングス,2025-03,NEW,1,54.59,56.68,False,True,2.09,2025-03,2195.0,2195.0,2195.0,0.0,2181.52,2126.51,2245.08,True,True,False,False,True,True,False,55970.0,2718.0,-19.24,False,1.4,1.64,1.14,False,4,True,-1.32,0.2,False,False,,tv_wilder_rsi14_sma5_v1,56.68,54.59,True,False,2.09
5726,5726.T,大阪チタニウムテクノロジーズ,2025-03,NEW,1,39.83,41.86,False,True,2.03,2025-03,1924.0,1924.0,1924.0,0.0,1962.48,1885.0,2232.04,False,True,False,False,True,True,False,1069130.0,3090.0,-37.73,False,0.87,4.89,0.89,True,4,True,-12.07,5.67,False,False,,tv_wilder_rsi14_sma5_v1,41.86,39.83,True,False,2.03
7483,7483.T,ドウシシャ,2025-03,NEW,1,52.43,54.46,False,True,2.03,2025-03,2187.0,2187.0,2187.0,0.0,2117.2,2110.17,2157.18,True,True,True,False,True,True,False,106430.0,2395.0,-8.68,False,1.83,1.4,1.0,False,3,True,1.21,1.11,True,False,,tv_wilder_rsi14_sma5_v1,54.46,52.43,True,False,2.03
6592,6592.T,マブチモーター,2025-03,CONTINUE,2,50.58,52.6,True,False,2.02,2025-02,1160.75,1145.5,1145.5,-1.31,1102.65,1107.1,1129.73,True,True,True,False,True,False,False,771813.0,1419.0,-18.2,False,1.1,2.47,1.32,False,3,True,-0.7,4.63,False,False,,tv_wilder_rsi14_sma5_v1,52.6,50.58,False,True,2.02
8058,8058.T,三菱商事,2025-03,NEW,1,51.82,53.82,False,True,2.0,2025-03,2626.5,2626.5,2626.5,0.0,2627.16,2543.95,2808.16,False,True,False,False,True,True,False,13334587.0,3775.0,-30.42,False,0.92,2.54,1.29,False,4,True,-7.16,3.89,False,False,,tv_wilder_rsi14_sma5_v1,53.82,51.82,True,False,2.0
8393,8393.T,宮崎銀行,2025-03,CONTINUE,5,59.1,61.1,True,True,2.0,2024-11,597.2,662.0,662.0,10.85,574.23,564.95,598.13,True,True,False,False,True,False,True,183333.0,721.0,-17.17,False,0.86,2.38,0.88,True,1,True,2.16,2.68,False,False,,tv_wilder_rsi14_sma5_v1,61.1,59.1,True,True,2.0
9020,9020.T,東日本旅客鉄道,2025-03,CONTINUE,2,54.85,56.85,False,False,2.0,2025-02,2968.0,2952.0,2952.0,-0.54,2788.44,2807.1,2794.95,True,True,True,False,True,False,False,2431507.0,3093.0,-4.04,False,1.59,1.42,1.11,False,3,True,5.51,4.64,False,False,,tv_wilder_rsi14_sma5_v1,56.85,54.85,False,False,2.0
9991,9991.T,ジェコス,2025-03,CONTINUE,6,54.16,56.16,True,True,2.0,2024-10,970.0,1037.0,1037.0,6.91,892.76,920.08,1020.0,True,True,False,False,False,False,False,37687.0,1225.0,-20.82,False,2.57,1.96,1.33,False,4,True,-2.32,3.61,False,False,,tv_wilder_rsi14_sma5_v1,56.16,54.16,True,True,2.0
5480,5480.T,日本冶金工業,2025-03,CONTINUE,2,48.98,50.98,False,True,1.99,2025-02,4115.0,4160.0,4160.0,1.09,4121.2,3989.73,4376.65,False,True,False,False,True,False,False,96087.0,5500.0,-25.18,False,0.64,1.87,0.69,True,4,False,-5.04,1.14,False,False,,tv_wilder_rsi14_sma5_v1,50.98,48.98,True,False,1.99
7723,7723.T,愛知時計電機,2025-03,NEW,1,48.58,50.56,False,True,1.98,2025-03,1965.0,1965.0,1965.0,0.0,1984.4,1936.28,2020.13,False,True,False,False,True,True,False,22423.0,2499.0,-21.37,False,0.83,2.68,0.84,True,4,True,-7.61,-0.38,False,False,,tv_wilder_rsi14_sma5_v1,50.56,48.58,True,False,1.98
2910,2910.T,ロック・フィールド,2025-03,CONTINUE,5,51.93,53.88,True,False,1.95,2024-11,1497.0,1586.0,1586.0,5.95,1462.52,1474.71,1523.57,True,True,False,False,False,False,False,73810.0,1733.0,-13.62,False,0.54,0.92,0.86,True,4,True,-3.9,0.07,False,False,,tv_wilder_rsi14_sma5_v1,53.88,51.93,False,True,1.95
8630,8630.T,ＳＯＭＰＯホールディングス,2025-03,CONTINUE,5,83.04,84.98,True,True,1.94,2024-11,3946.0,4521.0,4521.0,14.57,3553.36,3382.15,3242.31,True,True,True,True,True,True,True,3361133.0,4053.0,-2.64,False,1.26,3.04,1.24,False,2,True,34.81,4.62,False,False,,tv_wilder_rsi14_sma5_v1,84.98,83.04,True,True,1.94
8336,8336.T,武蔵野銀行,2025-03,CONTINUE,4,61.05,62.98,True,True,1.93,2024-12,1000.0,1086.67,1086.67,8.67,997.53,943.36,989.93,True,True,True,False,True,True,True,196970.0,1138.33,-12.15,False,0.63,1.79,0.93,True,1,False,5.74,0.56,False,False,,tv_wilder_rsi14_sma5_v1,62.98,61.05,True,True,1.93
3661,3661.T,エムアップホールディングス,2025-03,NEW,1,61.09,62.99,True,True,1.9,2025-03,875.0,875.0,875.0,0.0,842.14,811.46,721.95,True,True,True,True,True,True,True,940140.0,936.0,-6.52,False,0.66,3.33,0.77,True,2,True,26.87,3.64,False,False,,tv_wilder_rsi14_sma5_v1,62.99,61.09,True,True,1.9
6420,6420.T,ガリレイ,2025-03,NEW,1,51.48,53.38,False,True,1.89,2025-03,2755.0,2755.0,2755.0,0.0,2789.2,2663.49,2830.61,False,True,False,False,True,True,False,63907.0,3480.0,-20.83,False,1.33,2.83,1.07,False,4,True,-2.05,0.84,False,False,,tv_wilder_rsi14_sma5_v1,53.38,51.48,True,False,1.89
5901,5901.T,東洋製罐グループホールディングス,2025-03,NEW,1,56.75,58.61,True,True,1.87,2025-03,2445.0,2445.0,2445.0,0.0,2448.78,2395.76,2370.59,False,True,True,True,True,True,False,497103.0,2635.0,-7.21,False,0.79,1.96,0.85,True,3,True,0.34,0.09,False,False,,tv_wilder_rsi14_sma5_v1,58.61,56.75,True,True,1.87
9531,9531.T,東京瓦斯,2025-03,CONTINUE,6,71.8,73.64,True,True,1.85,2024-10,3769.0,4763.0,4763.0,26.37,3328.0,3391.65,3438.6,True,True,True,False,False,False,False,1466010.0,4155.0,-9.29,False,1.66,2.51,1.26,False,1,True,11.65,2.62,True,False,,tv_wilder_rsi14_sma5_v1,73.64,71.8,True,True,1.85
1887,1887.T,日本国土開発,2025-03,NEW,1,44.12,45.96,True,True,1.84,2025-03,508.0,508.0,508.0,0.0,497.72,502.59,493.28,True,True,True,False,True,False,True,230113.0,541.0,-6.1,False,1.25,1.74,1.17,False,2,True,2.23,3.02,False,False,,tv_wilder_rsi14_sma5_v1,45.96,44.12,True,True,1.84
3245,3245.T,ディア・ライフ,2025-03,CONTINUE,5,59.63,61.47,True,True,1.84,2024-11,1095.0,1112.0,1112.0,1.55,943.36,909.43,935.91,True,True,True,False,True,True,False,354770.0,1098.0,-0.27,False,0.95,2.74,1.0,True,1,True,20.15,9.46,False,False,,tv_wilder_rsi14_sma5_v1,61.47,59.63,True,True,1.84
3036,3036.T,アルコニックス,2025-03,CONTINUE,5,56.11,57.93,True,True,1.82,2024-11,1461.0,1547.0,1547.0,5.89,1420.88,1394.89,1423.54,True,True,True,False,True,True,True,86810.0,1592.0,-8.23,False,1.11,1.52,0.78,True,1,True,4.72,-0.21,False,False,,tv_wilder_rsi14_sma5_v1,57.93,56.11,True,True,1.82
3288,3288.T,オープンハウスグループ,2025-03,CONTINUE,2,53.81,55.63,False,True,1.81,2025-02,5490.0,5571.0,5571.0,1.48,5194.64,5388.37,5292.46,True,True,True,False,False,False,True,409380.0,5891.0,-6.81,False,0.86,2.14,1.24,False,2,True,4.9,2.22,False,False,,tv_wilder_rsi14_sma5_v1,55.63,53.81,True,False,1.81
6532,6532.T,ベイカレント,2025-03,CONTINUE,11,62.23,64.03,True,True,1.81,2024-05,3204.0,6470.0,6470.0,101.94,3348.12,3192.37,4006.9,False,True,False,False,True,False,False,1399920.0,5939.0,-46.05,False,0.71,3.4,0.9,True,4,False,-23.18,-3.71,False,False,,tv_wilder_rsi14_sma5_v1,64.03,62.23,True,True,1.81
8524,8524.T,北洋銀行,2025-03,CONTINUE,4,61.38,63.19,True,False,1.81,2024-12,458.0,517.0,517.0,12.88,457.32,423.44,459.52,True,True,False,False,True,True,True,1702420.0,627.0,-26.95,False,0.72,2.56,1.03,False,4,True,11.0,0.79,False,False,,tv_wilder_rsi14_sma5_v1,63.19,61.38,False,True,1.81
1662,1662.T,石油資源開発,2025-03,CONTINUE,2,54.32,56.13,False,True,1.8,2025-02,1137.0,1163.0,1163.0,2.29,1114.64,1113.08,1168.44,True,True,False,False,False,False,False,782557.0,1488.0,-23.59,False,0.91,2.1,0.86,True,4,True,-2.54,1.72,False,False,,tv_wilder_rsi14_sma5_v1,56.13,54.32,True,False,1.8
7414,7414.T,小野建,2025-03,NEW,1,44.58,46.37,True,True,1.8,2025-03,1512.0,1512.0,1512.0,0.0,1514.12,1502.73,1521.03,False,True,False,False,True,True,False,53933.0,1938.0,-21.98,False,1.47,1.72,0.98,True,4,True,-3.09,0.41,False,False,,tv_wilder_rsi14_sma5_v1,46.37,44.58,True,True,1.8
8074,8074.T,ＹＵＡＳＡ,2025-03,CONTINUE,2,48.05,49.84,False,True,1.79,2025-02,4520.0,4530.0,4530.0,0.22,4438.2,4419.8,4958.15,True,True,False,False,True,False,False,34490.0,6110.0,-26.02,False,1.11,2.21,1.04,False,4,True,-8.59,1.31,False,False,,tv_wilder_rsi14_sma5_v1,49.84,48.05,True,False,1.79
2053,2053.T,中部飼料,2025-03,NEW,1,52.4,54.18,False,True,1.77,2025-03,1346.0,1346.0,1346.0,0.0,1352.2,1312.32,1410.36,False,True,False,False,True,True,False,48053.0,1648.0,-18.33,False,1.58,1.96,1.05,False,4,True,-1.57,1.18,False,False,,tv_wilder_rsi14_sma5_v1,54.18,52.4,True,False,1.77
7595,7595.T,アルゴグラフィックス,2025-03,NEW,1,64.22,65.98,False,True,1.77,2025-03,1297.5,1297.5,1297.5,0.0,1273.7,1251.27,1241.38,True,True,True,True,True,True,True,118773.0,1375.0,-5.64,False,1.26,2.26,1.03,False,2,False,7.05,-0.29,False,False,,tv_wilder_rsi14_sma5_v1,65.98,64.22,True,False,1.77
7552,7552.T,ハピネット,2025-03,CONTINUE,2,82.28,84.04,True,True,1.76,2025-02,2380.0,2570.0,2570.0,7.98,2382.9,2261.83,1986.74,False,True,True,True,True,True,True,355573.0,2600.0,-8.46,False,0.59,4.55,0.91,True,2,True,33.16,-5.31,False,False,,tv_wilder_rsi14_sma5_v1,84.04,82.28,True,True,1.76
3635,3635.T,コーエーテクモホールディングス,2025-03,CONTINUE,9,51.74,53.48,True,False,1.73,2024-07,1469.5,1966.5,1966.5,33.82,1451.7,1418.97,1660.09,True,True,False,False,True,False,False,1260100.0,2440.0,-39.77,False,1.42,3.33,1.03,False,4,True,-16.63,2.73,False,False,,tv_wilder_rsi14_sma5_v1,53.48,51.74,False,True,1.73
1429,1429.T,日本アクア,2025-03,NEW,1,42.89,44.61,False,True,1.72,2025-03,779.0,779.0,779.0,0.0,747.08,757.09,816.13,True,True,False,False,False,False,False,126257.0,1068.0,-27.06,False,1.21,2.13,1.06,False,4,True,-10.83,1.62,True,False,,tv_wilder_rsi14_sma5_v1,44.61,42.89,True,False,1.72
8237,8237.T,松屋,2025-03,CONTINUE,4,52.4,54.08,True,False,1.68,2024-12,1032.0,1064.0,1064.0,3.1,938.88,886.25,959.38,True,True,True,False,True,True,False,158697.0,1339.0,-22.93,False,1.38,2.2,1.01,False,1,True,8.19,3.72,False,False,,tv_wilder_rsi14_sma5_v1,54.08,52.4,False,True,1.68
8079,8079.T,正栄食品工業,2025-03,NEW,1,45.06,46.73,False,True,1.67,2025-03,4130.0,4130.0,4130.0,0.0,4028.6,4031.93,4399.9,True,True,False,False,True,False,False,61547.0,5080.0,-18.7,False,0.77,1.56,0.92,True,4,True,-3.68,3.69,False,False,,tv_wilder_rsi14_sma5_v1,46.73,45.06,True,False,1.67
5989,5989.T,エイチワン,2025-03,NEW,1,63.63,65.29,True,True,1.66,2025-03,1132.0,1132.0,1132.0,0.0,1135.44,1066.75,998.52,False,True,True,True,True,True,True,167433.0,1237.0,-8.49,False,1.25,3.26,1.02,False,2,False,24.58,3.67,False,False,,tv_wilder_rsi14_sma5_v1,65.29,63.63,True,True,1.66
9278,9278.T,ブックオフグループホールディングス,2025-03,NEW,1,56.48,58.12,False,True,1.64,2025-03,1495.0,1495.0,1495.0,0.0,1416.56,1410.69,1407.9,True,True,True,True,True,False,False,55533.0,1793.0,-16.62,False,1.93,1.71,1.02,False,3,True,3.27,2.88,False,False,,tv_wilder_rsi14_sma5_v1,58.12,56.48,True,False,1.64
4373,4373.T,シンプレクス・ホールディングス,2025-03,CONTINUE,6,53.39,55.02,True,True,1.63,2024-10,625.0,697.5,697.5,11.6,592.45,598.25,651.84,True,True,False,False,False,False,False,710267.0,739.75,-15.51,False,2.45,2.45,1.1,False,4,True,1.25,4.33,True,False,,tv_wilder_rsi14_sma5_v1,55.02,53.39,True,True,1.63
6638,6638.T,ミマキエンジニアリング,2025-03,NEW,1,59.81,61.42,True,True,1.62,2025-03,1647.0,1647.0,1647.0,0.0,1475.48,1491.92,1564.93,True,True,True,False,True,False,False,218007.0,2230.0,-26.14,False,2.23,3.58,1.15,False,3,True,11.84,8.07,False,False,,tv_wilder_rsi14_sma5_v1,61.42,59.81,True,True,1.62
7729,7729.T,東京精密,2025-03,CONTINUE,2,48.62,50.25,False,False,1.62,2025-02,8098.0,7961.0,7961.0,-1.69,8329.48,7787.49,8954.39,False,True,False,False,True,True,False,476947.0,13800.0,-41.32,False,0.75,3.72,0.75,True,4,False,-7.03,3.74,False,False,,tv_wilder_rsi14_sma5_v1,50.25,48.62,False,False,1.62
2768,2768.T,双日,2025-03,CONTINUE,2,51.53,53.14,True,False,1.61,2025-02,3285.0,3282.0,3282.0,-0.09,3256.28,3161.53,3451.69,True,True,False,False,True,False,False,1266613.0,4408.0,-25.48,False,1.08,1.63,0.78,True,4,True,-4.83,0.23,False,False,,tv_wilder_rsi14_sma5_v1,53.14,51.53,False,True,1.61
6523,6523.T,ＰＨＣホールディングス,2025-03,CONTINUE,3,31.48,33.09,True,False,1.61,2025-01,1041.0,1021.0,1021.0,-1.92,975.84,978.28,1069.64,True,True,False,False,True,False,False,214307.0,1546.0,-32.66,False,1.03,1.8,1.09,False,4,True,-7.89,4.88,False,False,,tv_wilder_rsi14_sma5_v1,33.09,31.48,False,True,1.61
5444,5444.T,大和工業,2025-03,CONTINUE,3,61.68,63.28,True,True,1.6,2025-01,7700.0,7908.0,7908.0,2.7,7393.64,7496.63,7653.44,True,True,True,False,False,True,False,173497.0,8967.0,-14.13,False,1.85,1.59,1.08,False,3,True,2.82,1.38,True,False,,tv_wilder_rsi14_sma5_v1,63.28,61.68,True,True,1.6
6533,6533.T,ＯｒｃｈｅｓｔｒａＨｏｌｄｉｎｇｓ,2025-03,NEW,1,35.73,37.33,True,True,1.6,2025-03,832.0,832.0,832.0,0.0,780.72,780.83,926.04,True,True,False,False,False,False,False,27967.0,1488.0,-44.09,False,1.29,3.6,1.1,False,4,True,-10.59,5.77,False,False,,tv_wilder_rsi14_sma5_v1,37.33,35.73,True,True,1.6
9021,9021.T,西日本旅客鉄道,2025-03,CONTINUE,5,49.02,50.62,True,False,1.6,2024-11,2815.5,2916.5,2916.5,3.59,2727.0,2731.95,2924.5,True,True,False,False,False,False,False,1579473.0,3327.0,-15.37,False,1.02,1.65,1.0,False,4,True,-4.34,0.85,False,False,,tv_wilder_rsi14_sma5_v1,50.62,49.02,False,True,1.6
8395,8395.T,佐賀銀行,2025-03,CONTINUE,4,55.46,57.05,True,True,1.59,2024-12,2208.0,2308.0,2308.0,4.53,2157.2,2119.85,2288.61,True,True,False,False,True,False,True,45590.0,2845.0,-22.39,False,0.7,2.06,1.01,False,1,False,3.78,0.72,False,False,,tv_wilder_rsi14_sma5_v1,57.05,55.46,True,True,1.59
2130,2130.T,メンバーズ,2025-03,CONTINUE,7,44.37,45.93,True,False,1.56,2024-09,925.0,1127.0,1127.0,21.84,887.68,873.99,900.24,True,True,True,False,True,True,False,44737.0,1254.0,-26.24,False,0.97,3.48,0.86,True,3,True,-3.7,4.35,False,False,,tv_wilder_rsi14_sma5_v1,45.93,44.37,False,True,1.56
5076,5076.T,インフロニア・ホールディングス,2025-03,NEW,1,46.05,47.59,True,True,1.54,2025-03,1207.5,1207.5,1207.5,0.0,1195.54,1177.55,1204.58,True,True,True,False,True,True,False,909610.0,1654.0,-27.0,False,1.38,1.71,1.09,False,3,True,-3.92,2.89,False,False,,tv_wilder_rsi14_sma5_v1,47.59,46.05,True,True,1.54
5714,5714.T,ＤＯＷＡホールディングス,2025-03,NEW,1,43.95,45.49,False,True,1.54,2025-03,4629.0,4629.0,4629.0,0.0,4755.36,4604.79,4968.88,False,True,False,False,True,True,False,216980.0,6236.0,-25.77,False,1.25,2.49,1.2,False,4,False,-6.08,1.83,False,False,,tv_wilder_rsi14_sma5_v1,45.49,43.95,True,False,1.54
8338,8338.T,筑波銀行,2025-03,NEW,1,48.48,50.01,True,True,1.53,2025-03,251.0,251.0,251.0,0.0,252.2,249.92,259.45,False,True,False,False,True,True,False,677883.0,350.0,-28.29,False,1.01,3.41,1.13,False,4,True,-4.7,2.38,False,False,,tv_wilder_rsi14_sma5_v1,50.01,48.48,True,True,1.53
2154,2154.T,オープンアップグループ,2025-03,NEW,1,47.26,48.78,False,True,1.52,2025-03,1886.0,1886.0,1886.0,0.0,1851.36,1830.24,1925.21,True,True,False,False,False,True,False,167910.0,2223.0,-15.16,False,0.92,1.94,0.94,True,4,True,-2.72,2.12,False,False,,tv_wilder_rsi14_sma5_v1,48.78,47.26,True,False,1.52
7525,7525.T,リックス,2025-03,CONTINUE,4,50.22,51.75,True,True,1.52,2024-12,3010.0,2994.0,2994.0,-0.53,2828.56,2809.05,3187.38,True,True,False,False,True,False,False,9940.0,4690.0,-35.82,False,2.02,2.29,1.17,False,4,True,-5.42,2.51,False,False,,tv_wilder_rsi14_sma5_v1,51.75,50.22,True,True,1.52
8065,8065.T,佐藤商事,2025-03,CONTINUE,4,49.95,51.48,True,True,1.52,2024-12,1497.0,1485.0,1485.0,-0.8,1411.24,1400.19,1548.73,True,True,False,False,True,False,False,16300.0,1852.0,-19.17,False,1.26,1.23,1.08,False,4,True,-2.06,3.04,False,False,,tv_wilder_rsi14_sma5_v1,51.48,49.95,True,True,1.52
8771,8771.T,イー・ギャランティ,2025-03,CONTINUE,7,47.18,48.7,True,True,1.52,2024-09,1419.0,1758.0,1758.0,23.89,1409.24,1403.95,1641.84,True,True,False,False,True,True,False,123527.0,2077.0,-31.68,False,1.17,2.56,0.83,True,4,True,-15.81,-0.38,False,False,,tv_wilder_rsi14_sma5_v1,48.7,47.18,True,True,1.52
1964,1964.T,中外炉工業,2025-03,CONTINUE,5,67.71,69.22,True,False,1.51,2024-11,3220.0,3690.0,3690.0,14.6,2862.16,2750.71,2941.28,True,True,True,False,True,False,True,37580.0,3710.0,-13.21,False,1.95,2.6,1.12,False,2,True,19.68,4.67,False,False,,tv_wilder_rsi14_sma5_v1,69.22,67.71,False,True,1.51
2004,2004.T,昭和産業,2025-03,CONTINUE,2,43.92,45.43,False,True,1.51,2025-02,2817.0,2835.0,2835.0,0.64,2776.6,2775.29,2955.29,True,True,False,False,True,False,False,37467.0,3615.0,-22.07,False,1.01,1.0,1.01,False,4,True,-6.75,2.01,False,False,,tv_wilder_rsi14_sma5_v1,45.43,43.92,True,False,1.51
4763,4763.T,クリーク・アンド・リバー社,2025-03,CONTINUE,6,44.7,46.21,True,True,1.51,2024-10,1612.0,1677.0,1677.0,4.03,1516.08,1468.39,1695.57,True,True,False,False,True,False,False,64907.0,2260.0,-28.67,False,1.11,2.25,0.91,True,4,True,-1.08,9.73,False,False,,tv_wilder_rsi14_sma5_v1,46.21,44.7,True,True,1.51
6586,6586.T,マキタ,2025-03,NEW,1,57.9,59.41,False,True,1.51,2025-03,4925.0,4925.0,4925.0,0.0,5107.08,4823.67,4721.01,False,True,True,True,True,True,True,999547.0,5539.0,-11.09,False,0.87,3.03,0.85,True,2,True,9.39,0.5,False,False,,tv_wilder_rsi14_sma5_v1,59.41,57.9,True,False,1.51
5423,5423.T,東京製鐵,2025-03,CONTINUE,2,48.87,50.35,True,False,1.48,2025-02,1609.0,1589.0,1589.0,-1.24,1565.28,1508.95,1670.11,True,True,False,False,True,False,False,512150.0,2085.0,-22.83,False,0.77,1.83,0.87,True,1,True,-1.04,1.85,False,False,,tv_wilder_rsi14_sma5_v1,50.35,48.87,False,True,1.48
3992,3992.T,ニーズウェル,2025-03,CONTINUE,4,55.36,56.82,True,True,1.46,2024-12,410.0,403.0,403.0,-1.71,335.12,307.29,361.86,True,True,True,False,True,True,False,302760.0,608.0,-32.57,False,1.59,4.63,1.63,False,3,True,13.14,13.54,False,False,,tv_wilder_rsi14_sma5_v1,56.82,55.36,True,True,1.46
6383,6383.T,ダイフク,2025-03,CONTINUE,6,58.27,59.73,True,False,1.46,2024-10,2931.0,3642.0,3642.0,24.26,2801.26,2720.39,2997.51,True,True,False,False,True,False,True,1425917.0,3678.0,-20.31,False,1.4,2.55,1.04,False,4,True,4.3,4.82,False,False,,tv_wilder_rsi14_sma5_v1,59.73,58.27,False,True,1.46
7347,7347.T,マーキュリアホールディングス,2025-03,NEW,1,48.24,49.69,False,True,1.46,2025-03,807.0,807.0,807.0,0.0,763.24,774.97,840.26,True,True,False,False,True,False,False,86740.0,1129.0,-28.52,False,0.88,2.0,1.0,False,4,True,-7.81,3.52,True,False,,tv_wilder_rsi14_sma5_v1,49.69,48.24,True,False,1.46
3668,3668.T,コロプラ,2025-03,NEW,1,37.4,38.85,False,True,1.45,2025-03,484.0,484.0,484.0,0.0,489.88,486.84,534.26,False,False,False,False,False,True,False,405007.0,665.0,-27.22,False,0.62,2.17,0.82,True,4,False,-9.25,-0.1,False,False,,tv_wilder_rsi14_sma5_v1,38.85,37.4,True,False,1.45
5711,5711.T,三菱マテリアル,2025-03,NEW,1,46.07,47.52,False,True,1.45,2025-03,2443.5,2443.5,2443.5,0.0,2497.18,2432.53,2562.93,False,True,False,False,True,True,False,1137157.0,3352.0,-27.1,False,0.99,2.45,1.15,False,4,False,-3.75,2.97,False,False,,tv_wilder_rsi14_sma5_v1,47.52,46.07,True,False,1.45
6058,6058.T,ベクトル,2025-03,NEW,1,43.72,45.17,True,True,1.45,2025-03,1006.0,1006.0,1006.0,0.0,964.4,1000.56,1005.19,True,True,True,False,False,True,False,285207.0,1405.0,-28.4,False,0.8,1.95,1.0,True,3,True,-5.28,3.58,False,False,,tv_wilder_rsi14_sma5_v1,45.17,43.72,True,True,1.45
3105,3105.T,日清紡ホールディングス,2025-03,CONTINUE,2,38.83,40.27,False,True,1.44,2025-02,906.5,909.9,909.9,0.38,895.42,888.76,975.73,True,True,False,False,True,False,False,746083.0,1321.0,-31.38,False,0.88,2.02,1.09,False,4,True,-9.73,3.09,False,False,,tv_wilder_rsi14_sma5_v1,40.27,38.83,True,False,1.44
5411,5411.T,ＪＦＥホールディングス,2025-03,CONTINUE,3,44.05,45.49,True,False,1.44,2025-01,1800.0,1829.5,1829.5,1.64,1751.62,1768.15,2021.73,True,True,False,False,True,False,False,3592220.0,2646.5,-31.99,False,0.89,1.32,0.92,True,4,True,-13.6,2.36,False,False,,tv_wilder_rsi14_sma5_v1,45.49,44.05,False,True,1.44
547A,547A.T,ムニノバホールディングス,2025-03,CONTINUE,4,44.85,46.29,True,True,1.44,2024-12,338.0,346.0,346.0,2.37,329.16,323.05,369.81,True,True,False,False,True,False,False,2642933.0,532.0,-36.47,False,0.98,1.92,1.05,False,4,True,-6.72,0.35,True,False,,tv_wilder_rsi14_sma5_v1,46.29,44.85,True,True,1.44
8129,8129.T,東邦ホールディングス,2025-03,NEW,1,67.77,69.21,False,True,1.44,2025-03,4460.0,4460.0,4460.0,0.0,4274.16,4254.19,4369.93,True,True,True,False,True,False,True,165583.0,5084.0,-12.27,False,1.11,2.12,0.95,True,2,True,11.38,2.7,False,False,,tv_wilder_rsi14_sma5_v1,69.21,67.77,True,False,1.44
9536,9536.T,西部ガスホールディングス,2025-03,NEW,1,37.22,38.66,False,True,1.44,2025-03,1709.0,1709.0,1709.0,0.0,1701.2,1692.72,1804.99,True,True,False,False,True,False,False,150007.0,2061.0,-17.08,False,0.78,1.34,0.98,True,4,True,-6.57,1.35,False,False,,tv_wilder_rsi14_sma5_v1,38.66,37.22,True,False,1.44
4326,4326.T,インテージホールディングス,2025-03,CONTINUE,3,51.73,53.15,True,False,1.43,2025-01,1600.0,1678.0,1678.0,4.88,1529.92,1574.09,1532.24,True,True,True,False,False,False,False,171680.0,2000.0,-20.0,False,1.87,2.8,0.93,True,3,True,3.04,2.28,False,False,,tv_wilder_rsi14_sma5_v1,53.15,51.73,False,True,1.43
5101,5101.T,横浜ゴム,2025-03,CONTINUE,4,54.49,55.91,True,True,1.41,2024-12,3400.0,3442.0,3442.0,1.24,3181.24,3158.09,3479.23,True,True,False,False,True,False,False,646440.0,4295.0,-20.84,False,1.03,1.9,1.13,False,4,True,-0.66,3.4,False,False,,tv_wilder_rsi14_sma5_v1,55.91,54.49,True,True,1.41
8418,8418.T,山口フィナンシャルグループ,2025-03,NEW,1,62.85,64.24,True,True,1.39,2025-03,1757.0,1757.0,1757.0,0.0,1719.04,1671.71,1661.85,True,True,True,True,True,True,False,591567.0,1959.0,-10.31,False,1.32,2.74,1.17,False,3,True,8.57,4.93,False,False,,tv_wilder_rsi14_sma5_v1,64.24,62.85,True,True,1.39
4078,4078.T,堺化学工業,2025-03,CONTINUE,2,58.98,60.36,False,False,1.38,2025-02,2720.0,2709.0,2709.0,-0.4,2644.52,2605.88,2661.41,True,True,True,False,True,True,True,87517.0,3145.0,-13.51,False,1.21,2.76,0.79,True,1,True,9.72,-0.83,False,False,,tv_wilder_rsi14_sma5_v1,60.36,58.98,False,False,1.38
4812,4812.T,電通総研,2025-03,CONTINUE,4,59.24,60.62,True,True,1.38,2024-12,1950.0,2026.67,2026.67,3.93,1904.93,1836.56,1790.96,True,True,True,True,True,False,True,314000.0,2033.33,-4.1,False,0.69,1.89,0.9,True,2,True,8.89,1.18,False,False,,tv_wilder_rsi14_sma5_v1,60.62,59.24,True,True,1.38
4911,4911.T,資生堂,2025-03,NEW,1,33.29,34.67,False,True,1.38,2025-03,2820.0,2820.0,2820.0,0.0,2800.32,2695.41,3386.98,True,True,False,False,True,True,False,6080873.0,5272.0,-46.51,False,0.4,3.31,0.8,True,4,True,-16.24,1.05,False,False,,tv_wilder_rsi14_sma5_v1,34.67,33.29,True,False,1.38
6027,6027.T,弁護士ドットコム,2025-03,CONTINUE,3,41.51,42.88,True,False,1.36,2025-01,2785.0,2743.0,2743.0,-1.51,2296.28,2620.61,3003.91,True,True,False,False,False,False,False,309870.0,4355.0,-36.05,False,1.93,4.27,1.27,False,1,True,-14.41,7.58,False,False,,tv_wilder_rsi14_sma5_v1,42.88,41.51,False,True,1.36
7388,7388.T,ＦＰパートナー,2025-03,CONTINUE,2,45.95,47.31,False,True,1.36,2025-02,2452.0,2556.0,2556.0,4.24,2274.72,2413.13,2895.31,True,True,False,False,True,False,False,239993.0,7720.0,-68.24,False,1.1,2.39,1.3,False,4,True,-31.53,2.55,False,False,,tv_wilder_rsi14_sma5_v1,47.31,45.95,True,False,1.36
3923,3923.T,ラクス,2025-03,NEW,1,47.48,48.82,False,True,1.35,2025-03,1000.0,1000.0,1000.0,0.0,987.64,966.36,1016.52,True,True,False,False,False,False,True,1871853.0,1228.5,-18.6,False,0.51,3.08,0.9,True,1,True,-1.06,4.35,False,False,,tv_wilder_rsi14_sma5_v1,48.82,47.48,True,False,1.35
6752,6752.T,パナソニックホールディングス,2025-03,CONTINUE,5,61.81,63.14,True,False,1.33,2024-11,1465.5,1771.5,1771.5,20.88,1421.34,1292.87,1325.92,True,True,True,False,True,True,True,11407013.0,1622.0,-9.65,False,0.87,3.21,0.78,True,1,True,10.65,0.84,False,False,,tv_wilder_rsi14_sma5_v1,63.14,61.81,False,True,1.33
3064,3064.T,ＭｏｎｏｔａＲＯ,2025-03,NEW,1,62.72,64.03,True,True,1.32,2025-03,2797.5,2797.5,2797.5,0.0,2663.46,2664.45,2409.26,True,True,True,False,True,True,True,1712773.0,3020.0,-7.37,False,1.2,3.58,0.96,True,2,True,29.63,3.09,False,False,,tv_wilder_rsi14_sma5_v1,64.03,62.72,True,True,1.32
4641,4641.T,アルプス技研,2025-03,NEW,1,50.01,51.33,False,True,1.32,2025-03,858.67,858.67,858.67,0.0,854.91,844.69,866.86,True,True,False,False,True,False,False,70620.0,967.67,-11.26,False,1.63,1.92,1.01,False,1,True,-3.12,1.07,False,False,,tv_wilder_rsi14_sma5_v1,51.33,50.01,True,False,1.32
1812,1812.T,鹿島建設,2025-03,CONTINUE,2,63.53,64.83,True,False,1.31,2025-02,3114.0,3048.0,3048.0,-2.12,2882.88,2787.33,2730.38,True,True,True,True,True,True,False,1774367.0,3213.0,-3.08,False,1.18,2.7,0.95,True,1,True,16.0,7.14,False,False,,tv_wilder_rsi14_sma5_v1,64.83,63.53,False,True,1.31
1301,1301.T,極洋,2025-03,CONTINUE,2,56.93,58.23,False,True,1.29,2025-02,4120.0,4150.0,4150.0,0.73,4160.0,4049.93,4027.97,False,True,True,True,True,False,True,36317.0,4600.0,-10.43,False,0.83,1.35,0.68,True,2,True,8.93,-0.11,False,False,,tv_wilder_rsi14_sma5_v1,58.23,56.93,True,False,1.29
8360,8360.T,山梨中央銀行,2025-03,CONTINUE,4,61.41,62.7,True,True,1.29,2024-12,1887.0,2157.0,2157.0,14.31,1842.24,1730.72,1819.28,True,True,True,False,True,True,True,55263.0,2127.0,-11.28,False,1.02,2.12,0.9,True,3,True,7.13,0.98,False,False,,tv_wilder_rsi14_sma5_v1,62.7,61.41,True,True,1.29
5214,5214.T,日本電気硝子,2025-03,CONTINUE,2,57.74,59.02,False,False,1.28,2025-02,3511.0,3487.0,3487.0,-0.68,3500.04,3425.95,3475.03,True,True,True,False,True,True,False,578820.0,3929.0,-10.64,False,1.3,2.31,0.85,True,3,True,-0.2,0.43,False,False,,tv_wilder_rsi14_sma5_v1,59.02,57.74,False,False,1.28
3543,3543.T,コメダホールディングス,2025-03,NEW,1,58.79,60.05,False,True,1.27,2025-03,2863.0,2863.0,2863.0,0.0,2794.52,2784.11,2754.03,True,True,True,True,True,False,True,272687.0,2953.0,-3.05,False,0.68,1.16,0.96,True,2,True,3.28,1.38,False,False,,tv_wilder_rsi14_sma5_v1,60.05,58.79,True,False,1.27
8584,8584.T,ジャックス,2025-03,CONTINUE,4,41.56,42.83,True,True,1.27,2024-12,3905.0,3905.0,3905.0,0.0,3742.2,3817.67,4480.23,True,True,False,False,False,False,False,100037.0,5840.0,-33.13,False,1.1,1.52,1.09,False,4,True,-13.39,1.52,False,False,,tv_wilder_rsi14_sma5_v1,42.83,41.56,True,True,1.27
2734,2734.T,サーラコーポレーション,2025-03,NEW,1,55.77,57.01,False,True,1.25,2025-03,864.0,864.0,864.0,0.0,848.56,835.33,829.39,True,True,True,True,True,True,True,86777.0,920.0,-6.09,False,1.07,2.17,0.94,True,2,True,3.31,0.59,False,False,,tv_wilder_rsi14_sma5_v1,57.01,55.77,True,False,1.25
3612,3612.T,ワールド,2025-03,NEW,1,67.27,68.53,True,True,1.25,2025-03,1295.5,1295.5,1295.5,0.0,1270.6,1248.89,1104.24,True,True,True,True,True,True,True,397060.0,1383.0,-6.33,False,0.52,2.7,0.75,True,2,True,18.99,0.22,False,False,,tv_wilder_rsi14_sma5_v1,68.53,67.27,True,True,1.25
4249,4249.T,森六,2025-03,NEW,1,41.67,42.92,False,True,1.25,2025-03,2028.0,2028.0,2028.0,0.0,2075.48,2017.88,2268.41,False,True,False,False,True,True,False,21707.0,2870.0,-29.34,False,1.4,2.91,1.11,False,4,False,-11.54,1.95,False,False,,tv_wilder_rsi14_sma5_v1,42.92,41.67,True,False,1.25
8892,8892.T,エスコン,2025-03,CONTINUE,3,57.8,59.05,True,False,1.25,2025-01,1010.0,1018.0,1018.0,0.79,977.84,981.27,1017.44,True,True,False,False,True,False,False,190460.0,1117.0,-9.58,False,0.91,1.09,1.01,False,4,True,2.43,2.93,False,False,,tv_wilder_rsi14_sma5_v1,59.05,57.8,False,True,1.25
7943,7943.T,ニチハ,2025-03,NEW,1,45.24,46.45,False,False,1.21,2025-03,2976.0,2976.0,2976.0,0.0,3064.92,2956.13,3232.59,False,True,False,False,True,True,False,54407.0,3855.0,-22.8,False,1.07,2.12,1.06,False,4,False,-6.95,-0.4,False,False,,tv_wilder_rsi14_sma5_v1,46.45,45.24,False,False,1.21
9143,9143.T,ＳＧホールディングス,2025-03,CONTINUE,2,35.81,37.03,True,False,1.21,2025-02,1532.5,1496.0,1496.0,-2.38,1467.66,1475.87,1506.82,True,True,True,False,False,False,False,1463143.0,2004.5,-23.55,False,1.42,2.83,1.17,False,3,True,-2.49,4.4,False,False,,tv_wilder_rsi14_sma5_v1,37.03,35.81,False,True,1.21
1762,1762.T,髙松コンストラクショングループ,2025-03,NEW,1,51.94,53.14,False,True,1.2,2025-03,2767.0,2767.0,2767.0,0.0,2775.76,2734.77,2847.24,False,True,False,False,True,True,False,49553.0,3160.0,-12.44,False,1.95,1.68,1.0,True,4,True,-3.05,-0.33,False,False,,tv_wilder_rsi14_sma5_v1,53.14,51.94,True,False,1.2
1882,1882.T,東亜道路工業,2025-03,CONTINUE,2,65.07,66.27,True,False,1.2,2025-02,1491.0,1434.0,1434.0,-3.82,1420.76,1324.87,1295.92,True,True,True,True,True,True,True,154270.0,1603.0,-6.99,False,0.76,2.17,0.49,True,2,True,17.06,3.61,False,False,,tv_wilder_rsi14_sma5_v1,66.27,65.07,False,True,1.2
1945,1945.T,東京エネシス,2025-03,NEW,1,48.37,49.56,False,True,1.19,2025-03,1090.0,1090.0,1090.0,0.0,1114.36,1087.59,1150.05,False,True,False,False,True,True,False,32650.0,1493.0,-26.99,False,1.39,2.22,0.97,True,4,False,-4.17,0.6,False,False,,tv_wilder_rsi14_sma5_v1,49.56,48.37,True,False,1.19
5707,5707.T,東邦亜鉛,2025-03,CONTINUE,2,30.84,32.03,False,False,1.19,2025-02,613.0,613.0,613.0,0.0,567.88,666.76,812.11,True,False,False,False,True,False,False,207197.0,1183.0,-48.18,False,1.15,4.43,1.26,False,4,True,-30.81,6.86,False,False,,tv_wilder_rsi14_sma5_v1,32.03,30.84,False,False,1.19
6617,6617.T,東光高岳,2025-03,NEW,1,51.69,52.88,True,True,1.18,2025-03,2093.0,2093.0,2093.0,0.0,2056.0,2048.8,1961.99,True,True,True,True,False,True,False,36370.0,2767.0,-24.36,False,1.72,2.84,1.11,False,1,True,1.47,1.67,False,False,,tv_wilder_rsi14_sma5_v1,52.88,51.69,True,True,1.18
2281,2281.T,プリマハム,2025-03,NEW,1,44.9,46.07,True,True,1.17,2025-03,2222.0,2222.0,2222.0,0.0,2219.68,2193.81,2267.41,True,True,False,False,True,True,False,80397.0,2560.0,-13.2,False,0.99,1.14,1.11,False,4,True,-2.67,0.52,False,False,,tv_wilder_rsi14_sma5_v1,46.07,44.9,True,True,1.17
3673,3673.T,ブロードリーフ,2025-03,NEW,1,56.83,58.0,True,True,1.17,2025-03,343.0,343.0,343.0,0.0,337.1,330.44,319.22,True,True,True,True,True,True,True,624720.0,376.5,-8.9,False,1.02,3.75,0.96,True,2,True,11.59,4.08,False,False,,tv_wilder_rsi14_sma5_v1,58.0,56.83,True,True,1.17
1925,1925.T,大和ハウス工業,2025-03,CONTINUE,8,70.99,72.15,True,True,1.16,2024-08,4489.0,4938.0,4938.0,10.0,4311.24,4189.61,4290.65,True,True,True,False,True,True,True,1881590.0,4718.0,-4.85,False,0.8,1.48,0.48,True,1,True,7.8,3.99,False,False,,tv_wilder_rsi14_sma5_v1,72.15,70.99,True,True,1.16
2695,2695.T,くら寿司,2025-03,NEW,1,42.7,43.86,False,True,1.16,2025-03,1575.0,1575.0,1575.0,0.0,1549.2,1487.51,1776.91,True,True,False,False,True,False,False,1179113.0,2655.0,-40.68,False,0.54,2.0,1.07,False,4,True,-12.87,5.62,False,False,,tv_wilder_rsi14_sma5_v1,43.86,42.7,True,False,1.16
4205,4205.T,日本ゼオン,2025-03,CONTINUE,7,53.49,54.64,True,True,1.15,2024-09,1359.5,1495.0,1495.0,9.97,1263.64,1297.34,1330.27,True,True,True,False,True,False,False,791377.0,1740.0,-21.87,False,1.0,2.44,0.98,True,1,True,-3.46,4.62,False,False,,tv_wilder_rsi14_sma5_v1,54.64,53.49,True,True,1.15
9347,9347.T,日本管財ホールディングス,2025-03,NEW,1,51.64,52.77,False,True,1.14,2025-03,2655.0,2655.0,2655.0,0.0,2656.2,2624.41,2635.46,False,True,True,False,True,True,True,76393.0,2793.0,-4.94,False,2.32,1.39,1.14,False,1,True,1.74,0.37,False,False,,tv_wilder_rsi14_sma5_v1,52.77,51.64,True,False,1.14
6498,6498.T,キッツ,2025-03,CONTINUE,5,56.78,57.88,True,True,1.1,2024-11,1086.0,1164.0,1164.0,7.18,1085.28,1058.29,1151.16,True,True,False,False,True,True,False,234913.0,1398.0,-22.32,False,0.56,1.43,0.82,True,4,True,-0.84,-0.58,False,False,,tv_wilder_rsi14_sma5_v1,57.88,56.78,True,True,1.1
9401,9401.T,ＴＢＳホールディングス,2025-03,NEW,1,65.65,66.74,True,True,1.1,2025-03,4264.0,4264.0,4264.0,0.0,4266.56,4098.87,4006.61,False,True,True,True,True,True,True,298553.0,4900.0,-12.98,False,1.02,2.48,1.05,False,1,True,4.88,0.27,False,False,,tv_wilder_rsi14_sma5_v1,66.74,65.65,True,True,1.1
4206,4206.T,アイカ工業,2025-03,NEW,1,46.53,47.62,True,True,1.09,2025-03,3297.0,3297.0,3297.0,0.0,3330.8,3288.0,3335.97,False,True,False,False,True,True,False,190207.0,3820.0,-13.69,False,1.05,1.48,1.19,False,4,False,-2.44,1.07,False,False,,tv_wilder_rsi14_sma5_v1,47.62,46.53,True,True,1.09
6349,6349.T,小森コーポレーション,2025-03,CONTINUE,4,56.37,57.46,True,False,1.09,2024-12,1208.0,1219.0,1219.0,0.91,1166.36,1133.4,1193.97,True,True,True,False,True,True,False,49953.0,1412.0,-14.45,False,0.86,1.81,0.93,True,3,True,0.69,1.3,False,False,,tv_wilder_rsi14_sma5_v1,57.46,56.37,False,True,1.09
8153,8153.T,モスフードサービス,2025-03,NEW,1,58.64,59.7,False,True,1.06,2025-03,3660.0,3660.0,3660.0,0.0,3580.4,3587.27,3557.35,True,True,True,False,True,False,True,151377.0,3845.0,-4.81,False,2.3,1.27,1.05,False,2,True,1.99,0.21,False,False,,tv_wilder_rsi14_sma5_v1,59.7,58.64,True,False,1.06
7840,7840.T,フランスベッドホールディングス,2025-03,CONTINUE,6,59.84,60.88,True,True,1.05,2024-10,1264.0,1304.0,1304.0,3.16,1252.36,1212.8,1245.28,True,True,True,False,True,True,False,39340.0,1430.0,-11.61,False,1.51,1.21,1.03,False,3,True,3.3,1.45,False,False,,tv_wilder_rsi14_sma5_v1,60.88,59.84,True,True,1.05
8002,8002.T,丸紅,2025-03,CONTINUE,2,53.18,54.22,True,True,1.05,2025-02,2347.5,2379.5,2379.5,1.36,2322.74,2320.03,2541.6,True,True,False,False,True,False,False,5655187.0,3158.0,-25.66,False,1.93,2.62,1.02,False,4,True,-6.94,0.83,False,False,,tv_wilder_rsi14_sma5_v1,54.22,53.18,True,True,1.05
1888,1888.T,若築建設,2025-03,NEW,1,61.62,62.66,True,True,1.04,2025-03,3795.0,3795.0,3795.0,0.0,3754.0,3699.13,3549.4,True,True,True,True,True,True,True,9427.0,4055.0,-6.41,False,1.35,2.94,1.06,False,2,True,6.32,0.95,False,False,,tv_wilder_rsi14_sma5_v1,62.66,61.62,True,True,1.04
8273,8273.T,イズミ,2025-03,NEW,1,44.64,45.68,False,True,1.04,2025-03,1054.67,1054.67,1054.67,0.0,1041.42,1036.64,1083.82,True,True,False,False,True,False,False,654970.0,1270.0,-16.96,False,0.66,1.9,0.87,True,4,True,-4.5,1.79,False,False,,tv_wilder_rsi14_sma5_v1,45.68,44.64,True,False,1.04
4061,4061.T,デンカ,2025-03,NEW,1,35.44,36.48,True,True,1.03,2025-03,2137.5,2137.5,2137.5,0.0,2161.02,2157.6,2159.76,False,False,False,False,True,True,False,372613.0,2482.0,-13.88,False,1.22,1.93,0.95,True,1,True,-2.5,2.37,False,False,,tv_wilder_rsi14_sma5_v1,36.48,35.44,True,True,1.03
4997,4997.T,日本農薬,2025-03,CONTINUE,5,53.48,54.5,True,False,1.02,2024-11,675.0,742.0,742.0,9.93,676.28,635.76,697.32,False,True,False,False,True,False,True,155997.0,834.0,-19.06,False,0.46,2.54,0.74,True,4,True,3.23,1.95,False,False,,tv_wilder_rsi14_sma5_v1,54.5,53.48,False,True,1.02
2317,2317.T,システナ,2025-03,NEW,1,52.52,53.52,False,True,1.01,2025-03,361.0,361.0,361.0,0.0,357.16,356.45,353.48,True,True,True,True,True,True,True,974773.0,406.0,-11.08,False,1.0,2.0,0.84,True,2,True,8.88,0.86,False,False,,tv_wilder_rsi14_sma5_v1,53.52,52.52,True,False,1.01
3091,3091.T,ブロンコビリー,2025-03,NEW,1,61.05,62.05,False,True,1.0,2025-03,1897.5,1897.5,1897.5,0.0,1842.4,1830.27,1842.44,True,True,True,False,True,False,False,54447.0,2080.0,-8.77,False,1.75,1.54,1.1,False,3,True,2.27,2.29,False,False,,tv_wilder_rsi14_sma5_v1,62.05,61.05,True,False,1.0
4751,4751.T,サイバーエージェント,2025-03,CONTINUE,8,51.2,52.19,True,True,0.99,2024-08,1010.5,1129.5,1129.5,11.78,958.62,969.86,966.77,True,True,True,False,False,False,True,5229687.0,1136.0,-11.05,False,0.55,2.41,0.59,True,2,True,7.09,6.19,False,False,,tv_wilder_rsi14_sma5_v1,52.19,51.2,True,True,0.99
4820,4820.T,イーエムシステムズ,2025-03,CONTINUE,5,53.88,54.86,True,True,0.98,2024-11,728.0,793.0,793.0,8.93,610.16,566.25,623.48,True,True,True,False,True,True,False,134677.0,786.0,-7.38,False,1.38,4.16,1.2,False,1,True,16.08,12.5,False,False,,tv_wilder_rsi14_sma5_v1,54.86,53.88,True,True,0.98
8387,8387.T,四国銀行,2025-03,CONTINUE,5,58.54,59.52,True,True,0.98,2024-11,1090.0,1203.0,1203.0,10.37,1026.44,999.85,1085.03,True,True,True,False,True,False,True,131127.0,1267.0,-13.97,False,0.85,2.06,0.9,True,1,True,4.12,3.84,False,False,,tv_wilder_rsi14_sma5_v1,59.52,58.54,True,True,0.98
9201,9201.T,日本航空,2025-03,CONTINUE,5,46.18,47.17,True,False,0.98,2024-11,2495.5,2556.5,2556.5,2.44,2433.76,2427.92,2582.64,True,True,False,False,False,True,False,2003163.0,2956.0,-15.58,False,1.02,1.29,0.95,True,4,True,-5.25,-0.51,False,False,,tv_wilder_rsi14_sma5_v1,47.17,46.18,False,True,0.98
8935,8935.T,ＦＪネクストホールディングス,2025-03,CONTINUE,2,51.99,52.96,True,True,0.97,2025-02,1192.0,1197.0,1197.0,0.42,1164.52,1158.28,1204.68,True,True,False,False,False,True,False,39070.0,1425.0,-16.35,False,1.15,2.16,0.99,True,4,True,1.94,1.47,True,False,,tv_wilder_rsi14_sma5_v1,52.96,51.99,True,True,0.97
1961,1961.T,三機工業,2025-03,CONTINUE,7,88.48,89.4,True,True,0.93,2024-09,799.67,1125.0,1125.0,40.68,756.99,735.35,693.53,True,True,True,True,True,True,True,374720.0,805.33,-0.7,False,1.77,2.93,1.06,False,2,True,24.12,1.92,False,False,,tv_wilder_rsi14_sma5_v1,89.4,88.48,True,True,0.93
6457,6457.T,グローリー,2025-03,CONTINUE,4,48.17,49.11,True,True,0.93,2024-12,2595.0,2626.0,2626.0,1.19,2579.6,2567.75,2666.11,True,True,False,False,True,True,False,157050.0,3119.0,-16.8,False,0.9,1.62,0.96,True,4,True,-4.95,-0.32,False,False,,tv_wilder_rsi14_sma5_v1,49.11,48.17,True,True,0.93
7383,7383.T,ネットプロテクションズホールディングス,2025-03,NEW,1,46.06,46.99,True,True,0.93,2025-03,477.0,477.0,477.0,0.0,451.6,479.31,361.57,True,False,True,False,False,True,True,2400723.0,568.0,-16.02,False,0.42,4.81,0.85,True,2,True,58.16,0.29,False,False,,tv_wilder_rsi14_sma5_v1,46.99,46.06,True,True,0.93
8359,8359.T,八十二長野銀行,2025-03,NEW,1,62.94,63.85,True,True,0.9,2025-03,1056.0,1056.0,1056.0,0.0,1016.67,1005.69,968.61,True,True,True,True,True,True,False,1701110.0,1169.5,-9.71,False,1.57,3.58,1.31,False,1,True,9.72,6.21,False,False,,tv_wilder_rsi14_sma5_v1,63.85,62.94,True,True,0.9
2742,2742.T,ハローズ,2025-03,NEW,1,53.17,54.04,False,True,0.88,2025-03,4255.0,4255.0,4255.0,0.0,4138.2,4010.2,4182.23,True,True,True,False,True,True,False,51733.0,4850.0,-12.27,False,0.49,1.51,0.98,True,1,True,0.8,2.0,False,False,,tv_wilder_rsi14_sma5_v1,54.04,53.17,True,False,0.88
3186,3186.T,ネクステージ,2025-03,CONTINUE,3,38.78,39.66,True,True,0.88,2025-01,1505.0,1513.0,1513.0,0.53,1434.6,1440.36,1947.29,True,True,False,False,True,False,False,720910.0,3055.0,-50.74,False,0.87,2.91,0.77,True,4,True,-18.16,6.54,False,False,,tv_wilder_rsi14_sma5_v1,39.66,38.78,True,True,0.88
8007,8007.T,高島,2025-03,CONTINUE,4,62.12,62.99,True,True,0.87,2024-12,646.5,653.0,653.0,1.01,621.12,616.79,584.82,True,True,True,True,True,False,False,158507.0,735.0,-12.04,False,1.28,1.4,1.13,False,3,True,9.26,1.13,True,False,,tv_wilder_rsi14_sma5_v1,62.99,62.12,True,True,0.87
2212,2212.T,山崎製パン,2025-03,NEW,1,50.84,51.7,False,True,0.86,2025-03,2880.0,2880.0,2880.0,0.0,2844.76,2837.07,2950.45,True,True,False,False,True,True,False,755513.0,4120.0,-30.1,False,0.77,2.23,0.84,True,4,True,-8.9,-0.06,False,False,,tv_wilder_rsi14_sma5_v1,51.7,50.84,True,False,0.86
7888,7888.T,三光合成,2025-03,CONTINUE,4,53.69,54.53,True,True,0.84,2024-12,627.0,660.0,660.0,5.26,593.32,591.67,643.3,True,True,False,False,False,True,False,97673.0,785.0,-20.13,False,1.03,1.39,0.99,True,4,True,3.3,2.23,False,False,,tv_wilder_rsi14_sma5_v1,54.53,53.69,True,True,0.84
8111,8111.T,ゴールドウイン,2025-03,NEW,1,45.8,46.63,True,True,0.83,2025-03,2753.0,2753.0,2753.0,0.0,2504.53,2667.91,2789.87,True,True,False,False,False,False,False,564860.0,3353.33,-17.9,False,1.56,2.8,1.17,False,4,True,-3.97,7.28,False,False,,tv_wilder_rsi14_sma5_v1,46.63,45.8,True,True,0.83
4064,4064.T,日本カーバイド工業,2025-03,CONTINUE,4,56.36,57.17,True,False,0.81,2024-12,1734.0,1809.0,1809.0,4.33,1676.36,1677.04,1775.62,True,True,False,False,True,False,False,25047.0,2100.0,-17.43,False,1.22,2.02,1.21,False,4,True,1.23,2.03,False,False,,tv_wilder_rsi14_sma5_v1,57.17,56.36,False,True,0.81
4452,4452.T,花王,2025-03,NEW,1,53.19,53.99,False,False,0.81,2025-03,3236.5,3236.5,3236.5,0.0,3251.98,3187.16,3284.16,False,True,False,False,True,True,False,2652373.0,3636.5,-11.0,False,1.11,1.96,0.95,True,4,True,0.67,0.61,False,False,,tv_wilder_rsi14_sma5_v1,53.99,53.19,False,False,0.81
6103,6103.T,オークマ,2025-03,CONTINUE,4,53.27,54.06,True,True,0.79,2024-12,3410.0,3410.0,3410.0,0.0,3213.6,3128.23,3330.33,True,True,True,False,True,True,False,223420.0,4100.0,-16.83,False,1.44,2.14,0.93,True,3,True,4.71,-0.18,False,False,,tv_wilder_rsi14_sma5_v1,54.06,53.27,True,True,0.79
4368,4368.T,扶桑化学工業,2025-03,NEW,1,41.56,42.34,False,True,0.78,2025-03,1146.67,1146.67,1146.67,0.0,1165.87,1150.76,1224.21,False,False,False,False,True,True,False,346870.0,1700.0,-32.55,False,0.81,2.46,0.92,True,4,True,-10.32,1.17,False,False,,tv_wilder_rsi14_sma5_v1,42.34,41.56,True,False,0.78
9502,9502.T,中部電力,2025-03,NEW,1,45.66,46.44,False,True,0.78,2025-03,1623.0,1623.0,1623.0,0.0,1648.38,1611.37,1714.85,False,True,False,False,True,True,False,2603593.0,2218.5,-26.84,False,0.97,2.16,1.01,False,4,False,-5.2,2.19,False,False,,tv_wilder_rsi14_sma5_v1,46.44,45.66,True,False,0.78
2153,2153.T,Ｅ・Ｊホールディングス,2025-03,NEW,1,51.54,52.31,False,True,0.77,2025-03,1660.0,1660.0,1660.0,0.0,1643.52,1643.88,1715.07,True,True,False,False,True,False,False,25040.0,1925.0,-13.77,False,1.47,1.5,1.03,False,4,True,-4.59,1.59,False,False,,tv_wilder_rsi14_sma5_v1,52.31,51.54,True,False,0.77
3289,3289.T,東急不動産ホールディングス,2025-03,NEW,1,54.97,55.73,True,True,0.77,2025-03,998.3,998.3,998.3,0.0,1001.0,977.83,1003.1,False,True,False,False,True,True,False,2370523.0,1266.5,-21.18,False,1.31,2.53,1.17,False,4,True,-0.29,3.49,False,False,,tv_wilder_rsi14_sma5_v1,55.73,54.97,True,True,0.77
6947,6947.T,図研,2025-03,CONTINUE,5,58.86,59.62,True,True,0.76,2024-11,4405.0,4730.0,4730.0,7.38,3935.2,3653.73,3955.8,True,True,True,False,True,True,False,63197.0,4855.0,-9.27,False,1.17,2.87,0.75,True,1,True,15.26,5.92,False,False,,tv_wilder_rsi14_sma5_v1,59.62,58.86,True,True,0.76
5949,5949.T,ユニプレス,2025-03,NEW,1,48.19,48.93,False,True,0.75,2025-03,1066.0,1066.0,1066.0,0.0,1094.8,1077.71,1143.07,False,False,False,False,True,True,False,256997.0,1540.0,-30.78,False,1.37,2.35,1.21,False,4,False,-6.55,0.31,False,False,,tv_wilder_rsi14_sma5_v1,48.93,48.19,True,False,0.75
7616,7616.T,コロワイド,2025-03,NEW,1,38.74,39.5,True,True,0.75,2025-03,1716.5,1716.5,1716.5,0.0,1732.08,1706.77,1792.23,False,True,False,False,True,True,False,588010.0,2279.0,-24.68,False,2.57,1.58,1.04,False,4,True,-6.63,0.33,False,False,,tv_wilder_rsi14_sma5_v1,39.5,38.74,True,True,0.75
6503,6503.T,三菱電機,2025-03,NEW,1,61.49,62.24,True,True,0.74,2025-03,2720.0,2720.0,2720.0,0.0,2674.68,2606.65,2528.47,True,True,True,True,True,True,False,9638893.0,3052.0,-10.88,False,0.8,4.17,0.99,True,1,True,9.83,4.81,False,False,,tv_wilder_rsi14_sma5_v1,62.24,61.49,True,True,0.74
7013,7013.T,ＩＨＩ,2025-03,NEW,1,78.14,78.88,False,True,0.74,2025-03,1474.29,1474.29,1474.29,0.0,1490.77,1335.19,1078.99,False,True,True,True,True,True,True,82344617.0,1732.86,-14.92,False,0.51,5.77,0.91,True,2,True,90.48,-2.56,False,False,,tv_wilder_rsi14_sma5_v1,78.88,78.14,True,False,0.74
4507,4507.T,塩野義製薬,2025-03,CONTINUE,4,49.82,50.55,True,True,0.73,2024-12,2219.0,2246.0,2246.0,1.22,2176.9,2134.12,2233.26,True,True,False,False,True,False,False,2006803.0,2712.33,-18.19,False,0.73,1.4,0.91,True,4,True,0.62,2.17,False,False,,tv_wilder_rsi14_sma5_v1,50.55,49.82,True,True,0.73
5074,5074.T,テスホールディングス,2025-03,NEW,1,28.65,29.38,True,True,0.73,2025-03,272.0,272.0,272.0,0.0,273.92,272.49,309.62,False,False,False,False,False,True,False,392293.0,487.0,-44.15,False,0.65,3.07,1.0,False,4,True,-14.21,3.89,False,False,,tv_wilder_rsi14_sma5_v1,29.38,28.65,True,True,0.73
7453,7453.T,良品計画,2025-03,CONTINUE,5,76.76,77.48,True,True,0.73,2024-11,1535.0,2030.5,2030.5,32.28,1382.83,1343.82,1287.79,True,True,True,True,True,True,True,6584953.0,1533.5,0.1,True,0.59,2.36,1.0,False,2,True,25.33,5.17,False,False,,tv_wilder_rsi14_sma5_v1,77.48,76.76,True,True,0.73
2730,2730.T,エディオン,2025-03,NEW,1,68.46,69.18,True,True,0.72,2025-03,1876.0,1876.0,1876.0,0.0,1842.72,1805.61,1774.57,True,True,True,True,True,True,True,805570.0,1943.0,-3.45,False,1.71,1.64,1.06,False,2,True,9.71,1.6,False,False,,tv_wilder_rsi14_sma5_v1,69.18,68.46,True,True,0.72
7198,7198.T,ＳＢＩアルヒ,2025-03,CONTINUE,4,42.64,43.35,True,True,0.71,2024-12,827.0,845.0,845.0,2.18,818.16,819.75,858.36,True,True,False,False,True,False,False,56203.0,981.0,-15.7,False,1.54,0.79,1.0,False,4,True,-3.18,-0.52,False,False,,tv_wilder_rsi14_sma5_v1,43.35,42.64,True,True,0.71
9678,9678.T,カナモト,2025-03,NEW,1,60.42,61.13,True,True,0.71,2025-03,3240.0,3240.0,3240.0,0.0,3176.84,3172.25,2958.28,True,True,True,True,True,True,True,117823.0,3415.0,-5.12,False,1.03,2.72,0.77,True,2,True,7.62,-0.6,False,False,,tv_wilder_rsi14_sma5_v1,61.13,60.42,True,True,0.71
3817,3817.T,ＳＲＡホールディングス,2025-03,CONTINUE,3,69.97,70.66,True,False,0.69,2025-01,4325.0,4350.0,4350.0,0.58,4189.6,4252.33,4190.35,True,True,True,False,False,False,True,16330.0,4545.0,-4.84,False,0.78,1.55,0.97,True,2,True,6.75,1.69,False,False,,tv_wilder_rsi14_sma5_v1,70.66,69.97,False,True,0.69
5019,5019.T,出光興産,2025-03,NEW,1,64.83,65.52,False,True,0.69,2025-03,1053.0,1053.0,1053.0,0.0,1081.76,1044.9,1036.01,False,True,True,True,True,True,True,4304687.0,1190.5,-11.55,False,0.99,2.49,1.15,False,2,False,3.44,1.46,False,False,,tv_wilder_rsi14_sma5_v1,65.52,64.83,True,False,0.69
7990,7990.T,グローブライド,2025-03,NEW,1,43.84,44.52,False,True,0.69,2025-03,1920.0,1920.0,1920.0,0.0,1960.76,1922.16,1954.24,False,False,False,False,True,True,False,84640.0,2263.0,-15.16,False,1.75,1.68,0.92,True,4,False,-1.09,0.21,False,False,,tv_wilder_rsi14_sma5_v1,44.52,43.84,True,False,0.69
9501,9501.T,東京電力ホールディングス,2025-03,NEW,1,37.05,37.75,False,True,0.69,2025-03,429.7,429.7,429.7,0.0,423.97,434.31,600.33,True,False,False,False,True,False,False,44471817.0,1114.5,-61.44,False,0.67,4.21,1.12,False,4,True,-27.88,5.8,False,False,,tv_wilder_rsi14_sma5_v1,37.75,37.05,True,False,0.69
2874,2874.T,横浜冷凍,2025-03,CONTINUE,3,38.99,39.67,False,False,0.68,2025-01,868.0,847.0,847.0,-2.42,843.36,860.13,953.65,True,True,False,False,True,False,False,185310.0,1175.0,-26.13,False,0.8,1.28,1.06,False,4,True,-12.8,2.19,False,False,,tv_wilder_rsi14_sma5_v1,39.67,38.99,False,False,0.68
7327,7327.T,第四北越フィナンシャルグループ,2025-03,NEW,1,67.78,68.47,True,True,0.68,2025-03,1051.67,1051.67,1051.67,0.0,993.84,970.49,897.39,True,True,True,True,True,True,True,760550.0,1138.33,-7.61,False,1.03,4.08,1.21,False,2,True,24.09,8.12,False,False,,tv_wilder_rsi14_sma5_v1,68.47,67.78,True,True,0.68
8714,8714.T,池田泉州ホールディングス,2025-03,NEW,1,64.48,65.15,True,True,0.67,2025-03,435.0,435.0,435.0,0.0,424.04,412.28,381.13,True,True,True,True,True,True,True,1664137.0,458.0,-5.02,False,1.26,2.91,1.16,False,1,True,15.86,4.79,False,False,,tv_wilder_rsi14_sma5_v1,65.15,64.48,True,True,0.67
9302,9302.T,三井倉庫ホールディングス,2025-03,CONTINUE,9,82.7,83.36,True,True,0.67,2024-07,1606.67,2653.33,2653.33,65.15,1591.93,1523.13,1538.56,True,True,True,False,True,True,True,216630.0,1690.0,-4.93,False,0.75,2.04,1.05,False,2,True,11.77,0.16,False,False,,tv_wilder_rsi14_sma5_v1,83.36,82.7,True,True,0.67
9405,9405.T,朝日放送グループホールディングス,2025-03,CONTINUE,4,47.02,47.69,True,False,0.67,2024-12,636.0,646.0,646.0,1.57,621.8,624.15,646.61,True,True,False,False,True,False,False,54123.0,723.0,-12.03,False,1.23,0.8,1.14,False,4,True,-2.98,0.75,False,False,,tv_wilder_rsi14_sma5_v1,47.69,47.02,False,True,0.67
9702,9702.T,アイ・エス・ビー,2025-03,NEW,1,48.0,48.67,False,True,0.67,2025-03,1341.0,1341.0,1341.0,0.0,1333.2,1342.53,1405.85,True,False,False,False,True,False,False,40323.0,1619.0,-17.17,False,0.65,1.75,0.98,True,4,True,-4.22,2.03,False,False,,tv_wilder_rsi14_sma5_v1,48.67,48.0,True,False,0.67
9746,9746.T,ＴＫＣ,2025-03,NEW,1,54.99,55.66,False,True,0.67,2025-03,3850.0,3850.0,3850.0,0.0,3856.4,3819.73,3732.35,False,True,True,True,True,True,True,82300.0,4120.0,-6.55,False,1.02,1.91,0.95,True,2,True,3.33,0.47,False,False,,tv_wilder_rsi14_sma5_v1,55.66,54.99,True,False,0.67
1815,1815.T,鉄建建設,2025-03,CONTINUE,4,56.39,57.05,True,False,0.66,2024-12,2427.0,2495.0,2495.0,2.8,2266.8,2335.01,2490.49,True,True,False,False,False,False,False,33760.0,3005.0,-19.23,False,1.51,1.65,1.22,False,4,True,2.09,1.76,False,False,,tv_wilder_rsi14_sma5_v1,57.05,56.39,False,True,0.66
2933,2933.T,紀文食品,2025-03,NEW,1,40.87,41.52,False,True,0.66,2025-03,1070.0,1070.0,1070.0,0.0,1072.48,1072.47,1138.66,False,False,False,False,False,False,False,28860.0,1322.0,-19.06,False,1.14,1.28,1.09,False,4,False,-7.81,0.78,False,False,,tv_wilder_rsi14_sma5_v1,41.52,40.87,True,False,0.66
7322,7322.T,三十三フィナンシャルグループ,2025-03,CONTINUE,5,62.58,63.24,True,True,0.66,2024-11,504.5,591.5,591.5,17.24,470.01,445.2,484.05,True,True,True,False,True,False,True,341960.0,555.5,-9.18,False,0.8,1.99,0.73,True,1,True,6.05,4.38,False,False,,tv_wilder_rsi14_sma5_v1,63.24,62.58,True,True,0.66
9042,9042.T,阪急阪神ホールディングス,2025-03,NEW,1,44.33,44.99,False,True,0.66,2025-03,4025.0,4025.0,4025.0,0.0,3961.4,3949.25,4117.55,True,True,False,False,True,False,False,732007.0,4588.0,-12.27,False,1.19,1.73,1.01,False,4,True,-4.7,1.13,False,False,,tv_wilder_rsi14_sma5_v1,44.99,44.33,True,False,0.66
2331,2331.T,ＡＬＳＯＫ,2025-03,NEW,1,68.3,68.95,False,True,0.65,2025-03,1122.0,1122.0,1122.0,0.0,1114.96,1085.6,1037.83,True,True,True,True,True,True,True,983517.0,1178.0,-4.75,False,0.93,2.3,1.0,False,2,True,12.97,1.53,False,False,,tv_wilder_rsi14_sma5_v1,68.95,68.3,True,False,0.65
6516,6516.T,山洋電気,2025-03,NEW,1,61.25,61.9,False,True,0.65,2025-03,3113.33,3113.33,3113.33,0.0,2990.67,2960.09,2812.57,True,True,True,True,False,True,True,89650.0,3250.0,-4.21,False,1.25,2.41,0.96,True,2,True,16.98,2.05,False,False,,tv_wilder_rsi14_sma5_v1,61.9,61.25,True,False,0.65
9247,9247.T,TREホールディングス,2025-03,NEW,1,54.36,55.01,False,False,0.65,2025-03,1618.0,1618.0,1618.0,0.0,1666.32,1554.16,1524.85,False,True,True,True,True,True,True,570283.0,1937.0,-16.47,False,0.78,2.7,0.92,True,2,True,17.54,0.8,False,False,,tv_wilder_rsi14_sma5_v1,55.01,54.36,False,False,0.65
9962,9962.T,ミスミグループ本社,2025-03,NEW,1,43.3,43.95,False,True,0.65,2025-03,2466.5,2466.5,2466.5,0.0,2550.34,2445.33,2555.72,False,True,False,False,True,True,False,1371390.0,2888.0,-14.59,False,0.86,3.55,1.1,False,4,True,0.38,1.5,False,False,,tv_wilder_rsi14_sma5_v1,43.95,43.3,True,False,0.65
1929,1929.T,日特建設,2025-03,CONTINUE,3,50.12,50.76,True,False,0.64,2025-01,1062.0,1030.0,1030.0,-3.01,1001.2,1000.12,1056.24,True,True,True,False,True,False,False,59630.0,1214.0,-12.52,False,1.55,1.12,1.23,False,3,True,-1.79,1.85,True,False,,tv_wilder_rsi14_sma5_v1,50.76,50.12,False,True,0.64
7513,7513.T,コジマ,2025-03,NEW,1,65.51,66.16,False,True,0.64,2025-03,1077.0,1077.0,1077.0,0.0,1044.08,1031.88,1014.72,True,True,True,True,True,True,True,212680.0,1131.0,-4.77,False,0.76,2.53,0.79,True,2,True,14.23,0.97,False,False,,tv_wilder_rsi14_sma5_v1,66.16,65.51,True,False,0.64
2587,2587.T,サントリービバレッジ＆フード,2025-03,NEW,1,48.33,48.95,False,True,0.62,2025-03,4948.0,4948.0,4948.0,0.0,4875.28,4860.68,5167.34,True,True,False,False,True,False,False,685397.0,5897.0,-16.09,False,0.98,1.51,1.03,False,4,True,-5.45,0.63,False,False,,tv_wilder_rsi14_sma5_v1,48.95,48.33,True,False,0.62
9697,9697.T,カプコン,2025-03,CONTINUE,5,66.55,67.16,True,False,0.62,2024-11,3506.0,3664.0,3664.0,4.51,3325.52,3252.3,3027.95,True,True,True,True,True,True,True,2022363.0,3649.0,-3.92,False,0.6,3.14,0.89,True,2,True,21.69,1.61,False,False,,tv_wilder_rsi14_sma5_v1,67.16,66.55,False,True,0.62
8424,8424.T,芙蓉総合リース,2025-03,NEW,1,53.82,54.43,True,True,0.61,2025-03,3859.0,3859.0,3859.0,0.0,3873.48,3812.56,3810.74,False,True,True,True,True,True,False,204120.0,4770.0,-19.1,False,1.42,1.74,1.06,False,3,True,-1.25,1.8,False,False,,tv_wilder_rsi14_sma5_v1,54.43,53.82,True,True,0.61
8425,8425.T,みずほリース,2025-03,NEW,1,57.32,57.94,True,True,0.61,2025-03,1043.0,1043.0,1043.0,0.0,1047.36,1029.93,1038.51,False,True,True,False,True,True,False,399477.0,1190.0,-12.35,False,1.22,1.53,1.02,False,3,True,0.35,0.96,False,False,,tv_wilder_rsi14_sma5_v1,57.94,57.32,True,True,0.61
6417,6417.T,ＳＡＮＫＹＯ,2025-03,NEW,1,71.9,72.51,True,True,0.6,2025-03,2173.5,2173.5,2173.5,0.0,2206.32,2141.67,2009.69,False,True,True,True,True,True,True,845430.0,2380.0,-8.68,False,1.02,2.49,0.96,True,2,True,13.19,-0.09,False,False,,tv_wilder_rsi14_sma5_v1,72.51,71.9,True,True,0.6
5938,5938.T,ＬＩＸＩＬ,2025-03,NEW,1,42.5,43.07,False,True,0.58,2025-03,1727.5,1727.5,1727.5,0.0,1778.64,1739.83,1723.63,False,False,True,True,True,True,True,1218840.0,1967.5,-12.2,False,1.19,1.57,1.11,False,2,False,-0.94,0.42,False,False,,tv_wilder_rsi14_sma5_v1,43.07,42.5,True,False,0.58
8113,8113.T,ユニ・チャーム,2025-03,NEW,1,32.85,33.43,False,True,0.58,2025-03,1189.5,1189.5,1189.5,0.0,1173.88,1217.84,1479.62,True,False,False,False,False,False,False,5165700.0,1784.67,-33.35,False,1.05,2.59,1.11,False,4,True,-21.82,0.87,False,False,,tv_wilder_rsi14_sma5_v1,33.43,32.85,True,False,0.58
2784,2784.T,アルフレッサホールディングス,2025-03,NEW,1,47.65,48.22,False,True,0.57,2025-03,2111.5,2111.5,2111.5,0.0,2072.86,2105.54,2199.12,True,True,False,False,True,False,False,553503.0,2473.5,-14.64,False,1.03,2.17,1.09,False,4,True,-3.64,3.37,False,False,,tv_wilder_rsi14_sma5_v1,48.22,47.65,True,False,0.57
3769,3769.T,ＧＭＯペイメントゲートウェイ,2025-03,NEW,1,44.45,45.01,False,True,0.56,2025-03,7924.0,7924.0,7924.0,0.0,7734.48,7985.84,8351.87,True,False,False,False,False,False,True,289390.0,10465.0,-24.28,False,0.93,2.82,0.97,True,4,False,-8.02,0.8,False,False,,tv_wilder_rsi14_sma5_v1,45.01,44.45,True,False,0.56
4091,4091.T,日本酸素ホールディングス,2025-03,NEW,1,58.66,59.21,False,False,0.56,2025-03,4514.0,4514.0,4514.0,0.0,4697.72,4473.57,4700.14,False,True,False,False,True,True,True,820550.0,5475.0,-17.55,False,1.58,2.79,0.74,True,1,True,-2.83,-2.86,False,False,,tv_wilder_rsi14_sma5_v1,59.21,58.66,False,False,0.56
4912,4912.T,ライオン,2025-03,NEW,1,60.48,61.03,True,True,0.56,2025-03,1772.5,1772.5,1772.5,0.0,1787.36,1745.93,1587.02,False,True,True,True,True,True,True,1551427.0,1896.0,-6.51,False,0.51,2.43,0.76,True,2,True,16.72,-0.51,False,False,,tv_wilder_rsi14_sma5_v1,61.03,60.48,True,True,0.56
1899,1899.T,福田組,2025-03,NEW,1,49.1,49.64,False,True,0.54,2025-03,2600.0,2600.0,2600.0,0.0,2638.2,2580.6,2714.01,False,True,False,False,True,False,False,27200.0,3310.0,-21.45,False,0.83,2.38,0.91,True,4,True,-3.76,0.54,False,False,,tv_wilder_rsi14_sma5_v1,49.64,49.1,True,False,0.54
8306,8306.T,三菱ＵＦＪフィナンシャル  ･グループ,2025-03,NEW,1,73.61,74.16,True,True,0.54,2025-03,2011.0,2011.0,2011.0,0.0,2013.14,1930.67,1734.53,False,True,True,True,True,True,True,56794803.0,2239.5,-10.2,False,0.92,3.12,1.18,False,2,False,25.09,5.75,False,False,,tv_wilder_rsi14_sma5_v1,74.16,73.61,True,True,0.54
9434,9434.T,ソフトバンク,2025-03,CONTINUE,4,66.18,66.72,True,False,0.54,2024-12,198.9,208.4,208.4,4.78,197.17,194.06,194.4,True,True,True,False,True,False,True,52903823.0,210.5,-5.51,False,0.96,1.14,0.87,True,2,True,5.73,0.88,False,False,,tv_wilder_rsi14_sma5_v1,66.72,66.18,False,True,0.54
4743,4743.T,アイティフォー,2025-03,NEW,1,63.43,63.94,True,True,0.52,2025-03,1485.0,1485.0,1485.0,0.0,1418.08,1416.12,1404.11,True,True,True,True,True,True,True,88780.0,1575.0,-5.71,False,1.05,2.38,0.99,True,1,True,6.25,3.79,False,False,,tv_wilder_rsi14_sma5_v1,63.94,63.43,True,True,0.52
3038,3038.T,神戸物産,2025-03,NEW,1,47.12,47.63,False,True,0.51,2025-03,3524.0,3524.0,3524.0,0.0,3442.88,3448.32,3744.28,True,True,False,False,True,False,True,1200567.0,4715.0,-25.26,False,0.7,2.04,1.02,False,1,True,-5.82,0.48,False,False,,tv_wilder_rsi14_sma5_v1,47.63,47.12,True,False,0.51
5233,5233.T,太平洋セメント,2025-03,CONTINUE,5,62.06,62.55,True,False,0.5,2024-11,3803.0,3897.0,3897.0,2.47,3492.96,3378.05,3564.36,True,True,True,False,True,False,True,820803.0,4267.0,-10.87,False,0.91,2.94,0.87,True,2,True,16.49,4.27,False,False,,tv_wilder_rsi14_sma5_v1,62.55,62.06,False,True,0.5
6571,6571.T,キュービーネットホールディングス,2025-03,CONTINUE,2,38.73,39.22,True,False,0.5,2025-02,1044.0,1035.0,1035.0,-0.86,1023.28,1011.53,1094.58,True,True,False,False,True,False,False,67580.0,1473.0,-29.12,False,0.7,2.7,1.25,False,4,True,-5.66,3.64,False,False,,tv_wilder_rsi14_sma5_v1,39.22,38.73,False,True,0.5
7984,7984.T,コクヨ,2025-03,CONTINUE,2,69.2,69.7,True,True,0.5,2025-02,702.88,713.5,713.5,1.51,683.8,687.61,658.96,True,True,True,False,True,True,True,1397000.0,745.0,-5.65,False,0.94,2.7,1.34,False,1,True,8.02,2.25,False,False,,tv_wilder_rsi14_sma5_v1,69.7,69.2,True,True,0.5
2207,2207.T,ｍｅｉｔｏ,2025-03,CONTINUE,4,61.47,61.96,True,False,0.49,2024-12,1975.0,1995.0,1995.0,1.01,1953.2,1894.96,1881.49,True,True,True,True,True,True,True,16303.0,2117.0,-6.71,False,0.97,0.9,1.04,False,2,True,8.84,-0.02,False,False,,tv_wilder_rsi14_sma5_v1,61.96,61.47,False,True,0.49
2471,2471.T,エスプール,2025-03,CONTINUE,2,34.45,34.95,False,False,0.49,2025-02,304.0,301.0,301.0,-0.99,294.8,311.88,323.15,True,False,False,False,False,False,False,397850.0,382.0,-20.42,False,0.61,2.51,1.05,False,1,True,-5.18,2.68,False,False,,tv_wilder_rsi14_sma5_v1,34.95,34.45,False,False,0.49
6412,6412.T,平和,2025-03,CONTINUE,5,56.49,56.98,True,False,0.48,2024-11,2116.0,2344.0,2344.0,10.78,2107.76,2102.51,2057.32,True,True,True,True,False,True,False,154777.0,2215.0,-4.47,False,0.8,1.32,0.82,True,3,True,3.09,0.69,False,False,,tv_wilder_rsi14_sma5_v1,56.98,56.49,False,True,0.48
8848,8848.T,レオパレス２１,2025-03,NEW,1,64.08,64.55,False,True,0.48,2025-03,584.0,584.0,584.0,0.0,575.68,568.07,550.57,True,True,True,True,True,True,True,1449647.0,626.0,-6.71,False,0.81,2.09,1.07,False,2,True,6.13,0.57,False,False,,tv_wilder_rsi14_sma5_v1,64.55,64.08,True,False,0.48
9048,9048.T,名古屋鉄道,2025-03,CONTINUE,5,36.86,37.34,True,False,0.48,2024-11,1738.5,1743.0,1743.0,0.26,1730.92,1726.75,1877.29,True,True,False,False,True,False,False,658167.0,2394.0,-27.38,False,0.79,1.58,0.87,True,4,True,-10.31,0.28,False,False,,tv_wilder_rsi14_sma5_v1,37.34,36.86,False,True,0.48
5440,5440.T,共英製鋼,2025-03,CONTINUE,4,49.86,50.33,True,False,0.47,2024-12,1836.0,1881.0,1881.0,2.45,1773.64,1746.13,1967.4,True,True,False,False,True,True,False,78153.0,2665.0,-31.11,False,0.89,1.61,0.96,True,4,True,-5.76,1.63,False,False,,tv_wilder_rsi14_sma5_v1,50.33,49.86,False,True,0.47
8267,8267.T,イオン,2025-03,NEW,1,62.11,62.58,False,True,0.47,2025-03,1250.0,1250.0,1250.0,0.0,1268.72,1239.64,1219.87,False,True,True,True,True,True,True,7473260.0,1365.67,-8.47,False,0.88,1.82,0.77,True,2,True,2.26,-2.51,False,False,,tv_wilder_rsi14_sma5_v1,62.58,62.11,True,False,0.47
2001,2001.T,ニップン,2025-03,NEW,1,53.88,54.34,False,True,0.46,2025-03,2170.0,2170.0,2170.0,0.0,2180.68,2157.49,2207.62,False,True,False,False,True,True,False,173140.0,2491.0,-12.89,False,1.28,1.16,0.98,True,4,True,-2.4,0.63,False,False,,tv_wilder_rsi14_sma5_v1,54.34,53.88,True,False,0.46
3387,3387.T,クリエイト・レストランツ・ホールディン,2025-03,NEW,1,62.93,63.39,False,True,0.46,2025-03,652.5,652.5,652.5,0.0,652.66,632.58,584.44,False,True,True,True,False,True,True,1451193.0,685.0,-4.74,False,0.56,2.06,0.99,True,2,True,17.42,0.92,False,False,,tv_wilder_rsi14_sma5_v1,63.39,62.93,True,False,0.46
4666,4666.T,パーク２４,2025-03,CONTINUE,8,54.6,55.06,True,True,0.46,2024-08,1739.5,2057.5,2057.5,18.28,1587.5,1609.89,1724.36,True,True,True,False,False,False,False,1222730.0,2121.5,-18.01,False,0.73,2.61,0.66,True,1,True,-1.17,7.01,False,False,,tv_wilder_rsi14_sma5_v1,55.06,54.6,True,True,0.46
7269,7269.T,スズキ,2025-03,CONTINUE,4,61.4,61.85,True,False,0.45,2024-12,1790.0,1810.0,1810.0,1.12,1707.56,1617.29,1706.36,True,True,True,False,True,True,True,6283597.0,1973.0,-9.28,False,0.88,2.31,0.98,True,1,True,9.87,2.2,False,False,,tv_wilder_rsi14_sma5_v1,61.85,61.4,False,True,0.45
6754,6754.T,アンリツ,2025-03,CONTINUE,4,51.12,51.56,True,True,0.44,2024-12,1410.0,1344.0,1344.0,-4.68,1247.34,1170.89,1182.89,True,True,True,False,True,True,True,776283.0,1445.5,-2.46,False,1.72,2.4,1.36,False,1,True,19.14,8.68,False,False,,tv_wilder_rsi14_sma5_v1,51.56,51.12,True,True,0.44
7717,7717.T,ブイ・テクノロジー,2025-03,NEW,1,41.54,41.98,False,True,0.44,2025-03,2301.0,2301.0,2301.0,0.0,2320.72,2333.93,2559.36,False,False,False,False,False,True,False,42043.0,3330.0,-30.9,False,1.48,2.55,1.11,False,4,True,-8.63,3.3,False,False,,tv_wilder_rsi14_sma5_v1,41.98,41.54,True,False,0.44
6703,6703.T,沖電気工業,2025-03,NEW,1,50.64,51.07,False,True,0.43,2025-03,984.0,984.0,984.0,0.0,982.4,988.71,992.66,True,False,False,False,True,True,False,489643.0,1216.0,-19.08,False,0.98,2.83,1.1,False,4,True,-5.49,1.5,False,False,,tv_wilder_rsi14_sma5_v1,51.07,50.64,True,False,0.43
6050,6050.T,イー・ガーディアン,2025-03,CONTINUE,4,48.26,48.68,True,False,0.41,2024-12,1904.0,1981.0,1981.0,4.04,1885.56,1835.87,1782.51,True,True,True,True,True,True,True,24883.0,2106.0,-9.59,False,1.09,2.59,1.12,False,2,False,13.43,1.27,False,False,,tv_wilder_rsi14_sma5_v1,48.68,48.26,False,True,0.41
6914,6914.T,オプテックスグループ,2025-03,NEW,1,48.3,48.71,True,True,0.41,2025-03,1736.0,1736.0,1736.0,0.0,1743.8,1704.01,1685.71,False,True,True,True,True,False,True,153893.0,2020.0,-14.06,False,0.92,2.58,1.1,False,1,True,3.14,4.38,False,False,,tv_wilder_rsi14_sma5_v1,48.71,48.3,True,True,0.41
6104,6104.T,芝浦機械,2025-03,NEW,1,49.97,50.38,False,True,0.4,2025-03,3585.0,3585.0,3585.0,0.0,3760.4,3637.2,3687.07,False,False,False,False,True,True,True,106087.0,4160.0,-13.82,False,0.73,2.7,1.01,False,1,False,0.05,-0.17,False,False,,tv_wilder_rsi14_sma5_v1,50.38,49.97,True,False,0.4
6616,6616.T,トレックス・セミコンダクター,2025-03,CONTINUE,2,33.27,33.67,False,False,0.4,2025-02,1267.0,1197.0,1197.0,-5.52,1206.12,1237.67,1527.79,True,True,False,False,True,False,False,35207.0,2035.0,-37.74,False,1.74,3.51,1.25,False,4,True,-18.26,5.13,False,False,,tv_wilder_rsi14_sma5_v1,33.67,33.27,False,False,0.4
7033,7033.T,マネジメントソリューションズ,2025-03,CONTINUE,2,42.62,43.02,False,False,0.4,2025-02,1839.0,1775.0,1775.0,-3.48,1766.16,1749.12,1633.9,True,True,True,True,True,False,True,110057.0,3140.0,-41.43,False,0.85,4.39,1.25,False,2,True,0.44,3.43,False,False,,tv_wilder_rsi14_sma5_v1,43.02,42.62,False,False,0.4
7350,7350.T,おきなわフィナンシャルグループ,2025-03,CONTINUE,4,51.89,52.28,True,True,0.39,2024-12,2603.0,2566.0,2566.0,-1.42,2572.04,2409.16,2511.48,True,True,True,False,True,True,True,76117.0,2955.0,-11.91,False,0.45,2.43,0.83,True,3,True,7.7,1.01,False,False,,tv_wilder_rsi14_sma5_v1,52.28,51.89,True,True,0.39
4251,4251.T,恵和,2025-03,CONTINUE,3,42.83,43.21,True,False,0.38,2025-01,1019.0,1034.0,1034.0,1.47,990.68,1007.91,1220.08,True,True,False,False,False,False,False,130117.0,1810.0,-43.7,False,0.7,1.84,1.03,False,4,True,-12.83,2.41,False,False,,tv_wilder_rsi14_sma5_v1,43.21,42.83,False,True,0.38
6254,6254.T,野村マイクロ・サイエンス,2025-03,CONTINUE,4,47.93,48.31,True,False,0.38,2024-12,2311.0,2403.0,2403.0,3.98,1725.96,2039.72,3427.24,True,True,False,False,False,False,False,2312070.0,6370.0,-63.72,False,4.1,4.38,1.32,False,4,True,-27.44,5.37,True,False,,tv_wilder_rsi14_sma5_v1,48.31,47.93,False,True,0.38
8053,8053.T,住友商事,2025-03,CONTINUE,4,56.77,57.15,True,True,0.38,2024-12,857.0,843.0,843.0,-1.63,825.37,820.24,898.47,True,True,False,False,True,False,False,12418600.0,1108.25,-22.67,False,0.78,1.58,1.0,False,4,True,1.1,1.54,False,False,,tv_wilder_rsi14_sma5_v1,57.15,56.77,True,True,0.38
9793,9793.T,ダイセキ,2025-03,NEW,1,47.83,48.21,False,True,0.38,2025-03,3730.0,3730.0,3730.0,0.0,3822.4,3786.33,3723.43,False,False,True,True,True,True,True,124090.0,4035.0,-7.56,False,0.89,2.06,0.9,True,2,True,2.03,0.56,False,False,,tv_wilder_rsi14_sma5_v1,48.21,47.83,True,False,0.38
6472,6472.T,ＮＴＮ,2025-03,NEW,1,41.86,42.23,False,True,0.37,2025-03,242.6,242.6,242.6,0.0,248.13,246.61,263.48,False,False,False,False,True,True,False,3555213.0,338.4,-28.31,False,0.94,2.25,1.07,False,4,False,-10.47,1.22,False,False,,tv_wilder_rsi14_sma5_v1,42.23,41.86,True,False,0.37
6962,6962.T,大真空,2025-03,CONTINUE,3,40.01,40.38,False,False,0.37,2025-01,600.0,564.0,564.0,-6.0,581.56,566.63,645.74,True,True,False,False,True,False,False,245220.0,955.0,-37.17,False,0.94,3.32,1.12,False,4,True,-14.46,3.17,False,False,,tv_wilder_rsi14_sma5_v1,40.38,40.01,False,False,0.37
9533,9533.T,東邦瓦斯,2025-03,CONTINUE,2,57.46,57.83,True,True,0.37,2025-02,1026.5,1034.0,1034.0,0.73,983.21,987.39,998.82,True,True,True,False,False,True,True,962747.0,1163.75,-11.79,False,1.08,1.65,0.78,True,2,True,11.73,3.08,False,False,,tv_wilder_rsi14_sma5_v1,57.83,57.46,True,True,0.37
1885,1885.T,東亜建設工業,2025-03,CONTINUE,5,67.91,68.28,True,False,0.36,2024-11,1189.0,1297.0,1297.0,9.08,1070.6,992.97,1046.34,True,True,True,False,True,True,True,393200.0,1322.5,-10.09,False,0.94,3.37,0.67,True,1,True,20.68,6.16,False,False,,tv_wilder_rsi14_sma5_v1,68.28,67.91,False,True,0.36
4704,4704.T,トレンドマイクロ,2025-03,CONTINUE,4,62.41,62.75,True,False,0.34,2024-12,8567.0,10015.0,10015.0,16.9,8428.64,8344.31,7828.23,True,True,True,True,True,False,True,372173.0,9228.0,-7.16,False,1.0,1.96,1.08,False,2,True,10.19,1.44,False,False,,tv_wilder_rsi14_sma5_v1,62.75,62.41,False,True,0.34
167A,167A.T,リョーサン菱洋ホールディングス,2025-03,CONTINUE,4,42.28,42.61,False,False,0.33,2024-12,2454.0,2442.0,2442.0,-0.49,2284.6,2445.27,2786.65,True,True,False,False,False,False,False,311287.0,4265.0,-42.46,False,0.98,1.71,1.1,False,4,True,-18.87,2.54,False,False,,tv_wilder_rsi14_sma5_v1,42.61,42.28,False,False,0.33
6364,6364.T,ＡＩＲＭＡＮ,2025-03,CONTINUE,3,51.35,51.67,False,False,0.33,2025-01,1990.0,1903.0,1903.0,-4.37,1900.48,1817.67,1972.43,True,True,True,False,True,True,False,28057.0,2734.0,-27.21,False,1.44,3.31,1.24,False,1,True,-2.37,5.52,False,False,,tv_wilder_rsi14_sma5_v1,51.67,51.35,False,False,0.33
3771,3771.T,システムリサーチ,2025-03,CONTINUE,4,55.74,56.05,True,False,0.31,2024-12,1486.0,1561.0,1561.0,5.05,1428.64,1434.05,1500.04,True,True,False,False,False,True,False,51247.0,1795.0,-17.21,False,0.43,1.62,1.05,False,4,True,-2.72,1.94,False,False,,tv_wilder_rsi14_sma5_v1,56.05,55.74,False,True,0.31
4041,4041.T,日本曹達,2025-03,CONTINUE,5,61.13,61.43,True,False,0.3,2024-11,2705.0,2903.0,2903.0,7.32,2575.16,2524.73,2687.1,True,True,True,False,True,False,False,165837.0,3135.0,-13.72,False,0.92,2.04,1.04,False,3,True,2.72,3.71,False,False,,tv_wilder_rsi14_sma5_v1,61.43,61.13,False,True,0.3
7038,7038.T,フロンティア・マネジメント,2025-03,NEW,1,35.75,36.05,False,True,0.3,2025-03,692.0,692.0,692.0,0.0,683.04,728.33,976.59,True,False,False,False,False,False,False,66400.0,1755.0,-60.57,False,0.7,2.16,0.91,True,4,False,-31.64,2.51,False,False,,tv_wilder_rsi14_sma5_v1,36.05,35.75,True,False,0.3
4839,4839.T,ＷＯＷＯＷ,2025-03,CONTINUE,3,31.91,32.2,True,True,0.29,2025-01,1003.0,1000.0,1000.0,-0.3,997.72,1001.33,1050.38,True,True,False,False,True,False,False,33750.0,1181.0,-15.07,False,1.52,1.26,1.3,False,4,True,-5.49,1.66,False,False,,tv_wilder_rsi14_sma5_v1,32.2,31.91,True,True,0.29
9110,9110.T,ＮＳユナイテッド海運,2025-03,NEW,1,45.88,46.16,False,True,0.28,2025-03,4005.0,4005.0,4005.0,0.0,4088.4,4014.4,4376.23,False,False,False,False,True,True,False,87633.0,5320.0,-24.72,False,1.2,1.61,0.96,True,4,True,-8.19,1.93,False,False,,tv_wilder_rsi14_sma5_v1,46.16,45.88,True,False,0.28
2811,2811.T,カゴメ,2025-03,NEW,1,43.07,43.34,False,True,0.27,2025-03,2937.5,2937.5,2937.5,0.0,2972.6,2935.76,3105.86,False,True,False,False,True,False,False,332627.0,4297.0,-31.64,False,0.87,1.45,0.85,True,4,True,-6.65,1.12,False,False,,tv_wilder_rsi14_sma5_v1,43.34,43.07,True,False,0.27
7282,7282.T,豊田合成,2025-03,NEW,1,49.58,49.85,True,True,0.27,2025-03,2682.0,2682.0,2682.0,0.0,2695.32,2688.32,2628.67,False,False,True,True,False,True,False,439427.0,3423.0,-21.65,False,1.53,2.79,1.13,False,3,True,-2.82,1.95,False,False,,tv_wilder_rsi14_sma5_v1,49.85,49.58,True,True,0.27
6140,6140.T,旭ダイヤモンド工業,2025-03,NEW,1,49.04,49.3,False,True,0.26,2025-03,832.0,832.0,832.0,0.0,854.96,841.53,864.38,False,False,False,False,False,True,False,137230.0,1004.0,-17.13,False,1.15,2.01,1.14,False,4,False,-3.68,0.02,False,False,,tv_wilder_rsi14_sma5_v1,49.3,49.04,True,False,0.26
9511,9511.T,沖縄電力,2025-03,NEW,1,32.32,32.58,False,False,0.26,2025-03,916.0,916.0,916.0,0.0,943.68,928.16,1006.97,False,False,False,False,True,False,False,153533.0,1276.0,-28.21,False,0.96,1.58,1.07,False,4,False,-10.36,0.38,False,False,,tv_wilder_rsi14_sma5_v1,32.58,32.32,False,False,0.26
3443,3443.T,川田テクノロジーズ,2025-03,CONTINUE,5,61.86,62.11,True,False,0.25,2024-11,897.33,966.67,966.67,7.73,848.92,853.34,920.34,True,True,False,False,True,False,True,167850.0,1172.22,-23.45,False,0.73,2.87,0.87,True,4,True,1.05,-0.44,False,False,,tv_wilder_rsi14_sma5_v1,62.11,61.86,False,True,0.25
5851,5851.T,リョービ,2025-03,CONTINUE,5,51.9,52.14,True,True,0.24,2024-11,2094.0,2238.0,2238.0,6.88,1947.04,1943.48,2299.43,True,True,False,False,True,False,False,258653.0,3215.0,-34.87,False,1.88,2.8,1.05,False,4,True,-11.11,3.37,False,False,,tv_wilder_rsi14_sma5_v1,52.14,51.9,True,True,0.24
3636,3636.T,三菱総合研究所,2025-03,CONTINUE,5,50.31,50.54,True,True,0.23,2024-11,4330.0,4695.0,4695.0,8.43,4296.8,4227.4,4637.0,True,True,False,False,True,False,False,26667.0,5370.0,-19.37,False,0.93,1.59,0.92,True,4,True,-3.9,0.94,False,False,,tv_wilder_rsi14_sma5_v1,50.54,50.31,True,True,0.23
4776,4776.T,サイボウズ,2025-03,CONTINUE,7,61.4,61.64,True,False,0.23,2024-09,1957.0,2793.0,2793.0,42.72,1734.52,1777.43,1841.45,True,True,True,False,True,True,False,307907.0,2383.0,-17.88,False,2.15,3.3,1.08,False,3,True,-2.27,4.75,False,False,,tv_wilder_rsi14_sma5_v1,61.64,61.4,False,True,0.23
5332,5332.T,ＴＯＴＯ,2025-03,NEW,1,44.82,45.05,False,False,0.23,2025-03,3893.0,3893.0,3893.0,0.0,3997.04,3866.71,4211.88,False,True,False,False,True,False,False,1477073.0,5530.0,-29.6,False,0.44,2.08,0.92,True,1,True,-3.75,1.18,False,False,,tv_wilder_rsi14_sma5_v1,45.05,44.82,False,False,0.23
2292,2292.T,Ｓ   Ｆｏｏｄｓ,2025-03,NEW,1,38.67,38.89,False,True,0.22,2025-03,2488.0,2488.0,2488.0,0.0,2484.72,2543.16,2692.82,True,False,False,False,True,False,False,144820.0,3455.0,-27.99,False,0.41,1.79,0.97,True,4,True,-13.13,0.41,False,False,,tv_wilder_rsi14_sma5_v1,38.89,38.67,True,False,0.22
3046,3046.T,ジンズホールディングス,2025-03,NEW,1,64.87,65.1,True,True,0.22,2025-03,6940.0,6940.0,6940.0,0.0,6770.4,6708.4,5670.82,True,True,True,True,False,True,True,131140.0,7340.0,-5.45,False,1.05,2.97,0.75,True,2,True,36.83,1.23,False,False,,tv_wilder_rsi14_sma5_v1,65.1,64.87,True,True,0.22
4526,4526.T,理研ビタミン,2025-03,NEW,1,52.49,52.72,False,True,0.22,2025-03,2419.0,2419.0,2419.0,0.0,2407.68,2392.95,2552.74,True,True,False,False,True,False,False,61367.0,2879.0,-15.98,False,1.54,1.46,1.12,False,4,True,-3.84,1.32,False,False,,tv_wilder_rsi14_sma5_v1,52.72,52.49,True,False,0.22
6820,6820.T,アイコム,2025-03,CONTINUE,4,44.52,44.73,False,False,0.21,2024-12,2759.0,2751.0,2751.0,-0.29,2688.8,2778.88,2969.84,True,False,False,False,False,False,False,8220.0,3835.0,-28.06,False,1.12,1.51,0.86,True,4,True,-11.13,-0.89,False,False,,tv_wilder_rsi14_sma5_v1,44.73,44.52,False,False,0.21
7972,7972.T,イトーキ,2025-03,CONTINUE,5,62.52,62.74,True,True,0.21,2024-11,1584.0,1641.0,1641.0,3.6,1567.84,1490.0,1597.25,True,True,False,False,True,True,True,269950.0,2200.0,-28.0,False,1.01,2.75,0.87,True,4,True,9.51,-1.73,False,False,,tv_wilder_rsi14_sma5_v1,62.74,62.52,True,True,0.21
8801,8801.T,三井不動産,2025-03,NEW,1,54.17,54.38,False,True,0.21,2025-03,1330.5,1330.5,1330.5,0.0,1321.5,1302.33,1374.89,True,True,False,False,False,True,False,8927703.0,1709.5,-22.17,False,1.25,3.0,1.18,False,4,True,-1.67,3.63,False,False,,tv_wilder_rsi14_sma5_v1,54.38,54.17,True,False,0.21
4228,4228.T,積水化成品工業,2025-03,NEW,1,33.93,34.13,False,False,0.2,2025-03,356.0,356.0,356.0,0.0,364.44,356.28,391.26,False,False,False,False,True,True,False,113630.0,523.0,-31.93,False,1.3,1.85,1.24,False,4,False,-10.62,1.69,False,False,,tv_wilder_rsi14_sma5_v1,34.13,33.93,False,False,0.2
6995,6995.T,東海理化電機製作所,2025-03,CONTINUE,6,54.74,54.95,True,True,0.2,2024-10,2174.0,2234.0,2234.0,2.76,1991.52,1976.15,2185.63,True,True,False,False,True,False,False,176897.0,2649.0,-17.93,False,2.18,2.07,1.26,False,4,True,0.67,5.2,True,False,,tv_wilder_rsi14_sma5_v1,54.95,54.74,True,True,0.2
2121,2121.T,ＭＩＸＩ,2025-03,CONTINUE,4,62.76,62.94,True,False,0.18,2024-12,3050.0,3305.0,3305.0,8.36,2966.88,2854.56,2801.96,True,True,True,True,True,True,True,445387.0,3430.0,-11.08,False,0.56,4.13,1.15,False,2,True,13.04,2.15,False,False,,tv_wilder_rsi14_sma5_v1,62.94,62.76,False,True,0.18
9503,9503.T,関西電力,2025-03,NEW,1,45.17,45.35,False,True,0.18,2025-03,1772.5,1772.5,1772.5,0.0,1814.02,1750.59,2209.3,False,True,False,False,True,False,False,5223637.0,2929.0,-39.48,False,1.0,2.32,1.09,False,4,False,-12.92,2.42,False,False,,tv_wilder_rsi14_sma5_v1,45.35,45.17,True,False,0.18
4809,4809.T,パラカ,2025-03,NEW,1,44.82,44.99,True,True,0.17,2025-03,1807.0,1807.0,1807.0,0.0,1824.8,1827.32,1860.92,False,False,False,False,False,True,False,14727.0,2119.0,-14.72,False,1.34,1.25,0.85,True,4,False,-5.06,-0.07,False,False,,tv_wilder_rsi14_sma5_v1,44.99,44.82,True,True,0.17
8160,8160.T,木曽路,2025-03,CONTINUE,2,39.64,39.8,False,False,0.16,2025-02,2188.0,2131.0,2131.0,-2.61,2163.68,2125.31,2343.47,True,True,False,False,True,False,False,94140.0,2761.0,-20.75,False,1.25,1.42,0.9,True,4,True,-6.87,1.92,False,False,,tv_wilder_rsi14_sma5_v1,39.8,39.64,False,False,0.16
7309,7309.T,シマノ,2025-03,NEW,1,43.92,44.07,False,True,0.15,2025-03,20985.0,20985.0,20985.0,0.0,21426.0,21187.2,23517.42,False,False,False,False,True,True,False,305673.0,28795.0,-27.12,False,1.14,2.84,0.99,True,4,True,-8.75,1.35,False,False,,tv_wilder_rsi14_sma5_v1,44.07,43.92,True,False,0.15
7459,7459.T,メディパルホールディングス,2025-03,NEW,1,50.61,50.75,False,True,0.13,2025-03,2335.0,2335.0,2335.0,0.0,2290.6,2319.29,2434.87,True,True,False,False,True,False,False,391353.0,2770.0,-15.7,False,1.22,1.77,1.13,False,4,True,-1.95,2.64,False,False,,tv_wilder_rsi14_sma5_v1,50.75,50.61,True,False,0.13
9010,9010.T,富士急行,2025-03,CONTINUE,2,28.36,28.48,False,False,0.12,2025-02,2272.0,2246.0,2246.0,-1.14,2366.16,2312.68,2649.91,False,False,False,False,True,False,False,127967.0,4090.0,-44.45,False,0.87,2.36,0.78,True,4,True,-18.85,0.93,False,False,,tv_wilder_rsi14_sma5_v1,28.48,28.36,False,False,0.12
2749,2749.T,ＪＰホールディングス,2025-03,NEW,1,65.78,65.88,False,True,0.11,2025-03,680.0,680.0,680.0,0.0,652.0,638.6,639.7,True,True,True,False,True,True,True,1377983.0,772.0,-11.92,False,0.87,3.1,1.08,False,2,True,10.6,-0.59,False,False,,tv_wilder_rsi14_sma5_v1,65.88,65.78,True,False,0.11
7931,7931.T,未来工業,2025-03,NEW,1,57.34,57.44,True,True,0.1,2025-03,3740.0,3740.0,3740.0,0.0,3690.8,3692.6,3662.62,True,True,True,False,True,False,False,25363.0,4770.0,-21.59,False,0.81,2.51,1.06,False,3,True,-1.63,3.08,False,False,,tv_wilder_rsi14_sma5_v1,57.44,57.34,True,True,0.1
4732,4732.T,ユー・エス・エス,2025-03,NEW,1,59.07,59.16,True,True,0.09,2025-03,1391.5,1391.5,1391.5,0.0,1412.24,1382.85,1348.03,False,True,True,True,True,True,True,1144337.0,1470.5,-5.37,False,1.18,1.93,1.04,False,2,True,4.23,0.62,False,False,,tv_wilder_rsi14_sma5_v1,59.16,59.07,True,True,0.09
7128,7128.T,ユニソルホールディングス,2025-03,NEW,1,50.24,50.34,True,True,0.09,2025-03,2384.0,2384.0,2384.0,0.0,2372.44,2355.52,2268.21,True,True,True,True,True,True,True,32510.0,2594.0,-8.1,False,1.08,1.88,1.02,False,2,True,5.13,1.7,False,False,,tv_wilder_rsi14_sma5_v1,50.34,50.24,True,True,0.09
7180,7180.T,九州フィナンシャルグループ,2025-03,NEW,1,49.24,49.34,True,True,0.09,2025-03,735.9,735.9,735.9,0.0,740.44,744.01,775.78,False,False,False,False,False,False,False,1432637.0,1190.0,-38.16,False,0.99,3.1,1.11,False,4,True,-6.77,4.03,False,False,,tv_wilder_rsi14_sma5_v1,49.34,49.24,True,True,0.09
6701,6701.T,日本電気,2025-03,NEW,1,74.99,75.07,False,True,0.08,2025-03,3145.0,3145.0,3145.0,0.0,3058.0,2859.88,2697.93,True,True,True,True,True,True,True,5135893.0,3240.0,-2.93,False,1.01,2.63,0.69,True,2,True,23.56,-0.23,False,False,,tv_wilder_rsi14_sma5_v1,75.07,74.99,True,False,0.08
2206,2206.T,江崎グリコ,2025-03,NEW,1,58.15,58.22,True,True,0.07,2025-03,4625.0,4625.0,4625.0,0.0,4670.52,4627.45,4432.38,False,False,True,True,True,True,True,170610.0,4899.0,-5.59,False,0.9,2.23,1.0,False,2,True,3.71,-1.05,False,False,,tv_wilder_rsi14_sma5_v1,58.22,58.15,True,True,0.07
3880,3880.T,大王製紙,2025-03,CONTINUE,3,33.84,33.91,False,False,0.07,2025-01,862.0,823.0,823.0,-4.52,838.8,840.6,894.05,True,True,False,False,True,False,False,201657.0,1237.0,-30.32,False,0.73,1.53,0.93,True,4,True,-9.63,2.91,False,False,,tv_wilder_rsi14_sma5_v1,33.91,33.84,False,False,0.07
7868,7868.T,広済堂ホールディングス,2025-03,NEW,1,50.59,50.66,False,True,0.07,2025-03,521.0,521.0,521.0,0.0,524.96,518.44,524.64,False,True,False,False,True,True,False,535857.0,748.0,-30.35,False,0.62,2.3,0.73,True,4,True,-5.94,0.1,False,False,,tv_wilder_rsi14_sma5_v1,50.66,50.59,True,False,0.07
8766,8766.T,東京海上ホールディングス,2025-03,NEW,1,67.58,67.65,False,True,0.07,2025-03,5736.0,5736.0,5736.0,0.0,5591.52,5434.53,5538.48,True,True,True,False,True,False,True,6190610.0,6679.0,-14.12,False,0.88,2.94,1.04,False,1,True,9.85,5.44,False,False,,tv_wilder_rsi14_sma5_v1,67.65,67.58,True,False,0.07
8388,8388.T,阿波銀行,2025-03,CONTINUE,5,60.02,60.08,True,False,0.06,2024-11,2863.0,2860.0,2860.0,-0.1,2684.48,2567.55,2641.59,True,True,True,False,True,True,True,62223.0,2964.0,-3.41,False,1.05,2.63,0.88,True,1,True,9.76,1.82,False,False,,tv_wilder_rsi14_sma5_v1,60.08,60.02,False,True,0.06
1332,1332.T,ニッスイ,2025-03,NEW,1,61.84,61.88,False,True,0.04,2025-03,902.7,902.7,902.7,0.0,888.73,876.11,889.23,True,True,True,False,True,False,False,1327383.0,1002.5,-9.96,False,1.31,1.78,1.1,False,1,True,0.78,3.17,False,False,,tv_wilder_rsi14_sma5_v1,61.88,61.84,True,False,0.04
2378,2378.T,ルネサンス,2025-03,CONTINUE,4,54.56,54.6,True,False,0.04,2024-12,1040.0,1048.0,1048.0,0.77,1019.2,1037.96,1018.95,True,True,True,False,True,False,False,41623.0,1188.0,-12.46,False,2.57,1.18,1.11,False,3,True,5.97,0.2,False,False,,tv_wilder_rsi14_sma5_v1,54.6,54.56,False,True,0.04
3496,3496.T,アズーム,2025-03,NEW,1,56.46,56.5,True,True,0.04,2025-03,3470.0,3470.0,3470.0,0.0,3366.6,3481.2,3187.55,True,False,True,False,False,False,True,57793.0,3995.0,-13.14,False,0.91,3.45,0.9,True,2,False,8.11,2.51,False,False,,tv_wilder_rsi14_sma5_v1,56.5,56.46,True,True,0.04
4088,4088.T,エア・ウォーター,2025-03,NEW,1,46.8,46.85,False,True,0.04,2025-03,1888.0,1888.0,1888.0,0.0,1927.68,1902.57,1977.85,False,False,False,False,True,True,False,624467.0,2433.5,-22.42,False,1.17,1.82,1.0,False,4,False,-7.49,0.63,False,False,,tv_wilder_rsi14_sma5_v1,46.85,46.8,True,False,0.04
8052,8052.T,椿本興業,2025-03,CONTINUE,4,57.91,57.95,True,False,0.04,2024-12,2072.0,2072.0,2072.0,0.0,1987.12,1889.21,2028.17,True,True,True,False,True,True,False,13840.0,2463.33,-15.89,False,0.96,1.8,1.03,False,3,True,2.0,2.13,False,False,,tv_wilder_rsi14_sma5_v1,57.95,57.91,False,True,0.04
3097,3097.T,物語コーポレーション,2025-03,NEW,1,48.96,48.99,False,True,0.03,2025-03,3385.0,3385.0,3385.0,0.0,3334.8,3392.8,3477.05,True,False,False,False,True,False,False,194850.0,4810.0,-29.63,False,0.99,1.88,0.97,True,1,True,-8.7,1.61,False,False,,tv_wilder_rsi14_sma5_v1,48.99,48.96,True,False,0.03
6099,6099.T,エラン,2025-03,CONTINUE,2,41.29,41.31,False,False,0.03,2025-02,746.0,722.0,722.0,-3.22,767.96,743.53,833.62,False,True,False,False,True,False,False,112790.0,1080.0,-30.93,False,0.8,3.82,1.01,False,4,False,-7.14,4.08,False,False,,tv_wilder_rsi14_sma5_v1,41.31,41.29,False,False,0.03
2733,2733.T,あらた,2025-03,NEW,1,54.07,54.09,False,False,0.02,2025-03,3135.0,3135.0,3135.0,0.0,3202.0,3144.73,3323.47,False,False,False,False,True,True,True,55370.0,3715.0,-15.61,False,1.71,2.04,1.14,False,4,True,-4.23,-0.85,False,False,,tv_wilder_rsi14_sma5_v1,54.09,54.07,False,False,0.02
4116,4116.T,大日精化工業,2025-03,CONTINUE,2,58.0,58.02,False,False,0.02,2025-02,765.0,751.25,751.25,-1.8,737.67,729.74,757.44,True,True,True,False,True,True,True,180080.0,880.0,-13.07,False,0.98,2.41,1.3,False,1,True,4.56,2.74,False,False,,tv_wilder_rsi14_sma5_v1,58.02,58.0,False,False,0.02
4392,4392.T,ＦＩＧ,2025-03,NEW,1,42.93,42.95,False,True,0.02,2025-03,273.0,273.0,273.0,0.0,265.96,277.15,302.39,True,False,False,False,False,False,False,211623.0,406.0,-32.76,False,0.71,1.94,0.96,True,4,False,-13.5,1.37,False,False,,tv_wilder_rsi14_sma5_v1,42.95,42.93,True,False,0.02
7246,7246.T,プレス工業,2025-03,CONTINUE,3,48.21,48.24,True,False,0.02,2025-01,567.0,559.0,559.0,-1.41,549.44,546.41,608.26,True,True,False,False,True,False,False,309550.0,808.0,-29.83,False,0.71,1.3,0.96,True,4,True,-7.88,1.76,False,False,,tv_wilder_rsi14_sma5_v1,48.24,48.21,False,True,0.02
6615,6615.T,ユー・エム・シー・エレクトロニクス,2025-03,NEW,1,35.38,35.38,False,True,0.0,2025-03,300.0,300.0,300.0,0.0,308.64,298.52,347.59,False,True,False,False,True,False,False,28520.0,430.0,-30.23,False,1.17,2.05,0.87,True,4,False,-9.18,2.81,False,False,,tv_wilder_rsi14_sma5_v1,35.38,35.38,True,False,0.0
