code,ticker,name,signal_month,status,months_active,rsi14,rsi5,rsi14_up,rsi5_up,diff,gc_month,gc_price,signal_month_close,period_price,return_since_gc_pct,sma25,sma75,sma200,price_above_sma25,price_above_sma75,price_above_sma200,perfect_order,sma25_up,sma75_up,sma200_up,avg_volume30,high52_price,high52_distance_pct,high52_breakout,volume_ratio_5_30,atr14_pct,atr_ratio_10_20,vcp_tight,stage,supertrend_up,rsr_score,rsr_momentum,mvp_signal,cosmos_focus,cosmos_focus_type,signal_version,monthly_rsi14,monthly_rsi_ma5,monthly_rsi14_up,monthly_rsi_ma5_up,monthly_rsi_spread
7949,7949.T,小松ウオール工業,2025-05,CONTINUE,2,63.79,81.28,True,True,17.49,2025-04,1780.0,2207.0,2207.0,23.99,1441.64,1482.76,1512.36,True,True,True,False,False,False,False,27193.0,1705.0,4.4,True,0.91,2.76,0.92,True,3,True,15.63,6.68,False,False,,tv_wilder_rsi14_sma5_v1,81.28,63.79,True,True,17.49
7981,7981.T,タカラスタンダード,2025-05,CONTINUE,6,57.77,74.62,True,True,16.85,2024-12,1691.0,2311.0,2311.0,36.66,1666.16,1639.64,1701.2,True,True,False,False,True,True,False,64820.0,2117.0,-20.12,False,0.89,1.48,0.88,True,4,True,-0.44,0.25,False,False,,tv_wilder_rsi14_sma5_v1,74.62,57.77,True,True,16.85
6247,6247.T,日阪製作所,2025-05,NEW,1,58.05,74.86,True,True,16.81,2025-05,1373.0,1373.0,1373.0,0.0,1133.48,1042.76,1037.38,True,True,True,True,True,True,True,122437.0,1374.0,-0.07,False,1.07,4.02,1.27,False,1,True,36.77,16.03,False,False,,tv_wilder_rsi14_sma5_v1,74.86,58.05,True,True,16.81
6703,6703.T,沖電気工業,2025-05,NEW,1,53.03,68.23,True,True,15.2,2025-05,1382.0,1382.0,1382.0,0.0,1185.84,1024.99,999.03,True,True,True,True,True,True,True,895150.0,1398.0,-1.14,False,0.79,3.45,0.82,True,2,True,42.89,13.39,False,False,,tv_wilder_rsi14_sma5_v1,68.23,53.03,True,True,15.2
3002,3002.T,グンゼ,2025-05,NEW,1,57.02,72.07,True,True,15.05,2025-05,3380.0,3380.0,3380.0,0.0,2880.48,2666.79,2666.02,True,True,True,True,True,True,True,131997.0,3340.0,1.2,True,1.7,3.46,0.85,True,1,True,31.69,12.14,True,True,BOTH,tv_wilder_rsi14_sma5_v1,72.07,57.02,True,True,15.05
4674,4674.T,クレスコ,2025-05,CONTINUE,2,58.66,73.65,True,True,14.99,2025-04,1200.0,1653.0,1653.0,37.75,1159.48,1153.27,1222.08,True,True,False,False,False,False,False,71117.0,1451.0,-17.3,False,0.62,2.79,0.56,True,4,True,2.14,4.07,False,False,,tv_wilder_rsi14_sma5_v1,73.65,58.66,True,True,14.99
4023,4023.T,クレハ,2025-05,NEW,1,49.73,63.35,True,True,13.62,2025-05,3365.0,3365.0,3365.0,0.0,2912.64,2787.95,2790.62,True,True,True,False,True,True,True,400070.0,3380.0,-0.44,False,0.62,3.9,0.95,True,2,True,21.0,11.31,False,False,,tv_wilder_rsi14_sma5_v1,63.35,49.73,True,True,13.62
3763,3763.T,プロシップ,2025-05,CONTINUE,4,67.87,81.43,True,True,13.56,2025-02,821.5,1240.0,1240.0,50.94,785.82,779.75,741.32,True,True,True,True,False,True,True,62473.0,866.5,-5.19,False,1.85,3.49,1.19,False,2,False,14.34,2.82,True,True,MVP,tv_wilder_rsi14_sma5_v1,81.43,67.87,True,True,13.56
6331,6331.T,三菱化工機,2025-05,NEW,1,61.46,74.71,True,True,13.25,2025-05,1937.0,1937.0,1937.0,0.0,1508.32,1346.74,1225.64,True,True,True,True,True,True,True,260800.0,1925.0,0.62,True,2.02,5.11,1.2,False,2,True,59.52,22.07,False,True,BREAKOUT,tv_wilder_rsi14_sma5_v1,74.71,61.46,True,True,13.25
7717,7717.T,ブイ・テクノロジー,2025-05,NEW,1,43.97,57.2,True,True,13.23,2025-05,3170.0,3170.0,3170.0,0.0,2590.08,2330.25,2403.51,True,True,True,False,True,True,False,127857.0,3350.0,-5.37,False,1.13,5.57,0.88,True,1,True,29.52,17.15,False,False,,tv_wilder_rsi14_sma5_v1,57.2,43.97,True,True,13.23
6741,6741.T,日本信号,2025-05,CONTINUE,2,46.28,59.36,True,True,13.08,2025-04,977.0,1058.0,1058.0,8.29,885.56,898.87,933.17,True,True,True,False,False,False,False,148127.0,1063.0,-8.09,False,1.91,2.24,0.77,True,3,True,1.69,6.4,False,False,,tv_wilder_rsi14_sma5_v1,59.36,46.28,True,True,13.08
4662,4662.T,フォーカスシステムズ,2025-05,CONTINUE,2,53.53,66.6,True,True,13.07,2025-04,1112.0,1367.0,1367.0,22.93,1044.0,1077.19,1110.33,True,True,True,False,False,False,False,33147.0,1297.0,-14.26,False,1.43,2.74,0.78,True,3,True,-2.31,4.68,True,False,,tv_wilder_rsi14_sma5_v1,66.6,53.53,True,True,13.07
2296,2296.T,伊藤ハム米久ホールディングス,2025-05,CONTINUE,3,57.18,70.2,True,True,13.02,2025-03,4185.0,5020.0,5020.0,19.95,3882.2,3851.47,3928.9,True,True,True,False,True,True,False,123193.0,4490.0,-6.79,False,1.81,1.79,1.43,False,1,True,4.82,5.02,False,False,,tv_wilder_rsi14_sma5_v1,70.2,57.18,True,True,13.02
8081,8081.T,カナデン,2025-05,NEW,1,57.05,69.96,True,True,12.91,2025-05,1823.0,1823.0,1823.0,0.0,1590.48,1514.85,1478.62,True,True,True,True,True,True,False,44057.0,1789.0,1.9,True,1.0,2.54,0.93,True,1,True,24.11,10.09,False,True,BREAKOUT,tv_wilder_rsi14_sma5_v1,69.96,57.05,True,True,12.91
1893,1893.T,五洋建設,2025-05,CONTINUE,6,53.93,66.74,True,True,12.81,2024-12,654.5,874.5,874.5,33.61,627.01,627.21,666.14,True,True,False,False,True,False,False,1250723.0,852.9,-23.26,False,0.89,1.51,0.82,True,4,True,-5.95,1.06,False,False,,tv_wilder_rsi14_sma5_v1,66.74,53.93,True,True,12.81
3388,3388.T,明治電機工業,2025-05,CONTINUE,6,56.23,68.93,True,True,12.71,2024-12,1440.0,1870.0,1870.0,29.86,1383.68,1413.41,1547.63,True,True,False,False,False,False,False,22830.0,1995.0,-27.82,False,0.97,1.67,0.97,True,4,True,-5.54,1.13,False,False,,tv_wilder_rsi14_sma5_v1,68.93,56.23,True,True,12.71
6310,6310.T,井関農機,2025-05,CONTINUE,4,48.53,60.78,True,True,12.25,2025-02,1100.0,1265.0,1265.0,15.0,972.16,952.05,985.7,True,True,True,False,True,False,False,56800.0,1096.0,0.36,True,1.88,2.51,1.5,False,1,True,11.04,7.42,True,False,,tv_wilder_rsi14_sma5_v1,60.78,48.53,True,True,12.25
4403,4403.T,日油,2025-05,CONTINUE,2,51.5,63.56,True,True,12.06,2025-04,2145.0,2560.0,2560.0,19.35,2021.68,2072.47,2210.76,True,True,False,False,False,False,False,581153.0,2707.5,-20.78,False,0.92,2.62,0.55,True,1,True,-3.32,3.97,False,False,,tv_wilder_rsi14_sma5_v1,63.56,51.5,True,True,12.06
6457,6457.T,グローリー,2025-05,NEW,1,50.89,62.9,True,True,12.01,2025-05,3086.0,3086.0,3086.0,0.0,2760.36,2651.41,2591.83,True,True,True,True,True,True,True,211243.0,3149.0,-2.0,False,1.32,2.84,0.88,True,2,True,18.88,8.56,False,False,,tv_wilder_rsi14_sma5_v1,62.9,50.89,True,True,12.01
4249,4249.T,森六,2025-05,CONTINUE,3,46.71,58.68,True,True,11.96,2025-03,2028.0,2595.0,2595.0,27.96,2075.48,2017.88,2268.41,False,True,False,False,True,True,False,21707.0,2870.0,-29.34,False,1.4,2.91,1.11,False,4,False,-11.54,1.95,False,False,,tv_wilder_rsi14_sma5_v1,58.68,46.71,True,True,11.96
9932,9932.T,杉本商事,2025-05,CONTINUE,2,60.08,71.89,True,True,11.81,2025-04,1608.0,1758.0,1758.0,9.33,1236.0,1279.99,1349.13,True,True,True,False,False,False,False,52297.0,1620.0,-0.74,False,3.63,4.0,0.98,True,1,True,24.83,12.73,True,False,,tv_wilder_rsi14_sma5_v1,71.89,60.08,True,True,11.81
5036,5036.T,日本ビジネスシステムズ,2025-05,CONTINUE,4,48.79,60.36,True,True,11.56,2025-02,1002.0,1421.0,1421.0,41.82,976.04,941.53,978.89,True,True,True,False,True,False,False,49497.0,1594.0,-37.14,False,1.02,4.55,1.36,False,3,True,-3.59,7.42,False,False,,tv_wilder_rsi14_sma5_v1,60.36,48.79,True,True,11.56
9201,9201.T,日本航空,2025-05,CONTINUE,7,50.65,62.16,True,True,11.51,2024-11,2495.5,2923.0,2923.0,17.13,2433.76,2427.92,2582.64,True,True,False,False,False,True,False,2003163.0,2956.0,-15.58,False,1.02,1.29,0.95,True,4,True,-5.25,-0.51,False,False,,tv_wilder_rsi14_sma5_v1,62.16,50.65,True,True,11.51
4206,4206.T,アイカ工業,2025-05,CONTINUE,3,49.75,61.24,True,True,11.49,2025-03,3297.0,3640.0,3640.0,10.4,3330.8,3288.0,3335.97,False,True,False,False,True,True,False,190207.0,3820.0,-13.69,False,1.05,1.48,1.19,False,4,False,-2.44,1.07,False,False,,tv_wilder_rsi14_sma5_v1,61.24,49.75,True,True,11.49
4828,4828.T,ビジネスエンジニアリング,2025-05,CONTINUE,2,56.29,67.66,True,True,11.38,2025-04,759.0,962.0,962.0,26.75,743.2,745.73,779.2,True,True,False,False,False,False,True,63217.0,887.0,-14.43,False,0.75,2.43,0.58,True,4,True,1.98,3.64,False,False,,tv_wilder_rsi14_sma5_v1,67.66,56.29,True,True,11.38
7245,7245.T,大同メタル工業,2025-05,NEW,1,47.78,59.07,True,True,11.28,2025-05,626.0,626.0,626.0,0.0,556.24,516.31,503.12,True,True,True,True,True,True,False,217007.0,650.0,-3.69,False,0.59,4.38,1.03,False,1,True,20.72,11.21,False,False,,tv_wilder_rsi14_sma5_v1,59.07,47.78,True,True,11.28
4062,4062.T,イビデン,2025-05,NEW,1,42.18,53.36,True,True,11.18,2025-05,2955.5,2955.5,2955.5,0.0,2397.46,2102.85,2253.43,True,True,True,False,True,True,False,4792947.0,3594.0,-17.77,False,1.22,3.55,0.92,True,3,True,33.24,18.66,False,False,,tv_wilder_rsi14_sma5_v1,53.36,42.18,True,True,11.18
9304,9304.T,澁澤倉庫,2025-05,CONTINUE,8,62.83,73.95,True,True,11.12,2024-10,788.75,980.0,980.0,24.25,778.85,745.14,758.54,True,True,True,False,True,True,True,91307.0,833.75,-5.4,False,0.86,2.09,1.01,False,1,True,4.78,1.44,False,False,,tv_wilder_rsi14_sma5_v1,73.95,62.83,True,True,11.12
4022,4022.T,ラサ工業,2025-05,CONTINUE,3,58.28,69.38,True,True,11.1,2025-03,556.4,669.0,669.0,20.24,541.56,528.02,546.05,True,True,True,False,True,False,False,153333.0,667.0,-16.58,False,1.29,2.53,1.05,False,3,True,1.26,2.81,False,False,,tv_wilder_rsi14_sma5_v1,69.38,58.28,True,True,11.1
8056,8056.T,ＢＩＰＲＯＧＹ,2025-05,NEW,1,59.81,70.78,True,True,10.96,2025-05,5836.0,5836.0,5836.0,0.0,5368.84,4755.49,4685.15,True,True,True,True,True,True,True,435737.0,5833.0,0.05,True,0.76,1.69,0.71,True,1,True,35.65,7.81,False,True,BREAKOUT,tv_wilder_rsi14_sma5_v1,70.78,59.81,True,True,10.96
2982,2982.T,ＡＤワークスグループ,2025-05,CONTINUE,6,61.69,72.65,True,True,10.95,2024-12,212.0,303.0,303.0,42.92,208.4,206.35,220.19,True,True,False,False,True,True,False,573823.0,270.0,-21.48,False,1.38,2.26,0.93,True,4,False,-5.31,0.4,False,False,,tv_wilder_rsi14_sma5_v1,72.65,61.69,True,True,10.95
4396,4396.T,システムサポートホールディングス,2025-05,CONTINUE,5,59.74,70.6,True,True,10.86,2025-01,992.5,1255.0,1255.0,26.45,898.3,907.81,936.3,True,True,True,False,False,False,False,79387.0,1106.0,-10.26,False,2.74,2.39,1.27,False,3,True,6.33,8.07,False,False,,tv_wilder_rsi14_sma5_v1,70.6,59.74,True,True,10.86
8255,8255.T,アクシアル   リテイリング,2025-05,CONTINUE,4,55.57,66.39,True,True,10.81,2025-02,977.0,1143.0,1143.0,16.99,930.08,909.64,945.86,True,True,True,False,True,True,False,79043.0,1095.0,-10.78,False,1.57,1.33,0.93,True,3,True,3.52,3.61,False,False,,tv_wilder_rsi14_sma5_v1,66.39,55.57,True,True,10.81
3088,3088.T,マツキヨココカラ＆カンパニー,2025-05,CONTINUE,6,56.76,67.53,True,True,10.77,2024-12,2305.0,2916.0,2916.0,26.51,2202.06,2185.47,2258.31,True,True,True,False,True,False,False,1300420.0,2798.0,-17.62,False,0.85,2.15,0.92,True,3,True,-3.65,0.4,False,False,,tv_wilder_rsi14_sma5_v1,67.53,56.76,True,True,10.77
9364,9364.T,上組,2025-05,CONTINUE,7,63.7,74.31,True,True,10.61,2024-11,3377.0,4002.0,4002.0,18.51,3291.08,3277.25,3300.89,True,True,True,False,True,True,False,247887.0,3548.0,-4.82,False,0.81,2.39,0.91,True,3,True,3.66,1.97,False,False,,tv_wilder_rsi14_sma5_v1,74.31,63.7,True,True,10.61
3563,3563.T,FOOD & LIFE COMPANIES,2025-05,CONTINUE,9,73.0,83.56,True,True,10.56,2024-09,1438.75,3093.0,3093.0,114.98,1352.83,1303.6,1412.46,True,True,True,False,True,False,False,3354907.0,1647.0,-12.64,False,1.44,2.69,0.91,True,1,True,4.16,3.25,False,False,,tv_wilder_rsi14_sma5_v1,83.56,73.0,True,True,10.56
9628,9628.T,燦ホールディングス,2025-05,CONTINUE,4,57.31,67.86,True,True,10.56,2025-02,1219.0,1515.0,1515.0,24.28,1113.72,1114.39,1150.65,True,True,True,False,True,False,True,45523.0,1382.0,-11.79,False,0.92,4.37,1.37,False,1,True,11.88,10.03,False,False,,tv_wilder_rsi14_sma5_v1,67.86,57.31,True,True,10.56
7236,7236.T,ティラド,2025-05,CONTINUE,2,62.73,73.28,True,True,10.54,2025-04,383.5,479.5,479.5,25.03,341.54,359.01,355.13,True,True,True,False,False,False,False,217233.0,400.5,-4.24,False,1.11,4.17,0.71,True,1,True,6.36,9.01,False,False,,tv_wilder_rsi14_sma5_v1,73.28,62.73,True,True,10.54
1720,1720.T,東急建設,2025-05,CONTINUE,6,58.98,69.48,True,True,10.5,2024-12,721.0,912.0,912.0,26.49,702.6,702.0,751.55,True,True,False,False,True,False,False,203350.0,868.0,-16.94,False,1.43,0.98,0.9,True,4,True,-5.14,1.32,False,False,,tv_wilder_rsi14_sma5_v1,69.48,58.98,True,True,10.5
4722,4722.T,フューチャー,2025-05,NEW,1,56.68,67.12,True,True,10.44,2025-05,2153.0,2153.0,2153.0,0.0,1947.4,1839.8,1828.35,True,True,True,True,True,True,True,210523.0,2157.0,-0.19,False,1.29,2.34,1.16,False,2,True,24.59,7.39,True,True,MVP,tv_wilder_rsi14_sma5_v1,67.12,56.68,True,True,10.44
4751,4751.T,サイバーエージェント,2025-05,CONTINUE,10,56.35,66.76,True,True,10.41,2024-08,1010.5,1465.0,1465.0,44.98,958.62,969.86,966.77,True,True,True,False,False,False,True,5229687.0,1136.0,-11.05,False,0.55,2.41,0.59,True,2,True,7.09,6.19,False,False,,tv_wilder_rsi14_sma5_v1,66.76,56.35,True,True,10.41
8002,8002.T,丸紅,2025-05,CONTINUE,4,57.1,67.18,True,True,10.08,2025-02,2347.5,2945.0,2945.0,25.45,2322.74,2320.03,2541.6,True,True,False,False,True,False,False,5655187.0,3158.0,-25.66,False,1.93,2.62,1.02,False,4,True,-6.94,0.83,False,False,,tv_wilder_rsi14_sma5_v1,67.18,57.1,True,True,10.08
8057,8057.T,内田洋行,2025-05,CONTINUE,4,59.59,69.53,True,True,9.94,2025-02,1378.0,1802.0,1802.0,30.77,1361.6,1345.87,1408.28,True,True,False,False,True,True,False,98317.0,1690.0,-18.46,False,1.13,1.72,0.91,True,4,True,-3.49,-0.28,False,False,,tv_wilder_rsi14_sma5_v1,69.53,59.59,True,True,9.94
4544,4544.T,Ｈ．Ｕ．グループホールディングス,2025-05,CONTINUE,4,54.02,63.81,True,True,9.79,2025-02,2625.0,3099.0,3099.0,18.06,2606.42,2552.56,2550.89,True,True,True,True,True,False,True,132097.0,2759.0,-4.86,False,0.87,1.56,0.73,True,2,True,4.06,0.88,False,False,,tv_wilder_rsi14_sma5_v1,63.81,54.02,True,True,9.79
5901,5901.T,東洋製罐グループホールディングス,2025-05,CONTINUE,3,59.9,69.67,True,True,9.77,2025-03,2445.0,2834.5,2834.5,15.93,2448.78,2395.76,2370.59,False,True,True,True,True,True,False,497103.0,2635.0,-7.21,False,0.79,1.96,0.85,True,3,True,0.34,0.09,False,False,,tv_wilder_rsi14_sma5_v1,69.67,59.9,True,True,9.77
9682,9682.T,ＤＴＳ,2025-05,NEW,1,62.92,72.64,True,True,9.71,2025-05,1238.75,1238.75,1238.75,0.0,1146.5,1066.93,1035.65,True,True,True,True,True,True,True,579973.0,1243.75,-0.4,False,0.91,1.59,0.65,True,2,True,21.96,4.59,False,False,,tv_wilder_rsi14_sma5_v1,72.64,62.92,True,True,9.71
2533,2533.T,オエノンホールディングス,2025-05,CONTINUE,4,62.21,71.78,True,True,9.57,2025-02,418.0,517.0,517.0,23.68,393.72,400.57,395.79,True,True,True,False,True,False,True,83413.0,441.0,-5.22,False,1.01,2.44,0.92,True,2,True,8.29,3.84,False,False,,tv_wilder_rsi14_sma5_v1,71.78,62.21,True,True,9.57
7475,7475.T,アルビス,2025-05,CONTINUE,3,60.64,70.07,True,True,9.43,2025-03,2783.0,3040.0,3040.0,9.23,2743.04,2654.15,2686.03,True,True,True,False,True,True,True,18597.0,2900.0,-4.03,False,1.99,1.77,1.14,False,1,True,4.14,1.58,False,False,,tv_wilder_rsi14_sma5_v1,70.07,60.64,True,True,9.43
547A,547A.T,ムニノバホールディングス,2025-05,CONTINUE,6,48.73,58.11,True,True,9.39,2024-12,338.0,400.0,400.0,18.34,329.16,323.05,369.81,True,True,False,False,True,False,False,2642933.0,532.0,-36.47,False,0.98,1.92,1.05,False,4,True,-6.72,0.35,True,False,,tv_wilder_rsi14_sma5_v1,58.11,48.73,True,True,9.39
4373,4373.T,シンプレクス・ホールディングス,2025-05,CONTINUE,8,58.46,67.81,True,True,9.34,2024-10,625.0,937.5,937.5,50.0,592.45,598.25,651.84,True,True,False,False,False,False,False,710267.0,739.75,-15.51,False,2.45,2.45,1.1,False,4,True,1.25,4.33,True,False,,tv_wilder_rsi14_sma5_v1,67.81,58.46,True,True,9.34
8037,8037.T,カメイ,2025-05,CONTINUE,4,57.06,66.36,True,True,9.3,2025-02,1921.0,2366.0,2366.0,23.17,1823.48,1842.72,1995.69,True,True,False,False,True,False,False,36047.0,2450.0,-21.59,False,1.16,2.86,1.16,False,4,True,-0.39,4.75,False,False,,tv_wilder_rsi14_sma5_v1,66.36,57.06,True,True,9.3
5902,5902.T,ホッカンホールディングス,2025-05,CONTINUE,2,57.37,66.66,True,True,9.28,2025-04,1820.0,1924.0,1924.0,5.71,1653.08,1670.12,1689.34,True,True,True,False,False,False,False,31690.0,1853.0,-1.78,False,1.13,2.41,0.87,True,3,True,6.68,5.83,False,False,,tv_wilder_rsi14_sma5_v1,66.66,57.37,True,True,9.28
9684,9684.T,ｽｸｳｪｱ･ｴﾆｯｸｽ･ﾎｰﾙﾃﾞｨﾝｸﾞｽ,2025-05,CONTINUE,10,65.99,75.23,True,True,9.24,2024-08,1795.67,3025.0,3025.0,68.46,1664.36,1617.85,1787.93,True,True,True,False,True,False,False,2149780.0,2269.33,-20.87,False,0.79,1.84,0.67,True,1,True,2.73,9.32,False,False,,tv_wilder_rsi14_sma5_v1,75.23,65.99,True,True,9.24
3946,3946.T,トーモク,2025-05,CONTINUE,5,56.75,65.95,True,True,9.21,2025-01,2370.0,2832.0,2832.0,19.49,2257.4,2263.87,2479.41,True,True,False,False,True,False,False,21693.0,2960.0,-19.93,False,1.02,1.75,1.01,False,4,True,-2.77,1.91,True,False,,tv_wilder_rsi14_sma5_v1,65.95,56.75,True,True,9.21
4097,4097.T,高圧ガス工業,2025-05,CONTINUE,3,54.57,63.75,True,True,9.19,2025-03,888.0,1032.0,1032.0,16.22,887.04,840.37,876.12,True,True,True,False,True,True,True,385843.0,1032.0,-13.95,False,0.31,3.84,0.59,True,1,True,4.29,1.62,False,False,,tv_wilder_rsi14_sma5_v1,63.75,54.57,True,True,9.19
3964,3964.T,オークネット,2025-05,NEW,1,59.91,69.05,True,True,9.14,2025-05,772.0,772.0,772.0,0.0,679.94,630.83,622.41,True,True,True,True,True,True,True,90807.0,752.5,2.59,True,0.74,3.33,0.71,True,2,True,27.87,8.8,False,True,BREAKOUT,tv_wilder_rsi14_sma5_v1,69.05,59.91,True,True,9.14
9022,9022.T,東海旅客鉄道,2025-05,CONTINUE,2,37.49,46.57,True,True,9.08,2025-04,2931.0,3161.0,3161.0,7.85,2923.12,2906.66,3108.15,True,True,False,False,False,False,False,2788577.0,3681.0,-20.37,False,0.96,2.41,0.71,True,4,False,-7.07,1.91,False,False,,tv_wilder_rsi14_sma5_v1,46.57,37.49,True,True,9.08
8715,8715.T,アニコムホールディングス,2025-05,CONTINUE,2,45.55,54.55,True,True,9.0,2025-04,595.0,682.0,682.0,14.62,533.96,567.4,622.34,True,True,False,False,True,False,False,538583.0,720.0,-17.36,False,1.15,2.77,0.66,True,4,True,-6.9,5.71,False,False,,tv_wilder_rsi14_sma5_v1,54.55,45.55,True,True,9.0
3038,3038.T,神戸物産,2025-05,CONTINUE,3,51.84,60.78,True,True,8.94,2025-03,3524.0,4550.0,4550.0,29.11,3442.88,3448.32,3744.28,True,True,False,False,True,False,True,1200567.0,4715.0,-25.26,False,0.7,2.04,1.02,False,1,True,-5.82,0.48,False,False,,tv_wilder_rsi14_sma5_v1,60.78,51.84,True,True,8.94
8550,8550.T,栃木銀行,2025-05,CONTINUE,6,52.92,61.82,True,True,8.91,2024-12,284.0,372.0,372.0,30.99,282.52,271.45,316.9,True,True,False,False,True,False,False,557280.0,398.0,-28.64,False,0.68,2.29,0.9,True,4,True,-7.73,-0.47,False,False,,tv_wilder_rsi14_sma5_v1,61.82,52.92,True,True,8.91
9991,9991.T,ジェコス,2025-05,CONTINUE,8,59.93,68.73,True,True,8.8,2024-10,970.0,1218.0,1218.0,25.57,892.76,920.08,1020.0,True,True,False,False,False,False,False,37687.0,1225.0,-20.82,False,2.57,1.96,1.33,False,4,True,-2.32,3.61,False,False,,tv_wilder_rsi14_sma5_v1,68.73,59.93,True,True,8.8
9449,9449.T,ＧＭＯインターネットグループ,2025-05,CONTINUE,10,65.32,74.11,True,True,8.79,2024-08,2516.5,3509.0,3509.0,39.44,2356.06,2443.62,2543.84,True,True,False,False,False,False,True,367020.0,2973.5,-15.37,False,0.75,2.9,0.74,True,1,True,2.35,8.88,False,False,,tv_wilder_rsi14_sma5_v1,74.11,65.32,True,True,8.79
1950,1950.T,日本電設工業,2025-05,CONTINUE,7,59.51,68.26,True,True,8.76,2024-11,1939.0,2410.0,2410.0,24.29,1845.08,1836.51,1941.78,True,True,False,False,False,False,False,56333.0,2220.0,-12.66,False,1.13,2.17,0.98,True,4,True,0.6,1.45,False,False,,tv_wilder_rsi14_sma5_v1,68.26,59.51,True,True,8.76
3076,3076.T,あい   ホールディングス,2025-05,CONTINUE,3,44.1,52.82,True,True,8.72,2025-03,2075.0,2302.0,2302.0,10.94,2035.8,2041.73,2238.4,True,True,False,False,True,False,False,190727.0,2693.0,-22.95,False,0.94,1.36,0.85,True,4,True,-8.09,2.77,False,False,,tv_wilder_rsi14_sma5_v1,52.82,44.1,True,True,8.72
1835,1835.T,東鉄工業,2025-05,NEW,1,55.76,64.46,False,True,8.7,2025-05,3485.0,3485.0,3485.0,0.0,3310.8,3146.6,3211.72,True,True,True,False,True,True,True,72583.0,3575.0,-2.52,False,0.63,2.59,0.84,True,1,True,12.75,5.13,False,False,,tv_wilder_rsi14_sma5_v1,64.46,55.76,True,False,8.7
1870,1870.T,矢作建設工業,2025-05,NEW,1,54.78,63.38,False,True,8.6,2025-05,1690.0,1690.0,1690.0,0.0,1590.52,1414.61,1491.39,True,True,True,False,True,True,False,317213.0,1743.0,-3.04,False,0.37,1.58,0.71,True,1,True,22.49,7.28,False,False,,tv_wilder_rsi14_sma5_v1,63.38,54.78,True,False,8.6
4684,4684.T,オービック,2025-05,CONTINUE,2,53.19,61.78,True,True,8.6,2025-04,4991.0,5267.0,5267.0,5.53,4632.12,4527.73,4724.65,True,True,True,False,True,False,True,1105313.0,5400.0,-7.57,False,1.36,2.71,0.83,True,2,True,11.43,6.57,True,False,,tv_wilder_rsi14_sma5_v1,61.78,53.19,True,True,8.6
2461,2461.T,ファンコミュニケーションズ,2025-05,CONTINUE,2,50.18,58.73,True,True,8.54,2025-04,419.0,431.0,431.0,2.86,402.92,402.77,407.4,True,True,True,False,False,False,False,76663.0,426.0,-1.64,False,2.14,2.11,0.96,True,3,True,2.17,2.33,False,False,,tv_wilder_rsi14_sma5_v1,58.73,50.18,True,True,8.54
6349,6349.T,小森コーポレーション,2025-05,CONTINUE,6,60.7,69.2,True,True,8.51,2024-12,1208.0,1442.0,1442.0,19.37,1166.36,1133.4,1193.97,True,True,True,False,True,True,False,49953.0,1412.0,-14.45,False,0.86,1.81,0.93,True,3,True,0.69,1.3,False,False,,tv_wilder_rsi14_sma5_v1,69.2,60.7,True,True,8.51
2802,2802.T,味の素,2025-05,NEW,1,59.74,68.2,True,True,8.47,2025-05,3612.0,3612.0,3612.0,0.0,3229.32,3074.03,3008.43,True,True,True,True,True,True,True,2817840.0,3660.0,-1.31,False,1.05,2.08,0.9,True,2,True,20.95,7.95,False,False,,tv_wilder_rsi14_sma5_v1,68.2,59.74,True,True,8.47
1814,1814.T,大末建設,2025-05,CONTINUE,5,67.34,75.76,True,True,8.41,2025-01,1734.0,2227.0,2227.0,28.43,1629.68,1620.44,1655.12,True,True,True,False,True,True,True,61373.0,1849.0,-6.22,False,1.98,1.59,1.13,False,1,True,9.9,1.48,True,False,,tv_wilder_rsi14_sma5_v1,75.76,67.34,True,True,8.41
7003,7003.T,三井Ｅ＆Ｓ,2025-05,CONTINUE,2,65.26,73.66,True,True,8.41,2025-04,1820.0,2355.0,2355.0,29.4,1576.84,1638.95,1447.84,True,True,True,False,False,False,True,7906670.0,1964.0,-7.33,False,1.17,4.62,0.77,True,2,True,26.57,11.65,False,False,,tv_wilder_rsi14_sma5_v1,73.66,65.26,True,True,8.41
7504,7504.T,高速,2025-05,NEW,1,52.45,60.83,False,True,8.39,2025-05,2613.0,2613.0,2613.0,0.0,2372.2,2194.25,2337.89,True,True,True,False,True,True,True,45677.0,2672.0,-2.21,False,0.74,2.0,0.69,True,1,True,17.3,8.71,False,False,,tv_wilder_rsi14_sma5_v1,60.83,52.45,True,False,8.39
4071,4071.T,プラスアルファ・コンサルティング,2025-05,CONTINUE,2,40.51,48.84,True,True,8.33,2025-04,1666.0,2071.0,2071.0,24.31,1472.12,1561.23,1787.05,True,True,False,False,True,False,False,381520.0,2266.0,-26.48,False,0.95,3.59,0.74,True,4,True,-13.66,8.45,False,False,,tv_wilder_rsi14_sma5_v1,48.84,40.51,True,True,8.33
9551,9551.T,メタウォーター,2025-05,CONTINUE,6,53.04,61.31,True,True,8.27,2024-12,1818.0,2144.0,2144.0,17.93,1790.08,1789.01,1907.83,True,True,False,False,True,True,False,81103.0,2392.0,-24.0,False,0.76,1.41,0.92,True,4,False,-6.76,-0.21,False,False,,tv_wilder_rsi14_sma5_v1,61.31,53.04,True,True,8.27
6332,6332.T,月島ホールディングス,2025-05,CONTINUE,7,69.92,78.16,True,True,8.24,2024-11,1455.0,2032.0,2032.0,39.66,1434.76,1372.35,1395.88,True,True,True,False,True,True,True,42077.0,1560.0,-6.73,False,1.22,2.04,0.75,True,1,True,7.46,0.29,False,False,,tv_wilder_rsi14_sma5_v1,78.16,69.92,True,True,8.24
4626,4626.T,太陽ホールディングス,2025-05,CONTINUE,3,73.78,81.96,True,True,8.18,2025-03,2410.0,2975.0,2975.0,23.44,2104.7,2064.5,1917.49,True,True,True,True,True,True,True,386780.0,2482.5,-2.92,False,1.72,2.93,1.35,False,2,True,32.69,11.48,False,False,,tv_wilder_rsi14_sma5_v1,81.96,73.78,True,True,8.18
2053,2053.T,中部飼料,2025-05,CONTINUE,3,55.84,63.91,True,True,8.07,2025-03,1346.0,1531.0,1531.0,13.74,1352.2,1312.32,1410.36,False,True,False,False,True,True,False,48053.0,1648.0,-18.33,False,1.58,1.96,1.05,False,4,True,-1.57,1.18,False,False,,tv_wilder_rsi14_sma5_v1,63.91,55.84,True,True,8.07
3626,3626.T,ＴＩＳ,2025-05,CONTINUE,4,61.13,69.2,True,True,8.07,2025-02,4170.0,4748.0,4748.0,13.86,3710.2,3727.08,3465.78,True,True,True,False,True,True,True,1155770.0,4273.0,-2.41,False,1.34,3.01,1.03,False,2,True,22.39,7.9,False,False,,tv_wilder_rsi14_sma5_v1,69.2,61.13,True,True,8.07
4461,4461.T,第一工業製薬,2025-05,NEW,1,49.42,57.46,False,True,8.04,2025-05,3545.0,3545.0,3545.0,0.0,2968.2,2771.44,3149.66,True,True,True,False,True,False,False,87687.0,4200.0,-15.6,False,0.73,4.31,1.0,False,1,True,12.97,12.19,False,False,,tv_wilder_rsi14_sma5_v1,57.46,49.42,True,False,8.04
7994,7994.T,オカムラ,2025-05,NEW,1,53.8,61.83,True,True,8.03,2025-05,2199.0,2199.0,2199.0,0.0,2090.12,2004.85,1982.49,True,True,True,True,True,True,False,191623.0,2313.0,-4.93,False,1.13,1.74,0.74,True,3,True,10.5,3.89,False,False,,tv_wilder_rsi14_sma5_v1,61.83,53.8,True,True,8.03
6644,6644.T,大崎電気工業,2025-05,CONTINUE,3,67.74,75.76,True,True,8.01,2025-03,804.0,927.0,927.0,15.3,810.04,795.73,745.74,False,True,True,True,True,True,True,113877.0,899.0,-10.57,False,1.15,2.75,1.0,False,2,False,8.37,-1.03,False,False,,tv_wilder_rsi14_sma5_v1,75.76,67.74,True,True,8.01
8015,8015.T,豊田通商,2025-05,CONTINUE,2,52.61,60.58,True,True,7.97,2025-04,2825.0,3070.0,3070.0,8.67,2449.26,2536.65,2651.71,True,True,True,False,False,False,False,2226940.0,3421.67,-17.44,False,1.23,3.47,0.69,True,3,True,-0.59,6.39,True,False,,tv_wilder_rsi14_sma5_v1,60.58,52.61,True,True,7.97
6544,6544.T,ｼﾞｬﾊﾟﾝｴﾚﾍﾞｰﾀｰｻｰﾋﾞｽﾎｰﾙﾃﾞｨﾝｸﾞｽ,2025-05,CONTINUE,2,60.32,68.2,True,True,7.89,2025-04,1542.5,1805.0,1805.0,17.02,1482.82,1448.15,1429.98,True,True,True,True,True,True,True,745680.0,1615.0,-4.49,False,0.96,2.56,0.77,True,2,True,10.39,2.58,False,False,,tv_wilder_rsi14_sma5_v1,68.2,60.32,True,True,7.89
2413,2413.T,エムスリー,2025-05,CONTINUE,9,37.29,45.17,True,True,7.88,2024-09,1438.0,2037.5,2037.5,41.69,1407.98,1427.85,1796.72,True,True,False,False,True,False,False,5008720.0,2869.0,-49.88,False,0.9,4.23,1.02,False,4,True,-27.1,3.16,False,False,,tv_wilder_rsi14_sma5_v1,45.17,37.29,True,True,7.88
6258,6258.T,平田機工,2025-05,NEW,1,40.81,48.65,True,True,7.84,2025-05,1891.0,1891.0,1891.0,0.0,1695.0,1594.37,1660.81,True,True,True,False,True,False,False,192653.0,2480.0,-23.75,False,0.62,2.49,0.71,True,3,True,7.15,9.42,False,False,,tv_wilder_rsi14_sma5_v1,48.65,40.81,True,True,7.84
9065,9065.T,山九,2025-05,CONTINUE,8,64.46,72.28,True,True,7.81,2024-10,5332.0,6945.0,6945.0,30.25,4873.12,4823.87,5171.7,True,True,True,False,True,False,False,160923.0,5850.0,-8.85,False,1.81,2.38,1.26,False,3,True,1.16,-0.05,False,False,,tv_wilder_rsi14_sma5_v1,72.28,64.46,True,True,7.81
8150,8150.T,三信電気,2025-05,NEW,1,49.45,57.25,True,True,7.79,2025-05,2271.0,2271.0,2271.0,0.0,2113.0,2053.21,1999.07,True,True,True,True,True,True,False,83120.0,2288.0,-0.74,False,0.77,2.01,0.75,True,1,True,13.02,5.27,False,False,,tv_wilder_rsi14_sma5_v1,57.25,49.45,True,True,7.79
3697,3697.T,ＳＨＩＦＴ,2025-05,CONTINUE,2,49.83,57.55,True,True,7.72,2025-04,1311.0,1673.0,1673.0,27.61,1191.4,1274.9,1073.38,True,True,True,False,False,True,True,3930070.0,1526.5,-14.12,False,1.04,5.86,0.79,True,2,True,26.88,9.37,False,False,,tv_wilder_rsi14_sma5_v1,57.55,49.83,True,True,7.72
6013,6013.T,タクマ,2025-05,CONTINUE,7,58.95,66.66,True,True,7.71,2024-11,1643.0,2034.0,2034.0,23.8,1607.6,1603.68,1720.65,True,True,False,False,True,False,False,254477.0,1998.0,-17.77,False,0.79,2.04,0.83,True,4,True,-0.95,0.92,False,False,,tv_wilder_rsi14_sma5_v1,66.66,58.95,True,True,7.71
7164,7164.T,全国保証,2025-05,CONTINUE,4,61.68,69.39,True,True,7.71,2025-02,2807.0,3196.0,3196.0,13.86,2740.46,2720.15,2809.7,True,True,False,False,True,False,True,366467.0,3122.0,-10.09,False,1.09,1.02,0.86,True,4,True,1.46,1.23,False,False,,tv_wilder_rsi14_sma5_v1,69.39,61.68,True,True,7.71
8267,8267.T,イオン,2025-05,CONTINUE,3,66.73,74.42,True,True,7.7,2025-03,1250.0,1478.33,1478.33,18.27,1268.72,1239.64,1219.87,False,True,True,True,True,True,True,7473260.0,1365.67,-8.47,False,0.88,1.82,0.77,True,2,True,2.26,-2.51,False,False,,tv_wilder_rsi14_sma5_v1,74.42,66.73,True,True,7.7
1926,1926.T,ライト工業,2025-05,CONTINUE,4,68.32,76.0,True,True,7.68,2025-02,2525.0,2885.0,2885.0,14.26,2417.64,2266.49,2178.14,True,True,True,True,True,True,True,187110.0,2709.0,-6.79,False,1.06,3.18,0.71,True,2,True,22.04,5.79,False,False,,tv_wilder_rsi14_sma5_v1,76.0,68.32,True,True,7.68
4848,4848.T,フルキャストホールディングス,2025-05,CONTINUE,5,44.29,51.96,True,True,7.67,2025-01,1510.0,1802.0,1802.0,19.34,1483.16,1488.64,1486.69,True,True,True,False,True,False,True,80840.0,1844.0,-18.11,False,0.73,2.02,1.13,False,2,True,-2.4,2.98,False,False,,tv_wilder_rsi14_sma5_v1,51.96,44.29,True,True,7.67
4784,4784.T,ＧＭＯインターネット,2025-05,CONTINUE,2,79.42,87.08,True,True,7.66,2025-04,2781.0,3025.0,3025.0,8.77,1958.44,1409.32,866.86,True,True,True,True,True,True,True,1512680.0,3660.0,-24.02,False,1.34,12.51,1.28,False,2,True,385.99,70.28,False,False,,tv_wilder_rsi14_sma5_v1,87.08,79.42,True,True,7.66
8343,8343.T,秋田銀行,2025-05,NEW,1,62.46,70.11,True,True,7.65,2025-05,2973.0,2973.0,2973.0,0.0,2694.44,2479.71,2303.04,True,True,True,True,True,True,True,113793.0,3060.0,-2.84,False,0.44,2.34,0.6,True,2,True,29.73,5.86,False,False,,tv_wilder_rsi14_sma5_v1,70.11,62.46,True,True,7.65
6754,6754.T,アンリツ,2025-05,CONTINUE,6,55.17,62.8,True,True,7.63,2024-12,1410.0,1646.5,1646.5,16.77,1247.34,1170.89,1182.89,True,True,True,False,True,True,True,776283.0,1445.5,-2.46,False,1.72,2.4,1.36,False,1,True,19.14,8.68,False,False,,tv_wilder_rsi14_sma5_v1,62.8,55.17,True,True,7.63
4413,4413.T,ボードルア,2025-05,CONTINUE,2,65.0,72.6,True,True,7.6,2025-04,2840.0,3375.0,3375.0,18.84,2520.8,2496.87,2462.94,True,True,True,True,True,True,True,268593.0,2965.0,-4.22,False,1.29,5.14,1.0,False,2,True,30.91,10.31,False,False,,tv_wilder_rsi14_sma5_v1,72.6,65.0,True,True,7.6
4732,4732.T,ユー・エス・エス,2025-05,CONTINUE,3,61.51,69.11,True,True,7.59,2025-03,1391.5,1565.0,1565.0,12.47,1412.24,1382.85,1348.03,False,True,True,True,True,True,True,1144337.0,1470.5,-5.37,False,1.18,1.93,1.04,False,2,True,4.23,0.62,False,False,,tv_wilder_rsi14_sma5_v1,69.11,61.51,True,True,7.59
5943,5943.T,ノーリツ,2025-05,CONTINUE,3,53.54,61.12,True,True,7.58,2025-03,1763.0,1902.0,1902.0,7.88,1761.84,1709.88,1771.34,True,True,False,False,True,True,True,115557.0,2084.0,-15.4,False,0.71,1.71,0.82,True,4,True,1.28,1.45,False,False,,tv_wilder_rsi14_sma5_v1,61.12,53.54,True,True,7.58
3659,3659.T,ネクソン,2025-05,CONTINUE,2,43.78,51.34,True,True,7.56,2025-04,2245.0,2612.0,2612.0,16.35,2106.54,2084.93,2457.55,True,True,False,False,True,False,False,2732577.0,3455.0,-35.02,False,0.81,2.89,0.62,True,4,True,-7.32,5.31,False,False,,tv_wilder_rsi14_sma5_v1,51.34,43.78,True,True,7.56
5706,5706.T,三井金属,2025-05,NEW,1,51.88,59.44,True,True,7.56,2025-05,4950.0,4950.0,4950.0,0.0,4300.36,4250.0,4515.4,True,True,True,False,True,False,False,490020.0,5564.0,-11.04,False,1.07,2.92,1.0,True,3,True,8.41,11.12,False,False,,tv_wilder_rsi14_sma5_v1,59.44,51.88,True,True,7.56
7609,7609.T,ダイトロン,2025-05,CONTINUE,4,59.73,67.29,True,True,7.56,2025-02,1682.5,1862.5,1862.5,10.7,1501.62,1412.77,1427.88,True,True,True,False,True,True,False,72700.0,1832.5,-8.19,False,0.86,2.95,0.76,True,3,True,17.59,8.27,False,False,,tv_wilder_rsi14_sma5_v1,67.29,59.73,True,True,7.56
3148,3148.T,クリエイトＳＤホールディングス,2025-05,CONTINUE,3,43.13,50.67,True,True,7.54,2025-03,2908.0,3165.0,3165.0,8.84,2846.88,2820.65,3064.99,True,True,False,False,True,False,False,63787.0,3675.0,-20.87,False,1.35,1.28,0.93,True,4,True,-5.39,1.92,False,False,,tv_wilder_rsi14_sma5_v1,50.67,43.13,True,True,7.54
9746,9746.T,ＴＫＣ,2025-05,CONTINUE,3,58.1,65.63,True,True,7.53,2025-03,3850.0,4250.0,4250.0,10.39,3856.4,3819.73,3732.35,False,True,True,True,True,True,True,82300.0,4120.0,-6.55,False,1.02,1.91,0.95,True,2,True,3.33,0.47,False,False,,tv_wilder_rsi14_sma5_v1,65.63,58.1,True,True,7.53
9869,9869.T,加藤産業,2025-05,CONTINUE,4,64.28,71.8,True,True,7.52,2025-02,4535.0,5300.0,5300.0,16.87,4409.0,4415.6,4281.35,True,True,True,False,True,True,False,29560.0,4980.0,-8.94,False,1.24,1.9,0.88,True,3,False,4.71,0.14,True,False,,tv_wilder_rsi14_sma5_v1,71.8,64.28,True,True,7.52
7723,7723.T,愛知時計電機,2025-05,CONTINUE,3,50.22,57.71,True,True,7.48,2025-03,1965.0,2184.0,2184.0,11.15,1984.4,1936.28,2020.13,False,True,False,False,True,True,False,22423.0,2499.0,-21.37,False,0.83,2.68,0.84,True,4,True,-7.61,-0.38,False,False,,tv_wilder_rsi14_sma5_v1,57.71,50.22,True,True,7.48
5301,5301.T,東海カーボン,2025-05,CONTINUE,4,44.53,52.01,True,True,7.47,2025-02,916.6,1037.0,1037.0,13.14,885.43,901.05,911.19,True,True,True,False,False,True,False,1190697.0,1071.0,-14.42,False,1.18,2.65,1.03,False,3,True,-3.69,2.75,False,False,,tv_wilder_rsi14_sma5_v1,52.01,44.53,True,True,7.47
6088,6088.T,シグマクシス・ホールディングス,2025-05,CONTINUE,2,66.74,74.18,True,True,7.44,2025-04,1041.0,1191.0,1191.0,14.41,962.84,945.75,871.58,True,True,True,True,True,True,True,328433.0,1044.0,-0.29,False,1.09,3.02,0.75,True,2,True,23.19,6.2,False,False,,tv_wilder_rsi14_sma5_v1,74.18,66.74,True,True,7.44
2124,2124.T,ジェイエイシーリクルートメント,2025-05,CONTINUE,4,60.91,68.34,True,True,7.43,2025-02,775.0,912.0,912.0,17.68,723.68,713.87,712.94,True,True,True,True,True,False,False,291957.0,825.0,-6.06,False,0.85,3.39,1.05,False,1,True,9.68,6.94,False,False,,tv_wilder_rsi14_sma5_v1,68.34,60.91,True,True,7.43
6859,6859.T,エスペック,2025-05,NEW,1,49.05,56.44,True,True,7.39,2025-05,2789.0,2789.0,2789.0,0.0,2500.64,2392.44,2508.7,True,True,True,False,True,False,False,73207.0,3340.0,-16.5,False,1.13,2.7,0.73,True,3,True,9.97,8.77,False,False,,tv_wilder_rsi14_sma5_v1,56.44,49.05,True,True,7.39
6420,6420.T,ガリレイ,2025-05,CONTINUE,3,54.77,62.15,True,True,7.37,2025-03,2755.0,3085.0,3085.0,11.98,2789.2,2663.49,2830.61,False,True,False,False,True,True,False,63907.0,3480.0,-20.83,False,1.33,2.83,1.07,False,4,True,-2.05,0.84,False,False,,tv_wilder_rsi14_sma5_v1,62.15,54.77,True,True,7.37
6820,6820.T,アイコム,2025-05,NEW,1,46.56,53.93,True,True,7.37,2025-05,3035.0,3035.0,3035.0,0.0,2831.88,2782.83,2770.66,True,True,True,True,True,True,False,17160.0,3335.0,-9.0,False,0.92,2.18,0.88,True,3,True,9.12,5.97,False,False,,tv_wilder_rsi14_sma5_v1,53.93,46.56,True,True,7.37
2742,2742.T,ハローズ,2025-05,CONTINUE,3,53.23,60.59,False,True,7.36,2025-03,4255.0,4715.0,4715.0,10.81,4138.2,4010.2,4182.23,True,True,True,False,True,True,False,51733.0,4850.0,-12.27,False,0.49,1.51,0.98,True,1,True,0.8,2.0,False,False,,tv_wilder_rsi14_sma5_v1,60.59,53.23,True,False,7.36
7914,7914.T,共同印刷,2025-05,CONTINUE,2,65.68,73.04,True,True,7.36,2025-04,1060.0,1272.0,1272.0,20.0,997.69,1041.85,966.51,True,True,True,False,False,False,True,51857.0,1137.5,-6.81,False,0.87,3.07,0.73,True,2,True,13.7,4.53,True,True,MVP,tv_wilder_rsi14_sma5_v1,73.04,65.68,True,True,7.36
1946,1946.T,トーエネック,2025-05,CONTINUE,2,59.39,66.7,True,True,7.31,2025-04,1130.0,1184.0,1184.0,4.78,943.16,975.97,955.12,True,True,True,False,False,False,False,160520.0,1290.0,-12.4,False,2.45,2.63,0.82,True,3,True,14.29,7.52,True,False,,tv_wilder_rsi14_sma5_v1,66.7,59.39,True,True,7.31
5976,5976.T,高周波熱錬,2025-05,NEW,1,54.65,61.96,True,True,7.31,2025-05,1093.0,1093.0,1093.0,0.0,1007.2,984.37,989.12,True,True,True,False,True,True,False,133627.0,1155.0,-5.37,False,0.58,2.52,0.65,True,1,True,7.36,4.8,False,False,,tv_wilder_rsi14_sma5_v1,61.96,54.65,True,True,7.31
7972,7972.T,イトーキ,2025-05,CONTINUE,7,65.51,72.78,True,True,7.27,2024-11,1584.0,2035.0,2035.0,28.47,1567.84,1490.0,1597.25,True,True,False,False,True,True,True,269950.0,2200.0,-28.0,False,1.01,2.75,0.87,True,4,True,9.51,-1.73,False,False,,tv_wilder_rsi14_sma5_v1,72.78,65.51,True,True,7.27
8252,8252.T,丸井グループ,2025-05,CONTINUE,6,66.83,74.07,True,True,7.23,2024-12,2514.5,2953.5,2953.5,17.46,2495.2,2441.75,2399.03,True,True,True,True,True,True,True,685097.0,2583.5,-2.67,False,0.64,1.45,0.9,True,1,True,5.46,0.09,False,False,,tv_wilder_rsi14_sma5_v1,74.07,66.83,True,True,7.23
4368,4368.T,扶桑化学工業,2025-05,CONTINUE,3,43.51,50.73,True,True,7.22,2025-03,1146.67,1283.33,1283.33,11.92,1165.87,1150.76,1224.21,False,False,False,False,True,True,False,346870.0,1700.0,-32.55,False,0.81,2.46,0.92,True,4,True,-10.32,1.17,False,False,,tv_wilder_rsi14_sma5_v1,50.73,43.51,True,True,7.22
1417,1417.T,ミライト・ワン,2025-05,NEW,1,66.28,73.48,True,True,7.2,2025-05,2553.0,2553.0,2553.0,0.0,2372.44,2262.24,2191.02,True,True,True,True,True,True,True,259577.0,2529.0,0.95,True,1.17,2.14,0.78,True,2,True,21.78,5.04,False,True,BREAKOUT,tv_wilder_rsi14_sma5_v1,73.48,66.28,True,True,7.2
6269,6269.T,三井海洋開発,2025-05,CONTINUE,4,73.89,81.08,True,True,7.2,2025-02,4015.0,5060.0,5060.0,26.03,3642.4,3414.13,3118.86,True,True,True,True,True,True,True,571097.0,4640.0,-13.47,False,0.87,5.46,1.16,False,2,True,33.19,10.87,False,False,,tv_wilder_rsi14_sma5_v1,81.08,73.89,True,True,7.2
3036,3036.T,アルコニックス,2025-05,CONTINUE,7,58.58,65.72,True,True,7.14,2024-11,1461.0,1699.0,1699.0,16.29,1420.88,1394.89,1423.54,True,True,True,False,True,True,True,86810.0,1592.0,-8.23,False,1.11,1.52,0.78,True,1,True,4.72,-0.21,False,False,,tv_wilder_rsi14_sma5_v1,65.72,58.58,True,True,7.14
4091,4091.T,日本酸素ホールディングス,2025-05,CONTINUE,3,61.18,68.31,True,True,7.14,2025-03,4514.0,5176.0,5176.0,14.67,4697.72,4473.57,4700.14,False,True,False,False,True,True,True,820550.0,5475.0,-17.55,False,1.58,2.79,0.74,True,1,True,-2.83,-2.86,False,False,,tv_wilder_rsi14_sma5_v1,68.31,61.18,True,True,7.14
6118,6118.T,アイダエンジニアリング,2025-05,CONTINUE,6,51.61,58.72,True,True,7.12,2024-12,814.0,945.0,945.0,16.09,791.68,784.83,833.01,True,True,False,False,True,True,False,198957.0,966.0,-15.73,False,0.58,1.25,0.95,True,4,True,-2.01,0.67,False,False,,tv_wilder_rsi14_sma5_v1,58.72,51.61,True,True,7.12
6850,6850.T,チノー,2025-05,NEW,1,46.92,54.01,True,True,7.1,2025-05,1145.0,1145.0,1145.0,0.0,1047.34,1018.41,1073.07,True,True,True,False,True,False,False,45600.0,1353.5,-15.4,False,0.77,2.82,0.86,True,3,True,3.77,6.88,False,False,,tv_wilder_rsi14_sma5_v1,54.01,46.92,True,True,7.1
4709,4709.T,ＩＤホールディングス,2025-05,CONTINUE,8,75.82,82.89,True,True,7.07,2024-10,740.0,1109.5,1109.5,49.93,710.6,688.78,737.67,True,True,True,False,True,False,False,34473.0,897.0,-17.5,False,1.31,2.29,1.2,False,3,True,-0.6,-0.1,False,False,,tv_wilder_rsi14_sma5_v1,82.89,75.82,True,True,7.07
8014,8014.T,蝶理,2025-05,CONTINUE,2,54.31,61.33,False,True,7.02,2025-04,3615.0,3840.0,3840.0,6.22,2986.04,3175.75,3537.18,True,True,True,False,False,False,False,31347.0,4185.0,-13.62,False,1.59,3.39,0.79,True,3,True,1.61,6.84,True,False,,tv_wilder_rsi14_sma5_v1,61.33,54.31,True,False,7.02
6381,6381.T,アネスト岩田,2025-05,NEW,1,49.96,56.94,False,True,6.99,2025-05,1412.0,1412.0,1412.0,0.0,1294.76,1225.33,1316.01,True,True,True,False,True,True,False,78807.0,1700.0,-16.94,False,1.75,2.35,0.57,True,3,True,7.62,7.51,False,False,,tv_wilder_rsi14_sma5_v1,56.94,49.96,True,False,6.99
9432,9432.T,ＮＴＴ,2025-05,CONTINUE,2,46.32,53.31,True,True,6.99,2025-04,149.3,160.4,160.4,7.43,146.49,148.36,151.15,True,True,False,False,False,False,False,181885110.0,173.4,-13.9,False,0.9,1.53,0.76,True,4,True,-4.1,1.95,False,False,,tv_wilder_rsi14_sma5_v1,53.31,46.32,True,True,6.99
8174,8174.T,日本瓦斯,2025-05,CONTINUE,5,57.39,64.36,True,False,6.98,2025-01,2179.0,2581.0,2581.0,18.45,2156.32,2122.25,2289.28,True,True,False,False,True,False,False,323530.0,2719.5,-19.87,False,1.38,2.08,1.13,False,4,True,-5.12,1.83,False,False,,tv_wilder_rsi14_sma5_v1,64.36,57.39,False,True,6.98
7956,7956.T,ピジョン,2025-05,CONTINUE,4,46.56,53.53,True,True,6.97,2025-02,1584.0,1864.0,1864.0,17.68,1521.78,1478.77,1519.71,True,True,True,False,True,False,True,901310.0,1778.0,-10.91,False,1.16,2.91,1.48,False,2,True,5.52,5.79,False,False,,tv_wilder_rsi14_sma5_v1,53.53,46.56,True,True,6.97
9960,9960.T,東テク,2025-05,CONTINUE,2,59.75,66.73,True,True,6.97,2025-04,2595.0,2935.0,2935.0,13.1,2433.6,2467.17,2499.06,True,True,True,False,False,False,False,72933.0,3215.0,-19.28,False,0.81,2.7,0.63,True,1,True,1.38,6.56,False,False,,tv_wilder_rsi14_sma5_v1,66.73,59.75,True,True,6.97
3443,3443.T,川田テクノロジーズ,2025-05,CONTINUE,7,65.61,72.56,True,True,6.95,2024-11,897.33,1213.33,1213.33,35.22,848.92,853.34,920.34,True,True,False,False,True,False,True,167850.0,1172.22,-23.45,False,0.73,2.87,0.87,True,4,True,1.05,-0.44,False,False,,tv_wilder_rsi14_sma5_v1,72.56,65.61,True,True,6.95
7520,7520.T,エコス,2025-05,CONTINUE,3,52.98,59.94,True,False,6.95,2025-03,2178.0,2390.0,2390.0,9.73,2064.4,2038.25,2104.49,True,True,True,False,True,True,False,39987.0,2412.0,-9.7,False,0.77,1.86,1.22,False,3,True,1.77,4.31,False,False,,tv_wilder_rsi14_sma5_v1,59.94,52.98,False,True,6.95
3661,3661.T,エムアップホールディングス,2025-05,CONTINUE,3,63.33,70.27,True,True,6.94,2025-03,875.0,1063.5,1063.5,21.54,842.14,811.46,721.95,True,True,True,True,True,True,True,940140.0,936.0,-6.52,False,0.66,3.33,0.77,True,2,True,26.87,3.64,False,False,,tv_wilder_rsi14_sma5_v1,70.27,63.33,True,True,6.94
2060,2060.T,フィード・ワン,2025-05,CONTINUE,3,53.42,60.35,True,True,6.93,2025-03,873.0,972.0,972.0,11.34,865.84,816.44,853.13,True,True,True,False,True,True,False,120920.0,1064.0,-17.95,False,0.82,2.08,0.7,True,1,True,1.35,2.96,False,False,,tv_wilder_rsi14_sma5_v1,60.35,53.42,True,True,6.93
3391,3391.T,ツルハホールディングス,2025-05,CONTINUE,6,51.77,58.7,True,False,6.93,2024-12,1745.0,2261.0,2261.0,29.57,1655.83,1706.28,1830.92,True,True,False,False,False,False,False,882333.0,2639.0,-33.88,False,1.49,1.85,1.22,False,4,True,-12.62,-0.56,False,False,,tv_wilder_rsi14_sma5_v1,58.7,51.77,False,True,6.93
8714,8714.T,池田泉州ホールディングス,2025-05,CONTINUE,3,67.99,74.93,True,True,6.93,2025-03,435.0,544.0,544.0,25.06,424.04,412.28,381.13,True,True,True,True,True,True,True,1664137.0,458.0,-5.02,False,1.26,2.91,1.16,False,1,True,15.86,4.79,False,False,,tv_wilder_rsi14_sma5_v1,74.93,67.99,True,True,6.93
7059,7059.T,コプロ・ホールディングス,2025-05,CONTINUE,2,61.13,68.0,True,True,6.87,2025-04,834.5,1000.5,1000.5,19.89,777.06,811.29,801.34,True,True,True,False,False,False,False,128813.0,925.0,-9.78,False,0.82,2.73,0.58,True,3,True,4.88,6.03,False,False,,tv_wilder_rsi14_sma5_v1,68.0,61.13,True,True,6.87
2809,2809.T,キユーピー,2025-05,CONTINUE,2,52.95,59.79,False,True,6.84,2025-04,3249.0,3405.0,3405.0,4.8,3069.52,2995.83,3353.15,True,True,False,False,True,False,False,679713.0,3896.0,-16.61,False,1.01,2.49,0.85,True,4,True,-1.98,1.97,False,False,,tv_wilder_rsi14_sma5_v1,59.79,52.95,True,False,6.84
3548,3548.T,バロックジャパンリミテッド,2025-05,CONTINUE,2,42.73,49.55,False,True,6.82,2025-04,739.0,779.0,779.0,5.41,707.84,734.96,761.76,True,True,False,False,True,False,False,100210.0,813.0,-9.1,False,0.68,1.84,0.64,True,4,True,-5.16,4.05,False,False,,tv_wilder_rsi14_sma5_v1,49.55,42.73,True,False,6.82
1945,1945.T,東京エネシス,2025-05,CONTINUE,3,51.35,58.16,True,True,6.81,2025-03,1090.0,1221.0,1221.0,12.02,1114.36,1087.59,1150.05,False,True,False,False,True,True,False,32650.0,1493.0,-26.99,False,1.39,2.22,0.97,True,4,False,-4.17,0.6,False,False,,tv_wilder_rsi14_sma5_v1,58.16,51.35,True,True,6.81
3393,3393.T,スターティアホールディングス,2025-05,NEW,1,62.91,69.66,True,True,6.75,2025-05,2814.0,2814.0,2814.0,0.0,2319.6,2238.16,2153.26,True,True,True,True,True,True,True,65403.0,2771.0,1.55,True,1.34,3.52,1.04,False,2,True,28.7,7.71,False,True,BREAKOUT,tv_wilder_rsi14_sma5_v1,69.66,62.91,True,True,6.75
6196,6196.T,ストライクグループ,2025-05,NEW,1,40.73,47.48,True,True,6.75,2025-05,1208.33,1208.33,1208.33,0.0,1156.21,1059.72,1222.4,True,True,False,False,True,True,False,472850.0,1596.67,-24.32,False,0.62,2.45,0.7,True,4,True,2.18,4.88,False,False,,tv_wilder_rsi14_sma5_v1,47.48,40.73,True,True,6.75
8058,8058.T,三菱商事,2025-05,CONTINUE,3,54.29,61.02,True,True,6.72,2025-03,2626.5,2935.0,2935.0,11.75,2627.16,2543.95,2808.16,False,True,False,False,True,True,False,13334587.0,3775.0,-30.42,False,0.92,2.54,1.29,False,4,True,-7.16,3.89,False,False,,tv_wilder_rsi14_sma5_v1,61.02,54.29,True,True,6.72
3992,3992.T,ニーズウェル,2025-05,CONTINUE,6,59.84,66.55,True,True,6.71,2024-12,410.0,531.0,531.0,29.51,335.12,307.29,361.86,True,True,True,False,True,True,False,302760.0,608.0,-32.57,False,1.59,4.63,1.63,False,3,True,13.14,13.54,False,False,,tv_wilder_rsi14_sma5_v1,66.55,59.84,True,True,6.71
5631,5631.T,日本製鋼所,2025-05,CONTINUE,2,65.07,71.77,True,True,6.71,2025-04,5876.0,6859.0,6859.0,16.73,5456.96,5593.31,5339.86,True,True,True,False,False,False,True,1213437.0,6938.0,-15.31,False,0.74,4.38,0.6,True,2,True,19.73,4.8,False,False,,tv_wilder_rsi14_sma5_v1,71.77,65.07,True,True,6.71
6841,6841.T,横河電機,2025-05,NEW,1,51.25,57.95,True,True,6.7,2025-05,3549.0,3549.0,3549.0,0.0,3315.34,3060.1,3353.63,True,True,True,False,True,True,False,1214977.0,4175.0,-14.99,False,1.31,2.3,0.96,True,3,True,7.42,6.06,False,False,,tv_wilder_rsi14_sma5_v1,57.95,51.25,True,True,6.7
3687,3687.T,フィックスターズ,2025-05,NEW,1,54.21,60.9,False,True,6.69,2025-05,2200.0,2200.0,2200.0,0.0,1894.56,1783.97,1689.48,True,True,True,True,True,True,True,399553.0,2315.0,-4.97,False,1.17,3.86,1.23,False,2,True,26.67,9.05,False,False,,tv_wilder_rsi14_sma5_v1,60.9,54.21,True,False,6.69
9936,9936.T,王将フードサービス,2025-05,CONTINUE,3,67.35,74.02,True,True,6.67,2025-03,3215.0,3485.0,3485.0,8.4,3173.2,3063.48,2941.62,True,True,True,True,True,True,True,166233.0,3355.0,-4.17,False,2.24,1.76,1.01,False,2,True,12.33,1.18,False,False,,tv_wilder_rsi14_sma5_v1,74.02,67.35,True,True,6.67
4203,4203.T,住友ベークライト,2025-05,NEW,1,49.99,56.65,True,True,6.66,2025-05,3944.0,3944.0,3944.0,0.0,3536.12,3428.71,3688.97,True,True,True,False,True,False,False,275487.0,4812.0,-18.04,False,1.57,2.51,1.03,False,3,True,5.06,7.94,False,False,,tv_wilder_rsi14_sma5_v1,56.65,49.99,True,True,6.66
9303,9303.T,住友倉庫,2025-05,NEW,1,63.65,70.24,True,True,6.59,2025-05,3000.0,3000.0,3000.0,0.0,2918.28,2825.16,2746.58,True,True,True,True,True,True,True,129767.0,3090.0,-2.91,False,0.71,1.5,0.78,True,2,True,13.14,2.09,False,False,,tv_wilder_rsi14_sma5_v1,70.24,63.65,True,True,6.59
1433,1433.T,ベステラ,2025-05,CONTINUE,2,49.75,56.33,True,True,6.58,2025-04,1110.0,1130.0,1130.0,1.8,1023.2,997.29,965.24,True,True,True,True,True,True,True,92640.0,1100.0,0.91,True,0.8,2.76,0.7,True,2,True,13.41,4.89,False,False,,tv_wilder_rsi14_sma5_v1,56.33,49.75,True,True,6.58
9627,9627.T,アインホールディングス,2025-05,CONTINUE,3,46.97,53.53,True,True,6.56,2025-03,5039.0,5642.0,5642.0,11.97,4779.92,4578.96,5062.17,True,True,False,False,True,False,False,131343.0,6285.0,-19.82,False,0.98,2.54,0.82,True,4,True,1.57,5.64,False,False,,tv_wilder_rsi14_sma5_v1,53.53,46.97,True,True,6.56
8214,8214.T,ＡＯＫＩホールディングス,2025-05,NEW,1,62.2,68.72,True,True,6.52,2025-05,1508.0,1508.0,1508.0,0.0,1412.8,1316.51,1271.71,True,True,True,True,True,True,True,219533.0,1503.0,0.33,True,0.73,1.7,0.71,True,2,True,20.41,0.66,False,True,BREAKOUT,tv_wilder_rsi14_sma5_v1,68.72,62.2,True,True,6.52
3284,3284.T,フージャースホールディングス,2025-05,CONTINUE,6,61.7,68.18,True,True,6.48,2024-12,1043.0,1192.0,1192.0,14.29,1010.84,1032.05,1072.88,True,True,False,False,False,False,False,63987.0,1180.0,-11.61,False,1.55,0.9,1.05,False,4,True,-3.57,0.1,False,False,,tv_wilder_rsi14_sma5_v1,68.18,61.7,True,True,6.48
6370,6370.T,栗田工業,2025-05,NEW,1,42.52,48.98,True,True,6.46,2025-05,5407.0,5407.0,5407.0,0.0,5078.72,4880.55,5445.22,True,True,False,False,True,False,False,529667.0,7182.0,-24.71,False,0.75,2.26,0.84,True,4,True,-4.29,3.14,False,False,,tv_wilder_rsi14_sma5_v1,48.98,42.52,True,True,6.46
6071,6071.T,ＩＢＪ,2025-05,CONTINUE,2,49.63,56.08,True,True,6.45,2025-04,653.0,770.0,770.0,17.92,623.56,649.47,641.36,True,True,True,False,False,True,True,89300.0,750.0,-12.93,False,0.85,2.71,0.54,True,2,True,5.9,4.19,False,False,,tv_wilder_rsi14_sma5_v1,56.08,49.63,True,True,6.45
1801,1801.T,大成建設,2025-05,CONTINUE,2,69.09,75.53,True,True,6.43,2025-04,7745.0,8053.0,8053.0,3.98,6798.36,6686.57,6520.93,True,True,True,True,False,True,True,856140.0,7625.0,1.57,True,1.63,2.67,0.81,True,2,True,26.7,9.58,False,True,BREAKOUT,tv_wilder_rsi14_sma5_v1,75.53,69.09,True,True,6.43
6535,6535.T,アイモバイル,2025-05,CONTINUE,3,59.45,65.83,True,True,6.38,2025-03,533.0,576.0,576.0,8.07,507.84,502.61,496.94,True,True,True,True,True,False,True,237973.0,575.0,-7.3,False,0.61,3.0,0.96,True,2,True,9.21,3.79,False,False,,tv_wilder_rsi14_sma5_v1,65.83,59.45,True,True,6.38
9302,9302.T,三井倉庫ホールディングス,2025-05,CONTINUE,11,85.25,91.61,True,True,6.36,2024-07,1606.67,3810.0,3810.0,137.14,1591.93,1523.13,1538.56,True,True,True,False,True,True,True,216630.0,1690.0,-4.93,False,0.75,2.04,1.05,False,2,True,11.77,0.16,False,False,,tv_wilder_rsi14_sma5_v1,91.61,85.25,True,True,6.36
1944,1944.T,きんでん,2025-05,CONTINUE,3,76.42,82.76,True,True,6.35,2025-03,3350.0,3916.0,3916.0,16.9,3308.28,3167.85,3170.61,True,True,True,False,True,True,True,384003.0,3515.0,-4.69,False,1.01,2.05,0.94,True,1,True,8.61,0.66,False,False,,tv_wilder_rsi14_sma5_v1,82.76,76.42,True,True,6.35
8276,8276.T,平和堂,2025-05,CONTINUE,5,59.96,66.24,True,True,6.28,2025-01,2353.0,2750.0,2750.0,16.87,2302.68,2263.47,2332.14,True,True,True,False,True,False,True,139327.0,2560.0,-8.09,False,1.52,1.14,1.03,False,1,True,3.04,1.43,False,False,,tv_wilder_rsi14_sma5_v1,66.24,59.96,True,True,6.28
6653,6653.T,正興電機製作所,2025-05,CONTINUE,2,49.69,55.95,True,True,6.27,2025-04,1263.0,1334.0,1334.0,5.62,1130.24,1157.23,1215.88,True,True,True,False,False,False,False,73033.0,1630.0,-22.52,False,2.61,2.58,0.72,True,3,True,-0.63,4.97,False,False,,tv_wilder_rsi14_sma5_v1,55.95,49.69,True,True,6.27
2471,2471.T,エスプール,2025-05,CONTINUE,4,35.92,42.17,True,True,6.25,2025-02,304.0,356.0,356.0,17.11,294.8,311.88,323.15,True,False,False,False,False,False,False,397850.0,382.0,-20.42,False,0.61,2.51,1.05,False,1,True,-5.18,2.68,False,False,,tv_wilder_rsi14_sma5_v1,42.17,35.92,True,True,6.25
9744,9744.T,メイテックグループホールディングス,2025-05,NEW,1,55.75,61.95,True,True,6.2,2025-05,3222.0,3222.0,3222.0,0.0,3082.1,2989.27,3041.83,True,True,True,False,True,True,False,311190.0,3456.0,-6.77,False,1.01,1.44,0.87,True,3,True,5.61,2.36,False,False,,tv_wilder_rsi14_sma5_v1,61.95,55.75,True,True,6.2
4641,4641.T,アルプス技研,2025-05,CONTINUE,3,52.05,58.24,True,True,6.19,2025-03,858.67,922.33,922.33,7.41,854.91,844.69,866.86,True,True,False,False,True,False,False,70620.0,967.67,-11.26,False,1.63,1.92,1.01,False,1,True,-3.12,1.07,False,False,,tv_wilder_rsi14_sma5_v1,58.24,52.05,True,True,6.19
4194,4194.T,ビジョナル,2025-05,CONTINUE,2,50.83,56.98,True,True,6.15,2025-04,8648.0,9058.0,9058.0,4.74,7776.44,7580.77,7937.45,True,True,True,False,True,False,True,249743.0,9380.0,-7.8,False,0.77,2.8,0.77,True,1,True,11.26,8.94,False,False,,tv_wilder_rsi14_sma5_v1,56.98,50.83,True,True,6.15
6417,6417.T,ＳＡＮＫＹＯ,2025-05,CONTINUE,3,73.24,79.35,True,True,6.11,2025-03,2173.5,2517.0,2517.0,15.8,2206.32,2141.67,2009.69,False,True,True,True,True,True,True,845430.0,2380.0,-8.68,False,1.02,2.49,0.96,True,2,True,13.19,-0.09,False,False,,tv_wilder_rsi14_sma5_v1,79.35,73.24,True,True,6.11
8366,8366.T,滋賀銀行,2025-05,CONTINUE,7,71.41,77.51,True,True,6.11,2024-11,741.0,1232.0,1232.0,66.26,690.88,679.21,765.34,True,True,False,False,True,False,False,641717.0,932.0,-20.49,False,1.11,2.6,0.9,True,4,True,-0.72,1.78,True,False,,tv_wilder_rsi14_sma5_v1,77.51,71.41,True,True,6.11
9616,9616.T,共立メンテナンス,2025-05,NEW,1,57.18,63.28,True,True,6.1,2025-05,3482.0,3482.0,3482.0,0.0,3308.8,3133.19,2795.68,True,True,True,True,True,True,True,608530.0,3699.0,-5.87,False,0.76,2.88,1.01,False,2,True,26.18,7.85,False,False,,tv_wilder_rsi14_sma5_v1,63.28,57.18,True,True,6.1
8227,8227.T,しまむら,2025-05,CONTINUE,2,67.5,73.59,True,True,6.09,2025-04,9512.0,10005.0,10005.0,5.18,9237.52,8865.8,8265.93,True,True,True,True,True,True,True,369260.0,9866.0,-3.59,False,0.74,2.51,0.94,True,2,False,20.78,2.92,False,False,,tv_wilder_rsi14_sma5_v1,73.59,67.5,True,True,6.09
2127,2127.T,日本Ｍ＆Ａセンターホールディングス,2025-05,NEW,1,35.47,41.53,True,True,6.07,2025-05,711.1,711.1,711.1,0.0,648.15,611.77,633.15,True,True,True,False,True,True,False,3109840.0,923.0,-22.96,False,0.91,2.95,0.97,True,3,True,10.42,7.69,False,False,,tv_wilder_rsi14_sma5_v1,41.53,35.47,True,True,6.07
3496,3496.T,アズーム,2025-05,CONTINUE,3,58.23,64.29,True,True,6.06,2025-03,3470.0,4195.0,4195.0,20.89,3366.6,3481.2,3187.55,True,False,True,False,False,False,True,57793.0,3995.0,-13.14,False,0.91,3.45,0.9,True,2,False,8.11,2.51,False,False,,tv_wilder_rsi14_sma5_v1,64.29,58.23,True,True,6.06
6141,6141.T,DMG森精機,2025-05,NEW,1,47.9,53.95,True,True,6.05,2025-05,3092.0,3092.0,3092.0,0.0,2785.36,2745.48,2797.54,True,True,True,False,True,True,False,1787763.0,4703.0,-34.25,False,0.73,3.72,0.84,True,3,True,0.38,3.73,False,False,,tv_wilder_rsi14_sma5_v1,53.95,47.9,True,True,6.05
6305,6305.T,日立建機,2025-05,CONTINUE,6,56.1,62.14,True,True,6.04,2024-12,3517.0,4403.0,4403.0,25.19,3458.44,3452.93,3912.5,True,True,False,False,True,False,False,855977.0,4900.0,-28.22,False,0.78,1.49,0.85,True,4,False,-9.21,-0.45,False,False,,tv_wilder_rsi14_sma5_v1,62.14,56.1,True,True,6.04
6379,6379.T,レイズネクスト,2025-05,NEW,1,49.48,55.5,True,True,6.03,2025-05,1702.0,1702.0,1702.0,0.0,1593.52,1554.73,1576.09,True,True,True,False,True,True,False,54513.0,1906.0,-10.7,False,1.02,3.08,0.69,True,3,True,5.24,5.35,False,False,,tv_wilder_rsi14_sma5_v1,55.5,49.48,True,True,6.03
9424,9424.T,日本通信,2025-05,CONTINUE,4,38.56,44.6,True,True,6.03,2025-02,152.0,163.0,163.0,7.24,140.96,134.91,160.44,True,True,False,False,True,False,False,2861283.0,224.0,-32.14,False,0.78,5.08,0.94,True,4,True,-9.13,6.27,False,False,,tv_wilder_rsi14_sma5_v1,44.6,38.56,True,True,6.03
7649,7649.T,スギホールディングス,2025-05,CONTINUE,5,64.67,70.67,True,True,6.0,2025-01,2700.5,3168.0,3168.0,17.31,2535.94,2561.93,2489.91,True,True,True,False,True,False,True,593193.0,2844.0,-5.05,False,0.72,2.1,0.73,True,2,True,10.49,3.65,False,False,,tv_wilder_rsi14_sma5_v1,70.67,64.67,True,True,6.0
8558,8558.T,東和銀行,2025-05,NEW,1,52.37,58.36,True,True,5.99,2025-05,709.0,709.0,709.0,0.0,667.92,640.0,626.05,True,True,True,True,True,True,True,224690.0,739.0,-4.06,False,0.54,2.54,0.74,True,1,True,9.43,3.02,False,False,,tv_wilder_rsi14_sma5_v1,58.36,52.37,True,True,5.99
1871,1871.T,ピーエス・コンストラクション,2025-05,CONTINUE,6,81.14,87.1,True,True,5.96,2024-12,1113.0,1765.0,1765.0,58.58,1078.76,1041.95,1018.77,True,True,True,True,True,True,True,60737.0,1119.0,-0.54,False,0.61,1.56,0.85,True,2,True,11.23,1.29,False,False,,tv_wilder_rsi14_sma5_v1,87.1,81.14,True,True,5.96
4221,4221.T,大倉工業,2025-05,CONTINUE,7,71.24,77.2,True,True,5.96,2024-11,3105.0,4260.0,4260.0,37.2,2898.0,2724.95,2896.84,True,True,True,False,True,True,True,51660.0,3320.0,-6.48,False,1.12,2.34,0.83,True,1,True,11.22,4.52,False,False,,tv_wilder_rsi14_sma5_v1,77.2,71.24,True,True,5.96
2325,2325.T,ＮＪＳ,2025-05,NEW,1,68.64,74.58,True,True,5.93,2025-05,5200.0,5200.0,5200.0,0.0,4288.2,4285.87,3888.03,True,True,True,True,True,True,True,41720.0,5190.0,0.19,True,1.45,3.45,0.96,True,2,True,36.56,9.95,False,True,BREAKOUT,tv_wilder_rsi14_sma5_v1,74.58,68.64,True,True,5.93
8802,8802.T,三菱地所,2025-05,CONTINUE,3,56.79,62.71,True,True,5.93,2025-03,2432.0,2641.0,2641.0,8.59,2314.78,2222.9,2320.86,True,True,True,False,True,True,False,4824147.0,3082.0,-21.09,False,1.5,3.23,1.3,False,3,True,5.19,5.94,False,False,,tv_wilder_rsi14_sma5_v1,62.71,56.79,True,True,5.93
2146,2146.T,ＵＴグループ,2025-05,NEW,1,43.25,49.15,True,True,5.91,2025-05,167.67,167.67,167.67,0.0,146.77,143.99,155.76,True,True,True,False,True,True,False,4244000.0,235.0,-28.65,False,1.12,3.3,0.91,True,3,True,3.12,10.99,False,False,,tv_wilder_rsi14_sma5_v1,49.15,43.25,True,True,5.91
3197,3197.T,すかいらーくホールディングス,2025-05,CONTINUE,6,70.61,76.45,True,True,5.84,2024-12,2450.0,3183.0,3183.0,29.92,2391.6,2336.66,2255.57,True,True,True,True,True,True,True,2255857.0,2541.5,-3.6,False,1.74,1.58,0.96,True,1,True,8.58,-0.29,False,False,,tv_wilder_rsi14_sma5_v1,76.45,70.61,True,True,5.84
8084,8084.T,ＲＹＯＤＥＮ,2025-05,NEW,1,55.07,60.86,True,True,5.79,2025-05,2744.0,2744.0,2744.0,0.0,2570.08,2481.28,2454.66,True,True,True,True,True,True,False,39230.0,2946.0,-6.86,False,0.93,1.99,0.86,True,3,True,14.57,5.68,False,False,,tv_wilder_rsi14_sma5_v1,60.86,55.07,True,True,5.79
7013,7013.T,ＩＨＩ,2025-05,CONTINUE,3,80.14,85.9,True,True,5.76,2025-03,1474.29,1997.86,1997.86,35.51,1490.77,1335.19,1078.99,False,True,True,True,True,True,True,82344617.0,1732.86,-14.92,False,0.51,5.77,0.91,True,2,True,90.48,-2.56,False,False,,tv_wilder_rsi14_sma5_v1,85.9,80.14,True,True,5.76
4536,4536.T,参天製薬,2025-05,NEW,1,48.74,54.5,False,True,5.75,2025-05,1603.0,1603.0,1603.0,0.0,1498.28,1437.1,1607.7,True,True,False,False,True,False,False,1215020.0,1878.5,-14.67,False,0.97,2.63,0.87,True,4,True,2.94,4.88,False,False,,tv_wilder_rsi14_sma5_v1,54.5,48.74,True,False,5.75
1812,1812.T,鹿島建設,2025-05,CONTINUE,4,67.18,72.92,True,True,5.74,2025-02,3114.0,3564.0,3564.0,14.45,2882.88,2787.33,2730.38,True,True,True,True,True,True,False,1774367.0,3213.0,-3.08,False,1.18,2.7,0.95,True,1,True,16.0,7.14,False,False,,tv_wilder_rsi14_sma5_v1,72.92,67.18,True,True,5.74
9536,9536.T,西部ガスホールディングス,2025-05,CONTINUE,3,38.77,44.5,True,True,5.73,2025-03,1709.0,1784.0,1784.0,4.39,1701.2,1692.72,1804.99,True,True,False,False,True,False,False,150007.0,2061.0,-17.08,False,0.78,1.34,0.98,True,4,True,-6.57,1.35,False,False,,tv_wilder_rsi14_sma5_v1,44.5,38.77,True,True,5.73
1952,1952.T,新日本空調,2025-05,CONTINUE,2,58.8,64.52,False,True,5.72,2025-04,2115.0,2246.0,2246.0,6.19,1796.88,1793.53,1846.27,True,True,True,False,True,False,False,187797.0,2360.0,-10.38,False,2.33,3.57,0.91,True,1,True,11.3,8.79,False,False,,tv_wilder_rsi14_sma5_v1,64.52,58.8,True,False,5.72
3877,3877.T,中越パルプ工業,2025-05,CONTINUE,2,53.08,58.78,True,True,5.71,2025-04,1516.0,1655.0,1655.0,9.17,1425.32,1457.32,1405.16,True,True,True,False,False,False,False,57193.0,1764.0,-14.06,False,0.97,2.55,0.68,True,1,True,2.51,6.76,False,False,,tv_wilder_rsi14_sma5_v1,58.78,53.08,True,True,5.71
1301,1301.T,極洋,2025-05,CONTINUE,4,59.77,65.44,True,True,5.68,2025-02,4120.0,4485.0,4485.0,8.86,4160.0,4049.93,4027.97,False,True,True,True,True,False,True,36317.0,4600.0,-10.43,False,0.83,1.35,0.68,True,2,True,8.93,-0.11,False,False,,tv_wilder_rsi14_sma5_v1,65.44,59.77,True,True,5.68
6571,6571.T,キュービーネットホールディングス,2025-05,CONTINUE,4,41.56,47.23,True,True,5.67,2025-02,1044.0,1187.0,1187.0,13.7,1023.28,1011.53,1094.58,True,True,False,False,True,False,False,67580.0,1473.0,-29.12,False,0.7,2.7,1.25,False,4,True,-5.66,3.64,False,False,,tv_wilder_rsi14_sma5_v1,47.23,41.56,True,True,5.67
7350,7350.T,おきなわフィナンシャルグループ,2025-05,NEW,1,53.21,58.88,True,True,5.67,2025-05,2842.0,2842.0,2842.0,0.0,2620.28,2516.44,2469.6,True,True,True,True,True,True,True,65017.0,2955.0,-3.82,False,0.8,2.52,0.67,True,3,True,13.04,4.5,False,False,,tv_wilder_rsi14_sma5_v1,58.88,53.21,True,True,5.67
6707,6707.T,サンケン電気,2025-05,CONTINUE,3,47.79,53.45,True,True,5.66,2025-03,6729.0,7538.0,7538.0,12.02,7085.72,6369.11,6493.24,False,True,True,False,True,True,True,254343.0,8897.0,-24.37,False,0.61,3.71,0.68,True,1,True,6.82,-0.39,False,False,,tv_wilder_rsi14_sma5_v1,53.45,47.79,True,True,5.66
2914,2914.T,日本たばこ産業,2025-05,CONTINUE,2,60.9,66.54,True,True,5.64,2025-04,4407.0,4438.0,4438.0,0.7,4184.64,3991.87,4121.77,True,True,True,False,True,True,False,5593167.0,4622.0,-4.65,False,1.07,1.57,0.63,True,3,True,7.64,4.14,False,False,,tv_wilder_rsi14_sma5_v1,66.54,60.9,True,True,5.64
3349,3349.T,コスモス薬品,2025-05,CONTINUE,3,55.47,61.11,True,False,5.64,2025-03,7518.0,8832.0,8832.0,17.48,7242.68,7098.09,7001.71,True,True,True,True,True,True,True,301710.0,8178.0,-8.07,False,0.99,1.86,0.91,True,2,True,12.34,5.27,False,False,,tv_wilder_rsi14_sma5_v1,61.11,55.47,False,True,5.64
2815,2815.T,アリアケジャパン,2025-05,CONTINUE,4,57.33,62.93,True,True,5.61,2025-02,5710.0,6480.0,6480.0,13.49,5594.6,5488.2,5262.77,True,True,True,True,True,True,True,80833.0,6300.0,-9.37,False,1.03,3.16,0.89,True,2,True,9.26,2.57,False,False,,tv_wilder_rsi14_sma5_v1,62.93,57.33,True,True,5.61
5989,5989.T,エイチワン,2025-05,CONTINUE,3,64.52,70.13,True,True,5.6,2025-03,1132.0,1258.0,1258.0,11.13,1135.44,1066.75,998.52,False,True,True,True,True,True,True,167433.0,1237.0,-8.49,False,1.25,3.26,1.02,False,2,False,24.58,3.67,False,False,,tv_wilder_rsi14_sma5_v1,70.13,64.52,True,True,5.6
6997,6997.T,日本ケミコン,2025-05,CONTINUE,2,37.81,43.4,True,True,5.58,2025-04,973.0,1100.0,1100.0,13.05,871.04,912.97,1072.69,True,True,False,False,False,False,False,222880.0,1735.0,-43.92,False,0.76,3.65,0.7,True,4,True,-18.1,5.23,False,False,,tv_wilder_rsi14_sma5_v1,43.4,37.81,True,True,5.58
4186,4186.T,東京応化工業,2025-05,NEW,1,51.24,56.8,True,True,5.56,2025-05,3744.0,3744.0,3744.0,0.0,3392.88,3323.4,3461.17,True,True,True,False,True,False,False,630003.0,4685.0,-20.09,False,0.84,2.73,0.88,True,3,True,-1.1,2.63,False,False,,tv_wilder_rsi14_sma5_v1,56.8,51.24,True,True,5.56
8091,8091.T,ニチモウ,2025-05,CONTINUE,2,54.55,60.1,True,True,5.55,2025-04,1980.0,2143.0,2143.0,8.23,1909.28,1940.93,1938.8,True,True,True,False,False,False,False,27507.0,2294.0,-13.69,False,0.39,1.76,0.5,True,3,True,-1.39,2.98,False,False,,tv_wilder_rsi14_sma5_v1,60.1,54.55,True,True,5.55
8217,8217.T,オークワ,2025-05,CONTINUE,3,44.86,50.4,True,False,5.54,2025-03,860.0,899.0,899.0,4.53,829.24,833.63,881.79,True,True,False,False,True,False,False,191010.0,1051.0,-18.17,False,0.98,2.71,1.14,False,4,True,-4.45,3.33,False,False,,tv_wilder_rsi14_sma5_v1,50.4,44.86,False,True,5.54
9715,9715.T,トランス・コスモス,2025-05,NEW,1,47.09,52.63,True,True,5.54,2025-05,3360.0,3360.0,3360.0,0.0,3244.2,3193.39,3321.99,True,True,True,False,True,True,False,50960.0,3650.0,-7.95,False,1.1,1.58,0.86,True,3,True,4.32,3.06,True,False,,tv_wilder_rsi14_sma5_v1,52.63,47.09,True,True,5.54
5105,5105.T,ＴＯＹＯＴＩＲＥ,2025-05,CONTINUE,7,60.83,66.36,True,True,5.53,2024-11,2328.0,2997.0,2997.0,28.74,2271.0,2158.06,2485.46,True,True,False,False,True,False,False,1863303.0,2997.0,-22.32,False,0.78,2.92,0.83,True,4,True,-3.41,0.79,False,False,,tv_wilder_rsi14_sma5_v1,66.36,60.83,True,True,5.53
9889,9889.T,ＪＢＣＣホールディングス,2025-05,CONTINUE,2,68.92,74.44,True,True,5.52,2025-04,1196.0,1387.0,1387.0,15.97,1127.13,1135.41,1093.81,True,True,True,False,False,False,True,183493.0,1297.5,-7.82,False,0.9,3.5,0.84,True,2,True,26.15,7.62,False,False,,tv_wilder_rsi14_sma5_v1,74.44,68.92,True,True,5.52
2317,2317.T,システナ,2025-05,CONTINUE,3,54.22,59.71,True,True,5.48,2025-03,361.0,398.0,398.0,10.25,357.16,356.45,353.48,True,True,True,True,True,True,True,974773.0,406.0,-11.08,False,1.0,2.0,0.84,True,2,True,8.88,0.86,False,False,,tv_wilder_rsi14_sma5_v1,59.71,54.22,True,True,5.48
8053,8053.T,住友商事,2025-05,CONTINUE,6,59.14,64.61,True,True,5.47,2024-12,857.0,925.5,925.5,7.99,825.37,820.24,898.47,True,True,False,False,True,False,False,12418600.0,1108.25,-22.67,False,0.78,1.58,1.0,False,4,True,1.1,1.54,False,False,,tv_wilder_rsi14_sma5_v1,64.61,59.14,True,True,5.47
5602,5602.T,栗本鐵工所,2025-05,CONTINUE,2,67.36,72.82,True,True,5.46,2025-04,947.0,1108.0,1108.0,17.0,894.52,915.76,870.77,True,True,True,False,False,True,False,188667.0,1052.0,-9.98,False,0.61,2.53,0.57,True,3,True,11.48,3.57,False,False,,tv_wilder_rsi14_sma5_v1,72.82,67.36,True,True,5.46
6284,6284.T,日精エー  ･エス  ･ビー機械,2025-05,NEW,1,55.08,60.51,True,True,5.43,2025-05,5790.0,5790.0,5790.0,0.0,5087.0,5004.53,4948.88,True,True,True,True,True,False,False,43603.0,5900.0,-1.86,False,1.02,2.92,0.92,True,1,True,12.57,7.85,False,False,,tv_wilder_rsi14_sma5_v1,60.51,55.08,True,True,5.43
8848,8848.T,レオパレス２１,2025-05,CONTINUE,3,64.75,70.19,True,True,5.43,2025-03,584.0,651.0,651.0,11.47,575.68,568.07,550.57,True,True,True,True,True,True,True,1449647.0,626.0,-6.71,False,0.81,2.09,1.07,False,2,True,6.13,0.57,False,False,,tv_wilder_rsi14_sma5_v1,70.19,64.75,True,True,5.43
5930,5930.T,文化シャッター,2025-05,CONTINUE,2,74.63,80.06,False,True,5.42,2025-04,2045.0,2148.0,2148.0,5.04,1933.16,1886.95,1815.98,True,True,True,True,True,True,True,101710.0,2041.0,0.2,True,0.96,2.02,0.63,True,2,True,16.32,4.97,False,False,,tv_wilder_rsi14_sma5_v1,80.06,74.63,True,False,5.42
8344,8344.T,山形銀行,2025-05,CONTINUE,6,60.39,65.81,True,True,5.42,2024-12,1002.0,1498.0,1498.0,49.5,978.88,990.32,1084.8,True,True,False,False,True,False,False,75020.0,1248.0,-19.71,False,0.8,1.53,1.02,False,4,True,-8.22,0.79,False,False,,tv_wilder_rsi14_sma5_v1,65.81,60.39,True,True,5.42
7033,7033.T,マネジメントソリューションズ,2025-05,CONTINUE,4,44.96,50.37,True,True,5.41,2025-02,1839.0,2243.0,2243.0,21.97,1766.16,1749.12,1633.9,True,True,True,True,True,False,True,110057.0,3140.0,-41.43,False,0.85,4.39,1.25,False,2,True,0.44,3.43,False,False,,tv_wilder_rsi14_sma5_v1,50.37,44.96,True,True,5.41
4246,4246.T,ダイキョーニシカワ,2025-05,NEW,1,42.27,47.65,True,True,5.39,2025-05,644.0,644.0,644.0,0.0,603.68,600.4,622.92,True,True,True,False,True,False,False,135253.0,723.0,-10.93,False,0.69,2.23,0.72,True,3,True,-0.35,4.9,False,False,,tv_wilder_rsi14_sma5_v1,47.65,42.27,True,True,5.39
7611,7611.T,ハイデイ日高,2025-05,CONTINUE,2,59.31,64.7,True,True,5.39,2025-04,3100.0,3205.0,3205.0,3.39,2941.88,2831.25,2770.72,True,True,True,True,True,True,False,124043.0,3270.0,-5.2,False,0.72,2.8,0.74,True,1,True,10.4,5.08,False,False,,tv_wilder_rsi14_sma5_v1,64.7,59.31,True,True,5.39
4825,4825.T,ウェザーニューズ,2025-05,NEW,1,58.03,63.4,False,True,5.37,2025-05,1992.5,1992.5,1992.5,0.0,1848.5,1758.69,1615.59,True,True,True,True,True,True,True,159160.0,2015.0,-1.12,False,1.92,2.27,1.14,False,2,True,36.89,6.0,False,False,,tv_wilder_rsi14_sma5_v1,63.4,58.03,True,False,5.37
2181,2181.T,パーソルホールディングス,2025-05,CONTINUE,3,50.83,56.19,True,True,5.36,2025-03,247.9,269.9,269.9,8.87,245.4,237.02,246.55,True,True,True,False,True,True,True,7558103.0,288.8,-14.16,False,1.29,2.47,1.08,False,2,True,6.82,4.04,False,False,,tv_wilder_rsi14_sma5_v1,56.19,50.83,True,True,5.36
6615,6615.T,ユー・エム・シー・エレクトロニクス,2025-05,NEW,1,36.08,41.44,True,True,5.36,2025-05,329.0,329.0,329.0,0.0,325.04,303.99,327.97,True,True,True,False,True,True,False,233243.0,430.0,-23.49,False,0.4,5.71,0.64,True,3,True,-2.91,-0.49,False,False,,tv_wilder_rsi14_sma5_v1,41.44,36.08,True,True,5.36
8585,8585.T,オリエントコーポレーション,2025-05,NEW,1,29.85,35.21,True,True,5.36,2025-05,838.0,838.0,838.0,0.0,802.72,793.69,848.08,True,True,False,False,True,True,False,465823.0,1058.0,-20.79,False,1.24,1.91,0.81,True,4,True,-4.81,2.38,False,False,,tv_wilder_rsi14_sma5_v1,35.21,29.85,True,True,5.36
6706,6706.T,電気興業,2025-05,CONTINUE,3,39.76,45.11,True,True,5.35,2025-03,1781.0,1894.0,1894.0,6.34,1698.84,1670.27,1878.49,True,True,False,False,True,False,False,50600.0,2292.0,-22.29,False,0.5,3.2,1.25,False,4,True,-3.77,6.48,False,False,,tv_wilder_rsi14_sma5_v1,45.11,39.76,True,True,5.35
7322,7322.T,三十三フィナンシャルグループ,2025-05,NEW,1,64.09,69.42,True,True,5.34,2025-05,688.25,688.25,688.25,0.0,630.99,588.5,525.34,True,True,True,True,True,True,True,369960.0,724.5,-5.0,False,0.5,2.66,0.59,True,2,True,31.32,5.2,False,False,,tv_wilder_rsi14_sma5_v1,69.42,64.09,True,True,5.34
2768,2768.T,双日,2025-05,CONTINUE,4,54.58,59.91,True,True,5.33,2025-02,3285.0,3568.0,3568.0,8.61,3256.28,3161.53,3451.69,True,True,False,False,True,False,False,1266613.0,4408.0,-25.48,False,1.08,1.63,0.78,True,4,True,-4.83,0.23,False,False,,tv_wilder_rsi14_sma5_v1,59.91,54.58,True,True,5.33
6809,6809.T,ＴＯＡ,2025-05,NEW,1,48.01,53.34,True,True,5.33,2025-05,1018.0,1018.0,1018.0,0.0,985.56,950.19,948.16,True,True,True,True,True,True,False,61720.0,1140.0,-10.7,False,0.41,1.68,0.61,True,3,True,5.76,2.57,False,False,,tv_wilder_rsi14_sma5_v1,53.34,48.01,True,True,5.33
7581,7581.T,サイゼリヤ,2025-05,NEW,1,48.95,54.24,False,True,5.29,2025-05,5000.0,5000.0,5000.0,0.0,4776.2,4476.4,4973.23,True,True,True,False,True,True,False,448377.0,6420.0,-22.12,False,0.75,2.39,0.93,True,3,True,3.99,5.03,False,False,,tv_wilder_rsi14_sma5_v1,54.24,48.95,True,False,5.29
3635,3635.T,コーエーテクモホールディングス,2025-05,CONTINUE,11,58.25,63.5,True,False,5.26,2024-07,1469.5,2392.0,2392.0,62.78,1451.7,1418.97,1660.09,True,True,False,False,True,False,False,1260100.0,2440.0,-39.77,False,1.42,3.33,1.03,False,4,True,-16.63,2.73,False,False,,tv_wilder_rsi14_sma5_v1,63.5,58.25,False,True,5.26
4812,4812.T,電通総研,2025-05,CONTINUE,6,62.42,67.67,True,True,5.25,2024-12,1950.0,2270.0,2270.0,16.41,1904.93,1836.56,1790.96,True,True,True,True,True,False,True,314000.0,2033.33,-4.1,False,0.69,1.89,0.9,True,2,True,8.89,1.18,False,False,,tv_wilder_rsi14_sma5_v1,67.67,62.42,True,True,5.25
8160,8160.T,木曽路,2025-05,CONTINUE,4,44.1,49.35,True,True,5.25,2025-02,2188.0,2338.0,2338.0,6.86,2163.68,2125.31,2343.47,True,True,False,False,True,False,False,94140.0,2761.0,-20.75,False,1.25,1.42,0.9,True,4,True,-6.87,1.92,False,False,,tv_wilder_rsi14_sma5_v1,49.35,44.1,True,True,5.25
8001,8001.T,伊藤忠商事,2025-05,NEW,1,60.19,65.4,False,True,5.22,2025-05,1548.0,1548.0,1548.0,0.0,1483.49,1389.94,1456.03,True,True,True,False,True,True,False,14770817.0,1649.0,-6.12,False,0.95,1.72,0.82,True,1,True,10.59,3.29,True,False,,tv_wilder_rsi14_sma5_v1,65.4,60.19,True,False,5.22
8359,8359.T,八十二長野銀行,2025-05,CONTINUE,3,64.12,69.33,True,True,5.21,2025-03,1056.0,1174.0,1174.0,11.17,1016.67,1005.69,968.61,True,True,True,True,True,True,False,1701110.0,1169.5,-9.71,False,1.57,3.58,1.31,False,1,True,9.72,6.21,False,False,,tv_wilder_rsi14_sma5_v1,69.33,64.12,True,True,5.21
4318,4318.T,クイック,2025-05,CONTINUE,2,49.88,55.07,False,True,5.19,2025-04,701.33,750.33,750.33,6.99,631.8,658.26,684.13,True,True,True,False,False,False,False,203760.0,809.0,-13.31,False,1.27,1.96,0.66,True,3,True,-3.27,5.11,True,False,,tv_wilder_rsi14_sma5_v1,55.07,49.88,True,False,5.19
7970,7970.T,信越ポリマー,2025-05,NEW,1,55.69,60.87,False,True,5.19,2025-05,1684.0,1684.0,1684.0,0.0,1554.76,1525.99,1554.17,True,True,True,False,True,False,True,152480.0,1704.0,-1.17,False,1.17,1.71,0.94,True,2,True,7.91,4.14,True,False,,tv_wilder_rsi14_sma5_v1,60.87,55.69,True,False,5.19
6744,6744.T,能美防災,2025-05,CONTINUE,2,71.31,76.49,False,True,5.18,2025-04,3335.0,3685.0,3685.0,10.49,3175.0,3138.07,2882.43,True,True,True,True,False,False,True,61663.0,3420.0,-2.49,False,0.89,2.66,0.64,True,2,True,20.73,2.63,False,False,,tv_wilder_rsi14_sma5_v1,76.49,71.31,True,False,5.18
9021,9021.T,西日本旅客鉄道,2025-05,CONTINUE,7,52.83,58.01,True,True,5.18,2024-11,2815.5,3119.0,3119.0,10.78,2727.0,2731.95,2924.5,True,True,False,False,False,False,False,1579473.0,3327.0,-15.37,False,1.02,1.65,1.0,False,4,True,-4.34,0.85,False,False,,tv_wilder_rsi14_sma5_v1,58.01,52.83,True,True,5.18
2288,2288.T,丸大食品,2025-05,CONTINUE,3,55.28,60.45,True,False,5.17,2025-03,1700.0,1825.0,1825.0,7.35,1702.96,1675.85,1704.28,False,True,False,False,True,False,True,29373.0,1948.0,-12.73,False,1.49,1.39,0.99,True,1,False,0.53,1.48,False,False,,tv_wilder_rsi14_sma5_v1,60.45,55.28,False,True,5.17
7453,7453.T,良品計画,2025-05,CONTINUE,7,80.91,86.08,True,True,5.17,2024-11,1535.0,2770.0,2770.0,80.46,1382.83,1343.82,1287.79,True,True,True,True,True,True,True,6584953.0,1533.5,0.1,True,0.59,2.36,1.0,False,2,True,25.33,5.17,False,False,,tv_wilder_rsi14_sma5_v1,86.08,80.91,True,True,5.17
1719,1719.T,安藤・間,2025-05,CONTINUE,4,68.46,73.62,True,True,5.16,2025-02,1350.0,1449.0,1449.0,7.33,1231.44,1191.76,1159.66,True,True,True,True,True,True,True,880707.0,1363.0,-0.95,False,1.16,2.36,1.06,False,2,True,14.21,5.79,False,False,,tv_wilder_rsi14_sma5_v1,73.62,68.46,True,True,5.16
8070,8070.T,東京産業,2025-05,NEW,1,47.86,53.02,True,True,5.16,2025-05,755.0,755.0,755.0,0.0,712.8,709.36,710.76,True,True,True,False,True,False,False,48167.0,757.0,-0.26,False,1.32,1.84,1.04,False,1,True,7.88,2.78,False,False,,tv_wilder_rsi14_sma5_v1,53.02,47.86,True,True,5.16
3817,3817.T,ＳＲＡホールディングス,2025-05,CONTINUE,5,71.72,76.85,True,True,5.12,2025-01,4325.0,4650.0,4650.0,7.51,4189.6,4252.33,4190.35,True,True,True,False,False,False,True,16330.0,4545.0,-4.84,False,0.78,1.55,0.97,True,2,True,6.75,1.69,False,False,,tv_wilder_rsi14_sma5_v1,76.85,71.72,True,True,5.12
9301,9301.T,三菱倉庫,2025-05,NEW,1,61.68,66.8,False,True,5.11,2025-05,1167.5,1167.5,1167.5,0.0,1052.6,1011.25,1040.65,True,True,True,False,True,False,True,1660793.0,1213.5,-3.79,False,1.05,1.88,1.03,False,2,True,14.47,7.04,True,False,,tv_wilder_rsi14_sma5_v1,66.8,61.68,True,False,5.11
2734,2734.T,サーラコーポレーション,2025-05,CONTINUE,3,57.05,62.15,False,True,5.1,2025-03,864.0,932.0,932.0,7.87,848.56,835.33,829.39,True,True,True,True,True,True,True,86777.0,920.0,-6.09,False,1.07,2.17,0.94,True,2,True,3.31,0.59,False,False,,tv_wilder_rsi14_sma5_v1,62.15,57.05,True,False,5.1
4569,4569.T,杏林製薬,2025-05,CONTINUE,3,35.84,40.95,True,True,5.1,2025-03,1502.0,1505.0,1505.0,0.2,1537.28,1474.43,1545.26,False,True,False,False,True,True,False,192557.0,1880.0,-20.11,False,0.67,1.75,0.5,True,4,False,-4.02,0.55,False,False,,tv_wilder_rsi14_sma5_v1,40.95,35.84,True,True,5.1
1515,1515.T,日鉄鉱業,2025-05,CONTINUE,6,66.43,71.52,True,True,5.08,2024-12,893.0,1402.0,1402.0,57.0,846.48,858.04,928.7,True,True,False,False,False,False,False,157483.0,1172.0,-23.81,False,1.12,1.94,0.95,True,4,True,-5.54,3.64,False,False,,tv_wilder_rsi14_sma5_v1,71.52,66.43,True,True,5.08
2475,2475.T,ＷＤＢホールディングス,2025-05,CONTINUE,5,42.41,47.49,True,True,5.08,2025-01,1731.0,1931.0,1931.0,11.55,1659.48,1687.55,1787.37,True,True,False,False,False,False,False,13873.0,2364.0,-26.78,False,0.7,1.65,1.06,False,4,True,-9.57,3.3,False,False,,tv_wilder_rsi14_sma5_v1,47.49,42.41,True,True,5.08
8361,8361.T,大垣共立銀行,2025-05,CONTINUE,6,59.86,64.93,True,True,5.08,2024-12,1936.0,2509.0,2509.0,29.6,1887.36,1861.13,2051.09,True,True,False,False,True,False,False,98207.0,2368.0,-18.24,False,1.11,1.67,1.09,False,4,True,-2.04,0.9,False,False,,tv_wilder_rsi14_sma5_v1,64.93,59.86,True,True,5.08
5703,5703.T,日本軽金属ホールディングス,2025-05,NEW,1,44.07,49.13,True,True,5.06,2025-05,1622.0,1622.0,1622.0,0.0,1552.2,1536.69,1551.14,True,True,True,False,True,True,False,191800.0,1960.0,-17.24,False,0.88,1.71,0.77,True,3,True,0.23,3.44,False,False,,tv_wilder_rsi14_sma5_v1,49.13,44.07,True,True,5.06
2353,2353.T,日本駐車場開発,2025-05,CONTINUE,3,56.24,61.29,True,True,5.05,2025-03,238.0,244.0,244.0,2.52,228.84,216.27,215.03,True,True,True,True,True,True,True,2335063.0,251.0,-5.18,False,0.63,3.09,0.69,True,2,True,12.26,1.85,False,False,,tv_wilder_rsi14_sma5_v1,61.29,56.24,True,True,5.05
9267,9267.T,ＧｅｎｋｙＤｒｕｇＳｔｏｒｅｓ,2025-05,CONTINUE,2,55.64,60.68,True,False,5.04,2025-04,3685.0,3610.0,3610.0,-2.04,2980.36,2981.59,3177.99,True,True,True,False,True,False,True,66703.0,3865.0,-4.66,False,2.9,4.02,1.14,False,1,True,19.93,11.55,True,True,MVP,tv_wilder_rsi14_sma5_v1,60.68,55.64,False,True,5.04
9072,9072.T,ニッコンホールディングス,2025-05,CONTINUE,12,85.46,90.49,True,True,5.03,2024-06,1819.5,3212.0,3212.0,76.53,1567.51,1521.16,1558.85,True,True,True,False,True,True,False,942447.0,1850.0,-1.65,False,0.72,3.07,1.24,False,1,True,22.52,10.46,False,False,,tv_wilder_rsi14_sma5_v1,90.49,85.46,True,True,5.03
6845,6845.T,アズビル,2025-05,CONTINUE,2,55.26,60.26,True,True,4.99,2025-04,1232.0,1271.0,1271.0,3.17,1154.0,1168.25,1173.04,True,True,True,False,False,False,True,1199447.0,1334.5,-7.68,False,0.74,2.28,0.7,True,2,True,7.0,3.59,False,False,,tv_wilder_rsi14_sma5_v1,60.26,55.26,True,True,4.99
9418,9418.T,Ｕ－ＮＥＸＴＨＯＬＤＩＮＧＳ,2025-05,CONTINUE,2,66.87,71.86,True,True,4.99,2025-04,2042.0,2174.0,2174.0,6.46,1881.48,1798.24,1726.9,True,True,True,True,True,True,True,512197.0,2123.0,-3.82,False,1.04,3.22,0.87,True,2,True,30.66,11.05,False,False,,tv_wilder_rsi14_sma5_v1,71.86,66.87,True,True,4.99
4951,4951.T,エステー,2025-05,CONTINUE,2,45.27,50.24,True,True,4.97,2025-04,1502.0,1534.0,1534.0,2.13,1476.84,1483.85,1503.02,True,True,False,False,True,False,False,52783.0,1594.0,-5.77,False,0.59,1.49,0.74,True,4,True,-1.05,2.25,False,False,,tv_wilder_rsi14_sma5_v1,50.24,45.27,True,True,4.97
5074,5074.T,テスホールディングス,2025-05,CONTINUE,3,31.43,36.4,True,True,4.97,2025-03,272.0,352.0,352.0,29.41,273.92,272.49,309.62,False,False,False,False,False,True,False,392293.0,487.0,-44.15,False,0.65,3.07,1.0,False,4,True,-14.21,3.89,False,False,,tv_wilder_rsi14_sma5_v1,36.4,31.43,True,True,4.97
6963,6963.T,ローム,2025-05,NEW,1,34.94,39.91,True,True,4.97,2025-05,1567.0,1567.0,1567.0,0.0,1394.46,1437.36,1526.22,True,True,True,False,True,False,False,3475823.0,2428.5,-35.47,False,1.75,4.27,1.25,False,3,True,-4.27,7.65,False,False,,tv_wilder_rsi14_sma5_v1,39.91,34.94,True,True,4.97
7366,7366.T,LITALICO,2025-05,CONTINUE,5,37.64,42.61,True,True,4.97,2025-01,1107.0,1332.0,1332.0,20.33,888.56,985.0,1339.71,True,True,False,False,False,False,False,267603.0,2308.0,-52.04,False,2.49,3.6,1.29,False,4,True,-25.65,8.55,True,False,,tv_wilder_rsi14_sma5_v1,42.61,37.64,True,True,4.97
3288,3288.T,オープンハウスグループ,2025-05,CONTINUE,4,57.09,62.05,True,False,4.96,2025-02,5490.0,6245.0,6245.0,13.75,5194.64,5388.37,5292.46,True,True,True,False,False,False,True,409380.0,5891.0,-6.81,False,0.86,2.14,1.24,False,2,True,4.9,2.22,False,False,,tv_wilder_rsi14_sma5_v1,62.05,57.09,False,True,4.96
6745,6745.T,ホーチキ,2025-05,NEW,1,67.76,72.71,False,True,4.95,2025-05,943.33,943.33,943.33,0.0,868.91,836.43,787.79,True,True,True,True,True,True,True,219390.0,963.33,-2.08,False,0.98,2.85,0.76,True,2,True,20.4,4.39,False,False,,tv_wilder_rsi14_sma5_v1,72.71,67.76,True,False,4.95
4718,4718.T,早稲田アカデミー,2025-05,CONTINUE,8,78.75,83.69,True,True,4.94,2024-10,1679.0,2352.0,2352.0,40.08,1628.12,1588.81,1600.45,True,True,True,False,True,True,False,46743.0,1878.0,-10.6,False,0.39,1.99,1.07,False,3,True,8.95,2.37,False,False,,tv_wilder_rsi14_sma5_v1,83.69,78.75,True,True,4.94
7821,7821.T,前田工繊,2025-05,CONTINUE,2,60.87,65.81,True,True,4.94,2025-04,2043.0,2130.0,2130.0,4.26,1944.56,1887.93,1789.08,True,True,True,True,True,True,True,159643.0,2113.0,-3.31,False,1.01,2.41,0.83,True,2,True,14.17,6.17,False,False,,tv_wilder_rsi14_sma5_v1,65.81,60.87,True,True,4.94
3861,3861.T,王子ホールディングス,2025-05,CONTINUE,6,58.62,63.54,True,True,4.92,2024-12,604.1,684.8,684.8,13.36,574.95,570.13,599.73,True,True,True,False,True,True,True,4707080.0,680.5,-11.23,False,0.7,2.01,0.78,True,3,True,2.75,2.8,False,False,,tv_wilder_rsi14_sma5_v1,63.54,58.62,True,True,4.92
3963,3963.T,シンクロ・フード,2025-05,CONTINUE,4,48.98,53.89,True,False,4.91,2025-02,413.0,553.0,553.0,33.9,393.32,392.27,464.82,True,True,False,False,True,False,False,796390.0,741.0,-44.26,False,1.6,4.65,1.24,False,4,True,-15.02,4.15,False,False,,tv_wilder_rsi14_sma5_v1,53.89,48.98,False,True,4.91
9474,9474.T,ゼンリン,2025-05,CONTINUE,6,60.21,65.11,True,False,4.91,2024-12,833.0,1157.0,1157.0,38.9,816.08,834.13,863.28,True,False,False,False,False,False,False,62367.0,1016.0,-18.01,False,1.22,1.21,1.34,False,1,True,-6.22,-0.13,False,False,,tv_wilder_rsi14_sma5_v1,65.11,60.21,False,True,4.91
9769,9769.T,学究社,2025-05,CONTINUE,6,60.63,65.55,True,True,4.91,2024-12,2055.0,2250.0,2250.0,9.49,1998.24,1951.92,2036.75,True,True,True,False,True,True,False,10303.0,2198.0,-6.51,False,1.02,1.5,1.16,False,3,True,1.41,1.99,False,False,,tv_wilder_rsi14_sma5_v1,65.55,60.63,True,True,4.91
3915,3915.T,テラスカイ,2025-05,CONTINUE,2,54.9,59.78,True,True,4.88,2025-04,2523.0,2914.0,2914.0,15.5,2186.76,2346.99,2185.39,True,True,True,False,False,True,True,224623.0,2800.0,-9.89,False,0.95,6.14,0.79,True,2,True,15.42,11.1,False,False,,tv_wilder_rsi14_sma5_v1,59.78,54.9,True,True,4.88
8078,8078.T,阪和興業,2025-05,NEW,1,51.07,55.95,True,True,4.88,2025-05,1052.0,1052.0,1052.0,0.0,1004.68,984.23,986.09,True,True,True,False,True,True,False,422417.0,1354.0,-22.3,False,0.85,1.94,0.75,True,3,True,0.88,2.48,False,False,,tv_wilder_rsi14_sma5_v1,55.95,51.07,True,True,4.88
2326,2326.T,デジタルアーツ,2025-05,CONTINUE,12,60.54,65.4,True,True,4.86,2024-06,4510.0,7290.0,7290.0,61.64,3820.8,4098.8,4445.1,True,True,True,False,False,False,False,95380.0,6560.0,-31.25,False,1.8,2.89,1.1,False,3,True,-6.68,6.47,True,False,,tv_wilder_rsi14_sma5_v1,65.4,60.54,True,True,4.86
1951,1951.T,エクシオグループ,2025-05,NEW,1,61.95,66.8,True,True,4.85,2025-05,1840.5,1840.5,1840.5,0.0,1768.82,1728.34,1661.91,True,True,True,True,True,True,True,658863.0,1961.0,-6.14,False,0.99,1.67,0.68,True,2,True,10.08,1.86,False,False,,tv_wilder_rsi14_sma5_v1,66.8,61.95,True,True,4.85
9697,9697.T,カプコン,2025-05,CONTINUE,7,69.91,74.76,True,True,4.85,2024-11,3506.0,4300.0,4300.0,22.65,3325.52,3252.3,3027.95,True,True,True,True,True,True,True,2022363.0,3649.0,-3.92,False,0.6,3.14,0.89,True,2,True,21.69,1.61,False,False,,tv_wilder_rsi14_sma5_v1,74.76,69.91,True,True,4.85
6638,6638.T,ミマキエンジニアリング,2025-05,NEW,1,58.86,63.7,False,True,4.84,2025-05,1877.0,1877.0,1877.0,0.0,1654.2,1518.44,1493.43,True,True,True,True,True,True,False,169243.0,2230.0,-15.83,False,0.67,4.52,0.74,True,1,True,25.28,5.28,False,False,,tv_wilder_rsi14_sma5_v1,63.7,58.86,True,False,4.84
8570,8570.T,イオンフィナンシャルサービス,2025-05,NEW,1,46.62,51.46,True,True,4.84,2025-05,1313.0,1313.0,1313.0,0.0,1241.82,1248.3,1257.38,True,True,True,False,True,True,False,859583.0,1404.5,-6.51,False,1.05,1.47,0.76,True,3,True,2.59,1.04,True,False,,tv_wilder_rsi14_sma5_v1,51.46,46.62,True,True,4.84
1518,1518.T,三井松島ホールディングス,2025-05,CONTINUE,2,56.94,61.72,True,True,4.79,2025-04,840.0,977.0,977.0,16.31,792.64,835.56,869.89,True,True,False,False,False,True,False,245633.0,1242.0,-32.37,False,0.64,3.56,0.75,True,4,True,-0.42,2.27,False,False,,tv_wilder_rsi14_sma5_v1,61.72,56.94,True,True,4.79
2980,2980.T,SREホールディングス,2025-05,CONTINUE,2,47.31,52.1,True,True,4.79,2025-04,3510.0,3905.0,3905.0,11.25,3186.04,3208.13,3696.88,True,True,False,False,True,True,False,341360.0,5350.0,-34.39,False,0.7,4.11,0.64,True,4,True,-4.21,6.42,False,False,,tv_wilder_rsi14_sma5_v1,52.1,47.31,True,True,4.79
3139,3139.T,ラクト・ジャパン,2025-05,CONTINUE,2,62.27,67.06,True,True,4.79,2025-04,3525.0,3535.0,3535.0,0.28,3185.16,3008.8,2926.16,True,True,True,True,True,True,True,80007.0,3865.0,-8.8,False,0.93,4.29,1.0,True,1,True,25.94,8.47,False,False,,tv_wilder_rsi14_sma5_v1,67.06,62.27,True,True,4.79
4547,4547.T,キッセイ薬品工業,2025-05,NEW,1,61.45,66.21,False,True,4.75,2025-05,4290.0,4290.0,4290.0,0.0,3879.6,3766.2,3709.78,True,True,True,True,True,False,True,109023.0,4270.0,0.47,True,1.01,2.48,0.78,True,2,True,22.3,4.52,True,False,,tv_wilder_rsi14_sma5_v1,66.21,61.45,True,False,4.75
8377,8377.T,ほくほくフィナンシャルグループ,2025-05,CONTINUE,6,69.74,74.48,True,True,4.74,2024-12,1920.5,2786.5,2786.5,45.09,1901.2,1730.25,1864.13,True,True,True,False,True,True,True,362577.0,2323.0,-17.33,False,0.68,2.54,0.94,True,1,True,12.88,1.48,False,False,,tv_wilder_rsi14_sma5_v1,74.48,69.74,True,True,4.74
2752,2752.T,フジオフードグループ本社,2025-05,CONTINUE,3,39.46,44.19,True,True,4.73,2025-03,1172.0,1230.0,1230.0,4.95,1173.64,1144.33,1285.36,False,True,False,False,True,False,False,178840.0,1538.0,-23.8,False,1.53,1.32,0.9,True,4,True,-9.37,1.45,False,False,,tv_wilder_rsi14_sma5_v1,44.19,39.46,True,True,4.73
9274,9274.T,ＫＰＰグループホールディングス,2025-05,NEW,1,51.06,55.78,True,True,4.72,2025-05,722.0,722.0,722.0,0.0,675.72,663.44,662.45,True,True,True,True,True,True,False,225917.0,857.0,-15.75,False,0.95,1.96,1.03,False,3,True,3.42,2.01,False,False,,tv_wilder_rsi14_sma5_v1,55.78,51.06,True,True,4.72
8766,8766.T,東京海上ホールディングス,2025-05,CONTINUE,3,66.1,70.81,False,True,4.71,2025-03,5736.0,6112.0,6112.0,6.56,5591.52,5434.53,5538.48,True,True,True,False,True,False,True,6190610.0,6679.0,-14.12,False,0.88,2.94,1.04,False,1,True,9.85,5.44,False,False,,tv_wilder_rsi14_sma5_v1,70.81,66.1,True,False,4.71
3668,3668.T,コロプラ,2025-05,NEW,1,39.41,44.1,True,True,4.68,2025-05,519.0,519.0,519.0,0.0,490.56,482.83,502.64,True,True,True,False,True,True,False,238177.0,665.0,-21.95,False,0.95,2.38,0.87,True,3,True,1.0,4.97,False,False,,tv_wilder_rsi14_sma5_v1,44.1,39.41,True,True,4.68
9987,9987.T,スズケン,2025-05,CONTINUE,3,58.38,63.06,True,True,4.67,2025-03,4940.0,5313.0,5313.0,7.55,4939.72,4813.08,4944.4,True,True,False,False,True,True,True,256813.0,5549.0,-10.97,False,0.97,2.1,0.98,True,4,True,4.69,1.96,False,False,,tv_wilder_rsi14_sma5_v1,63.06,58.38,True,True,4.67
9412,9412.T,スカパーＪＳＡＴ,2025-05,CONTINUE,6,74.05,78.7,True,True,4.64,2024-12,909.0,1260.0,1260.0,38.61,892.24,878.79,891.34,True,True,True,False,True,True,False,466610.0,1107.0,-17.89,False,0.68,1.93,1.01,False,3,True,6.64,-0.96,False,False,,tv_wilder_rsi14_sma5_v1,78.7,74.05,True,True,4.64
2975,2975.T,スター・マイカ・ホールディングス,2025-05,CONTINUE,8,69.49,74.12,True,True,4.63,2024-10,645.0,1033.0,1033.0,60.16,636.8,629.31,611.62,True,True,True,True,True,False,True,124287.0,710.0,-9.15,False,1.09,2.12,1.22,False,2,True,2.39,2.86,False,False,,tv_wilder_rsi14_sma5_v1,74.12,69.49,True,True,4.63
4088,4088.T,エア・ウォーター,2025-05,CONTINUE,3,48.94,53.57,True,True,4.63,2025-03,1888.0,2019.0,2019.0,6.94,1927.68,1902.57,1977.85,False,False,False,False,True,True,False,624467.0,2433.5,-22.42,False,1.17,1.82,1.0,False,4,False,-7.49,0.63,False,False,,tv_wilder_rsi14_sma5_v1,53.57,48.94,True,True,4.63
7483,7483.T,ドウシシャ,2025-05,CONTINUE,3,54.38,58.99,True,True,4.62,2025-03,2187.0,2295.0,2295.0,4.94,2117.2,2110.17,2157.18,True,True,True,False,True,True,False,106430.0,2395.0,-8.68,False,1.83,1.4,1.0,False,3,True,1.21,1.11,True,False,,tv_wilder_rsi14_sma5_v1,58.99,54.38,True,True,4.62
7984,7984.T,コクヨ,2025-05,CONTINUE,4,69.97,74.57,True,True,4.61,2025-02,702.88,763.0,763.0,8.55,683.8,687.61,658.96,True,True,True,False,True,True,True,1397000.0,745.0,-5.65,False,0.94,2.7,1.34,False,1,True,8.02,2.25,False,False,,tv_wilder_rsi14_sma5_v1,74.57,69.97,True,True,4.61
2270,2270.T,雪印メグミルク,2025-05,NEW,1,56.94,61.53,True,True,4.59,2025-05,2819.0,2819.0,2819.0,0.0,2692.12,2626.41,2647.85,True,True,True,False,True,True,False,250937.0,2900.0,-2.79,False,0.9,2.83,0.76,True,3,True,9.44,3.41,True,False,,tv_wilder_rsi14_sma5_v1,61.53,56.94,True,True,4.59
7990,7990.T,グローブライド,2025-05,NEW,1,44.93,49.52,True,True,4.59,2025-05,2041.0,2041.0,2041.0,0.0,1921.0,1910.96,1903.36,True,True,True,True,True,True,False,43060.0,2263.0,-9.81,False,0.86,1.92,0.87,True,3,True,6.46,2.6,False,False,,tv_wilder_rsi14_sma5_v1,49.52,44.93,True,True,4.59
6804,6804.T,ホシデン,2025-05,NEW,1,55.9,60.47,False,True,4.57,2025-05,2180.0,2180.0,2180.0,0.0,1967.4,1984.55,2093.7,True,True,True,False,True,False,False,319373.0,2434.0,-10.44,False,0.72,2.62,0.87,True,1,True,6.65,6.34,False,False,,tv_wilder_rsi14_sma5_v1,60.47,55.9,True,False,4.57
1938,1938.T,日本リーテック,2025-05,CONTINUE,7,60.75,65.31,True,True,4.56,2024-11,1140.0,1665.0,1665.0,46.05,1091.24,1087.41,1182.92,True,True,False,False,True,False,False,16993.0,1382.0,-17.51,False,0.74,2.37,0.9,True,4,True,-2.67,2.6,False,False,,tv_wilder_rsi14_sma5_v1,65.31,60.75,True,True,4.56
6941,6941.T,山一電機,2025-05,NEW,1,47.24,51.78,True,True,4.54,2025-05,2376.0,2376.0,2376.0,0.0,2191.28,2108.39,2353.43,True,True,True,False,True,False,False,199197.0,3865.0,-38.53,False,0.59,3.2,0.85,True,3,True,-5.99,4.06,False,False,,tv_wilder_rsi14_sma5_v1,51.78,47.24,True,True,4.54
6134,6134.T,ＦＵＪＩ,2025-05,NEW,1,45.14,49.67,False,True,4.53,2025-05,2319.0,2319.0,2319.0,0.0,2173.44,2135.17,2230.31,True,True,True,False,True,False,False,340150.0,2725.5,-14.91,False,1.26,2.37,0.94,True,3,True,-0.43,3.75,False,False,,tv_wilder_rsi14_sma5_v1,49.67,45.14,True,False,4.53
7679,7679.T,薬王堂ホールディングス,2025-05,CONTINUE,2,36.22,40.76,True,True,4.53,2025-04,2025.0,2055.0,2055.0,1.48,1874.96,1886.17,2179.37,True,True,False,False,False,False,False,42617.0,2912.0,-30.46,False,1.08,2.91,0.89,True,4,True,-10.1,6.34,False,False,,tv_wilder_rsi14_sma5_v1,40.76,36.22,True,True,4.53
7157,7157.T,ライフネット生命保険,2025-05,NEW,1,60.57,65.08,True,True,4.52,2025-05,2074.0,2074.0,2074.0,0.0,1888.08,1787.48,1803.21,True,True,True,False,True,True,True,160887.0,2120.0,-2.17,False,1.09,3.43,1.08,False,2,True,24.47,7.27,False,False,,tv_wilder_rsi14_sma5_v1,65.08,60.57,True,True,4.52
2429,2429.T,ワールドホールディングス,2025-05,NEW,1,43.71,48.22,True,True,4.51,2025-05,2194.0,2194.0,2194.0,0.0,2088.92,2055.68,2001.3,True,True,True,True,True,True,False,38827.0,2326.0,-5.67,False,0.85,2.54,0.69,True,1,True,5.85,2.41,False,False,,tv_wilder_rsi14_sma5_v1,48.22,43.71,True,True,4.51
5108,5108.T,ブリヂストン,2025-05,CONTINUE,5,53.66,58.18,True,True,4.51,2025-01,2794.5,3107.5,3107.5,11.2,2683.24,2704.41,2955.16,True,True,False,False,True,False,False,4005667.0,3529.0,-20.81,False,1.12,1.62,1.17,False,4,True,-6.67,2.22,False,False,,tv_wilder_rsi14_sma5_v1,58.18,53.66,True,True,4.51
6445,6445.T,ジャノメ,2025-05,CONTINUE,2,72.48,77.0,True,True,4.51,2025-04,1129.0,1176.0,1176.0,4.16,1066.24,1026.36,924.42,True,True,True,True,True,True,True,71413.0,1220.0,-7.46,False,0.76,3.23,0.78,True,2,True,36.9,4.17,False,False,,tv_wilder_rsi14_sma5_v1,77.0,72.48,True,True,4.51
6309,6309.T,巴工業,2025-05,CONTINUE,3,58.19,62.68,True,True,4.5,2025-03,1450.0,1502.0,1502.0,3.59,1328.33,1283.04,1353.45,True,True,True,False,True,True,False,90770.0,1666.67,-13.0,False,1.86,2.47,0.95,True,1,True,5.31,4.19,False,False,,tv_wilder_rsi14_sma5_v1,62.68,58.19,True,True,4.5
2175,2175.T,エス・エム・エス,2025-05,CONTINUE,2,31.53,36.02,True,True,4.49,2025-04,1326.5,1446.5,1446.5,9.05,1127.28,1277.0,1692.58,True,True,False,False,False,False,False,479350.0,2341.0,-43.34,False,1.71,3.7,0.86,True,4,True,-30.88,3.85,True,False,,tv_wilder_rsi14_sma5_v1,36.02,31.53,True,True,4.49
6503,6503.T,三菱電機,2025-05,CONTINUE,3,61.19,65.66,False,True,4.47,2025-03,2720.0,2904.0,2904.0,6.76,2674.68,2606.65,2528.47,True,True,True,True,True,True,False,9638893.0,3052.0,-10.88,False,0.8,4.17,0.99,True,1,True,9.83,4.81,False,False,,tv_wilder_rsi14_sma5_v1,65.66,61.19,True,False,4.47
5852,5852.T,アーレスティ,2025-05,CONTINUE,6,52.03,56.47,True,True,4.45,2024-12,605.0,719.0,719.0,18.84,537.48,556.32,656.33,True,True,False,False,False,False,False,198960.0,859.0,-29.57,False,1.96,2.36,1.26,False,4,True,-9.44,6.79,False,False,,tv_wilder_rsi14_sma5_v1,56.47,52.03,True,True,4.45
7532,7532.T,ﾊﾟﾝ･ﾊﾟｼﾌｨｯｸ･ｲﾝﾀｰﾅｼｮﾅﾙﾎｰﾙﾃﾞｨﾝｸﾞｽ,2025-05,CONTINUE,2,65.39,69.82,True,True,4.44,2025-04,882.0,947.8,947.8,7.46,850.52,836.27,790.39,True,True,True,True,True,True,True,7851050.0,897.8,-1.76,False,0.99,2.13,0.75,True,2,True,11.67,2.69,False,False,,tv_wilder_rsi14_sma5_v1,69.82,65.39,True,True,4.44
9007,9007.T,小田急電鉄,2025-05,CONTINUE,2,38.57,42.99,True,True,4.42,2025-04,1577.0,1605.0,1605.0,1.78,1554.82,1500.58,1543.3,True,True,True,False,True,True,True,1370320.0,1933.0,-18.42,False,0.76,2.2,0.69,True,1,True,0.99,3.0,False,False,,tv_wilder_rsi14_sma5_v1,42.99,38.57,True,True,4.42
6351,6351.T,鶴見製作所,2025-05,CONTINUE,2,50.46,54.87,True,True,4.41,2025-04,1652.5,1815.0,1815.0,9.83,1587.3,1628.27,1806.64,True,True,False,False,False,False,False,46313.0,2470.0,-33.1,False,0.95,3.89,0.88,True,4,True,-9.95,4.99,False,False,,tv_wilder_rsi14_sma5_v1,54.87,50.46,True,True,4.41
5232,5232.T,住友大阪セメント,2025-05,CONTINUE,4,49.3,53.7,True,False,4.4,2025-02,3502.0,3848.0,3848.0,9.88,3400.92,3347.63,3708.64,True,True,False,False,True,False,False,178153.0,4311.0,-18.77,False,0.9,2.44,0.98,True,4,True,-2.82,4.55,False,False,,tv_wilder_rsi14_sma5_v1,53.7,49.3,False,True,4.4
9861,9861.T,吉野家ホールディングス,2025-05,CONTINUE,2,53.42,57.82,True,True,4.4,2025-04,3129.0,3210.0,3210.0,2.59,3117.24,3010.32,3056.36,True,True,True,False,True,False,True,414303.0,3435.0,-8.91,False,1.07,2.72,0.93,True,2,False,6.72,4.9,False,False,,tv_wilder_rsi14_sma5_v1,57.82,53.42,True,True,4.4
7616,7616.T,コロワイド,2025-05,CONTINUE,3,41.27,45.65,True,True,4.38,2025-03,1716.5,1818.0,1818.0,5.91,1732.08,1706.77,1792.23,False,True,False,False,True,True,False,588010.0,2279.0,-24.68,False,2.57,1.58,1.04,False,4,True,-6.63,0.33,False,False,,tv_wilder_rsi14_sma5_v1,45.65,41.27,True,True,4.38
6454,6454.T,マックス,2025-05,CONTINUE,5,75.73,80.1,True,True,4.37,2025-01,993.75,1180.0,1180.0,18.74,911.35,876.38,888.02,True,True,True,False,True,True,True,411920.0,1027.5,-3.28,False,1.4,2.44,0.92,True,2,True,16.5,7.98,False,False,,tv_wilder_rsi14_sma5_v1,80.1,75.73,True,True,4.37
8624,8624.T,いちよし証券,2025-05,NEW,1,51.86,56.23,False,True,4.37,2025-05,859.0,859.0,859.0,0.0,775.0,759.24,791.6,True,True,True,False,True,False,False,154070.0,1058.0,-18.81,False,1.11,3.09,1.13,False,1,True,9.94,6.9,False,False,,tv_wilder_rsi14_sma5_v1,56.23,51.86,True,False,4.37
8609,8609.T,岡三証券グループ,2025-05,NEW,1,54.44,58.79,True,True,4.35,2025-05,699.0,699.0,699.0,0.0,663.2,648.52,637.95,True,True,True,True,True,True,False,385757.0,833.0,-16.09,False,0.87,1.97,0.9,True,3,True,7.43,3.12,True,False,,tv_wilder_rsi14_sma5_v1,58.79,54.44,True,True,4.35
2492,2492.T,インフォマート,2025-05,CONTINUE,6,48.01,52.34,True,True,4.33,2024-12,308.0,419.0,419.0,36.04,284.84,313.45,320.42,True,False,False,False,False,False,False,1187127.0,500.0,-38.4,False,1.12,3.43,1.19,False,4,True,-12.51,2.76,True,False,,tv_wilder_rsi14_sma5_v1,52.34,48.01,True,True,4.33
3662,3662.T,エイチームホールディングス,2025-05,CONTINUE,7,62.87,67.19,True,True,4.33,2024-11,660.0,1109.0,1109.0,68.03,627.92,640.88,648.78,True,True,True,False,True,False,True,37757.0,773.0,-14.62,False,0.75,2.53,0.91,True,2,True,0.87,-0.55,False,False,,tv_wilder_rsi14_sma5_v1,67.19,62.87,True,True,4.33
9069,9069.T,センコーグループホールディングス,2025-05,CONTINUE,2,74.38,78.71,True,True,4.33,2025-04,1697.0,1789.0,1789.0,5.42,1549.52,1505.16,1384.0,True,True,True,True,True,True,True,467587.0,1715.0,-1.05,False,0.88,2.78,0.89,True,2,True,30.38,7.35,False,False,,tv_wilder_rsi14_sma5_v1,78.71,74.38,True,True,4.33
5032,5032.T,ＡＮＹＣＯＬＯＲ,2025-05,CONTINUE,6,53.83,58.15,True,True,4.32,2024-12,2816.0,3950.0,3950.0,40.27,2496.68,2359.24,2413.76,True,True,True,False,True,True,False,1576523.0,3850.0,-26.86,False,0.67,4.72,0.95,True,3,True,3.98,9.69,False,False,,tv_wilder_rsi14_sma5_v1,58.15,53.83,True,True,4.32
6971,6971.T,京セラ,2025-05,CONTINUE,6,45.64,49.95,True,True,4.32,2024-12,1575.5,1761.5,1761.5,11.81,1522.12,1600.91,1767.28,True,False,False,False,False,False,False,4219387.0,2333.5,-32.48,False,0.77,1.63,0.91,True,4,True,-14.61,1.5,False,False,,tv_wilder_rsi14_sma5_v1,49.95,45.64,True,True,4.32
3984,3984.T,ユーザーローカル,2025-05,NEW,1,45.78,50.09,True,True,4.31,2025-05,1884.0,1884.0,1884.0,0.0,1740.44,1708.93,1806.57,True,True,True,False,True,False,False,52007.0,2268.0,-16.93,False,1.01,2.73,0.98,True,3,True,0.25,3.55,False,False,,tv_wilder_rsi14_sma5_v1,50.09,45.78,True,True,4.31
1885,1885.T,東亜建設工業,2025-05,CONTINUE,7,70.51,74.81,True,True,4.3,2024-11,1189.0,1499.0,1499.0,26.07,1070.6,992.97,1046.34,True,True,True,False,True,True,True,393200.0,1322.5,-10.09,False,0.94,3.37,0.67,True,1,True,20.68,6.16,False,False,,tv_wilder_rsi14_sma5_v1,74.81,70.51,True,True,4.3
7231,7231.T,トピー工業,2025-05,NEW,1,49.97,54.27,True,True,4.3,2025-05,2282.0,2282.0,2282.0,0.0,2170.08,2132.75,2029.25,True,True,True,True,True,True,False,49243.0,2525.0,-9.62,False,0.82,2.18,0.8,True,3,True,9.26,5.0,False,False,,tv_wilder_rsi14_sma5_v1,54.27,49.97,True,True,4.3
3105,3105.T,日清紡ホールディングス,2025-05,NEW,1,39.74,44.03,True,True,4.29,2025-05,926.8,926.8,926.8,0.0,882.54,885.24,909.31,True,True,True,False,True,True,False,833763.0,1141.0,-18.77,False,1.09,1.63,0.72,True,3,True,-3.19,3.13,False,False,,tv_wilder_rsi14_sma5_v1,44.03,39.74,True,True,4.29
2335,2335.T,キューブシステム,2025-05,NEW,1,45.5,49.78,True,True,4.28,2025-05,1062.0,1062.0,1062.0,0.0,1037.2,1015.56,1024.59,True,True,True,False,True,True,False,13393.0,1200.0,-11.5,False,0.82,1.55,0.79,True,3,True,3.75,2.19,False,False,,tv_wilder_rsi14_sma5_v1,49.78,45.5,True,True,4.28
3087,3087.T,ドトール・日レスホールディングス,2025-05,CONTINUE,6,67.88,72.16,True,False,4.28,2024-12,2339.0,2640.0,2640.0,12.87,2296.8,2269.08,2196.99,True,True,True,True,True,True,True,75650.0,2343.0,-0.17,False,0.97,1.07,0.97,True,2,True,5.93,0.08,False,False,,tv_wilder_rsi14_sma5_v1,72.16,67.88,False,True,4.28
4886,4886.T,あすか製薬ホールディングス,2025-05,CONTINUE,3,59.54,63.83,True,True,4.28,2025-03,2304.0,2335.0,2335.0,1.35,2204.0,2063.37,2176.99,True,True,True,False,True,True,False,45440.0,2720.0,-15.29,False,0.94,1.75,0.89,True,1,True,6.85,2.31,False,False,,tv_wilder_rsi14_sma5_v1,63.83,59.54,True,True,4.28
4733,4733.T,オービックビジネスコンサルタント,2025-05,NEW,1,58.39,62.65,True,True,4.26,2025-05,8213.0,8213.0,8213.0,0.0,7437.92,7355.33,7165.39,True,True,True,True,True,True,True,270500.0,8234.0,-0.26,False,0.66,2.48,0.89,True,2,True,17.75,5.49,False,False,,tv_wilder_rsi14_sma5_v1,62.65,58.39,True,True,4.26
3771,3771.T,システムリサーチ,2025-05,CONTINUE,6,60.17,64.42,True,True,4.24,2024-12,1486.0,1814.0,1814.0,22.07,1428.64,1434.05,1500.04,True,True,False,False,False,True,False,51247.0,1795.0,-17.21,False,0.43,1.62,1.05,False,4,True,-2.72,1.94,False,False,,tv_wilder_rsi14_sma5_v1,64.42,60.17,True,True,4.24
3854,3854.T,アイル,2025-05,NEW,1,45.76,50.0,False,True,4.24,2025-05,2630.0,2630.0,2630.0,0.0,2471.32,2335.01,2682.36,True,True,False,False,True,False,False,61547.0,3320.0,-20.78,False,1.05,2.92,1.19,False,4,True,-0.28,4.56,False,False,,tv_wilder_rsi14_sma5_v1,50.0,45.76,True,False,4.24
6594,6594.T,ニデック,2025-05,NEW,1,38.52,42.75,True,True,4.23,2025-05,2810.0,2810.0,2810.0,0.0,2663.24,2566.58,2773.06,True,True,True,False,True,False,False,4869580.0,4033.0,-30.32,False,0.77,2.45,0.87,True,3,True,-6.68,2.24,False,False,,tv_wilder_rsi14_sma5_v1,42.75,38.52,True,True,4.23
8370,8370.T,紀陽銀行,2025-05,CONTINUE,2,68.21,72.44,True,True,4.23,2025-04,2416.0,2596.0,2596.0,7.45,2244.92,2227.81,2025.43,True,True,True,True,False,True,True,161490.0,2460.0,-1.79,False,0.79,3.4,0.63,True,2,True,24.84,7.15,False,False,,tv_wilder_rsi14_sma5_v1,72.44,68.21,True,True,4.23
5444,5444.T,大和工業,2025-05,CONTINUE,5,65.03,69.25,True,True,4.22,2025-01,7700.0,8553.0,8553.0,11.08,7393.64,7496.63,7653.44,True,True,True,False,False,True,False,173497.0,8967.0,-14.13,False,1.85,1.59,1.08,False,3,True,2.82,1.38,True,False,,tv_wilder_rsi14_sma5_v1,69.25,65.03,True,True,4.22
8052,8052.T,椿本興業,2025-05,CONTINUE,6,60.07,64.27,True,True,4.2,2024-12,2072.0,2294.0,2294.0,10.71,1987.12,1889.21,2028.17,True,True,True,False,True,True,False,13840.0,2463.33,-15.89,False,0.96,1.8,1.03,False,3,True,2.0,2.13,False,False,,tv_wilder_rsi14_sma5_v1,64.27,60.07,True,True,4.2
8157,8157.T,都築電気,2025-05,NEW,1,57.56,61.76,False,True,4.19,2025-05,2777.0,2777.0,2777.0,0.0,2592.12,2404.92,2455.68,True,True,True,False,True,False,True,35870.0,3045.0,-8.8,False,0.7,2.36,0.64,True,2,True,20.58,7.93,False,False,,tv_wilder_rsi14_sma5_v1,61.76,57.56,True,False,4.19
4481,4481.T,ベース,2025-05,CONTINUE,2,47.33,51.51,True,True,4.18,2025-04,3095.0,3460.0,3460.0,11.79,2875.92,3001.93,3011.16,True,True,True,False,False,False,True,51447.0,3595.0,-13.91,False,0.93,2.82,0.65,True,2,True,3.19,4.59,False,False,,tv_wilder_rsi14_sma5_v1,51.51,47.33,True,True,4.18
3156,3156.T,レスター,2025-05,NEW,1,44.49,48.66,False,True,4.17,2025-05,2482.0,2482.0,2482.0,0.0,2298.96,2322.28,2500.28,True,True,False,False,True,False,False,46127.0,3270.0,-24.1,False,1.24,2.3,0.9,True,4,True,-3.75,3.68,True,False,,tv_wilder_rsi14_sma5_v1,48.66,44.49,True,False,4.17
9532,9532.T,大阪瓦斯,2025-05,CONTINUE,2,59.97,64.14,False,True,4.17,2025-04,3617.0,3673.0,3673.0,1.55,3429.96,3308.53,3325.13,True,True,True,False,True,True,False,1122507.0,3675.0,-1.58,False,1.2,2.34,0.8,True,1,True,12.7,6.11,False,False,,tv_wilder_rsi14_sma5_v1,64.14,59.97,True,False,4.17
1979,1979.T,大氣社,2025-05,NEW,1,53.8,57.96,False,True,4.16,2025-05,2441.0,2441.0,2441.0,0.0,2372.24,2318.89,2363.22,True,True,True,False,True,True,False,210940.0,2720.0,-10.26,False,0.86,2.31,1.04,False,3,False,3.23,0.38,False,False,,tv_wilder_rsi14_sma5_v1,57.96,53.8,True,False,4.16
4526,4526.T,理研ビタミン,2025-05,CONTINUE,3,53.16,57.32,True,True,4.16,2025-03,2419.0,2542.0,2542.0,5.08,2407.68,2392.95,2552.74,True,True,False,False,True,False,False,61367.0,2879.0,-15.98,False,1.54,1.46,1.12,False,4,True,-3.84,1.32,False,False,,tv_wilder_rsi14_sma5_v1,57.32,53.16,True,True,4.16
4927,4927.T,ポーラ・オルビスホールディングス,2025-05,CONTINUE,2,38.77,42.94,True,True,4.16,2025-04,1304.5,1371.5,1371.5,5.14,1278.98,1304.89,1386.14,True,False,False,False,True,False,False,521067.0,1583.0,-17.59,False,0.85,1.82,0.56,True,4,True,-8.76,1.41,False,False,,tv_wilder_rsi14_sma5_v1,42.94,38.77,True,True,4.16
1959,1959.T,クラフティア,2025-05,NEW,1,48.73,52.88,True,True,4.15,2025-05,5314.0,5314.0,5314.0,0.0,5044.2,4798.65,5419.08,True,True,False,False,True,False,False,261187.0,7084.0,-24.99,False,0.72,1.93,0.83,True,4,True,2.18,6.28,False,False,,tv_wilder_rsi14_sma5_v1,52.88,48.73,True,True,4.15
6929,6929.T,日本セラミック,2025-05,CONTINUE,4,53.23,57.35,True,True,4.13,2025-02,2707.0,2864.0,2864.0,5.8,2593.96,2590.64,2549.68,True,True,True,True,True,True,False,144867.0,2822.0,-4.08,False,1.51,2.71,0.76,True,1,True,5.67,4.12,False,False,,tv_wilder_rsi14_sma5_v1,57.35,53.23,True,True,4.13
3480,3480.T,ジェイ・エス・ビー,2025-05,CONTINUE,5,67.13,71.25,True,True,4.11,2025-01,3195.0,3655.0,3655.0,14.4,2802.96,2736.37,2808.06,True,True,True,False,True,True,True,42990.0,3260.0,-1.99,False,1.27,2.86,1.09,False,2,True,18.99,10.16,False,False,,tv_wilder_rsi14_sma5_v1,71.25,67.13,True,True,4.11
4118,4118.T,カネカ,2025-05,NEW,1,48.79,52.91,True,True,4.11,2025-05,3926.0,3926.0,3926.0,0.0,3654.64,3678.69,3692.09,True,True,True,False,True,True,False,174173.0,4449.0,-11.76,False,1.33,2.02,0.9,True,3,True,5.53,5.55,False,False,,tv_wilder_rsi14_sma5_v1,52.91,48.79,True,True,4.11
5202,5202.T,日本板硝子,2025-05,CONTINUE,6,42.0,46.11,True,True,4.11,2024-12,357.0,436.0,436.0,22.13,343.6,354.28,411.2,True,True,False,False,False,False,False,1034367.0,627.0,-43.06,False,0.97,2.52,0.89,True,4,True,-18.32,1.22,False,False,,tv_wilder_rsi14_sma5_v1,46.11,42.0,True,True,4.11
7613,7613.T,シークス,2025-05,NEW,1,40.94,45.06,True,True,4.11,2025-05,1160.0,1160.0,1160.0,0.0,1093.6,1070.88,1105.27,True,True,True,False,True,False,False,127283.0,1379.0,-15.88,False,0.68,2.08,0.8,True,3,True,1.73,6.23,False,False,,tv_wilder_rsi14_sma5_v1,45.06,40.94,True,True,4.11
4819,4819.T,デジタルガレージ,2025-05,CONTINUE,11,62.19,66.28,True,True,4.09,2024-07,2804.0,4935.0,4935.0,76.0,2613.16,2566.59,3052.26,True,True,False,False,True,False,False,243817.0,4200.0,-33.24,False,1.25,3.02,1.07,False,4,True,-10.92,6.51,False,False,,tv_wilder_rsi14_sma5_v1,66.28,62.19,True,True,4.09
4725,4725.T,ＣＡＣＨｏｌｄｉｎｇｓ,2025-05,CONTINUE,5,63.22,67.3,True,True,4.08,2025-01,1762.0,2068.0,2068.0,17.37,1702.48,1722.92,1811.7,True,True,False,False,False,False,False,48133.0,2038.0,-13.54,False,1.23,1.33,1.13,False,4,True,-2.36,3.01,False,False,,tv_wilder_rsi14_sma5_v1,67.3,63.22,True,True,4.08
8360,8360.T,山梨中央銀行,2025-05,NEW,1,63.52,67.6,True,True,4.08,2025-05,2521.0,2521.0,2521.0,0.0,2246.88,2104.31,1914.47,True,True,True,True,True,True,True,168903.0,2573.0,-2.02,False,0.72,3.35,0.73,True,2,True,31.47,8.21,False,False,,tv_wilder_rsi14_sma5_v1,67.6,63.52,True,True,4.08
8020,8020.T,兼松,2025-05,NEW,1,63.83,67.9,False,True,4.07,2025-05,1368.25,1368.25,1368.25,0.0,1295.69,1254.29,1246.4,True,True,True,True,True,True,True,680653.0,1400.0,-2.27,False,0.9,1.45,0.73,True,2,True,7.19,2.15,False,False,,tv_wilder_rsi14_sma5_v1,67.9,63.83,True,False,4.07
4553,4553.T,東和薬品,2025-05,NEW,1,52.0,56.06,False,True,4.06,2025-05,3055.0,3055.0,3055.0,0.0,2773.6,2747.36,2887.93,True,True,True,False,True,False,False,133803.0,3395.0,-10.01,False,0.86,3.68,0.87,True,1,True,8.88,9.59,False,False,,tv_wilder_rsi14_sma5_v1,56.06,52.0,True,False,4.06
6701,6701.T,日本電気,2025-05,CONTINUE,3,77.47,81.53,True,True,4.06,2025-03,3145.0,3785.0,3785.0,20.35,3058.0,2859.88,2697.93,True,True,True,True,True,True,True,5135893.0,3240.0,-2.93,False,1.01,2.63,0.69,True,2,True,23.56,-0.23,False,False,,tv_wilder_rsi14_sma5_v1,81.53,77.47,True,True,4.06
9024,9024.T,西武ホールディングス,2025-05,CONTINUE,2,72.21,76.26,True,True,4.05,2025-04,3451.0,3815.0,3815.0,10.55,3345.8,3316.01,3170.05,True,True,True,True,False,True,True,1005520.0,3855.0,-10.48,False,0.69,3.41,0.84,True,2,True,19.45,2.65,False,False,,tv_wilder_rsi14_sma5_v1,76.26,72.21,True,True,4.05
1968,1968.T,太平電業,2025-05,CONTINUE,2,57.92,61.95,False,True,4.04,2025-04,1630.0,1696.67,1696.67,4.09,1556.0,1592.91,1668.37,True,True,False,False,False,False,False,106560.0,1926.67,-15.4,False,0.85,2.23,0.65,True,4,True,0.55,4.87,False,False,,tv_wilder_rsi14_sma5_v1,61.95,57.92,True,False,4.04
8386,8386.T,百十四銀行,2025-05,NEW,1,62.91,66.96,True,True,4.04,2025-05,1007.5,1007.5,1007.5,0.0,898.3,852.01,773.55,True,True,True,True,True,True,True,377067.0,996.25,1.13,True,0.95,2.45,0.75,True,2,True,28.32,6.34,False,True,BREAKOUT,tv_wilder_rsi14_sma5_v1,66.96,62.91,True,True,4.04
3475,3475.T,グッドコムアセット,2025-05,CONTINUE,2,56.29,60.32,True,False,4.03,2025-04,1218.0,1117.0,1117.0,-8.29,1070.04,925.85,872.71,True,True,True,True,True,True,True,549943.0,1292.0,-5.73,False,0.69,3.98,0.64,True,2,True,40.11,8.22,False,False,,tv_wilder_rsi14_sma5_v1,60.32,56.29,False,True,4.03
5802,5802.T,住友電気工業,2025-05,NEW,1,61.71,65.74,False,True,4.03,2025-05,759.0,759.0,759.0,0.0,640.55,632.51,640.21,True,True,True,False,True,False,True,15720453.0,786.25,-3.47,False,1.06,3.55,1.05,False,2,True,18.24,8.58,False,False,,tv_wilder_rsi14_sma5_v1,65.74,61.71,True,False,4.03
6817,6817.T,スミダコーポレーション,2025-05,CONTINUE,5,41.74,45.77,True,True,4.03,2025-01,914.0,1012.0,1012.0,10.72,899.68,930.01,1014.16,True,False,False,False,False,False,False,374913.0,1264.0,-27.69,False,0.44,1.41,0.97,True,4,True,-13.27,2.01,False,False,,tv_wilder_rsi14_sma5_v1,45.77,41.74,True,True,4.03
8584,8584.T,ジャックス,2025-05,NEW,1,42.78,46.81,True,True,4.03,2025-05,4055.0,4055.0,4055.0,0.0,3830.4,3827.27,3839.32,True,True,True,False,True,True,False,75440.0,5110.0,-20.65,False,0.99,1.94,0.91,True,3,True,0.22,4.8,False,False,,tv_wilder_rsi14_sma5_v1,46.81,42.78,True,True,4.03
5821,5821.T,平河ヒューテック,2025-05,NEW,1,49.93,53.94,False,True,4.01,2025-05,1499.0,1499.0,1499.0,0.0,1346.32,1359.12,1442.77,True,True,True,False,True,False,False,37327.0,1679.0,-10.72,False,0.63,2.68,0.67,True,1,True,4.64,6.98,False,False,,tv_wilder_rsi14_sma5_v1,53.94,49.93,True,False,4.01
6727,6727.T,ワコム,2025-05,NEW,1,44.44,48.45,False,True,4.01,2025-05,645.0,645.0,645.0,0.0,588.92,587.95,649.49,True,True,False,False,True,False,False,621747.0,848.0,-23.94,False,0.96,2.8,0.9,True,4,True,-3.21,2.55,True,False,,tv_wilder_rsi14_sma5_v1,48.45,44.44,True,False,4.01
4208,4208.T,ＵＢＥ,2025-05,NEW,1,41.37,45.37,False,True,4.0,2025-05,2263.0,2263.0,2263.0,0.0,2172.74,2180.24,2363.77,True,True,False,False,True,False,False,588597.0,2989.5,-24.3,False,0.71,1.99,0.8,True,4,True,-7.56,2.7,False,False,,tv_wilder_rsi14_sma5_v1,45.37,41.37,True,False,4.0
7011,7011.T,三菱重工業,2025-05,NEW,1,82.95,86.94,False,True,3.99,2025-05,3352.0,3352.0,3352.0,0.0,2917.8,2579.63,2284.3,True,True,True,True,True,True,True,69356757.0,3365.0,-0.39,False,0.85,3.52,1.07,False,2,True,79.33,12.94,False,False,,tv_wilder_rsi14_sma5_v1,86.94,82.95,True,False,3.99
8544,8544.T,京葉銀行,2025-05,NEW,1,63.45,67.44,True,True,3.99,2025-05,964.0,964.0,964.0,0.0,868.72,838.88,789.01,True,True,True,True,True,True,True,355890.0,969.0,-0.52,False,1.12,3.17,0.97,True,2,True,19.68,4.57,False,False,,tv_wilder_rsi14_sma5_v1,67.44,63.45,True,True,3.99
5715,5715.T,古河機械金属,2025-05,CONTINUE,5,63.98,67.93,True,True,3.95,2025-01,1979.0,2253.0,2253.0,13.85,1675.92,1638.47,1730.17,True,True,True,False,True,True,False,173290.0,2100.0,-5.76,False,1.49,3.24,1.36,False,1,True,12.04,8.42,True,False,,tv_wilder_rsi14_sma5_v1,67.93,63.98,True,True,3.95
6273,6273.T,ＳＭＣ,2025-05,NEW,1,35.84,39.77,False,True,3.93,2025-05,54150.0,54150.0,54150.0,0.0,50406.4,52117.07,59153.15,True,True,False,False,True,False,False,333347.0,84550.0,-35.96,False,0.75,4.04,0.83,True,4,True,-15.25,4.98,False,False,,tv_wilder_rsi14_sma5_v1,39.77,35.84,True,False,3.93
6702,6702.T,富士通,2025-05,CONTINUE,2,69.07,72.99,True,True,3.92,2025-04,3151.0,3318.0,3318.0,5.3,2906.38,2933.99,2835.54,True,True,True,False,False,True,True,5159093.0,3260.0,-3.34,False,1.28,3.44,0.7,True,2,True,14.86,4.32,False,False,,tv_wilder_rsi14_sma5_v1,72.99,69.07,True,True,3.92
8133,8133.T,伊藤忠エネクス,2025-05,NEW,1,60.2,64.12,False,True,3.92,2025-05,1687.0,1687.0,1687.0,0.0,1619.16,1593.47,1590.5,True,True,True,True,True,True,True,126180.0,1887.0,-10.6,False,1.02,1.66,0.92,True,2,True,8.76,3.25,True,False,,tv_wilder_rsi14_sma5_v1,64.12,60.2,True,False,3.92
9142,9142.T,九州旅客鉄道,2025-05,NEW,1,57.96,61.88,False,True,3.92,2025-05,3871.0,3871.0,3871.0,0.0,3816.08,3721.53,3841.34,True,True,True,False,True,True,True,499160.0,4253.0,-8.98,False,0.8,1.29,0.8,True,3,True,6.4,2.47,False,False,,tv_wilder_rsi14_sma5_v1,61.88,57.96,True,False,3.92
256A,256A.T,飛島ホールディングス,2025-05,CONTINUE,2,68.34,72.25,True,True,3.91,2025-04,1794.0,1877.0,1877.0,4.63,1676.0,1680.68,1566.73,True,True,True,False,False,True,True,193713.0,1826.0,-1.75,False,0.84,2.47,0.72,True,2,True,17.69,6.1,False,False,,tv_wilder_rsi14_sma5_v1,72.25,68.34,True,True,3.91
3289,3289.T,東急不動産ホールディングス,2025-05,CONTINUE,3,56.33,60.24,True,True,3.91,2025-03,998.3,1056.0,1056.0,5.78,1001.0,977.83,1003.1,False,True,False,False,True,True,False,2370523.0,1266.5,-21.18,False,1.31,2.53,1.17,False,4,True,-0.29,3.49,False,False,,tv_wilder_rsi14_sma5_v1,60.24,56.33,True,True,3.91
3923,3923.T,ラクス,2025-05,CONTINUE,3,49.67,53.58,True,True,3.91,2025-03,1000.0,1116.0,1116.0,11.6,987.64,966.36,1016.52,True,True,False,False,False,False,True,1871853.0,1228.5,-18.6,False,0.51,3.08,0.9,True,1,True,-1.06,4.35,False,False,,tv_wilder_rsi14_sma5_v1,53.58,49.67,True,True,3.91
3302,3302.T,帝国繊維,2025-05,CONTINUE,3,56.25,60.14,True,True,3.89,2025-03,2568.0,2694.0,2694.0,4.91,2530.8,2424.35,2515.51,True,True,True,False,True,False,True,35327.0,3130.0,-17.96,False,1.25,1.49,0.86,True,2,True,5.09,0.71,False,False,,tv_wilder_rsi14_sma5_v1,60.14,56.25,True,True,3.89
3741,3741.T,セック,2025-05,NEW,1,59.88,63.78,True,True,3.89,2025-05,2595.0,2595.0,2595.0,0.0,2339.5,2351.6,2214.3,True,True,True,False,True,True,True,57500.0,2810.0,-7.65,False,1.04,3.1,1.07,False,2,True,15.05,5.39,False,False,,tv_wilder_rsi14_sma5_v1,63.78,59.88,True,True,3.89
7012,7012.T,川崎重工業,2025-05,NEW,1,74.97,78.85,True,True,3.89,2025-05,2031.0,2031.0,2031.0,0.0,1774.65,1686.55,1380.2,True,True,True,True,True,True,True,106106067.0,2016.0,0.74,True,0.97,3.27,0.91,True,2,True,60.8,6.6,False,True,BREAKOUT,tv_wilder_rsi14_sma5_v1,78.85,74.97,True,True,3.89
3415,3415.T,ＴＯＫＹＯＢＡＳＥ,2025-05,NEW,1,46.13,50.01,True,True,3.88,2025-05,323.0,323.0,323.0,0.0,284.44,290.67,282.33,True,True,True,False,True,False,True,415550.0,361.0,-10.53,False,1.22,2.32,1.06,False,2,True,8.4,4.81,False,False,,tv_wilder_rsi14_sma5_v1,50.01,46.13,True,True,3.88
7034,7034.T,プロレド・パートナーズ,2025-05,NEW,1,39.25,43.12,True,True,3.87,2025-05,471.0,471.0,471.0,0.0,413.68,410.59,456.9,True,True,True,False,True,True,False,20970.0,760.0,-38.03,False,1.48,3.5,0.99,True,3,True,-0.74,2.56,False,False,,tv_wilder_rsi14_sma5_v1,43.12,39.25,True,True,3.87
9622,9622.T,スペース,2025-05,NEW,1,56.2,60.08,True,True,3.87,2025-05,1158.0,1158.0,1158.0,0.0,1126.28,1101.37,1119.67,True,True,True,False,True,True,False,32120.0,1266.0,-8.53,False,0.56,1.76,0.76,True,1,True,7.31,2.06,False,False,,tv_wilder_rsi14_sma5_v1,60.08,56.2,True,True,3.87
8137,8137.T,サンワ   テクノス,2025-05,NEW,1,55.3,59.16,True,True,3.86,2025-05,2309.0,2309.0,2309.0,0.0,2215.44,2152.44,2118.09,True,True,True,True,True,False,True,34123.0,2342.0,-1.41,False,0.66,1.35,0.83,True,2,True,7.8,3.17,False,False,,tv_wilder_rsi14_sma5_v1,59.16,55.3,True,True,3.86
5011,5011.T,ニチレキグループ,2025-05,CONTINUE,2,55.88,59.74,False,True,3.85,2025-04,2469.0,2515.0,2515.0,1.86,2302.92,2311.33,2390.6,True,True,True,False,True,False,False,35367.0,2700.0,-8.56,False,1.58,2.78,0.68,True,1,True,3.6,8.53,False,False,,tv_wilder_rsi14_sma5_v1,59.74,55.88,True,False,3.85
6750,6750.T,エレコム,2025-05,CONTINUE,6,53.89,57.74,True,True,3.85,2024-12,1490.0,1715.0,1715.0,15.1,1456.28,1452.39,1511.03,True,True,False,False,True,True,False,115643.0,1771.0,-15.87,False,0.63,1.62,1.03,False,4,True,-5.08,-0.39,False,False,,tv_wilder_rsi14_sma5_v1,57.74,53.89,True,True,3.85
4901,4901.T,富士フイルムホールディングス,2025-05,NEW,1,49.88,53.71,False,True,3.84,2025-05,3284.0,3284.0,3284.0,0.0,3158.32,3016.4,3331.05,True,True,False,False,True,False,False,4108023.0,3999.0,-17.88,False,0.77,1.93,0.74,True,4,True,0.4,3.68,False,False,,tv_wilder_rsi14_sma5_v1,53.71,49.88,True,False,3.84
2168,2168.T,パソナグループ,2025-05,CONTINUE,4,50.15,53.98,True,True,3.83,2025-02,2021.0,2282.0,2282.0,12.91,2005.44,1991.49,2108.16,True,True,False,False,True,False,False,132387.0,2962.0,-31.77,False,0.87,1.72,1.05,False,4,True,-8.08,0.29,False,False,,tv_wilder_rsi14_sma5_v1,53.98,50.15,True,True,3.83
6674,6674.T,ジーエス・ユアサコーポレーション,2025-05,CONTINUE,2,47.22,51.04,True,True,3.83,2025-04,2506.5,2641.0,2641.0,5.37,2335.48,2429.38,2610.97,True,True,False,False,False,False,False,445567.0,3407.0,-26.43,False,0.9,2.94,0.51,True,4,True,-6.88,6.89,False,False,,tv_wilder_rsi14_sma5_v1,51.04,47.22,True,True,3.83
6103,6103.T,オークマ,2025-05,NEW,1,54.13,57.94,True,True,3.81,2025-05,3665.0,3665.0,3665.0,0.0,3425.2,3357.59,3234.45,True,True,True,True,True,True,False,265220.0,4100.0,-10.61,False,0.8,2.99,0.79,True,3,True,11.97,5.76,False,False,,tv_wilder_rsi14_sma5_v1,57.94,54.13,True,True,3.81
7683,7683.T,ダブルエー,2025-05,CONTINUE,2,55.53,59.34,False,True,3.81,2025-04,1320.0,1377.0,1377.0,4.32,1239.72,1248.88,1297.97,True,True,True,False,True,False,True,43747.0,1583.0,-16.61,False,1.48,2.36,0.66,True,2,True,4.99,5.42,False,False,,tv_wilder_rsi14_sma5_v1,59.34,55.53,True,False,3.81
6055,6055.T,ジャパンマテリアル,2025-05,NEW,1,38.3,42.07,False,True,3.77,2025-05,1485.0,1485.0,1485.0,0.0,1345.4,1318.19,1585.84,True,True,False,False,True,False,False,554250.0,2277.0,-34.78,False,0.81,3.49,0.74,True,4,True,-9.5,8.93,False,False,,tv_wilder_rsi14_sma5_v1,42.07,38.3,True,False,3.77
5947,5947.T,リンナイ,2025-05,NEW,1,51.88,55.63,True,True,3.75,2025-05,3605.0,3605.0,3605.0,0.0,3452.92,3401.07,3348.42,True,True,True,True,True,True,False,364117.0,3906.0,-7.71,False,0.85,1.55,0.73,True,3,True,5.88,3.03,False,False,,tv_wilder_rsi14_sma5_v1,55.63,51.88,True,True,3.75
9601,9601.T,松竹,2025-05,CONTINUE,11,62.31,66.05,True,False,3.75,2024-07,9640.0,13360.0,13360.0,38.59,9304.32,9380.03,9593.81,True,True,True,False,False,False,False,47173.0,11280.0,-14.54,False,0.83,2.42,1.02,False,3,True,-1.13,2.93,False,False,,tv_wilder_rsi14_sma5_v1,66.05,62.31,False,True,3.75
1934,1934.T,ユアテック,2025-05,CONTINUE,2,69.82,73.57,True,True,3.74,2025-04,1834.0,1963.0,1963.0,7.03,1679.92,1647.56,1533.94,True,True,True,True,False,True,True,128893.0,1880.0,-2.45,False,1.29,3.08,0.77,True,2,True,26.38,7.34,False,False,,tv_wilder_rsi14_sma5_v1,73.57,69.82,True,True,3.74
1721,1721.T,コムシスホールディングス,2025-05,NEW,1,54.29,58.02,True,True,3.73,2025-05,3320.0,3320.0,3320.0,0.0,3259.72,3213.37,3189.64,True,True,True,True,True,True,True,410597.0,3395.0,-2.21,False,1.09,1.28,0.81,True,2,True,4.72,2.46,False,False,,tv_wilder_rsi14_sma5_v1,58.02,54.29,True,True,3.73
1976,1976.T,明星工業,2025-05,NEW,1,60.84,64.56,False,True,3.73,2025-05,1473.0,1473.0,1473.0,0.0,1421.52,1321.64,1304.17,True,True,True,True,True,True,True,89127.0,1530.0,-3.73,False,0.83,2.0,0.73,True,2,True,16.86,3.98,False,False,,tv_wilder_rsi14_sma5_v1,64.56,60.84,True,False,3.73
4028,4028.T,石原産業,2025-05,CONTINUE,6,64.17,67.88,True,True,3.7,2024-12,1540.0,1860.0,1860.0,20.78,1483.6,1475.64,1563.99,True,True,False,False,True,True,False,106943.0,1870.0,-17.65,False,0.91,1.54,0.93,True,4,True,0.48,0.1,False,False,,tv_wilder_rsi14_sma5_v1,67.88,64.17,True,True,3.7
7419,7419.T,ノジマ,2025-05,CONTINUE,9,75.23,78.93,True,True,3.7,2024-09,675.33,917.67,917.67,35.88,612.31,558.86,570.45,True,True,True,False,True,True,True,942100.0,696.67,-3.06,False,2.21,2.68,1.17,False,1,True,29.16,6.74,False,False,,tv_wilder_rsi14_sma5_v1,78.93,75.23,True,True,3.7
3040,3040.T,ソリトンシステムズ,2025-05,CONTINUE,3,49.59,53.28,True,True,3.69,2025-03,1249.0,1287.0,1287.0,3.04,1199.2,1168.57,1175.88,True,True,True,False,True,True,True,38733.0,1368.0,-8.7,False,0.84,2.91,1.06,False,1,True,6.8,4.21,False,False,,tv_wilder_rsi14_sma5_v1,53.28,49.59,True,True,3.69
3903,3903.T,ｇｕｍｉ,2025-05,CONTINUE,7,49.93,53.6,True,True,3.67,2024-11,360.0,533.0,533.0,48.06,332.36,322.79,352.04,True,True,True,False,True,True,False,599817.0,510.0,-29.41,False,2.23,4.64,1.37,False,3,True,0.2,5.68,False,False,,tv_wilder_rsi14_sma5_v1,53.6,49.93,True,True,3.67
6200,6200.T,インソース,2025-05,NEW,1,46.57,50.24,False,True,3.67,2025-05,1010.0,1010.0,1010.0,0.0,947.44,890.2,983.8,True,True,True,False,True,False,True,404813.0,1212.0,-16.67,False,0.69,2.82,0.93,True,1,True,6.42,1.63,False,False,,tv_wilder_rsi14_sma5_v1,50.24,46.57,True,False,3.67
2264,2264.T,森永乳業,2025-05,CONTINUE,3,53.61,57.24,True,False,3.63,2025-03,778.75,828.25,828.25,6.36,769.75,736.17,798.74,True,True,False,False,True,True,False,1711867.0,908.5,-14.28,False,0.73,2.16,0.86,True,4,True,-0.18,1.81,False,False,,tv_wilder_rsi14_sma5_v1,57.24,53.61,False,True,3.63
3180,3180.T,ビューティガレージ,2025-05,CONTINUE,4,43.87,47.49,True,True,3.62,2025-02,1390.0,1600.0,1600.0,15.11,1392.12,1383.24,1535.83,False,True,False,False,True,False,False,35703.0,2479.0,-43.93,False,0.59,1.9,1.01,False,4,True,-15.99,-0.24,False,False,,tv_wilder_rsi14_sma5_v1,47.49,43.87,True,True,3.62
4826,4826.T,ＣＩＪ,2025-05,NEW,1,57.54,61.16,True,True,3.62,2025-05,497.0,497.0,497.0,0.0,476.16,459.64,444.22,True,True,True,True,True,True,True,70540.0,508.0,-2.17,False,0.92,1.77,0.82,True,2,True,14.04,3.52,False,False,,tv_wilder_rsi14_sma5_v1,61.16,57.54,True,True,3.62
8919,8919.T,カチタス,2025-05,NEW,1,46.28,49.9,False,True,3.62,2025-05,2207.0,2207.0,2207.0,0.0,2129.04,2070.73,2033.99,True,True,True,True,True,False,True,223857.0,2380.0,-7.27,False,0.9,3.16,0.85,True,2,True,14.78,3.37,False,False,,tv_wilder_rsi14_sma5_v1,49.9,46.28,True,False,3.62
9759,9759.T,ＮＳＤ,2025-05,NEW,1,65.96,69.58,True,True,3.62,2025-05,3562.0,3562.0,3562.0,0.0,3463.04,3419.99,3319.37,True,True,True,True,True,True,True,142433.0,3606.0,-1.22,False,0.91,1.93,0.9,True,2,True,11.61,2.14,False,False,,tv_wilder_rsi14_sma5_v1,69.58,65.96,True,True,3.62
9305,9305.T,ヤマタネ,2025-05,CONTINUE,2,77.53,81.14,True,True,3.61,2025-04,2250.0,2275.0,2275.0,1.11,2052.1,1932.93,1753.76,True,True,True,True,True,True,True,69847.0,2297.5,-2.07,False,0.89,3.43,0.8,True,2,True,39.89,7.26,False,False,,tv_wilder_rsi14_sma5_v1,81.14,77.53,True,True,3.61
9974,9974.T,ベルク,2025-05,CONTINUE,4,54.0,57.61,True,False,3.61,2025-02,6610.0,7070.0,7070.0,6.96,6423.2,6540.8,6628.2,True,True,False,False,False,False,False,43210.0,8010.0,-17.48,False,3.43,1.63,1.06,False,4,True,-0.77,0.4,False,False,,tv_wilder_rsi14_sma5_v1,57.61,54.0,False,True,3.61
3486,3486.T,グローバル・リンク・マネジメント,2025-05,CONTINUE,9,72.46,76.06,True,True,3.6,2024-09,1159.5,2054.0,2054.0,77.15,1128.12,1069.49,1200.46,True,True,False,False,True,True,False,82587.0,1605.0,-27.76,False,1.36,3.93,0.94,True,4,True,0.83,3.83,False,False,,tv_wilder_rsi14_sma5_v1,76.06,72.46,True,True,3.6
3154,3154.T,メディアスホールディングス,2025-05,CONTINUE,6,58.21,61.79,True,True,3.58,2024-12,882.0,989.0,989.0,12.13,823.64,825.23,828.03,True,True,True,False,True,True,True,13657.0,1025.0,-13.95,False,1.42,1.55,0.66,True,2,True,7.41,1.17,False,False,,tv_wilder_rsi14_sma5_v1,61.79,58.21,True,True,3.58
5707,5707.T,東邦亜鉛,2025-05,CONTINUE,4,31.64,35.22,True,True,3.58,2025-02,613.0,647.0,647.0,5.55,567.88,666.76,812.11,True,False,False,False,True,False,False,207197.0,1183.0,-48.18,False,1.15,4.43,1.26,False,4,True,-30.81,6.86,False,False,,tv_wilder_rsi14_sma5_v1,35.22,31.64,True,True,3.58
5831,5831.T,しずおかフィナンシャルグループ,2025-05,CONTINUE,5,64.79,68.34,True,True,3.56,2025-01,1389.5,1690.5,1690.5,21.66,1327.84,1313.14,1378.01,True,True,True,False,True,True,False,2512060.0,1659.5,-16.27,False,0.85,1.97,0.92,True,3,True,5.0,1.84,False,False,,tv_wilder_rsi14_sma5_v1,68.34,64.79,True,True,3.56
4151,4151.T,協和キリン,2025-05,CONTINUE,2,40.7,44.25,True,True,3.55,2025-04,2225.0,2353.5,2353.5,5.78,2164.86,2187.9,2567.65,True,True,False,False,False,False,False,1161327.0,3350.0,-33.58,False,0.75,2.17,0.65,True,4,False,-13.51,1.36,False,False,,tv_wilder_rsi14_sma5_v1,44.25,40.7,True,True,3.55
1852,1852.T,淺沼組,2025-05,CONTINUE,4,52.54,56.08,True,False,3.54,2025-02,680.0,737.0,737.0,8.38,660.36,649.69,689.83,True,True,False,False,True,False,False,209737.0,886.0,-23.25,False,0.86,1.63,0.9,True,4,True,-4.21,2.04,False,False,,tv_wilder_rsi14_sma5_v1,56.08,52.54,False,True,3.54
5302,5302.T,日本カーボン,2025-05,NEW,1,43.32,46.86,True,True,3.54,2025-05,4345.0,4345.0,4345.0,0.0,4210.0,4141.87,4302.62,True,True,True,False,True,False,False,33983.0,5620.0,-22.69,False,0.99,1.14,1.0,False,3,True,-1.75,3.13,True,False,,tv_wilder_rsi14_sma5_v1,46.86,43.32,True,True,3.54
1969,1969.T,高砂熱学工業,2025-05,CONTINUE,2,64.59,68.13,False,True,3.53,2025-04,3160.0,3325.0,3325.0,5.22,2823.26,2841.99,2784.79,True,True,True,False,True,False,False,643740.0,3370.0,-6.23,False,1.17,2.82,0.97,True,1,True,15.79,6.62,False,False,,tv_wilder_rsi14_sma5_v1,68.13,64.59,True,False,3.53
6814,6814.T,古野電気,2025-05,NEW,1,63.52,67.05,False,True,3.53,2025-05,2900.0,2900.0,2900.0,0.0,2574.88,2461.43,2327.21,True,True,True,True,True,False,True,264580.0,3040.0,-4.61,False,1.32,2.94,1.15,False,2,True,33.84,7.28,False,False,,tv_wilder_rsi14_sma5_v1,67.05,63.52,True,False,3.53
9603,9603.T,エイチ・アイ・エス,2025-05,CONTINUE,2,42.36,45.88,True,False,3.53,2025-04,1692.0,1618.0,1618.0,-4.37,1611.48,1498.81,1622.18,True,True,True,False,True,True,False,880743.0,1930.0,-12.33,False,0.83,3.14,0.74,True,1,True,8.04,4.36,False,False,,tv_wilder_rsi14_sma5_v1,45.88,42.36,False,True,3.53
4337,4337.T,ぴあ,2025-05,NEW,1,40.2,43.72,False,True,3.52,2025-05,2909.0,2909.0,2909.0,0.0,2745.4,2789.45,2951.86,True,True,False,False,True,False,False,41247.0,3275.0,-11.18,False,0.89,3.32,0.73,True,4,True,-2.21,4.23,False,False,,tv_wilder_rsi14_sma5_v1,43.72,40.2,True,False,3.52
8392,8392.T,大分銀行,2025-05,CONTINUE,5,64.27,67.75,True,True,3.48,2025-01,632.0,721.0,721.0,14.08,618.76,625.36,635.2,True,True,False,False,False,False,True,132600.0,723.0,-12.59,False,1.18,1.66,0.91,True,1,False,6.84,2.17,True,False,,tv_wilder_rsi14_sma5_v1,67.75,64.27,True,True,3.48
6237,6237.T,イワキ,2025-05,NEW,1,54.38,57.84,False,True,3.47,2025-05,2566.0,2566.0,2566.0,0.0,2459.44,2320.25,2554.22,True,True,True,False,True,True,False,25320.0,3345.0,-23.29,False,0.84,3.85,0.94,True,3,True,0.66,2.7,False,False,,tv_wilder_rsi14_sma5_v1,57.84,54.38,True,False,3.47
6905,6905.T,コーセル,2025-05,CONTINUE,2,42.48,45.95,True,True,3.47,2025-04,1075.0,1102.0,1102.0,2.51,1037.68,1037.63,1127.34,True,True,False,False,False,False,False,115473.0,1538.0,-30.1,False,0.64,2.17,0.55,True,4,True,-10.22,2.19,False,False,,tv_wilder_rsi14_sma5_v1,45.95,42.48,True,True,3.47
6923,6923.T,スタンレー電気,2025-05,CONTINUE,3,48.78,52.25,True,True,3.47,2025-03,2805.5,2780.0,2780.0,-0.91,2620.48,2592.25,2679.62,True,True,True,False,True,True,False,866477.0,3025.0,-7.26,False,1.11,3.01,1.41,False,1,True,5.61,7.25,False,False,,tv_wilder_rsi14_sma5_v1,52.25,48.78,True,True,3.47
7820,7820.T,ニホンフラッシュ,2025-05,CONTINUE,2,34.29,37.74,True,True,3.45,2025-04,818.0,827.0,827.0,1.1,806.8,806.51,852.34,True,True,False,False,False,False,False,30773.0,942.0,-13.16,False,0.45,2.07,0.63,True,4,True,-5.64,1.75,False,False,,tv_wilder_rsi14_sma5_v1,37.74,34.29,True,True,3.45
9729,9729.T,トーカイ,2025-05,NEW,1,51.02,54.48,False,True,3.45,2025-05,2201.0,2201.0,2201.0,0.0,2149.56,2105.03,2153.0,True,True,True,False,True,True,False,29763.0,2380.0,-7.52,False,1.7,2.73,0.99,True,3,True,5.38,2.28,True,False,,tv_wilder_rsi14_sma5_v1,54.48,51.02,True,False,3.45
3191,3191.T,ジョイフル本田,2025-05,CONTINUE,4,53.5,56.92,True,True,3.43,2025-02,1945.0,2054.0,2054.0,5.6,1902.32,1866.87,2023.29,True,True,False,False,True,False,False,209037.0,2310.0,-15.8,False,1.05,1.14,0.9,True,4,True,-0.84,3.79,False,False,,tv_wilder_rsi14_sma5_v1,56.92,53.5,True,True,3.43
8593,8593.T,三菱ＨＣキャピタル,2025-05,NEW,1,60.49,63.92,True,True,3.43,2025-05,1058.5,1058.5,1058.5,0.0,1019.12,1009.43,1018.63,True,True,True,False,True,True,False,3550317.0,1102.0,-3.95,False,1.04,1.31,1.06,False,3,True,3.21,2.12,True,False,,tv_wilder_rsi14_sma5_v1,63.92,60.49,True,True,3.43
3093,3093.T,トレジャー・ファクトリー,2025-05,CONTINUE,5,60.6,64.01,True,True,3.42,2025-01,1659.0,1950.0,1950.0,17.54,1532.72,1406.24,1627.96,True,True,True,False,True,False,True,262127.0,2169.0,-23.51,False,0.81,4.0,0.86,True,1,True,14.18,10.17,False,False,,tv_wilder_rsi14_sma5_v1,64.01,60.6,True,True,3.42
3110,3110.T,日東紡績,2025-05,NEW,1,48.86,52.27,False,True,3.42,2025-05,1040.0,1040.0,1040.0,0.0,846.52,875.37,1084.64,True,True,False,False,True,False,False,2429433.0,1534.0,-32.2,False,2.05,4.3,1.07,False,4,True,-6.04,7.9,True,False,,tv_wilder_rsi14_sma5_v1,52.27,48.86,True,False,3.42
9880,9880.T,イノテック,2025-05,NEW,1,41.35,44.77,True,True,3.42,2025-05,1365.0,1365.0,1365.0,0.0,1265.64,1298.97,1378.71,True,True,False,False,True,False,False,44567.0,1798.0,-24.08,False,0.9,2.53,0.94,True,4,True,-7.14,4.42,True,False,,tv_wilder_rsi14_sma5_v1,44.77,41.35,True,True,3.42
7438,7438.T,コンドーテック,2025-05,CONTINUE,3,62.45,65.84,True,True,3.4,2025-03,1424.0,1454.0,1454.0,2.11,1378.0,1351.21,1324.89,True,True,True,True,True,True,True,76327.0,1462.0,-2.6,False,2.35,1.86,1.15,False,1,True,8.02,2.67,False,False,,tv_wilder_rsi14_sma5_v1,65.84,62.45,True,True,3.4
8367,8367.T,南都銀行,2025-05,CONTINUE,6,69.42,72.81,True,True,3.39,2024-12,645.0,818.0,818.0,26.82,638.84,620.81,640.6,True,True,True,False,True,False,True,316783.0,745.0,-13.42,False,0.82,1.99,1.01,False,2,True,8.22,-0.07,False,False,,tv_wilder_rsi14_sma5_v1,72.81,69.42,True,True,3.39
9336,9336.T,大栄環境,2025-05,CONTINUE,2,59.53,62.92,True,True,3.39,2025-04,2919.0,3035.0,3035.0,3.97,2894.12,2845.89,2919.61,True,True,False,False,True,False,True,112703.0,3270.0,-10.73,False,0.89,2.2,0.63,True,1,True,4.57,2.88,False,False,,tv_wilder_rsi14_sma5_v1,62.92,59.53,True,True,3.39
9502,9502.T,中部電力,2025-05,CONTINUE,3,49.18,52.56,True,False,3.39,2025-03,1623.0,1768.0,1768.0,8.93,1648.38,1611.37,1714.85,False,True,False,False,True,True,False,2603593.0,2218.5,-26.84,False,0.97,2.16,1.01,False,4,False,-5.2,2.19,False,False,,tv_wilder_rsi14_sma5_v1,52.56,49.18,False,True,3.39
3193,3193.T,エターナルホスピタリティグループ,2025-05,CONTINUE,2,45.54,48.92,True,True,3.38,2025-04,2824.0,2958.0,2958.0,4.75,2703.6,2676.85,3169.86,True,True,False,False,True,False,False,96553.0,4295.0,-34.25,False,1.03,2.61,0.73,True,4,True,-15.85,4.62,False,False,,tv_wilder_rsi14_sma5_v1,48.92,45.54,True,True,3.38
9706,9706.T,日本空港ビルデング,2025-05,NEW,1,33.76,37.14,False,True,3.38,2025-05,4474.0,4474.0,4474.0,0.0,4342.72,4299.91,4810.62,True,True,False,False,True,False,False,373017.0,5740.0,-22.06,False,0.63,2.38,0.87,True,4,True,-9.56,4.03,False,False,,tv_wilder_rsi14_sma5_v1,37.14,33.76,True,False,3.38
6986,6986.T,双葉電子工業,2025-05,CONTINUE,6,46.3,49.65,True,True,3.36,2024-12,508.0,548.0,548.0,7.87,485.08,494.77,522.17,True,True,False,False,True,False,False,94183.0,667.0,-23.84,False,0.99,2.14,0.92,True,1,True,-3.86,1.5,False,False,,tv_wilder_rsi14_sma5_v1,49.65,46.3,True,True,3.36
1803,1803.T,清水建設,2025-05,CONTINUE,2,74.18,77.52,True,True,3.35,2025-04,1525.5,1588.5,1588.5,4.13,1368.6,1359.11,1156.95,True,True,True,True,False,True,True,2174763.0,1537.0,-0.75,False,1.39,3.05,0.83,True,2,True,45.24,8.76,False,False,,tv_wilder_rsi14_sma5_v1,77.52,74.18,True,True,3.35
2120,2120.T,ＬＩＦＵＬＬ,2025-05,NEW,1,43.9,47.23,False,True,3.34,2025-05,180.0,180.0,180.0,0.0,157.92,157.75,162.25,True,True,True,False,True,False,True,1037923.0,210.0,-14.29,False,1.34,4.05,1.05,False,1,True,12.51,9.76,False,False,,tv_wilder_rsi14_sma5_v1,47.23,43.9,True,False,3.34
3863,3863.T,日本製紙,2025-05,CONTINUE,5,47.38,50.69,True,False,3.31,2025-01,887.0,1068.0,1068.0,20.41,874.8,876.13,939.67,True,True,False,False,True,False,False,609940.0,1430.0,-37.97,False,0.61,1.44,0.95,True,4,True,-12.16,2.68,False,False,,tv_wilder_rsi14_sma5_v1,50.69,47.38,False,True,3.31
6407,6407.T,ＣＫＤ,2025-05,NEW,1,43.8,47.1,False,True,3.3,2025-05,2324.0,2324.0,2324.0,0.0,2182.32,2154.03,2473.74,True,True,False,False,True,False,False,341537.0,3500.0,-33.6,False,1.07,2.86,1.04,False,4,True,-11.51,3.47,False,False,,tv_wilder_rsi14_sma5_v1,47.1,43.8,True,False,3.3
7466,7466.T,ＳＰＫ,2025-05,NEW,1,57.51,60.81,True,True,3.3,2025-05,1095.0,1095.0,1095.0,0.0,1065.92,1050.19,1037.36,True,True,True,True,True,True,False,18767.0,1206.5,-9.24,False,0.84,2.05,1.02,False,3,True,5.13,2.37,False,False,,tv_wilder_rsi14_sma5_v1,60.81,57.51,True,True,3.3
6532,6532.T,ベイカレント,2025-05,CONTINUE,13,66.76,70.05,True,False,3.29,2024-05,3204.0,7683.0,7683.0,139.79,3348.12,3192.37,4006.9,False,True,False,False,True,False,False,1399920.0,5939.0,-46.05,False,0.71,3.4,0.9,True,4,False,-23.18,-3.71,False,False,,tv_wilder_rsi14_sma5_v1,70.05,66.76,False,True,3.29
4507,4507.T,塩野義製薬,2025-05,CONTINUE,6,53.07,56.35,True,True,3.28,2024-12,2219.0,2408.0,2408.0,8.52,2176.9,2134.12,2233.26,True,True,False,False,True,False,False,2006803.0,2712.33,-18.19,False,0.73,1.4,0.91,True,4,True,0.62,2.17,False,False,,tv_wilder_rsi14_sma5_v1,56.35,53.07,True,True,3.28
2292,2292.T,Ｓ   Ｆｏｏｄｓ,2025-05,CONTINUE,3,40.04,43.32,True,False,3.27,2025-03,2488.0,2614.0,2614.0,5.06,2484.72,2543.16,2692.82,True,False,False,False,True,False,False,144820.0,3455.0,-27.99,False,0.41,1.79,0.97,True,4,True,-13.13,0.41,False,False,,tv_wilder_rsi14_sma5_v1,43.32,40.04,False,True,3.27
4658,4658.T,日本空調サービス,2025-05,NEW,1,60.76,64.03,False,True,3.27,2025-05,1101.0,1101.0,1101.0,0.0,1044.6,1009.79,1021.58,True,True,True,False,True,True,True,44813.0,1145.0,-3.84,False,0.74,1.95,0.69,True,1,True,12.22,3.51,False,False,,tv_wilder_rsi14_sma5_v1,64.03,60.76,True,False,3.27
4661,4661.T,オリエンタルランド,2025-05,NEW,1,32.93,36.2,True,True,3.27,2025-05,3213.0,3213.0,3213.0,0.0,3194.48,3129.87,3451.18,True,True,False,False,True,False,False,5251827.0,4737.0,-32.17,False,0.8,2.62,0.95,True,4,True,-10.3,2.31,True,False,,tv_wilder_rsi14_sma5_v1,36.2,32.93,True,True,3.27
3994,3994.T,マネーフォワード,2025-05,CONTINUE,2,44.36,47.6,False,True,3.25,2025-04,4269.0,4589.0,4589.0,7.5,3977.8,4207.19,4804.2,True,True,False,False,False,False,False,766680.0,6410.0,-33.4,False,0.85,5.89,0.95,True,4,True,-9.48,8.44,False,False,,tv_wilder_rsi14_sma5_v1,47.6,44.36,True,False,3.25
4362,4362.T,日本精化,2025-05,NEW,1,43.42,46.66,False,True,3.24,2025-05,2241.0,2241.0,2241.0,0.0,2172.8,2123.37,2256.03,True,True,False,False,True,False,False,63457.0,3065.0,-26.88,False,1.51,2.12,0.8,True,4,True,-3.68,0.6,False,False,,tv_wilder_rsi14_sma5_v1,46.66,43.42,True,False,3.24
9692,9692.T,シーイーシー,2025-05,CONTINUE,3,58.14,61.38,True,True,3.24,2025-03,2322.0,2307.0,2307.0,-0.65,2069.68,1970.21,1945.64,True,True,True,True,True,True,True,95867.0,2436.0,-4.68,False,1.26,3.93,1.11,False,1,True,24.9,10.71,False,False,,tv_wilder_rsi14_sma5_v1,61.38,58.14,True,True,3.24
1888,1888.T,若築建設,2025-05,CONTINUE,3,63.11,66.34,True,True,3.23,2025-03,3795.0,4015.0,4015.0,5.8,3754.0,3699.13,3549.4,True,True,True,True,True,True,True,9427.0,4055.0,-6.41,False,1.35,2.94,1.06,False,2,True,6.32,0.95,False,False,,tv_wilder_rsi14_sma5_v1,66.34,63.11,True,True,3.23
6099,6099.T,エラン,2025-05,NEW,1,42.55,45.78,True,True,3.23,2025-05,793.0,793.0,793.0,0.0,759.56,747.76,785.26,True,True,True,False,True,True,False,113997.0,1006.0,-21.17,False,0.47,3.04,0.66,True,3,True,0.75,3.53,False,False,,tv_wilder_rsi14_sma5_v1,45.78,42.55,True,True,3.23
3064,3064.T,ＭｏｎｏｔａＲＯ,2025-05,CONTINUE,3,63.14,66.36,True,True,3.22,2025-03,2797.5,2982.0,2982.0,6.6,2663.46,2664.45,2409.26,True,True,True,False,True,True,True,1712773.0,3020.0,-7.37,False,1.2,3.58,0.96,True,2,True,29.63,3.09,False,False,,tv_wilder_rsi14_sma5_v1,66.36,63.14,True,True,3.22
4326,4326.T,インテージホールディングス,2025-05,CONTINUE,5,53.55,56.77,True,True,3.22,2025-01,1600.0,1767.0,1767.0,10.44,1529.92,1574.09,1532.24,True,True,True,False,False,False,False,171680.0,2000.0,-20.0,False,1.87,2.8,0.93,True,3,True,3.04,2.28,False,False,,tv_wilder_rsi14_sma5_v1,56.77,53.55,True,True,3.22
9347,9347.T,日本管財ホールディングス,2025-05,CONTINUE,3,53.79,57.01,True,True,3.22,2025-03,2655.0,2730.0,2730.0,2.82,2656.2,2624.41,2635.46,False,True,True,False,True,True,True,76393.0,2793.0,-4.94,False,2.32,1.39,1.14,False,1,True,1.74,0.37,False,False,,tv_wilder_rsi14_sma5_v1,57.01,53.79,True,True,3.22
7242,7242.T,カヤバ,2025-05,NEW,1,68.97,72.17,True,True,3.2,2025-05,3130.0,3130.0,3130.0,0.0,2980.76,2925.04,2680.58,True,True,True,True,True,True,True,159357.0,3245.0,-3.54,False,2.49,2.8,1.28,False,2,True,20.34,3.79,False,False,,tv_wilder_rsi14_sma5_v1,72.17,68.97,True,True,3.2
5186,5186.T,ニッタ,2025-05,NEW,1,54.29,57.46,True,True,3.16,2025-05,3795.0,3795.0,3795.0,0.0,3700.2,3666.33,3651.18,True,True,True,True,True,True,False,24677.0,4165.0,-8.88,False,1.01,1.63,0.99,True,3,True,4.13,2.62,False,False,,tv_wilder_rsi14_sma5_v1,57.46,54.29,True,True,3.16
2212,2212.T,山崎製パン,2025-05,CONTINUE,3,53.33,56.49,True,False,3.15,2025-03,2880.0,3255.0,3255.0,13.02,2844.76,2837.07,2950.45,True,True,False,False,True,True,False,755513.0,4120.0,-30.1,False,0.77,2.23,0.84,True,4,True,-8.9,-0.06,False,False,,tv_wilder_rsi14_sma5_v1,56.49,53.33,False,True,3.15
3182,3182.T,オイシックス・ラ・大地,2025-05,CONTINUE,2,46.56,49.71,True,True,3.15,2025-04,1474.0,1568.0,1568.0,6.38,1359.64,1357.48,1353.22,True,True,True,True,True,True,True,319830.0,1710.0,-13.8,False,0.82,4.54,0.87,True,2,True,10.31,8.55,False,False,,tv_wilder_rsi14_sma5_v1,49.71,46.56,True,True,3.15
3837,3837.T,アドソル日進,2025-05,NEW,1,58.11,61.27,True,True,3.15,2025-05,1098.0,1098.0,1098.0,0.0,1050.8,1042.53,983.4,True,True,True,True,True,True,True,55940.0,1169.0,-6.07,False,1.57,2.95,0.99,True,2,True,13.07,1.21,False,False,,tv_wilder_rsi14_sma5_v1,61.27,58.11,True,True,3.15
6436,6436.T,アマノ,2025-05,CONTINUE,2,59.5,62.64,False,True,3.15,2025-04,4161.0,4263.0,4263.0,2.45,3883.92,3927.19,4109.98,True,True,True,False,False,False,False,197100.0,4531.0,-8.17,False,1.57,3.0,0.9,True,1,True,2.29,5.71,False,False,,tv_wilder_rsi14_sma5_v1,62.64,59.5,True,False,3.15
6078,6078.T,バリューＨＲ,2025-05,CONTINUE,2,51.48,54.62,False,True,3.14,2025-04,1561.0,1606.0,1606.0,2.88,1501.68,1502.49,1615.64,True,True,False,False,True,False,True,31557.0,2027.0,-22.99,False,0.82,2.55,0.84,True,1,True,3.98,5.33,False,False,,tv_wilder_rsi14_sma5_v1,54.62,51.48,True,False,3.14
6630,6630.T,ヤーマン,2025-05,CONTINUE,4,41.46,44.6,True,True,3.14,2025-02,769.0,859.0,859.0,11.7,751.08,745.91,817.42,True,True,False,False,True,False,False,104133.0,1022.0,-24.76,False,0.7,1.36,0.9,True,4,True,-11.22,2.47,False,False,,tv_wilder_rsi14_sma5_v1,44.6,41.46,True,True,3.14
8253,8253.T,クレディセゾン,2025-05,NEW,1,66.45,69.59,False,True,3.13,2025-05,3944.0,3944.0,3944.0,0.0,3602.88,3514.12,3498.26,True,True,True,True,True,True,True,522747.0,4025.0,-2.01,False,1.1,2.73,0.78,True,2,True,16.23,6.29,False,False,,tv_wilder_rsi14_sma5_v1,69.59,66.45,True,False,3.13
1808,1808.T,長谷工コーポレーション,2025-05,CONTINUE,2,62.75,65.87,True,True,3.12,2025-04,2036.0,2099.0,2099.0,3.09,1981.46,1988.41,1921.27,True,True,True,False,True,False,True,1041047.0,2081.0,-2.16,False,0.71,1.8,0.68,True,2,True,6.17,2.42,False,False,,tv_wilder_rsi14_sma5_v1,65.87,62.75,True,True,3.12
8725,8725.T,ＭＳ＆ＡＤ  ｲﾝｼｭｱﾗﾝｽｸﾞﾙｰﾌﾟﾎｰﾙﾃﾞｨﾝｸﾞｽ,2025-05,NEW,1,68.69,71.81,False,True,3.12,2025-05,3456.0,3456.0,3456.0,0.0,3273.76,3189.83,3292.37,True,True,True,False,True,True,False,3665040.0,4018.0,-13.99,False,1.19,2.25,1.04,False,3,True,10.93,2.34,True,False,,tv_wilder_rsi14_sma5_v1,71.81,68.69,True,False,3.12
5101,5101.T,横浜ゴム,2025-05,NEW,1,54.98,58.07,True,True,3.09,2025-05,3642.0,3642.0,3642.0,0.0,3314.84,3305.19,3241.03,True,True,True,True,True,True,False,658890.0,4238.0,-14.06,False,0.93,2.78,0.88,True,1,True,6.9,5.1,False,False,,tv_wilder_rsi14_sma5_v1,58.07,54.98,True,True,3.09
4307,4307.T,野村総合研究所,2025-05,CONTINUE,2,61.73,64.8,True,True,3.07,2025-04,5392.0,5578.0,5578.0,3.45,5170.44,5074.37,4893.1,True,True,True,True,True,True,True,1892260.0,5565.0,-3.11,False,1.02,3.0,0.72,True,2,True,17.88,3.97,False,False,,tv_wilder_rsi14_sma5_v1,64.8,61.73,True,True,3.07
2531,2531.T,宝ホールディングス,2025-05,NEW,1,52.6,55.66,False,True,3.06,2025-05,1277.5,1277.5,1277.5,0.0,1207.66,1191.83,1219.83,True,True,True,False,True,False,True,593137.0,1385.0,-7.76,False,1.05,2.55,0.86,True,2,True,11.98,5.95,False,False,,tv_wilder_rsi14_sma5_v1,55.66,52.6,True,False,3.06
6480,6480.T,日本トムソン,2025-05,NEW,1,44.31,47.35,True,True,3.05,2025-05,520.0,520.0,520.0,0.0,496.24,490.95,492.62,True,True,True,False,True,False,False,109863.0,650.0,-20.0,False,0.98,2.38,0.88,True,3,True,2.89,5.05,False,False,,tv_wilder_rsi14_sma5_v1,47.35,44.31,True,True,3.05
8194,8194.T,ライフコーポレーション,2025-05,CONTINUE,6,58.28,61.33,True,False,3.05,2024-12,1757.5,2028.0,2028.0,15.39,1719.7,1724.53,1836.4,True,True,False,False,True,False,False,142487.0,2115.0,-16.9,False,0.86,1.37,0.93,True,4,True,-4.57,0.32,False,False,,tv_wilder_rsi14_sma5_v1,61.33,58.28,False,True,3.05
2918,2918.T,わらべや日洋ホールディングス,2025-05,CONTINUE,5,45.99,49.03,True,True,3.04,2025-01,2110.0,2266.0,2266.0,7.39,2036.52,2022.6,2241.84,True,True,False,False,True,False,False,87277.0,3060.0,-31.05,False,0.81,1.6,0.82,True,4,True,-9.75,4.58,False,False,,tv_wilder_rsi14_sma5_v1,49.03,45.99,True,True,3.04
6516,6516.T,山洋電気,2025-05,CONTINUE,3,63.04,66.08,True,True,3.04,2025-03,3113.33,3390.0,3390.0,8.89,2990.67,2960.09,2812.57,True,True,True,True,False,True,True,89650.0,3250.0,-4.21,False,1.25,2.41,0.96,True,2,True,16.98,2.05,False,False,,tv_wilder_rsi14_sma5_v1,66.08,63.04,True,True,3.04
2157,2157.T,コシダカホールディングス,2025-05,NEW,1,53.28,56.3,False,True,3.02,2025-05,1117.0,1117.0,1117.0,0.0,1031.04,1040.23,1058.68,True,True,True,False,True,False,True,238500.0,1267.0,-11.84,False,1.33,1.77,1.1,False,2,True,11.97,5.05,True,False,,tv_wilder_rsi14_sma5_v1,56.3,53.28,True,False,3.02
6333,6333.T,ＴＥＩＫＯＫＵ,2025-05,NEW,1,60.39,63.41,True,True,3.02,2025-05,3160.0,3160.0,3160.0,0.0,2986.68,2940.52,2798.83,True,True,True,True,True,True,True,19063.0,3215.0,-1.71,False,0.83,2.32,0.88,True,2,True,19.09,3.45,False,False,,tv_wilder_rsi14_sma5_v1,63.41,60.39,True,True,3.02
3660,3660.T,アイスタイル,2025-05,CONTINUE,2,51.34,54.33,True,True,3.0,2025-04,470.0,521.0,521.0,10.85,444.32,465.6,465.61,True,True,True,False,False,False,False,1262257.0,596.0,-21.14,False,0.63,3.13,0.6,True,3,True,2.27,5.56,False,False,,tv_wilder_rsi14_sma5_v1,54.33,51.34,True,True,3.0
3983,3983.T,オロ,2025-05,NEW,1,50.9,53.88,True,True,2.98,2025-05,2648.0,2648.0,2648.0,0.0,2565.08,2513.72,2429.23,True,True,True,True,True,True,False,35567.0,3030.0,-12.61,False,0.75,4.1,0.79,True,1,True,5.6,0.76,False,False,,tv_wilder_rsi14_sma5_v1,53.88,50.9,True,True,2.98
6368,6368.T,オルガノ,2025-05,NEW,1,57.31,60.29,False,True,2.98,2025-05,7770.0,7770.0,7770.0,0.0,7322.4,6887.6,7361.9,True,True,True,False,True,False,True,208230.0,9400.0,-17.34,False,0.66,2.51,0.91,True,2,True,4.97,2.38,False,False,,tv_wilder_rsi14_sma5_v1,60.29,57.31,True,False,2.98
4275,4275.T,カーリット,2025-05,NEW,1,52.3,55.27,False,True,2.97,2025-05,1159.0,1159.0,1159.0,0.0,1087.04,1078.75,1161.64,True,True,False,False,True,False,False,108420.0,1579.0,-26.6,False,1.09,3.38,1.21,False,1,True,1.41,6.35,False,False,,tv_wilder_rsi14_sma5_v1,55.27,52.3,True,False,2.97
4188,4188.T,三菱ケミカルグループ,2025-05,NEW,1,43.4,46.36,False,True,2.96,2025-05,770.6,770.6,770.6,0.0,727.94,735.54,796.98,True,True,False,False,True,False,False,6471883.0,957.8,-19.54,False,0.88,2.75,0.72,True,4,True,-4.53,3.69,False,False,,tv_wilder_rsi14_sma5_v1,46.36,43.4,True,False,2.96
8283,8283.T,ＰＡＬＴＡＣ,2025-05,NEW,1,43.09,46.06,False,True,2.96,2025-05,4188.0,4188.0,4188.0,0.0,4045.72,3998.12,4196.57,True,True,False,False,True,False,False,74313.0,4633.0,-9.61,False,0.95,2.1,0.71,True,4,True,0.55,2.55,True,False,,tv_wilder_rsi14_sma5_v1,46.06,43.09,True,False,2.96
4452,4452.T,花王,2025-05,NEW,1,52.3,55.23,True,True,2.94,2025-05,3303.0,3303.0,3303.0,0.0,3137.38,3175.79,3232.26,True,True,True,False,True,True,False,3260653.0,3636.5,-9.17,False,0.98,1.81,0.74,True,3,True,0.98,2.14,False,False,,tv_wilder_rsi14_sma5_v1,55.23,52.3,True,True,2.94
5310,5310.T,東洋炭素,2025-05,CONTINUE,2,41.49,44.43,True,True,2.94,2025-04,4005.0,4250.0,4250.0,6.12,3830.0,3936.6,4828.7,True,True,False,False,False,False,False,122863.0,8190.0,-51.1,False,0.69,2.83,0.53,True,4,True,-22.48,4.13,False,False,,tv_wilder_rsi14_sma5_v1,44.43,41.49,True,True,2.94
2585,2585.T,ライフドリンク   カンパニー,2025-05,NEW,1,58.92,61.85,False,True,2.93,2025-05,2023.0,2023.0,2023.0,0.0,1779.56,1708.35,1910.38,True,True,True,False,True,False,True,455010.0,2540.0,-20.35,False,0.96,4.57,0.91,True,2,True,19.07,8.52,False,False,,tv_wilder_rsi14_sma5_v1,61.85,58.92,True,False,2.93
4847,4847.T,インテリジェント   ウェイブ,2025-05,NEW,1,56.79,59.71,False,True,2.92,2025-05,1130.0,1130.0,1130.0,0.0,1068.24,1053.44,1018.45,True,True,True,True,True,False,False,49653.0,1278.0,-11.58,False,0.68,2.38,0.81,True,1,True,9.52,1.98,False,False,,tv_wilder_rsi14_sma5_v1,59.71,56.79,True,False,2.92
6588,6588.T,東芝テック,2025-05,NEW,1,37.43,40.32,False,True,2.89,2025-05,2957.0,2957.0,2957.0,0.0,2824.68,2811.87,3220.27,True,True,False,False,True,False,False,143117.0,3855.0,-23.29,False,0.96,2.74,0.74,True,4,True,-6.25,3.94,False,False,,tv_wilder_rsi14_sma5_v1,40.32,37.43,True,False,2.89
6965,6965.T,浜松ホトニクス,2025-05,NEW,1,31.79,34.68,True,True,2.89,2025-05,1553.5,1553.5,1553.5,0.0,1420.84,1469.9,1720.19,True,True,False,False,True,False,False,2147503.0,2643.5,-41.23,False,0.82,2.95,0.79,True,4,True,-15.87,7.77,False,False,,tv_wilder_rsi14_sma5_v1,34.68,31.79,True,True,2.89
3106,3106.T,倉敷紡績,2025-05,NEW,1,81.0,83.89,True,True,2.88,2025-05,7120.0,7120.0,7120.0,0.0,6376.8,6044.07,5439.65,True,True,True,True,True,True,True,52673.0,6850.0,3.94,True,1.09,3.09,0.89,True,2,True,39.26,0.61,True,True,BOTH,tv_wilder_rsi14_sma5_v1,83.89,81.0,True,True,2.88
4996,4996.T,クミアイ化学工業,2025-05,NEW,1,44.0,46.88,True,True,2.88,2025-05,808.0,808.0,808.0,0.0,774.32,783.44,782.65,True,True,True,False,False,True,False,324640.0,860.0,-6.05,False,0.88,1.44,0.96,True,1,True,3.5,2.24,False,False,,tv_wilder_rsi14_sma5_v1,46.88,44.0,True,True,2.88
8524,8524.T,北洋銀行,2025-05,NEW,1,63.54,66.42,True,True,2.88,2025-05,571.0,571.0,571.0,0.0,534.24,505.81,460.02,True,True,True,True,True,True,True,2050747.0,627.0,-8.93,False,0.53,3.29,0.66,True,2,True,14.82,2.18,False,False,,tv_wilder_rsi14_sma5_v1,66.42,63.54,True,True,2.88
3153,3153.T,八洲電機,2025-05,NEW,1,61.52,64.37,True,True,2.86,2025-05,1785.0,1785.0,1785.0,0.0,1718.2,1699.8,1668.45,True,True,True,True,True,True,False,26180.0,2014.0,-11.37,False,0.74,2.5,0.8,True,1,True,11.94,3.94,False,False,,tv_wilder_rsi14_sma5_v1,64.37,61.52,True,True,2.86
4042,4042.T,東ソー,2025-05,NEW,1,55.35,58.2,True,True,2.85,2025-05,2138.5,2138.5,2138.5,0.0,2046.88,2048.26,2003.74,True,True,True,False,True,False,True,963357.0,2232.0,-4.19,False,0.95,1.58,1.05,False,1,True,6.33,3.07,False,False,,tv_wilder_rsi14_sma5_v1,58.2,55.35,True,True,2.85
8923,8923.T,トーセイ,2025-05,NEW,1,63.14,65.99,False,True,2.85,2025-05,1267.0,1267.0,1267.0,0.0,1225.5,1205.58,1194.87,True,True,True,True,True,True,False,207513.0,1325.0,-4.38,False,1.78,1.96,1.0,True,1,True,7.44,2.31,False,False,,tv_wilder_rsi14_sma5_v1,65.99,63.14,True,False,2.85
4776,4776.T,サイボウズ,2025-05,CONTINUE,9,63.83,66.67,True,True,2.84,2024-09,1957.0,3155.0,3155.0,61.22,1734.52,1777.43,1841.45,True,True,True,False,True,True,False,307907.0,2383.0,-17.88,False,2.15,3.3,1.08,False,3,True,-2.27,4.75,False,False,,tv_wilder_rsi14_sma5_v1,66.67,63.83,True,True,2.84
7818,7818.T,トランザクション,2025-05,CONTINUE,3,57.56,60.4,True,False,2.84,2025-03,1126.0,1229.0,1229.0,9.15,1121.76,1058.23,1042.62,True,True,True,True,True,True,True,146113.0,1309.5,-14.01,False,0.68,3.15,1.09,False,2,True,4.94,0.69,False,False,,tv_wilder_rsi14_sma5_v1,60.4,57.56,False,True,2.84
4980,4980.T,デクセリアルズ,2025-05,NEW,1,53.23,56.06,False,True,2.83,2025-05,2112.0,2112.0,2112.0,0.0,1825.48,1881.43,2115.33,True,True,False,False,True,False,False,1222470.0,2768.67,-23.72,False,1.08,4.65,1.09,False,1,True,-4.83,3.9,False,False,,tv_wilder_rsi14_sma5_v1,56.06,53.23,True,False,2.83
9434,9434.T,ソフトバンク,2025-05,CONTINUE,6,69.19,72.0,True,True,2.82,2024-12,198.9,221.4,221.4,11.31,197.17,194.06,194.4,True,True,True,False,True,False,True,52903823.0,210.5,-5.51,False,0.96,1.14,0.87,True,2,True,5.73,0.88,False,False,,tv_wilder_rsi14_sma5_v1,72.0,69.19,True,True,2.82
9743,9743.T,丹青社,2025-05,CONTINUE,3,56.66,59.48,True,True,2.82,2025-03,1125.0,1084.0,1084.0,-3.64,976.88,933.88,903.02,True,True,True,True,True,True,True,589350.0,1158.0,-2.85,False,0.86,3.49,1.42,False,1,True,20.01,6.0,False,False,,tv_wilder_rsi14_sma5_v1,59.48,56.66,True,True,2.82
2379,2379.T,ディップ,2025-05,NEW,1,35.7,38.51,False,True,2.81,2025-05,2241.0,2241.0,2241.0,0.0,2177.32,2177.43,2466.17,True,True,False,False,True,False,False,325217.0,3185.0,-29.64,False,0.95,2.08,0.93,True,4,True,-10.14,2.96,False,False,,tv_wilder_rsi14_sma5_v1,38.51,35.7,True,False,2.81
8095,8095.T,アステナホールディングス,2025-05,CONTINUE,2,45.43,48.24,True,False,2.81,2025-04,482.0,471.0,471.0,-2.28,454.0,447.37,485.1,True,True,False,False,True,False,False,92017.0,576.0,-16.32,False,0.86,2.55,0.52,True,4,True,-0.17,4.87,False,False,,tv_wilder_rsi14_sma5_v1,48.24,45.43,False,True,2.81
9068,9068.T,丸全昭和運輸,2025-05,NEW,1,69.69,72.49,False,True,2.81,2025-05,6350.0,6350.0,6350.0,0.0,6151.6,6046.8,5781.12,True,True,True,True,True,True,True,22283.0,6650.0,-4.51,False,0.8,2.32,0.79,True,2,True,18.22,3.0,False,False,,tv_wilder_rsi14_sma5_v1,72.49,69.69,True,False,2.81
8159,8159.T,立花エレテック,2025-05,NEW,1,48.02,50.81,False,True,2.79,2025-05,2557.0,2557.0,2557.0,0.0,2456.44,2446.33,2538.32,True,True,True,False,True,False,False,30667.0,3305.0,-22.63,False,0.66,2.32,1.01,False,3,True,-1.43,4.15,False,False,,tv_wilder_rsi14_sma5_v1,50.81,48.02,True,False,2.79
3433,3433.T,トーカロ,2025-05,NEW,1,53.59,56.35,False,True,2.76,2025-05,1796.0,1796.0,1796.0,0.0,1721.24,1706.93,1772.99,True,True,True,False,True,False,False,97383.0,2085.0,-13.86,False,0.72,1.76,0.84,True,3,True,-1.22,1.85,False,False,,tv_wilder_rsi14_sma5_v1,56.35,53.59,True,False,2.76
7943,7943.T,ニチハ,2025-05,NEW,1,46.42,49.17,True,True,2.75,2025-05,3065.0,3065.0,3065.0,0.0,2965.0,2984.4,3114.02,True,True,False,False,True,True,False,42957.0,3855.0,-20.49,False,1.48,1.79,0.93,True,4,True,-2.56,3.0,True,False,,tv_wilder_rsi14_sma5_v1,49.17,46.42,True,True,2.75
3769,3769.T,ＧＭＯペイメントゲートウェイ,2025-05,CONTINUE,3,46.51,49.25,True,False,2.74,2025-03,7924.0,8854.0,8854.0,11.74,7734.48,7985.84,8351.87,True,False,False,False,False,False,True,289390.0,10465.0,-24.28,False,0.93,2.82,0.97,True,4,False,-8.02,0.8,False,False,,tv_wilder_rsi14_sma5_v1,49.25,46.51,False,True,2.74
6278,6278.T,ユニオンツール,2025-05,NEW,1,46.82,49.57,False,True,2.74,2025-05,4460.0,4460.0,4460.0,0.0,3834.0,4029.27,5026.4,True,True,False,False,True,False,False,70103.0,7230.0,-38.31,False,1.65,3.91,0.94,True,4,True,-13.66,3.43,True,False,,tv_wilder_rsi14_sma5_v1,49.57,46.82,True,False,2.74
9956,9956.T,バローホールディングス,2025-05,CONTINUE,6,54.71,57.45,True,False,2.74,2024-12,2192.0,2442.0,2442.0,11.41,2152.4,2145.51,2299.01,True,True,False,False,True,False,False,80187.0,2583.0,-15.14,False,0.78,1.35,1.09,False,4,True,-6.33,0.39,False,False,,tv_wilder_rsi14_sma5_v1,57.45,54.71,False,True,2.74
4694,4694.T,ビー・エム・エル,2025-05,CONTINUE,3,48.69,51.4,True,True,2.71,2025-03,3020.0,3000.0,3000.0,-0.66,2894.32,2879.49,2827.18,True,True,True,True,True,True,True,104997.0,3125.0,-3.36,False,2.08,2.21,1.2,False,1,True,5.79,2.69,False,False,,tv_wilder_rsi14_sma5_v1,51.4,48.69,True,True,2.71
7745,7745.T,Ａ＆Ｄホロンホールディングス,2025-05,NEW,1,48.65,51.36,True,True,2.71,2025-05,2014.0,2014.0,2014.0,0.0,1821.12,1840.57,2005.51,True,True,True,False,True,False,False,106407.0,3510.0,-42.62,False,1.71,3.83,0.99,True,3,True,-8.57,3.0,True,False,,tv_wilder_rsi14_sma5_v1,51.36,48.65,True,True,2.71
1942,1942.T,関電工,2025-05,CONTINUE,6,87.24,89.93,True,True,2.69,2024-12,2317.0,2980.5,2980.5,28.64,2265.86,2218.92,1965.33,True,True,True,True,True,True,True,504007.0,2410.0,-3.86,False,0.68,2.45,1.05,False,2,True,28.91,1.46,False,False,,tv_wilder_rsi14_sma5_v1,89.93,87.24,True,True,2.69
8818,8818.T,京阪神ビルディング,2025-05,CONTINUE,2,48.71,51.4,False,True,2.69,2025-04,751.0,752.0,752.0,0.13,715.98,732.14,780.28,True,True,False,False,True,False,False,152927.0,944.5,-20.49,False,0.61,2.77,0.74,True,4,True,-6.39,4.93,False,False,,tv_wilder_rsi14_sma5_v1,51.4,48.71,True,False,2.69
2266,2266.T,六甲バター,2025-05,CONTINUE,2,39.68,42.35,False,False,2.67,2025-04,1266.0,1255.0,1255.0,-0.87,1265.56,1228.43,1361.33,True,True,False,False,True,False,False,20487.0,1632.0,-22.43,False,0.83,2.19,0.66,True,4,True,-7.06,2.96,False,False,,tv_wilder_rsi14_sma5_v1,42.35,39.68,False,False,2.67
2791,2791.T,大黒天物産,2025-05,CONTINUE,2,45.93,48.6,False,True,2.67,2025-04,7600.0,7630.0,7630.0,0.39,7116.4,7220.93,9213.0,True,True,False,False,True,False,False,78507.0,12110.0,-37.24,False,1.68,4.04,0.91,True,4,True,-10.61,8.3,False,False,,tv_wilder_rsi14_sma5_v1,48.6,45.93,True,False,2.67
9882,9882.T,イエローハット,2025-05,NEW,1,74.97,77.64,True,True,2.67,2025-05,1514.0,1514.0,1514.0,0.0,1464.52,1412.68,1330.2,True,True,True,True,True,True,True,209150.0,1579.0,-4.12,False,0.9,2.16,0.76,True,2,True,20.9,1.63,False,False,,tv_wilder_rsi14_sma5_v1,77.64,74.97,True,True,2.67
7259,7259.T,アイシン,2025-05,CONTINUE,2,54.43,57.09,True,True,2.66,2025-04,1811.5,1843.0,1843.0,1.74,1573.3,1694.11,1672.26,True,True,True,False,False,False,False,3846597.0,2089.67,-13.31,False,1.73,4.35,0.73,True,3,True,3.83,7.73,False,False,,tv_wilder_rsi14_sma5_v1,57.09,54.43,True,True,2.66
8043,8043.T,スターゼン,2025-05,CONTINUE,2,61.06,63.72,True,False,2.66,2025-04,1219.0,1121.0,1121.0,-8.04,1106.43,1001.45,978.57,True,True,True,True,True,True,True,395027.0,1356.0,-10.1,False,1.04,4.59,1.06,False,2,True,28.03,10.29,False,False,,tv_wilder_rsi14_sma5_v1,63.72,61.06,False,True,2.66
4099,4099.T,四国化成ホールディングス,2025-05,NEW,1,53.6,56.25,False,True,2.65,2025-05,969.5,969.5,969.5,0.0,936.66,932.51,978.38,True,True,False,False,True,False,False,190520.0,1157.5,-16.24,False,0.6,2.11,0.85,True,4,True,-0.44,1.7,False,False,,tv_wilder_rsi14_sma5_v1,56.25,53.6,True,False,2.65
1414,1414.T,ショーボンドホールディングス,2025-05,CONTINUE,2,35.81,38.44,False,False,2.63,2025-04,1280.25,1224.5,1224.5,-4.35,1223.98,1223.38,1311.84,True,True,False,False,True,False,False,596307.0,1558.5,-17.85,False,0.88,1.75,0.77,True,4,True,-5.26,4.44,False,False,,tv_wilder_rsi14_sma5_v1,38.44,35.81,False,False,2.63
3465,3465.T,ケイアイスター不動産,2025-05,CONTINUE,10,57.55,60.19,True,False,2.63,2024-08,1860.0,2435.0,2435.0,30.91,1728.18,1719.83,1746.51,True,True,True,False,False,False,False,227740.0,2465.0,-24.54,False,1.17,2.54,0.64,True,3,True,2.9,8.76,False,False,,tv_wilder_rsi14_sma5_v1,60.19,57.55,False,True,2.63
5288,5288.T,アジアパイルホールディングス,2025-05,CONTINUE,6,62.02,64.65,True,True,2.63,2024-12,837.0,944.0,944.0,12.78,803.48,805.4,868.18,True,True,False,False,True,False,True,129617.0,1048.0,-20.13,False,0.92,1.45,0.96,True,4,True,2.72,1.34,False,False,,tv_wilder_rsi14_sma5_v1,64.65,62.02,True,True,2.63
6517,6517.T,デンヨー,2025-05,NEW,1,55.41,58.05,False,True,2.63,2025-05,2690.0,2690.0,2690.0,0.0,2533.76,2512.88,2579.36,True,True,True,False,True,False,False,46040.0,3000.0,-10.33,False,0.42,2.34,0.7,True,1,True,3.6,3.23,False,False,,tv_wilder_rsi14_sma5_v1,58.05,55.41,True,False,2.63
8934,8934.T,サンフロンティア不動産,2025-05,NEW,1,64.38,67.0,True,True,2.61,2025-05,2073.0,2073.0,2073.0,0.0,2029.68,1973.96,1888.97,True,True,True,True,True,True,True,84740.0,2212.0,-6.28,False,0.83,1.87,0.62,True,2,True,8.15,1.78,False,False,,tv_wilder_rsi14_sma5_v1,67.0,64.38,True,True,2.61
4180,4180.T,APPIER GROUP,2025-05,NEW,1,48.49,51.09,True,True,2.6,2025-05,1548.0,1548.0,1548.0,0.0,1359.0,1415.41,1495.95,True,True,True,False,True,False,True,756463.0,1875.0,-17.44,False,1.31,4.17,1.18,False,1,True,5.13,4.63,True,False,,tv_wilder_rsi14_sma5_v1,51.09,48.49,True,True,2.6
8031,8031.T,三井物産,2025-05,NEW,1,51.96,54.56,False,True,2.6,2025-05,3029.0,3029.0,3029.0,0.0,2902.3,2815.51,3005.4,True,True,True,False,True,False,False,6864740.0,4182.5,-27.58,False,1.01,1.93,0.89,True,3,True,-4.0,3.07,False,False,,tv_wilder_rsi14_sma5_v1,54.56,51.96,True,False,2.6
9039,9039.T,サカイ引越センター,2025-05,CONTINUE,3,48.39,50.99,True,True,2.6,2025-03,2494.0,2520.0,2520.0,1.04,2457.36,2421.21,2468.75,True,True,True,False,True,True,True,156613.0,2818.0,-11.5,False,1.61,1.67,1.15,False,1,True,0.83,1.76,False,False,,tv_wilder_rsi14_sma5_v1,50.99,48.39,True,True,2.6
3150,3150.T,グリムス,2025-05,NEW,1,50.22,52.81,False,True,2.59,2025-05,2456.0,2456.0,2456.0,0.0,2369.04,2285.77,2460.84,True,True,False,False,True,False,False,32530.0,2895.0,-15.16,False,1.28,2.62,1.06,False,4,True,6.81,0.85,True,False,,tv_wilder_rsi14_sma5_v1,52.81,50.22,True,False,2.59
1429,1429.T,日本アクア,2025-05,NEW,1,43.11,45.69,True,True,2.58,2025-05,782.0,782.0,782.0,0.0,756.56,744.76,784.16,True,True,False,False,True,True,False,59957.0,963.0,-18.8,False,0.95,1.46,0.89,True,4,True,-1.21,3.51,True,False,,tv_wilder_rsi14_sma5_v1,45.69,43.11,True,True,2.58
6264,6264.T,マルマエ,2025-05,NEW,1,40.68,43.26,False,True,2.57,2025-05,699.0,699.0,699.0,0.0,617.82,647.34,730.92,True,True,False,False,True,False,False,262867.0,1118.0,-37.48,False,2.03,3.53,1.06,False,4,True,-13.14,5.1,False,False,,tv_wilder_rsi14_sma5_v1,43.26,40.68,True,False,2.57
3663,3663.T,セルシス,2025-05,NEW,1,66.83,69.39,False,True,2.56,2025-05,1447.0,1447.0,1447.0,0.0,1394.72,1289.65,1238.12,True,True,True,True,True,True,True,226437.0,1542.0,-6.16,False,0.55,3.3,0.86,True,2,True,35.1,2.05,False,False,,tv_wilder_rsi14_sma5_v1,69.39,66.83,True,False,2.56
4385,4385.T,メルカリ,2025-05,CONTINUE,4,46.23,48.79,True,True,2.56,2025-02,2339.0,2392.5,2392.5,2.29,2127.84,1944.43,2111.52,True,True,True,False,True,False,True,5399083.0,2774.0,-15.68,False,0.76,5.29,0.96,True,2,True,12.81,6.76,False,False,,tv_wilder_rsi14_sma5_v1,48.79,46.23,True,True,2.56
8424,8424.T,芙蓉総合リース,2025-05,CONTINUE,3,55.46,58.02,True,True,2.56,2025-03,3859.0,3990.0,3990.0,3.39,3873.48,3812.56,3810.74,False,True,True,True,True,True,False,204120.0,4770.0,-19.1,False,1.42,1.74,1.06,False,3,True,-1.25,1.8,False,False,,tv_wilder_rsi14_sma5_v1,58.02,55.46,True,True,2.56
7181,7181.T,かんぽ生命保険,2025-05,NEW,1,57.06,59.61,True,True,2.55,2025-05,1058.67,1058.67,1058.67,0.0,976.1,972.41,949.73,True,True,True,True,True,True,False,2657350.0,1091.33,-2.99,False,1.32,2.28,0.95,True,1,True,9.13,4.2,True,False,,tv_wilder_rsi14_sma5_v1,59.61,57.06,True,True,2.55
9381,9381.T,エーアイテイー,2025-05,CONTINUE,2,50.53,53.09,True,False,2.55,2025-04,1750.0,1747.0,1747.0,-0.17,1680.12,1665.95,1722.51,True,True,True,False,True,False,False,49697.0,2020.0,-13.37,False,0.71,3.45,0.79,True,3,True,-0.22,3.81,False,False,,tv_wilder_rsi14_sma5_v1,53.09,50.53,False,True,2.55
7226,7226.T,極東開発工業,2025-05,NEW,1,58.87,61.41,False,True,2.54,2025-05,2566.0,2566.0,2566.0,0.0,2451.92,2432.13,2451.09,True,True,True,False,True,True,False,175337.0,2747.0,-6.59,False,0.87,2.0,0.81,True,3,True,4.14,1.6,False,False,,tv_wilder_rsi14_sma5_v1,61.41,58.87,True,False,2.54
8425,8425.T,みずほリース,2025-05,CONTINUE,3,58.0,60.54,True,True,2.54,2025-03,1043.0,1073.0,1073.0,2.88,1047.36,1029.93,1038.51,False,True,True,False,True,True,False,399477.0,1190.0,-12.35,False,1.22,1.53,1.02,False,3,True,0.35,0.96,False,False,,tv_wilder_rsi14_sma5_v1,60.54,58.0,True,True,2.54
4928,4928.T,ノエビアホールディングス,2025-05,NEW,1,32.96,35.49,False,True,2.53,2025-05,4285.0,4285.0,4285.0,0.0,4211.8,4202.87,4751.62,True,True,False,False,True,False,False,54940.0,5890.0,-27.25,False,0.87,1.33,0.9,True,4,True,-10.05,2.47,False,False,,tv_wilder_rsi14_sma5_v1,35.49,32.96,True,False,2.53
2359,2359.T,コア,2025-05,NEW,1,52.28,54.78,False,True,2.5,2025-05,1867.0,1867.0,1867.0,0.0,1783.0,1797.32,1832.35,True,True,True,False,True,False,False,13303.0,2153.0,-13.28,False,1.66,1.91,1.03,False,3,True,2.37,3.76,False,False,,tv_wilder_rsi14_sma5_v1,54.78,52.28,True,False,2.5
2929,2929.T,ファーマフーズ,2025-05,CONTINUE,2,41.41,43.91,True,True,2.5,2025-04,913.0,973.0,973.0,6.57,860.64,911.24,940.42,True,True,False,False,False,False,False,105413.0,1254.0,-27.19,False,1.02,2.98,0.63,True,4,True,-2.5,5.69,False,False,,tv_wilder_rsi14_sma5_v1,43.91,41.41,True,True,2.5
4301,4301.T,アミューズ,2025-05,CONTINUE,6,47.61,50.1,True,True,2.49,2024-12,1433.0,1620.0,1620.0,13.05,1408.76,1388.64,1502.15,True,True,False,False,True,False,False,29607.0,1666.0,-13.99,False,0.97,1.72,0.91,True,4,True,-4.08,1.32,False,False,,tv_wilder_rsi14_sma5_v1,50.1,47.61,True,True,2.49
2371,2371.T,カカクコム,2025-05,CONTINUE,2,53.62,56.11,False,False,2.48,2025-04,2530.0,2468.0,2468.0,-2.45,2288.04,2309.32,2345.18,True,True,True,False,True,False,True,1222730.0,2693.5,-6.07,False,0.69,3.56,1.04,False,2,True,16.44,8.22,False,False,,tv_wilder_rsi14_sma5_v1,56.11,53.62,False,False,2.48
6507,6507.T,シンフォニアテクノロジー,2025-05,NEW,1,78.89,81.35,False,True,2.47,2025-05,7850.0,7850.0,7850.0,0.0,6624.8,6238.73,5695.56,True,True,True,True,True,True,True,284350.0,7980.0,-1.63,False,1.34,4.6,1.05,False,2,True,63.5,6.08,False,False,,tv_wilder_rsi14_sma5_v1,81.35,78.89,True,False,2.47
7721,7721.T,東京計器,2025-05,CONTINUE,2,66.77,69.23,True,True,2.46,2025-04,3485.0,3525.0,3525.0,1.15,3231.08,3265.41,3240.67,True,True,True,False,False,False,False,332467.0,4155.0,-16.13,False,0.75,4.36,0.7,True,3,True,12.71,6.12,False,False,,tv_wilder_rsi14_sma5_v1,69.23,66.77,True,True,2.46
4063,4063.T,信越化学工業,2025-05,NEW,1,43.07,45.51,False,True,2.45,2025-05,4641.0,4641.0,4641.0,0.0,4462.44,4380.17,5175.8,True,True,False,False,True,False,False,6883917.0,6874.0,-32.48,False,0.77,2.11,0.77,True,4,True,-13.12,2.27,False,False,,tv_wilder_rsi14_sma5_v1,45.51,43.07,True,False,2.45
8273,8273.T,イズミ,2025-05,CONTINUE,3,46.14,48.59,True,False,2.44,2025-03,1054.67,1094.0,1094.0,3.73,1041.42,1036.64,1083.82,True,True,False,False,True,False,False,654970.0,1270.0,-16.96,False,0.66,1.9,0.87,True,4,True,-4.5,1.79,False,False,,tv_wilder_rsi14_sma5_v1,48.59,46.14,False,True,2.44
4116,4116.T,大日精化工業,2025-05,NEW,1,58.58,61.01,True,True,2.43,2025-05,782.5,782.5,782.5,0.0,763.49,755.15,744.0,True,True,True,True,True,True,False,180093.0,880.0,-11.08,False,0.91,2.09,0.86,True,3,True,3.67,-0.59,False,False,,tv_wilder_rsi14_sma5_v1,61.01,58.58,True,True,2.43
5844,5844.T,京都フィナンシャルグループ,2025-05,CONTINUE,2,55.19,57.62,True,False,2.43,2025-04,2441.0,2414.0,2414.0,-1.11,2193.5,2223.41,2314.5,True,True,True,False,False,False,False,1468053.0,2962.5,-17.6,False,1.11,3.24,0.7,True,3,True,-0.33,6.63,False,False,,tv_wilder_rsi14_sma5_v1,57.62,55.19,False,True,2.43
8060,8060.T,キヤノンマーケティングジャパン,2025-05,NEW,1,75.81,78.23,False,True,2.42,2025-05,2681.0,2681.0,2681.0,0.0,2608.6,2536.41,2434.79,True,True,True,True,True,True,True,260987.0,2754.5,-2.67,False,1.05,1.48,0.79,True,2,True,13.23,-0.13,False,False,,tv_wilder_rsi14_sma5_v1,78.23,75.81,True,False,2.42
4432,4432.T,ウイングアーク１ｓｔ,2025-05,CONTINUE,2,63.11,65.52,False,False,2.41,2025-04,3810.0,3785.0,3785.0,-0.66,3616.2,3552.33,3264.7,True,True,True,True,True,True,True,84160.0,4010.0,-4.99,False,0.76,3.81,0.73,True,2,True,28.94,9.73,False,False,,tv_wilder_rsi14_sma5_v1,65.52,63.11,False,False,2.41
7955,7955.T,クリナップ,2025-05,NEW,1,45.55,47.95,True,True,2.4,2025-05,669.0,669.0,669.0,0.0,657.6,658.21,676.03,True,True,False,False,True,True,False,36283.0,752.0,-11.04,False,0.57,1.47,0.59,True,4,True,-2.09,0.48,False,False,,tv_wilder_rsi14_sma5_v1,47.95,45.55,True,True,2.4
5463,5463.T,丸一鋼管,2025-05,NEW,1,49.73,52.12,False,True,2.39,2025-05,1159.0,1159.0,1159.0,0.0,1146.67,1144.0,1128.57,True,True,True,True,True,True,False,537150.0,1288.0,-10.02,False,1.09,1.47,0.63,True,3,True,-0.37,1.02,False,False,,tv_wilder_rsi14_sma5_v1,52.12,49.73,True,False,2.39
7327,7327.T,第四北越フィナンシャルグループ,2025-05,NEW,1,67.75,70.12,True,True,2.37,2025-05,1108.33,1108.33,1108.33,0.0,1066.36,998.1,929.51,True,True,True,True,True,True,True,608480.0,1138.33,-2.64,False,0.59,2.53,0.78,True,2,True,24.04,0.93,False,False,,tv_wilder_rsi14_sma5_v1,70.12,67.75,True,True,2.37
1980,1980.T,ダイダン,2025-05,CONTINUE,2,78.13,80.49,False,True,2.36,2025-04,1386.67,1398.33,1398.33,0.84,1226.0,1227.89,1130.05,True,True,True,False,True,False,True,827870.0,1433.33,-3.26,False,1.81,3.31,0.75,True,2,True,33.95,7.82,False,False,,tv_wilder_rsi14_sma5_v1,80.49,78.13,True,False,2.36
9273,9273.T,コーア商事ホールディングス,2025-05,CONTINUE,6,49.39,51.75,True,True,2.36,2024-12,635.0,700.0,700.0,10.24,610.56,612.63,695.54,True,True,False,False,True,False,False,56290.0,892.0,-28.81,False,1.24,1.82,1.29,False,4,True,-8.46,1.04,False,False,,tv_wilder_rsi14_sma5_v1,51.75,49.39,True,True,2.36
2664,2664.T,カワチ薬品,2025-05,CONTINUE,5,58.35,60.71,True,True,2.35,2025-01,2660.0,2813.0,2813.0,5.75,2574.08,2545.48,2677.14,True,True,False,False,True,False,False,68380.0,3010.0,-11.63,False,1.23,1.34,1.24,False,4,True,0.51,2.78,False,False,,tv_wilder_rsi14_sma5_v1,60.71,58.35,True,True,2.35
6617,6617.T,東光高岳,2025-05,CONTINUE,3,54.44,56.78,True,False,2.34,2025-03,2093.0,2236.0,2236.0,6.83,2056.0,2048.8,1961.99,True,True,True,True,False,True,False,36370.0,2767.0,-24.36,False,1.72,2.84,1.11,False,1,True,1.47,1.67,False,False,,tv_wilder_rsi14_sma5_v1,56.78,54.44,False,True,2.34
2676,2676.T,高千穂交易,2025-05,NEW,1,65.47,67.79,True,True,2.32,2025-05,2098.0,2098.0,2098.0,0.0,2055.3,2014.17,1980.85,True,True,True,True,True,True,True,38587.0,2187.5,-4.09,False,0.92,1.78,0.96,True,2,True,7.72,0.9,False,False,,tv_wilder_rsi14_sma5_v1,67.79,65.47,True,True,2.32
3679,3679.T,じげん,2025-05,NEW,1,43.42,45.73,True,True,2.32,2025-05,464.0,464.0,464.0,0.0,447.48,440.36,498.18,True,True,False,False,True,False,False,265630.0,666.0,-30.33,False,1.09,2.62,1.06,False,4,True,-8.58,1.61,False,False,,tv_wilder_rsi14_sma5_v1,45.73,43.42,True,True,2.32
6525,6525.T,KOKUSAI ELECTRIC,2025-05,CONTINUE,2,52.02,54.34,True,True,2.32,2025-04,2635.0,3002.0,3002.0,13.93,2322.02,2598.56,3014.92,True,True,False,False,False,True,False,3517607.0,5940.0,-55.64,False,1.02,6.24,0.79,True,4,True,-12.32,6.33,False,False,,tv_wilder_rsi14_sma5_v1,54.34,52.02,True,True,2.32
6947,6947.T,図研,2025-05,CONTINUE,7,61.66,63.98,True,True,2.32,2024-11,4405.0,5190.0,5190.0,17.82,3935.2,3653.73,3955.8,True,True,True,False,True,True,False,63197.0,4855.0,-9.27,False,1.17,2.87,0.75,True,1,True,15.26,5.92,False,False,,tv_wilder_rsi14_sma5_v1,63.98,61.66,True,True,2.32
8804,8804.T,東京建物,2025-05,CONTINUE,2,57.88,60.2,False,True,2.32,2025-04,2554.0,2569.0,2569.0,0.59,2506.92,2462.34,2484.99,True,True,True,False,True,False,False,1115717.0,2774.0,-7.93,False,0.75,2.73,0.63,True,3,True,4.33,2.7,False,False,,tv_wilder_rsi14_sma5_v1,60.2,57.88,True,False,2.32
9621,9621.T,建設技術研究所,2025-05,NEW,1,57.6,59.92,False,True,2.32,2025-05,2575.0,2575.0,2575.0,0.0,2456.04,2405.2,2387.71,True,True,True,True,True,False,False,45037.0,2715.0,-5.16,False,0.56,2.24,0.77,True,1,True,9.01,4.22,False,False,,tv_wilder_rsi14_sma5_v1,59.92,57.6,True,False,2.32
1766,1766.T,東建コーポレーション,2025-05,CONTINUE,6,73.22,75.52,True,True,2.31,2024-12,12580.0,13420.0,13420.0,6.68,11539.2,11136.67,11064.95,True,True,True,True,True,True,True,27237.0,13000.0,-3.23,False,0.82,4.09,0.79,True,2,True,17.16,2.3,False,False,,tv_wilder_rsi14_sma5_v1,75.52,73.22,True,True,2.31
8007,8007.T,高島,2025-05,CONTINUE,6,63.26,65.57,True,True,2.31,2024-12,646.5,682.5,682.5,5.57,621.12,616.79,584.82,True,True,True,True,True,False,False,158507.0,735.0,-12.04,False,1.28,1.4,1.13,False,3,True,9.26,1.13,True,False,,tv_wilder_rsi14_sma5_v1,65.57,63.26,True,True,2.31
2695,2695.T,くら寿司,2025-05,CONTINUE,3,42.28,44.57,True,True,2.29,2025-03,1575.0,1595.0,1595.0,1.27,1549.2,1487.51,1776.91,True,True,False,False,True,False,False,1179113.0,2655.0,-40.68,False,0.54,2.0,1.07,False,4,True,-12.87,5.62,False,False,,tv_wilder_rsi14_sma5_v1,44.57,42.28,True,True,2.29
3245,3245.T,ディア・ライフ,2025-05,CONTINUE,7,60.36,62.64,True,True,2.28,2024-11,1095.0,1140.0,1140.0,4.11,943.36,909.43,935.91,True,True,True,False,True,True,False,354770.0,1098.0,-0.27,False,0.95,2.74,1.0,True,1,True,20.15,9.46,False,False,,tv_wilder_rsi14_sma5_v1,62.64,60.36,True,True,2.28
9202,9202.T,ＡＮＡホールディングス,2025-05,NEW,1,44.79,47.07,True,True,2.28,2025-05,2857.0,2857.0,2857.0,0.0,2818.4,2817.97,2863.66,True,True,False,False,True,True,False,1712733.0,3108.0,-8.08,False,0.95,1.26,1.0,False,4,True,-1.15,0.82,False,False,,tv_wilder_rsi14_sma5_v1,47.07,44.79,True,True,2.28
6390,6390.T,加藤製作所,2025-05,NEW,1,51.78,54.04,False,True,2.26,2025-05,1331.0,1331.0,1331.0,0.0,1220.2,1249.55,1263.57,True,True,True,False,True,False,False,67410.0,1463.0,-9.02,False,0.88,2.27,0.9,True,1,True,2.58,3.85,False,False,,tv_wilder_rsi14_sma5_v1,54.04,51.78,True,False,2.26
8850,8850.T,スターツコーポレーション,2025-05,NEW,1,70.35,72.6,True,True,2.25,2025-05,4240.0,4240.0,4240.0,0.0,4057.2,4000.67,3715.68,True,True,True,True,True,True,True,60633.0,4285.0,-1.05,False,1.3,1.84,0.83,True,2,True,16.13,1.33,False,False,,tv_wilder_rsi14_sma5_v1,72.6,70.35,True,True,2.25
2433,2433.T,博報堂ＤＹホールディングス,2025-05,NEW,1,42.14,44.38,False,True,2.24,2025-05,1133.5,1133.5,1133.5,0.0,1110.66,1087.77,1151.67,True,True,False,False,True,False,False,623877.0,1399.5,-19.01,False,0.8,2.26,0.94,True,4,True,-2.08,3.63,False,False,,tv_wilder_rsi14_sma5_v1,44.38,42.14,True,False,2.24
5344,5344.T,ＭＡＲＵＷＡ,2025-05,NEW,1,51.96,54.2,False,True,2.24,2025-05,35130.0,35130.0,35130.0,0.0,32307.6,31870.53,38453.9,True,True,False,False,True,False,False,133083.0,51480.0,-31.76,False,0.68,3.12,0.82,True,4,True,-5.65,3.7,False,False,,tv_wilder_rsi14_sma5_v1,54.2,51.96,True,False,2.24
2163,2163.T,アルトナー,2025-05,NEW,1,52.85,55.07,False,True,2.22,2025-05,1927.0,1927.0,1927.0,0.0,1892.96,1831.2,1846.49,True,True,True,False,True,False,False,19387.0,2191.0,-12.05,False,1.0,1.44,0.94,True,1,True,4.45,1.77,False,False,,tv_wilder_rsi14_sma5_v1,55.07,52.85,True,False,2.22
3673,3673.T,ブロードリーフ,2025-05,CONTINUE,3,57.07,59.29,True,True,2.22,2025-03,343.0,352.5,352.5,2.77,337.1,330.44,319.22,True,True,True,True,True,True,True,624720.0,376.5,-8.9,False,1.02,3.75,0.96,True,2,True,11.59,4.08,False,False,,tv_wilder_rsi14_sma5_v1,59.29,57.07,True,True,2.22
7421,7421.T,カッパ・クリエイト,2025-05,CONTINUE,2,42.45,44.67,False,True,2.22,2025-04,1472.0,1485.0,1485.0,0.88,1459.36,1459.65,1597.12,True,True,False,False,False,False,False,117907.0,1902.0,-22.61,False,0.44,1.51,0.65,True,4,True,-5.18,4.02,False,False,,tv_wilder_rsi14_sma5_v1,44.67,42.45,True,False,2.22
3276,3276.T,ＪＰＭＣ,2025-05,CONTINUE,3,50.46,52.68,True,True,2.21,2025-03,1190.0,1177.0,1177.0,-1.09,1153.04,1130.87,1161.15,True,True,True,False,True,False,False,34540.0,1333.0,-10.73,False,1.59,1.36,1.25,False,3,True,3.13,3.63,False,False,,tv_wilder_rsi14_sma5_v1,52.68,50.46,True,True,2.21
7966,7966.T,リンテック,2025-05,NEW,1,48.73,50.93,False,True,2.2,2025-05,2868.0,2868.0,2868.0,0.0,2770.6,2780.17,2983.85,True,True,False,False,True,False,False,192517.0,3665.0,-21.75,False,1.11,1.83,0.83,True,4,True,-5.04,2.13,False,False,,tv_wilder_rsi14_sma5_v1,50.93,48.73,True,False,2.2
6526,6526.T,ソシオネクスト,2025-05,NEW,1,46.22,48.41,False,True,2.19,2025-05,2143.0,2143.0,2143.0,0.0,1799.74,1856.59,2390.96,True,True,False,False,True,False,False,7553760.0,4737.0,-54.76,False,1.23,4.49,1.06,False,4,True,-17.57,9.72,False,False,,tv_wilder_rsi14_sma5_v1,48.41,46.22,True,False,2.19
1963,1963.T,日揮ホールディングス,2025-05,NEW,1,40.44,42.62,False,True,2.18,2025-05,1216.5,1216.5,1216.5,0.0,1159.0,1155.6,1236.73,True,True,False,False,True,False,False,1035287.0,1422.0,-14.45,False,0.99,2.36,0.92,True,4,True,0.14,5.65,False,False,,tv_wilder_rsi14_sma5_v1,42.62,40.44,True,False,2.18
3774,3774.T,インターネットイニシアティブ,2025-05,NEW,1,51.9,54.08,False,True,2.18,2025-05,2784.0,2784.0,2784.0,0.0,2693.26,2629.29,2808.71,True,True,False,False,True,False,True,701123.0,3220.0,-13.54,False,0.71,3.2,0.76,True,4,False,6.32,3.59,False,False,,tv_wilder_rsi14_sma5_v1,54.08,51.9,True,False,2.18
6027,6027.T,弁護士ドットコム,2025-05,CONTINUE,5,44.51,46.7,True,True,2.18,2025-01,2785.0,3105.0,3105.0,11.49,2296.28,2620.61,3003.91,True,True,False,False,False,False,False,309870.0,4355.0,-36.05,False,1.93,4.27,1.27,False,1,True,-14.41,7.58,False,False,,tv_wilder_rsi14_sma5_v1,46.7,44.51,True,True,2.18
8173,8173.T,Ｊｏｓｈｉｎ,2025-05,CONTINUE,2,45.26,47.44,True,True,2.18,2025-04,2223.0,2276.0,2276.0,2.38,2147.56,2217.43,2437.88,True,True,False,False,False,False,False,160423.0,2861.0,-22.3,False,0.43,1.74,0.57,True,4,True,-9.55,2.29,False,False,,tv_wilder_rsi14_sma5_v1,47.44,45.26,True,True,2.18
1961,1961.T,三機工業,2025-05,CONTINUE,9,89.83,91.99,True,True,2.17,2024-09,799.67,1266.67,1266.67,58.4,756.99,735.35,693.53,True,True,True,True,True,True,True,374720.0,805.33,-0.7,False,1.77,2.93,1.06,False,2,True,24.12,1.92,False,False,,tv_wilder_rsi14_sma5_v1,91.99,89.83,True,True,2.17
8935,8935.T,ＦＪネクストホールディングス,2025-05,CONTINUE,4,53.05,55.2,True,True,2.15,2025-02,1192.0,1227.0,1227.0,2.94,1164.52,1158.28,1204.68,True,True,False,False,False,True,False,39070.0,1425.0,-16.35,False,1.15,2.16,0.99,True,4,True,1.94,1.47,True,False,,tv_wilder_rsi14_sma5_v1,55.2,53.05,True,True,2.15
9064,9064.T,ヤマトホールディングス,2025-05,CONTINUE,7,45.21,47.36,True,False,2.15,2024-11,1727.5,2003.0,2003.0,15.95,1647.88,1643.19,1841.88,True,True,False,False,True,False,False,1657417.0,2761.5,-37.44,False,1.21,2.11,1.01,False,4,True,-11.27,3.77,False,False,,tv_wilder_rsi14_sma5_v1,47.36,45.21,False,True,2.15
6471,6471.T,日本精工,2025-05,NEW,1,37.18,39.3,False,True,2.12,2025-05,649.9,649.9,649.9,0.0,636.29,633.0,671.82,True,True,False,False,True,False,False,1824027.0,833.0,-21.98,False,0.9,1.75,0.79,True,4,True,-5.49,2.99,False,False,,tv_wilder_rsi14_sma5_v1,39.3,37.18,True,False,2.12
4552,4552.T,ＪＣＲファーマ,2025-05,NEW,1,30.23,32.33,True,True,2.1,2025-05,541.0,541.0,541.0,0.0,472.2,487.8,576.42,True,True,False,False,True,False,False,456190.0,765.0,-29.28,False,1.9,3.34,0.98,True,4,True,-5.08,3.31,True,False,,tv_wilder_rsi14_sma5_v1,32.33,30.23,True,True,2.1
7628,7628.T,オーハシテクニカ,2025-05,CONTINUE,2,60.21,62.3,False,True,2.1,2025-04,982.5,1001.0,1001.0,1.88,921.56,957.47,934.03,True,True,True,False,False,False,True,39140.0,1061.5,-7.44,False,0.68,3.02,0.68,True,2,True,7.89,6.33,False,False,,tv_wilder_rsi14_sma5_v1,62.3,60.21,True,False,2.1
8595,8595.T,ジャフコグループ,2025-05,CONTINUE,2,62.93,65.03,True,True,2.1,2025-04,2397.5,2432.0,2432.0,1.44,2130.06,2183.04,2084.57,True,True,True,False,False,False,True,422803.0,2520.5,-4.88,False,3.23,3.32,1.13,False,2,True,20.68,8.75,False,False,,tv_wilder_rsi14_sma5_v1,65.03,62.93,True,True,2.1
9946,9946.T,ミニストップ,2025-05,CONTINUE,3,64.01,66.11,True,False,2.1,2025-03,1817.0,1821.0,1821.0,0.22,1782.16,1723.64,1699.29,True,True,True,True,True,True,True,85183.0,1859.0,-2.26,False,0.58,1.78,0.88,True,2,True,10.66,2.74,False,False,,tv_wilder_rsi14_sma5_v1,66.11,64.01,False,True,2.1
6183,6183.T,ベルシステム２４ホールディングス,2025-05,NEW,1,37.1,39.19,True,True,2.09,2025-05,1247.0,1247.0,1247.0,0.0,1223.72,1233.13,1308.95,True,True,False,False,True,True,False,156703.0,1633.0,-23.64,False,0.76,1.48,0.88,True,4,True,-7.83,0.48,False,False,,tv_wilder_rsi14_sma5_v1,39.19,37.1,True,True,2.09
8439,8439.T,東京センチュリー,2025-05,NEW,1,51.36,53.45,False,True,2.09,2025-05,1533.0,1533.0,1533.0,0.0,1519.44,1489.05,1528.88,True,True,True,False,True,True,False,501943.0,1784.0,-14.07,False,1.35,2.05,0.95,True,3,True,3.9,1.66,True,False,,tv_wilder_rsi14_sma5_v1,53.45,51.36,True,False,2.09
1878,1878.T,大東建託,2025-05,NEW,1,49.84,51.9,False,True,2.06,2025-05,3248.0,3248.0,3248.0,0.0,3209.08,3137.36,3328.64,True,True,False,False,True,False,False,1347967.0,3676.0,-11.64,False,1.49,1.51,0.76,True,4,True,-1.17,1.34,False,False,,tv_wilder_rsi14_sma5_v1,51.9,49.84,True,False,2.06
6856,6856.T,堀場製作所,2025-05,CONTINUE,5,50.72,52.77,True,True,2.06,2025-01,9783.0,10340.0,10340.0,5.69,9299.04,9088.85,10877.48,True,True,False,False,True,False,False,195313.0,16225.0,-39.7,False,1.04,2.24,1.0,True,4,True,-11.17,2.77,True,False,,tv_wilder_rsi14_sma5_v1,52.77,50.72,True,True,2.06
7734,7734.T,理研計器,2025-05,NEW,1,43.53,45.59,False,True,2.06,2025-05,2900.0,2900.0,2900.0,0.0,2738.8,2728.28,3411.53,True,True,False,False,True,False,False,50740.0,4500.0,-35.56,False,1.2,2.99,1.02,False,4,True,-14.09,3.83,False,False,,tv_wilder_rsi14_sma5_v1,45.59,43.53,True,False,2.06
8600,8600.T,トモニホールディングス,2025-05,CONTINUE,7,66.29,68.34,True,False,2.05,2024-11,450.0,538.0,538.0,19.56,426.4,402.27,407.35,True,True,True,False,True,True,True,688440.0,504.0,-10.71,False,1.1,2.3,0.96,True,1,True,9.42,3.18,False,False,,tv_wilder_rsi14_sma5_v1,68.34,66.29,False,True,2.05
3925,3925.T,ダブルスタンダード,2025-05,NEW,1,43.83,45.86,False,True,2.03,2025-05,1623.0,1623.0,1623.0,0.0,1539.0,1537.31,1585.2,True,True,True,False,True,False,False,28437.0,1884.0,-13.85,False,0.94,2.26,0.83,True,3,True,0.16,3.93,False,False,,tv_wilder_rsi14_sma5_v1,45.86,43.83,True,False,2.03
2767,2767.T,円谷フィールズホールディングス,2025-05,CONTINUE,2,51.23,53.25,True,True,2.01,2025-04,1862.0,1924.0,1924.0,3.33,1765.24,1742.52,1884.6,True,True,False,False,True,False,True,736197.0,2579.0,-27.8,False,0.49,3.28,0.55,True,1,True,1.52,4.22,False,False,,tv_wilder_rsi14_sma5_v1,53.25,51.23,True,True,2.01
6976,6976.T,太陽誘電,2025-05,NEW,1,38.76,40.77,True,True,2.01,2025-05,2428.0,2428.0,2428.0,0.0,2310.12,2376.41,2581.22,True,True,False,False,True,True,False,2254527.0,5164.0,-52.98,False,0.48,4.02,0.78,True,4,True,-10.44,4.17,False,False,,tv_wilder_rsi14_sma5_v1,40.77,38.76,True,True,2.01
8061,8061.T,西華産業,2025-05,NEW,1,69.2,71.2,False,True,2.0,2025-05,1580.0,1580.0,1580.0,0.0,1494.13,1486.82,1446.83,True,True,True,True,True,True,True,196550.0,1683.33,-6.14,False,0.82,2.37,0.74,True,2,True,10.92,1.29,False,False,,tv_wilder_rsi14_sma5_v1,71.2,69.2,True,False,2.0
6387,6387.T,サムコ,2025-05,NEW,1,39.21,41.2,False,True,1.99,2025-05,2749.0,2749.0,2749.0,0.0,2488.68,2605.52,3008.32,True,True,False,False,True,False,False,37403.0,4980.0,-44.8,False,1.05,3.13,0.96,True,4,True,-17.82,5.11,False,False,,tv_wilder_rsi14_sma5_v1,41.2,39.21,True,False,1.99
2281,2281.T,プリマハム,2025-05,CONTINUE,3,46.73,48.71,True,False,1.98,2025-03,2222.0,2275.0,2275.0,2.39,2219.68,2193.81,2267.41,True,True,False,False,True,True,False,80397.0,2560.0,-13.2,False,0.99,1.14,1.11,False,4,True,-2.67,0.52,False,False,,tv_wilder_rsi14_sma5_v1,48.71,46.73,False,True,1.98
4390,4390.T,ＩＰＳ,2025-05,NEW,1,48.49,50.46,False,True,1.97,2025-05,2356.0,2356.0,2356.0,0.0,2229.88,2238.01,2320.68,True,True,True,False,True,False,False,47320.0,2777.0,-15.16,False,0.7,3.12,0.74,True,1,True,-1.91,0.86,False,False,,tv_wilder_rsi14_sma5_v1,50.46,48.49,True,False,1.97
4568,4568.T,第一三共,2025-05,NEW,1,42.03,44.0,False,True,1.97,2025-05,3842.0,3842.0,3842.0,0.0,3610.4,3535.6,4360.79,True,True,False,False,True,False,False,6417713.0,6257.0,-38.6,False,1.0,3.53,0.93,True,4,True,-12.18,6.15,False,False,,tv_wilder_rsi14_sma5_v1,44.0,42.03,True,False,1.97
4681,4681.T,リゾートトラスト,2025-05,NEW,1,64.61,66.59,False,True,1.97,2025-05,1634.5,1634.5,1634.5,0.0,1541.78,1510.55,1467.29,True,True,True,True,True,True,True,614597.0,1663.0,-1.71,False,0.89,2.35,1.01,False,2,True,18.19,5.19,False,False,,tv_wilder_rsi14_sma5_v1,66.59,64.61,True,False,1.97
7282,7282.T,豊田合成,2025-05,CONTINUE,3,51.04,53.01,True,True,1.97,2025-03,2682.0,2806.0,2806.0,4.62,2695.32,2688.32,2628.67,False,False,True,True,False,True,False,439427.0,3423.0,-21.65,False,1.53,2.79,1.13,False,3,True,-2.82,1.95,False,False,,tv_wilder_rsi14_sma5_v1,53.01,51.04,True,True,1.97
9107,9107.T,川崎汽船,2025-05,NEW,1,56.08,58.05,False,True,1.97,2025-05,2177.0,2177.0,2177.0,0.0,2067.4,2055.13,2069.67,True,True,True,False,True,True,False,7992867.0,2796.0,-22.14,False,0.55,2.32,0.74,True,3,True,-0.12,1.4,False,False,,tv_wilder_rsi14_sma5_v1,58.05,56.08,True,False,1.97
8393,8393.T,宮崎銀行,2025-05,NEW,1,60.13,62.1,True,True,1.96,2025-05,689.0,689.0,689.0,0.0,640.68,639.89,605.3,True,True,True,True,True,True,False,189050.0,721.0,-4.44,False,0.99,2.25,0.73,True,1,True,9.92,1.59,False,False,,tv_wilder_rsi14_sma5_v1,62.1,60.13,True,True,1.96
3097,3097.T,物語コーポレーション,2025-05,CONTINUE,3,49.77,51.72,True,False,1.95,2025-03,3385.0,3585.0,3585.0,5.91,3334.8,3392.8,3477.05,True,False,False,False,True,False,False,194850.0,4810.0,-29.63,False,0.99,1.88,0.97,True,1,True,-8.7,1.61,False,False,,tv_wilder_rsi14_sma5_v1,51.72,49.77,False,True,1.95
6323,6323.T,ローツェ,2025-05,NEW,1,47.65,49.61,True,True,1.95,2025-05,1654.5,1654.5,1654.5,0.0,1561.78,1540.7,1744.76,True,True,False,False,True,False,False,1681030.0,3530.0,-53.13,False,0.66,3.15,0.84,True,4,True,-18.8,2.3,False,False,,tv_wilder_rsi14_sma5_v1,49.61,47.65,True,True,1.95
6590,6590.T,芝浦メカトロニクス,2025-05,NEW,1,53.37,55.32,False,True,1.95,2025-05,1636.0,1636.0,1636.0,0.0,1454.8,1481.84,1619.25,True,True,True,False,True,False,False,2837517.0,2304.0,-28.99,False,0.92,5.01,0.87,True,1,True,1.34,5.13,False,False,,tv_wilder_rsi14_sma5_v1,55.32,53.37,True,False,1.95
9757,9757.T,船井総研ホールディングス,2025-05,NEW,1,45.98,47.93,True,True,1.95,2025-05,1188.5,1188.5,1188.5,0.0,1168.22,1166.03,1171.93,True,True,True,False,True,False,True,149140.0,1267.0,-6.2,False,1.31,1.9,1.01,False,2,True,3.0,2.56,False,False,,tv_wilder_rsi14_sma5_v1,47.93,45.98,True,True,1.95
9678,9678.T,カナモト,2025-05,NEW,1,59.91,61.85,False,True,1.94,2025-05,3300.0,3300.0,3300.0,0.0,3210.2,3158.69,3018.14,True,True,True,True,True,True,True,73757.0,3415.0,-3.37,False,0.84,1.86,0.9,True,2,True,17.44,2.23,True,False,,tv_wilder_rsi14_sma5_v1,61.85,59.91,True,False,1.94
7095,7095.T,ＭａｃｂｅｅＰｌａｎｅｔ,2025-05,NEW,1,49.19,51.12,True,True,1.93,2025-05,3255.0,3255.0,3255.0,0.0,2922.76,2987.73,2887.11,True,True,True,False,True,False,False,94583.0,3770.0,-13.66,False,1.24,3.4,1.05,False,1,True,5.09,3.45,False,False,,tv_wilder_rsi14_sma5_v1,51.12,49.19,True,True,1.93
8065,8065.T,佐藤商事,2025-05,NEW,1,51.22,53.14,True,True,1.92,2025-05,1512.0,1512.0,1512.0,0.0,1474.68,1471.56,1434.56,True,True,True,True,True,True,False,22733.0,1738.0,-13.0,False,0.59,1.68,0.61,True,3,True,2.32,1.66,False,False,,tv_wilder_rsi14_sma5_v1,53.14,51.22,True,True,1.92
3186,3186.T,ネクステージ,2025-05,CONTINUE,5,41.3,43.21,True,False,1.91,2025-01,1505.0,1660.0,1660.0,10.3,1434.6,1440.36,1947.29,True,True,False,False,True,False,False,720910.0,3055.0,-50.74,False,0.87,2.91,0.77,True,4,True,-18.16,6.54,False,False,,tv_wilder_rsi14_sma5_v1,43.21,41.3,False,True,1.91
7220,7220.T,武蔵精密工業,2025-05,NEW,1,57.15,59.05,False,True,1.91,2025-05,2863.0,2863.0,2863.0,0.0,2617.08,2578.33,2666.28,True,True,True,False,True,False,True,913487.0,4355.0,-34.26,False,0.76,5.35,0.94,True,2,True,19.66,-0.15,False,False,,tv_wilder_rsi14_sma5_v1,59.05,57.15,True,False,1.91
7267,7267.T,本田技研工業,2025-05,CONTINUE,2,48.33,50.22,False,True,1.89,2025-04,1453.0,1468.0,1468.0,1.03,1365.56,1422.33,1469.16,True,True,False,False,False,False,False,23994923.0,1856.5,-21.73,False,1.04,3.18,0.59,True,4,True,-8.2,4.73,False,False,,tv_wilder_rsi14_sma5_v1,50.22,48.33,True,False,1.89
3104,3104.T,富士紡ホールディングス,2025-05,NEW,1,59.76,61.64,False,True,1.88,2025-05,1743.33,1743.33,1743.33,0.0,1643.73,1633.8,1622.48,True,True,True,True,True,False,True,94010.0,1866.67,-6.61,False,0.9,3.03,0.8,True,2,True,9.28,1.36,False,False,,tv_wilder_rsi14_sma5_v1,61.64,59.76,True,False,1.88
7380,7380.T,十六フィナンシャルグループ,2025-05,CONTINUE,6,65.0,66.88,True,True,1.88,2024-12,856.0,986.0,986.0,15.19,868.52,836.36,884.55,False,True,False,False,True,True,True,430100.0,985.0,-13.1,False,0.88,1.55,0.88,True,4,False,2.34,-1.49,False,False,,tv_wilder_rsi14_sma5_v1,66.88,65.0,True,True,1.88
4051,4051.T,GMOフィナンシャルゲート,2025-05,NEW,1,39.6,41.47,False,True,1.87,2025-05,5860.0,5860.0,5860.0,0.0,5095.6,5280.27,6398.2,True,True,False,False,True,False,False,60227.0,7990.0,-26.66,False,1.96,4.88,1.17,False,4,True,-9.07,4.2,True,False,,tv_wilder_rsi14_sma5_v1,41.47,39.6,True,False,1.87
5393,5393.T,ニチアス,2025-05,NEW,1,59.39,61.26,False,True,1.87,2025-05,1667.67,1667.67,1667.67,0.0,1614.28,1546.13,1723.89,True,True,False,False,True,False,True,447450.0,2053.33,-18.78,False,1.08,2.25,0.94,True,4,True,2.41,0.24,True,False,,tv_wilder_rsi14_sma5_v1,61.26,59.39,True,False,1.87
6101,6101.T,ツガミ,2025-05,CONTINUE,6,63.79,65.66,True,True,1.87,2024-12,1558.0,1869.0,1869.0,19.96,1403.32,1424.68,1406.06,True,True,True,False,True,False,True,146983.0,1738.0,-10.36,False,1.27,2.12,1.09,False,2,True,14.12,2.75,True,False,,tv_wilder_rsi14_sma5_v1,65.66,63.79,True,True,1.87
9672,9672.T,東京都競馬,2025-05,NEW,1,53.07,54.95,False,True,1.87,2025-05,4500.0,4500.0,4500.0,0.0,4331.2,4367.2,4290.52,True,True,True,False,True,False,True,55230.0,4880.0,-7.79,False,0.9,1.94,0.96,True,2,True,5.17,2.71,False,False,,tv_wilder_rsi14_sma5_v1,54.95,53.07,True,False,1.87
2874,2874.T,横浜冷凍,2025-05,CONTINUE,5,40.64,42.48,True,True,1.84,2025-01,868.0,875.0,875.0,0.81,843.36,860.13,953.65,True,True,False,False,True,False,False,185310.0,1175.0,-26.13,False,0.8,1.28,1.06,False,4,True,-12.8,2.19,False,False,,tv_wilder_rsi14_sma5_v1,42.48,40.64,True,True,1.84
3167,3167.T,ＴＯＫＡＩホールディングス,2025-05,CONTINUE,3,53.12,54.95,True,False,1.83,2025-03,983.0,986.0,986.0,0.31,959.56,948.43,955.52,True,True,True,False,True,True,True,414407.0,1018.0,-3.44,False,2.07,1.26,1.05,False,1,True,1.3,1.06,False,False,,tv_wilder_rsi14_sma5_v1,54.95,53.12,False,True,1.83
3387,3387.T,クリエイト・レストランツ・ホールディン,2025-05,CONTINUE,3,65.69,67.52,True,True,1.83,2025-03,652.5,699.5,699.5,7.2,652.66,632.58,584.44,False,True,True,True,False,True,True,1451193.0,685.0,-4.74,False,0.56,2.06,0.99,True,2,True,17.42,0.92,False,False,,tv_wilder_rsi14_sma5_v1,67.52,65.69,True,True,1.83
6481,6481.T,ＴＨＫ,2025-05,NEW,1,61.92,63.75,True,True,1.83,2025-05,3957.0,3957.0,3957.0,0.0,3669.68,3656.35,3274.22,True,True,True,True,True,True,True,765693.0,4010.0,-1.32,False,1.33,2.52,0.88,True,2,True,19.77,2.95,False,False,,tv_wilder_rsi14_sma5_v1,63.75,61.92,True,True,1.83
2884,2884.T,ヨシムラ・フード・ホールディングス,2025-05,NEW,1,42.73,44.54,False,True,1.81,2025-05,1015.0,1015.0,1015.0,0.0,937.92,957.56,1247.12,True,True,False,False,True,False,False,206733.0,1914.0,-46.97,False,1.76,2.96,1.24,False,4,True,-16.33,3.07,True,False,,tv_wilder_rsi14_sma5_v1,44.54,42.73,True,False,1.81
8111,8111.T,ゴールドウイン,2025-05,CONTINUE,3,45.04,46.85,False,True,1.81,2025-03,2753.0,2760.33,2760.33,0.27,2504.53,2667.91,2789.87,True,True,False,False,False,False,False,564860.0,3353.33,-17.9,False,1.56,2.8,1.17,False,4,True,-3.97,7.28,False,False,,tv_wilder_rsi14_sma5_v1,46.85,45.04,True,False,1.81
4189,4189.T,ＫＨネオケム,2025-05,CONTINUE,5,54.45,56.25,True,False,1.8,2025-01,2102.0,2473.0,2473.0,17.65,2038.32,2047.24,2140.79,True,True,False,False,False,False,False,130260.0,2476.0,-15.11,False,0.94,1.46,1.01,False,4,True,-3.08,3.33,False,False,,tv_wilder_rsi14_sma5_v1,56.25,54.45,False,True,1.8
3046,3046.T,ジンズホールディングス,2025-05,CONTINUE,3,68.14,69.94,True,False,1.79,2025-03,6940.0,8520.0,8520.0,22.77,6770.4,6708.4,5670.82,True,True,True,True,False,True,True,131140.0,7340.0,-5.45,False,1.05,2.97,0.75,True,2,True,36.83,1.23,False,False,,tv_wilder_rsi14_sma5_v1,69.94,68.14,False,True,1.79
3201,3201.T,日本毛織,2025-05,CONTINUE,6,61.26,63.04,True,True,1.79,2024-12,1304.0,1497.0,1497.0,14.8,1282.24,1284.29,1320.61,True,True,False,False,True,False,False,99740.0,1496.0,-12.83,False,0.48,1.32,1.01,False,4,True,-3.27,0.77,False,False,,tv_wilder_rsi14_sma5_v1,63.04,61.26,True,True,1.79
7224,7224.T,新明和工業,2025-05,NEW,1,55.89,57.69,False,True,1.79,2025-05,1412.0,1412.0,1412.0,0.0,1353.8,1364.57,1345.71,True,True,True,False,True,True,False,199163.0,1538.0,-8.19,False,0.86,1.91,0.95,True,3,True,6.06,1.48,False,False,,tv_wilder_rsi14_sma5_v1,57.69,55.89,True,False,1.79
6920,6920.T,レーザーテック,2025-05,NEW,1,37.18,38.96,True,True,1.78,2025-05,14605.0,14605.0,14605.0,0.0,14108.2,13766.53,17867.25,True,True,False,False,True,False,False,5163490.0,45500.0,-67.9,False,0.92,3.78,0.96,True,4,True,-26.23,2.57,False,False,,tv_wilder_rsi14_sma5_v1,38.96,37.18,True,True,1.78
8142,8142.T,トーホー,2025-05,CONTINUE,3,54.58,56.36,True,False,1.78,2025-03,1161.67,1071.67,1071.67,-7.75,1004.91,962.85,986.8,True,True,True,False,True,True,False,307670.0,1325.0,-12.33,False,0.63,3.28,0.92,True,1,True,16.99,11.59,False,False,,tv_wilder_rsi14_sma5_v1,56.36,54.58,False,True,1.78
6383,6383.T,ダイフク,2025-05,CONTINUE,8,60.81,62.58,True,True,1.77,2024-10,2931.0,3868.0,3868.0,31.97,2801.26,2720.39,2997.51,True,True,False,False,True,False,True,1425917.0,3678.0,-20.31,False,1.4,2.55,1.04,False,4,True,4.3,4.82,False,False,,tv_wilder_rsi14_sma5_v1,62.58,60.81,True,True,1.77
3482,3482.T,ロードスターキャピタル,2025-05,NEW,1,56.7,58.45,True,True,1.76,2025-05,2683.0,2683.0,2683.0,0.0,2592.04,2514.84,2457.94,True,True,True,True,True,True,False,115677.0,3640.0,-26.29,False,0.77,1.75,0.87,True,3,True,3.95,2.99,False,False,,tv_wilder_rsi14_sma5_v1,58.45,56.7,True,True,1.76
4061,4061.T,デンカ,2025-05,NEW,1,35.12,36.83,False,True,1.72,2025-05,2056.5,2056.5,2056.5,0.0,1980.56,2045.42,2119.6,True,True,False,False,True,False,False,432633.0,2322.0,-11.43,False,0.83,2.63,0.81,True,4,False,-4.15,2.34,False,False,,tv_wilder_rsi14_sma5_v1,36.83,35.12,True,False,1.72
8522,8522.T,名古屋銀行,2025-05,NEW,1,65.67,67.38,True,True,1.71,2025-05,2686.67,2686.67,2686.67,0.0,2540.13,2460.0,2277.62,True,True,True,True,True,True,False,226580.0,2810.0,-4.39,False,0.61,2.69,0.66,True,1,True,12.66,1.05,False,False,,tv_wilder_rsi14_sma5_v1,67.38,65.67,True,True,1.71
8795,8795.T,Ｔ＆Ｄホールディングス,2025-05,NEW,1,67.29,69.0,True,True,1.7,2025-05,3314.0,3314.0,3314.0,0.0,3090.98,3046.25,2768.25,True,True,True,True,True,True,True,1851497.0,3381.0,-1.98,False,1.29,2.9,0.95,True,2,True,21.99,4.54,False,False,,tv_wilder_rsi14_sma5_v1,69.0,67.29,True,True,1.7
6490,6490.T,ＰＩＬＬＡＲ,2025-05,NEW,1,44.13,45.79,False,True,1.66,2025-05,3765.0,3765.0,3765.0,0.0,3697.4,3552.68,4032.26,True,True,False,False,True,False,False,66063.0,5810.0,-35.2,False,0.81,2.91,0.84,True,4,True,-11.66,3.37,False,False,,tv_wilder_rsi14_sma5_v1,45.79,44.13,True,False,1.66
7447,7447.T,ナガイレーベン,2025-05,CONTINUE,2,42.13,43.79,False,False,1.66,2025-04,2105.0,1975.0,1975.0,-6.18,1996.2,1982.37,2234.45,True,True,False,False,True,False,False,47197.0,2702.0,-22.09,False,0.9,2.42,0.69,True,4,True,-7.11,5.18,False,False,,tv_wilder_rsi14_sma5_v1,43.79,42.13,False,False,1.66
4212,4212.T,積水樹脂,2025-05,NEW,1,39.56,41.21,False,True,1.65,2025-05,1927.0,1927.0,1927.0,0.0,1857.96,1875.07,2086.99,True,True,False,False,True,False,False,49503.0,2650.0,-27.28,False,1.1,2.18,0.9,True,4,True,-7.47,2.86,False,False,,tv_wilder_rsi14_sma5_v1,41.21,39.56,True,False,1.65
9101,9101.T,日本郵船,2025-05,NEW,1,57.48,59.13,False,True,1.65,2025-05,5271.0,5271.0,5271.0,0.0,4995.76,5018.32,4986.2,True,True,True,False,True,True,True,4718530.0,5543.0,-4.91,False,0.58,1.91,0.68,True,2,True,2.9,-0.04,False,False,,tv_wilder_rsi14_sma5_v1,59.13,57.48,True,False,1.65
5970,5970.T,ジーテクト,2025-05,NEW,1,49.83,51.47,False,True,1.64,2025-05,1732.0,1732.0,1732.0,0.0,1647.44,1652.51,1632.31,True,True,True,False,True,False,False,128287.0,1988.0,-12.88,False,0.75,1.99,0.77,True,3,True,3.67,4.84,False,False,,tv_wilder_rsi14_sma5_v1,51.47,49.83,True,False,1.64
8237,8237.T,松屋,2025-05,NEW,1,52.87,54.51,True,True,1.64,2025-05,1090.0,1090.0,1090.0,0.0,1014.16,1021.16,954.62,True,True,True,False,True,False,False,329363.0,1339.0,-18.6,False,0.96,3.75,1.03,False,1,True,13.6,8.92,False,False,,tv_wilder_rsi14_sma5_v1,54.51,52.87,True,True,1.64
3993,3993.T,ＰＫＳＨＡＴｅｃｈｎｏｌｏｇｙ,2025-05,NEW,1,48.67,50.27,False,True,1.61,2025-05,3335.0,3335.0,3335.0,0.0,2992.8,3168.41,3369.2,True,True,False,False,True,False,False,560410.0,4790.0,-30.38,False,1.15,3.59,1.08,False,1,True,-4.34,5.92,False,False,,tv_wilder_rsi14_sma5_v1,50.27,48.67,True,False,1.61
167A,167A.T,リョーサン菱洋ホールディングス,2025-05,NEW,1,43.37,44.95,True,True,1.58,2025-05,2524.0,2524.0,2524.0,0.0,2441.76,2456.95,2485.1,True,True,True,False,True,False,False,117550.0,3300.0,-23.52,False,1.06,1.61,1.06,False,3,True,-2.11,2.21,False,False,,tv_wilder_rsi14_sma5_v1,44.95,43.37,True,True,1.58
1882,1882.T,東亜道路工業,2025-05,CONTINUE,4,67.9,69.48,True,False,1.58,2025-02,1491.0,1524.0,1524.0,2.21,1420.76,1324.87,1295.92,True,True,True,True,True,True,True,154270.0,1603.0,-6.99,False,0.76,2.17,0.49,True,2,True,17.06,3.61,False,False,,tv_wilder_rsi14_sma5_v1,69.48,67.9,False,True,1.58
2804,2804.T,ブルドックソース,2025-05,CONTINUE,2,39.26,40.83,False,True,1.58,2025-04,1743.0,1750.0,1750.0,0.4,1707.64,1740.77,1806.65,True,True,False,False,False,False,False,28437.0,2094.0,-16.76,False,0.55,1.72,0.63,True,4,True,-6.04,2.53,False,False,,tv_wilder_rsi14_sma5_v1,40.83,39.26,True,False,1.58
4958,4958.T,長谷川香料,2025-05,NEW,1,45.0,46.57,False,True,1.57,2025-05,2917.0,2917.0,2917.0,0.0,2864.36,2826.63,3027.91,True,True,False,False,True,False,False,42953.0,3525.0,-17.25,False,1.25,2.27,1.05,False,4,True,-0.6,3.08,False,False,,tv_wilder_rsi14_sma5_v1,46.57,45.0,True,False,1.57
4506,4506.T,住友ファーマ,2025-05,CONTINUE,5,53.08,54.63,True,False,1.56,2025-01,610.0,760.0,760.0,24.59,563.4,587.44,504.11,True,True,True,False,False,False,True,2011037.0,692.0,-11.85,False,1.44,3.65,1.22,False,2,True,25.58,3.65,True,False,,tv_wilder_rsi14_sma5_v1,54.63,53.08,False,True,1.56
7989,7989.T,立川ブラインド工業,2025-05,CONTINUE,7,60.31,61.87,True,True,1.56,2024-11,1347.0,1502.0,1502.0,11.51,1341.16,1309.84,1369.35,True,True,False,False,True,True,False,29243.0,1548.0,-12.98,False,0.95,1.26,0.85,True,4,True,-1.21,0.7,False,False,,tv_wilder_rsi14_sma5_v1,61.87,60.31,True,True,1.56
4072,4072.T,電算システムホールディングス,2025-05,CONTINUE,4,44.68,46.21,True,True,1.53,2025-02,2470.0,2516.0,2516.0,1.86,2384.2,2433.51,2573.13,True,True,False,False,False,False,False,23987.0,2948.0,-16.21,False,0.87,2.92,0.74,True,4,True,-4.09,4.26,False,False,,tv_wilder_rsi14_sma5_v1,46.21,44.68,True,True,1.53
9534,9534.T,北海道瓦斯,2025-05,CONTINUE,2,52.93,54.46,False,False,1.53,2025-04,558.0,550.0,550.0,-1.43,511.12,521.65,567.61,True,True,False,False,False,False,False,145850.0,757.0,-26.29,False,0.98,2.66,0.72,True,4,True,-3.0,3.97,True,False,,tv_wilder_rsi14_sma5_v1,54.46,52.93,False,False,1.53
9702,9702.T,アイ・エス・ビー,2025-05,CONTINUE,3,47.85,49.37,True,True,1.52,2025-03,1341.0,1355.0,1355.0,1.04,1333.2,1342.53,1405.85,True,False,False,False,True,False,False,40323.0,1619.0,-17.17,False,0.65,1.75,0.98,True,4,True,-4.22,2.03,False,False,,tv_wilder_rsi14_sma5_v1,49.37,47.85,True,True,1.52
3843,3843.T,フリービット,2025-05,CONTINUE,4,56.68,58.19,True,True,1.51,2025-02,1537.0,1556.0,1556.0,1.24,1494.28,1421.49,1336.17,True,True,True,True,True,True,True,100673.0,1697.0,-9.43,False,0.52,2.5,0.79,True,1,True,10.8,0.16,False,False,,tv_wilder_rsi14_sma5_v1,58.19,56.68,True,True,1.51
1377,1377.T,サカタのタネ,2025-05,NEW,1,42.82,44.32,True,True,1.5,2025-05,3455.0,3455.0,3455.0,0.0,3359.0,3392.93,3447.65,True,True,True,False,True,False,False,164957.0,3720.0,-7.12,False,2.71,1.43,1.1,False,3,True,0.11,2.89,False,False,,tv_wilder_rsi14_sma5_v1,44.32,42.82,True,True,1.5
5959,5959.T,岡部,2025-05,CONTINUE,4,57.13,58.62,True,False,1.49,2025-02,815.0,854.0,854.0,4.79,765.76,770.75,769.29,True,True,True,False,True,False,False,53550.0,885.0,-7.91,False,1.03,2.3,1.32,False,1,True,3.14,4.23,False,False,,tv_wilder_rsi14_sma5_v1,58.62,57.13,False,True,1.49
7347,7347.T,マーキュリアホールディングス,2025-05,CONTINUE,3,47.47,48.95,True,False,1.48,2025-03,807.0,796.0,796.0,-1.36,763.24,774.97,840.26,True,True,False,False,True,False,False,86740.0,1129.0,-28.52,False,0.88,2.0,1.0,False,4,True,-7.81,3.52,True,False,,tv_wilder_rsi14_sma5_v1,48.95,47.47,False,True,1.48
3003,3003.T,ヒューリック,2025-05,CONTINUE,4,55.61,57.08,True,False,1.47,2025-02,1402.0,1462.0,1462.0,4.28,1374.38,1385.69,1425.8,True,True,False,False,True,False,False,3294180.0,1601.0,-12.43,False,1.2,1.3,0.94,True,4,False,-4.11,0.73,False,False,,tv_wilder_rsi14_sma5_v1,57.08,55.61,False,True,1.47
4971,4971.T,メック,2025-05,NEW,1,38.95,40.42,False,True,1.47,2025-05,2599.0,2599.0,2599.0,0.0,2456.92,2468.65,3133.82,True,True,False,False,True,False,False,192033.0,4700.0,-44.7,False,0.91,2.81,0.85,True,4,False,-17.83,5.02,False,False,,tv_wilder_rsi14_sma5_v1,40.42,38.95,True,False,1.47
9404,9404.T,日本テレビホールディングス,2025-05,CONTINUE,6,79.47,80.94,True,False,1.47,2024-12,2747.5,3277.0,3277.0,19.27,2634.68,2420.55,2324.89,True,True,True,True,True,True,True,492143.0,2882.0,-4.67,False,0.87,2.76,1.07,False,2,True,32.91,3.13,False,False,,tv_wilder_rsi14_sma5_v1,80.94,79.47,False,True,1.47
9755,9755.T,応用地質,2025-05,NEW,1,58.51,59.98,True,True,1.47,2025-05,2825.0,2825.0,2825.0,0.0,2694.36,2754.11,2585.06,True,True,True,False,True,True,True,56573.0,3135.0,-9.89,False,0.95,3.27,0.68,True,2,True,10.34,0.28,True,False,,tv_wilder_rsi14_sma5_v1,59.98,58.51,True,True,1.47
2811,2811.T,カゴメ,2025-05,CONTINUE,3,43.21,44.67,True,True,1.46,2025-03,2937.5,2978.0,2978.0,1.38,2972.6,2935.76,3105.86,False,True,False,False,True,False,False,332627.0,4297.0,-31.64,False,0.87,1.45,0.85,True,4,True,-6.65,1.12,False,False,,tv_wilder_rsi14_sma5_v1,44.67,43.21,True,True,1.46
9409,9409.T,テレビ朝日ホールディングス,2025-05,CONTINUE,7,74.38,75.84,True,True,1.46,2024-11,2182.0,2610.0,2610.0,19.62,2025.44,2007.92,2041.03,True,True,True,False,True,True,True,109433.0,2290.0,-4.72,False,1.09,2.3,1.07,False,1,True,15.05,3.6,False,False,,tv_wilder_rsi14_sma5_v1,75.84,74.38,True,True,1.46
6619,6619.T,ダブル・スコープ,2025-05,NEW,1,35.0,36.45,True,True,1.45,2025-05,284.0,284.0,284.0,0.0,260.16,248.87,304.25,True,True,False,False,True,True,False,844480.0,603.0,-52.9,False,1.06,4.15,0.97,True,4,True,-14.87,3.22,False,False,,tv_wilder_rsi14_sma5_v1,36.45,35.0,True,True,1.45
6758,6758.T,ソニーグループ,2025-05,CONTINUE,7,74.61,76.07,True,True,1.45,2024-11,3007.0,3810.0,3810.0,26.7,2866.18,2770.17,2687.65,True,True,True,True,True,True,True,12264863.0,3097.0,-2.91,False,0.88,2.08,0.86,True,2,True,13.06,2.17,False,False,,tv_wilder_rsi14_sma5_v1,76.07,74.61,True,True,1.45
2730,2730.T,エディオン,2025-05,CONTINUE,3,68.92,70.35,True,False,1.44,2025-03,1876.0,1905.0,1905.0,1.55,1842.72,1805.61,1774.57,True,True,True,True,True,True,True,805570.0,1943.0,-3.45,False,1.71,1.64,1.06,False,2,True,9.71,1.6,False,False,,tv_wilder_rsi14_sma5_v1,70.35,68.92,False,True,1.44
4997,4997.T,日本農薬,2025-05,CONTINUE,7,57.13,58.57,True,False,1.44,2024-11,675.0,803.0,803.0,18.96,676.28,635.76,697.32,False,True,False,False,True,False,True,155997.0,834.0,-19.06,False,0.46,2.54,0.74,True,4,True,3.23,1.95,False,False,,tv_wilder_rsi14_sma5_v1,58.57,57.13,False,True,1.44
9531,9531.T,東京瓦斯,2025-05,CONTINUE,8,72.77,74.2,True,True,1.43,2024-10,3769.0,4845.0,4845.0,28.55,3328.0,3391.65,3438.6,True,True,True,False,False,False,False,1466010.0,4155.0,-9.29,False,1.66,2.51,1.26,False,1,True,11.65,2.62,True,False,,tv_wilder_rsi14_sma5_v1,74.2,72.77,True,True,1.43
7102,7102.T,日本車輌製造,2025-05,NEW,1,44.84,46.26,False,True,1.42,2025-05,2098.0,2098.0,2098.0,0.0,2056.08,2051.52,2122.41,True,True,False,False,True,False,False,14227.0,2816.0,-25.5,False,0.61,1.57,0.82,True,1,True,-2.54,2.66,False,False,,tv_wilder_rsi14_sma5_v1,46.26,44.84,True,False,1.42
7211,7211.T,三菱自動車工業,2025-05,NEW,1,47.32,48.74,False,True,1.42,2025-05,435.7,435.7,435.7,0.0,416.81,409.9,421.43,True,True,True,False,True,False,False,8916143.0,572.9,-23.95,False,0.64,3.0,0.76,True,1,True,3.0,4.31,False,False,,tv_wilder_rsi14_sma5_v1,48.74,47.32,True,False,1.42
9324,9324.T,安田倉庫,2025-05,NEW,1,78.21,79.63,False,True,1.42,2025-05,1865.0,1865.0,1865.0,0.0,1791.96,1764.81,1704.14,True,True,True,True,True,True,True,36643.0,1980.0,-5.81,False,0.5,2.27,0.67,True,2,True,16.53,2.68,False,False,,tv_wilder_rsi14_sma5_v1,79.63,78.21,True,False,1.42
9735,9735.T,セコム,2025-05,CONTINUE,2,54.37,55.79,False,True,1.42,2025-04,5248.0,5268.0,5268.0,0.38,5152.24,5177.91,5179.31,True,True,True,False,False,False,True,1129243.0,5615.0,-6.54,False,0.86,2.33,0.74,True,2,True,1.07,1.97,False,False,,tv_wilder_rsi14_sma5_v1,55.79,54.37,True,False,1.42
9842,9842.T,アークランズ,2025-05,CONTINUE,2,50.12,51.54,True,False,1.42,2025-04,1734.0,1709.0,1709.0,-1.44,1694.16,1673.64,1703.15,True,True,True,False,True,True,False,240693.0,1986.0,-12.69,False,0.84,2.23,0.79,True,3,True,-0.59,2.82,False,False,,tv_wilder_rsi14_sma5_v1,51.54,50.12,False,True,1.42
7525,7525.T,リックス,2025-05,NEW,1,50.97,52.35,True,True,1.38,2025-05,3020.0,3020.0,3020.0,0.0,2942.0,2947.75,2869.39,True,True,True,False,True,True,False,14107.0,3350.0,-9.85,False,0.98,2.59,1.09,False,3,True,2.76,2.61,False,False,,tv_wilder_rsi14_sma5_v1,52.35,50.97,True,True,1.38
6062,6062.T,チャーム  ･ケア  ･コーポレーション,2025-05,NEW,1,48.74,50.11,False,True,1.37,2025-05,1309.0,1309.0,1309.0,0.0,1252.52,1264.21,1291.61,True,True,True,False,False,False,False,73933.0,1670.0,-21.62,False,1.37,2.34,0.9,True,3,True,-0.2,2.61,False,False,,tv_wilder_rsi14_sma5_v1,50.11,48.74,True,False,1.37
8153,8153.T,モスフードサービス,2025-05,CONTINUE,3,57.92,59.29,False,False,1.37,2025-03,3660.0,3665.0,3665.0,0.14,3580.4,3587.27,3557.35,True,True,True,False,True,False,True,151377.0,3845.0,-4.81,False,2.3,1.27,1.05,False,2,True,1.99,0.21,False,False,,tv_wilder_rsi14_sma5_v1,59.29,57.92,False,False,1.37
2004,2004.T,昭和産業,2025-05,CONTINUE,4,46.73,48.1,True,False,1.36,2025-02,2817.0,2896.0,2896.0,2.8,2776.6,2775.29,2955.29,True,True,False,False,True,False,False,37467.0,3615.0,-22.07,False,1.01,1.0,1.01,False,4,True,-6.75,2.01,False,False,,tv_wilder_rsi14_sma5_v1,48.1,46.73,False,True,1.36
3539,3539.T,ＪＭホールディングス,2025-05,CONTINUE,2,48.85,50.19,False,False,1.34,2025-04,1231.5,1222.5,1222.5,-0.73,1204.28,1198.07,1341.58,True,True,False,False,True,False,False,84813.0,1692.5,-27.24,False,1.13,2.64,0.7,True,4,True,-5.93,3.96,False,False,,tv_wilder_rsi14_sma5_v1,50.19,48.85,False,False,1.34
5838,5838.T,楽天銀行,2025-05,NEW,1,82.41,83.75,True,True,1.34,2025-05,7549.0,7549.0,7549.0,0.0,6197.88,5975.48,4562.95,True,True,True,True,True,True,True,2370107.0,7590.0,-0.54,False,1.34,4.52,0.87,True,2,True,91.17,10.15,False,False,,tv_wilder_rsi14_sma5_v1,83.75,82.41,True,True,1.34
6501,6501.T,日立製作所,2025-05,NEW,1,70.23,71.57,False,True,1.34,2025-05,4046.0,4046.0,4046.0,0.0,3803.72,3717.4,3751.2,True,True,True,False,True,False,True,12818937.0,4448.0,-9.04,False,1.13,2.12,0.84,True,2,True,14.07,1.37,False,False,,tv_wilder_rsi14_sma5_v1,71.57,70.23,True,False,1.34
8399,8399.T,琉球銀行,2025-05,NEW,1,54.26,55.6,True,True,1.34,2025-05,1161.0,1161.0,1161.0,0.0,1094.12,1102.64,1065.38,True,True,True,False,True,True,False,141363.0,1342.0,-13.49,False,0.81,3.3,0.63,True,3,True,3.5,2.86,False,False,,tv_wilder_rsi14_sma5_v1,55.6,54.26,True,True,1.34
9552,9552.T,クオンツ総研ホールディングス,2025-05,NEW,1,40.21,41.55,False,True,1.34,2025-05,1428.0,1428.0,1428.0,0.0,1337.6,1291.36,1977.15,True,True,False,False,True,False,False,903383.0,4620.0,-69.09,False,0.88,4.2,0.86,True,4,True,-26.09,6.71,False,False,,tv_wilder_rsi14_sma5_v1,41.55,40.21,True,False,1.34
4633,4633.T,サカタインクス,2025-05,NEW,1,66.13,67.46,True,True,1.33,2025-05,1928.0,1928.0,1928.0,0.0,1857.16,1834.51,1691.86,True,True,True,True,True,True,True,178673.0,2021.0,-4.6,False,0.77,1.39,0.91,True,2,True,14.46,0.8,False,False,,tv_wilder_rsi14_sma5_v1,67.46,66.13,True,True,1.33
6902,6902.T,デンソー,2025-05,NEW,1,42.86,44.19,False,True,1.33,2025-05,1961.5,1961.5,1961.5,0.0,1905.98,1892.44,2060.23,True,True,False,False,True,False,False,7731293.0,2666.5,-26.44,False,1.04,1.99,0.87,True,4,True,-10.0,2.2,False,False,,tv_wilder_rsi14_sma5_v1,44.19,42.86,True,False,1.33
8035,8035.T,東京エレクトロン,2025-05,NEW,1,47.17,48.5,False,True,1.33,2025-05,23000.0,23000.0,23000.0,0.0,22541.6,22077.13,23698.03,True,True,False,False,True,False,False,3753893.0,38930.0,-40.92,False,0.96,3.06,0.91,True,4,True,-9.82,2.93,False,False,,tv_wilder_rsi14_sma5_v1,48.5,47.17,True,False,1.33
3179,3179.T,シュッピン,2025-05,CONTINUE,3,47.3,48.62,True,True,1.32,2025-03,1131.0,1115.0,1115.0,-1.41,1045.12,1047.03,1172.29,True,True,False,False,False,True,False,392290.0,1547.0,-26.89,False,1.1,3.06,1.04,False,4,True,-1.68,5.21,False,False,,tv_wilder_rsi14_sma5_v1,48.62,47.3,True,True,1.32
2211,2211.T,不二家,2025-05,NEW,1,43.69,44.99,False,True,1.31,2025-05,2383.0,2383.0,2383.0,0.0,2391.96,2364.77,2537.68,False,True,False,False,True,False,False,37000.0,2810.0,-15.2,False,0.79,1.17,0.74,True,4,False,-2.3,1.83,False,False,,tv_wilder_rsi14_sma5_v1,44.99,43.69,True,False,1.31
6718,6718.T,アイホン,2025-05,NEW,1,48.79,50.1,False,True,1.31,2025-05,2647.0,2647.0,2647.0,0.0,2579.36,2585.09,2721.33,True,True,False,False,True,False,False,29827.0,3230.0,-18.05,False,0.45,1.46,0.75,True,4,True,-3.22,2.58,False,False,,tv_wilder_rsi14_sma5_v1,50.1,48.79,True,False,1.31
9020,9020.T,東日本旅客鉄道,2025-05,CONTINUE,4,56.99,58.27,True,False,1.28,2025-02,2968.0,3030.0,3030.0,2.09,2788.44,2807.1,2794.95,True,True,True,False,True,False,False,2431507.0,3093.0,-4.04,False,1.59,1.42,1.11,False,3,True,5.51,4.64,False,False,,tv_wilder_rsi14_sma5_v1,58.27,56.99,False,True,1.28
7637,7637.T,白銅,2025-05,NEW,1,44.11,45.38,False,True,1.27,2025-05,2266.0,2266.0,2266.0,0.0,2203.76,2229.33,2326.99,True,True,False,False,True,False,False,12910.0,2990.0,-24.21,False,0.53,2.31,0.66,True,4,True,-6.91,1.92,False,False,,tv_wilder_rsi14_sma5_v1,45.38,44.11,True,False,1.27
4719,4719.T,アルファシステムズ,2025-05,NEW,1,50.33,51.59,True,True,1.26,2025-05,3385.0,3385.0,3385.0,0.0,3305.0,3309.55,3221.8,True,True,True,False,True,False,True,9600.0,3690.0,-8.27,False,0.55,3.01,0.65,True,2,True,9.97,2.27,False,False,,tv_wilder_rsi14_sma5_v1,51.59,50.33,True,True,1.26
2875,2875.T,東洋水産,2025-05,NEW,1,55.62,56.87,False,True,1.25,2025-05,9590.0,9590.0,9590.0,0.0,9428.12,9111.4,9505.92,True,True,True,False,True,False,False,424230.0,11800.0,-18.73,False,0.83,2.23,0.71,True,3,True,-2.1,-0.92,False,False,,tv_wilder_rsi14_sma5_v1,56.87,55.62,True,False,1.25
4839,4839.T,ＷＯＷＯＷ,2025-05,CONTINUE,5,33.37,34.61,True,False,1.24,2025-01,1003.0,1012.0,1012.0,0.9,997.72,1001.33,1050.38,True,True,False,False,True,False,False,33750.0,1181.0,-15.07,False,1.52,1.26,1.3,False,4,True,-5.49,1.66,False,False,,tv_wilder_rsi14_sma5_v1,34.61,33.37,False,True,1.24
6533,6533.T,ＯｒｃｈｅｓｔｒａＨｏｌｄｉｎｇｓ,2025-05,CONTINUE,3,36.11,37.35,True,True,1.24,2025-03,832.0,803.0,803.0,-3.49,780.72,780.83,926.04,True,True,False,False,False,False,False,27967.0,1488.0,-44.09,False,1.29,3.6,1.1,False,4,True,-10.59,5.77,False,False,,tv_wilder_rsi14_sma5_v1,37.35,36.11,True,True,1.24
8074,8074.T,ＹＵＡＳＡ,2025-05,NEW,1,48.65,49.89,True,True,1.24,2025-05,4520.0,4520.0,4520.0,0.0,4448.4,4465.93,4607.57,True,True,False,False,True,True,False,26317.0,5900.0,-23.39,False,0.98,1.77,0.8,True,4,True,-5.86,0.25,False,False,,tv_wilder_rsi14_sma5_v1,49.89,48.65,True,True,1.24
7038,7038.T,フロンティア・マネジメント,2025-05,CONTINUE,3,36.47,37.7,True,True,1.23,2025-03,692.0,734.0,734.0,6.07,683.04,728.33,976.59,True,False,False,False,False,False,False,66400.0,1755.0,-60.57,False,0.7,2.16,0.91,True,4,False,-31.64,2.51,False,False,,tv_wilder_rsi14_sma5_v1,37.7,36.47,True,True,1.23
8005,8005.T,スクロール,2025-05,NEW,1,57.22,58.46,False,True,1.23,2025-05,1062.0,1062.0,1062.0,0.0,1037.36,1026.44,1019.21,True,True,True,True,True,False,True,95527.0,1135.0,-6.43,False,0.63,1.31,0.75,True,2,True,4.09,-0.2,False,False,,tv_wilder_rsi14_sma5_v1,58.46,57.22,True,False,1.23
2337,2337.T,いちご,2025-05,CONTINUE,3,52.06,53.28,True,False,1.22,2025-03,386.0,382.0,382.0,-1.04,373.96,364.72,378.66,True,True,True,False,True,False,False,883463.0,468.0,-17.52,False,0.9,2.18,1.12,False,1,True,1.83,4.36,False,False,,tv_wilder_rsi14_sma5_v1,53.28,52.06,False,True,1.22
5208,5208.T,有沢製作所,2025-05,NEW,1,54.3,55.49,False,True,1.19,2025-05,1423.0,1423.0,1423.0,0.0,1346.88,1364.35,1420.55,True,True,True,False,True,False,False,192243.0,1706.0,-16.59,False,0.9,1.23,0.9,True,3,True,-3.14,1.75,False,False,,tv_wilder_rsi14_sma5_v1,55.49,54.3,True,False,1.19
6268,6268.T,ナブテスコ,2025-05,NEW,1,41.8,42.99,False,True,1.19,2025-05,2388.5,2388.5,2388.5,0.0,2332.72,2339.01,2446.76,True,True,False,False,True,False,False,594387.0,2977.5,-19.78,False,0.7,1.97,0.69,True,1,True,-3.46,3.33,False,False,,tv_wilder_rsi14_sma5_v1,42.99,41.8,True,False,1.19
8101,8101.T,ＧＳＩクレオス,2025-05,NEW,1,52.15,53.34,False,True,1.19,2025-05,2080.0,2080.0,2080.0,0.0,1984.96,2010.07,2046.63,True,True,True,False,True,False,False,28683.0,2305.0,-9.76,False,0.74,2.27,0.92,True,3,True,-0.34,4.14,False,False,,tv_wilder_rsi14_sma5_v1,53.34,52.15,True,False,1.19
3397,3397.T,トリドールホールディングス,2025-05,CONTINUE,4,58.59,59.77,True,False,1.18,2025-02,3862.0,4145.0,4145.0,7.33,3803.4,3769.09,3740.64,True,True,True,True,True,False,False,354817.0,4335.0,-10.91,False,1.13,2.76,1.34,False,1,True,4.57,3.8,False,False,,tv_wilder_rsi14_sma5_v1,59.77,58.59,False,True,1.18
8167,8167.T,リテールパートナーズ,2025-05,CONTINUE,5,42.65,43.82,True,False,1.18,2025-01,1279.0,1336.0,1336.0,4.46,1248.12,1260.24,1459.23,True,True,False,False,False,False,False,48130.0,1909.0,-33.0,False,1.62,1.37,0.98,True,4,True,-15.71,2.4,False,False,,tv_wilder_rsi14_sma5_v1,43.82,42.65,False,True,1.18
9005,9005.T,東急,2025-05,CONTINUE,2,48.94,50.12,True,True,1.18,2025-04,1738.0,1752.0,1752.0,0.81,1738.08,1727.98,1770.28,False,True,False,False,False,True,False,1616473.0,2055.0,-15.43,False,0.86,1.96,0.69,True,1,True,-2.37,1.11,False,False,,tv_wilder_rsi14_sma5_v1,50.12,48.94,True,True,1.18
9147,9147.T,NIPPON EXPRESSホールディングス,2025-05,NEW,1,53.37,54.55,True,True,1.18,2025-05,2677.5,2677.5,2677.5,0.0,2613.1,2634.31,2528.62,True,True,True,False,True,True,True,1035137.0,2843.0,-5.82,False,0.79,1.59,0.94,True,2,True,5.96,0.81,False,False,,tv_wilder_rsi14_sma5_v1,54.55,53.37,True,True,1.18
8739,8739.T,スパークス・グループ,2025-05,NEW,1,48.16,49.33,False,True,1.17,2025-05,1516.0,1516.0,1516.0,0.0,1473.0,1503.48,1436.48,True,True,True,False,True,True,False,37733.0,1828.0,-17.07,False,0.93,2.07,0.88,True,3,True,0.93,1.26,False,False,,tv_wilder_rsi14_sma5_v1,49.33,48.16,True,False,1.17
4229,4229.T,群栄化学工業,2025-05,CONTINUE,3,48.57,49.73,True,False,1.16,2025-03,2984.0,2946.0,2946.0,-1.27,2855.88,2751.57,2840.68,True,True,True,False,True,True,False,11597.0,3915.0,-23.78,False,1.7,1.95,1.09,False,3,True,2.05,4.3,False,False,,tv_wilder_rsi14_sma5_v1,49.73,48.57,False,True,1.16
9519,9519.T,レノバ,2025-05,CONTINUE,2,35.15,36.31,True,True,1.16,2025-04,652.0,679.0,679.0,4.14,598.04,649.8,794.46,True,True,False,False,False,False,False,729617.0,1580.0,-58.73,False,1.27,4.36,0.68,True,4,True,-21.55,7.54,False,False,,tv_wilder_rsi14_sma5_v1,36.31,35.15,True,True,1.16
4676,4676.T,フジ・メディア・ホールディングス,2025-05,CONTINUE,6,79.2,80.34,True,False,1.14,2024-12,1731.5,2872.0,2872.0,65.87,1757.26,1724.12,1779.22,False,True,False,False,True,True,False,545417.0,2059.0,-15.91,False,2.11,2.6,1.29,False,4,False,-1.71,-0.64,False,False,,tv_wilder_rsi14_sma5_v1,80.34,79.2,False,True,1.14
4483,4483.T,ＪＭＤＣ,2025-05,NEW,1,42.56,43.69,False,True,1.13,2025-05,3274.0,3274.0,3274.0,0.0,3189.36,3041.19,3742.79,True,True,False,False,True,False,False,387770.0,4880.0,-32.91,False,0.9,3.56,0.84,True,4,False,-1.33,3.72,False,False,,tv_wilder_rsi14_sma5_v1,43.69,42.56,True,False,1.13
1975,1975.T,朝日工業社,2025-05,NEW,1,68.12,69.24,False,True,1.12,2025-05,2201.0,2201.0,2201.0,0.0,2116.92,2034.59,1798.65,True,True,True,True,True,False,True,96237.0,2370.0,-7.13,False,0.59,2.77,0.91,True,2,True,36.99,1.04,False,False,,tv_wilder_rsi14_sma5_v1,69.24,68.12,True,False,1.12
4046,4046.T,大阪ソーダ,2025-05,NEW,1,50.29,51.42,False,True,1.12,2025-05,1616.0,1616.0,1616.0,0.0,1498.32,1517.28,1660.36,True,True,False,False,False,False,False,410610.0,2342.0,-31.0,False,0.91,3.35,1.06,False,4,True,4.88,8.43,False,False,,tv_wilder_rsi14_sma5_v1,51.42,50.29,True,False,1.12
3116,3116.T,トヨタ紡織,2025-05,CONTINUE,2,46.51,47.62,True,True,1.11,2025-04,2049.0,2060.0,2060.0,0.54,1909.46,1978.87,1963.04,True,True,True,False,False,False,False,644000.0,2519.5,-18.67,False,2.18,3.18,0.71,True,3,True,-1.29,4.17,False,False,,tv_wilder_rsi14_sma5_v1,47.62,46.51,True,True,1.11
4392,4392.T,ＦＩＧ,2025-05,NEW,1,41.84,42.95,False,True,1.11,2025-05,270.0,270.0,270.0,0.0,264.28,262.04,286.06,True,True,False,False,True,False,False,83323.0,389.0,-30.59,False,0.78,2.09,1.02,False,4,True,-6.01,3.06,False,False,,tv_wilder_rsi14_sma5_v1,42.95,41.84,True,False,1.11
4027,4027.T,テイカ,2025-05,NEW,1,45.39,46.49,False,True,1.1,2025-05,1399.0,1399.0,1399.0,0.0,1316.84,1372.36,1513.53,True,True,False,False,True,False,False,40453.0,1798.0,-22.19,False,1.21,2.78,0.85,True,4,True,-9.65,0.38,False,False,,tv_wilder_rsi14_sma5_v1,46.49,45.39,True,False,1.1
4323,4323.T,日本システム技術,2025-05,NEW,1,60.49,61.59,False,True,1.1,2025-05,1891.0,1891.0,1891.0,0.0,1878.08,1849.56,1854.74,True,True,True,False,True,False,True,22723.0,2295.0,-17.6,False,0.99,2.84,0.87,True,2,True,5.83,-0.79,False,False,,tv_wilder_rsi14_sma5_v1,61.59,60.49,True,False,1.1
4743,4743.T,アイティフォー,2025-05,CONTINUE,3,62.57,63.65,False,True,1.08,2025-03,1485.0,1483.0,1483.0,-0.13,1418.08,1416.12,1404.11,True,True,True,True,True,True,True,88780.0,1575.0,-5.71,False,1.05,2.38,0.99,True,1,True,6.25,3.79,False,False,,tv_wilder_rsi14_sma5_v1,63.65,62.57,True,False,1.08
4043,4043.T,トクヤマ,2025-05,CONTINUE,4,56.4,57.47,True,False,1.06,2025-02,2678.0,2821.0,2821.0,5.34,2643.94,2639.96,2783.77,True,True,False,False,True,False,False,454097.0,3260.0,-17.85,False,0.97,2.14,0.91,True,4,True,-1.21,1.37,False,False,,tv_wilder_rsi14_sma5_v1,57.47,56.4,False,True,1.06
4704,4704.T,トレンドマイクロ,2025-05,NEW,1,65.22,66.28,True,True,1.06,2025-05,10825.0,10825.0,10825.0,0.0,10474.32,10340.4,9117.81,True,True,True,True,True,True,True,455477.0,12160.0,-10.98,False,0.86,2.19,0.85,True,2,True,21.27,-2.24,False,False,,tv_wilder_rsi14_sma5_v1,66.28,65.22,True,True,1.06
8113,8113.T,ユニ・チャーム,2025-05,CONTINUE,3,34.35,35.41,True,False,1.06,2025-03,1189.5,1147.5,1147.5,-3.53,1173.88,1217.84,1479.62,True,False,False,False,False,False,False,5165700.0,1784.67,-33.35,False,1.05,2.59,1.11,False,4,True,-21.82,0.87,False,False,,tv_wilder_rsi14_sma5_v1,35.41,34.35,False,True,1.06
8141,8141.T,新光商事,2025-05,NEW,1,42.8,43.85,False,True,1.05,2025-05,930.0,930.0,930.0,0.0,916.92,907.73,939.22,True,True,False,False,True,False,True,58650.0,1049.0,-11.34,False,0.63,3.16,0.88,True,1,True,-0.32,1.82,False,False,,tv_wilder_rsi14_sma5_v1,43.85,42.8,True,False,1.05
3678,3678.T,メディアドゥ,2025-05,CONTINUE,6,49.08,50.12,True,False,1.04,2024-12,1425.0,1689.0,1689.0,18.53,1374.2,1355.51,1399.72,True,True,True,False,True,False,True,27513.0,1573.0,-9.41,False,1.17,2.5,1.1,False,1,True,-0.88,1.9,True,False,,tv_wilder_rsi14_sma5_v1,50.12,49.08,False,True,1.04
3252,3252.T,地主,2025-05,NEW,1,49.58,50.61,False,True,1.03,2025-05,2133.0,2133.0,2133.0,0.0,2098.6,2072.08,2090.24,True,True,True,False,True,False,False,78567.0,2830.0,-24.63,False,1.21,1.74,0.89,True,3,True,-0.74,2.44,False,False,,tv_wilder_rsi14_sma5_v1,50.61,49.58,True,False,1.03
7537,7537.T,丸文,2025-05,NEW,1,43.82,44.83,False,True,1.01,2025-05,1009.0,1009.0,1009.0,0.0,958.56,973.2,1032.14,True,True,False,False,True,False,False,71943.0,1324.0,-23.79,False,0.92,1.92,0.87,True,4,True,-5.87,4.82,False,False,,tv_wilder_rsi14_sma5_v1,44.83,43.82,True,False,1.01
7189,7189.T,西日本フィナンシャルホールディングス,2025-05,NEW,1,63.59,64.58,False,True,0.99,2025-05,2152.0,2152.0,2152.0,0.0,2088.56,2015.56,1904.13,True,True,True,True,True,True,True,429283.0,2260.0,-4.78,False,0.88,2.55,0.64,True,2,True,9.4,0.01,False,False,,tv_wilder_rsi14_sma5_v1,64.58,63.59,True,False,0.99
5713,5713.T,住友金属鉱山,2025-05,NEW,1,36.97,37.96,False,True,0.98,2025-05,3319.0,3319.0,3319.0,0.0,3223.84,3212.13,3639.99,True,True,False,False,True,False,False,2115907.0,5648.0,-41.24,False,0.93,2.99,1.05,False,4,True,-14.63,4.79,False,False,,tv_wilder_rsi14_sma5_v1,37.96,36.97,True,False,0.98
4968,4968.T,荒川化学工業,2025-05,NEW,1,48.78,49.75,True,True,0.97,2025-05,1116.0,1116.0,1116.0,0.0,1084.28,1105.97,1151.12,True,True,False,False,True,True,False,24747.0,1403.0,-20.46,False,0.83,2.69,0.8,True,4,True,-3.45,1.44,False,False,,tv_wilder_rsi14_sma5_v1,49.75,48.78,True,True,0.97
2267,2267.T,ヤクルト本社,2025-05,CONTINUE,2,39.92,40.88,True,False,0.96,2025-04,2932.5,2919.0,2919.0,-0.46,2915.7,2913.79,3019.79,True,True,False,False,False,False,True,1134560.0,3465.0,-15.37,False,0.83,1.8,0.71,True,1,True,-1.2,1.81,False,False,,tv_wilder_rsi14_sma5_v1,40.88,39.92,False,True,0.96
9989,9989.T,サンドラッグ,2025-05,CONTINUE,6,55.88,56.84,True,False,0.96,2024-12,4024.0,4491.0,4491.0,11.61,3870.6,3907.92,4099.01,True,True,False,False,True,False,False,447790.0,4902.0,-17.91,False,0.71,1.49,0.73,True,4,True,-6.87,1.23,False,False,,tv_wilder_rsi14_sma5_v1,56.84,55.88,False,True,0.96
8088,8088.T,岩谷産業,2025-05,NEW,1,38.87,39.81,False,True,0.95,2025-05,1491.0,1491.0,1491.0,0.0,1423.04,1461.97,1757.77,True,True,False,False,True,False,False,680343.0,2637.5,-43.47,False,0.91,1.82,0.81,True,4,True,-18.45,3.91,True,False,,tv_wilder_rsi14_sma5_v1,39.81,38.87,True,False,0.95
1605,1605.T,ＩＮＰＥＸ,2025-05,NEW,1,50.44,51.38,False,True,0.94,2025-05,1951.5,1951.5,1951.5,0.0,1870.64,1905.72,1964.49,True,True,False,False,False,False,False,5847717.0,2507.5,-22.17,False,0.72,1.76,0.94,True,4,True,-4.86,1.9,False,False,,tv_wilder_rsi14_sma5_v1,51.38,50.44,True,False,0.94
4021,4021.T,日産化学,2025-05,NEW,1,37.45,38.39,False,True,0.94,2025-05,4348.0,4348.0,4348.0,0.0,4237.0,4316.81,4751.37,True,True,False,False,True,False,False,478420.0,5626.0,-22.72,False,1.11,2.29,0.95,True,4,True,-7.25,2.45,False,False,,tv_wilder_rsi14_sma5_v1,38.39,37.45,True,False,0.94
2502,2502.T,アサヒグループホールディングス,2025-05,CONTINUE,4,55.35,56.29,True,False,0.93,2025-02,1863.0,1906.0,1906.0,2.31,1712.2,1666.01,1783.47,True,True,True,False,True,False,False,5311023.0,2000.33,-6.87,False,1.15,2.48,1.32,False,1,True,7.29,6.46,True,False,,tv_wilder_rsi14_sma5_v1,56.29,55.35,False,True,0.93
6143,6143.T,ソディック,2025-05,NEW,1,57.74,58.68,True,True,0.93,2025-05,907.0,907.0,907.0,0.0,822.8,835.04,783.01,True,True,True,False,True,True,True,239973.0,963.0,-5.82,False,1.07,3.35,0.81,True,2,True,15.32,4.98,False,False,,tv_wilder_rsi14_sma5_v1,58.68,57.74,True,True,0.93
8203,8203.T,ＭｒＭａｘＨＤ,2025-05,NEW,1,52.15,53.08,False,True,0.93,2025-05,680.0,680.0,680.0,0.0,674.92,672.95,683.06,True,True,False,False,True,False,False,40597.0,740.0,-8.11,False,1.16,1.62,0.9,True,4,True,1.28,0.88,False,False,,tv_wilder_rsi14_sma5_v1,53.08,52.15,True,False,0.93
7516,7516.T,コーナン商事,2025-05,CONTINUE,3,48.12,49.03,True,False,0.92,2025-03,3740.0,3715.0,3715.0,-0.67,3675.4,3603.27,3729.65,True,True,True,False,True,True,False,152583.0,4760.0,-21.43,False,0.58,1.5,0.88,True,3,True,-2.92,1.71,False,False,,tv_wilder_rsi14_sma5_v1,49.03,48.12,False,True,0.92
9824,9824.T,泉州電業,2025-05,NEW,1,56.17,57.1,False,True,0.92,2025-05,4780.0,4780.0,4780.0,0.0,4491.4,4468.8,4823.1,True,True,False,False,True,False,False,65107.0,6090.0,-21.51,False,0.91,1.91,0.97,True,4,True,-6.54,2.72,False,False,,tv_wilder_rsi14_sma5_v1,57.1,56.17,True,False,0.92
1861,1861.T,熊谷組,2025-05,CONTINUE,7,62.33,63.23,False,False,0.91,2024-11,900.0,1036.25,1036.25,15.14,885.65,880.32,927.1,True,True,False,False,False,True,False,405760.0,1091.25,-17.53,False,0.85,2.69,0.86,True,4,True,-0.13,1.51,False,False,,tv_wilder_rsi14_sma5_v1,63.23,62.33,False,False,0.91
5331,5331.T,ノリタケ,2025-05,NEW,1,56.88,57.79,False,True,0.91,2025-05,1865.0,1865.0,1865.0,0.0,1829.4,1789.6,1867.78,True,True,False,False,True,False,False,132920.0,2175.0,-14.25,False,0.77,1.88,0.84,True,4,False,0.1,1.66,False,False,,tv_wilder_rsi14_sma5_v1,57.79,56.88,True,False,0.91
5932,5932.T,三協立山,2025-05,CONTINUE,2,40.42,41.33,False,False,0.91,2025-04,637.0,615.0,615.0,-3.45,603.72,602.92,680.11,True,True,False,False,False,False,False,92007.0,878.0,-27.45,False,0.54,2.19,0.6,True,4,True,-8.27,5.95,False,False,,tv_wilder_rsi14_sma5_v1,41.33,40.42,False,False,0.91
2410,2410.T,キャリアデザインセンター,2025-05,CONTINUE,2,51.43,52.31,True,True,0.89,2025-04,1792.0,1815.0,1815.0,1.28,1720.48,1749.65,1785.9,True,True,True,False,False,False,False,21913.0,1961.0,-8.62,False,0.79,2.16,0.55,True,3,True,-1.16,2.9,False,False,,tv_wilder_rsi14_sma5_v1,52.31,51.43,True,True,0.89
9948,9948.T,アークス,2025-05,CONTINUE,6,57.84,58.74,True,False,0.89,2024-12,2604.0,2865.0,2865.0,10.02,2570.56,2535.47,2740.16,True,True,False,False,True,True,False,53263.0,3325.0,-21.68,False,1.06,1.1,0.87,True,4,True,-6.03,-0.33,False,False,,tv_wilder_rsi14_sma5_v1,58.74,57.84,False,True,0.89
4045,4045.T,東亞合成,2025-05,NEW,1,48.21,49.08,False,True,0.88,2025-05,1402.5,1402.5,1402.5,0.0,1371.72,1383.42,1478.32,True,True,False,False,True,False,False,212563.0,1690.0,-17.01,False,1.01,1.33,0.99,True,4,True,-5.3,1.91,False,False,,tv_wilder_rsi14_sma5_v1,49.08,48.21,True,False,0.88
9830,9830.T,トラスコ中山,2025-05,CONTINUE,2,42.38,43.27,False,False,0.88,2025-04,2130.0,2050.0,2050.0,-3.76,1886.36,1982.27,2190.25,True,True,False,False,False,False,False,148773.0,2706.0,-21.29,False,1.37,2.73,0.73,True,4,True,-3.65,6.47,True,False,,tv_wilder_rsi14_sma5_v1,43.27,42.38,False,False,0.88
4849,4849.T,エン,2025-05,NEW,1,35.13,36.0,False,True,0.87,2025-05,1726.0,1726.0,1726.0,0.0,1649.8,1679.81,2053.84,True,True,False,False,True,False,False,180753.0,2850.0,-39.44,False,1.91,3.79,0.88,True,4,False,-16.67,5.01,True,False,,tv_wilder_rsi14_sma5_v1,36.0,35.13,True,False,0.87
7962,7962.T,キングジム,2025-05,CONTINUE,3,46.89,47.75,True,False,0.87,2025-03,861.0,864.0,864.0,0.35,854.64,855.73,859.48,True,True,True,False,False,True,False,28997.0,903.0,-4.65,False,2.57,0.95,1.16,False,3,True,-1.01,1.14,False,False,,tv_wilder_rsi14_sma5_v1,47.75,46.89,False,True,0.87
8219,8219.T,青山商事,2025-05,NEW,1,64.9,65.77,False,True,0.87,2025-05,730.33,730.33,730.33,0.0,704.44,696.97,622.89,True,True,True,True,True,False,True,1109070.0,787.67,-7.28,False,1.73,2.45,0.81,True,2,True,23.43,-0.41,False,False,,tv_wilder_rsi14_sma5_v1,65.77,64.9,True,False,0.87
5832,5832.T,ちゅうぎんフィナンシャルグループ,2025-05,NEW,1,65.46,66.31,False,True,0.86,2025-05,1749.0,1749.0,1749.0,0.0,1630.22,1598.37,1566.89,True,True,True,True,True,True,False,398090.0,1788.0,-2.18,False,0.81,3.13,0.78,True,1,True,9.82,2.14,False,False,,tv_wilder_rsi14_sma5_v1,66.31,65.46,True,False,0.86
3880,3880.T,大王製紙,2025-05,CONTINUE,5,36.71,37.55,True,False,0.84,2025-01,862.0,832.0,832.0,-3.48,838.8,840.6,894.05,True,True,False,False,True,False,False,201657.0,1237.0,-30.32,False,0.73,1.53,0.93,True,4,True,-9.63,2.91,False,False,,tv_wilder_rsi14_sma5_v1,37.55,36.71,False,True,0.84
5889,5889.T,JAPAN EYEWEAR HOLDINGS,2025-05,NEW,1,61.01,61.85,,True,0.84,2025-05,2365.0,2365.0,2365.0,0.0,2289.12,2229.45,2575.89,True,True,False,False,True,True,False,93847.0,4060.0,-41.75,False,0.79,3.01,0.84,True,4,True,-2.25,-0.1,False,False,,tv_wilder_rsi14_sma5_v1,61.85,61.01,True,,0.84
4183,4183.T,三井化学,2025-05,NEW,1,40.83,41.63,False,True,0.81,2025-05,1642.5,1642.5,1642.5,0.0,1568.62,1623.13,1717.71,True,True,False,False,True,False,False,1911613.0,2418.0,-32.07,False,1.09,2.36,0.82,True,4,True,-9.09,1.51,True,False,,tv_wilder_rsi14_sma5_v1,41.63,40.83,True,False,0.81
1929,1929.T,日特建設,2025-05,CONTINUE,5,52.16,52.96,True,True,0.79,2025-01,1062.0,1050.0,1050.0,-1.13,1001.2,1000.12,1056.24,True,True,True,False,True,False,False,59630.0,1214.0,-12.52,False,1.55,1.12,1.23,False,3,True,-1.79,1.85,True,False,,tv_wilder_rsi14_sma5_v1,52.96,52.16,True,True,0.79
6364,6364.T,ＡＩＲＭＡＮ,2025-05,NEW,1,52.68,53.46,True,True,0.79,2025-05,1968.0,1968.0,1968.0,0.0,1859.08,1909.59,1867.7,True,True,True,False,True,False,False,25247.0,2581.0,-23.75,False,1.01,3.47,0.92,True,3,False,2.66,4.63,False,False,,tv_wilder_rsi14_sma5_v1,53.46,52.68,True,True,0.79
8012,8012.T,長瀬産業,2025-05,NEW,1,51.71,52.51,False,True,0.79,2025-05,686.5,686.5,686.5,0.0,658.95,663.14,736.19,True,True,False,False,True,False,False,998267.0,843.0,-18.56,False,0.9,1.59,0.89,True,4,True,-7.47,1.84,False,False,,tv_wilder_rsi14_sma5_v1,52.51,51.71,True,False,0.79
543A,543A.T,ARCHION,2025-05,NEW,1,45.64,46.42,False,True,0.78,2025-05,468.3,468.3,468.3,0.0,460.98,454.72,457.62,True,True,True,False,True,False,True,3179630.0,633.7,-26.1,False,0.9,3.76,1.09,False,2,True,3.6,1.56,False,False,,tv_wilder_rsi14_sma5_v1,46.42,45.64,True,False,0.78
7735,7735.T,ＳＣＲＥＥＮホールディングス,2025-05,NEW,1,49.94,50.71,True,True,0.77,2025-05,5175.0,5175.0,5175.0,0.0,5102.54,5109.45,5066.04,True,True,True,False,True,False,False,2171040.0,8375.0,-38.21,False,0.72,3.25,0.82,True,3,False,-8.9,1.64,False,False,,tv_wilder_rsi14_sma5_v1,50.71,49.94,True,True,0.77
4689,4689.T,ＬＩＮＥヤフー,2025-05,CONTINUE,10,60.84,61.6,True,False,0.76,2024-08,399.7,522.0,522.0,30.6,379.27,383.21,408.77,True,True,False,False,False,True,False,16369297.0,503.5,-20.62,False,1.05,2.46,0.74,True,4,True,0.37,4.22,False,False,,tv_wilder_rsi14_sma5_v1,61.6,60.84,False,True,0.76
7725,7725.T,インターアクション,2025-05,CONTINUE,5,45.29,46.05,True,False,0.76,2025-01,1101.0,1205.0,1205.0,9.45,1055.04,1044.81,1275.63,True,True,False,False,True,False,False,126407.0,1779.0,-38.11,False,0.75,3.0,0.74,True,4,True,-8.78,4.44,False,False,,tv_wilder_rsi14_sma5_v1,46.05,45.29,False,True,0.76
6376,6376.T,日機装,2025-05,CONTINUE,5,56.43,57.18,True,True,0.75,2025-01,1018.0,1207.0,1207.0,18.57,966.8,983.04,1080.96,True,True,False,False,True,False,False,185707.0,1303.0,-21.87,False,1.06,1.79,1.13,False,4,False,-7.64,2.56,False,False,,tv_wilder_rsi14_sma5_v1,57.18,56.43,True,True,0.75
6785,6785.T,鈴木,2025-05,NEW,1,62.93,63.68,False,True,0.75,2025-05,1751.0,1751.0,1751.0,0.0,1656.88,1645.73,1700.64,True,True,True,False,True,False,True,67477.0,1989.0,-11.97,False,0.74,1.86,0.82,True,2,True,8.05,3.34,False,False,,tv_wilder_rsi14_sma5_v1,63.68,62.93,True,False,0.75
9435,9435.T,光通信,2025-05,CONTINUE,7,76.85,77.6,True,False,0.75,2024-11,32780.0,39340.0,39340.0,20.01,31993.6,31496.67,28655.83,True,True,True,True,True,True,True,78690.0,33320.0,-1.62,False,0.87,2.24,0.91,True,2,True,22.72,-2.23,False,False,,tv_wilder_rsi14_sma5_v1,77.6,76.85,False,True,0.75
3183,3183.T,ウイン・パートナーズ,2025-05,NEW,1,61.76,62.49,False,True,0.73,2025-05,1341.0,1341.0,1341.0,0.0,1305.48,1335.27,1268.12,True,True,True,False,True,False,True,21613.0,1595.0,-15.92,False,0.86,2.33,0.95,True,2,True,11.38,3.01,False,False,,tv_wilder_rsi14_sma5_v1,62.49,61.76,True,False,0.73
6367,6367.T,ダイキン工業,2025-05,NEW,1,37.81,38.54,False,True,0.73,2025-05,16585.0,16585.0,16585.0,0.0,16243.6,16310.73,17627.38,True,True,False,False,True,False,False,1014030.0,25075.0,-33.86,False,1.05,1.67,0.63,True,4,False,-8.21,2.02,True,False,,tv_wilder_rsi14_sma5_v1,38.54,37.81,True,False,0.73
6794,6794.T,フォスター電機,2025-05,NEW,1,51.96,52.69,False,True,0.73,2025-05,1423.0,1423.0,1423.0,0.0,1289.92,1322.61,1514.18,True,True,False,False,True,False,False,172703.0,1959.0,-27.36,False,0.95,2.57,0.95,True,4,True,-5.18,6.2,False,False,,tv_wilder_rsi14_sma5_v1,52.69,51.96,True,False,0.73
2503,2503.T,キリンホールディングス,2025-05,CONTINUE,3,47.51,48.23,True,False,0.72,2025-03,2077.5,2072.0,2072.0,-0.26,2063.08,2020.85,2101.36,True,True,False,False,True,False,False,3245330.0,2310.0,-10.06,False,1.01,1.33,0.96,True,4,True,-0.72,1.94,False,False,,tv_wilder_rsi14_sma5_v1,48.23,47.51,False,True,0.72
3916,3916.T,ﾃﾞｼﾞﾀﾙ･ｲﾝﾌｫﾒｰｼｮﾝ･ﾃｸﾉﾛｼﾞｰ,2025-05,CONTINUE,4,65.68,66.4,True,True,0.72,2025-02,1206.5,1245.5,1245.5,3.23,1111.46,1077.58,990.84,True,True,True,True,True,True,True,79500.0,1284.5,-6.07,False,1.05,4.07,1.36,False,2,True,26.16,6.7,False,False,,tv_wilder_rsi14_sma5_v1,66.4,65.68,True,True,0.72
9401,9401.T,ＴＢＳホールディングス,2025-05,CONTINUE,3,68.12,68.83,True,False,0.71,2025-03,4264.0,4630.0,4630.0,8.58,4266.56,4098.87,4006.61,False,True,True,True,True,True,True,298553.0,4900.0,-12.98,False,1.02,2.48,1.05,False,1,True,4.88,0.27,False,False,,tv_wilder_rsi14_sma5_v1,68.83,68.12,False,True,0.71
1833,1833.T,奥村組,2025-05,CONTINUE,4,50.59,51.29,True,False,0.7,2025-02,4275.0,4270.0,4270.0,-0.12,4074.2,3961.67,4420.88,True,True,False,False,True,False,False,123203.0,5340.0,-19.94,False,0.9,1.87,0.78,True,4,True,-3.0,5.57,False,False,,tv_wilder_rsi14_sma5_v1,51.29,50.59,False,True,0.7
2908,2908.T,フジッコ,2025-05,CONTINUE,2,30.13,30.83,False,False,0.7,2025-04,1622.0,1611.0,1611.0,-0.68,1607.76,1624.07,1691.24,True,False,False,False,False,False,False,68563.0,1905.0,-14.86,False,0.64,1.31,0.65,True,4,True,-7.05,2.01,False,False,,tv_wilder_rsi14_sma5_v1,30.83,30.13,False,False,0.7
3665,3665.T,エニグモ,2025-05,NEW,1,35.64,36.34,True,True,0.7,2025-05,303.0,303.0,303.0,0.0,289.56,299.87,309.0,True,True,False,False,True,False,False,153367.0,375.0,-19.2,False,0.8,2.12,1.08,False,4,True,-5.68,3.09,False,False,,tv_wilder_rsi14_sma5_v1,36.34,35.64,True,True,0.7
7173,7173.T,東京きらぼしフィナンシャルグループ,2025-05,CONTINUE,6,70.95,71.65,True,True,0.7,2024-12,570.0,705.0,705.0,23.68,550.15,531.1,554.64,True,True,True,False,True,True,True,558160.0,635.0,-10.24,False,0.8,1.98,0.96,True,3,True,5.48,2.85,False,False,,tv_wilder_rsi14_sma5_v1,71.65,70.95,True,True,0.7
7729,7729.T,東京精密,2025-05,CONTINUE,4,50.0,50.71,True,True,0.7,2025-02,8098.0,8045.0,8045.0,-0.65,8329.48,7787.49,8954.39,False,True,False,False,True,True,False,476947.0,13800.0,-41.32,False,0.75,3.72,0.75,True,4,False,-7.03,3.74,False,False,,tv_wilder_rsi14_sma5_v1,50.71,50.0,True,True,0.7
7383,7383.T,ネットプロテクションズホールディングス,2025-05,NEW,1,46.22,46.9,False,True,0.68,2025-05,474.0,474.0,474.0,0.0,455.24,453.85,412.62,True,True,True,True,True,False,True,1077980.0,568.0,-16.55,False,1.43,4.87,0.97,True,2,False,46.35,-3.06,False,False,,tv_wilder_rsi14_sma5_v1,46.9,46.22,True,False,0.68
8622,8622.T,水戸証券,2025-05,NEW,1,62.86,63.55,False,True,0.68,2025-05,566.0,566.0,566.0,0.0,535.92,535.44,516.55,True,True,True,True,True,False,False,182433.0,601.0,-5.82,False,0.84,1.73,0.95,True,1,True,8.85,3.02,False,False,,tv_wilder_rsi14_sma5_v1,63.55,62.86,True,False,0.68
2269,2269.T,明治ホールディングス,2025-05,CONTINUE,3,45.06,45.73,True,False,0.66,2025-03,3250.0,3225.0,3225.0,-0.77,3242.9,3146.9,3390.74,True,True,False,False,True,True,False,1621953.0,3837.0,-15.3,False,1.02,1.58,1.07,False,4,False,-3.3,1.72,False,False,,tv_wilder_rsi14_sma5_v1,45.73,45.06,False,True,0.66
7085,7085.T,カーブスホールディングス,2025-05,NEW,1,44.5,45.16,False,False,0.66,2025-05,682.0,682.0,682.0,0.0,678.88,668.28,732.74,True,True,False,False,True,False,False,161047.0,847.0,-19.48,False,0.89,1.7,0.97,True,4,True,-5.59,2.17,False,False,,tv_wilder_rsi14_sma5_v1,45.16,44.5,False,False,0.66
4565,4565.T,ネクセラファーマ,2025-05,NEW,1,36.78,37.39,False,True,0.61,2025-05,908.0,908.0,908.0,0.0,856.08,864.0,1079.86,True,True,False,False,True,False,False,764983.0,1754.0,-48.23,False,1.14,3.03,0.98,True,4,True,-19.39,2.46,True,False,,tv_wilder_rsi14_sma5_v1,37.39,36.78,True,False,0.61
5262,5262.T,日本ヒューム,2025-05,NEW,1,82.68,83.28,True,True,0.6,2025-05,1075.0,1075.0,1075.0,0.0,880.78,912.7,745.15,True,True,True,False,False,True,True,775047.0,1092.5,-1.6,False,3.05,3.57,0.96,True,2,True,63.21,-2.02,False,False,,tv_wilder_rsi14_sma5_v1,83.28,82.68,True,True,0.6
9031,9031.T,西日本鉄道,2025-05,CONTINUE,2,38.77,39.36,False,False,0.59,2025-04,2193.0,2188.5,2188.5,-0.21,2149.32,2181.41,2262.58,True,True,False,False,False,False,False,355557.0,2607.5,-15.9,False,0.41,1.64,0.65,True,4,True,-4.43,3.27,False,False,,tv_wilder_rsi14_sma5_v1,39.36,38.77,False,False,0.59
2307,2307.T,クロスキャット,2025-05,NEW,1,46.89,47.47,True,True,0.58,2025-05,1080.0,1080.0,1080.0,0.0,1049.72,1055.01,1090.9,True,True,False,False,True,False,False,44330.0,1487.0,-27.37,False,0.44,2.55,0.78,True,4,True,-8.51,0.34,False,False,,tv_wilder_rsi14_sma5_v1,47.47,46.89,True,True,0.58
6908,6908.T,イリソ電子工業,2025-05,NEW,1,37.05,37.63,False,True,0.58,2025-05,2612.0,2612.0,2612.0,0.0,2570.52,2614.41,2622.53,True,False,False,False,True,False,False,73980.0,3270.0,-20.12,False,0.57,1.66,0.72,True,1,True,-3.25,1.66,False,False,,tv_wilder_rsi14_sma5_v1,37.63,37.05,True,False,0.58
9279,9279.T,ギフトホールディングス,2025-05,NEW,1,59.87,60.44,False,False,0.58,2025-05,3595.0,3595.0,3595.0,0.0,3489.6,3407.44,3207.59,True,True,True,True,True,True,True,146837.0,4060.0,-11.45,False,0.53,2.57,0.87,True,2,True,15.41,0.89,False,False,,tv_wilder_rsi14_sma5_v1,60.44,59.87,False,False,0.58
3132,3132.T,マクニカホールディングス,2025-05,CONTINUE,3,51.37,51.95,True,False,0.57,2025-03,1926.5,1920.5,1920.5,-0.31,1897.3,1817.69,1910.72,True,True,True,False,True,True,False,606013.0,2540.0,-24.15,False,1.01,2.47,0.83,True,3,True,-2.12,3.08,False,False,,tv_wilder_rsi14_sma5_v1,51.95,51.37,False,True,0.57
4041,4041.T,日本曹達,2025-05,NEW,1,59.66,60.23,False,True,0.57,2025-05,2960.0,2960.0,2960.0,0.0,2765.04,2815.87,2697.95,True,True,True,False,True,False,True,138540.0,3035.0,-2.47,False,1.26,1.97,0.91,True,2,True,8.6,4.07,True,False,,tv_wilder_rsi14_sma5_v1,60.23,59.66,True,False,0.57
7182,7182.T,ゆうちょ銀行,2025-05,NEW,1,58.95,59.52,False,True,0.57,2025-05,1555.5,1555.5,1555.5,0.0,1483.94,1494.05,1456.33,True,True,True,False,True,False,False,8207717.0,1644.0,-5.38,False,0.9,1.83,0.81,True,1,True,5.01,3.23,True,False,,tv_wilder_rsi14_sma5_v1,59.52,58.95,True,False,0.57
8151,8151.T,東陽テクニカ,2025-05,NEW,1,47.81,48.39,False,True,0.57,2025-05,1405.0,1405.0,1405.0,0.0,1382.68,1390.32,1471.53,True,True,False,False,True,False,False,28840.0,1761.0,-20.22,False,0.81,1.68,0.78,True,4,True,-4.08,0.59,False,False,,tv_wilder_rsi14_sma5_v1,48.39,47.81,True,False,0.57
7337,7337.T,ひろぎんホールディングス,2025-05,NEW,1,66.49,67.05,False,True,0.56,2025-05,1249.5,1249.5,1249.5,0.0,1197.06,1178.24,1151.95,True,True,True,True,True,True,True,796143.0,1299.0,-3.81,False,0.76,2.23,0.69,True,2,True,6.63,1.57,False,False,,tv_wilder_rsi14_sma5_v1,67.05,66.49,True,False,0.56
8079,8079.T,正栄食品工業,2025-05,CONTINUE,3,44.84,45.4,True,False,0.56,2025-03,4130.0,4045.0,4045.0,-2.06,4028.6,4031.93,4399.9,True,True,False,False,True,False,False,61547.0,5080.0,-18.7,False,0.77,1.56,0.92,True,4,True,-3.68,3.69,False,False,,tv_wilder_rsi14_sma5_v1,45.4,44.84,False,True,0.56
4801,4801.T,セントラルスポーツ,2025-05,NEW,1,45.95,46.48,False,True,0.53,2025-05,2412.0,2412.0,2412.0,0.0,2404.4,2421.31,2423.3,True,False,False,False,True,True,False,9277.0,2571.0,-6.18,False,0.81,1.02,0.58,True,4,True,-0.99,-0.08,False,False,,tv_wilder_rsi14_sma5_v1,46.48,45.95,True,False,0.53
8697,8697.T,日本取引所グループ,2025-05,NEW,1,50.79,51.33,False,True,0.53,2025-05,1599.0,1599.0,1599.0,0.0,1593.78,1584.47,1698.11,True,True,False,False,True,False,False,2698630.0,2022.0,-20.92,False,1.27,2.13,0.84,True,4,False,-6.04,-0.41,False,False,,tv_wilder_rsi14_sma5_v1,51.33,50.79,True,False,0.53
8801,8801.T,三井不動産,2025-05,CONTINUE,3,56.17,56.7,True,False,0.53,2025-03,1330.5,1390.0,1390.0,4.47,1321.5,1302.33,1374.89,True,True,False,False,False,True,False,8927703.0,1709.5,-22.17,False,1.25,3.0,1.18,False,4,True,-1.67,3.63,False,False,,tv_wilder_rsi14_sma5_v1,56.7,56.17,False,True,0.53
2933,2933.T,紀文食品,2025-05,CONTINUE,3,41.55,42.06,True,False,0.52,2025-03,1070.0,1071.0,1071.0,0.09,1072.48,1072.47,1138.66,False,False,False,False,False,False,False,28860.0,1322.0,-19.06,False,1.14,1.28,1.09,False,4,False,-7.81,0.78,False,False,,tv_wilder_rsi14_sma5_v1,42.06,41.55,False,True,0.52
4216,4216.T,旭有機材,2025-05,NEW,1,49.96,50.49,False,True,0.52,2025-05,3925.0,3925.0,3925.0,0.0,3829.6,3797.8,4043.47,True,True,False,False,True,False,False,41390.0,5340.0,-26.5,False,0.94,1.97,0.84,True,4,True,-5.4,3.5,False,False,,tv_wilder_rsi14_sma5_v1,50.49,49.96,True,False,0.52
4612,4612.T,日本ペイントホールディングス,2025-05,CONTINUE,4,49.47,49.99,True,True,0.52,2025-02,1113.5,1089.5,1089.5,-2.16,1000.34,1016.93,1013.12,True,True,True,False,False,False,False,3047253.0,1258.5,-11.52,False,1.37,2.84,1.26,False,1,True,9.53,7.51,True,False,,tv_wilder_rsi14_sma5_v1,49.99,49.47,True,True,0.52
4187,4187.T,大阪有機化学工業,2025-05,NEW,1,43.49,44.0,False,True,0.51,2025-05,2506.0,2506.0,2506.0,0.0,2444.12,2467.16,2759.6,True,True,False,False,True,False,False,50263.0,4255.0,-41.1,False,1.35,1.9,0.89,True,4,True,-12.9,1.73,False,False,,tv_wilder_rsi14_sma5_v1,44.0,43.49,True,False,0.51
9983,9983.T,ファーストリテイリング,2025-05,NEW,1,60.12,60.62,False,True,0.51,2025-05,48350.0,48350.0,48350.0,0.0,47740.0,46758.53,48007.15,True,True,True,False,True,False,True,1032847.0,55310.0,-12.58,False,0.82,1.85,0.91,True,2,True,7.35,0.78,False,False,,tv_wilder_rsi14_sma5_v1,60.62,60.12,True,False,0.51
6498,6498.T,キッツ,2025-05,NEW,1,56.35,56.85,False,True,0.5,2025-05,1167.0,1167.0,1167.0,0.0,1116.16,1132.28,1099.4,True,True,True,False,True,False,True,152927.0,1257.0,-7.16,False,0.86,1.55,0.82,True,2,True,5.41,3.37,False,False,,tv_wilder_rsi14_sma5_v1,56.85,56.35,True,False,0.5
6564,6564.T,ミダックホールディングス,2025-05,CONTINUE,4,52.28,52.77,True,False,0.5,2025-02,2154.0,2103.0,2103.0,-2.37,1764.88,1669.55,1638.01,True,True,True,True,True,False,True,105060.0,2222.0,-3.06,False,2.33,4.72,1.49,False,2,True,32.88,13.82,True,False,,tv_wilder_rsi14_sma5_v1,52.77,52.28,False,True,0.5
8022,8022.T,美津濃,2025-05,NEW,1,62.35,62.86,False,True,0.5,2025-05,2758.0,2758.0,2758.0,0.0,2633.32,2604.11,2749.06,True,True,True,False,True,False,True,242873.0,3400.0,-18.88,False,0.93,3.89,0.86,True,1,True,4.68,2.6,False,False,,tv_wilder_rsi14_sma5_v1,62.86,62.35,True,False,0.5
3086,3086.T,Ｊ．フロントリテイリング,2025-05,NEW,1,59.99,60.48,False,True,0.49,2025-05,2033.0,2033.0,2033.0,0.0,1913.52,1890.53,1785.09,True,True,True,True,True,False,True,3006337.0,2281.0,-10.87,False,0.52,4.49,0.95,True,2,True,19.99,8.63,False,False,,tv_wilder_rsi14_sma5_v1,60.48,59.99,True,False,0.49
4687,4687.T,ＴＤＣソフト,2025-05,NEW,1,59.98,60.47,False,True,0.49,2025-05,1335.0,1335.0,1335.0,0.0,1285.92,1281.0,1289.82,True,True,True,False,True,False,True,54027.0,1607.0,-16.93,False,0.67,2.27,0.85,True,2,True,10.71,3.9,False,False,,tv_wilder_rsi14_sma5_v1,60.47,59.98,True,False,0.49
8098,8098.T,稲畑産業,2025-05,NEW,1,54.89,55.37,False,True,0.48,2025-05,3175.0,3175.0,3175.0,0.0,3144.6,3121.0,3213.43,True,True,False,False,True,False,False,100853.0,3710.0,-14.42,False,1.13,1.35,0.92,True,4,True,-1.9,0.51,False,False,,tv_wilder_rsi14_sma5_v1,55.37,54.89,True,False,0.48
3445,3445.T,ＲＳ   Ｔｅｃｈｎｏｌｏｇｉｅｓ,2025-05,NEW,1,46.77,47.24,False,True,0.47,2025-05,2943.0,2943.0,2943.0,0.0,2775.56,2888.67,3230.75,True,True,False,False,True,False,False,115240.0,4095.0,-28.13,False,0.73,2.6,1.0,False,4,True,-12.93,-0.19,False,False,,tv_wilder_rsi14_sma5_v1,47.24,46.77,True,False,0.47
6572,6572.T,オープングループ,2025-05,CONTINUE,5,47.35,47.81,True,False,0.46,2025-01,264.0,282.0,282.0,6.82,220.96,205.88,228.16,True,True,True,False,True,True,False,302000.0,318.0,-16.98,False,0.6,4.98,0.99,True,1,True,17.46,14.38,False,False,,tv_wilder_rsi14_sma5_v1,47.81,47.35,False,True,0.46
6651,6651.T,日東工業,2025-05,CONTINUE,5,47.5,47.97,True,True,0.46,2025-01,2905.0,3025.0,3025.0,4.13,2875.0,2891.93,3236.66,True,True,False,False,True,False,False,70390.0,4645.0,-37.46,False,0.86,1.3,0.99,True,4,True,-13.63,1.19,False,False,,tv_wilder_rsi14_sma5_v1,47.97,47.5,True,True,0.46
8473,8473.T,ＳＢＩホールディングス,2025-05,NEW,1,61.2,61.66,False,True,0.46,2025-05,2194.5,2194.5,2194.5,0.0,1950.92,2008.68,1892.95,True,True,True,False,True,False,False,4268033.0,2334.5,-6.0,False,1.91,2.35,1.13,False,1,True,11.58,5.3,False,False,,tv_wilder_rsi14_sma5_v1,61.66,61.2,True,False,0.46
6871,6871.T,日本マイクロニクス,2025-05,NEW,1,48.66,49.11,False,True,0.45,2025-05,3655.0,3655.0,3655.0,0.0,3423.92,3627.99,3874.24,True,True,False,False,True,False,False,995107.0,7540.0,-51.53,False,0.84,4.6,0.88,True,4,True,-22.13,0.71,False,False,,tv_wilder_rsi14_sma5_v1,49.11,48.66,True,False,0.45
8304,8304.T,あおぞら銀行,2025-05,NEW,1,37.79,38.23,False,True,0.44,2025-05,2096.0,2096.0,2096.0,0.0,2019.04,2058.43,2342.63,True,True,False,False,True,False,False,1139177.0,2766.0,-24.22,False,0.78,2.32,0.86,True,4,True,-10.83,2.92,False,False,,tv_wilder_rsi14_sma5_v1,38.23,37.79,True,False,0.44
7276,7276.T,小糸製作所,2025-05,NEW,1,38.1,38.54,False,True,0.43,2025-05,1827.5,1827.5,1827.5,0.0,1756.16,1834.11,1940.92,True,False,False,False,True,False,False,1154633.0,2685.0,-31.94,False,1.28,2.09,0.82,True,4,True,-8.6,1.66,True,False,,tv_wilder_rsi14_sma5_v1,38.54,38.1,True,False,0.43
9006,9006.T,京浜急行電鉄,2025-05,CONTINUE,9,60.31,60.74,True,False,0.43,2024-09,1169.5,1482.0,1482.0,26.72,1166.78,1160.67,1237.41,True,True,False,False,True,False,False,930727.0,1455.0,-19.62,False,1.91,1.69,0.99,True,4,True,-7.76,-0.89,False,False,,tv_wilder_rsi14_sma5_v1,60.74,60.31,False,True,0.43
9934,9934.T,因幡電機産業,2025-05,NEW,1,61.57,62.0,False,True,0.43,2025-05,1941.5,1941.5,1941.5,0.0,1901.52,1907.51,1900.84,True,True,True,False,True,True,False,163987.0,2057.5,-5.64,False,1.38,1.97,0.94,True,3,True,1.9,0.26,False,False,,tv_wilder_rsi14_sma5_v1,62.0,61.57,True,False,0.43
3028,3028.T,アルペン,2025-05,CONTINUE,6,61.08,61.49,True,False,0.42,2024-12,2094.0,2336.0,2336.0,11.56,2030.08,2058.77,2061.3,True,True,True,False,True,False,True,170033.0,2215.0,-5.46,False,1.81,1.41,1.38,False,2,True,1.6,1.3,False,False,,tv_wilder_rsi14_sma5_v1,61.49,61.08,False,True,0.42
7607,7607.T,進和,2025-05,CONTINUE,2,62.51,62.92,False,False,0.41,2025-04,3020.0,2990.0,2990.0,-0.99,2912.04,2901.2,2766.67,True,True,True,True,False,False,True,16083.0,3120.0,-3.21,False,0.89,3.31,0.78,True,2,True,9.51,4.92,False,False,,tv_wilder_rsi14_sma5_v1,62.92,62.51,False,False,0.41
1762,1762.T,髙松コンストラクショングループ,2025-05,CONTINUE,3,53.4,53.8,False,False,0.4,2025-03,2767.0,2811.0,2811.0,1.59,2775.76,2734.77,2847.24,False,True,False,False,True,True,False,49553.0,3160.0,-12.44,False,1.95,1.68,1.0,True,4,True,-3.05,-0.33,False,False,,tv_wilder_rsi14_sma5_v1,53.8,53.4,False,False,0.4
1879,1879.T,新日本建設,2025-05,CONTINUE,2,63.29,63.68,False,False,0.39,2025-04,1650.0,1627.0,1627.0,-1.39,1541.64,1538.12,1553.35,True,True,True,False,True,True,False,108960.0,1779.0,-7.25,False,0.85,2.41,0.66,True,3,True,4.05,4.55,False,False,,tv_wilder_rsi14_sma5_v1,63.68,63.29,False,False,0.39
7826,7826.T,フルヤ金属,2025-05,NEW,1,41.2,41.58,False,True,0.39,2025-05,2760.0,2760.0,2760.0,0.0,2592.56,2664.08,3331.18,True,True,False,False,True,False,False,127593.0,4850.0,-43.09,False,1.03,1.95,0.95,True,4,True,-18.96,3.96,True,False,,tv_wilder_rsi14_sma5_v1,41.58,41.2,True,False,0.39
8075,8075.T,神鋼商事,2025-05,NEW,1,48.52,48.88,False,True,0.36,2025-05,1962.0,1962.0,1962.0,0.0,1915.72,1925.24,2068.78,True,True,False,False,True,False,False,43557.0,2986.67,-34.31,False,0.98,1.91,0.76,True,4,True,-7.59,2.31,False,False,,tv_wilder_rsi14_sma5_v1,48.88,48.52,True,False,0.36
1815,1815.T,鉄建建設,2025-05,CONTINUE,6,60.32,60.67,True,False,0.35,2024-12,2427.0,2678.0,2678.0,10.34,2266.8,2335.01,2490.49,True,True,False,False,False,False,False,33760.0,3005.0,-19.23,False,1.51,1.65,1.22,False,4,True,2.09,1.76,False,False,,tv_wilder_rsi14_sma5_v1,60.67,60.32,False,True,0.35
3151,3151.T,バイタルケーエスケー・ホールディングス,2025-05,CONTINUE,3,56.74,57.09,False,False,0.35,2025-03,1258.0,1261.0,1261.0,0.24,1212.48,1194.44,1239.22,True,True,True,False,True,True,False,64837.0,1439.0,-12.58,False,1.48,2.74,1.09,False,3,True,2.67,4.16,False,False,,tv_wilder_rsi14_sma5_v1,57.09,56.74,False,False,0.35
4343,4343.T,イオンファンタジー,2025-05,NEW,1,49.88,50.2,False,True,0.32,2025-05,2650.0,2650.0,2650.0,0.0,2511.96,2647.75,2626.43,True,True,True,False,True,False,True,91737.0,3240.0,-18.21,False,0.55,2.45,0.81,True,2,True,0.4,0.27,False,False,,tv_wilder_rsi14_sma5_v1,50.2,49.88,True,False,0.32
6369,6369.T,トーヨーカネツ,2025-05,NEW,1,50.36,50.68,False,True,0.32,2025-05,1875.0,1875.0,1875.0,0.0,1832.5,1851.4,1972.03,True,True,False,False,True,False,False,66620.0,2285.0,-17.94,False,0.6,2.06,0.81,True,4,True,-4.39,2.01,False,False,,tv_wilder_rsi14_sma5_v1,50.68,50.36,True,False,0.32
7203,7203.T,トヨタ自動車,2025-05,NEW,1,51.01,51.33,False,True,0.32,2025-05,2769.0,2769.0,2769.0,0.0,2694.62,2688.9,2694.92,True,True,True,False,True,False,False,28338433.0,3479.0,-20.41,False,0.96,2.61,0.84,True,3,True,-1.95,1.79,True,False,,tv_wilder_rsi14_sma5_v1,51.33,51.01,True,False,0.32
8097,8097.T,三愛オブリ,2025-05,NEW,1,50.66,50.96,False,True,0.31,2025-05,1741.0,1741.0,1741.0,0.0,1713.2,1728.09,1840.33,True,True,False,False,True,False,False,103200.0,2189.0,-20.47,False,1.38,1.49,0.87,True,4,True,-8.02,0.85,True,False,,tv_wilder_rsi14_sma5_v1,50.96,50.66,True,False,0.31
4324,4324.T,電通グループ,2025-05,NEW,1,38.25,38.54,False,True,0.29,2025-05,3122.0,3122.0,3122.0,0.0,3067.88,3149.04,3777.57,True,False,False,False,True,False,False,1087597.0,4910.0,-36.42,False,0.9,2.49,0.92,True,4,True,-14.72,4.03,True,False,,tv_wilder_rsi14_sma5_v1,38.54,38.25,True,False,0.29
4665,4665.T,ダスキン,2025-05,CONTINUE,2,58.38,58.67,False,False,0.29,2025-04,3754.0,3747.0,3747.0,-0.19,3686.28,3691.39,3775.61,True,True,False,False,False,False,False,122057.0,4190.0,-10.41,False,1.09,1.27,0.72,True,4,True,1.6,1.22,False,False,,tv_wilder_rsi14_sma5_v1,58.67,58.38,False,False,0.29
4005,4005.T,住友化学,2025-05,NEW,1,41.72,42.0,True,True,0.28,2025-05,346.8,346.8,346.8,0.0,342.24,344.2,368.23,True,True,False,False,True,True,False,11576400.0,458.3,-24.33,False,0.62,2.43,0.64,True,4,False,-4.45,-2.03,False,False,,tv_wilder_rsi14_sma5_v1,42.0,41.72,True,True,0.28
6058,6058.T,ベクトル,2025-05,NEW,1,42.99,43.27,False,True,0.28,2025-05,939.0,939.0,939.0,0.0,908.72,934.35,950.68,True,True,False,False,False,False,False,178183.0,1405.0,-33.17,False,0.93,1.73,1.03,False,1,True,-5.85,3.41,False,False,,tv_wilder_rsi14_sma5_v1,43.27,42.99,True,False,0.28
8011,8011.T,三陽商会,2025-05,NEW,1,62.37,62.65,False,True,0.28,2025-05,2889.0,2889.0,2889.0,0.0,2772.2,2788.16,2701.84,True,True,True,False,True,False,True,55387.0,3150.0,-8.29,False,0.98,2.07,1.17,False,2,True,9.65,4.61,False,False,,tv_wilder_rsi14_sma5_v1,62.65,62.37,True,False,0.28
7974,7974.T,任天堂,2025-05,CONTINUE,2,73.29,73.55,True,True,0.26,2025-04,11830.0,11835.0,11835.0,0.04,10435.28,10451.04,9103.39,True,True,True,False,False,True,True,6253190.0,11800.0,0.25,True,1.01,3.61,0.7,True,2,True,36.65,7.51,False,False,,tv_wilder_rsi14_sma5_v1,73.55,73.29,True,True,0.26
6113,6113.T,アマダ,2025-05,NEW,1,50.49,50.74,False,True,0.25,2025-05,1481.5,1481.5,1481.5,0.0,1455.36,1448.39,1481.09,True,True,True,False,True,False,False,1307727.0,1910.5,-22.45,False,1.08,2.24,0.96,True,3,False,-2.52,2.61,False,False,,tv_wilder_rsi14_sma5_v1,50.74,50.49,True,False,0.25
4973,4973.T,日本高純度化学,2025-05,NEW,1,53.8,54.03,False,True,0.23,2025-05,3090.0,3090.0,3090.0,0.0,2961.68,3051.28,3157.02,True,True,False,False,True,False,False,14063.0,3720.0,-16.94,False,0.85,2.06,1.04,False,4,True,-4.08,2.08,False,False,,tv_wilder_rsi14_sma5_v1,54.03,53.8,True,False,0.23
6340,6340.T,澁谷工業,2025-05,NEW,1,51.87,52.09,False,True,0.23,2025-05,3325.0,3325.0,3325.0,0.0,3121.36,3190.95,3507.32,True,True,False,False,True,False,False,34680.0,4175.0,-20.36,False,1.04,2.64,0.8,True,4,True,-5.86,2.96,True,False,,tv_wilder_rsi14_sma5_v1,52.09,51.87,True,False,0.23
5214,5214.T,日本電気硝子,2025-05,NEW,1,56.44,56.66,True,True,0.22,2025-05,3462.0,3462.0,3462.0,0.0,3393.6,3423.4,3398.57,True,True,True,False,True,True,False,356367.0,3771.0,-8.19,False,0.8,1.43,0.78,True,3,True,-2.7,-0.27,False,False,,tv_wilder_rsi14_sma5_v1,56.66,56.44,True,True,0.22
6788,6788.T,日本トリム,2025-05,CONTINUE,7,59.64,59.85,True,False,0.21,2024-11,3615.0,3950.0,3950.0,9.27,3508.4,3565.87,3505.43,True,True,True,False,False,True,True,14017.0,3995.0,-9.51,False,1.52,2.56,0.95,True,1,True,7.95,-1.23,False,False,,tv_wilder_rsi14_sma5_v1,59.85,59.64,False,True,0.21
7270,7270.T,ＳＵＢＡＲＵ,2025-05,NEW,1,48.84,49.05,False,True,0.21,2025-05,2679.0,2679.0,2679.0,0.0,2637.74,2682.89,2621.02,True,False,True,False,True,False,False,3573947.0,3614.0,-25.87,False,0.94,3.27,0.76,True,3,False,-3.72,1.95,False,False,,tv_wilder_rsi14_sma5_v1,49.05,48.84,True,False,0.21
8163,8163.T,ＳＲＳホールディングス,2025-05,NEW,1,56.84,57.05,True,True,0.21,2025-05,1205.0,1205.0,1205.0,0.0,1196.0,1207.96,1196.09,True,False,True,False,True,True,False,54910.0,1378.0,-12.55,False,0.75,1.14,0.79,True,3,False,0.6,-0.12,False,False,,tv_wilder_rsi14_sma5_v1,57.05,56.84,True,True,0.21
2148,2148.T,アイティメディア,2025-05,NEW,1,50.3,50.49,True,True,0.2,2025-05,1593.0,1593.0,1593.0,0.0,1559.64,1577.39,1594.86,True,True,False,False,True,False,False,56273.0,1970.0,-19.14,False,0.64,1.68,0.68,True,4,True,-4.45,1.73,False,False,,tv_wilder_rsi14_sma5_v1,50.49,50.3,True,True,0.2
4095,4095.T,日本パーカライジング,2025-05,NEW,1,54.29,54.48,False,True,0.19,2025-05,1243.0,1243.0,1243.0,0.0,1206.4,1224.17,1241.98,True,True,True,False,True,False,False,156033.0,1367.0,-9.07,False,1.01,2.14,0.97,True,3,False,0.82,1.11,False,False,,tv_wilder_rsi14_sma5_v1,54.48,54.29,True,False,0.19
8830,8830.T,住友不動産,2025-05,NEW,1,61.94,62.13,True,True,0.19,2025-05,2777.5,2777.5,2777.5,0.0,2709.06,2693.6,2502.87,True,True,True,True,False,True,True,2925587.0,3179.0,-12.63,False,0.97,2.18,0.97,True,2,False,10.34,1.94,False,False,,tv_wilder_rsi14_sma5_v1,62.13,61.94,True,True,0.19
3561,3561.T,力の源ホールディングス,2025-05,CONTINUE,5,50.43,50.59,True,True,0.16,2025-01,1194.0,1322.0,1322.0,10.72,1015.32,1047.28,1262.28,True,True,False,False,True,False,False,372173.0,1769.0,-32.5,False,0.99,3.63,1.49,False,4,True,-9.23,11.09,False,False,,tv_wilder_rsi14_sma5_v1,50.59,50.43,True,True,0.16
7198,7198.T,ＳＢＩアルヒ,2025-05,NEW,1,42.93,43.08,True,True,0.16,2025-05,824.0,824.0,824.0,0.0,774.96,808.59,820.12,True,True,True,False,False,False,False,125053.0,948.0,-13.08,False,1.61,1.61,1.07,False,3,True,-3.02,3.18,True,False,,tv_wilder_rsi14_sma5_v1,43.08,42.93,True,True,0.16
6996,6996.T,ニチコン,2025-05,CONTINUE,7,49.76,49.91,True,True,0.15,2024-11,1045.0,1189.0,1189.0,13.78,1059.28,1001.03,1133.56,False,True,False,False,True,False,False,346890.0,1478.0,-29.3,False,0.85,2.17,0.8,True,4,True,-6.5,-0.2,False,False,,tv_wilder_rsi14_sma5_v1,49.91,49.76,True,True,0.15
8200,8200.T,リンガーハット,2025-05,NEW,1,47.96,48.1,True,True,0.14,2025-05,2244.0,2244.0,2244.0,0.0,2247.36,2256.33,2234.72,False,False,True,False,False,False,True,58957.0,2377.0,-5.6,False,0.73,1.0,0.9,True,2,True,-0.97,0.12,False,False,,tv_wilder_rsi14_sma5_v1,48.1,47.96,True,True,0.14
6302,6302.T,住友重機械工業,2025-05,NEW,1,41.34,41.45,False,True,0.11,2025-05,3035.0,3035.0,3035.0,0.0,2977.52,3021.43,3195.98,True,True,False,False,True,False,False,432763.0,4525.0,-32.93,False,0.77,1.9,0.79,True,4,True,-8.77,3.04,False,False,,tv_wilder_rsi14_sma5_v1,41.45,41.34,True,False,0.11
7269,7269.T,スズキ,2025-05,NEW,1,61.42,61.53,False,True,0.11,2025-05,1852.5,1852.5,1852.5,0.0,1777.84,1789.55,1710.33,True,True,True,False,True,False,False,9717803.0,2014.5,-8.04,False,0.6,2.46,0.75,True,1,True,4.97,0.93,False,False,,tv_wilder_rsi14_sma5_v1,61.53,61.42,True,False,0.11
4345,4345.T,シーティーエス,2025-05,NEW,1,50.21,50.3,False,True,0.1,2025-05,802.0,802.0,802.0,0.0,803.88,799.71,841.71,False,True,False,False,True,False,False,65647.0,951.0,-15.67,False,0.77,1.75,0.76,True,1,True,-2.01,0.62,False,False,,tv_wilder_rsi14_sma5_v1,50.3,50.21,True,False,0.1
6458,6458.T,新晃工業,2025-05,NEW,1,57.81,57.91,False,True,0.1,2025-05,1220.0,1220.0,1220.0,0.0,1210.84,1214.29,1318.66,True,True,False,False,True,False,False,191870.0,1655.0,-26.28,False,1.03,1.87,0.99,True,4,True,-6.71,-0.84,False,False,,tv_wilder_rsi14_sma5_v1,57.91,57.81,True,False,0.1
5981,5981.T,東京製綱,2025-05,NEW,1,51.59,51.68,False,True,0.09,2025-05,1253.0,1253.0,1253.0,0.0,1246.48,1260.13,1209.17,True,False,True,False,True,False,False,37937.0,1382.0,-9.33,False,0.6,2.02,0.84,True,1,True,1.08,1.34,False,False,,tv_wilder_rsi14_sma5_v1,51.68,51.59,True,False,0.09
8336,8336.T,武蔵野銀行,2025-05,NEW,1,61.78,61.87,True,True,0.09,2025-05,1088.33,1088.33,1088.33,0.0,1049.73,1036.19,990.08,True,True,True,True,True,True,False,214170.0,1150.0,-5.36,False,0.91,2.37,0.76,True,1,True,7.3,0.62,False,False,,tv_wilder_rsi14_sma5_v1,61.87,61.78,True,True,0.09
7130,7130.T,ヤマエグループホールディングス,2025-05,CONTINUE,5,50.7,50.78,True,False,0.08,2025-01,2022.0,2351.0,2351.0,16.27,1918.8,1975.48,2156.01,True,True,False,False,False,False,False,77920.0,3530.0,-42.72,False,0.91,2.12,1.04,False,4,True,-12.22,5.17,False,False,,tv_wilder_rsi14_sma5_v1,50.78,50.7,False,True,0.08
9507,9507.T,四国電力,2025-05,NEW,1,52.77,52.85,False,False,0.08,2025-05,1171.5,1171.5,1171.5,0.0,1162.32,1157.62,1216.47,True,True,False,False,True,False,False,654520.0,1546.0,-24.22,False,0.82,1.68,0.79,True,4,True,-5.98,-1.11,False,False,,tv_wilder_rsi14_sma5_v1,52.85,52.77,False,False,0.08
1802,1802.T,大林組,2025-05,CONTINUE,2,70.88,70.94,False,False,0.06,2025-04,2216.5,2180.5,2180.5,-1.62,2036.38,2037.15,1981.85,True,True,True,False,True,False,True,3119850.0,2204.0,0.57,True,1.04,2.35,0.68,True,2,True,15.5,5.89,False,False,,tv_wilder_rsi14_sma5_v1,70.94,70.88,False,False,0.06
2002,2002.T,日清製粉グループ本社,2025-05,CONTINUE,2,46.32,46.38,False,False,0.06,2025-04,1842.5,1740.5,1740.5,-5.54,1788.9,1751.31,1802.58,True,True,True,False,True,False,False,1066453.0,2110.5,-12.7,False,0.75,1.76,0.78,True,3,True,0.28,3.6,False,False,,tv_wilder_rsi14_sma5_v1,46.38,46.32,False,False,0.06
8282,8282.T,ケーズホールディングス,2025-05,NEW,1,50.3,50.37,False,True,0.06,2025-05,1388.0,1388.0,1388.0,0.0,1358.86,1366.19,1429.48,True,True,False,False,True,False,False,646767.0,1664.5,-16.61,False,0.79,1.26,0.8,True,4,True,-2.93,1.71,True,False,,tv_wilder_rsi14_sma5_v1,50.37,50.3,True,False,0.06
9501,9501.T,東京電力ホールディングス,2025-05,CONTINUE,3,36.04,36.1,False,False,0.06,2025-03,429.7,397.5,397.5,-7.49,423.97,434.31,600.33,True,False,False,False,True,False,False,44471817.0,1114.5,-61.44,False,0.67,4.21,1.12,False,4,True,-27.88,5.8,False,False,,tv_wilder_rsi14_sma5_v1,36.1,36.04,False,False,0.06
6266,6266.T,タツモ,2025-05,NEW,1,43.28,43.34,False,True,0.05,2025-05,1917.0,1917.0,1917.0,0.0,1824.0,1928.93,2471.09,True,False,False,False,True,False,False,162263.0,3900.0,-50.85,False,1.19,4.16,0.98,True,4,True,-30.62,0.7,True,False,,tv_wilder_rsi14_sma5_v1,43.34,43.28,True,False,0.05
4433,4433.T,ﾋﾄ･ｺﾐｭﾆｹｰｼｮﾝｽﾞ･ﾎｰﾙﾃﾞｨﾝｸﾞｽ,2025-05,CONTINUE,6,38.42,38.46,True,False,0.04,2024-12,850.0,935.0,935.0,10.0,832.84,834.91,925.24,True,True,False,False,True,False,False,28790.0,1302.0,-34.72,False,1.14,1.45,1.07,False,4,True,-14.01,0.06,False,False,,tv_wilder_rsi14_sma5_v1,38.46,38.42,False,True,0.04
4617,4617.T,中国塗料,2025-05,NEW,1,63.39,63.43,False,True,0.04,2025-05,2227.0,2227.0,2227.0,0.0,2124.2,2106.07,2148.18,True,True,True,False,True,False,True,193243.0,2629.0,-15.29,False,1.06,1.87,0.99,True,2,True,5.42,3.49,True,False,,tv_wilder_rsi14_sma5_v1,63.43,63.39,True,False,0.04
5801,5801.T,古河電気工業,2025-05,NEW,1,66.17,66.21,False,True,0.04,2025-05,687.8,687.8,687.8,0.0,539.67,554.19,522.89,True,True,True,False,True,False,True,34998333.0,830.4,-17.17,False,1.35,4.7,1.08,False,2,True,35.78,12.21,False,False,,tv_wilder_rsi14_sma5_v1,66.21,66.17,True,False,0.04
9052,9052.T,山陽電気鉄道,2025-05,CONTINUE,2,41.57,41.6,False,False,0.04,2025-04,2018.0,2008.0,2008.0,-0.5,2002.64,2015.19,2017.13,True,True,True,False,False,False,False,33803.0,2138.0,-5.61,False,0.48,1.32,0.6,True,3,True,-0.24,2.16,False,False,,tv_wilder_rsi14_sma5_v1,41.6,41.57,False,False,0.04
3091,3091.T,ブロンコビリー,2025-05,NEW,1,58.03,58.06,False,True,0.03,2025-05,1850.0,1850.0,1850.0,0.0,1796.3,1823.3,1829.06,True,True,True,False,False,True,False,152040.0,2080.0,-11.06,False,0.57,1.25,0.97,True,1,True,2.4,1.79,False,False,,tv_wilder_rsi14_sma5_v1,58.06,58.03,True,False,0.03
9229,9229.T,サンウェルズ,2025-05,NEW,1,38.04,38.06,False,True,0.03,2025-05,595.0,595.0,595.0,0.0,536.36,574.08,1105.6,True,True,False,False,False,False,False,447477.0,3095.0,-80.78,False,1.23,5.47,0.93,True,4,True,-43.17,0.86,True,False,,tv_wilder_rsi14_sma5_v1,38.06,38.04,True,False,0.03
6966,6966.T,三井ハイテック,2025-05,NEW,1,37.38,37.4,False,True,0.02,2025-05,727.0,727.0,727.0,0.0,702.28,734.2,824.18,True,False,False,False,True,False,False,700837.0,1565.0,-53.55,False,0.57,2.25,0.83,True,4,True,-25.23,1.65,False,False,,tv_wilder_rsi14_sma5_v1,37.4,37.38,True,False,0.02
8309,8309.T,三井住友トラストグループ,2025-05,NEW,1,66.3,66.32,False,True,0.02,2025-05,3923.0,3923.0,3923.0,0.0,3610.24,3667.65,3615.83,True,True,True,False,True,False,False,2807643.0,4066.0,-3.52,False,1.19,2.02,0.94,True,1,True,5.53,2.46,True,False,,tv_wilder_rsi14_sma5_v1,66.32,66.3,True,False,0.02
2737,2737.T,トーメンデバイス,2025-05,NEW,1,47.43,47.44,False,True,0.01,2025-05,5690.0,5690.0,5690.0,0.0,5486.2,5690.13,6049.1,True,False,False,False,True,False,False,25443.0,8160.0,-30.27,False,0.55,1.69,0.84,True,1,True,-10.02,2.06,False,False,,tv_wilder_rsi14_sma5_v1,47.44,47.43,True,False,0.01
5185,5185.T,フコク,2025-05,NEW,1,52.99,52.99,False,True,0.01,2025-05,1675.0,1675.0,1675.0,0.0,1630.72,1629.2,1710.68,True,True,False,False,True,False,False,32603.0,2490.0,-32.73,False,0.86,2.17,0.85,True,4,True,-3.7,3.56,False,False,,tv_wilder_rsi14_sma5_v1,52.99,52.99,True,False,0.01
6315,6315.T,ＴＯＷＡ,2025-05,NEW,1,46.0,46.02,True,True,0.01,2025-05,1543.0,1543.0,1543.0,0.0,1459.64,1494.36,1763.11,True,True,False,False,True,False,False,3057973.0,4853.33,-68.21,False,0.63,4.4,0.81,True,4,True,-23.22,6.1,False,False,,tv_wilder_rsi14_sma5_v1,46.02,46.0,True,True,0.01
7280,7280.T,ミツバ,2025-05,NEW,1,47.62,47.63,False,False,0.01,2025-05,829.0,829.0,829.0,0.0,818.6,814.01,870.1,True,True,False,False,True,False,False,85413.0,1220.0,-32.05,False,0.93,2.28,0.91,True,4,False,-5.63,3.6,False,False,,tv_wilder_rsi14_sma5_v1,47.63,47.62,False,False,0.01
9010,9010.T,富士急行,2025-05,NEW,1,28.31,28.32,True,True,0.01,2025-05,2135.0,2135.0,2135.0,0.0,2083.32,2204.71,2366.64,True,False,False,False,False,False,False,124657.0,3285.0,-35.01,False,1.11,2.06,0.86,True,4,True,-15.48,3.54,False,False,,tv_wilder_rsi14_sma5_v1,28.32,28.31,True,True,0.01
6036,6036.T,ＫｅｅＰｅｒ技研,2025-05,NEW,1,46.69,46.69,False,False,0.0,2025-05,4030.0,4030.0,4030.0,0.0,4159.2,4024.93,4156.01,False,True,False,False,True,False,True,77490.0,4970.0,-18.91,False,1.1,3.0,1.1,False,1,True,3.27,0.04,False,False,,tv_wilder_rsi14_sma5_v1,46.69,46.69,False,False,0.0
