code,ticker,name,signal_month,status,months_active,rsi14,rsi5,rsi14_up,rsi5_up,diff,gc_month,gc_price,signal_month_close,period_price,return_since_gc_pct,sma25,sma75,sma200,price_above_sma25,price_above_sma75,price_above_sma200,perfect_order,sma25_up,sma75_up,sma200_up,avg_volume30,high52_price,high52_distance_pct,high52_breakout,volume_ratio_5_30,atr14_pct,atr_ratio_10_20,vcp_tight,stage,supertrend_up,rsr_score,rsr_momentum,mvp_signal,cosmos_focus,cosmos_focus_type,sector,industry,quote_type,exit_month,exit_price,return_at_exit_pct,per,forward_per,pbr,book_value,forward_annual_dividend,trailing_annual_dividend,dividend_change_pct,dividend_yield_pct,payout_ratio_pct,roe_pct,roa_pct,profit_margin_pct,operating_margin_pct,revenue_growth_pct,earnings_growth_pct,current_ratio,quick_ratio,debt_to_equity_pct,equity_ratio_pct,market_cap_oku,enterprise_value_oku,operating_cashflow_oku,free_cashflow_oku,total_cash_oku,total_debt_oku,ebitda_oku,beta,shares_outstanding_million,data_completeness_pct,next_earnings_date,earnings_date_start,earnings_date_end,ex_dividend_date,last_dividend_date,signal_version,monthly_rsi14,monthly_rsi_ma5,monthly_rsi14_up,monthly_rsi_ma5_up,monthly_rsi_spread
1377,1377.T,サカタのタネ,2025-01,OUT,2,42.99,48.0,True,True,5.02,2024-12,3465.0,3670.0,3670.0,5.92,,,,,,,,,,,,,,,,,,,,,,,,,,,,,2025-02,3400.0,-1.88,,,,,,,,,,,,,,,,,,,,,,,,,,,,,,,,,,,tv_wilder_rsi14_sma5_v1,48.0,42.99,True,True,5.02
1382,1382.T,ホーブ,2025-01,OUT,1,47.41,47.61,False,True,0.21,2025-01,1809.0,1809.0,1809.0,0.0,,,,,,,,,,,,,,,,,,,,,,,,,,,,,2025-02,1764.0,-2.49,,,,,,,,,,,,,,,,,,,,,,,,,,,,,,,,,,,tv_wilder_rsi14_sma5_v1,47.61,47.41,True,False,0.21
1417,1417.T,ミライト・ワン,2025-01,OUT,2,67.49,70.63,True,True,3.14,2024-12,2302.0,2310.5,2310.5,0.37,,,,,,,,,,,,,,,,,,,,,,,,,,,,,2025-02,2223.0,-3.43,,,,,,,,,,,,,,,,,,,,,,,,,,,,,,,,,,,tv_wilder_rsi14_sma5_v1,70.63,67.49,True,True,3.14
1447,1447.T,ＳＡＡＦホールディングス,2025-01,OUT,2,47.54,51.2,True,True,3.66,2024-12,322.0,348.0,348.0,8.07,,,,,,,,,,,,,,,,,,,,,,,,,,,,,2025-02,321.0,-0.31,,,,,,,,,,,,,,,,,,,,,,,,,,,,,,,,,,,tv_wilder_rsi14_sma5_v1,51.2,47.54,True,True,3.66
1721,1721.T,コムシスホールディングス,2025-01,OUT,4,54.74,54.93,True,False,0.19,2024-10,3214.0,3229.0,3229.0,0.47,,,,,,,,,,,,,,,,,,,,,,,,,,,,,2025-02,3180.0,-1.06,,,,,,,,,,,,,,,,,,,,,,,,,,,,,,,,,,,tv_wilder_rsi14_sma5_v1,54.93,54.74,False,True,0.19
1786,1786.T,オリエンタル白石,2025-01,OUT,6,63.15,64.48,True,True,1.33,2024-08,377.0,395.0,395.0,4.77,,,,,,,,,,,,,,,,,,,,,,,,,,,,,2025-02,375.0,-0.53,,,,,,,,,,,,,,,,,,,,,,,,,,,,,,,,,,,tv_wilder_rsi14_sma5_v1,64.48,63.15,True,True,1.33
1802,1802.T,大林組,2025-01,OUT,3,73.0,73.97,True,False,0.97,2024-11,2135.0,2090.5,2090.5,-2.08,,,,,,,,,,,,,,,,,,,,,,,,,,,,,2025-02,2023.0,-5.25,,,,,,,,,,,,,,,,,,,,,,,,,,,,,,,,,,,tv_wilder_rsi14_sma5_v1,73.97,73.0,False,True,0.97
1808,1808.T,長谷工コーポレーション,2025-01,OUT,3,61.84,65.34,True,True,3.5,2024-11,2011.5,2041.5,2041.5,1.49,,,,,,,,,,,,,,,,,,,,,,,,,,,,,2025-02,1975.5,-1.79,,,,,,,,,,,,,,,,,,,,,,,,,,,,,,,,,,,tv_wilder_rsi14_sma5_v1,65.34,61.84,True,True,3.5
1879,1879.T,新日本建設,2025-01,OUT,1,65.73,66.69,False,True,0.96,2025-01,1605.0,1605.0,1605.0,0.0,,,,,,,,,,,,,,,,,,,,,,,,,,,,,2025-02,1499.0,-6.6,,,,,,,,,,,,,,,,,,,,,,,,,,,,,,,,,,,tv_wilder_rsi14_sma5_v1,66.69,65.73,True,False,0.96
1888,1888.T,若築建設,2025-01,OUT,3,61.17,61.84,False,False,0.67,2024-11,3615.0,3690.0,3690.0,2.07,,,,,,,,,,,,,,,,,,,,,,,,,,,,,2025-02,3575.0,-1.11,,,,,,,,,,,,,,,,,,,,,,,,,,,,,,,,,,,tv_wilder_rsi14_sma5_v1,61.84,61.17,False,False,0.67
1934,1934.T,ユアテック,2025-01,OUT,2,69.27,74.0,True,True,4.73,2024-12,1558.0,1747.0,1747.0,12.13,,,,,,,,,,,,,,,,,,,,,,,,,,,,,2025-02,1581.0,1.48,,,,,,,,,,,,,,,,,,,,,,,,,,,,,,,,,,,tv_wilder_rsi14_sma5_v1,74.0,69.27,True,True,4.73
1939,1939.T,四電工,2025-01,OUT,3,76.62,76.62,True,False,0.0,2024-11,1477.0,1535.0,1535.0,3.93,,,,,,,,,,,,,,,,,,,,,,,,,,,,,2025-02,1313.0,-11.1,,,,,,,,,,,,,,,,,,,,,,,,,,,,,,,,,,,tv_wilder_rsi14_sma5_v1,76.62,76.62,False,True,0.0
1946,1946.T,トーエネック,2025-01,OUT,2,55.22,59.01,True,True,3.78,2024-12,985.0,1025.0,1025.0,4.06,,,,,,,,,,,,,,,,,,,,,,,,,,,,,2025-02,963.0,-2.23,,,,,,,,,,,,,,,,,,,,,,,,,,,,,,,,,,,tv_wilder_rsi14_sma5_v1,59.01,55.22,True,True,3.78
1948,1948.T,弘電社,2025-01,OUT,5,85.79,92.2,True,True,6.41,2024-09,1418.0,2143.0,2143.0,51.13,,,,,,,,,,,,,,,,,,,,,,,,,,,,,2025-02,1986.0,40.06,,,,,,,,,,,,,,,,,,,,,,,,,,,,,,,,,,,tv_wilder_rsi14_sma5_v1,92.2,85.79,True,True,6.41
1952,1952.T,新日本空調,2025-01,OUT,2,60.55,60.64,True,False,0.09,2024-12,2041.0,1930.0,1930.0,-5.44,,,,,,,,,,,,,,,,,,,,,,,,,,,,,2025-02,1652.0,-19.06,,,,,,,,,,,,,,,,,,,,,,,,,,,,,,,,,,,tv_wilder_rsi14_sma5_v1,60.64,60.55,False,True,0.09
1963,1963.T,日揮ホールディングス,2025-01,OUT,4,42.75,43.22,True,False,0.47,2024-10,1319.5,1306.0,1306.0,-1.02,,,,,,,,,,,,,,,,,,,,,,,,,,,,,2025-02,1110.0,-15.88,,,,,,,,,,,,,,,,,,,,,,,,,,,,,,,,,,,tv_wilder_rsi14_sma5_v1,43.22,42.75,False,True,0.47
1969,1969.T,高砂熱学工業,2025-01,OUT,3,68.83,69.07,False,False,0.24,2024-11,2981.5,3031.5,3031.5,1.68,,,,,,,,,,,,,,,,,,,,,,,,,,,,,2025-02,2611.5,-12.41,,,,,,,,,,,,,,,,,,,,,,,,,,,,,,,,,,,tv_wilder_rsi14_sma5_v1,69.07,68.83,False,False,0.24
1975,1975.T,朝日工業社,2025-01,OUT,3,66.12,75.0,True,False,8.88,2024-11,1923.0,2206.0,2206.0,14.72,,,,,,,,,,,,,,,,,,,,,,,,,,,,,2025-02,1947.0,1.25,,,,,,,,,,,,,,,,,,,,,,,,,,,,,,,,,,,tv_wilder_rsi14_sma5_v1,75.0,66.12,False,True,8.88
1976,1976.T,明星工業,2025-01,OUT,2,64.87,67.09,True,False,2.22,2024-12,1444.0,1409.0,1409.0,-2.42,,,,,,,,,,,,,,,,,,,,,,,,,,,,,2025-02,1215.0,-15.86,,,,,,,,,,,,,,,,,,,,,,,,,,,,,,,,,,,tv_wilder_rsi14_sma5_v1,67.09,64.87,False,True,2.22
1982,1982.T,日比谷総合設備,2025-01,OUT,3,77.06,77.56,True,True,0.51,2024-11,1947.5,1922.5,1922.5,-1.28,,,,,,,,,,,,,,,,,,,,,,,,,,,,,2025-02,1637.5,-15.92,,,,,,,,,,,,,,,,,,,,,,,,,,,,,,,,,,,tv_wilder_rsi14_sma5_v1,77.56,77.06,True,True,0.51
2060,2060.T,フィード・ワン,2025-01,OUT,1,49.59,50.82,False,True,1.23,2025-01,847.0,847.0,847.0,0.0,,,,,,,,,,,,,,,,,,,,,,,,,,,,,2025-02,806.0,-4.84,,,,,,,,,,,,,,,,,,,,,,,,,,,,,,,,,,,tv_wilder_rsi14_sma5_v1,50.82,49.59,True,False,1.23
2114,2114.T,フジ日本,2025-01,OUT,1,61.1,62.69,False,True,1.59,2025-01,525.0,525.0,525.0,0.0,,,,,,,,,,,,,,,,,,,,,,,,,,,,,2025-02,515.0,-1.9,,,,,,,,,,,,,,,,,,,,,,,,,,,,,,,,,,,tv_wilder_rsi14_sma5_v1,62.69,61.1,True,False,1.59
2120,2120.T,ＬＩＦＵＬＬ,2025-01,OUT,4,43.78,49.29,True,False,5.51,2024-10,148.0,200.0,200.0,35.14,,,,,,,,,,,,,,,,,,,,,,,,,,,,,2025-02,162.0,9.46,,,,,,,,,,,,,,,,,,,,,,,,,,,,,,,,,,,tv_wilder_rsi14_sma5_v1,49.29,43.78,False,True,5.51
2138,2138.T,クルーズ,2025-01,OUT,1,38.61,39.56,False,True,0.95,2025-01,606.0,606.0,606.0,0.0,,,,,,,,,,,,,,,,,,,,,,,,,,,,,2025-02,562.0,-7.26,,,,,,,,,,,,,,,,,,,,,,,,,,,,,,,,,,,tv_wilder_rsi14_sma5_v1,39.56,38.61,True,False,0.95
2158,2158.T,ＦＲＯＮＴＥＯ,2025-01,OUT,1,45.39,45.79,False,True,0.4,2025-01,654.0,654.0,654.0,0.0,,,,,,,,,,,,,,,,,,,,,,,,,,,,,2025-02,588.0,-10.09,,,,,,,,,,,,,,,,,,,,,,,,,,,,,,,,,,,tv_wilder_rsi14_sma5_v1,45.79,45.39,True,False,0.4
2179,2179.T,成学社,2025-01,OUT,1,54.58,57.07,True,True,2.49,2025-01,807.0,807.0,807.0,0.0,,,,,,,,,,,,,,,,,,,,,,,,,,,,,2025-02,799.0,-0.99,,,,,,,,,,,,,,,,,,,,,,,,,,,,,,,,,,,tv_wilder_rsi14_sma5_v1,57.07,54.58,True,True,2.49
2195,2195.T,アミタホールディングス,2025-01,OUT,1,36.53,36.82,False,True,0.29,2025-01,353.0,353.0,353.0,0.0,,,,,,,,,,,,,,,,,,,,,,,,,,,,,2025-02,324.0,-8.22,,,,,,,,,,,,,,,,,,,,,,,,,,,,,,,,,,,tv_wilder_rsi14_sma5_v1,36.82,36.53,True,False,0.29
2206,2206.T,江崎グリコ,2025-01,OUT,2,57.85,60.09,True,False,2.24,2024-12,4694.0,4683.0,4683.0,-0.23,,,,,,,,,,,,,,,,,,,,,,,,,,,,,2025-02,4552.0,-3.03,,,,,,,,,,,,,,,,,,,,,,,,,,,,,,,,,,,tv_wilder_rsi14_sma5_v1,60.09,57.85,False,True,2.24
2215,2215.T,第一屋製パン,2025-01,OUT,1,49.7,52.07,True,True,2.37,2025-01,631.0,631.0,631.0,0.0,,,,,,,,,,,,,,,,,,,,,,,,,,,,,2025-02,571.0,-9.51,,,,,,,,,,,,,,,,,,,,,,,,,,,,,,,,,,,tv_wilder_rsi14_sma5_v1,52.07,49.7,True,True,2.37
2216,2216.T,カンロ,2025-01,OUT,1,72.73,73.34,False,True,0.61,2025-01,1206.67,1206.67,1206.67,0.0,,,,,,,,,,,,,,,,,,,,,,,,,,,,,2025-02,1136.67,-5.8,,,,,,,,,,,,,,,,,,,,,,,,,,,,,,,,,,,tv_wilder_rsi14_sma5_v1,73.34,72.73,True,False,0.61
2293,2293.T,滝沢ハム,2025-01,OUT,3,47.91,48.64,True,False,0.73,2024-11,3040.0,3045.0,3045.0,0.16,,,,,,,,,,,,,,,,,,,,,,,,,,,,,2025-02,3020.0,-0.66,,,,,,,,,,,,,,,,,,,,,,,,,,,,,,,,,,,tv_wilder_rsi14_sma5_v1,48.64,47.91,False,True,0.73
2296,2296.T,伊藤ハム米久ホールディングス,2025-01,OUT,2,49.69,49.72,False,False,0.03,2024-12,3960.0,3865.0,3865.0,-2.4,,,,,,,,,,,,,,,,,,,,,,,,,,,,,2025-02,3725.0,-5.93,,,,,,,,,,,,,,,,,,,,,,,,,,,,,,,,,,,tv_wilder_rsi14_sma5_v1,49.72,49.69,False,False,0.03
2300,2300.T,きょくとう,2025-01,OUT,3,56.98,60.85,True,True,3.87,2024-11,517.0,536.0,536.0,3.68,,,,,,,,,,,,,,,,,,,,,,,,,,,,,2025-02,492.0,-4.84,,,,,,,,,,,,,,,,,,,,,,,,,,,,,,,,,,,tv_wilder_rsi14_sma5_v1,60.85,56.98,True,True,3.87
2301,2301.T,学情,2025-01,OUT,2,57.29,65.65,True,True,8.36,2024-12,2202.0,2257.0,2257.0,2.5,,,,,,,,,,,,,,,,,,,,,,,,,,,,,2025-02,2015.0,-8.49,,,,,,,,,,,,,,,,,,,,,,,,,,,,,,,,,,,tv_wilder_rsi14_sma5_v1,65.65,57.29,True,True,8.36
2305,2305.T,スタジオアリス,2025-01,OUT,3,49.43,52.81,True,True,3.38,2024-11,2096.0,2132.0,2132.0,1.72,,,,,,,,,,,,,,,,,,,,,,,,,,,,,2025-02,2015.0,-3.86,,,,,,,,,,,,,,,,,,,,,,,,,,,,,,,,,,,tv_wilder_rsi14_sma5_v1,52.81,49.43,True,True,3.38
2323,2323.T,ｆｏｎｆｕｎ,2025-01,OUT,2,57.85,63.12,True,True,5.27,2024-12,149.33,173.33,173.33,16.07,,,,,,,,,,,,,,,,,,,,,,,,,,,,,2025-02,136.0,-8.93,,,,,,,,,,,,,,,,,,,,,,,,,,,,,,,,,,,tv_wilder_rsi14_sma5_v1,63.12,57.85,True,True,5.27
2330,2330.T,フォーサイド,2025-01,OUT,2,49.33,50.88,False,True,1.55,2024-12,179.0,182.0,182.0,1.68,,,,,,,,,,,,,,,,,,,,,,,,,,,,,2025-02,165.0,-7.82,,,,,,,,,,,,,,,,,,,,,,,,,,,,,,,,,,,tv_wilder_rsi14_sma5_v1,50.88,49.33,True,False,1.55
2335,2335.T,キューブシステム,2025-01,OUT,2,45.17,46.9,False,False,1.73,2024-12,1065.0,1046.0,1046.0,-1.78,,,,,,,,,,,,,,,,,,,,,,,,,,,,,2025-02,1007.0,-5.45,,,,,,,,,,,,,,,,,,,,,,,,,,,,,,,,,,,tv_wilder_rsi14_sma5_v1,46.9,45.17,False,False,1.73
2340,2340.T,極楽湯ホールディングス,2025-01,OUT,6,69.48,80.46,True,True,10.98,2024-08,402.0,539.0,539.0,34.08,,,,,,,,,,,,,,,,,,,,,,,,,,,,,2025-02,461.0,14.68,,,,,,,,,,,,,,,,,,,,,,,,,,,,,,,,,,,tv_wilder_rsi14_sma5_v1,80.46,69.48,True,True,10.98
2341,2341.T,アルバイトタイムス,2025-01,OUT,2,49.15,51.87,True,True,2.72,2024-12,142.0,147.0,147.0,3.52,,,,,,,,,,,,,,,,,,,,,,,,,,,,,2025-02,142.0,0.0,,,,,,,,,,,,,,,,,,,,,,,,,,,,,,,,,,,tv_wilder_rsi14_sma5_v1,51.87,49.15,True,True,2.72
2345,2345.T,ＨＯＤＬ１,2025-01,OUT,8,52.88,64.32,True,True,11.44,2024-06,277.0,558.0,558.0,101.44,,,,,,,,,,,,,,,,,,,,,,,,,,,,,2025-02,164.0,-40.79,,,,,,,,,,,,,,,,,,,,,,,,,,,,,,,,,,,tv_wilder_rsi14_sma5_v1,64.32,52.88,True,True,11.44
2359,2359.T,コア,2025-01,OUT,2,55.45,55.78,True,False,0.32,2024-12,1880.0,1880.0,1880.0,0.0,,,,,,,,,,,,,,,,,,,,,,,,,,,,,2025-02,1820.0,-3.19,,,,,,,,,,,,,,,,,,,,,,,,,,,,,,,,,,,tv_wilder_rsi14_sma5_v1,55.78,55.45,False,True,0.32
2375,2375.T,ギグワークス,2025-01,OUT,1,40.52,42.56,False,True,2.03,2025-01,331.0,331.0,331.0,0.0,,,,,,,,,,,,,,,,,,,,,,,,,,,,,2025-02,268.0,-19.03,,,,,,,,,,,,,,,,,,,,,,,,,,,,,,,,,,,tv_wilder_rsi14_sma5_v1,42.56,40.52,True,False,2.03
2391,2391.T,プラネット,2025-01,OUT,2,44.43,48.15,True,True,3.73,2024-12,1250.0,1258.0,1258.0,0.64,,,,,,,,,,,,,,,,,,,,,,,,,,,,,2025-02,1220.0,-2.4,,,,,,,,,,,,,,,,,,,,,,,,,,,,,,,,,,,tv_wilder_rsi14_sma5_v1,48.15,44.43,True,True,3.73
2395,2395.T,新日本科学,2025-01,OUT,4,45.4,52.08,True,True,6.67,2024-10,1242.0,1700.0,1700.0,36.88,,,,,,,,,,,,,,,,,,,,,,,,,,,,,2025-02,1485.0,19.57,,,,,,,,,,,,,,,,,,,,,,,,,,,,,,,,,,,tv_wilder_rsi14_sma5_v1,52.08,45.4,True,True,6.67
2410,2410.T,キャリアデザインセンター,2025-01,OUT,2,51.45,52.11,False,False,0.66,2024-12,1815.0,1812.0,1812.0,-0.17,,,,,,,,,,,,,,,,,,,,,,,,,,,,,2025-02,1751.0,-3.53,,,,,,,,,,,,,,,,,,,,,,,,,,,,,,,,,,,tv_wilder_rsi14_sma5_v1,52.11,51.45,False,False,0.66
2425,2425.T,ケアサービス,2025-01,OUT,2,58.05,63.64,True,True,5.59,2024-12,850.0,920.0,920.0,8.24,,,,,,,,,,,,,,,,,,,,,,,,,,,,,2025-02,841.0,-1.06,,,,,,,,,,,,,,,,,,,,,,,,,,,,,,,,,,,tv_wilder_rsi14_sma5_v1,63.64,58.05,True,True,5.59
2428,2428.T,ウェルネット,2025-01,OUT,1,62.56,62.74,False,False,0.18,2025-01,848.0,848.0,848.0,0.0,,,,,,,,,,,,,,,,,,,,,,,,,,,,,2025-02,741.0,-12.62,,,,,,,,,,,,,,,,,,,,,,,,,,,,,,,,,,,tv_wilder_rsi14_sma5_v1,62.74,62.56,False,False,0.18
2435,2435.T,シダー,2025-01,OUT,4,48.96,53.76,True,True,4.8,2024-10,216.0,236.0,236.0,9.26,,,,,,,,,,,,,,,,,,,,,,,,,,,,,2025-02,221.0,2.31,,,,,,,,,,,,,,,,,,,,,,,,,,,,,,,,,,,tv_wilder_rsi14_sma5_v1,53.76,48.96,True,True,4.8
2438,2438.T,アスカネット,2025-01,OUT,1,31.81,31.96,False,True,0.16,2025-01,482.0,482.0,482.0,0.0,,,,,,,,,,,,,,,,,,,,,,,,,,,,,2025-02,467.0,-3.11,,,,,,,,,,,,,,,,,,,,,,,,,,,,,,,,,,,tv_wilder_rsi14_sma5_v1,31.96,31.81,True,False,0.16
2479,2479.T,ジェイテック,2025-01,OUT,2,47.4,51.07,True,True,3.67,2024-12,236.0,250.0,250.0,5.93,,,,,,,,,,,,,,,,,,,,,,,,,,,,,2025-02,234.0,-0.85,,,,,,,,,,,,,,,,,,,,,,,,,,,,,,,,,,,tv_wilder_rsi14_sma5_v1,51.07,47.4,True,True,3.67
2491,2491.T,バリューコマース,2025-01,OUT,3,34.1,37.54,True,True,3.44,2024-11,1129.0,1210.0,1210.0,7.17,,,,,,,,,,,,,,,,,,,,,,,,,,,,,2025-02,825.0,-26.93,,,,,,,,,,,,,,,,,,,,,,,,,,,,,,,,,,,tv_wilder_rsi14_sma5_v1,37.54,34.1,True,True,3.44
2498,2498.T,オリエンタルコンサルタンツホールディングス,2025-01,OUT,2,70.14,76.87,True,True,6.73,2024-12,2425.0,2720.0,2720.0,12.16,,,,,,,,,,,,,,,,,,,,,,,,,,,,,2025-02,2385.0,-1.65,,,,,,,,,,,,,,,,,,,,,,,,,,,,,,,,,,,tv_wilder_rsi14_sma5_v1,76.87,70.14,True,True,6.73
2531,2531.T,宝ホールディングス,2025-01,OUT,7,58.91,63.58,True,True,4.67,2024-07,1145.0,1367.0,1367.0,19.39,,,,,,,,,,,,,,,,,,,,,,,,,,,,,2025-02,1168.5,2.05,,,,,,,,,,,,,,,,,,,,,,,,,,,,,,,,,,,tv_wilder_rsi14_sma5_v1,63.58,58.91,True,True,4.67
2669,2669.T,カネ美食品,2025-01,OUT,2,57.28,63.13,True,True,5.84,2024-12,3325.0,3390.0,3390.0,1.95,,,,,,,,,,,,,,,,,,,,,,,,,,,,,2025-02,3235.0,-2.71,,,,,,,,,,,,,,,,,,,,,,,,,,,,,,,,,,,tv_wilder_rsi14_sma5_v1,63.13,57.28,True,True,5.84
2670,2670.T,エービーシー・マート,2025-01,OUT,3,64.99,67.81,True,True,2.82,2024-11,3075.0,3245.0,3245.0,5.53,,,,,,,,,,,,,,,,,,,,,,,,,,,,,2025-02,2877.5,-6.42,,,,,,,,,,,,,,,,,,,,,,,,,,,,,,,,,,,tv_wilder_rsi14_sma5_v1,67.81,64.99,True,True,2.82
2674,2674.T,ハードオフコーポレーション,2025-01,OUT,1,64.01,64.14,False,True,0.13,2025-01,1955.0,1955.0,1955.0,0.0,,,,,,,,,,,,,,,,,,,,,,,,,,,,,2025-02,1861.0,-4.81,,,,,,,,,,,,,,,,,,,,,,,,,,,,,,,,,,,tv_wilder_rsi14_sma5_v1,64.14,64.01,True,False,0.13
2683,2683.T,魚喜,2025-01,OUT,1,35.85,38.24,True,True,2.4,2025-01,1045.0,1045.0,1045.0,0.0,,,,,,,,,,,,,,,,,,,,,,,,,,,,,2025-02,1022.0,-2.2,,,,,,,,,,,,,,,,,,,,,,,,,,,,,,,,,,,tv_wilder_rsi14_sma5_v1,38.24,35.85,True,True,2.4
2726,2726.T,パルグループホールディングス,2025-01,OUT,6,71.32,73.69,True,True,2.37,2024-08,1182.0,1720.0,1720.0,45.52,,,,,,,,,,,,,,,,,,,,,,,,,,,,,2025-02,1545.0,30.71,,,,,,,,,,,,,,,,,,,,,,,,,,,,,,,,,,,tv_wilder_rsi14_sma5_v1,73.69,71.32,True,True,2.37
2747,2747.T,北雄ラッキー,2025-01,OUT,4,56.52,60.69,True,False,4.17,2024-10,3185.0,3335.0,3335.0,4.71,,,,,,,,,,,,,,,,,,,,,,,,,,,,,2025-02,3040.0,-4.55,,,,,,,,,,,,,,,,,,,,,,,,,,,,,,,,,,,tv_wilder_rsi14_sma5_v1,60.69,56.52,False,True,4.17
2780,2780.T,コメ兵ホールディングス,2025-01,OUT,1,52.55,53.93,False,True,1.37,2025-01,4085.0,4085.0,4085.0,0.0,,,,,,,,,,,,,,,,,,,,,,,,,,,,,2025-02,2922.0,-28.47,,,,,,,,,,,,,,,,,,,,,,,,,,,,,,,,,,,tv_wilder_rsi14_sma5_v1,53.93,52.55,True,False,1.37
2788,2788.T,アップルインターナショナル,2025-01,OUT,3,52.05,52.15,False,False,0.1,2024-11,443.0,422.0,422.0,-4.74,,,,,,,,,,,,,,,,,,,,,,,,,,,,,2025-02,399.0,-9.93,,,,,,,,,,,,,,,,,,,,,,,,,,,,,,,,,,,tv_wilder_rsi14_sma5_v1,52.15,52.05,False,False,0.1
2789,2789.T,カルラ,2025-01,OUT,5,57.77,59.37,True,False,1.61,2024-09,469.0,485.0,485.0,3.41,,,,,,,,,,,,,,,,,,,,,,,,,,,,,2025-02,443.0,-5.54,,,,,,,,,,,,,,,,,,,,,,,,,,,,,,,,,,,tv_wilder_rsi14_sma5_v1,59.37,57.77,False,True,1.61
2792,2792.T,ハニーズホールディングス,2025-01,OUT,1,56.23,57.09,True,True,0.86,2025-01,1701.0,1701.0,1701.0,0.0,,,,,,,,,,,,,,,,,,,,,,,,,,,,,2025-02,1629.0,-4.23,,,,,,,,,,,,,,,,,,,,,,,,,,,,,,,,,,,tv_wilder_rsi14_sma5_v1,57.09,56.23,True,True,0.86
2798,2798.T,ワイズテーブルコーポレーション,2025-01,OUT,2,68.76,71.04,True,True,2.28,2024-12,3000.0,3010.0,3010.0,0.33,,,,,,,,,,,,,,,,,,,,,,,,,,,,,2025-02,2849.0,-5.03,,,,,,,,,,,,,,,,,,,,,,,,,,,,,,,,,,,tv_wilder_rsi14_sma5_v1,71.04,68.76,True,True,2.28
2802,2802.T,味の素,2025-01,OUT,3,60.93,61.37,True,False,0.45,2024-11,3141.0,3122.5,3122.5,-0.59,,,,,,,,,,,,,,,,,,,,,,,,,,,,,2025-02,3002.5,-4.41,,,,,,,,,,,,,,,,,,,,,,,,,,,,,,,,,,,tv_wilder_rsi14_sma5_v1,61.37,60.93,False,True,0.45
2813,2813.T,和弘食品,2025-01,OUT,3,63.34,64.19,True,False,0.84,2024-11,5660.0,5850.0,5850.0,3.36,,,,,,,,,,,,,,,,,,,,,,,,,,,,,2025-02,4785.0,-15.46,,,,,,,,,,,,,,,,,,,,,,,,,,,,,,,,,,,tv_wilder_rsi14_sma5_v1,64.19,63.34,False,True,0.84
2819,2819.T,エバラ食品工業,2025-01,OUT,2,49.1,50.56,True,False,1.46,2024-12,2920.0,2900.0,2900.0,-0.68,,,,,,,,,,,,,,,,,,,,,,,,,,,,,2025-02,2815.0,-3.6,,,,,,,,,,,,,,,,,,,,,,,,,,,,,,,,,,,tv_wilder_rsi14_sma5_v1,50.56,49.1,False,True,1.46
2882,2882.T,イートアンドホールディングス,2025-01,OUT,4,51.74,51.85,True,False,0.11,2024-10,2168.0,2141.0,2141.0,-1.25,,,,,,,,,,,,,,,,,,,,,,,,,,,,,2025-02,2091.0,-3.55,,,,,,,,,,,,,,,,,,,,,,,,,,,,,,,,,,,tv_wilder_rsi14_sma5_v1,51.85,51.74,False,True,0.11
2927,2927.T,ＡＦＣ－ＨＤアムスライフサイエンス,2025-01,OUT,2,50.35,54.59,True,True,4.25,2024-12,839.0,890.0,890.0,6.08,,,,,,,,,,,,,,,,,,,,,,,,,,,,,2025-02,834.0,-0.6,,,,,,,,,,,,,,,,,,,,,,,,,,,,,,,,,,,tv_wilder_rsi14_sma5_v1,54.59,50.35,True,True,4.25
2929,2929.T,ファーマフーズ,2025-01,OUT,4,41.71,42.47,True,False,0.75,2024-10,965.0,986.0,986.0,2.18,,,,,,,,,,,,,,,,,,,,,,,,,,,,,2025-02,855.0,-11.4,,,,,,,,,,,,,,,,,,,,,,,,,,,,,,,,,,,tv_wilder_rsi14_sma5_v1,42.47,41.71,False,True,0.75
2935,2935.T,ピックルスホールディングス,2025-01,OUT,2,47.7,50.1,True,True,2.4,2024-12,1053.0,1071.0,1071.0,1.71,,,,,,,,,,,,,,,,,,,,,,,,,,,,,2025-02,965.0,-8.36,,,,,,,,,,,,,,,,,,,,,,,,,,,,,,,,,,,tv_wilder_rsi14_sma5_v1,50.1,47.7,True,True,2.4
2984,2984.T,ヤマイチエステート,2025-01,OUT,1,43.61,47.42,True,True,3.8,2025-01,817.0,817.0,817.0,0.0,,,,,,,,,,,,,,,,,,,,,,,,,,,,,2025-02,772.0,-5.51,,,,,,,,,,,,,,,,,,,,,,,,,,,,,,,,,,,tv_wilder_rsi14_sma5_v1,47.42,43.61,True,True,3.8
2991,2991.T,ランドネット,2025-01,OUT,11,74.71,75.1,True,False,0.4,2024-03,262.0,568.0,568.0,116.79,,,,,,,,,,,,,,,,,,,,,,,,,,,,,2025-02,571.5,118.13,,,,,,,,,,,,,,,,,,,,,,,,,,,,,,,,,,,tv_wilder_rsi14_sma5_v1,75.1,74.71,False,True,0.4
3024,3024.T,クリエイト,2025-01,OUT,1,69.27,69.97,False,True,0.7,2025-01,1077.0,1077.0,1077.0,0.0,,,,,,,,,,,,,,,,,,,,,,,,,,,,,2025-02,1067.0,-0.93,,,,,,,,,,,,,,,,,,,,,,,,,,,,,,,,,,,tv_wilder_rsi14_sma5_v1,69.97,69.27,True,False,0.7
3030,3030.T,ハブ,2025-01,OUT,2,49.9,51.12,False,False,1.22,2024-12,774.0,770.0,770.0,-0.52,,,,,,,,,,,,,,,,,,,,,,,,,,,,,2025-02,757.0,-2.2,,,,,,,,,,,,,,,,,,,,,,,,,,,,,,,,,,,tv_wilder_rsi14_sma5_v1,51.12,49.9,False,False,1.22
3040,3040.T,ソリトンシステムズ,2025-01,OUT,4,46.9,46.91,True,True,0.01,2024-10,1282.0,1153.0,1153.0,-10.06,,,,,,,,,,,,,,,,,,,,,,,,,,,,,2025-02,1098.0,-14.35,,,,,,,,,,,,,,,,,,,,,,,,,,,,,,,,,,,tv_wilder_rsi14_sma5_v1,46.91,46.9,True,True,0.01
3041,3041.T,ビューティカダンホールディングス,2025-01,OUT,2,41.5,41.75,True,False,0.25,2024-12,400.0,392.0,392.0,-2.0,,,,,,,,,,,,,,,,,,,,,,,,,,,,,2025-02,360.0,-10.0,,,,,,,,,,,,,,,,,,,,,,,,,,,,,,,,,,,tv_wilder_rsi14_sma5_v1,41.75,41.5,False,True,0.25
3045,3045.T,カワサキ,2025-01,OUT,4,52.58,57.27,True,True,4.69,2024-10,1361.0,1400.0,1400.0,2.87,,,,,,,,,,,,,,,,,,,,,,,,,,,,,2025-02,1321.0,-2.94,,,,,,,,,,,,,,,,,,,,,,,,,,,,,,,,,,,tv_wilder_rsi14_sma5_v1,57.27,52.58,True,True,4.69
3046,3046.T,ジンズホールディングス,2025-01,OUT,8,63.69,68.72,True,True,5.03,2024-06,3915.0,7090.0,7090.0,81.1,,,,,,,,,,,,,,,,,,,,,,,,,,,,,2025-02,6550.0,67.31,,,,,,,,,,,,,,,,,,,,,,,,,,,,,,,,,,,tv_wilder_rsi14_sma5_v1,68.72,63.69,True,True,5.03
3063,3063.T,ジェイグループホールディングス,2025-01,OUT,3,61.25,64.07,True,True,2.83,2024-11,682.0,711.0,711.0,4.25,,,,,,,,,,,,,,,,,,,,,,,,,,,,,2025-02,675.0,-1.03,,,,,,,,,,,,,,,,,,,,,,,,,,,,,,,,,,,tv_wilder_rsi14_sma5_v1,64.07,61.25,True,True,2.83
3064,3064.T,ＭｏｎｏｔａＲＯ,2025-01,OUT,15,61.57,63.19,True,False,1.61,2023-11,1493.0,2661.5,2661.5,78.27,,,,,,,,,,,,,,,,,,,,,,,,,,,,,2025-02,2525.5,69.16,,,,,,,,,,,,,,,,,,,,,,,,,,,,,,,,,,,tv_wilder_rsi14_sma5_v1,63.19,61.57,False,True,1.61
3065,3065.T,ライフフーズ,2025-01,OUT,2,47.44,50.88,True,True,3.44,2024-12,1682.0,1685.0,1685.0,0.18,,,,,,,,,,,,,,,,,,,,,,,,,,,,,2025-02,1625.0,-3.39,,,,,,,,,,,,,,,,,,,,,,,,,,,,,,,,,,,tv_wilder_rsi14_sma5_v1,50.88,47.44,True,True,3.44
3069,3069.T,ＪＦＬＡホールディングス,2025-01,OUT,1,32.9,33.91,False,True,1.0,2025-01,165.0,165.0,165.0,0.0,,,,,,,,,,,,,,,,,,,,,,,,,,,,,2025-02,153.0,-7.27,,,,,,,,,,,,,,,,,,,,,,,,,,,,,,,,,,,tv_wilder_rsi14_sma5_v1,33.91,32.9,True,False,1.0
3071,3071.T,ストリーム,2025-01,OUT,2,40.68,43.5,True,False,2.82,2024-12,113.0,103.0,103.0,-8.85,,,,,,,,,,,,,,,,,,,,,,,,,,,,,2025-02,100.0,-11.5,,,,,,,,,,,,,,,,,,,,,,,,,,,,,,,,,,,tv_wilder_rsi14_sma5_v1,43.5,40.68,False,True,2.82
3080,3080.T,ジェーソン,2025-01,OUT,4,60.19,61.11,True,False,0.91,2024-10,668.0,701.0,701.0,4.94,,,,,,,,,,,,,,,,,,,,,,,,,,,,,2025-02,664.0,-0.6,,,,,,,,,,,,,,,,,,,,,,,,,,,,,,,,,,,tv_wilder_rsi14_sma5_v1,61.11,60.19,False,True,0.91
3086,3086.T,Ｊ．フロント　リテイリング,2025-01,OUT,3,61.45,68.3,True,True,6.85,2024-11,1779.5,2184.5,2184.5,22.76,,,,,,,,,,,,,,,,,,,,,,,,,,,,,2025-02,1948.0,9.47,,,,,,,,,,,,,,,,,,,,,,,,,,,,,,,,,,,tv_wilder_rsi14_sma5_v1,68.3,61.45,True,True,6.85
3099,3099.T,三越伊勢丹ホールディングス,2025-01,OUT,2,57.9,61.07,True,False,3.16,2024-12,2752.5,2697.0,2697.0,-2.02,,,,,,,,,,,,,,,,,,,,,,,,,,,,,2025-02,2266.0,-17.67,,,,,,,,,,,,,,,,,,,,,,,,,,,,,,,,,,,tv_wilder_rsi14_sma5_v1,61.07,57.9,False,True,3.16
3107,3107.T,ダイワボウホールディングス,2025-01,OUT,3,60.33,61.84,True,False,1.52,2024-11,3060.0,3027.0,3027.0,-1.08,,,,,,,,,,,,,,,,,,,,,,,,,,,,,2025-02,2584.0,-15.56,,,,,,,,,,,,,,,,,,,,,,,,,,,,,,,,,,,tv_wilder_rsi14_sma5_v1,61.84,60.33,False,True,1.52
3111,3111.T,オーミケンシ,2025-01,OUT,1,45.38,45.59,False,True,0.22,2025-01,304.0,304.0,304.0,0.0,,,,,,,,,,,,,,,,,,,,,,,,,,,,,2025-02,299.0,-1.64,,,,,,,,,,,,,,,,,,,,,,,,,,,,,,,,,,,tv_wilder_rsi14_sma5_v1,45.59,45.38,True,False,0.22
3131,3131.T,シンデン・ハイテックス,2025-01,OUT,2,48.16,48.93,False,False,0.77,2024-12,2581.0,2555.0,2555.0,-1.01,,,,,,,,,,,,,,,,,,,,,,,,,,,,,2025-02,2304.0,-10.73,,,,,,,,,,,,,,,,,,,,,,,,,,,,,,,,,,,tv_wilder_rsi14_sma5_v1,48.93,48.16,False,False,0.77
3139,3139.T,ラクト・ジャパン,2025-01,OUT,1,59.99,62.94,False,True,2.95,2025-01,3115.0,3115.0,3115.0,0.0,,,,,,,,,,,,,,,,,,,,,,,,,,,,,2025-02,2869.0,-7.9,,,,,,,,,,,,,,,,,,,,,,,,,,,,,,,,,,,tv_wilder_rsi14_sma5_v1,62.94,59.99,True,False,2.95
3143,3143.T,オーウイル,2025-01,OUT,2,74.42,76.79,False,True,2.37,2024-12,616.33,628.67,628.67,2.0,,,,,,,,,,,,,,,,,,,,,,,,,,,,,2025-02,600.33,-2.6,,,,,,,,,,,,,,,,,,,,,,,,,,,,,,,,,,,tv_wilder_rsi14_sma5_v1,76.79,74.42,True,False,2.37
3174,3174.T,ハピネス・アンド・ディ,2025-01,OUT,1,24.36,25.58,False,True,1.22,2025-01,729.0,729.0,729.0,0.0,,,,,,,,,,,,,,,,,,,,,,,,,,,,,2025-02,701.0,-3.84,,,,,,,,,,,,,,,,,,,,,,,,,,,,,,,,,,,tv_wilder_rsi14_sma5_v1,25.58,24.36,True,False,1.22
3177,3177.T,ありがとうサービス,2025-01,OUT,4,65.74,69.81,True,True,4.07,2024-10,3315.0,3560.0,3560.0,7.39,,,,,,,,,,,,,,,,,,,,,,,,,,,,,2025-02,3135.0,-5.43,,,,,,,,,,,,,,,,,,,,,,,,,,,,,,,,,,,tv_wilder_rsi14_sma5_v1,69.81,65.74,True,True,4.07
3179,3179.T,シュッピン,2025-01,OUT,1,46.64,47.62,False,True,0.98,2025-01,1110.0,1110.0,1110.0,0.0,,,,,,,,,,,,,,,,,,,,,,,,,,,,,2025-02,980.0,-11.71,,,,,,,,,,,,,,,,,,,,,,,,,,,,,,,,,,,tv_wilder_rsi14_sma5_v1,47.62,46.64,True,False,0.98
3182,3182.T,オイシックス,2025-01,OUT,1,44.28,47.16,True,True,2.89,2025-01,1493.0,1493.0,1493.0,0.0,,,,,,,,,,,,,,,,,,,,,,,,,,,,,2025-02,1265.0,-15.27,,,,,,,,,,,,,,,,,,,,,,,,,,,,,,,,,,,tv_wilder_rsi14_sma5_v1,47.16,44.28,True,True,2.89
3183,3183.T,ウイン・パートナーズ,2025-01,OUT,4,59.85,62.84,True,False,2.99,2024-10,1235.0,1335.0,1335.0,8.1,,,,,,,,,,,,,,,,,,,,,,,,,,,,,2025-02,1310.0,6.07,,,,,,,,,,,,,,,,,,,,,,,,,,,,,,,,,,,tv_wilder_rsi14_sma5_v1,62.84,59.85,False,True,2.99
3185,3185.T,夢展望,2025-01,OUT,2,44.86,55.64,True,True,10.79,2024-12,197.0,199.0,199.0,1.02,,,,,,,,,,,,,,,,,,,,,,,,,,,,,2025-02,139.0,-29.44,,,,,,,,,,,,,,,,,,,,,,,,,,,,,,,,,,,tv_wilder_rsi14_sma5_v1,55.64,44.86,True,True,10.79
3190,3190.T,ホットマン,2025-01,OUT,1,47.71,48.19,False,True,0.48,2025-01,587.0,587.0,587.0,0.0,,,,,,,,,,,,,,,,,,,,,,,,,,,,,2025-02,578.0,-1.53,,,,,,,,,,,,,,,,,,,,,,,,,,,,,,,,,,,tv_wilder_rsi14_sma5_v1,48.19,47.71,True,False,0.48
3223,3223.T,エスエルディー,2025-01,OUT,2,55.48,59.64,True,True,4.17,2024-12,976.0,990.0,990.0,1.43,,,,,,,,,,,,,,,,,,,,,,,,,,,,,2025-02,903.0,-7.48,,,,,,,,,,,,,,,,,,,,,,,,,,,,,,,,,,,tv_wilder_rsi14_sma5_v1,59.64,55.48,True,True,4.17
3252,3252.T,地主,2025-01,OUT,3,50.95,53.42,True,True,2.47,2024-11,2138.0,2229.0,2229.0,4.26,,,,,,,,,,,,,,,,,,,,,,,,,,,,,2025-02,2030.0,-5.05,,,,,,,,,,,,,,,,,,,,,,,,,,,,,,,,,,,tv_wilder_rsi14_sma5_v1,53.42,50.95,True,True,2.47
3289,3289.T,東急不動産ホールディングス,2025-01,OUT,1,54.98,56.33,False,True,1.35,2025-01,1001.0,1001.0,1001.0,0.0,,,,,,,,,,,,,,,,,,,,,,,,,,,,,2025-02,974.9,-2.61,,,,,,,,,,,,,,,,,,,,,,,,,,,,,,,,,,,tv_wilder_rsi14_sma5_v1,56.33,54.98,True,False,1.35
3291,3291.T,飯田グループホールディングス,2025-01,OUT,9,52.72,55.19,True,False,2.47,2024-05,2142.0,2357.0,2357.0,10.04,,,,,,,,,,,,,,,,,,,,,,,,,,,,,2025-02,2245.5,4.83,,,,,,,,,,,,,,,,,,,,,,,,,,,,,,,,,,,tv_wilder_rsi14_sma5_v1,55.19,52.72,False,True,2.47
3317,3317.T,フライングガーデン,2025-01,OUT,4,59.69,61.5,True,True,1.81,2024-10,1303.0,1332.5,1332.5,2.26,,,,,,,,,,,,,,,,,,,,,,,,,,,,,2025-02,1316.0,1.0,,,,,,,,,,,,,,,,,,,,,,,,,,,,,,,,,,,tv_wilder_rsi14_sma5_v1,61.5,59.69,True,True,1.81
3349,3349.T,コスモス薬品,2025-01,OUT,1,49.78,50.34,True,True,0.56,2025-01,7261.0,7261.0,7261.0,0.0,,,,,,,,,,,,,,,,,,,,,,,,,,,,,2025-02,7043.0,-3.0,,,,,,,,,,,,,,,,,,,,,,,,,,,,,,,,,,,tv_wilder_rsi14_sma5_v1,50.34,49.78,True,True,0.56
3350,3350.T,メタプラネット,2025-01,OUT,3,78.53,90.56,True,True,12.03,2024-11,231.0,492.5,492.5,113.2,,,,,,,,,,,,,,,,,,,,,,,,,,,,,2025-02,331.0,43.29,,,,,,,,,,,,,,,,,,,,,,,,,,,,,,,,,,,tv_wilder_rsi14_sma5_v1,90.56,78.53,True,True,12.03
3371,3371.T,ソフトクリエイトホールディングス,2025-01,OUT,4,61.03,64.51,True,True,3.49,2024-10,2178.0,2307.0,2307.0,5.92,,,,,,,,,,,,,,,,,,,,,,,,,,,,,2025-02,2067.0,-5.1,,,,,,,,,,,,,,,,,,,,,,,,,,,,,,,,,,,tv_wilder_rsi14_sma5_v1,64.51,61.03,True,True,3.49
3374,3374.T,内外テック,2025-01,OUT,2,44.63,46.05,False,False,1.42,2024-12,2436.0,2360.0,2360.0,-3.12,,,,,,,,,,,,,,,,,,,,,,,,,,,,,2025-02,2258.0,-7.31,,,,,,,,,,,,,,,,,,,,,,,,,,,,,,,,,,,tv_wilder_rsi14_sma5_v1,46.05,44.63,False,False,1.42
3382,3382.T,セブン＆アイ・ホールディングス,2025-01,OUT,6,63.53,64.25,True,False,0.72,2024-08,2098.5,2469.5,2469.5,17.68,,,,,,,,,,,,,,,,,,,,,,,,,,,,,2025-02,2144.0,2.17,,,,,,,,,,,,,,,,,,,,,,,,,,,,,,,,,,,tv_wilder_rsi14_sma5_v1,64.25,63.53,False,True,0.72
3387,3387.T,クリエイト・レストランツ・ホールディングス,2025-01,OUT,5,62.97,70.0,True,True,7.03,2024-09,564.0,677.5,677.5,20.12,,,,,,,,,,,,,,,,,,,,,,,,,,,,,2025-02,623.0,10.46,,,,,,,,,,,,,,,,,,,,,,,,,,,,,,,,,,,tv_wilder_rsi14_sma5_v1,70.0,62.97,True,True,7.03
3402,3402.T,東レ,2025-01,OUT,5,65.61,73.48,True,True,7.86,2024-09,843.2,1079.5,1079.5,28.02,,,,,,,,,,,,,,,,,,,,,,,,,,,,,2025-02,996.0,18.12,,,,,,,,,,,,,,,,,,,,,,,,,,,,,,,,,,,tv_wilder_rsi14_sma5_v1,73.48,65.61,True,True,7.86
3405,3405.T,クラレ,2025-01,OUT,2,73.41,75.06,True,True,1.66,2024-12,2280.5,2283.0,2283.0,0.11,,,,,,,,,,,,,,,,,,,,,,,,,,,,,2025-02,1876.5,-17.72,,,,,,,,,,,,,,,,,,,,,,,,,,,,,,,,,,,tv_wilder_rsi14_sma5_v1,75.06,73.41,True,True,1.66
3475,3475.T,グッドコムアセット,2025-01,OUT,2,53.31,55.97,True,True,2.67,2024-12,865.0,930.0,930.0,7.51,,,,,,,,,,,,,,,,,,,,,,,,,,,,,2025-02,822.0,-4.97,,,,,,,,,,,,,,,,,,,,,,,,,,,,,,,,,,,tv_wilder_rsi14_sma5_v1,55.97,53.31,True,True,2.67
3482,3482.T,ロードスターキャピタル,2025-01,OUT,3,56.46,60.49,True,True,4.03,2024-11,2532.0,2732.0,2732.0,7.9,,,,,,,,,,,,,,,,,,,,,,,,,,,,,2025-02,2484.0,-1.9,,,,,,,,,,,,,,,,,,,,,,,,,,,,,,,,,,,tv_wilder_rsi14_sma5_v1,60.49,56.46,True,True,4.03
3490,3490.T,アズ企画設計,2025-01,OUT,2,56.49,61.72,True,True,5.23,2024-12,2440.0,2540.0,2540.0,4.1,,,,,,,,,,,,,,,,,,,,,,,,,,,,,2025-02,2410.0,-1.23,,,,,,,,,,,,,,,,,,,,,,,,,,,,,,,,,,,tv_wilder_rsi14_sma5_v1,61.72,56.49,True,True,5.23
3491,3491.T,ＧＡ　ｔｅｃｈｎｏｌｏｇｉｅｓ,2025-01,OUT,3,49.49,54.36,True,False,4.87,2024-11,1225.0,1528.0,1528.0,24.73,,,,,,,,,,,,,,,,,,,,,,,,,,,,,2025-02,1063.0,-13.22,,,,,,,,,,,,,,,,,,,,,,,,,,,,,,,,,,,tv_wilder_rsi14_sma5_v1,54.36,49.49,False,True,4.87
3495,3495.T,香陵住販,2025-01,OUT,2,73.64,80.16,True,True,6.53,2024-12,1577.0,1723.0,1723.0,9.26,,,,,,,,,,,,,,,,,,,,,,,,,,,,,2025-02,1652.0,4.76,,,,,,,,,,,,,,,,,,,,,,,,,,,,,,,,,,,tv_wilder_rsi14_sma5_v1,80.16,73.64,True,True,6.53
3498,3498.T,霞ヶ関キャピタル,2025-01,OUT,1,61.07,61.85,False,True,0.79,2025-01,7495.0,7495.0,7495.0,0.0,,,,,,,,,,,,,,,,,,,,,,,,,,,,,2025-02,7005.0,-6.54,,,,,,,,,,,,,,,,,,,,,,,,,,,,,,,,,,,tv_wilder_rsi14_sma5_v1,61.85,61.07,True,False,0.79
3548,3548.T,バロックジャパンリミテッド,2025-01,OUT,3,46.68,48.08,True,False,1.41,2024-11,786.0,790.0,790.0,0.51,,,,,,,,,,,,,,,,,,,,,,,,,,,,,2025-02,688.0,-12.47,,,,,,,,,,,,,,,,,,,,,,,,,,,,,,,,,,,tv_wilder_rsi14_sma5_v1,48.08,46.68,False,True,1.41
3562,3562.T,Ｎｏ．１,2025-01,OUT,4,66.19,75.74,True,True,9.55,2024-10,1632.0,2129.0,2129.0,30.45,,,,,,,,,,,,,,,,,,,,,,,,,,,,,2025-02,1729.0,5.94,,,,,,,,,,,,,,,,,,,,,,,,,,,,,,,,,,,tv_wilder_rsi14_sma5_v1,75.74,66.19,True,True,9.55
3580,3580.T,小松マテーレ,2025-01,OUT,5,50.57,50.59,True,False,0.02,2024-09,765.0,812.0,812.0,6.14,,,,,,,,,,,,,,,,,,,,,,,,,,,,,2025-02,781.0,2.09,,,,,,,,,,,,,,,,,,,,,,,,,,,,,,,,,,,tv_wilder_rsi14_sma5_v1,50.59,50.57,False,True,0.02
3591,3591.T,ワコールホールディングス,2025-01,OUT,8,80.62,83.61,True,True,3.0,2024-06,4496.0,5430.0,5430.0,20.77,,,,,,,,,,,,,,,,,,,,,,,,,,,,,2025-02,5067.0,12.7,,,,,,,,,,,,,,,,,,,,,,,,,,,,,,,,,,,tv_wilder_rsi14_sma5_v1,83.61,80.62,True,True,3.0
3611,3611.T,マツオカコーポレーション,2025-01,OUT,9,61.44,62.68,True,False,1.24,2024-05,1600.0,1959.0,1959.0,22.44,,,,,,,,,,,,,,,,,,,,,,,,,,,,,2025-02,1845.0,15.31,,,,,,,,,,,,,,,,,,,,,,,,,,,,,,,,,,,tv_wilder_rsi14_sma5_v1,62.68,61.44,False,True,1.24
3612,3612.T,ワールド,2025-01,OUT,3,63.23,69.55,True,False,6.32,2024-11,1099.0,1242.5,1242.5,13.06,,,,,,,,,,,,,,,,,,,,,,,,,,,,,2025-02,1169.0,6.37,,,,,,,,,,,,,,,,,,,,,,,,,,,,,,,,,,,tv_wilder_rsi14_sma5_v1,69.55,63.23,False,True,6.32
3622,3622.T,ネットイヤーグループ,2025-01,OUT,2,48.53,50.41,True,True,1.87,2024-12,562.0,570.0,570.0,1.42,,,,,,,,,,,,,,,,,,,,,,,,,,,,,2025-02,534.0,-4.98,,,,,,,,,,,,,,,,,,,,,,,,,,,,,,,,,,,tv_wilder_rsi14_sma5_v1,50.41,48.53,True,True,1.87
3633,3633.T,ＧＭＯペパボ,2025-01,OUT,3,42.64,43.04,True,False,0.4,2024-11,1591.0,1432.0,1432.0,-9.99,,,,,,,,,,,,,,,,,,,,,,,,,,,,,2025-02,1405.0,-11.69,,,,,,,,,,,,,,,,,,,,,,,,,,,,,,,,,,,tv_wilder_rsi14_sma5_v1,43.04,42.64,False,True,0.4
3645,3645.T,メディカルネット,2025-01,OUT,1,40.69,42.63,True,True,1.94,2025-01,334.0,334.0,334.0,0.0,,,,,,,,,,,,,,,,,,,,,,,,,,,,,2025-02,310.0,-7.19,,,,,,,,,,,,,,,,,,,,,,,,,,,,,,,,,,,tv_wilder_rsi14_sma5_v1,42.63,40.69,True,True,1.94
3649,3649.T,ファインデックス,2025-01,OUT,1,48.33,51.55,False,True,3.22,2025-01,910.0,910.0,910.0,0.0,,,,,,,,,,,,,,,,,,,,,,,,,,,,,2025-02,709.0,-22.09,,,,,,,,,,,,,,,,,,,,,,,,,,,,,,,,,,,tv_wilder_rsi14_sma5_v1,51.55,48.33,True,False,3.22
3661,3661.T,エムアップホールディングス,2025-01,OUT,3,59.08,61.32,True,False,2.24,2024-11,820.0,806.0,806.0,-1.71,,,,,,,,,,,,,,,,,,,,,,,,,,,,,2025-02,739.5,-9.82,,,,,,,,,,,,,,,,,,,,,,,,,,,,,,,,,,,tv_wilder_rsi14_sma5_v1,61.32,59.08,False,True,2.24
3663,3663.T,セルシス,2025-01,OUT,12,73.79,76.5,True,True,2.71,2024-02,820.0,1403.0,1403.0,71.1,,,,,,,,,,,,,,,,,,,,,,,,,,,,,2025-02,1221.0,48.9,,,,,,,,,,,,,,,,,,,,,,,,,,,,,,,,,,,tv_wilder_rsi14_sma5_v1,76.5,73.79,True,True,2.71
3668,3668.T,コロプラ,2025-01,OUT,1,38.16,38.99,False,True,0.82,2025-01,494.0,494.0,494.0,0.0,,,,,,,,,,,,,,,,,,,,,,,,,,,,,2025-02,472.0,-4.45,,,,,,,,,,,,,,,,,,,,,,,,,,,,,,,,,,,tv_wilder_rsi14_sma5_v1,38.99,38.16,True,False,0.82
3671,3671.T,ソフトマックス,2025-01,OUT,1,54.18,54.47,True,True,0.29,2025-01,214.75,214.75,214.75,0.0,,,,,,,,,,,,,,,,,,,,,,,,,,,,,2025-02,212.25,-1.16,,,,,,,,,,,,,,,,,,,,,,,,,,,,,,,,,,,tv_wilder_rsi14_sma5_v1,54.47,54.18,True,True,0.29
3675,3675.T,クロス・マーケティンググループ,2025-01,OUT,2,53.46,54.64,True,False,1.19,2024-12,823.0,754.0,754.0,-8.38,,,,,,,,,,,,,,,,,,,,,,,,,,,,,2025-02,658.0,-20.05,,,,,,,,,,,,,,,,,,,,,,,,,,,,,,,,,,,tv_wilder_rsi14_sma5_v1,54.64,53.46,False,True,1.19
3696,3696.T,セレス,2025-01,OUT,4,61.29,68.41,True,False,7.12,2024-10,1601.0,2932.0,2932.0,83.14,,,,,,,,,,,,,,,,,,,,,,,,,,,,,2025-02,2360.0,47.41,,,,,,,,,,,,,,,,,,,,,,,,,,,,,,,,,,,tv_wilder_rsi14_sma5_v1,68.41,61.29,False,True,7.12
3727,3727.T,アプリックス,2025-01,OUT,1,42.77,43.18,True,True,0.41,2025-01,147.0,147.0,147.0,0.0,,,,,,,,,,,,,,,,,,,,,,,,,,,,,2025-02,141.0,-4.08,,,,,,,,,,,,,,,,,,,,,,,,,,,,,,,,,,,tv_wilder_rsi14_sma5_v1,43.18,42.77,True,True,0.41
3762,3762.T,テクマトリックス,2025-01,OUT,1,61.4,62.9,False,True,1.5,2025-01,2531.0,2531.0,2531.0,0.0,,,,,,,,,,,,,,,,,,,,,,,,,,,,,2025-02,2170.0,-14.26,,,,,,,,,,,,,,,,,,,,,,,,,,,,,,,,,,,tv_wilder_rsi14_sma5_v1,62.9,61.4,True,False,1.5
3772,3772.T,ウェルス・マネジメント,2025-01,OUT,4,46.4,46.7,True,False,0.3,2024-10,1093.0,1044.0,1044.0,-4.48,,,,,,,,,,,,,,,,,,,,,,,,,,,,,2025-02,982.0,-10.16,,,,,,,,,,,,,,,,,,,,,,,,,,,,,,,,,,,tv_wilder_rsi14_sma5_v1,46.7,46.4,False,True,0.3
3773,3773.T,アドバンスト・メディア,2025-01,OUT,2,42.88,43.9,False,True,1.02,2024-12,1098.0,1119.0,1119.0,1.91,,,,,,,,,,,,,,,,,,,,,,,,,,,,,2025-02,845.0,-23.04,,,,,,,,,,,,,,,,,,,,,,,,,,,,,,,,,,,tv_wilder_rsi14_sma5_v1,43.9,42.88,True,False,1.02
3778,3778.T,さくらインターネット,2025-01,OUT,4,62.06,62.8,True,True,0.74,2024-10,4730.0,4760.0,4760.0,0.63,,,,,,,,,,,,,,,,,,,,,,,,,,,,,2025-02,4005.0,-15.33,,,,,,,,,,,,,,,,,,,,,,,,,,,,,,,,,,,tv_wilder_rsi14_sma5_v1,62.8,62.06,True,True,0.74
3779,3779.T,ジェイ・エスコムホールディングス,2025-01,OUT,4,50.14,50.31,True,False,0.17,2024-10,163.0,148.0,148.0,-9.2,,,,,,,,,,,,,,,,,,,,,,,,,,,,,2025-02,147.0,-9.82,,,,,,,,,,,,,,,,,,,,,,,,,,,,,,,,,,,tv_wilder_rsi14_sma5_v1,50.31,50.14,False,True,0.17
3799,3799.T,キーウェアソリューションズ,2025-01,OUT,2,53.76,58.58,True,False,4.82,2024-12,793.0,793.0,793.0,0.0,,,,,,,,,,,,,,,,,,,,,,,,,,,,,2025-02,737.0,-7.06,,,,,,,,,,,,,,,,,,,,,,,,,,,,,,,,,,,tv_wilder_rsi14_sma5_v1,58.58,53.76,False,True,4.82
3825,3825.T,リミックスポイント,2025-01,OUT,3,56.28,76.22,True,True,19.94,2024-11,341.0,695.0,695.0,103.81,,,,,,,,,,,,,,,,,,,,,,,,,,,,,2025-02,430.0,26.1,,,,,,,,,,,,,,,,,,,,,,,,,,,,,,,,,,,tv_wilder_rsi14_sma5_v1,76.22,56.28,True,True,19.94
3844,3844.T,コムチュア,2025-01,OUT,5,50.48,51.43,True,False,0.96,2024-09,1740.0,2184.0,2184.0,25.52,,,,,,,,,,,,,,,,,,,,,,,,,,,,,2025-02,1815.0,4.31,,,,,,,,,,,,,,,,,,,,,,,,,,,,,,,,,,,tv_wilder_rsi14_sma5_v1,51.43,50.48,False,True,0.96
3858,3858.T,ユビキタスＡＩ,2025-01,OUT,2,45.17,48.56,True,True,3.38,2024-12,423.0,430.0,430.0,1.65,,,,,,,,,,,,,,,,,,,,,,,,,,,,,2025-02,386.0,-8.75,,,,,,,,,,,,,,,,,,,,,,,,,,,,,,,,,,,tv_wilder_rsi14_sma5_v1,48.56,45.17,True,True,3.38
3877,3877.T,中越パルプ工業,2025-01,OUT,3,49.56,53.05,True,False,3.49,2024-11,1491.0,1498.0,1498.0,0.47,,,,,,,,,,,,,,,,,,,,,,,,,,,,,2025-02,1420.0,-4.76,,,,,,,,,,,,,,,,,,,,,,,,,,,,,,,,,,,tv_wilder_rsi14_sma5_v1,53.05,49.56,False,True,3.49
3878,3878.T,巴川コーポレーション,2025-01,OUT,1,44.52,46.49,False,True,1.97,2025-01,751.0,751.0,751.0,0.0,,,,,,,,,,,,,,,,,,,,,,,,,,,,,2025-02,712.0,-5.19,,,,,,,,,,,,,,,,,,,,,,,,,,,,,,,,,,,tv_wilder_rsi14_sma5_v1,46.49,44.52,True,False,1.97
3908,3908.T,コラボス,2025-01,OUT,4,40.77,42.0,True,True,1.24,2024-10,325.0,325.0,325.0,0.0,,,,,,,,,,,,,,,,,,,,,,,,,,,,,2025-02,310.0,-4.62,,,,,,,,,,,,,,,,,,,,,,,,,,,,,,,,,,,tv_wilder_rsi14_sma5_v1,42.0,40.77,True,True,1.24
3912,3912.T,モバイルファクトリー,2025-01,OUT,7,56.32,61.78,True,True,5.46,2024-07,821.0,1040.0,1040.0,26.67,,,,,,,,,,,,,,,,,,,,,,,,,,,,,2025-02,950.0,15.71,,,,,,,,,,,,,,,,,,,,,,,,,,,,,,,,,,,tv_wilder_rsi14_sma5_v1,61.78,56.32,True,True,5.46
3915,3915.T,テラスカイ,2025-01,OUT,2,51.89,58.17,True,True,6.28,2024-12,2304.0,2640.0,2640.0,14.58,,,,,,,,,,,,,,,,,,,,,,,,,,,,,2025-02,2230.0,-3.21,,,,,,,,,,,,,,,,,,,,,,,,,,,,,,,,,,,tv_wilder_rsi14_sma5_v1,58.17,51.89,True,True,6.28
3925,3925.T,ダブルスタンダード,2025-01,OUT,3,45.23,46.65,True,False,1.43,2024-11,1666.0,1719.0,1719.0,3.18,,,,,,,,,,,,,,,,,,,,,,,,,,,,,2025-02,1582.0,-5.04,,,,,,,,,,,,,,,,,,,,,,,,,,,,,,,,,,,tv_wilder_rsi14_sma5_v1,46.65,45.23,False,True,1.43
3933,3933.T,チエル,2025-01,OUT,4,44.42,48.81,True,False,4.39,2024-10,612.0,690.0,690.0,12.75,,,,,,,,,,,,,,,,,,,,,,,,,,,,,2025-02,643.0,5.07,,,,,,,,,,,,,,,,,,,,,,,,,,,,,,,,,,,tv_wilder_rsi14_sma5_v1,48.81,44.42,False,True,4.39
3937,3937.T,Ｕｂｉｃｏｍホールディングス,2025-01,OUT,1,42.09,42.48,True,True,0.39,2025-01,1348.0,1348.0,1348.0,0.0,,,,,,,,,,,,,,,,,,,,,,,,,,,,,2025-02,1302.0,-3.41,,,,,,,,,,,,,,,,,,,,,,,,,,,,,,,,,,,tv_wilder_rsi14_sma5_v1,42.48,42.09,True,True,0.39
3964,3964.T,オークネット,2025-01,OUT,3,61.39,62.16,True,False,0.77,2024-11,672.5,658.25,658.25,-2.12,,,,,,,,,,,,,,,,,,,,,,,,,,,,,2025-02,610.25,-9.26,,,,,,,,,,,,,,,,,,,,,,,,,,,,,,,,,,,tv_wilder_rsi14_sma5_v1,62.16,61.39,False,True,0.77
3968,3968.T,セグエグループ,2025-01,OUT,2,63.28,63.91,False,False,0.63,2024-12,639.0,630.0,630.0,-1.41,,,,,,,,,,,,,,,,,,,,,,,,,,,,,2025-02,465.0,-27.23,,,,,,,,,,,,,,,,,,,,,,,,,,,,,,,,,,,tv_wilder_rsi14_sma5_v1,63.91,63.28,False,False,0.63
3976,3976.T,シャノン,2025-01,OUT,4,40.81,42.74,True,False,1.93,2024-10,405.0,476.0,476.0,17.53,,,,,,,,,,,,,,,,,,,,,,,,,,,,,2025-02,400.0,-1.23,,,,,,,,,,,,,,,,,,,,,,,,,,,,,,,,,,,tv_wilder_rsi14_sma5_v1,42.74,40.81,False,True,1.93
3981,3981.T,ビーグリー,2025-01,OUT,2,60.03,67.99,True,True,7.95,2024-12,1671.0,1776.0,1776.0,6.28,,,,,,,,,,,,,,,,,,,,,,,,,,,,,2025-02,1519.0,-9.1,,,,,,,,,,,,,,,,,,,,,,,,,,,,,,,,,,,tv_wilder_rsi14_sma5_v1,67.99,60.03,True,True,7.95
3991,3991.T,ウォンテッドリー,2025-01,OUT,3,41.87,43.09,True,False,1.21,2024-11,1249.0,1247.0,1247.0,-0.16,,,,,,,,,,,,,,,,,,,,,,,,,,,,,2025-02,1210.0,-3.12,,,,,,,,,,,,,,,,,,,,,,,,,,,,,,,,,,,tv_wilder_rsi14_sma5_v1,43.09,41.87,False,True,1.21
3998,3998.T,すららネット,2025-01,OUT,2,33.84,35.55,True,True,1.71,2024-12,374.0,395.0,395.0,5.61,,,,,,,,,,,,,,,,,,,,,,,,,,,,,2025-02,348.0,-6.95,,,,,,,,,,,,,,,,,,,,,,,,,,,,,,,,,,,tv_wilder_rsi14_sma5_v1,35.55,33.84,True,True,1.71
4019,4019.T,スタメン,2025-01,OUT,8,50.5,52.48,True,True,1.98,2024-06,597.0,865.0,865.0,44.89,,,,,,,,,,,,,,,,,,,,,,,,,,,,,2025-02,782.0,30.99,,,,,,,,,,,,,,,,,,,,,,,,,,,,,,,,,,,tv_wilder_rsi14_sma5_v1,52.48,50.5,True,True,1.98
4020,4020.T,ビートレンド,2025-01,OUT,1,31.65,32.99,True,True,1.34,2025-01,690.0,690.0,690.0,0.0,,,,,,,,,,,,,,,,,,,,,,,,,,,,,2025-02,614.0,-11.01,,,,,,,,,,,,,,,,,,,,,,,,,,,,,,,,,,,tv_wilder_rsi14_sma5_v1,32.99,31.65,True,True,1.34
4042,4042.T,東ソー,2025-01,OUT,3,54.3,55.89,True,False,1.59,2024-11,2060.0,2070.0,2070.0,0.49,,,,,,,,,,,,,,,,,,,,,,,,,,,,,2025-02,2046.0,-0.68,,,,,,,,,,,,,,,,,,,,,,,,,,,,,,,,,,,tv_wilder_rsi14_sma5_v1,55.89,54.3,False,True,1.59
4053,4053.T,Ｓｕｎ　Ａｓｔｅｒｉｓｋ,2025-01,OUT,3,38.73,41.13,True,False,2.41,2024-11,700.0,696.0,696.0,-0.57,,,,,,,,,,,,,,,,,,,,,,,,,,,,,2025-02,542.0,-22.57,,,,,,,,,,,,,,,,,,,,,,,,,,,,,,,,,,,tv_wilder_rsi14_sma5_v1,41.13,38.73,False,True,2.41
4054,4054.T,日本情報クリエイト,2025-01,OUT,7,57.62,58.05,True,False,0.43,2024-07,646.0,1106.0,1106.0,71.21,,,,,,,,,,,,,,,,,,,,,,,,,,,,,2025-02,995.0,54.02,,,,,,,,,,,,,,,,,,,,,,,,,,,,,,,,,,,tv_wilder_rsi14_sma5_v1,58.05,57.62,False,True,0.43
4056,4056.T,ニューラルグループ,2025-01,OUT,1,35.17,36.11,False,True,0.94,2025-01,844.0,844.0,844.0,0.0,,,,,,,,,,,,,,,,,,,,,,,,,,,,,2025-02,772.0,-8.53,,,,,,,,,,,,,,,,,,,,,,,,,,,,,,,,,,,tv_wilder_rsi14_sma5_v1,36.11,35.17,True,False,0.94
4059,4059.T,まぐまぐ,2025-01,OUT,1,31.04,31.58,False,True,0.54,2025-01,580.0,580.0,580.0,0.0,,,,,,,,,,,,,,,,,,,,,,,,,,,,,2025-02,551.0,-5.0,,,,,,,,,,,,,,,,,,,,,,,,,,,,,,,,,,,tv_wilder_rsi14_sma5_v1,31.58,31.04,True,False,0.54
4061,4061.T,デンカ,2025-01,OUT,2,35.25,37.13,True,False,1.88,2024-12,2231.5,2212.5,2212.5,-0.85,,,,,,,,,,,,,,,,,,,,,,,,,,,,,2025-02,2077.5,-6.9,,,,,,,,,,,,,,,,,,,,,,,,,,,,,,,,,,,tv_wilder_rsi14_sma5_v1,37.13,35.25,False,True,1.88
4062,4062.T,イビデン,2025-01,OUT,2,41.41,41.9,False,False,0.49,2024-12,2387.5,2298.0,2298.0,-3.75,,,,,,,,,,,,,,,,,,,,,,,,,,,,,2025-02,2028.5,-15.04,,,,,,,,,,,,,,,,,,,,,,,,,,,,,,,,,,,tv_wilder_rsi14_sma5_v1,41.9,41.41,False,False,0.49
4076,4076.T,シイエヌエス,2025-01,OUT,1,40.24,40.68,False,True,0.45,2025-01,1445.0,1445.0,1445.0,0.0,,,,,,,,,,,,,,,,,,,,,,,,,,,,,2025-02,1401.0,-3.04,,,,,,,,,,,,,,,,,,,,,,,,,,,,,,,,,,,tv_wilder_rsi14_sma5_v1,40.68,40.24,True,False,0.45
4088,4088.T,エア・ウォーター,2025-01,OUT,1,48.27,48.94,False,True,0.67,2025-01,1938.0,1938.0,1938.0,0.0,,,,,,,,,,,,,,,,,,,,,,,,,,,,,2025-02,1863.0,-3.87,,,,,,,,,,,,,,,,,,,,,,,,,,,,,,,,,,,tv_wilder_rsi14_sma5_v1,48.94,48.27,True,False,0.67
4114,4114.T,日本触媒,2025-01,OUT,13,71.55,72.66,True,False,1.11,2024-01,1391.25,1885.0,1885.0,35.49,,,,,,,,,,,,,,,,,,,,,,,,,,,,,2025-02,1820.0,30.82,,,,,,,,,,,,,,,,,,,,,,,,,,,,,,,,,,,tv_wilder_rsi14_sma5_v1,72.66,71.55,False,True,1.11
4119,4119.T,日本ピグメントホールディングス,2025-01,OUT,1,59.12,61.31,False,True,2.2,2025-01,3265.0,3265.0,3265.0,0.0,,,,,,,,,,,,,,,,,,,,,,,,,,,,,2025-02,3105.0,-4.9,,,,,,,,,,,,,,,,,,,,,,,,,,,,,,,,,,,tv_wilder_rsi14_sma5_v1,61.31,59.12,True,False,2.2
4124,4124.T,大阪油化工業,2025-01,OUT,5,60.6,79.98,True,True,19.38,2024-09,1521.0,3200.0,3200.0,110.39,,,,,,,,,,,,,,,,,,,,,,,,,,,,,2025-02,2373.0,56.02,,,,,,,,,,,,,,,,,,,,,,,,,,,,,,,,,,,tv_wilder_rsi14_sma5_v1,79.98,60.6,True,True,19.38
4168,4168.T,ヤプリ,2025-01,OUT,3,37.02,38.54,True,False,1.52,2024-11,807.0,839.0,839.0,3.97,,,,,,,,,,,,,,,,,,,,,,,,,,,,,2025-02,747.0,-7.43,,,,,,,,,,,,,,,,,,,,,,,,,,,,,,,,,,,tv_wilder_rsi14_sma5_v1,38.54,37.02,False,True,1.52
4170,4170.T,Ｋａｉｚｅｎ　Ｐｌａｔｆｏｒｍ,2025-01,OUT,1,33.39,34.12,True,True,0.73,2025-01,179.0,179.0,179.0,0.0,,,,,,,,,,,,,,,,,,,,,,,,,,,,,2025-02,162.0,-9.5,,,,,,,,,,,,,,,,,,,,,,,,,,,,,,,,,,,tv_wilder_rsi14_sma5_v1,34.12,33.39,True,True,0.73
4171,4171.T,グローバルインフォメーション,2025-01,OUT,3,39.95,43.25,True,False,3.29,2024-11,1432.0,1369.0,1369.0,-4.4,,,,,,,,,,,,,,,,,,,,,,,,,,,,,2025-02,1274.0,-11.03,,,,,,,,,,,,,,,,,,,,,,,,,,,,,,,,,,,tv_wilder_rsi14_sma5_v1,43.25,39.95,False,True,3.29
4176,4176.T,ココナラ,2025-01,OUT,3,35.79,36.68,True,False,0.9,2024-11,345.0,337.0,337.0,-2.32,,,,,,,,,,,,,,,,,,,,,,,,,,,,,2025-02,297.0,-13.91,,,,,,,,,,,,,,,,,,,,,,,,,,,,,,,,,,,tv_wilder_rsi14_sma5_v1,36.68,35.79,False,True,0.9
4178,4178.T,Ｓｈａｒｉｎｇ　Ｉｎｎｏｖａｔｉｏｎｓ,2025-01,OUT,3,29.72,30.07,True,True,0.34,2024-11,732.0,711.0,711.0,-2.87,,,,,,,,,,,,,,,,,,,,,,,,,,,,,2025-02,704.0,-3.83,,,,,,,,,,,,,,,,,,,,,,,,,,,,,,,,,,,tv_wilder_rsi14_sma5_v1,30.07,29.72,True,True,0.34
4180,4180.T,Ａｐｐｉｅｒ　Ｇｒｏｕｐ,2025-01,OUT,1,51.32,52.02,False,True,0.7,2025-01,1621.0,1621.0,1621.0,0.0,,,,,,,,,,,,,,,,,,,,,,,,,,,,,2025-02,1484.0,-8.45,,,,,,,,,,,,,,,,,,,,,,,,,,,,,,,,,,,tv_wilder_rsi14_sma5_v1,52.02,51.32,True,False,0.7
4202,4202.T,ダイセル,2025-01,OUT,2,55.34,55.73,True,False,0.38,2024-12,1406.5,1378.0,1378.0,-2.03,,,,,,,,,,,,,,,,,,,,,,,,,,,,,2025-02,1296.0,-7.86,,,,,,,,,,,,,,,,,,,,,,,,,,,,,,,,,,,tv_wilder_rsi14_sma5_v1,55.73,55.34,False,True,0.38
4204,4204.T,積水化学工業,2025-01,OUT,3,63.88,66.05,True,False,2.16,2024-11,2419.0,2579.0,2579.0,6.61,,,,,,,,,,,,,,,,,,,,,,,,,,,,,2025-02,2554.5,5.6,,,,,,,,,,,,,,,,,,,,,,,,,,,,,,,,,,,tv_wilder_rsi14_sma5_v1,66.05,63.88,False,True,2.16
4216,4216.T,旭有機材,2025-01,OUT,2,55.33,55.99,True,False,0.66,2024-12,4490.0,4350.0,4350.0,-3.12,,,,,,,,,,,,,,,,,,,,,,,,,,,,,2025-02,3860.0,-14.03,,,,,,,,,,,,,,,,,,,,,,,,,,,,,,,,,,,tv_wilder_rsi14_sma5_v1,55.99,55.33,False,True,0.66
4218,4218.T,ニチバン,2025-01,OUT,2,56.35,58.4,True,False,2.05,2024-12,2114.0,2060.0,2060.0,-2.55,,,,,,,,,,,,,,,,,,,,,,,,,,,,,2025-02,2008.0,-5.01,,,,,,,,,,,,,,,,,,,,,,,,,,,,,,,,,,,tv_wilder_rsi14_sma5_v1,58.4,56.35,False,True,2.05
4229,4229.T,群栄化学工業,2025-01,OUT,2,43.98,44.97,True,True,1.0,2024-12,2729.0,2757.0,2757.0,1.03,,,,,,,,,,,,,,,,,,,,,,,,,,,,,2025-02,2677.0,-1.91,,,,,,,,,,,,,,,,,,,,,,,,,,,,,,,,,,,tv_wilder_rsi14_sma5_v1,44.97,43.98,True,True,1.0
4235,4235.T,ウルトラファブリックス・ホールディングス,2025-01,OUT,3,41.42,41.52,True,False,0.1,2024-11,1002.0,877.0,877.0,-12.48,,,,,,,,,,,,,,,,,,,,,,,,,,,,,2025-02,805.0,-19.66,,,,,,,,,,,,,,,,,,,,,,,,,,,,,,,,,,,tv_wilder_rsi14_sma5_v1,41.52,41.42,False,True,0.1
4246,4246.T,ダイキョーニシカワ,2025-01,OUT,2,43.19,44.2,False,False,1.01,2024-12,645.0,637.0,637.0,-1.24,,,,,,,,,,,,,,,,,,,,,,,,,,,,,2025-02,617.0,-4.34,,,,,,,,,,,,,,,,,,,,,,,,,,,,,,,,,,,tv_wilder_rsi14_sma5_v1,44.2,43.19,False,False,1.01
4247,4247.T,ポバール興業,2025-01,OUT,2,50.12,50.75,True,False,0.63,2024-12,1233.0,1200.0,1200.0,-2.68,,,,,,,,,,,,,,,,,,,,,,,,,,,,,2025-02,1200.0,-2.68,,,,,,,,,,,,,,,,,,,,,,,,,,,,,,,,,,,tv_wilder_rsi14_sma5_v1,50.75,50.12,False,True,0.63
4259,4259.T,エクサウィザーズ,2025-01,OUT,4,41.48,49.61,True,True,8.12,2024-10,336.0,498.0,498.0,48.21,,,,,,,,,,,,,,,,,,,,,,,,,,,,,2025-02,349.0,3.87,,,,,,,,,,,,,,,,,,,,,,,,,,,,,,,,,,,tv_wilder_rsi14_sma5_v1,49.61,41.48,True,True,8.12
4264,4264.T,セキュア,2025-01,OUT,1,49.46,50.4,True,True,0.94,2025-01,1940.0,1940.0,1940.0,0.0,,,,,,,,,,,,,,,,,,,,,,,,,,,,,2025-02,1811.0,-6.65,,,,,,,,,,,,,,,,,,,,,,,,,,,,,,,,,,,tv_wilder_rsi14_sma5_v1,50.4,49.46,True,True,0.94
4299,4299.T,ハイマックス,2025-01,OUT,2,50.52,51.69,True,False,1.17,2024-12,1416.0,1389.0,1389.0,-1.91,,,,,,,,,,,,,,,,,,,,,,,,,,,,,2025-02,1350.0,-4.66,,,,,,,,,,,,,,,,,,,,,,,,,,,,,,,,,,,tv_wilder_rsi14_sma5_v1,51.69,50.52,False,True,1.17
4317,4317.T,レイ,2025-01,OUT,1,50.4,50.95,False,True,0.55,2025-01,422.0,422.0,422.0,0.0,,,,,,,,,,,,,,,,,,,,,,,,,,,,,2025-02,411.0,-2.61,,,,,,,,,,,,,,,,,,,,,,,,,,,,,,,,,,,tv_wilder_rsi14_sma5_v1,50.95,50.4,True,False,0.55
4318,4318.T,クイック,2025-01,OUT,2,51.54,54.43,True,False,2.88,2024-12,761.0,740.67,740.67,-2.67,,,,,,,,,,,,,,,,,,,,,,,,,,,,,2025-02,624.67,-17.92,,,,,,,,,,,,,,,,,,,,,,,,,,,,,,,,,,,tv_wilder_rsi14_sma5_v1,54.43,51.54,False,True,2.88
4334,4334.T,ユークス,2025-01,OUT,2,35.76,36.24,False,True,0.48,2024-12,376.0,377.0,377.0,0.27,,,,,,,,,,,,,,,,,,,,,,,,,,,,,2025-02,364.0,-3.19,,,,,,,,,,,,,,,,,,,,,,,,,,,,,,,,,,,tv_wilder_rsi14_sma5_v1,36.24,35.76,True,False,0.48
4337,4337.T,ぴあ,2025-01,OUT,4,45.89,47.71,True,True,1.82,2024-10,3130.0,3165.0,3165.0,1.12,,,,,,,,,,,,,,,,,,,,,,,,,,,,,2025-02,2990.0,-4.47,,,,,,,,,,,,,,,,,,,,,,,,,,,,,,,,,,,tv_wilder_rsi14_sma5_v1,47.71,45.89,True,True,1.82
4343,4343.T,イオンファンタジー,2025-01,OUT,4,52.93,53.8,True,False,0.87,2024-10,2675.0,2866.0,2866.0,7.14,,,,,,,,,,,,,,,,,,,,,,,,,,,,,2025-02,2780.0,3.93,,,,,,,,,,,,,,,,,,,,,,,,,,,,,,,,,,,tv_wilder_rsi14_sma5_v1,53.8,52.93,False,True,0.87
4346,4346.T,ＮＥＸＹＺ．Ｇｒｏｕｐ,2025-01,OUT,1,56.39,58.33,True,True,1.94,2025-01,845.0,845.0,845.0,0.0,,,,,,,,,,,,,,,,,,,,,,,,,,,,,2025-02,773.0,-8.52,,,,,,,,,,,,,,,,,,,,,,,,,,,,,,,,,,,tv_wilder_rsi14_sma5_v1,58.33,56.39,True,True,1.94
4347,4347.T,ブロードメディア,2025-01,OUT,3,57.89,65.11,True,True,7.22,2024-11,1611.0,1943.0,1943.0,20.61,,,,,,,,,,,,,,,,,,,,,,,,,,,,,2025-02,1730.0,7.39,,,,,,,,,,,,,,,,,,,,,,,,,,,,,,,,,,,tv_wilder_rsi14_sma5_v1,65.11,57.89,True,True,7.22
4374,4374.T,ＲＯＢＯＴ　ＰＡＹＭＥＮＴ,2025-01,OUT,3,48.14,48.29,False,False,0.15,2024-11,2420.0,2339.0,2339.0,-3.35,,,,,,,,,,,,,,,,,,,,,,,,,,,,,2025-02,2234.0,-7.69,,,,,,,,,,,,,,,,,,,,,,,,,,,,,,,,,,,tv_wilder_rsi14_sma5_v1,48.29,48.14,False,False,0.15
4389,4389.T,プロパティデータバンク,2025-01,OUT,1,45.42,48.72,True,True,3.3,2025-01,743.5,743.5,743.5,0.0,,,,,,,,,,,,,,,,,,,,,,,,,,,,,2025-02,653.0,-12.17,,,,,,,,,,,,,,,,,,,,,,,,,,,,,,,,,,,tv_wilder_rsi14_sma5_v1,48.72,45.42,True,True,3.3
4390,4390.T,ＩＰＳ,2025-01,OUT,4,52.59,54.89,True,True,2.3,2024-10,2425.0,2571.0,2571.0,6.02,,,,,,,,,,,,,,,,,,,,,,,,,,,,,2025-02,2289.0,-5.61,,,,,,,,,,,,,,,,,,,,,,,,,,,,,,,,,,,tv_wilder_rsi14_sma5_v1,54.89,52.59,True,True,2.3
4398,4398.T,ブロードバンドセキュリティ,2025-01,OUT,1,47.63,47.89,False,True,0.27,2025-01,1456.0,1456.0,1456.0,0.0,,,,,,,,,,,,,,,,,,,,,,,,,,,,,2025-02,1430.0,-1.79,,,,,,,,,,,,,,,,,,,,,,,,,,,,,,,,,,,tv_wilder_rsi14_sma5_v1,47.89,47.63,True,False,0.27
4401,4401.T,ＡＤＥＫＡ,2025-01,OUT,1,51.97,54.1,False,True,2.12,2025-01,2902.5,2902.5,2902.5,0.0,,,,,,,,,,,,,,,,,,,,,,,,,,,,,2025-02,2769.0,-4.6,,,,,,,,,,,,,,,,,,,,,,,,,,,,,,,,,,,tv_wilder_rsi14_sma5_v1,54.1,51.97,True,False,2.12
4404,4404.T,ミヨシ油脂,2025-01,OUT,1,63.78,67.87,False,True,4.09,2025-01,1663.0,1663.0,1663.0,0.0,,,,,,,,,,,,,,,,,,,,,,,,,,,,,2025-02,1554.0,-6.55,,,,,,,,,,,,,,,,,,,,,,,,,,,,,,,,,,,tv_wilder_rsi14_sma5_v1,67.87,63.78,True,False,4.09
4410,4410.T,ハリマ化成グループ,2025-01,OUT,2,48.89,50.14,False,False,1.25,2024-12,881.0,876.0,876.0,-0.57,,,,,,,,,,,,,,,,,,,,,,,,,,,,,2025-02,862.0,-2.16,,,,,,,,,,,,,,,,,,,,,,,,,,,,,,,,,,,tv_wilder_rsi14_sma5_v1,50.14,48.89,False,False,1.25
4415,4415.T,ブロードエンタープライズ,2025-01,OUT,4,50.52,52.0,True,True,1.48,2024-10,877.0,865.0,865.0,-1.37,,,,,,,,,,,,,,,,,,,,,,,,,,,,,2025-02,750.0,-14.48,,,,,,,,,,,,,,,,,,,,,,,,,,,,,,,,,,,tv_wilder_rsi14_sma5_v1,52.0,50.52,True,True,1.48
4434,4434.T,サーバーワークス,2025-01,OUT,1,44.59,45.71,False,True,1.12,2025-01,2573.0,2573.0,2573.0,0.0,,,,,,,,,,,,,,,,,,,,,,,,,,,,,2025-02,2375.0,-7.7,,,,,,,,,,,,,,,,,,,,,,,,,,,,,,,,,,,tv_wilder_rsi14_sma5_v1,45.71,44.59,True,False,1.12
4436,4436.T,ミンカブ・ジ・インフォノイド,2025-01,OUT,3,33.61,34.86,True,True,1.25,2024-11,892.0,900.0,900.0,0.9,,,,,,,,,,,,,,,,,,,,,,,,,,,,,2025-02,565.0,-36.66,,,,,,,,,,,,,,,,,,,,,,,,,,,,,,,,,,,tv_wilder_rsi14_sma5_v1,34.86,33.61,True,True,1.25
4437,4437.T,ｇｏｏｄｄａｙｓホールディングス,2025-01,OUT,1,53.68,58.05,False,True,4.37,2025-01,685.0,685.0,685.0,0.0,,,,,,,,,,,,,,,,,,,,,,,,,,,,,2025-02,656.0,-4.23,,,,,,,,,,,,,,,,,,,,,,,,,,,,,,,,,,,tv_wilder_rsi14_sma5_v1,58.05,53.68,True,False,4.37
4443,4443.T,Ｓａｎｓａｎ,2025-01,OUT,2,59.62,62.27,True,True,2.65,2024-12,2295.0,2440.0,2440.0,6.32,,,,,,,,,,,,,,,,,,,,,,,,,,,,,2025-02,2047.0,-10.81,,,,,,,,,,,,,,,,,,,,,,,,,,,,,,,,,,,tv_wilder_rsi14_sma5_v1,62.27,59.62,True,True,2.65
4444,4444.T,インフォネット,2025-01,OUT,1,41.45,42.95,False,True,1.5,2025-01,901.0,901.0,901.0,0.0,,,,,,,,,,,,,,,,,,,,,,,,,,,,,2025-02,805.0,-10.65,,,,,,,,,,,,,,,,,,,,,,,,,,,,,,,,,,,tv_wilder_rsi14_sma5_v1,42.95,41.45,True,False,1.5
4448,4448.T,ｋｕｂｅｌｌ,2025-01,OUT,3,45.88,47.98,True,False,2.1,2024-11,592.0,596.0,596.0,0.68,,,,,,,,,,,,,,,,,,,,,,,,,,,,,2025-02,473.0,-20.1,,,,,,,,,,,,,,,,,,,,,,,,,,,,,,,,,,,tv_wilder_rsi14_sma5_v1,47.98,45.88,False,True,2.1
4480,4480.T,メドレー,2025-01,OUT,1,50.3,51.11,True,True,0.82,2025-01,4080.0,4080.0,4080.0,0.0,,,,,,,,,,,,,,,,,,,,,,,,,,,,,2025-02,2775.0,-31.99,,,,,,,,,,,,,,,,,,,,,,,,,,,,,,,,,,,tv_wilder_rsi14_sma5_v1,51.11,50.3,True,True,0.82
4484,4484.T,ランサーズ,2025-01,OUT,2,39.84,40.95,True,True,1.11,2024-12,229.0,230.0,230.0,0.44,,,,,,,,,,,,,,,,,,,,,,,,,,,,,2025-02,213.0,-6.99,,,,,,,,,,,,,,,,,,,,,,,,,,,,,,,,,,,tv_wilder_rsi14_sma5_v1,40.95,39.84,True,True,1.11
4487,4487.T,スペースマーケット,2025-01,OUT,5,43.11,44.14,True,True,1.03,2024-09,349.0,330.0,330.0,-5.44,,,,,,,,,,,,,,,,,,,,,,,,,,,,,2025-02,306.0,-12.32,,,,,,,,,,,,,,,,,,,,,,,,,,,,,,,,,,,tv_wilder_rsi14_sma5_v1,44.14,43.11,True,True,1.03
4492,4492.T,ゼネテック,2025-01,OUT,1,53.72,54.67,False,True,0.95,2025-01,620.0,620.0,620.0,0.0,,,,,,,,,,,,,,,,,,,,,,,,,,,,,2025-02,527.0,-15.0,,,,,,,,,,,,,,,,,,,,,,,,,,,,,,,,,,,tv_wilder_rsi14_sma5_v1,54.67,53.72,True,False,0.95
4493,4493.T,サイバーセキュリティクラウド,2025-01,OUT,2,45.06,47.06,True,True,2.0,2024-12,1960.0,2031.0,2031.0,3.62,,,,,,,,,,,,,,,,,,,,,,,,,,,,,2025-02,1794.0,-8.47,,,,,,,,,,,,,,,,,,,,,,,,,,,,,,,,,,,tv_wilder_rsi14_sma5_v1,47.06,45.06,True,True,2.0
4523,4523.T,エーザイ,2025-01,OUT,1,34.74,34.91,False,True,0.16,2025-01,4621.0,4621.0,4621.0,0.0,,,,,,,,,,,,,,,,,,,,,,,,,,,,,2025-02,4309.0,-6.75,,,,,,,,,,,,,,,,,,,,,,,,,,,,,,,,,,,tv_wilder_rsi14_sma5_v1,34.91,34.74,True,False,0.16
4558,4558.T,中京医薬品,2025-01,OUT,1,43.41,43.88,False,True,0.47,2025-01,208.0,208.0,208.0,0.0,,,,,,,,,,,,,,,,,,,,,,,,,,,,,2025-02,206.0,-0.96,,,,,,,,,,,,,,,,,,,,,,,,,,,,,,,,,,,tv_wilder_rsi14_sma5_v1,43.88,43.41,True,False,0.47
4583,4583.T,カイオム・バイオサイエンス,2025-01,OUT,3,53.55,63.17,True,False,9.62,2024-11,207.0,249.0,249.0,20.29,,,,,,,,,,,,,,,,,,,,,,,,,,,,,2025-02,161.0,-22.22,,,,,,,,,,,,,,,,,,,,,,,,,,,,,,,,,,,tv_wilder_rsi14_sma5_v1,63.17,53.55,False,True,9.62
4617,4617.T,中国塗料,2025-01,OUT,4,72.13,73.61,True,False,1.48,2024-10,2213.0,2368.0,2368.0,7.0,,,,,,,,,,,,,,,,,,,,,,,,,,,,,2025-02,2096.0,-5.29,,,,,,,,,,,,,,,,,,,,,,,,,,,,,,,,,,,tv_wilder_rsi14_sma5_v1,73.61,72.13,False,True,1.48
4620,4620.T,藤倉化成,2025-01,OUT,3,52.09,52.14,False,False,0.06,2024-11,524.0,497.0,497.0,-5.15,,,,,,,,,,,,,,,,,,,,,,,,,,,,,2025-02,495.0,-5.53,,,,,,,,,,,,,,,,,,,,,,,,,,,,,,,,,,,tv_wilder_rsi14_sma5_v1,52.14,52.09,False,False,0.06
4631,4631.T,ＤＩＣ,2025-01,OUT,2,66.77,66.91,True,False,0.14,2024-12,3384.0,3370.0,3370.0,-0.41,,,,,,,,,,,,,,,,,,,,,,,,,,,,,2025-02,3205.0,-5.29,,,,,,,,,,,,,,,,,,,,,,,,,,,,,,,,,,,tv_wilder_rsi14_sma5_v1,66.91,66.77,False,True,0.14
4657,4657.T,環境管理センター,2025-01,OUT,2,45.82,46.77,False,True,0.95,2024-12,444.0,451.0,451.0,1.58,,,,,,,,,,,,,,,,,,,,,,,,,,,,,2025-02,434.0,-2.25,,,,,,,,,,,,,,,,,,,,,,,,,,,,,,,,,,,tv_wilder_rsi14_sma5_v1,46.77,45.82,True,False,0.95
4658,4658.T,日本空調サービス,2025-01,OUT,1,65.74,69.06,False,True,3.33,2025-01,1106.0,1106.0,1106.0,0.0,,,,,,,,,,,,,,,,,,,,,,,,,,,,,2025-02,1002.0,-9.4,,,,,,,,,,,,,,,,,,,,,,,,,,,,,,,,,,,tv_wilder_rsi14_sma5_v1,69.06,65.74,True,False,3.33
4662,4662.T,フォーカスシステムズ,2025-01,OUT,1,51.21,51.81,False,False,0.6,2025-01,1111.0,1111.0,1111.0,0.0,,,,,,,,,,,,,,,,,,,,,,,,,,,,,2025-02,1063.0,-4.32,,,,,,,,,,,,,,,,,,,,,,,,,,,,,,,,,,,tv_wilder_rsi14_sma5_v1,51.81,51.21,False,False,0.6
4680,4680.T,ラウンドワン,2025-01,OUT,2,72.32,75.96,True,True,3.64,2024-12,1313.0,1316.0,1316.0,0.23,,,,,,,,,,,,,,,,,,,,,,,,,,,,,2025-02,1134.0,-13.63,,,,,,,,,,,,,,,,,,,,,,,,,,,,,,,,,,,tv_wilder_rsi14_sma5_v1,75.96,72.32,True,True,3.64
4681,4681.T,リゾートトラスト,2025-01,OUT,6,68.2,72.76,True,True,4.56,2024-08,1391.5,1630.5,1630.5,17.18,,,,,,,,,,,,,,,,,,,,,,,,,,,,,2025-02,1546.5,11.14,,,,,,,,,,,,,,,,,,,,,,,,,,,,,,,,,,,tv_wilder_rsi14_sma5_v1,72.76,68.2,True,True,4.56
4694,4694.T,ビー・エム・エル,2025-01,OUT,4,44.32,45.94,True,False,1.62,2024-10,2810.0,2851.0,2851.0,1.46,,,,,,,,,,,,,,,,,,,,,,,,,,,,,2025-02,2768.0,-1.49,,,,,,,,,,,,,,,,,,,,,,,,,,,,,,,,,,,tv_wilder_rsi14_sma5_v1,45.94,44.32,False,True,1.62
4712,4712.T,ＫｅｙＨｏｌｄｅｒ,2025-01,OUT,1,40.87,43.42,True,True,2.55,2025-01,756.0,756.0,756.0,0.0,,,,,,,,,,,,,,,,,,,,,,,,,,,,,2025-02,711.0,-5.95,,,,,,,,,,,,,,,,,,,,,,,,,,,,,,,,,,,tv_wilder_rsi14_sma5_v1,43.42,40.87,True,True,2.55
4714,4714.T,リソー教育グループ,2025-01,OUT,5,52.26,55.0,True,False,2.74,2024-09,258.0,299.0,299.0,15.89,,,,,,,,,,,,,,,,,,,,,,,,,,,,,2025-02,256.0,-0.78,,,,,,,,,,,,,,,,,,,,,,,,,,,,,,,,,,,tv_wilder_rsi14_sma5_v1,55.0,52.26,False,True,2.74
4719,4719.T,アルファシステムズ,2025-01,OUT,4,49.25,54.29,True,True,5.04,2024-10,3210.0,3520.0,3520.0,9.66,,,,,,,,,,,,,,,,,,,,,,,,,,,,,2025-02,3280.0,2.18,,,,,,,,,,,,,,,,,,,,,,,,,,,,,,,,,,,tv_wilder_rsi14_sma5_v1,54.29,49.25,True,True,5.04
4732,4732.T,ユー・エス・エス,2025-01,OUT,3,58.21,59.86,True,True,1.64,2024-11,1387.5,1393.5,1393.5,0.43,,,,,,,,,,,,,,,,,,,,,,,,,,,,,2025-02,1371.0,-1.19,,,,,,,,,,,,,,,,,,,,,,,,,,,,,,,,,,,tv_wilder_rsi14_sma5_v1,59.86,58.21,True,True,1.64
4733,4733.T,オービックビジネスコンサルタント,2025-01,OUT,1,59.48,63.2,True,True,3.72,2025-01,7818.0,7818.0,7818.0,0.0,,,,,,,,,,,,,,,,,,,,,,,,,,,,,2025-02,7204.0,-7.85,,,,,,,,,,,,,,,,,,,,,,,,,,,,,,,,,,,tv_wilder_rsi14_sma5_v1,63.2,59.48,True,True,3.72
4743,4743.T,アイティフォー,2025-01,OUT,2,65.05,66.81,True,True,1.75,2024-12,1427.0,1443.0,1443.0,1.12,,,,,,,,,,,,,,,,,,,,,,,,,,,,,2025-02,1304.0,-8.62,,,,,,,,,,,,,,,,,,,,,,,,,,,,,,,,,,,tv_wilder_rsi14_sma5_v1,66.81,65.05,True,True,1.75
4755,4755.T,楽天グループ,2025-01,OUT,1,56.65,60.1,False,True,3.45,2025-01,982.6,982.6,982.6,0.0,,,,,,,,,,,,,,,,,,,,,,,,,,,,,2025-02,920.7,-6.3,,,,,,,,,,,,,,,,,,,,,,,,,,,,,,,,,,,tv_wilder_rsi14_sma5_v1,60.1,56.65,True,False,3.45
4777,4777.T,ガーラ,2025-01,OUT,4,40.9,43.36,True,False,2.46,2024-10,248.0,245.0,245.0,-1.21,,,,,,,,,,,,,,,,,,,,,,,,,,,,,2025-02,228.0,-8.06,,,,,,,,,,,,,,,,,,,,,,,,,,,,,,,,,,,tv_wilder_rsi14_sma5_v1,43.36,40.9,False,True,2.46
4809,4809.T,パラカ,2025-01,OUT,2,43.27,46.85,False,True,3.58,2024-12,1836.0,1847.0,1847.0,0.6,,,,,,,,,,,,,,,,,,,,,,,,,,,,,2025-02,1786.0,-2.72,,,,,,,,,,,,,,,,,,,,,,,,,,,,,,,,,,,tv_wilder_rsi14_sma5_v1,46.85,43.27,True,False,3.58
4826,4826.T,ＣＩＪ,2025-01,OUT,3,55.66,58.63,True,False,2.96,2024-11,446.0,471.0,471.0,5.61,,,,,,,,,,,,,,,,,,,,,,,,,,,,,2025-02,447.0,0.22,,,,,,,,,,,,,,,,,,,,,,,,,,,,,,,,,,,tv_wilder_rsi14_sma5_v1,58.63,55.66,False,True,2.96
4847,4847.T,インテリジェント　ウェイブ,2025-01,OUT,3,54.55,56.41,True,False,1.86,2024-11,1090.0,1070.0,1070.0,-1.83,,,,,,,,,,,,,,,,,,,,,,,,,,,,,2025-02,1062.0,-2.57,,,,,,,,,,,,,,,,,,,,,,,,,,,,,,,,,,,tv_wilder_rsi14_sma5_v1,56.41,54.55,False,True,1.86
4881,4881.T,ファンペップ,2025-01,OUT,1,39.53,40.06,False,True,0.53,2025-01,138.0,138.0,138.0,0.0,,,,,,,,,,,,,,,,,,,,,,,,,,,,,2025-02,132.0,-4.35,,,,,,,,,,,,,,,,,,,,,,,,,,,,,,,,,,,tv_wilder_rsi14_sma5_v1,40.06,39.53,True,False,0.53
4884,4884.T,クリングルファーマ,2025-01,OUT,2,52.48,57.98,True,True,5.5,2024-12,873.0,1072.0,1072.0,22.79,,,,,,,,,,,,,,,,,,,,,,,,,,,,,2025-02,776.0,-11.11,,,,,,,,,,,,,,,,,,,,,,,,,,,,,,,,,,,tv_wilder_rsi14_sma5_v1,57.98,52.48,True,True,5.5
4890,4890.T,坪田ラボ,2025-01,OUT,1,43.63,44.21,True,True,0.58,2025-01,429.0,429.0,429.0,0.0,,,,,,,,,,,,,,,,,,,,,,,,,,,,,2025-02,398.0,-7.23,,,,,,,,,,,,,,,,,,,,,,,,,,,,,,,,,,,tv_wilder_rsi14_sma5_v1,44.21,43.63,True,True,0.58
4902,4902.T,コニカミノルタ,2025-01,OUT,4,57.95,59.59,True,False,1.65,2024-10,644.6,630.0,630.0,-2.26,,,,,,,,,,,,,,,,,,,,,,,,,,,,,2025-02,526.2,-18.37,,,,,,,,,,,,,,,,,,,,,,,,,,,,,,,,,,,tv_wilder_rsi14_sma5_v1,59.59,57.95,False,True,1.65
4923,4923.T,コタ,2025-01,OUT,1,65.43,65.45,False,True,0.02,2025-01,1563.81,1563.81,1563.81,0.0,,,,,,,,,,,,,,,,,,,,,,,,,,,,,2025-02,1432.38,-8.4,,,,,,,,,,,,,,,,,,,,,,,,,,,,,,,,,,,tv_wilder_rsi14_sma5_v1,65.45,65.43,True,False,0.02
4933,4933.T,Ｉ－ｎｅ,2025-01,OUT,8,46.37,48.65,True,True,2.28,2024-06,1724.0,2119.0,2119.0,22.91,,,,,,,,,,,,,,,,,,,,,,,,,,,,,2025-02,1615.0,-6.32,,,,,,,,,,,,,,,,,,,,,,,,,,,,,,,,,,,tv_wilder_rsi14_sma5_v1,48.65,46.37,True,True,2.28
4951,4951.T,エステー,2025-01,OUT,2,44.02,47.34,False,False,3.32,2024-12,1543.0,1525.0,1525.0,-1.17,,,,,,,,,,,,,,,,,,,,,,,,,,,,,2025-02,1450.0,-6.03,,,,,,,,,,,,,,,,,,,,,,,,,,,,,,,,,,,tv_wilder_rsi14_sma5_v1,47.34,44.02,False,False,3.32
4992,4992.T,北興化学工業,2025-01,OUT,1,56.04,60.13,False,True,4.09,2025-01,1449.0,1449.0,1449.0,0.0,,,,,,,,,,,,,,,,,,,,,,,,,,,,,2025-02,1261.0,-12.97,,,,,,,,,,,,,,,,,,,,,,,,,,,,,,,,,,,tv_wilder_rsi14_sma5_v1,60.13,56.04,True,False,4.09
5013,5013.T,ユシロ,2025-01,OUT,3,59.76,63.87,True,False,4.11,2024-11,2116.0,2111.0,2111.0,-0.24,,,,,,,,,,,,,,,,,,,,,,,,,,,,,2025-02,2015.0,-4.77,,,,,,,,,,,,,,,,,,,,,,,,,,,,,,,,,,,tv_wilder_rsi14_sma5_v1,63.87,59.76,False,True,4.11
5018,5018.T,ＭＯＲＥＳＣＯ,2025-01,OUT,3,51.02,51.28,True,False,0.26,2024-11,1280.0,1285.0,1285.0,0.39,,,,,,,,,,,,,,,,,,,,,,,,,,,,,2025-02,1192.0,-6.87,,,,,,,,,,,,,,,,,,,,,,,,,,,,,,,,,,,tv_wilder_rsi14_sma5_v1,51.28,51.02,False,True,0.26
5027,5027.T,ＡｎｙＭｉｎｄ　Ｇｒｏｕｐ,2025-01,OUT,1,52.67,53.74,False,True,1.07,2025-01,1178.0,1178.0,1178.0,0.0,,,,,,,,,,,,,,,,,,,,,,,,,,,,,2025-02,1058.0,-10.19,,,,,,,,,,,,,,,,,,,,,,,,,,,,,,,,,,,tv_wilder_rsi14_sma5_v1,53.74,52.67,True,False,1.07
5071,5071.T,ヴィス,2025-01,OUT,3,65.94,70.79,True,True,4.85,2024-11,1270.0,1452.0,1452.0,14.33,,,,,,,,,,,,,,,,,,,,,,,,,,,,,2025-02,1311.0,3.23,,,,,,,,,,,,,,,,,,,,,,,,,,,,,,,,,,,tv_wilder_rsi14_sma5_v1,70.79,65.94,True,True,4.85
5078,5078.T,セレコーポレーション,2025-01,OUT,1,70.98,74.11,False,True,3.12,2025-01,4545.0,4545.0,4545.0,0.0,,,,,,,,,,,,,,,,,,,,,,,,,,,,,2025-02,4340.0,-4.51,,,,,,,,,,,,,,,,,,,,,,,,,,,,,,,,,,,tv_wilder_rsi14_sma5_v1,74.11,70.98,True,False,3.12
5110,5110.T,住友ゴム工業,2025-01,OUT,4,56.57,61.52,True,True,4.96,2024-10,1577.5,1816.0,1816.0,15.12,,,,,,,,,,,,,,,,,,,,,,,,,,,,,2025-02,1735.5,10.02,,,,,,,,,,,,,,,,,,,,,,,,,,,,,,,,,,,tv_wilder_rsi14_sma5_v1,61.52,56.57,True,True,4.96
5121,5121.T,藤倉コンポジット,2025-01,OUT,3,60.77,66.38,True,False,5.61,2024-11,1494.0,1576.0,1576.0,5.49,,,,,,,,,,,,,,,,,,,,,,,,,,,,,2025-02,1405.0,-5.96,,,,,,,,,,,,,,,,,,,,,,,,,,,,,,,,,,,tv_wilder_rsi14_sma5_v1,66.38,60.77,False,True,5.61
5131,5131.T,リンカーズ,2025-01,OUT,2,31.71,32.52,True,True,0.8,2024-12,168.0,170.0,170.0,1.19,,,,,,,,,,,,,,,,,,,,,,,,,,,,,2025-02,156.0,-7.14,,,,,,,,,,,,,,,,,,,,,,,,,,,,,,,,,,,tv_wilder_rsi14_sma5_v1,32.52,31.71,True,True,0.8
5133,5133.T,テリロジーホールディングス,2025-01,OUT,1,45.65,47.33,False,True,1.68,2025-01,301.0,301.0,301.0,0.0,,,,,,,,,,,,,,,,,,,,,,,,,,,,,2025-02,287.0,-4.65,,,,,,,,,,,,,,,,,,,,,,,,,,,,,,,,,,,tv_wilder_rsi14_sma5_v1,47.33,45.65,True,False,1.68
5185,5185.T,フコク,2025-01,OUT,1,57.8,58.23,False,False,0.43,2025-01,1790.0,1790.0,1790.0,0.0,,,,,,,,,,,,,,,,,,,,,,,,,,,,,2025-02,1601.0,-10.56,,,,,,,,,,,,,,,,,,,,,,,,,,,,,,,,,,,tv_wilder_rsi14_sma5_v1,58.23,57.8,False,False,0.43
5189,5189.T,櫻護謨,2025-01,OUT,2,47.44,47.67,False,False,0.24,2024-12,1894.0,1881.0,1881.0,-0.69,,,,,,,,,,,,,,,,,,,,,,,,,,,,,2025-02,1851.0,-2.27,,,,,,,,,,,,,,,,,,,,,,,,,,,,,,,,,,,tv_wilder_rsi14_sma5_v1,47.67,47.44,False,False,0.24
5195,5195.T,バンドー化学,2025-01,OUT,2,63.24,64.74,False,False,1.5,2024-12,1911.0,1901.0,1901.0,-0.52,,,,,,,,,,,,,,,,,,,,,,,,,,,,,2025-02,1716.0,-10.2,,,,,,,,,,,,,,,,,,,,,,,,,,,,,,,,,,,tv_wilder_rsi14_sma5_v1,64.74,63.24,False,False,1.5
5216,5216.T,倉元製作所,2025-01,OUT,1,54.11,54.87,False,True,0.76,2025-01,267.0,267.0,267.0,0.0,,,,,,,,,,,,,,,,,,,,,,,,,,,,,2025-02,226.0,-15.36,,,,,,,,,,,,,,,,,,,,,,,,,,,,,,,,,,,tv_wilder_rsi14_sma5_v1,54.87,54.11,True,False,0.76
5237,5237.T,ノザワ,2025-01,OUT,3,51.43,52.39,False,False,0.96,2024-11,857.0,853.0,853.0,-0.47,,,,,,,,,,,,,,,,,,,,,,,,,,,,,2025-02,844.0,-1.52,,,,,,,,,,,,,,,,,,,,,,,,,,,,,,,,,,,tv_wilder_rsi14_sma5_v1,52.39,51.43,False,False,0.96
5242,5242.T,アイズ,2025-01,OUT,1,42.14,43.57,False,True,1.43,2025-01,1771.0,1771.0,1771.0,0.0,,,,,,,,,,,,,,,,,,,,,,,,,,,,,2025-02,1285.0,-27.44,,,,,,,,,,,,,,,,,,,,,,,,,,,,,,,,,,,tv_wilder_rsi14_sma5_v1,43.57,42.14,True,False,1.43
5247,5247.T,ＢＴＭ,2025-01,OUT,3,50.35,55.78,True,True,5.43,2024-11,1127.0,1336.5,1336.5,18.59,,,,,,,,,,,,,,,,,,,,,,,,,,,,,2025-02,1031.5,-8.47,,,,,,,,,,,,,,,,,,,,,,,,,,,,,,,,,,,tv_wilder_rsi14_sma5_v1,55.78,50.35,True,True,5.43
5256,5256.T,Ｆｕｓｉｃ,2025-01,OUT,1,46.17,46.24,False,True,0.07,2025-01,2894.0,2894.0,2894.0,0.0,,,,,,,,,,,,,,,,,,,,,,,,,,,,,2025-02,2712.0,-6.29,,,,,,,,,,,,,,,,,,,,,,,,,,,,,,,,,,,tv_wilder_rsi14_sma5_v1,46.24,46.17,True,False,0.07
5269,5269.T,日本コンクリート工業,2025-01,OUT,3,53.03,55.02,True,True,1.99,2024-11,381.0,374.0,374.0,-1.84,,,,,,,,,,,,,,,,,,,,,,,,,,,,,2025-02,359.0,-5.77,,,,,,,,,,,,,,,,,,,,,,,,,,,,,,,,,,,tv_wilder_rsi14_sma5_v1,55.02,53.03,True,True,1.99
5304,5304.T,ＳＥＣカーボン,2025-01,OUT,2,51.08,51.52,False,False,0.44,2024-12,2205.0,2193.0,2193.0,-0.54,,,,,,,,,,,,,,,,,,,,,,,,,,,,,2025-02,2170.0,-1.59,,,,,,,,,,,,,,,,,,,,,,,,,,,,,,,,,,,tv_wilder_rsi14_sma5_v1,51.52,51.08,False,False,0.44
5333,5333.T,ＮＧＫ,2025-01,OUT,3,52.54,54.61,True,False,2.07,2024-11,1970.0,2000.0,2000.0,1.52,,,,,,,,,,,,,,,,,,,,,,,,,,,,,2025-02,1867.5,-5.2,,,,,,,,,,,,,,,,,,,,,,,,,,,,,,,,,,,tv_wilder_rsi14_sma5_v1,54.61,52.54,False,True,2.07
5334,5334.T,日本特殊陶業,2025-01,OUT,3,64.51,69.85,True,True,5.34,2024-11,4634.0,5141.0,5141.0,10.94,,,,,,,,,,,,,,,,,,,,,,,,,,,,,2025-02,4392.0,-5.22,,,,,,,,,,,,,,,,,,,,,,,,,,,,,,,,,,,tv_wilder_rsi14_sma5_v1,69.85,64.51,True,True,5.34
5355,5355.T,日本坩堝,2025-01,OUT,1,58.11,58.78,False,False,0.67,2025-01,602.0,602.0,602.0,0.0,,,,,,,,,,,,,,,,,,,,,,,,,,,,,2025-02,601.0,-0.17,,,,,,,,,,,,,,,,,,,,,,,,,,,,,,,,,,,tv_wilder_rsi14_sma5_v1,58.78,58.11,False,False,0.67
5381,5381.T,マイポックス,2025-01,OUT,2,55.69,55.77,True,False,0.08,2024-12,778.0,730.0,730.0,-6.17,,,,,,,,,,,,,,,,,,,,,,,,,,,,,2025-02,606.0,-22.11,,,,,,,,,,,,,,,,,,,,,,,,,,,,,,,,,,,tv_wilder_rsi14_sma5_v1,55.77,55.69,False,True,0.08
5582,5582.T,グリッド,2025-01,OUT,1,39.2,41.34,,True,2.14,2025-01,2807.0,2807.0,2807.0,0.0,,,,,,,,,,,,,,,,,,,,,,,,,,,,,2025-02,2600.0,-7.37,,,,,,,,,,,,,,,,,,,,,,,,,,,,,,,,,,,tv_wilder_rsi14_sma5_v1,41.34,39.2,True,,2.14
5659,5659.T,日本精線,2025-01,OUT,4,63.38,67.24,True,True,3.86,2024-10,1259.0,1373.0,1373.0,9.05,,,,,,,,,,,,,,,,,,,,,,,,,,,,,2025-02,1304.0,3.57,,,,,,,,,,,,,,,,,,,,,,,,,,,,,,,,,,,tv_wilder_rsi14_sma5_v1,67.24,63.38,True,True,3.86
5699,5699.T,イボキン,2025-01,OUT,3,48.76,53.43,True,True,4.67,2024-11,1237.0,1332.0,1332.0,7.68,,,,,,,,,,,,,,,,,,,,,,,,,,,,,2025-02,1252.0,1.21,,,,,,,,,,,,,,,,,,,,,,,,,,,,,,,,,,,tv_wilder_rsi14_sma5_v1,53.43,48.76,True,True,4.67
5703,5703.T,日本軽金属ホールディングス,2025-01,OUT,1,44.54,45.69,False,True,1.15,2025-01,1595.0,1595.0,1595.0,0.0,,,,,,,,,,,,,,,,,,,,,,,,,,,,,2025-02,1552.0,-2.7,,,,,,,,,,,,,,,,,,,,,,,,,,,,,,,,,,,tv_wilder_rsi14_sma5_v1,45.69,44.54,True,False,1.15
5724,5724.T,アサカ理研,2025-01,OUT,1,33.82,33.93,False,True,0.11,2025-01,836.0,836.0,836.0,0.0,,,,,,,,,,,,,,,,,,,,,,,,,,,,,2025-02,820.0,-1.91,,,,,,,,,,,,,,,,,,,,,,,,,,,,,,,,,,,tv_wilder_rsi14_sma5_v1,33.93,33.82,True,False,0.11
5741,5741.T,ＵＡＣＪ,2025-01,OUT,6,70.99,71.23,True,True,0.24,2024-08,1255.0,1337.5,1337.5,6.57,,,,,,,,,,,,,,,,,,,,,,,,,,,,,2025-02,1300.0,3.59,,,,,,,,,,,,,,,,,,,,,,,,,,,,,,,,,,,tv_wilder_rsi14_sma5_v1,71.23,70.99,True,True,0.24
5757,5757.T,ＣＫサンエツ,2025-01,OUT,4,47.72,53.84,True,True,6.12,2024-10,3605.0,3955.0,3955.0,9.71,,,,,,,,,,,,,,,,,,,,,,,,,,,,,2025-02,3750.0,4.02,,,,,,,,,,,,,,,,,,,,,,,,,,,,,,,,,,,tv_wilder_rsi14_sma5_v1,53.84,47.72,True,True,6.12
5801,5801.T,古河電気工業,2025-01,OUT,3,74.17,83.78,True,True,9.61,2024-11,615.5,714.8,714.8,16.13,,,,,,,,,,,,,,,,,,,,,,,,,,,,,2025-02,621.8,1.02,,,,,,,,,,,,,,,,,,,,,,,,,,,,,,,,,,,tv_wilder_rsi14_sma5_v1,83.78,74.17,True,True,9.61
5802,5802.T,住友電気工業,2025-01,OUT,3,68.81,73.17,True,True,4.36,2024-11,721.5,728.12,728.12,0.92,,,,,,,,,,,,,,,,,,,,,,,,,,,,,2025-02,654.62,-9.27,,,,,,,,,,,,,,,,,,,,,,,,,,,,,,,,,,,tv_wilder_rsi14_sma5_v1,73.17,68.81,True,True,4.36
5805,5805.T,ＳＷＣＣ,2025-01,OUT,3,85.55,87.39,True,True,1.84,2024-11,7530.0,7610.0,7610.0,1.06,,,,,,,,,,,,,,,,,,,,,,,,,,,,,2025-02,6050.0,-19.65,,,,,,,,,,,,,,,,,,,,,,,,,,,,,,,,,,,tv_wilder_rsi14_sma5_v1,87.39,85.55,True,True,1.84
5817,5817.T,ＪＭＡＣＳ,2025-01,OUT,1,45.82,45.85,False,True,0.04,2025-01,485.0,485.0,485.0,0.0,,,,,,,,,,,,,,,,,,,,,,,,,,,,,2025-02,471.0,-2.89,,,,,,,,,,,,,,,,,,,,,,,,,,,,,,,,,,,tv_wilder_rsi14_sma5_v1,45.85,45.82,True,False,0.04
5832,5832.T,ちゅうぎんフィナンシャルグループ,2025-01,OUT,2,66.5,70.66,True,True,4.16,2024-12,1639.0,1711.5,1711.5,4.42,,,,,,,,,,,,,,,,,,,,,,,,,,,,,2025-02,1590.5,-2.96,,,,,,,,,,,,,,,,,,,,,,,,,,,,,,,,,,,tv_wilder_rsi14_sma5_v1,70.66,66.5,True,True,4.16
5844,5844.T,京都フィナンシャルグループ,2025-01,OUT,2,54.67,56.87,True,True,2.21,2024-12,2320.0,2344.0,2344.0,1.03,,,,,,,,,,,,,,,,,,,,,,,,,,,,,2025-02,2162.0,-6.81,,,,,,,,,,,,,,,,,,,,,,,,,,,,,,,,,,,tv_wilder_rsi14_sma5_v1,56.87,54.67,True,True,2.21
5901,5901.T,東洋製罐グループホールディングス,2025-01,OUT,2,55.25,55.61,True,False,0.36,2024-12,2406.5,2361.0,2361.0,-1.89,,,,,,,,,,,,,,,,,,,,,,,,,,,,,2025-02,2356.0,-2.1,,,,,,,,,,,,,,,,,,,,,,,,,,,,,,,,,,,tv_wilder_rsi14_sma5_v1,55.61,55.25,False,True,0.36
5909,5909.T,コロナ,2025-01,OUT,2,52.93,53.91,True,False,0.98,2024-12,962.0,952.0,952.0,-1.04,,,,,,,,,,,,,,,,,,,,,,,,,,,,,2025-02,948.0,-1.46,,,,,,,,,,,,,,,,,,,,,,,,,,,,,,,,,,,tv_wilder_rsi14_sma5_v1,53.91,52.93,False,True,0.98
5929,5929.T,三和ホールディングス,2025-01,OUT,1,88.76,89.39,True,True,0.63,2025-01,4880.0,4880.0,4880.0,0.0,,,,,,,,,,,,,,,,,,,,,,,,,,,,,2025-02,4864.0,-0.33,,,,,,,,,,,,,,,,,,,,,,,,,,,,,,,,,,,tv_wilder_rsi14_sma5_v1,89.39,88.76,True,True,0.63
5938,5938.T,ＬＩＸＩＬ,2025-01,OUT,2,42.59,43.58,True,True,0.99,2024-12,1725.5,1749.5,1749.5,1.39,,,,,,,,,,,,,,,,,,,,,,,,,,,,,2025-02,1705.5,-1.16,,,,,,,,,,,,,,,,,,,,,,,,,,,,,,,,,,,tv_wilder_rsi14_sma5_v1,43.58,42.59,True,True,0.99
5946,5946.T,長府製作所,2025-01,OUT,1,41.32,41.4,False,False,0.08,2025-01,1933.0,1933.0,1933.0,0.0,,,,,,,,,,,,,,,,,,,,,,,,,,,,,2025-02,1865.0,-3.52,,,,,,,,,,,,,,,,,,,,,,,,,,,,,,,,,,,tv_wilder_rsi14_sma5_v1,41.4,41.32,False,False,0.08
5949,5949.T,ユニプレス,2025-01,OUT,1,49.13,50.29,False,True,1.16,2025-01,1099.0,1099.0,1099.0,0.0,,,,,,,,,,,,,,,,,,,,,,,,,,,,,2025-02,1046.0,-4.82,,,,,,,,,,,,,,,,,,,,,,,,,,,,,,,,,,,tv_wilder_rsi14_sma5_v1,50.29,49.13,True,False,1.16
5955,5955.T,ワイズホールディングス,2025-01,OUT,1,47.76,47.91,False,True,0.16,2025-01,75.0,75.0,75.0,0.0,,,,,,,,,,,,,,,,,,,,,,,,,,,,,2025-02,74.0,-1.33,,,,,,,,,,,,,,,,,,,,,,,,,,,,,,,,,,,tv_wilder_rsi14_sma5_v1,47.91,47.76,True,False,0.16
5966,5966.T,京都機械工具,2025-01,OUT,2,60.41,63.54,False,False,3.13,2024-12,2750.0,2748.0,2748.0,-0.07,,,,,,,,,,,,,,,,,,,,,,,,,,,,,2025-02,2700.0,-1.82,,,,,,,,,,,,,,,,,,,,,,,,,,,,,,,,,,,tv_wilder_rsi14_sma5_v1,63.54,60.41,False,False,3.13
5970,5970.T,ジーテクト,2025-01,OUT,2,47.39,50.74,True,False,3.35,2024-12,1757.0,1717.0,1717.0,-2.28,,,,,,,,,,,,,,,,,,,,,,,,,,,,,2025-02,1633.0,-7.06,,,,,,,,,,,,,,,,,,,,,,,,,,,,,,,,,,,tv_wilder_rsi14_sma5_v1,50.74,47.39,False,True,3.35
5975,5975.T,東プレ,2025-01,OUT,2,51.48,52.02,False,False,0.54,2024-12,2008.0,1904.0,1904.0,-5.18,,,,,,,,,,,,,,,,,,,,,,,,,,,,,2025-02,1828.0,-8.96,,,,,,,,,,,,,,,,,,,,,,,,,,,,,,,,,,,tv_wilder_rsi14_sma5_v1,52.02,51.48,False,False,0.54
5987,5987.T,オーネックス,2025-01,OUT,1,72.52,73.11,False,True,0.59,2025-01,2001.0,2001.0,2001.0,0.0,,,,,,,,,,,,,,,,,,,,,,,,,,,,,2025-02,1728.0,-13.64,,,,,,,,,,,,,,,,,,,,,,,,,,,,,,,,,,,tv_wilder_rsi14_sma5_v1,73.11,72.52,True,False,0.59
5998,5998.T,アドバネクス,2025-01,OUT,2,42.29,44.31,True,False,2.02,2024-12,930.0,891.0,891.0,-4.19,,,,,,,,,,,,,,,,,,,,,,,,,,,,,2025-02,817.0,-12.15,,,,,,,,,,,,,,,,,,,,,,,,,,,,,,,,,,,tv_wilder_rsi14_sma5_v1,44.31,42.29,False,True,2.02
6016,6016.T,ジャパンエンジンコーポレーション,2025-01,OUT,1,60.82,61.37,False,True,0.55,2025-01,4190.0,4190.0,4190.0,0.0,,,,,,,,,,,,,,,,,,,,,,,,,,,,,2025-02,3310.0,-21.0,,,,,,,,,,,,,,,,,,,,,,,,,,,,,,,,,,,tv_wilder_rsi14_sma5_v1,61.37,60.82,True,False,0.55
6018,6018.T,阪神内燃機工業,2025-01,OUT,2,53.93,60.0,True,True,6.07,2024-12,2200.0,2620.0,2620.0,19.09,,,,,,,,,,,,,,,,,,,,,,,,,,,,,2025-02,2241.0,1.86,,,,,,,,,,,,,,,,,,,,,,,,,,,,,,,,,,,tv_wilder_rsi14_sma5_v1,60.0,53.93,True,True,6.07
6022,6022.T,赤阪鐵工所,2025-01,OUT,1,49.0,49.01,False,True,0.01,2025-01,1925.0,1925.0,1925.0,0.0,,,,,,,,,,,,,,,,,,,,,,,,,,,,,2025-02,1888.0,-1.92,,,,,,,,,,,,,,,,,,,,,,,,,,,,,,,,,,,tv_wilder_rsi14_sma5_v1,49.01,49.0,True,False,0.01
6023,6023.T,ダイハツインフィニアース,2025-01,OUT,2,68.26,79.09,True,True,10.82,2024-12,1861.0,2315.0,2315.0,24.4,,,,,,,,,,,,,,,,,,,,,,,,,,,,,2025-02,1744.0,-6.29,,,,,,,,,,,,,,,,,,,,,,,,,,,,,,,,,,,tv_wilder_rsi14_sma5_v1,79.09,68.26,True,True,10.82
6033,6033.T,エクストリーム,2025-01,OUT,3,51.76,57.41,True,False,5.65,2024-11,1365.0,1450.0,1450.0,6.23,,,,,,,,,,,,,,,,,,,,,,,,,,,,,2025-02,1291.0,-5.42,,,,,,,,,,,,,,,,,,,,,,,,,,,,,,,,,,,tv_wilder_rsi14_sma5_v1,57.41,51.76,False,True,5.65
6036,6036.T,ＫｅｅＰｅｒ技研,2025-01,OUT,6,49.33,49.72,True,False,0.4,2024-08,4055.0,4470.0,4470.0,10.23,,,,,,,,,,,,,,,,,,,,,,,,,,,,,2025-02,3915.0,-3.45,,,,,,,,,,,,,,,,,,,,,,,,,,,,,,,,,,,tv_wilder_rsi14_sma5_v1,49.72,49.33,False,True,0.4
6042,6042.T,ニッキ,2025-01,OUT,3,59.21,60.06,True,False,0.85,2024-11,2594.0,2613.0,2613.0,0.73,,,,,,,,,,,,,,,,,,,,,,,,,,,,,2025-02,2597.0,0.12,,,,,,,,,,,,,,,,,,,,,,,,,,,,,,,,,,,tv_wilder_rsi14_sma5_v1,60.06,59.21,False,True,0.85
6055,6055.T,ジャパンマテリアル,2025-01,OUT,1,42.76,43.49,True,True,0.73,2025-01,1746.0,1746.0,1746.0,0.0,,,,,,,,,,,,,,,,,,,,,,,,,,,,,2025-02,1393.0,-20.22,,,,,,,,,,,,,,,,,,,,,,,,,,,,,,,,,,,tv_wilder_rsi14_sma5_v1,43.49,42.76,True,True,0.73
6058,6058.T,ベクトル,2025-01,OUT,3,42.62,45.76,True,True,3.14,2024-11,966.0,1045.0,1045.0,8.18,,,,,,,,,,,,,,,,,,,,,,,,,,,,,2025-02,920.0,-4.76,,,,,,,,,,,,,,,,,,,,,,,,,,,,,,,,,,,tv_wilder_rsi14_sma5_v1,45.76,42.62,True,True,3.14
6070,6070.T,キャリアリンク,2025-01,OUT,1,51.98,52.25,False,True,0.27,2025-01,2487.0,2487.0,2487.0,0.0,,,,,,,,,,,,,,,,,,,,,,,,,,,,,2025-02,2302.0,-7.44,,,,,,,,,,,,,,,,,,,,,,,,,,,,,,,,,,,tv_wilder_rsi14_sma5_v1,52.25,51.98,True,False,0.27
6073,6073.T,アサンテ,2025-01,OUT,2,49.09,49.29,False,False,0.2,2024-12,1663.0,1657.0,1657.0,-0.36,,,,,,,,,,,,,,,,,,,,,,,,,,,,,2025-02,1629.0,-2.04,,,,,,,,,,,,,,,,,,,,,,,,,,,,,,,,,,,tv_wilder_rsi14_sma5_v1,49.29,49.09,False,False,0.2
6098,6098.T,リクルートホールディングス,2025-01,OUT,4,77.72,78.92,True,False,1.19,2024-10,9533.0,10930.0,10930.0,14.65,,,,,,,,,,,,,,,,,,,,,,,,,,,,,2025-02,8800.0,-7.69,,,,,,,,,,,,,,,,,,,,,,,,,,,,,,,,,,,tv_wilder_rsi14_sma5_v1,78.92,77.72,False,True,1.19
6113,6113.T,アマダ,2025-01,OUT,2,52.72,57.35,True,True,4.63,2024-12,1537.0,1606.0,1606.0,4.49,,,,,,,,,,,,,,,,,,,,,,,,,,,,,2025-02,1432.5,-6.8,,,,,,,,,,,,,,,,,,,,,,,,,,,,,,,,,,,tv_wilder_rsi14_sma5_v1,57.35,52.72,True,True,4.63
6134,6134.T,ＦＵＪＩ,2025-01,OUT,2,46.55,49.09,False,False,2.55,2024-12,2411.5,2353.0,2353.0,-2.43,,,,,,,,,,,,,,,,,,,,,,,,,,,,,2025-02,2196.0,-8.94,,,,,,,,,,,,,,,,,,,,,,,,,,,,,,,,,,,tv_wilder_rsi14_sma5_v1,49.09,46.55,False,False,2.55
6140,6140.T,旭ダイヤモンド工業,2025-01,OUT,1,49.93,51.8,False,True,1.86,2025-01,862.0,862.0,862.0,0.0,,,,,,,,,,,,,,,,,,,,,,,,,,,,,2025-02,823.0,-4.52,,,,,,,,,,,,,,,,,,,,,,,,,,,,,,,,,,,tv_wilder_rsi14_sma5_v1,51.8,49.93,True,False,1.86
6144,6144.T,西部電機,2025-01,OUT,2,64.94,67.61,True,False,2.67,2024-12,1995.0,1977.0,1977.0,-0.9,,,,,,,,,,,,,,,,,,,,,,,,,,,,,2025-02,1906.0,-4.46,,,,,,,,,,,,,,,,,,,,,,,,,,,,,,,,,,,tv_wilder_rsi14_sma5_v1,67.61,64.94,False,True,2.67
6146,6146.T,ディスコ,2025-01,OUT,2,55.77,57.41,False,True,1.64,2024-12,42730.0,44740.0,44740.0,4.7,,,,,,,,,,,,,,,,,,,,,,,,,,,,,2025-02,37570.0,-12.08,,,,,,,,,,,,,,,,,,,,,,,,,,,,,,,,,,,tv_wilder_rsi14_sma5_v1,57.41,55.77,True,False,1.64
6159,6159.T,ミクロン精密,2025-01,OUT,4,55.16,57.7,True,False,2.54,2024-10,1412.0,1545.0,1545.0,9.42,,,,,,,,,,,,,,,,,,,,,,,,,,,,,2025-02,1497.0,6.02,,,,,,,,,,,,,,,,,,,,,,,,,,,,,,,,,,,tv_wilder_rsi14_sma5_v1,57.7,55.16,False,True,2.54
6167,6167.T,冨士ダイス,2025-01,OUT,2,57.74,60.46,True,True,2.72,2024-12,798.0,824.0,824.0,3.26,,,,,,,,,,,,,,,,,,,,,,,,,,,,,2025-02,801.0,0.38,,,,,,,,,,,,,,,,,,,,,,,,,,,,,,,,,,,tv_wilder_rsi14_sma5_v1,60.46,57.74,True,True,2.72
6176,6176.T,ブランジスタ,2025-01,OUT,3,53.44,54.16,True,False,0.72,2024-11,706.0,724.0,724.0,2.55,,,,,,,,,,,,,,,,,,,,,,,,,,,,,2025-02,646.0,-8.5,,,,,,,,,,,,,,,,,,,,,,,,,,,,,,,,,,,tv_wilder_rsi14_sma5_v1,54.16,53.44,False,True,0.72
6177,6177.T,ＡｐｐＢａｎｋ,2025-01,OUT,1,39.92,40.54,False,True,0.62,2025-01,95.0,95.0,95.0,0.0,,,,,,,,,,,,,,,,,,,,,,,,,,,,,2025-02,89.0,-6.32,,,,,,,,,,,,,,,,,,,,,,,,,,,,,,,,,,,tv_wilder_rsi14_sma5_v1,40.54,39.92,True,False,0.62
6191,6191.T,エアトリ,2025-01,OUT,2,35.47,38.61,True,True,3.14,2024-12,1147.0,1249.0,1249.0,8.89,,,,,,,,,,,,,,,,,,,,,,,,,,,,,2025-02,1007.0,-12.21,,,,,,,,,,,,,,,,,,,,,,,,,,,,,,,,,,,tv_wilder_rsi14_sma5_v1,38.61,35.47,True,True,3.14
6200,6200.T,インソース,2025-01,OUT,9,50.68,51.18,False,False,0.5,2024-05,966.0,1067.0,1067.0,10.46,,,,,,,,,,,,,,,,,,,,,,,,,,,,,2025-02,866.0,-10.35,,,,,,,,,,,,,,,,,,,,,,,,,,,,,,,,,,,tv_wilder_rsi14_sma5_v1,51.18,50.68,False,False,0.5
6203,6203.T,豊和工業,2025-01,OUT,5,65.34,71.59,True,False,6.25,2024-09,870.0,1223.0,1223.0,40.57,,,,,,,,,,,,,,,,,,,,,,,,,,,,,2025-02,1092.0,25.52,,,,,,,,,,,,,,,,,,,,,,,,,,,,,,,,,,,tv_wilder_rsi14_sma5_v1,71.59,65.34,False,True,6.25
6226,6226.T,守谷輸送機工業,2025-01,OUT,9,76.3,80.26,True,False,3.96,2024-05,717.0,1358.5,1358.5,89.47,,,,,,,,,,,,,,,,,,,,,,,,,,,,,2025-02,1182.0,64.85,,,,,,,,,,,,,,,,,,,,,,,,,,,,,,,,,,,tv_wilder_rsi14_sma5_v1,80.26,76.3,False,True,3.96
6232,6232.T,ＡＣＳＬ,2025-01,OUT,1,43.11,43.71,True,True,0.59,2025-01,893.0,893.0,893.0,0.0,,,,,,,,,,,,,,,,,,,,,,,,,,,,,2025-02,903.0,1.12,,,,,,,,,,,,,,,,,,,,,,,,,,,,,,,,,,,tv_wilder_rsi14_sma5_v1,43.71,43.11,True,True,0.59
6239,6239.T,ナガオカ,2025-01,OUT,1,52.75,54.8,False,True,2.05,2025-01,1286.0,1286.0,1286.0,0.0,,,,,,,,,,,,,,,,,,,,,,,,,,,,,2025-02,1208.0,-6.07,,,,,,,,,,,,,,,,,,,,,,,,,,,,,,,,,,,tv_wilder_rsi14_sma5_v1,54.8,52.75,True,False,2.05
6240,6240.T,ヤマシンフィルタ,2025-01,OUT,7,59.71,63.43,True,False,3.72,2024-07,442.0,634.0,634.0,43.44,,,,,,,,,,,,,,,,,,,,,,,,,,,,,2025-02,578.0,30.77,,,,,,,,,,,,,,,,,,,,,,,,,,,,,,,,,,,tv_wilder_rsi14_sma5_v1,63.43,59.71,False,True,3.72
6245,6245.T,ヒラノテクシード,2025-01,OUT,4,44.61,46.39,True,False,1.78,2024-10,1682.0,1800.0,1800.0,7.02,,,,,,,,,,,,,,,,,,,,,,,,,,,,,2025-02,1703.0,1.25,,,,,,,,,,,,,,,,,,,,,,,,,,,,,,,,,,,tv_wilder_rsi14_sma5_v1,46.39,44.61,False,True,1.78
6246,6246.T,テクノスマート,2025-01,OUT,2,53.9,55.36,False,False,1.46,2024-12,1805.0,1775.0,1775.0,-1.66,,,,,,,,,,,,,,,,,,,,,,,,,,,,,2025-02,1664.0,-7.81,,,,,,,,,,,,,,,,,,,,,,,,,,,,,,,,,,,tv_wilder_rsi14_sma5_v1,55.36,53.9,False,False,1.46
6247,6247.T,日阪製作所,2025-01,OUT,2,56.77,58.42,False,False,1.64,2024-12,1063.0,1054.0,1054.0,-0.85,,,,,,,,,,,,,,,,,,,,,,,,,,,,,2025-02,1004.0,-5.55,,,,,,,,,,,,,,,,,,,,,,,,,,,,,,,,,,,tv_wilder_rsi14_sma5_v1,58.42,56.77,False,False,1.64
6249,6249.T,ゲームカードホールディングス,2025-01,OUT,3,48.63,50.52,True,True,1.89,2024-11,2665.0,2492.0,2492.0,-6.49,,,,,,,,,,,,,,,,,,,,,,,,,,,,,2025-02,2394.0,-10.17,,,,,,,,,,,,,,,,,,,,,,,,,,,,,,,,,,,tv_wilder_rsi14_sma5_v1,50.52,48.63,True,True,1.89
6250,6250.T,やまびこ,2025-01,OUT,1,78.22,80.36,True,True,2.14,2025-01,2743.0,2743.0,2743.0,0.0,,,,,,,,,,,,,,,,,,,,,,,,,,,,,2025-02,2481.0,-9.55,,,,,,,,,,,,,,,,,,,,,,,,,,,,,,,,,,,tv_wilder_rsi14_sma5_v1,80.36,78.22,True,True,2.14
6257,6257.T,藤商事,2025-01,OUT,7,55.83,57.82,True,False,1.99,2024-07,1316.0,1380.0,1380.0,4.86,,,,,,,,,,,,,,,,,,,,,,,,,,,,,2025-02,1225.0,-6.91,,,,,,,,,,,,,,,,,,,,,,,,,,,,,,,,,,,tv_wilder_rsi14_sma5_v1,57.82,55.83,False,True,1.99
6258,6258.T,平田機工,2025-01,OUT,2,40.78,43.47,True,False,2.69,2024-12,1823.33,1820.0,1820.0,-0.18,,,,,,,,,,,,,,,,,,,,,,,,,,,,,2025-02,1585.0,-13.07,,,,,,,,,,,,,,,,,,,,,,,,,,,,,,,,,,,tv_wilder_rsi14_sma5_v1,43.47,40.78,False,True,2.69
6265,6265.T,コンバム,2025-01,OUT,2,56.01,56.64,True,True,0.63,2024-12,2042.0,2050.0,2050.0,0.39,,,,,,,,,,,,,,,,,,,,,,,,,,,,,2025-02,1950.0,-4.51,,,,,,,,,,,,,,,,,,,,,,,,,,,,,,,,,,,tv_wilder_rsi14_sma5_v1,56.64,56.01,True,True,0.63
6268,6268.T,ナブテスコ,2025-01,OUT,2,43.42,48.51,True,False,5.09,2024-12,2808.0,2786.0,2786.0,-0.78,,,,,,,,,,,,,,,,,,,,,,,,,,,,,2025-02,2408.0,-14.25,,,,,,,,,,,,,,,,,,,,,,,,,,,,,,,,,,,tv_wilder_rsi14_sma5_v1,48.51,43.42,False,True,5.09
6272,6272.T,レオン自動機,2025-01,OUT,2,50.33,52.39,True,True,2.05,2024-12,1462.0,1473.0,1473.0,0.75,,,,,,,,,,,,,,,,,,,,,,,,,,,,,2025-02,1245.0,-14.84,,,,,,,,,,,,,,,,,,,,,,,,,,,,,,,,,,,tv_wilder_rsi14_sma5_v1,52.39,50.33,True,True,2.05
6277,6277.T,ホソカワミクロン,2025-01,OUT,2,55.16,58.75,False,True,3.59,2024-12,4215.0,4345.0,4345.0,3.08,,,,,,,,,,,,,,,,,,,,,,,,,,,,,2025-02,3945.0,-6.41,,,,,,,,,,,,,,,,,,,,,,,,,,,,,,,,,,,tv_wilder_rsi14_sma5_v1,58.75,55.16,True,False,3.59
6279,6279.T,瑞光,2025-01,OUT,1,53.65,54.78,True,True,1.13,2025-01,1337.0,1337.0,1337.0,0.0,,,,,,,,,,,,,,,,,,,,,,,,,,,,,2025-02,1139.0,-14.81,,,,,,,,,,,,,,,,,,,,,,,,,,,,,,,,,,,tv_wilder_rsi14_sma5_v1,54.78,53.65,True,True,1.13
6282,6282.T,オイレス工業,2025-01,OUT,3,58.83,63.77,True,False,4.95,2024-11,2336.0,2445.0,2445.0,4.67,,,,,,,,,,,,,,,,,,,,,,,,,,,,,2025-02,2257.0,-3.38,,,,,,,,,,,,,,,,,,,,,,,,,,,,,,,,,,,tv_wilder_rsi14_sma5_v1,63.77,58.83,False,True,4.95
6284,6284.T,日精エー・エス・ビー機械,2025-01,OUT,3,55.03,59.71,True,True,4.68,2024-11,5150.0,5430.0,5430.0,5.44,,,,,,,,,,,,,,,,,,,,,,,,,,,,,2025-02,5170.0,0.39,,,,,,,,,,,,,,,,,,,,,,,,,,,,,,,,,,,tv_wilder_rsi14_sma5_v1,59.71,55.03,True,True,4.68
6287,6287.T,サトー,2025-01,OUT,4,51.63,53.05,True,True,1.43,2024-10,2147.0,2209.0,2209.0,2.89,,,,,,,,,,,,,,,,,,,,,,,,,,,,,2025-02,2058.0,-4.15,,,,,,,,,,,,,,,,,,,,,,,,,,,,,,,,,,,tv_wilder_rsi14_sma5_v1,53.05,51.63,True,True,1.43
6306,6306.T,日工,2025-01,OUT,2,51.35,51.7,False,False,0.35,2024-12,729.0,711.0,711.0,-2.47,,,,,,,,,,,,,,,,,,,,,,,,,,,,,2025-02,689.0,-5.49,,,,,,,,,,,,,,,,,,,,,,,,,,,,,,,,,,,tv_wilder_rsi14_sma5_v1,51.7,51.35,False,False,0.35
6315,6315.T,ＴＯＷＡ,2025-01,OUT,1,48.64,51.39,False,True,2.75,2025-01,2071.0,2071.0,2071.0,0.0,,,,,,,,,,,,,,,,,,,,,,,,,,,,,2025-02,1521.0,-26.56,,,,,,,,,,,,,,,,,,,,,,,,,,,,,,,,,,,tv_wilder_rsi14_sma5_v1,51.39,48.64,True,False,2.75
6326,6326.T,クボタ,2025-01,OUT,1,43.37,44.91,False,True,1.54,2025-01,1951.5,1951.5,1951.5,0.0,,,,,,,,,,,,,,,,,,,,,,,,,,,,,2025-02,1850.5,-5.18,,,,,,,,,,,,,,,,,,,,,,,,,,,,,,,,,,,tv_wilder_rsi14_sma5_v1,44.91,43.37,True,False,1.54
6330,6330.T,東洋エンジニアリング,2025-01,OUT,2,48.93,48.96,False,False,0.03,2024-12,728.0,723.0,723.0,-0.69,,,,,,,,,,,,,,,,,,,,,,,,,,,,,2025-02,693.0,-4.81,,,,,,,,,,,,,,,,,,,,,,,,,,,,,,,,,,,tv_wilder_rsi14_sma5_v1,48.96,48.93,False,False,0.03
6361,6361.T,荏原製作所,2025-01,OUT,2,61.61,64.21,True,True,2.6,2024-12,2460.5,2579.5,2579.5,4.84,,,,,,,,,,,,,,,,,,,,,,,,,,,,,2025-02,2474.0,0.55,,,,,,,,,,,,,,,,,,,,,,,,,,,,,,,,,,,tv_wilder_rsi14_sma5_v1,64.21,61.61,True,True,2.6
6380,6380.T,オリエンタルチエン工業,2025-01,OUT,2,68.37,68.6,False,False,0.23,2024-12,1955.0,1951.0,1951.0,-0.2,,,,,,,,,,,,,,,,,,,,,,,,,,,,,2025-02,1720.0,-12.02,,,,,,,,,,,,,,,,,,,,,,,,,,,,,,,,,,,tv_wilder_rsi14_sma5_v1,68.6,68.37,False,False,0.23
6390,6390.T,加藤製作所,2025-01,OUT,3,53.44,54.21,True,False,0.77,2024-11,1307.0,1330.0,1330.0,1.76,,,,,,,,,,,,,,,,,,,,,,,,,,,,,2025-02,1313.0,0.46,,,,,,,,,,,,,,,,,,,,,,,,,,,,,,,,,,,tv_wilder_rsi14_sma5_v1,54.21,53.44,False,True,0.77
6391,6391.T,加地テック,2025-01,OUT,1,43.41,46.87,True,True,3.46,2025-01,3860.0,3860.0,3860.0,0.0,,,,,,,,,,,,,,,,,,,,,,,,,,,,,2025-02,3360.0,-12.95,,,,,,,,,,,,,,,,,,,,,,,,,,,,,,,,,,,tv_wilder_rsi14_sma5_v1,46.87,43.41,True,True,3.46
6395,6395.T,タダノ,2025-01,OUT,3,48.53,53.53,True,True,4.99,2024-11,1132.5,1154.5,1154.5,1.94,,,,,,,,,,,,,,,,,,,,,,,,,,,,,2025-02,1071.0,-5.43,,,,,,,,,,,,,,,,,,,,,,,,,,,,,,,,,,,tv_wilder_rsi14_sma5_v1,53.53,48.53,True,True,4.99
6408,6408.T,小倉クラッチ,2025-01,OUT,4,56.99,58.92,True,False,1.94,2024-10,3200.0,3275.0,3275.0,2.34,,,,,,,,,,,,,,,,,,,,,,,,,,,,,2025-02,3165.0,-1.09,,,,,,,,,,,,,,,,,,,,,,,,,,,,,,,,,,,tv_wilder_rsi14_sma5_v1,58.92,56.99,False,True,1.94
6425,6425.T,ユニバーサルエンターテインメント,2025-01,OUT,1,32.49,33.31,False,True,0.82,2025-01,1140.0,1140.0,1140.0,0.0,,,,,,,,,,,,,,,,,,,,,,,,,,,,,2025-02,1042.0,-8.6,,,,,,,,,,,,,,,,,,,,,,,,,,,,,,,,,,,tv_wilder_rsi14_sma5_v1,33.31,32.49,True,False,0.82
6432,6432.T,竹内製作所,2025-01,OUT,3,56.22,61.97,True,True,5.74,2024-11,4840.0,5460.0,5460.0,12.81,,,,,,,,,,,,,,,,,,,,,,,,,,,,,2025-02,5130.0,5.99,,,,,,,,,,,,,,,,,,,,,,,,,,,,,,,,,,,tv_wilder_rsi14_sma5_v1,61.97,56.22,True,True,5.74
6455,6455.T,モリタホールディングス,2025-01,OUT,2,70.46,71.44,True,True,0.98,2024-12,2180.0,2233.0,2233.0,2.43,,,,,,,,,,,,,,,,,,,,,,,,,,,,,2025-02,2080.0,-4.59,,,,,,,,,,,,,,,,,,,,,,,,,,,,,,,,,,,tv_wilder_rsi14_sma5_v1,71.44,70.46,True,True,0.98
6460,6460.T,セガサミーホールディングス,2025-01,OUT,2,62.09,62.53,True,False,0.44,2024-12,3076.0,3015.0,3015.0,-1.98,,,,,,,,,,,,,,,,,,,,,,,,,,,,,2025-02,2886.0,-6.18,,,,,,,,,,,,,,,,,,,,,,,,,,,,,,,,,,,tv_wilder_rsi14_sma5_v1,62.53,62.09,False,True,0.44
6463,6463.T,ＴＰＲ,2025-01,OUT,2,63.44,63.89,False,False,0.45,2024-12,1228.5,1200.5,1200.5,-2.28,,,,,,,,,,,,,,,,,,,,,,,,,,,,,2025-02,1149.0,-6.47,,,,,,,,,,,,,,,,,,,,,,,,,,,,,,,,,,,tv_wilder_rsi14_sma5_v1,63.89,63.44,False,False,0.45
6470,6470.T,大豊工業,2025-01,OUT,2,40.49,42.29,True,False,1.8,2024-12,658.0,643.0,643.0,-2.28,,,,,,,,,,,,,,,,,,,,,,,,,,,,,2025-02,612.0,-6.99,,,,,,,,,,,,,,,,,,,,,,,,,,,,,,,,,,,tv_wilder_rsi14_sma5_v1,42.29,40.49,False,True,1.8
6472,6472.T,ＮＴＮ,2025-01,OUT,2,42.41,43.11,False,False,0.7,2024-12,254.7,249.5,249.5,-2.04,,,,,,,,,,,,,,,,,,,,,,,,,,,,,2025-02,237.2,-6.87,,,,,,,,,,,,,,,,,,,,,,,,,,,,,,,,,,,tv_wilder_rsi14_sma5_v1,43.11,42.41,False,False,0.7
6482,6482.T,ＹＵＳＨＩＮ,2025-01,OUT,3,44.54,48.12,True,True,3.58,2024-11,677.0,688.0,688.0,1.62,,,,,,,,,,,,,,,,,,,,,,,,,,,,,2025-02,632.0,-6.65,,,,,,,,,,,,,,,,,,,,,,,,,,,,,,,,,,,tv_wilder_rsi14_sma5_v1,48.12,44.54,True,True,3.58
6503,6503.T,三菱電機,2025-01,OUT,3,61.89,62.02,False,False,0.14,2024-11,2547.0,2571.5,2571.5,0.96,,,,,,,,,,,,,,,,,,,,,,,,,,,,,2025-02,2307.0,-9.42,,,,,,,,,,,,,,,,,,,,,,,,,,,,,,,,,,,tv_wilder_rsi14_sma5_v1,62.02,61.89,False,False,0.14
6506,6506.T,安川電機,2025-01,OUT,1,41.19,44.1,True,True,2.91,2025-01,4539.0,4539.0,4539.0,0.0,,,,,,,,,,,,,,,,,,,,,,,,,,,,,2025-02,4033.0,-11.15,,,,,,,,,,,,,,,,,,,,,,,,,,,,,,,,,,,tv_wilder_rsi14_sma5_v1,44.1,41.19,True,True,2.91
6507,6507.T,シンフォニアテクノロジー,2025-01,OUT,6,91.01,93.41,True,True,2.4,2024-08,4375.0,7010.0,7010.0,60.23,,,,,,,,,,,,,,,,,,,,,,,,,,,,,2025-02,5840.0,33.49,,,,,,,,,,,,,,,,,,,,,,,,,,,,,,,,,,,tv_wilder_rsi14_sma5_v1,93.41,91.01,True,True,2.4
6516,6516.T,山洋電気,2025-01,OUT,1,64.44,64.6,False,True,0.16,2025-01,3140.0,3140.0,3140.0,0.0,,,,,,,,,,,,,,,,,,,,,,,,,,,,,2025-02,2903.33,-7.54,,,,,,,,,,,,,,,,,,,,,,,,,,,,,,,,,,,tv_wilder_rsi14_sma5_v1,64.6,64.44,True,False,0.16
6522,6522.T,アスタリスク,2025-01,OUT,3,42.02,42.32,True,False,0.3,2024-11,484.0,487.0,487.0,0.62,,,,,,,,,,,,,,,,,,,,,,,,,,,,,2025-02,436.0,-9.92,,,,,,,,,,,,,,,,,,,,,,,,,,,,,,,,,,,tv_wilder_rsi14_sma5_v1,42.32,42.02,False,True,0.3
6539,6539.T,ＭＳ－Ｊａｐａｎ,2025-01,OUT,4,49.0,51.07,True,False,2.07,2024-10,1046.0,1093.0,1093.0,4.49,,,,,,,,,,,,,,,,,,,,,,,,,,,,,2025-02,1005.0,-3.92,,,,,,,,,,,,,,,,,,,,,,,,,,,,,,,,,,,tv_wilder_rsi14_sma5_v1,51.07,49.0,False,True,2.07
6543,6543.T,日宣,2025-01,OUT,1,58.8,61.63,False,True,2.82,2025-01,708.0,708.0,708.0,0.0,,,,,,,,,,,,,,,,,,,,,,,,,,,,,2025-02,651.0,-8.05,,,,,,,,,,,,,,,,,,,,,,,,,,,,,,,,,,,tv_wilder_rsi14_sma5_v1,61.63,58.8,True,False,2.82
6544,6544.T,ジャパンエレベーターサービスホールディングス,2025-01,OUT,1,61.69,61.83,False,True,0.14,2025-01,1507.5,1507.5,1507.5,0.0,,,,,,,,,,,,,,,,,,,,,,,,,,,,,2025-02,1369.5,-9.15,,,,,,,,,,,,,,,,,,,,,,,,,,,,,,,,,,,tv_wilder_rsi14_sma5_v1,61.83,61.69,True,False,0.14
6560,6560.T,エル・ティー・エス,2025-01,OUT,3,44.11,50.35,True,True,6.24,2024-11,2354.0,2666.0,2666.0,13.25,,,,,,,,,,,,,,,,,,,,,,,,,,,,,2025-02,2023.0,-14.06,,,,,,,,,,,,,,,,,,,,,,,,,,,,,,,,,,,tv_wilder_rsi14_sma5_v1,50.35,44.11,True,True,6.24
6561,6561.T,ＨＡＮＡＴＯＵＲ　ＪＡＰＡＮ,2025-01,OUT,1,40.35,40.5,False,True,0.15,2025-01,1192.0,1192.0,1192.0,0.0,,,,,,,,,,,,,,,,,,,,,,,,,,,,,2025-02,1098.0,-7.89,,,,,,,,,,,,,,,,,,,,,,,,,,,,,,,,,,,tv_wilder_rsi14_sma5_v1,40.5,40.35,True,False,0.15
6570,6570.T,共和コーポレーション,2025-01,OUT,3,63.73,70.83,True,True,7.1,2024-11,898.0,1004.0,1004.0,11.8,,,,,,,,,,,,,,,,,,,,,,,,,,,,,2025-02,933.0,3.9,,,,,,,,,,,,,,,,,,,,,,,,,,,,,,,,,,,tv_wilder_rsi14_sma5_v1,70.83,63.73,True,True,7.1
6617,6617.T,東光高岳,2025-01,OUT,4,49.52,53.53,True,True,4.01,2024-10,1966.0,2106.0,2106.0,7.12,,,,,,,,,,,,,,,,,,,,,,,,,,,,,2025-02,2008.0,2.14,,,,,,,,,,,,,,,,,,,,,,,,,,,,,,,,,,,tv_wilder_rsi14_sma5_v1,53.53,49.52,True,True,4.01
6632,6632.T,ＪＶＣケンウッド,2025-01,OUT,3,80.01,83.02,True,True,3.02,2024-11,1504.5,1800.0,1800.0,19.64,,,,,,,,,,,,,,,,,,,,,,,,,,,,,2025-02,1357.0,-9.8,,,,,,,,,,,,,,,,,,,,,,,,,,,,,,,,,,,tv_wilder_rsi14_sma5_v1,83.02,80.01,True,True,3.02
6637,6637.T,寺崎電気産業,2025-01,OUT,2,58.28,59.35,True,False,1.08,2024-12,2462.0,2408.0,2408.0,-2.19,,,,,,,,,,,,,,,,,,,,,,,,,,,,,2025-02,2380.0,-3.33,,,,,,,,,,,,,,,,,,,,,,,,,,,,,,,,,,,tv_wilder_rsi14_sma5_v1,59.35,58.28,False,True,1.08
6662,6662.T,ユビテック,2025-01,OUT,1,41.48,42.29,True,True,0.81,2025-01,224.0,224.0,224.0,0.0,,,,,,,,,,,,,,,,,,,,,,,,,,,,,2025-02,220.0,-1.79,,,,,,,,,,,,,,,,,,,,,,,,,,,,,,,,,,,tv_wilder_rsi14_sma5_v1,42.29,41.48,True,True,0.81
6701,6701.T,日本電気,2025-01,OUT,1,77.69,80.4,False,True,2.71,2025-01,3105.0,3105.0,3105.0,0.0,,,,,,,,,,,,,,,,,,,,,,,,,,,,,2025-02,2893.0,-6.83,,,,,,,,,,,,,,,,,,,,,,,,,,,,,,,,,,,tv_wilder_rsi14_sma5_v1,80.4,77.69,True,False,2.71
6702,6702.T,富士通,2025-01,OUT,1,70.51,70.6,True,True,0.1,2025-01,3018.0,3018.0,3018.0,0.0,,,,,,,,,,,,,,,,,,,,,,,,,,,,,2025-02,2879.0,-4.61,,,,,,,,,,,,,,,,,,,,,,,,,,,,,,,,,,,tv_wilder_rsi14_sma5_v1,70.6,70.51,True,True,0.1
6707,6707.T,サンケン電気,2025-01,OUT,1,44.56,45.53,False,True,0.97,2025-01,6146.0,6146.0,6146.0,0.0,,,,,,,,,,,,,,,,,,,,,,,,,,,,,2025-02,5813.0,-5.42,,,,,,,,,,,,,,,,,,,,,,,,,,,,,,,,,,,tv_wilder_rsi14_sma5_v1,45.53,44.56,True,False,0.97
6737,6737.T,ＥＩＺＯ,2025-01,OUT,1,45.56,46.49,False,True,0.94,2025-01,2208.0,2208.0,2208.0,0.0,,,,,,,,,,,,,,,,,,,,,,,,,,,,,2025-02,2158.0,-2.26,,,,,,,,,,,,,,,,,,,,,,,,,,,,,,,,,,,tv_wilder_rsi14_sma5_v1,46.49,45.56,True,False,0.94
6745,6745.T,ホーチキ,2025-01,OUT,3,66.24,66.87,False,False,0.62,2024-11,793.0,824.0,824.0,3.91,,,,,,,,,,,,,,,,,,,,,,,,,,,,,2025-02,830.33,4.71,,,,,,,,,,,,,,,,,,,,,,,,,,,,,,,,,,,tv_wilder_rsi14_sma5_v1,66.87,66.24,False,False,0.62
6778,6778.T,アルチザネットワークス,2025-01,OUT,1,31.17,31.17,False,True,0.01,2025-01,541.0,541.0,541.0,0.0,,,,,,,,,,,,,,,,,,,,,,,,,,,,,2025-02,539.0,-0.37,,,,,,,,,,,,,,,,,,,,,,,,,,,,,,,,,,,tv_wilder_rsi14_sma5_v1,31.17,31.17,True,False,0.01
6787,6787.T,メイコー,2025-01,OUT,3,71.12,75.19,True,False,4.07,2024-11,9130.0,9100.0,9100.0,-0.33,,,,,,,,,,,,,,,,,,,,,,,,,,,,,2025-02,7120.0,-22.02,,,,,,,,,,,,,,,,,,,,,,,,,,,,,,,,,,,tv_wilder_rsi14_sma5_v1,75.19,71.12,False,True,4.07
6800,6800.T,ヨコオ,2025-01,OUT,2,44.84,45.92,True,False,1.08,2024-12,1786.0,1641.0,1641.0,-8.12,,,,,,,,,,,,,,,,,,,,,,,,,,,,,2025-02,1441.0,-19.32,,,,,,,,,,,,,,,,,,,,,,,,,,,,,,,,,,,tv_wilder_rsi14_sma5_v1,45.92,44.84,False,True,1.08
6806,6806.T,ヒロセ電機,2025-01,OUT,2,54.65,55.58,False,False,0.93,2024-12,18740.0,18630.0,18630.0,-0.59,,,,,,,,,,,,,,,,,,,,,,,,,,,,,2025-02,17410.0,-7.1,,,,,,,,,,,,,,,,,,,,,,,,,,,,,,,,,,,tv_wilder_rsi14_sma5_v1,55.58,54.65,False,False,0.93
6807,6807.T,日本航空電子工業,2025-01,OUT,2,55.17,55.31,True,False,0.14,2024-12,2979.0,2825.0,2825.0,-5.17,,,,,,,,,,,,,,,,,,,,,,,,,,,,,2025-02,2663.0,-10.61,,,,,,,,,,,,,,,,,,,,,,,,,,,,,,,,,,,tv_wilder_rsi14_sma5_v1,55.31,55.17,False,True,0.14
6810,6810.T,マクセル,2025-01,OUT,1,62.57,65.91,True,True,3.34,2025-01,2003.0,2003.0,2003.0,0.0,,,,,,,,,,,,,,,,,,,,,,,,,,,,,2025-02,1876.0,-6.34,,,,,,,,,,,,,,,,,,,,,,,,,,,,,,,,,,,tv_wilder_rsi14_sma5_v1,65.91,62.57,True,True,3.34
6814,6814.T,古野電気,2025-01,OUT,4,64.93,68.88,True,False,3.94,2024-10,2500.0,2653.0,2653.0,6.12,,,,,,,,,,,,,,,,,,,,,,,,,,,,,2025-02,2234.0,-10.64,,,,,,,,,,,,,,,,,,,,,,,,,,,,,,,,,,,tv_wilder_rsi14_sma5_v1,68.88,64.93,False,True,3.94
6823,6823.T,リオン,2025-01,OUT,4,51.74,57.42,True,True,5.68,2024-10,2491.0,2795.0,2795.0,12.2,,,,,,,,,,,,,,,,,,,,,,,,,,,,,2025-02,2439.0,-2.09,,,,,,,,,,,,,,,,,,,,,,,,,,,,,,,,,,,tv_wilder_rsi14_sma5_v1,57.42,51.74,True,True,5.68
6824,6824.T,新コスモス電機,2025-01,OUT,7,60.28,66.72,True,True,6.45,2024-07,2463.0,2824.0,2824.0,14.66,,,,,,,,,,,,,,,,,,,,,,,,,,,,,2025-02,2620.0,6.37,,,,,,,,,,,,,,,,,,,,,,,,,,,,,,,,,,,tv_wilder_rsi14_sma5_v1,66.72,60.28,True,True,6.45
6849,6849.T,日本光電工業,2025-01,OUT,2,55.71,56.3,True,True,0.59,2024-12,2156.0,2220.0,2220.0,2.97,,,,,,,,,,,,,,,,,,,,,,,,,,,,,2025-02,2167.0,0.51,,,,,,,,,,,,,,,,,,,,,,,,,,,,,,,,,,,tv_wilder_rsi14_sma5_v1,56.3,55.71,True,True,0.59
6850,6850.T,チノー,2025-01,OUT,2,50.55,50.92,False,False,0.37,2024-12,1136.0,1110.0,1110.0,-2.29,,,,,,,,,,,,,,,,,,,,,,,,,,,,,2025-02,996.5,-12.28,,,,,,,,,,,,,,,,,,,,,,,,,,,,,,,,,,,tv_wilder_rsi14_sma5_v1,50.92,50.55,False,False,0.37
6858,6858.T,小野測器,2025-01,OUT,1,53.08,54.4,False,True,1.32,2025-01,579.0,579.0,579.0,0.0,,,,,,,,,,,,,,,,,,,,,,,,,,,,,2025-02,546.0,-5.7,,,,,,,,,,,,,,,,,,,,,,,,,,,,,,,,,,,tv_wilder_rsi14_sma5_v1,54.4,53.08,True,False,1.32
6861,6861.T,キーエンス,2025-01,OUT,1,54.08,54.17,False,True,0.09,2025-01,67250.0,67250.0,67250.0,0.0,,,,,,,,,,,,,,,,,,,,,,,,,,,,,2025-02,59410.0,-11.66,,,,,,,,,,,,,,,,,,,,,,,,,,,,,,,,,,,tv_wilder_rsi14_sma5_v1,54.17,54.08,True,False,0.09
6867,6867.T,リーダー電子,2025-01,OUT,1,39.75,41.84,False,True,2.08,2025-01,470.0,470.0,470.0,0.0,,,,,,,,,,,,,,,,,,,,,,,,,,,,,2025-02,440.0,-6.38,,,,,,,,,,,,,,,,,,,,,,,,,,,,,,,,,,,tv_wilder_rsi14_sma5_v1,41.84,39.75,True,False,2.08
6869,6869.T,シスメックス,2025-01,OUT,1,52.44,52.74,True,True,0.29,2025-01,2981.0,2981.0,2981.0,0.0,,,,,,,,,,,,,,,,,,,,,,,,,,,,,2025-02,2707.0,-9.19,,,,,,,,,,,,,,,,,,,,,,,,,,,,,,,,,,,tv_wilder_rsi14_sma5_v1,52.74,52.44,True,True,0.29
6890,6890.T,フェローテック,2025-01,OUT,4,46.18,47.68,True,True,1.5,2024-10,2594.0,2587.0,2587.0,-0.27,,,,,,,,,,,,,,,,,,,,,,,,,,,,,2025-02,2335.0,-9.98,,,,,,,,,,,,,,,,,,,,,,,,,,,,,,,,,,,tv_wilder_rsi14_sma5_v1,47.68,46.18,True,True,1.5
6898,6898.T,トミタ電機,2025-01,OUT,5,52.98,56.02,True,False,3.04,2024-09,1661.0,2227.0,2227.0,34.08,,,,,,,,,,,,,,,,,,,,,,,,,,,,,2025-02,2180.0,31.25,,,,,,,,,,,,,,,,,,,,,,,,,,,,,,,,,,,tv_wilder_rsi14_sma5_v1,56.02,52.98,False,True,3.04
6923,6923.T,スタンレー電気,2025-01,OUT,1,46.69,46.72,False,False,0.03,2025-01,2594.5,2594.5,2594.5,0.0,,,,,,,,,,,,,,,,,,,,,,,,,,,,,2025-02,2422.5,-6.63,,,,,,,,,,,,,,,,,,,,,,,,,,,,,,,,,,,tv_wilder_rsi14_sma5_v1,46.72,46.69,False,False,0.03
6951,6951.T,日本電子,2025-01,OUT,1,49.19,50.49,False,True,1.31,2025-01,5769.0,5769.0,5769.0,0.0,,,,,,,,,,,,,,,,,,,,,,,,,,,,,2025-02,4899.0,-15.08,,,,,,,,,,,,,,,,,,,,,,,,,,,,,,,,,,,tv_wilder_rsi14_sma5_v1,50.49,49.19,True,False,1.31
6955,6955.T,ＦＤＫ,2025-01,OUT,1,35.97,42.87,True,True,6.9,2025-01,646.0,646.0,646.0,0.0,,,,,,,,,,,,,,,,,,,,,,,,,,,,,2025-02,426.0,-34.06,,,,,,,,,,,,,,,,,,,,,,,,,,,,,,,,,,,tv_wilder_rsi14_sma5_v1,42.87,35.97,True,True,6.9
6965,6965.T,浜松ホトニクス,2025-01,OUT,1,32.97,36.0,True,True,3.03,2025-01,1921.5,1921.5,1921.5,0.0,,,,,,,,,,,,,,,,,,,,,,,,,,,,,2025-02,1558.0,-18.92,,,,,,,,,,,,,,,,,,,,,,,,,,,,,,,,,,,tv_wilder_rsi14_sma5_v1,36.0,32.97,True,True,3.03
6977,6977.T,日本抵抗器製作所,2025-01,OUT,2,33.93,34.45,False,False,0.53,2024-12,815.0,807.0,807.0,-0.98,,,,,,,,,,,,,,,,,,,,,,,,,,,,,2025-02,791.0,-2.94,,,,,,,,,,,,,,,,,,,,,,,,,,,,,,,,,,,tv_wilder_rsi14_sma5_v1,34.45,33.93,False,False,0.53
7003,7003.T,三井Ｅ＆Ｓ,2025-01,OUT,3,61.49,61.87,False,False,0.38,2024-11,1528.0,1588.0,1588.0,3.93,,,,,,,,,,,,,,,,,,,,,,,,,,,,,2025-02,1583.0,3.6,,,,,,,,,,,,,,,,,,,,,,,,,,,,,,,,,,,tv_wilder_rsi14_sma5_v1,61.87,61.49,False,False,0.38
7004,7004.T,カナデビア,2025-01,OUT,1,52.45,55.26,True,True,2.82,2025-01,1072.0,1072.0,1072.0,0.0,,,,,,,,,,,,,,,,,,,,,,,,,,,,,2025-02,909.0,-15.21,,,,,,,,,,,,,,,,,,,,,,,,,,,,,,,,,,,tv_wilder_rsi14_sma5_v1,55.26,52.45,True,True,2.82
7011,7011.T,三菱重工業,2025-01,OUT,8,92.05,92.66,True,True,0.61,2024-06,1723.0,2296.0,2296.0,33.26,,,,,,,,,,,,,,,,,,,,,,,,,,,,,2025-02,1987.0,15.32,,,,,,,,,,,,,,,,,,,,,,,,,,,,,,,,,,,tv_wilder_rsi14_sma5_v1,92.66,92.05,True,True,0.61
7013,7013.T,ＩＨＩ,2025-01,OUT,2,80.16,81.07,True,True,0.92,2024-12,1330.14,1339.29,1339.29,0.69,,,,,,,,,,,,,,,,,,,,,,,,,,,,,2025-02,1247.29,-6.23,,,,,,,,,,,,,,,,,,,,,,,,,,,,,,,,,,,tv_wilder_rsi14_sma5_v1,81.07,80.16,True,True,0.92
7042,7042.T,アクセスグループ・ホールディングス,2025-01,OUT,3,50.4,53.5,True,True,3.11,2024-11,455.0,477.0,477.0,4.84,,,,,,,,,,,,,,,,,,,,,,,,,,,,,2025-02,461.0,1.32,,,,,,,,,,,,,,,,,,,,,,,,,,,,,,,,,,,tv_wilder_rsi14_sma5_v1,53.5,50.4,True,True,3.11
7047,7047.T,ポート,2025-01,OUT,1,50.88,51.23,False,True,0.36,2025-01,1930.0,1930.0,1930.0,0.0,,,,,,,,,,,,,,,,,,,,,,,,,,,,,2025-02,1874.0,-2.9,,,,,,,,,,,,,,,,,,,,,,,,,,,,,,,,,,,tv_wilder_rsi14_sma5_v1,51.23,50.88,True,False,0.36
7057,7057.T,エヌ・シー・エヌ,2025-01,OUT,4,55.58,71.0,True,True,15.42,2024-10,921.0,1360.0,1360.0,47.67,,,,,,,,,,,,,,,,,,,,,,,,,,,,,2025-02,1212.0,31.6,,,,,,,,,,,,,,,,,,,,,,,,,,,,,,,,,,,tv_wilder_rsi14_sma5_v1,71.0,55.58,True,True,15.42
7059,7059.T,コプロ・ホールディングス,2025-01,OUT,1,60.13,60.28,False,True,0.16,2025-01,832.0,832.0,832.0,0.0,,,,,,,,,,,,,,,,,,,,,,,,,,,,,2025-02,809.0,-2.76,,,,,,,,,,,,,,,,,,,,,,,,,,,,,,,,,,,tv_wilder_rsi14_sma5_v1,60.28,60.13,True,False,0.16
7069,7069.T,サイバー・バズ,2025-01,OUT,1,41.15,41.24,False,True,0.09,2025-01,420.0,420.0,420.0,0.0,,,,,,,,,,,,,,,,,,,,,,,,,,,,,2025-02,391.5,-6.79,,,,,,,,,,,,,,,,,,,,,,,,,,,,,,,,,,,tv_wilder_rsi14_sma5_v1,41.24,41.15,True,False,0.09
7096,7096.T,ステムセル研究所,2025-01,OUT,1,39.39,40.81,True,True,1.42,2025-01,1520.0,1520.0,1520.0,0.0,,,,,,,,,,,,,,,,,,,,,,,,,,,,,2025-02,1215.0,-20.07,,,,,,,,,,,,,,,,,,,,,,,,,,,,,,,,,,,tv_wilder_rsi14_sma5_v1,40.81,39.39,True,True,1.42
7102,7102.T,日本車輌製造,2025-01,OUT,3,49.98,50.86,True,False,0.88,2024-11,2215.0,2230.0,2230.0,0.68,,,,,,,,,,,,,,,,,,,,,,,,,,,,,2025-02,2046.0,-7.63,,,,,,,,,,,,,,,,,,,,,,,,,,,,,,,,,,,tv_wilder_rsi14_sma5_v1,50.86,49.98,False,True,0.88
7114,7114.T,フーディソン,2025-01,OUT,1,29.71,31.52,False,True,1.81,2025-01,1120.0,1120.0,1120.0,0.0,,,,,,,,,,,,,,,,,,,,,,,,,,,,,2025-02,957.0,-14.55,,,,,,,,,,,,,,,,,,,,,,,,,,,,,,,,,,,tv_wilder_rsi14_sma5_v1,31.52,29.71,True,False,1.81
7128,7128.T,ユニソルホールディングス,2025-01,OUT,3,49.46,49.64,True,False,0.18,2024-11,2293.0,2355.0,2355.0,2.7,,,,,,,,,,,,,,,,,,,,,,,,,,,,,2025-02,2281.0,-0.52,,,,,,,,,,,,,,,,,,,,,,,,,,,,,,,,,,,tv_wilder_rsi14_sma5_v1,49.64,49.46,False,True,0.18
7167,7167.T,めぶきフィナンシャルグループ,2025-01,OUT,3,72.6,75.3,True,True,2.69,2024-11,664.5,688.8,688.8,3.66,,,,,,,,,,,,,,,,,,,,,,,,,,,,,2025-02,632.8,-4.77,,,,,,,,,,,,,,,,,,,,,,,,,,,,,,,,,,,tv_wilder_rsi14_sma5_v1,75.3,72.6,True,True,2.69
7180,7180.T,九州フィナンシャルグループ,2025-01,OUT,2,48.57,52.94,True,True,4.37,2024-12,726.8,790.1,790.1,8.71,,,,,,,,,,,,,,,,,,,,,,,,,,,,,2025-02,710.2,-2.28,,,,,,,,,,,,,,,,,,,,,,,,,,,,,,,,,,,tv_wilder_rsi14_sma5_v1,52.94,48.57,True,True,4.37
7181,7181.T,かんぽ生命保険,2025-01,OUT,3,55.46,58.68,True,True,3.22,2024-11,1046.33,1010.67,1010.67,-3.41,,,,,,,,,,,,,,,,,,,,,,,,,,,,,2025-02,970.33,-7.26,,,,,,,,,,,,,,,,,,,,,,,,,,,,,,,,,,,tv_wilder_rsi14_sma5_v1,58.68,55.46,True,True,3.22
7182,7182.T,ゆうちょ銀行,2025-01,OUT,2,56.82,65.16,True,True,8.34,2024-12,1494.5,1610.5,1610.5,7.76,,,,,,,,,,,,,,,,,,,,,,,,,,,,,2025-02,1507.5,0.87,,,,,,,,,,,,,,,,,,,,,,,,,,,,,,,,,,,tv_wilder_rsi14_sma5_v1,65.16,56.82,True,True,8.34
7185,7185.T,ヒロセ通商,2025-01,OUT,2,65.69,68.19,False,False,2.49,2024-12,3990.0,3985.0,3985.0,-0.13,,,,,,,,,,,,,,,,,,,,,,,,,,,,,2025-02,3920.0,-1.75,,,,,,,,,,,,,,,,,,,,,,,,,,,,,,,,,,,tv_wilder_rsi14_sma5_v1,68.19,65.69,False,False,2.49
7186,7186.T,横浜フィナンシャルグループ,2025-01,OUT,3,61.63,64.62,True,True,3.0,2024-11,897.7,906.1,906.1,0.94,,,,,,,,,,,,,,,,,,,,,,,,,,,,,2025-02,873.0,-2.75,,,,,,,,,,,,,,,,,,,,,,,,,,,,,,,,,,,tv_wilder_rsi14_sma5_v1,64.62,61.63,True,True,3.0
7189,7189.T,西日本フィナンシャルホールディングス,2025-01,OUT,3,60.91,67.23,True,True,6.33,2024-11,1991.0,2140.0,2140.0,7.48,,,,,,,,,,,,,,,,,,,,,,,,,,,,,2025-02,1968.0,-1.16,,,,,,,,,,,,,,,,,,,,,,,,,,,,,,,,,,,tv_wilder_rsi14_sma5_v1,67.23,60.91,True,True,6.33
7191,7191.T,イントラスト,2025-01,OUT,3,48.27,49.31,True,False,1.05,2024-11,772.0,791.0,791.0,2.46,,,,,,,,,,,,,,,,,,,,,,,,,,,,,2025-02,780.0,1.04,,,,,,,,,,,,,,,,,,,,,,,,,,,,,,,,,,,tv_wilder_rsi14_sma5_v1,49.31,48.27,False,True,1.05
7199,7199.T,プレミアグループ,2025-01,OUT,4,70.48,73.17,True,True,2.7,2024-10,2395.0,2634.0,2634.0,9.98,,,,,,,,,,,,,,,,,,,,,,,,,,,,,2025-02,2182.0,-8.89,,,,,,,,,,,,,,,,,,,,,,,,,,,,,,,,,,,tv_wilder_rsi14_sma5_v1,73.17,70.48,True,True,2.7
7202,7202.T,いすゞ自動車,2025-01,OUT,2,55.92,57.1,False,False,1.18,2024-12,2158.5,2092.5,2092.5,-3.06,,,,,,,,,,,,,,,,,,,,,,,,,,,,,2025-02,1972.5,-8.62,,,,,,,,,,,,,,,,,,,,,,,,,,,,,,,,,,,tv_wilder_rsi14_sma5_v1,57.1,55.92,False,False,1.18
7203,7203.T,トヨタ自動車,2025-01,OUT,2,51.92,54.99,True,False,3.07,2024-12,3146.0,2973.5,2973.5,-5.48,,,,,,,,,,,,,,,,,,,,,,,,,,,,,2025-02,2689.0,-14.53,,,,,,,,,,,,,,,,,,,,,,,,,,,,,,,,,,,tv_wilder_rsi14_sma5_v1,54.99,51.92,False,True,3.07
7208,7208.T,カネミツ,2025-01,OUT,2,50.16,52.03,False,True,1.87,2024-12,845.0,846.0,846.0,0.12,,,,,,,,,,,,,,,,,,,,,,,,,,,,,2025-02,829.0,-1.89,,,,,,,,,,,,,,,,,,,,,,,,,,,,,,,,,,,tv_wilder_rsi14_sma5_v1,52.03,50.16,True,False,1.87
7211,7211.T,三菱自動車工業,2025-01,OUT,2,48.18,49.95,True,False,1.76,2024-12,532.6,461.5,461.5,-13.35,,,,,,,,,,,,,,,,,,,,,,,,,,,,,2025-02,416.8,-21.74,,,,,,,,,,,,,,,,,,,,,,,,,,,,,,,,,,,tv_wilder_rsi14_sma5_v1,49.95,48.18,False,True,1.76
7228,7228.T,デイトナ,2025-01,OUT,5,58.18,58.76,True,False,0.59,2024-09,3455.0,3590.0,3590.0,3.91,,,,,,,,,,,,,,,,,,,,,,,,,,,,,2025-02,3490.0,1.01,,,,,,,,,,,,,,,,,,,,,,,,,,,,,,,,,,,tv_wilder_rsi14_sma5_v1,58.76,58.18,False,True,0.59
7239,7239.T,タチエス,2025-01,OUT,1,55.03,58.15,False,True,3.12,2025-01,1851.0,1851.0,1851.0,0.0,,,,,,,,,,,,,,,,,,,,,,,,,,,,,2025-02,1762.0,-4.81,,,,,,,,,,,,,,,,,,,,,,,,,,,,,,,,,,,tv_wilder_rsi14_sma5_v1,58.15,55.03,True,False,3.12
7261,7261.T,マツダ,2025-01,OUT,2,40.56,41.75,False,False,1.19,2024-12,1083.5,1065.5,1065.5,-1.66,,,,,,,,,,,,,,,,,,,,,,,,,,,,,2025-02,1008.0,-6.97,,,,,,,,,,,,,,,,,,,,,,,,,,,,,,,,,,,tv_wilder_rsi14_sma5_v1,41.75,40.56,False,False,1.19
7264,7264.T,ムロコーポレーション,2025-01,OUT,1,44.28,44.38,False,True,0.1,2025-01,1205.0,1205.0,1205.0,0.0,,,,,,,,,,,,,,,,,,,,,,,,,,,,,2025-02,1191.0,-1.16,,,,,,,,,,,,,,,,,,,,,,,,,,,,,,,,,,,tv_wilder_rsi14_sma5_v1,44.38,44.28,True,False,0.1
7267,7267.T,本田技研工業,2025-01,OUT,2,49.81,50.0,False,False,0.19,2024-12,1535.0,1478.5,1478.5,-3.68,,,,,,,,,,,,,,,,,,,,,,,,,,,,,2025-02,1393.0,-9.25,,,,,,,,,,,,,,,,,,,,,,,,,,,,,,,,,,,tv_wilder_rsi14_sma5_v1,50.0,49.81,False,False,0.19
7276,7276.T,小糸製作所,2025-01,OUT,2,40.41,42.88,False,True,2.47,2024-12,2008.0,2045.5,2045.5,1.87,,,,,,,,,,,,,,,,,,,,,,,,,,,,,2025-02,1896.5,-5.55,,,,,,,,,,,,,,,,,,,,,,,,,,,,,,,,,,,tv_wilder_rsi14_sma5_v1,42.88,40.41,True,False,2.47
7282,7282.T,豊田合成,2025-01,OUT,2,48.26,52.21,True,True,3.95,2024-12,2781.5,2782.0,2782.0,0.02,,,,,,,,,,,,,,,,,,,,,,,,,,,,,2025-02,2640.5,-5.07,,,,,,,,,,,,,,,,,,,,,,,,,,,,,,,,,,,tv_wilder_rsi14_sma5_v1,52.21,48.26,True,True,3.95
7305,7305.T,新家工業,2025-01,OUT,2,69.21,71.35,False,False,2.14,2024-12,2570.0,2565.0,2565.0,-0.19,,,,,,,,,,,,,,,,,,,,,,,,,,,,,2025-02,2395.0,-6.81,,,,,,,,,,,,,,,,,,,,,,,,,,,,,,,,,,,tv_wilder_rsi14_sma5_v1,71.35,69.21,False,False,2.14
7313,7313.T,テイ・エス　テック,2025-01,OUT,2,48.93,50.09,False,False,1.16,2024-12,1797.0,1762.0,1762.0,-1.95,,,,,,,,,,,,,,,,,,,,,,,,,,,,,2025-02,1720.0,-4.28,,,,,,,,,,,,,,,,,,,,,,,,,,,,,,,,,,,tv_wilder_rsi14_sma5_v1,50.09,48.93,False,False,1.16
7320,7320.T,Ｓｏｌｖｖｙ,2025-01,OUT,3,57.6,58.32,True,True,0.73,2024-11,1785.0,1645.0,1645.0,-7.84,,,,,,,,,,,,,,,,,,,,,,,,,,,,,2025-02,1370.5,-23.22,,,,,,,,,,,,,,,,,,,,,,,,,,,,,,,,,,,tv_wilder_rsi14_sma5_v1,58.32,57.6,True,True,0.73
7325,7325.T,アイリックコーポレーション,2025-01,OUT,1,40.59,40.82,False,True,0.22,2025-01,666.0,666.0,666.0,0.0,,,,,,,,,,,,,,,,,,,,,,,,,,,,,2025-02,649.0,-2.55,,,,,,,,,,,,,,,,,,,,,,,,,,,,,,,,,,,tv_wilder_rsi14_sma5_v1,40.82,40.59,True,False,0.22
7327,7327.T,第四北越フィナンシャルグループ,2025-01,OUT,2,65.95,71.18,True,True,5.23,2024-12,963.33,1005.0,1005.0,4.33,,,,,,,,,,,,,,,,,,,,,,,,,,,,,2025-02,909.33,-5.61,,,,,,,,,,,,,,,,,,,,,,,,,,,,,,,,,,,tv_wilder_rsi14_sma5_v1,71.18,65.95,True,True,5.23
7337,7337.T,ひろぎんホールディングス,2025-01,OUT,2,66.83,71.7,True,True,4.86,2024-12,1163.5,1239.5,1239.5,6.53,,,,,,,,,,,,,,,,,,,,,,,,,,,,,2025-02,1176.5,1.12,,,,,,,,,,,,,,,,,,,,,,,,,,,,,,,,,,,tv_wilder_rsi14_sma5_v1,71.7,66.83,True,True,4.86
7343,7343.T,ブロードマインド,2025-01,OUT,1,52.95,56.5,True,True,3.55,2025-01,1566.0,1566.0,1566.0,0.0,,,,,,,,,,,,,,,,,,,,,,,,,,,,,2025-02,1360.0,-13.15,,,,,,,,,,,,,,,,,,,,,,,,,,,,,,,,,,,tv_wilder_rsi14_sma5_v1,56.5,52.95,True,True,3.55
7367,7367.T,セルム,2025-01,OUT,2,48.27,49.55,False,False,1.28,2024-12,374.0,372.0,372.0,-0.53,,,,,,,,,,,,,,,,,,,,,,,,,,,,,2025-02,356.0,-4.81,,,,,,,,,,,,,,,,,,,,,,,,,,,,,,,,,,,tv_wilder_rsi14_sma5_v1,49.55,48.27,False,False,1.28
7378,7378.T,アシロ,2025-01,OUT,10,70.97,81.08,True,True,10.1,2024-04,735.0,1705.0,1705.0,131.97,,,,,,,,,,,,,,,,,,,,,,,,,,,,,2025-02,1494.0,103.27,,,,,,,,,,,,,,,,,,,,,,,,,,,,,,,,,,,tv_wilder_rsi14_sma5_v1,81.08,70.97,True,True,10.1
7383,7383.T,ネットプロテクションズホールディングス,2025-01,OUT,8,43.03,47.0,True,False,3.97,2024-06,194.0,488.0,488.0,151.55,,,,,,,,,,,,,,,,,,,,,,,,,,,,,2025-02,427.0,120.1,,,,,,,,,,,,,,,,,,,,,,,,,,,,,,,,,,,tv_wilder_rsi14_sma5_v1,47.0,43.03,False,True,3.97
7414,7414.T,小野建,2025-01,OUT,2,43.92,48.01,True,True,4.09,2024-12,1505.0,1554.0,1554.0,3.26,,,,,,,,,,,,,,,,,,,,,,,,,,,,,2025-02,1462.0,-2.86,,,,,,,,,,,,,,,,,,,,,,,,,,,,,,,,,,,tv_wilder_rsi14_sma5_v1,48.01,43.92,True,True,4.09
7438,7438.T,コンドーテック,2025-01,OUT,3,58.06,59.83,False,False,1.77,2024-11,1370.0,1346.0,1346.0,-1.75,,,,,,,,,,,,,,,,,,,,,,,,,,,,,2025-02,1327.0,-3.14,,,,,,,,,,,,,,,,,,,,,,,,,,,,,,,,,,,tv_wilder_rsi14_sma5_v1,59.83,58.06,False,False,1.77
7461,7461.T,キムラ,2025-01,OUT,1,44.11,50.04,True,True,5.93,2025-01,535.0,535.0,535.0,0.0,,,,,,,,,,,,,,,,,,,,,,,,,,,,,2025-02,478.0,-10.65,,,,,,,,,,,,,,,,,,,,,,,,,,,,,,,,,,,tv_wilder_rsi14_sma5_v1,50.04,44.11,True,True,5.93
7463,7463.T,アドヴァングループ,2025-01,OUT,4,47.24,52.23,True,True,4.99,2024-10,943.0,1010.0,1010.0,7.1,,,,,,,,,,,,,,,,,,,,,,,,,,,,,2025-02,902.0,-4.35,,,,,,,,,,,,,,,,,,,,,,,,,,,,,,,,,,,tv_wilder_rsi14_sma5_v1,52.23,47.24,True,True,4.99
7466,7466.T,ＳＰＫ,2025-01,OUT,2,56.57,57.98,False,False,1.41,2024-12,1075.0,1054.5,1054.5,-1.91,,,,,,,,,,,,,,,,,,,,,,,,,,,,,2025-02,1041.0,-3.16,,,,,,,,,,,,,,,,,,,,,,,,,,,,,,,,,,,tv_wilder_rsi14_sma5_v1,57.98,56.57,False,False,1.41
7472,7472.T,鳥羽洋行,2025-01,OUT,2,56.95,60.01,True,True,3.06,2024-12,3500.0,3580.0,3580.0,2.29,,,,,,,,,,,,,,,,,,,,,,,,,,,,,2025-02,3475.0,-0.71,,,,,,,,,,,,,,,,,,,,,,,,,,,,,,,,,,,tv_wilder_rsi14_sma5_v1,60.01,56.95,True,True,3.06
7512,7512.T,イオン北海道,2025-01,OUT,1,45.09,45.98,False,True,0.89,2025-01,895.0,895.0,895.0,0.0,,,,,,,,,,,,,,,,,,,,,,,,,,,,,2025-02,835.0,-6.7,,,,,,,,,,,,,,,,,,,,,,,,,,,,,,,,,,,tv_wilder_rsi14_sma5_v1,45.98,45.09,True,False,0.89
7515,7515.T,マルヨシセンター,2025-01,OUT,7,64.07,67.71,True,False,3.64,2024-07,3825.0,4290.0,4290.0,12.16,,,,,,,,,,,,,,,,,,,,,,,,,,,,,2025-02,3905.0,2.09,,,,,,,,,,,,,,,,,,,,,,,,,,,,,,,,,,,tv_wilder_rsi14_sma5_v1,67.71,64.07,False,True,3.64
7532,7532.T,パン・パシフィック・インターナショナルホールディングス,2025-01,OUT,2,64.46,68.81,True,True,4.36,2024-12,863.2,866.4,866.4,0.37,,,,,,,,,,,,,,,,,,,,,,,,,,,,,2025-02,795.6,-7.83,,,,,,,,,,,,,,,,,,,,,,,,,,,,,,,,,,,tv_wilder_rsi14_sma5_v1,68.81,64.46,True,True,4.36
7537,7537.T,丸文,2025-01,OUT,2,46.18,47.98,True,True,1.8,2024-12,1104.0,1112.0,1112.0,0.72,,,,,,,,,,,,,,,,,,,,,,,,,,,,,2025-02,1005.0,-8.97,,,,,,,,,,,,,,,,,,,,,,,,,,,,,,,,,,,tv_wilder_rsi14_sma5_v1,47.98,46.18,True,True,1.8
7564,7564.T,ワークマン,2025-01,OUT,2,45.47,46.97,False,False,1.5,2024-12,4455.0,4355.0,4355.0,-2.24,,,,,,,,,,,,,,,,,,,,,,,,,,,,,2025-02,4025.0,-9.65,,,,,,,,,,,,,,,,,,,,,,,,,,,,,,,,,,,tv_wilder_rsi14_sma5_v1,46.97,45.47,False,False,1.5
7570,7570.T,橋本総業ホールディングス,2025-01,OUT,2,50.67,51.02,False,False,0.34,2024-12,1319.0,1236.0,1236.0,-6.29,,,,,,,,,,,,,,,,,,,,,,,,,,,,,2025-02,1193.0,-9.55,,,,,,,,,,,,,,,,,,,,,,,,,,,,,,,,,,,tv_wilder_rsi14_sma5_v1,51.02,50.67,False,False,0.34
7596,7596.T,魚力,2025-01,OUT,2,57.75,59.94,False,True,2.19,2024-12,2468.0,2480.0,2480.0,0.49,,,,,,,,,,,,,,,,,,,,,,,,,,,,,2025-02,2407.0,-2.47,,,,,,,,,,,,,,,,,,,,,,,,,,,,,,,,,,,tv_wilder_rsi14_sma5_v1,59.94,57.75,True,False,2.19
7599,7599.T,ＩＤＯＭ,2025-01,OUT,2,55.74,57.94,True,True,2.2,2024-12,1133.0,1156.0,1156.0,2.03,,,,,,,,,,,,,,,,,,,,,,,,,,,,,2025-02,1106.0,-2.38,,,,,,,,,,,,,,,,,,,,,,,,,,,,,,,,,,,tv_wilder_rsi14_sma5_v1,57.94,55.74,True,True,2.2
7604,7604.T,梅の花グループ,2025-01,OUT,1,36.15,36.25,False,True,0.09,2025-01,872.0,872.0,872.0,0.0,,,,,,,,,,,,,,,,,,,,,,,,,,,,,2025-02,851.0,-2.41,,,,,,,,,,,,,,,,,,,,,,,,,,,,,,,,,,,tv_wilder_rsi14_sma5_v1,36.25,36.15,True,False,0.09
7606,7606.T,ユナイテッドアローズ,2025-01,OUT,8,60.03,63.55,True,False,3.51,2024-06,1989.0,2639.0,2639.0,32.68,,,,,,,,,,,,,,,,,,,,,,,,,,,,,2025-02,2145.0,7.84,,,,,,,,,,,,,,,,,,,,,,,,,,,,,,,,,,,tv_wilder_rsi14_sma5_v1,63.55,60.03,False,True,3.51
7607,7607.T,進和,2025-01,OUT,3,60.91,64.5,True,False,3.59,2024-11,2795.0,2963.0,2963.0,6.01,,,,,,,,,,,,,,,,,,,,,,,,,,,,,2025-02,2851.0,2.0,,,,,,,,,,,,,,,,,,,,,,,,,,,,,,,,,,,tv_wilder_rsi14_sma5_v1,64.5,60.91,False,True,3.59
7611,7611.T,ハイデイ日高,2025-01,OUT,3,58.26,63.17,True,True,4.91,2024-11,2792.0,2976.0,2976.0,6.59,,,,,,,,,,,,,,,,,,,,,,,,,,,,,2025-02,2668.0,-4.44,,,,,,,,,,,,,,,,,,,,,,,,,,,,,,,,,,,tv_wilder_rsi14_sma5_v1,63.17,58.26,True,True,4.91
7613,7613.T,シークス,2025-01,OUT,2,40.88,41.46,True,False,0.58,2024-12,1206.0,1135.0,1135.0,-5.89,,,,,,,,,,,,,,,,,,,,,,,,,,,,,2025-02,1059.0,-12.19,,,,,,,,,,,,,,,,,,,,,,,,,,,,,,,,,,,tv_wilder_rsi14_sma5_v1,41.46,40.88,False,True,0.58
7616,7616.T,コロワイド,2025-01,OUT,1,38.52,38.69,False,True,0.18,2025-01,1710.0,1710.0,1710.0,0.0,,,,,,,,,,,,,,,,,,,,,,,,,,,,,2025-02,1694.5,-0.91,,,,,,,,,,,,,,,,,,,,,,,,,,,,,,,,,,,tv_wilder_rsi14_sma5_v1,38.69,38.52,True,False,0.18
7625,7625.T,グローバルダイニング,2025-01,OUT,1,46.21,46.71,False,True,0.5,2025-01,381.0,381.0,381.0,0.0,,,,,,,,,,,,,,,,,,,,,,,,,,,,,2025-02,347.0,-8.92,,,,,,,,,,,,,,,,,,,,,,,,,,,,,,,,,,,tv_wilder_rsi14_sma5_v1,46.71,46.21,True,False,0.5
7628,7628.T,オーハシテクニカ,2025-01,OUT,3,61.1,66.11,True,True,5.01,2024-11,966.0,1005.0,1005.0,4.04,,,,,,,,,,,,,,,,,,,,,,,,,,,,,2025-02,925.5,-4.19,,,,,,,,,,,,,,,,,,,,,,,,,,,,,,,,,,,tv_wilder_rsi14_sma5_v1,66.11,61.1,True,True,5.01
7634,7634.T,星医療酸器,2025-01,OUT,1,49.7,52.6,True,True,2.9,2025-01,4470.0,4470.0,4470.0,0.0,,,,,,,,,,,,,,,,,,,,,,,,,,,,,2025-02,4325.0,-3.24,,,,,,,,,,,,,,,,,,,,,,,,,,,,,,,,,,,tv_wilder_rsi14_sma5_v1,52.6,49.7,True,True,2.9
7637,7637.T,白銅,2025-01,OUT,2,46.98,47.3,False,False,0.32,2024-12,2415.0,2374.0,2374.0,-1.7,,,,,,,,,,,,,,,,,,,,,,,,,,,,,2025-02,2287.0,-5.3,,,,,,,,,,,,,,,,,,,,,,,,,,,,,,,,,,,tv_wilder_rsi14_sma5_v1,47.3,46.98,False,False,0.32
7638,7638.T,ＮＥＷ　ＡＲＴ　ＨＯＬＤＩＮＧＳ,2025-01,OUT,2,48.9,54.49,True,True,5.59,2024-12,1584.0,1742.0,1742.0,9.97,,,,,,,,,,,,,,,,,,,,,,,,,,,,,2025-02,1517.0,-4.23,,,,,,,,,,,,,,,,,,,,,,,,,,,,,,,,,,,tv_wilder_rsi14_sma5_v1,54.49,48.9,True,True,5.59
7685,7685.T,ＢｕｙＳｅｌｌ　Ｔｅｃｈｎｏｌｏｇｉｅｓ,2025-01,OUT,2,56.31,57.67,False,True,1.36,2024-12,1357.5,1375.0,1375.0,1.29,,,,,,,,,,,,,,,,,,,,,,,,,,,,,2025-02,1191.0,-12.27,,,,,,,,,,,,,,,,,,,,,,,,,,,,,,,,,,,tv_wilder_rsi14_sma5_v1,57.67,56.31,True,False,1.36
7687,7687.T,ミクリード,2025-01,OUT,3,52.22,55.86,True,False,3.64,2024-11,509.0,515.0,515.0,1.18,,,,,,,,,,,,,,,,,,,,,,,,,,,,,2025-02,484.0,-4.91,,,,,,,,,,,,,,,,,,,,,,,,,,,,,,,,,,,tv_wilder_rsi14_sma5_v1,55.86,52.22,False,True,3.64
7689,7689.T,コパ・コーポレーション,2025-01,OUT,1,40.24,43.17,True,True,2.93,2025-01,660.0,660.0,660.0,0.0,,,,,,,,,,,,,,,,,,,,,,,,,,,,,2025-02,540.0,-18.18,,,,,,,,,,,,,,,,,,,,,,,,,,,,,,,,,,,tv_wilder_rsi14_sma5_v1,43.17,40.24,True,True,2.93
7695,7695.T,交換できるくん,2025-01,OUT,12,51.44,55.63,True,False,4.18,2024-02,808.67,1098.33,1098.33,35.82,,,,,,,,,,,,,,,,,,,,,,,,,,,,,2025-02,986.67,22.01,,,,,,,,,,,,,,,,,,,,,,,,,,,,,,,,,,,tv_wilder_rsi14_sma5_v1,55.63,51.44,False,True,4.18
7709,7709.T,クボテック,2025-01,OUT,3,39.46,41.79,True,True,2.33,2024-11,212.0,211.0,211.0,-0.47,,,,,,,,,,,,,,,,,,,,,,,,,,,,,2025-02,184.0,-13.21,,,,,,,,,,,,,,,,,,,,,,,,,,,,,,,,,,,tv_wilder_rsi14_sma5_v1,41.79,39.46,True,True,2.33
7716,7716.T,ナカニシ,2025-01,OUT,1,48.2,50.06,True,True,1.86,2025-01,2572.0,2572.0,2572.0,0.0,,,,,,,,,,,,,,,,,,,,,,,,,,,,,2025-02,2104.0,-18.2,,,,,,,,,,,,,,,,,,,,,,,,,,,,,,,,,,,tv_wilder_rsi14_sma5_v1,50.06,48.2,True,True,1.86
7717,7717.T,ブイ・テクノロジー,2025-01,OUT,1,42.12,42.25,False,False,0.13,2025-01,2340.0,2340.0,2340.0,0.0,,,,,,,,,,,,,,,,,,,,,,,,,,,,,2025-02,2257.0,-3.55,,,,,,,,,,,,,,,,,,,,,,,,,,,,,,,,,,,tv_wilder_rsi14_sma5_v1,42.25,42.12,False,False,0.13
7740,7740.T,タムロン,2025-01,OUT,1,76.39,76.56,False,True,0.17,2025-01,1141.25,1141.25,1141.25,0.0,,,,,,,,,,,,,,,,,,,,,,,,,,,,,2025-02,920.0,-19.39,,,,,,,,,,,,,,,,,,,,,,,,,,,,,,,,,,,tv_wilder_rsi14_sma5_v1,76.56,76.39,True,False,0.17
7741,7741.T,ＨＯＹＡ,2025-01,OUT,1,61.46,63.13,False,True,1.68,2025-01,20975.0,20975.0,20975.0,0.0,,,,,,,,,,,,,,,,,,,,,,,,,,,,,2025-02,17495.0,-16.59,,,,,,,,,,,,,,,,,,,,,,,,,,,,,,,,,,,tv_wilder_rsi14_sma5_v1,63.13,61.46,True,False,1.68
7744,7744.T,ノーリツ鋼機,2025-01,OUT,3,68.73,70.4,True,False,1.67,2024-11,1493.33,1680.0,1680.0,12.5,,,,,,,,,,,,,,,,,,,,,,,,,,,,,2025-02,1493.33,0.0,,,,,,,,,,,,,,,,,,,,,,,,,,,,,,,,,,,tv_wilder_rsi14_sma5_v1,70.4,68.73,False,True,1.67
7746,7746.T,岡本硝子,2025-01,OUT,3,54.67,56.98,True,False,2.31,2024-11,171.0,183.0,183.0,7.02,,,,,,,,,,,,,,,,,,,,,,,,,,,,,2025-02,168.0,-1.75,,,,,,,,,,,,,,,,,,,,,,,,,,,,,,,,,,,tv_wilder_rsi14_sma5_v1,56.98,54.67,False,True,2.31
7747,7747.T,朝日インテック,2025-01,OUT,7,49.54,51.0,False,True,1.46,2024-07,2381.0,2618.0,2618.0,9.95,,,,,,,,,,,,,,,,,,,,,,,,,,,,,2025-02,2442.0,2.56,,,,,,,,,,,,,,,,,,,,,,,,,,,,,,,,,,,tv_wilder_rsi14_sma5_v1,51.0,49.54,True,False,1.46
7752,7752.T,リコー,2025-01,OUT,12,73.63,74.98,True,False,1.35,2024-02,1245.0,1786.5,1786.5,43.49,,,,,,,,,,,,,,,,,,,,,,,,,,,,,2025-02,1624.5,30.48,,,,,,,,,,,,,,,,,,,,,,,,,,,,,,,,,,,tv_wilder_rsi14_sma5_v1,74.98,73.63,False,True,1.35
7762,7762.T,シチズン時計,2025-01,OUT,2,55.1,56.84,False,True,1.74,2024-12,934.0,943.0,943.0,0.96,,,,,,,,,,,,,,,,,,,,,,,,,,,,,2025-02,892.0,-4.5,,,,,,,,,,,,,,,,,,,,,,,,,,,,,,,,,,,tv_wilder_rsi14_sma5_v1,56.84,55.1,True,False,1.74
7771,7771.T,日本精密,2025-01,OUT,2,42.07,44.16,True,True,2.1,2024-12,71.0,72.0,72.0,1.41,,,,,,,,,,,,,,,,,,,,,,,,,,,,,2025-02,69.0,-2.82,,,,,,,,,,,,,,,,,,,,,,,,,,,,,,,,,,,tv_wilder_rsi14_sma5_v1,44.16,42.07,True,True,2.1
7795,7795.T,ＫＹＯＲＩＴＳＵ,2025-01,OUT,2,55.12,61.11,True,True,5.98,2024-12,166.0,176.0,176.0,6.02,,,,,,,,,,,,,,,,,,,,,,,,,,,,,2025-02,163.0,-1.81,,,,,,,,,,,,,,,,,,,,,,,,,,,,,,,,,,,tv_wilder_rsi14_sma5_v1,61.11,55.12,True,True,5.98
7806,7806.T,ＭＴＧ,2025-01,OUT,5,58.66,60.7,True,False,2.04,2024-09,1572.0,1938.0,1938.0,23.28,,,,,,,,,,,,,,,,,,,,,,,,,,,,,2025-02,1842.0,17.18,,,,,,,,,,,,,,,,,,,,,,,,,,,,,,,,,,,tv_wilder_rsi14_sma5_v1,60.7,58.66,False,True,2.04
7811,7811.T,中本パックス,2025-01,OUT,4,54.63,59.67,True,True,5.04,2024-10,1666.0,1752.0,1752.0,5.16,,,,,,,,,,,,,,,,,,,,,,,,,,,,,2025-02,1694.0,1.68,,,,,,,,,,,,,,,,,,,,,,,,,,,,,,,,,,,tv_wilder_rsi14_sma5_v1,59.67,54.63,True,True,5.04
7821,7821.T,前田工繊,2025-01,OUT,5,59.97,61.35,True,False,1.38,2024-09,1875.0,1928.0,1928.0,2.83,,,,,,,,,,,,,,,,,,,,,,,,,,,,,2025-02,1806.0,-3.68,,,,,,,,,,,,,,,,,,,,,,,,,,,,,,,,,,,tv_wilder_rsi14_sma5_v1,61.35,59.97,False,True,1.38
7841,7841.T,遠藤製作所,2025-01,OUT,2,73.65,75.54,True,True,1.9,2024-12,1290.0,1315.0,1315.0,1.94,,,,,,,,,,,,,,,,,,,,,,,,,,,,,2025-02,1254.0,-2.79,,,,,,,,,,,,,,,,,,,,,,,,,,,,,,,,,,,tv_wilder_rsi14_sma5_v1,75.54,73.65,True,True,1.9
7844,7844.T,マーベラス,2025-01,OUT,2,36.69,36.75,False,False,0.06,2024-12,585.0,577.0,577.0,-1.37,,,,,,,,,,,,,,,,,,,,,,,,,,,,,2025-02,504.0,-13.85,,,,,,,,,,,,,,,,,,,,,,,,,,,,,,,,,,,tv_wilder_rsi14_sma5_v1,36.75,36.69,False,False,0.06
7847,7847.T,グラファイトデザイン,2025-01,OUT,2,53.51,54.26,False,False,0.75,2024-12,805.0,792.0,792.0,-1.61,,,,,,,,,,,,,,,,,,,,,,,,,,,,,2025-02,757.0,-5.96,,,,,,,,,,,,,,,,,,,,,,,,,,,,,,,,,,,tv_wilder_rsi14_sma5_v1,54.26,53.51,False,False,0.75
7867,7867.T,タカラトミー,2025-01,OUT,8,86.33,88.91,True,True,2.58,2024-06,3168.0,4804.0,4804.0,51.64,,,,,,,,,,,,,,,,,,,,,,,,,,,,,2025-02,3628.0,14.52,,,,,,,,,,,,,,,,,,,,,,,,,,,,,,,,,,,tv_wilder_rsi14_sma5_v1,88.91,86.33,True,True,2.58
7868,7868.T,広済堂ホールディングス,2025-01,OUT,1,51.19,51.56,True,True,0.37,2025-01,533.0,533.0,533.0,0.0,,,,,,,,,,,,,,,,,,,,,,,,,,,,,2025-02,492.0,-7.69,,,,,,,,,,,,,,,,,,,,,,,,,,,,,,,,,,,tv_wilder_rsi14_sma5_v1,51.56,51.19,True,True,0.37
7893,7893.T,プロネクサス,2025-01,OUT,2,58.87,61.06,True,True,2.18,2024-12,1330.0,1334.0,1334.0,0.3,,,,,,,,,,,,,,,,,,,,,,,,,,,,,2025-02,1256.0,-5.56,,,,,,,,,,,,,,,,,,,,,,,,,,,,,,,,,,,tv_wilder_rsi14_sma5_v1,61.06,58.87,True,True,2.18
7908,7908.T,きもと,2025-01,OUT,4,66.85,71.3,True,True,4.45,2024-10,302.0,315.0,315.0,4.3,,,,,,,,,,,,,,,,,,,,,,,,,,,,,2025-02,263.0,-12.91,,,,,,,,,,,,,,,,,,,,,,,,,,,,,,,,,,,tv_wilder_rsi14_sma5_v1,71.3,66.85,True,True,4.45
7918,7918.T,ヴィア・ホールディングス,2025-01,OUT,3,45.39,48.08,True,False,2.69,2024-11,131.0,132.0,132.0,0.76,,,,,,,,,,,,,,,,,,,,,,,,,,,,,2025-02,121.0,-7.63,,,,,,,,,,,,,,,,,,,,,,,,,,,,,,,,,,,tv_wilder_rsi14_sma5_v1,48.08,45.39,False,True,2.69
7936,7936.T,アシックス,2025-01,OUT,1,79.69,81.83,False,True,2.14,2025-01,3486.0,3486.0,3486.0,0.0,,,,,,,,,,,,,,,,,,,,,,,,,,,,,2025-02,3334.0,-4.36,,,,,,,,,,,,,,,,,,,,,,,,,,,,,,,,,,,tv_wilder_rsi14_sma5_v1,81.83,79.69,True,False,2.14
7938,7938.T,リーガルコーポレーション,2025-01,OUT,2,65.03,68.19,True,True,3.16,2024-12,2709.0,2808.0,2808.0,3.65,,,,,,,,,,,,,,,,,,,,,,,,,,,,,2025-02,2472.0,-8.75,,,,,,,,,,,,,,,,,,,,,,,,,,,,,,,,,,,tv_wilder_rsi14_sma5_v1,68.19,65.03,True,True,3.16
7942,7942.T,ＪＳＰ,2025-01,OUT,2,54.51,56.84,True,False,2.33,2024-12,2182.0,2141.0,2141.0,-1.88,,,,,,,,,,,,,,,,,,,,,,,,,,,,,2025-02,2068.0,-5.22,,,,,,,,,,,,,,,,,,,,,,,,,,,,,,,,,,,tv_wilder_rsi14_sma5_v1,56.84,54.51,False,True,2.33
7944,7944.T,ローランド,2025-01,OUT,4,46.23,48.17,True,True,1.94,2024-10,3920.0,3960.0,3960.0,1.02,,,,,,,,,,,,,,,,,,,,,,,,,,,,,2025-02,3805.0,-2.93,,,,,,,,,,,,,,,,,,,,,,,,,,,,,,,,,,,tv_wilder_rsi14_sma5_v1,48.17,46.23,True,True,1.94
7946,7946.T,光陽社,2025-01,OUT,2,47.33,48.59,False,False,1.26,2024-12,1506.0,1499.0,1499.0,-0.46,,,,,,,,,,,,,,,,,,,,,,,,,,,,,2025-02,1458.0,-3.19,,,,,,,,,,,,,,,,,,,,,,,,,,,,,,,,,,,tv_wilder_rsi14_sma5_v1,48.59,47.33,False,False,1.26
7962,7962.T,キングジム,2025-01,OUT,2,43.65,46.92,True,True,3.26,2024-12,855.0,864.0,864.0,1.05,,,,,,,,,,,,,,,,,,,,,,,,,,,,,2025-02,846.0,-1.05,,,,,,,,,,,,,,,,,,,,,,,,,,,,,,,,,,,tv_wilder_rsi14_sma5_v1,46.92,43.65,True,True,3.26
7965,7965.T,象印マホービン,2025-01,OUT,2,53.32,54.03,True,False,0.71,2024-12,1800.0,1690.0,1690.0,-6.11,,,,,,,,,,,,,,,,,,,,,,,,,,,,,2025-02,1534.0,-14.78,,,,,,,,,,,,,,,,,,,,,,,,,,,,,,,,,,,tv_wilder_rsi14_sma5_v1,54.03,53.32,False,True,0.71
7970,7970.T,信越ポリマー,2025-01,OUT,4,60.24,60.96,True,False,0.72,2024-10,1596.0,1629.0,1629.0,2.07,,,,,,,,,,,,,,,,,,,,,,,,,,,,,2025-02,1574.0,-1.38,,,,,,,,,,,,,,,,,,,,,,,,,,,,,,,,,,,tv_wilder_rsi14_sma5_v1,60.96,60.24,False,True,0.72
7975,7975.T,リヒトラブ,2025-01,OUT,2,63.23,70.34,True,True,7.11,2024-12,1139.0,1226.0,1226.0,7.64,,,,,,,,,,,,,,,,,,,,,,,,,,,,,2025-02,1141.0,0.18,,,,,,,,,,,,,,,,,,,,,,,,,,,,,,,,,,,tv_wilder_rsi14_sma5_v1,70.34,63.23,True,True,7.11
7988,7988.T,ニフコ,2025-01,OUT,2,50.17,51.23,True,False,1.06,2024-12,3829.0,3725.0,3725.0,-2.72,,,,,,,,,,,,,,,,,,,,,,,,,,,,,2025-02,3650.0,-4.67,,,,,,,,,,,,,,,,,,,,,,,,,,,,,,,,,,,tv_wilder_rsi14_sma5_v1,51.23,50.17,False,True,1.06
7990,7990.T,グローブライド,2025-01,OUT,2,43.52,44.19,True,False,0.67,2024-12,1932.0,1918.0,1918.0,-0.72,,,,,,,,,,,,,,,,,,,,,,,,,,,,,2025-02,1892.0,-2.07,,,,,,,,,,,,,,,,,,,,,,,,,,,,,,,,,,,tv_wilder_rsi14_sma5_v1,44.19,43.52,False,True,0.67
7991,7991.T,マミヤ・オーピー,2025-01,OUT,6,55.36,58.57,True,False,3.2,2024-08,1359.0,1674.0,1674.0,23.18,,,,,,,,,,,,,,,,,,,,,,,,,,,,,2025-02,1529.0,12.51,,,,,,,,,,,,,,,,,,,,,,,,,,,,,,,,,,,tv_wilder_rsi14_sma5_v1,58.57,55.36,False,True,3.2
8005,8005.T,スクロール,2025-01,OUT,3,57.1,61.15,True,True,4.05,2024-11,1025.0,1079.0,1079.0,5.27,,,,,,,,,,,,,,,,,,,,,,,,,,,,,2025-02,1035.0,0.98,,,,,,,,,,,,,,,,,,,,,,,,,,,,,,,,,,,tv_wilder_rsi14_sma5_v1,61.15,57.1,True,True,4.05
8008,8008.T,ヨンドシーホールディングス,2025-01,OUT,2,49.46,53.28,True,True,3.82,2024-12,1887.0,1914.0,1914.0,1.43,,,,,,,,,,,,,,,,,,,,,,,,,,,,,2025-02,1794.0,-4.93,,,,,,,,,,,,,,,,,,,,,,,,,,,,,,,,,,,tv_wilder_rsi14_sma5_v1,53.28,49.46,True,True,3.82
8011,8011.T,三陽商会,2025-01,OUT,4,63.64,69.1,True,True,5.46,2024-10,2601.0,3060.0,3060.0,17.65,,,,,,,,,,,,,,,,,,,,,,,,,,,,,2025-02,2765.0,6.31,,,,,,,,,,,,,,,,,,,,,,,,,,,,,,,,,,,tv_wilder_rsi14_sma5_v1,69.1,63.64,True,True,5.46
8016,8016.T,オンワードホールディングス,2025-01,OUT,2,58.21,64.26,True,True,6.04,2024-12,590.0,623.0,623.0,5.59,,,,,,,,,,,,,,,,,,,,,,,,,,,,,2025-02,539.0,-8.64,,,,,,,,,,,,,,,,,,,,,,,,,,,,,,,,,,,tv_wilder_rsi14_sma5_v1,64.26,58.21,True,True,6.04
8020,8020.T,兼松,2025-01,OUT,2,66.16,68.27,False,False,2.11,2024-12,1316.5,1305.75,1305.75,-0.82,,,,,,,,,,,,,,,,,,,,,,,,,,,,,2025-02,1243.5,-5.55,,,,,,,,,,,,,,,,,,,,,,,,,,,,,,,,,,,tv_wilder_rsi14_sma5_v1,68.27,66.16,False,False,2.11
8030,8030.T,中央魚類,2025-01,OUT,4,63.48,74.29,True,True,10.81,2024-10,3165.0,4100.0,4100.0,29.54,,,,,,,,,,,,,,,,,,,,,,,,,,,,,2025-02,3420.0,8.06,,,,,,,,,,,,,,,,,,,,,,,,,,,,,,,,,,,tv_wilder_rsi14_sma5_v1,74.29,63.48,True,True,10.81
8035,8035.T,東京エレクトロン,2025-01,OUT,1,49.93,53.02,True,True,3.09,2025-01,26205.0,26205.0,26205.0,0.0,,,,,,,,,,,,,,,,,,,,,,,,,,,,,2025-02,22125.0,-15.57,,,,,,,,,,,,,,,,,,,,,,,,,,,,,,,,,,,tv_wilder_rsi14_sma5_v1,53.02,49.93,True,True,3.09
8046,8046.T,丸藤シートパイル,2025-01,OUT,2,59.86,61.09,True,True,1.23,2024-12,556.2,557.4,557.4,0.22,,,,,,,,,,,,,,,,,,,,,,,,,,,,,2025-02,552.0,-0.76,,,,,,,,,,,,,,,,,,,,,,,,,,,,,,,,,,,tv_wilder_rsi14_sma5_v1,61.09,59.86,True,True,1.23
8050,8050.T,セイコーグループ,2025-01,OUT,2,64.5,73.18,True,True,8.67,2024-12,2447.5,2670.0,2670.0,9.09,,,,,,,,,,,,,,,,,,,,,,,,,,,,,2025-02,2305.0,-5.82,,,,,,,,,,,,,,,,,,,,,,,,,,,,,,,,,,,tv_wilder_rsi14_sma5_v1,73.18,64.5,True,True,8.67
8070,8070.T,東京産業,2025-01,OUT,3,46.9,50.31,True,True,3.41,2024-11,711.0,741.0,741.0,4.22,,,,,,,,,,,,,,,,,,,,,,,,,,,,,2025-02,720.0,1.27,,,,,,,,,,,,,,,,,,,,,,,,,,,,,,,,,,,tv_wilder_rsi14_sma5_v1,50.31,46.9,True,True,3.41
8084,8084.T,ＲＹＯＤＥＮ,2025-01,OUT,2,53.55,55.51,False,True,1.95,2024-12,2466.0,2504.0,2504.0,1.54,,,,,,,,,,,,,,,,,,,,,,,,,,,,,2025-02,2401.0,-2.64,,,,,,,,,,,,,,,,,,,,,,,,,,,,,,,,,,,tv_wilder_rsi14_sma5_v1,55.51,53.55,True,False,1.95
8101,8101.T,ＧＳＩクレオス,2025-01,OUT,3,56.11,57.98,True,False,1.87,2024-11,2080.0,2192.0,2192.0,5.38,,,,,,,,,,,,,,,,,,,,,,,,,,,,,2025-02,2049.0,-1.49,,,,,,,,,,,,,,,,,,,,,,,,,,,,,,,,,,,tv_wilder_rsi14_sma5_v1,57.98,56.11,False,True,1.87
8125,8125.T,ワキタ,2025-01,OUT,2,61.81,66.22,True,True,4.42,2024-12,1683.0,1808.0,1808.0,7.43,,,,,,,,,,,,,,,,,,,,,,,,,,,,,2025-02,1687.0,0.24,,,,,,,,,,,,,,,,,,,,,,,,,,,,,,,,,,,tv_wilder_rsi14_sma5_v1,66.22,61.81,True,True,4.42
8127,8127.T,ヤマトインターナショナル,2025-01,OUT,2,53.76,56.29,True,False,2.53,2024-12,349.0,342.0,342.0,-2.01,,,,,,,,,,,,,,,,,,,,,,,,,,,,,2025-02,335.0,-4.01,,,,,,,,,,,,,,,,,,,,,,,,,,,,,,,,,,,tv_wilder_rsi14_sma5_v1,56.29,53.76,False,True,2.53
8137,8137.T,サンワテクノス,2025-01,OUT,4,55.01,59.1,True,True,4.09,2024-10,2171.0,2276.0,2276.0,4.84,,,,,,,,,,,,,,,,,,,,,,,,,,,,,2025-02,2167.0,-0.18,,,,,,,,,,,,,,,,,,,,,,,,,,,,,,,,,,,tv_wilder_rsi14_sma5_v1,59.1,55.01,True,True,4.09
8141,8141.T,新光商事,2025-01,OUT,6,45.77,48.49,True,True,2.71,2024-08,941.0,1016.0,1016.0,7.97,,,,,,,,,,,,,,,,,,,,,,,,,,,,,2025-02,901.0,-4.25,,,,,,,,,,,,,,,,,,,,,,,,,,,,,,,,,,,tv_wilder_rsi14_sma5_v1,48.49,45.77,True,True,2.71
8147,8147.T,トミタ,2025-01,OUT,3,59.71,62.0,False,True,2.29,2024-11,1443.0,1469.0,1469.0,1.8,,,,,,,,,,,,,,,,,,,,,,,,,,,,,2025-02,1450.0,0.49,,,,,,,,,,,,,,,,,,,,,,,,,,,,,,,,,,,tv_wilder_rsi14_sma5_v1,62.0,59.71,True,False,2.29
8157,8157.T,都築電気,2025-01,OUT,4,62.46,66.62,True,False,4.17,2024-10,2501.0,2786.0,2786.0,11.4,,,,,,,,,,,,,,,,,,,,,,,,,,,,,2025-02,2321.0,-7.2,,,,,,,,,,,,,,,,,,,,,,,,,,,,,,,,,,,tv_wilder_rsi14_sma5_v1,66.62,62.46,False,True,4.17
8159,8159.T,立花エレテック,2025-01,OUT,2,51.32,53.65,False,True,2.33,2024-12,2626.0,2668.0,2668.0,1.6,,,,,,,,,,,,,,,,,,,,,,,,,,,,,2025-02,2476.0,-5.71,,,,,,,,,,,,,,,,,,,,,,,,,,,,,,,,,,,tv_wilder_rsi14_sma5_v1,53.65,51.32,True,False,2.33
8179,8179.T,ロイヤルホールディングス,2025-01,OUT,1,49.84,54.59,True,True,4.75,2025-01,1290.0,1290.0,1290.0,0.0,,,,,,,,,,,,,,,,,,,,,,,,,,,,,2025-02,1185.0,-8.14,,,,,,,,,,,,,,,,,,,,,,,,,,,,,,,,,,,tv_wilder_rsi14_sma5_v1,54.59,49.84,True,True,4.75
8200,8200.T,リンガーハット,2025-01,OUT,1,45.3,49.66,True,True,4.36,2025-01,2278.0,2278.0,2278.0,0.0,,,,,,,,,,,,,,,,,,,,,,,,,,,,,2025-02,2188.0,-3.95,,,,,,,,,,,,,,,,,,,,,,,,,,,,,,,,,,,tv_wilder_rsi14_sma5_v1,49.66,45.3,True,True,4.36
8214,8214.T,ＡＯＫＩホールディングス,2025-01,OUT,2,61.81,63.88,True,False,2.07,2024-12,1338.0,1316.0,1316.0,-1.64,,,,,,,,,,,,,,,,,,,,,,,,,,,,,2025-02,1235.0,-7.7,,,,,,,,,,,,,,,,,,,,,,,,,,,,,,,,,,,tv_wilder_rsi14_sma5_v1,63.88,61.81,False,True,2.07
8227,8227.T,しまむら,2025-01,OUT,6,63.3,67.38,True,True,4.07,2024-08,7780.0,8847.0,8847.0,13.71,,,,,,,,,,,,,,,,,,,,,,,,,,,,,2025-02,8591.0,10.42,,,,,,,,,,,,,,,,,,,,,,,,,,,,,,,,,,,tv_wilder_rsi14_sma5_v1,67.38,63.3,True,True,4.07
8233,8233.T,高島屋,2025-01,OUT,2,58.99,62.66,True,True,3.67,2024-12,1264.0,1320.5,1320.5,4.47,,,,,,,,,,,,,,,,,,,,,,,,,,,,,2025-02,1231.5,-2.57,,,,,,,,,,,,,,,,,,,,,,,,,,,,,,,,,,,tv_wilder_rsi14_sma5_v1,62.66,58.99,True,True,3.67
8253,8253.T,クレディセゾン,2025-01,OUT,2,70.61,70.81,True,False,0.19,2024-12,3698.0,3673.0,3673.0,-0.68,,,,,,,,,,,,,,,,,,,,,,,,,,,,,2025-02,3521.0,-4.79,,,,,,,,,,,,,,,,,,,,,,,,,,,,,,,,,,,tv_wilder_rsi14_sma5_v1,70.81,70.61,False,True,0.19
8254,8254.T,さいか屋,2025-01,OUT,1,51.47,52.48,False,True,1.01,2025-01,404.0,404.0,404.0,0.0,,,,,,,,,,,,,,,,,,,,,,,,,,,,,2025-02,397.0,-1.73,,,,,,,,,,,,,,,,,,,,,,,,,,,,,,,,,,,tv_wilder_rsi14_sma5_v1,52.48,51.47,True,False,1.01
8275,8275.T,フォーバル,2025-01,OUT,1,57.17,59.19,False,True,2.02,2025-01,1465.0,1465.0,1465.0,0.0,,,,,,,,,,,,,,,,,,,,,,,,,,,,,2025-02,1433.0,-2.18,,,,,,,,,,,,,,,,,,,,,,,,,,,,,,,,,,,tv_wilder_rsi14_sma5_v1,59.19,57.17,True,False,2.02
8278,8278.T,フジ,2025-01,OUT,2,56.17,58.9,True,True,2.74,2024-12,2058.0,2140.0,2140.0,3.98,,,,,,,,,,,,,,,,,,,,,,,,,,,,,2025-02,2070.0,0.58,,,,,,,,,,,,,,,,,,,,,,,,,,,,,,,,,,,tv_wilder_rsi14_sma5_v1,58.9,56.17,True,True,2.74
8283,8283.T,ＰＡＬＴＡＣ,2025-01,OUT,2,45.91,46.72,False,False,0.81,2024-12,4362.0,4345.0,4345.0,-0.39,,,,,,,,,,,,,,,,,,,,,,,,,,,,,2025-02,3921.0,-10.11,,,,,,,,,,,,,,,,,,,,,,,,,,,,,,,,,,,tv_wilder_rsi14_sma5_v1,46.72,45.91,False,False,0.81
8291,8291.T,日産東京販売ホールディングス,2025-01,OUT,2,54.7,58.69,True,False,3.99,2024-12,521.0,503.0,503.0,-3.45,,,,,,,,,,,,,,,,,,,,,,,,,,,,,2025-02,468.0,-10.17,,,,,,,,,,,,,,,,,,,,,,,,,,,,,,,,,,,tv_wilder_rsi14_sma5_v1,58.69,54.7,False,True,3.99
8306,8306.T,三菱ＵＦＪフィナンシャル・グループ,2025-01,OUT,3,70.3,76.51,True,True,6.21,2024-11,1792.0,1978.5,1978.5,10.41,,,,,,,,,,,,,,,,,,,,,,,,,,,,,2025-02,1903.0,6.19,,,,,,,,,,,,,,,,,,,,,,,,,,,,,,,,,,,tv_wilder_rsi14_sma5_v1,76.51,70.3,True,True,6.21
8337,8337.T,千葉興業銀行,2025-01,OUT,4,77.92,84.29,True,True,6.37,2024-10,1133.0,1579.0,1579.0,39.36,,,,,,,,,,,,,,,,,,,,,,,,,,,,,2025-02,1420.0,25.33,,,,,,,,,,,,,,,,,,,,,,,,,,,,,,,,,,,tv_wilder_rsi14_sma5_v1,84.29,77.92,True,True,6.37
8338,8338.T,筑波銀行,2025-01,OUT,2,47.21,51.34,False,True,4.13,2024-12,243.0,258.0,258.0,6.17,,,,,,,,,,,,,,,,,,,,,,,,,,,,,2025-02,238.0,-2.06,,,,,,,,,,,,,,,,,,,,,,,,,,,,,,,,,,,tv_wilder_rsi14_sma5_v1,51.34,47.21,True,False,4.13
8341,8341.T,七十七銀行,2025-01,OUT,2,66.62,71.96,True,True,5.34,2024-12,1515.67,1595.33,1595.33,5.26,,,,,,,,,,,,,,,,,,,,,,,,,,,,,2025-02,1489.67,-1.72,,,,,,,,,,,,,,,,,,,,,,,,,,,,,,,,,,,tv_wilder_rsi14_sma5_v1,71.96,66.62,True,True,5.34
8354,8354.T,ふくおかフィナンシャルグループ,2025-01,OUT,3,56.83,60.66,True,True,3.84,2024-11,4145.0,4237.0,4237.0,2.22,,,,,,,,,,,,,,,,,,,,,,,,,,,,,2025-02,3924.0,-5.33,,,,,,,,,,,,,,,,,,,,,,,,,,,,,,,,,,,tv_wilder_rsi14_sma5_v1,60.66,56.83,True,True,3.84
8359,8359.T,八十二長野銀行,2025-01,OUT,3,60.09,63.93,True,True,3.84,2024-11,1025.5,1021.0,1021.0,-0.44,,,,,,,,,,,,,,,,,,,,,,,,,,,,,2025-02,964.1,-5.99,,,,,,,,,,,,,,,,,,,,,,,,,,,,,,,,,,,tv_wilder_rsi14_sma5_v1,63.93,60.09,True,True,3.84
8362,8362.T,福井銀行,2025-01,OUT,1,53.4,57.45,True,True,4.05,2025-01,1966.0,1966.0,1966.0,0.0,,,,,,,,,,,,,,,,,,,,,,,,,,,,,2025-02,1858.0,-5.49,,,,,,,,,,,,,,,,,,,,,,,,,,,,,,,,,,,tv_wilder_rsi14_sma5_v1,57.45,53.4,True,True,4.05
8370,8370.T,紀陽銀行,2025-01,OUT,3,61.9,70.76,True,True,8.85,2024-11,2066.0,2320.0,2320.0,12.29,,,,,,,,,,,,,,,,,,,,,,,,,,,,,2025-02,2153.0,4.21,,,,,,,,,,,,,,,,,,,,,,,,,,,,,,,,,,,tv_wilder_rsi14_sma5_v1,70.76,61.9,True,True,8.85
8381,8381.T,山陰合同銀行,2025-01,OUT,1,62.79,66.24,False,True,3.46,2025-01,1333.0,1333.0,1333.0,0.0,,,,,,,,,,,,,,,,,,,,,,,,,,,,,2025-02,1252.0,-6.08,,,,,,,,,,,,,,,,,,,,,,,,,,,,,,,,,,,tv_wilder_rsi14_sma5_v1,66.24,62.79,True,False,3.46
8386,8386.T,百十四銀行,2025-01,OUT,3,58.16,67.06,True,True,8.91,2024-11,767.5,910.0,910.0,18.57,,,,,,,,,,,,,,,,,,,,,,,,,,,,,2025-02,822.5,7.17,,,,,,,,,,,,,,,,,,,,,,,,,,,,,,,,,,,tv_wilder_rsi14_sma5_v1,67.06,58.16,True,True,8.91
8416,8416.T,高知銀行,2025-01,OUT,3,46.04,48.01,False,False,1.97,2024-11,842.0,830.0,830.0,-1.43,,,,,,,,,,,,,,,,,,,,,,,,,,,,,2025-02,805.0,-4.39,,,,,,,,,,,,,,,,,,,,,,,,,,,,,,,,,,,tv_wilder_rsi14_sma5_v1,48.01,46.04,False,False,1.97
8418,8418.T,山口フィナンシャルグループ,2025-01,OUT,2,61.58,65.71,False,True,4.12,2024-12,1640.5,1737.0,1737.0,5.88,,,,,,,,,,,,,,,,,,,,,,,,,,,,,2025-02,1644.0,0.21,,,,,,,,,,,,,,,,,,,,,,,,,,,,,,,,,,,tv_wilder_rsi14_sma5_v1,65.71,61.58,True,False,4.12
8424,8424.T,芙蓉総合リース,2025-01,OUT,2,52.1,54.82,True,False,2.72,2024-12,3900.0,3863.33,3863.33,-0.94,,,,,,,,,,,,,,,,,,,,,,,,,,,,,2025-02,3785.0,-2.95,,,,,,,,,,,,,,,,,,,,,,,,,,,,,,,,,,,tv_wilder_rsi14_sma5_v1,54.82,52.1,False,True,2.72
8508,8508.T,Ｊトラスト,2025-01,OUT,2,51.25,56.98,True,True,5.72,2024-12,484.0,518.0,518.0,7.02,,,,,,,,,,,,,,,,,,,,,,,,,,,,,2025-02,418.0,-13.64,,,,,,,,,,,,,,,,,,,,,,,,,,,,,,,,,,,tv_wilder_rsi14_sma5_v1,56.98,51.25,True,True,5.72
8537,8537.T,大光銀行,2025-01,OUT,2,50.62,55.51,True,True,4.89,2024-12,1455.0,1557.0,1557.0,7.01,,,,,,,,,,,,,,,,,,,,,,,,,,,,,2025-02,1411.0,-3.02,,,,,,,,,,,,,,,,,,,,,,,,,,,,,,,,,,,tv_wilder_rsi14_sma5_v1,55.51,50.62,True,True,4.89
8601,8601.T,大和証券グループ本社,2025-01,OUT,2,59.06,64.78,True,True,5.71,2024-12,1048.0,1131.0,1131.0,7.92,,,,,,,,,,,,,,,,,,,,,,,,,,,,,2025-02,1046.5,-0.14,,,,,,,,,,,,,,,,,,,,,,,,,,,,,,,,,,,tv_wilder_rsi14_sma5_v1,64.78,59.06,True,True,5.71
8609,8609.T,岡三証券グループ,2025-01,OUT,2,52.18,53.73,False,True,1.55,2024-12,640.0,645.0,645.0,0.78,,,,,,,,,,,,,,,,,,,,,,,,,,,,,2025-02,633.0,-1.09,,,,,,,,,,,,,,,,,,,,,,,,,,,,,,,,,,,tv_wilder_rsi14_sma5_v1,53.73,52.18,True,False,1.55
8613,8613.T,丸三証券,2025-01,OUT,2,63.16,65.96,False,True,2.8,2024-12,1002.0,1018.0,1018.0,1.6,,,,,,,,,,,,,,,,,,,,,,,,,,,,,2025-02,974.0,-2.79,,,,,,,,,,,,,,,,,,,,,,,,,,,,,,,,,,,tv_wilder_rsi14_sma5_v1,65.96,63.16,True,False,2.8
8622,8622.T,水戸証券,2025-01,OUT,3,63.81,68.91,True,True,5.1,2024-11,550.0,584.0,584.0,6.18,,,,,,,,,,,,,,,,,,,,,,,,,,,,,2025-02,547.0,-0.55,,,,,,,,,,,,,,,,,,,,,,,,,,,,,,,,,,,tv_wilder_rsi14_sma5_v1,68.91,63.81,True,True,5.1
8628,8628.T,松井証券,2025-01,OUT,2,50.35,51.52,True,True,1.17,2024-12,816.0,818.0,818.0,0.25,,,,,,,,,,,,,,,,,,,,,,,,,,,,,2025-02,798.0,-2.21,,,,,,,,,,,,,,,,,,,,,,,,,,,,,,,,,,,tv_wilder_rsi14_sma5_v1,51.52,50.35,True,True,1.17
8698,8698.T,マネックスグループ,2025-01,OUT,4,58.3,60.33,True,False,2.02,2024-10,730.0,916.0,916.0,25.48,,,,,,,,,,,,,,,,,,,,,,,,,,,,,2025-02,752.0,3.01,,,,,,,,,,,,,,,,,,,,,,,,,,,,,,,,,,,tv_wilder_rsi14_sma5_v1,60.33,58.3,False,True,2.02
8704,8704.T,トレイダーズホールディングス,2025-01,OUT,3,67.36,68.22,False,False,0.86,2024-11,1040.0,991.0,991.0,-4.71,,,,,,,,,,,,,,,,,,,,,,,,,,,,,2025-02,905.0,-12.98,,,,,,,,,,,,,,,,,,,,,,,,,,,,,,,,,,,tv_wilder_rsi14_sma5_v1,68.22,67.36,False,False,0.86
8714,8714.T,池田泉州ホールディングス,2025-01,OUT,3,60.63,68.96,True,True,8.33,2024-11,388.0,441.0,441.0,13.66,,,,,,,,,,,,,,,,,,,,,,,,,,,,,2025-02,410.0,5.67,,,,,,,,,,,,,,,,,,,,,,,,,,,,,,,,,,,tv_wilder_rsi14_sma5_v1,68.96,60.63,True,True,8.33
8793,8793.T,ＮＥＣキャピタルソリューション,2025-01,OUT,2,63.46,66.13,False,True,2.66,2024-12,3930.0,3965.0,3965.0,0.89,,,,,,,,,,,,,,,,,,,,,,,,,,,,,2025-02,3860.0,-1.78,,,,,,,,,,,,,,,,,,,,,,,,,,,,,,,,,,,tv_wilder_rsi14_sma5_v1,66.13,63.46,True,False,2.66
8801,8801.T,三井不動産,2025-01,OUT,1,55.12,58.95,False,True,3.83,2025-01,1409.5,1409.5,1409.5,0.0,,,,,,,,,,,,,,,,,,,,,,,,,,,,,2025-02,1300.0,-7.77,,,,,,,,,,,,,,,,,,,,,,,,,,,,,,,,,,,tv_wilder_rsi14_sma5_v1,58.95,55.12,True,False,3.83
8802,8802.T,三菱地所,2025-01,OUT,1,52.11,53.24,False,True,1.13,2025-01,2268.0,2268.0,2268.0,0.0,,,,,,,,,,,,,,,,,,,,,,,,,,,,,2025-02,2198.5,-3.06,,,,,,,,,,,,,,,,,,,,,,,,,,,,,,,,,,,tv_wilder_rsi14_sma5_v1,53.24,52.11,True,False,1.13
8841,8841.T,テーオーシー,2025-01,OUT,2,45.94,47.57,False,True,1.64,2024-12,638.0,647.0,647.0,1.41,,,,,,,,,,,,,,,,,,,,,,,,,,,,,2025-02,632.0,-0.94,,,,,,,,,,,,,,,,,,,,,,,,,,,,,,,,,,,tv_wilder_rsi14_sma5_v1,47.57,45.94,True,False,1.64
8860,8860.T,フジ住宅,2025-01,OUT,3,54.2,55.03,True,False,0.82,2024-11,793.0,768.0,768.0,-3.15,,,,,,,,,,,,,,,,,,,,,,,,,,,,,2025-02,726.0,-8.45,,,,,,,,,,,,,,,,,,,,,,,,,,,,,,,,,,,tv_wilder_rsi14_sma5_v1,55.03,54.2,False,True,0.82
8897,8897.T,ＭＩＲＡＲＴＨホールディングス,2025-01,OUT,2,59.7,62.01,False,True,2.3,2024-12,516.0,523.0,523.0,1.36,,,,,,,,,,,,,,,,,,,,,,,,,,,,,2025-02,510.0,-1.16,,,,,,,,,,,,,,,,,,,,,,,,,,,,,,,,,,,tv_wilder_rsi14_sma5_v1,62.01,59.7,True,False,2.3
8904,8904.T,ＡＶＡＮＴＩＡ,2025-01,OUT,2,41.18,41.95,False,False,0.76,2024-12,794.0,779.0,779.0,-1.89,,,,,,,,,,,,,,,,,,,,,,,,,,,,,2025-02,763.0,-3.9,,,,,,,,,,,,,,,,,,,,,,,,,,,,,,,,,,,tv_wilder_rsi14_sma5_v1,41.95,41.18,False,False,0.76
8914,8914.T,エリアリンク,2025-01,OUT,4,76.94,81.8,True,True,4.86,2024-10,915.5,1166.5,1166.5,27.42,,,,,,,,,,,,,,,,,,,,,,,,,,,,,2025-02,1041.5,13.76,,,,,,,,,,,,,,,,,,,,,,,,,,,,,,,,,,,tv_wilder_rsi14_sma5_v1,81.8,76.94,True,True,4.86
8919,8919.T,カチタス,2025-01,OUT,8,45.57,47.96,True,False,2.39,2024-06,1743.0,2180.0,2180.0,25.07,,,,,,,,,,,,,,,,,,,,,,,,,,,,,2025-02,2032.0,16.58,,,,,,,,,,,,,,,,,,,,,,,,,,,,,,,,,,,tv_wilder_rsi14_sma5_v1,47.96,45.57,False,True,2.39
8931,8931.T,和田興産,2025-01,OUT,2,62.93,67.28,True,True,4.35,2024-12,1394.0,1478.0,1478.0,6.03,,,,,,,,,,,,,,,,,,,,,,,,,,,,,2025-02,1380.0,-1.0,,,,,,,,,,,,,,,,,,,,,,,,,,,,,,,,,,,tv_wilder_rsi14_sma5_v1,67.28,62.93,True,True,4.35
8934,8934.T,サンフロンティア不動産,2025-01,OUT,2,62.72,67.04,True,True,4.32,2024-12,1946.0,2014.0,2014.0,3.49,,,,,,,,,,,,,,,,,,,,,,,,,,,,,2025-02,1937.0,-0.46,,,,,,,,,,,,,,,,,,,,,,,,,,,,,,,,,,,tv_wilder_rsi14_sma5_v1,67.04,62.72,True,True,4.32
9003,9003.T,相鉄ホールディングス,2025-01,OUT,3,47.54,53.63,True,True,6.09,2024-11,2457.0,2575.0,2575.0,4.8,,,,,,,,,,,,,,,,,,,,,,,,,,,,,2025-02,2245.0,-8.63,,,,,,,,,,,,,,,,,,,,,,,,,,,,,,,,,,,tv_wilder_rsi14_sma5_v1,53.63,47.54,True,True,6.09
9025,9025.T,鴻池運輸,2025-01,OUT,11,81.98,86.37,True,True,4.39,2024-03,2198.0,3165.0,3165.0,43.99,,,,,,,,,,,,,,,,,,,,,,,,,,,,,2025-02,2944.0,33.94,,,,,,,,,,,,,,,,,,,,,,,,,,,,,,,,,,,tv_wilder_rsi14_sma5_v1,86.37,81.98,True,True,4.39
9028,9028.T,ゼロ,2025-01,OUT,13,87.25,89.05,True,True,1.8,2024-01,1550.0,2685.0,2685.0,73.23,,,,,,,,,,,,,,,,,,,,,,,,,,,,,2025-02,2520.0,62.58,,,,,,,,,,,,,,,,,,,,,,,,,,,,,,,,,,,tv_wilder_rsi14_sma5_v1,89.05,87.25,True,True,1.8
9031,9031.T,西日本鉄道,2025-01,OUT,2,40.33,40.38,False,False,0.05,2024-12,2268.0,2246.5,2246.5,-0.95,,,,,,,,,,,,,,,,,,,,,,,,,,,,,2025-02,2171.5,-4.25,,,,,,,,,,,,,,,,,,,,,,,,,,,,,,,,,,,tv_wilder_rsi14_sma5_v1,40.38,40.33,False,False,0.05
9037,9037.T,ハマキョウレックス,2025-01,OUT,9,75.95,78.78,True,True,2.83,2024-05,1012.5,1362.0,1362.0,34.52,,,,,,,,,,,,,,,,,,,,,,,,,,,,,2025-02,1271.0,25.53,,,,,,,,,,,,,,,,,,,,,,,,,,,,,,,,,,,tv_wilder_rsi14_sma5_v1,78.78,75.95,True,True,2.83
9049,9049.T,京福電気鉄道,2025-01,OUT,1,70.78,72.1,False,True,1.32,2025-01,6640.0,6640.0,6640.0,0.0,,,,,,,,,,,,,,,,,,,,,,,,,,,,,2025-02,6410.0,-3.46,,,,,,,,,,,,,,,,,,,,,,,,,,,,,,,,,,,tv_wilder_rsi14_sma5_v1,72.1,70.78,True,False,1.32
9052,9052.T,山陽電気鉄道,2025-01,OUT,2,41.87,41.95,False,False,0.08,2024-12,2029.0,2021.0,2021.0,-0.39,,,,,,,,,,,,,,,,,,,,,,,,,,,,,2025-02,2020.0,-0.44,,,,,,,,,,,,,,,,,,,,,,,,,,,,,,,,,,,tv_wilder_rsi14_sma5_v1,41.95,41.87,False,False,0.08
9069,9069.T,センコーグループホールディングス,2025-01,OUT,7,76.14,79.59,True,True,3.44,2024-07,1152.0,1558.0,1558.0,35.24,,,,,,,,,,,,,,,,,,,,,,,,,,,,,2025-02,1441.0,25.09,,,,,,,,,,,,,,,,,,,,,,,,,,,,,,,,,,,tv_wilder_rsi14_sma5_v1,79.59,76.14,True,True,3.44
9160,9160.T,オンザページ,2025-01,OUT,2,24.55,24.85,True,False,0.3,2024-12,314.0,304.0,304.0,-3.18,,,,,,,,,,,,,,,,,,,,,,,,,,,,,2025-02,300.0,-4.46,,,,,,,,,,,,,,,,,,,,,,,,,,,,,,,,,,,tv_wilder_rsi14_sma5_v1,24.85,24.55,False,True,0.3
9166,9166.T,ＧＥＮＤＡ,2025-01,OUT,1,72.59,74.09,,True,1.5,2025-01,1453.5,1453.5,1453.5,0.0,,,,,,,,,,,,,,,,,,,,,,,,,,,,,2025-02,1348.5,-7.22,,,,,,,,,,,,,,,,,,,,,,,,,,,,,,,,,,,tv_wilder_rsi14_sma5_v1,74.09,72.59,True,,1.5
9204,9204.T,スカイマーク,2025-01,OUT,1,41.51,43.56,False,True,2.05,2025-01,630.0,630.0,630.0,0.0,,,,,,,,,,,,,,,,,,,,,,,,,,,,,2025-02,540.0,-14.29,,,,,,,,,,,,,,,,,,,,,,,,,,,,,,,,,,,tv_wilder_rsi14_sma5_v1,43.56,41.51,True,False,2.05
9214,9214.T,Ｒｅｃｏｖｅｒｙ　Ｉｎｔｅｒｎａｔｉｏｎａｌ,2025-01,OUT,3,41.56,42.44,True,True,0.88,2024-11,1401.0,1400.0,1400.0,-0.07,,,,,,,,,,,,,,,,,,,,,,,,,,,,,2025-02,1332.0,-4.93,,,,,,,,,,,,,,,,,,,,,,,,,,,,,,,,,,,tv_wilder_rsi14_sma5_v1,42.44,41.56,True,True,0.88
9233,9233.T,アジア航測,2025-01,OUT,1,62.88,63.66,False,True,0.78,2025-01,1160.0,1160.0,1160.0,0.0,,,,,,,,,,,,,,,,,,,,,,,,,,,,,2025-02,1107.0,-4.57,,,,,,,,,,,,,,,,,,,,,,,,,,,,,,,,,,,tv_wilder_rsi14_sma5_v1,63.66,62.88,True,False,0.78
9250,9250.T,ＧＲＣＳ,2025-01,OUT,2,32.14,32.4,True,False,0.26,2024-12,1460.0,1414.0,1414.0,-3.15,,,,,,,,,,,,,,,,,,,,,,,,,,,,,2025-02,1340.0,-8.22,,,,,,,,,,,,,,,,,,,,,,,,,,,,,,,,,,,tv_wilder_rsi14_sma5_v1,32.4,32.14,False,True,0.26
9271,9271.T,和心,2025-01,OUT,1,52.01,54.66,False,True,2.65,2025-01,548.0,548.0,548.0,0.0,,,,,,,,,,,,,,,,,,,,,,,,,,,,,2025-02,439.0,-19.89,,,,,,,,,,,,,,,,,,,,,,,,,,,,,,,,,,,tv_wilder_rsi14_sma5_v1,54.66,52.01,True,False,2.65
9272,9272.T,ブティックス,2025-01,OUT,2,49.18,53.17,True,True,3.99,2024-12,1530.0,1710.0,1710.0,11.76,,,,,,,,,,,,,,,,,,,,,,,,,,,,,2025-02,1462.0,-4.44,,,,,,,,,,,,,,,,,,,,,,,,,,,,,,,,,,,tv_wilder_rsi14_sma5_v1,53.17,49.18,True,True,3.99
9305,9305.T,ヤマタネ,2025-01,OUT,1,75.44,77.3,True,True,1.86,2025-01,1907.5,1907.5,1907.5,0.0,,,,,,,,,,,,,,,,,,,,,,,,,,,,,2025-02,1842.5,-3.41,,,,,,,,,,,,,,,,,,,,,,,,,,,,,,,,,,,tv_wilder_rsi14_sma5_v1,77.3,75.44,True,True,1.86
9308,9308.T,乾汽船,2025-01,OUT,3,52.74,60.5,True,False,7.75,2024-11,1540.0,1660.0,1660.0,7.79,,,,,,,,,,,,,,,,,,,,,,,,,,,,,2025-02,1475.0,-4.22,,,,,,,,,,,,,,,,,,,,,,,,,,,,,,,,,,,tv_wilder_rsi14_sma5_v1,60.5,52.74,False,True,7.75
9310,9310.T,日本トランスシティ,2025-01,OUT,3,66.59,69.65,True,True,3.06,2024-11,1006.0,1043.0,1043.0,3.68,,,,,,,,,,,,,,,,,,,,,,,,,,,,,2025-02,912.0,-9.34,,,,,,,,,,,,,,,,,,,,,,,,,,,,,,,,,,,tv_wilder_rsi14_sma5_v1,69.65,66.59,True,True,3.06
9324,9324.T,安田倉庫,2025-01,OUT,2,82.24,84.31,False,True,2.07,2024-12,1768.0,1770.0,1770.0,0.11,,,,,,,,,,,,,,,,,,,,,,,,,,,,,2025-02,1741.0,-1.53,,,,,,,,,,,,,,,,,,,,,,,,,,,,,,,,,,,tv_wilder_rsi14_sma5_v1,84.31,82.24,True,False,2.07
9344,9344.T,アクシスコンサルティング,2025-01,OUT,1,16.99,17.62,True,True,0.62,2025-01,982.0,982.0,982.0,0.0,,,,,,,,,,,,,,,,,,,,,,,,,,,,,2025-02,800.0,-18.53,,,,,,,,,,,,,,,,,,,,,,,,,,,,,,,,,,,tv_wilder_rsi14_sma5_v1,17.62,16.99,True,True,0.62
9347,9347.T,日本管財ホールディングス,2025-01,OUT,2,53.42,53.91,False,False,0.49,2024-12,2680.0,2669.0,2669.0,-0.41,,,,,,,,,,,,,,,,,,,,,,,,,,,,,2025-02,2593.0,-3.25,,,,,,,,,,,,,,,,,,,,,,,,,,,,,,,,,,,tv_wilder_rsi14_sma5_v1,53.91,53.42,False,False,0.49
9348,9348.T,ｉｓｐａｃｅ,2025-01,OUT,2,43.6,44.46,True,False,0.86,2024-12,680.0,671.0,671.0,-1.32,,,,,,,,,,,,,,,,,,,,,,,,,,,,,2025-02,624.0,-8.24,,,,,,,,,,,,,,,,,,,,,,,,,,,,,,,,,,,tv_wilder_rsi14_sma5_v1,44.46,43.6,False,True,0.86
9362,9362.T,兵機海運,2025-01,OUT,6,75.38,79.23,True,True,3.85,2024-08,2495.0,3970.0,3970.0,59.12,,,,,,,,,,,,,,,,,,,,,,,,,,,,,2025-02,3320.0,33.07,,,,,,,,,,,,,,,,,,,,,,,,,,,,,,,,,,,tv_wilder_rsi14_sma5_v1,79.23,75.38,True,True,3.85
9365,9365.T,トレーディア,2025-01,OUT,1,46.9,47.08,True,True,0.18,2025-01,1278.0,1278.0,1278.0,0.0,,,,,,,,,,,,,,,,,,,,,,,,,,,,,2025-02,1266.0,-0.94,,,,,,,,,,,,,,,,,,,,,,,,,,,,,,,,,,,tv_wilder_rsi14_sma5_v1,47.08,46.9,True,True,0.18
9401,9401.T,ＴＢＳホールディングス,2025-01,OUT,2,65.03,68.42,True,True,3.4,2024-12,4051.0,4245.0,4245.0,4.79,,,,,,,,,,,,,,,,,,,,,,,,,,,,,2025-02,4081.0,0.74,,,,,,,,,,,,,,,,,,,,,,,,,,,,,,,,,,,tv_wilder_rsi14_sma5_v1,68.42,65.03,True,True,3.4
9418,9418.T,Ｕ－ＮＥＸＴ　ＨＯＬＤＩＮＧＳ,2025-01,OUT,1,65.22,67.53,False,True,2.31,2025-01,1870.0,1870.0,1870.0,0.0,,,,,,,,,,,,,,,,,,,,,,,,,,,,,2025-02,1785.0,-4.55,,,,,,,,,,,,,,,,,,,,,,,,,,,,,,,,,,,tv_wilder_rsi14_sma5_v1,67.53,65.22,True,False,2.31
9432,9432.T,ＮＴＴ,2025-01,OUT,3,46.21,47.04,False,False,0.84,2024-11,153.4,152.7,152.7,-0.46,,,,,,,,,,,,,,,,,,,,,,,,,,,,,2025-02,145.4,-5.22,,,,,,,,,,,,,,,,,,,,,,,,,,,,,,,,,,,tv_wilder_rsi14_sma5_v1,47.04,46.21,False,False,0.84
9433,9433.T,ＫＤＤＩ,2025-01,OUT,7,60.55,64.88,True,True,4.32,2024-07,2260.0,2593.0,2593.0,14.73,,,,,,,,,,,,,,,,,,,,,,,,,,,,,2025-02,2447.0,8.27,,,,,,,,,,,,,,,,,,,,,,,,,,,,,,,,,,,tv_wilder_rsi14_sma5_v1,64.88,60.55,True,True,4.32
9470,9470.T,学研ホールディングス,2025-01,OUT,2,52.38,53.56,True,False,1.18,2024-12,1063.0,1044.0,1044.0,-1.79,,,,,,,,,,,,,,,,,,,,,,,,,,,,,2025-02,990.0,-6.87,,,,,,,,,,,,,,,,,,,,,,,,,,,,,,,,,,,tv_wilder_rsi14_sma5_v1,53.56,52.38,False,True,1.18
9514,9514.T,エフオン,2025-01,OUT,3,37.12,38.16,True,False,1.05,2024-11,409.0,380.0,380.0,-7.09,,,,,,,,,,,,,,,,,,,,,,,,,,,,,2025-02,363.0,-11.25,,,,,,,,,,,,,,,,,,,,,,,,,,,,,,,,,,,tv_wilder_rsi14_sma5_v1,38.16,37.12,False,True,1.05
9621,9621.T,建設技術研究所,2025-01,OUT,3,58.66,64.88,True,True,6.22,2024-11,2402.5,2659.0,2659.0,10.68,,,,,,,,,,,,,,,,,,,,,,,,,,,,,2025-02,2339.0,-2.64,,,,,,,,,,,,,,,,,,,,,,,,,,,,,,,,,,,tv_wilder_rsi14_sma5_v1,64.88,58.66,True,True,6.22
9678,9678.T,カナモト,2025-01,OUT,2,60.24,60.29,True,False,0.05,2024-12,3360.0,3135.0,3135.0,-6.7,,,,,,,,,,,,,,,,,,,,,,,,,,,,,2025-02,2996.0,-10.83,,,,,,,,,,,,,,,,,,,,,,,,,,,,,,,,,,,tv_wilder_rsi14_sma5_v1,60.29,60.24,False,True,0.05
9686,9686.T,東洋テック,2025-01,OUT,4,63.77,69.01,True,False,5.24,2024-10,1234.0,1385.0,1385.0,12.24,,,,,,,,,,,,,,,,,,,,,,,,,,,,,2025-02,1337.0,8.35,,,,,,,,,,,,,,,,,,,,,,,,,,,,,,,,,,,tv_wilder_rsi14_sma5_v1,69.01,63.77,False,True,5.24
9699,9699.T,ニシオホールディングス,2025-01,OUT,2,58.85,59.32,False,False,0.47,2024-12,4725.0,4285.0,4285.0,-9.31,,,,,,,,,,,,,,,,,,,,,,,,,,,,,2025-02,4085.0,-13.54,,,,,,,,,,,,,,,,,,,,,,,,,,,,,,,,,,,tv_wilder_rsi14_sma5_v1,59.32,58.85,False,False,0.47
9740,9740.T,セントラル警備保障,2025-01,OUT,2,51.35,52.42,True,False,1.06,2024-12,2988.0,2893.0,2893.0,-3.18,,,,,,,,,,,,,,,,,,,,,,,,,,,,,2025-02,2782.0,-6.89,,,,,,,,,,,,,,,,,,,,,,,,,,,,,,,,,,,tv_wilder_rsi14_sma5_v1,52.42,51.35,False,True,1.06
9742,9742.T,アイネス,2025-01,OUT,3,55.46,59.89,True,True,4.43,2024-11,1728.0,1840.0,1840.0,6.48,,,,,,,,,,,,,,,,,,,,,,,,,,,,,2025-02,1740.0,0.69,,,,,,,,,,,,,,,,,,,,,,,,,,,,,,,,,,,tv_wilder_rsi14_sma5_v1,59.89,55.46,True,True,4.43
9743,9743.T,丹青社,2025-01,OUT,2,50.93,52.65,False,False,1.72,2024-12,996.0,904.0,904.0,-9.24,,,,,,,,,,,,,,,,,,,,,,,,,,,,,2025-02,875.0,-12.15,,,,,,,,,,,,,,,,,,,,,,,,,,,,,,,,,,,tv_wilder_rsi14_sma5_v1,52.65,50.93,False,False,1.72
9757,9757.T,船井総研ホールディングス,2025-01,OUT,1,48.17,48.42,True,True,0.25,2025-01,1206.0,1206.0,1206.0,0.0,,,,,,,,,,,,,,,,,,,,,,,,,,,,,2025-02,1195.0,-0.91,,,,,,,,,,,,,,,,,,,,,,,,,,,,,,,,,,,tv_wilder_rsi14_sma5_v1,48.42,48.17,True,True,0.25
9778,9778.T,昴,2025-01,OUT,1,70.67,75.54,True,True,4.87,2025-01,7910.0,7910.0,7910.0,0.0,,,,,,,,,,,,,,,,,,,,,,,,,,,,,2025-02,7130.0,-9.86,,,,,,,,,,,,,,,,,,,,,,,,,,,,,,,,,,,tv_wilder_rsi14_sma5_v1,75.54,70.67,True,True,4.87
9820,9820.T,エムティジェネックス,2025-01,OUT,3,48.22,49.23,True,True,1.01,2024-11,2579.0,2537.0,2537.0,-1.63,,,,,,,,,,,,,,,,,,,,,,,,,,,,,2025-02,2515.0,-2.48,,,,,,,,,,,,,,,,,,,,,,,,,,,,,,,,,,,tv_wilder_rsi14_sma5_v1,49.23,48.22,True,True,1.01
9831,9831.T,ヤマダホールディングス,2025-01,OUT,3,49.68,50.95,True,True,1.27,2024-11,456.9,455.5,455.5,-0.31,,,,,,,,,,,,,,,,,,,,,,,,,,,,,2025-02,431.0,-5.67,,,,,,,,,,,,,,,,,,,,,,,,,,,,,,,,,,,tv_wilder_rsi14_sma5_v1,50.95,49.68,True,True,1.27
9837,9837.T,モリト,2025-01,OUT,3,66.53,68.6,True,False,2.06,2024-11,1469.0,1536.0,1536.0,4.56,,,,,,,,,,,,,,,,,,,,,,,,,,,,,2025-02,1516.0,3.2,,,,,,,,,,,,,,,,,,,,,,,,,,,,,,,,,,,tv_wilder_rsi14_sma5_v1,68.6,66.53,False,True,2.06
9842,9842.T,アークランズ,2025-01,OUT,1,51.21,52.48,False,True,1.27,2025-01,1722.0,1722.0,1722.0,0.0,,,,,,,,,,,,,,,,,,,,,,,,,,,,,2025-02,1620.0,-5.92,,,,,,,,,,,,,,,,,,,,,,,,,,,,,,,,,,,tv_wilder_rsi14_sma5_v1,52.48,51.21,True,False,1.27
9846,9846.T,天満屋ストア,2025-01,OUT,2,38.09,38.84,True,False,0.75,2024-12,1014.0,987.0,987.0,-2.66,,,,,,,,,,,,,,,,,,,,,,,,,,,,,2025-02,963.0,-5.03,,,,,,,,,,,,,,,,,,,,,,,,,,,,,,,,,,,tv_wilder_rsi14_sma5_v1,38.84,38.09,False,True,0.75
9867,9867.T,ソレキア,2025-01,OUT,1,49.24,52.01,False,True,2.77,2025-01,5990.0,5990.0,5990.0,0.0,,,,,,,,,,,,,,,,,,,,,,,,,,,,,2025-02,5680.0,-5.18,,,,,,,,,,,,,,,,,,,,,,,,,,,,,,,,,,,tv_wilder_rsi14_sma5_v1,52.01,49.24,True,False,2.77
9880,9880.T,イノテック,2025-01,OUT,1,43.35,43.89,False,True,0.54,2025-01,1411.0,1411.0,1411.0,0.0,,,,,,,,,,,,,,,,,,,,,,,,,,,,,2025-02,1378.0,-2.34,,,,,,,,,,,,,,,,,,,,,,,,,,,,,,,,,,,tv_wilder_rsi14_sma5_v1,43.89,43.35,True,False,0.54
9889,9889.T,ＪＢＣＣホールディングス,2025-01,OUT,1,72.0,73.09,False,True,1.09,2025-01,1206.25,1206.25,1206.25,0.0,,,,,,,,,,,,,,,,,,,,,,,,,,,,,2025-02,1111.25,-7.88,,,,,,,,,,,,,,,,,,,,,,,,,,,,,,,,,,,tv_wilder_rsi14_sma5_v1,73.09,72.0,True,False,1.09
9928,9928.T,ミロク情報サービス,2025-01,OUT,3,54.98,55.05,True,False,0.07,2024-11,1896.0,1914.0,1914.0,0.95,,,,,,,,,,,,,,,,,,,,,,,,,,,,,2025-02,1828.0,-3.59,,,,,,,,,,,,,,,,,,,,,,,,,,,,,,,,,,,tv_wilder_rsi14_sma5_v1,55.05,54.98,False,True,0.07
9962,9962.T,ミスミグループ本社,2025-01,OUT,1,43.94,44.38,False,True,0.44,2025-01,2499.5,2499.5,2499.5,0.0,,,,,,,,,,,,,,,,,,,,,,,,,,,,,2025-02,2426.5,-2.92,,,,,,,,,,,,,,,,,,,,,,,,,,,,,,,,,,,tv_wilder_rsi14_sma5_v1,44.38,43.94,True,False,0.44
9979,9979.T,大庄,2025-01,OUT,2,42.97,47.29,True,True,4.33,2024-12,1077.0,1113.0,1113.0,3.34,,,,,,,,,,,,,,,,,,,,,,,,,,,,,2025-02,1042.0,-3.25,,,,,,,,,,,,,,,,,,,,,,,,,,,,,,,,,,,tv_wilder_rsi14_sma5_v1,47.29,42.97,True,True,4.33
9982,9982.T,タキヒヨー,2025-01,OUT,2,57.33,64.7,True,False,7.37,2024-12,1544.0,1543.0,1543.0,-0.06,,,,,,,,,,,,,,,,,,,,,,,,,,,,,2025-02,1421.0,-7.97,,,,,,,,,,,,,,,,,,,,,,,,,,,,,,,,,,,tv_wilder_rsi14_sma5_v1,64.7,57.33,False,True,7.37
9984,9984.T,ソフトバンクグループ,2025-01,OUT,2,58.85,59.93,True,True,1.08,2024-12,2296.25,2352.75,2352.75,2.46,,,,,,,,,,,,,,,,,,,,,,,,,,,,,2025-02,2068.25,-9.93,,,,,,,,,,,,,,,,,,,,,,,,,,,,,,,,,,,tv_wilder_rsi14_sma5_v1,59.93,58.85,True,True,1.08
