code,ticker,name,signal_month,status,months_active,rsi14,rsi5,rsi14_up,rsi5_up,diff,gc_month,gc_price,signal_month_close,period_price,return_since_gc_pct,sma25,sma75,sma200,price_above_sma25,price_above_sma75,price_above_sma200,perfect_order,sma25_up,sma75_up,sma200_up,avg_volume30,high52_price,high52_distance_pct,high52_breakout,volume_ratio_5_30,atr14_pct,atr_ratio_10_20,vcp_tight,stage,supertrend_up,rsr_score,rsr_momentum,mvp_signal,cosmos_focus,cosmos_focus_type
5310,5310.T,東洋炭素,2025-07,CONTINUE,3,27.41,97.74,True,True,70.33,2025-05,4250.0,4870.0,4870.0,14.59,4101.6,3969.07,4577.0,True,True,False,False,True,True,False,78867.0,7540.0,-43.63,False,0.95,2.11,0.95,True,4,True,-12.46,2.73,False,False,
7715,7715.T,長野計器,2025-07,NEW,1,20.38,90.46,False,True,70.08,2025-07,2099.0,2099.0,2099.0,0.0,1973.44,1904.76,2120.69,True,True,False,False,True,True,False,73367.0,3135.0,-33.05,False,1.16,1.57,1.09,False,4,True,-6.11,2.49,False,False,
6674,6674.T,ジーエス・ユアサコーポレーション,2025-07,CONTINUE,3,32.83,100.0,False,True,67.17,2025-05,2641.0,2730.0,2730.0,3.37,2555.9,2452.12,2583.36,True,True,True,False,True,True,False,490773.0,3407.0,-22.48,False,1.09,2.37,0.87,True,3,True,0.5,1.32,False,False,
9507,9507.T,四国電力,2025-07,CONTINUE,2,31.95,99.06,False,True,67.11,2025-06,1207.5,1260.0,1260.0,4.35,1172.38,1161.3,1208.29,True,True,False,False,True,True,False,668143.0,1426.5,-15.35,False,1.15,1.92,1.04,False,4,True,-3.12,0.94,False,False,
6905,6905.T,コーセル,2025-07,CONTINUE,4,33.87,100.0,True,True,66.13,2025-04,1075.0,1172.0,1172.0,9.02,1037.68,1037.63,1127.34,True,True,False,False,False,False,False,115473.0,1538.0,-30.1,False,0.64,2.17,0.55,True,4,True,-10.22,2.19,False,False,
3679,3679.T,じげん,2025-07,CONTINUE,3,34.14,100.0,False,True,65.86,2025-05,464.0,510.0,510.0,9.91,447.48,440.36,498.18,True,True,False,False,True,False,False,265630.0,666.0,-30.33,False,1.09,2.62,1.06,False,4,True,-8.58,1.61,False,False,
6367,6367.T,ダイキン工業,2025-07,NEW,1,35.03,100.0,True,True,64.97,2025-07,18625.0,18625.0,18625.0,0.0,18181.6,16891.13,17446.65,True,True,True,False,True,True,True,1274330.0,22890.0,-18.63,False,0.73,2.56,0.95,True,3,True,1.85,1.72,False,False,
6997,6997.T,日本ケミコン,2025-07,CONTINUE,4,35.47,100.0,True,True,64.53,2025-04,973.0,1261.0,1261.0,29.6,871.04,912.97,1072.69,True,True,False,False,False,False,False,222880.0,1735.0,-43.92,False,0.76,3.65,0.7,True,4,True,-18.1,5.23,False,False,
7679,7679.T,薬王堂ホールディングス,2025-07,CONTINUE,4,35.92,98.78,True,True,62.87,2025-04,2025.0,2314.0,2314.0,14.27,1874.96,1886.17,2179.37,True,True,False,False,False,False,False,42617.0,2912.0,-30.46,False,1.08,2.91,0.89,True,4,True,-10.1,6.34,False,False,
2695,2695.T,くら寿司,2025-07,CONTINUE,3,41.7,100.0,True,False,58.3,2025-05,1595.0,2082.5,2082.5,30.56,1590.5,1552.66,1682.23,True,True,False,False,False,True,False,474847.0,2525.0,-36.83,False,0.51,1.55,0.91,True,4,False,-11.83,-1.56,False,False,
9501,9501.T,東京電力ホールディングス,2025-07,CONTINUE,3,27.92,85.66,True,True,57.74,2025-05,397.5,575.0,575.0,44.65,411.56,413.88,513.39,False,False,False,False,False,False,False,25232473.0,1033.0,-61.52,False,0.78,2.15,0.83,True,4,False,-25.95,0.31,False,False,
2768,2768.T,双日,2025-07,CONTINUE,5,35.71,93.03,True,False,57.32,2025-03,3282.0,3606.0,3606.0,9.87,3360.96,3235.64,3372.04,False,True,False,False,True,True,False,1221697.0,4408.0,-25.54,False,0.97,2.13,1.2,False,4,False,-3.06,2.16,False,False,
5714,5714.T,ＤＯＷＡホールディングス,2025-07,CONTINUE,4,33.19,89.82,True,True,56.63,2025-04,4578.0,4958.0,4958.0,8.3,4480.72,4588.84,4832.45,True,False,False,False,False,False,False,207947.0,6236.0,-26.59,False,0.62,2.82,0.6,True,4,True,-10.8,1.39,False,False,
8053,8053.T,住友商事,2025-07,CONTINUE,6,43.77,100.0,True,True,56.23,2025-02,838.5,965.0,965.0,15.09,835.93,827.33,878.82,True,True,False,False,True,True,False,11661587.0,1108.25,-24.34,False,1.42,2.46,0.91,True,4,True,-3.67,0.12,False,False,
4565,4565.T,ネクセラファーマ,2025-07,CONTINUE,3,27.23,83.33,True,True,56.11,2025-05,908.0,920.0,920.0,1.32,856.08,864.0,1079.86,True,True,False,False,True,False,False,764983.0,1754.0,-48.23,False,1.14,3.03,0.98,True,4,True,-19.39,2.46,True,False,
2175,2175.T,エス・エム・エス,2025-07,CONTINUE,4,39.2,93.71,True,True,54.51,2025-04,1326.5,1528.0,1528.0,15.19,1127.28,1277.0,1692.58,True,True,False,False,False,False,False,479350.0,2341.0,-43.34,False,1.71,3.7,0.86,True,4,True,-30.88,3.85,True,False,
7516,7516.T,コーナン商事,2025-07,CONTINUE,5,35.15,89.33,True,True,54.18,2025-03,3740.0,3900.0,3900.0,4.28,3675.4,3603.27,3729.65,True,True,True,False,True,True,False,152583.0,4760.0,-21.43,False,0.58,1.5,0.88,True,3,True,-2.92,1.71,False,False,
7004,7004.T,カナデビア,2025-07,NEW,1,44.99,99.14,True,True,54.14,2025-07,1023.0,1023.0,1023.0,0.0,993.12,943.25,954.66,True,True,True,False,True,True,True,583347.0,1157.0,-11.58,False,0.98,1.71,1.06,False,1,True,2.3,-1.23,False,False,
9509,9509.T,北海道電力,2025-07,CONTINUE,2,21.6,75.45,False,True,53.85,2025-06,751.1,906.9,906.9,20.74,708.85,720.72,814.43,True,True,False,False,False,False,False,3274953.0,1429.0,-47.44,False,1.08,2.5,1.24,False,4,True,-17.82,1.89,False,False,
7280,7280.T,ミツバ,2025-07,CONTINUE,4,36.06,89.89,True,True,53.83,2025-04,838.0,858.0,858.0,2.39,790.48,830.79,899.12,True,True,False,False,False,False,False,178970.0,1489.0,-43.72,False,0.49,3.52,0.5,True,4,True,-16.06,4.69,False,False,
8031,8031.T,三井物産,2025-07,CONTINUE,2,29.12,82.52,False,True,53.4,2025-06,2947.0,3100.0,3100.0,5.19,2948.94,2856.96,3001.69,False,True,False,False,True,True,False,6258620.0,3889.0,-24.22,False,1.02,1.79,1.06,False,4,True,-4.62,-0.56,False,False,
8167,8167.T,リテールパートナーズ,2025-07,CONTINUE,5,32.79,85.78,False,True,52.99,2025-03,1347.0,1443.0,1443.0,7.13,1322.16,1280.17,1383.62,True,True,False,False,True,True,False,112290.0,1909.0,-29.44,False,0.7,2.21,0.91,True,4,True,-6.16,2.62,False,False,
6941,6941.T,山一電機,2025-07,CONTINUE,3,39.8,92.73,False,True,52.93,2025-05,2376.0,2905.0,2905.0,22.26,2191.28,2108.39,2353.43,True,True,True,False,True,False,False,199197.0,3865.0,-38.53,False,0.59,3.2,0.85,True,3,True,-5.99,4.06,False,False,
9534,9534.T,北海道瓦斯,2025-07,CONTINUE,2,33.25,86.05,False,True,52.8,2025-06,594.0,609.0,609.0,2.53,563.32,537.72,551.88,True,True,True,False,True,True,False,127427.0,713.0,-16.69,False,1.1,1.92,1.05,False,3,True,4.53,2.78,False,False,
4088,4088.T,エア・ウォーター,2025-07,CONTINUE,4,47.43,100.0,True,True,52.57,2025-04,1944.0,2243.0,2243.0,15.38,1863.98,1894.83,1942.89,True,True,True,False,False,False,False,569320.0,2427.0,-19.9,False,0.87,1.95,0.53,True,3,True,-4.64,3.13,False,False,
7616,7616.T,コロワイド,2025-07,CONTINUE,6,47.77,100.0,True,True,52.23,2025-02,1694.5,1959.0,1959.0,15.61,1701.78,1698.9,1817.92,False,False,False,False,True,True,False,373463.0,2280.5,-25.7,False,1.03,1.64,1.0,False,4,True,-9.85,0.76,False,False,
8058,8058.T,三菱商事,2025-07,CONTINUE,4,39.92,91.97,True,True,52.05,2025-04,2712.0,2988.0,2988.0,10.18,2575.04,2542.44,2742.08,True,True,False,False,False,False,False,15773033.0,3775.0,-28.16,False,0.82,2.64,0.55,True,4,True,-4.92,3.66,False,False,
3191,3191.T,ジョイフル本田,2025-07,CONTINUE,4,48.1,100.0,True,False,51.9,2025-04,2028.0,2088.0,2088.0,2.96,2014.12,1946.95,1992.11,True,True,True,False,True,True,False,197367.0,2308.0,-12.13,False,0.82,1.75,0.64,True,3,True,0.72,1.15,False,False,
3076,3076.T,あい   ホールディングス,2025-07,CONTINUE,4,48.45,100.0,True,True,51.55,2025-04,2113.0,2421.0,2421.0,14.58,2051.28,2022.45,2202.91,True,True,False,False,True,False,False,174930.0,2693.0,-21.54,False,0.66,1.78,0.53,True,4,True,-5.65,2.74,False,False,
4151,4151.T,協和キリン,2025-07,CONTINUE,3,48.76,100.0,True,True,51.24,2025-05,2353.5,2597.0,2597.0,10.35,2211.94,2165.99,2477.95,True,True,False,False,True,False,False,1289403.0,3350.0,-29.75,False,1.04,2.55,0.84,True,4,True,-3.5,3.54,True,False,
2433,2433.T,博報堂ＤＹホールディングス,2025-07,CONTINUE,2,42.56,93.65,True,True,51.09,2025-06,1195.5,1195.5,1195.5,0.0,1148.44,1107.18,1147.26,True,True,True,False,True,True,False,629513.0,1274.0,-6.16,False,1.06,1.81,0.93,True,3,True,4.58,2.1,False,False,
7180,7180.T,九州フィナンシャルグループ,2025-07,CONTINUE,7,29.16,80.19,True,True,51.03,2025-01,790.1,779.7,779.7,-1.32,753.02,735.62,828.25,True,True,False,False,True,True,False,1426977.0,1216.0,-35.02,False,0.91,2.39,0.97,True,4,True,-2.76,2.22,False,False,
4569,4569.T,杏林製薬,2025-07,CONTINUE,5,35.59,86.6,True,True,51.02,2025-03,1502.0,1523.0,1523.0,1.4,1537.28,1474.43,1545.26,False,True,False,False,True,True,False,192557.0,1880.0,-20.11,False,0.67,1.75,0.5,True,4,False,-4.02,0.55,False,False,
3431,3431.T,宮地エンジニアリンググループ,2025-07,NEW,1,37.29,88.1,False,True,50.81,2025-07,1969.0,1969.0,1969.0,0.0,1898.44,1844.87,1882.11,True,True,True,False,True,True,False,71297.0,2505.0,-21.4,False,0.98,1.04,0.94,True,3,True,-1.01,0.6,False,False,
3649,3649.T,ファインデックス,2025-07,NEW,1,36.86,87.01,True,True,50.15,2025-07,766.0,766.0,766.0,0.0,739.08,728.43,777.14,True,True,False,False,True,True,False,57643.0,1121.0,-31.67,False,1.34,1.56,0.98,True,4,True,-6.68,-0.34,False,False,
6841,6841.T,横河電機,2025-07,CONTINUE,3,49.89,100.0,False,True,50.11,2025-05,3549.0,4029.0,4029.0,13.52,3315.34,3060.1,3353.63,True,True,True,False,True,True,False,1214977.0,4175.0,-14.99,False,1.31,2.3,0.96,True,3,True,7.42,6.06,False,False,
3539,3539.T,ＪＭホールディングス,2025-07,CONTINUE,2,47.06,96.95,False,True,49.89,2025-06,1309.5,1443.0,1443.0,10.19,1265.7,1229.79,1307.62,True,True,True,False,True,True,False,66800.0,1692.5,-22.63,False,1.76,2.25,1.08,False,3,True,-0.49,2.64,False,False,
2875,2875.T,東洋水産,2025-07,NEW,1,40.65,89.66,False,True,49.01,2025-07,9665.0,9665.0,9665.0,0.0,9520.48,9363.12,9533.73,True,True,True,False,True,True,True,395303.0,11085.0,-12.81,False,1.23,2.49,1.14,False,1,True,2.4,2.07,False,False,
1959,1959.T,クラフティア,2025-07,CONTINUE,3,50.44,99.44,True,True,49.0,2025-05,5314.0,6457.0,6457.0,21.51,5044.2,4798.65,5419.08,True,True,False,False,True,False,False,261187.0,7084.0,-24.99,False,0.72,1.93,0.83,True,4,True,2.18,6.28,False,False,
6653,6653.T,正興電機製作所,2025-07,CONTINUE,4,51.46,100.0,True,True,48.54,2025-04,1263.0,1563.0,1563.0,23.75,1130.24,1157.23,1215.88,True,True,True,False,False,False,False,73033.0,1630.0,-22.52,False,2.61,2.58,0.72,True,3,True,-0.63,4.97,False,False,
4536,4536.T,参天製薬,2025-07,CONTINUE,2,51.73,100.0,False,True,48.27,2025-06,1653.0,1669.5,1669.5,1.0,1648.82,1509.65,1594.16,True,True,True,False,True,True,False,1289240.0,1878.5,-12.0,False,1.0,1.83,0.9,True,3,True,6.67,0.89,False,False,
4958,4958.T,長谷川香料,2025-07,NEW,1,51.95,100.0,True,True,48.05,2025-07,3135.0,3135.0,3135.0,0.0,3046.84,2938.11,3010.43,True,True,True,False,True,True,False,66633.0,3525.0,-11.06,False,0.7,1.56,0.96,True,3,True,1.54,0.02,False,False,
5844,5844.T,京都フィナンシャルグループ,2025-07,CONTINUE,5,47.76,95.75,True,True,47.99,2025-03,2275.5,2743.0,2743.0,20.54,2278.16,2261.11,2374.76,False,True,False,False,True,False,False,2378357.0,2962.5,-23.19,False,0.58,2.86,1.08,False,4,True,-4.07,3.72,False,False,
6490,6490.T,ＰＩＬＬＡＲ,2025-07,CONTINUE,3,28.98,76.97,True,True,47.99,2025-05,3765.0,3910.0,3910.0,3.85,3697.4,3552.68,4032.26,True,True,False,False,True,False,False,66063.0,5810.0,-35.2,False,0.81,2.91,0.84,True,4,True,-11.66,3.37,False,False,
3148,3148.T,クリエイトＳＤホールディングス,2025-07,CONTINUE,4,52.3,100.0,True,True,47.7,2025-04,3045.0,3445.0,3445.0,13.14,2963.44,2865.49,3006.4,True,True,True,False,True,True,False,131020.0,3675.0,-17.14,False,1.47,2.11,0.78,True,3,True,-0.93,2.57,False,False,
6584,6584.T,三櫻工業,2025-07,CONTINUE,4,24.16,71.81,True,True,47.65,2025-04,618.0,700.0,700.0,13.27,600.76,660.92,743.89,True,False,False,False,False,False,False,159963.0,1172.0,-47.27,False,0.62,3.05,0.5,True,4,True,-25.87,2.59,False,False,
6302,6302.T,住友重機械工業,2025-07,CONTINUE,4,29.06,76.1,True,True,47.04,2025-04,2971.0,3366.0,3366.0,13.3,2943.46,3061.07,3316.11,True,False,False,False,False,False,False,505563.0,4669.0,-36.37,False,1.14,3.12,0.69,True,4,True,-18.77,1.13,False,False,
7581,7581.T,サイゼリヤ,2025-07,CONTINUE,2,52.06,99.07,True,True,47.0,2025-06,5000.0,5340.0,5340.0,6.8,5028.0,4639.73,4968.6,False,True,True,False,True,True,False,283247.0,6420.0,-22.12,False,0.82,2.25,0.88,True,3,True,1.71,-1.14,False,False,
4212,4212.T,積水樹脂,2025-07,CONTINUE,2,41.63,88.61,True,True,46.98,2025-06,1971.0,2166.0,2166.0,9.89,1915.32,1878.87,2039.36,True,True,False,False,True,True,False,61207.0,2650.0,-25.62,False,1.1,1.68,0.92,True,4,True,-7.2,0.85,False,False,
4203,4203.T,住友ベークライト,2025-07,CONTINUE,3,51.14,97.88,True,True,46.74,2025-05,3944.0,4424.0,4424.0,12.17,3536.12,3428.71,3688.97,True,True,True,False,True,False,False,275487.0,4812.0,-18.04,False,1.57,2.51,1.03,False,3,True,5.06,7.94,False,False,
6856,6856.T,堀場製作所,2025-07,CONTINUE,7,42.84,89.57,True,True,46.72,2025-01,9783.0,11240.0,11240.0,14.89,9299.04,9088.85,10877.48,True,True,False,False,True,False,False,195313.0,16225.0,-39.7,False,1.04,2.24,1.0,True,4,True,-11.17,2.77,True,False,
7729,7729.T,東京精密,2025-07,CONTINUE,4,42.55,89.2,False,False,46.65,2025-04,7970.0,9550.0,9550.0,19.82,7660.32,7972.35,8204.91,True,False,False,False,False,True,False,312683.0,13800.0,-42.25,False,0.8,4.01,0.59,True,4,True,-9.47,3.0,False,False,
6706,6706.T,電気興業,2025-07,CONTINUE,5,53.47,100.0,True,True,46.53,2025-03,1781.0,2185.0,2185.0,22.68,1698.84,1670.27,1878.49,True,True,False,False,True,False,False,50600.0,2292.0,-22.29,False,0.5,3.2,1.25,False,4,True,-3.77,6.48,False,False,
6728,6728.T,アルバック,2025-07,CONTINUE,2,11.12,57.61,False,True,46.49,2025-06,5306.0,5607.0,5607.0,5.67,5058.36,4969.61,5957.15,True,True,False,False,True,False,False,320500.0,11000.0,-51.76,False,1.5,2.43,1.13,False,4,True,-18.41,2.22,True,False,
4275,4275.T,カーリット,2025-07,CONTINUE,2,53.58,100.0,True,True,46.42,2025-06,1226.0,1313.0,1313.0,7.1,1190.08,1102.29,1167.69,True,True,True,False,True,True,True,168693.0,1579.0,-22.36,False,1.0,3.33,1.0,False,1,True,7.13,3.14,False,False,
3186,3186.T,ネクステージ,2025-07,CONTINUE,5,35.05,81.12,True,True,46.07,2025-03,1513.0,1899.0,1899.0,25.51,1530.84,1466.13,1715.9,False,True,False,False,True,True,False,380947.0,3055.0,-50.47,False,1.32,2.91,1.06,False,4,False,-13.29,4.29,False,False,
6113,6113.T,アマダ,2025-07,CONTINUE,4,47.16,93.22,True,True,46.06,2025-04,1426.0,1706.5,1706.5,19.67,1375.88,1471.71,1515.67,True,False,False,False,False,False,False,1536077.0,1911.5,-25.4,False,0.81,2.55,0.58,True,4,True,-12.75,1.41,False,False,
1979,1979.T,大氣社,2025-07,CONTINUE,2,54.0,100.0,False,True,46.0,2025-06,2581.0,2719.0,2719.0,5.35,2488.08,2367.9,2379.14,True,True,True,False,True,True,True,185910.0,2720.0,-5.11,False,0.73,1.44,1.0,True,1,True,8.35,1.48,False,False,
7282,7282.T,豊田合成,2025-07,CONTINUE,8,54.1,100.0,True,True,45.9,2024-12,2781.5,3206.0,3206.0,15.26,2627.0,2555.19,2754.99,True,True,True,False,True,True,False,311350.0,3423.0,-18.74,False,0.78,1.88,1.02,False,3,True,2.56,3.88,False,False,
6504,6504.T,富士電機,2025-07,CONTINUE,2,35.05,80.82,True,True,45.77,2025-06,6654.0,7577.0,7577.0,13.87,6503.04,6342.2,7371.17,True,True,False,False,True,False,False,770183.0,9593.0,-30.64,False,0.92,2.2,0.93,True,4,True,-12.69,0.71,False,False,
4886,4886.T,あすか製薬ホールディングス,2025-07,CONTINUE,4,54.42,100.0,True,False,45.58,2025-04,2324.0,2478.0,2478.0,6.63,2289.84,2126.49,2162.38,True,True,True,False,True,True,False,46670.0,2720.0,-14.56,False,1.39,2.71,0.78,True,3,True,9.02,2.96,False,False,
6370,6370.T,栗田工業,2025-07,CONTINUE,3,39.92,85.46,False,True,45.55,2025-05,5407.0,5860.0,5860.0,8.38,5078.72,4880.55,5445.22,True,True,False,False,True,False,False,529667.0,7182.0,-24.71,False,0.75,2.26,0.84,True,4,True,-4.29,3.14,False,False,
8173,8173.T,Ｊｏｓｈｉｎ,2025-07,CONTINUE,3,43.43,88.92,False,True,45.49,2025-05,2276.0,2462.0,2462.0,8.17,2234.36,2204.2,2391.12,True,True,False,False,True,False,False,66673.0,2861.0,-20.45,False,0.73,1.35,0.75,True,4,True,-4.56,2.07,False,False,
6196,6196.T,ストライクグループ,2025-07,CONTINUE,3,46.98,92.45,True,True,45.47,2025-05,1208.33,1320.0,1320.0,9.24,1156.21,1059.72,1222.4,True,True,False,False,True,True,False,472850.0,1596.67,-24.32,False,0.62,2.45,0.7,True,4,True,2.18,4.88,False,False,
2053,2053.T,中部飼料,2025-07,CONTINUE,4,54.62,100.0,False,True,45.38,2025-04,1429.0,1684.0,1684.0,17.84,1371.92,1329.88,1389.37,True,True,True,False,True,True,False,59593.0,1648.0,-13.29,False,0.92,2.41,0.7,True,3,True,8.33,4.67,False,False,
4928,4928.T,ノエビアホールディングス,2025-07,CONTINUE,2,35.81,81.13,True,True,45.32,2025-06,4330.0,4610.0,4610.0,6.47,4286.4,4219.27,4623.75,True,True,False,False,True,True,False,47223.0,5890.0,-26.49,False,1.03,0.94,0.87,True,4,True,-9.49,-0.12,False,False,
3984,3984.T,ユーザーローカル,2025-07,CONTINUE,3,44.58,89.82,True,True,45.24,2025-05,1884.0,1912.0,1912.0,1.49,1740.44,1708.93,1806.57,True,True,True,False,True,False,False,52007.0,2268.0,-16.93,False,1.01,2.73,0.98,True,3,True,0.25,3.55,False,False,
9536,9536.T,西部ガスホールディングス,2025-07,CONTINUE,4,44.02,89.24,True,True,45.22,2025-04,1719.0,1852.0,1852.0,7.74,1705.64,1691.25,1773.85,True,True,False,False,True,False,False,78827.0,2061.0,-16.59,False,0.58,1.58,0.68,True,4,True,-4.5,1.92,False,False,
9381,9381.T,エーアイテイー,2025-07,CONTINUE,4,53.81,99.0,True,True,45.2,2025-04,1750.0,1875.0,1875.0,7.14,1680.12,1665.95,1722.51,True,True,True,False,True,False,False,49697.0,2020.0,-13.37,False,0.71,3.45,0.79,True,3,True,-0.22,3.81,False,False,
4062,4062.T,イビデン,2025-07,CONTINUE,4,50.89,95.98,False,True,45.09,2025-04,1976.0,3230.0,3230.0,63.46,1867.54,2045.79,2322.92,True,False,False,False,False,False,False,3754180.0,3594.0,-45.02,False,0.94,4.96,0.67,True,4,True,-25.76,1.37,False,False,
8078,8078.T,阪和興業,2025-07,CONTINUE,4,43.24,88.27,True,True,45.03,2025-04,949.0,1220.0,1220.0,28.56,927.68,964.88,1001.14,True,False,False,False,False,False,False,429100.0,1354.0,-29.91,False,0.61,2.57,0.49,True,4,True,-9.12,2.26,False,False,
4187,4187.T,大阪有機化学工業,2025-07,CONTINUE,2,40.46,85.19,True,True,44.73,2025-06,2600.0,2948.0,2948.0,13.38,2506.76,2446.33,2688.77,True,True,False,False,True,False,False,55367.0,4255.0,-38.9,False,1.39,2.35,1.14,False,4,True,-8.58,0.89,True,False,
8002,8002.T,丸紅,2025-07,CONTINUE,5,51.41,96.14,False,True,44.73,2025-03,2379.5,3113.0,3113.0,30.83,2442.16,2342.81,2483.7,False,True,False,False,True,True,False,6659223.0,3158.0,-24.65,False,0.8,2.76,1.15,False,4,False,-1.55,3.05,False,False,
7994,7994.T,オカムラ,2025-07,CONTINUE,7,55.31,100.0,True,True,44.69,2025-01,1986.0,2382.0,2382.0,19.94,1979.32,1978.07,2078.82,True,True,False,False,False,False,False,167733.0,2452.0,-19.0,False,1.23,1.6,0.97,True,4,False,-5.31,0.49,False,False,
9274,9274.T,ＫＰＰグループホールディングス,2025-07,CONTINUE,3,43.71,88.36,False,True,44.64,2025-05,722.0,781.0,781.0,8.17,675.72,663.44,662.45,True,True,True,True,True,True,False,225917.0,857.0,-15.75,False,0.95,1.96,1.03,False,3,True,3.42,2.01,False,False,
6471,6471.T,日本精工,2025-07,CONTINUE,4,44.05,88.67,True,True,44.62,2025-04,624.0,725.5,725.5,16.27,606.65,638.3,687.7,True,False,False,False,False,False,False,2683183.0,880.6,-29.14,False,0.66,2.42,0.55,True,4,True,-15.36,1.64,False,False,
7366,7366.T,LITALICO,2025-07,CONTINUE,7,42.16,86.24,True,True,44.08,2025-01,1107.0,1426.0,1426.0,28.82,888.56,985.0,1339.71,True,True,False,False,False,False,False,267603.0,2308.0,-52.04,False,2.49,3.6,1.29,False,4,True,-25.65,8.55,True,False,
5202,5202.T,日本板硝子,2025-07,CONTINUE,9,55.94,100.0,True,False,44.06,2024-11,334.0,503.0,503.0,50.6,351.28,358.95,430.71,False,False,False,False,False,False,False,774810.0,678.0,-50.74,False,1.34,2.69,0.91,True,4,False,-24.96,0.09,False,False,
7085,7085.T,カーブスホールディングス,2025-07,NEW,1,50.59,94.64,True,True,44.05,2025-07,748.0,748.0,748.0,0.0,701.08,686.29,718.65,True,True,True,False,True,True,False,233727.0,847.0,-11.69,False,1.35,2.34,1.04,False,3,True,1.88,1.24,False,False,
5852,5852.T,アーレスティ,2025-07,CONTINUE,7,56.29,100.0,False,False,43.71,2025-01,609.0,801.0,801.0,31.53,601.96,560.95,636.67,True,True,False,False,True,True,False,244713.0,859.0,-29.1,False,1.11,2.19,1.06,False,4,True,-6.75,2.37,False,False,
8802,8802.T,三菱地所,2025-07,CONTINUE,5,56.36,100.0,True,True,43.64,2025-03,2432.0,2836.0,2836.0,16.61,2314.78,2222.9,2320.86,True,True,True,False,True,True,False,4824147.0,3082.0,-21.09,False,1.5,3.23,1.3,False,3,True,5.19,5.94,False,False,
8015,8015.T,豊田通商,2025-07,CONTINUE,5,56.24,99.8,True,True,43.56,2025-03,2493.0,3471.0,3471.0,39.23,2585.76,2608.36,2720.5,False,False,False,False,True,False,False,2117947.0,3545.0,-29.68,False,1.02,2.57,1.14,False,4,False,-11.28,1.38,False,False,
9702,9702.T,アイ・エス・ビー,2025-07,CONTINUE,2,56.55,100.0,True,True,43.45,2025-06,1356.0,1507.0,1507.0,11.14,1358.64,1337.87,1367.25,False,True,False,False,False,True,False,13843.0,1619.0,-16.24,False,1.16,1.09,0.81,True,4,True,-3.05,-0.59,False,False,
5946,5946.T,長府製作所,2025-07,CONTINUE,2,32.26,75.46,True,True,43.2,2025-06,1827.0,2004.0,2004.0,9.69,1823.44,1821.48,1896.09,True,True,False,False,True,False,False,54700.0,2257.0,-19.05,False,1.57,1.22,1.15,False,4,True,-6.78,0.83,False,False,
8065,8065.T,佐藤商事,2025-07,CONTINUE,7,50.38,93.56,True,True,43.19,2025-01,1456.0,1681.0,1681.0,15.45,1434.36,1407.63,1516.16,True,True,False,False,True,True,False,16457.0,1852.0,-21.38,False,0.79,1.8,1.0,False,4,False,-4.33,0.25,False,False,
1969,1969.T,高砂熱学工業,2025-07,CONTINUE,2,56.83,100.0,False,True,43.17,2025-06,3543.5,3688.0,3688.0,4.08,3374.82,3088.86,2910.93,True,True,True,True,True,True,True,463680.0,3533.5,0.28,True,0.87,2.19,1.06,False,2,True,24.21,0.37,False,True,BREAKOUT
3180,3180.T,ビューティガレージ,2025-07,CONTINUE,5,37.77,80.73,False,True,42.96,2025-03,1560.0,1709.0,1709.0,9.55,1524.92,1414.19,1487.62,True,True,True,False,True,True,False,57627.0,2430.0,-35.8,False,1.14,3.12,0.93,True,3,False,-0.12,7.76,False,False,
2127,2127.T,日本Ｍ＆Ａセンターホールディングス,2025-07,CONTINUE,4,52.55,95.48,True,True,42.93,2025-04,583.0,760.0,760.0,30.36,570.82,607.49,651.94,True,False,False,False,False,False,False,3177773.0,923.0,-36.84,False,0.77,2.57,0.62,True,4,True,-19.83,2.55,False,False,
3193,3193.T,エターナルホスピタリティグループ,2025-07,CONTINUE,3,40.13,83.0,True,True,42.86,2025-05,2958.0,3065.0,3065.0,3.62,2876.44,2705.79,3081.9,True,True,False,False,True,True,False,70353.0,4295.0,-31.13,False,0.84,1.78,0.91,True,4,True,-2.13,4.41,False,False,
9503,9503.T,関西電力,2025-07,CONTINUE,2,19.86,62.64,False,True,42.78,2025-06,1709.0,1821.5,1821.5,6.58,1625.96,1684.99,1906.59,True,True,False,False,False,False,False,4094760.0,2824.0,-39.48,False,0.97,1.83,1.05,False,4,True,-15.13,2.26,False,False,
3179,3179.T,シュッピン,2025-07,CONTINUE,5,48.55,91.24,False,True,42.7,2025-03,1131.0,1272.0,1272.0,12.47,1045.12,1047.03,1172.29,True,True,False,False,False,True,False,392290.0,1547.0,-26.89,False,1.1,3.06,1.04,False,4,True,-1.68,5.21,False,False,
9502,9502.T,中部電力,2025-07,CONTINUE,4,37.65,80.33,False,True,42.67,2025-04,1852.0,1845.5,1845.5,-0.35,1668.82,1629.85,1686.99,True,True,True,False,True,True,False,3004473.0,2218.5,-16.52,False,1.47,2.32,0.81,True,3,True,6.33,4.81,True,False,
7189,7189.T,西日本フィナンシャルホールディングス,2025-07,NEW,1,56.32,98.87,True,True,42.55,2025-07,2401.0,2401.0,2401.0,0.0,2272.88,2147.04,2023.22,True,True,True,True,True,True,True,334137.0,2455.0,-2.2,False,1.17,2.45,1.12,False,2,True,21.71,0.2,True,True,MVP
8585,8585.T,オリエントコーポレーション,2025-07,CONTINUE,4,46.48,88.93,True,True,42.46,2025-04,783.0,1000.0,1000.0,27.71,755.12,793.37,869.8,True,False,False,False,False,False,False,915453.0,1058.0,-25.99,False,0.41,1.92,0.5,True,4,True,-13.95,3.53,False,False,
4301,4301.T,アミューズ,2025-07,CONTINUE,7,51.16,93.57,True,True,42.41,2025-01,1522.0,1633.0,1633.0,7.29,1464.68,1406.12,1496.2,True,True,True,False,True,True,False,28187.0,1666.0,-8.64,False,0.88,1.57,0.98,True,3,True,2.34,2.35,False,False,
4951,4951.T,エステー,2025-07,CONTINUE,2,57.61,100.0,True,True,42.39,2025-06,1590.0,1624.0,1624.0,2.14,1528.28,1500.64,1498.84,True,True,True,True,True,True,True,25510.0,1594.0,-0.25,False,1.13,1.39,1.41,False,2,True,5.61,2.1,False,False,
6315,6315.T,ＴＯＷＡ,2025-07,CONTINUE,4,26.98,69.28,False,True,42.3,2025-04,1327.0,1904.0,1904.0,43.48,1348.8,1608.6,1939.24,False,False,False,False,False,False,False,4400537.0,4853.33,-72.66,False,0.59,6.25,0.67,True,4,True,-43.83,-2.03,False,False,
3994,3994.T,マネーフォワード,2025-07,CONTINUE,4,57.83,99.95,True,True,42.12,2025-04,4269.0,6053.0,6053.0,41.79,3977.8,4207.19,4804.2,True,True,False,False,False,False,False,766680.0,6410.0,-33.4,False,0.85,5.89,0.95,True,4,True,-9.48,8.44,False,False,
3252,3252.T,地主,2025-07,CONTINUE,3,50.99,93.09,True,True,42.09,2025-05,2133.0,2379.0,2379.0,11.53,2098.6,2072.08,2090.24,True,True,True,False,True,False,False,78567.0,2830.0,-24.63,False,1.21,1.74,0.89,True,3,True,-0.74,2.44,False,False,
3548,3548.T,バロックジャパンリミテッド,2025-07,NEW,1,52.79,94.83,False,True,42.04,2025-07,792.0,792.0,792.0,0.0,791.48,767.99,761.51,True,True,True,True,True,True,True,80543.0,813.0,-2.58,False,0.71,1.14,0.95,True,1,False,3.56,-2.19,False,False,
6859,6859.T,エスペック,2025-07,CONTINUE,3,48.95,90.84,False,True,41.89,2025-05,2789.0,3210.0,3210.0,15.1,2500.64,2392.44,2508.7,True,True,True,False,True,False,False,73207.0,3340.0,-16.5,False,1.13,2.7,0.73,True,3,True,9.97,8.77,False,False,
3315,3315.T,日本コークス工業,2025-07,NEW,1,19.35,61.11,True,True,41.76,2025-07,94.0,94.0,94.0,0.0,88.44,85.65,90.17,True,True,True,False,True,True,False,1483860.0,118.0,-20.34,False,1.17,2.28,0.84,True,3,True,-0.41,1.73,False,False,
3482,3482.T,ロードスターキャピタル,2025-07,CONTINUE,3,50.05,91.55,True,True,41.5,2025-05,2683.0,2907.0,2907.0,8.35,2592.04,2514.84,2457.94,True,True,True,True,True,True,False,115677.0,3640.0,-26.29,False,0.77,1.75,0.87,True,3,True,3.95,2.99,False,False,
4526,4526.T,理研ビタミン,2025-07,CONTINUE,4,58.5,100.0,True,True,41.5,2025-04,2491.0,2883.0,2883.0,15.74,2441.68,2391.57,2527.71,True,True,False,False,True,False,False,67467.0,2879.0,-13.48,False,1.2,1.69,0.69,True,4,True,-2.66,1.84,False,False,
8550,8550.T,栃木銀行,2025-07,CONTINUE,7,58.55,100.0,True,True,41.45,2025-01,292.0,447.0,447.0,53.08,282.84,275.56,309.16,True,True,False,False,True,True,False,452380.0,398.0,-26.63,False,1.45,2.13,0.95,True,4,True,-2.57,3.31,False,False,
7613,7613.T,シークス,2025-07,CONTINUE,7,42.8,84.23,True,True,41.43,2025-01,1135.0,1237.0,1237.0,8.99,1156.0,1140.84,1229.12,False,False,False,False,True,True,False,302967.0,1799.0,-36.91,False,0.44,1.49,0.74,True,4,True,-10.76,-0.08,False,False,
4971,4971.T,メック,2025-07,NEW,1,28.72,70.01,False,True,41.29,2025-07,2820.0,2820.0,2820.0,0.0,2708.04,2528.67,2909.19,True,True,False,False,True,True,False,129547.0,4205.0,-32.94,False,1.06,2.14,1.03,False,4,True,-6.55,-0.76,False,False,
2742,2742.T,ハローズ,2025-07,CONTINUE,2,58.86,100.0,True,False,41.14,2025-06,4830.0,4955.0,4955.0,2.59,4773.2,4495.93,4247.38,True,True,True,True,True,True,True,16757.0,4895.0,-1.33,False,1.56,1.32,0.87,True,1,True,15.26,0.08,False,False,
6850,6850.T,チノー,2025-07,CONTINUE,4,42.46,83.5,True,True,41.03,2025-04,960.0,1203.5,1203.5,25.36,940.34,1022.77,1090.69,True,False,False,False,False,False,False,86927.0,1430.0,-32.87,False,0.55,2.63,0.63,True,4,True,-18.24,2.16,True,False,
2933,2933.T,紀文食品,2025-07,CONTINUE,4,41.29,82.24,False,True,40.95,2025-04,1090.0,1107.0,1107.0,1.56,1079.48,1074.27,1119.71,True,True,False,False,True,True,False,32467.0,1297.0,-15.96,False,0.9,1.91,0.65,True,4,True,-3.11,2.88,False,False,
547A,547A.T,ムニノバホールディングス,2025-07,CONTINUE,7,59.31,100.0,True,False,40.69,2025-01,339.0,448.0,448.0,32.15,323.56,322.77,359.39,True,True,False,False,False,False,False,2372597.0,532.0,-36.28,False,1.32,2.04,1.04,False,4,True,-6.47,3.07,False,False,
4528,4528.T,小野薬品工業,2025-07,CONTINUE,4,21.64,62.3,True,True,40.66,2025-04,1642.0,1690.5,1690.5,2.95,1661.98,1627.11,1834.72,False,True,False,False,True,True,False,2674050.0,2391.0,-31.33,False,0.97,2.76,0.73,True,4,True,-14.19,0.45,False,False,
6594,6594.T,ニデック,2025-07,CONTINUE,3,27.75,68.32,False,True,40.57,2025-05,2810.0,2913.0,2913.0,3.67,2663.24,2566.58,2773.06,True,True,True,False,True,False,False,4869580.0,4033.0,-30.32,False,0.77,2.45,0.87,True,3,True,-6.68,2.24,False,False,
1952,1952.T,新日本空調,2025-07,CONTINUE,3,59.46,100.0,True,True,40.54,2025-05,2246.0,2673.0,2673.0,19.01,2141.76,1871.68,1851.84,True,True,True,True,True,True,True,163720.0,2360.0,-4.83,False,0.53,2.72,0.95,True,2,True,24.84,3.58,False,False,
2918,2918.T,わらべや日洋ホールディングス,2025-07,CONTINUE,7,59.52,100.0,True,True,40.48,2025-01,2110.0,2707.0,2707.0,28.29,2036.52,2022.6,2241.84,True,True,False,False,True,False,False,87277.0,3060.0,-31.05,False,0.81,1.6,0.82,True,4,True,-9.75,4.58,False,False,
9229,9229.T,サンウェルズ,2025-07,CONTINUE,3,24.06,64.51,False,True,40.45,2025-05,595.0,779.0,779.0,30.92,536.36,574.08,1105.6,True,True,False,False,False,False,False,447477.0,3095.0,-80.78,False,1.23,5.47,0.93,True,4,True,-43.17,0.86,True,False,
9842,9842.T,アークランズ,2025-07,CONTINUE,4,37.48,77.93,False,True,40.45,2025-04,1734.0,1744.0,1744.0,0.58,1694.16,1673.64,1703.15,True,True,True,False,True,True,False,240693.0,1986.0,-12.69,False,0.84,2.23,0.79,True,3,True,-0.59,2.82,False,False,
1929,1929.T,日特建設,2025-07,CONTINUE,6,59.7,100.0,True,True,40.3,2025-02,1030.0,1189.0,1189.0,15.44,1045.16,1009.45,1048.31,False,True,False,False,True,True,False,77313.0,1211.0,-14.95,False,1.06,1.98,0.84,True,4,True,-2.12,0.56,False,False,
4368,4368.T,扶桑化学工業,2025-07,CONTINUE,4,59.71,100.0,True,False,40.29,2025-04,1153.33,1438.33,1438.33,24.71,1117.29,1135.01,1201.99,True,True,False,False,False,False,False,373100.0,1450.0,-20.46,False,0.52,2.88,0.62,True,4,True,-7.35,3.53,False,False,
5384,5384.T,フジミインコーポレーテッド,2025-07,CONTINUE,2,33.97,74.23,True,True,40.26,2025-06,2046.0,2278.0,2278.0,11.34,1880.0,1882.76,2139.72,True,True,False,False,True,False,False,261377.0,3265.0,-37.34,False,2.3,2.68,1.23,False,4,True,-9.32,4.64,False,False,
1946,1946.T,トーエネック,2025-07,CONTINUE,7,59.76,100.0,True,True,40.24,2025-01,1025.0,1336.0,1336.0,30.34,966.96,943.61,993.67,True,True,True,False,True,True,False,128197.0,1290.0,-20.54,False,1.44,1.77,0.91,True,3,True,9.02,4.11,True,False,
7421,7421.T,カッパ・クリエイト,2025-07,CONTINUE,2,42.24,82.41,False,True,40.16,2025-06,1506.0,1520.0,1520.0,0.93,1486.92,1479.88,1536.09,True,True,False,False,True,True,False,51443.0,1902.0,-20.82,False,1.07,1.08,1.12,False,4,True,-5.66,0.12,False,False,
4183,4183.T,三井化学,2025-07,CONTINUE,3,14.0,54.12,False,True,40.12,2025-05,1642.5,1696.5,1696.5,3.29,1568.62,1623.13,1717.71,True,True,False,False,True,False,False,1911613.0,2418.0,-32.07,False,1.09,2.36,0.82,True,4,True,-9.09,1.51,True,False,
7723,7723.T,愛知時計電機,2025-07,CONTINUE,5,59.89,100.0,True,True,40.11,2025-03,1965.0,2398.0,2398.0,22.04,1984.4,1936.28,2020.13,False,True,False,False,True,True,False,22423.0,2499.0,-21.37,False,0.83,2.68,0.84,True,4,True,-7.61,-0.38,False,False,
2335,2335.T,キューブシステム,2025-07,CONTINUE,3,55.3,95.11,True,True,39.81,2025-05,1062.0,1173.0,1173.0,10.45,1037.2,1015.56,1024.59,True,True,True,False,True,True,False,13393.0,1200.0,-11.5,False,0.82,1.55,0.79,True,3,True,3.75,2.19,False,False,
6616,6616.T,トレックス・セミコンダクター,2025-07,CONTINUE,4,39.07,78.86,True,True,39.8,2025-04,1186.0,1551.0,1551.0,30.78,1130.32,1188.72,1395.94,True,False,False,False,False,False,False,33430.0,2035.0,-41.72,False,0.73,3.81,0.65,True,4,True,-17.68,4.83,False,False,
6258,6258.T,平田機工,2025-07,CONTINUE,7,45.75,85.48,True,True,39.73,2025-01,1820.0,2147.0,2147.0,17.97,1803.87,1741.47,1929.55,True,True,False,False,True,True,False,163670.0,2866.67,-36.51,False,0.96,2.0,1.01,False,4,True,-5.42,1.8,False,False,
3941,3941.T,レンゴー,2025-07,CONTINUE,2,30.8,70.45,True,True,39.65,2025-06,781.4,878.8,878.8,12.46,749.58,765.04,845.36,True,True,False,False,False,False,False,1385953.0,1085.0,-27.98,False,1.06,2.08,1.34,False,4,True,-12.01,2.09,False,False,
6920,6920.T,レーザーテック,2025-07,CONTINUE,3,19.92,59.5,False,False,39.59,2025-05,14605.0,15520.0,15520.0,6.26,14108.2,13766.53,17867.25,True,True,False,False,True,False,False,5163490.0,45500.0,-67.9,False,0.92,3.78,0.96,True,4,True,-26.23,2.57,False,False,
4097,4097.T,高圧ガス工業,2025-07,CONTINUE,4,60.6,100.0,False,True,39.4,2025-04,944.0,1096.0,1096.0,16.1,889.36,862.64,869.0,True,True,True,False,True,True,False,89423.0,1032.0,-8.53,False,0.74,2.85,0.74,True,3,True,9.46,5.02,False,False,
2211,2211.T,不二家,2025-07,NEW,1,49.24,88.5,True,True,39.26,2025-07,2474.0,2474.0,2474.0,0.0,2448.72,2404.97,2481.86,True,True,False,False,True,True,False,32587.0,2810.0,-11.96,False,2.01,1.29,1.18,False,4,True,-1.41,1.28,False,False,
8016,8016.T,オンワードホールディングス,2025-07,NEW,1,46.59,85.85,False,True,39.26,2025-07,615.0,615.0,615.0,0.0,598.84,575.95,562.57,True,True,True,True,True,True,True,714523.0,633.0,-2.84,False,1.07,1.41,0.93,True,2,True,7.97,0.43,False,False,
2337,2337.T,いちご,2025-07,CONTINUE,4,51.59,90.74,True,False,39.15,2025-04,384.0,403.0,403.0,4.95,378.52,366.83,377.27,True,True,True,False,True,True,False,847230.0,463.0,-17.06,False,0.93,2.81,0.63,True,3,True,-1.79,1.12,False,False,
5185,5185.T,フコク,2025-07,NEW,1,37.23,76.25,False,True,39.02,2025-07,1758.0,1758.0,1758.0,0.0,1690.44,1639.19,1689.21,True,True,True,False,True,True,False,41997.0,2152.0,-18.31,False,1.2,1.35,1.01,False,3,True,0.65,1.63,False,False,
3388,3388.T,明治電機工業,2025-07,CONTINUE,6,61.01,100.0,True,True,38.99,2025-02,1450.0,1953.0,1953.0,34.69,1454.36,1416.91,1521.69,False,True,False,False,True,True,False,19287.0,1995.0,-27.32,False,0.83,2.13,0.97,True,4,True,-1.3,-0.65,False,False,
5703,5703.T,日本軽金属ホールディングス,2025-07,CONTINUE,4,42.31,81.18,True,True,38.87,2025-04,1488.0,1764.0,1764.0,18.55,1448.52,1527.15,1570.97,True,False,False,False,False,False,False,237813.0,1976.0,-24.7,False,0.85,2.31,0.53,True,4,True,-10.24,2.21,False,False,
4208,4208.T,ＵＢＥ,2025-07,CONTINUE,3,24.09,62.84,True,True,38.74,2025-05,2263.0,2318.5,2318.5,2.45,2172.74,2180.24,2363.77,True,True,False,False,True,False,False,588597.0,2989.5,-24.3,False,0.71,1.99,0.8,True,4,True,-7.56,2.7,False,False,
4392,4392.T,ＦＩＧ,2025-07,CONTINUE,2,43.75,82.46,True,True,38.71,2025-06,288.0,299.0,299.0,3.82,281.16,266.44,285.27,True,True,True,False,True,True,False,111657.0,389.0,-25.96,False,0.8,2.48,1.08,False,3,True,-3.98,0.31,False,False,
4318,4318.T,クイック,2025-07,CONTINUE,8,56.47,95.17,True,True,38.7,2024-12,761.0,780.67,780.67,2.58,720.15,694.18,718.87,True,True,True,False,True,True,False,64140.0,878.33,-13.36,False,0.98,1.93,1.0,True,3,True,2.41,3.15,False,False,
1945,1945.T,東京エネシス,2025-07,CONTINUE,4,61.39,100.0,True,True,38.61,2025-04,1128.0,1665.0,1665.0,47.61,1051.52,1080.07,1114.42,True,True,True,False,False,False,False,45380.0,1451.0,-22.26,False,1.61,2.68,0.74,True,3,True,-4.86,3.83,False,False,
5186,5186.T,ニッタ,2025-07,CONTINUE,5,50.74,89.29,True,True,38.54,2025-03,3740.0,4125.0,4125.0,10.29,3742.4,3645.07,3731.07,False,True,True,False,True,True,False,27490.0,4165.0,-10.2,False,1.54,1.8,1.04,False,3,True,0.15,0.94,False,False,
9627,9627.T,アインホールディングス,2025-07,CONTINUE,4,50.11,88.64,True,True,38.53,2025-04,5525.0,5860.0,5860.0,6.06,5105.32,4762.8,4978.21,True,True,True,False,True,True,False,174007.0,6285.0,-12.09,False,1.99,2.73,0.83,True,3,True,8.22,4.64,False,False,
6351,6351.T,鶴見製作所,2025-07,CONTINUE,3,45.24,83.76,False,True,38.52,2025-05,1815.0,1962.5,1962.5,8.13,1745.0,1660.23,1778.56,True,True,True,False,True,True,False,51180.0,2470.0,-26.52,False,0.94,3.86,0.78,True,3,True,4.92,2.97,False,False,
6222,6222.T,島精機製作所,2025-07,NEW,1,32.21,70.63,True,True,38.43,2025-07,1064.0,1064.0,1064.0,0.0,994.24,896.68,967.3,True,True,True,False,True,True,False,198370.0,1743.0,-38.96,False,0.64,2.18,0.86,True,3,True,0.43,1.15,False,False,
9830,9830.T,トラスコ中山,2025-07,CONTINUE,2,40.75,79.17,True,True,38.42,2025-06,2065.0,2203.0,2203.0,6.68,2049.72,1980.71,2131.78,True,True,False,False,True,True,False,119717.0,2596.0,-20.45,False,1.14,1.63,0.99,True,4,True,-6.71,-0.32,False,False,
3040,3040.T,ソリトンシステムズ,2025-07,CONTINUE,7,61.33,99.64,True,True,38.31,2025-01,1153.0,1375.0,1375.0,19.25,1155.96,1197.72,1187.76,False,False,False,False,False,True,False,31997.0,1458.0,-20.92,False,0.63,1.65,0.82,True,4,False,-10.62,0.27,False,False,
4099,4099.T,四国化成ホールディングス,2025-07,CONTINUE,2,51.89,90.2,False,True,38.31,2025-06,979.5,1050.5,1050.5,7.25,964.54,929.73,976.29,True,True,True,False,True,False,False,112860.0,1157.5,-15.38,False,0.9,1.66,1.05,False,3,True,-1.11,0.47,False,False,
8074,8074.T,ＹＵＡＳＡ,2025-07,CONTINUE,4,29.0,67.29,True,True,38.29,2025-04,4370.0,4705.0,4705.0,7.67,4309.2,4423.33,4714.57,True,False,False,False,False,False,False,36563.0,6110.0,-28.48,False,0.61,2.15,0.49,True,4,True,-9.07,2.11,False,False,
4071,4071.T,プラスアルファ・コンサルティング,2025-07,CONTINUE,4,58.37,96.66,True,True,38.28,2025-04,1666.0,2305.0,2305.0,38.36,1472.12,1561.23,1787.05,True,True,False,False,True,False,False,381520.0,2266.0,-26.48,False,0.95,3.59,0.74,True,4,True,-13.66,8.45,False,False,
3436,3436.T,ＳＵＭＣＯ,2025-07,CONTINUE,2,20.16,58.3,True,True,38.13,2025-06,1135.0,1197.0,1197.0,5.46,1019.14,1005.32,1191.31,True,True,False,False,True,False,False,4759097.0,2671.5,-57.51,False,1.29,3.75,0.98,True,4,True,-13.7,6.53,False,False,
4743,4743.T,アイティフォー,2025-07,NEW,1,58.95,97.08,True,True,38.13,2025-07,1530.0,1530.0,1530.0,0.0,1501.2,1490.55,1437.31,True,True,True,True,True,True,True,76037.0,1597.0,-4.2,False,1.2,1.59,1.02,False,2,True,6.1,-0.16,False,False,
7466,7466.T,ＳＰＫ,2025-07,CONTINUE,6,56.65,94.75,True,True,38.1,2025-02,1041.0,1194.5,1194.5,14.75,1048.92,1035.97,1055.43,False,True,False,False,True,True,True,17973.0,1206.5,-13.72,False,1.16,1.86,0.94,True,4,False,0.63,-0.13,False,False,
2874,2874.T,横浜冷凍,2025-07,CONTINUE,5,53.37,91.43,True,True,38.06,2025-03,847.0,1054.0,1054.0,24.44,882.04,855.09,925.66,False,False,False,False,True,True,False,181527.0,1089.0,-22.22,False,0.81,1.79,0.98,True,4,False,-8.89,-0.27,False,False,
6141,6141.T,DMG森精機,2025-07,CONTINUE,4,37.0,74.96,False,True,37.96,2025-04,2473.5,3489.0,3489.0,41.06,2502.42,2620.34,2915.84,False,False,False,False,False,False,False,1514043.0,4810.0,-48.58,False,0.95,4.17,0.57,True,4,False,-18.51,1.02,False,False,
1976,1976.T,明星工業,2025-07,CONTINUE,2,62.12,100.0,True,True,37.88,2025-06,1500.0,1569.0,1569.0,4.6,1467.72,1381.69,1330.12,True,True,True,True,True,True,True,70217.0,1530.0,-1.96,False,1.01,1.61,1.01,False,2,True,16.73,0.98,False,False,
167A,167A.T,リョーサン菱洋ホールディングス,2025-07,CONTINUE,7,40.81,78.59,False,True,37.78,2025-01,2516.0,2785.0,2785.0,10.69,2500.88,2433.91,2681.81,True,True,False,False,True,False,False,274157.0,4265.0,-41.01,False,0.86,1.69,0.86,True,4,True,-11.74,1.94,False,False,
8425,8425.T,みずほリース,2025-07,CONTINUE,7,60.0,97.78,True,True,37.78,2025-01,1019.0,1160.0,1160.0,13.84,1024.0,1015.15,1049.19,False,True,False,False,True,True,False,422180.0,1190.0,-14.37,False,1.03,1.04,0.83,True,4,False,-2.44,-0.43,False,False,
8804,8804.T,東京建物,2025-07,CONTINUE,2,50.0,87.78,True,False,37.78,2025-06,2566.5,2544.0,2544.0,-0.88,2588.62,2545.5,2500.16,False,True,True,True,True,True,True,839333.0,2774.0,-7.48,False,1.39,1.98,1.18,False,2,False,4.47,-0.34,False,False,
4849,4849.T,エン,2025-07,NEW,1,24.57,62.33,True,True,37.76,2025-07,1760.0,1760.0,1760.0,0.0,1708.84,1661.85,1882.5,True,True,False,False,True,True,False,155770.0,2850.0,-38.25,False,0.75,1.75,0.95,True,4,True,-12.13,1.03,False,False,
6323,6323.T,ローツェ,2025-07,CONTINUE,3,36.73,74.3,False,True,37.57,2025-05,1654.5,2064.0,2064.0,24.75,1561.78,1540.7,1744.76,True,True,False,False,True,False,False,1681030.0,3530.0,-53.13,False,0.66,3.15,0.84,True,4,True,-18.8,2.3,False,False,
7245,7245.T,大同メタル工業,2025-07,CONTINUE,7,59.55,97.07,True,True,37.52,2025-01,506.0,693.0,693.0,36.96,504.36,490.8,541.42,True,True,False,False,True,True,False,108710.0,724.0,-30.11,False,0.63,1.6,0.91,True,4,False,-7.79,1.17,False,False,
6420,6420.T,ガリレイ,2025-07,CONTINUE,4,57.51,94.98,True,True,37.47,2025-04,2864.0,3320.0,3320.0,15.92,2729.96,2682.32,2774.94,True,True,True,False,False,True,False,57970.0,3480.0,-17.7,False,0.77,2.78,0.65,True,3,True,-0.02,3.42,False,False,
2292,2292.T,Ｓ   Ｆｏｏｄｓ,2025-07,CONTINUE,4,44.77,82.2,True,True,37.43,2025-04,2695.0,2667.0,2667.0,-1.04,2562.56,2504.16,2656.84,True,True,True,False,True,False,False,91500.0,3165.0,-14.85,False,1.07,2.51,0.75,True,3,True,-2.65,5.18,False,False,
7447,7447.T,ナガイレーベン,2025-07,CONTINUE,2,44.93,82.31,False,True,37.38,2025-06,2146.0,2200.0,2200.0,2.52,1938.96,1998.48,2121.29,True,True,True,False,False,True,False,46157.0,2702.0,-20.58,False,1.59,2.3,1.11,False,3,True,-1.6,1.9,True,False,
8218,8218.T,コメリ,2025-07,CONTINUE,2,35.49,72.87,True,True,37.38,2025-06,2946.0,3125.0,3125.0,6.08,2875.6,2923.93,3144.45,True,True,False,False,False,False,False,65733.0,3910.0,-24.65,False,0.99,1.21,1.02,False,4,True,-10.32,0.43,False,False,
6480,6480.T,日本トムソン,2025-07,CONTINUE,7,50.0,87.31,True,True,37.31,2025-01,512.0,603.0,603.0,17.77,503.76,491.39,542.37,True,True,False,False,True,True,False,102493.0,690.0,-25.8,False,0.71,1.74,1.03,False,4,True,-6.03,2.1,False,False,
3946,3946.T,トーモク,2025-07,CONTINUE,5,62.74,100.0,True,True,37.26,2025-03,2402.0,3295.0,3295.0,37.18,2411.6,2328.61,2425.79,False,True,False,False,True,True,False,26597.0,2960.0,-18.85,False,1.03,1.98,1.04,False,4,True,0.0,1.5,False,False,
2767,2767.T,円谷フィールズホールディングス,2025-07,CONTINUE,3,62.79,100.0,True,True,37.21,2025-05,1924.0,2329.0,2329.0,21.05,1843.52,1740.45,1904.86,True,True,True,False,True,False,True,594863.0,2579.0,-25.4,False,1.19,4.57,0.92,True,1,False,14.04,2.26,True,False,
6902,6902.T,デンソー,2025-07,CONTINUE,3,31.54,68.62,True,True,37.08,2025-05,1961.5,2056.0,2056.0,4.82,1905.98,1892.44,2060.23,True,True,False,False,True,False,False,7731293.0,2666.5,-26.44,False,1.04,1.99,0.87,True,4,True,-10.0,2.2,False,False,
7483,7483.T,ドウシシャ,2025-07,CONTINUE,4,62.98,100.0,False,True,37.02,2025-04,2241.0,2519.0,2519.0,12.41,2175.08,2120.05,2146.99,True,True,True,False,True,True,False,111147.0,2395.0,-6.43,False,0.46,1.84,0.67,True,3,True,3.96,3.02,False,False,
5393,5393.T,ニチアス,2025-07,NEW,1,62.99,100.0,False,True,37.01,2025-07,1943.33,1943.33,1943.33,0.0,1863.08,1714.91,1730.05,True,True,True,False,True,True,True,555620.0,2053.33,-5.36,False,0.74,1.53,1.07,False,1,True,17.22,1.72,False,False,
3182,3182.T,オイシックス・ラ・大地,2025-07,CONTINUE,3,62.79,99.79,True,True,37.0,2025-05,1568.0,1733.0,1733.0,10.52,1553.8,1398.47,1378.38,True,True,True,True,True,True,True,259993.0,1716.0,-8.62,False,0.43,4.56,0.99,True,2,True,19.66,0.82,False,False,
8160,8160.T,木曽路,2025-07,CONTINUE,4,47.05,83.99,True,True,36.94,2025-04,2319.0,2430.0,2430.0,4.79,2209.68,2175.99,2280.09,True,True,True,False,True,True,False,114647.0,2646.0,-12.36,False,0.82,1.75,0.79,True,3,True,0.77,3.88,False,False,
5074,5074.T,テスホールディングス,2025-07,CONTINUE,5,53.42,90.31,True,True,36.88,2025-03,272.0,441.0,441.0,62.13,273.92,272.49,309.62,False,False,False,False,False,True,False,392293.0,487.0,-44.15,False,0.65,3.07,1.0,False,4,True,-14.21,3.89,False,False,
7611,7611.T,ハイデイ日高,2025-07,CONTINUE,8,63.12,100.0,False,True,36.88,2024-12,2794.0,3400.0,3400.0,21.69,2790.36,2740.37,2775.53,True,True,True,False,True,True,True,66353.0,3155.0,-11.44,False,1.2,1.63,1.11,False,2,False,0.67,-1.86,False,False,
8035,8035.T,東京エレクトロン,2025-07,CONTINUE,4,39.42,76.2,True,True,36.78,2025-04,21225.0,27330.0,27330.0,28.76,19995.6,22956.67,24678.25,True,False,False,False,False,False,False,3756893.0,38930.0,-45.48,False,1.0,3.96,0.6,True,4,True,-23.63,3.08,False,False,
6809,6809.T,ＴＯＡ,2025-07,CONTINUE,7,47.25,84.0,True,True,36.75,2025-01,951.0,1049.0,1049.0,10.3,966.4,948.27,1004.96,False,True,False,False,True,False,False,26863.0,1231.0,-22.75,False,0.47,1.38,0.89,True,4,False,-8.0,-0.13,False,False,
8766,8766.T,東京海上ホールディングス,2025-07,CONTINUE,2,59.99,96.72,False,False,36.73,2025-06,6111.0,6124.0,6124.0,0.21,6021.2,5730.85,5553.29,True,True,True,True,True,True,True,4586580.0,6679.0,-8.5,False,1.08,1.86,1.0,False,2,True,10.48,-1.61,False,False,
5076,5076.T,インフロニア・ホールディングス,2025-07,CONTINUE,9,42.86,79.52,True,True,36.66,2024-11,1214.0,1282.5,1282.5,5.64,1174.82,1185.8,1310.84,True,True,False,False,True,False,False,1114620.0,1654.0,-26.6,False,0.86,2.25,0.79,True,4,True,-11.45,1.68,False,False,
6503,6503.T,三菱電機,2025-07,CONTINUE,5,63.35,100.0,True,True,36.65,2025-03,2720.0,3342.0,3342.0,22.87,2674.68,2606.65,2528.47,True,True,True,True,True,True,False,9638893.0,3052.0,-10.88,False,0.8,4.17,0.99,True,1,True,9.83,4.81,False,False,
5932,5932.T,三協立山,2025-07,CONTINUE,3,21.39,57.78,False,False,36.38,2025-05,615.0,610.0,610.0,-0.81,627.52,609.97,665.28,False,True,False,False,True,True,False,48887.0,878.0,-29.95,False,1.62,1.51,0.98,True,4,True,-10.4,-0.74,False,False,
2281,2281.T,プリマハム,2025-07,CONTINUE,5,51.38,87.64,True,True,36.26,2025-03,2222.0,2390.0,2390.0,7.56,2219.68,2193.81,2267.41,True,True,False,False,True,True,False,80397.0,2560.0,-13.2,False,0.99,1.14,1.11,False,4,True,-2.67,0.52,False,False,
5302,5302.T,日本カーボン,2025-07,CONTINUE,3,18.92,55.17,True,True,36.25,2025-05,4345.0,4145.0,4145.0,-4.6,4210.0,4141.87,4302.62,True,True,True,False,True,False,False,33983.0,5620.0,-22.69,False,0.99,1.14,1.0,False,3,True,-1.75,3.13,True,False,
6407,6407.T,ＣＫＤ,2025-07,CONTINUE,4,42.68,78.83,True,True,36.15,2025-04,2083.0,2735.0,2735.0,31.3,1959.76,2225.55,2562.22,True,False,False,False,False,False,False,342967.0,3500.0,-40.49,False,0.76,3.05,0.55,True,4,True,-23.75,3.63,False,False,
1870,1870.T,矢作建設工業,2025-07,CONTINUE,4,64.0,100.0,True,True,36.0,2025-04,1454.0,1996.0,1996.0,37.28,1340.16,1382.73,1494.31,True,True,False,False,True,False,False,381493.0,1743.0,-16.58,False,0.65,2.0,0.74,True,4,True,-4.62,4.96,False,False,
3132,3132.T,マクニカホールディングス,2025-07,CONTINUE,5,42.74,78.74,True,True,36.0,2025-03,1926.5,1985.0,1985.0,3.04,1897.3,1817.69,1910.72,True,True,True,False,True,True,False,606013.0,2540.0,-24.15,False,1.01,2.47,0.83,True,3,True,-2.12,3.08,False,False,
8593,8593.T,三菱ＨＣキャピタル,2025-07,CONTINUE,4,60.98,96.93,True,True,35.95,2025-04,1006.5,1117.0,1117.0,10.98,983.24,1008.87,1023.71,True,False,False,False,False,False,False,5539730.0,1102.0,-8.67,False,0.6,1.63,0.51,True,4,True,-2.48,2.12,False,False,
8934,8934.T,サンフロンティア不動産,2025-07,CONTINUE,7,59.35,95.26,True,True,35.91,2025-01,2014.0,2128.0,2128.0,5.66,1906.92,1867.07,1897.74,True,True,True,False,True,True,True,105180.0,2235.0,-9.89,False,1.27,1.82,1.13,False,1,True,8.62,2.46,False,False,
2266,2266.T,六甲バター,2025-07,CONTINUE,2,38.4,74.27,True,True,35.87,2025-06,1222.0,1235.0,1235.0,1.06,1216.56,1245.55,1317.97,True,False,False,False,False,True,False,20450.0,1632.0,-25.12,False,0.95,1.71,1.14,False,4,True,-11.31,-1.91,False,False,
7034,7034.T,プロレド・パートナーズ,2025-07,CONTINUE,3,51.48,87.34,False,True,35.85,2025-05,471.0,660.0,660.0,40.13,413.68,410.59,456.9,True,True,True,False,True,True,False,20970.0,760.0,-38.03,False,1.48,3.5,0.99,True,3,True,-0.74,2.56,False,False,
9022,9022.T,東海旅客鉄道,2025-07,CONTINUE,4,50.0,85.83,True,True,35.83,2025-04,2931.0,3511.0,3511.0,19.79,2923.12,2906.66,3108.15,True,True,False,False,False,False,False,2788577.0,3681.0,-20.37,False,0.96,2.41,0.71,True,4,False,-7.07,1.91,False,False,
8097,8097.T,三愛オブリ,2025-07,CONTINUE,3,47.51,83.33,True,True,35.82,2025-05,1741.0,2037.0,2037.0,17.0,1713.2,1728.09,1840.33,True,True,False,False,True,False,False,103200.0,2189.0,-20.47,False,1.38,1.49,0.87,True,4,True,-8.02,0.85,True,False,
8217,8217.T,オークワ,2025-07,CONTINUE,3,51.69,87.45,True,True,35.75,2025-05,899.0,930.0,930.0,3.45,914.92,862.57,878.52,False,True,True,False,True,True,True,86727.0,993.0,-9.47,False,0.67,1.96,0.95,True,1,True,6.73,0.03,False,False,
5713,5713.T,住友金属鉱山,2025-07,CONTINUE,2,19.99,55.65,False,True,35.67,2025-06,3560.0,3355.0,3355.0,-5.76,3373.24,3218.93,3575.45,True,True,False,False,True,True,False,1550060.0,5342.0,-33.36,False,1.18,2.25,1.1,False,4,True,-3.88,2.14,False,False,
3659,3659.T,ネクソン,2025-07,CONTINUE,4,51.18,86.7,False,False,35.52,2025-04,2245.0,2774.0,2774.0,23.56,2106.54,2084.93,2457.55,True,True,False,False,True,False,False,2732577.0,3455.0,-35.02,False,0.81,2.89,0.62,True,4,True,-7.32,5.31,False,False,
5288,5288.T,アジアパイルホールディングス,2025-07,CONTINUE,6,51.03,86.45,False,False,35.42,2025-02,893.0,1006.0,1006.0,12.65,868.08,823.8,872.38,True,True,True,False,True,True,True,121847.0,1048.0,-14.79,False,1.04,2.27,0.92,True,1,True,8.03,1.36,False,False,
166A,166A.T,タスキホールディングス,2025-07,NEW,1,61.58,96.94,True,True,35.36,2025-07,737.0,737.0,737.0,0.0,679.96,664.91,697.48,True,True,True,False,True,True,True,464170.0,852.0,-13.5,False,1.58,2.19,1.31,False,1,True,10.56,1.39,True,True,MVP
6078,6078.T,バリューＨＲ,2025-07,CONTINUE,2,58.1,93.41,False,True,35.31,2025-06,1589.0,1679.0,1679.0,5.66,1611.56,1551.81,1629.91,False,True,False,False,True,True,True,22167.0,2027.0,-21.61,False,1.31,2.06,0.99,True,4,True,-0.01,-1.0,False,False,
7038,7038.T,フロンティア・マネジメント,2025-07,CONTINUE,4,21.66,56.94,True,True,35.29,2025-04,725.0,672.0,672.0,-7.31,671.68,701.31,914.98,True,True,False,False,False,False,False,50973.0,1579.0,-54.08,False,0.6,2.45,0.65,True,4,True,-28.37,3.84,False,False,
2060,2060.T,フィード・ワン,2025-07,CONTINUE,5,64.72,100.0,True,True,35.28,2025-03,873.0,1087.0,1087.0,24.51,865.84,816.44,853.13,True,True,True,False,True,True,False,120920.0,1064.0,-17.95,False,0.82,2.08,0.7,True,1,True,1.35,2.96,False,False,
5334,5334.T,日本特殊陶業,2025-07,NEW,1,56.89,92.02,True,True,35.13,2025-07,5224.0,5224.0,5224.0,0.0,4971.4,4718.75,4663.03,True,True,True,True,True,True,True,512083.0,5274.0,-0.95,False,0.88,1.68,1.11,False,2,True,15.17,1.56,False,False,
6526,6526.T,ソシオネクスト,2025-07,CONTINUE,3,33.7,68.83,True,True,35.13,2025-05,2143.0,2905.0,2905.0,35.56,1799.74,1856.59,2390.96,True,True,False,False,True,False,False,7553760.0,4737.0,-54.76,False,1.23,4.49,1.06,False,4,True,-17.57,9.72,False,False,
2734,2734.T,サーラコーポレーション,2025-07,CONTINUE,2,64.91,100.0,False,True,35.09,2025-06,960.0,964.0,964.0,0.42,932.36,896.81,854.76,True,True,True,True,True,True,True,84990.0,955.0,0.52,True,0.97,1.51,0.99,True,2,True,12.56,-0.8,False,True,BREAKOUT
6971,6971.T,京セラ,2025-07,CONTINUE,6,50.86,85.93,True,True,35.07,2025-02,1659.0,1802.0,1802.0,8.62,1670.86,1580.79,1705.5,False,True,False,False,True,False,False,4645210.0,2263.0,-26.69,False,1.1,2.11,0.84,True,4,True,-2.4,3.83,False,False,
7725,7725.T,インターアクション,2025-07,CONTINUE,5,45.85,80.87,True,False,35.02,2025-03,1239.0,1350.0,1350.0,8.96,1219.04,1110.08,1216.79,True,True,True,False,True,True,False,70660.0,1779.0,-30.35,False,0.83,2.01,0.97,True,3,True,6.82,3.12,False,False,
8359,8359.T,八十二長野銀行,2025-07,CONTINUE,7,64.34,99.27,True,True,34.92,2025-01,1021.0,1368.0,1368.0,33.99,1000.45,963.82,975.71,True,True,True,False,False,True,False,1072073.0,1131.5,-9.77,False,1.09,1.79,0.85,True,3,False,15.57,1.24,False,False,
9621,9621.T,建設技術研究所,2025-07,NEW,1,65.22,100.0,True,True,34.78,2025-07,3040.0,3040.0,3040.0,0.0,2898.32,2654.93,2507.55,True,True,True,True,True,True,True,40927.0,3045.0,-0.16,False,0.79,1.8,0.94,True,2,True,24.77,1.55,False,False,
6741,6741.T,日本信号,2025-07,CONTINUE,4,63.19,97.86,True,True,34.67,2025-04,977.0,1124.0,1124.0,15.05,885.56,898.87,933.17,True,True,True,False,False,False,False,148127.0,1063.0,-8.09,False,1.91,2.24,0.77,True,3,True,1.69,6.4,False,False,
6184,6184.T,鎌倉新書,2025-07,CONTINUE,2,50.87,85.47,False,True,34.6,2025-06,551.0,559.0,559.0,1.45,516.68,479.49,501.59,True,True,True,False,True,True,True,209980.0,575.0,-4.17,False,1.03,2.9,0.91,True,1,True,14.01,4.77,False,False,
6306,6306.T,日工,2025-07,CONTINUE,2,54.18,88.64,True,True,34.46,2025-06,727.0,757.0,757.0,4.13,699.2,685.88,695.5,True,True,True,False,True,True,False,71093.0,811.0,-10.36,False,1.29,1.51,1.27,False,1,True,3.41,2.47,False,False,
5702,5702.T,大紀アルミニウム工業所,2025-07,CONTINUE,2,26.57,60.99,True,True,34.42,2025-06,970.0,1048.0,1048.0,8.04,959.4,953.92,1021.41,True,True,False,False,True,False,False,64723.0,1313.0,-26.12,False,1.08,1.25,0.96,True,4,True,-10.08,0.47,False,False,
3923,3923.T,ラクス,2025-07,CONTINUE,5,65.59,100.0,False,True,34.41,2025-03,1000.0,1170.0,1170.0,17.0,987.64,966.36,1016.52,True,True,False,False,False,False,True,1871853.0,1228.5,-18.6,False,0.51,3.08,0.9,True,1,True,-1.06,4.35,False,False,
4658,4658.T,日本空調サービス,2025-07,NEW,1,61.93,96.26,False,True,34.33,2025-07,1175.0,1175.0,1175.0,0.0,1115.16,1073.39,1038.39,True,True,True,True,True,True,True,57440.0,1188.0,-1.09,False,1.68,1.71,1.11,False,2,True,13.99,2.35,True,False,
8141,8141.T,新光商事,2025-07,NEW,1,56.82,91.15,True,True,34.33,2025-07,994.0,994.0,994.0,0.0,955.8,930.72,947.92,True,True,True,False,True,True,True,62853.0,1049.0,-5.24,False,1.07,1.17,0.99,True,1,True,7.08,-0.74,False,False,
7637,7637.T,白銅,2025-07,CONTINUE,2,32.9,66.9,True,True,34.0,2025-06,2286.0,2432.0,2432.0,6.39,2245.76,2203.51,2306.55,True,True,False,False,True,False,False,6600.0,2935.0,-22.11,False,1.23,1.26,1.01,False,4,True,-6.44,0.67,False,False,
6823,6823.T,リオン,2025-07,NEW,1,40.76,74.7,True,True,33.94,2025-07,2603.0,2603.0,2603.0,0.0,2598.12,2473.08,2472.78,True,True,True,True,True,True,True,27743.0,2875.0,-9.46,False,1.82,1.84,1.2,False,2,True,5.8,-0.38,False,False,
9948,9948.T,アークス,2025-07,CONTINUE,7,53.14,87.05,True,False,33.91,2025-01,2699.0,3035.0,3035.0,12.45,2618.92,2555.27,2694.34,True,True,True,False,True,True,False,85970.0,3325.0,-18.83,False,1.39,1.22,0.7,True,3,True,-1.18,1.97,False,False,
8395,8395.T,佐賀銀行,2025-07,NEW,1,49.22,83.04,False,True,33.82,2025-07,2746.0,2746.0,2746.0,0.0,2491.32,2263.23,2207.38,True,True,True,True,True,True,True,80393.0,2816.0,-2.49,False,0.71,2.56,1.23,False,2,True,23.41,5.62,False,False,
9552,9552.T,クオンツ総研ホールディングス,2025-07,CONTINUE,4,20.06,53.89,True,True,33.82,2025-04,1266.0,1373.0,1373.0,8.45,1152.44,1418.44,2204.5,True,False,False,False,False,False,False,809187.0,5430.0,-76.69,False,1.2,4.84,0.76,True,4,True,-53.76,3.73,False,False,
2410,2410.T,キャリアデザインセンター,2025-07,CONTINUE,2,66.21,100.0,True,True,33.79,2025-06,1878.0,1957.0,1957.0,4.21,1837.88,1777.16,1789.21,True,True,True,False,True,True,True,11437.0,1961.0,-4.23,False,1.99,1.49,1.09,False,3,True,4.6,0.73,False,False,
4116,4116.T,大日精化工業,2025-07,CONTINUE,4,54.17,87.91,False,True,33.74,2025-04,755.0,851.25,851.25,12.75,721.02,740.08,747.9,True,True,True,False,False,False,False,212240.0,880.0,-14.2,False,0.7,2.16,0.48,True,3,True,2.92,4.44,False,False,
7231,7231.T,トピー工業,2025-07,CONTINUE,7,55.4,89.12,True,True,33.73,2025-01,2080.0,2618.0,2618.0,25.87,2002.04,1946.48,2166.56,True,True,False,False,True,True,False,47153.0,3095.0,-32.79,False,0.73,1.55,1.02,False,4,True,-8.19,2.79,False,False,
4182,4182.T,三菱瓦斯化学,2025-07,NEW,1,41.6,75.15,True,True,33.55,2025-07,2618.0,2618.0,2618.0,0.0,2438.44,2253.72,2480.71,True,True,True,False,True,True,False,1066777.0,3014.0,-13.14,False,0.88,2.11,0.78,True,3,True,4.05,4.46,False,False,
8715,8715.T,アニコムホールディングス,2025-07,NEW,1,66.47,100.0,True,True,33.53,2025-07,783.0,783.0,783.0,0.0,721.8,669.49,635.79,True,True,True,True,True,True,True,501843.0,776.0,0.9,True,0.92,2.12,0.84,True,1,True,23.13,0.23,False,True,BREAKOUT
4362,4362.T,日本精化,2025-07,CONTINUE,2,51.31,84.82,True,True,33.51,2025-06,2410.0,2744.0,2744.0,13.86,2298.92,2158.09,2255.55,True,True,True,False,True,True,False,45930.0,3065.0,-21.37,False,0.55,1.62,1.14,False,3,True,7.38,3.87,False,False,
8020,8020.T,兼松,2025-07,CONTINUE,3,56.42,89.9,False,True,33.48,2025-05,1368.25,1425.25,1425.25,4.17,1295.69,1254.29,1246.4,True,True,True,True,True,True,True,680653.0,1400.0,-2.27,False,0.9,1.45,0.73,True,2,True,7.19,2.15,False,False,
1433,1433.T,ベステラ,2025-07,CONTINUE,2,61.38,94.79,False,True,33.41,2025-06,1120.0,1119.0,1119.0,-0.09,1115.32,1063.91,1003.35,True,True,True,True,True,True,True,118770.0,1273.0,-12.02,False,0.43,2.05,0.71,True,2,False,14.47,-2.92,False,False,
2914,2914.T,日本たばこ産業,2025-07,CONTINUE,3,46.69,79.96,False,True,33.26,2025-05,4438.0,4318.0,4318.0,-2.7,4440.04,4131.23,4126.29,False,True,True,True,True,True,True,5051380.0,4622.0,-3.98,False,0.93,1.25,0.71,True,1,True,9.99,0.66,True,False,
1518,1518.T,三井松島ホールディングス,2025-07,CONTINUE,4,60.07,93.28,False,True,33.21,2025-04,840.0,1170.0,1170.0,39.29,792.64,835.56,869.89,True,True,False,False,False,True,False,245633.0,1242.0,-32.37,False,0.64,3.56,0.75,True,4,True,-0.42,2.27,False,False,
2908,2908.T,フジッコ,2025-07,CONTINUE,4,23.93,57.14,True,True,33.21,2025-04,1622.0,1623.0,1623.0,0.06,1607.76,1624.07,1691.24,True,False,False,False,False,False,False,68563.0,1905.0,-14.86,False,0.64,1.31,0.65,True,4,True,-7.05,2.01,False,False,
8424,8424.T,芙蓉総合リース,2025-07,CONTINUE,7,48.17,81.37,True,True,33.2,2025-01,3863.33,4088.0,4088.0,5.82,3808.67,3737.11,3919.36,True,True,False,False,True,True,False,121620.0,4770.0,-19.01,False,1.33,1.22,0.91,True,4,True,-2.56,0.84,False,False,
8159,8159.T,立花エレテック,2025-07,CONTINUE,5,45.27,78.47,True,True,33.19,2025-03,2403.0,2862.0,2862.0,19.1,2517.0,2580.91,2689.18,False,False,False,False,False,False,False,40110.0,3450.0,-30.35,False,1.05,2.11,1.1,False,4,False,-14.49,-0.53,False,False,
9974,9974.T,ベルク,2025-07,CONTINUE,8,48.81,82.0,True,False,33.19,2024-12,6700.0,7250.0,7250.0,8.21,6634.4,6557.6,6764.2,True,True,False,False,True,True,True,16913.0,8010.0,-16.35,False,0.89,1.68,1.01,False,4,False,-0.03,-0.62,False,False,
3156,3156.T,レスター,2025-07,CONTINUE,5,43.36,76.49,True,True,33.13,2025-03,2290.0,2723.0,2723.0,18.91,2436.72,2469.07,2679.03,False,False,False,False,False,False,False,34483.0,3270.0,-29.97,False,1.66,1.91,1.09,False,4,False,-16.1,-0.69,False,False,
4641,4641.T,アルプス技研,2025-07,CONTINUE,4,60.45,93.56,True,False,33.11,2025-04,891.67,916.0,916.0,2.73,847.72,836.85,866.55,True,True,True,False,False,False,False,80060.0,967.67,-7.85,False,1.3,2.79,0.7,True,1,True,1.97,4.78,False,False,
1963,1963.T,日揮ホールディングス,2025-07,CONTINUE,3,57.08,90.13,True,True,33.05,2025-05,1216.5,1358.0,1358.0,11.63,1159.0,1155.6,1236.73,True,True,False,False,True,False,False,1035287.0,1422.0,-14.45,False,0.99,2.36,0.92,True,4,True,0.14,5.65,False,False,
8584,8584.T,ジャックス,2025-07,CONTINUE,7,35.35,68.33,True,True,32.98,2025-01,3825.0,4110.0,4110.0,7.45,3786.2,3788.87,4316.3,True,True,False,False,True,False,False,97463.0,5840.0,-34.5,False,0.91,1.38,0.88,True,4,False,-16.09,0.15,False,False,
6651,6651.T,日東工業,2025-07,CONTINUE,6,46.51,79.41,True,True,32.9,2025-02,3000.0,3340.0,3340.0,11.33,2952.52,2899.0,3131.58,True,True,False,False,True,True,False,72810.0,4645.0,-35.41,False,1.02,2.12,0.87,True,4,True,-8.89,1.89,False,False,
2181,2181.T,パーソルホールディングス,2025-07,CONTINUE,4,67.26,100.0,True,True,32.74,2025-04,257.9,290.0,290.0,12.45,245.8,239.08,249.04,True,True,True,False,False,True,True,7317687.0,288.8,-10.7,False,1.0,1.91,0.68,True,1,True,9.32,2.17,False,False,
6062,6062.T,チャーム  ･ケア  ･コーポレーション,2025-07,CONTINUE,5,35.97,68.6,False,True,32.63,2025-03,1338.0,1330.0,1330.0,-0.6,1277.04,1282.47,1356.69,True,True,False,False,False,True,False,74697.0,1717.0,-22.07,False,1.26,2.64,1.09,False,4,True,-5.52,2.26,False,False,
3289,3289.T,東急不動産ホールディングス,2025-07,CONTINUE,5,48.15,80.74,True,True,32.6,2025-03,998.3,1071.0,1071.0,7.28,1001.0,977.83,1003.1,False,True,False,False,True,True,False,2370523.0,1266.5,-21.18,False,1.31,2.53,1.17,False,4,True,-0.29,3.49,False,False,
8338,8338.T,筑波銀行,2025-07,NEW,1,33.62,66.15,False,True,32.54,2025-07,259.0,259.0,259.0,0.0,244.56,237.25,239.93,True,True,True,False,True,True,True,708897.0,327.0,-20.8,False,1.28,3.01,1.18,False,2,True,3.93,1.58,False,False,
5105,5105.T,ＴＯＹＯＴＩＲＥ,2025-07,CONTINUE,7,59.78,92.31,True,True,32.53,2025-01,2558.0,3204.0,3204.0,25.25,2452.08,2341.18,2424.22,True,True,True,False,True,True,False,1301013.0,2997.0,-14.65,False,0.72,1.52,1.08,False,3,True,8.16,2.77,False,False,
2212,2212.T,山崎製パン,2025-07,CONTINUE,4,47.09,79.54,True,True,32.45,2025-04,3417.0,3249.0,3249.0,-4.92,3033.74,2874.63,2912.7,True,True,True,False,True,True,False,821850.0,4068.0,-16.0,False,1.79,3.01,1.04,False,3,True,11.83,7.45,True,False,
6305,6305.T,日立建機,2025-07,CONTINUE,7,53.11,85.55,True,False,32.45,2025-01,3730.0,4390.0,4390.0,17.69,3569.16,3478.96,3823.47,True,True,False,False,True,True,False,1135533.0,4900.0,-23.88,False,1.92,2.52,1.28,False,4,True,-3.22,4.13,False,False,
8001,8001.T,伊藤忠商事,2025-07,CONTINUE,2,56.29,88.73,True,True,32.43,2025-06,1511.2,1586.6,1586.6,4.99,1500.03,1439.79,1465.82,True,True,True,False,True,True,True,14307300.0,1649.0,-8.36,False,0.92,1.83,1.13,False,3,True,3.94,-1.25,False,False,
6458,6458.T,新晃工業,2025-07,NEW,1,50.33,82.71,True,True,32.37,2025-07,1292.0,1292.0,1292.0,0.0,1245.28,1221.92,1270.23,True,True,True,False,True,True,False,169863.0,1655.0,-21.93,False,0.8,1.55,0.9,True,3,True,-0.58,1.05,False,False,
6923,6923.T,スタンレー電気,2025-07,CONTINUE,5,49.16,81.48,False,True,32.32,2025-03,2805.5,2859.5,2859.5,1.92,2620.48,2592.25,2679.62,True,True,True,False,True,True,False,866477.0,3025.0,-7.26,False,1.11,3.01,1.41,False,1,True,5.61,7.25,False,False,
9110,9110.T,ＮＳユナイテッド海運,2025-07,CONTINUE,2,32.39,64.71,True,True,32.32,2025-06,3910.0,4200.0,4200.0,7.42,3869.4,3839.87,4047.43,True,True,False,False,True,False,False,51210.0,5320.0,-26.5,False,0.75,1.5,0.83,True,4,True,-7.11,1.77,False,False,
7164,7164.T,全国保証,2025-07,CONTINUE,5,65.39,97.71,False,False,32.31,2025-03,2962.5,3223.0,3223.0,8.79,2885.02,2775.03,2820.07,True,True,True,False,True,True,True,446387.0,3122.0,-5.11,False,1.59,1.78,1.33,False,1,True,7.18,3.01,False,False,
6183,6183.T,ベルシステム２４ホールディングス,2025-07,CONTINUE,5,32.3,64.54,True,True,32.24,2025-03,1259.0,1358.0,1358.0,7.86,1277.92,1259.35,1375.67,False,False,False,False,True,True,False,237643.0,1633.0,-22.9,False,0.9,1.74,0.91,True,4,True,-10.01,2.03,False,False,
8095,8095.T,アステナホールディングス,2025-07,CONTINUE,3,51.99,84.15,True,True,32.16,2025-05,471.0,494.0,494.0,4.88,472.32,455.47,477.38,False,True,False,False,True,True,False,98077.0,576.0,-18.23,False,2.48,2.0,1.14,False,4,False,0.58,0.56,False,False,
1429,1429.T,日本アクア,2025-07,CONTINUE,5,44.33,76.47,True,True,32.14,2025-03,779.0,815.0,815.0,4.62,747.08,757.09,816.13,True,True,False,False,False,False,False,126257.0,1068.0,-27.06,False,1.21,2.13,1.06,False,4,True,-10.83,1.62,True,False,
3861,3861.T,王子ホールディングス,2025-07,CONTINUE,7,67.96,100.0,False,True,32.04,2025-01,627.5,739.2,739.2,17.8,606.2,578.71,597.98,True,True,True,False,True,True,False,4469970.0,680.5,-7.79,False,0.74,1.69,1.19,False,3,True,5.93,1.74,False,False,
2163,2163.T,アルトナー,2025-07,CONTINUE,6,43.51,75.4,True,True,31.89,2025-02,1738.0,1895.0,1895.0,9.03,1829.4,1901.31,1905.46,False,False,False,False,False,True,False,67917.0,2631.0,-33.94,False,0.52,1.56,0.85,True,4,False,-12.88,-3.59,False,False,
3673,3673.T,ブロードリーフ,2025-07,CONTINUE,3,68.13,100.0,True,True,31.87,2025-05,352.5,384.0,384.0,8.94,346.8,335.12,329.22,True,True,True,True,True,True,True,489867.0,376.5,-6.37,False,0.96,3.36,0.95,True,1,True,10.37,-1.88,False,False,
7734,7734.T,理研計器,2025-07,CONTINUE,2,41.0,72.83,True,True,31.84,2025-06,3025.0,3205.0,3205.0,5.95,2937.68,2741.53,3303.44,True,True,False,False,True,True,False,67373.0,4500.0,-32.78,False,1.18,2.98,0.94,True,4,True,-8.07,1.3,True,False,
7990,7990.T,グローブライド,2025-07,CONTINUE,4,57.81,89.57,True,True,31.76,2025-04,1871.0,2264.0,2264.0,21.0,1849.84,1901.56,1918.55,True,False,False,False,False,False,False,84297.0,2263.0,-17.32,False,0.43,1.76,0.4,True,4,True,-3.57,2.26,False,False,
7532,7532.T,ﾊﾟﾝ･ﾊﾟｼﾌｨｯｸ･ｲﾝﾀｰﾅｼｮﾅﾙﾎｰﾙﾃﾞｨﾝｸﾞｽ,2025-07,CONTINUE,4,68.3,100.0,False,True,31.7,2025-04,882.0,1013.8,1013.8,14.94,850.52,836.27,790.39,True,True,True,True,True,True,True,7851050.0,897.8,-1.76,False,0.99,2.13,0.75,True,2,True,11.67,2.69,False,False,
6817,6817.T,スミダコーポレーション,2025-07,CONTINUE,7,40.06,71.72,True,True,31.66,2025-01,914.0,1033.0,1033.0,13.02,899.68,930.01,1014.16,True,False,False,False,False,False,False,374913.0,1264.0,-27.69,False,0.44,1.41,0.97,True,4,True,-13.27,2.01,False,False,
8179,8179.T,ロイヤルホールディングス,2025-07,NEW,1,51.01,82.64,False,True,31.62,2025-07,1333.5,1333.5,1333.5,0.0,1320.68,1303.96,1259.73,True,True,True,True,True,True,True,498213.0,1361.0,-2.02,False,0.67,1.34,0.94,True,2,True,6.65,0.16,False,False,
4216,4216.T,旭有機材,2025-07,NEW,1,44.09,75.65,True,True,31.55,2025-07,4355.0,4355.0,4355.0,0.0,4120.6,3913.4,4039.1,True,True,True,False,True,True,True,34827.0,5010.0,-13.07,False,0.89,1.49,1.0,True,1,True,5.8,1.0,False,False,
2809,2809.T,キユーピー,2025-07,CONTINUE,2,66.0,97.51,True,True,31.51,2025-06,3371.0,4130.0,4130.0,22.52,3328.04,3181.19,3276.56,True,True,True,False,True,True,False,367600.0,3896.0,-13.48,False,0.8,1.06,0.97,True,3,True,5.75,-0.47,False,False,
9511,9511.T,沖縄電力,2025-07,CONTINUE,4,32.07,63.58,True,True,31.51,2025-04,952.0,965.0,965.0,1.37,922.76,921.61,986.67,True,True,False,False,False,False,False,195847.0,1262.0,-24.56,False,1.25,2.25,0.74,True,4,True,-6.16,3.84,False,False,
4046,4046.T,大阪ソーダ,2025-07,CONTINUE,2,50.12,81.59,True,True,31.48,2025-06,1797.0,1857.0,1857.0,3.34,1688.68,1583.61,1659.5,True,True,True,False,True,True,False,395713.0,2342.0,-23.27,False,1.08,2.75,0.88,True,3,True,-2.51,-3.3,False,False,
7438,7438.T,コンドーテック,2025-07,CONTINUE,6,68.52,100.0,True,True,31.48,2025-02,1327.0,1594.0,1594.0,20.12,1327.84,1344.24,1314.94,False,False,True,False,False,True,True,25417.0,1449.0,-8.42,False,1.36,1.34,0.91,True,1,True,1.74,-1.47,False,False,
7380,7380.T,十六フィナンシャルグループ,2025-07,CONTINUE,7,57.75,89.18,True,True,31.42,2025-01,936.0,1048.0,1048.0,11.97,868.44,855.16,878.43,True,True,True,False,False,True,False,438550.0,985.0,-4.97,False,1.44,2.05,1.12,False,3,True,10.81,3.9,False,False,
8091,8091.T,ニチモウ,2025-07,CONTINUE,7,61.41,92.81,True,True,31.41,2025-01,1942.0,2354.0,2354.0,21.22,1956.36,1905.87,1993.41,False,True,False,False,True,True,False,23057.0,2435.0,-20.25,False,2.07,1.74,1.17,False,4,False,-3.61,-0.06,False,False,
4043,4043.T,トクヤマ,2025-07,CONTINUE,5,57.39,88.76,True,True,31.37,2025-03,2789.0,3264.0,3264.0,17.03,2812.92,2683.11,2760.12,False,True,True,False,True,True,False,501043.0,3260.0,-14.45,False,0.82,2.27,0.89,True,3,False,4.07,2.25,False,False,
3668,3668.T,コロプラ,2025-07,CONTINUE,4,44.65,76.0,True,True,31.35,2025-04,473.0,524.0,524.0,10.78,461.48,480.87,516.08,True,False,False,False,False,False,False,234217.0,665.0,-28.87,False,0.45,2.2,0.59,True,4,True,-12.97,1.72,False,False,
7102,7102.T,日本車輌製造,2025-07,NEW,1,53.97,85.29,True,True,31.32,2025-07,2406.0,2406.0,2406.0,0.0,2118.16,2068.47,2119.51,True,True,True,False,True,True,False,28727.0,2682.0,-10.29,False,4.3,2.2,1.39,False,1,True,10.81,4.98,False,False,
4461,4461.T,第一工業製薬,2025-07,CONTINUE,2,62.22,93.48,True,True,31.25,2025-06,3955.0,5190.0,5190.0,31.23,3677.6,3039.39,3230.97,True,True,True,False,True,True,True,59347.0,4200.0,-5.83,False,0.76,2.29,1.03,False,1,True,24.05,4.39,False,False,
6379,6379.T,レイズネクスト,2025-07,CONTINUE,4,50.89,82.14,True,True,31.25,2025-04,1492.0,1869.0,1869.0,25.27,1476.4,1529.08,1598.22,True,False,False,False,False,False,False,49990.0,2112.0,-29.36,False,0.71,2.26,0.57,True,4,True,-10.29,2.84,False,False,
4507,4507.T,塩野義製薬,2025-07,CONTINUE,9,56.78,87.97,True,False,31.19,2024-11,2119.0,2546.0,2546.0,20.15,2130.56,2136.59,2263.37,False,False,False,False,True,False,False,2528623.0,2712.33,-21.88,False,0.76,1.97,1.03,False,4,True,-8.6,-1.16,False,False,
7735,7735.T,ＳＣＲＥＥＮホールディングス,2025-07,CONTINUE,7,36.52,67.6,True,True,31.08,2025-01,5462.5,5990.0,5990.0,9.66,5156.04,4947.55,6099.19,True,True,False,False,True,True,False,3424793.0,10220.0,-46.55,False,1.05,4.63,1.01,False,4,True,-10.42,4.63,False,False,
6058,6058.T,ベクトル,2025-07,CONTINUE,2,40.85,71.89,True,True,31.04,2025-06,1091.0,1110.0,1110.0,1.74,960.0,934.85,956.54,True,True,True,False,True,True,True,243037.0,1253.0,-12.93,False,1.71,2.56,1.23,False,2,True,5.67,5.56,True,False,
5232,5232.T,住友大阪セメント,2025-07,CONTINUE,4,51.46,82.44,True,False,30.98,2025-04,3908.0,3964.0,3964.0,1.43,3713.04,3549.35,3667.16,True,True,True,False,True,True,False,199343.0,4311.0,-9.35,False,1.09,2.92,0.73,True,3,True,5.36,4.31,False,False,
9347,9347.T,日本管財ホールディングス,2025-07,CONTINUE,4,63.44,94.37,True,True,30.93,2025-04,2717.0,2782.0,2782.0,2.39,2663.28,2635.87,2636.01,True,True,True,False,True,True,True,72793.0,2813.0,-3.41,False,0.56,1.59,0.77,True,1,True,3.52,2.79,False,False,
3660,3660.T,アイスタイル,2025-07,CONTINUE,5,60.65,91.43,True,True,30.78,2025-03,450.0,578.0,578.0,28.44,469.04,468.41,470.41,False,False,False,False,False,True,False,1412513.0,596.0,-24.5,False,0.82,3.05,0.78,True,1,False,-10.24,-3.96,False,False,
3963,3963.T,シンクロ・フード,2025-07,CONTINUE,7,53.71,84.42,True,False,30.71,2025-01,373.0,603.0,603.0,61.66,353.4,409.16,478.71,True,False,False,False,False,False,False,697673.0,741.0,-49.66,False,1.11,3.26,0.78,True,4,True,-27.29,4.8,False,False,
8194,8194.T,ライフコーポレーション,2025-07,CONTINUE,5,63.81,94.29,True,True,30.49,2025-03,1933.0,2416.0,2416.0,24.99,1866.52,1795.47,1790.75,True,True,True,True,True,True,False,168833.0,2115.0,-8.61,False,1.0,1.38,0.91,True,3,True,6.16,2.18,False,False,
9532,9532.T,大阪瓦斯,2025-07,CONTINUE,4,55.27,85.74,True,False,30.47,2025-04,3617.0,3810.0,3810.0,5.34,3429.96,3308.53,3325.13,True,True,True,False,True,True,False,1122507.0,3675.0,-1.58,False,1.2,2.34,0.8,True,1,True,12.7,6.11,False,False,
9715,9715.T,トランス・コスモス,2025-07,CONTINUE,2,57.71,88.14,True,True,30.43,2025-06,3500.0,3605.0,3605.0,3.0,3408.8,3260.59,3324.82,True,True,True,False,True,True,True,64693.0,3650.0,-4.11,False,1.46,1.95,1.17,False,3,True,4.24,1.18,False,False,
7157,7157.T,ライフネット生命保険,2025-07,NEW,1,69.6,100.0,False,True,30.4,2025-07,2298.0,2298.0,2298.0,0.0,2166.4,2054.63,1919.66,True,True,True,True,False,True,True,264653.0,2371.0,-3.08,False,1.66,3.24,1.19,False,2,True,26.33,0.74,False,False,
9508,9508.T,九州電力,2025-07,NEW,1,26.22,56.62,False,True,30.4,2025-07,1341.0,1341.0,1341.0,0.0,1301.86,1267.74,1362.25,True,True,False,False,True,False,False,2208307.0,1751.5,-23.44,False,0.85,2.14,1.05,False,4,True,-5.43,1.67,False,False,
5901,5901.T,東洋製罐グループホールディングス,2025-07,CONTINUE,7,68.25,98.57,True,True,30.32,2025-01,2361.0,3137.0,3137.0,32.87,2344.16,2330.68,2381.47,True,True,False,False,False,True,False,384433.0,2635.0,-10.4,False,0.87,1.5,0.99,True,4,True,0.51,1.03,False,False,
8079,8079.T,正栄食品工業,2025-07,NEW,1,40.93,71.22,False,True,30.3,2025-07,4120.0,4120.0,4120.0,0.0,4068.8,4057.2,4126.35,True,True,False,False,True,True,False,26897.0,5080.0,-18.9,False,0.61,1.36,1.06,False,4,True,-4.12,0.07,False,False,
5970,5970.T,ジーテクト,2025-07,CONTINUE,7,46.1,76.36,True,True,30.26,2025-01,1717.0,1865.0,1865.0,8.62,1690.08,1614.35,1746.61,True,True,False,False,True,True,False,175063.0,2210.0,-22.31,False,0.54,1.42,0.93,True,4,True,-1.45,0.33,False,False,
4401,4401.T,ＡＤＥＫＡ,2025-07,CONTINUE,3,37.48,67.6,True,True,30.12,2025-05,2669.5,2989.0,2989.0,11.97,2600.5,2643.86,2773.61,True,True,False,False,True,False,False,297623.0,3415.0,-21.83,False,0.8,2.54,0.82,True,4,False,-7.91,0.85,False,False,
4809,4809.T,パラカ,2025-07,CONTINUE,6,44.35,74.46,True,True,30.1,2025-02,1786.0,1899.0,1899.0,6.33,1833.8,1813.88,1874.85,False,False,False,False,False,True,False,19137.0,2119.0,-15.71,False,0.84,1.8,0.81,True,4,False,-4.33,-0.71,False,False,
8524,8524.T,北洋銀行,2025-07,CONTINUE,7,56.95,87.03,False,True,30.07,2025-01,528.0,656.0,656.0,24.24,464.6,442.88,461.6,True,True,True,False,True,True,True,1876507.0,627.0,-15.79,False,1.71,2.99,1.1,False,1,True,27.61,6.46,True,True,MVP
7347,7347.T,マーキュリアホールディングス,2025-07,CONTINUE,3,47.19,77.25,True,True,30.06,2025-05,796.0,805.0,805.0,1.13,802.16,776.85,814.23,False,True,False,False,True,True,False,61717.0,980.0,-18.78,False,0.44,2.21,0.8,True,4,False,-0.4,1.2,False,False,
7241,7241.T,フタバ産業,2025-07,CONTINUE,7,42.21,72.19,True,True,29.98,2025-01,763.0,817.0,817.0,7.08,711.8,687.81,775.41,True,True,False,False,True,True,False,246163.0,1214.0,-37.15,False,1.48,1.83,1.13,False,4,True,-5.87,3.0,True,False,
4249,4249.T,森六,2025-07,CONTINUE,4,42.36,72.31,True,True,29.95,2025-04,2198.0,2429.0,2429.0,10.51,2069.08,2039.49,2190.16,True,True,True,False,False,True,False,24983.0,2870.0,-23.41,False,0.62,2.8,0.71,True,3,True,-2.9,4.7,False,False,
6472,6472.T,ＮＴＮ,2025-07,CONTINUE,2,34.18,64.13,True,True,29.95,2025-06,227.7,258.0,258.0,13.31,215.19,222.93,238.78,True,True,False,False,False,False,False,3394337.0,338.4,-32.71,False,1.68,1.91,1.04,False,4,True,-11.64,1.99,True,False,
5975,5975.T,東プレ,2025-07,CONTINUE,7,43.78,73.71,True,True,29.93,2025-01,1904.0,2077.0,2077.0,9.09,1926.76,1881.25,2022.4,False,True,False,False,False,True,False,58270.0,2702.0,-29.53,False,0.61,1.83,0.82,True,4,True,-4.97,-0.18,False,False,
6999,6999.T,ＫＯＡ,2025-07,CONTINUE,2,30.67,60.55,True,True,29.88,2025-06,843.0,1062.0,1062.0,25.98,823.64,850.16,962.34,True,False,False,False,True,False,False,147320.0,1575.0,-46.48,False,1.19,1.84,0.99,True,4,False,-21.52,1.43,False,False,
7504,7504.T,高速,2025-07,NEW,1,65.39,95.26,True,True,29.87,2025-07,2912.0,2912.0,2912.0,0.0,2800.4,2563.65,2417.34,True,True,True,True,True,True,True,33143.0,2909.0,0.1,True,0.8,1.59,0.89,True,1,True,25.28,0.49,False,True,BREAKOUT
8130,8130.T,サンゲツ,2025-07,CONTINUE,2,50.8,80.68,True,True,29.87,2025-06,2955.0,3010.0,3010.0,1.86,2903.28,2895.64,2875.85,True,True,True,True,True,False,True,169613.0,3085.0,-4.21,False,0.69,1.11,1.05,False,2,True,1.58,0.73,False,False,
3854,3854.T,アイル,2025-07,CONTINUE,3,53.51,83.31,True,True,29.81,2025-05,2630.0,2824.0,2824.0,7.38,2471.32,2335.01,2682.36,True,True,False,False,True,False,False,61547.0,3320.0,-20.78,False,1.05,2.92,1.19,False,4,True,-0.28,4.56,False,False,
1968,1968.T,太平電業,2025-07,CONTINUE,2,70.2,100.0,True,True,29.8,2025-06,1790.0,2180.0,2180.0,21.79,1734.2,1642.78,1662.18,True,True,True,False,True,True,True,101130.0,1926.67,-7.09,False,1.0,1.86,1.06,False,3,True,5.74,1.72,False,False,
3139,3139.T,ラクト・ジャパン,2025-07,CONTINUE,3,70.26,100.0,True,True,29.74,2025-05,3535.0,4025.0,4025.0,13.86,3463.2,3138.57,2976.68,True,True,True,True,True,True,True,84537.0,3865.0,-8.54,False,0.73,2.08,0.9,True,1,True,25.24,1.3,False,False,
5331,5331.T,ノリタケ,2025-07,CONTINUE,4,58.4,88.12,True,True,29.72,2025-04,1857.5,2157.5,2157.5,16.15,1746.8,1801.23,1890.72,True,True,False,False,False,False,False,138640.0,2175.0,-14.6,False,1.02,2.06,0.51,True,4,True,-5.61,4.01,False,False,
2804,2804.T,ブルドックソース,2025-07,CONTINUE,7,53.5,83.17,True,True,29.67,2025-01,1752.0,2041.0,2041.0,16.5,1765.32,1787.59,1883.36,False,False,False,False,False,True,False,16033.0,2270.0,-22.82,False,1.12,1.8,1.14,False,4,True,-10.33,0.08,False,False,
1414,1414.T,ショーボンドホールディングス,2025-07,CONTINUE,5,27.53,57.19,True,True,29.66,2025-03,1193.25,1207.5,1207.5,1.19,1204.23,1245.86,1334.67,False,False,False,False,False,False,False,596120.0,1634.75,-27.01,False,1.07,1.35,1.06,False,4,False,-14.96,0.51,False,False,
8037,8037.T,カメイ,2025-07,CONTINUE,4,62.95,92.62,True,False,29.66,2025-04,1920.0,2579.0,2579.0,34.32,1880.48,1883.8,1954.91,True,True,False,False,False,False,False,58403.0,2450.0,-21.63,False,1.35,2.83,0.56,True,4,False,-1.2,3.4,False,False,
1852,1852.T,淺沼組,2025-07,CONTINUE,6,60.09,89.74,True,True,29.65,2025-02,680.0,804.0,804.0,18.24,660.36,649.69,689.83,True,True,False,False,True,False,False,209737.0,886.0,-23.25,False,0.86,1.63,0.9,True,4,True,-4.21,2.04,False,False,
3877,3877.T,中越パルプ工業,2025-07,CONTINUE,7,56.85,86.45,True,True,29.6,2025-01,1498.0,1705.0,1705.0,13.82,1489.84,1407.52,1454.01,True,True,True,False,True,True,False,39317.0,2072.0,-27.7,False,1.85,2.05,1.03,False,3,False,1.67,1.82,False,False,
7537,7537.T,丸文,2025-07,CONTINUE,7,40.24,69.8,True,True,29.56,2025-01,1112.0,1106.0,1106.0,-0.54,1088.0,1068.19,1154.59,True,True,False,False,True,True,False,67430.0,1819.0,-38.87,False,0.71,1.43,1.04,False,4,True,-9.64,1.96,False,False,
6965,6965.T,浜松ホトニクス,2025-07,CONTINUE,3,39.54,69.1,True,True,29.55,2025-05,1553.5,1851.5,1851.5,19.18,1420.84,1469.9,1720.19,True,True,False,False,True,False,False,2147503.0,2643.5,-41.23,False,0.82,2.95,0.79,True,4,True,-15.87,7.77,False,False,
4503,4503.T,アステラス製薬,2025-07,NEW,1,51.33,80.74,True,True,29.41,2025-07,1578.5,1578.5,1578.5,0.0,1433.96,1401.37,1495.06,True,True,True,False,True,True,False,7431463.0,1835.0,-13.98,False,1.39,2.32,1.12,False,3,True,2.0,2.28,True,False,
6742,6742.T,京三製作所,2025-07,NEW,1,41.65,71.05,False,True,29.4,2025-07,506.0,506.0,506.0,0.0,495.2,483.68,503.69,True,True,True,False,True,True,False,125083.0,676.0,-25.15,False,0.74,1.28,0.92,True,3,True,-4.6,-1.29,False,False,
4373,4373.T,シンプレクス・ホールディングス,2025-07,CONTINUE,8,70.66,100.0,True,True,29.34,2024-12,622.0,1031.25,1031.25,65.8,629.01,615.39,643.99,False,True,False,False,True,True,False,483893.0,739.75,-15.92,False,0.74,2.61,1.04,False,4,True,-4.18,-0.61,False,False,
3950,3950.T,ザ・パック,2025-07,NEW,1,34.33,63.57,False,True,29.23,2025-07,1135.0,1135.0,1135.0,0.0,1116.76,1083.76,1132.2,True,True,True,False,True,True,False,217177.0,1328.33,-14.55,False,0.62,1.33,0.8,True,3,True,-2.88,-0.71,False,False,
2585,2585.T,ライフドリンク   カンパニー,2025-07,NEW,1,64.23,93.43,True,True,29.21,2025-07,2249.0,2249.0,2249.0,0.0,2057.2,1944.91,1964.29,True,True,True,False,False,True,True,447117.0,2540.0,-11.46,False,1.23,3.97,1.04,False,1,True,26.97,2.15,True,True,MVP
4568,4568.T,第一三共,2025-07,NEW,1,31.96,61.12,True,True,29.16,2025-07,3720.0,3720.0,3720.0,0.0,3421.48,3484.92,3938.95,True,True,False,False,False,False,False,5419090.0,6257.0,-40.55,False,0.96,2.65,1.1,False,4,True,-14.43,2.85,True,False,
6963,6963.T,ローム,2025-07,CONTINUE,7,46.96,76.12,True,True,29.16,2025-01,1488.0,1908.0,1908.0,28.23,1483.36,1521.91,1805.89,True,False,False,False,True,False,False,3320413.0,2772.0,-46.32,False,0.73,2.61,0.9,True,4,True,-25.43,2.2,False,False,
9021,9021.T,西日本旅客鉄道,2025-07,CONTINUE,7,57.66,86.8,False,False,29.15,2025-01,2863.0,3321.0,3321.0,16.0,2755.9,2751.97,2851.88,True,True,True,False,False,True,False,1403993.0,3327.0,-13.95,False,1.23,1.42,1.05,False,3,True,0.34,2.88,False,False,
6264,6264.T,マルマエ,2025-07,CONTINUE,3,34.23,63.36,False,True,29.14,2025-05,699.0,805.0,805.0,15.16,617.82,647.34,730.92,True,True,False,False,True,False,False,262867.0,1118.0,-37.48,False,2.03,3.53,1.06,False,4,True,-13.14,5.1,False,False,
6368,6368.T,オルガノ,2025-07,CONTINUE,2,53.4,82.53,False,True,29.13,2025-06,9000.0,9440.0,9440.0,4.89,8067.2,7196.53,7529.15,True,True,True,False,True,True,True,187810.0,9400.0,-4.26,False,1.27,2.42,1.03,False,2,True,22.35,7.35,False,False,
6947,6947.T,図研,2025-07,CONTINUE,8,70.9,100.0,True,True,29.1,2024-12,4150.0,5820.0,5820.0,40.24,4323.8,3910.07,3939.03,False,True,True,False,True,True,False,54407.0,4855.0,-14.52,False,0.7,2.64,1.08,False,3,False,5.06,-4.85,False,False,
4206,4206.T,アイカ工業,2025-07,CONTINUE,5,63.27,92.19,True,True,28.92,2025-03,3297.0,3727.0,3727.0,13.04,3330.8,3288.0,3335.97,False,True,False,False,True,True,False,190207.0,3820.0,-13.69,False,1.05,1.48,1.19,False,4,False,-2.44,1.07,False,False,
6134,6134.T,ＦＵＪＩ,2025-07,CONTINUE,6,58.94,87.83,True,True,28.89,2025-02,2196.0,2839.5,2839.5,29.3,2259.68,2261.05,2369.2,False,False,False,False,False,False,False,247847.0,2848.0,-22.89,False,1.04,1.93,0.77,True,4,False,-8.92,-1.32,False,False,
7955,7955.T,クリナップ,2025-07,CONTINUE,3,51.21,80.0,True,True,28.79,2025-05,669.0,725.0,725.0,8.37,657.6,658.21,676.03,True,True,False,False,True,True,False,36283.0,752.0,-11.04,False,0.57,1.47,0.59,True,4,True,-2.09,0.48,False,False,
9956,9956.T,バローホールディングス,2025-07,CONTINUE,6,59.16,87.9,True,True,28.74,2025-02,2263.0,2670.0,2670.0,17.98,2206.6,2158.84,2247.7,True,True,True,False,True,True,False,66107.0,2571.0,-11.98,False,0.97,1.3,0.88,True,3,True,0.95,2.34,True,False,
3110,3110.T,日東紡績,2025-07,CONTINUE,2,48.95,77.66,False,True,28.71,2025-06,1216.0,1340.0,1340.0,10.2,1034.24,885.37,1078.49,True,True,True,False,True,True,False,3421583.0,1534.0,-20.73,False,1.42,3.87,0.98,True,1,True,17.0,8.28,True,False,
7525,7525.T,リックス,2025-07,CONTINUE,7,60.33,89.02,True,True,28.69,2025-01,2920.0,3305.0,3305.0,13.18,2893.56,2799.73,3077.76,True,True,False,False,True,False,False,8797.0,4690.0,-37.74,False,0.54,1.6,0.86,True,4,True,-7.07,1.28,False,False,
9007,9007.T,小田急電鉄,2025-07,CONTINUE,4,49.24,77.9,True,False,28.66,2025-04,1577.0,1633.5,1633.5,3.58,1554.82,1500.58,1543.3,True,True,True,False,True,True,True,1370320.0,1933.0,-18.42,False,0.76,2.2,0.69,True,1,True,0.99,3.0,False,False,
7350,7350.T,おきなわフィナンシャルグループ,2025-07,CONTINUE,7,62.88,91.5,True,True,28.62,2025-01,2657.0,3435.0,3435.0,29.28,2549.44,2468.09,2504.8,True,True,True,False,False,True,False,37300.0,2955.0,-10.08,False,1.19,1.91,1.1,False,1,True,9.57,1.64,False,False,
4661,4661.T,オリエンタルランド,2025-07,CONTINUE,5,23.41,51.99,False,True,28.58,2025-03,2945.0,3115.0,3115.0,5.77,3108.2,3281.87,3728.57,False,False,False,False,False,False,False,4602630.0,5094.0,-42.19,False,1.02,2.13,0.78,True,4,False,-25.1,0.36,False,False,
6277,6277.T,ホソカワミクロン,2025-07,CONTINUE,5,65.95,94.53,True,True,28.58,2025-03,4060.0,5410.0,5410.0,33.25,4036.0,4106.13,4080.75,True,False,False,False,False,True,False,30043.0,4885.0,-16.89,False,1.3,2.5,1.05,False,1,True,-3.41,1.23,False,False,
6272,6272.T,レオン自動機,2025-07,NEW,1,42.33,70.78,True,True,28.45,2025-07,1383.0,1383.0,1383.0,0.0,1278.84,1214.47,1314.45,True,True,True,False,True,True,False,62540.0,1676.0,-17.48,False,0.94,1.35,1.06,False,3,True,3.32,4.1,False,False,
8439,8439.T,東京センチュリー,2025-07,CONTINUE,2,66.23,94.66,True,True,28.43,2025-06,1625.5,1736.5,1736.5,6.83,1573.36,1516.01,1538.07,True,True,True,False,True,True,True,779603.0,1784.0,-8.88,False,0.82,1.76,1.07,False,1,True,6.69,0.31,False,False,
8088,8088.T,岩谷産業,2025-07,CONTINUE,2,24.91,53.29,True,True,28.38,2025-06,1531.5,1590.5,1590.5,3.85,1508.68,1446.91,1696.22,True,True,False,False,True,False,False,738243.0,2637.5,-41.93,False,0.81,2.07,1.01,False,4,True,-13.37,1.59,False,False,
2379,2379.T,ディップ,2025-07,CONTINUE,2,46.17,74.49,True,True,28.32,2025-06,2280.0,2448.0,2448.0,7.37,2205.76,2171.93,2397.0,True,True,False,False,True,False,False,229863.0,3185.0,-28.41,False,1.37,1.72,1.11,False,4,True,-8.24,1.6,False,False,
2004,2004.T,昭和産業,2025-07,CONTINUE,5,44.59,72.9,True,True,28.31,2025-03,2835.0,3035.0,3035.0,7.05,2878.6,2802.69,2920.42,False,True,False,False,True,True,False,45373.0,3615.0,-21.58,False,1.76,1.21,1.13,False,4,False,-5.91,0.55,False,False,
1762,1762.T,髙松コンストラクショングループ,2025-07,CONTINUE,4,56.45,84.64,False,True,28.2,2025-04,2899.0,3080.0,3080.0,6.24,2761.48,2740.64,2823.3,True,True,True,False,False,True,False,53687.0,3160.0,-8.26,False,0.85,2.51,0.77,True,3,True,4.49,5.79,False,False,
1879,1879.T,新日本建設,2025-07,CONTINUE,4,64.47,92.56,True,True,28.09,2025-04,1650.0,1762.0,1762.0,6.79,1541.64,1538.12,1553.35,True,True,True,False,True,True,False,108960.0,1779.0,-7.25,False,0.85,2.41,0.66,True,3,True,4.05,4.55,False,False,
3276,3276.T,ＪＰＭＣ,2025-07,CONTINUE,5,45.7,73.74,True,False,28.04,2025-03,1190.0,1175.0,1175.0,-1.26,1153.04,1130.87,1161.15,True,True,True,False,True,False,False,34540.0,1333.0,-10.73,False,1.59,1.36,1.25,False,3,True,3.13,3.63,False,False,
3245,3245.T,ディア・ライフ,2025-07,CONTINUE,3,71.53,99.56,True,True,28.02,2025-05,1140.0,1280.0,1280.0,12.28,1120.0,1083.4,998.59,True,True,True,True,True,True,True,126467.0,1159.0,-1.64,False,0.69,1.61,0.83,True,2,True,15.84,-0.41,False,False,
5831,5831.T,しずおかフィナンシャルグループ,2025-07,CONTINUE,7,57.27,85.25,False,False,27.98,2025-01,1389.5,1792.5,1792.5,29.0,1327.84,1313.14,1378.01,True,True,True,False,True,True,False,2512060.0,1659.5,-16.27,False,0.85,1.97,0.92,True,3,True,5.0,1.84,False,False,
7267,7267.T,本田技研工業,2025-07,CONTINUE,4,42.77,70.75,True,True,27.98,2025-04,1453.0,1569.0,1569.0,7.98,1365.56,1422.33,1469.16,True,True,False,False,False,False,False,23994923.0,1856.5,-21.73,False,1.04,3.18,0.59,True,4,True,-8.2,4.73,False,False,
7607,7607.T,進和,2025-07,CONTINUE,2,67.17,95.07,True,True,27.9,2025-06,3080.0,3400.0,3400.0,10.39,3008.56,2986.55,2853.49,True,True,True,True,False,True,True,13617.0,3135.0,-1.75,False,1.71,1.61,1.12,False,2,True,7.8,-0.23,False,False,
2935,2935.T,ピックルスホールディングス,2025-07,NEW,1,31.68,59.54,True,True,27.86,2025-07,990.0,990.0,990.0,0.0,976.52,939.09,989.42,True,True,True,False,True,True,False,18313.0,1153.0,-14.14,False,0.67,0.92,1.15,False,3,True,-2.28,0.37,False,False,
9769,9769.T,学究社,2025-07,CONTINUE,6,64.81,92.68,True,True,27.86,2025-02,2040.0,2343.0,2343.0,14.85,2040.88,2006.39,2020.49,False,True,True,False,False,True,False,9963.0,2198.0,-7.19,False,0.81,2.23,0.83,True,3,False,1.68,-0.45,False,False,
5108,5108.T,ブリヂストン,2025-07,CONTINUE,6,37.9,65.74,True,False,27.84,2025-02,2919.0,3065.5,3065.5,5.02,2831.26,2724.97,2908.43,True,True,True,False,True,True,False,5099513.0,3529.0,-17.29,False,1.2,2.55,1.15,False,3,True,-1.42,3.04,False,False,
1721,1721.T,コムシスホールディングス,2025-07,CONTINUE,3,68.09,95.9,True,True,27.81,2025-05,3320.0,3471.0,3471.0,4.55,3259.72,3213.37,3189.64,True,True,True,True,True,True,True,410597.0,3395.0,-2.21,False,1.09,1.28,0.81,True,2,True,4.72,2.46,False,False,
1301,1301.T,極洋,2025-07,CONTINUE,4,72.2,100.0,False,True,27.8,2025-04,4210.0,4685.0,4685.0,11.28,4138.6,4145.73,4096.73,True,True,True,False,False,True,True,58890.0,4600.0,-8.48,False,0.68,2.19,0.65,True,2,True,6.35,3.86,False,False,
3964,3964.T,オークネット,2025-07,CONTINUE,3,72.27,100.0,True,True,27.73,2025-05,772.0,846.5,846.5,9.65,679.94,630.83,622.41,True,True,True,True,True,True,True,90807.0,752.5,2.59,True,0.74,3.33,0.71,True,2,True,27.87,8.8,False,True,BREAKOUT
6718,6718.T,アイホン,2025-07,CONTINUE,3,46.84,74.56,True,True,27.72,2025-05,2647.0,2845.0,2845.0,7.48,2579.36,2585.09,2721.33,True,True,False,False,True,False,False,29827.0,3230.0,-18.05,False,0.45,1.46,0.75,True,4,True,-3.22,2.58,False,False,
6099,6099.T,エラン,2025-07,CONTINUE,4,50.58,78.28,True,True,27.7,2025-04,719.0,858.0,858.0,19.33,709.68,739.99,799.27,True,False,False,False,False,False,False,87640.0,1080.0,-33.43,False,0.82,2.7,0.57,True,4,True,-14.6,1.16,False,False,
8157,8157.T,都築電気,2025-07,NEW,1,65.49,93.18,True,True,27.69,2025-07,3055.0,3055.0,3055.0,0.0,2954.92,2721.61,2594.72,True,True,True,True,True,True,True,31550.0,3200.0,-4.53,False,1.23,2.83,1.34,False,2,True,20.09,-1.09,False,False,
8336,8336.T,武蔵野銀行,2025-07,NEW,1,60.09,87.78,True,True,27.69,2025-07,1248.33,1248.33,1248.33,0.0,1162.0,1087.19,1031.46,True,True,True,True,True,True,True,273140.0,1246.67,0.13,True,1.32,2.29,1.13,False,2,True,22.81,1.75,True,True,BOTH
2664,2664.T,カワチ薬品,2025-07,CONTINUE,5,40.94,68.6,False,False,27.66,2025-03,2813.0,2757.0,2757.0,-1.99,2757.44,2646.28,2670.92,True,True,True,False,True,True,False,205097.0,3010.0,-6.54,False,0.36,2.31,0.95,True,3,True,6.81,2.43,False,False,
1860,1860.T,戸田建設,2025-07,CONTINUE,2,36.61,64.26,False,True,27.65,2025-06,915.8,965.5,965.5,5.43,901.24,890.28,924.28,True,True,False,False,False,False,False,638050.0,1095.0,-16.37,False,0.91,1.74,1.15,False,4,True,-3.44,1.01,False,False,
7966,7966.T,リンテック,2025-07,CONTINUE,2,42.3,69.91,False,True,27.61,2025-06,2957.0,3040.0,3040.0,2.81,2862.96,2775.15,2966.72,True,True,False,False,True,False,False,215227.0,3665.0,-19.32,False,1.21,1.45,1.01,False,4,True,-2.35,1.51,False,False,
7520,7520.T,エコス,2025-07,CONTINUE,5,56.02,83.46,False,True,27.44,2025-03,2178.0,2464.0,2464.0,13.13,2064.4,2038.25,2104.49,True,True,True,False,True,True,False,39987.0,2412.0,-9.7,False,0.77,1.86,1.22,False,3,True,1.77,4.31,False,False,
3105,3105.T,日清紡ホールディングス,2025-07,CONTINUE,6,38.08,65.48,True,True,27.4,2025-02,906.5,962.0,962.0,6.12,895.42,888.76,975.73,True,True,False,False,True,False,False,746083.0,1321.0,-31.38,False,0.88,2.02,1.09,False,4,True,-9.73,3.09,False,False,
3167,3167.T,ＴＯＫＡＩホールディングス,2025-07,CONTINUE,5,63.52,90.85,True,True,27.33,2025-03,983.0,1069.0,1069.0,8.75,959.56,948.43,955.52,True,True,True,False,True,True,True,414407.0,1018.0,-3.44,False,2.07,1.26,1.05,False,1,True,1.3,1.06,False,False,
3433,3433.T,トーカロ,2025-07,CONTINUE,2,52.29,79.6,False,True,27.31,2025-06,1903.0,2040.0,2040.0,7.2,1835.6,1726.53,1779.12,True,True,True,False,True,True,True,133570.0,2085.0,-8.73,False,1.35,1.67,1.0,False,1,True,6.09,2.1,False,False,
8057,8057.T,内田洋行,2025-07,CONTINUE,6,72.7,100.0,True,False,27.3,2025-02,1378.0,2076.0,2076.0,50.65,1361.6,1345.87,1408.28,True,True,False,False,True,True,False,98317.0,1690.0,-18.46,False,1.13,1.72,0.91,True,4,True,-3.49,-0.28,False,False,
6560,6560.T,エル・ティー・エス,2025-07,NEW,1,53.64,80.83,True,True,27.19,2025-07,2261.0,2261.0,2261.0,0.0,2239.8,2149.36,2183.89,True,True,True,False,True,True,True,13783.0,2770.0,-18.38,False,0.63,2.02,0.95,True,2,True,7.06,-0.76,False,False,
3150,3150.T,グリムス,2025-07,NEW,1,56.2,83.37,True,True,27.16,2025-07,2518.0,2518.0,2518.0,0.0,2462.56,2388.52,2433.85,True,True,True,False,True,True,False,57480.0,2895.0,-13.02,False,0.52,1.49,0.73,True,3,True,3.07,0.8,False,False,
1934,1934.T,ユアテック,2025-07,CONTINUE,4,72.91,100.0,True,True,27.09,2025-04,1834.0,2476.0,2476.0,35.01,1679.92,1647.56,1533.94,True,True,True,True,False,True,True,128893.0,1880.0,-2.45,False,1.29,3.08,0.77,True,2,True,26.38,7.34,False,False,
7327,7327.T,第四北越フィナンシャルグループ,2025-07,NEW,1,68.79,95.84,True,True,27.05,2025-07,1240.0,1240.0,1240.0,0.0,1170.27,1098.0,994.04,True,True,True,True,True,True,True,550580.0,1265.0,-1.98,False,1.8,2.6,1.23,False,2,True,33.0,0.66,True,True,MVP
6340,6340.T,澁谷工業,2025-07,NEW,1,43.32,70.33,False,True,27.01,2025-07,3640.0,3640.0,3640.0,0.0,3394.4,3222.93,3453.36,True,True,True,False,True,True,False,26980.0,4175.0,-12.81,False,0.8,1.78,1.07,False,3,True,6.4,3.31,False,False,
6908,6908.T,イリソ電子工業,2025-07,CONTINUE,7,45.72,72.73,True,True,27.01,2025-01,2638.0,2914.0,2914.0,10.46,2668.04,2674.16,2785.15,False,False,False,False,False,True,False,81787.0,3575.0,-26.21,False,1.22,1.38,0.89,True,4,False,-7.47,0.74,False,False,
6630,6630.T,ヤーマン,2025-07,CONTINUE,6,39.32,66.32,False,False,27.0,2025-02,769.0,831.0,831.0,8.06,751.08,745.91,817.42,True,True,False,False,True,False,False,104133.0,1022.0,-24.76,False,0.7,1.36,0.9,True,4,True,-11.22,2.47,False,False,
4194,4194.T,ビジョナル,2025-07,CONTINUE,4,73.01,100.0,True,True,26.99,2025-04,8648.0,11875.0,11875.0,37.31,7776.44,7580.77,7937.45,True,True,True,False,True,False,True,249743.0,9380.0,-7.8,False,0.77,2.8,0.77,True,1,True,11.26,8.94,False,False,
6455,6455.T,モリタホールディングス,2025-07,NEW,1,68.95,95.9,True,True,26.96,2025-07,2304.0,2304.0,2304.0,0.0,2211.44,2125.63,2104.86,True,True,True,True,True,True,True,68153.0,2362.0,-2.46,False,1.02,1.81,1.09,False,2,True,13.72,2.39,False,False,
3104,3104.T,富士紡ホールディングス,2025-07,CONTINUE,2,67.18,94.09,False,True,26.91,2025-06,1973.33,1986.67,1986.67,0.68,1787.33,1675.98,1659.15,True,True,True,True,True,True,True,101060.0,1963.33,0.51,True,1.61,2.26,1.1,False,2,True,19.69,5.37,True,True,BOTH
8714,8714.T,池田泉州ホールディングス,2025-07,CONTINUE,7,73.18,100.0,True,True,26.82,2025-01,441.0,646.0,646.0,46.49,400.32,377.72,375.33,True,True,True,True,True,True,True,1285247.0,449.0,-1.78,False,1.71,2.25,1.17,False,1,True,24.8,4.46,True,True,MVP
9628,9628.T,燦ホールディングス,2025-07,CONTINUE,5,66.28,93.06,False,False,26.78,2025-03,1188.0,1604.0,1604.0,35.02,1224.0,1152.51,1157.19,False,True,True,False,True,True,True,43847.0,1382.0,-14.04,False,0.9,2.98,0.92,True,1,True,4.22,-1.76,False,False,
8174,8174.T,日本瓦斯,2025-07,CONTINUE,5,65.33,92.1,True,True,26.77,2025-03,2231.0,2748.5,2748.5,23.2,2250.82,2183.68,2240.65,False,True,False,False,True,True,False,332790.0,2719.5,-17.96,False,0.78,1.69,0.83,True,4,True,-1.59,-0.74,False,False,
8084,8084.T,ＲＹＯＤＥＮ,2025-07,CONTINUE,5,59.69,86.42,True,True,26.73,2025-03,2512.0,2900.0,2900.0,15.45,2509.64,2442.03,2509.64,True,True,True,False,True,True,True,98287.0,2946.0,-14.73,False,1.63,2.16,1.08,False,1,True,0.79,1.04,False,False,
9616,9616.T,共立メンテナンス,2025-07,CONTINUE,7,62.23,88.97,True,True,26.73,2025-01,3082.0,3664.0,3664.0,18.88,2913.76,2705.96,2784.82,True,True,True,False,True,True,False,514213.0,3624.5,-14.97,False,1.37,1.71,1.09,False,3,True,10.96,4.34,False,False,
9622,9622.T,スペース,2025-07,NEW,1,63.95,90.67,False,True,26.72,2025-07,1199.0,1199.0,1199.0,0.0,1173.2,1144.73,1127.34,True,True,True,True,True,True,True,29847.0,1266.0,-5.29,False,0.63,1.45,0.84,True,3,True,7.48,0.91,False,False,
5949,5949.T,ユニプレス,2025-07,NEW,1,28.38,55.08,False,True,26.7,2025-07,1070.0,1070.0,1070.0,0.0,1023.72,987.35,1035.94,True,True,True,False,True,False,False,142393.0,1328.0,-19.43,False,0.69,1.78,1.04,False,3,True,-2.35,2.08,False,False,
2296,2296.T,伊藤ハム米久ホールディングス,2025-07,CONTINUE,5,65.89,92.57,True,True,26.68,2025-03,4185.0,5100.0,5100.0,21.86,3882.2,3851.47,3928.9,True,True,True,False,True,True,False,123193.0,4490.0,-6.79,False,1.81,1.79,1.43,False,1,True,4.82,5.02,False,False,
7741,7741.T,ＨＯＹＡ,2025-07,NEW,1,50.44,77.05,True,True,26.61,2025-07,19180.0,19180.0,19180.0,0.0,17892.8,17292.53,18558.17,True,True,True,False,True,True,False,1180227.0,21935.0,-12.56,False,0.74,2.09,0.97,True,3,True,1.97,2.07,False,False,
2146,2146.T,ＵＴグループ,2025-07,CONTINUE,4,41.63,68.2,True,True,26.57,2025-04,132.4,171.47,171.47,29.51,129.58,142.22,162.43,True,False,False,False,False,False,False,4487450.0,235.0,-43.66,False,0.45,3.35,0.48,True,4,True,-24.44,2.33,False,False,
6762,6762.T,ＴＤＫ,2025-07,NEW,1,57.33,83.88,True,True,26.55,2025-07,1857.0,1857.0,1857.0,0.0,1695.04,1577.98,1722.43,True,True,True,False,True,True,False,7843177.0,2173.0,-14.54,False,0.88,2.84,1.16,False,3,True,6.11,3.86,False,False,
8137,8137.T,サンワ   テクノス,2025-07,CONTINUE,3,56.68,83.16,False,True,26.48,2025-05,2309.0,2423.0,2423.0,4.94,2215.44,2152.44,2118.09,True,True,True,True,True,False,True,34123.0,2342.0,-1.41,False,0.66,1.35,0.83,True,2,True,7.8,3.17,False,False,
6363,6363.T,酉島製作所,2025-07,NEW,1,19.45,45.88,False,True,26.43,2025-07,2183.0,2183.0,2183.0,0.0,2083.76,1976.48,2232.94,True,True,False,False,True,True,False,84550.0,3255.0,-32.93,False,0.71,1.79,0.96,True,4,True,-7.68,0.63,False,False,
6750,6750.T,エレコム,2025-07,CONTINUE,7,73.68,100.0,True,False,26.32,2025-01,1496.0,1963.0,1963.0,31.22,1468.24,1456.04,1503.47,True,True,False,False,True,True,False,115427.0,1769.0,-15.43,False,1.3,1.32,1.01,False,4,True,-2.74,1.75,False,False,
8052,8052.T,椿本興業,2025-07,CONTINUE,7,62.8,89.07,True,True,26.27,2025-01,1986.0,2675.0,2675.0,34.69,1992.44,1938.68,1997.06,False,True,False,False,True,True,False,13403.0,2463.33,-19.38,False,1.02,1.73,0.91,True,4,False,-0.88,-0.48,False,False,
3284,3284.T,フージャースホールディングス,2025-07,CONTINUE,6,73.76,100.0,True,False,26.24,2025-02,1059.0,1353.0,1353.0,27.76,1064.44,1034.57,1065.65,False,True,False,False,True,True,False,70297.0,1180.0,-10.25,False,0.75,1.64,1.13,False,4,True,1.47,1.13,False,False,
1813,1813.T,不動テトラ,2025-07,CONTINUE,5,43.79,69.97,False,True,26.19,2025-03,2225.0,2370.0,2370.0,6.52,2251.28,2161.57,2243.18,False,True,False,False,True,True,False,39490.0,2671.0,-16.7,False,1.16,1.79,1.06,False,4,True,1.78,1.65,False,False,
6278,6278.T,ユニオンツール,2025-07,CONTINUE,2,53.53,79.64,False,True,26.11,2025-06,5510.0,6320.0,6320.0,14.7,4723.4,4119.53,4960.12,True,True,True,False,True,True,False,111080.0,7230.0,-23.79,False,1.74,3.04,1.09,False,3,True,13.78,7.08,True,False,
7182,7182.T,ゆうちょ銀行,2025-07,NEW,1,57.22,83.3,True,True,26.09,2025-07,1695.0,1695.0,1695.0,0.0,1620.28,1530.27,1502.47,True,True,True,True,True,True,True,7613500.0,1725.0,-1.74,False,0.79,1.62,1.11,False,2,True,14.7,0.76,False,False,
6533,6533.T,ＯｒｃｈｅｓｔｒａＨｏｌｄｉｎｇｓ,2025-07,CONTINUE,3,12.92,38.87,False,False,25.95,2025-05,803.0,718.0,718.0,-10.59,790.52,768.72,819.12,True,True,False,False,True,True,False,23100.0,1488.0,-46.03,False,0.6,3.92,0.53,True,4,True,-9.91,1.42,False,False,
7844,7844.T,マーベラス,2025-07,CONTINUE,2,41.12,66.96,True,True,25.83,2025-06,509.0,543.0,543.0,6.68,497.44,476.59,531.88,True,True,False,False,True,False,False,166993.0,663.0,-23.23,False,0.61,2.03,0.78,True,4,False,-7.7,0.84,False,False,
6571,6571.T,キュービーネットホールディングス,2025-07,CONTINUE,6,53.66,79.48,True,True,25.82,2025-02,1044.0,1202.0,1202.0,15.13,1023.28,1011.53,1094.58,True,True,False,False,True,False,False,67580.0,1473.0,-29.12,False,0.7,2.7,1.25,False,4,True,-5.66,3.64,False,False,
7246,7246.T,プレス工業,2025-07,CONTINUE,5,36.97,62.77,True,True,25.79,2025-03,559.0,599.0,599.0,7.16,584.76,562.2,580.55,False,False,False,False,True,True,False,271723.0,808.0,-30.82,False,1.69,2.16,1.13,False,4,False,-4.25,0.72,False,False,
8818,8818.T,京阪神ビルディング,2025-07,CONTINUE,2,50.72,76.45,True,True,25.72,2025-06,749.0,782.5,782.5,4.47,760.5,740.07,765.12,False,True,False,False,True,True,False,141867.0,944.5,-20.7,False,1.09,1.89,0.88,True,4,True,-1.72,-1.48,False,False,
4403,4403.T,日油,2025-07,CONTINUE,3,74.31,100.0,True,True,25.69,2025-05,2560.0,3023.0,3023.0,18.09,2268.14,2132.56,2218.07,True,True,True,False,True,True,True,692350.0,2707.5,-5.45,False,1.78,2.76,1.17,False,1,True,20.6,8.37,True,True,MVP
9310,9310.T,日本トランスシティ,2025-07,NEW,1,64.18,89.87,False,True,25.69,2025-07,1164.0,1164.0,1164.0,0.0,1095.32,992.27,971.88,True,True,True,True,True,True,True,87913.0,1157.0,0.61,True,0.83,2.06,1.02,False,1,True,24.23,1.55,False,False,
2602,2602.T,日清オイリオグループ,2025-07,NEW,1,57.5,83.18,True,True,25.68,2025-07,1716.67,1716.67,1716.67,0.0,1660.87,1631.87,1652.2,True,True,True,False,True,True,False,252180.0,1840.0,-6.7,False,0.62,1.12,0.99,True,3,True,2.2,0.76,False,False,
1605,1605.T,ＩＮＰＥＸ,2025-07,CONTINUE,3,40.67,66.33,True,True,25.66,2025-05,1951.5,2147.5,2147.5,10.04,1870.64,1905.72,1964.49,True,True,False,False,False,False,False,5847717.0,2507.5,-22.17,False,0.72,1.76,0.94,True,4,True,-4.86,1.9,False,False,
3097,3097.T,物語コーポレーション,2025-07,CONTINUE,5,61.06,86.7,True,True,25.64,2025-03,3385.0,3945.0,3945.0,16.54,3334.8,3392.8,3477.05,True,False,False,False,True,False,False,194850.0,4810.0,-29.63,False,0.99,1.88,0.97,True,1,True,-8.7,1.61,False,False,
3788,3788.T,GMOｸﾞﾛｰﾊﾞﾙｻｲﾝ･ﾎｰﾙﾃﾞｨﾝｸﾞｽ,2025-07,NEW,1,33.24,58.82,True,True,25.58,2025-07,2295.0,2295.0,2295.0,0.0,2086.16,2098.84,2330.81,True,True,False,False,True,False,False,20893.0,3110.0,-26.21,False,2.23,3.35,1.13,False,4,True,-7.35,3.22,False,False,
7820,7820.T,ニホンフラッシュ,2025-07,CONTINUE,4,26.44,52.0,True,False,25.56,2025-04,818.0,803.0,803.0,-1.83,806.8,806.51,852.34,True,True,False,False,False,False,False,30773.0,942.0,-13.16,False,0.45,2.07,0.63,True,4,True,-5.64,1.75,False,False,
4544,4544.T,Ｈ．Ｕ．グループホールディングス,2025-07,CONTINUE,5,74.48,100.0,False,False,25.52,2025-03,2744.5,3257.0,3257.0,18.67,2707.18,2619.79,2578.22,True,True,True,True,True,True,True,190397.0,2850.0,-3.7,False,1.37,2.02,0.89,True,2,True,7.38,1.26,False,False,
9039,9039.T,サカイ引越センター,2025-07,CONTINUE,5,62.51,88.03,True,True,25.52,2025-03,2494.0,2682.0,2682.0,7.54,2457.36,2421.21,2468.75,True,True,True,False,True,True,True,156613.0,2818.0,-11.5,False,1.61,1.67,1.15,False,1,True,0.83,1.76,False,False,
4091,4091.T,日本酸素ホールディングス,2025-07,CONTINUE,4,62.13,87.63,False,False,25.5,2025-04,4565.0,5374.0,5374.0,17.72,4530.52,4506.67,4684.69,True,True,False,False,False,True,False,738650.0,5475.0,-16.62,False,0.71,2.74,0.53,True,4,False,-0.76,1.79,False,False,
3480,3480.T,ジェイ・エス・ビー,2025-07,CONTINUE,6,74.53,100.0,True,False,25.47,2025-02,3205.0,3920.0,3920.0,22.31,3109.6,2826.13,2845.7,True,True,True,False,True,True,True,41397.0,3260.0,-1.69,False,0.69,2.41,0.89,True,1,True,17.63,-0.34,False,False,
8282,8282.T,ケーズホールディングス,2025-07,CONTINUE,2,54.27,79.74,True,True,25.47,2025-06,1465.0,1513.0,1513.0,3.28,1425.5,1372.71,1417.2,True,True,True,False,True,True,False,561523.0,1664.5,-11.99,False,0.99,1.35,1.02,False,3,True,2.51,1.66,False,False,
3498,3498.T,霞ヶ関キャピタル,2025-07,NEW,1,54.85,80.29,True,True,25.44,2025-07,9680.0,9680.0,9680.0,0.0,8260.6,7070.8,6951.07,True,True,True,True,True,True,True,1823620.0,9910.0,-2.32,False,1.01,3.25,0.79,True,1,True,44.96,6.98,False,False,
8377,8377.T,ほくほくフィナンシャルグループ,2025-07,CONTINUE,7,68.1,93.53,True,True,25.43,2025-01,2122.5,3220.0,3220.0,51.71,1966.58,1830.03,1873.05,True,True,True,False,True,True,True,323803.0,2323.0,-8.63,False,1.22,2.62,0.98,True,1,True,24.52,3.57,False,False,
9119,9119.T,飯野海運,2025-07,NEW,1,27.16,52.54,False,True,25.38,2025-07,1040.0,1040.0,1040.0,0.0,1042.4,1015.65,1077.41,False,True,False,False,True,True,False,250530.0,1322.0,-21.33,False,1.06,1.83,1.05,False,4,True,-9.18,-0.7,False,False,
2264,2264.T,森永乳業,2025-07,CONTINUE,4,50.99,76.34,False,True,25.35,2025-04,848.5,821.5,821.5,-3.18,810.74,760.33,798.02,True,True,True,False,True,True,False,1524600.0,908.5,-6.6,False,1.16,2.86,0.91,True,3,True,9.79,4.6,False,False,
4633,4633.T,サカタインクス,2025-07,CONTINUE,6,60.25,85.59,False,True,25.35,2025-02,1822.0,2158.0,2158.0,18.44,1756.52,1662.93,1668.91,True,True,True,False,True,True,True,194490.0,1969.0,-7.47,False,1.48,2.75,1.29,False,1,True,18.18,1.6,True,True,MVP
8361,8361.T,大垣共立銀行,2025-07,CONTINUE,7,65.19,90.53,True,True,25.34,2025-01,2151.0,2858.0,2858.0,32.87,1933.92,1888.64,2025.66,True,True,True,False,True,True,False,133090.0,2368.0,-9.16,False,2.33,1.98,1.13,False,3,True,8.44,4.46,True,False,
5943,5943.T,ノーリツ,2025-07,CONTINUE,4,57.8,83.1,True,True,25.3,2025-04,1756.0,1921.0,1921.0,9.4,1720.2,1717.0,1763.82,True,True,False,False,False,True,False,87570.0,2084.0,-15.74,False,0.88,1.91,0.63,True,4,True,-0.4,0.97,False,False,
6289,6289.T,技研製作所,2025-07,CONTINUE,2,23.11,48.41,True,True,25.29,2025-06,1469.0,1442.0,1442.0,-1.84,1436.4,1426.44,1582.71,True,True,False,False,True,False,False,51967.0,2033.0,-27.74,False,1.3,1.86,0.98,True,4,True,-10.75,0.17,False,False,
5805,5805.T,ＳＷＣＣ,2025-07,NEW,1,74.72,100.0,True,True,25.28,2025-07,9190.0,9190.0,9190.0,0.0,8202.4,7217.2,6889.7,True,True,True,True,True,True,True,257350.0,9140.0,0.55,True,0.81,2.97,1.01,False,2,True,57.62,7.12,False,True,BREAKOUT
9201,9201.T,日本航空,2025-07,CONTINUE,9,69.51,94.76,True,True,25.26,2024-11,2495.5,3009.0,3009.0,20.58,2433.76,2427.92,2582.64,True,True,False,False,False,True,False,2003163.0,2956.0,-15.58,False,1.02,1.29,0.95,True,4,True,-5.25,-0.51,False,False,
1833,1833.T,奥村組,2025-07,CONTINUE,6,42.05,67.27,True,False,25.22,2025-02,4275.0,4465.0,4465.0,4.44,4074.2,3961.67,4420.88,True,True,False,False,True,False,False,123203.0,5340.0,-19.94,False,0.9,1.87,0.78,True,4,True,-3.0,5.57,False,False,
3302,3302.T,帝国繊維,2025-07,CONTINUE,3,61.86,87.05,True,True,25.19,2025-05,2694.0,2994.0,2994.0,11.14,2602.2,2511.08,2530.81,True,True,True,False,True,True,True,43413.0,3130.0,-13.93,False,0.88,3.26,0.95,True,1,True,13.07,4.45,False,False,
6544,6544.T,ｼﾞｬﾊﾟﾝｴﾚﾍﾞｰﾀｰｻｰﾋﾞｽﾎｰﾙﾃﾞｨﾝｸﾞｽ,2025-07,CONTINUE,4,68.68,93.85,False,True,25.17,2025-04,1542.5,2032.5,2032.5,31.77,1482.82,1448.15,1429.98,True,True,True,True,True,True,True,745680.0,1615.0,-4.49,False,0.96,2.56,0.77,True,2,True,10.39,2.58,False,False,
9519,9519.T,レノバ,2025-07,CONTINUE,3,32.51,57.67,True,False,25.16,2025-05,679.0,711.0,711.0,4.71,663.28,655.33,766.06,True,True,False,False,True,True,False,586533.0,1128.0,-39.8,False,0.84,4.0,0.94,True,4,True,-18.13,-1.78,False,False,
6479,6479.T,ミネベアミツミ,2025-07,NEW,1,32.45,57.61,False,True,25.15,2025-07,2397.0,2397.0,2397.0,0.0,2222.1,2101.0,2331.92,True,True,True,False,True,True,False,1712760.0,3731.0,-35.75,False,0.75,2.41,1.02,False,3,True,-4.64,2.73,False,False,
6473,6473.T,ジェイテクト,2025-07,NEW,1,62.38,87.53,True,True,25.14,2025-07,1310.5,1310.5,1310.5,0.0,1236.4,1141.0,1118.09,True,True,True,True,True,True,True,1351520.0,1323.0,-0.94,False,1.03,2.61,1.22,False,2,True,19.62,1.07,True,True,MVP
4523,4523.T,エーザイ,2025-07,NEW,1,19.7,44.8,False,True,25.1,2025-07,4273.0,4273.0,4273.0,0.0,4066.6,4008.57,4341.49,True,True,False,False,True,False,False,1290333.0,6763.0,-36.82,False,0.92,2.19,1.09,False,4,True,-10.74,0.54,False,False,
6146,6146.T,ディスコ,2025-07,NEW,1,39.24,64.31,False,True,25.08,2025-07,45550.0,45550.0,45550.0,0.0,42959.2,35819.2,38665.0,True,True,True,False,True,True,True,5573873.0,54500.0,-16.42,False,0.86,4.09,1.15,False,1,False,25.98,0.45,False,False,
6800,6800.T,ヨコオ,2025-07,NEW,1,36.98,62.06,False,True,25.08,2025-07,1579.0,1579.0,1579.0,0.0,1426.16,1283.21,1450.39,True,True,True,False,True,True,False,81657.0,1987.0,-20.53,False,1.14,1.87,0.96,True,1,True,6.86,4.48,False,False,
2791,2791.T,大黒天物産,2025-07,NEW,1,43.53,68.56,False,True,25.02,2025-07,7200.0,7200.0,7200.0,0.0,7039.2,7394.13,8160.3,True,False,False,False,False,True,False,77183.0,12110.0,-40.55,False,0.76,3.5,0.84,True,4,True,-12.97,0.76,False,False,
6986,6986.T,双葉電子工業,2025-07,CONTINUE,6,58.43,83.33,False,False,24.91,2025-02,515.0,623.0,623.0,20.97,505.96,490.95,523.36,True,True,False,False,True,True,True,58197.0,667.0,-22.79,False,0.9,2.26,0.96,True,4,True,3.72,2.39,False,False,
6638,6638.T,ミマキエンジニアリング,2025-07,CONTINUE,2,57.58,82.45,False,True,24.87,2025-06,1915.0,2185.0,2185.0,14.1,1838.72,1622.61,1520.74,True,True,True,True,True,True,True,100473.0,2180.0,-12.16,False,1.38,2.53,0.95,True,2,True,16.76,-2.56,False,False,
9987,9987.T,スズケン,2025-07,CONTINUE,4,66.19,91.03,True,True,24.84,2025-04,5176.0,5720.0,5720.0,10.51,4903.0,4860.35,4962.91,True,True,True,False,False,True,True,244507.0,5549.0,-6.72,False,1.42,2.37,0.76,True,1,True,5.37,2.38,False,False,
9960,9960.T,東テク,2025-07,CONTINUE,4,60.04,84.85,True,True,24.81,2025-04,2595.0,2868.0,2868.0,10.52,2433.6,2467.17,2499.06,True,True,True,False,False,False,False,72933.0,3215.0,-19.28,False,0.81,2.7,0.63,True,1,True,1.38,6.56,False,False,
9003,9003.T,相鉄ホールディングス,2025-07,NEW,1,47.24,72.04,True,True,24.8,2025-07,2390.0,2390.0,2390.0,0.0,2308.08,2234.05,2329.36,True,True,True,False,True,True,False,239797.0,2595.0,-7.9,False,1.27,1.19,1.1,False,3,True,3.7,1.81,False,False,
1980,1980.T,ダイダン,2025-07,CONTINUE,2,75.23,100.0,False,True,24.77,2025-06,1481.67,1545.0,1545.0,4.27,1418.47,1329.09,1216.7,True,True,True,True,True,True,True,412960.0,1483.33,-0.11,False,1.02,2.12,0.96,True,2,True,28.55,-0.61,False,False,
8276,8276.T,平和堂,2025-07,CONTINUE,5,75.3,100.0,True,False,24.7,2025-03,2540.0,2914.0,2914.0,14.72,2476.16,2370.51,2343.55,True,True,True,True,True,True,True,226227.0,2587.0,-1.82,False,0.48,1.4,0.86,True,1,True,12.41,2.54,False,False,
6013,6013.T,タクマ,2025-07,CONTINUE,7,75.32,100.0,True,False,24.68,2025-01,1684.0,2195.0,2195.0,30.34,1638.92,1624.45,1672.44,True,True,True,False,True,True,False,166350.0,1998.0,-15.72,False,0.94,1.41,0.95,True,3,True,-0.71,1.88,False,False,
6330,6330.T,東洋エンジニアリング,2025-07,CONTINUE,2,69.44,94.12,True,True,24.68,2025-06,779.0,1368.0,1368.0,75.61,699.36,679.19,703.67,True,True,True,False,True,False,True,197433.0,899.0,-13.35,False,1.56,2.54,1.02,False,1,True,5.61,6.11,True,True,MVP
8098,8098.T,稲畑産業,2025-07,CONTINUE,2,47.35,72.0,False,True,24.65,2025-06,3215.0,3285.0,3285.0,2.18,3185.4,3133.67,3205.53,True,True,True,False,True,True,False,125790.0,3710.0,-13.34,False,0.96,1.26,0.84,True,3,True,-1.04,0.14,False,False,
4694,4694.T,ビー・エム・エル,2025-07,CONTINUE,7,70.3,94.93,True,True,24.63,2025-01,2851.0,3530.0,3530.0,23.82,2844.6,2825.44,2828.69,True,True,True,False,False,True,False,50177.0,3125.0,-8.77,False,0.9,1.69,0.9,True,3,True,-0.03,0.73,False,False,
2685,2685.T,アンドエスティＨＤ,2025-07,NEW,1,37.32,61.93,False,True,24.61,2025-07,3005.0,3005.0,3005.0,0.0,2941.56,2881.87,3169.08,True,True,False,False,True,True,False,223633.0,4055.0,-25.89,False,0.75,1.84,0.96,True,4,True,-5.44,0.61,False,False,
5707,5707.T,東邦亜鉛,2025-07,CONTINUE,3,45.13,69.72,True,False,24.59,2025-05,647.0,712.0,712.0,10.05,606.68,594.8,735.97,True,True,False,False,True,True,False,165917.0,1140.0,-43.25,False,1.68,4.27,0.82,True,4,True,-15.07,1.51,False,False,
8386,8386.T,百十四銀行,2025-07,CONTINUE,7,66.96,91.5,True,True,24.55,2025-01,910.0,1250.0,1250.0,37.36,831.6,759.88,747.86,True,True,True,True,True,True,True,211907.0,887.5,2.54,True,1.37,1.84,1.04,False,1,True,36.04,5.21,True,True,BOTH
8005,8005.T,スクロール,2025-07,NEW,1,52.42,76.92,False,True,24.51,2025-07,1091.0,1091.0,1091.0,0.0,1061.8,1044.08,1037.43,True,True,True,True,True,True,True,85130.0,1135.0,-3.88,False,0.88,0.96,1.01,False,2,True,7.21,1.68,True,False,
1835,1835.T,東鉄工業,2025-07,CONTINUE,2,75.06,99.56,True,True,24.5,2025-06,3865.0,4180.0,4180.0,8.15,3660.6,3314.0,3263.7,True,True,True,True,True,True,True,69807.0,3885.0,-0.51,False,1.28,1.72,1.02,False,1,True,21.13,2.43,False,False,
8056,8056.T,ＢＩＰＲＯＧＹ,2025-07,CONTINUE,3,75.51,100.0,True,True,24.49,2025-05,5836.0,6093.0,6093.0,4.4,5368.84,4755.49,4685.15,True,True,True,True,True,True,True,435737.0,5833.0,0.05,True,0.76,1.69,0.71,True,1,True,35.65,7.81,False,True,BREAKOUT
3116,3116.T,トヨタ紡織,2025-07,NEW,1,44.85,69.32,True,True,24.47,2025-07,2152.0,2152.0,2152.0,0.0,2077.54,2008.7,1990.61,True,True,True,True,True,True,True,587880.0,2245.0,-4.14,False,1.68,2.22,1.22,False,2,True,6.55,1.78,False,False,
8153,8153.T,モスフードサービス,2025-07,CONTINUE,2,67.38,91.78,True,True,24.4,2025-06,3710.0,3835.0,3835.0,3.37,3691.6,3683.33,3616.78,True,True,True,True,True,True,True,45710.0,3915.0,-5.24,False,0.94,1.01,0.96,True,2,False,1.91,-1.04,False,False,
8214,8214.T,ＡＯＫＩホールディングス,2025-07,CONTINUE,3,71.19,95.58,False,True,24.39,2025-05,1508.0,1730.0,1730.0,14.72,1412.8,1316.51,1271.71,True,True,True,True,True,True,True,219533.0,1503.0,0.33,True,0.73,1.7,0.71,True,2,True,20.41,0.66,False,True,BREAKOUT
9068,9068.T,丸全昭和運輸,2025-07,CONTINUE,2,74.88,99.27,False,True,24.39,2025-06,7020.0,7210.0,7210.0,2.71,6718.4,6267.73,5991.02,True,True,True,True,True,True,True,34750.0,7290.0,-3.7,False,1.06,2.54,1.08,False,2,True,24.43,3.95,False,False,
3968,3968.T,セグエグループ,2025-07,NEW,1,42.0,66.37,False,True,24.37,2025-07,502.0,502.0,502.0,0.0,503.48,506.79,548.25,False,False,False,False,False,True,False,60123.0,693.0,-27.56,False,0.74,1.32,0.85,True,4,False,-14.1,-3.16,False,False,
5201,5201.T,ＡＧＣ,2025-07,NEW,1,29.41,53.78,True,True,24.37,2025-07,4546.0,4546.0,4546.0,0.0,4333.36,4311.91,4474.03,True,True,True,False,True,False,False,1135307.0,5399.0,-15.8,False,0.89,1.38,1.0,True,3,True,-2.17,1.59,False,False,
4022,4022.T,ラサ工業,2025-07,CONTINUE,3,73.53,97.9,True,True,24.36,2025-05,669.0,852.0,852.0,27.35,590.54,549.19,537.93,True,True,True,True,True,True,False,207500.0,674.0,-0.74,False,0.94,3.77,0.93,True,1,True,23.76,8.19,False,False,
9861,9861.T,吉野家ホールディングス,2025-07,CONTINUE,3,61.49,85.83,True,True,24.34,2025-05,3210.0,3286.0,3286.0,2.37,3171.92,3070.44,3084.53,True,True,True,False,True,True,True,328117.0,3435.0,-6.55,False,0.69,1.43,0.98,True,2,False,7.3,0.0,False,False,
5101,5101.T,横浜ゴム,2025-07,CONTINUE,7,56.41,80.72,True,True,24.31,2025-01,3508.0,4350.0,4350.0,24.0,3328.36,3192.8,3416.57,True,True,True,False,True,True,False,554960.0,4295.0,-18.32,False,0.88,1.7,0.99,True,3,True,4.08,2.87,False,False,
7984,7984.T,コクヨ,2025-07,CONTINUE,3,75.7,100.0,True,False,24.3,2025-05,763.0,889.0,889.0,16.51,742.08,712.12,675.67,True,True,True,True,True,True,True,896173.0,772.0,-1.17,False,0.86,1.84,1.04,False,2,True,12.81,-0.61,False,False,
5832,5832.T,ちゅうぎんフィナンシャルグループ,2025-07,NEW,1,61.15,85.41,False,True,24.26,2025-07,1969.0,1969.0,1969.0,0.0,1835.48,1713.29,1636.18,True,True,True,True,True,True,True,357467.0,1989.5,-1.03,False,1.27,2.46,1.22,False,2,True,24.16,2.44,True,False,
5463,5463.T,丸一鋼管,2025-07,CONTINUE,7,47.77,72.02,True,True,24.24,2025-01,1127.67,1226.0,1226.0,8.72,1130.09,1116.63,1180.12,False,True,False,False,True,True,False,297050.0,1408.33,-19.93,False,0.65,1.2,0.92,True,4,False,-5.6,0.25,False,False,
5711,5711.T,三菱マテリアル,2025-07,CONTINUE,3,17.28,41.52,True,True,24.24,2025-05,2255.5,2322.5,2322.5,2.97,2241.2,2340.91,2418.36,True,False,False,False,False,False,False,743387.0,3352.0,-32.71,False,0.78,1.86,0.77,True,4,False,-12.02,1.26,False,False,
5726,5726.T,大阪チタニウムテクノロジーズ,2025-07,NEW,1,22.64,46.83,False,True,24.19,2025-07,1660.0,1660.0,1660.0,0.0,1511.12,1518.59,1794.87,True,True,False,False,True,False,False,751407.0,2832.0,-41.38,False,1.23,3.24,1.0,True,4,True,-14.91,4.04,False,False,
9267,9267.T,ＧｅｎｋｙＤｒｕｇＳｔｏｒｅｓ,2025-07,CONTINUE,4,70.54,94.68,True,True,24.13,2025-04,3685.0,4495.0,4495.0,21.98,2980.36,2981.59,3177.99,True,True,True,False,True,False,True,66703.0,3865.0,-4.66,False,2.9,4.02,1.14,False,1,True,19.93,11.55,True,True,MVP
5301,5301.T,東海カーボン,2025-07,CONTINUE,9,53.02,77.06,True,False,24.04,2024-11,906.4,1035.5,1035.5,14.24,910.9,891.34,945.78,False,True,False,False,True,False,False,1220343.0,1134.0,-20.07,False,0.73,1.7,0.7,True,4,True,-6.09,-0.02,False,False,
7220,7220.T,武蔵精密工業,2025-07,NEW,1,65.73,89.77,True,True,24.04,2025-07,3280.0,3280.0,3280.0,0.0,3219.4,2798.84,2891.57,True,True,True,False,True,True,True,603550.0,4355.0,-24.68,False,0.68,3.28,0.86,True,2,True,42.2,-0.56,False,False,
8151,8151.T,東陽テクニカ,2025-07,CONTINUE,2,49.33,73.36,True,True,24.04,2025-06,1493.0,1531.0,1531.0,2.55,1446.72,1397.51,1465.32,True,True,True,False,True,True,False,32847.0,1761.0,-15.22,False,1.55,1.47,0.94,True,3,True,-0.42,1.23,False,False,
5036,5036.T,日本ビジネスシステムズ,2025-07,CONTINUE,6,70.85,94.79,True,False,23.94,2025-02,1002.0,1449.0,1449.0,44.61,976.04,941.53,978.89,True,True,True,False,True,False,False,49497.0,1594.0,-37.14,False,1.02,4.55,1.36,False,3,True,-3.59,7.42,False,False,
7745,7745.T,Ａ＆Ｄホロンホールディングス,2025-07,CONTINUE,4,29.92,53.86,False,False,23.94,2025-04,1782.0,2026.0,2026.0,13.69,1667.88,1850.85,2127.84,True,False,False,False,False,False,False,102617.0,3510.0,-49.23,False,0.67,3.77,0.56,True,4,True,-20.68,3.59,False,False,
8014,8014.T,蝶理,2025-07,CONTINUE,2,54.11,78.03,False,True,23.92,2025-06,4040.0,3835.0,3835.0,-5.07,3877.6,3452.21,3595.8,True,True,True,False,True,True,True,20370.0,4185.0,-3.46,False,1.05,2.06,0.93,True,1,True,18.34,1.72,False,False,
4045,4045.T,東亞合成,2025-07,CONTINUE,2,45.88,69.78,True,True,23.9,2025-06,1397.5,1484.0,1484.0,6.19,1408.82,1383.36,1465.44,False,True,False,False,True,True,False,231880.0,1690.0,-17.31,False,1.22,1.14,0.9,True,4,True,-6.43,-0.66,False,False,
7628,7628.T,オーハシテクニカ,2025-07,NEW,1,69.31,93.16,True,True,23.86,2025-07,1077.0,1077.0,1077.0,0.0,1029.42,995.51,966.57,True,True,True,True,True,True,True,23467.0,1100.0,-2.09,False,0.68,2.31,1.09,False,2,True,12.63,-0.62,False,False,
8367,8367.T,南都銀行,2025-07,CONTINUE,6,71.19,95.04,False,True,23.85,2025-02,696.0,914.0,914.0,31.32,699.4,656.35,655.43,False,True,True,True,True,True,True,445867.0,745.0,-6.58,False,0.84,1.99,0.9,True,1,True,12.2,-1.77,False,False,
9278,9278.T,ブックオフグループホールディングス,2025-07,CONTINUE,2,43.19,67.04,True,True,23.85,2025-06,1415.0,1440.0,1440.0,1.77,1400.52,1447.88,1418.07,True,False,False,False,False,True,True,110240.0,1609.0,-12.06,False,0.42,1.2,0.86,True,1,False,-4.59,-0.68,False,False,
7995,7995.T,バルカー,2025-07,CONTINUE,3,47.15,70.86,True,True,23.71,2025-05,3075.0,3535.0,3535.0,14.96,2992.52,3082.96,3238.18,True,False,False,False,True,False,False,47363.0,3910.0,-21.36,False,1.02,2.02,0.89,True,4,False,-10.28,1.67,False,False,
8150,8150.T,三信電気,2025-07,CONTINUE,7,63.3,86.99,True,True,23.69,2025-01,1953.0,2486.0,2486.0,27.29,1927.28,1943.6,2036.51,True,True,False,False,True,False,False,22380.0,2515.0,-22.35,False,0.51,0.77,0.99,True,4,True,-8.66,0.1,False,False,
6349,6349.T,小森コーポレーション,2025-07,CONTINUE,7,61.53,85.19,False,False,23.66,2025-01,1224.0,1456.0,1456.0,18.95,1180.92,1143.37,1184.62,True,True,True,False,True,True,False,51413.0,1412.0,-13.31,False,1.43,2.29,1.13,False,3,True,3.36,3.41,False,False,
6273,6273.T,ＳＭＣ,2025-07,CONTINUE,3,22.74,46.38,True,True,23.65,2025-05,54150.0,52700.0,52700.0,-2.68,50406.4,52117.07,59153.15,True,True,False,False,True,False,False,333347.0,84550.0,-35.96,False,0.75,4.04,0.83,True,4,True,-15.25,4.98,False,False,
9744,9744.T,メイテックグループホールディングス,2025-07,CONTINUE,4,51.27,74.91,False,True,23.64,2025-04,2931.5,3163.0,3163.0,7.9,2883.24,2937.77,3066.41,True,False,False,False,False,False,False,376950.0,3456.0,-15.18,False,0.58,1.3,0.51,True,4,True,-3.39,1.59,False,False,
6845,6845.T,アズビル,2025-07,CONTINUE,2,76.39,100.0,True,True,23.61,2025-06,1370.0,1421.5,1421.5,3.76,1286.84,1227.12,1208.08,True,True,True,True,True,True,True,1367490.0,1351.0,1.41,True,1.41,1.69,1.1,False,2,True,17.44,2.4,False,True,BREAKOUT
7943,7943.T,ニチハ,2025-07,CONTINUE,4,40.85,64.44,True,True,23.59,2025-04,2899.0,3165.0,3165.0,9.18,2914.4,2951.28,3176.64,False,False,False,False,False,False,False,45910.0,3855.0,-24.8,False,0.76,2.52,0.78,True,4,False,-10.75,-0.09,False,False,
8032,8032.T,日本紙パルプ商事,2025-07,NEW,1,57.22,80.81,False,True,23.59,2025-07,658.0,658.0,658.0,0.0,634.92,612.73,629.77,True,True,True,False,True,True,False,167987.0,720.0,-8.61,False,0.89,1.48,1.04,False,3,True,3.2,0.42,False,False,
3387,3387.T,クリエイト・レストランツ・ホールディン,2025-07,NEW,1,76.42,100.0,True,True,23.58,2025-07,771.5,771.5,771.5,0.0,732.8,711.93,653.01,True,True,True,True,True,True,True,1724993.0,833.0,-7.38,False,0.99,3.52,0.76,True,2,True,23.47,1.31,False,False,
8616,8616.T,東海東京  ﾌｨﾅﾝｼｬﾙ･ﾎｰﾙﾃﾞｨﾝｸﾞｽ,2025-07,CONTINUE,7,45.89,69.37,True,True,23.48,2025-01,509.0,548.0,548.0,7.66,490.36,484.21,525.7,True,True,False,False,True,False,False,573407.0,645.0,-21.09,False,1.12,1.5,1.09,False,4,True,-3.14,1.94,True,False,
5444,5444.T,大和工業,2025-07,CONTINUE,7,53.89,77.35,True,False,23.46,2025-01,7700.0,8497.0,8497.0,10.35,7393.64,7496.63,7653.44,True,True,True,False,False,True,False,173497.0,8967.0,-14.13,False,1.85,1.59,1.08,False,3,True,2.82,1.38,True,False,
8255,8255.T,アクシアル   リテイリング,2025-07,CONTINUE,6,63.45,86.84,True,False,23.4,2025-02,977.0,1145.0,1145.0,17.2,930.08,909.64,945.86,True,True,True,False,True,True,False,79043.0,1095.0,-10.78,False,1.57,1.33,0.93,True,3,True,3.52,3.61,False,False,
3088,3088.T,マツキヨココカラ＆カンパニー,2025-07,CONTINUE,7,76.66,100.0,True,True,23.34,2025-01,2301.5,3103.0,3103.0,34.83,2272.12,2179.59,2245.93,True,True,True,False,True,False,False,1174077.0,2798.0,-17.74,False,0.83,1.89,0.76,True,3,True,1.48,3.09,False,False,
4229,4229.T,群栄化学工業,2025-07,CONTINUE,7,40.91,64.24,True,True,23.33,2025-01,2757.0,2884.0,2884.0,4.61,2717.72,2716.71,2952.14,True,True,False,False,True,False,False,9860.0,3915.0,-29.58,False,0.88,1.31,0.99,True,4,True,-8.18,1.84,False,False,
7717,7717.T,ブイ・テクノロジー,2025-07,CONTINUE,3,48.69,71.97,False,True,23.29,2025-05,3170.0,2994.0,2994.0,-5.55,2590.08,2330.25,2403.51,True,True,True,False,True,True,False,127857.0,3350.0,-5.37,False,1.13,5.57,0.88,True,1,True,29.52,17.15,False,False,
4612,4612.T,日本ペイントホールディングス,2025-07,CONTINUE,4,62.01,85.28,True,False,23.27,2025-04,1085.0,1286.0,1286.0,18.53,1069.35,1054.28,1017.66,True,True,True,True,False,True,False,3216817.0,1258.5,-13.79,False,0.74,2.8,0.59,True,1,False,7.77,2.04,False,False,
8393,8393.T,宮崎銀行,2025-07,CONTINUE,7,60.93,84.19,False,True,23.26,2025-01,658.0,804.0,804.0,22.19,618.2,593.22,608.66,True,True,True,False,True,True,True,127633.0,721.0,-8.74,False,0.98,1.99,1.08,False,1,True,16.32,2.75,False,False,
4674,4674.T,クレスコ,2025-07,CONTINUE,3,73.76,96.91,False,False,23.15,2025-05,1653.0,1717.0,1717.0,3.87,1403.0,1237.32,1231.66,True,True,True,True,True,True,True,96027.0,1669.0,-0.96,False,1.29,2.96,0.85,True,1,True,41.88,11.72,False,False,
6976,6976.T,太陽誘電,2025-07,CONTINUE,4,45.65,68.76,True,True,23.11,2025-04,2157.0,2857.0,2857.0,32.45,2176.42,2346.31,2815.38,False,False,False,False,False,False,False,2648303.0,5164.0,-58.23,False,0.87,4.52,0.57,True,4,False,-26.26,-0.09,False,False,
4634,4634.T,ａｒｔｉｅｎｃｅ,2025-07,NEW,1,47.05,70.14,False,True,23.09,2025-07,3230.0,3230.0,3230.0,0.0,3092.4,2992.81,3116.08,True,True,True,False,True,True,False,135663.0,4030.0,-19.85,False,1.45,1.61,1.07,False,3,True,2.57,1.77,False,False,
9946,9946.T,ミニストップ,2025-07,NEW,1,74.54,97.61,True,True,23.07,2025-07,2010.0,2010.0,2010.0,0.0,1937.6,1865.72,1778.7,True,True,True,True,True,True,True,82497.0,2097.0,-4.15,False,0.84,2.02,0.98,True,2,True,15.47,2.31,False,False,
6136,6136.T,オーエスジー,2025-07,CONTINUE,2,50.67,73.66,True,True,22.99,2025-06,1701.0,1956.0,1956.0,14.99,1665.72,1652.62,1743.83,True,True,False,False,True,False,False,296407.0,2092.5,-18.71,False,0.84,1.09,1.0,False,4,True,-4.84,2.11,False,False,
3992,3992.T,ニーズウェル,2025-07,CONTINUE,7,66.02,88.99,True,True,22.97,2025-01,419.0,555.0,555.0,32.46,407.04,333.21,354.08,True,True,True,False,True,True,False,503997.0,608.0,-31.09,False,0.83,3.73,1.1,False,3,True,25.33,4.78,True,False,
6309,6309.T,巴工業,2025-07,CONTINUE,5,55.41,78.37,True,True,22.96,2025-03,1450.0,1594.0,1594.0,9.93,1328.33,1283.04,1353.45,True,True,True,False,True,True,False,90770.0,1666.67,-13.0,False,1.86,2.47,0.95,True,1,True,5.31,4.19,False,False,
3360,3360.T,シップヘルスケアホールディングス,2025-07,CONTINUE,2,42.97,65.89,True,True,22.92,2025-06,1940.5,2119.5,2119.5,9.22,1903.7,1961.95,2094.72,True,False,False,False,False,False,False,354280.0,2442.5,-20.55,False,0.9,1.5,0.92,True,4,False,-9.33,0.03,False,False,
4246,4246.T,ダイキョーニシカワ,2025-07,CONTINUE,5,52.65,75.52,True,True,22.87,2025-03,598.0,715.0,715.0,19.57,620.52,621.83,645.77,False,False,False,False,False,True,False,143883.0,800.0,-25.25,False,1.6,1.58,1.15,False,4,False,-9.59,0.06,False,False,
7181,7181.T,かんぽ生命保険,2025-07,CONTINUE,3,63.75,86.61,True,True,22.85,2025-05,1058.67,1292.0,1292.0,22.04,976.1,972.41,949.73,True,True,True,True,True,True,False,2657350.0,1091.33,-2.99,False,1.32,2.28,0.95,True,1,True,9.13,4.2,True,False,
7630,7630.T,壱番屋,2025-07,CONTINUE,2,31.62,54.44,True,True,22.82,2025-06,923.0,977.0,977.0,5.85,906.08,931.64,977.54,True,False,False,False,False,False,False,385177.0,1143.0,-19.25,False,2.06,1.7,1.36,False,4,True,-8.68,1.27,False,False,
8142,8142.T,トーホー,2025-07,CONTINUE,5,53.06,75.8,True,True,22.74,2025-03,1161.67,1095.0,1095.0,-5.74,1004.91,962.85,986.8,True,True,True,False,True,True,False,307670.0,1325.0,-12.33,False,0.63,3.28,0.92,True,1,True,16.99,11.59,False,False,
4552,4552.T,ＪＣＲファーマ,2025-07,CONTINUE,3,50.33,73.05,True,True,22.73,2025-05,541.0,578.0,578.0,6.84,472.2,487.8,576.42,True,True,False,False,True,False,False,456190.0,765.0,-29.28,False,1.9,3.34,0.98,True,4,True,-5.08,3.31,True,False,
8283,8283.T,ＰＡＬＴＡＣ,2025-07,NEW,1,54.19,76.85,True,True,22.66,2025-07,4327.0,4327.0,4327.0,0.0,4140.08,4059.43,4142.26,True,True,True,False,True,True,False,73500.0,4633.0,-6.6,False,1.07,1.49,1.13,False,3,True,4.32,2.31,False,False,
3983,3983.T,オロ,2025-07,CONTINUE,5,59.88,82.53,True,True,22.65,2025-03,2592.0,3175.0,3175.0,22.49,2542.88,2476.65,2451.99,True,True,True,True,True,True,False,36120.0,3030.0,-14.46,False,0.83,2.57,0.93,True,3,False,3.92,1.02,True,False,
6794,6794.T,フォスター電機,2025-07,NEW,1,53.47,76.07,False,True,22.61,2025-07,1890.0,1890.0,1890.0,0.0,1675.16,1444.96,1507.47,True,True,True,False,True,True,False,190443.0,1959.0,-3.52,False,1.01,2.28,1.02,False,1,True,27.48,7.61,True,False,
7322,7322.T,三十三フィナンシャルグループ,2025-07,CONTINUE,8,71.57,94.17,True,True,22.61,2024-12,570.25,852.5,852.5,49.5,542.58,472.44,490.74,True,True,True,False,True,True,True,313640.0,573.25,-0.52,False,0.77,2.12,0.93,True,1,True,23.41,3.58,False,False,
7972,7972.T,イトーキ,2025-07,CONTINUE,8,77.42,100.0,True,False,22.58,2024-12,1647.0,2331.0,2331.0,41.53,1619.56,1561.21,1586.91,True,True,True,False,True,True,False,288250.0,2200.0,-25.14,False,0.84,2.09,0.83,True,1,True,7.63,-0.04,False,False,
7721,7721.T,東京計器,2025-07,CONTINUE,3,63.5,86.05,False,False,22.55,2025-05,3525.0,4135.0,4135.0,17.3,3352.8,3332.27,3211.47,True,True,True,True,True,True,False,343127.0,4155.0,-15.16,False,1.04,4.01,0.95,True,1,True,12.14,-2.39,False,False,
6254,6254.T,野村マイクロ・サイエンス,2025-07,CONTINUE,6,30.87,53.31,True,True,22.44,2025-02,2696.0,2774.0,2774.0,2.89,2628.92,2218.55,2974.05,True,True,False,False,True,True,False,1982073.0,6370.0,-57.68,False,0.79,6.69,0.91,True,4,True,1.68,5.07,False,False,
8075,8075.T,神鋼商事,2025-07,CONTINUE,2,44.06,66.48,True,True,22.42,2025-06,2021.0,2117.0,2117.0,4.75,1974.08,1917.53,2016.93,True,True,True,False,True,False,False,41007.0,2986.67,-32.33,False,1.06,1.5,0.88,True,3,True,-5.49,1.22,False,False,
4221,4221.T,大倉工業,2025-07,CONTINUE,9,77.6,100.0,True,False,22.4,2024-11,3105.0,4375.0,4375.0,40.9,2898.0,2724.95,2896.84,True,True,True,False,True,True,True,51660.0,3320.0,-6.48,False,1.12,2.34,0.83,True,1,True,11.22,4.52,False,False,
2811,2811.T,カゴメ,2025-07,CONTINUE,3,24.92,47.3,True,True,22.39,2025-05,2978.0,2888.5,2888.5,-3.01,2973.24,2953.55,3009.82,True,True,False,False,True,True,False,284217.0,3833.0,-22.31,False,0.97,1.37,0.9,True,4,False,-4.72,0.22,True,False,
7846,7846.T,パイロットコーポレーション,2025-07,NEW,1,50.24,72.64,True,True,22.39,2025-07,1464.67,1464.67,1464.67,0.0,1400.6,1352.05,1450.1,True,True,True,False,True,True,False,232390.0,1694.0,-13.54,False,0.98,1.17,1.05,False,3,True,1.68,1.6,False,False,
2359,2359.T,コア,2025-07,CONTINUE,2,52.74,75.11,True,True,22.38,2025-06,1914.0,1931.0,1931.0,0.89,1881.16,1806.35,1840.6,True,True,True,False,True,True,True,14263.0,2153.0,-11.1,False,1.34,1.9,1.19,False,1,True,3.1,1.22,False,False,
8007,8007.T,高島,2025-07,CONTINUE,6,77.65,100.0,True,False,22.35,2025-02,646.5,806.0,806.0,24.67,646.4,627.35,589.38,True,True,True,True,True,True,True,237373.0,735.0,-12.04,False,1.15,1.57,0.98,True,2,True,6.95,-2.38,False,False,
9424,9424.T,日本通信,2025-07,CONTINUE,6,41.54,63.89,True,False,22.35,2025-02,152.0,162.0,162.0,6.58,140.96,134.91,160.44,True,True,False,False,True,False,False,2861283.0,224.0,-32.14,False,0.78,5.08,0.94,True,4,True,-9.13,6.27,False,False,
5631,5631.T,日本製鋼所,2025-07,CONTINUE,2,77.66,100.0,True,True,22.34,2025-06,8271.0,9421.0,9421.0,13.9,7571.04,6339.0,5873.98,True,True,True,True,True,True,True,1414093.0,8554.0,-3.31,False,0.8,3.55,1.04,False,2,True,63.89,9.8,False,False,
8154,8154.T,加賀電子,2025-07,CONTINUE,2,51.62,73.86,True,True,22.24,2025-06,2740.0,2908.0,2908.0,6.13,2682.88,2627.27,2711.82,True,True,True,False,True,False,True,142103.0,2965.0,-7.59,False,1.01,1.87,0.77,True,1,False,-1.84,-1.01,False,False,
6703,6703.T,沖電気工業,2025-07,CONTINUE,5,69.64,91.87,True,True,22.22,2025-03,984.0,1580.0,1580.0,60.57,982.4,988.71,992.66,True,False,False,False,True,True,False,489643.0,1216.0,-19.08,False,0.98,2.83,1.1,False,4,True,-5.49,1.5,False,False,
9880,9880.T,イノテック,2025-07,CONTINUE,4,39.19,61.4,True,True,22.22,2025-04,1202.0,1482.0,1482.0,23.29,1210.16,1326.55,1420.24,False,False,False,False,False,False,False,54367.0,1852.0,-35.1,False,0.57,2.51,0.44,True,4,False,-22.25,0.54,False,False,
2120,2120.T,ＬＩＦＵＬＬ,2025-07,NEW,1,59.49,81.67,True,True,22.18,2025-07,200.0,200.0,200.0,0.0,186.92,172.08,171.78,True,True,True,True,True,True,True,598340.0,210.0,-4.76,False,1.22,2.68,1.04,False,2,True,26.63,1.29,False,False,
3091,3091.T,ブロンコビリー,2025-07,CONTINUE,3,50.1,72.27,True,True,22.17,2025-05,1850.0,2035.0,2035.0,10.0,1796.3,1823.3,1829.06,True,True,True,False,False,True,False,152040.0,2080.0,-11.06,False,0.57,1.25,0.97,True,1,True,2.4,1.79,False,False,
6381,6381.T,アネスト岩田,2025-07,CONTINUE,2,55.84,77.85,True,True,22.01,2025-06,1380.0,1572.0,1572.0,13.91,1392.04,1261.35,1326.49,False,True,True,False,True,True,True,96143.0,1700.0,-18.82,False,1.11,1.8,0.99,True,1,False,5.17,-0.76,False,False,
7224,7224.T,新明和工業,2025-07,CONTINUE,2,67.61,89.63,False,True,22.01,2025-06,1618.0,1826.0,1826.0,12.86,1482.92,1398.01,1366.08,True,True,True,True,True,True,True,299867.0,1595.0,1.44,True,1.48,2.21,1.04,False,2,True,17.29,2.71,True,True,BOTH
8343,8343.T,秋田銀行,2025-07,CONTINUE,6,66.88,88.88,False,True,22.0,2025-02,2388.0,3290.0,3290.0,37.77,2286.12,2211.84,2287.73,True,True,True,False,True,True,True,48557.0,2727.0,-12.43,False,1.92,2.18,1.1,False,1,True,11.42,0.83,False,False,
8360,8360.T,山梨中央銀行,2025-07,NEW,1,65.29,87.26,True,True,21.97,2025-07,2816.0,2816.0,2816.0,0.0,2669.16,2414.95,2111.64,True,True,True,True,True,True,True,105580.0,2887.0,-2.46,False,1.1,2.71,1.05,False,2,True,43.54,-0.56,False,False,
4118,4118.T,カネカ,2025-07,CONTINUE,4,51.31,73.28,True,True,21.96,2025-04,3486.0,4294.0,4294.0,23.18,3528.24,3676.88,3748.64,False,False,False,False,False,False,False,170760.0,4449.0,-21.65,False,0.71,2.35,0.5,True,4,False,-10.96,-0.07,False,False,
3151,3151.T,バイタルケーエスケー・ホールディングス,2025-07,CONTINUE,4,44.61,66.56,False,True,21.94,2025-04,1312.0,1271.0,1271.0,-3.12,1272.04,1219.19,1231.8,True,True,True,False,True,True,False,79230.0,1439.0,-8.83,False,0.82,3.81,0.86,True,3,True,5.95,4.62,False,False,
2429,2429.T,ワールドホールディングス,2025-07,CONTINUE,7,59.14,81.07,True,True,21.93,2025-01,2032.0,2397.0,2397.0,17.96,1978.52,1991.89,2077.74,True,True,False,False,False,True,False,37413.0,3130.0,-35.08,False,0.73,1.75,0.97,True,4,False,-7.45,2.67,False,False,
4112,4112.T,保土谷化学工業,2025-07,NEW,1,18.74,40.66,False,True,21.92,2025-07,1521.0,1521.0,1521.0,0.0,1476.48,1468.52,1697.71,True,True,False,False,True,False,False,47763.0,2850.0,-46.63,False,0.99,1.83,1.0,False,4,True,-15.81,2.22,False,False,
6961,6961.T,エンプラス,2025-07,CONTINUE,2,38.24,60.16,True,True,21.92,2025-06,4405.0,5350.0,5350.0,21.45,3989.8,4028.73,4957.75,True,True,False,False,True,False,False,79723.0,9500.0,-53.63,False,1.12,3.96,1.48,False,4,True,-17.53,7.59,False,False,
3050,3050.T,ＤＣＭホールディングス,2025-07,NEW,1,43.43,65.32,True,True,21.89,2025-07,1436.0,1436.0,1436.0,0.0,1380.04,1343.93,1387.31,True,True,True,False,True,True,False,288607.0,1607.0,-10.64,False,1.02,1.42,1.15,False,3,True,2.61,2.75,False,False,
8801,8801.T,三井不動産,2025-07,CONTINUE,4,45.38,67.26,True,True,21.88,2025-04,1409.0,1358.5,1358.5,-3.58,1383.9,1341.59,1366.16,True,True,True,False,True,True,False,10709003.0,1683.0,-16.28,False,0.91,2.88,0.66,True,3,True,-2.63,0.49,False,False,
8399,8399.T,琉球銀行,2025-07,CONTINUE,7,47.42,69.28,False,True,21.86,2025-01,1148.0,1237.0,1237.0,7.75,1075.16,1037.92,1109.85,True,True,True,False,True,True,False,86980.0,1342.0,-14.46,False,1.15,2.02,1.09,False,3,True,5.81,3.73,False,False,
2353,2353.T,日本駐車場開発,2025-07,CONTINUE,3,78.2,100.0,True,True,21.8,2025-05,244.0,266.0,266.0,9.02,238.68,228.89,221.22,True,True,True,True,True,True,True,887937.0,251.0,-2.79,False,0.87,2.17,0.9,True,2,True,18.88,1.53,False,False,
9535,9535.T,広島ガス,2025-07,CONTINUE,2,43.45,65.22,True,True,21.77,2025-06,358.0,364.0,364.0,1.68,351.56,348.57,363.69,True,True,False,False,True,True,False,56570.0,407.0,-12.04,False,1.08,1.0,1.06,False,4,True,-2.82,0.69,False,False,
8609,8609.T,岡三証券グループ,2025-07,CONTINUE,7,35.59,57.32,False,False,21.72,2025-01,645.0,657.0,657.0,1.86,628.96,628.17,683.88,True,True,False,False,False,False,False,326910.0,868.0,-25.69,False,1.64,2.37,1.19,False,4,True,-5.45,3.2,False,False,
4554,4554.T,富士製薬工業,2025-07,NEW,1,46.12,67.82,True,True,21.69,2025-07,1406.0,1406.0,1406.0,0.0,1364.52,1330.4,1383.05,True,True,True,False,True,True,True,68513.0,1643.0,-14.42,False,0.92,1.8,1.23,False,1,True,1.02,1.24,False,False,
4228,4228.T,積水化成品工業,2025-07,CONTINUE,2,23.12,44.78,True,True,21.66,2025-06,329.0,349.0,349.0,6.08,324.32,333.27,355.75,True,False,False,False,False,False,False,93963.0,473.0,-30.44,False,0.86,1.45,0.98,True,4,False,-14.13,0.37,False,False,
4483,4483.T,ＪＭＤＣ,2025-07,NEW,1,61.61,83.27,True,True,21.66,2025-07,3948.0,3948.0,3948.0,0.0,3867.32,3543.72,3656.5,True,True,True,False,True,True,False,313800.0,4880.0,-19.1,False,0.71,2.93,0.81,True,3,True,7.94,-3.66,False,False,
7649,7649.T,スギホールディングス,2025-07,CONTINUE,5,78.34,100.0,True,False,21.66,2025-03,2813.0,3655.0,3655.0,29.93,2787.46,2638.6,2557.95,True,True,True,True,True,True,True,596893.0,2884.0,-2.46,False,0.66,1.92,0.86,True,2,True,14.66,1.75,False,False,
7888,7888.T,三光合成,2025-07,NEW,1,59.32,80.97,True,True,21.65,2025-07,811.0,811.0,811.0,0.0,735.08,648.13,633.7,True,True,True,True,True,True,True,238383.0,823.0,-1.46,False,0.66,3.27,0.81,True,2,True,28.16,4.68,False,False,
8558,8558.T,東和銀行,2025-07,CONTINUE,7,55.86,77.43,True,True,21.58,2025-01,672.0,771.0,771.0,14.73,641.16,622.67,642.43,True,True,True,False,True,True,False,78533.0,763.0,-11.93,False,1.05,1.42,0.9,True,3,True,8.39,3.56,False,False,
9936,9936.T,王将フードサービス,2025-07,CONTINUE,7,71.32,92.9,False,False,21.57,2025-01,2894.0,3745.0,3745.0,29.41,2979.76,3013.96,2853.05,False,False,True,False,False,True,True,97833.0,3150.0,-8.13,False,1.6,1.7,1.17,False,2,False,2.56,-0.44,False,False,
7337,7337.T,ひろぎんホールディングス,2025-07,NEW,1,53.61,75.08,False,True,21.48,2025-07,1325.5,1325.5,1325.5,0.0,1231.74,1207.37,1180.71,True,True,True,True,True,True,True,1406093.0,1319.5,0.45,True,0.56,2.1,1.13,False,2,True,12.28,2.15,False,False,
7186,7186.T,横浜フィナンシャルグループ,2025-07,CONTINUE,3,54.75,76.14,False,True,21.38,2025-05,927.0,1011.0,1011.0,9.06,910.61,905.72,862.35,True,True,True,True,True,True,False,4593450.0,1055.0,-12.13,False,1.26,2.63,0.79,True,3,True,4.28,-1.92,False,False,
9336,9336.T,大栄環境,2025-07,CONTINUE,3,68.92,90.29,True,True,21.37,2025-05,3035.0,3110.0,3110.0,2.47,3004.88,2897.13,2949.67,True,True,True,False,True,True,True,112717.0,3270.0,-7.19,False,0.89,2.83,0.97,True,1,True,10.11,2.4,False,False,
7059,7059.T,コプロ・ホールディングス,2025-07,CONTINUE,3,69.93,91.28,True,False,21.35,2025-05,1000.5,1083.5,1083.5,8.3,906.28,839.75,808.31,True,True,True,True,True,True,True,197287.0,1041.5,-3.94,False,0.72,3.42,0.84,True,2,True,22.09,4.85,False,False,
5208,5208.T,有沢製作所,2025-07,CONTINUE,2,49.82,71.14,True,True,21.32,2025-06,1472.0,1550.0,1550.0,5.3,1423.84,1365.44,1414.9,True,True,True,False,True,True,False,165370.0,1706.0,-13.72,False,1.06,1.13,1.18,False,3,True,1.65,1.69,False,False,
9706,9706.T,日本空港ビルデング,2025-07,NEW,1,35.84,57.11,True,True,21.28,2025-07,4596.0,4596.0,4596.0,0.0,4573.2,4373.41,4698.98,True,True,False,False,True,True,False,223360.0,5727.0,-19.75,False,0.68,1.57,0.99,True,4,True,-3.35,-1.57,False,False,
8923,8923.T,トーセイ,2025-07,CONTINUE,3,73.8,95.07,True,True,21.27,2025-05,1267.0,1460.0,1460.0,15.23,1225.5,1205.58,1194.87,True,True,True,True,True,True,False,207513.0,1325.0,-4.38,False,1.78,1.96,1.0,True,1,True,7.44,2.31,False,False,
8111,8111.T,ゴールドウイン,2025-07,CONTINUE,3,47.53,68.79,True,True,21.26,2025-05,2760.33,2612.67,2612.67,-5.35,2774.65,2627.83,2737.74,False,True,True,False,True,True,False,412220.0,3172.33,-12.99,False,0.87,3.39,0.7,True,3,True,5.2,3.43,False,False,
1975,1975.T,朝日工業社,2025-07,NEW,1,77.98,99.23,True,True,21.24,2025-07,2584.0,2584.0,2584.0,0.0,2522.24,2294.99,2051.03,True,True,True,True,True,True,True,63303.0,2625.0,-1.56,False,0.93,2.11,0.98,True,2,True,50.02,-1.21,False,False,
1941,1941.T,中電工,2025-07,CONTINUE,2,58.78,80.0,True,True,21.22,2025-06,3325.0,3670.0,3670.0,10.38,3359.8,3329.87,3300.07,False,False,True,True,False,True,True,63073.0,3605.0,-7.77,False,1.05,1.57,1.02,False,1,False,2.2,-0.87,False,False,
2461,2461.T,ファンコミュニケーションズ,2025-07,CONTINUE,3,78.79,100.0,True,True,21.21,2025-05,431.0,488.0,488.0,13.23,422.6,408.67,408.72,True,True,True,False,True,True,True,89877.0,433.0,-0.46,False,0.78,1.52,0.9,True,2,True,5.7,0.36,True,True,MVP
4839,4839.T,ＷＯＷＯＷ,2025-07,CONTINUE,4,75.29,96.5,True,True,21.21,2025-04,1027.0,1451.0,1451.0,41.29,1025.2,1013.28,1029.68,True,True,False,False,True,True,False,41477.0,1168.0,-12.07,False,1.22,2.91,1.18,False,4,True,-1.43,2.24,False,False,
8392,8392.T,大分銀行,2025-07,CONTINUE,6,74.12,95.31,True,True,21.19,2025-02,660.0,950.0,950.0,43.94,647.84,633.26,642.55,True,True,True,False,True,True,True,204983.0,723.0,-8.71,False,0.96,3.02,0.94,True,1,True,8.24,0.25,False,False,
9438,9438.T,エムティーアイ,2025-07,NEW,1,52.64,73.81,False,True,21.17,2025-07,928.0,928.0,928.0,0.0,914.52,855.72,981.06,True,True,False,False,True,True,False,35820.0,1354.0,-31.46,False,0.66,2.06,0.89,True,4,True,0.33,0.01,False,False,
3391,3391.T,ツルハホールディングス,2025-07,CONTINUE,8,65.31,86.46,True,True,21.15,2024-12,1745.0,2223.0,2223.0,27.39,1655.83,1706.28,1830.92,True,True,False,False,False,False,False,882333.0,2639.0,-33.88,False,1.49,1.85,1.22,False,4,True,-12.62,-0.56,False,False,
3496,3496.T,アズーム,2025-07,CONTINUE,11,69.53,90.62,False,False,21.09,2024-09,3175.0,4240.0,4240.0,33.54,2969.6,2885.0,3102.4,True,True,True,False,True,True,False,42200.0,4235.0,-25.03,False,0.88,3.55,0.89,True,3,True,-4.57,2.25,False,False,
417A,417A.T,ブルーゾーンホールディングス,2025-07,CONTINUE,2,56.44,77.52,False,True,21.07,2025-06,1901.6,1951.4,1951.4,2.62,1871.14,1881.17,1868.67,True,True,True,False,False,True,True,254717.0,2061.0,-7.73,False,1.19,1.31,1.13,False,3,True,0.71,-0.43,False,False,
6118,6118.T,アイダエンジニアリング,2025-07,CONTINUE,7,52.03,73.05,True,False,21.03,2025-01,812.0,914.0,914.0,12.56,800.6,790.92,824.46,True,True,False,False,True,True,False,104537.0,966.0,-15.94,False,0.65,1.19,0.94,True,4,True,-2.07,1.2,False,False,
8522,8522.T,名古屋銀行,2025-07,CONTINUE,6,59.62,80.65,True,True,21.03,2025-02,2390.0,2960.0,2960.0,23.85,2424.4,2238.22,2292.35,False,True,True,False,True,True,True,167530.0,2780.0,-14.03,False,0.89,3.02,0.99,True,1,True,10.7,-1.62,False,False,
6814,6814.T,古野電気,2025-07,CONTINUE,3,77.45,98.46,True,True,21.01,2025-05,2900.0,4380.0,4380.0,51.03,2574.88,2461.43,2327.21,True,True,True,True,True,False,True,264580.0,3040.0,-4.61,False,1.32,2.94,1.15,False,2,True,33.84,7.28,False,False,
5333,5333.T,ＮＧＫ,2025-07,NEW,1,38.46,59.46,True,True,21.0,2025-07,1917.0,1917.0,1917.0,0.0,1845.12,1785.36,1871.26,True,True,True,False,True,True,False,978103.0,2137.5,-10.32,False,0.99,1.31,1.01,False,1,True,1.55,1.52,False,False,
6617,6617.T,東光高岳,2025-07,CONTINUE,8,73.21,94.13,True,True,20.92,2024-12,2079.0,2895.0,2895.0,39.25,2043.0,1939.12,2043.07,True,True,True,False,True,True,False,31847.0,2767.0,-24.86,False,1.09,1.95,0.81,True,3,True,3.05,0.93,False,False,
4997,4997.T,日本農薬,2025-07,CONTINUE,7,63.18,84.0,True,True,20.82,2025-01,758.0,888.0,888.0,17.15,706.92,679.71,690.82,True,True,True,False,True,True,False,89207.0,834.0,-9.11,False,1.92,1.77,0.97,True,1,True,13.88,4.91,True,False,
8341,8341.T,七十七銀行,2025-07,NEW,1,57.28,77.99,True,True,20.72,2025-07,1750.0,1750.0,1750.0,0.0,1690.03,1597.17,1515.44,True,True,True,True,True,True,True,621300.0,1866.67,-6.25,False,1.7,2.71,1.19,False,2,True,20.6,-0.03,False,False,
8354,8354.T,ふくおかフィナンシャルグループ,2025-07,NEW,1,43.5,64.22,False,True,20.72,2025-07,4153.0,4153.0,4153.0,0.0,4011.16,3878.07,3906.63,True,True,True,False,True,True,True,721703.0,4424.0,-6.13,False,0.97,1.97,1.23,False,2,True,7.4,-0.32,False,False,
4662,4662.T,フォーカスシステムズ,2025-07,CONTINUE,4,67.26,87.93,True,False,20.67,2025-04,1112.0,1440.0,1440.0,29.5,1044.0,1077.19,1110.33,True,True,True,False,False,False,False,33147.0,1297.0,-14.26,False,1.43,2.74,0.78,True,3,True,-2.31,4.68,True,False,
7003,7003.T,三井Ｅ＆Ｓ,2025-07,CONTINUE,6,79.39,100.0,True,True,20.61,2025-02,1583.0,3175.0,3175.0,100.57,1625.72,1575.25,1408.87,False,True,True,True,False,True,False,7666643.0,2898.0,-45.38,False,0.59,5.44,0.96,True,3,True,16.91,-10.55,False,False,
5480,5480.T,日本冶金工業,2025-07,CONTINUE,5,36.94,57.52,False,True,20.58,2025-03,4160.0,4200.0,4200.0,0.96,4300.2,4086.47,4330.75,False,True,False,False,True,True,False,80833.0,5500.0,-24.36,False,1.4,1.82,1.07,False,4,False,-1.38,1.7,False,False,
7259,7259.T,アイシン,2025-07,CONTINUE,8,56.05,76.59,True,True,20.54,2024-12,1777.5,2099.0,2099.0,18.09,1695.94,1640.96,1757.6,True,True,True,False,True,True,False,2772243.0,2106.0,-15.6,False,0.76,1.97,1.04,False,3,True,3.8,3.24,False,False,
4553,4553.T,東和薬品,2025-07,NEW,1,57.03,77.42,True,True,20.39,2025-07,3300.0,3300.0,3300.0,0.0,3104.12,2923.23,2928.76,True,True,True,False,True,True,True,118470.0,3395.0,-2.8,False,0.74,1.75,0.92,True,1,True,14.42,2.8,False,False,
8591,8591.T,オリックス,2025-07,NEW,1,49.5,69.85,False,True,20.35,2025-07,3400.0,3400.0,3400.0,0.0,3307.64,3079.85,3175.15,True,True,True,False,True,True,False,2991533.0,3747.0,-9.26,False,0.75,1.45,1.02,False,1,True,7.82,1.11,False,False,
4826,4826.T,ＣＩＪ,2025-07,CONTINUE,7,58.93,79.27,True,True,20.34,2025-01,471.0,495.0,495.0,5.1,466.36,444.83,447.12,True,True,True,False,True,True,False,139777.0,1026.67,-54.12,False,1.41,2.12,0.95,True,3,True,7.1,4.16,False,False,
1888,1888.T,若築建設,2025-07,CONTINUE,5,79.67,100.0,True,True,20.33,2025-03,3795.0,5100.0,5100.0,34.39,3754.0,3699.13,3549.4,True,True,True,True,True,True,True,9427.0,4055.0,-6.41,False,1.35,2.94,1.06,False,2,True,6.32,0.95,False,False,
2753,2753.T,あみやき亭,2025-07,CONTINUE,2,16.99,37.27,True,True,20.28,2025-06,1503.0,1529.0,1529.0,1.73,1464.6,1479.56,1608.63,True,True,False,False,True,False,False,35297.0,2096.67,-28.31,False,1.07,1.34,1.15,False,4,True,-14.26,0.86,False,False,
3002,3002.T,グンゼ,2025-07,CONTINUE,4,74.93,95.21,True,True,20.28,2025-04,2566.0,3830.0,3830.0,49.26,2527.32,2569.77,2647.66,True,False,False,False,False,False,False,91997.0,2935.0,-12.57,False,0.54,1.56,0.53,True,4,True,-3.54,2.87,False,False,
8364,8364.T,清水銀行,2025-07,NEW,1,51.44,71.71,True,True,20.28,2025-07,1658.0,1658.0,1658.0,0.0,1450.96,1394.99,1439.09,True,True,True,False,True,True,False,32570.0,1649.0,0.55,True,2.39,2.13,1.33,False,1,True,13.79,6.08,True,False,
5011,5011.T,ニチレキグループ,2025-07,NEW,1,63.3,83.57,True,True,20.26,2025-07,2971.0,2971.0,2971.0,0.0,2585.76,2488.24,2414.08,True,True,True,True,True,True,True,41310.0,2990.0,-0.64,False,1.78,2.29,1.22,False,1,True,22.56,6.65,False,False,
7989,7989.T,立川ブラインド工業,2025-07,CONTINUE,7,73.56,93.81,True,True,20.25,2025-01,1421.0,1688.0,1688.0,18.79,1404.48,1360.99,1349.9,True,True,True,True,True,True,False,51387.0,1548.0,-8.2,False,0.3,1.39,0.8,True,3,True,4.09,1.18,False,False,
9991,9991.T,ジェコス,2025-07,CONTINUE,8,75.98,96.21,True,True,20.23,2024-12,1020.0,1308.0,1308.0,28.24,992.16,944.37,989.51,True,True,True,False,True,True,False,40103.0,1225.0,-16.73,False,0.87,1.23,0.97,True,3,True,3.12,1.47,False,False,
5440,5440.T,共英製鋼,2025-07,CONTINUE,7,51.56,71.78,True,True,20.22,2025-01,1905.0,2172.0,2172.0,14.02,1897.88,1795.37,1924.07,True,True,False,False,True,True,False,103227.0,2665.0,-28.52,False,1.26,1.81,0.92,True,4,False,-2.94,1.92,False,False,
9755,9755.T,応用地質,2025-07,CONTINUE,5,61.3,81.51,False,False,20.21,2025-03,2772.0,3145.0,3145.0,13.46,2857.76,2665.28,2583.47,False,True,True,True,True,True,True,72157.0,3135.0,-11.58,False,0.96,2.66,0.91,True,2,True,11.37,-3.13,False,False,
6103,6103.T,オークマ,2025-07,CONTINUE,7,62.12,82.3,True,True,20.18,2025-01,3515.0,4125.0,4125.0,17.35,3384.2,3228.83,3316.35,True,True,True,False,True,True,False,302673.0,4100.0,-14.27,False,0.76,2.55,0.84,True,3,True,6.67,2.19,False,False,
6331,6331.T,三菱化工機,2025-07,CONTINUE,5,72.56,92.74,True,True,20.18,2025-03,1355.0,2238.0,2238.0,65.17,1309.36,1234.41,1224.7,True,True,True,True,True,True,False,105423.0,1495.0,-9.36,False,1.04,2.6,0.95,True,1,True,8.49,0.69,False,False,
6707,6707.T,サンケン電気,2025-07,CONTINUE,5,67.71,87.8,True,True,20.09,2025-03,6729.0,8650.0,8650.0,28.55,7085.72,6369.11,6493.24,False,True,True,False,True,True,True,254343.0,8897.0,-24.37,False,0.61,3.71,0.68,True,1,True,6.82,-0.39,False,False,
3397,3397.T,トリドールホールディングス,2025-07,CONTINUE,7,65.34,85.39,True,True,20.05,2025-01,3776.0,4458.0,4458.0,18.06,3738.48,3784.77,3739.75,True,False,True,False,False,True,False,284327.0,4742.0,-20.37,False,0.71,1.32,0.8,True,3,False,-5.21,-0.58,False,False,
9065,9065.T,山九,2025-07,CONTINUE,7,80.03,100.0,True,False,19.97,2025-01,5551.0,8879.0,8879.0,59.95,5450.84,5236.48,5185.11,True,True,True,True,True,True,True,130240.0,5850.0,-5.11,False,0.84,1.35,0.82,True,1,True,9.93,1.76,False,False,
4082,4082.T,第一稀元素化学工業,2025-07,CONTINUE,3,20.55,40.51,True,True,19.96,2025-05,661.0,686.0,686.0,3.78,652.52,677.93,725.6,True,False,False,False,False,False,False,34793.0,890.0,-25.73,False,1.47,2.42,0.91,True,4,True,-12.52,2.21,False,False,
5706,5706.T,三井金属,2025-07,CONTINUE,3,65.0,84.96,True,True,19.96,2025-05,4950.0,6450.0,6450.0,30.3,4300.36,4250.0,4515.4,True,True,True,False,True,False,False,490020.0,5564.0,-11.04,False,1.07,2.92,1.0,True,3,True,8.41,11.12,False,False,
9303,9303.T,住友倉庫,2025-07,CONTINUE,3,72.73,92.67,True,True,19.94,2025-05,3000.0,3130.0,3130.0,4.33,2918.28,2825.16,2746.58,True,True,True,True,True,True,True,129767.0,3090.0,-2.91,False,0.71,1.5,0.78,True,2,True,13.14,2.09,False,False,
3036,3036.T,アルコニックス,2025-07,CONTINUE,7,79.13,99.04,True,True,19.91,2025-01,1521.0,2113.0,2113.0,38.92,1513.2,1455.25,1438.67,True,True,True,True,True,True,True,73997.0,1592.0,-4.46,False,0.82,1.11,0.86,True,2,True,9.43,0.56,False,False,
5989,5989.T,エイチワン,2025-07,CONTINUE,2,78.75,98.66,False,True,19.9,2025-06,1287.0,1423.0,1423.0,10.57,1254.32,1179.35,1065.2,True,True,True,True,True,True,True,90370.0,1310.0,-1.76,False,0.79,2.3,0.85,True,2,True,24.37,-0.57,False,False,
7167,7167.T,めぶきフィナンシャルグループ,2025-07,NEW,1,67.6,87.42,False,True,19.82,2025-07,823.7,823.7,823.7,0.0,784.38,728.9,676.41,True,True,True,True,True,True,True,2640147.0,846.4,-2.68,False,0.79,2.14,1.11,False,2,True,28.33,1.23,False,False,
8185,8185.T,チヨダ,2025-07,NEW,1,62.57,82.38,False,True,19.81,2025-07,1212.0,1212.0,1212.0,0.0,1188.88,1187.63,1225.38,True,True,False,False,True,True,True,116963.0,1496.0,-18.98,False,0.83,1.87,0.79,True,4,True,1.26,-5.27,False,False,
7931,7931.T,未来工業,2025-07,NEW,1,45.15,64.89,True,True,19.75,2025-07,3795.0,3795.0,3795.0,0.0,3478.4,3524.93,3606.07,True,True,True,False,True,False,True,26630.0,4145.0,-8.44,False,1.42,2.24,1.47,False,1,True,4.65,4.48,False,False,
5344,5344.T,ＭＡＲＵＷＡ,2025-07,NEW,1,60.0,79.74,True,True,19.74,2025-07,45940.0,45940.0,45940.0,0.0,43534.8,36613.27,39012.1,True,True,True,False,True,True,True,169297.0,51480.0,-10.76,False,1.47,4.31,1.27,False,1,False,30.51,1.3,False,False,
5976,5976.T,高周波熱錬,2025-07,CONTINUE,3,58.27,77.9,True,True,19.63,2025-05,1093.0,1199.0,1199.0,9.7,1007.2,984.37,989.12,True,True,True,False,True,True,False,133627.0,1155.0,-5.37,False,0.58,2.52,0.65,True,1,True,7.36,4.8,False,False,
3771,3771.T,システムリサーチ,2025-07,CONTINUE,7,72.73,92.33,True,True,19.6,2025-01,1628.0,2187.0,2187.0,34.34,1480.8,1442.92,1487.76,True,True,True,False,True,True,False,64890.0,1795.0,-9.3,False,0.82,3.12,1.34,False,1,True,11.23,8.01,False,False,
3176,3176.T,三洋貿易,2025-07,NEW,1,46.26,65.84,False,True,19.58,2025-07,754.5,754.5,754.5,0.0,733.4,713.41,734.45,True,True,True,False,True,True,False,73220.0,817.0,-7.65,False,0.82,1.65,1.09,False,3,True,2.61,1.6,False,False,
1814,1814.T,大末建設,2025-07,CONTINUE,6,70.61,90.18,True,True,19.57,2025-02,1756.0,2337.0,2337.0,33.09,1734.44,1657.73,1671.16,True,True,True,False,True,True,True,68937.0,1849.0,-5.03,False,0.66,1.84,0.79,True,1,True,4.7,-3.33,False,False,
4202,4202.T,ダイセル,2025-07,NEW,1,32.14,51.67,False,True,19.53,2025-07,1303.5,1303.5,1303.5,0.0,1247.78,1215.49,1292.18,True,True,True,False,True,False,False,724887.0,1500.0,-13.1,False,1.21,1.32,1.07,False,3,True,-0.75,2.86,False,False,
9984,9984.T,ソフトバンクグループ,2025-07,NEW,1,61.2,80.73,True,True,19.53,2025-07,2952.5,2952.5,2952.5,0.0,2736.9,2188.82,2201.28,True,True,True,False,True,True,True,40292920.0,3121.25,-5.41,False,0.79,3.7,1.34,False,1,True,39.02,2.46,False,False,
7545,7545.T,西松屋チェーン,2025-07,NEW,1,48.26,67.74,True,True,19.48,2025-07,2237.0,2237.0,2237.0,0.0,2149.08,2130.6,2194.57,True,True,True,False,True,True,False,194180.0,2599.0,-13.93,False,1.64,1.41,1.13,False,3,True,0.19,1.41,True,False,
9506,9506.T,東北電力,2025-07,NEW,1,26.02,45.45,False,True,19.44,2025-07,1060.5,1060.5,1060.5,0.0,1066.56,1022.39,1124.28,False,True,False,False,True,True,False,2109870.0,1540.5,-31.16,False,1.06,2.38,1.15,False,4,True,-9.45,0.76,False,False,
8129,8129.T,東邦ホールディングス,2025-07,CONTINUE,4,71.13,90.37,True,True,19.24,2025-04,4671.0,5091.0,5091.0,8.99,4614.44,4357.43,4441.21,True,True,True,False,True,True,True,199133.0,5084.0,-8.12,False,1.14,2.72,0.77,True,1,True,9.03,0.0,False,False,
9216,9216.T,ビーウィズ,2025-07,CONTINUE,5,36.16,55.31,True,False,19.14,2025-03,1605.0,1505.0,1505.0,-6.23,1507.56,1476.68,1662.72,True,True,False,False,True,False,False,85463.0,2348.0,-31.64,False,1.63,1.57,1.05,False,4,True,-7.1,2.91,False,False,
8334,8334.T,群馬銀行,2025-07,CONTINUE,6,68.41,87.53,True,True,19.12,2025-02,1134.0,1420.0,1420.0,25.22,1076.32,1067.88,998.33,True,True,True,True,True,True,True,1166530.0,1148.0,-1.22,False,1.89,2.84,1.18,False,1,True,19.53,-2.73,False,False,
8346,8346.T,東邦銀行,2025-07,CONTINUE,7,57.58,76.64,True,True,19.06,2025-01,311.0,370.0,370.0,18.97,296.4,280.96,296.58,True,True,True,False,True,True,False,753903.0,381.0,-18.37,False,1.01,2.0,0.94,True,3,True,7.45,2.49,False,False,
6871,6871.T,日本マイクロニクス,2025-07,CONTINUE,4,48.96,67.94,True,False,18.98,2025-04,3015.0,5600.0,5600.0,85.74,3112.36,3750.39,4167.72,False,False,False,False,False,False,False,1293523.0,8360.0,-63.94,False,0.68,5.11,0.66,True,4,False,-35.26,0.33,False,False,
8012,8012.T,長瀬産業,2025-07,NEW,1,47.44,66.41,False,True,18.97,2025-07,745.12,745.12,745.12,0.0,711.08,675.44,717.75,True,True,True,False,True,True,False,1021480.0,843.0,-11.61,False,1.12,1.37,1.14,False,3,True,4.81,2.62,False,False,
5602,5602.T,栗本鐵工所,2025-07,CONTINUE,6,75.04,93.94,True,True,18.89,2025-02,955.0,1578.0,1578.0,65.24,924.6,860.0,872.9,True,True,True,False,True,True,True,252133.0,1052.0,-9.22,False,1.08,2.68,1.0,True,1,True,19.35,2.35,False,False,
6737,6737.T,ＥＩＺＯ,2025-07,CONTINUE,4,29.88,48.73,True,True,18.84,2025-04,2044.0,2152.0,2152.0,5.28,1989.48,2100.17,2193.1,True,False,False,False,False,False,False,68960.0,2620.0,-21.98,False,0.89,2.16,0.58,True,4,True,-10.27,2.29,False,False,
3774,3774.T,インターネットイニシアティブ,2025-07,NEW,1,65.98,84.79,True,True,18.81,2025-07,2788.0,2788.0,2788.0,0.0,2743.54,2728.85,2797.21,True,True,False,False,False,True,False,475520.0,3220.0,-13.42,False,1.23,2.15,0.91,True,4,False,2.37,-0.39,False,False,
6387,6387.T,サムコ,2025-07,CONTINUE,4,30.6,49.34,False,False,18.74,2025-04,2382.0,2863.0,2863.0,20.19,2328.36,2731.73,3197.69,True,False,False,False,False,False,False,38880.0,4980.0,-52.17,False,1.32,4.09,0.66,True,4,False,-32.73,1.44,False,False,
8273,8273.T,イズミ,2025-07,CONTINUE,4,46.02,64.76,True,False,18.74,2025-04,1097.67,1064.0,1064.0,-3.07,1063.61,1036.51,1083.02,True,True,True,False,True,False,False,436170.0,1231.67,-10.88,False,0.91,2.69,0.9,True,1,True,0.59,1.96,False,False,
1950,1950.T,日本電設工業,2025-07,CONTINUE,7,81.02,99.75,True,True,18.72,2025-01,2049.0,2886.0,2886.0,40.85,1957.92,1910.32,1923.81,True,True,True,False,False,True,False,53590.0,2220.0,-7.7,False,0.92,1.24,0.93,True,3,True,5.1,2.3,False,False,
2533,2533.T,オエノンホールディングス,2025-07,CONTINUE,5,81.3,100.0,True,False,18.7,2025-03,442.0,589.0,589.0,33.26,425.88,403.37,403.27,True,True,True,True,True,True,True,89683.0,456.0,-3.07,False,1.34,2.26,1.09,False,2,True,14.23,3.22,False,False,
2802,2802.T,味の素,2025-07,CONTINUE,3,73.98,92.64,True,True,18.66,2025-05,3612.0,4005.0,4005.0,10.88,3229.32,3074.03,3008.43,True,True,True,True,True,True,True,2817840.0,3660.0,-1.31,False,1.05,2.08,0.9,True,2,True,20.95,7.95,False,False,
2288,2288.T,丸大食品,2025-07,CONTINUE,5,65.33,83.98,True,True,18.65,2025-03,1700.0,1909.0,1909.0,12.29,1702.96,1675.85,1704.28,False,True,False,False,True,False,True,29373.0,1948.0,-12.73,False,1.49,1.39,0.99,True,1,False,0.53,1.48,False,False,
4613,4613.T,関西ペイント,2025-07,NEW,1,33.56,52.2,False,True,18.64,2025-07,2152.5,2152.5,2152.5,0.0,2043.4,2058.18,2156.96,True,True,False,False,True,False,False,789393.0,2714.5,-20.7,False,1.1,1.7,1.04,False,4,True,-4.79,3.62,True,False,
9551,9551.T,メタウォーター,2025-07,CONTINUE,7,81.36,100.0,True,False,18.64,2025-01,1849.0,2742.0,2742.0,48.3,1803.12,1794.73,1862.61,True,True,False,False,True,True,False,93893.0,2392.0,-22.7,False,1.24,1.78,0.96,True,4,True,-4.33,2.3,False,False,
4927,4927.T,ポーラ・オルビスホールディングス,2025-07,NEW,1,46.66,65.23,True,True,18.58,2025-07,1278.5,1278.5,1278.5,0.0,1269.9,1307.43,1350.58,True,False,False,False,False,False,False,513960.0,1583.0,-19.24,False,0.73,1.37,0.96,True,4,False,-7.68,-0.6,False,False,
2815,2815.T,アリアケジャパン,2025-07,CONTINUE,7,68.21,86.76,False,False,18.56,2025-01,5210.0,6710.0,6710.0,28.79,5310.4,5371.07,5202.48,False,False,True,False,False,True,False,40173.0,5880.0,-11.39,False,1.23,1.75,0.8,True,2,False,3.44,-0.5,False,False,
5947,5947.T,リンナイ,2025-07,CONTINUE,5,49.37,67.93,False,True,18.56,2025-03,3456.0,3740.0,3740.0,8.22,3497.32,3361.47,3417.68,False,True,True,False,True,True,False,432493.0,3910.0,-11.61,False,0.93,1.91,0.86,True,3,True,2.43,0.96,False,False,
3107,3107.T,ダイワボウホールディングス,2025-07,NEW,1,50.4,68.89,True,True,18.49,2025-07,2785.0,2785.0,2785.0,0.0,2663.32,2507.03,2711.0,True,True,True,False,True,True,False,308767.0,3295.0,-15.48,False,0.81,1.29,0.98,True,1,True,4.01,1.31,False,False,
6525,6525.T,KOKUSAI ELECTRIC,2025-07,CONTINUE,5,41.99,60.49,False,False,18.49,2025-03,2423.0,3409.0,3409.0,40.69,2978.42,2584.86,3269.38,False,False,False,False,True,True,False,4380547.0,5940.0,-59.21,False,0.63,6.1,0.86,True,4,False,-15.12,-1.23,False,False,
4732,4732.T,ユー・エス・エス,2025-07,CONTINUE,8,81.54,100.0,True,True,18.46,2024-12,1377.0,1646.5,1646.5,19.57,1374.18,1344.04,1310.28,True,True,True,True,True,True,True,1104060.0,1491.75,-7.69,False,0.61,1.35,1.04,False,2,True,2.15,0.37,False,False,
7313,7313.T,テイ・エステック,2025-07,NEW,1,47.2,65.64,True,True,18.44,2025-07,1816.5,1816.5,1816.5,0.0,1745.8,1665.15,1698.23,True,True,True,False,True,True,False,299807.0,2013.5,-9.78,False,1.4,1.36,1.06,False,1,True,5.42,1.73,True,False,
4801,4801.T,セントラルスポーツ,2025-07,NEW,1,50.43,68.75,True,True,18.32,2025-07,2507.0,2507.0,2507.0,0.0,2440.64,2413.11,2416.88,True,True,True,False,True,True,False,21397.0,2571.0,-2.49,False,0.69,1.09,0.99,True,1,True,3.75,1.71,False,False,
9932,9932.T,杉本商事,2025-07,CONTINUE,4,70.67,88.97,True,True,18.3,2025-04,1608.0,1795.0,1795.0,11.63,1236.0,1279.99,1349.13,True,True,True,False,False,False,False,52297.0,1620.0,-0.74,False,3.63,4.0,0.98,True,1,True,24.83,12.73,True,False,
3288,3288.T,オープンハウスグループ,2025-07,CONTINUE,4,76.44,94.73,True,False,18.29,2025-04,6318.0,6729.0,6729.0,6.51,6050.24,5581.6,5540.3,True,True,True,True,True,True,True,460623.0,6312.0,0.1,True,1.27,2.17,0.64,True,2,True,23.14,1.88,False,True,BREAKOUT
6339,6339.T,新東工業,2025-07,CONTINUE,2,35.74,54.0,True,True,18.26,2025-06,864.0,910.0,910.0,5.32,832.8,824.77,900.73,True,True,False,False,True,False,False,78670.0,1173.0,-26.34,False,1.23,1.15,0.97,True,4,True,-7.41,1.91,False,False,
3543,3543.T,コメダホールディングス,2025-07,CONTINUE,2,69.1,87.34,False,True,18.24,2025-06,2971.0,3010.0,3010.0,1.31,2918.36,2876.76,2820.45,True,True,True,True,True,True,True,155910.0,3035.0,-2.11,False,0.96,1.09,1.0,False,2,True,4.86,0.27,False,False,
8544,8544.T,京葉銀行,2025-07,CONTINUE,6,66.46,84.68,True,True,18.23,2025-02,824.0,1141.0,1141.0,38.47,808.16,795.57,787.75,True,True,True,True,True,True,True,314680.0,910.0,-9.45,False,0.77,2.28,0.86,True,1,True,6.43,-1.54,False,False,
2317,2317.T,システナ,2025-07,CONTINUE,2,73.81,92.0,False,True,18.19,2025-06,409.0,403.0,403.0,-1.47,402.28,377.91,366.49,True,True,True,True,True,True,True,772837.0,416.0,-1.68,False,0.84,1.75,0.87,True,1,True,16.26,-0.95,False,False,
1944,1944.T,きんでん,2025-07,CONTINUE,4,81.9,100.0,True,True,18.1,2025-04,3704.0,4768.0,4768.0,28.73,3391.32,3258.08,3180.22,True,True,True,True,True,True,True,418403.0,3961.0,-6.49,False,1.8,3.38,1.14,False,2,True,19.94,4.98,False,False,
6620,6620.T,宮越ホールディングス,2025-07,NEW,1,45.59,63.66,False,True,18.06,2025-07,1287.0,1287.0,1287.0,0.0,1203.2,1190.47,1401.9,True,True,False,False,True,True,False,226013.0,2830.0,-54.52,False,0.57,5.28,1.03,False,4,True,-13.05,2.9,False,False,
2270,2270.T,雪印メグミルク,2025-07,CONTINUE,3,60.89,78.93,True,True,18.03,2025-05,2819.0,2858.0,2858.0,1.38,2692.12,2626.41,2647.85,True,True,True,False,True,True,False,250937.0,2900.0,-2.79,False,0.9,2.83,0.76,True,3,True,9.44,3.41,True,False,
8133,8133.T,伊藤忠エネクス,2025-07,CONTINUE,3,71.77,89.8,True,True,18.03,2025-05,1687.0,2033.0,2033.0,20.51,1619.16,1593.47,1590.5,True,True,True,True,True,True,True,126180.0,1887.0,-10.6,False,1.02,1.66,0.92,True,2,True,8.76,3.25,True,False,
8203,8203.T,ＭｒＭａｘＨＤ,2025-07,NEW,1,69.13,87.1,True,True,17.96,2025-07,854.0,854.0,854.0,0.0,756.28,697.24,688.12,True,True,True,True,True,True,True,157723.0,865.0,-1.27,False,1.33,3.66,1.05,False,2,True,24.52,7.18,False,False,
7949,7949.T,小松ウオール工業,2025-07,CONTINUE,5,81.57,99.51,True,True,17.94,2025-03,1470.0,2485.0,2485.0,69.05,1495.56,1509.08,1531.66,False,False,False,False,False,False,False,21380.0,1705.0,-13.78,False,1.31,1.29,1.19,False,4,False,-5.53,0.77,False,False,
4617,4617.T,中国塗料,2025-07,NEW,1,78.25,96.17,True,True,17.93,2025-07,3110.0,3110.0,3110.0,0.0,2797.12,2380.05,2295.36,True,True,True,True,True,True,True,400807.0,3080.0,0.97,True,0.88,2.37,1.08,False,1,True,45.44,5.92,True,True,BOTH
4186,4186.T,東京応化工業,2025-07,CONTINUE,3,51.02,68.94,True,False,17.92,2025-05,3744.0,4162.0,4162.0,11.16,3392.88,3323.4,3461.17,True,True,True,False,True,False,False,630003.0,4685.0,-20.09,False,0.84,2.73,0.88,True,3,True,-1.1,2.63,False,False,
7475,7475.T,アルビス,2025-07,CONTINUE,5,74.6,92.52,True,True,17.92,2025-03,2783.0,3325.0,3325.0,19.48,2743.04,2654.15,2686.03,True,True,True,False,True,True,True,18597.0,2900.0,-4.03,False,1.99,1.77,1.14,False,1,True,4.14,1.58,False,False,
7244,7244.T,市光工業,2025-07,CONTINUE,5,17.99,35.87,False,True,17.88,2025-03,421.0,382.0,382.0,-9.26,414.24,402.0,440.93,True,True,False,False,True,False,False,117787.0,578.0,-27.16,False,1.21,3.02,1.13,False,4,True,-5.55,4.05,False,False,
7459,7459.T,メディパルホールディングス,2025-07,CONTINUE,2,56.13,74.01,True,True,17.88,2025-06,2337.0,2510.0,2510.0,7.4,2319.36,2332.71,2384.29,True,True,False,False,False,True,False,425893.0,2770.0,-15.63,False,0.93,1.38,0.86,True,4,True,-2.89,-1.28,False,False,
4345,4345.T,シーティーエス,2025-07,NEW,1,63.55,81.4,True,True,17.84,2025-07,877.0,877.0,877.0,0.0,827.56,815.96,842.37,True,True,True,False,True,True,False,83610.0,951.0,-7.78,False,1.25,1.74,1.14,False,1,True,5.43,0.8,False,False,
2209,2209.T,井村屋グループ,2025-07,CONTINUE,2,43.56,61.33,False,True,17.76,2025-06,2475.0,2475.0,2475.0,0.0,2432.96,2428.69,2443.18,True,True,True,False,False,False,False,9617.0,2630.0,-5.89,False,1.18,0.89,1.28,False,3,True,0.29,0.71,False,False,
1982,1982.T,日比谷総合設備,2025-07,NEW,1,64.38,82.13,True,True,17.75,2025-07,2060.0,2060.0,2060.0,0.0,1907.8,1775.5,1793.19,True,True,True,False,True,True,True,72760.0,2095.0,-1.67,False,0.95,2.3,1.11,False,1,True,17.51,2.98,False,False,
4021,4021.T,日産化学,2025-07,NEW,1,58.64,76.38,True,True,17.74,2025-07,4942.0,4942.0,4942.0,0.0,4568.2,4329.33,4645.78,True,True,True,False,True,True,False,649183.0,5626.0,-12.16,False,1.01,1.68,0.99,True,3,True,7.02,4.9,False,False,
1899,1899.T,福田組,2025-07,NEW,1,46.02,63.74,True,True,17.72,2025-07,2665.0,2665.0,2665.0,0.0,2530.6,2532.37,2593.93,True,True,True,False,True,False,False,23007.0,3250.0,-18.0,False,1.44,1.82,1.15,False,3,True,-2.84,0.31,False,False,
9364,9364.T,上組,2025-07,CONTINUE,7,82.29,100.0,True,False,17.71,2025-01,3384.0,4234.0,4234.0,25.12,3396.24,3343.16,3308.38,False,True,True,True,False,True,True,200340.0,3548.0,-4.62,False,1.05,1.31,0.9,True,2,True,2.33,0.06,False,False,
9273,9273.T,コーア商事ホールディングス,2025-07,CONTINUE,6,50.85,68.48,True,False,17.63,2025-02,689.0,723.0,723.0,4.93,663.64,627.07,660.38,True,True,True,False,True,True,False,82117.0,892.0,-22.76,False,0.76,3.52,0.86,True,3,True,3.61,5.41,False,False,
8081,8081.T,カナデン,2025-07,CONTINUE,7,61.23,78.84,False,False,17.61,2025-01,1483.0,1890.0,1890.0,27.44,1474.92,1467.79,1510.06,True,True,False,False,True,True,False,18423.0,1782.0,-16.78,False,0.72,1.27,0.91,True,4,False,-2.99,0.65,False,False,
8381,8381.T,山陰合同銀行,2025-07,NEW,1,38.1,55.7,False,True,17.59,2025-07,1279.0,1279.0,1279.0,0.0,1252.48,1236.85,1246.57,True,True,True,False,True,True,True,419417.0,1452.0,-11.91,False,0.87,2.37,1.19,False,2,True,-0.4,-0.17,False,False,
4307,4307.T,野村総合研究所,2025-07,NEW,1,71.78,89.35,False,True,17.57,2025-07,6019.0,6019.0,6019.0,0.0,5536.76,5630.88,5153.02,True,True,True,False,False,True,True,1485450.0,6039.0,-0.33,False,1.54,2.66,1.24,False,2,True,20.09,2.95,False,False,
1815,1815.T,鉄建建設,2025-07,CONTINUE,6,65.12,82.68,True,True,17.56,2025-02,2554.0,3150.0,3150.0,23.34,2556.92,2397.56,2452.97,False,True,True,False,True,True,False,34900.0,3005.0,-15.01,False,0.95,2.37,0.91,True,3,False,7.41,0.36,False,False,
6622,6622.T,ダイヘン,2025-07,NEW,1,41.42,58.95,True,True,17.53,2025-07,7230.0,7230.0,7230.0,0.0,6732.0,6359.6,6771.15,True,True,True,False,True,True,True,87697.0,8250.0,-12.36,False,0.8,2.24,0.94,True,1,True,7.75,2.36,False,False,
1719,1719.T,安藤・間,2025-07,CONTINUE,6,82.5,100.0,True,False,17.5,2025-02,1350.0,1604.0,1604.0,18.81,1231.44,1191.76,1159.66,True,True,True,True,True,True,True,880707.0,1363.0,-0.95,False,1.16,2.36,1.06,False,2,True,14.21,5.79,False,False,
8388,8388.T,阿波銀行,2025-07,NEW,1,58.49,75.97,True,True,17.48,2025-07,3220.0,3220.0,3220.0,0.0,3044.92,2830.03,2763.07,True,True,True,True,True,True,True,78340.0,3280.0,-1.83,False,1.12,2.43,1.11,False,2,True,21.07,2.21,False,False,
5121,5121.T,藤倉コンポジット,2025-07,NEW,1,59.82,77.27,True,True,17.46,2025-07,1597.0,1597.0,1597.0,0.0,1513.96,1427.91,1431.49,True,True,True,False,True,True,True,68763.0,1628.0,-1.9,False,1.17,1.43,1.04,False,2,True,19.55,3.95,False,False,
6820,6820.T,アイコム,2025-07,CONTINUE,7,45.03,62.45,True,False,17.42,2025-01,2786.0,2903.0,2903.0,4.2,2741.48,2766.48,2908.32,True,True,False,False,True,False,False,7747.0,3790.0,-26.49,False,0.84,2.12,0.9,True,4,True,-10.67,1.32,False,False,
7912,7912.T,大日本印刷,2025-07,NEW,1,47.2,64.61,True,True,17.41,2025-07,2330.5,2330.5,2330.5,0.0,2216.56,2121.55,2236.07,True,True,True,False,True,True,False,1195107.0,2785.0,-16.32,False,0.82,1.82,1.2,False,3,True,3.31,2.63,False,False,
6376,6376.T,日機装,2025-07,CONTINUE,6,56.62,74.02,True,False,17.4,2025-02,1196.0,1355.0,1355.0,13.29,1082.96,1006.87,1067.18,True,True,True,False,True,True,False,362493.0,1303.0,-8.21,False,1.83,4.23,1.54,False,3,True,11.52,10.17,False,False,
1808,1808.T,長谷工コーポレーション,2025-07,CONTINUE,3,78.99,96.39,True,True,17.39,2025-05,2099.0,2245.0,2245.0,6.96,2056.42,2002.61,1945.38,True,True,True,True,True,True,True,822707.0,2117.5,-0.87,False,0.77,1.67,0.84,True,2,True,11.66,2.4,False,False,
6247,6247.T,日阪製作所,2025-07,CONTINUE,4,75.96,93.33,True,True,17.37,2025-04,1019.0,1459.0,1459.0,43.18,960.0,1010.36,1026.62,True,True,False,False,False,False,False,84917.0,1142.0,-10.77,False,0.49,2.22,0.66,True,4,True,-2.57,4.53,False,False,
1766,1766.T,東建コーポレーション,2025-07,CONTINUE,5,76.59,93.94,False,False,17.35,2025-03,12900.0,14040.0,14040.0,8.84,12682.0,12273.6,11614.8,True,True,True,True,True,True,True,22510.0,13390.0,-3.66,False,1.68,2.36,0.99,True,2,True,13.25,-1.84,False,False,
4396,4396.T,システムサポートホールディングス,2025-07,CONTINUE,7,79.9,97.22,True,False,17.32,2025-01,992.5,1347.0,1347.0,35.72,898.3,907.81,936.3,True,True,True,False,False,False,False,79387.0,1106.0,-10.26,False,2.74,2.39,1.27,False,3,True,6.33,8.07,False,False,
6268,6268.T,ナブテスコ,2025-07,NEW,1,54.15,71.44,True,True,17.29,2025-07,2800.5,2800.5,2800.5,0.0,2669.7,2434.25,2480.52,True,True,True,False,True,True,True,692763.0,2977.5,-5.94,False,1.41,2.04,1.12,False,2,True,15.27,3.08,False,False,
8600,8600.T,トモニホールディングス,2025-07,CONTINUE,9,77.91,95.12,True,True,17.21,2024-11,450.0,614.0,614.0,36.44,426.4,402.27,407.35,True,True,True,False,True,True,True,688440.0,504.0,-10.71,False,1.1,2.3,0.96,True,1,True,9.42,3.18,False,False,
6364,6364.T,ＡＩＲＭＡＮ,2025-07,NEW,1,45.06,62.25,False,True,17.18,2025-07,2064.0,2064.0,2064.0,0.0,2006.36,1911.55,1886.39,True,True,True,True,True,True,True,28703.0,2350.0,-12.17,False,1.0,2.57,0.93,True,2,True,5.56,0.92,False,False,
2124,2124.T,ジェイエイシーリクルートメント,2025-07,CONTINUE,5,82.83,100.0,True,False,17.17,2025-03,807.0,1061.0,1061.0,31.47,789.32,735.83,722.4,True,True,True,True,True,True,True,277583.0,825.0,-2.18,False,1.02,2.17,0.92,True,2,True,12.01,0.95,False,False,
8113,8113.T,ユニ・チャーム,2025-07,CONTINUE,4,24.27,41.42,False,True,17.15,2025-04,1325.5,1046.0,1046.0,-21.09,1249.92,1207.41,1429.87,True,True,False,False,True,False,False,5572127.0,1784.67,-25.73,False,1.24,2.15,0.79,True,4,True,-7.64,5.38,False,False,
9678,9678.T,カナモト,2025-07,NEW,1,66.11,83.17,True,True,17.06,2025-07,3410.0,3410.0,3410.0,0.0,3315.6,3235.2,3116.28,True,True,True,True,True,True,True,100060.0,3505.0,-2.71,False,1.46,2.27,1.17,False,2,True,13.36,1.82,False,False,
1720,1720.T,東急建設,2025-07,CONTINUE,7,76.23,93.27,True,False,17.04,2025-01,738.0,1037.0,1037.0,40.51,720.64,703.67,740.86,True,True,False,False,True,True,False,276563.0,868.0,-14.98,False,1.6,1.18,1.03,False,4,True,-2.54,1.73,False,False,
6572,6572.T,オープングループ,2025-07,CONTINUE,7,69.23,86.26,True,True,17.03,2025-01,264.0,390.0,390.0,47.73,220.96,205.88,228.16,True,True,True,False,True,True,False,302000.0,318.0,-16.98,False,0.6,4.98,0.99,True,1,True,17.46,14.38,False,False,
1938,1938.T,日本リーテック,2025-07,CONTINUE,8,82.98,100.0,True,False,17.02,2024-12,1291.0,1995.0,1995.0,54.53,1168.24,1110.35,1173.99,True,True,True,False,True,True,False,40233.0,1382.0,-6.58,False,1.5,3.33,1.15,False,3,True,9.34,5.41,False,False,
3003,3003.T,ヒューリック,2025-07,CONTINUE,5,49.28,66.29,False,False,17.01,2025-03,1437.0,1445.5,1445.5,0.59,1420.36,1386.22,1420.89,True,True,True,False,True,True,False,2617147.0,1601.0,-10.24,False,1.01,1.75,1.2,False,1,True,1.7,3.37,False,False,
4433,4433.T,ﾋﾄ･ｺﾐｭﾆｹｰｼｮﾝｽﾞ･ﾎｰﾙﾃﾞｨﾝｸﾞｽ,2025-07,CONTINUE,7,70.27,87.27,True,True,17.0,2025-01,918.0,1142.0,1142.0,24.4,872.84,842.13,900.17,True,True,True,False,True,True,False,50137.0,1260.0,-27.14,False,1.13,2.9,1.13,False,3,True,-1.18,4.72,True,False,
9304,9304.T,澁澤倉庫,2025-07,CONTINUE,7,78.49,95.49,True,True,17.0,2025-01,773.75,1092.5,1092.5,41.2,763.55,772.75,759.45,True,True,True,False,False,True,True,39360.0,833.75,-7.2,False,0.92,1.15,0.97,True,1,False,0.5,0.07,False,False,
2153,2153.T,Ｅ・Ｊホールディングス,2025-07,NEW,1,50.67,67.61,True,True,16.94,2025-07,1798.0,1798.0,1798.0,0.0,1589.8,1567.68,1625.19,True,True,True,False,True,False,False,140017.0,1890.0,-4.87,False,0.93,2.47,1.01,False,3,True,7.47,7.48,False,False,
2784,2784.T,アルフレッサホールディングス,2025-07,CONTINUE,2,49.33,66.24,True,True,16.91,2025-06,1971.5,2197.0,2197.0,11.44,1945.58,2040.45,2133.62,True,False,False,False,False,False,False,453287.0,2473.5,-20.3,False,1.0,1.12,0.9,True,4,False,-9.08,0.02,False,False,
4042,4042.T,東ソー,2025-07,CONTINUE,3,63.99,80.9,True,True,16.91,2025-05,2138.5,2280.5,2280.5,6.64,2046.88,2048.26,2003.74,True,True,True,False,True,False,True,963357.0,2232.0,-4.19,False,0.95,1.58,1.05,False,1,True,6.33,3.07,False,False,
4028,4028.T,石原産業,2025-07,CONTINUE,7,77.9,94.79,True,True,16.89,2025-01,1607.0,2197.0,2197.0,36.71,1527.2,1483.49,1549.65,True,True,True,False,True,True,False,100120.0,1870.0,-14.06,False,1.29,1.55,1.05,False,3,True,4.38,2.45,False,False,
6332,6332.T,月島ホールディングス,2025-07,CONTINUE,7,83.17,100.0,True,False,16.83,2025-01,1472.0,2300.0,2300.0,56.25,1443.04,1427.67,1403.26,True,True,True,True,True,True,True,340520.0,1560.0,-5.64,False,0.36,1.38,0.63,True,2,True,7.07,0.87,False,False,
4577,4577.T,ダイト,2025-07,CONTINUE,2,57.06,73.88,True,True,16.82,2025-06,997.0,1209.0,1209.0,21.26,1012.16,1040.17,1058.8,False,False,False,False,False,False,False,88600.0,1232.5,-19.11,False,0.66,1.83,0.72,True,4,True,-9.49,-2.01,False,False,
8370,8370.T,紀陽銀行,2025-07,NEW,1,70.84,87.61,True,True,16.77,2025-07,2766.0,2766.0,2766.0,0.0,2615.6,2508.24,2258.59,True,True,True,True,True,True,True,139447.0,2790.0,-0.86,False,1.67,2.14,1.1,False,2,True,31.13,-0.38,False,False,
5911,5911.T,横河ブリッジホールディングス,2025-07,NEW,1,46.52,63.25,True,True,16.72,2025-07,2682.0,2682.0,2682.0,0.0,2610.44,2575.15,2639.8,True,True,True,False,True,True,False,116480.0,2869.0,-6.52,False,1.57,1.08,1.08,False,1,True,0.07,0.14,False,False,
9743,9743.T,丹青社,2025-07,CONTINUE,6,69.07,85.76,True,True,16.69,2025-02,875.0,1327.0,1327.0,51.66,899.64,882.07,887.53,False,False,False,False,False,True,True,719460.0,1068.0,-18.07,False,0.35,1.6,0.93,True,4,False,4.82,-1.02,False,False,
8267,8267.T,イオン,2025-07,CONTINUE,4,82.05,98.73,True,True,16.68,2025-04,1409.0,1611.0,1611.0,14.34,1316.15,1265.74,1238.11,True,True,True,True,True,True,True,9128950.0,1431.0,-1.54,False,1.0,2.79,0.81,True,2,True,20.04,6.5,False,False,
7184,7184.T,富山第一銀行,2025-07,NEW,1,45.7,62.3,False,True,16.6,2025-07,1091.0,1091.0,1091.0,0.0,1027.4,1014.0,1046.53,True,True,True,False,True,False,False,148117.0,1362.0,-19.9,False,0.84,2.06,1.09,False,1,True,-1.65,0.96,False,False,
9729,9729.T,トーカイ,2025-07,NEW,1,50.52,67.04,False,True,16.51,2025-07,2112.0,2112.0,2112.0,0.0,2129.48,2134.35,2149.7,False,False,False,False,False,True,False,35227.0,2380.0,-11.26,False,0.79,2.02,1.0,False,4,True,-2.12,-1.04,False,False,
6995,6995.T,東海理化電機製作所,2025-07,NEW,1,57.92,74.39,True,True,16.47,2025-07,2423.0,2423.0,2423.0,0.0,2329.64,2191.09,2176.41,True,True,True,True,True,True,True,160680.0,2578.0,-6.01,False,1.52,2.37,1.34,False,2,True,15.27,3.91,False,False,
5021,5021.T,コスモエネルギーホールディングス,2025-07,NEW,1,37.49,53.91,True,True,16.42,2025-07,3358.5,3358.5,3358.5,0.0,3185.08,3082.83,3304.82,True,True,True,False,True,True,False,721560.0,4381.0,-23.34,False,0.62,1.43,0.89,True,3,True,0.25,2.78,False,False,
5981,5981.T,東京製綱,2025-07,CONTINUE,2,52.25,68.63,True,True,16.38,2025-06,1269.0,1353.0,1353.0,6.62,1246.4,1242.03,1223.84,True,True,True,True,False,False,True,25400.0,1382.0,-8.18,False,0.91,1.28,0.9,True,2,True,3.37,1.67,False,False,
4684,4684.T,オービック,2025-07,CONTINUE,3,70.84,87.21,False,True,16.36,2025-05,5267.0,5420.0,5420.0,2.9,5160.56,4699.77,4810.91,True,True,True,False,True,True,True,1026727.0,5400.0,-2.46,False,0.9,1.56,0.92,True,1,True,16.03,0.25,True,True,MVP
6804,6804.T,ホシデン,2025-07,CONTINUE,2,63.26,79.57,True,True,16.31,2025-06,2216.0,2360.0,2360.0,6.5,2160.6,1996.13,2112.59,True,True,True,False,True,True,True,261987.0,2434.0,-8.96,False,0.87,1.85,1.04,False,1,True,4.86,0.56,False,False,
4901,4901.T,富士フイルムホールディングス,2025-07,NEW,1,41.92,58.22,False,True,16.29,2025-07,3156.0,3156.0,3156.0,0.0,3076.9,3081.45,3207.1,True,True,False,False,False,True,False,2973847.0,3994.0,-20.98,False,0.88,1.83,1.21,False,4,True,-4.66,0.45,False,False,
3661,3661.T,エムアップホールディングス,2025-07,NEW,1,76.6,92.85,False,True,16.25,2025-07,1063.0,1063.0,1063.0,0.0,1021.58,998.55,861.73,True,True,True,True,False,True,True,656067.0,1104.0,-3.71,False,0.97,3.09,1.1,False,2,False,36.35,2.15,False,False,
9432,9432.T,ＮＴＴ,2025-07,CONTINUE,9,48.9,65.15,True,True,16.25,2024-11,153.4,152.7,152.7,-0.46,151.57,150.81,159.82,True,True,False,False,True,False,False,159130277.0,192.9,-20.48,False,0.92,1.36,0.87,True,4,True,-5.74,1.39,False,False,
6615,6615.T,ユー・エム・シー・エレクトロニクス,2025-07,CONTINUE,3,29.37,45.56,False,False,16.19,2025-05,329.0,290.0,290.0,-11.85,325.04,303.99,327.97,True,True,True,False,True,True,False,233243.0,430.0,-23.49,False,0.4,5.71,0.64,True,3,True,-2.91,-0.49,False,False,
6287,6287.T,サトー,2025-07,NEW,1,51.05,67.21,True,True,16.16,2025-07,2142.0,2142.0,2142.0,0.0,2086.48,2041.49,2110.04,True,True,True,False,True,True,True,92383.0,2380.0,-10.0,False,0.88,1.36,1.05,False,1,True,0.63,0.54,False,False,
7173,7173.T,東京きらぼしフィナンシャルグループ,2025-07,CONTINUE,7,72.71,88.86,True,True,16.15,2025-01,602.5,821.25,821.25,36.31,572.42,544.53,553.65,True,True,True,False,True,True,False,541040.0,635.0,-5.12,False,1.05,2.07,1.04,False,1,True,12.76,2.75,True,False,
2491,2491.T,バリューコマース,2025-07,NEW,1,21.73,37.84,False,True,16.11,2025-07,807.0,807.0,807.0,0.0,789.92,788.77,935.18,True,True,False,False,False,False,False,207297.0,1231.0,-34.44,False,1.36,1.76,1.15,False,4,True,-18.95,1.23,False,False,
8200,8200.T,リンガーハット,2025-07,NEW,1,47.1,63.19,True,True,16.09,2025-07,2264.0,2264.0,2264.0,0.0,2218.24,2231.52,2234.71,True,True,True,False,True,False,True,128387.0,2360.0,-4.07,False,0.56,1.27,0.94,True,2,True,1.91,1.45,False,False,
5715,5715.T,古河機械金属,2025-07,CONTINUE,7,63.45,79.54,True,True,16.08,2025-01,1979.0,2409.0,2409.0,21.73,1675.92,1638.47,1730.17,True,True,True,False,True,True,False,173290.0,2100.0,-5.76,False,1.49,3.24,1.36,False,1,True,12.04,8.42,True,False,
2587,2587.T,サントリービバレッジ＆フード,2025-07,NEW,1,13.6,29.65,False,False,16.05,2025-07,4568.0,4568.0,4568.0,0.0,4553.84,4692.36,4858.52,True,False,False,False,False,False,False,617887.0,5645.0,-19.08,False,0.91,1.12,0.93,True,4,False,-10.62,0.6,False,False,
6235,6235.T,オプトラン,2025-07,NEW,1,31.78,47.82,False,True,16.03,2025-07,1635.0,1635.0,1635.0,0.0,1579.6,1498.88,1671.03,True,True,False,False,True,True,False,158020.0,2080.0,-21.39,False,0.83,1.97,0.98,True,4,True,-2.77,0.14,True,False,
6701,6701.T,日本電気,2025-07,CONTINUE,4,83.98,100.0,True,True,16.02,2025-04,3476.0,4399.0,4399.0,26.55,3102.14,2978.17,2754.76,True,True,True,True,True,True,True,5546480.0,3320.0,4.7,True,1.08,3.63,0.76,True,2,True,36.47,7.09,True,True,BOTH
5930,5930.T,文化シャッター,2025-07,CONTINUE,3,84.04,100.0,True,True,15.96,2025-05,2148.0,2567.0,2567.0,19.51,2114.8,1965.17,1860.32,True,True,True,True,True,True,True,89770.0,2238.0,-4.02,False,1.13,2.33,1.04,False,2,True,20.94,0.04,False,False,
6644,6644.T,大崎電気工業,2025-07,CONTINUE,4,84.08,100.0,True,False,15.92,2025-04,848.0,1048.0,1048.0,23.58,796.0,790.4,757.59,True,True,True,True,False,False,True,124823.0,899.0,-5.67,False,0.7,2.68,0.65,True,2,True,17.32,6.48,False,False,
2282,2282.T,日本ハム,2025-07,CONTINUE,2,54.8,70.72,True,True,15.91,2025-06,4992.0,5098.0,5098.0,2.12,5041.72,5124.6,5058.98,False,False,False,False,False,True,False,331380.0,5619.0,-11.16,False,1.1,1.25,0.95,True,4,False,-0.39,-2.05,False,False,
8366,8366.T,滋賀銀行,2025-07,CONTINUE,7,66.63,82.51,False,True,15.87,2025-01,927.0,1222.0,1222.0,31.82,817.56,746.35,762.21,True,True,True,False,True,True,False,558817.0,932.0,-0.54,False,1.45,2.11,1.1,False,1,True,29.13,8.65,True,False,
2752,2752.T,フジオフードグループ本社,2025-07,CONTINUE,4,25.64,41.48,False,False,15.84,2025-04,1203.0,1134.0,1134.0,-5.74,1175.16,1144.72,1254.23,True,True,False,False,True,True,False,194057.0,1538.0,-21.78,False,0.91,1.47,0.74,True,4,True,-3.86,3.17,False,False,
4665,4665.T,ダスキン,2025-07,CONTINUE,2,60.73,76.56,False,True,15.82,2025-06,3963.0,3988.0,3988.0,0.63,3823.76,3745.13,3781.53,True,True,True,False,True,True,True,149563.0,4190.0,-5.42,False,0.86,2.07,1.02,False,1,True,6.12,1.81,False,False,
7508,7508.T,Ｇ－７ホールディングス,2025-07,NEW,1,35.87,51.68,False,True,15.81,2025-07,1311.0,1311.0,1311.0,0.0,1328.48,1361.51,1400.66,False,False,False,False,False,True,False,37180.0,1753.0,-25.21,False,1.19,1.84,1.07,False,4,False,-12.28,-2.32,False,False,
5957,5957.T,日東精工,2025-07,CONTINUE,2,57.53,73.33,True,True,15.8,2025-06,572.0,628.0,628.0,9.79,572.32,576.21,582.78,False,False,False,False,True,False,True,57647.0,720.0,-20.56,False,1.63,1.7,0.99,True,1,False,-3.59,0.07,False,False,
4072,4072.T,電算システムホールディングス,2025-07,CONTINUE,5,52.92,68.68,True,False,15.76,2025-03,2594.0,2612.0,2612.0,0.69,2572.84,2456.6,2575.18,True,True,True,False,True,True,True,17240.0,2948.0,-12.01,False,0.98,1.96,0.93,True,1,True,2.79,1.88,False,False,
3687,3687.T,フィックスターズ,2025-07,CONTINUE,5,54.28,69.98,True,True,15.7,2025-03,1620.0,2065.0,2065.0,27.47,1727.44,1806.13,1711.82,False,False,False,False,False,True,False,420303.0,2418.0,-33.0,False,0.85,3.48,0.96,True,4,False,-12.49,-4.62,False,False,
7596,7596.T,魚力,2025-07,NEW,1,55.01,70.71,True,True,15.7,2025-07,2448.0,2448.0,2448.0,0.0,2438.08,2428.36,2422.2,True,True,True,True,True,True,False,6387.0,2645.0,-7.45,False,1.4,1.06,1.08,False,1,True,-0.41,-0.49,False,False,
3101,3101.T,東洋紡,2025-07,CONTINUE,7,37.13,52.78,True,True,15.65,2025-01,982.0,980.0,980.0,-0.2,962.04,955.84,1006.29,True,True,False,False,True,False,False,245683.0,1182.0,-16.92,False,0.9,1.0,1.03,False,4,True,-4.57,1.76,False,False,
6358,6358.T,酒井重工業,2025-07,NEW,1,18.39,34.04,True,True,15.65,2025-07,2103.0,2103.0,2103.0,0.0,2031.16,1987.13,2186.21,True,True,False,False,True,False,False,16290.0,3040.0,-30.82,False,0.92,1.75,1.2,False,4,True,-8.52,0.58,False,False,
6432,6432.T,竹内製作所,2025-07,NEW,1,43.19,58.84,True,True,15.65,2025-07,5420.0,5420.0,5420.0,0.0,4882.6,4634.47,4874.12,True,True,True,False,True,False,True,307437.0,5700.0,-4.91,False,1.14,2.91,1.1,False,2,True,12.84,6.15,True,False,
7914,7914.T,共同印刷,2025-07,CONTINUE,3,78.26,93.86,True,True,15.6,2025-05,1272.0,1393.0,1393.0,9.51,1155.48,1083.1,987.96,True,True,True,True,True,True,True,79140.0,1289.0,-1.32,False,0.91,3.17,0.68,True,2,True,32.91,5.72,False,False,
9765,9765.T,オオバ,2025-07,CONTINUE,5,52.16,67.74,True,True,15.58,2025-03,1075.0,1043.0,1043.0,-2.98,1021.76,1001.57,1021.46,True,True,True,False,True,True,False,41973.0,1169.0,-8.04,False,1.5,1.57,1.28,False,1,True,7.5,5.39,False,False,
1419,1419.T,タマホーム,2025-07,CONTINUE,4,41.77,57.23,True,True,15.47,2025-04,3995.0,3575.0,3575.0,-10.51,3720.6,3476.4,3743.95,True,True,True,False,True,True,False,233677.0,4630.0,-13.71,False,0.83,1.98,0.62,True,1,True,6.28,6.3,False,False,
5214,5214.T,日本電気硝子,2025-07,CONTINUE,3,59.51,74.95,True,True,15.44,2025-05,3462.0,4055.0,4055.0,17.13,3393.6,3423.4,3398.57,True,True,True,False,True,True,False,356367.0,3771.0,-8.19,False,0.8,1.43,0.78,True,3,True,-2.7,-0.27,False,False,
7981,7981.T,タカラスタンダード,2025-07,CONTINUE,7,84.6,100.0,True,False,15.4,2025-01,1681.0,2581.0,2581.0,53.54,1664.72,1653.45,1678.78,True,True,True,False,True,True,False,59993.0,2117.0,-20.6,False,0.81,1.35,1.01,False,3,True,-1.65,0.7,False,False,
7276,7276.T,小糸製作所,2025-07,NEW,1,38.12,53.51,True,True,15.39,2025-07,1937.0,1937.0,1937.0,0.0,1812.28,1772.5,1890.16,True,True,True,False,True,False,False,1196783.0,2375.0,-18.44,False,1.83,2.21,1.3,False,3,True,0.12,3.19,False,False,
4189,4189.T,ＫＨネオケム,2025-07,CONTINUE,7,73.88,89.23,True,False,15.36,2025-01,2102.0,2868.0,2868.0,36.44,2038.32,2047.24,2140.79,True,True,False,False,False,False,False,130260.0,2476.0,-15.11,False,0.94,1.46,1.01,False,4,True,-3.08,3.33,False,False,
6966,6966.T,三井ハイテック,2025-07,NEW,1,24.16,39.48,True,True,15.32,2025-07,771.0,771.0,771.0,0.0,723.84,703.68,772.72,True,True,False,False,True,True,False,1272357.0,1219.2,-36.76,False,0.74,3.23,1.09,False,4,True,-6.14,2.83,False,False,
4975,4975.T,ＪＣＵ,2025-07,NEW,1,48.26,63.5,True,True,15.25,2025-07,3585.0,3585.0,3585.0,0.0,3336.4,3241.47,3468.55,True,True,True,False,True,True,False,40380.0,4080.0,-12.13,False,0.77,1.6,1.02,False,3,True,5.03,4.39,False,False,
4719,4719.T,アルファシステムズ,2025-07,NEW,1,71.41,86.59,True,True,15.17,2025-07,3580.0,3580.0,3580.0,0.0,3536.2,3416.87,3369.2,True,True,True,True,True,True,True,7877.0,3775.0,-5.17,False,0.64,2.08,1.11,False,2,True,12.08,-1.83,False,False,
5851,5851.T,リョービ,2025-07,CONTINUE,9,42.31,57.43,True,True,15.12,2024-11,2094.0,2291.0,2291.0,9.41,1947.04,1943.48,2299.43,True,True,False,False,True,False,False,258653.0,3215.0,-34.87,False,1.88,2.8,1.05,False,4,True,-11.11,3.37,False,False,
6962,6962.T,大真空,2025-07,CONTINUE,7,39.67,54.76,True,True,15.09,2025-01,600.0,590.0,590.0,-1.67,581.56,566.63,645.74,True,True,False,False,True,False,False,245220.0,955.0,-37.17,False,0.94,3.32,1.12,False,4,True,-14.46,3.17,False,False,
6744,6744.T,能美防災,2025-07,CONTINUE,2,79.98,95.06,True,True,15.08,2025-06,3655.0,3940.0,3940.0,7.8,3746.0,3447.6,3155.93,False,True,True,True,True,True,True,67313.0,3880.0,-5.8,False,1.22,1.78,0.99,True,2,True,25.25,-5.92,False,False,
4480,4480.T,メドレー,2025-07,NEW,1,48.17,63.12,True,True,14.95,2025-07,3120.0,3120.0,3120.0,0.0,3164.0,3185.81,3472.39,False,False,False,False,True,True,False,307003.0,4485.0,-30.43,False,1.04,3.53,0.8,True,4,False,-17.64,-5.91,False,False,
6457,6457.T,グローリー,2025-07,CONTINUE,7,77.74,92.59,True,True,14.85,2025-01,2644.5,3887.0,3887.0,46.98,2582.06,2566.93,2641.26,True,True,True,False,True,False,False,151993.0,3097.0,-14.61,False,0.85,1.5,0.85,True,3,True,-0.78,1.83,False,False,
8713,8713.T,フィデアホールディングス,2025-07,NEW,1,37.59,52.44,False,True,14.85,2025-07,1527.0,1527.0,1527.0,0.0,1484.4,1463.27,1457.91,True,True,True,True,True,True,True,37797.0,1640.0,-6.89,False,0.87,1.37,1.12,False,2,True,1.94,0.09,False,False,
3678,3678.T,メディアドゥ,2025-07,CONTINUE,7,65.09,79.93,False,False,14.84,2025-01,1561.0,1757.0,1757.0,12.56,1480.72,1384.49,1405.15,True,True,True,False,True,True,True,54357.0,1613.0,-3.22,False,0.73,3.1,0.78,True,1,True,17.87,7.87,False,False,
8848,8848.T,レオパレス２１,2025-07,CONTINUE,3,71.59,86.38,True,True,14.8,2025-05,651.0,717.0,717.0,10.14,591.68,577.61,563.16,True,True,True,True,True,True,True,3548610.0,678.0,-3.98,False,1.88,5.17,1.44,False,2,True,21.28,7.03,False,False,
7762,7762.T,シチズン時計,2025-07,NEW,1,40.07,54.86,True,True,14.78,2025-07,909.0,909.0,909.0,0.0,868.28,851.09,886.84,True,True,True,False,True,False,False,1019470.0,1055.0,-13.84,False,0.7,1.16,1.03,False,3,True,0.35,2.32,False,False,
5471,5471.T,大同特殊鋼,2025-07,NEW,1,28.65,43.41,True,True,14.77,2025-07,1164.0,1164.0,1164.0,0.0,1031.27,1012.15,1133.3,True,True,True,False,True,False,False,844537.0,1513.0,-23.07,False,2.02,2.93,1.26,False,3,True,-3.91,5.67,False,False,
2157,2157.T,コシダカホールディングス,2025-07,NEW,1,75.12,89.86,True,True,14.74,2025-07,1368.0,1368.0,1368.0,0.0,1235.04,1117.09,1108.62,True,True,True,True,True,True,True,536397.0,1358.0,0.74,True,1.35,2.76,0.83,True,1,True,34.33,3.49,False,True,BREAKOUT
4725,4725.T,ＣＡＣＨｏｌｄｉｎｇｓ,2025-07,CONTINUE,7,56.11,70.81,True,False,14.69,2025-01,1762.0,2035.0,2035.0,15.49,1702.48,1722.92,1811.7,True,True,False,False,False,False,False,48133.0,2038.0,-13.54,False,1.23,1.33,1.13,False,4,True,-2.36,3.01,False,False,
2982,2982.T,ＡＤワークスグループ,2025-07,CONTINUE,7,78.18,92.75,True,True,14.57,2025-01,208.0,355.0,355.0,70.67,207.0,205.28,216.62,True,True,False,False,False,False,False,569050.0,270.0,-22.96,False,1.21,2.03,1.02,False,4,True,-3.46,3.2,False,False,
3038,3038.T,神戸物産,2025-07,CONTINUE,4,56.91,71.47,False,False,14.56,2025-04,4386.0,4065.0,4065.0,-7.32,3984.68,3606.41,3805.68,True,True,True,False,True,True,True,2434247.0,4715.0,-6.98,False,1.24,4.22,0.91,True,1,True,20.23,5.1,False,False,
4188,4188.T,三菱ケミカルグループ,2025-07,CONTINUE,3,49.71,64.25,True,True,14.54,2025-05,770.6,827.2,827.2,7.34,727.94,735.54,796.98,True,True,False,False,True,False,False,6471883.0,957.8,-19.54,False,0.88,2.75,0.72,True,4,True,-4.53,3.69,False,False,
8418,8418.T,山口フィナンシャルグループ,2025-07,NEW,1,42.66,57.2,False,True,14.53,2025-07,1719.0,1719.0,1719.0,0.0,1619.36,1572.69,1606.27,True,True,True,False,True,False,True,681100.0,1912.5,-10.12,False,1.27,2.08,1.11,False,2,True,3.34,1.16,True,False,
8022,8022.T,美津濃,2025-07,NEW,1,50.96,65.47,False,True,14.51,2025-07,2766.0,2766.0,2766.0,0.0,2684.72,2623.72,2693.87,True,True,True,False,True,True,False,252083.0,3400.0,-18.65,False,0.97,2.54,1.0,False,3,True,4.11,2.6,False,False,
4053,4053.T,SUN ASTERISK,2025-07,NEW,1,31.97,46.43,True,True,14.46,2025-07,534.0,534.0,534.0,0.0,502.8,522.13,578.6,True,True,False,False,False,False,False,148777.0,945.0,-43.49,False,0.81,2.51,1.2,False,4,True,-15.29,1.47,False,False,
7130,7130.T,ヤマエグループホールディングス,2025-07,CONTINUE,7,55.47,69.89,True,False,14.41,2025-01,2022.0,2604.0,2604.0,28.78,1918.8,1975.48,2156.01,True,True,False,False,False,False,False,77920.0,3530.0,-42.72,False,0.91,2.12,1.04,False,4,True,-12.22,5.17,False,False,
6517,6517.T,デンヨー,2025-07,NEW,1,57.32,71.71,False,True,14.38,2025-07,3015.0,3015.0,3015.0,0.0,2881.0,2684.43,2647.7,True,True,True,True,True,True,True,22097.0,3010.0,0.17,True,0.89,1.95,1.06,False,2,True,18.96,1.44,False,False,
1930,1930.T,北陸電気工事,2025-07,NEW,1,66.5,80.84,True,True,14.33,2025-07,1351.0,1351.0,1351.0,0.0,1230.36,1192.72,1171.37,True,True,True,True,True,True,True,46887.0,1369.0,-1.31,False,2.66,2.54,1.32,False,2,True,14.94,3.5,False,False,
1812,1812.T,鹿島建設,2025-07,CONTINUE,7,77.57,91.86,True,False,14.29,2025-01,2769.0,3793.0,3793.0,36.98,2740.12,2713.66,2731.68,True,True,True,False,False,True,False,1270203.0,3213.0,-13.82,False,0.98,1.89,0.88,True,3,False,1.86,-0.02,False,False,
7270,7270.T,ＳＵＢＡＲＵ,2025-07,NEW,1,37.65,51.93,True,True,14.28,2025-07,2779.5,2779.5,2779.5,0.0,2620.68,2588.5,2623.95,True,True,True,False,True,False,True,3853690.0,3234.0,-14.05,False,0.95,3.5,1.32,False,2,True,2.39,4.56,False,False,
3612,3612.T,ワールド,2025-07,NEW,1,66.58,80.77,True,True,14.19,2025-07,1391.5,1391.5,1391.5,0.0,1316.38,1284.55,1213.31,True,True,True,True,True,True,True,357040.0,1383.0,0.61,True,0.89,1.53,0.74,True,2,True,16.34,1.04,False,True,BREAKOUT
4733,4733.T,オービックビジネスコンサルタント,2025-07,NEW,1,68.03,82.22,True,True,14.18,2025-07,8762.0,8762.0,8762.0,0.0,8454.28,8007.21,7506.84,True,True,True,True,True,True,True,125523.0,8953.0,-2.13,False,1.2,2.77,1.26,False,2,True,22.89,3.04,False,False,
6745,6745.T,ホーチキ,2025-07,CONTINUE,3,76.8,90.96,True,True,14.16,2025-05,943.33,1060.0,1060.0,12.37,868.91,836.43,787.79,True,True,True,True,True,True,True,219390.0,963.33,-2.08,False,0.98,2.85,0.76,True,2,True,20.4,4.39,False,False,
7826,7826.T,フルヤ金属,2025-07,NEW,1,23.8,37.92,False,True,14.12,2025-07,2591.0,2591.0,2591.0,0.0,2507.36,2541.85,3014.68,True,True,False,False,False,False,False,229553.0,4615.0,-43.86,False,0.69,1.83,1.01,False,4,True,-19.56,0.4,False,False,
6454,6454.T,マックス,2025-07,CONTINUE,7,76.29,90.32,True,True,14.03,2025-01,993.75,1265.0,1265.0,27.3,911.35,876.38,888.02,True,True,True,False,True,True,True,411920.0,1027.5,-3.28,False,1.4,2.44,0.92,True,2,True,16.5,7.98,False,False,
8061,8061.T,西華産業,2025-07,NEW,1,66.86,80.85,True,True,13.99,2025-07,1733.33,1733.33,1733.33,0.0,1630.2,1537.16,1504.92,True,True,True,True,True,True,True,168510.0,1793.33,-3.35,False,1.28,2.25,1.19,False,2,True,22.01,4.84,False,False,
3371,3371.T,ソフトクリエイトホールディングス,2025-07,NEW,1,57.99,71.9,False,True,13.91,2025-07,2240.0,2240.0,2240.0,0.0,2164.52,2090.45,2112.2,True,True,True,False,False,True,True,19037.0,2378.0,-5.8,False,1.13,2.14,1.09,False,1,True,11.12,-0.1,False,False,
8601,8601.T,大和証券グループ本社,2025-07,NEW,1,38.33,52.23,False,True,13.9,2025-07,1057.0,1057.0,1057.0,0.0,1024.44,978.9,1010.14,True,True,True,False,True,True,True,4736220.0,1310.5,-19.34,False,1.36,1.91,1.24,False,1,True,2.11,0.22,True,False,
5902,5902.T,ホッカンホールディングス,2025-07,CONTINUE,4,72.0,85.87,True,True,13.87,2025-04,1820.0,2011.0,2011.0,10.49,1653.08,1670.12,1689.34,True,True,True,False,False,False,False,31690.0,1853.0,-1.78,False,1.13,2.41,0.87,True,3,True,6.68,5.83,False,False,
6785,6785.T,鈴木,2025-07,NEW,1,66.29,80.11,True,True,13.82,2025-07,1855.0,1855.0,1855.0,0.0,1783.08,1707.43,1740.68,True,True,True,False,True,True,True,86397.0,1989.0,-6.74,False,0.69,1.46,1.06,False,1,True,10.65,-1.28,False,False,
8103,8103.T,明和産業,2025-07,NEW,1,56.39,70.16,True,True,13.77,2025-07,760.0,760.0,760.0,0.0,703.88,683.73,673.05,True,True,True,True,True,True,True,87110.0,744.0,2.15,True,2.1,1.47,1.26,False,2,True,12.78,1.56,True,True,BOTH
1515,1515.T,日鉄鉱業,2025-07,CONTINUE,7,70.28,84.03,False,False,13.75,2025-01,951.0,1492.0,1492.0,56.89,904.68,871.44,920.25,True,True,True,False,True,True,False,167717.0,1172.0,-18.86,False,0.96,1.8,1.0,True,3,True,2.27,3.54,True,False,
5410,5410.T,合同製鐵,2025-07,CONTINUE,5,17.58,31.33,True,True,13.75,2025-03,3865.0,3820.0,3820.0,-1.16,4095.0,3971.4,4252.18,False,False,False,False,True,True,False,142443.0,6250.0,-38.16,False,1.1,1.8,1.07,False,4,False,-11.83,0.22,False,False,
8252,8252.T,丸井グループ,2025-07,CONTINUE,12,86.28,100.0,True,True,13.72,2024-08,2462.5,3081.0,3081.0,25.12,2361.76,2335.11,2379.03,True,True,True,False,False,False,False,933027.0,2628.0,-6.3,False,0.92,1.79,0.65,True,1,True,4.6,5.7,False,False,
9869,9869.T,加藤産業,2025-07,CONTINUE,10,86.3,100.0,True,False,13.7,2024-10,4150.0,5730.0,5730.0,38.07,4224.8,4192.13,4384.93,False,False,False,False,False,False,False,27440.0,4980.0,-16.67,False,1.27,1.93,0.94,True,4,False,-3.51,-1.14,False,False,
7513,7513.T,コジマ,2025-07,CONTINUE,2,67.9,81.56,False,False,13.66,2025-06,1235.0,1205.0,1205.0,-2.43,1106.32,1054.13,1034.52,True,True,True,True,True,True,True,127893.0,1239.0,-0.32,False,1.3,2.54,1.23,False,2,True,19.67,6.37,False,False,
8331,8331.T,千葉銀行,2025-07,CONTINUE,3,46.33,59.88,False,True,13.56,2025-05,1314.0,1421.0,1421.0,8.14,1268.34,1306.14,1238.33,True,True,True,False,True,True,False,2403700.0,1531.0,-14.17,False,0.77,2.6,0.78,True,3,True,0.77,0.82,False,False,
2678,2678.T,アスクル,2025-07,CONTINUE,3,10.79,24.26,True,True,13.47,2025-05,1552.0,1517.0,1517.0,-2.26,1513.68,1558.35,1783.48,True,False,False,False,True,False,False,423980.0,2338.0,-33.62,False,0.78,1.76,1.1,False,4,False,-16.69,1.37,False,False,
2462,2462.T,ライク,2025-07,CONTINUE,5,39.08,52.54,True,True,13.46,2025-03,1490.0,1432.0,1432.0,-3.89,1455.84,1425.47,1434.06,True,True,True,False,True,True,False,51180.0,1785.0,-16.53,False,1.42,1.55,1.12,False,3,True,2.65,2.59,False,False,
7261,7261.T,マツダ,2025-07,CONTINUE,7,20.25,33.71,True,True,13.46,2025-01,1065.5,911.2,911.2,-14.48,1047.34,1029.38,1273.07,True,True,False,False,True,False,False,7915017.0,1961.0,-45.67,False,0.73,2.66,1.14,False,4,False,-20.29,0.8,False,False,
3662,3662.T,エイチームホールディングス,2025-07,CONTINUE,2,75.27,88.71,False,False,13.44,2025-06,1258.0,1216.0,1216.0,-3.34,1162.6,1058.39,894.68,True,True,True,True,True,True,True,175600.0,1361.0,-7.57,False,0.78,2.97,0.6,True,2,True,51.03,-1.82,False,False,
3993,3993.T,ＰＫＳＨＡＴｅｃｈｎｏｌｏｇｙ,2025-07,CONTINUE,3,47.39,60.83,True,True,13.44,2025-05,3335.0,3560.0,3560.0,6.75,2992.8,3168.41,3369.2,True,True,False,False,True,False,False,560410.0,4790.0,-30.38,False,1.15,3.59,1.08,False,1,True,-4.34,5.92,False,False,
9305,9305.T,ヤマタネ,2025-07,CONTINUE,6,84.15,97.57,True,True,13.42,2025-02,1842.5,2587.0,2587.0,40.41,1884.2,1822.5,1631.77,False,True,True,True,True,True,True,61020.0,2105.0,-12.47,False,0.79,3.59,1.04,False,2,False,22.02,-4.13,False,False,
4390,4390.T,ＩＰＳ,2025-07,NEW,1,64.8,78.19,True,True,13.39,2025-07,2770.0,2770.0,2770.0,0.0,2293.28,2267.49,2357.94,True,True,True,False,False,True,True,63080.0,2777.0,-0.25,False,3.62,2.59,1.43,False,1,True,22.2,2.3,True,True,MVP
5757,5757.T,ＣＫサンエツ,2025-07,NEW,1,53.3,66.67,True,True,13.37,2025-07,3945.0,3945.0,3945.0,0.0,3789.8,3672.93,3751.45,True,True,True,False,True,False,True,7337.0,4320.0,-8.68,False,0.48,2.23,0.8,True,2,True,5.85,0.88,False,False,
4933,4933.T,Ｉ－ｎｅ,2025-07,NEW,1,53.08,66.4,True,True,13.32,2025-07,1697.0,1697.0,1697.0,0.0,1646.8,1647.67,1783.55,True,True,False,False,False,True,False,47493.0,2277.0,-25.47,False,1.28,2.17,0.91,True,4,True,-1.06,0.54,False,False,
2220,2220.T,亀田製菓,2025-07,CONTINUE,2,52.37,65.66,True,True,13.29,2025-06,1335.0,1348.33,1348.33,1.0,1239.27,1289.18,1351.11,True,True,False,False,False,False,False,165470.0,1573.33,-15.15,False,2.7,1.62,1.38,False,4,True,-2.99,0.95,True,False,
2502,2502.T,アサヒグループホールディングス,2025-07,CONTINUE,5,50.31,63.59,False,False,13.28,2025-03,1912.0,1919.0,1919.0,0.37,1903.98,1735.43,1784.52,True,True,True,False,True,True,True,5886760.0,2000.33,-4.42,False,0.9,1.87,0.9,True,1,True,7.65,0.14,False,False,
4452,4452.T,花王,2025-07,CONTINUE,2,48.93,62.19,False,True,13.26,2025-06,3228.5,3405.0,3405.0,5.47,3311.44,3194.49,3242.75,False,True,False,False,True,True,True,2526713.0,3636.5,-11.22,False,0.96,1.42,0.89,True,4,False,-3.32,-2.52,False,False,
8101,8101.T,ＧＳＩクレオス,2025-07,NEW,1,47.8,61.02,True,True,13.22,2025-07,2127.0,2127.0,2127.0,0.0,2073.44,2020.32,2064.7,True,True,True,False,True,True,True,27250.0,2285.0,-6.91,False,1.51,0.97,1.02,False,1,True,3.56,0.23,False,False,
9409,9409.T,テレビ朝日ホールディングス,2025-07,CONTINUE,7,86.78,100.0,True,False,13.22,2025-01,2461.0,2847.0,2847.0,15.68,2265.84,2155.56,2084.64,True,True,True,True,True,True,True,189690.0,2531.0,-2.77,False,1.96,3.23,1.27,False,2,True,25.41,6.7,False,False,
7510,7510.T,たけびし,2025-07,NEW,1,40.19,53.39,False,True,13.21,2025-07,1899.0,1899.0,1899.0,0.0,1846.36,1810.24,1907.83,True,True,False,False,True,True,False,9447.0,2539.0,-25.21,False,1.59,1.4,1.27,False,4,True,-4.12,0.07,False,False,
6073,6073.T,アサンテ,2025-07,NEW,1,44.95,58.14,False,True,13.19,2025-07,1643.0,1643.0,1643.0,0.0,1622.72,1618.13,1638.33,True,True,True,False,True,True,False,8753.0,1824.0,-9.92,False,1.26,0.7,1.01,False,3,True,-1.86,-0.23,False,False,
7683,7683.T,ダブルエー,2025-07,CONTINUE,2,61.75,74.9,True,False,13.15,2025-06,1384.0,1321.0,1321.0,-4.55,1373.48,1303.64,1339.21,True,True,True,False,True,True,True,36173.0,1583.0,-12.57,False,1.44,1.73,1.0,False,1,True,8.02,-1.54,False,False,
6301,6301.T,小松製作所,2025-07,CONTINUE,7,54.55,67.67,True,True,13.13,2025-01,4736.0,4865.0,4865.0,2.72,4360.76,4188.43,4298.99,True,True,True,False,True,True,False,2498700.0,5131.0,-7.7,False,1.16,2.16,1.19,False,1,True,13.28,4.39,True,False,
9746,9746.T,ＴＫＣ,2025-07,CONTINUE,4,83.16,96.25,True,True,13.09,2025-04,4020.0,4540.0,4540.0,12.94,3865.0,3808.07,3787.38,True,True,True,True,True,False,True,106323.0,4120.0,-2.43,False,1.48,1.95,0.73,True,2,True,8.41,2.58,False,False,
6436,6436.T,アマノ,2025-07,CONTINUE,2,57.49,70.54,False,False,13.05,2025-06,4484.0,4223.0,4223.0,-5.82,4349.96,4120.2,4159.76,True,True,True,False,True,True,True,126877.0,4531.0,-1.04,False,0.95,1.1,0.95,True,1,True,9.56,0.86,False,False,
9020,9020.T,東日本旅客鉄道,2025-07,CONTINUE,4,67.19,80.19,True,False,13.0,2025-04,3096.0,3218.0,3218.0,3.94,3071.12,2919.2,2861.9,True,True,True,True,True,True,True,3583747.0,3303.0,-6.27,False,0.91,2.41,0.72,True,2,False,10.14,1.39,False,False,
6055,6055.T,ジャパンマテリアル,2025-07,CONTINUE,4,37.31,50.17,True,True,12.87,2025-04,1198.0,1395.0,1395.0,16.44,1116.8,1408.79,1656.95,True,False,False,False,False,False,False,549053.0,2422.0,-50.54,False,1.46,3.73,0.75,True,4,True,-37.75,2.33,False,False,
5802,5802.T,住友電気工業,2025-07,NEW,1,68.84,81.68,True,True,12.84,2025-07,939.5,939.5,939.5,0.0,821.77,710.91,685.16,True,True,True,True,True,True,True,14292507.0,918.25,2.31,True,1.32,2.78,1.08,False,2,True,55.59,7.08,True,True,BOTH
8253,8253.T,クレディセゾン,2025-07,NEW,1,63.07,75.92,False,True,12.84,2025-07,4016.0,4016.0,4016.0,0.0,3953.36,3780.83,3643.21,True,True,True,True,False,True,True,597290.0,4185.0,-4.04,False,0.85,1.61,1.0,True,2,False,16.64,-1.15,False,False,
3443,3443.T,川田テクノロジーズ,2025-07,CONTINUE,6,77.47,90.25,True,False,12.78,2025-02,1005.0,1321.67,1321.67,31.51,948.68,903.69,886.88,True,True,True,True,True,True,False,270870.0,1172.22,-14.27,False,1.22,3.53,1.39,False,1,True,10.23,0.82,False,False,
8043,8043.T,スターゼン,2025-07,CONTINUE,4,63.36,76.14,True,True,12.78,2025-04,1219.0,1176.0,1176.0,-3.53,1106.43,1001.45,978.57,True,True,True,True,True,True,True,395027.0,1356.0,-10.1,False,1.04,4.59,1.06,False,2,True,28.03,10.29,False,False,
4063,4063.T,信越化学工業,2025-07,CONTINUE,2,33.09,45.85,False,True,12.76,2025-06,4772.0,4395.0,4395.0,-7.9,4547.68,4358.61,5003.96,True,True,False,False,True,False,False,5464427.0,6874.0,-30.58,False,1.32,1.98,1.03,False,4,True,-5.4,2.54,True,False,
4251,4251.T,恵和,2025-07,CONTINUE,3,41.12,53.87,False,False,12.76,2025-05,964.0,1250.0,1250.0,29.67,919.0,1020.39,1043.12,True,False,False,False,False,False,False,84683.0,1810.0,-46.74,False,0.72,2.29,0.85,True,4,True,-21.22,-2.33,False,False,
7203,7203.T,トヨタ自動車,2025-07,NEW,1,37.8,50.53,True,True,12.73,2025-07,2696.5,2696.5,2696.5,0.0,2574.28,2610.05,2691.36,True,True,True,False,False,False,True,33307907.0,3220.0,-16.26,False,0.86,2.8,1.28,False,2,True,-3.62,3.31,False,False,
8570,8570.T,イオンフィナンシャルサービス,2025-07,CONTINUE,3,52.5,65.22,True,True,12.72,2025-05,1313.0,1360.0,1360.0,3.58,1241.82,1248.3,1257.38,True,True,True,False,True,True,False,859583.0,1404.5,-6.51,False,1.05,1.47,0.76,True,3,True,2.59,1.04,True,False,
4205,4205.T,日本ゼオン,2025-07,CONTINUE,2,57.5,70.2,True,True,12.7,2025-06,1464.5,1609.0,1609.0,9.87,1438.42,1437.03,1423.49,True,True,True,True,True,False,True,476703.0,1598.0,-8.35,False,0.74,1.32,0.86,True,2,True,2.19,-0.85,False,False,
6507,6507.T,シンフォニアテクノロジー,2025-07,NEW,1,83.69,96.31,False,True,12.63,2025-07,9610.0,9610.0,9610.0,0.0,9309.6,7894.8,6719.75,True,True,True,True,True,True,True,292117.0,10270.0,-6.43,False,0.85,3.41,0.96,True,2,True,86.66,-2.76,False,False,
5461,5461.T,中部鋼鈑,2025-07,NEW,1,37.52,50.13,False,True,12.62,2025-07,2176.0,2176.0,2176.0,0.0,2100.56,2072.6,2204.25,True,True,False,False,True,False,False,35387.0,2691.0,-19.14,False,1.26,2.11,1.14,False,4,True,-7.71,0.01,True,False,
3349,3349.T,コスモス薬品,2025-07,CONTINUE,5,75.48,88.09,True,True,12.61,2025-03,7518.0,9430.0,9430.0,25.43,7242.68,7098.09,7001.71,True,True,True,True,True,True,True,301710.0,8178.0,-8.07,False,0.99,1.86,0.91,True,2,True,12.34,5.27,False,False,
4722,4722.T,フューチャー,2025-07,CONTINUE,3,82.36,94.95,True,True,12.59,2025-05,2153.0,2368.0,2368.0,9.99,1947.4,1839.8,1828.35,True,True,True,True,True,True,True,210523.0,2157.0,-0.19,False,1.29,2.34,1.16,False,2,True,24.59,7.39,True,True,MVP
8163,8163.T,ＳＲＳホールディングス,2025-07,CONTINUE,6,57.21,69.8,True,True,12.59,2025-02,1225.0,1284.0,1284.0,4.82,1213.36,1169.11,1210.39,True,True,True,False,True,True,True,80223.0,1378.0,-11.1,False,1.0,1.68,0.76,True,1,True,4.8,0.69,False,False,
6284,6284.T,日精エー  ･エス  ･ビー機械,2025-07,CONTINUE,3,63.61,76.15,True,True,12.54,2025-05,5790.0,6540.0,6540.0,12.95,5087.0,5004.53,4948.88,True,True,True,True,True,False,False,43603.0,5900.0,-1.86,False,1.02,2.92,0.92,True,1,True,12.57,7.85,False,False,
7239,7239.T,タチエス,2025-07,NEW,1,41.2,53.68,True,True,12.48,2025-07,1792.0,1792.0,1792.0,0.0,1748.48,1683.92,1725.86,True,True,True,False,True,True,False,125743.0,2070.0,-13.43,False,0.95,1.3,1.12,False,3,True,3.27,0.56,False,False,
9031,9031.T,西日本鉄道,2025-07,NEW,1,34.03,46.51,True,True,12.48,2025-07,2148.0,2148.0,2148.0,0.0,2060.58,2111.87,2175.51,True,True,False,False,False,False,False,209220.0,2508.0,-14.35,False,0.82,1.49,1.08,False,4,True,-4.53,1.93,False,False,
6727,6727.T,ワコム,2025-07,NEW,1,45.02,57.44,False,True,12.42,2025-07,657.0,657.0,657.0,0.0,683.28,623.96,651.63,False,True,True,False,True,True,True,550560.0,833.0,-21.13,False,1.85,2.86,1.21,False,3,False,3.41,0.71,False,False,
9143,9143.T,ＳＧホールディングス,2025-07,CONTINUE,10,55.32,67.74,True,True,12.42,2024-10,1530.0,1681.5,1681.5,9.9,1530.48,1530.39,1672.69,False,False,False,False,False,True,False,1275437.0,2207.5,-30.69,False,0.98,1.95,1.04,False,4,False,-10.58,-0.43,False,False,
6590,6590.T,芝浦メカトロニクス,2025-07,CONTINUE,2,61.16,73.52,False,True,12.36,2025-06,2180.0,2158.0,2158.0,-1.01,1766.48,1510.72,1645.93,True,True,True,False,True,True,True,2875450.0,2304.0,-5.38,False,1.23,4.4,1.1,False,1,True,45.25,14.85,False,False,
6369,6369.T,トーヨーカネツ,2025-07,CONTINUE,2,52.93,65.27,True,True,12.34,2025-06,1980.0,2042.5,2042.5,3.16,1940.4,1856.3,1977.76,True,True,True,False,True,True,True,57700.0,2285.0,-13.35,False,0.97,1.31,0.88,True,3,True,0.78,1.19,False,False,
7856,7856.T,萩原工業,2025-07,CONTINUE,2,51.72,64.01,True,True,12.29,2025-06,1524.0,1580.0,1580.0,3.67,1486.92,1478.12,1492.43,True,True,True,False,True,False,False,37230.0,1682.0,-9.39,False,1.02,1.25,0.93,True,3,True,-1.61,-0.32,False,False,
9401,9401.T,ＴＢＳホールディングス,2025-07,CONTINUE,5,71.86,84.15,True,True,12.29,2025-03,4264.0,4990.0,4990.0,17.03,4266.56,4098.87,4006.61,False,True,True,True,True,True,True,298553.0,4900.0,-12.98,False,1.02,2.48,1.05,False,1,True,4.88,0.27,False,False,
8345,8345.T,岩手銀行,2025-07,NEW,1,63.74,75.97,True,True,12.24,2025-07,883.75,883.75,883.75,0.0,816.9,755.25,718.49,True,True,True,True,True,True,True,140440.0,903.75,-2.21,False,1.19,2.59,1.17,False,2,True,30.68,4.37,False,False,
3763,3763.T,プロシップ,2025-07,CONTINUE,7,87.77,100.0,True,False,12.23,2025-01,780.0,1473.0,1473.0,88.85,799.56,771.96,734.02,False,True,True,True,True,True,True,24687.0,838.5,-6.98,False,1.66,1.72,0.95,True,2,True,7.1,0.22,False,False,
6806,6806.T,ヒロセ電機,2025-07,NEW,1,58.72,70.92,True,True,12.21,2025-07,19130.0,19130.0,19130.0,0.0,17620.2,16858.4,17637.8,True,True,True,False,True,True,False,84267.0,20290.0,-5.72,False,1.5,1.88,1.26,False,1,True,8.07,3.46,False,False,
2371,2371.T,カカクコム,2025-07,NEW,1,66.3,78.46,False,True,12.16,2025-07,2590.0,2590.0,2590.0,0.0,2623.52,2568.97,2439.01,False,True,True,True,True,True,True,530450.0,2760.0,-6.16,False,0.83,2.23,0.93,True,1,True,8.87,-4.01,False,False,
6371,6371.T,椿本チエイン,2025-07,NEW,1,55.65,67.8,True,True,12.16,2025-07,2128.0,2128.0,2128.0,0.0,1889.2,1813.13,1857.67,True,True,True,False,True,True,True,260007.0,2200.0,-3.27,False,1.85,2.08,1.44,False,1,True,13.69,6.26,True,True,MVP
1893,1893.T,五洋建設,2025-07,CONTINUE,8,87.87,100.0,True,False,12.13,2024-12,654.5,981.0,981.0,49.89,627.01,627.21,666.14,True,True,False,False,True,False,False,1250723.0,852.9,-23.26,False,0.89,1.51,0.82,True,4,True,-5.95,1.06,False,False,
5357,5357.T,ヨータイ,2025-07,CONTINUE,4,43.0,55.1,False,False,12.11,2025-04,1778.0,1716.0,1716.0,-3.49,1724.96,1700.41,1688.96,True,True,True,True,True,True,False,57857.0,1907.0,-6.76,False,1.7,1.55,0.23,True,3,True,8.54,2.33,False,False,
7744,7744.T,ノーリツ鋼機,2025-07,NEW,1,58.32,70.39,False,True,12.06,2025-07,1592.0,1592.0,1592.0,0.0,1512.04,1488.75,1503.98,True,True,True,False,True,False,True,341390.0,1753.33,-9.2,False,1.65,1.94,1.07,False,2,True,8.36,3.82,True,False,
4911,4911.T,資生堂,2025-07,CONTINUE,2,24.33,36.37,False,False,12.04,2025-06,2573.5,2455.5,2455.5,-4.59,2424.32,2480.47,2780.44,True,True,False,False,True,False,False,2915847.0,5044.0,-48.98,False,0.93,3.15,0.82,True,4,True,-19.45,1.38,False,False,
7012,7012.T,川崎重工業,2025-07,CONTINUE,7,77.87,89.91,False,False,12.04,2025-01,1413.2,2224.0,2224.0,57.37,1390.54,1292.45,1161.08,True,True,True,True,True,True,True,59484733.0,1487.0,-4.96,False,0.91,3.91,1.02,False,2,True,49.56,0.27,False,False,
8387,8387.T,四国銀行,2025-07,NEW,1,53.93,65.93,True,True,12.0,2025-07,1256.0,1256.0,1256.0,0.0,1180.24,1147.83,1126.67,True,True,True,True,True,True,True,95137.0,1265.0,-0.71,False,1.06,1.97,1.09,False,2,True,12.2,2.02,False,False,
6101,6101.T,ツガミ,2025-07,CONTINUE,6,72.79,84.73,True,True,11.95,2025-02,1764.0,2087.0,2087.0,18.31,1649.72,1504.55,1480.7,True,True,True,True,True,True,True,283893.0,1815.0,-2.81,False,1.55,2.63,0.83,True,1,True,29.75,4.16,False,False,
3093,3093.T,トレジャー・ファクトリー,2025-07,CONTINUE,5,52.32,64.25,False,True,11.93,2025-03,1865.0,1743.0,1743.0,-6.54,1711.84,1571.03,1635.73,True,True,True,False,True,True,True,189417.0,2169.0,-14.02,False,0.9,3.12,0.92,True,1,True,22.35,4.68,False,False,
9301,9301.T,三菱倉庫,2025-07,NEW,1,67.29,79.19,True,True,11.9,2025-07,1290.5,1290.5,1290.5,0.0,1200.98,1120.89,1081.72,True,True,True,True,True,True,True,1004607.0,1279.0,0.9,True,1.02,1.7,1.21,False,2,True,25.09,4.11,True,True,BOTH
8919,8919.T,カチタス,2025-07,CONTINUE,2,79.19,91.07,True,True,11.88,2025-06,2501.0,2547.0,2547.0,1.84,2353.52,2151.13,2097.33,True,True,True,True,True,True,True,284740.0,2528.0,-1.07,False,0.91,2.12,0.86,True,2,True,29.98,4.09,False,False,
9069,9069.T,センコーグループホールディングス,2025-07,NEW,1,88.22,100.0,True,True,11.78,2025-07,2036.0,2036.0,2036.0,0.0,2021.6,1838.67,1607.46,True,True,True,True,True,True,True,560237.0,2110.0,-3.51,False,1.15,1.88,0.89,True,2,True,42.01,-4.69,False,False,
7476,7476.T,アズワン,2025-07,NEW,1,47.69,59.47,True,True,11.77,2025-07,2390.5,2390.5,2390.5,0.0,2407.98,2349.56,2512.07,False,True,False,False,True,True,False,192503.0,3247.0,-26.38,False,0.85,1.95,1.05,False,4,False,-7.47,-1.3,False,False,
6535,6535.T,アイモバイル,2025-07,CONTINUE,5,67.56,79.32,False,False,11.76,2025-03,533.0,618.0,618.0,15.95,507.84,502.61,496.94,True,True,True,True,True,False,True,237973.0,575.0,-7.3,False,0.61,3.0,0.96,True,2,True,9.21,3.79,False,False,
9831,9831.T,ヤマダホールディングス,2025-07,NEW,1,55.59,67.31,True,True,11.72,2025-07,461.5,461.5,461.5,0.0,457.24,446.3,444.53,True,True,True,True,True,True,True,2441683.0,480.0,-3.85,False,0.88,0.96,1.0,True,1,True,1.92,-2.17,False,False,
6619,6619.T,ダブル・スコープ,2025-07,CONTINUE,4,25.41,37.11,True,False,11.71,2025-04,248.0,240.0,240.0,-3.23,226.64,247.75,327.82,True,True,False,False,False,False,False,1626217.0,603.0,-58.87,False,0.67,5.01,0.7,True,4,True,-29.48,5.15,False,False,
9075,9075.T,福山通運,2025-07,NEW,1,45.87,57.58,True,True,11.7,2025-07,3595.0,3595.0,3595.0,0.0,3461.8,3426.73,3586.38,True,True,True,False,True,False,False,74287.0,4120.0,-12.74,False,1.0,1.33,1.09,False,3,True,-3.67,0.35,True,False,
7965,7965.T,象印マホービン,2025-07,NEW,1,59.18,70.86,True,True,11.68,2025-07,1816.0,1816.0,1816.0,0.0,1756.0,1485.79,1556.91,True,True,True,False,True,True,True,524343.0,1944.0,-6.58,False,0.5,2.71,0.82,True,1,True,21.74,-0.35,False,False,
2384,2384.T,ＳＢＳホールディングス,2025-07,CONTINUE,5,66.62,78.23,True,False,11.61,2025-03,2830.0,3220.0,3220.0,13.78,2870.52,2576.37,2574.91,False,True,True,True,True,True,True,120250.0,2993.0,-5.45,False,0.79,2.54,0.88,True,1,True,14.96,0.36,False,False,
2002,2002.T,日清製粉グループ本社,2025-07,CONTINUE,5,49.4,60.98,True,True,11.58,2025-03,1730.5,1753.0,1753.0,1.3,1730.92,1762.61,1805.1,False,False,False,False,True,False,False,969860.0,2272.0,-23.83,False,1.39,1.2,1.09,False,4,True,-8.36,0.39,False,False,
9147,9147.T,NIPPON EXPRESSホールディングス,2025-07,CONTINUE,7,71.2,82.77,True,True,11.57,2025-01,2519.0,3316.0,3316.0,31.64,2447.08,2490.36,2492.42,True,True,True,False,False,False,False,1047573.0,2983.33,-15.56,False,0.69,1.29,0.91,True,3,True,-2.95,1.49,False,False,
4369,4369.T,トリケミカル研究所,2025-07,CONTINUE,4,38.5,50.0,True,False,11.5,2025-04,2542.0,3455.0,3455.0,35.92,2434.44,3032.21,3185.84,True,False,False,False,False,False,False,556803.0,4660.0,-45.45,False,0.71,5.16,0.6,True,4,True,-28.57,2.84,False,False,
4574,4574.T,大幸薬品,2025-07,CONTINUE,2,37.5,49.0,False,True,11.5,2025-06,309.0,282.0,282.0,-8.74,273.92,272.35,320.56,True,True,False,False,True,False,False,1139880.0,495.0,-37.58,False,0.76,9.13,1.73,False,4,False,-6.81,10.84,False,False,
2884,2884.T,ヨシムラ・フード・ホールディングス,2025-07,CONTINUE,2,26.72,38.21,False,False,11.49,2025-06,1094.0,860.0,860.0,-21.39,1006.52,963.39,1192.57,True,True,False,False,True,True,False,203547.0,1914.0,-42.84,False,1.01,3.12,1.13,False,4,True,-14.4,0.04,True,False,
4812,4812.T,電通総研,2025-07,CONTINUE,6,71.59,83.02,True,True,11.42,2025-02,1976.67,2210.0,2210.0,11.8,2025.6,1915.2,1846.47,False,True,True,True,True,True,True,465490.0,2273.33,-13.05,False,0.87,3.44,0.93,True,2,False,9.3,-2.02,False,False,
9716,9716.T,乃村工藝社,2025-07,NEW,1,59.65,71.05,True,True,11.41,2025-07,922.0,922.0,922.0,0.0,902.8,880.79,860.73,True,True,True,True,True,True,True,461443.0,997.0,-7.52,False,0.7,2.15,0.72,True,2,False,8.2,0.61,False,False,
3626,3626.T,ＴＩＳ,2025-07,CONTINUE,4,83.15,94.52,True,False,11.37,2025-04,4131.0,4836.0,4836.0,17.07,4054.64,3904.0,3696.7,True,True,True,True,False,True,True,666583.0,4335.0,-4.71,False,0.85,2.41,0.73,True,2,False,22.25,3.01,False,False,
6498,6498.T,キッツ,2025-07,CONTINUE,7,62.76,74.11,True,True,11.36,2025-01,1175.0,1272.0,1272.0,8.26,1134.16,1105.05,1118.67,True,True,True,False,True,True,False,249507.0,1398.0,-15.95,False,0.8,1.47,0.86,True,3,True,3.82,2.63,False,False,
1861,1861.T,熊谷組,2025-07,CONTINUE,8,75.71,87.03,True,True,11.31,2024-12,995.0,1130.0,1130.0,13.57,971.65,915.52,928.86,True,True,True,False,True,True,True,650573.0,1091.25,-8.82,False,0.75,1.66,0.64,True,3,True,7.26,-1.95,False,False,
5351,5351.T,品川リフラ,2025-07,NEW,1,34.05,45.26,False,True,11.21,2025-07,1726.0,1726.0,1726.0,0.0,1668.16,1642.48,1685.96,True,True,True,False,True,False,False,63740.0,1892.0,-8.77,False,0.91,1.24,0.95,True,3,True,0.36,0.98,False,False,
8125,8125.T,ワキタ,2025-07,NEW,1,55.62,66.82,False,True,11.2,2025-07,1759.0,1759.0,1759.0,0.0,1718.56,1726.45,1692.23,True,True,True,False,True,False,True,76127.0,1849.0,-4.87,False,1.0,1.1,1.03,False,2,True,1.71,0.39,False,False,
9064,9064.T,ヤマトホールディングス,2025-07,CONTINUE,10,68.42,79.6,True,True,11.18,2024-10,1620.5,2195.0,2195.0,35.45,1631.24,1669.37,1933.5,False,False,False,False,False,False,False,1229970.0,2761.5,-41.32,False,1.05,1.6,1.06,False,4,False,-22.19,-0.26,False,False,
6464,6464.T,ツバキ・ナカシマ,2025-07,CONTINUE,3,6.97,18.12,True,True,11.15,2025-05,380.0,351.0,351.0,-7.63,390.2,413.15,527.72,False,False,False,False,True,False,False,177720.0,844.0,-54.98,False,0.77,2.27,0.79,True,4,False,-32.12,0.12,False,False,
8725,8725.T,ＭＳ＆ＡＤ  ｲﾝｼｭｱﾗﾝｽｸﾞﾙｰﾌﾟﾎｰﾙﾃﾞｨﾝｸﾞｽ,2025-07,NEW,1,48.94,60.07,False,True,11.13,2025-07,3244.0,3244.0,3244.0,0.0,3152.44,3215.23,3285.68,True,True,False,False,False,False,False,3695620.0,3759.0,-13.7,False,0.84,1.68,1.17,False,4,True,-3.71,-1.25,False,False,
9735,9735.T,セコム,2025-07,CONTINUE,2,62.95,74.06,True,True,11.12,2025-06,5183.0,5416.0,5416.0,4.5,5320.72,5261.92,5276.9,False,False,False,False,False,True,True,1046163.0,5615.0,-7.69,False,1.0,1.4,1.11,False,4,False,0.43,-1.41,False,False,
7242,7242.T,カヤバ,2025-07,NEW,1,65.71,76.8,True,True,11.1,2025-07,3265.0,3265.0,3265.0,0.0,3122.96,3017.73,2840.49,True,True,True,True,True,True,True,118413.0,3275.0,-0.31,False,1.04,1.59,0.96,True,2,True,19.76,2.36,False,False,
6417,6417.T,ＳＡＮＫＹＯ,2025-07,CONTINUE,5,88.92,100.0,True,False,11.08,2025-03,2173.5,2821.0,2821.0,29.79,2206.32,2141.67,2009.69,False,True,True,True,True,True,True,845430.0,2380.0,-8.68,False,1.02,2.49,0.96,True,2,True,13.19,-0.09,False,False,
7818,7818.T,トランザクション,2025-07,CONTINUE,4,65.04,76.13,True,True,11.08,2025-04,1278.5,1316.0,1316.0,2.93,1222.9,1100.61,1070.86,True,True,True,True,True,True,True,164207.0,1370.0,-6.68,False,1.35,3.91,0.83,True,2,True,35.62,10.21,False,False,
1802,1802.T,大林組,2025-07,NEW,1,67.84,78.9,False,True,11.06,2025-07,2228.5,2228.5,2228.5,0.0,2177.8,2176.33,2074.97,True,True,True,True,False,True,True,2010650.0,2340.0,-4.76,False,1.25,1.83,1.15,False,2,False,8.07,-2.25,False,False,
9672,9672.T,東京都競馬,2025-07,CONTINUE,2,71.2,82.26,True,True,11.05,2025-06,4775.0,5220.0,5220.0,9.32,4529.8,4374.13,4349.73,True,True,True,True,True,True,True,72817.0,4880.0,-2.15,False,2.09,1.62,1.15,False,2,True,10.54,1.97,False,False,
8362,8362.T,福井銀行,2025-07,NEW,1,45.33,56.37,True,True,11.04,2025-07,1905.0,1905.0,1905.0,0.0,1816.88,1759.0,1807.01,True,True,True,False,True,True,False,32577.0,2238.0,-14.88,False,1.22,2.01,1.15,False,1,True,3.04,0.13,True,False,
9504,9504.T,中国電力,2025-07,NEW,1,32.62,43.59,True,True,10.97,2025-07,821.4,821.4,821.4,0.0,762.07,746.11,854.23,True,True,False,False,True,False,False,2644757.0,1114.5,-26.3,False,1.0,2.13,1.14,False,4,True,-6.53,4.43,False,False,
8698,8698.T,マネックスグループ,2025-07,NEW,1,50.84,61.78,True,True,10.94,2025-07,797.0,797.0,797.0,0.0,756.52,719.53,796.89,True,True,True,False,True,True,True,2597113.0,1221.0,-34.73,False,0.99,2.7,1.07,False,1,True,9.29,1.02,True,True,MVP
7740,7740.T,タムロン,2025-07,NEW,1,38.05,48.9,False,True,10.85,2025-07,915.0,915.0,915.0,0.0,886.59,847.45,955.63,True,True,False,False,True,True,False,631283.0,1220.0,-25.0,False,0.86,1.75,1.07,False,4,True,-3.46,1.04,False,False,
7383,7383.T,ネットプロテクションズホールディングス,2025-07,NEW,1,86.31,97.08,True,True,10.77,2025-07,750.0,750.0,750.0,0.0,678.92,552.68,485.67,True,True,True,True,True,True,True,1418893.0,773.0,-2.98,False,1.06,3.6,0.96,True,2,True,104.6,4.5,False,False,
6779,6779.T,日本電波工業,2025-07,NEW,1,39.85,50.61,True,True,10.76,2025-07,845.0,845.0,845.0,0.0,773.28,741.27,841.47,True,True,True,False,True,False,False,148480.0,1528.0,-44.7,False,1.19,3.2,1.09,False,3,True,-9.74,3.46,False,False,
7011,7011.T,三菱重工業,2025-07,NEW,1,89.27,100.0,True,True,10.73,2025-07,3630.0,3630.0,3630.0,0.0,3435.28,3183.73,2622.7,True,True,True,True,False,True,True,34725640.0,3720.0,-2.42,False,0.78,3.04,1.07,False,2,True,55.44,-0.93,False,False,
4005,4005.T,住友化学,2025-07,CONTINUE,2,60.98,71.63,True,True,10.66,2025-06,348.5,379.7,379.7,8.95,341.53,342.06,360.69,True,True,False,False,False,False,False,7392770.0,458.3,-23.96,False,0.93,1.96,1.0,False,4,False,-2.26,1.04,False,False,
2001,2001.T,ニップン,2025-07,CONTINUE,4,46.85,57.39,True,True,10.55,2025-04,2250.0,2179.0,2179.0,-3.16,2218.96,2177.44,2200.12,True,True,True,False,True,True,False,237477.0,2452.0,-8.24,False,1.11,1.5,0.84,True,3,True,0.36,1.76,False,False,
9412,9412.T,スカパーＪＳＡＴ,2025-07,CONTINUE,7,82.52,93.03,True,False,10.51,2025-01,936.0,1437.0,1437.0,53.53,901.72,881.49,882.2,True,True,True,False,True,True,False,420880.0,1107.0,-15.45,False,0.87,2.05,0.88,True,3,True,10.23,2.84,False,False,
4078,4078.T,堺化学工業,2025-07,NEW,1,52.46,62.96,False,True,10.5,2025-07,2869.0,2869.0,2869.0,0.0,2731.6,2612.67,2625.49,True,True,True,False,True,True,True,71273.0,2893.0,-0.83,False,1.15,1.47,1.06,False,1,True,10.23,2.03,False,False,
4044,4044.T,セントラル硝子,2025-07,NEW,1,40.24,50.71,False,True,10.47,2025-07,3270.0,3270.0,3270.0,0.0,3055.16,2956.76,3170.78,True,True,True,False,True,False,False,80317.0,3920.0,-16.58,False,1.43,1.38,1.17,False,3,True,-0.4,2.42,True,False,
2269,2269.T,明治ホールディングス,2025-07,CONTINUE,4,38.54,48.98,False,False,10.45,2025-04,3514.0,3062.0,3062.0,-12.86,3404.36,3214.18,3382.81,True,True,True,False,True,True,False,1502013.0,3837.0,-8.42,False,0.8,1.96,0.73,True,3,True,5.09,2.44,False,False,
2471,2471.T,エスプール,2025-07,CONTINUE,3,48.8,59.18,False,False,10.39,2025-05,356.0,322.0,322.0,-9.55,316.76,305.93,318.1,True,True,True,False,True,True,False,355477.0,382.0,-6.81,False,1.54,3.05,1.21,False,1,True,12.05,6.17,False,False,
2325,2325.T,ＮＪＳ,2025-07,CONTINUE,4,70.97,81.33,False,False,10.36,2025-04,4125.0,5780.0,5780.0,40.12,4027.6,4052.33,3859.93,True,True,True,False,False,True,True,32843.0,4815.0,-14.33,False,0.74,3.17,0.63,True,2,True,17.43,1.52,True,False,
5032,5032.T,ＡＮＹＣＯＬＯＲ,2025-07,CONTINUE,8,73.65,83.97,False,False,10.32,2024-12,2816.0,4765.0,4765.0,69.21,2496.68,2359.24,2413.76,True,True,True,False,True,True,False,1576523.0,3850.0,-26.86,False,0.67,4.72,0.95,True,3,True,3.98,9.69,False,False,
2871,2871.T,ニチレイ,2025-07,NEW,1,51.75,62.06,True,True,10.31,2025-07,1827.5,1827.5,1827.5,0.0,1824.82,1869.21,1929.54,True,False,False,False,False,True,False,938243.0,2277.0,-19.74,False,0.8,1.42,1.02,False,4,False,-7.51,-1.05,False,False,
9505,9505.T,北陸電力,2025-07,NEW,1,28.45,38.62,False,True,10.17,2025-07,783.0,783.0,783.0,0.0,738.68,724.25,815.89,True,True,False,False,True,False,False,1196030.0,1118.0,-29.96,False,1.16,2.17,1.07,False,4,True,-5.03,3.65,True,False,
2593,2593.T,伊藤園,2025-07,CONTINUE,2,37.74,47.87,True,True,10.13,2025-06,3266.0,3282.0,3282.0,0.49,3255.84,3235.44,3306.49,True,True,False,False,True,True,False,312153.0,3720.0,-12.2,False,0.7,1.41,0.71,True,4,False,-2.99,-1.64,False,False,
8227,8227.T,しまむら,2025-07,CONTINUE,10,88.79,98.86,True,True,10.07,2024-10,7885.0,10990.0,10990.0,39.38,8147.84,7702.07,7798.88,False,True,True,False,True,True,True,297960.0,9235.0,-14.62,False,0.71,1.89,0.98,True,3,False,4.94,-3.52,False,False,
4324,4324.T,電通グループ,2025-07,NEW,1,33.69,43.74,False,True,10.05,2025-07,2988.5,2988.5,2988.5,0.0,3012.0,3043.65,3511.99,False,False,False,False,False,False,False,1504937.0,4910.0,-39.13,False,0.97,2.33,0.91,True,4,False,-15.78,0.16,False,False,
8935,8935.T,ＦＪネクストホールディングス,2025-07,CONTINUE,5,48.74,58.71,True,True,9.97,2025-03,1197.0,1219.0,1219.0,1.84,1214.44,1185.43,1200.42,False,True,False,False,True,True,False,61947.0,1425.0,-16.0,False,1.99,2.15,1.09,False,4,True,-2.94,-1.75,False,False,
6844,6844.T,新電元工業,2025-07,CONTINUE,7,41.73,51.68,True,True,9.95,2025-01,2430.0,2609.0,2609.0,7.37,2445.12,2417.33,2633.55,False,True,False,False,True,True,False,31767.0,3195.0,-23.94,False,0.62,1.75,0.88,True,4,True,-9.31,0.71,False,False,
4527,4527.T,ロート製薬,2025-07,NEW,1,40.32,50.25,True,True,9.93,2025-07,2174.0,2174.0,2174.0,0.0,2075.64,2146.21,2509.2,True,True,False,False,True,False,False,889783.0,3688.0,-41.05,False,1.04,1.6,1.12,False,4,True,-21.88,0.86,True,False,
6266,6266.T,タツモ,2025-07,CONTINUE,3,37.05,46.95,True,False,9.9,2025-05,1917.0,2256.0,2256.0,17.68,1824.0,1928.93,2471.09,True,False,False,False,True,False,False,162263.0,3900.0,-50.85,False,1.19,4.16,0.98,True,4,True,-30.62,0.7,True,False,
3099,3099.T,三越伊勢丹ホールディングス,2025-07,NEW,1,33.51,43.38,False,True,9.87,2025-07,2155.5,2155.5,2155.5,0.0,2169.22,2097.1,2239.38,False,True,False,False,False,True,False,2270580.0,3329.0,-35.25,False,0.69,2.69,1.12,False,4,True,-3.85,0.4,False,False,
9902,9902.T,日伝,2025-07,NEW,1,38.52,48.33,False,True,9.81,2025-07,2856.0,2856.0,2856.0,0.0,2766.24,2770.75,2921.46,True,True,False,False,True,False,False,32910.0,3695.0,-22.71,False,0.55,1.71,1.02,False,4,True,-7.48,0.82,False,False,
1780,1780.T,ヤマウラ,2025-07,CONTINUE,7,51.49,61.21,True,True,9.73,2025-01,1249.0,1335.0,1335.0,6.89,1220.08,1194.6,1241.04,True,True,True,False,True,True,False,26403.0,1718.0,-27.3,False,1.2,1.23,1.07,False,3,True,-5.17,0.92,False,False,
3853,3853.T,アステリア,2025-07,CONTINUE,7,62.47,72.2,True,True,9.73,2025-01,595.0,658.0,658.0,10.59,570.56,526.24,543.33,True,True,True,False,True,True,False,150183.0,729.0,-18.38,False,0.51,2.59,0.77,True,3,True,8.11,4.61,False,False,
1911,1911.T,住友林業,2025-07,NEW,1,43.95,53.64,False,True,9.69,2025-07,1542.5,1542.5,1542.5,0.0,1480.28,1431.89,1631.58,True,True,False,False,True,True,False,4720933.0,2431.0,-36.55,False,0.62,2.56,1.06,False,4,True,-8.36,1.3,False,False,
6200,6200.T,インソース,2025-07,NEW,1,48.15,57.81,False,True,9.65,2025-07,923.0,923.0,923.0,0.0,962.28,956.35,982.0,False,False,False,False,False,True,False,394153.0,1212.0,-23.84,False,1.48,2.41,1.02,False,4,False,-2.51,-5.91,False,False,
2154,2154.T,オープンアップグループ,2025-07,NEW,1,42.0,51.64,True,True,9.64,2025-07,1854.0,1854.0,1854.0,0.0,1715.68,1754.24,1815.35,True,True,True,False,False,False,False,217367.0,2223.0,-16.6,False,2.01,1.66,1.3,False,3,True,-3.34,0.96,True,False,
2168,2168.T,パソナグループ,2025-07,CONTINUE,5,45.91,55.53,False,False,9.62,2025-03,2149.0,2073.0,2073.0,-3.54,2129.92,2044.95,2101.3,True,True,True,False,True,True,False,157170.0,2920.0,-26.4,False,0.86,3.2,1.07,False,1,True,-2.2,1.36,False,False,
1951,1951.T,エクシオグループ,2025-07,CONTINUE,3,72.0,81.6,True,True,9.59,2025-05,1840.5,1992.0,1992.0,8.23,1768.82,1728.34,1661.91,True,True,True,True,True,True,True,658863.0,1961.0,-6.14,False,0.99,1.67,0.68,True,2,True,10.08,1.86,False,False,
2733,2733.T,あらた,2025-07,NEW,1,50.43,60.0,True,True,9.57,2025-07,3230.0,3230.0,3230.0,0.0,3104.76,3085.87,3152.34,True,True,True,False,True,False,False,51437.0,3715.0,-13.06,False,0.72,1.38,1.08,False,3,True,-1.76,1.13,False,False,
4709,4709.T,ＩＤホールディングス,2025-07,CONTINUE,10,90.47,100.0,True,True,9.53,2024-10,740.0,1272.5,1272.5,71.96,710.6,688.78,737.67,True,True,True,False,True,False,False,34473.0,897.0,-17.5,False,1.31,2.29,1.2,False,3,True,-0.6,-0.1,False,False,
5411,5411.T,ＪＦＥホールディングス,2025-07,CONTINUE,6,23.91,33.38,True,False,9.47,2025-02,1873.0,1749.5,1749.5,-6.59,1789.36,1754.47,1967.18,True,True,False,False,True,False,False,4009143.0,2646.5,-29.23,False,1.33,1.97,0.94,True,4,True,-5.32,3.7,False,False,
3863,3863.T,日本製紙,2025-07,CONTINUE,10,61.48,70.92,True,False,9.44,2024-10,893.0,1116.0,1116.0,24.97,937.48,927.56,1047.68,False,False,False,False,True,False,False,787047.0,1430.0,-37.55,False,0.92,1.5,0.84,True,4,False,-19.21,-2.18,False,False,
6501,6501.T,日立製作所,2025-07,NEW,1,71.49,80.93,True,True,9.44,2025-07,4697.0,4697.0,4697.0,0.0,4272.6,3969.28,3896.31,True,True,True,True,True,True,True,11303950.0,4690.0,0.15,True,0.94,2.47,1.16,False,1,True,27.58,2.36,False,True,BREAKOUT
9629,9629.T,ピー  ･シー  ･エー,2025-07,NEW,1,46.12,55.56,True,True,9.44,2025-07,1870.0,1870.0,1870.0,0.0,1807.2,1802.12,1919.38,True,True,False,False,True,True,False,27613.0,2332.0,-19.81,False,1.58,1.67,1.28,False,4,False,-5.68,0.56,False,False,
1332,1332.T,ニッスイ,2025-07,CONTINUE,2,50.57,59.97,True,True,9.4,2025-06,875.7,885.3,885.3,1.1,851.12,862.51,884.66,True,True,False,False,True,False,False,1085887.0,980.6,-10.7,False,0.94,1.64,1.36,False,4,True,-2.23,1.29,False,False,
8473,8473.T,ＳＢＩホールディングス,2025-07,NEW,1,67.12,76.43,True,True,9.31,2025-07,2831.0,2831.0,2831.0,0.0,2712.84,2271.25,2075.65,True,True,True,True,True,True,True,7000687.0,3051.5,-7.23,False,1.25,3.56,1.11,False,2,True,50.09,3.62,True,True,MVP
7915,7915.T,ＮＩＳＳＨＡ,2025-07,NEW,1,30.62,39.88,False,True,9.26,2025-07,1346.0,1346.0,1346.0,0.0,1325.52,1276.17,1478.33,True,True,False,False,True,False,False,163970.0,2185.0,-38.4,False,1.28,2.4,1.09,False,4,True,-11.28,0.75,True,False,
9603,9603.T,エイチ・アイ・エス,2025-07,NEW,1,42.71,51.93,True,True,9.22,2025-07,1432.0,1432.0,1432.0,0.0,1369.96,1512.77,1551.82,True,False,False,False,False,False,False,606330.0,1930.0,-25.8,False,1.1,1.81,1.08,False,4,True,-11.1,1.68,False,False,
7128,7128.T,ユニソルホールディングス,2025-07,NEW,1,57.36,66.56,True,True,9.19,2025-07,2383.0,2383.0,2383.0,0.0,2324.56,2278.01,2294.59,True,True,True,False,True,False,True,40287.0,2594.0,-8.13,False,1.4,1.71,1.07,False,2,True,4.36,1.1,False,False,
1942,1942.T,関電工,2025-07,CONTINUE,9,90.95,100.0,True,False,9.05,2024-11,2204.0,3596.0,3596.0,63.16,2202.68,2156.8,1899.12,True,True,True,True,True,True,True,653317.0,2349.0,-6.17,False,0.56,3.02,0.91,True,2,True,27.66,-3.18,False,False,
8070,8070.T,東京産業,2025-07,NEW,1,72.16,81.21,True,True,9.05,2025-07,813.0,813.0,813.0,0.0,784.52,747.27,726.65,True,True,True,True,True,True,True,58093.0,827.0,-1.69,False,0.92,1.83,1.18,False,2,True,13.86,1.02,False,False,
5991,5991.T,日本発条,2025-07,NEW,1,48.97,57.98,False,True,9.01,2025-07,1714.0,1714.0,1714.0,0.0,1640.0,1595.39,1728.77,True,True,False,False,True,True,False,608953.0,2094.0,-18.15,False,1.22,1.55,1.17,False,4,True,-0.58,0.61,False,False,
7730,7730.T,マニー,2025-07,NEW,1,30.69,39.69,True,True,9.0,2025-07,1276.5,1276.5,1276.5,0.0,1237.68,1197.79,1435.93,True,True,False,False,True,False,False,431323.0,2161.0,-40.93,False,0.72,2.13,0.94,True,4,True,-11.63,3.15,False,False,
8368,8368.T,百五銀行,2025-07,NEW,1,54.95,63.89,True,True,8.94,2025-07,752.0,752.0,752.0,0.0,730.84,699.51,664.57,True,True,True,True,True,True,True,637120.0,791.0,-4.93,False,1.32,2.74,1.15,False,2,True,16.48,1.48,False,False,
7453,7453.T,良品計画,2025-07,CONTINUE,7,91.07,100.0,True,True,8.93,2025-01,2061.0,3585.0,3585.0,73.94,1858.64,1586.93,1410.87,True,True,True,True,True,True,True,4468020.0,2057.0,0.19,True,0.98,2.45,0.9,True,2,True,66.74,11.97,False,True,BREAKOUT
3561,3561.T,力の源ホールディングス,2025-07,CONTINUE,7,52.14,61.02,True,False,8.88,2025-01,1194.0,1442.0,1442.0,20.77,1015.32,1047.28,1262.28,True,True,False,False,True,False,False,372173.0,1769.0,-32.5,False,0.99,3.63,1.49,False,4,True,-9.23,11.09,False,False,
2117,2117.T,ウェルネオシュガー,2025-07,NEW,1,47.81,56.67,False,True,8.85,2025-07,2307.0,2307.0,2307.0,0.0,2268.8,2288.87,2262.45,True,True,True,False,True,False,True,30340.0,2438.0,-5.37,False,1.04,0.79,1.06,False,2,True,0.48,0.12,False,False,
9531,9531.T,東京瓦斯,2025-07,CONTINUE,3,75.32,84.16,True,False,8.85,2025-05,4845.0,5049.0,5049.0,4.21,4735.36,4703.81,4157.19,True,True,True,True,True,True,True,1512197.0,5145.0,-5.83,False,1.23,2.15,0.92,True,2,False,18.48,-3.19,False,False,
5195,5195.T,バンドー化学,2025-07,NEW,1,49.15,57.99,True,True,8.84,2025-07,1802.0,1802.0,1802.0,0.0,1728.44,1625.85,1718.43,True,True,True,False,True,True,False,44493.0,2037.0,-11.54,False,0.8,1.51,1.06,False,1,True,6.08,1.71,False,False,
7860,7860.T,エイベックス,2025-07,NEW,1,54.44,63.2,True,True,8.76,2025-07,1277.0,1277.0,1277.0,0.0,1252.12,1261.92,1360.95,True,True,False,False,False,False,False,122967.0,1564.0,-18.35,False,0.59,1.25,0.97,True,4,True,-9.57,-0.56,False,False,
7419,7419.T,ノジマ,2025-07,CONTINUE,10,91.25,100.0,True,False,8.75,2024-10,716.67,1155.0,1155.0,61.16,676.12,602.39,584.16,True,True,True,True,True,True,True,899250.0,699.67,2.43,True,1.15,2.2,1.03,False,2,True,31.99,-1.71,False,True,BREAKOUT
1801,1801.T,大成建設,2025-07,CONTINUE,3,85.61,94.35,True,True,8.74,2025-05,8053.0,9066.0,9066.0,12.58,7798.56,7078.79,6676.06,True,True,True,True,True,True,True,951813.0,8163.0,-1.35,False,0.9,2.67,0.77,True,2,True,24.55,-0.81,False,False,
3407,3407.T,旭化成,2025-07,NEW,1,53.41,62.14,True,True,8.74,2025-07,1055.5,1055.5,1055.5,0.0,1026.12,997.78,1035.37,True,True,True,False,True,False,False,4212427.0,1157.0,-8.77,False,1.04,1.71,1.16,False,3,True,2.79,0.89,True,False,
4109,4109.T,ステラケミファ,2025-07,NEW,1,49.77,58.5,False,True,8.73,2025-07,4305.0,4305.0,4305.0,0.0,4044.2,3817.13,4043.78,True,True,True,False,True,True,False,24120.0,4660.0,-7.62,False,0.9,1.4,1.02,False,1,True,4.88,0.9,False,False,
3769,3769.T,ＧＭＯペイメントゲートウェイ,2025-07,CONTINUE,4,59.43,68.13,False,False,8.7,2025-04,8950.0,8522.0,8522.0,-4.78,8351.76,8051.97,8386.52,True,True,True,False,True,True,True,326543.0,9678.0,-7.52,False,1.26,3.62,0.85,True,1,True,7.59,6.05,False,False,
7962,7962.T,キングジム,2025-07,NEW,1,38.62,47.3,True,True,8.68,2025-07,842.0,842.0,842.0,0.0,833.08,854.45,854.24,True,False,False,False,False,False,False,53947.0,891.0,-5.5,False,0.57,0.8,0.96,True,4,False,-2.82,0.08,False,False,
7236,7236.T,ティラド,2025-07,CONTINUE,6,70.51,79.19,True,True,8.67,2025-02,371.5,493.5,493.5,32.84,359.8,355.13,355.64,True,True,True,False,True,True,False,101600.0,410.5,-9.5,False,0.93,2.24,1.1,False,3,True,3.66,-0.19,False,False,
3196,3196.T,ホットランドホールディングス,2025-07,CONTINUE,2,26.01,34.64,False,False,8.63,2025-06,2053.0,1995.0,1995.0,-2.83,2123.32,2149.84,2172.41,False,False,False,False,False,True,False,62773.0,2648.0,-22.47,False,3.09,0.81,1.08,False,4,False,-11.82,-2.5,False,False,
3663,3663.T,セルシス,2025-07,NEW,1,82.1,90.69,True,True,8.59,2025-07,1667.0,1667.0,1667.0,0.0,1580.88,1477.72,1361.17,True,True,True,True,True,True,True,256480.0,1688.0,-1.24,False,1.61,3.17,0.93,True,2,True,41.39,0.3,False,False,
4323,4323.T,日本システム技術,2025-07,CONTINUE,2,57.59,66.15,False,False,8.56,2025-06,1934.0,1876.0,1876.0,-3.0,1944.08,1870.13,1888.79,False,True,True,False,True,True,True,28653.0,2295.0,-15.73,False,0.86,2.54,0.96,True,2,True,5.78,-0.63,False,False,
3864,3864.T,三菱製紙,2025-07,CONTINUE,7,46.06,54.58,False,False,8.52,2025-01,608.0,674.0,674.0,10.86,579.0,515.87,600.54,True,True,True,False,True,True,False,750183.0,864.0,-29.63,False,0.76,3.43,1.04,False,3,True,9.43,6.48,False,False,
6269,6269.T,三井海洋開発,2025-07,CONTINUE,5,91.5,100.0,True,False,8.5,2025-03,4120.0,6450.0,6450.0,56.55,4161.2,3639.13,3247.75,False,True,True,True,True,True,True,601113.0,4640.0,-11.21,False,0.67,3.34,0.88,True,2,True,35.69,0.86,False,False,
9682,9682.T,ＤＴＳ,2025-07,CONTINUE,3,68.08,76.55,True,False,8.47,2025-05,1238.75,1255.0,1255.0,1.31,1146.5,1066.93,1035.65,True,True,True,True,True,True,True,579973.0,1243.75,-0.4,False,0.91,1.59,0.65,True,2,True,21.96,4.59,False,False,
6237,6237.T,イワキ,2025-07,CONTINUE,3,51.94,60.37,True,True,8.42,2025-05,2566.0,2648.0,2648.0,3.2,2459.44,2320.25,2554.22,True,True,True,False,True,True,False,25320.0,3345.0,-23.29,False,0.84,3.85,0.94,True,3,True,0.66,2.7,False,False,
9699,9699.T,ニシオホールディングス,2025-07,NEW,1,54.83,63.25,True,True,8.41,2025-07,4240.0,4240.0,4240.0,0.0,4081.8,3985.47,4017.78,True,True,True,False,True,True,True,34597.0,4780.0,-11.3,False,0.85,1.56,1.05,False,1,True,4.92,1.81,False,False,
3415,3415.T,ＴＯＫＹＯＢＡＳＥ,2025-07,CONTINUE,2,70.02,78.4,True,True,8.38,2025-06,421.0,487.0,487.0,15.68,390.04,312.24,298.56,True,True,True,True,True,True,True,937507.0,444.0,-5.18,False,0.67,3.87,0.97,True,2,True,48.79,8.17,False,False,
4061,4061.T,デンカ,2025-07,NEW,1,46.14,54.51,True,True,8.37,2025-07,2130.5,2130.5,2130.5,0.0,2054.32,1991.18,2080.55,True,True,True,False,True,False,False,450400.0,2322.0,-8.25,False,0.68,1.27,0.88,True,3,True,2.3,1.91,False,False,
3028,3028.T,アルペン,2025-07,CONTINUE,5,72.11,80.43,True,False,8.33,2025-03,2390.0,2419.0,2419.0,1.21,2302.36,2170.52,2114.87,True,True,True,True,True,True,True,66347.0,2431.0,-1.69,False,1.47,1.52,0.99,True,2,True,16.16,1.25,False,False,
9042,9042.T,阪急阪神ホールディングス,2025-07,CONTINUE,2,42.74,51.07,True,True,8.33,2025-06,3920.0,3936.0,3936.0,0.41,3880.2,3995.03,4049.84,True,False,False,False,False,True,False,535733.0,4588.0,-14.56,False,1.01,1.01,0.98,True,4,False,-5.19,0.22,False,False,
6071,6071.T,ＩＢＪ,2025-07,CONTINUE,5,72.43,80.7,False,False,8.28,2025-03,640.0,870.0,870.0,35.94,676.76,649.28,639.25,False,False,True,True,True,True,True,107767.0,750.0,-14.67,False,0.74,2.28,0.81,True,2,False,3.87,-2.05,False,False,
3921,3921.T,ネオジャパン,2025-07,CONTINUE,2,61.68,69.93,False,True,8.25,2025-06,1830.0,1759.0,1759.0,-3.88,1710.52,1578.08,1720.57,True,True,True,False,True,True,False,42363.0,2174.0,-15.82,False,0.55,3.59,0.88,True,3,True,7.61,4.85,False,False,
7226,7226.T,極東開発工業,2025-07,CONTINUE,4,54.28,62.5,True,False,8.22,2025-04,2399.0,2634.0,2634.0,9.8,2289.76,2416.31,2459.85,True,False,False,False,False,False,False,273913.0,2747.0,-12.67,False,0.59,1.94,0.51,True,4,True,-3.2,3.9,False,False,
2492,2492.T,インフォマート,2025-07,CONTINUE,10,66.28,74.44,True,False,8.16,2024-10,365.0,419.0,419.0,14.79,348.12,314.67,344.94,True,True,True,False,True,True,False,1073970.0,500.0,-27.0,False,1.12,2.27,0.91,True,3,True,3.4,5.86,False,False,
3401,3401.T,帝人,2025-07,NEW,1,36.25,44.29,True,True,8.04,2025-07,1287.5,1287.5,1287.5,0.0,1224.62,1174.95,1272.57,True,True,True,False,True,False,False,1022757.0,1483.5,-13.21,False,0.67,1.76,0.99,True,3,True,-0.16,2.61,False,False,
3475,3475.T,グッドコムアセット,2025-07,CONTINUE,4,73.93,81.94,True,True,8.02,2025-04,1218.0,1236.0,1236.0,1.48,1070.04,925.85,872.71,True,True,True,True,True,True,True,549943.0,1292.0,-5.73,False,0.69,3.98,0.64,True,2,True,40.11,8.22,False,False,
2613,2613.T,Ｊ－オイルミルズ,2025-07,NEW,1,56.71,64.71,True,True,8.0,2025-07,2078.0,2078.0,2078.0,0.0,2011.08,1992.08,2043.41,True,True,True,False,True,False,True,51347.0,2219.0,-6.35,False,0.9,1.08,1.22,False,3,True,1.85,1.38,False,False,
9832,9832.T,オートバックスセブン,2025-07,NEW,1,44.91,52.87,True,True,7.96,2025-07,1477.0,1477.0,1477.0,0.0,1450.6,1454.04,1456.46,True,True,True,False,True,False,False,144423.0,1662.5,-11.16,False,1.64,0.81,1.09,False,3,True,-1.07,0.13,True,False,
8877,8877.T,エスリード,2025-07,NEW,1,59.61,67.5,False,True,7.89,2025-07,4670.0,4670.0,4670.0,0.0,4632.4,4450.4,4446.38,True,True,True,True,True,True,False,20810.0,5080.0,-8.07,False,1.21,1.73,1.04,False,3,True,4.23,-1.18,False,False,
5959,5959.T,岡部,2025-07,CONTINUE,5,59.07,66.87,True,False,7.8,2025-03,854.0,871.0,871.0,1.99,866.08,791.91,779.28,False,True,True,True,True,True,True,81030.0,912.0,-6.36,False,0.85,1.92,1.08,False,2,False,12.41,2.46,False,False,
5933,5933.T,アルインコ,2025-07,CONTINUE,2,41.57,49.35,True,True,7.78,2025-06,1033.0,1044.0,1044.0,1.06,1017.52,1009.12,1006.9,True,True,True,True,True,False,True,17297.0,1148.0,-10.02,False,0.97,0.96,1.05,False,2,True,-0.13,0.92,False,False,
9989,9989.T,サンドラッグ,2025-07,CONTINUE,7,60.16,67.9,True,True,7.74,2025-01,4204.0,4482.0,4482.0,6.61,4086.56,3891.76,4041.16,True,True,True,False,True,False,False,345077.0,4902.0,-14.24,False,0.66,1.3,0.9,True,3,True,2.21,3.38,False,False,
7013,7013.T,ＩＨＩ,2025-07,NEW,1,92.28,100.0,True,True,7.72,2025-07,2426.43,2426.43,2426.43,0.0,2213.29,1999.26,1558.12,True,True,True,True,True,True,True,29036327.0,2377.14,2.07,True,0.8,3.25,1.06,False,2,True,102.96,-1.7,False,True,BREAKOUT
7970,7970.T,信越ポリマー,2025-07,NEW,1,67.16,74.83,True,True,7.67,2025-07,1797.0,1797.0,1797.0,0.0,1747.96,1634.91,1599.04,True,True,True,True,True,True,True,211830.0,1956.0,-8.13,False,1.68,2.47,1.38,False,2,False,19.1,1.97,False,False,
6361,6361.T,荏原製作所,2025-07,CONTINUE,2,59.31,66.8,True,True,7.5,2025-06,2778.0,2800.0,2800.0,0.79,2341.9,2265.45,2350.36,True,True,True,False,True,False,True,2203780.0,2809.0,-1.1,False,2.44,3.24,1.37,False,2,True,19.22,7.83,True,False,
7609,7609.T,ダイトロン,2025-07,CONTINUE,6,63.57,71.07,True,False,7.5,2025-02,1682.5,1850.0,1850.0,9.96,1501.62,1412.77,1427.88,True,True,True,False,True,True,False,72700.0,1832.5,-8.19,False,0.86,2.95,0.76,True,3,True,17.59,8.27,False,False,
9887,9887.T,松屋フーズホールディングス,2025-07,NEW,1,61.76,69.23,True,True,7.47,2025-07,6290.0,6290.0,6290.0,0.0,6017.2,5864.27,6107.55,True,True,True,False,True,True,True,23387.0,6980.0,-9.89,False,1.16,1.67,1.17,False,3,True,3.31,1.39,False,False,
9619,9619.T,イチネンホールディングス,2025-07,NEW,1,53.66,61.05,True,True,7.39,2025-07,1726.0,1726.0,1726.0,0.0,1635.6,1618.17,1734.22,True,True,False,False,True,False,False,37610.0,2026.0,-14.81,False,1.34,1.38,1.03,False,4,True,-1.83,1.53,False,False,
2326,2326.T,デジタルアーツ,2025-07,CONTINUE,13,92.62,100.0,True,False,7.38,2024-07,4765.0,8030.0,8030.0,68.52,4800.8,4234.47,4463.62,False,True,True,False,True,True,True,149013.0,5620.0,-15.21,False,0.57,2.84,0.86,True,1,True,4.47,0.71,False,False,
3837,3837.T,アドソル日進,2025-07,CONTINUE,3,74.99,82.32,True,True,7.34,2025-05,1098.0,1342.0,1342.0,22.22,1050.8,1042.53,983.4,True,True,True,True,True,True,True,55940.0,1169.0,-6.07,False,1.57,2.95,0.99,True,2,True,13.07,1.21,False,False,
4506,4506.T,住友ファーマ,2025-07,CONTINUE,6,86.95,94.24,True,True,7.3,2025-02,740.0,1324.0,1324.0,78.92,717.16,624.77,537.75,True,True,True,True,True,True,True,3260097.0,838.0,-11.69,False,0.59,3.61,0.8,True,2,True,62.72,4.59,False,False,
5938,5938.T,ＬＩＸＩＬ,2025-07,NEW,1,52.44,59.72,True,True,7.28,2025-07,1755.0,1755.0,1755.0,0.0,1718.34,1656.36,1696.18,True,True,True,False,True,True,False,1476893.0,1873.0,-6.3,False,1.31,1.76,1.25,False,1,True,3.53,0.96,False,False,
4023,4023.T,クレハ,2025-07,CONTINUE,3,61.84,69.1,True,True,7.27,2025-05,3365.0,3460.0,3460.0,2.82,2912.64,2787.95,2790.62,True,True,True,False,True,True,True,400070.0,3380.0,-0.44,False,0.62,3.9,0.95,True,2,True,21.0,11.31,False,False,
6508,6508.T,明電舎,2025-07,CONTINUE,2,61.81,69.07,False,False,7.26,2025-06,5440.0,5740.0,5740.0,5.51,4818.4,4280.07,4099.45,True,True,True,True,True,True,True,222810.0,5590.0,-2.68,False,1.52,2.74,1.0,False,2,True,36.81,7.74,False,False,
9533,9533.T,東邦瓦斯,2025-07,CONTINUE,2,51.21,58.45,True,False,7.23,2025-06,1004.25,1051.5,1051.5,4.71,1013.92,1025.51,1004.62,False,False,False,False,False,True,False,875040.0,1163.75,-13.71,False,0.81,1.73,1.13,False,1,False,-2.03,-0.76,False,False,
8059,8059.T,第一実業,2025-07,NEW,1,54.55,61.78,False,True,7.22,2025-07,2566.0,2566.0,2566.0,0.0,2500.96,2347.89,2434.84,True,True,True,False,True,True,True,41293.0,2933.0,-12.51,False,0.96,1.72,1.03,False,1,True,8.95,0.95,False,False,
9001,9001.T,東武鉄道,2025-07,NEW,1,38.55,45.73,True,True,7.19,2025-07,2572.0,2572.0,2572.0,0.0,2505.3,2545.21,2560.83,True,True,True,False,True,False,False,590060.0,2743.5,-6.25,False,0.7,1.04,0.95,True,1,True,-0.59,0.66,False,False,
9692,9692.T,シーイーシー,2025-07,CONTINUE,2,62.23,69.41,True,True,7.18,2025-06,2192.0,2239.0,2239.0,2.14,2228.32,2203.95,2014.96,False,False,True,True,False,True,True,103040.0,2436.0,-10.02,False,0.92,2.87,0.84,True,2,False,4.33,-7.07,False,False,
5563,5563.T,新日本電工,2025-07,NEW,1,47.93,55.07,True,True,7.14,2025-07,282.0,282.0,282.0,0.0,257.16,256.37,273.81,True,True,True,False,True,False,False,557077.0,318.0,-11.32,False,1.41,1.98,1.15,False,3,True,0.86,4.01,False,False,
2148,2148.T,アイティメディア,2025-07,CONTINUE,4,41.83,48.96,True,True,7.13,2025-04,1546.0,1653.0,1653.0,6.92,1486.48,1585.32,1628.15,True,False,False,False,False,False,False,91927.0,1970.0,-21.52,False,0.34,1.88,0.48,True,4,True,-7.92,3.54,False,False,
2737,2737.T,トーメンデバイス,2025-07,CONTINUE,2,39.89,47.02,False,True,7.13,2025-06,6030.0,5900.0,5900.0,-2.16,5789.6,5606.13,6034.3,True,True,False,False,True,False,False,14703.0,8160.0,-26.1,False,1.37,1.61,1.03,False,4,True,-2.64,2.97,False,False,
4549,4549.T,栄研化学,2025-07,NEW,1,58.48,65.6,True,True,7.12,2025-07,2389.0,2389.0,2389.0,0.0,2143.84,2125.12,2190.39,True,True,True,False,True,False,False,105597.0,2568.0,-6.97,False,1.12,2.18,1.22,False,3,True,4.25,4.15,True,False,
4828,4828.T,ビジネスエンジニアリング,2025-07,CONTINUE,4,70.75,77.87,False,False,7.11,2025-04,759.0,1026.0,1026.0,35.18,743.2,745.73,779.2,True,True,False,False,False,False,True,63217.0,887.0,-14.43,False,0.75,2.43,0.58,True,4,True,1.98,3.64,False,False,
6875,6875.T,メガチップス,2025-07,NEW,1,61.91,69.02,False,True,7.1,2025-07,5510.0,5510.0,5510.0,0.0,5306.4,4912.8,5270.93,True,True,True,False,True,True,True,75513.0,6540.0,-15.75,False,0.78,1.67,1.02,False,1,True,10.54,-1.17,False,False,
8566,8566.T,リコーリース,2025-07,CONTINUE,6,58.92,66.02,True,True,7.1,2025-02,5170.0,5500.0,5500.0,6.38,5162.4,5133.6,5117.6,True,True,True,True,True,True,False,27293.0,5580.0,-7.35,False,1.35,1.02,1.06,False,3,True,1.17,0.24,False,False,
4887,4887.T,サワイグループホールディングス,2025-07,NEW,1,46.66,53.74,True,True,7.07,2025-07,1949.5,1949.5,1949.5,0.0,1882.3,1875.81,1976.07,True,True,False,False,True,False,False,423170.0,2308.67,-15.56,False,0.72,1.92,1.05,False,4,True,-6.05,1.07,False,False,
9010,9010.T,富士急行,2025-07,NEW,1,23.14,30.2,True,True,7.05,2025-07,2133.0,2133.0,2133.0,0.0,2051.2,2061.84,2232.26,True,True,False,False,True,False,False,119447.0,3195.0,-33.24,False,0.89,1.71,1.05,False,4,True,-9.38,1.98,False,False,
4776,4776.T,サイボウズ,2025-07,CONTINUE,2,84.37,91.39,True,True,7.01,2025-06,3740.0,4045.0,4045.0,8.16,3374.0,3053.71,2600.63,True,True,True,True,True,True,True,298737.0,3860.0,-3.11,False,1.82,4.02,1.03,False,2,True,72.58,5.44,False,False,
8308,8308.T,りそなホールディングス,2025-07,CONTINUE,3,64.67,71.59,False,True,6.93,2025-05,1279.5,1389.0,1389.0,8.56,1177.76,1186.11,1125.84,True,True,True,False,True,True,True,12982173.0,1430.0,-10.52,False,0.69,2.86,0.75,True,2,True,14.76,2.89,False,False,
2307,2307.T,クロスキャット,2025-07,CONTINUE,4,38.45,45.34,True,True,6.89,2025-04,1047.0,1094.0,1094.0,4.49,993.4,1057.48,1120.8,True,False,False,False,False,False,False,35863.0,1487.0,-29.59,False,1.35,4.01,0.88,True,4,True,-12.43,4.27,True,False,
3880,3880.T,大王製紙,2025-07,CONTINUE,10,45.72,52.59,True,True,6.87,2024-10,867.0,843.0,843.0,-2.77,891.9,872.91,985.97,False,False,False,False,True,True,False,359697.0,1264.0,-31.41,False,1.19,1.82,1.06,False,4,False,-14.88,-0.55,False,False,
3106,3106.T,倉敷紡績,2025-07,CONTINUE,3,83.97,90.83,False,True,6.86,2025-05,7120.0,8040.0,8040.0,12.92,6376.8,6044.07,5439.65,True,True,True,True,True,True,True,52673.0,6850.0,3.94,True,1.09,3.09,0.89,True,2,True,39.26,0.61,True,True,BOTH
4825,4825.T,ウェザーニューズ,2025-07,NEW,1,77.67,84.43,True,True,6.76,2025-07,2220.0,2220.0,2220.0,0.0,2037.0,1929.0,1743.43,True,True,True,True,True,True,True,206173.0,2207.5,0.57,True,1.06,2.73,0.9,True,2,True,37.28,0.2,False,True,BREAKOUT
7988,7988.T,ニフコ,2025-07,NEW,1,48.21,54.9,True,True,6.7,2025-07,3700.0,3700.0,3700.0,0.0,3542.76,3458.05,3578.53,True,True,True,False,True,False,False,303633.0,3928.0,-5.8,False,1.01,2.05,1.19,False,1,True,2.28,3.19,False,False,
3501,3501.T,ＳＵＭＩＮＯＥ,2025-07,CONTINUE,7,41.18,47.86,True,False,6.68,2025-01,1076.0,1123.0,1123.0,4.37,1053.74,1027.71,1122.34,True,True,False,False,True,True,False,43327.0,1390.0,-22.59,False,1.42,2.01,0.95,True,4,True,-4.7,0.82,False,False,
8051,8051.T,山善,2025-07,NEW,1,46.49,53.17,True,True,6.68,2025-07,1341.0,1341.0,1341.0,0.0,1264.56,1316.4,1324.93,True,True,True,False,False,False,False,189333.0,1568.0,-14.48,False,1.02,1.58,1.17,False,3,True,-3.63,1.9,False,False,
9658,9658.T,ビジネスブレイン太田昭和,2025-07,CONTINUE,8,67.47,74.12,True,False,6.66,2024-12,714.0,913.0,913.0,27.87,703.07,651.72,676.75,True,True,True,False,True,True,False,64600.0,772.67,-7.59,False,0.87,1.63,0.92,True,3,True,5.94,0.68,False,False,
6788,6788.T,日本トリム,2025-07,CONTINUE,6,79.42,86.08,True,True,6.65,2025-02,3695.0,4550.0,4550.0,23.14,3740.8,3645.87,3533.93,False,True,True,True,True,True,True,16400.0,3995.0,-7.51,False,1.33,2.39,0.97,True,2,True,10.49,0.78,False,False,
1417,1417.T,ミライト・ワン,2025-07,NEW,1,83.57,90.16,True,True,6.59,2025-07,2713.0,2713.0,2713.0,0.0,2589.84,2450.39,2302.28,True,True,True,True,True,True,True,291457.0,2697.0,0.59,True,1.01,1.61,1.01,False,2,True,23.72,1.29,False,True,BREAKOUT
4980,4980.T,デクセリアルズ,2025-07,CONTINUE,2,49.99,56.44,False,False,6.45,2025-06,2232.5,2197.5,2197.5,-1.57,2121.74,1887.18,2121.44,True,True,True,False,True,True,True,900287.0,2768.67,-19.37,False,0.87,2.14,1.02,False,1,True,4.55,2.47,False,False,
9404,9404.T,日本テレビホールディングス,2025-07,CONTINUE,6,81.71,88.14,True,True,6.43,2025-02,2795.5,3291.0,3291.0,17.72,2845.22,2641.42,2416.88,False,True,True,True,True,True,True,575383.0,3149.0,-11.23,False,0.88,2.9,1.06,False,2,True,24.85,-3.22,False,False,
2980,2980.T,SREホールディングス,2025-07,CONTINUE,4,40.92,47.32,False,False,6.41,2025-04,3510.0,3195.0,3195.0,-8.97,3186.04,3208.13,3696.88,True,True,False,False,True,True,False,341360.0,5350.0,-34.39,False,0.7,4.11,0.64,True,4,True,-4.21,6.42,False,False,
8132,8132.T,シナネンホールディングス,2025-07,NEW,1,70.53,76.92,True,True,6.4,2025-07,6600.0,6600.0,6600.0,0.0,6500.4,6486.8,6376.55,True,True,True,True,True,True,True,21203.0,7270.0,-9.22,False,0.47,1.75,0.83,True,2,True,9.69,0.29,False,False,
4481,4481.T,ベース,2025-07,CONTINUE,3,61.89,68.28,True,False,6.39,2025-05,3460.0,3520.0,3520.0,1.73,3177.04,3085.37,3048.97,True,True,True,True,True,True,True,47333.0,3570.0,-3.08,False,1.06,3.21,0.99,True,2,True,10.84,3.31,False,False,
9928,9928.T,ミロク情報サービス,2025-07,NEW,1,56.7,63.05,True,True,6.35,2025-07,1881.0,1881.0,1881.0,0.0,1810.96,1804.32,1851.77,True,True,True,False,True,False,False,30157.0,2011.0,-6.46,False,0.83,1.57,0.98,True,3,True,1.36,1.57,False,False,
3817,3817.T,ＳＲＡホールディングス,2025-07,CONTINUE,3,72.2,78.49,False,True,6.29,2025-05,4650.0,4615.0,4615.0,-0.75,4433.8,4406.8,4305.32,True,True,True,True,True,True,True,22263.0,4675.0,-0.53,False,0.99,2.88,0.85,True,2,True,10.83,1.99,False,False,
6238,6238.T,フリュー,2025-07,CONTINUE,2,52.23,58.53,True,True,6.29,2025-06,1011.0,1058.0,1058.0,4.65,978.4,955.28,1025.27,True,True,False,False,True,False,False,104567.0,1168.0,-13.44,False,0.89,1.89,1.09,False,4,True,-3.44,1.34,False,False,
3563,3563.T,FOOD & LIFE COMPANIES,2025-07,CONTINUE,10,93.72,100.0,True,False,6.28,2024-10,1519.5,3818.0,3818.0,151.27,1470.22,1349.53,1416.73,True,True,True,False,True,True,True,2538107.0,1647.0,-7.74,False,0.64,1.83,0.9,True,1,True,11.8,1.78,False,False,
8795,8795.T,Ｔ＆Ｄホールディングス,2025-07,NEW,1,68.94,75.17,True,True,6.23,2025-07,3717.0,3717.0,3717.0,0.0,3354.36,3192.07,2967.34,True,True,True,True,True,True,True,1614267.0,3668.0,1.34,True,0.82,2.38,1.0,False,2,True,30.38,5.65,False,True,BREAKOUT
6395,6395.T,タダノ,2025-07,NEW,1,49.14,55.27,True,True,6.12,2025-07,1097.0,1097.0,1097.0,0.0,1033.2,987.23,1050.29,True,True,True,False,True,False,True,463420.0,1246.0,-11.96,False,0.97,2.47,0.75,True,1,True,4.9,2.4,False,False,
5741,5741.T,ＵＡＣＪ,2025-07,NEW,1,67.74,73.78,True,True,6.04,2025-07,1495.0,1495.0,1495.0,0.0,1366.0,1262.07,1276.13,True,True,True,False,True,True,True,537933.0,1475.0,1.36,True,1.1,2.21,1.28,False,1,True,26.99,4.47,False,False,
3939,3939.T,カナミックネットワーク,2025-07,NEW,1,39.47,45.45,True,True,5.98,2025-07,442.0,442.0,442.0,0.0,432.64,420.21,457.7,True,True,False,False,True,True,False,93103.0,587.0,-24.7,False,0.84,2.12,1.0,False,4,True,-7.08,-0.1,False,False,
4547,4547.T,キッセイ薬品工業,2025-07,NEW,1,70.31,76.25,True,True,5.95,2025-07,4465.0,4465.0,4465.0,0.0,4129.2,4013.07,3847.57,True,True,True,True,False,True,True,92887.0,4375.0,2.06,True,1.98,2.56,1.35,False,2,True,20.84,2.68,True,True,BOTH
6104,6104.T,芝浦機械,2025-07,NEW,1,58.28,64.22,True,True,5.94,2025-07,3895.0,3895.0,3895.0,0.0,3484.4,3375.47,3547.03,True,True,True,False,True,False,False,137537.0,4160.0,-6.37,False,1.56,1.76,1.05,False,3,True,6.38,4.03,True,False,
8830,8830.T,住友不動産,2025-07,CONTINUE,7,61.34,67.28,True,True,5.94,2025-01,2696.0,2771.0,2771.0,2.78,2490.82,2382.73,2441.49,True,True,True,False,True,True,False,3083213.0,3031.0,-11.05,False,1.19,2.56,1.11,False,3,True,12.12,5.79,False,False,
7414,7414.T,小野建,2025-07,NEW,1,40.25,46.15,True,True,5.91,2025-07,1446.0,1446.0,1446.0,0.0,1407.8,1425.28,1463.72,True,True,False,False,True,False,False,50753.0,1642.0,-11.94,False,0.95,1.35,1.06,False,4,True,-5.57,-0.21,False,False,
6310,6310.T,井関農機,2025-07,CONTINUE,6,72.3,78.19,True,True,5.89,2025-02,1100.0,1405.0,1405.0,27.73,972.16,952.05,985.7,True,True,True,False,True,False,False,56800.0,1096.0,0.36,True,1.88,2.51,1.5,False,1,True,11.04,7.42,True,False,
1333,1333.T,Ｕｍｉｏｓ,2025-07,CONTINUE,5,45.99,51.79,False,False,5.8,2025-03,1087.0,1046.67,1046.67,-3.71,1066.97,1016.62,1029.66,True,True,True,False,True,True,False,540880.0,1136.0,-4.31,False,1.08,2.1,1.05,False,1,True,9.14,3.75,False,False,
7552,7552.T,ハピネット,2025-07,CONTINUE,2,82.4,88.19,False,False,5.79,2025-06,2860.0,2865.0,2865.0,0.17,2697.0,2605.57,2348.86,True,True,True,True,True,True,True,251980.0,2895.0,-1.21,False,0.68,3.02,1.13,False,2,True,25.64,-1.21,False,False,
6588,6588.T,東芝テック,2025-07,NEW,1,45.96,51.74,True,True,5.78,2025-07,3025.0,3025.0,3025.0,0.0,2975.84,2858.76,3133.92,True,True,False,False,True,True,False,121050.0,3855.0,-21.53,False,1.14,1.57,1.13,False,4,True,-2.2,-0.19,False,False,
9513,9513.T,電源開発,2025-07,CONTINUE,2,48.59,54.33,True,True,5.74,2025-06,2456.0,2608.5,2608.5,6.21,2393.26,2477.59,2488.73,True,False,False,False,False,False,False,727643.0,2720.0,-9.71,False,1.07,1.17,1.1,False,1,True,-2.07,1.45,False,False,
3708,3708.T,特種東海製紙,2025-07,CONTINUE,4,59.54,65.24,True,False,5.71,2025-04,1243.33,1310.0,1310.0,5.36,1185.33,1205.78,1211.32,True,True,True,False,False,False,False,108110.0,1293.33,-3.87,False,0.61,2.08,0.71,True,1,True,2.36,5.21,False,False,
1662,1662.T,石油資源開発,2025-07,CONTINUE,2,36.8,42.5,True,True,5.7,2025-06,1015.0,1095.0,1095.0,7.88,1018.96,1059.65,1093.36,False,False,False,False,False,False,False,1441287.0,1354.0,-25.04,False,1.05,2.94,1.05,False,4,False,-11.65,0.12,False,False,
1871,1871.T,ピーエス・コンストラクション,2025-07,CONTINUE,7,86.93,92.58,True,False,5.65,2025-01,1186.0,1838.0,1838.0,54.97,1155.28,1077.12,1030.94,True,True,True,True,True,True,True,62507.0,1198.0,-1.0,False,0.57,1.49,0.61,True,2,True,21.84,2.21,False,False,
8511,8511.T,日本証券金融,2025-07,NEW,1,57.27,62.9,True,True,5.62,2025-07,1838.0,1838.0,1838.0,0.0,1770.64,1717.21,1861.21,True,True,False,False,True,True,False,145710.0,2165.0,-15.1,False,0.97,1.76,1.14,False,4,True,1.27,0.42,False,False,
6209,6209.T,リケンＮＰＲ,2025-07,NEW,1,42.53,48.09,True,True,5.57,2025-07,2549.0,2549.0,2549.0,0.0,2436.72,2384.33,2434.18,True,True,True,False,True,True,True,83197.0,2830.0,-9.93,False,0.85,1.51,1.04,False,2,True,3.43,0.93,False,False,
3656,3656.T,ＫＬａｂ,2025-07,CONTINUE,2,21.15,26.67,True,False,5.51,2025-06,127.0,123.0,123.0,-3.15,115.6,121.95,152.09,True,True,False,False,True,False,False,2047480.0,249.0,-49.0,False,1.19,5.01,1.07,False,4,True,-26.77,2.58,False,False,
3925,3925.T,ダブルスタンダード,2025-07,NEW,1,46.75,52.26,True,True,5.51,2025-07,1598.0,1598.0,1598.0,0.0,1566.88,1554.13,1592.37,True,True,True,False,False,True,True,18117.0,1874.0,-14.73,False,1.23,1.35,1.11,False,3,True,-1.0,-2.22,False,False,
6754,6754.T,アンリツ,2025-07,CONTINUE,8,65.39,70.83,False,False,5.44,2024-12,1410.0,1643.5,1643.5,16.56,1247.34,1170.89,1182.89,True,True,True,False,True,True,True,776283.0,1445.5,-2.46,False,1.72,2.4,1.36,False,1,True,19.14,8.68,False,False,
2108,2108.T,日本甜菜製糖,2025-07,NEW,1,62.53,67.95,True,True,5.41,2025-07,2419.0,2419.0,2419.0,0.0,2385.32,2330.56,2370.91,True,True,True,False,True,True,False,20667.0,2982.0,-18.88,False,0.61,1.07,0.9,True,3,True,-1.79,-1.06,False,False,
8541,8541.T,愛媛銀行,2025-07,NEW,1,33.69,39.07,False,True,5.38,2025-07,1086.0,1086.0,1086.0,0.0,1034.2,1018.25,1056.65,True,True,True,False,True,False,False,85783.0,1261.0,-13.88,False,0.72,1.7,1.16,False,1,True,0.23,2.53,False,False,
4676,4676.T,フジ・メディア・ホールディングス,2025-07,CONTINUE,7,88.19,93.56,True,True,5.37,2025-01,2191.0,3563.0,3563.0,62.62,1826.46,1751.85,1774.93,True,True,True,False,True,True,False,16658743.0,2314.0,-5.32,False,2.79,5.63,1.45,False,1,True,24.73,13.78,False,False,
4996,4996.T,クミアイ化学工業,2025-07,CONTINUE,3,55.25,60.61,True,True,5.35,2025-05,808.0,815.0,815.0,0.87,774.32,783.44,782.65,True,True,True,False,False,True,False,324640.0,860.0,-6.05,False,0.88,1.44,0.96,True,1,True,3.5,2.24,False,False,
8086,8086.T,ニプロ,2025-07,NEW,1,60.06,65.37,True,True,5.31,2025-07,1390.5,1390.5,1390.5,0.0,1335.3,1297.05,1357.39,True,True,True,False,True,True,False,485143.0,1505.5,-7.64,False,0.79,1.17,0.91,True,3,True,3.79,1.87,False,False,
2206,2206.T,江崎グリコ,2025-07,NEW,1,63.74,69.02,True,True,5.28,2025-07,4676.0,4676.0,4676.0,0.0,4579.44,4629.2,4574.18,True,True,True,False,False,False,True,259903.0,4923.0,-5.02,False,0.5,1.34,1.0,False,2,True,1.09,0.11,False,False,
7458,7458.T,第一興商,2025-07,NEW,1,49.33,54.52,True,True,5.19,2025-07,1626.0,1626.0,1626.0,0.0,1608.62,1615.87,1720.16,True,True,False,False,False,False,False,297923.0,1956.0,-16.87,False,0.94,1.16,0.9,True,4,False,-6.54,-0.35,False,False,
7199,7199.T,プレミアグループ,2025-07,NEW,1,55.37,60.54,True,True,5.17,2025-07,2284.0,2284.0,2284.0,0.0,2132.8,2078.0,2246.18,True,True,True,False,True,True,True,186617.0,2668.0,-14.39,False,0.88,1.83,1.01,False,1,True,2.74,2.38,False,False,
3201,3201.T,日本毛織,2025-07,CONTINUE,6,53.58,58.71,False,False,5.13,2025-02,1327.0,1400.0,1400.0,5.5,1338.6,1304.35,1308.25,False,True,True,False,True,True,False,81277.0,1495.0,-11.24,False,0.9,1.55,1.0,False,3,False,1.27,-0.6,False,False,
6194,6194.T,アトラエ,2025-07,NEW,1,56.12,61.19,False,True,5.06,2025-07,771.0,771.0,771.0,0.0,747.12,701.73,740.51,True,True,True,False,True,True,False,191503.0,958.0,-19.52,False,0.47,1.81,0.91,True,3,True,0.84,-1.0,False,False,
1961,1961.T,三機工業,2025-07,CONTINUE,9,95.03,100.0,True,False,4.97,2024-11,967.33,1488.33,1488.33,53.86,907.84,819.26,750.03,True,True,True,True,True,True,True,529170.0,1010.0,-4.22,False,0.91,2.37,0.74,True,2,True,40.41,3.36,False,False,
3922,3922.T,ＰＲＴＩＭＥＳ,2025-07,CONTINUE,7,76.13,80.99,True,True,4.86,2025-01,2170.0,2886.0,2886.0,33.0,1942.76,1704.36,1764.01,True,True,True,False,True,True,False,68653.0,2233.0,-2.82,False,0.86,4.21,0.95,True,1,True,24.7,10.37,False,False,
6929,6929.T,日本セラミック,2025-07,CONTINUE,10,63.99,68.85,True,False,4.86,2024-10,2588.0,2983.0,2983.0,15.26,2571.24,2506.19,2583.64,True,True,True,False,True,True,False,93073.0,2970.0,-12.86,False,1.13,1.32,1.01,False,3,True,-0.08,0.6,False,False,
8750,8750.T,第一ライフグループ,2025-07,NEW,1,58.28,63.06,False,True,4.79,2025-07,1203.5,1203.5,1203.5,0.0,1120.32,1070.86,1055.02,True,True,True,True,True,True,True,7584150.0,1203.5,0.0,False,0.79,2.04,1.07,False,2,True,16.17,2.93,False,False,
9824,9824.T,泉州電業,2025-07,NEW,1,30.26,35.05,True,True,4.79,2025-07,4295.0,4295.0,4295.0,0.0,4204.8,4292.53,4680.18,True,True,False,False,False,True,False,49367.0,5970.0,-28.06,False,0.87,1.52,0.91,True,4,False,-8.97,-0.95,False,False,
4626,4626.T,太陽ホールディングス,2025-07,CONTINUE,3,83.14,87.9,False,False,4.77,2025-05,2975.0,3315.0,3315.0,11.43,2581.7,2293.9,2083.06,True,True,True,True,True,True,True,403873.0,3130.0,-4.95,False,2.17,3.3,1.17,False,2,True,59.98,9.03,False,False,
4611,4611.T,大日本塗料,2025-07,NEW,1,50.11,54.87,True,True,4.76,2025-07,1246.0,1246.0,1246.0,0.0,1203.2,1195.87,1167.47,True,True,True,True,True,True,True,63317.0,1314.0,-5.18,False,0.82,1.34,0.9,True,2,True,3.67,0.25,False,False,
9739,9739.T,ＮＳＷ,2025-07,NEW,1,39.86,44.62,False,True,4.76,2025-07,2595.0,2595.0,2595.0,0.0,2598.0,2726.11,2859.26,False,False,False,False,False,False,False,15597.0,3370.0,-23.0,False,1.19,2.19,1.04,False,4,False,-14.16,-1.17,False,False,
7456,7456.T,松田産業,2025-07,NEW,1,68.66,73.39,True,True,4.73,2025-07,3615.0,3615.0,3615.0,0.0,3526.2,3447.13,3277.2,True,True,True,True,True,True,True,59487.0,3835.0,-5.74,False,0.65,2.56,0.89,True,2,True,11.1,-0.2,False,False,
9449,9449.T,ＧＭＯインターネットグループ,2025-07,CONTINUE,10,95.27,100.0,True,False,4.73,2024-10,2654.0,3894.0,3894.0,46.72,2553.94,2460.39,2561.78,True,True,True,False,True,True,True,269813.0,2973.5,-10.74,False,1.13,1.81,0.98,True,1,True,7.27,2.12,True,True,MVP
3834,3834.T,朝日ネット,2025-07,CONTINUE,6,58.22,62.9,False,False,4.69,2025-02,669.0,685.0,685.0,2.39,662.76,649.47,650.99,True,True,True,False,True,True,True,42457.0,696.0,-3.88,False,0.94,1.47,1.21,False,1,True,5.03,0.33,False,False,
2503,2503.T,キリンホールディングス,2025-07,CONTINUE,4,40.72,45.3,True,False,4.58,2025-04,2159.0,1999.0,1999.0,-7.41,2103.48,2029.75,2098.92,True,True,True,False,True,True,False,2989250.0,2310.0,-6.54,False,0.83,1.64,0.62,True,1,False,2.9,2.14,False,False,
2929,2929.T,ファーマフーズ,2025-07,NEW,1,50.55,55.13,True,True,4.58,2025-07,887.0,887.0,887.0,0.0,840.6,893.8,916.43,True,False,False,False,False,False,False,151637.0,1254.0,-29.27,False,0.95,2.72,0.93,True,4,True,-6.32,1.2,False,False,
1885,1885.T,東亜建設工業,2025-07,CONTINUE,9,88.43,93.0,True,True,4.57,2024-11,1189.0,1895.0,1895.0,59.38,1070.6,992.97,1046.34,True,True,True,False,True,True,True,393200.0,1322.5,-10.09,False,0.94,3.37,0.67,True,1,True,20.68,6.16,False,False,
2931,2931.T,ユーグレナ,2025-07,CONTINUE,7,42.41,46.95,True,False,4.54,2025-01,415.0,477.0,477.0,14.94,414.96,413.95,476.43,True,True,False,False,True,False,False,1148293.0,699.0,-40.63,False,0.84,3.3,1.13,False,4,True,-15.06,4.81,False,False,
4847,4847.T,インテリジェント   ウェイブ,2025-07,CONTINUE,2,51.28,55.81,True,False,4.54,2025-06,1114.0,1077.0,1077.0,-3.32,1115.68,1064.39,1037.26,False,True,True,True,True,True,True,42080.0,1278.0,-12.83,False,1.41,1.96,1.06,False,2,True,7.03,0.58,False,False,
9663,9663.T,ナガワ,2025-07,NEW,1,38.95,43.48,False,True,4.53,2025-07,6500.0,6500.0,6500.0,0.0,6207.2,6170.27,6400.7,True,True,True,False,True,True,False,16260.0,8040.0,-19.15,False,1.44,2.62,1.28,False,3,True,-1.63,2.19,False,False,
4220,4220.T,リケンテクノス,2025-07,CONTINUE,2,64.09,68.6,True,True,4.51,2025-06,1097.0,1169.0,1169.0,6.56,1100.32,1050.01,1048.32,False,True,True,True,True,True,True,67153.0,1168.0,-6.08,False,0.93,1.56,0.8,True,1,True,5.1,-0.32,False,False,
6914,6914.T,オプテックスグループ,2025-07,CONTINUE,2,49.73,54.23,True,False,4.5,2025-06,1743.0,1705.0,1705.0,-2.18,1581.76,1583.39,1642.76,True,True,True,False,True,False,False,107580.0,1944.0,-10.34,False,1.49,1.66,1.2,False,3,True,3.05,5.72,True,False,
2531,2531.T,宝ホールディングス,2025-07,NEW,1,62.56,67.04,True,True,4.48,2025-07,1274.5,1274.5,1274.5,0.0,1228.84,1213.37,1236.96,True,True,True,False,True,True,True,475100.0,1385.0,-7.98,False,0.75,1.91,0.87,True,1,True,6.82,1.67,False,False,
4095,4095.T,日本パーカライジング,2025-07,NEW,1,60.87,65.35,True,True,4.48,2025-07,1382.0,1382.0,1382.0,0.0,1317.88,1244.24,1258.53,True,True,True,False,True,True,True,188370.0,1382.0,0.0,False,1.18,1.39,1.14,False,1,True,11.16,1.26,False,False,
6390,6390.T,加藤製作所,2025-07,CONTINUE,2,52.99,57.46,True,True,4.47,2025-06,1320.0,1360.0,1360.0,3.03,1290.4,1236.03,1274.3,True,True,True,False,True,False,True,53897.0,1463.0,-9.77,False,0.99,1.72,0.87,True,2,True,3.06,-0.13,False,False,
8624,8624.T,いちよし証券,2025-07,NEW,1,46.5,50.92,False,True,4.42,2025-07,757.0,757.0,757.0,0.0,787.48,775.2,810.58,False,False,False,False,False,True,True,95127.0,1058.0,-28.45,False,1.58,2.43,1.24,False,4,False,-0.78,-2.26,False,False,
9052,9052.T,山陽電気鉄道,2025-07,NEW,1,32.34,36.73,False,True,4.39,2025-07,1994.0,1994.0,1994.0,0.0,1971.24,1995.64,2009.77,True,False,False,False,False,False,False,19770.0,2086.0,-4.41,False,1.18,0.8,1.09,False,4,True,-1.26,0.19,False,False,
4973,4973.T,日本高純度化学,2025-07,CONTINUE,2,46.88,51.23,False,False,4.35,2025-06,3165.0,3135.0,3135.0,-0.95,3169.8,3058.68,3154.51,False,True,True,False,True,True,False,12160.0,3720.0,-14.92,False,1.06,1.91,1.05,False,3,True,-0.42,0.79,False,False,
4343,4343.T,イオンファンタジー,2025-07,NEW,1,70.44,74.79,True,True,4.34,2025-07,3600.0,3600.0,3600.0,0.0,3112.24,2736.08,2761.71,True,True,True,False,True,True,True,121850.0,3740.0,-3.74,False,1.28,3.7,1.17,False,2,True,48.29,16.17,False,False,
4718,4718.T,早稲田アカデミー,2025-07,CONTINUE,11,95.68,100.0,True,False,4.32,2024-09,1588.0,2579.0,2579.0,62.41,1579.32,1584.57,1618.53,True,True,False,False,True,True,True,49103.0,1878.0,-15.44,False,3.71,1.86,1.05,False,4,True,-3.36,-2.16,False,False,
1878,1878.T,大東建託,2025-07,NEW,1,43.01,47.31,True,True,4.3,2025-07,3104.0,3104.0,3104.0,0.0,3092.72,3149.83,3247.6,True,False,False,False,False,True,False,1191967.0,3676.0,-15.56,False,0.98,1.44,1.06,False,4,False,-5.77,-0.23,False,False,
7951,7951.T,ヤマハ,2025-07,NEW,1,42.82,47.1,False,True,4.28,2025-07,1087.5,1087.5,1087.5,0.0,1036.43,1021.65,1087.97,True,True,False,False,True,False,False,1484280.0,1294.5,-15.99,False,0.76,2.08,1.05,False,4,True,-2.14,3.8,False,False,
6810,6810.T,マクセル,2025-07,NEW,1,63.24,67.51,True,True,4.27,2025-07,2015.0,2015.0,2015.0,0.0,1892.8,1804.55,1825.85,True,True,True,False,True,True,True,140907.0,2035.0,-0.98,False,1.1,2.07,1.19,False,2,True,10.26,1.33,False,False,
9795,9795.T,ステップ,2025-07,NEW,1,73.59,77.82,True,True,4.23,2025-07,2324.0,2324.0,2324.0,0.0,2295.32,2277.47,2189.09,True,True,True,True,True,True,True,8477.0,2405.0,-3.37,False,0.76,1.02,0.98,True,2,True,9.49,-0.77,False,False,
7187,7187.T,ジェイリース,2025-07,CONTINUE,4,62.63,66.75,True,True,4.12,2025-04,1362.0,1445.0,1445.0,6.09,1332.88,1314.07,1318.61,True,True,True,False,False,True,True,109453.0,1541.0,-11.62,False,0.46,3.29,0.64,True,2,True,6.17,2.83,False,False,
6787,6787.T,メイコー,2025-07,NEW,1,52.41,56.44,False,True,4.02,2025-07,7510.0,7510.0,7510.0,0.0,6927.2,6384.8,7258.15,True,True,True,False,True,True,True,158357.0,9590.0,-21.69,False,0.8,2.49,0.91,True,1,True,13.43,3.3,False,False,
4922,4922.T,コーセーホールディングス,2025-07,NEW,1,15.69,19.66,False,True,3.98,2025-07,5826.0,5826.0,5826.0,0.0,5746.64,5789.32,6527.06,True,True,False,False,False,False,False,268803.0,10320.0,-43.55,False,1.13,2.33,0.94,True,4,False,-19.84,-0.23,False,False,
9468,9468.T,ＫＡＤＯＫＡＷＡ,2025-07,CONTINUE,3,54.24,58.21,False,False,3.97,2025-05,3575.0,3694.0,3694.0,3.33,3723.64,3653.56,3452.6,False,False,True,True,False,True,True,746243.0,4552.0,-21.46,False,1.21,4.18,0.9,True,2,True,3.28,-5.96,False,False,
6486,6486.T,イーグル工業,2025-07,NEW,1,68.5,72.44,True,True,3.93,2025-07,2421.0,2421.0,2421.0,0.0,1994.36,1900.05,1967.05,True,True,True,False,True,True,False,95830.0,2470.0,-1.98,False,3.43,2.65,1.55,False,1,True,25.31,10.38,False,False,
9962,9962.T,ミスミグループ本社,2025-07,NEW,1,32.66,36.52,True,True,3.86,2025-07,2192.0,2192.0,2192.0,0.0,2006.64,1987.91,2283.61,True,True,False,False,True,False,False,1429000.0,2888.0,-24.1,False,2.21,3.35,1.21,False,4,True,-3.38,7.98,False,False,
8011,8011.T,三陽商会,2025-07,NEW,1,59.21,63.06,True,True,3.85,2025-07,2985.0,2985.0,2985.0,0.0,2789.52,2804.45,2803.03,True,True,True,False,False,True,True,187593.0,3150.0,-5.24,False,0.46,2.41,1.25,False,2,True,8.83,1.68,False,False,
8219,8219.T,青山商事,2025-07,NEW,1,71.66,75.41,True,True,3.75,2025-07,768.67,768.67,768.67,0.0,746.47,718.29,683.17,True,True,True,True,True,True,True,722660.0,787.67,-2.41,False,0.88,1.34,0.92,True,2,True,31.91,0.33,False,False,
7868,7868.T,広済堂ホールディングス,2025-07,CONTINUE,3,34.23,37.96,True,True,3.73,2025-05,458.0,459.0,459.0,0.22,487.52,503.53,505.11,False,False,False,False,False,False,False,511003.0,647.0,-29.21,False,0.9,3.42,0.74,True,1,False,-8.04,0.8,False,False,
7839,7839.T,ＳＨＯＥＩ,2025-07,NEW,1,44.14,47.84,True,True,3.7,2025-07,1812.0,1812.0,1812.0,0.0,1786.04,1677.28,1941.9,True,True,False,False,True,True,False,210777.0,2496.0,-27.4,False,1.17,2.18,1.07,False,4,True,-6.4,0.03,False,False,
6532,6532.T,ベイカレント,2025-07,NEW,1,86.89,90.53,True,True,3.64,2025-07,8676.0,8676.0,8676.0,0.0,7978.12,7799.73,6585.73,True,True,True,True,True,True,True,1116393.0,8815.0,-1.58,False,0.83,3.17,1.11,False,2,True,45.85,-3.47,False,False,
6763,6763.T,帝国通信工業,2025-07,NEW,1,58.33,61.96,True,True,3.63,2025-07,2422.0,2422.0,2422.0,0.0,2280.16,2252.13,2429.14,True,True,False,False,True,False,False,7447.0,3285.0,-26.27,False,1.35,2.35,1.08,False,4,True,1.75,-0.36,False,False,
7381,7381.T,ＣＣＩグループ,2025-07,NEW,1,53.36,56.9,True,True,3.54,2025-07,560.0,560.0,560.0,0.0,517.06,500.43,509.18,True,True,True,False,True,False,True,491633.0,623.0,-10.11,False,1.7,2.53,1.22,False,2,True,10.26,3.17,True,False,
4751,4751.T,サイバーエージェント,2025-07,CONTINUE,8,78.45,81.96,False,False,3.51,2024-12,1096.0,1532.0,1532.0,39.78,1086.06,1043.4,1015.11,True,True,True,True,True,True,True,2649143.0,1162.5,-5.72,False,0.65,2.4,0.79,True,1,True,10.12,-0.03,False,False,
3901,3901.T,マークラインズ,2025-07,CONTINUE,4,20.15,23.6,False,False,3.46,2025-04,2281.0,1988.0,1988.0,-12.85,2277.8,2295.88,2560.55,True,False,False,False,False,True,False,29870.0,3465.0,-34.17,False,0.5,3.27,0.55,True,4,False,-11.24,1.22,False,False,
9889,9889.T,ＪＢＣＣホールディングス,2025-07,NEW,1,73.17,76.62,True,True,3.46,2025-07,1310.0,1310.0,1310.0,0.0,1289.12,1295.64,1188.8,True,True,True,False,False,True,True,174497.0,1430.0,-8.39,False,1.9,2.8,1.26,False,2,False,23.84,-0.32,False,False,
2730,2730.T,エディオン,2025-07,CONTINUE,3,73.0,76.42,False,False,3.42,2025-05,1905.0,2006.0,2006.0,5.3,1884.88,1845.95,1818.5,True,True,True,True,True,True,True,278573.0,1973.0,-3.45,False,0.88,1.58,0.81,True,1,False,10.98,0.44,False,False,
4681,4681.T,リゾートトラスト,2025-07,NEW,1,78.45,81.82,True,True,3.37,2025-07,1879.0,1879.0,1879.0,0.0,1797.28,1644.21,1551.73,True,True,True,True,True,True,True,694523.0,1874.0,0.27,True,0.62,1.64,0.94,True,2,True,33.06,2.32,False,True,BREAKOUT
4687,4687.T,ＴＤＣソフト,2025-07,NEW,1,60.77,64.06,True,True,3.29,2025-07,1315.0,1315.0,1315.0,0.0,1286.88,1288.63,1314.6,True,True,True,False,False,True,True,56377.0,1607.0,-18.17,False,1.36,2.12,1.01,False,2,True,1.86,-0.84,False,False,
3636,3636.T,三菱総合研究所,2025-07,NEW,1,50.8,53.98,True,True,3.19,2025-07,4730.0,4730.0,4730.0,0.0,4604.0,4607.2,4591.18,True,True,True,False,True,False,True,33673.0,5280.0,-10.42,False,1.17,1.71,1.2,False,2,True,2.91,0.7,False,False,
5857,5857.T,ＡＲＥホールディングス,2025-07,NEW,1,38.93,41.99,False,True,3.06,2025-07,1790.0,1790.0,1790.0,0.0,1906.68,1833.73,1816.61,False,False,False,True,True,True,True,366983.0,2084.0,-14.11,False,2.31,2.5,1.18,False,1,False,-0.69,0.25,False,False,
3697,3697.T,ＳＨＩＦＴ,2025-07,CONTINUE,11,67.87,70.92,False,False,3.05,2024-09,910.67,1602.5,1602.5,75.97,871.13,851.31,1332.31,True,True,False,False,True,False,False,13905000.0,2406.0,-62.15,False,0.77,4.7,0.96,True,4,True,-34.12,3.68,False,False,
8739,8739.T,スパークス・グループ,2025-07,CONTINUE,7,35.94,38.87,True,False,2.93,2025-01,1470.0,1501.0,1501.0,2.11,1472.72,1425.84,1525.45,False,True,False,False,False,True,False,41637.0,1969.0,-25.34,False,0.69,1.62,0.89,True,4,False,-6.13,-0.79,False,False,
5192,5192.T,三ツ星ベルト,2025-07,NEW,1,27.75,30.63,True,True,2.88,2025-07,3600.0,3600.0,3600.0,0.0,3453.2,3493.53,3764.55,True,True,False,False,False,False,False,73797.0,4620.0,-22.08,False,0.77,1.13,1.08,False,4,True,-6.93,1.83,False,False,
2726,2726.T,パルグループホールディングス,2025-07,NEW,1,80.91,83.74,True,True,2.82,2025-07,2520.0,2520.0,2520.0,0.0,2122.9,1954.67,1718.24,True,True,True,True,True,True,True,1467273.0,2510.0,0.4,True,0.85,3.49,0.98,True,2,True,71.83,9.72,False,True,BREAKOUT
8344,8344.T,山形銀行,2025-07,CONTINUE,6,66.15,68.96,True,False,2.81,2025-02,1371.0,1531.0,1531.0,11.67,1262.44,1075.76,1086.27,True,True,True,False,True,True,True,194303.0,1460.0,-6.1,False,0.72,2.43,0.71,True,1,True,31.08,8.14,False,False,
9009,9009.T,京成電鉄,2025-07,CONTINUE,8,28.39,31.19,True,False,2.8,2024-12,1418.5,1275.5,1275.5,-10.08,1426.32,1389.31,1637.62,False,True,False,False,True,False,False,5625257.0,2558.67,-44.56,False,0.3,2.37,0.96,True,4,False,-17.24,1.25,False,False,
9202,9202.T,ＡＮＡホールディングス,2025-07,NEW,1,39.88,42.61,False,True,2.73,2025-07,2808.0,2808.0,2808.0,0.0,2909.12,2834.3,2853.8,False,False,False,False,True,True,False,1939257.0,3108.0,-9.65,False,1.55,1.62,1.12,False,4,False,-1.24,-1.7,False,False,
3591,3591.T,ワコールホールディングス,2025-07,NEW,1,76.94,79.63,True,True,2.68,2025-07,5480.0,5480.0,5480.0,0.0,5091.76,4966.24,5026.65,True,True,True,False,True,True,True,161133.0,5623.0,-2.54,False,0.87,1.78,1.26,False,2,True,12.06,4.28,False,False,
7202,7202.T,いすゞ自動車,2025-07,NEW,1,44.32,46.97,True,True,2.65,2025-07,1947.5,1947.5,1947.5,0.0,1910.2,1888.46,1964.43,True,True,False,False,True,False,False,3194230.0,2242.5,-13.15,False,0.89,2.34,1.05,False,4,True,-3.62,-0.09,False,False,
9037,9037.T,ハマキョウレックス,2025-07,NEW,1,81.06,83.68,True,True,2.62,2025-07,1465.0,1465.0,1465.0,0.0,1401.28,1345.8,1309.81,True,True,True,True,True,True,True,121753.0,1467.0,-0.14,False,1.13,1.77,1.09,False,2,True,13.41,0.16,True,True,MVP
7599,7599.T,ＩＤＯＭ,2025-07,CONTINUE,2,30.68,33.24,False,False,2.57,2025-06,1060.0,984.0,984.0,-7.17,1053.64,1086.79,1096.01,True,False,False,False,True,False,False,267730.0,1487.0,-28.72,False,0.88,1.81,0.82,True,1,True,-10.82,-0.74,False,False,
3153,3153.T,八洲電機,2025-07,NEW,1,61.17,63.68,True,True,2.51,2025-07,1784.0,1784.0,1784.0,0.0,1709.84,1696.79,1686.56,True,True,True,True,True,True,True,31333.0,1916.0,-6.89,False,0.91,2.03,1.1,False,2,True,2.42,-0.14,False,False,
9742,9742.T,アイネス,2025-07,NEW,1,52.99,55.47,False,True,2.48,2025-07,1769.0,1769.0,1769.0,0.0,1691.36,1661.28,1704.59,True,True,True,False,True,True,True,38623.0,1947.0,-9.14,False,1.12,1.8,0.9,True,2,True,4.2,0.54,True,False,
4004,4004.T,レゾナック・ホールディングス,2025-07,NEW,1,52.68,55.14,True,True,2.46,2025-07,3664.0,3664.0,3664.0,0.0,3510.0,3091.04,3478.22,True,True,True,False,True,True,True,1265457.0,4257.0,-13.93,False,0.85,2.03,0.97,True,3,True,14.98,2.65,False,False,
8060,8060.T,キヤノンマーケティングジャパン,2025-07,NEW,1,80.55,83.0,True,True,2.45,2025-07,2741.0,2741.0,2741.0,0.0,2619.66,2608.88,2513.05,True,True,True,True,False,True,True,376793.0,2888.0,-5.09,False,2.02,2.38,1.34,False,2,True,12.68,2.76,False,False,
9418,9418.T,Ｕ－ＮＥＸＴＨＯＬＤＩＮＧＳ,2025-07,CONTINUE,5,63.89,66.34,False,False,2.45,2025-03,1759.0,2051.0,2051.0,16.6,1744.92,1744.53,1690.02,True,True,True,True,False,True,True,624707.0,1933.33,-9.02,False,0.7,2.08,0.9,True,2,True,3.66,0.24,False,False,
5803,5803.T,フジクラ,2025-07,NEW,1,82.79,85.17,True,True,2.37,2025-07,1729.17,1729.17,1729.17,0.0,1354.55,1122.49,1034.55,True,True,True,True,True,True,True,108416620.0,1635.5,5.73,True,1.13,3.45,1.18,False,2,True,117.37,13.67,False,True,BREAKOUT
6996,6996.T,ニチコン,2025-07,CONTINUE,8,60.1,62.44,True,False,2.34,2024-12,1097.0,1303.0,1303.0,18.78,1048.36,1020.84,1114.24,True,True,False,False,False,True,False,239513.0,1387.0,-20.91,False,1.05,1.89,0.98,True,4,True,-2.24,1.26,False,False,
2810,2810.T,ハウス食品グループ本社,2025-07,CONTINUE,2,45.25,47.5,True,True,2.25,2025-06,2802.5,2795.5,2795.5,-0.25,2780.4,2791.25,2850.85,True,True,False,False,True,False,False,219347.0,3100.0,-9.6,False,0.82,1.02,1.09,False,4,True,-2.0,-0.26,False,False,
1786,1786.T,オリエンタル白石,2025-07,NEW,1,59.46,61.7,True,True,2.24,2025-07,386.0,386.0,386.0,0.0,374.6,371.32,376.64,True,True,True,False,True,True,False,346273.0,402.0,-3.98,False,0.7,1.13,0.86,True,3,True,3.97,0.76,False,False,
6768,6768.T,タムラ製作所,2025-07,NEW,1,26.59,28.8,False,True,2.21,2025-07,486.0,486.0,486.0,0.0,487.44,463.4,510.27,False,True,False,False,True,False,False,360970.0,730.0,-33.42,False,1.1,2.91,0.9,True,4,True,-10.81,-2.1,False,False,
2207,2207.T,ｍｅｉｔｏ,2025-07,NEW,1,64.56,66.77,True,True,2.2,2025-07,2120.0,2120.0,2120.0,0.0,2066.72,2046.21,1983.89,True,True,True,True,True,True,True,16213.0,2183.0,-2.89,False,0.95,1.05,0.95,True,2,True,6.27,0.13,False,False,
9302,9302.T,三井倉庫ホールディングス,2025-07,CONTINUE,3,97.83,100.0,True,False,2.17,2025-05,3810.0,3935.0,3935.0,3.28,3358.05,2906.55,2494.24,True,True,True,True,True,True,True,405417.0,3795.0,0.4,True,0.88,2.4,0.78,True,2,True,89.15,11.35,True,True,BOTH
3393,3393.T,スターティアホールディングス,2025-07,CONTINUE,2,64.08,66.14,False,False,2.06,2025-06,2788.0,2643.0,2643.0,-5.2,2749.64,2369.39,2227.93,True,True,True,True,True,True,True,56537.0,2874.0,-2.99,False,0.58,1.87,0.97,True,2,True,28.21,-0.1,False,False,
9107,9107.T,川崎汽船,2025-07,CONTINUE,2,45.15,47.21,False,False,2.06,2025-06,2044.0,2142.5,2142.5,4.82,2084.26,2028.11,2071.07,False,True,False,False,True,False,True,5293087.0,2796.0,-26.9,False,0.96,2.38,0.86,True,4,False,-3.89,-0.06,False,False,
6326,6326.T,クボタ,2025-07,NEW,1,22.62,24.61,True,True,1.99,2025-07,1689.5,1689.5,1689.5,0.0,1646.94,1628.6,1793.59,True,True,False,False,True,False,False,3812047.0,2281.5,-25.95,False,0.74,2.24,1.05,False,4,True,-9.44,1.43,False,False,
5821,5821.T,平河ヒューテック,2025-07,NEW,1,58.44,60.38,True,True,1.95,2025-07,1639.0,1639.0,1639.0,0.0,1469.2,1404.23,1455.41,True,True,True,False,False,True,True,47393.0,1679.0,-2.38,False,1.34,2.43,1.06,False,1,True,20.51,6.6,True,True,MVP
1663,1663.T,Ｋ＆Ｏエナジーグループ,2025-07,NEW,1,32.13,34.05,False,True,1.92,2025-07,1457.0,1457.0,1457.0,0.0,1407.34,1423.06,1534.08,True,True,False,False,False,False,False,333707.0,1992.5,-26.88,False,1.53,1.95,1.14,False,4,True,-5.78,1.9,False,False,
9759,9759.T,ＮＳＤ,2025-07,CONTINUE,2,79.79,81.71,True,False,1.92,2025-06,3570.0,3612.0,3612.0,1.18,3534.04,3436.89,3372.83,True,True,True,True,True,True,True,140850.0,3629.0,-1.63,False,1.04,1.65,1.06,False,2,True,7.13,-0.43,False,False,
8604,8604.T,野村ホールディングス,2025-07,NEW,1,52.83,54.74,True,True,1.9,2025-07,1005.0,1005.0,1005.0,0.0,950.25,884.31,902.96,True,True,True,False,True,True,True,11679723.0,1080.0,-6.94,False,1.21,1.85,1.15,False,2,True,17.62,2.68,False,False,
2670,2670.T,エービーシー・マート,2025-07,NEW,1,44.52,46.37,True,True,1.85,2025-07,2829.0,2829.0,2829.0,0.0,2935.36,2847.17,2963.89,False,False,False,False,True,True,False,585543.0,3358.0,-15.75,False,0.95,1.92,0.81,True,4,False,-0.73,-1.37,False,False,
5801,5801.T,古河電気工業,2025-07,NEW,1,71.14,72.97,True,True,1.82,2025-07,919.5,919.5,919.5,0.0,758.22,636.98,605.57,True,True,True,True,True,True,True,46215167.0,906.8,1.4,True,1.24,4.18,1.15,False,2,True,106.86,13.63,True,True,BOTH
3486,3486.T,グローバル・リンク・マネジメント,2025-07,CONTINUE,10,90.26,92.06,True,False,1.8,2024-10,1155.5,2221.0,2221.0,92.21,1137.78,1083.67,1199.72,True,True,False,False,True,True,False,88287.0,1605.0,-28.01,False,0.71,2.57,0.94,True,4,False,3.84,0.73,False,False,
4204,4204.T,積水化学工業,2025-07,NEW,1,66.87,68.66,True,True,1.79,2025-07,2632.5,2632.5,2632.5,0.0,2574.42,2506.97,2464.1,True,True,True,True,True,True,True,1505870.0,2840.0,-7.31,False,0.9,1.65,1.12,False,2,True,10.94,1.36,False,False,
8304,8304.T,あおぞら銀行,2025-07,NEW,1,45.67,47.46,True,True,1.79,2025-07,2217.5,2217.5,2217.5,0.0,2169.5,2077.93,2257.66,True,True,False,False,True,True,False,1084690.0,2766.0,-19.83,False,0.79,1.81,1.1,False,4,True,-1.29,1.2,False,False,
9602,9602.T,東宝,2025-07,CONTINUE,15,82.86,84.61,True,True,1.75,2024-05,992.6,1907.4,1907.4,92.16,1005.41,998.46,1016.29,False,False,False,False,False,True,False,2705333.0,1186.6,-16.35,False,0.98,2.16,1.02,False,4,False,-4.51,-2.45,False,False,
2607,2607.T,不二製油,2025-07,NEW,1,57.0,58.69,False,True,1.69,2025-07,2852.5,2852.5,2852.5,0.0,2814.98,2940.1,3092.35,True,False,False,False,False,False,False,278200.0,3722.0,-23.36,False,0.79,1.92,1.07,False,4,True,-10.78,-0.34,False,False,
9072,9072.T,ニッコンホールディングス,2025-07,CONTINUE,13,98.07,99.72,True,True,1.65,2024-07,1895.5,3412.0,3412.0,80.01,1832.9,1624.47,1581.38,True,True,True,True,True,True,True,757420.0,1885.0,0.56,True,0.51,1.6,1.03,False,1,True,22.73,-0.23,False,True,BREAKOUT
8697,8697.T,日本取引所グループ,2025-07,NEW,1,30.97,32.56,True,True,1.58,2025-07,1480.0,1480.0,1480.0,0.0,1479.08,1541.58,1653.36,True,False,False,False,False,False,False,3299080.0,1974.5,-25.04,False,0.88,1.9,1.01,False,4,False,-13.71,-0.88,False,False,
6516,6516.T,山洋電気,2025-07,NEW,1,63.91,65.47,False,True,1.56,2025-07,3133.33,3133.33,3133.33,0.0,3207.6,3232.09,3046.3,False,False,True,False,False,True,True,110250.0,3503.33,-10.56,False,2.47,2.68,1.34,False,2,False,5.41,-3.81,False,False,
4680,4680.T,ラウンドワン,2025-07,NEW,1,71.64,73.14,True,True,1.5,2025-07,1558.0,1558.0,1558.0,0.0,1501.2,1223.84,1166.51,True,True,True,True,True,True,True,2263650.0,1581.0,-1.45,False,0.68,2.45,0.95,True,2,True,63.26,4.17,False,False,
5019,5019.T,出光興産,2025-07,NEW,1,41.37,42.82,True,True,1.45,2025-07,968.8,968.8,968.8,0.0,917.3,888.7,978.22,True,True,False,False,True,False,False,5017127.0,1190.5,-18.62,False,0.55,1.41,0.93,True,4,True,0.52,3.28,False,False,
5110,5110.T,住友ゴム工業,2025-07,NEW,1,48.45,49.9,True,True,1.45,2025-07,1734.5,1734.5,1734.5,0.0,1690.16,1717.1,1722.22,True,True,True,False,True,False,True,1370803.0,1990.0,-12.84,False,1.11,1.73,1.15,False,2,True,2.62,-0.33,False,False,
1926,1926.T,ライト工業,2025-07,CONTINUE,6,87.54,88.96,True,False,1.42,2025-02,2525.0,3125.0,3125.0,23.76,2417.64,2266.49,2178.14,True,True,True,True,True,True,True,187110.0,2709.0,-6.79,False,1.06,3.18,0.71,True,2,True,22.04,5.79,False,False,
4027,4027.T,テイカ,2025-07,NEW,1,24.22,25.63,False,True,1.41,2025-07,1244.0,1244.0,1244.0,0.0,1275.08,1300.29,1442.2,False,False,False,False,False,False,False,50770.0,1798.0,-30.81,False,0.93,2.29,0.94,True,4,False,-14.51,-2.23,False,False,
8306,8306.T,三菱ＵＦＪフィナンシャル  ･グループ,2025-07,NEW,1,63.34,64.66,True,True,1.33,2025-07,2110.5,2110.5,2110.5,0.0,2019.44,1923.73,1869.8,True,True,True,True,True,True,True,38805373.0,2239.5,-5.76,False,0.84,2.09,1.16,False,2,True,19.09,0.54,False,False,
6702,6702.T,富士通,2025-07,CONTINUE,3,73.87,75.18,False,False,1.31,2025-05,3318.0,3305.0,3305.0,-0.39,3235.32,3052.42,2900.05,True,True,True,True,True,True,True,4632730.0,3370.0,-1.54,False,0.99,2.32,1.01,False,2,True,24.53,2.97,False,False,
3405,3405.T,クラレ,2025-07,NEW,1,48.94,50.23,False,True,1.3,2025-07,1878.5,1878.5,1878.5,0.0,1849.8,1781.62,1955.68,True,True,False,False,True,True,False,1013320.0,2371.5,-20.79,False,0.85,1.59,1.21,False,4,True,-0.22,1.03,False,False,
4413,4413.T,ボードルア,2025-07,CONTINUE,3,65.85,66.98,False,False,1.13,2025-05,3375.0,2882.0,2882.0,-14.61,3063.0,2693.6,2567.32,True,True,True,True,True,True,True,284450.0,3365.0,0.3,True,0.63,3.77,1.02,False,1,True,52.54,4.36,False,True,BREAKOUT
6506,6506.T,安川電機,2025-07,NEW,1,22.98,24.07,True,True,1.09,2025-07,3182.0,3182.0,3182.0,0.0,3085.78,3125.57,3765.78,True,True,False,False,False,False,False,3153047.0,5526.0,-42.42,False,0.95,3.9,1.18,False,4,True,-17.13,3.93,False,False,
3741,3741.T,セック,2025-07,CONTINUE,8,66.44,67.5,True,True,1.06,2024-12,2440.0,2620.0,2620.0,7.38,2113.5,2097.57,2177.41,True,True,True,False,True,True,False,53827.0,2850.0,-14.39,False,1.87,3.16,1.49,False,3,True,7.7,3.93,True,False,
5020,5020.T,ＥＮＥＯＳホールディングス,2025-07,NEW,1,47.84,48.8,False,True,0.96,2025-07,793.6,793.6,793.6,0.0,742.66,710.32,764.06,True,True,True,False,True,False,False,10373433.0,863.8,-8.13,False,0.89,1.45,1.01,False,3,True,6.54,4.18,False,False,
7071,7071.T,アンビスホールディングス,2025-07,NEW,1,25.16,26.1,True,True,0.94,2025-07,523.0,523.0,523.0,0.0,498.24,470.81,752.5,True,True,False,False,True,True,False,571950.0,2759.0,-81.04,False,1.08,3.28,1.07,False,4,True,-29.0,1.38,False,False,
9543,9543.T,静岡ガス,2025-07,CONTINUE,2,61.49,62.41,True,True,0.93,2025-06,1070.0,1133.0,1133.0,5.89,1076.84,1110.36,1063.57,False,False,True,False,False,True,True,112050.0,1191.0,-10.16,False,1.38,1.3,1.01,False,2,False,0.81,-0.99,False,False,
3034,3034.T,クオールホールディングス,2025-07,CONTINUE,7,66.08,66.94,True,True,0.86,2025-01,1470.0,2025.0,2025.0,37.76,1444.68,1442.01,1485.36,True,True,False,False,False,True,False,56663.0,1863.0,-21.1,False,0.89,1.55,0.98,True,4,True,-5.01,1.58,False,False,
8309,8309.T,三井住友トラストグループ,2025-07,NEW,1,57.42,58.26,False,True,0.84,2025-07,3977.0,3977.0,3977.0,0.0,3908.28,3729.92,3699.81,True,True,True,True,True,True,True,2187490.0,4110.0,-3.24,False,1.04,1.79,1.14,False,2,True,10.63,0.15,False,False,
4337,4337.T,ぴあ,2025-07,NEW,1,48.49,49.27,True,True,0.78,2025-07,2980.0,2980.0,2980.0,0.0,2907.0,2834.67,2940.4,True,True,True,False,False,True,False,24567.0,3275.0,-9.01,False,1.0,1.49,0.91,True,3,True,3.64,1.15,False,False,
7921,7921.T,ＴＡＫＡＲＡ＆ＣＯＭＰＡＮＹ,2025-07,CONTINUE,7,69.22,70.0,True,True,0.78,2025-01,3120.0,3560.0,3560.0,14.1,2976.44,2824.23,2813.14,True,True,True,True,True,True,True,60033.0,3450.0,-9.57,False,0.83,4.17,1.22,False,2,True,14.43,6.03,False,False,
4041,4041.T,日本曹達,2025-07,CONTINUE,10,73.47,74.24,True,True,0.77,2024-10,2553.0,3430.0,3430.0,34.35,2508.48,2532.43,2714.59,True,True,False,False,True,False,False,150503.0,3135.0,-18.56,False,1.29,1.32,0.99,True,4,False,-7.3,0.8,False,False,
8793,8793.T,ＮＥＣキャピタルソリューション,2025-07,NEW,1,49.39,50.0,True,True,0.61,2025-07,3860.0,3860.0,3860.0,0.0,3887.2,3825.27,3812.18,False,True,True,True,True,True,True,27483.0,4375.0,-11.77,False,1.67,1.7,1.22,False,2,False,-3.36,-0.89,False,False,
5262,5262.T,日本ヒューム,2025-07,NEW,1,89.67,90.27,True,True,0.6,2025-07,1315.0,1315.0,1315.0,0.0,1162.2,1026.99,856.45,True,True,True,True,True,True,True,972513.0,1300.0,1.15,True,0.93,3.9,0.91,True,2,True,77.27,6.24,False,True,BREAKOUT
9882,9882.T,イエローハット,2025-07,CONTINUE,3,82.92,83.51,True,True,0.6,2025-05,1514.0,1595.0,1595.0,5.35,1464.52,1412.68,1330.2,True,True,True,True,True,True,True,209150.0,1579.0,-4.12,False,0.9,2.16,0.76,True,2,True,20.9,1.63,False,False,
8798,8798.T,アドバンスクリエイト,2025-07,CONTINUE,4,25.41,25.99,False,False,0.58,2025-04,309.0,278.0,278.0,-10.03,276.12,402.83,676.03,True,False,False,False,False,False,False,84843.0,1130.0,-72.65,False,0.65,4.48,0.61,True,4,True,-57.32,2.87,False,False,
4272,4272.T,日本化薬,2025-07,CONTINUE,9,60.57,61.13,True,True,0.56,2024-11,1260.0,1415.0,1415.0,12.3,1229.92,1255.42,1267.93,True,True,False,False,False,False,False,546837.0,1423.5,-11.49,False,1.34,2.06,0.91,True,4,True,-2.79,1.79,False,False,
6954,6954.T,ファナック,2025-07,NEW,1,47.95,48.51,True,True,0.55,2025-07,4271.0,4271.0,4271.0,0.0,3960.68,3814.99,4047.57,True,True,True,False,True,False,False,3958050.0,4847.0,-11.88,False,1.25,3.48,1.38,False,1,True,6.19,4.56,False,False,
6088,6088.T,シグマクシス・ホールディングス,2025-07,CONTINUE,10,83.33,83.86,True,False,0.53,2024-10,864.5,1211.0,1211.0,40.08,856.94,780.99,780.37,True,True,True,True,True,True,True,407420.0,926.0,-6.64,False,1.06,2.24,0.96,True,1,True,18.3,2.66,False,False,
7198,7198.T,ＳＢＩアルヒ,2025-07,NEW,1,48.72,49.18,True,True,0.46,2025-07,833.0,833.0,833.0,0.0,823.04,797.4,815.98,True,True,True,False,True,True,True,96157.0,948.0,-12.13,False,1.18,1.79,0.94,True,1,True,0.05,-0.12,False,False,
4956,4956.T,コニシ,2025-07,NEW,1,49.8,50.22,True,True,0.42,2025-07,1222.0,1222.0,1222.0,0.0,1180.72,1138.75,1215.37,True,True,True,False,True,True,False,104143.0,1407.0,-13.15,False,1.31,1.77,1.04,False,3,True,1.59,1.21,False,False,
1939,1939.T,四電工,2025-07,NEW,1,56.94,57.31,True,True,0.37,2025-07,1338.0,1338.0,1338.0,0.0,1305.28,1289.28,1360.94,True,True,False,False,True,True,True,90900.0,1637.0,-18.27,False,1.19,1.26,1.04,False,4,True,0.44,-0.3,False,False,
5406,5406.T,神戸製鋼所,2025-07,CONTINUE,6,30.99,31.35,False,False,0.36,2025-02,1770.0,1663.5,1663.5,-6.02,1697.56,1610.97,1743.61,True,True,True,False,True,True,False,3197093.0,2186.5,-19.05,False,0.95,2.38,0.69,True,3,True,-0.31,2.98,False,False,
9142,9142.T,九州旅客鉄道,2025-07,NEW,1,55.31,55.67,False,True,0.36,2025-07,3660.0,3660.0,3660.0,0.0,3679.88,3749.33,3790.68,False,False,False,False,False,False,False,484897.0,4253.0,-13.94,False,1.16,0.99,0.97,True,4,False,-1.89,-0.71,False,False,
2681,2681.T,ゲオホールディングス,2025-07,NEW,1,47.16,47.46,True,True,0.31,2025-07,1653.0,1653.0,1653.0,0.0,1594.24,1668.48,1674.39,True,False,False,False,True,False,True,211223.0,1988.0,-16.85,False,0.92,1.74,0.93,True,1,False,-5.73,-0.61,False,False,
4471,4471.T,三洋化成工業,2025-07,NEW,1,48.78,49.08,True,True,0.3,2025-07,3965.0,3965.0,3965.0,0.0,3800.4,3709.47,3887.12,True,True,True,False,True,True,False,34400.0,4285.0,-7.47,False,1.36,1.19,0.93,True,3,True,3.07,1.58,False,False,
6474,6474.T,不二越,2025-07,NEW,1,43.32,43.51,True,True,0.19,2025-07,3235.0,3235.0,3235.0,0.0,3159.2,3067.05,3174.32,True,True,True,False,True,False,True,50287.0,3700.0,-12.57,False,0.73,2.72,0.85,True,2,True,1.03,0.46,False,False,
9005,9005.T,東急,2025-07,NEW,1,41.32,41.49,True,True,0.17,2025-07,1706.0,1706.0,1706.0,0.0,1691.02,1724.37,1748.18,True,False,False,False,False,False,False,1346587.0,2055.0,-16.98,False,0.88,1.14,1.1,False,4,True,-2.99,-0.16,False,False,
9644,9644.T,タナベコンサルティンググループ,2025-07,CONTINUE,5,68.21,68.39,True,False,0.17,2025-03,615.0,794.0,794.0,29.11,673.7,628.11,612.51,False,False,True,True,True,True,True,23093.0,769.5,-20.08,False,1.14,3.04,1.11,False,2,False,5.81,-4.03,False,False,
7389,7389.T,あいちフィナンシャルグループ,2025-07,NEW,1,49.84,49.92,True,True,0.08,2025-07,543.8,543.8,543.8,0.0,527.82,518.6,512.76,True,True,True,True,True,False,True,654450.0,608.0,-10.56,False,0.94,2.03,1.15,False,2,True,5.68,0.74,False,False,
