code,ticker,name,signal_month,status,months_active,rsi14,rsi5,rsi14_up,rsi5_up,diff,gc_month,gc_price,signal_month_close,period_price,return_since_gc_pct,sma25,sma75,sma200,price_above_sma25,price_above_sma75,price_above_sma200,perfect_order,sma25_up,sma75_up,sma200_up,avg_volume30,high52_price,high52_distance_pct,high52_breakout,volume_ratio_5_30,atr14_pct,atr_ratio_10_20,vcp_tight,stage,supertrend_up,rsr_score,rsr_momentum,mvp_signal,cosmos_focus,cosmos_focus_type,sector,industry,quote_type,exit_month,exit_price,return_at_exit_pct,per,forward_per,pbr,book_value,forward_annual_dividend,trailing_annual_dividend,dividend_change_pct,dividend_yield_pct,payout_ratio_pct,roe_pct,roa_pct,profit_margin_pct,operating_margin_pct,revenue_growth_pct,earnings_growth_pct,current_ratio,quick_ratio,debt_to_equity_pct,equity_ratio_pct,market_cap_oku,enterprise_value_oku,operating_cashflow_oku,free_cashflow_oku,total_cash_oku,total_debt_oku,ebitda_oku,beta,shares_outstanding_million,data_completeness_pct,next_earnings_date,earnings_date_start,earnings_date_end,ex_dividend_date,last_dividend_date,signal_version,monthly_rsi14,monthly_rsi_ma5,monthly_rsi14_up,monthly_rsi_ma5_up,monthly_rsi_spread
1375,1375.T,ユキグニファクトリー,2025-02,OUT,5,52.78,59.7,True,True,6.92,2024-10,1047.0,1185.0,1185.0,13.18,,,,,,,,,,,,,,,,,,,,,,,,,,,,,2025-03,1126.0,7.55,,,,,,,,,,,,,,,,,,,,,,,,,,,,,,,,,,,tv_wilder_rsi14_sma5_v1,59.7,52.78,True,True,6.92
1420,1420.T,サンヨーホームズ,2025-02,OUT,3,47.82,51.26,True,True,3.44,2024-12,734.0,730.0,730.0,-0.54,,,,,,,,,,,,,,,,,,,,,,,,,,,,,2025-03,695.0,-5.31,,,,,,,,,,,,,,,,,,,,,,,,,,,,,,,,,,,tv_wilder_rsi14_sma5_v1,51.26,47.82,True,True,3.44
1446,1446.T,キャンディル,2025-02,OUT,3,47.84,52.03,True,True,4.2,2024-12,577.0,586.0,586.0,1.56,,,,,,,,,,,,,,,,,,,,,,,,,,,,,2025-03,550.0,-4.68,,,,,,,,,,,,,,,,,,,,,,,,,,,,,,,,,,,tv_wilder_rsi14_sma5_v1,52.03,47.84,True,True,4.2
1711,1711.T,ＳＤＳホールディングス,2025-02,OUT,3,44.92,45.34,True,False,0.42,2024-12,345.0,304.0,304.0,-11.88,,,,,,,,,,,,,,,,,,,,,,,,,,,,,2025-03,268.0,-22.32,,,,,,,,,,,,,,,,,,,,,,,,,,,,,,,,,,,tv_wilder_rsi14_sma5_v1,45.34,44.92,False,True,0.42
1717,1717.T,明豊ファシリティワークス,2025-02,OUT,3,60.76,64.38,True,True,3.62,2024-12,922.0,932.0,932.0,1.08,,,,,,,,,,,,,,,,,,,,,,,,,,,,,2025-03,910.0,-1.3,,,,,,,,,,,,,,,,,,,,,,,,,,,,,,,,,,,tv_wilder_rsi14_sma5_v1,64.38,60.76,True,True,3.62
1770,1770.T,藤田エンジニアリング,2025-02,OUT,4,64.11,64.59,True,False,0.48,2024-11,1444.0,1495.0,1495.0,3.53,,,,,,,,,,,,,,,,,,,,,,,,,,,,,2025-03,1495.0,3.53,,,,,,,,,,,,,,,,,,,,,,,,,,,,,,,,,,,tv_wilder_rsi14_sma5_v1,64.59,64.11,False,True,0.48
1780,1780.T,ヤマウラ,2025-02,OUT,3,50.37,54.3,True,True,3.93,2024-12,1249.0,1287.0,1287.0,3.04,,,,,,,,,,,,,,,,,,,,,,,,,,,,,2025-03,1204.0,-3.6,,,,,,,,,,,,,,,,,,,,,,,,,,,,,,,,,,,tv_wilder_rsi14_sma5_v1,54.3,50.37,True,True,3.93
1795,1795.T,マサル,2025-02,OUT,2,57.99,59.4,True,False,1.41,2025-01,3850.0,3850.0,3850.0,0.0,,,,,,,,,,,,,,,,,,,,,,,,,,,,,2025-03,3785.0,-1.69,,,,,,,,,,,,,,,,,,,,,,,,,,,,,,,,,,,tv_wilder_rsi14_sma5_v1,59.4,57.99,False,True,1.41
1801,1801.T,大成建設,2025-02,OUT,1,66.08,67.16,True,True,1.08,2025-02,6756.0,6756.0,6756.0,0.0,,,,,,,,,,,,,,,,,,,,,,,,,,,,,2025-03,6609.0,-2.18,,,,,,,,,,,,,,,,,,,,,,,,,,,,,,,,,,,tv_wilder_rsi14_sma5_v1,67.16,66.08,True,True,1.08
1803,1803.T,清水建設,2025-02,OUT,8,68.81,74.5,True,True,5.69,2024-07,950.7,1378.5,1378.5,45.0,,,,,,,,,,,,,,,,,,,,,,,,,,,,,2025-03,1323.5,39.21,,,,,,,,,,,,,,,,,,,,,,,,,,,,,,,,,,,tv_wilder_rsi14_sma5_v1,74.5,68.81,True,True,5.69
1810,1810.T,松井建設,2025-02,OUT,5,58.4,61.59,True,True,3.19,2024-10,840.0,917.0,917.0,9.17,,,,,,,,,,,,,,,,,,,,,,,,,,,,,2025-03,890.0,5.95,,,,,,,,,,,,,,,,,,,,,,,,,,,,,,,,,,,tv_wilder_rsi14_sma5_v1,61.59,58.4,True,True,3.19
1811,1811.T,錢高組,2025-02,OUT,4,50.99,56.53,True,True,5.54,2024-11,3950.0,4275.0,4275.0,8.23,,,,,,,,,,,,,,,,,,,,,,,,,,,,,2025-03,3860.0,-2.28,,,,,,,,,,,,,,,,,,,,,,,,,,,,,,,,,,,tv_wilder_rsi14_sma5_v1,56.53,50.99,True,True,5.54
1826,1826.T,佐田建設,2025-02,OUT,4,79.64,84.27,True,True,4.63,2024-11,953.0,1124.0,1124.0,17.94,,,,,,,,,,,,,,,,,,,,,,,,,,,,,2025-03,1097.0,15.11,,,,,,,,,,,,,,,,,,,,,,,,,,,,,,,,,,,tv_wilder_rsi14_sma5_v1,84.27,79.64,True,True,4.63
1827,1827.T,ナカノフドー建設,2025-02,OUT,4,67.01,73.22,True,True,6.21,2024-11,654.0,797.0,797.0,21.87,,,,,,,,,,,,,,,,,,,,,,,,,,,,,2025-03,769.0,17.58,,,,,,,,,,,,,,,,,,,,,,,,,,,,,,,,,,,tv_wilder_rsi14_sma5_v1,73.22,67.01,True,True,6.21
1853,1853.T,森組,2025-02,OUT,2,47.51,51.97,True,True,4.46,2025-01,313.0,320.0,320.0,2.24,,,,,,,,,,,,,,,,,,,,,,,,,,,,,2025-03,301.0,-3.83,,,,,,,,,,,,,,,,,,,,,,,,,,,,,,,,,,,tv_wilder_rsi14_sma5_v1,51.97,47.51,True,True,4.46
1898,1898.T,世紀東急工業,2025-02,OUT,3,54.37,55.3,True,True,0.94,2024-12,1561.0,1555.0,1555.0,-0.38,,,,,,,,,,,,,,,,,,,,,,,,,,,,,2025-03,1513.0,-3.07,,,,,,,,,,,,,,,,,,,,,,,,,,,,,,,,,,,tv_wilder_rsi14_sma5_v1,55.3,54.37,True,True,0.94
1905,1905.T,テノックス,2025-02,OUT,3,53.22,54.77,True,True,1.55,2024-12,1160.0,1156.0,1156.0,-0.34,,,,,,,,,,,,,,,,,,,,,,,,,,,,,2025-03,1105.0,-4.74,,,,,,,,,,,,,,,,,,,,,,,,,,,,,,,,,,,tv_wilder_rsi14_sma5_v1,54.77,53.22,True,True,1.55
1951,1951.T,エクシオグループ,2025-02,OUT,4,62.96,63.91,True,True,0.94,2024-11,1752.5,1734.5,1734.5,-1.03,,,,,,,,,,,,,,,,,,,,,,,,,,,,,2025-03,1680.0,-4.14,,,,,,,,,,,,,,,,,,,,,,,,,,,,,,,,,,,tv_wilder_rsi14_sma5_v1,63.91,62.96,True,True,0.94
1965,1965.T,テクノ菱和,2025-02,OUT,1,75.66,77.52,True,True,1.86,2025-02,3050.0,3050.0,3050.0,0.0,,,,,,,,,,,,,,,,,,,,,,,,,,,,,2025-03,2624.0,-13.97,,,,,,,,,,,,,,,,,,,,,,,,,,,,,,,,,,,tv_wilder_rsi14_sma5_v1,77.52,75.66,True,True,1.86
1972,1972.T,三晃金属工業,2025-02,OUT,4,61.7,72.44,True,False,10.74,2024-11,855.0,1190.0,1190.0,39.18,,,,,,,,,,,,,,,,,,,,,,,,,,,,,2025-03,1104.0,29.12,,,,,,,,,,,,,,,,,,,,,,,,,,,,,,,,,,,tv_wilder_rsi14_sma5_v1,72.44,61.7,False,True,10.74
1981,1981.T,協和日成,2025-02,OUT,3,53.57,53.88,True,False,0.31,2024-12,1409.0,1370.0,1370.0,-2.77,,,,,,,,,,,,,,,,,,,,,,,,,,,,,2025-03,1346.0,-4.47,,,,,,,,,,,,,,,,,,,,,,,,,,,,,,,,,,,tv_wilder_rsi14_sma5_v1,53.88,53.57,False,True,0.31
1992,1992.T,神田通信機,2025-02,OUT,1,77.5,77.54,False,True,0.05,2025-02,2855.0,2855.0,2855.0,0.0,,,,,,,,,,,,,,,,,,,,,,,,,,,,,2025-03,2725.0,-4.55,,,,,,,,,,,,,,,,,,,,,,,,,,,,,,,,,,,tv_wilder_rsi14_sma5_v1,77.54,77.5,True,False,0.05
2109,2109.T,ＤＭ三井製糖,2025-02,OUT,3,64.82,68.19,False,True,3.37,2024-12,3380.0,3515.0,3515.0,3.99,,,,,,,,,,,,,,,,,,,,,,,,,,,,,2025-03,3375.0,-0.15,,,,,,,,,,,,,,,,,,,,,,,,,,,,,,,,,,,tv_wilder_rsi14_sma5_v1,68.19,64.82,True,False,3.37
2112,2112.T,塩水港精糖,2025-02,OUT,4,64.71,67.47,True,False,2.76,2024-11,302.0,354.0,354.0,17.22,,,,,,,,,,,,,,,,,,,,,,,,,,,,,2025-03,326.0,7.95,,,,,,,,,,,,,,,,,,,,,,,,,,,,,,,,,,,tv_wilder_rsi14_sma5_v1,67.47,64.71,False,True,2.76
2136,2136.T,ヒップ,2025-02,OUT,5,59.02,61.92,True,False,2.9,2024-10,1056.0,1169.0,1169.0,10.7,,,,,,,,,,,,,,,,,,,,,,,,,,,,,2025-03,1077.0,1.99,,,,,,,,,,,,,,,,,,,,,,,,,,,,,,,,,,,tv_wilder_rsi14_sma5_v1,61.92,59.02,False,True,2.9
2139,2139.T,中広,2025-02,OUT,2,48.48,49.26,False,False,0.78,2025-01,449.0,443.0,443.0,-1.34,,,,,,,,,,,,,,,,,,,,,,,,,,,,,2025-03,430.0,-4.23,,,,,,,,,,,,,,,,,,,,,,,,,,,,,,,,,,,tv_wilder_rsi14_sma5_v1,49.26,48.48,False,False,0.78
2146,2146.T,ＵＴグループ,2025-02,OUT,1,43.14,43.29,False,True,0.16,2025-02,148.8,148.8,148.8,0.0,,,,,,,,,,,,,,,,,,,,,,,,,,,,,2025-03,136.2,-8.47,,,,,,,,,,,,,,,,,,,,,,,,,,,,,,,,,,,tv_wilder_rsi14_sma5_v1,43.29,43.14,True,False,0.16
2148,2148.T,アイティメディア,2025-02,OUT,2,50.67,52.51,True,False,1.84,2025-01,1666.0,1660.0,1660.0,-0.36,,,,,,,,,,,,,,,,,,,,,,,,,,,,,2025-03,1488.0,-10.68,,,,,,,,,,,,,,,,,,,,,,,,,,,,,,,,,,,tv_wilder_rsi14_sma5_v1,52.51,50.67,False,True,1.84
2160,2160.T,ジーエヌアイグループ,2025-02,OUT,6,61.93,62.36,True,True,0.44,2024-09,2887.0,3375.0,3375.0,16.9,,,,,,,,,,,,,,,,,,,,,,,,,,,,,2025-03,2094.0,-27.47,,,,,,,,,,,,,,,,,,,,,,,,,,,,,,,,,,,tv_wilder_rsi14_sma5_v1,62.36,61.93,True,True,0.44
2170,2170.T,リンクアンドモチベーション,2025-02,OUT,1,50.76,51.34,False,True,0.58,2025-02,573.0,573.0,573.0,0.0,,,,,,,,,,,,,,,,,,,,,,,,,,,,,2025-03,522.0,-8.9,,,,,,,,,,,,,,,,,,,,,,,,,,,,,,,,,,,tv_wilder_rsi14_sma5_v1,51.34,50.76,True,False,0.58
2185,2185.T,シイエム・シイ,2025-02,OUT,4,59.05,59.48,True,False,0.42,2024-11,1420.0,1555.0,1555.0,9.51,,,,,,,,,,,,,,,,,,,,,,,,,,,,,2025-03,1626.0,14.51,,,,,,,,,,,,,,,,,,,,,,,,,,,,,,,,,,,tv_wilder_rsi14_sma5_v1,59.48,59.05,False,True,0.42
2204,2204.T,中村屋,2025-02,OUT,1,47.18,47.47,False,True,0.29,2025-02,3180.0,3180.0,3180.0,0.0,,,,,,,,,,,,,,,,,,,,,,,,,,,,,2025-03,3130.0,-1.57,,,,,,,,,,,,,,,,,,,,,,,,,,,,,,,,,,,tv_wilder_rsi14_sma5_v1,47.47,47.18,True,False,0.29
2224,2224.T,コモ,2025-02,OUT,5,73.88,80.92,True,True,7.03,2024-10,2971.0,3260.0,3260.0,9.73,,,,,,,,,,,,,,,,,,,,,,,,,,,,,2025-03,3100.0,4.34,,,,,,,,,,,,,,,,,,,,,,,,,,,,,,,,,,,tv_wilder_rsi14_sma5_v1,80.92,73.88,True,True,7.03
2267,2267.T,ヤクルト本社,2025-02,OUT,1,41.08,42.25,False,True,1.17,2025-02,3026.0,3026.0,3026.0,0.0,,,,,,,,,,,,,,,,,,,,,,,,,,,,,2025-03,2853.5,-5.7,,,,,,,,,,,,,,,,,,,,,,,,,,,,,,,,,,,tv_wilder_rsi14_sma5_v1,42.25,41.08,True,False,1.17
2307,2307.T,クロスキャット,2025-02,OUT,1,47.22,48.56,False,True,1.34,2025-02,1117.0,1117.0,1117.0,0.0,,,,,,,,,,,,,,,,,,,,,,,,,,,,,2025-03,1034.0,-7.43,,,,,,,,,,,,,,,,,,,,,,,,,,,,,,,,,,,tv_wilder_rsi14_sma5_v1,48.56,47.22,True,False,1.34
2329,2329.T,東北新社,2025-02,OUT,1,69.28,71.14,False,True,1.86,2025-02,653.0,653.0,653.0,0.0,,,,,,,,,,,,,,,,,,,,,,,,,,,,,2025-03,573.0,-12.25,,,,,,,,,,,,,,,,,,,,,,,,,,,,,,,,,,,tv_wilder_rsi14_sma5_v1,71.14,69.28,True,False,1.86
2338,2338.T,クオンタムソリューションズ,2025-02,OUT,4,53.91,59.35,True,True,5.44,2024-11,468.0,610.0,610.0,30.34,,,,,,,,,,,,,,,,,,,,,,,,,,,,,2025-03,495.0,5.77,,,,,,,,,,,,,,,,,,,,,,,,,,,,,,,,,,,tv_wilder_rsi14_sma5_v1,59.35,53.91,True,True,5.44
2376,2376.T,サイネックス,2025-02,OUT,1,53.14,55.25,False,True,2.11,2025-02,790.0,790.0,790.0,0.0,,,,,,,,,,,,,,,,,,,,,,,,,,,,,2025-03,761.0,-3.67,,,,,,,,,,,,,,,,,,,,,,,,,,,,,,,,,,,tv_wilder_rsi14_sma5_v1,55.25,53.14,True,False,2.11
2415,2415.T,ヒューマンホールディングス,2025-02,OUT,3,66.77,70.36,True,True,3.59,2024-12,1585.0,1649.0,1649.0,4.04,,,,,,,,,,,,,,,,,,,,,,,,,,,,,2025-03,1589.0,0.25,,,,,,,,,,,,,,,,,,,,,,,,,,,,,,,,,,,tv_wilder_rsi14_sma5_v1,70.36,66.77,True,True,3.59
2432,2432.T,ディー・エヌ・エー,2025-02,OUT,9,71.57,78.98,True,True,7.41,2024-06,1595.0,3985.0,3985.0,149.84,,,,,,,,,,,,,,,,,,,,,,,,,,,,,2025-03,3510.0,120.06,,,,,,,,,,,,,,,,,,,,,,,,,,,,,,,,,,,tv_wilder_rsi14_sma5_v1,78.98,71.57,True,True,7.41
2497,2497.T,ユナイテッド,2025-02,OUT,2,47.8,49.14,True,False,1.34,2025-01,804.0,803.0,803.0,-0.12,,,,,,,,,,,,,,,,,,,,,,,,,,,,,2025-03,736.0,-8.46,,,,,,,,,,,,,,,,,,,,,,,,,,,,,,,,,,,tv_wilder_rsi14_sma5_v1,49.14,47.8,False,True,1.34
255A,255A.T,ジーエルテクノホールディングス,2025-02,OUT,3,56.56,61.41,True,True,4.85,2024-12,2890.0,3025.0,3025.0,4.67,,,,,,,,,,,,,,,,,,,,,,,,,,,,,2025-03,2905.0,0.52,,,,,,,,,,,,,,,,,,,,,,,,,,,,,,,,,,,tv_wilder_rsi14_sma5_v1,61.41,56.56,True,True,4.85
256A,256A.T,飛島ホールディングス,2025-02,OUT,5,65.39,69.35,True,True,3.96,2024-10,1524.0,1713.0,1713.0,12.4,,,,,,,,,,,,,,,,,,,,,,,,,,,,,2025-03,1645.0,7.94,,,,,,,,,,,,,,,,,,,,,,,,,,,,,,,,,,,tv_wilder_rsi14_sma5_v1,69.35,65.39,True,True,3.96
2579,2579.T,コカ・コーラ　ボトラーズジャパンホールディングス,2025-02,OUT,4,61.73,63.8,True,True,2.06,2024-11,2395.5,2462.5,2462.5,2.8,,,,,,,,,,,,,,,,,,,,,,,,,,,,,2025-03,2443.0,1.98,,,,,,,,,,,,,,,,,,,,,,,,,,,,,,,,,,,tv_wilder_rsi14_sma5_v1,63.8,61.73,True,True,2.06
2593,2593.T,伊藤園,2025-02,OUT,3,34.6,34.98,True,False,0.38,2024-12,3539.0,3312.0,3312.0,-6.41,,,,,,,,,,,,,,,,,,,,,,,,,,,,,2025-03,3197.0,-9.66,,,,,,,,,,,,,,,,,,,,,,,,,,,,,,,,,,,tv_wilder_rsi14_sma5_v1,34.98,34.6,False,True,0.38
2594,2594.T,キーコーヒー,2025-02,OUT,2,48.29,49.74,True,True,1.45,2025-01,2059.0,2060.0,2060.0,0.05,,,,,,,,,,,,,,,,,,,,,,,,,,,,,2025-03,2042.0,-0.83,,,,,,,,,,,,,,,,,,,,,,,,,,,,,,,,,,,tv_wilder_rsi14_sma5_v1,49.74,48.29,True,True,1.45
2612,2612.T,かどや製油,2025-02,OUT,3,48.13,51.82,True,True,3.69,2024-12,1213.33,1226.67,1226.67,1.1,,,,,,,,,,,,,,,,,,,,,,,,,,,,,2025-03,1200.0,-1.1,,,,,,,,,,,,,,,,,,,,,,,,,,,,,,,,,,,tv_wilder_rsi14_sma5_v1,51.82,48.13,True,True,3.69
2676,2676.T,高千穂交易,2025-02,OUT,1,66.77,66.92,False,True,0.15,2025-02,2022.5,2022.5,2022.5,0.0,,,,,,,,,,,,,,,,,,,,,,,,,,,,,2025-03,1960.0,-3.09,,,,,,,,,,,,,,,,,,,,,,,,,,,,,,,,,,,tv_wilder_rsi14_sma5_v1,66.92,66.77,True,False,0.15
2705,2705.T,大戸屋ホールディングス,2025-02,OUT,2,63.81,66.22,True,True,2.41,2025-01,5090.0,5190.0,5190.0,1.96,,,,,,,,,,,,,,,,,,,,,,,,,,,,,2025-03,5090.0,0.0,,,,,,,,,,,,,,,,,,,,,,,,,,,,,,,,,,,tv_wilder_rsi14_sma5_v1,66.22,63.81,True,True,2.41
2735,2735.T,ワッツ,2025-02,OUT,1,49.6,51.94,False,True,2.33,2025-02,719.0,719.0,719.0,0.0,,,,,,,,,,,,,,,,,,,,,,,,,,,,,2025-03,667.0,-7.23,,,,,,,,,,,,,,,,,,,,,,,,,,,,,,,,,,,tv_wilder_rsi14_sma5_v1,51.94,49.6,True,False,2.33
2750,2750.T,石光商事,2025-02,OUT,3,53.85,57.59,True,False,3.73,2024-12,832.0,900.0,900.0,8.17,,,,,,,,,,,,,,,,,,,,,,,,,,,,,2025-03,861.0,3.49,,,,,,,,,,,,,,,,,,,,,,,,,,,,,,,,,,,tv_wilder_rsi14_sma5_v1,57.59,53.85,False,True,3.73
2760,2760.T,東京エレクトロン　デバイス,2025-02,OUT,1,44.23,44.26,False,True,0.03,2025-02,3160.0,3160.0,3160.0,0.0,,,,,,,,,,,,,,,,,,,,,,,,,,,,,2025-03,2966.0,-6.14,,,,,,,,,,,,,,,,,,,,,,,,,,,,,,,,,,,tv_wilder_rsi14_sma5_v1,44.26,44.23,True,False,0.03
2818,2818.T,ピエトロ,2025-02,OUT,1,41.41,45.59,True,True,4.18,2025-02,1762.0,1762.0,1762.0,0.0,,,,,,,,,,,,,,,,,,,,,,,,,,,,,2025-03,1737.0,-1.42,,,,,,,,,,,,,,,,,,,,,,,,,,,,,,,,,,,tv_wilder_rsi14_sma5_v1,45.59,41.41,True,True,4.18
2876,2876.T,デルソーレ,2025-02,OUT,3,42.16,42.64,True,False,0.48,2024-12,441.0,442.0,442.0,0.23,,,,,,,,,,,,,,,,,,,,,,,,,,,,,2025-03,440.0,-0.23,,,,,,,,,,,,,,,,,,,,,,,,,,,,,,,,,,,tv_wilder_rsi14_sma5_v1,42.64,42.16,False,True,0.48
2894,2894.T,石井食品,2025-02,OUT,2,58.5,62.71,True,True,4.21,2025-01,308.0,314.0,314.0,1.95,,,,,,,,,,,,,,,,,,,,,,,,,,,,,2025-03,304.0,-1.3,,,,,,,,,,,,,,,,,,,,,,,,,,,,,,,,,,,tv_wilder_rsi14_sma5_v1,62.71,58.5,True,True,4.21
2903,2903.T,シノブフーズ,2025-02,OUT,2,60.53,65.08,False,True,4.56,2025-01,954.0,975.0,975.0,2.2,,,,,,,,,,,,,,,,,,,,,,,,,,,,,2025-03,906.0,-5.03,,,,,,,,,,,,,,,,,,,,,,,,,,,,,,,,,,,tv_wilder_rsi14_sma5_v1,65.08,60.53,True,False,4.56
2911,2911.T,旭松食品,2025-02,OUT,1,62.28,63.63,True,True,1.36,2025-02,2339.0,2339.0,2339.0,0.0,,,,,,,,,,,,,,,,,,,,,,,,,,,,,2025-03,2309.0,-1.28,,,,,,,,,,,,,,,,,,,,,,,,,,,,,,,,,,,tv_wilder_rsi14_sma5_v1,63.63,62.28,True,True,1.36
2916,2916.T,仙波糖化工業,2025-02,OUT,1,57.07,62.02,True,True,4.95,2025-02,785.0,785.0,785.0,0.0,,,,,,,,,,,,,,,,,,,,,,,,,,,,,2025-03,720.0,-8.28,,,,,,,,,,,,,,,,,,,,,,,,,,,,,,,,,,,tv_wilder_rsi14_sma5_v1,62.02,57.07,True,True,4.95
2922,2922.T,なとり,2025-02,OUT,3,57.91,58.43,True,True,0.52,2024-12,2232.0,2187.0,2187.0,-2.02,,,,,,,,,,,,,,,,,,,,,,,,,,,,,2025-03,2058.0,-7.8,,,,,,,,,,,,,,,,,,,,,,,,,,,,,,,,,,,tv_wilder_rsi14_sma5_v1,58.43,57.91,True,True,0.52
2961,2961.T,日本調理機,2025-02,OUT,1,60.83,66.72,False,True,5.88,2025-02,4000.0,4000.0,4000.0,0.0,,,,,,,,,,,,,,,,,,,,,,,,,,,,,2025-03,3620.0,-9.5,,,,,,,,,,,,,,,,,,,,,,,,,,,,,,,,,,,tv_wilder_rsi14_sma5_v1,66.72,60.83,True,False,5.88
2978,2978.T,ツクルバ,2025-02,OUT,1,44.49,44.82,False,True,0.33,2025-02,797.0,797.0,797.0,0.0,,,,,,,,,,,,,,,,,,,,,,,,,,,,,2025-03,742.0,-6.9,,,,,,,,,,,,,,,,,,,,,,,,,,,,,,,,,,,tv_wilder_rsi14_sma5_v1,44.82,44.49,True,False,0.33
2999,2999.T,ホームポジション,2025-02,OUT,1,44.88,45.69,True,True,0.81,2025-02,378.0,378.0,378.0,0.0,,,,,,,,,,,,,,,,,,,,,,,,,,,,,2025-03,356.0,-5.82,,,,,,,,,,,,,,,,,,,,,,,,,,,,,,,,,,,tv_wilder_rsi14_sma5_v1,45.69,44.88,True,True,0.81
3004,3004.T,神栄,2025-02,OUT,1,54.75,56.27,False,True,1.52,2025-02,1657.0,1657.0,1657.0,0.0,,,,,,,,,,,,,,,,,,,,,,,,,,,,,2025-03,1612.0,-2.72,,,,,,,,,,,,,,,,,,,,,,,,,,,,,,,,,,,tv_wilder_rsi14_sma5_v1,56.27,54.75,True,False,1.52
3010,3010.T,ポラリス・ホールディングス,2025-02,OUT,3,53.33,58.73,True,True,5.4,2024-12,184.0,216.0,216.0,17.39,,,,,,,,,,,,,,,,,,,,,,,,,,,,,2025-03,190.0,3.26,,,,,,,,,,,,,,,,,,,,,,,,,,,,,,,,,,,tv_wilder_rsi14_sma5_v1,58.73,53.33,True,True,5.4
3059,3059.T,ヒラキ,2025-02,OUT,4,25.52,26.97,True,True,1.44,2024-11,911.0,905.0,905.0,-0.66,,,,,,,,,,,,,,,,,,,,,,,,,,,,,2025-03,897.0,-1.54,,,,,,,,,,,,,,,,,,,,,,,,,,,,,,,,,,,tv_wilder_rsi14_sma5_v1,26.97,25.52,True,True,1.44
3068,3068.T,ＷＤＩ,2025-02,OUT,3,68.14,71.63,True,True,3.49,2024-12,3295.0,3395.0,3395.0,3.03,,,,,,,,,,,,,,,,,,,,,,,,,,,,,2025-03,3055.0,-7.28,,,,,,,,,,,,,,,,,,,,,,,,,,,,,,,,,,,tv_wilder_rsi14_sma5_v1,71.63,68.14,True,True,3.49
3070,3070.T,ジェリービーンズグループ,2025-02,OUT,7,28.05,28.18,True,False,0.13,2024-08,107.0,114.0,114.0,6.54,,,,,,,,,,,,,,,,,,,,,,,,,,,,,2025-03,102.0,-4.67,,,,,,,,,,,,,,,,,,,,,,,,,,,,,,,,,,,tv_wilder_rsi14_sma5_v1,28.18,28.05,False,True,0.13
3101,3101.T,東洋紡,2025-02,OUT,3,38.12,39.96,True,False,1.84,2024-12,967.0,970.0,970.0,0.31,,,,,,,,,,,,,,,,,,,,,,,,,,,,,2025-03,942.0,-2.59,,,,,,,,,,,,,,,,,,,,,,,,,,,,,,,,,,,tv_wilder_rsi14_sma5_v1,39.96,38.12,False,True,1.84
3106,3106.T,倉敷紡績,2025-02,OUT,4,79.47,82.78,True,True,3.31,2024-11,5600.0,6170.0,6170.0,10.18,,,,,,,,,,,,,,,,,,,,,,,,,,,,,2025-03,5960.0,6.43,,,,,,,,,,,,,,,,,,,,,,,,,,,,,,,,,,,tv_wilder_rsi14_sma5_v1,82.78,79.47,True,True,3.31
3109,3109.T,シキボウ,2025-02,OUT,1,46.37,47.5,False,True,1.14,2025-02,1020.0,1020.0,1020.0,0.0,,,,,,,,,,,,,,,,,,,,,,,,,,,,,2025-03,999.0,-2.06,,,,,,,,,,,,,,,,,,,,,,,,,,,,,,,,,,,tv_wilder_rsi14_sma5_v1,47.5,46.37,True,False,1.14
3113,3113.T,ＵＮＩＶＡ・Ｏａｋホールディングス,2025-02,OUT,1,45.5,45.76,False,True,0.26,2025-02,79.0,79.0,79.0,0.0,,,,,,,,,,,,,,,,,,,,,,,,,,,,,2025-03,75.0,-5.06,,,,,,,,,,,,,,,,,,,,,,,,,,,,,,,,,,,tv_wilder_rsi14_sma5_v1,45.76,45.5,True,False,0.26
3116,3116.T,トヨタ紡織,2025-02,OUT,3,45.51,45.59,True,False,0.08,2024-12,2053.0,2009.0,2009.0,-2.14,,,,,,,,,,,,,,,,,,,,,,,,,,,,,2025-03,1988.5,-3.14,,,,,,,,,,,,,,,,,,,,,,,,,,,,,,,,,,,tv_wilder_rsi14_sma5_v1,45.59,45.51,False,True,0.08
3133,3133.T,海帆,2025-02,OUT,3,56.71,58.68,True,False,1.97,2024-12,1012.0,997.0,997.0,-1.48,,,,,,,,,,,,,,,,,,,,,,,,,,,,,2025-03,836.0,-17.39,,,,,,,,,,,,,,,,,,,,,,,,,,,,,,,,,,,tv_wilder_rsi14_sma5_v1,58.68,56.71,False,True,1.97
3134,3134.T,Ｈａｍｅｅ,2025-02,OUT,3,53.58,57.83,True,True,4.24,2024-12,1322.0,1327.0,1327.0,0.38,,,,,,,,,,,,,,,,,,,,,,,,,,,,,2025-03,1254.0,-5.14,,,,,,,,,,,,,,,,,,,,,,,,,,,,,,,,,,,tv_wilder_rsi14_sma5_v1,57.83,53.58,True,True,4.24
3138,3138.T,富士山マガジンサービス,2025-02,OUT,2,41.45,41.67,True,False,0.22,2025-01,690.0,674.0,674.0,-2.32,,,,,,,,,,,,,,,,,,,,,,,,,,,,,2025-03,661.0,-4.2,,,,,,,,,,,,,,,,,,,,,,,,,,,,,,,,,,,tv_wilder_rsi14_sma5_v1,41.67,41.45,False,True,0.22
3157,3157.T,ジオリーブグループ,2025-02,OUT,1,43.11,47.13,True,True,4.02,2025-02,1120.0,1120.0,1120.0,0.0,,,,,,,,,,,,,,,,,,,,,,,,,,,,,2025-03,1074.0,-4.11,,,,,,,,,,,,,,,,,,,,,,,,,,,,,,,,,,,tv_wilder_rsi14_sma5_v1,47.13,43.11,True,True,4.02
3173,3173.T,Ｃｏｍｉｎｉｘ,2025-02,OUT,1,54.94,55.27,False,True,0.33,2025-02,885.0,885.0,885.0,0.0,,,,,,,,,,,,,,,,,,,,,,,,,,,,,2025-03,890.0,0.56,,,,,,,,,,,,,,,,,,,,,,,,,,,,,,,,,,,tv_wilder_rsi14_sma5_v1,55.27,54.94,True,False,0.33
3175,3175.T,エー・ピーホールディングス,2025-02,OUT,1,62.06,65.36,True,True,3.3,2025-02,980.0,980.0,980.0,0.0,,,,,,,,,,,,,,,,,,,,,,,,,,,,,2025-03,900.0,-8.16,,,,,,,,,,,,,,,,,,,,,,,,,,,,,,,,,,,tv_wilder_rsi14_sma5_v1,65.36,62.06,True,True,3.3
3178,3178.T,チムニー,2025-02,OUT,1,42.62,45.88,False,True,3.26,2025-02,1263.0,1263.0,1263.0,0.0,,,,,,,,,,,,,,,,,,,,,,,,,,,,,2025-03,1212.0,-4.04,,,,,,,,,,,,,,,,,,,,,,,,,,,,,,,,,,,tv_wilder_rsi14_sma5_v1,45.88,42.62,True,False,3.26
3192,3192.T,白鳩,2025-02,OUT,4,41.74,42.27,True,False,0.52,2024-11,280.0,267.0,267.0,-4.64,,,,,,,,,,,,,,,,,,,,,,,,,,,,,2025-03,258.0,-7.86,,,,,,,,,,,,,,,,,,,,,,,,,,,,,,,,,,,tv_wilder_rsi14_sma5_v1,42.27,41.74,False,True,0.52
3195,3195.T,ジェネレーションパス,2025-02,OUT,4,51.72,82.77,True,True,31.04,2024-11,265.0,750.0,750.0,183.02,,,,,,,,,,,,,,,,,,,,,,,,,,,,,2025-03,410.0,54.72,,,,,,,,,,,,,,,,,,,,,,,,,,,,,,,,,,,tv_wilder_rsi14_sma5_v1,82.77,51.72,True,True,31.04
3199,3199.T,綿半ホールディングス,2025-02,OUT,2,56.0,57.88,False,False,1.88,2025-01,1675.0,1659.0,1659.0,-0.96,,,,,,,,,,,,,,,,,,,,,,,,,,,,,2025-03,1602.0,-4.36,,,,,,,,,,,,,,,,,,,,,,,,,,,,,,,,,,,tv_wilder_rsi14_sma5_v1,57.88,56.0,False,False,1.88
3202,3202.T,ダイトウボウ,2025-02,OUT,1,57.99,60.48,False,True,2.49,2025-02,104.0,104.0,104.0,0.0,,,,,,,,,,,,,,,,,,,,,,,,,,,,,2025-03,102.0,-1.92,,,,,,,,,,,,,,,,,,,,,,,,,,,,,,,,,,,tv_wilder_rsi14_sma5_v1,60.48,57.99,True,False,2.49
3205,3205.T,ダイドーリミテッド,2025-02,OUT,2,76.07,81.14,True,True,5.07,2025-01,1049.0,1152.0,1152.0,9.82,,,,,,,,,,,,,,,,,,,,,,,,,,,,,2025-03,863.0,-17.73,,,,,,,,,,,,,,,,,,,,,,,,,,,,,,,,,,,tv_wilder_rsi14_sma5_v1,81.14,76.07,True,True,5.07
3232,3232.T,三重交通グループホールディングス,2025-02,OUT,2,43.52,46.1,True,True,2.58,2025-01,517.0,520.0,520.0,0.58,,,,,,,,,,,,,,,,,,,,,,,,,,,,,2025-03,503.0,-2.71,,,,,,,,,,,,,,,,,,,,,,,,,,,,,,,,,,,tv_wilder_rsi14_sma5_v1,46.1,43.52,True,True,2.58
3266,3266.T,ファンドクリエーショングループ,2025-02,OUT,4,45.08,45.62,True,False,0.54,2024-11,81.0,80.0,80.0,-1.23,,,,,,,,,,,,,,,,,,,,,,,,,,,,,2025-03,80.0,-1.23,,,,,,,,,,,,,,,,,,,,,,,,,,,,,,,,,,,tv_wilder_rsi14_sma5_v1,45.62,45.08,False,True,0.54
3359,3359.T,ｃｏｔｔａ,2025-02,OUT,4,46.14,47.66,True,False,1.52,2024-11,407.0,435.0,435.0,6.88,,,,,,,,,,,,,,,,,,,,,,,,,,,,,2025-03,406.0,-0.25,,,,,,,,,,,,,,,,,,,,,,,,,,,,,,,,,,,tv_wilder_rsi14_sma5_v1,47.66,46.14,False,True,1.52
3370,3370.T,フジタコーポレーション,2025-02,OUT,3,42.83,43.01,True,False,0.19,2024-12,241.0,241.0,241.0,0.0,,,,,,,,,,,,,,,,,,,,,,,,,,,,,2025-03,236.0,-2.07,,,,,,,,,,,,,,,,,,,,,,,,,,,,,,,,,,,tv_wilder_rsi14_sma5_v1,43.01,42.83,False,True,0.19
3392,3392.T,デリカフーズホールディングス,2025-02,OUT,2,37.68,38.67,False,False,0.99,2025-01,511.0,511.0,511.0,0.0,,,,,,,,,,,,,,,,,,,,,,,,,,,,,2025-03,504.0,-1.37,,,,,,,,,,,,,,,,,,,,,,,,,,,,,,,,,,,tv_wilder_rsi14_sma5_v1,38.67,37.68,False,False,0.99
3393,3393.T,スターティアホールディングス,2025-02,OUT,4,62.99,63.9,True,True,0.91,2024-11,2221.0,2296.0,2296.0,3.38,,,,,,,,,,,,,,,,,,,,,,,,,,,,,2025-03,2178.0,-1.94,,,,,,,,,,,,,,,,,,,,,,,,,,,,,,,,,,,tv_wilder_rsi14_sma5_v1,63.9,62.99,True,True,0.91
3415,3415.T,ＴＯＫＹＯ　ＢＡＳＥ,2025-02,OUT,4,45.52,48.84,True,True,3.32,2024-11,283.0,324.0,324.0,14.49,,,,,,,,,,,,,,,,,,,,,,,,,,,,,2025-03,269.0,-4.95,,,,,,,,,,,,,,,,,,,,,,,,,,,,,,,,,,,tv_wilder_rsi14_sma5_v1,48.84,45.52,True,True,3.32
3417,3417.T,大木ヘルスケアホールディングス,2025-02,OUT,1,43.14,45.26,False,True,2.12,2025-02,857.0,857.0,857.0,0.0,,,,,,,,,,,,,,,,,,,,,,,,,,,,,2025-03,801.0,-6.53,,,,,,,,,,,,,,,,,,,,,,,,,,,,,,,,,,,tv_wilder_rsi14_sma5_v1,45.26,43.14,True,False,2.12
3434,3434.T,アルファＣｏ,2025-02,OUT,3,44.12,45.71,True,True,1.59,2024-12,1148.0,1165.0,1165.0,1.48,,,,,,,,,,,,,,,,,,,,,,,,,,,,,2025-03,1107.0,-3.57,,,,,,,,,,,,,,,,,,,,,,,,,,,,,,,,,,,tv_wilder_rsi14_sma5_v1,45.71,44.12,True,True,1.59
3437,3437.T,特殊電極,2025-02,OUT,6,53.97,55.17,True,False,1.2,2024-09,2275.0,2435.0,2435.0,7.03,,,,,,,,,,,,,,,,,,,,,,,,,,,,,2025-03,2394.0,5.23,,,,,,,,,,,,,,,,,,,,,,,,,,,,,,,,,,,tv_wilder_rsi14_sma5_v1,55.17,53.97,False,True,1.2
3447,3447.T,信和,2025-02,OUT,2,49.39,58.86,True,True,9.47,2025-01,748.0,808.0,808.0,8.02,,,,,,,,,,,,,,,,,,,,,,,,,,,,,2025-03,745.0,-0.4,,,,,,,,,,,,,,,,,,,,,,,,,,,,,,,,,,,tv_wilder_rsi14_sma5_v1,58.86,49.39,True,True,9.47
3537,3537.T,昭栄薬品,2025-02,OUT,4,72.82,82.09,True,True,9.27,2024-11,1410.0,1800.0,1800.0,27.66,,,,,,,,,,,,,,,,,,,,,,,,,,,,,2025-03,1645.0,16.67,,,,,,,,,,,,,,,,,,,,,,,,,,,,,,,,,,,tv_wilder_rsi14_sma5_v1,82.09,72.82,True,True,9.27
3551,3551.T,ダイニック,2025-02,OUT,1,50.47,55.51,True,True,5.05,2025-02,792.0,792.0,792.0,0.0,,,,,,,,,,,,,,,,,,,,,,,,,,,,,2025-03,755.0,-4.67,,,,,,,,,,,,,,,,,,,,,,,,,,,,,,,,,,,tv_wilder_rsi14_sma5_v1,55.51,50.47,True,True,5.05
3560,3560.T,ほぼ日,2025-02,OUT,3,39.86,41.84,True,True,1.98,2024-12,3165.0,3195.0,3195.0,0.95,,,,,,,,,,,,,,,,,,,,,,,,,,,,,2025-03,3105.0,-1.9,,,,,,,,,,,,,,,,,,,,,,,,,,,,,,,,,,,tv_wilder_rsi14_sma5_v1,41.84,39.86,True,True,1.98
3608,3608.T,ＴＳＩホールディングス,2025-02,OUT,3,70.86,74.57,True,False,3.7,2024-12,1056.0,1199.0,1199.0,13.54,,,,,,,,,,,,,,,,,,,,,,,,,,,,,2025-03,1110.0,5.11,,,,,,,,,,,,,,,,,,,,,,,,,,,,,,,,,,,tv_wilder_rsi14_sma5_v1,74.57,70.86,False,True,3.7
3624,3624.T,アクセルマーク,2025-02,OUT,3,36.35,39.9,True,False,3.55,2024-12,151.0,156.0,156.0,3.31,,,,,,,,,,,,,,,,,,,,,,,,,,,,,2025-03,107.0,-29.14,,,,,,,,,,,,,,,,,,,,,,,,,,,,,,,,,,,tv_wilder_rsi14_sma5_v1,39.9,36.35,False,True,3.55
3641,3641.T,パピレス,2025-02,OUT,2,42.91,44.09,False,False,1.17,2025-01,965.0,934.0,934.0,-3.21,,,,,,,,,,,,,,,,,,,,,,,,,,,,,2025-03,885.0,-8.29,,,,,,,,,,,,,,,,,,,,,,,,,,,,,,,,,,,tv_wilder_rsi14_sma5_v1,44.09,42.91,False,False,1.17
3648,3648.T,ＡＧＳ,2025-02,OUT,3,50.59,51.27,False,False,0.68,2024-12,872.0,869.0,869.0,-0.34,,,,,,,,,,,,,,,,,,,,,,,,,,,,,2025-03,820.0,-5.96,,,,,,,,,,,,,,,,,,,,,,,,,,,,,,,,,,,tv_wilder_rsi14_sma5_v1,51.27,50.59,False,False,0.68
3660,3660.T,アイスタイル,2025-02,OUT,2,49.17,49.34,False,False,0.17,2025-01,524.0,462.0,462.0,-11.83,,,,,,,,,,,,,,,,,,,,,,,,,,,,,2025-03,450.0,-14.12,,,,,,,,,,,,,,,,,,,,,,,,,,,,,,,,,,,tv_wilder_rsi14_sma5_v1,49.34,49.17,False,False,0.17
3665,3665.T,エニグモ,2025-02,OUT,3,35.19,35.94,True,False,0.74,2024-12,311.0,310.0,310.0,-0.32,,,,,,,,,,,,,,,,,,,,,,,,,,,,,2025-03,293.0,-5.79,,,,,,,,,,,,,,,,,,,,,,,,,,,,,,,,,,,tv_wilder_rsi14_sma5_v1,35.94,35.19,False,True,0.74
3691,3691.T,デジタルプラス,2025-02,OUT,7,51.8,53.52,True,False,1.72,2024-08,582.0,720.0,720.0,23.71,,,,,,,,,,,,,,,,,,,,,,,,,,,,,2025-03,710.0,21.99,,,,,,,,,,,,,,,,,,,,,,,,,,,,,,,,,,,tv_wilder_rsi14_sma5_v1,53.52,51.8,False,True,1.72
3694,3694.T,オプティム,2025-02,OUT,4,41.2,41.64,True,False,0.44,2024-11,741.0,690.0,690.0,-6.88,,,,,,,,,,,,,,,,,,,,,,,,,,,,,2025-03,650.0,-12.28,,,,,,,,,,,,,,,,,,,,,,,,,,,,,,,,,,,tv_wilder_rsi14_sma5_v1,41.64,41.2,False,True,0.44
3697,3697.T,ＳＨＩＦＴ,2025-02,OUT,7,46.19,47.76,True,False,1.57,2024-08,909.33,1250.0,1250.0,37.46,,,,,,,,,,,,,,,,,,,,,,,,,,,,,2025-03,1150.5,26.52,,,,,,,,,,,,,,,,,,,,,,,,,,,,,,,,,,,tv_wilder_rsi14_sma5_v1,47.76,46.19,False,True,1.57
3708,3708.T,特種東海製紙,2025-02,OUT,1,50.27,51.59,False,True,1.32,2025-02,1226.67,1226.67,1226.67,0.0,,,,,,,,,,,,,,,,,,,,,,,,,,,,,2025-03,1168.33,-4.76,,,,,,,,,,,,,,,,,,,,,,,,,,,,,,,,,,,tv_wilder_rsi14_sma5_v1,51.59,50.27,True,False,1.32
3741,3741.T,セック,2025-02,OUT,3,59.22,61.66,True,False,2.44,2024-12,2440.0,2410.0,2410.0,-1.23,,,,,,,,,,,,,,,,,,,,,,,,,,,,,2025-03,2262.5,-7.27,,,,,,,,,,,,,,,,,,,,,,,,,,,,,,,,,,,tv_wilder_rsi14_sma5_v1,61.66,59.22,False,True,2.44
3744,3744.T,サイオス,2025-02,OUT,2,41.74,41.79,False,False,0.06,2025-01,387.0,367.0,367.0,-5.17,,,,,,,,,,,,,,,,,,,,,,,,,,,,,2025-03,345.0,-10.85,,,,,,,,,,,,,,,,,,,,,,,,,,,,,,,,,,,tv_wilder_rsi14_sma5_v1,41.79,41.74,False,False,0.06
3750,3750.T,ＡＤＲ１２０Ｓ,2025-02,OUT,3,39.02,42.38,True,True,3.36,2024-12,865.0,906.0,906.0,4.74,,,,,,,,,,,,,,,,,,,,,,,,,,,,,2025-03,802.0,-7.28,,,,,,,,,,,,,,,,,,,,,,,,,,,,,,,,,,,tv_wilder_rsi14_sma5_v1,42.38,39.02,True,True,3.36
3793,3793.T,ドリコム,2025-02,OUT,3,51.82,52.99,True,False,1.17,2024-12,810.0,878.0,878.0,8.4,,,,,,,,,,,,,,,,,,,,,,,,,,,,,2025-03,573.0,-29.26,,,,,,,,,,,,,,,,,,,,,,,,,,,,,,,,,,,tv_wilder_rsi14_sma5_v1,52.99,51.82,False,True,1.17
3796,3796.T,いい生活,2025-02,OUT,3,47.22,47.81,True,False,0.59,2024-12,242.5,247.0,247.0,1.86,,,,,,,,,,,,,,,,,,,,,,,,,,,,,2025-03,243.5,0.41,,,,,,,,,,,,,,,,,,,,,,,,,,,,,,,,,,,tv_wilder_rsi14_sma5_v1,47.81,47.22,False,True,0.59
3800,3800.T,ユニリタ,2025-02,OUT,4,61.17,61.9,True,True,0.73,2024-11,1986.0,2000.0,2000.0,0.7,,,,,,,,,,,,,,,,,,,,,,,,,,,,,2025-03,1943.0,-2.17,,,,,,,,,,,,,,,,,,,,,,,,,,,,,,,,,,,tv_wilder_rsi14_sma5_v1,61.9,61.17,True,True,0.73
3807,3807.T,フィスコ,2025-02,OUT,4,54.01,54.56,True,False,0.55,2024-11,124.0,142.0,142.0,14.52,,,,,,,,,,,,,,,,,,,,,,,,,,,,,2025-03,142.0,14.52,,,,,,,,,,,,,,,,,,,,,,,,,,,,,,,,,,,tv_wilder_rsi14_sma5_v1,54.56,54.01,False,True,0.55
3837,3837.T,アドソル日進,2025-02,OUT,1,59.0,61.51,True,True,2.51,2025-02,1075.0,1075.0,1075.0,0.0,,,,,,,,,,,,,,,,,,,,,,,,,,,,,2025-03,1002.0,-6.79,,,,,,,,,,,,,,,,,,,,,,,,,,,,,,,,,,,tv_wilder_rsi14_sma5_v1,61.51,59.0,True,True,2.51
3842,3842.T,ネクストジェン,2025-02,OUT,6,61.31,64.21,True,False,2.9,2024-09,743.0,1111.0,1111.0,49.53,,,,,,,,,,,,,,,,,,,,,,,,,,,,,2025-03,912.0,22.75,,,,,,,,,,,,,,,,,,,,,,,,,,,,,,,,,,,tv_wilder_rsi14_sma5_v1,64.21,61.31,False,True,2.9
3853,3853.T,アステリア,2025-02,OUT,3,41.16,43.52,True,False,2.36,2024-12,530.0,559.0,559.0,5.47,,,,,,,,,,,,,,,,,,,,,,,,,,,,,2025-03,521.0,-1.7,,,,,,,,,,,,,,,,,,,,,,,,,,,,,,,,,,,tv_wilder_rsi14_sma5_v1,43.52,41.16,False,True,2.36
3920,3920.T,アイビーシー,2025-02,OUT,4,57.13,61.72,True,True,4.59,2024-11,610.0,725.0,725.0,18.85,,,,,,,,,,,,,,,,,,,,,,,,,,,,,2025-03,686.0,12.46,,,,,,,,,,,,,,,,,,,,,,,,,,,,,,,,,,,tv_wilder_rsi14_sma5_v1,61.72,57.13,True,True,4.59
3940,3940.T,ノムラシステムコーポレーション,2025-02,OUT,4,48.97,49.85,True,False,0.87,2024-11,120.0,122.0,122.0,1.67,,,,,,,,,,,,,,,,,,,,,,,,,,,,,2025-03,120.0,0.0,,,,,,,,,,,,,,,,,,,,,,,,,,,,,,,,,,,tv_wilder_rsi14_sma5_v1,49.85,48.97,False,True,0.87
3953,3953.T,大村紙業,2025-02,OUT,3,60.22,66.37,True,True,6.15,2024-12,860.0,866.0,866.0,0.7,,,,,,,,,,,,,,,,,,,,,,,,,,,,,2025-03,792.0,-7.91,,,,,,,,,,,,,,,,,,,,,,,,,,,,,,,,,,,tv_wilder_rsi14_sma5_v1,66.37,60.22,True,True,6.15
3962,3962.T,チェンジホールディングス,2025-02,OUT,2,42.87,42.98,False,False,0.11,2025-01,1469.0,1242.0,1242.0,-15.45,,,,,,,,,,,,,,,,,,,,,,,,,,,,,2025-03,1252.0,-14.77,,,,,,,,,,,,,,,,,,,,,,,,,,,,,,,,,,,tv_wilder_rsi14_sma5_v1,42.98,42.87,False,False,0.11
3965,3965.T,キャピタル・アセット・プランニング,2025-02,OUT,1,46.91,47.46,True,True,0.55,2025-02,743.0,743.0,743.0,0.0,,,,,,,,,,,,,,,,,,,,,,,,,,,,,2025-03,743.0,0.0,,,,,,,,,,,,,,,,,,,,,,,,,,,,,,,,,,,tv_wilder_rsi14_sma5_v1,47.46,46.91,True,True,0.55
3967,3967.T,エルテス,2025-02,OUT,4,42.7,45.31,True,False,2.61,2024-11,668.0,722.0,722.0,8.08,,,,,,,,,,,,,,,,,,,,,,,,,,,,,2025-03,662.0,-0.9,,,,,,,,,,,,,,,,,,,,,,,,,,,,,,,,,,,tv_wilder_rsi14_sma5_v1,45.31,42.7,False,True,2.61
3970,3970.T,イノベーション,2025-02,OUT,3,38.22,39.29,True,True,1.07,2024-12,1185.0,1196.0,1196.0,0.93,,,,,,,,,,,,,,,,,,,,,,,,,,,,,2025-03,1120.0,-5.49,,,,,,,,,,,,,,,,,,,,,,,,,,,,,,,,,,,tv_wilder_rsi14_sma5_v1,39.29,38.22,True,True,1.07
3988,3988.T,ＳＹＳホールディングス,2025-02,OUT,3,55.95,58.32,True,True,2.38,2024-12,517.0,539.0,539.0,4.26,,,,,,,,,,,,,,,,,,,,,,,,,,,,,2025-03,509.0,-1.55,,,,,,,,,,,,,,,,,,,,,,,,,,,,,,,,,,,tv_wilder_rsi14_sma5_v1,58.32,55.95,True,True,2.38
3997,3997.T,トレードワークス,2025-02,OUT,9,61.11,62.88,True,True,1.78,2024-06,96.6,136.9,136.9,41.72,,,,,,,,,,,,,,,,,,,,,,,,,,,,,2025-03,131.2,35.82,,,,,,,,,,,,,,,,,,,,,,,,,,,,,,,,,,,tv_wilder_rsi14_sma5_v1,62.88,61.11,True,True,1.78
4014,4014.T,カラダノート,2025-02,OUT,1,38.2,38.29,False,True,0.09,2025-02,461.0,461.0,461.0,0.0,,,,,,,,,,,,,,,,,,,,,,,,,,,,,2025-03,420.0,-8.89,,,,,,,,,,,,,,,,,,,,,,,,,,,,,,,,,,,tv_wilder_rsi14_sma5_v1,38.29,38.2,True,False,0.09
4052,4052.T,フィーチャ,2025-02,OUT,2,32.85,32.87,False,False,0.03,2025-01,465.0,442.0,442.0,-4.95,,,,,,,,,,,,,,,,,,,,,,,,,,,,,2025-03,412.0,-11.4,,,,,,,,,,,,,,,,,,,,,,,,,,,,,,,,,,,tv_wilder_rsi14_sma5_v1,32.87,32.85,False,False,0.03
4165,4165.T,プレイド,2025-02,OUT,1,50.68,54.88,True,True,4.2,2025-02,1329.0,1329.0,1329.0,0.0,,,,,,,,,,,,,,,,,,,,,,,,,,,,,2025-03,1061.0,-20.17,,,,,,,,,,,,,,,,,,,,,,,,,,,,,,,,,,,tv_wilder_rsi14_sma5_v1,54.88,50.68,True,True,4.2
4169,4169.T,ＥＮＥＣＨＡＮＧＥ,2025-02,OUT,4,39.48,39.77,True,False,0.28,2024-11,340.0,337.0,337.0,-0.88,,,,,,,,,,,,,,,,,,,,,,,,,,,,,2025-03,289.0,-15.0,,,,,,,,,,,,,,,,,,,,,,,,,,,,,,,,,,,tv_wilder_rsi14_sma5_v1,39.77,39.48,False,True,0.28
416A,416A.T,富士ユナイトホールディングス,2025-02,OUT,1,45.69,46.66,False,True,0.97,2025-02,1446.0,1446.0,1446.0,0.0,,,,,,,,,,,,,,,,,,,,,,,,,,,,,2025-03,1400.0,-3.18,,,,,,,,,,,,,,,,,,,,,,,,,,,,,,,,,,,tv_wilder_rsi14_sma5_v1,46.66,45.69,True,False,0.97
4179,4179.T,ジーネクスト,2025-02,OUT,9,37.7,42.16,True,True,4.47,2024-06,297.0,408.0,408.0,37.37,,,,,,,,,,,,,,,,,,,,,,,,,,,,,2025-03,330.0,11.11,,,,,,,,,,,,,,,,,,,,,,,,,,,,,,,,,,,tv_wilder_rsi14_sma5_v1,42.16,37.7,True,True,4.47
4193,4193.T,ファブリカホールディングス,2025-02,OUT,4,52.51,59.15,True,True,6.64,2024-11,2401.0,2862.0,2862.0,19.2,,,,,,,,,,,,,,,,,,,,,,,,,,,,,2025-03,2525.0,5.16,,,,,,,,,,,,,,,,,,,,,,,,,,,,,,,,,,,tv_wilder_rsi14_sma5_v1,59.15,52.51,True,True,6.64
4231,4231.T,タイガースポリマー,2025-02,OUT,1,48.82,49.28,False,True,0.46,2025-02,720.0,720.0,720.0,0.0,,,,,,,,,,,,,,,,,,,,,,,,,,,,,2025-03,710.0,-1.39,,,,,,,,,,,,,,,,,,,,,,,,,,,,,,,,,,,tv_wilder_rsi14_sma5_v1,49.28,48.82,True,False,0.46
4234,4234.T,サンエー化研,2025-02,OUT,4,57.42,57.92,True,False,0.5,2024-11,548.0,582.0,582.0,6.2,,,,,,,,,,,,,,,,,,,,,,,,,,,,,2025-03,559.0,2.01,,,,,,,,,,,,,,,,,,,,,,,,,,,,,,,,,,,tv_wilder_rsi14_sma5_v1,57.92,57.42,False,True,0.5
4237,4237.T,フジプレアム,2025-02,OUT,3,47.56,51.48,True,True,3.92,2024-12,377.0,365.0,365.0,-3.18,,,,,,,,,,,,,,,,,,,,,,,,,,,,,2025-03,345.0,-8.49,,,,,,,,,,,,,,,,,,,,,,,,,,,,,,,,,,,tv_wilder_rsi14_sma5_v1,51.48,47.56,True,True,3.92
4256,4256.T,サインド,2025-02,OUT,9,45.17,47.45,True,True,2.27,2024-06,767.0,1153.0,1153.0,50.33,,,,,,,,,,,,,,,,,,,,,,,,,,,,,2025-03,992.0,29.34,,,,,,,,,,,,,,,,,,,,,,,,,,,,,,,,,,,tv_wilder_rsi14_sma5_v1,47.45,45.17,True,True,2.27
4288,4288.T,アズジェント,2025-02,OUT,2,44.01,44.48,False,False,0.47,2025-01,544.0,525.0,525.0,-3.49,,,,,,,,,,,,,,,,,,,,,,,,,,,,,2025-03,504.0,-7.35,,,,,,,,,,,,,,,,,,,,,,,,,,,,,,,,,,,tv_wilder_rsi14_sma5_v1,44.48,44.01,False,False,0.47
4290,4290.T,プレステージ・インターナショナル,2025-02,OUT,2,51.28,53.2,True,True,1.93,2025-01,702.0,705.0,705.0,0.43,,,,,,,,,,,,,,,,,,,,,,,,,,,,,2025-03,661.0,-5.84,,,,,,,,,,,,,,,,,,,,,,,,,,,,,,,,,,,tv_wilder_rsi14_sma5_v1,53.2,51.28,True,True,1.93
4307,4307.T,野村総合研究所,2025-02,OUT,2,58.84,59.24,False,False,0.39,2025-01,5293.0,4977.0,4977.0,-5.97,,,,,,,,,,,,,,,,,,,,,,,,,,,,,2025-03,4836.0,-8.63,,,,,,,,,,,,,,,,,,,,,,,,,,,,,,,,,,,tv_wilder_rsi14_sma5_v1,59.24,58.84,False,False,0.39
4310,4310.T,ドリームインキュベータ,2025-02,OUT,5,60.18,68.18,True,True,7.99,2024-10,2325.0,3970.0,3970.0,70.75,,,,,,,,,,,,,,,,,,,,,,,,,,,,,2025-03,2740.0,17.85,,,,,,,,,,,,,,,,,,,,,,,,,,,,,,,,,,,tv_wilder_rsi14_sma5_v1,68.18,60.18,True,True,7.99
4331,4331.T,テイクアンドギヴ・ニーズ,2025-02,OUT,4,43.77,44.35,True,False,0.58,2024-11,921.0,940.0,940.0,2.06,,,,,,,,,,,,,,,,,,,,,,,,,,,,,2025-03,909.0,-1.3,,,,,,,,,,,,,,,,,,,,,,,,,,,,,,,,,,,tv_wilder_rsi14_sma5_v1,44.35,43.77,False,True,0.58
4360,4360.T,マナック・ケミカル・パートナーズ,2025-02,OUT,3,47.98,49.72,True,False,1.74,2024-12,595.0,592.0,592.0,-0.5,,,,,,,,,,,,,,,,,,,,,,,,,,,,,2025-03,580.0,-2.52,,,,,,,,,,,,,,,,,,,,,,,,,,,,,,,,,,,tv_wilder_rsi14_sma5_v1,49.72,47.98,False,True,1.74
4366,4366.T,ダイトーケミックス,2025-02,OUT,2,47.85,48.34,True,False,0.49,2025-01,223.67,213.0,213.0,-4.77,,,,,,,,,,,,,,,,,,,,,,,,,,,,,2025-03,205.33,-8.2,,,,,,,,,,,,,,,,,,,,,,,,,,,,,,,,,,,tv_wilder_rsi14_sma5_v1,48.34,47.85,False,True,0.49
4369,4369.T,トリケミカル研究所,2025-02,OUT,2,46.72,51.72,True,True,5.0,2025-01,3260.0,3455.0,3455.0,5.98,,,,,,,,,,,,,,,,,,,,,,,,,,,,,2025-03,2564.0,-21.35,,,,,,,,,,,,,,,,,,,,,,,,,,,,,,,,,,,tv_wilder_rsi14_sma5_v1,51.72,46.72,True,True,5.0
4406,4406.T,新日本理化,2025-02,OUT,2,46.72,47.53,True,False,0.81,2025-01,204.0,200.0,200.0,-1.96,,,,,,,,,,,,,,,,,,,,,,,,,,,,,2025-03,192.0,-5.88,,,,,,,,,,,,,,,,,,,,,,,,,,,,,,,,,,,tv_wilder_rsi14_sma5_v1,47.53,46.72,False,True,0.81
4416,4416.T,Ｔｒｕｅ　Ｄａｔａ,2025-02,OUT,5,49.63,58.46,True,True,8.82,2024-10,435.0,777.0,777.0,78.62,,,,,,,,,,,,,,,,,,,,,,,,,,,,,2025-03,701.0,61.15,,,,,,,,,,,,,,,,,,,,,,,,,,,,,,,,,,,tv_wilder_rsi14_sma5_v1,58.46,49.63,True,True,8.82
4418,4418.T,ＪＤＳＣ,2025-02,OUT,1,44.41,44.47,True,True,0.06,2025-02,922.0,922.0,922.0,0.0,,,,,,,,,,,,,,,,,,,,,,,,,,,,,2025-03,816.0,-11.5,,,,,,,,,,,,,,,,,,,,,,,,,,,,,,,,,,,tv_wilder_rsi14_sma5_v1,44.47,44.41,True,True,0.06
4425,4425.T,Ｋｕｄａｎ,2025-02,OUT,1,43.46,43.46,False,True,0.0,2025-02,1370.0,1370.0,1370.0,0.0,,,,,,,,,,,,,,,,,,,,,,,,,,,,,2025-03,1176.0,-14.16,,,,,,,,,,,,,,,,,,,,,,,,,,,,,,,,,,,tv_wilder_rsi14_sma5_v1,43.46,43.46,True,False,0.0
4442,4442.T,バルテス・ホールディングス,2025-02,OUT,4,41.14,44.3,True,True,3.16,2024-11,478.0,507.0,507.0,6.07,,,,,,,,,,,,,,,,,,,,,,,,,,,,,2025-03,416.0,-12.97,,,,,,,,,,,,,,,,,,,,,,,,,,,,,,,,,,,tv_wilder_rsi14_sma5_v1,44.3,41.14,True,True,3.16
4481,4481.T,ベース,2025-02,OUT,2,45.38,48.2,True,True,2.82,2025-01,3025.0,3255.0,3255.0,7.6,,,,,,,,,,,,,,,,,,,,,,,,,,,,,2025-03,3035.0,0.33,,,,,,,,,,,,,,,,,,,,,,,,,,,,,,,,,,,tv_wilder_rsi14_sma5_v1,48.2,45.38,True,True,2.82
4490,4490.T,ビザスク,2025-02,OUT,1,44.72,44.73,False,False,0.01,2025-02,1124.0,1124.0,1124.0,0.0,,,,,,,,,,,,,,,,,,,,,,,,,,,,,2025-03,1007.0,-10.41,,,,,,,,,,,,,,,,,,,,,,,,,,,,,,,,,,,tv_wilder_rsi14_sma5_v1,44.73,44.72,False,False,0.01
4498,4498.T,サイバートラスト,2025-02,OUT,9,51.37,54.84,True,False,3.47,2024-06,909.0,1250.0,1250.0,37.51,,,,,,,,,,,,,,,,,,,,,,,,,,,,,2025-03,1154.5,27.01,,,,,,,,,,,,,,,,,,,,,,,,,,,,,,,,,,,tv_wilder_rsi14_sma5_v1,54.84,51.37,False,True,3.47
4516,4516.T,日本新薬,2025-02,OUT,1,38.69,38.89,True,True,0.2,2025-02,3938.0,3938.0,3938.0,0.0,,,,,,,,,,,,,,,,,,,,,,,,,,,,,2025-03,3802.0,-3.45,,,,,,,,,,,,,,,,,,,,,,,,,,,,,,,,,,,tv_wilder_rsi14_sma5_v1,38.89,38.69,True,True,0.2
4519,4519.T,中外製薬,2025-02,OUT,1,64.69,66.03,False,True,1.34,2025-02,7487.0,7487.0,7487.0,0.0,,,,,,,,,,,,,,,,,,,,,,,,,,,,,2025-03,6799.0,-9.19,,,,,,,,,,,,,,,,,,,,,,,,,,,,,,,,,,,tv_wilder_rsi14_sma5_v1,66.03,64.69,True,False,1.34
4521,4521.T,科研製薬,2025-02,OUT,1,60.28,62.98,True,True,2.71,2025-02,4552.0,4552.0,4552.0,0.0,,,,,,,,,,,,,,,,,,,,,,,,,,,,,2025-03,4481.0,-1.56,,,,,,,,,,,,,,,,,,,,,,,,,,,,,,,,,,,tv_wilder_rsi14_sma5_v1,62.98,60.28,True,True,2.71
4570,4570.T,免疫生物研究所,2025-02,OUT,1,50.93,53.71,True,True,2.78,2025-02,528.0,528.0,528.0,0.0,,,,,,,,,,,,,,,,,,,,,,,,,,,,,2025-03,480.0,-9.09,,,,,,,,,,,,,,,,,,,,,,,,,,,,,,,,,,,tv_wilder_rsi14_sma5_v1,53.71,50.93,True,True,2.78
4576,4576.T,デ・ウエスタン・セラピテクス研究所,2025-02,OUT,4,42.25,44.9,True,False,2.64,2024-11,100.0,119.0,119.0,19.0,,,,,,,,,,,,,,,,,,,,,,,,,,,,,2025-03,106.0,6.0,,,,,,,,,,,,,,,,,,,,,,,,,,,,,,,,,,,tv_wilder_rsi14_sma5_v1,44.9,42.25,False,True,2.64
4579,4579.T,ラクオリア創薬,2025-02,OUT,1,33.81,34.19,False,True,0.37,2025-02,414.0,414.0,414.0,0.0,,,,,,,,,,,,,,,,,,,,,,,,,,,,,2025-03,368.0,-11.11,,,,,,,,,,,,,,,,,,,,,,,,,,,,,,,,,,,tv_wilder_rsi14_sma5_v1,34.19,33.81,True,False,0.37
4599,4599.T,ステムリム,2025-02,OUT,1,32.7,32.86,False,True,0.16,2025-02,327.0,327.0,327.0,0.0,,,,,,,,,,,,,,,,,,,,,,,,,,,,,2025-03,317.0,-3.06,,,,,,,,,,,,,,,,,,,,,,,,,,,,,,,,,,,tv_wilder_rsi14_sma5_v1,32.86,32.7,True,False,0.16
4611,4611.T,大日本塗料,2025-02,OUT,3,57.09,61.67,True,True,4.58,2024-12,1161.0,1216.0,1216.0,4.74,,,,,,,,,,,,,,,,,,,,,,,,,,,,,2025-03,1165.0,0.34,,,,,,,,,,,,,,,,,,,,,,,,,,,,,,,,,,,tv_wilder_rsi14_sma5_v1,61.67,57.09,True,True,4.58
4615,4615.T,神東塗料,2025-02,OUT,2,45.63,48.35,True,False,2.72,2025-01,134.0,134.0,134.0,0.0,,,,,,,,,,,,,,,,,,,,,,,,,,,,,2025-03,130.0,-2.99,,,,,,,,,,,,,,,,,,,,,,,,,,,,,,,,,,,tv_wilder_rsi14_sma5_v1,48.35,45.63,False,True,2.72
4623,4623.T,アサヒペン,2025-02,OUT,2,46.04,54.37,True,True,8.33,2025-01,1773.0,1840.0,1840.0,3.78,,,,,,,,,,,,,,,,,,,,,,,,,,,,,2025-03,1766.0,-0.39,,,,,,,,,,,,,,,,,,,,,,,,,,,,,,,,,,,tv_wilder_rsi14_sma5_v1,54.37,46.04,True,True,8.33
4625,4625.T,アトミクス,2025-02,OUT,2,40.74,43.41,False,True,2.67,2025-01,610.0,620.0,620.0,1.64,,,,,,,,,,,,,,,,,,,,,,,,,,,,,2025-03,600.0,-1.64,,,,,,,,,,,,,,,,,,,,,,,,,,,,,,,,,,,tv_wilder_rsi14_sma5_v1,43.41,40.74,True,False,2.67
4644,4644.T,イマジニア,2025-02,OUT,2,51.96,51.99,True,False,0.03,2025-01,1024.0,1019.0,1019.0,-0.49,,,,,,,,,,,,,,,,,,,,,,,,,,,,,2025-03,1020.0,-0.39,,,,,,,,,,,,,,,,,,,,,,,,,,,,,,,,,,,tv_wilder_rsi14_sma5_v1,51.99,51.96,False,True,0.03
4650,4650.T,ＳＤエンターテイメント,2025-02,OUT,4,46.2,52.38,True,True,6.18,2024-11,280.0,300.0,300.0,7.14,,,,,,,,,,,,,,,,,,,,,,,,,,,,,2025-03,277.0,-1.07,,,,,,,,,,,,,,,,,,,,,,,,,,,,,,,,,,,tv_wilder_rsi14_sma5_v1,52.38,46.2,True,True,6.18
4667,4667.T,アイサンテクノロジー,2025-02,OUT,4,45.29,51.29,True,True,6.0,2024-11,1388.0,1644.0,1644.0,18.44,,,,,,,,,,,,,,,,,,,,,,,,,,,,,2025-03,1468.0,5.76,,,,,,,,,,,,,,,,,,,,,,,,,,,,,,,,,,,tv_wilder_rsi14_sma5_v1,51.29,45.29,True,True,6.0
4679,4679.T,田谷,2025-02,OUT,1,18.66,18.98,False,True,0.32,2025-02,309.0,309.0,309.0,0.0,,,,,,,,,,,,,,,,,,,,,,,,,,,,,2025-03,298.0,-3.56,,,,,,,,,,,,,,,,,,,,,,,,,,,,,,,,,,,tv_wilder_rsi14_sma5_v1,18.98,18.66,True,False,0.32
4686,4686.T,ジャストシステム,2025-02,OUT,1,49.67,52.75,True,True,3.07,2025-02,3675.0,3675.0,3675.0,0.0,,,,,,,,,,,,,,,,,,,,,,,,,,,,,2025-03,3370.0,-8.3,,,,,,,,,,,,,,,,,,,,,,,,,,,,,,,,,,,tv_wilder_rsi14_sma5_v1,52.75,49.67,True,True,3.07
4705,4705.T,クリップコーポレーション,2025-02,OUT,1,48.24,48.82,True,True,0.58,2025-02,845.0,845.0,845.0,0.0,,,,,,,,,,,,,,,,,,,,,,,,,,,,,2025-03,817.0,-3.31,,,,,,,,,,,,,,,,,,,,,,,,,,,,,,,,,,,tv_wilder_rsi14_sma5_v1,48.82,48.24,True,True,0.58
4707,4707.T,キタック,2025-02,OUT,1,49.61,49.79,False,True,0.18,2025-02,368.0,368.0,368.0,0.0,,,,,,,,,,,,,,,,,,,,,,,,,,,,,2025-03,330.0,-10.33,,,,,,,,,,,,,,,,,,,,,,,,,,,,,,,,,,,tv_wilder_rsi14_sma5_v1,49.79,49.61,True,False,0.18
4752,4752.T,昭和システムエンジニアリング,2025-02,OUT,3,59.81,62.07,True,False,2.25,2024-12,1316.0,1410.0,1410.0,7.14,,,,,,,,,,,,,,,,,,,,,,,,,,,,,2025-03,1375.0,4.48,,,,,,,,,,,,,,,,,,,,,,,,,,,,,,,,,,,tv_wilder_rsi14_sma5_v1,62.07,59.81,False,True,2.25
4754,4754.T,トスネット,2025-02,OUT,4,63.96,68.6,True,True,4.64,2024-11,1285.0,1421.0,1421.0,10.58,,,,,,,,,,,,,,,,,,,,,,,,,,,,,2025-03,1380.0,7.39,,,,,,,,,,,,,,,,,,,,,,,,,,,,,,,,,,,tv_wilder_rsi14_sma5_v1,68.6,63.96,True,True,4.64
4765,4765.T,ＳＢＩグローバルアセットマネジメント,2025-02,OUT,3,56.96,58.97,True,False,2.01,2024-12,672.0,681.0,681.0,1.34,,,,,,,,,,,,,,,,,,,,,,,,,,,,,2025-03,674.0,0.3,,,,,,,,,,,,,,,,,,,,,,,,,,,,,,,,,,,tv_wilder_rsi14_sma5_v1,58.97,56.96,False,True,2.01
4783,4783.T,ＮＣＤ,2025-02,OUT,4,75.27,77.16,True,False,1.89,2024-11,2303.0,2731.0,2731.0,18.58,,,,,,,,,,,,,,,,,,,,,,,,,,,,,2025-03,2465.0,7.03,,,,,,,,,,,,,,,,,,,,,,,,,,,,,,,,,,,tv_wilder_rsi14_sma5_v1,77.16,75.27,False,True,1.89
4784,4784.T,ＧＭＯインターネット,2025-02,OUT,4,70.3,79.59,True,True,9.29,2024-11,643.0,1356.0,1356.0,110.89,,,,,,,,,,,,,,,,,,,,,,,,,,,,,2025-03,1166.0,81.34,,,,,,,,,,,,,,,,,,,,,,,,,,,,,,,,,,,tv_wilder_rsi14_sma5_v1,79.59,70.3,True,True,9.29
4801,4801.T,セントラルスポーツ,2025-02,OUT,1,46.92,47.65,True,True,0.73,2025-02,2435.0,2435.0,2435.0,0.0,,,,,,,,,,,,,,,,,,,,,,,,,,,,,2025-03,2382.0,-2.18,,,,,,,,,,,,,,,,,,,,,,,,,,,,,,,,,,,tv_wilder_rsi14_sma5_v1,47.65,46.92,True,True,0.73
4825,4825.T,ウェザーニューズ,2025-02,OUT,3,55.68,56.59,True,False,0.91,2024-12,1935.0,1722.5,1722.5,-10.98,,,,,,,,,,,,,,,,,,,,,,,,,,,,,2025-03,1660.0,-14.21,,,,,,,,,,,,,,,,,,,,,,,,,,,,,,,,,,,tv_wilder_rsi14_sma5_v1,56.59,55.68,False,True,0.91
4832,4832.T,ＪＦＥシステムズ,2025-02,OUT,4,55.31,61.39,True,True,6.08,2024-11,1537.5,1782.5,1782.5,15.93,,,,,,,,,,,,,,,,,,,,,,,,,,,,,2025-03,1591.0,3.48,,,,,,,,,,,,,,,,,,,,,,,,,,,,,,,,,,,tv_wilder_rsi14_sma5_v1,61.39,55.31,True,True,6.08
4833,4833.T,Ｄｅｆ　ｃｏｎｓｕｌｔｉｎｇ,2025-02,OUT,4,38.32,38.84,True,False,0.51,2024-11,89.0,78.0,78.0,-12.36,,,,,,,,,,,,,,,,,,,,,,,,,,,,,2025-03,79.0,-11.24,,,,,,,,,,,,,,,,,,,,,,,,,,,,,,,,,,,tv_wilder_rsi14_sma5_v1,38.84,38.32,False,True,0.51
4891,4891.T,ティムス,2025-02,OUT,4,31.05,31.83,True,False,0.78,2024-11,224.0,205.0,205.0,-8.48,,,,,,,,,,,,,,,,,,,,,,,,,,,,,2025-03,162.0,-27.68,,,,,,,,,,,,,,,,,,,,,,,,,,,,,,,,,,,tv_wilder_rsi14_sma5_v1,31.83,31.05,False,True,0.78
4914,4914.T,高砂香料工業,2025-02,OUT,1,78.0,79.93,False,True,1.93,2025-02,1350.0,1350.0,1350.0,0.0,,,,,,,,,,,,,,,,,,,,,,,,,,,,,2025-03,1272.0,-5.78,,,,,,,,,,,,,,,,,,,,,,,,,,,,,,,,,,,tv_wilder_rsi14_sma5_v1,79.93,78.0,True,False,1.93
4929,4929.T,アジュバンホールディングス,2025-02,OUT,1,37.14,41.05,True,True,3.91,2025-02,838.0,838.0,838.0,0.0,,,,,,,,,,,,,,,,,,,,,,,,,,,,,2025-03,801.0,-4.42,,,,,,,,,,,,,,,,,,,,,,,,,,,,,,,,,,,tv_wilder_rsi14_sma5_v1,41.05,37.14,True,True,3.91
4932,4932.T,アルマード,2025-02,OUT,3,46.58,50.14,True,True,3.56,2024-12,1184.0,1217.0,1217.0,2.79,,,,,,,,,,,,,,,,,,,,,,,,,,,,,2025-03,1030.0,-13.01,,,,,,,,,,,,,,,,,,,,,,,,,,,,,,,,,,,tv_wilder_rsi14_sma5_v1,50.14,46.58,True,True,3.56
4960,4960.T,ケミプロ化成,2025-02,OUT,2,46.43,52.61,False,True,6.18,2025-01,318.0,345.0,345.0,8.49,,,,,,,,,,,,,,,,,,,,,,,,,,,,,2025-03,293.0,-7.86,,,,,,,,,,,,,,,,,,,,,,,,,,,,,,,,,,,tv_wilder_rsi14_sma5_v1,52.61,46.43,True,False,6.18
4979,4979.T,ＯＡＴアグリオ,2025-02,OUT,1,55.16,55.62,False,True,0.46,2025-02,1997.0,1997.0,1997.0,0.0,,,,,,,,,,,,,,,,,,,,,,,,,,,,,2025-03,1981.0,-0.8,,,,,,,,,,,,,,,,,,,,,,,,,,,,,,,,,,,tv_wilder_rsi14_sma5_v1,55.62,55.16,True,False,0.46
4990,4990.T,昭和化学工業,2025-02,OUT,2,51.52,53.66,True,False,2.15,2025-01,468.0,460.0,460.0,-1.71,,,,,,,,,,,,,,,,,,,,,,,,,,,,,2025-03,440.0,-5.98,,,,,,,,,,,,,,,,,,,,,,,,,,,,,,,,,,,tv_wilder_rsi14_sma5_v1,53.66,51.52,False,True,2.15
5026,5026.T,トリプルアイズ,2025-02,OUT,1,51.68,52.91,False,True,1.23,2025-02,1283.0,1283.0,1283.0,0.0,,,,,,,,,,,,,,,,,,,,,,,,,,,,,2025-03,1054.0,-17.85,,,,,,,,,,,,,,,,,,,,,,,,,,,,,,,,,,,tv_wilder_rsi14_sma5_v1,52.91,51.68,True,False,1.23
5126,5126.T,ポーターズ,2025-02,OUT,6,37.19,37.87,True,True,0.68,2024-09,2046.0,2041.0,2041.0,-0.24,,,,,,,,,,,,,,,,,,,,,,,,,,,,,2025-03,1913.0,-6.5,,,,,,,,,,,,,,,,,,,,,,,,,,,,,,,,,,,tv_wilder_rsi14_sma5_v1,37.87,37.19,True,True,0.68
5244,5244.T,ｊｉｇ．ｊｐ,2025-02,OUT,3,43.83,45.06,True,True,1.23,2024-12,327.0,309.0,309.0,-5.5,,,,,,,,,,,,,,,,,,,,,,,,,,,,,2025-03,262.0,-19.88,,,,,,,,,,,,,,,,,,,,,,,,,,,,,,,,,,,tv_wilder_rsi14_sma5_v1,45.06,43.83,True,True,1.23
5248,5248.T,テクノロジーズ,2025-02,OUT,1,59.27,60.36,True,True,1.09,2025-02,726.0,726.0,726.0,0.0,,,,,,,,,,,,,,,,,,,,,,,,,,,,,2025-03,695.0,-4.27,,,,,,,,,,,,,,,,,,,,,,,,,,,,,,,,,,,tv_wilder_rsi14_sma5_v1,60.36,59.27,True,True,1.09
5250,5250.T,ＧＭＯプライム・ストラテジー,2025-02,OUT,3,34.75,35.0,True,False,0.24,2024-12,1215.0,1132.0,1132.0,-6.83,,,,,,,,,,,,,,,,,,,,,,,,,,,,,2025-03,1022.0,-15.88,,,,,,,,,,,,,,,,,,,,,,,,,,,,,,,,,,,tv_wilder_rsi14_sma5_v1,35.0,34.75,False,True,0.24
5253,5253.T,カバー,2025-02,OUT,5,61.02,61.03,True,False,0.01,2024-10,1918.0,2620.0,2620.0,36.6,,,,,,,,,,,,,,,,,,,,,,,,,,,,,2025-03,2397.0,24.97,,,,,,,,,,,,,,,,,,,,,,,,,,,,,,,,,,,tv_wilder_rsi14_sma5_v1,61.03,61.02,False,True,0.01
5254,5254.T,Ａｒｅｎｔ,2025-02,OUT,1,57.93,58.27,False,True,0.34,2025-02,5810.0,5810.0,5810.0,0.0,,,,,,,,,,,,,,,,,,,,,,,,,,,,,2025-03,5180.0,-10.84,,,,,,,,,,,,,,,,,,,,,,,,,,,,,,,,,,,tv_wilder_rsi14_sma5_v1,58.27,57.93,True,False,0.34
5261,5261.T,リソルホールディングス,2025-02,OUT,5,56.0,60.71,True,True,4.71,2024-10,4950.0,5520.0,5520.0,11.52,,,,,,,,,,,,,,,,,,,,,,,,,,,,,2025-03,5000.0,1.01,,,,,,,,,,,,,,,,,,,,,,,,,,,,,,,,,,,tv_wilder_rsi14_sma5_v1,60.71,56.0,True,True,4.71
5284,5284.T,ヤマウホールディングス,2025-02,OUT,1,60.1,62.29,True,True,2.19,2025-02,1889.0,1889.0,1889.0,0.0,,,,,,,,,,,,,,,,,,,,,,,,,,,,,2025-03,1715.0,-9.21,,,,,,,,,,,,,,,,,,,,,,,,,,,,,,,,,,,tv_wilder_rsi14_sma5_v1,62.29,60.1,True,True,2.19
5285,5285.T,ヤマックス,2025-02,OUT,1,63.85,66.47,True,True,2.62,2025-02,1629.0,1629.0,1629.0,0.0,,,,,,,,,,,,,,,,,,,,,,,,,,,,,2025-03,1400.0,-14.06,,,,,,,,,,,,,,,,,,,,,,,,,,,,,,,,,,,tv_wilder_rsi14_sma5_v1,66.47,63.85,True,True,2.62
5341,5341.T,ＡＳＡＨＩ　ＥＩＴＯホールディングス,2025-02,OUT,1,44.0,44.25,False,True,0.24,2025-02,443.0,443.0,443.0,0.0,,,,,,,,,,,,,,,,,,,,,,,,,,,,,2025-03,416.0,-6.09,,,,,,,,,,,,,,,,,,,,,,,,,,,,,,,,,,,tv_wilder_rsi14_sma5_v1,44.25,44.0,True,False,0.24
5401,5401.T,日本製鉄,2025-02,OUT,3,53.35,57.24,True,True,3.89,2024-12,636.4,665.8,665.8,4.62,,,,,,,,,,,,,,,,,,,,,,,,,,,,,2025-03,639.0,0.41,,,,,,,,,,,,,,,,,,,,,,,,,,,,,,,,,,,tv_wilder_rsi14_sma5_v1,57.24,53.35,True,True,3.89
5408,5408.T,中山製鋼所,2025-02,OUT,2,46.08,47.39,True,False,1.31,2025-01,770.0,767.0,767.0,-0.39,,,,,,,,,,,,,,,,,,,,,,,,,,,,,2025-03,740.0,-3.9,,,,,,,,,,,,,,,,,,,,,,,,,,,,,,,,,,,tv_wilder_rsi14_sma5_v1,47.39,46.08,False,True,1.31
5410,5410.T,合同製鐵,2025-02,OUT,2,49.09,49.76,False,False,0.67,2025-01,4020.0,3975.0,3975.0,-1.12,,,,,,,,,,,,,,,,,,,,,,,,,,,,,2025-03,3865.0,-3.86,,,,,,,,,,,,,,,,,,,,,,,,,,,,,,,,,,,tv_wilder_rsi14_sma5_v1,49.76,49.09,False,False,0.67
543A,543A.T,ＡＲＣＨＩＯＮ,2025-02,OUT,3,44.02,45.82,True,False,1.8,2024-12,566.0,473.0,473.0,-16.43,,,,,,,,,,,,,,,,,,,,,,,,,,,,,2025-03,419.3,-25.92,,,,,,,,,,,,,,,,,,,,,,,,,,,,,,,,,,,tv_wilder_rsi14_sma5_v1,45.82,44.02,False,True,1.8
5451,5451.T,ヨドコウ,2025-02,OUT,1,74.17,76.79,False,True,2.62,2025-02,1186.0,1186.0,1186.0,0.0,,,,,,,,,,,,,,,,,,,,,,,,,,,,,2025-03,1114.0,-6.07,,,,,,,,,,,,,,,,,,,,,,,,,,,,,,,,,,,tv_wilder_rsi14_sma5_v1,76.79,74.17,True,False,2.62
5463,5463.T,丸一鋼管,2025-02,OUT,3,48.7,51.46,True,True,2.76,2024-12,1165.67,1154.67,1154.67,-0.94,,,,,,,,,,,,,,,,,,,,,,,,,,,,,2025-03,1109.33,-4.83,,,,,,,,,,,,,,,,,,,,,,,,,,,,,,,,,,,tv_wilder_rsi14_sma5_v1,51.46,48.7,True,True,2.76
5471,5471.T,大同特殊鋼,2025-02,OUT,2,46.02,47.12,False,False,1.1,2025-01,1240.0,1221.0,1221.0,-1.53,,,,,,,,,,,,,,,,,,,,,,,,,,,,,2025-03,1190.0,-4.03,,,,,,,,,,,,,,,,,,,,,,,,,,,,,,,,,,,tv_wilder_rsi14_sma5_v1,47.12,46.02,False,False,1.1
5532,5532.T,リアルゲイト,2025-02,OUT,3,54.28,55.23,True,False,0.95,2024-12,1259.0,1256.0,1256.0,-0.24,,,,,,,,,,,,,,,,,,,,,,,,,,,,,2025-03,1217.0,-3.34,,,,,,,,,,,,,,,,,,,,,,,,,,,,,,,,,,,tv_wilder_rsi14_sma5_v1,55.23,54.28,False,True,0.95
5580,5580.T,プロディライト,2025-02,OUT,3,23.83,24.55,True,True,0.72,2024-12,965.0,998.0,998.0,3.42,,,,,,,,,,,,,,,,,,,,,,,,,,,,,2025-03,931.0,-3.52,,,,,,,,,,,,,,,,,,,,,,,,,,,,,,,,,,,tv_wilder_rsi14_sma5_v1,24.55,23.83,True,True,0.72
5602,5602.T,栗本鐵工所,2025-02,OUT,3,63.6,68.31,True,True,4.71,2024-12,874.0,955.0,955.0,9.27,,,,,,,,,,,,,,,,,,,,,,,,,,,,,2025-03,912.0,4.35,,,,,,,,,,,,,,,,,,,,,,,,,,,,,,,,,,,tv_wilder_rsi14_sma5_v1,68.31,63.6,True,True,4.71
5695,5695.T,パウダーテック,2025-02,OUT,3,41.19,42.86,True,False,1.66,2024-12,2199.0,2204.0,2204.0,0.23,,,,,,,,,,,,,,,,,,,,,,,,,,,,,2025-03,2133.0,-3.0,,,,,,,,,,,,,,,,,,,,,,,,,,,,,,,,,,,tv_wilder_rsi14_sma5_v1,42.86,41.19,False,True,1.66
5729,5729.T,日本精鉱,2025-02,OUT,5,69.92,83.62,True,True,13.7,2024-10,885.0,1450.0,1450.0,63.84,,,,,,,,,,,,,,,,,,,,,,,,,,,,,2025-03,1233.75,39.41,,,,,,,,,,,,,,,,,,,,,,,,,,,,,,,,,,,tv_wilder_rsi14_sma5_v1,83.62,69.92,True,True,13.7
5742,5742.T,エヌアイシ・オートテック,2025-02,OUT,4,46.12,49.59,True,True,3.47,2024-11,783.0,793.0,793.0,1.28,,,,,,,,,,,,,,,,,,,,,,,,,,,,,2025-03,775.0,-1.02,,,,,,,,,,,,,,,,,,,,,,,,,,,,,,,,,,,tv_wilder_rsi14_sma5_v1,49.59,46.12,True,True,3.47
5858,5858.T,ＳＴＧ,2025-02,OUT,5,48.21,59.02,True,True,10.81,2024-10,927.5,1617.5,1617.5,74.39,,,,,,,,,,,,,,,,,,,,,,,,,,,,,2025-03,1325.0,42.86,,,,,,,,,,,,,,,,,,,,,,,,,,,,,,,,,,,tv_wilder_rsi14_sma5_v1,59.02,48.21,True,True,10.81
5906,5906.T,エムケー精工,2025-02,OUT,4,64.82,67.21,True,False,2.39,2024-11,451.0,506.0,506.0,12.2,,,,,,,,,,,,,,,,,,,,,,,,,,,,,2025-03,475.0,5.32,,,,,,,,,,,,,,,,,,,,,,,,,,,,,,,,,,,tv_wilder_rsi14_sma5_v1,67.21,64.82,False,True,2.39
5915,5915.T,駒井ハルテック,2025-02,OUT,1,41.35,42.61,False,True,1.26,2025-02,1609.0,1609.0,1609.0,0.0,,,,,,,,,,,,,,,,,,,,,,,,,,,,,2025-03,1581.0,-1.74,,,,,,,,,,,,,,,,,,,,,,,,,,,,,,,,,,,tv_wilder_rsi14_sma5_v1,42.61,41.35,True,False,1.26
5933,5933.T,アルインコ,2025-02,OUT,3,49.36,52.07,True,False,2.71,2024-12,1061.0,1045.0,1045.0,-1.51,,,,,,,,,,,,,,,,,,,,,,,,,,,,,2025-03,1015.0,-4.34,,,,,,,,,,,,,,,,,,,,,,,,,,,,,,,,,,,tv_wilder_rsi14_sma5_v1,52.07,49.36,False,True,2.71
5939,5939.T,大谷工業,2025-02,OUT,1,48.57,51.81,False,True,3.24,2025-02,6790.0,6790.0,6790.0,0.0,,,,,,,,,,,,,,,,,,,,,,,,,,,,,2025-03,6140.0,-9.57,,,,,,,,,,,,,,,,,,,,,,,,,,,,,,,,,,,tv_wilder_rsi14_sma5_v1,51.81,48.57,True,False,3.24
5941,5941.T,中西製作所,2025-02,OUT,3,70.64,74.01,True,True,3.37,2024-12,2465.0,2634.0,2634.0,6.86,,,,,,,,,,,,,,,,,,,,,,,,,,,,,2025-03,2517.0,2.11,,,,,,,,,,,,,,,,,,,,,,,,,,,,,,,,,,,tv_wilder_rsi14_sma5_v1,74.01,70.64,True,True,3.37
5976,5976.T,高周波熱錬,2025-02,OUT,2,54.93,56.04,True,True,1.11,2025-01,1001.0,1002.0,1002.0,0.1,,,,,,,,,,,,,,,,,,,,,,,,,,,,,2025-03,968.0,-3.3,,,,,,,,,,,,,,,,,,,,,,,,,,,,,,,,,,,tv_wilder_rsi14_sma5_v1,56.04,54.93,True,True,1.11
5981,5981.T,東京製綱,2025-02,OUT,4,51.95,52.87,True,False,0.92,2024-11,1246.0,1277.0,1277.0,2.49,,,,,,,,,,,,,,,,,,,,,,,,,,,,,2025-03,1221.0,-2.01,,,,,,,,,,,,,,,,,,,,,,,,,,,,,,,,,,,tv_wilder_rsi14_sma5_v1,52.87,51.95,False,True,0.92
5983,5983.T,イワブチ,2025-02,OUT,1,52.72,54.6,True,True,1.88,2025-02,6550.0,6550.0,6550.0,0.0,,,,,,,,,,,,,,,,,,,,,,,,,,,,,2025-03,6300.0,-3.82,,,,,,,,,,,,,,,,,,,,,,,,,,,,,,,,,,,tv_wilder_rsi14_sma5_v1,54.6,52.72,True,True,1.88
5997,5997.T,協立エアテック,2025-02,OUT,2,50.08,50.81,True,True,0.73,2025-01,607.0,613.0,613.0,0.99,,,,,,,,,,,,,,,,,,,,,,,,,,,,,2025-03,598.0,-1.48,,,,,,,,,,,,,,,,,,,,,,,,,,,,,,,,,,,tv_wilder_rsi14_sma5_v1,50.81,50.08,True,True,0.73
6030,6030.T,アドベンチャー,2025-02,OUT,2,40.01,40.02,False,False,0.01,2025-01,3730.0,3550.0,3550.0,-4.83,,,,,,,,,,,,,,,,,,,,,,,,,,,,,2025-03,3460.0,-7.24,,,,,,,,,,,,,,,,,,,,,,,,,,,,,,,,,,,tv_wilder_rsi14_sma5_v1,40.02,40.01,False,False,0.01
6040,6040.T,日本スキー場開発,2025-02,OUT,4,61.37,69.34,True,True,7.97,2024-11,333.33,451.67,451.67,35.5,,,,,,,,,,,,,,,,,,,,,,,,,,,,,2025-03,427.0,28.1,,,,,,,,,,,,,,,,,,,,,,,,,,,,,,,,,,,tv_wilder_rsi14_sma5_v1,69.34,61.37,True,True,7.97
6059,6059.T,ウチヤマホールディングス,2025-02,OUT,1,43.17,45.93,False,True,2.75,2025-02,319.0,319.0,319.0,0.0,,,,,,,,,,,,,,,,,,,,,,,,,,,,,2025-03,309.0,-3.13,,,,,,,,,,,,,,,,,,,,,,,,,,,,,,,,,,,tv_wilder_rsi14_sma5_v1,45.93,43.17,True,False,2.75
6069,6069.T,トレンダーズ,2025-02,OUT,1,41.87,41.99,True,True,0.12,2025-02,880.0,880.0,880.0,0.0,,,,,,,,,,,,,,,,,,,,,,,,,,,,,2025-03,871.0,-1.02,,,,,,,,,,,,,,,,,,,,,,,,,,,,,,,,,,,tv_wilder_rsi14_sma5_v1,41.99,41.87,True,True,0.12
6071,6071.T,ＩＢＪ,2025-02,OUT,2,46.79,50.52,False,True,3.74,2025-01,657.0,695.0,695.0,5.78,,,,,,,,,,,,,,,,,,,,,,,,,,,,,2025-03,640.0,-2.59,,,,,,,,,,,,,,,,,,,,,,,,,,,,,,,,,,,tv_wilder_rsi14_sma5_v1,50.52,46.79,True,False,3.74
6072,6072.T,地盤ネットホールディングス,2025-02,OUT,1,53.5,53.95,True,True,0.45,2025-02,178.0,178.0,178.0,0.0,,,,,,,,,,,,,,,,,,,,,,,,,,,,,2025-03,176.0,-1.12,,,,,,,,,,,,,,,,,,,,,,,,,,,,,,,,,,,tv_wilder_rsi14_sma5_v1,53.95,53.5,True,True,0.45
6080,6080.T,Ｍ＆Ａキャピタルパートナーズ,2025-02,OUT,4,46.9,50.56,True,False,3.65,2024-11,2608.0,2906.0,2906.0,11.43,,,,,,,,,,,,,,,,,,,,,,,,,,,,,2025-03,2795.0,7.17,,,,,,,,,,,,,,,,,,,,,,,,,,,,,,,,,,,tv_wilder_rsi14_sma5_v1,50.56,46.9,False,True,3.65
6081,6081.T,アライドアーキテクツ,2025-02,OUT,1,36.27,36.67,True,True,0.4,2025-02,182.0,182.0,182.0,0.0,,,,,,,,,,,,,,,,,,,,,,,,,,,,,2025-03,171.0,-6.04,,,,,,,,,,,,,,,,,,,,,,,,,,,,,,,,,,,tv_wilder_rsi14_sma5_v1,36.67,36.27,True,True,0.4
6082,6082.T,ライドオンエクスプレスホールディングス,2025-02,OUT,3,41.56,45.06,True,True,3.5,2024-12,1004.0,1040.0,1040.0,3.59,,,,,,,,,,,,,,,,,,,,,,,,,,,,,2025-03,1001.0,-0.3,,,,,,,,,,,,,,,,,,,,,,,,,,,,,,,,,,,tv_wilder_rsi14_sma5_v1,45.06,41.56,True,True,3.5
6086,6086.T,シンメンテホールディングス,2025-02,OUT,2,57.34,59.38,True,True,2.04,2025-01,801.5,807.0,807.0,0.69,,,,,,,,,,,,,,,,,,,,,,,,,,,,,2025-03,777.0,-3.06,,,,,,,,,,,,,,,,,,,,,,,,,,,,,,,,,,,tv_wilder_rsi14_sma5_v1,59.38,57.34,True,True,2.04
6088,6088.T,シグマクシス・ホールディングス,2025-02,OUT,6,62.82,64.59,True,True,1.78,2024-09,841.0,955.0,955.0,13.56,,,,,,,,,,,,,,,,,,,,,,,,,,,,,2025-03,937.0,11.41,,,,,,,,,,,,,,,,,,,,,,,,,,,,,,,,,,,tv_wilder_rsi14_sma5_v1,64.59,62.82,True,True,1.78
6089,6089.T,ウィルグループ,2025-02,OUT,3,44.06,44.36,True,False,0.3,2024-12,1009.0,989.0,989.0,-1.98,,,,,,,,,,,,,,,,,,,,,,,,,,,,,2025-03,950.0,-5.85,,,,,,,,,,,,,,,,,,,,,,,,,,,,,,,,,,,tv_wilder_rsi14_sma5_v1,44.36,44.06,False,True,0.3
6157,6157.T,日進工具,2025-02,OUT,3,30.51,30.8,True,False,0.29,2024-12,760.0,749.0,749.0,-1.45,,,,,,,,,,,,,,,,,,,,,,,,,,,,,2025-03,746.0,-1.84,,,,,,,,,,,,,,,,,,,,,,,,,,,,,,,,,,,tv_wilder_rsi14_sma5_v1,30.8,30.51,False,True,0.29
6161,6161.T,エスティック,2025-02,OUT,4,45.37,46.44,True,False,1.07,2024-11,896.0,912.0,912.0,1.79,,,,,,,,,,,,,,,,,,,,,,,,,,,,,2025-03,882.0,-1.56,,,,,,,,,,,,,,,,,,,,,,,,,,,,,,,,,,,tv_wilder_rsi14_sma5_v1,46.44,45.37,False,True,1.07
6178,6178.T,日本郵政,2025-02,OUT,4,62.62,64.75,True,False,2.13,2024-11,1499.5,1595.5,1595.5,6.4,,,,,,,,,,,,,,,,,,,,,,,,,,,,,2025-03,1493.0,-0.43,,,,,,,,,,,,,,,,,,,,,,,,,,,,,,,,,,,tv_wilder_rsi14_sma5_v1,64.75,62.62,False,True,2.13
6180,6180.T,ＧＭＯメディア,2025-02,OUT,4,68.0,70.69,True,True,2.69,2024-11,4040.0,4600.0,4600.0,13.86,,,,,,,,,,,,,,,,,,,,,,,,,,,,,2025-03,4625.0,14.48,,,,,,,,,,,,,,,,,,,,,,,,,,,,,,,,,,,tv_wilder_rsi14_sma5_v1,70.69,68.0,True,True,2.69
6183,6183.T,ベルシステム２４ホールディングス,2025-02,OUT,1,37.63,38.12,False,True,0.49,2025-02,1276.0,1276.0,1276.0,0.0,,,,,,,,,,,,,,,,,,,,,,,,,,,,,2025-03,1259.0,-1.33,,,,,,,,,,,,,,,,,,,,,,,,,,,,,,,,,,,tv_wilder_rsi14_sma5_v1,38.12,37.63,True,False,0.49
6189,6189.T,グローバルキッズＣＯＭＰＡＮＹ,2025-02,OUT,2,48.76,49.8,True,False,1.04,2025-01,700.0,700.0,700.0,0.0,,,,,,,,,,,,,,,,,,,,,,,,,,,,,2025-03,685.0,-2.14,,,,,,,,,,,,,,,,,,,,,,,,,,,,,,,,,,,tv_wilder_rsi14_sma5_v1,49.8,48.76,False,True,1.04
6193,6193.T,バーチャレクス・ホールディングス,2025-02,OUT,3,41.53,42.36,True,False,0.82,2024-12,815.0,800.0,800.0,-1.84,,,,,,,,,,,,,,,,,,,,,,,,,,,,,2025-03,785.0,-3.68,,,,,,,,,,,,,,,,,,,,,,,,,,,,,,,,,,,tv_wilder_rsi14_sma5_v1,42.36,41.53,False,True,0.82
6197,6197.T,ソラスト,2025-02,OUT,1,36.13,36.2,False,False,0.07,2025-02,471.0,471.0,471.0,0.0,,,,,,,,,,,,,,,,,,,,,,,,,,,,,2025-03,458.0,-2.76,,,,,,,,,,,,,,,,,,,,,,,,,,,,,,,,,,,tv_wilder_rsi14_sma5_v1,36.2,36.13,False,False,0.07
6224,6224.T,ＪＲＣ,2025-02,OUT,1,57.13,57.68,,False,0.55,2025-02,1000.0,1000.0,1000.0,0.0,,,,,,,,,,,,,,,,,,,,,,,,,,,,,2025-03,991.0,-0.9,,,,,,,,,,,,,,,,,,,,,,,,,,,,,,,,,,,tv_wilder_rsi14_sma5_v1,57.68,57.13,False,,0.55
6227,6227.T,ＡＩメカテック,2025-02,OUT,6,52.55,57.22,True,True,4.68,2024-09,951.33,1210.0,1210.0,27.19,,,,,,,,,,,,,,,,,,,,,,,,,,,,,2025-03,970.0,1.96,,,,,,,,,,,,,,,,,,,,,,,,,,,,,,,,,,,tv_wilder_rsi14_sma5_v1,57.22,52.55,True,True,4.68
6255,6255.T,エヌ・ピー・シー,2025-02,OUT,1,55.29,55.62,False,True,0.33,2025-02,920.0,920.0,920.0,0.0,,,,,,,,,,,,,,,,,,,,,,,,,,,,,2025-03,805.0,-12.5,,,,,,,,,,,,,,,,,,,,,,,,,,,,,,,,,,,tv_wilder_rsi14_sma5_v1,55.62,55.29,True,False,0.33
6292,6292.T,カワタ,2025-02,OUT,1,36.47,37.92,False,True,1.45,2025-02,798.0,798.0,798.0,0.0,,,,,,,,,,,,,,,,,,,,,,,,,,,,,2025-03,778.0,-2.51,,,,,,,,,,,,,,,,,,,,,,,,,,,,,,,,,,,tv_wilder_rsi14_sma5_v1,37.92,36.47,True,False,1.45
6294,6294.T,オカダアイヨン,2025-02,OUT,1,45.94,49.72,True,True,3.78,2025-02,2103.0,2103.0,2103.0,0.0,,,,,,,,,,,,,,,,,,,,,,,,,,,,,2025-03,1905.0,-9.42,,,,,,,,,,,,,,,,,,,,,,,,,,,,,,,,,,,tv_wilder_rsi14_sma5_v1,49.72,45.94,True,True,3.78
6301,6301.T,小松製作所,2025-02,OUT,3,57.78,58.61,True,False,0.83,2024-12,4350.0,4466.0,4466.0,2.67,,,,,,,,,,,,,,,,,,,,,,,,,,,,,2025-03,4306.0,-1.01,,,,,,,,,,,,,,,,,,,,,,,,,,,,,,,,,,,tv_wilder_rsi14_sma5_v1,58.61,57.78,False,True,0.83
6324,6324.T,ハーモニック・ドライブ・システムズ,2025-02,OUT,3,45.02,54.53,True,True,9.5,2024-12,3345.0,4620.0,4620.0,38.12,,,,,,,,,,,,,,,,,,,,,,,,,,,,,2025-03,3160.0,-5.53,,,,,,,,,,,,,,,,,,,,,,,,,,,,,,,,,,,tv_wilder_rsi14_sma5_v1,54.53,45.02,True,True,9.5
6333,6333.T,ＴＥＩＫＯＫＵ,2025-02,OUT,1,60.69,64.22,True,True,3.53,2025-02,3050.0,3050.0,3050.0,0.0,,,,,,,,,,,,,,,,,,,,,,,,,,,,,2025-03,2923.0,-4.16,,,,,,,,,,,,,,,,,,,,,,,,,,,,,,,,,,,tv_wilder_rsi14_sma5_v1,64.22,60.69,True,True,3.53
6337,6337.T,テセック,2025-02,OUT,2,38.65,39.56,True,True,0.91,2025-01,1515.0,1548.0,1548.0,2.18,,,,,,,,,,,,,,,,,,,,,,,,,,,,,2025-03,1477.0,-2.51,,,,,,,,,,,,,,,,,,,,,,,,,,,,,,,,,,,tv_wilder_rsi14_sma5_v1,39.56,38.65,True,True,0.91
6345,6345.T,アイチ　コーポレーション,2025-02,OUT,4,71.74,75.26,True,True,3.52,2024-11,1376.0,1500.0,1500.0,9.01,,,,,,,,,,,,,,,,,,,,,,,,,,,,,2025-03,1261.0,-8.36,,,,,,,,,,,,,,,,,,,,,,,,,,,,,,,,,,,tv_wilder_rsi14_sma5_v1,75.26,71.74,True,True,3.52
6356,6356.T,日本ギア工業,2025-02,OUT,3,50.33,50.94,True,True,0.61,2024-12,528.0,491.0,491.0,-7.01,,,,,,,,,,,,,,,,,,,,,,,,,,,,,2025-03,482.0,-8.71,,,,,,,,,,,,,,,,,,,,,,,,,,,,,,,,,,,tv_wilder_rsi14_sma5_v1,50.94,50.33,True,True,0.61
6357,6357.T,三精テクノロジーズ,2025-02,OUT,2,52.85,54.66,False,True,1.81,2025-01,1339.0,1361.0,1361.0,1.64,,,,,,,,,,,,,,,,,,,,,,,,,,,,,2025-03,1294.0,-3.36,,,,,,,,,,,,,,,,,,,,,,,,,,,,,,,,,,,tv_wilder_rsi14_sma5_v1,54.66,52.85,True,False,1.81
6360,6360.T,東京自働機械製作所,2025-02,OUT,3,60.93,78.35,True,True,17.42,2024-12,2846.0,4445.0,4445.0,56.18,,,,,,,,,,,,,,,,,,,,,,,,,,,,,2025-03,3620.0,27.2,,,,,,,,,,,,,,,,,,,,,,,,,,,,,,,,,,,tv_wilder_rsi14_sma5_v1,78.35,60.93,True,True,17.42
6379,6379.T,レイズネクスト,2025-02,OUT,1,48.7,49.78,False,True,1.07,2025-02,1574.0,1574.0,1574.0,0.0,,,,,,,,,,,,,,,,,,,,,,,,,,,,,2025-03,1512.0,-3.94,,,,,,,,,,,,,,,,,,,,,,,,,,,,,,,,,,,tv_wilder_rsi14_sma5_v1,49.78,48.7,True,False,1.07
6384,6384.T,昭和真空,2025-02,OUT,4,45.68,46.49,True,False,0.81,2024-11,1385.0,1383.0,1383.0,-0.14,,,,,,,,,,,,,,,,,,,,,,,,,,,,,2025-03,1337.0,-3.47,,,,,,,,,,,,,,,,,,,,,,,,,,,,,,,,,,,tv_wilder_rsi14_sma5_v1,46.49,45.68,False,True,0.81
6393,6393.T,油研工業,2025-02,OUT,4,62.23,64.91,True,True,2.67,2024-11,2535.0,2658.0,2658.0,4.85,,,,,,,,,,,,,,,,,,,,,,,,,,,,,2025-03,2440.0,-3.75,,,,,,,,,,,,,,,,,,,,,,,,,,,,,,,,,,,tv_wilder_rsi14_sma5_v1,64.91,62.23,True,True,2.67
6418,6418.T,日本金銭機械,2025-02,OUT,4,48.98,49.88,True,False,0.9,2024-11,1029.0,1068.0,1068.0,3.79,,,,,,,,,,,,,,,,,,,,,,,,,,,,,2025-03,1008.0,-2.04,,,,,,,,,,,,,,,,,,,,,,,,,,,,,,,,,,,tv_wilder_rsi14_sma5_v1,49.88,48.98,False,True,0.9
6424,6424.T,高見沢サイバネティックス,2025-02,OUT,3,47.31,48.07,True,False,0.75,2024-12,1060.0,1080.0,1080.0,1.89,,,,,,,,,,,,,,,,,,,,,,,,,,,,,2025-03,1049.0,-1.04,,,,,,,,,,,,,,,,,,,,,,,,,,,,,,,,,,,tv_wilder_rsi14_sma5_v1,48.07,47.31,False,True,0.75
6433,6433.T,ヒーハイスト,2025-02,OUT,3,60.84,74.85,True,True,14.01,2024-12,378.0,433.0,433.0,14.55,,,,,,,,,,,,,,,,,,,,,,,,,,,,,2025-03,370.0,-2.12,,,,,,,,,,,,,,,,,,,,,,,,,,,,,,,,,,,tv_wilder_rsi14_sma5_v1,74.85,60.84,True,True,14.01
6448,6448.T,ブラザー工業,2025-02,OUT,1,55.11,56.59,True,True,1.49,2025-02,2880.5,2880.5,2880.5,0.0,,,,,,,,,,,,,,,,,,,,,,,,,,,,,2025-03,2694.0,-6.47,,,,,,,,,,,,,,,,,,,,,,,,,,,,,,,,,,,tv_wilder_rsi14_sma5_v1,56.59,55.11,True,True,1.49
6465,6465.T,ホシザキ,2025-02,OUT,1,59.7,60.34,True,True,0.64,2025-02,6034.0,6034.0,6034.0,0.0,,,,,,,,,,,,,,,,,,,,,,,,,,,,,2025-03,5772.0,-4.34,,,,,,,,,,,,,,,,,,,,,,,,,,,,,,,,,,,tv_wilder_rsi14_sma5_v1,60.34,59.7,True,True,0.64
6473,6473.T,ジェイテクト,2025-02,OUT,3,48.63,48.96,True,False,0.33,2024-12,1179.5,1133.0,1133.0,-3.94,,,,,,,,,,,,,,,,,,,,,,,,,,,,,2025-03,1127.5,-4.41,,,,,,,,,,,,,,,,,,,,,,,,,,,,,,,,,,,tv_wilder_rsi14_sma5_v1,48.96,48.63,False,True,0.33
6480,6480.T,日本トムソン,2025-02,OUT,3,42.68,44.17,True,False,1.49,2024-12,502.0,503.0,503.0,0.2,,,,,,,,,,,,,,,,,,,,,,,,,,,,,2025-03,486.0,-3.19,,,,,,,,,,,,,,,,,,,,,,,,,,,,,,,,,,,tv_wilder_rsi14_sma5_v1,44.17,42.68,False,True,1.49
6481,6481.T,ＴＨＫ,2025-02,OUT,4,59.25,63.73,True,False,4.48,2024-11,3609.0,3796.0,3796.0,5.18,,,,,,,,,,,,,,,,,,,,,,,,,,,,,2025-03,3630.0,0.58,,,,,,,,,,,,,,,,,,,,,,,,,,,,,,,,,,,tv_wilder_rsi14_sma5_v1,63.73,59.25,False,True,4.48
6485,6485.T,前澤給装工業,2025-02,OUT,3,56.22,56.33,True,False,0.11,2024-12,1346.0,1321.0,1321.0,-1.86,,,,,,,,,,,,,,,,,,,,,,,,,,,,,2025-03,1283.0,-4.68,,,,,,,,,,,,,,,,,,,,,,,,,,,,,,,,,,,tv_wilder_rsi14_sma5_v1,56.33,56.22,False,True,0.11
6497,6497.T,ハマイ,2025-02,OUT,1,52.03,55.49,True,True,3.45,2025-02,1115.0,1115.0,1115.0,0.0,,,,,,,,,,,,,,,,,,,,,,,,,,,,,2025-03,1082.0,-2.96,,,,,,,,,,,,,,,,,,,,,,,,,,,,,,,,,,,tv_wilder_rsi14_sma5_v1,55.49,52.03,True,True,3.45
6508,6508.T,明電舎,2025-02,OUT,1,67.95,69.88,True,True,1.93,2025-02,4735.0,4735.0,4735.0,0.0,,,,,,,,,,,,,,,,,,,,,,,,,,,,,2025-03,4315.0,-8.87,,,,,,,,,,,,,,,,,,,,,,,,,,,,,,,,,,,tv_wilder_rsi14_sma5_v1,69.88,67.95,True,True,1.93
6513,6513.T,オリジン,2025-02,OUT,1,40.95,42.32,False,True,1.37,2025-02,1147.0,1147.0,1147.0,0.0,,,,,,,,,,,,,,,,,,,,,,,,,,,,,2025-03,1115.0,-2.79,,,,,,,,,,,,,,,,,,,,,,,,,,,,,,,,,,,tv_wilder_rsi14_sma5_v1,42.32,40.95,True,False,1.37
6549,6549.T,ディーエムソリューションズ,2025-02,OUT,3,53.71,56.08,True,False,2.38,2024-12,683.5,719.0,719.0,5.19,,,,,,,,,,,,,,,,,,,,,,,,,,,,,2025-03,685.0,0.22,,,,,,,,,,,,,,,,,,,,,,,,,,,,,,,,,,,tv_wilder_rsi14_sma5_v1,56.08,53.71,False,True,2.38
6551,6551.T,ツナググループ・ホールディングス,2025-02,OUT,1,47.76,47.88,False,True,0.12,2025-02,618.0,618.0,618.0,0.0,,,,,,,,,,,,,,,,,,,,,,,,,,,,,2025-03,591.0,-4.37,,,,,,,,,,,,,,,,,,,,,,,,,,,,,,,,,,,tv_wilder_rsi14_sma5_v1,47.88,47.76,True,False,0.12
6562,6562.T,ジーニー,2025-02,OUT,4,58.58,60.87,True,True,2.3,2024-11,1537.0,1690.0,1690.0,9.95,,,,,,,,,,,,,,,,,,,,,,,,,,,,,2025-03,1576.0,2.54,,,,,,,,,,,,,,,,,,,,,,,,,,,,,,,,,,,tv_wilder_rsi14_sma5_v1,60.87,58.58,True,True,2.3
6568,6568.T,神戸天然物化学,2025-02,OUT,1,39.42,41.03,True,True,1.61,2025-02,1135.0,1135.0,1135.0,0.0,,,,,,,,,,,,,,,,,,,,,,,,,,,,,2025-03,1084.0,-4.49,,,,,,,,,,,,,,,,,,,,,,,,,,,,,,,,,,,tv_wilder_rsi14_sma5_v1,41.03,39.42,True,True,1.61
6580,6580.T,ライトアップ,2025-02,OUT,4,55.29,59.46,True,True,4.16,2024-11,1193.0,1451.0,1451.0,21.63,,,,,,,,,,,,,,,,,,,,,,,,,,,,,2025-03,1260.0,5.62,,,,,,,,,,,,,,,,,,,,,,,,,,,,,,,,,,,tv_wilder_rsi14_sma5_v1,59.46,55.29,True,True,4.16
6627,6627.T,テラプローブ,2025-02,OUT,2,43.07,46.11,True,True,3.04,2025-01,3185.0,3340.0,3340.0,4.87,,,,,,,,,,,,,,,,,,,,,,,,,,,,,2025-03,2764.0,-13.22,,,,,,,,,,,,,,,,,,,,,,,,,,,,,,,,,,,tv_wilder_rsi14_sma5_v1,46.11,43.07,True,True,3.04
6652,6652.T,ＩＤＥＣ,2025-02,OUT,3,43.13,44.72,True,False,1.6,2024-12,2486.0,2535.0,2535.0,1.97,,,,,,,,,,,,,,,,,,,,,,,,,,,,,2025-03,2442.0,-1.77,,,,,,,,,,,,,,,,,,,,,,,,,,,,,,,,,,,tv_wilder_rsi14_sma5_v1,44.72,43.13,False,True,1.6
6656,6656.T,インスペック,2025-02,OUT,2,38.05,41.5,True,True,3.45,2025-01,742.0,769.0,769.0,3.64,,,,,,,,,,,,,,,,,,,,,,,,,,,,,2025-03,584.0,-21.29,,,,,,,,,,,,,,,,,,,,,,,,,,,,,,,,,,,tv_wilder_rsi14_sma5_v1,41.5,38.05,True,True,3.45
6658,6658.T,シライ電子工業,2025-02,OUT,3,52.28,52.96,True,False,0.68,2024-12,589.0,599.0,599.0,1.7,,,,,,,,,,,,,,,,,,,,,,,,,,,,,2025-03,570.0,-3.23,,,,,,,,,,,,,,,,,,,,,,,,,,,,,,,,,,,tv_wilder_rsi14_sma5_v1,52.96,52.28,False,True,0.68
6663,6663.T,太洋テクノレックス,2025-02,OUT,4,36.79,37.68,True,False,0.9,2024-11,286.0,269.0,269.0,-5.94,,,,,,,,,,,,,,,,,,,,,,,,,,,,,2025-03,256.0,-10.49,,,,,,,,,,,,,,,,,,,,,,,,,,,,,,,,,,,tv_wilder_rsi14_sma5_v1,37.68,36.79,False,True,0.9
6666,6666.T,リバーエレテック,2025-02,OUT,3,36.74,36.94,False,False,0.19,2024-12,419.0,402.0,402.0,-4.06,,,,,,,,,,,,,,,,,,,,,,,,,,,,,2025-03,394.0,-5.97,,,,,,,,,,,,,,,,,,,,,,,,,,,,,,,,,,,tv_wilder_rsi14_sma5_v1,36.94,36.74,False,False,0.19
6676,6676.T,ＢＵＦＦＡＬＯ,2025-02,OUT,1,60.36,60.69,False,True,0.32,2025-02,1159.0,1159.0,1159.0,0.0,,,,,,,,,,,,,,,,,,,,,,,,,,,,,2025-03,1105.0,-4.66,,,,,,,,,,,,,,,,,,,,,,,,,,,,,,,,,,,tv_wilder_rsi14_sma5_v1,60.69,60.36,True,False,0.32
6721,6721.T,ウインテスト,2025-02,OUT,3,47.73,51.99,True,False,4.25,2024-12,110.0,124.0,124.0,12.73,,,,,,,,,,,,,,,,,,,,,,,,,,,,,2025-03,114.0,3.64,,,,,,,,,,,,,,,,,,,,,,,,,,,,,,,,,,,tv_wilder_rsi14_sma5_v1,51.99,47.73,False,True,4.25
6723,6723.T,ルネサスエレクトロニクス,2025-02,OUT,2,49.27,56.0,True,True,6.73,2025-01,2107.5,2464.5,2464.5,16.94,,,,,,,,,,,,,,,,,,,,,,,,,,,,,2025-03,1987.5,-5.69,,,,,,,,,,,,,,,,,,,,,,,,,,,,,,,,,,,tv_wilder_rsi14_sma5_v1,56.0,49.27,True,True,6.73
6753,6753.T,シャープ,2025-02,OUT,1,48.7,50.25,True,True,1.55,2025-02,983.1,983.1,983.1,0.0,,,,,,,,,,,,,,,,,,,,,,,,,,,,,2025-03,944.0,-3.98,,,,,,,,,,,,,,,,,,,,,,,,,,,,,,,,,,,tv_wilder_rsi14_sma5_v1,50.25,48.7,True,True,1.55
6768,6768.T,タムラ製作所,2025-02,OUT,2,43.45,44.36,False,False,0.91,2025-01,598.0,539.0,539.0,-9.87,,,,,,,,,,,,,,,,,,,,,,,,,,,,,2025-03,508.0,-15.05,,,,,,,,,,,,,,,,,,,,,,,,,,,,,,,,,,,tv_wilder_rsi14_sma5_v1,44.36,43.45,False,False,0.91
6771,6771.T,池上通信機,2025-02,OUT,1,42.06,43.48,True,True,1.43,2025-02,662.0,662.0,662.0,0.0,,,,,,,,,,,,,,,,,,,,,,,,,,,,,2025-03,626.0,-5.44,,,,,,,,,,,,,,,,,,,,,,,,,,,,,,,,,,,tv_wilder_rsi14_sma5_v1,43.48,42.06,True,True,1.43
6798,6798.T,ＳＭＫ,2025-02,OUT,4,52.96,53.81,True,False,0.85,2024-11,2432.0,2625.0,2625.0,7.94,,,,,,,,,,,,,,,,,,,,,,,,,,,,,2025-03,2400.0,-1.32,,,,,,,,,,,,,,,,,,,,,,,,,,,,,,,,,,,tv_wilder_rsi14_sma5_v1,53.81,52.96,False,True,0.85
6819,6819.T,伊豆シャボテンリゾート,2025-02,OUT,5,59.71,68.59,True,True,8.88,2024-10,454.0,578.0,578.0,27.31,,,,,,,,,,,,,,,,,,,,,,,,,,,,,2025-03,505.0,11.23,,,,,,,,,,,,,,,,,,,,,,,,,,,,,,,,,,,tv_wilder_rsi14_sma5_v1,68.59,59.71,True,True,8.88
6840,6840.T,ＡＫＩＢＡホールディングス,2025-02,OUT,2,34.01,35.05,False,False,1.04,2025-01,267.0,261.0,261.0,-2.25,,,,,,,,,,,,,,,,,,,,,,,,,,,,,2025-03,245.0,-8.24,,,,,,,,,,,,,,,,,,,,,,,,,,,,,,,,,,,tv_wilder_rsi14_sma5_v1,35.05,34.01,False,False,1.04
6844,6844.T,新電元工業,2025-02,OUT,3,36.61,40.92,True,True,4.31,2024-12,2491.0,2567.0,2567.0,3.05,,,,,,,,,,,,,,,,,,,,,,,,,,,,,2025-03,2027.0,-18.63,,,,,,,,,,,,,,,,,,,,,,,,,,,,,,,,,,,tv_wilder_rsi14_sma5_v1,40.92,36.61,True,True,4.31
6863,6863.T,ニレコ,2025-02,OUT,4,59.8,65.18,True,True,5.38,2024-11,1460.0,1797.0,1797.0,23.08,,,,,,,,,,,,,,,,,,,,,,,,,,,,,2025-03,1708.0,16.99,,,,,,,,,,,,,,,,,,,,,,,,,,,,,,,,,,,tv_wilder_rsi14_sma5_v1,65.18,59.8,True,True,5.38
6871,6871.T,日本マイクロニクス,2025-02,OUT,1,50.21,52.42,True,True,2.21,2025-02,4235.0,4235.0,4235.0,0.0,,,,,,,,,,,,,,,,,,,,,,,,,,,,,2025-03,3480.0,-17.83,,,,,,,,,,,,,,,,,,,,,,,,,,,,,,,,,,,tv_wilder_rsi14_sma5_v1,52.42,50.21,True,True,2.21
6894,6894.T,パルステック工業,2025-02,OUT,3,52.83,54.6,True,True,1.78,2024-12,1758.0,1757.0,1757.0,-0.06,,,,,,,,,,,,,,,,,,,,,,,,,,,,,2025-03,1739.0,-1.08,,,,,,,,,,,,,,,,,,,,,,,,,,,,,,,,,,,tv_wilder_rsi14_sma5_v1,54.6,52.83,True,True,1.78
6908,6908.T,イリソ電子工業,2025-02,OUT,5,37.42,38.02,True,True,0.6,2024-10,2733.0,2689.0,2689.0,-1.61,,,,,,,,,,,,,,,,,,,,,,,,,,,,,2025-03,2596.0,-5.01,,,,,,,,,,,,,,,,,,,,,,,,,,,,,,,,,,,tv_wilder_rsi14_sma5_v1,38.02,37.42,True,True,0.6
6912,6912.T,菊水ホールディングス,2025-02,OUT,3,55.87,60.88,True,True,5.02,2024-12,1369.0,1435.0,1435.0,4.82,,,,,,,,,,,,,,,,,,,,,,,,,,,,,2025-03,1347.0,-1.61,,,,,,,,,,,,,,,,,,,,,,,,,,,,,,,,,,,tv_wilder_rsi14_sma5_v1,60.88,55.87,True,True,5.02
6925,6925.T,ウシオ電機,2025-02,OUT,1,57.07,57.28,True,True,0.21,2025-02,2114.5,2114.5,2114.5,0.0,,,,,,,,,,,,,,,,,,,,,,,,,,,,,2025-03,1851.0,-12.46,,,,,,,,,,,,,,,,,,,,,,,,,,,,,,,,,,,tv_wilder_rsi14_sma5_v1,57.28,57.07,True,True,0.21
6928,6928.T,エノモト,2025-02,OUT,1,43.88,44.5,True,True,0.62,2025-02,1433.0,1433.0,1433.0,0.0,,,,,,,,,,,,,,,,,,,,,,,,,,,,,2025-03,1400.0,-2.3,,,,,,,,,,,,,,,,,,,,,,,,,,,,,,,,,,,tv_wilder_rsi14_sma5_v1,44.5,43.88,True,True,0.62
6942,6942.T,ソフィアホールディングス,2025-02,OUT,2,55.51,56.2,True,False,0.68,2025-01,1108.0,1105.0,1105.0,-0.27,,,,,,,,,,,,,,,,,,,,,,,,,,,,,2025-03,1060.0,-4.33,,,,,,,,,,,,,,,,,,,,,,,,,,,,,,,,,,,tv_wilder_rsi14_sma5_v1,56.2,55.51,False,True,0.68
6952,6952.T,カシオ計算機,2025-02,OUT,3,46.73,49.27,True,False,2.54,2024-12,1311.5,1257.0,1257.0,-4.16,,,,,,,,,,,,,,,,,,,,,,,,,,,,,2025-03,1221.5,-6.86,,,,,,,,,,,,,,,,,,,,,,,,,,,,,,,,,,,tv_wilder_rsi14_sma5_v1,49.27,46.73,False,True,2.54
6954,6954.T,ファナック,2025-02,OUT,3,48.42,49.96,True,False,1.54,2024-12,4175.0,4309.0,4309.0,3.21,,,,,,,,,,,,,,,,,,,,,,,,,,,,,2025-03,4060.0,-2.75,,,,,,,,,,,,,,,,,,,,,,,,,,,,,,,,,,,tv_wilder_rsi14_sma5_v1,49.96,48.42,False,True,1.54
6958,6958.T,日本シイエムケイ,2025-02,OUT,3,41.09,43.66,True,False,2.57,2024-12,432.0,459.0,459.0,6.25,,,,,,,,,,,,,,,,,,,,,,,,,,,,,2025-03,404.0,-6.48,,,,,,,,,,,,,,,,,,,,,,,,,,,,,,,,,,,tv_wilder_rsi14_sma5_v1,43.66,41.09,False,True,2.57
6963,6963.T,ローム,2025-02,OUT,2,34.66,34.72,True,True,0.06,2025-01,1488.0,1489.0,1489.0,0.07,,,,,,,,,,,,,,,,,,,,,,,,,,,,,2025-03,1428.5,-4.0,,,,,,,,,,,,,,,,,,,,,,,,,,,,,,,,,,,tv_wilder_rsi14_sma5_v1,34.72,34.66,True,True,0.06
6966,6966.T,三井ハイテック,2025-02,OUT,3,37.36,38.58,True,False,1.22,2024-12,827.0,836.0,836.0,1.09,,,,,,,,,,,,,,,,,,,,,,,,,,,,,2025-03,692.0,-16.32,,,,,,,,,,,,,,,,,,,,,,,,,,,,,,,,,,,tv_wilder_rsi14_sma5_v1,38.58,37.36,False,True,1.22
6981,6981.T,村田製作所,2025-02,OUT,1,44.13,44.56,False,True,0.43,2025-02,2550.5,2550.5,2550.5,0.0,,,,,,,,,,,,,,,,,,,,,,,,,,,,,2025-03,2305.5,-9.61,,,,,,,,,,,,,,,,,,,,,,,,,,,,,,,,,,,tv_wilder_rsi14_sma5_v1,44.56,44.13,True,False,0.43
6982,6982.T,リード,2025-02,OUT,5,49.51,50.27,True,True,0.76,2024-10,626.0,629.0,629.0,0.48,,,,,,,,,,,,,,,,,,,,,,,,,,,,,2025-03,599.0,-4.31,,,,,,,,,,,,,,,,,,,,,,,,,,,,,,,,,,,tv_wilder_rsi14_sma5_v1,50.27,49.51,True,True,0.76
6988,6988.T,日東電工,2025-02,OUT,3,61.79,66.77,True,True,4.98,2024-12,2680.0,2928.0,2928.0,9.25,,,,,,,,,,,,,,,,,,,,,,,,,,,,,2025-03,2735.0,2.05,,,,,,,,,,,,,,,,,,,,,,,,,,,,,,,,,,,tv_wilder_rsi14_sma5_v1,66.77,61.79,True,True,4.98
6989,6989.T,北陸電気工業,2025-02,OUT,4,59.77,63.38,True,False,3.61,2024-11,1572.0,1610.0,1610.0,2.42,,,,,,,,,,,,,,,,,,,,,,,,,,,,,2025-03,1477.0,-6.04,,,,,,,,,,,,,,,,,,,,,,,,,,,,,,,,,,,tv_wilder_rsi14_sma5_v1,63.38,59.77,False,True,3.61
6998,6998.T,日本タングステン,2025-02,OUT,1,49.57,49.94,False,False,0.37,2025-02,1229.0,1229.0,1229.0,0.0,,,,,,,,,,,,,,,,,,,,,,,,,,,,,2025-03,1212.0,-1.38,,,,,,,,,,,,,,,,,,,,,,,,,,,,,,,,,,,tv_wilder_rsi14_sma5_v1,49.94,49.57,False,False,0.37
7064,7064.T,ハウテレビジョン,2025-02,OUT,1,44.13,44.68,False,True,0.54,2025-02,1237.5,1237.5,1237.5,0.0,,,,,,,,,,,,,,,,,,,,,,,,,,,,,2025-03,945.0,-23.64,,,,,,,,,,,,,,,,,,,,,,,,,,,,,,,,,,,tv_wilder_rsi14_sma5_v1,44.68,44.13,True,False,0.54
7073,7073.T,ジェイック,2025-02,OUT,1,45.26,46.62,True,True,1.36,2025-02,2234.0,2234.0,2234.0,0.0,,,,,,,,,,,,,,,,,,,,,,,,,,,,,2025-03,2168.0,-2.95,,,,,,,,,,,,,,,,,,,,,,,,,,,,,,,,,,,tv_wilder_rsi14_sma5_v1,46.62,45.26,True,True,1.36
7082,7082.T,ジモティー,2025-02,OUT,3,42.52,45.19,True,False,2.67,2024-12,658.5,694.0,694.0,5.39,,,,,,,,,,,,,,,,,,,,,,,,,,,,,2025-03,651.0,-1.14,,,,,,,,,,,,,,,,,,,,,,,,,,,,,,,,,,,tv_wilder_rsi14_sma5_v1,45.19,42.52,False,True,2.67
7095,7095.T,Ｍａｃｂｅｅ　Ｐｌａｎｅｔ,2025-02,OUT,3,46.98,50.15,True,False,3.18,2024-12,2868.0,3205.0,3205.0,11.75,,,,,,,,,,,,,,,,,,,,,,,,,,,,,2025-03,2965.0,3.38,,,,,,,,,,,,,,,,,,,,,,,,,,,,,,,,,,,tv_wilder_rsi14_sma5_v1,50.15,46.98,False,True,3.18
7127,7127.T,一家ホールディングス,2025-02,OUT,1,50.59,51.93,False,True,1.34,2025-02,668.0,668.0,668.0,0.0,,,,,,,,,,,,,,,,,,,,,,,,,,,,,2025-03,657.0,-1.65,,,,,,,,,,,,,,,,,,,,,,,,,,,,,,,,,,,tv_wilder_rsi14_sma5_v1,51.93,50.59,True,False,1.34
7129,7129.T,ミアヘルサホールディングス,2025-02,OUT,2,47.99,50.2,True,True,2.22,2025-01,1107.0,1110.0,1110.0,0.27,,,,,,,,,,,,,,,,,,,,,,,,,,,,,2025-03,1088.0,-1.72,,,,,,,,,,,,,,,,,,,,,,,,,,,,,,,,,,,tv_wilder_rsi14_sma5_v1,50.2,47.99,True,True,2.22
7134,7134.T,アップガレージグループ,2025-02,OUT,1,61.8,61.95,False,True,0.15,2025-02,1034.0,1034.0,1034.0,0.0,,,,,,,,,,,,,,,,,,,,,,,,,,,,,2025-03,935.0,-9.57,,,,,,,,,,,,,,,,,,,,,,,,,,,,,,,,,,,tv_wilder_rsi14_sma5_v1,61.95,61.8,True,False,0.15
7150,7150.T,島根銀行,2025-02,OUT,3,44.59,46.33,True,False,1.75,2024-12,500.0,499.0,499.0,-0.2,,,,,,,,,,,,,,,,,,,,,,,,,,,,,2025-03,492.0,-1.6,,,,,,,,,,,,,,,,,,,,,,,,,,,,,,,,,,,tv_wilder_rsi14_sma5_v1,46.33,44.59,False,True,1.75
7175,7175.T,今村証券,2025-02,OUT,2,51.15,51.64,False,False,0.49,2025-01,1172.0,1148.0,1148.0,-2.05,,,,,,,,,,,,,,,,,,,,,,,,,,,,,2025-03,1104.0,-5.8,,,,,,,,,,,,,,,,,,,,,,,,,,,,,,,,,,,tv_wilder_rsi14_sma5_v1,51.64,51.15,False,False,0.49
7201,7201.T,日産自動車,2025-02,OUT,3,40.07,42.77,True,True,2.7,2024-12,480.0,430.1,430.1,-10.4,,,,,,,,,,,,,,,,,,,,,,,,,,,,,2025-03,378.7,-21.1,,,,,,,,,,,,,,,,,,,,,,,,,,,,,,,,,,,tv_wilder_rsi14_sma5_v1,42.77,40.07,True,True,2.7
7217,7217.T,テイン,2025-02,OUT,3,42.21,42.64,False,False,0.43,2024-12,413.5,407.5,407.5,-1.45,,,,,,,,,,,,,,,,,,,,,,,,,,,,,2025-03,390.0,-5.68,,,,,,,,,,,,,,,,,,,,,,,,,,,,,,,,,,,tv_wilder_rsi14_sma5_v1,42.64,42.21,False,False,0.43
7226,7226.T,極東開発工業,2025-02,OUT,1,61.13,61.36,False,True,0.23,2025-02,2510.0,2510.0,2510.0,0.0,,,,,,,,,,,,,,,,,,,,,,,,,,,,,2025-03,2369.0,-5.62,,,,,,,,,,,,,,,,,,,,,,,,,,,,,,,,,,,tv_wilder_rsi14_sma5_v1,61.36,61.13,True,False,0.23
7236,7236.T,ティラド,2025-02,OUT,3,58.51,60.49,True,True,1.98,2024-12,370.5,371.5,371.5,0.27,,,,,,,,,,,,,,,,,,,,,,,,,,,,,2025-03,365.5,-1.35,,,,,,,,,,,,,,,,,,,,,,,,,,,,,,,,,,,tv_wilder_rsi14_sma5_v1,60.49,58.51,True,True,1.98
7245,7245.T,大同メタル工業,2025-02,OUT,3,44.65,45.09,True,False,0.44,2024-12,525.0,500.0,500.0,-4.76,,,,,,,,,,,,,,,,,,,,,,,,,,,,,2025-03,494.0,-5.9,,,,,,,,,,,,,,,,,,,,,,,,,,,,,,,,,,,tv_wilder_rsi14_sma5_v1,45.09,44.65,False,True,0.44
7259,7259.T,アイシン,2025-02,OUT,3,52.58,55.27,True,True,2.7,2024-12,1777.5,1768.5,1768.5,-0.51,,,,,,,,,,,,,,,,,,,,,,,,,,,,,2025-03,1623.0,-8.69,,,,,,,,,,,,,,,,,,,,,,,,,,,,,,,,,,,tv_wilder_rsi14_sma5_v1,55.27,52.58,True,True,2.7
7270,7270.T,ＳＵＢＡＲＵ,2025-02,OUT,3,49.06,50.23,True,True,1.17,2024-12,2821.0,2753.5,2753.5,-2.39,,,,,,,,,,,,,,,,,,,,,,,,,,,,,2025-03,2645.0,-6.24,,,,,,,,,,,,,,,,,,,,,,,,,,,,,,,,,,,tv_wilder_rsi14_sma5_v1,50.23,49.06,True,True,1.17
7278,7278.T,エクセディ,2025-02,OUT,8,80.96,81.01,True,False,0.04,2024-07,3200.0,4755.0,4755.0,48.59,,,,,,,,,,,,,,,,,,,,,,,,,,,,,2025-03,4390.0,37.19,,,,,,,,,,,,,,,,,,,,,,,,,,,,,,,,,,,tv_wilder_rsi14_sma5_v1,81.01,80.96,False,True,0.04
7279,7279.T,ハイレックスコーポレーション,2025-02,OUT,5,55.57,57.08,True,True,1.5,2024-10,1552.0,1609.0,1609.0,3.67,,,,,,,,,,,,,,,,,,,,,,,,,,,,,2025-03,1575.0,1.48,,,,,,,,,,,,,,,,,,,,,,,,,,,,,,,,,,,tv_wilder_rsi14_sma5_v1,57.08,55.57,True,True,1.5
7296,7296.T,エフ・シー・シー,2025-02,OUT,6,79.08,79.82,True,True,0.74,2024-09,2380.0,3140.0,3140.0,31.93,,,,,,,,,,,,,,,,,,,,,,,,,,,,,2025-03,3105.0,30.46,,,,,,,,,,,,,,,,,,,,,,,,,,,,,,,,,,,tv_wilder_rsi14_sma5_v1,79.82,79.08,True,True,0.74
7352,7352.T,ＴＷＯＳＴＯＮＥ＆Ｓｏｎｓ,2025-02,OUT,3,52.33,59.02,True,True,6.69,2024-12,876.0,1128.0,1128.0,28.77,,,,,,,,,,,,,,,,,,,,,,,,,,,,,2025-03,943.0,7.65,,,,,,,,,,,,,,,,,,,,,,,,,,,,,,,,,,,tv_wilder_rsi14_sma5_v1,59.02,52.33,True,True,6.69
7373,7373.T,アイドマ・ホールディングス,2025-02,OUT,5,46.5,46.71,True,False,0.21,2024-10,1608.0,1825.0,1825.0,13.5,,,,,,,,,,,,,,,,,,,,,,,,,,,,,2025-03,1619.0,0.68,,,,,,,,,,,,,,,,,,,,,,,,,,,,,,,,,,,tv_wilder_rsi14_sma5_v1,46.71,46.5,False,True,0.21
7376,7376.T,ＢＣＣ,2025-02,OUT,4,44.66,47.06,True,True,2.41,2024-11,548.67,583.67,583.67,6.38,,,,,,,,,,,,,,,,,,,,,,,,,,,,,2025-03,563.33,2.67,,,,,,,,,,,,,,,,,,,,,,,,,,,,,,,,,,,tv_wilder_rsi14_sma5_v1,47.06,44.66,True,True,2.41
7384,7384.T,プロクレアホールディングス,2025-02,OUT,1,44.13,46.0,True,True,1.87,2025-02,1787.0,1787.0,1787.0,0.0,,,,,,,,,,,,,,,,,,,,,,,,,,,,,2025-03,1700.0,-4.87,,,,,,,,,,,,,,,,,,,,,,,,,,,,,,,,,,,tv_wilder_rsi14_sma5_v1,46.0,44.13,True,True,1.87
7413,7413.T,創健社,2025-02,OUT,3,61.8,72.77,True,True,10.96,2024-12,2290.0,2577.0,2577.0,12.53,,,,,,,,,,,,,,,,,,,,,,,,,,,,,2025-03,2330.0,1.75,,,,,,,,,,,,,,,,,,,,,,,,,,,,,,,,,,,tv_wilder_rsi14_sma5_v1,72.77,61.8,True,True,10.96
7417,7417.T,南陽,2025-02,OUT,5,54.55,58.44,True,True,3.89,2024-10,1095.0,1192.0,1192.0,8.86,,,,,,,,,,,,,,,,,,,,,,,,,,,,,2025-03,1157.0,5.66,,,,,,,,,,,,,,,,,,,,,,,,,,,,,,,,,,,tv_wilder_rsi14_sma5_v1,58.44,54.55,True,True,3.89
7426,7426.T,山大,2025-02,OUT,2,48.19,52.12,True,True,3.92,2025-01,1232.0,1431.0,1431.0,16.15,,,,,,,,,,,,,,,,,,,,,,,,,,,,,2025-03,1086.0,-11.85,,,,,,,,,,,,,,,,,,,,,,,,,,,,,,,,,,,tv_wilder_rsi14_sma5_v1,52.12,48.19,True,True,3.92
7433,7433.T,伯東,2025-02,OUT,2,47.51,47.71,False,False,0.2,2025-01,4500.0,4450.0,4450.0,-1.11,,,,,,,,,,,,,,,,,,,,,,,,,,,,,2025-03,4115.0,-8.56,,,,,,,,,,,,,,,,,,,,,,,,,,,,,,,,,,,tv_wilder_rsi14_sma5_v1,47.71,47.51,False,False,0.2
7443,7443.T,横浜魚類,2025-02,OUT,5,62.75,70.07,True,True,7.32,2024-10,560.0,610.0,610.0,8.93,,,,,,,,,,,,,,,,,,,,,,,,,,,,,2025-03,583.0,4.11,,,,,,,,,,,,,,,,,,,,,,,,,,,,,,,,,,,tv_wilder_rsi14_sma5_v1,70.07,62.75,True,True,7.32
7486,7486.T,サンリン,2025-02,OUT,3,42.71,43.18,True,False,0.47,2024-12,658.0,660.0,660.0,0.3,,,,,,,,,,,,,,,,,,,,,,,,,,,,,2025-03,654.0,-0.61,,,,,,,,,,,,,,,,,,,,,,,,,,,,,,,,,,,tv_wilder_rsi14_sma5_v1,43.18,42.71,False,True,0.47
7501,7501.T,ティムコ,2025-02,OUT,3,55.02,65.39,True,True,10.37,2024-12,792.0,869.0,869.0,9.72,,,,,,,,,,,,,,,,,,,,,,,,,,,,,2025-03,740.0,-6.57,,,,,,,,,,,,,,,,,,,,,,,,,,,,,,,,,,,tv_wilder_rsi14_sma5_v1,65.39,55.02,True,True,10.37
7502,7502.T,プラザホールディングス,2025-02,OUT,2,40.29,42.5,False,True,2.21,2025-01,1827.0,1838.0,1838.0,0.6,,,,,,,,,,,,,,,,,,,,,,,,,,,,,2025-03,1775.0,-2.85,,,,,,,,,,,,,,,,,,,,,,,,,,,,,,,,,,,tv_wilder_rsi14_sma5_v1,42.5,40.29,True,False,2.21
7538,7538.T,大水,2025-02,OUT,3,55.82,60.92,True,True,5.1,2024-12,316.0,329.0,329.0,4.11,,,,,,,,,,,,,,,,,,,,,,,,,,,,,2025-03,317.0,0.32,,,,,,,,,,,,,,,,,,,,,,,,,,,,,,,,,,,tv_wilder_rsi14_sma5_v1,60.92,55.82,True,True,5.1
7571,7571.T,ヤマノホールディングス,2025-02,OUT,4,46.39,48.4,True,True,2.01,2024-11,65.0,65.0,65.0,0.0,,,,,,,,,,,,,,,,,,,,,,,,,,,,,2025-03,64.0,-1.54,,,,,,,,,,,,,,,,,,,,,,,,,,,,,,,,,,,tv_wilder_rsi14_sma5_v1,48.4,46.39,True,True,2.01
7593,7593.T,ＶＴホールディングス,2025-02,OUT,3,49.12,52.62,True,False,3.5,2024-12,498.0,513.0,513.0,3.01,,,,,,,,,,,,,,,,,,,,,,,,,,,,,2025-03,499.0,0.2,,,,,,,,,,,,,,,,,,,,,,,,,,,,,,,,,,,tv_wilder_rsi14_sma5_v1,52.62,49.12,False,True,3.5
7603,7603.T,ジーイエット,2025-02,OUT,1,13.63,15.29,False,False,1.65,2025-02,211.0,211.0,211.0,0.0,,,,,,,,,,,,,,,,,,,,,,,,,,,,,2025-03,181.0,-14.22,,,,,,,,,,,,,,,,,,,,,,,,,,,,,,,,,,,tv_wilder_rsi14_sma5_v1,15.29,13.63,False,False,1.65
7636,7636.T,ハンズマン,2025-02,OUT,4,35.02,35.52,True,True,0.5,2024-11,821.0,826.0,826.0,0.61,,,,,,,,,,,,,,,,,,,,,,,,,,,,,2025-03,800.0,-2.56,,,,,,,,,,,,,,,,,,,,,,,,,,,,,,,,,,,tv_wilder_rsi14_sma5_v1,35.52,35.02,True,True,0.5
7643,7643.T,ダイイチ,2025-02,OUT,2,61.42,62.46,False,False,1.04,2025-01,1376.0,1370.0,1370.0,-0.44,,,,,,,,,,,,,,,,,,,,,,,,,,,,,2025-03,1355.0,-1.53,,,,,,,,,,,,,,,,,,,,,,,,,,,,,,,,,,,tv_wilder_rsi14_sma5_v1,62.46,61.42,False,False,1.04
7698,7698.T,アイスコ,2025-02,OUT,1,76.66,77.43,False,True,0.76,2025-02,1831.0,1831.0,1831.0,0.0,,,,,,,,,,,,,,,,,,,,,,,,,,,,,2025-03,1787.0,-2.4,,,,,,,,,,,,,,,,,,,,,,,,,,,,,,,,,,,tv_wilder_rsi14_sma5_v1,77.43,76.66,True,False,0.76
7735,7735.T,ＳＣＲＥＥＮホールディングス,2025-02,OUT,2,49.6,51.52,True,False,1.92,2025-01,5462.5,5335.0,5335.0,-2.33,,,,,,,,,,,,,,,,,,,,,,,,,,,,,2025-03,4797.5,-12.17,,,,,,,,,,,,,,,,,,,,,,,,,,,,,,,,,,,tv_wilder_rsi14_sma5_v1,51.52,49.6,False,True,1.92
7743,7743.T,シード,2025-02,OUT,3,39.38,39.67,True,False,0.29,2024-12,548.0,494.0,494.0,-9.85,,,,,,,,,,,,,,,,,,,,,,,,,,,,,2025-03,487.0,-11.13,,,,,,,,,,,,,,,,,,,,,,,,,,,,,,,,,,,tv_wilder_rsi14_sma5_v1,39.67,39.38,False,True,0.29
7774,7774.T,ジャパン・ティッシュエンジニアリング,2025-02,OUT,2,40.87,43.71,True,True,2.84,2025-01,492.0,509.0,509.0,3.46,,,,,,,,,,,,,,,,,,,,,,,,,,,,,2025-03,457.0,-7.11,,,,,,,,,,,,,,,,,,,,,,,,,,,,,,,,,,,tv_wilder_rsi14_sma5_v1,43.71,40.87,True,True,2.84
7777,7777.T,スリー・ディー・マトリックス,2025-02,OUT,3,42.56,49.16,True,True,6.6,2024-12,165.0,170.0,170.0,3.03,,,,,,,,,,,,,,,,,,,,,,,,,,,,,2025-03,126.0,-23.64,,,,,,,,,,,,,,,,,,,,,,,,,,,,,,,,,,,tv_wilder_rsi14_sma5_v1,49.16,42.56,True,True,6.6
7793,7793.T,イメージ・マジック,2025-02,OUT,8,47.17,48.52,True,False,1.35,2024-07,1058.0,1359.0,1359.0,28.45,,,,,,,,,,,,,,,,,,,,,,,,,,,,,2025-03,1303.0,23.16,,,,,,,,,,,,,,,,,,,,,,,,,,,,,,,,,,,tv_wilder_rsi14_sma5_v1,48.52,47.17,False,True,1.35
7815,7815.T,東京ボード工業,2025-02,OUT,2,46.39,47.36,True,False,0.97,2025-01,618.0,607.0,607.0,-1.78,,,,,,,,,,,,,,,,,,,,,,,,,,,,,2025-03,572.0,-7.44,,,,,,,,,,,,,,,,,,,,,,,,,,,,,,,,,,,tv_wilder_rsi14_sma5_v1,47.36,46.39,False,True,0.97
7822,7822.T,永大産業,2025-02,OUT,1,39.97,40.08,False,True,0.11,2025-02,210.0,210.0,210.0,0.0,,,,,,,,,,,,,,,,,,,,,,,,,,,,,2025-03,209.0,-0.48,,,,,,,,,,,,,,,,,,,,,,,,,,,,,,,,,,,tv_wilder_rsi14_sma5_v1,40.08,39.97,True,False,0.11
7827,7827.T,オービス,2025-02,OUT,1,50.73,50.81,False,True,0.09,2025-02,1362.0,1362.0,1362.0,0.0,,,,,,,,,,,,,,,,,,,,,,,,,,,,,2025-03,1340.0,-1.62,,,,,,,,,,,,,,,,,,,,,,,,,,,,,,,,,,,tv_wilder_rsi14_sma5_v1,50.81,50.73,True,False,0.09
7857,7857.T,セキ,2025-02,OUT,1,40.78,42.49,True,True,1.7,2025-02,1344.0,1344.0,1344.0,0.0,,,,,,,,,,,,,,,,,,,,,,,,,,,,,2025-03,1335.0,-0.67,,,,,,,,,,,,,,,,,,,,,,,,,,,,,,,,,,,tv_wilder_rsi14_sma5_v1,42.49,40.78,True,True,1.7
7864,7864.T,フジシールインターナショナル,2025-02,OUT,1,63.97,65.55,False,True,1.58,2025-02,2703.0,2703.0,2703.0,0.0,,,,,,,,,,,,,,,,,,,,,,,,,,,,,2025-03,2614.0,-3.29,,,,,,,,,,,,,,,,,,,,,,,,,,,,,,,,,,,tv_wilder_rsi14_sma5_v1,65.55,63.97,True,False,1.58
7872,7872.T,エステールホールディングス,2025-02,OUT,1,40.01,44.14,False,True,4.14,2025-02,610.0,610.0,610.0,0.0,,,,,,,,,,,,,,,,,,,,,,,,,,,,,2025-03,590.0,-3.28,,,,,,,,,,,,,,,,,,,,,,,,,,,,,,,,,,,tv_wilder_rsi14_sma5_v1,44.14,40.01,True,False,4.14
7878,7878.T,光・彩,2025-02,OUT,1,47.37,47.95,False,True,0.58,2025-02,1125.0,1125.0,1125.0,0.0,,,,,,,,,,,,,,,,,,,,,,,,,,,,,2025-03,1035.0,-8.0,,,,,,,,,,,,,,,,,,,,,,,,,,,,,,,,,,,tv_wilder_rsi14_sma5_v1,47.95,47.37,True,False,0.58
7883,7883.T,サンメッセ,2025-02,OUT,2,51.0,55.06,True,True,4.06,2025-01,381.0,382.0,382.0,0.26,,,,,,,,,,,,,,,,,,,,,,,,,,,,,2025-03,373.0,-2.1,,,,,,,,,,,,,,,,,,,,,,,,,,,,,,,,,,,tv_wilder_rsi14_sma5_v1,55.06,51.0,True,True,4.06
7911,7911.T,ＴＯＰＰＡＮホールディングス,2025-02,OUT,1,63.37,63.96,False,True,0.58,2025-02,4422.0,4422.0,4422.0,0.0,,,,,,,,,,,,,,,,,,,,,,,,,,,,,2025-03,4054.0,-8.32,,,,,,,,,,,,,,,,,,,,,,,,,,,,,,,,,,,tv_wilder_rsi14_sma5_v1,63.96,63.37,True,False,0.58
7914,7914.T,共同印刷,2025-02,OUT,4,61.81,64.19,True,False,2.38,2024-11,1013.75,1053.75,1053.75,3.95,,,,,,,,,,,,,,,,,,,,,,,,,,,,,2025-03,1030.0,1.6,,,,,,,,,,,,,,,,,,,,,,,,,,,,,,,,,,,tv_wilder_rsi14_sma5_v1,64.19,61.81,False,True,2.38
7932,7932.T,ニッピ,2025-02,OUT,1,56.93,58.14,False,True,1.21,2025-02,5840.0,5840.0,5840.0,0.0,,,,,,,,,,,,,,,,,,,,,,,,,,,,,2025-03,5710.0,-2.23,,,,,,,,,,,,,,,,,,,,,,,,,,,,,,,,,,,tv_wilder_rsi14_sma5_v1,58.14,56.93,True,False,1.21
7937,7937.T,ツツミ,2025-02,OUT,3,51.94,54.76,True,False,2.83,2024-12,2213.0,2295.0,2295.0,3.71,,,,,,,,,,,,,,,,,,,,,,,,,,,,,2025-03,2251.0,1.72,,,,,,,,,,,,,,,,,,,,,,,,,,,,,,,,,,,tv_wilder_rsi14_sma5_v1,54.76,51.94,False,True,2.83
7939,7939.T,研創,2025-02,OUT,3,63.5,64.25,True,True,0.75,2024-12,547.0,548.0,548.0,0.18,,,,,,,,,,,,,,,,,,,,,,,,,,,,,2025-03,545.0,-0.37,,,,,,,,,,,,,,,,,,,,,,,,,,,,,,,,,,,tv_wilder_rsi14_sma5_v1,64.25,63.5,True,True,0.75
7947,7947.T,エフピコ,2025-02,OUT,8,47.82,49.38,True,False,1.56,2024-07,2594.0,2886.0,2886.0,11.26,,,,,,,,,,,,,,,,,,,,,,,,,,,,,2025-03,2821.0,8.75,,,,,,,,,,,,,,,,,,,,,,,,,,,,,,,,,,,tv_wilder_rsi14_sma5_v1,49.38,47.82,False,True,1.56
7952,7952.T,河合楽器製作所,2025-02,OUT,4,45.86,48.46,True,True,2.6,2024-11,2816.0,3050.0,3050.0,8.31,,,,,,,,,,,,,,,,,,,,,,,,,,,,,2025-03,2853.0,1.31,,,,,,,,,,,,,,,,,,,,,,,,,,,,,,,,,,,tv_wilder_rsi14_sma5_v1,48.46,45.86,True,True,2.6
7953,7953.T,菊水化学工業,2025-02,OUT,4,46.55,47.11,True,False,0.55,2024-11,386.0,385.0,385.0,-0.26,,,,,,,,,,,,,,,,,,,,,,,,,,,,,2025-03,379.0,-1.81,,,,,,,,,,,,,,,,,,,,,,,,,,,,,,,,,,,tv_wilder_rsi14_sma5_v1,47.11,46.55,False,True,0.55
7974,7974.T,任天堂,2025-02,OUT,4,70.11,78.36,True,True,8.25,2024-11,8810.0,11160.0,11160.0,26.67,,,,,,,,,,,,,,,,,,,,,,,,,,,,,2025-03,10110.0,14.76,,,,,,,,,,,,,,,,,,,,,,,,,,,,,,,,,,,tv_wilder_rsi14_sma5_v1,78.36,70.11,True,True,8.25
7987,7987.T,ナカバヤシ,2025-02,OUT,3,47.97,50.22,True,False,2.25,2024-12,520.0,529.0,529.0,1.73,,,,,,,,,,,,,,,,,,,,,,,,,,,,,2025-03,511.0,-1.73,,,,,,,,,,,,,,,,,,,,,,,,,,,,,,,,,,,tv_wilder_rsi14_sma5_v1,50.22,47.97,False,True,2.25
8018,8018.T,三共生興,2025-02,OUT,3,46.61,48.62,True,True,2.01,2024-12,625.0,628.0,628.0,0.48,,,,,,,,,,,,,,,,,,,,,,,,,,,,,2025-03,616.0,-1.44,,,,,,,,,,,,,,,,,,,,,,,,,,,,,,,,,,,tv_wilder_rsi14_sma5_v1,48.62,46.61,True,True,2.01
8023,8023.T,ＤＡＩＫＯ　ＸＴＥＣＨ,2025-02,OUT,4,54.64,57.55,True,True,2.91,2024-11,859.0,901.0,901.0,4.89,,,,,,,,,,,,,,,,,,,,,,,,,,,,,2025-03,857.0,-0.23,,,,,,,,,,,,,,,,,,,,,,,,,,,,,,,,,,,tv_wilder_rsi14_sma5_v1,57.55,54.64,True,True,2.91
8045,8045.T,横浜丸魚,2025-02,OUT,3,63.24,69.66,True,True,6.42,2024-12,970.0,1021.0,1021.0,5.26,,,,,,,,,,,,,,,,,,,,,,,,,,,,,2025-03,980.0,1.03,,,,,,,,,,,,,,,,,,,,,,,,,,,,,,,,,,,tv_wilder_rsi14_sma5_v1,69.66,63.24,True,True,6.42
8060,8060.T,キヤノンマーケティングジャパン,2025-02,OUT,4,74.96,75.3,True,False,0.33,2024-11,2397.5,2543.0,2543.0,6.07,,,,,,,,,,,,,,,,,,,,,,,,,,,,,2025-03,2550.5,6.38,,,,,,,,,,,,,,,,,,,,,,,,,,,,,,,,,,,tv_wilder_rsi14_sma5_v1,75.3,74.96,False,True,0.33
8081,8081.T,カナデン,2025-02,OUT,3,54.02,54.33,True,False,0.31,2024-12,1507.0,1481.0,1481.0,-1.73,,,,,,,,,,,,,,,,,,,,,,,,,,,,,2025-03,1473.0,-2.26,,,,,,,,,,,,,,,,,,,,,,,,,,,,,,,,,,,tv_wilder_rsi14_sma5_v1,54.33,54.02,False,True,0.31
8091,8091.T,ニチモウ,2025-02,OUT,3,52.72,53.31,True,True,0.59,2024-12,1990.0,1949.0,1949.0,-2.06,,,,,,,,,,,,,,,,,,,,,,,,,,,,,2025-03,1915.0,-3.77,,,,,,,,,,,,,,,,,,,,,,,,,,,,,,,,,,,tv_wilder_rsi14_sma5_v1,53.31,52.72,True,True,0.59
8093,8093.T,極東貿易,2025-02,OUT,4,47.37,50.27,True,True,2.9,2024-11,1585.0,1637.0,1637.0,3.28,,,,,,,,,,,,,,,,,,,,,,,,,,,,,2025-03,1565.0,-1.26,,,,,,,,,,,,,,,,,,,,,,,,,,,,,,,,,,,tv_wilder_rsi14_sma5_v1,50.27,47.37,True,True,2.9
8131,8131.T,ミツウロコグループホールディングス,2025-02,OUT,3,64.17,66.0,True,True,1.83,2024-12,1797.0,1833.0,1833.0,2.0,,,,,,,,,,,,,,,,,,,,,,,,,,,,,2025-03,1791.0,-0.33,,,,,,,,,,,,,,,,,,,,,,,,,,,,,,,,,,,tv_wilder_rsi14_sma5_v1,66.0,64.17,True,True,1.83
8135,8135.T,ゼット,2025-02,OUT,3,67.32,77.57,True,True,10.24,2024-12,370.0,483.0,483.0,30.54,,,,,,,,,,,,,,,,,,,,,,,,,,,,,2025-03,415.0,12.16,,,,,,,,,,,,,,,,,,,,,,,,,,,,,,,,,,,tv_wilder_rsi14_sma5_v1,77.57,67.32,True,True,10.24
8144,8144.T,デンキョーグループホールディングス,2025-02,OUT,3,44.11,47.27,True,True,3.16,2024-12,1162.0,1202.0,1202.0,3.44,,,,,,,,,,,,,,,,,,,,,,,,,,,,,2025-03,1172.0,0.86,,,,,,,,,,,,,,,,,,,,,,,,,,,,,,,,,,,tv_wilder_rsi14_sma5_v1,47.27,44.11,True,True,3.16
8152,8152.T,ソマール,2025-02,OUT,5,84.07,88.11,True,True,4.03,2024-10,5350.0,6890.0,6890.0,28.79,,,,,,,,,,,,,,,,,,,,,,,,,,,,,2025-03,6590.0,23.18,,,,,,,,,,,,,,,,,,,,,,,,,,,,,,,,,,,tv_wilder_rsi14_sma5_v1,88.11,84.07,True,True,4.03
8163,8163.T,ＳＲＳホールディングス,2025-02,OUT,2,56.07,59.31,True,True,3.24,2025-01,1187.0,1225.0,1225.0,3.2,,,,,,,,,,,,,,,,,,,,,,,,,,,,,2025-03,1180.0,-0.59,,,,,,,,,,,,,,,,,,,,,,,,,,,,,,,,,,,tv_wilder_rsi14_sma5_v1,59.31,56.07,True,True,3.24
8181,8181.T,東天紅,2025-02,OUT,5,51.05,51.72,True,False,0.66,2024-10,854.0,879.0,879.0,2.93,,,,,,,,,,,,,,,,,,,,,,,,,,,,,2025-03,877.0,2.69,,,,,,,,,,,,,,,,,,,,,,,,,,,,,,,,,,,tv_wilder_rsi14_sma5_v1,51.72,51.05,False,True,0.66
8207,8207.T,テンアライド,2025-02,OUT,2,42.76,46.82,True,True,4.07,2025-01,277.0,286.0,286.0,3.25,,,,,,,,,,,,,,,,,,,,,,,,,,,,,2025-03,269.0,-2.89,,,,,,,,,,,,,,,,,,,,,,,,,,,,,,,,,,,tv_wilder_rsi14_sma5_v1,46.82,42.76,True,True,4.07
8219,8219.T,青山商事,2025-02,OUT,4,64.54,65.55,True,False,1.01,2024-11,751.0,707.33,707.33,-5.81,,,,,,,,,,,,,,,,,,,,,,,,,,,,,2025-03,678.0,-9.72,,,,,,,,,,,,,,,,,,,,,,,,,,,,,,,,,,,tv_wilder_rsi14_sma5_v1,65.55,64.54,False,True,1.01
8242,8242.T,エイチ・ツー・オー　リテイリング,2025-02,OUT,3,60.48,61.01,True,False,0.53,2024-12,2313.0,2265.5,2265.5,-2.05,,,,,,,,,,,,,,,,,,,,,,,,,,,,,2025-03,2261.0,-2.25,,,,,,,,,,,,,,,,,,,,,,,,,,,,,,,,,,,tv_wilder_rsi14_sma5_v1,61.01,60.48,False,True,0.53
8247,8247.T,大和,2025-02,OUT,1,45.94,47.48,False,True,1.54,2025-02,426.0,426.0,426.0,0.0,,,,,,,,,,,,,,,,,,,,,,,,,,,,,2025-03,416.0,-2.35,,,,,,,,,,,,,,,,,,,,,,,,,,,,,,,,,,,tv_wilder_rsi14_sma5_v1,47.48,45.94,True,False,1.54
8260,8260.T,井筒屋,2025-02,OUT,1,54.85,56.24,False,True,1.39,2025-02,431.0,431.0,431.0,0.0,,,,,,,,,,,,,,,,,,,,,,,,,,,,,2025-03,422.0,-2.09,,,,,,,,,,,,,,,,,,,,,,,,,,,,,,,,,,,tv_wilder_rsi14_sma5_v1,56.24,54.85,True,False,1.39
8309,8309.T,三井住友トラストグループ,2025-02,OUT,3,68.79,69.42,True,False,0.63,2024-12,3692.0,3825.0,3825.0,3.6,,,,,,,,,,,,,,,,,,,,,,,,,,,,,2025-03,3720.0,0.76,,,,,,,,,,,,,,,,,,,,,,,,,,,,,,,,,,,tv_wilder_rsi14_sma5_v1,69.42,68.79,False,True,0.63
8316,8316.T,三井住友フィナンシャルグループ,2025-02,OUT,4,72.8,72.85,True,False,0.05,2024-11,3686.0,3792.0,3792.0,2.88,,,,,,,,,,,,,,,,,,,,,,,,,,,,,2025-03,3795.0,2.96,,,,,,,,,,,,,,,,,,,,,,,,,,,,,,,,,,,tv_wilder_rsi14_sma5_v1,72.85,72.8,False,True,0.05
8349,8349.T,東北銀行,2025-02,OUT,3,49.65,52.28,True,True,2.63,2024-12,1160.0,1147.0,1147.0,-1.12,,,,,,,,,,,,,,,,,,,,,,,,,,,,,2025-03,1108.0,-4.48,,,,,,,,,,,,,,,,,,,,,,,,,,,,,,,,,,,tv_wilder_rsi14_sma5_v1,52.28,49.65,True,True,2.63
8365,8365.T,富山銀行,2025-02,OUT,3,38.3,38.6,False,False,0.3,2024-12,1565.0,1535.0,1535.0,-1.92,,,,,,,,,,,,,,,,,,,,,,,,,,,,,2025-03,1530.0,-2.24,,,,,,,,,,,,,,,,,,,,,,,,,,,,,,,,,,,tv_wilder_rsi14_sma5_v1,38.6,38.3,False,False,0.3
8411,8411.T,みずほフィナンシャルグループ,2025-02,OUT,4,75.24,76.25,True,False,1.01,2024-11,3784.0,4177.0,4177.0,10.39,,,,,,,,,,,,,,,,,,,,,,,,,,,,,2025-03,4051.0,7.06,,,,,,,,,,,,,,,,,,,,,,,,,,,,,,,,,,,tv_wilder_rsi14_sma5_v1,76.25,75.24,False,True,1.01
8473,8473.T,ＳＢＩホールディングス,2025-02,OUT,4,61.48,64.99,True,False,3.51,2024-11,1890.0,2166.0,2166.0,14.6,,,,,,,,,,,,,,,,,,,,,,,,,,,,,2025-03,1991.5,5.37,,,,,,,,,,,,,,,,,,,,,,,,,,,,,,,,,,,tv_wilder_rsi14_sma5_v1,64.99,61.48,False,True,3.51
8541,8541.T,愛媛銀行,2025-02,OUT,3,53.09,55.26,True,False,2.18,2024-12,1118.0,1133.0,1133.0,1.34,,,,,,,,,,,,,,,,,,,,,,,,,,,,,2025-03,1073.0,-4.03,,,,,,,,,,,,,,,,,,,,,,,,,,,,,,,,,,,tv_wilder_rsi14_sma5_v1,55.26,53.09,False,True,2.18
8542,8542.T,トマト銀行,2025-02,OUT,3,51.95,53.92,True,False,1.98,2024-12,1233.0,1217.0,1217.0,-1.3,,,,,,,,,,,,,,,,,,,,,,,,,,,,,2025-03,1207.0,-2.11,,,,,,,,,,,,,,,,,,,,,,,,,,,,,,,,,,,tv_wilder_rsi14_sma5_v1,53.92,51.95,False,True,1.98
8551,8551.T,北日本銀行,2025-02,OUT,4,67.31,76.34,True,True,9.03,2024-11,2742.0,3575.0,3575.0,30.38,,,,,,,,,,,,,,,,,,,,,,,,,,,,,2025-03,3210.0,17.07,,,,,,,,,,,,,,,,,,,,,,,,,,,,,,,,,,,tv_wilder_rsi14_sma5_v1,76.34,67.31,True,True,9.03
8558,8558.T,東和銀行,2025-02,OUT,4,50.83,52.06,True,False,1.23,2024-11,626.0,647.0,647.0,3.35,,,,,,,,,,,,,,,,,,,,,,,,,,,,,2025-03,616.0,-1.6,,,,,,,,,,,,,,,,,,,,,,,,,,,,,,,,,,,tv_wilder_rsi14_sma5_v1,52.06,50.83,False,True,1.23
8563,8563.T,大東銀行,2025-02,OUT,3,50.65,52.65,True,True,2.0,2024-12,734.0,733.0,733.0,-0.14,,,,,,,,,,,,,,,,,,,,,,,,,,,,,2025-03,709.0,-3.41,,,,,,,,,,,,,,,,,,,,,,,,,,,,,,,,,,,tv_wilder_rsi14_sma5_v1,52.65,50.65,True,True,2.0
8572,8572.T,アコム,2025-02,OUT,3,51.7,53.43,True,True,1.73,2024-12,383.8,388.4,388.4,1.2,,,,,,,,,,,,,,,,,,,,,,,,,,,,,2025-03,381.8,-0.52,,,,,,,,,,,,,,,,,,,,,,,,,,,,,,,,,,,tv_wilder_rsi14_sma5_v1,53.43,51.7,True,True,1.73
8595,8595.T,ジャフコ　グループ,2025-02,OUT,9,62.16,66.12,True,True,3.95,2024-06,1899.0,2299.0,2299.0,21.06,,,,,,,,,,,,,,,,,,,,,,,,,,,,,2025-03,2072.5,9.14,,,,,,,,,,,,,,,,,,,,,,,,,,,,,,,,,,,tv_wilder_rsi14_sma5_v1,66.12,62.16,True,True,3.95
8604,8604.T,野村ホールディングス,2025-02,OUT,4,62.87,63.49,True,False,0.62,2024-11,901.4,968.0,968.0,7.39,,,,,,,,,,,,,,,,,,,,,,,,,,,,,2025-03,908.2,0.75,,,,,,,,,,,,,,,,,,,,,,,,,,,,,,,,,,,tv_wilder_rsi14_sma5_v1,63.49,62.87,False,True,0.62
8616,8616.T,東海東京フィナンシャル・ホールディングス,2025-02,OUT,3,50.98,53.12,True,False,2.14,2024-12,495.0,505.0,505.0,2.02,,,,,,,,,,,,,,,,,,,,,,,,,,,,,2025-03,484.0,-2.22,,,,,,,,,,,,,,,,,,,,,,,,,,,,,,,,,,,tv_wilder_rsi14_sma5_v1,53.12,50.98,False,True,2.14
8617,8617.T,光世証券,2025-02,OUT,1,42.25,43.72,True,True,1.48,2025-02,434.0,434.0,434.0,0.0,,,,,,,,,,,,,,,,,,,,,,,,,,,,,2025-03,416.0,-4.15,,,,,,,,,,,,,,,,,,,,,,,,,,,,,,,,,,,tv_wilder_rsi14_sma5_v1,43.72,42.25,True,True,1.48
8705,8705.T,日産証券グループ,2025-02,OUT,2,51.51,51.81,True,False,0.3,2025-01,192.0,189.0,189.0,-1.56,,,,,,,,,,,,,,,,,,,,,,,,,,,,,2025-03,180.0,-6.25,,,,,,,,,,,,,,,,,,,,,,,,,,,,,,,,,,,tv_wilder_rsi14_sma5_v1,51.81,51.51,False,True,0.3
8706,8706.T,極東証券,2025-02,OUT,3,64.64,68.29,True,False,3.65,2024-12,1490.0,1638.0,1638.0,9.93,,,,,,,,,,,,,,,,,,,,,,,,,,,,,2025-03,1454.0,-2.42,,,,,,,,,,,,,,,,,,,,,,,,,,,,,,,,,,,tv_wilder_rsi14_sma5_v1,68.29,64.64,False,True,3.65
8707,8707.T,岩井コスモホールディングス,2025-02,OUT,4,69.13,73.02,True,False,3.9,2024-11,2278.0,2487.0,2487.0,9.17,,,,,,,,,,,,,,,,,,,,,,,,,,,,,2025-03,2406.0,5.62,,,,,,,,,,,,,,,,,,,,,,,,,,,,,,,,,,,tv_wilder_rsi14_sma5_v1,73.02,69.13,False,True,3.9
8739,8739.T,スパークス・グループ,2025-02,OUT,4,47.11,50.64,True,True,3.53,2024-11,1443.0,1556.0,1556.0,7.83,,,,,,,,,,,,,,,,,,,,,,,,,,,,,2025-03,1495.0,3.6,,,,,,,,,,,,,,,,,,,,,,,,,,,,,,,,,,,tv_wilder_rsi14_sma5_v1,50.64,47.11,True,True,3.53
8789,8789.T,フィンテック　グローバル,2025-02,OUT,4,66.32,69.62,True,True,3.3,2024-11,91.0,119.0,119.0,30.77,,,,,,,,,,,,,,,,,,,,,,,,,,,,,2025-03,110.0,20.88,,,,,,,,,,,,,,,,,,,,,,,,,,,,,,,,,,,tv_wilder_rsi14_sma5_v1,69.62,66.32,True,True,3.3
8798,8798.T,アドバンスクリエイト,2025-02,OUT,1,30.38,32.67,False,True,2.29,2025-02,568.0,568.0,568.0,0.0,,,,,,,,,,,,,,,,,,,,,,,,,,,,,2025-03,282.0,-50.35,,,,,,,,,,,,,,,,,,,,,,,,,,,,,,,,,,,tv_wilder_rsi14_sma5_v1,32.67,30.38,True,False,2.29
8835,8835.T,太平洋興発,2025-02,OUT,1,44.99,46.88,True,True,1.89,2025-02,734.0,734.0,734.0,0.0,,,,,,,,,,,,,,,,,,,,,,,,,,,,,2025-03,698.0,-4.9,,,,,,,,,,,,,,,,,,,,,,,,,,,,,,,,,,,tv_wilder_rsi14_sma5_v1,46.88,44.99,True,True,1.89
8850,8850.T,スターツコーポレーション,2025-02,OUT,6,69.15,73.96,True,True,4.81,2024-09,3475.0,4065.0,4065.0,16.98,,,,,,,,,,,,,,,,,,,,,,,,,,,,,2025-03,3925.0,12.95,,,,,,,,,,,,,,,,,,,,,,,,,,,,,,,,,,,tv_wilder_rsi14_sma5_v1,73.96,69.15,True,True,4.81
8869,8869.T,明和地所,2025-02,OUT,7,54.85,57.34,True,True,2.49,2024-08,986.0,1060.0,1060.0,7.51,,,,,,,,,,,,,,,,,,,,,,,,,,,,,2025-03,951.0,-3.55,,,,,,,,,,,,,,,,,,,,,,,,,,,,,,,,,,,tv_wilder_rsi14_sma5_v1,57.34,54.85,True,True,2.49
8876,8876.T,リログループ,2025-02,OUT,3,51.86,52.07,False,False,0.21,2024-12,1928.5,1885.0,1885.0,-2.26,,,,,,,,,,,,,,,,,,,,,,,,,,,,,2025-03,1852.5,-3.94,,,,,,,,,,,,,,,,,,,,,,,,,,,,,,,,,,,tv_wilder_rsi14_sma5_v1,52.07,51.86,False,False,0.21
8881,8881.T,日神グループホールディングス,2025-02,OUT,4,54.11,57.23,True,True,3.11,2024-11,516.0,540.0,540.0,4.65,,,,,,,,,,,,,,,,,,,,,,,,,,,,,2025-03,513.0,-0.58,,,,,,,,,,,,,,,,,,,,,,,,,,,,,,,,,,,tv_wilder_rsi14_sma5_v1,57.23,54.11,True,True,3.11
8918,8918.T,ランド,2025-02,OUT,1,44.07,48.95,True,True,4.88,2025-02,8.0,8.0,8.0,0.0,,,,,,,,,,,,,,,,,,,,,,,,,,,,,2025-03,7.0,-12.5,,,,,,,,,,,,,,,,,,,,,,,,,,,,,,,,,,,tv_wilder_rsi14_sma5_v1,48.95,44.07,True,True,4.88
8920,8920.T,東祥,2025-02,OUT,2,35.3,36.58,True,False,1.28,2025-01,694.0,669.0,669.0,-3.6,,,,,,,,,,,,,,,,,,,,,,,,,,,,,2025-03,601.0,-13.4,,,,,,,,,,,,,,,,,,,,,,,,,,,,,,,,,,,tv_wilder_rsi14_sma5_v1,36.58,35.3,False,True,1.28
8927,8927.T,明豊エンタープライズ,2025-02,OUT,1,53.54,54.26,False,True,0.73,2025-02,306.0,306.0,306.0,0.0,,,,,,,,,,,,,,,,,,,,,,,,,,,,,2025-03,287.0,-6.21,,,,,,,,,,,,,,,,,,,,,,,,,,,,,,,,,,,tv_wilder_rsi14_sma5_v1,54.26,53.54,True,False,0.73
8929,8929.T,青山財産ネットワークス,2025-02,OUT,4,70.28,75.09,True,True,4.81,2024-11,1808.0,2034.0,2034.0,12.5,,,,,,,,,,,,,,,,,,,,,,,,,,,,,2025-03,1914.0,5.86,,,,,,,,,,,,,,,,,,,,,,,,,,,,,,,,,,,tv_wilder_rsi14_sma5_v1,75.09,70.28,True,True,4.81
8938,8938.T,グローム・ホールディングス,2025-02,OUT,2,42.81,42.91,True,False,0.1,2025-01,714.0,691.0,691.0,-3.22,,,,,,,,,,,,,,,,,,,,,,,,,,,,,2025-03,660.0,-7.56,,,,,,,,,,,,,,,,,,,,,,,,,,,,,,,,,,,tv_wilder_rsi14_sma5_v1,42.91,42.81,False,True,0.1
8999,8999.T,グランディハウス,2025-02,OUT,3,48.55,50.24,True,False,1.69,2024-12,573.0,578.0,578.0,0.87,,,,,,,,,,,,,,,,,,,,,,,,,,,,,2025-03,537.0,-6.28,,,,,,,,,,,,,,,,,,,,,,,,,,,,,,,,,,,tv_wilder_rsi14_sma5_v1,50.24,48.55,False,True,1.69
9001,9001.T,東武鉄道,2025-02,OUT,4,35.56,37.2,True,False,1.64,2024-11,2570.0,2597.0,2597.0,1.05,,,,,,,,,,,,,,,,,,,,,,,,,,,,,2025-03,2550.5,-0.76,,,,,,,,,,,,,,,,,,,,,,,,,,,,,,,,,,,tv_wilder_rsi14_sma5_v1,37.2,35.56,False,True,1.64
9008,9008.T,京王電鉄,2025-02,OUT,4,39.73,41.88,True,False,2.15,2024-11,788.6,772.0,772.0,-2.1,,,,,,,,,,,,,,,,,,,,,,,,,,,,,2025-03,761.4,-3.45,,,,,,,,,,,,,,,,,,,,,,,,,,,,,,,,,,,tv_wilder_rsi14_sma5_v1,41.88,39.73,False,True,2.15
9009,9009.T,京成電鉄,2025-02,OUT,4,43.35,43.92,True,False,0.58,2024-11,1497.0,1433.5,1433.5,-4.24,,,,,,,,,,,,,,,,,,,,,,,,,,,,,2025-03,1347.5,-9.99,,,,,,,,,,,,,,,,,,,,,,,,,,,,,,,,,,,tv_wilder_rsi14_sma5_v1,43.92,43.35,False,True,0.58
9017,9017.T,新潟交通,2025-02,OUT,3,61.14,69.66,True,True,8.52,2024-12,2080.0,2148.0,2148.0,3.27,,,,,,,,,,,,,,,,,,,,,,,,,,,,,2025-03,2076.0,-0.19,,,,,,,,,,,,,,,,,,,,,,,,,,,,,,,,,,,tv_wilder_rsi14_sma5_v1,69.66,61.14,True,True,8.52
9041,9041.T,近鉄グループホールディングス,2025-02,OUT,2,37.96,39.17,False,True,1.21,2025-01,3352.0,3378.0,3378.0,0.78,,,,,,,,,,,,,,,,,,,,,,,,,,,,,2025-03,3190.0,-4.83,,,,,,,,,,,,,,,,,,,,,,,,,,,,,,,,,,,tv_wilder_rsi14_sma5_v1,39.17,37.96,True,False,1.21
9044,9044.T,ＮＡＮＫＡＩ,2025-02,OUT,3,42.51,44.43,True,False,1.91,2024-12,2482.5,2516.0,2516.0,1.35,,,,,,,,,,,,,,,,,,,,,,,,,,,,,2025-03,2450.5,-1.29,,,,,,,,,,,,,,,,,,,,,,,,,,,,,,,,,,,tv_wilder_rsi14_sma5_v1,44.43,42.51,False,True,1.91
9045,9045.T,京阪ホールディングス,2025-02,OUT,6,47.88,50.01,True,True,2.14,2024-09,3029.0,3363.0,3363.0,11.03,,,,,,,,,,,,,,,,,,,,,,,,,,,,,2025-03,3256.0,7.49,,,,,,,,,,,,,,,,,,,,,,,,,,,,,,,,,,,tv_wilder_rsi14_sma5_v1,50.01,47.88,True,True,2.14
9059,9059.T,カンダホールディングス,2025-02,OUT,2,58.83,60.75,False,True,1.92,2025-01,808.0,811.0,811.0,0.37,,,,,,,,,,,,,,,,,,,,,,,,,,,,,2025-03,792.0,-1.98,,,,,,,,,,,,,,,,,,,,,,,,,,,,,,,,,,,tv_wilder_rsi14_sma5_v1,60.75,58.83,True,False,1.92
9081,9081.T,神奈川中央交通,2025-02,OUT,4,63.27,68.25,True,True,4.99,2024-11,3795.0,3915.0,3915.0,3.16,,,,,,,,,,,,,,,,,,,,,,,,,,,,,2025-03,3685.0,-2.9,,,,,,,,,,,,,,,,,,,,,,,,,,,,,,,,,,,tv_wilder_rsi14_sma5_v1,68.25,63.27,True,True,4.99
9101,9101.T,日本郵船,2025-02,OUT,1,60.74,61.11,False,True,0.37,2025-02,5269.0,5269.0,5269.0,0.0,,,,,,,,,,,,,,,,,,,,,,,,,,,,,2025-03,4921.0,-6.6,,,,,,,,,,,,,,,,,,,,,,,,,,,,,,,,,,,tv_wilder_rsi14_sma5_v1,61.11,60.74,True,False,0.37
9104,9104.T,商船三井,2025-02,OUT,1,63.35,64.27,True,True,0.92,2025-02,5542.0,5542.0,5542.0,0.0,,,,,,,,,,,,,,,,,,,,,,,,,,,,,2025-03,5188.0,-6.39,,,,,,,,,,,,,,,,,,,,,,,,,,,,,,,,,,,tv_wilder_rsi14_sma5_v1,64.27,63.35,True,True,0.92
9193,9193.T,東京汽船,2025-02,OUT,4,66.51,72.3,True,False,5.78,2024-11,754.0,855.0,855.0,13.4,,,,,,,,,,,,,,,,,,,,,,,,,,,,,2025-03,761.0,0.93,,,,,,,,,,,,,,,,,,,,,,,,,,,,,,,,,,,tv_wilder_rsi14_sma5_v1,72.3,66.51,False,True,5.78
9215,9215.T,ＣａＳｙ,2025-02,OUT,4,43.44,45.52,True,True,2.08,2024-11,1008.0,935.0,935.0,-7.24,,,,,,,,,,,,,,,,,,,,,,,,,,,,,2025-03,909.0,-9.82,,,,,,,,,,,,,,,,,,,,,,,,,,,,,,,,,,,tv_wilder_rsi14_sma5_v1,45.52,43.44,True,True,2.08
9249,9249.T,日本エコシステム,2025-02,OUT,2,72.97,75.56,True,True,2.6,2025-01,1500.0,1530.0,1530.0,2.0,,,,,,,,,,,,,,,,,,,,,,,,,,,,,2025-03,1497.0,-0.2,,,,,,,,,,,,,,,,,,,,,,,,,,,,,,,,,,,tv_wilder_rsi14_sma5_v1,75.56,72.97,True,True,2.6
9274,9274.T,ＫＰＰグループホールディングス,2025-02,OUT,2,49.76,50.65,False,False,0.9,2025-01,669.0,669.0,669.0,0.0,,,,,,,,,,,,,,,,,,,,,,,,,,,,,2025-03,654.0,-2.24,,,,,,,,,,,,,,,,,,,,,,,,,,,,,,,,,,,tv_wilder_rsi14_sma5_v1,50.65,49.76,False,False,0.9
9326,9326.T,関通ホールディングス,2025-02,OUT,1,37.96,38.86,False,True,0.9,2025-02,350.0,350.0,350.0,0.0,,,,,,,,,,,,,,,,,,,,,,,,,,,,,2025-03,339.0,-3.14,,,,,,,,,,,,,,,,,,,,,,,,,,,,,,,,,,,tv_wilder_rsi14_sma5_v1,38.86,37.96,True,False,0.9
9337,9337.T,トリドリ,2025-02,OUT,4,51.9,56.34,True,True,4.44,2024-11,2068.0,2492.0,2492.0,20.5,,,,,,,,,,,,,,,,,,,,,,,,,,,,,2025-03,2186.0,5.71,,,,,,,,,,,,,,,,,,,,,,,,,,,,,,,,,,,tv_wilder_rsi14_sma5_v1,56.34,51.9,True,True,4.44
9367,9367.T,大東港運,2025-02,OUT,3,48.64,49.49,True,False,0.85,2024-12,723.0,718.0,718.0,-0.69,,,,,,,,,,,,,,,,,,,,,,,,,,,,,2025-03,704.0,-2.63,,,,,,,,,,,,,,,,,,,,,,,,,,,,,,,,,,,tv_wilder_rsi14_sma5_v1,49.49,48.64,False,True,0.85
9380,9380.T,東海運,2025-02,OUT,9,63.53,73.41,True,True,9.87,2024-06,297.0,380.0,380.0,27.95,,,,,,,,,,,,,,,,,,,,,,,,,,,,,2025-03,328.0,10.44,,,,,,,,,,,,,,,,,,,,,,,,,,,,,,,,,,,tv_wilder_rsi14_sma5_v1,73.41,63.53,True,True,9.87
9385,9385.T,ショーエイコーポレーション,2025-02,OUT,1,40.87,43.41,True,True,2.54,2025-02,579.0,579.0,579.0,0.0,,,,,,,,,,,,,,,,,,,,,,,,,,,,,2025-03,552.0,-4.66,,,,,,,,,,,,,,,,,,,,,,,,,,,,,,,,,,,tv_wilder_rsi14_sma5_v1,43.41,40.87,True,True,2.54
9408,9408.T,ＢＳＮメディアホールディングス,2025-02,OUT,1,69.71,70.19,True,True,0.48,2025-02,1863.0,1863.0,1863.0,0.0,,,,,,,,,,,,,,,,,,,,,,,,,,,,,2025-03,1839.0,-1.29,,,,,,,,,,,,,,,,,,,,,,,,,,,,,,,,,,,tv_wilder_rsi14_sma5_v1,70.19,69.71,True,True,0.48
9428,9428.T,クロップス,2025-02,OUT,1,49.22,53.33,True,True,4.11,2025-02,1080.0,1080.0,1080.0,0.0,,,,,,,,,,,,,,,,,,,,,,,,,,,,,2025-03,969.0,-10.28,,,,,,,,,,,,,,,,,,,,,,,,,,,,,,,,,,,tv_wilder_rsi14_sma5_v1,53.33,49.22,True,True,4.11
9445,9445.T,フォーバルテレコム,2025-02,OUT,2,65.33,67.89,True,True,2.56,2025-01,460.0,468.0,468.0,1.74,,,,,,,,,,,,,,,,,,,,,,,,,,,,,2025-03,460.0,0.0,,,,,,,,,,,,,,,,,,,,,,,,,,,,,,,,,,,tv_wilder_rsi14_sma5_v1,67.89,65.33,True,True,2.56
9446,9446.T,サカイホールディングス,2025-02,OUT,3,31.4,31.77,False,False,0.37,2024-12,461.0,456.0,456.0,-1.08,,,,,,,,,,,,,,,,,,,,,,,,,,,,,2025-03,446.0,-3.25,,,,,,,,,,,,,,,,,,,,,,,,,,,,,,,,,,,tv_wilder_rsi14_sma5_v1,31.77,31.4,False,False,0.37
9450,9450.T,ファイバーゲート,2025-02,OUT,1,43.3,43.42,False,True,0.12,2025-02,940.0,940.0,940.0,0.0,,,,,,,,,,,,,,,,,,,,,,,,,,,,,2025-03,909.0,-3.3,,,,,,,,,,,,,,,,,,,,,,,,,,,,,,,,,,,tv_wilder_rsi14_sma5_v1,43.42,43.3,True,False,0.12
9513,9513.T,電源開発,2025-02,OUT,1,58.53,59.12,True,True,0.59,2025-02,2579.0,2579.0,2579.0,0.0,,,,,,,,,,,,,,,,,,,,,,,,,,,,,2025-03,2532.0,-1.82,,,,,,,,,,,,,,,,,,,,,,,,,,,,,,,,,,,tv_wilder_rsi14_sma5_v1,59.12,58.53,True,True,0.59
9532,9532.T,大阪瓦斯,2025-02,OUT,1,60.63,60.92,True,True,0.29,2025-02,3454.0,3454.0,3454.0,0.0,,,,,,,,,,,,,,,,,,,,,,,,,,,,,2025-03,3383.0,-2.06,,,,,,,,,,,,,,,,,,,,,,,,,,,,,,,,,,,tv_wilder_rsi14_sma5_v1,60.92,60.63,True,True,0.29
9564,9564.T,ＦＣＥ,2025-02,OUT,4,69.96,74.43,True,True,4.47,2024-11,493.0,563.0,563.0,14.2,,,,,,,,,,,,,,,,,,,,,,,,,,,,,2025-03,516.0,4.67,,,,,,,,,,,,,,,,,,,,,,,,,,,,,,,,,,,tv_wilder_rsi14_sma5_v1,74.43,69.96,True,True,4.47
9632,9632.T,スバル興業,2025-02,OUT,3,67.89,68.84,False,True,0.95,2024-12,3430.0,3425.0,3425.0,-0.15,,,,,,,,,,,,,,,,,,,,,,,,,,,,,2025-03,3180.0,-7.29,,,,,,,,,,,,,,,,,,,,,,,,,,,,,,,,,,,tv_wilder_rsi14_sma5_v1,68.84,67.89,True,False,0.95
9633,9633.T,東京テアトル,2025-02,OUT,2,41.36,45.87,True,True,4.51,2025-01,1082.0,1103.0,1103.0,1.94,,,,,,,,,,,,,,,,,,,,,,,,,,,,,2025-03,1074.0,-0.74,,,,,,,,,,,,,,,,,,,,,,,,,,,,,,,,,,,tv_wilder_rsi14_sma5_v1,45.87,41.36,True,True,4.51
9639,9639.T,三協フロンテア,2025-02,OUT,3,50.73,50.91,True,False,0.18,2024-12,2135.0,2047.0,2047.0,-4.12,,,,,,,,,,,,,,,,,,,,,,,,,,,,,2025-03,2006.0,-6.04,,,,,,,,,,,,,,,,,,,,,,,,,,,,,,,,,,,tv_wilder_rsi14_sma5_v1,50.91,50.73,False,True,0.18
9640,9640.T,セゾンテクノロジー,2025-02,OUT,2,43.33,44.31,True,False,0.98,2025-01,1808.0,1793.0,1793.0,-0.83,,,,,,,,,,,,,,,,,,,,,,,,,,,,,2025-03,1772.0,-1.99,,,,,,,,,,,,,,,,,,,,,,,,,,,,,,,,,,,tv_wilder_rsi14_sma5_v1,44.31,43.33,False,True,0.98
9644,9644.T,タナベコンサルティンググループ,2025-02,OUT,2,60.8,65.45,True,True,4.65,2025-01,610.0,658.5,658.5,7.95,,,,,,,,,,,,,,,,,,,,,,,,,,,,,2025-03,615.0,0.82,,,,,,,,,,,,,,,,,,,,,,,,,,,,,,,,,,,tv_wilder_rsi14_sma5_v1,65.45,60.8,True,True,4.65
9661,9661.T,歌舞伎座,2025-02,OUT,3,36.2,40.36,True,False,4.16,2024-12,4540.0,4575.0,4575.0,0.77,,,,,,,,,,,,,,,,,,,,,,,,,,,,,2025-03,4500.0,-0.88,,,,,,,,,,,,,,,,,,,,,,,,,,,,,,,,,,,tv_wilder_rsi14_sma5_v1,40.36,36.2,False,True,4.16
9663,9663.T,ナガワ,2025-02,OUT,1,44.52,44.99,False,True,0.47,2025-02,6650.0,6650.0,6650.0,0.0,,,,,,,,,,,,,,,,,,,,,,,,,,,,,2025-03,6000.0,-9.77,,,,,,,,,,,,,,,,,,,,,,,,,,,,,,,,,,,tv_wilder_rsi14_sma5_v1,44.99,44.52,True,False,0.47
9672,9672.T,東京都競馬,2025-02,OUT,4,53.29,53.7,False,False,0.41,2024-11,4270.0,4420.0,4420.0,3.51,,,,,,,,,,,,,,,,,,,,,,,,,,,,,2025-03,4385.0,2.69,,,,,,,,,,,,,,,,,,,,,,,,,,,,,,,,,,,tv_wilder_rsi14_sma5_v1,53.7,53.29,False,False,0.41
9682,9682.T,ＤＴＳ,2025-02,OUT,3,62.92,63.33,True,False,0.41,2024-12,1048.75,1051.25,1051.25,0.24,,,,,,,,,,,,,,,,,,,,,,,,,,,,,2025-03,998.75,-4.77,,,,,,,,,,,,,,,,,,,,,,,,,,,,,,,,,,,tv_wilder_rsi14_sma5_v1,63.33,62.92,False,True,0.41
9687,9687.T,ＫＳＫ,2025-02,OUT,3,53.68,55.07,True,False,1.39,2024-12,3005.0,3205.0,3205.0,6.66,,,,,,,,,,,,,,,,,,,,,,,,,,,,,2025-03,3135.0,4.33,,,,,,,,,,,,,,,,,,,,,,,,,,,,,,,,,,,tv_wilder_rsi14_sma5_v1,55.07,53.68,False,True,1.39
9701,9701.T,東京會舘,2025-02,OUT,2,66.41,69.62,True,True,3.21,2025-01,3930.0,4000.0,4000.0,1.78,,,,,,,,,,,,,,,,,,,,,,,,,,,,,2025-03,3930.0,0.0,,,,,,,,,,,,,,,,,,,,,,,,,,,,,,,,,,,tv_wilder_rsi14_sma5_v1,69.62,66.41,True,True,3.21
9733,9733.T,ナガセ,2025-02,OUT,3,47.7,52.0,True,True,4.3,2024-12,1855.0,1914.0,1914.0,3.18,,,,,,,,,,,,,,,,,,,,,,,,,,,,,2025-03,1818.0,-1.99,,,,,,,,,,,,,,,,,,,,,,,,,,,,,,,,,,,tv_wilder_rsi14_sma5_v1,52.0,47.7,True,True,4.3
9744,9744.T,メイテックグループホールディングス,2025-02,OUT,2,54.26,54.36,False,False,0.09,2025-01,3016.0,2959.5,2959.5,-1.87,,,,,,,,,,,,,,,,,,,,,,,,,,,,,2025-03,2916.0,-3.32,,,,,,,,,,,,,,,,,,,,,,,,,,,,,,,,,,,tv_wilder_rsi14_sma5_v1,54.36,54.26,False,False,0.09
9753,9753.T,アイエックス・ナレッジ,2025-02,OUT,3,53.18,56.92,True,True,3.74,2024-12,1006.0,1061.0,1061.0,5.47,,,,,,,,,,,,,,,,,,,,,,,,,,,,,2025-03,1032.0,2.58,,,,,,,,,,,,,,,,,,,,,,,,,,,,,,,,,,,tv_wilder_rsi14_sma5_v1,56.92,53.18,True,True,3.74
9763,9763.T,丸建リース,2025-02,OUT,3,62.78,63.28,True,True,0.49,2024-12,1040.0,1013.33,1013.33,-2.56,,,,,,,,,,,,,,,,,,,,,,,,,,,,,2025-03,997.67,-4.07,,,,,,,,,,,,,,,,,,,,,,,,,,,,,,,,,,,tv_wilder_rsi14_sma5_v1,63.28,62.78,True,True,0.49
9766,9766.T,コナミグループ,2025-02,OUT,1,77.25,82.09,True,True,4.84,2025-02,18295.0,18295.0,18295.0,0.0,,,,,,,,,,,,,,,,,,,,,,,,,,,,,2025-03,17580.0,-3.91,,,,,,,,,,,,,,,,,,,,,,,,,,,,,,,,,,,tv_wilder_rsi14_sma5_v1,82.09,77.25,True,True,4.84
9780,9780.T,ハリマビステム,2025-02,OUT,1,60.03,60.38,False,True,0.35,2025-02,713.0,713.0,713.0,0.0,,,,,,,,,,,,,,,,,,,,,,,,,,,,,2025-03,704.0,-1.26,,,,,,,,,,,,,,,,,,,,,,,,,,,,,,,,,,,tv_wilder_rsi14_sma5_v1,60.38,60.03,True,False,0.35
9788,9788.T,ナック,2025-02,OUT,3,68.97,77.46,True,True,8.49,2024-12,592.0,659.0,659.0,11.32,,,,,,,,,,,,,,,,,,,,,,,,,,,,,2025-03,594.0,0.34,,,,,,,,,,,,,,,,,,,,,,,,,,,,,,,,,,,tv_wilder_rsi14_sma5_v1,77.46,68.97,True,True,8.49
9799,9799.T,旭情報サービス,2025-02,OUT,10,83.28,87.22,True,True,3.94,2024-05,717.0,989.0,989.0,37.94,,,,,,,,,,,,,,,,,,,,,,,,,,,,,2025-03,975.0,35.98,,,,,,,,,,,,,,,,,,,,,,,,,,,,,,,,,,,tv_wilder_rsi14_sma5_v1,87.22,83.28,True,True,3.94
9818,9818.T,大丸エナウィン,2025-02,OUT,3,64.58,66.23,True,False,1.65,2024-12,1807.0,1784.0,1784.0,-1.27,,,,,,,,,,,,,,,,,,,,,,,,,,,,,2025-03,1673.0,-7.42,,,,,,,,,,,,,,,,,,,,,,,,,,,,,,,,,,,tv_wilder_rsi14_sma5_v1,66.23,64.58,False,True,1.65
9845,9845.T,パーカーコーポレーション,2025-02,OUT,3,54.02,55.13,True,False,1.12,2024-12,828.0,822.0,822.0,-0.72,,,,,,,,,,,,,,,,,,,,,,,,,,,,,2025-03,800.0,-3.38,,,,,,,,,,,,,,,,,,,,,,,,,,,,,,,,,,,tv_wilder_rsi14_sma5_v1,55.13,54.02,False,True,1.12
9850,9850.T,グルメ杵屋,2025-02,OUT,2,49.45,49.93,True,False,0.48,2025-01,1100.0,1070.0,1070.0,-2.73,,,,,,,,,,,,,,,,,,,,,,,,,,,,,2025-03,1020.0,-7.27,,,,,,,,,,,,,,,,,,,,,,,,,,,,,,,,,,,tv_wilder_rsi14_sma5_v1,49.93,49.45,False,True,0.48
9853,9853.T,銀座ルノアール,2025-02,OUT,4,63.37,66.69,True,False,3.32,2024-11,908.0,925.0,925.0,1.87,,,,,,,,,,,,,,,,,,,,,,,,,,,,,2025-03,899.0,-0.99,,,,,,,,,,,,,,,,,,,,,,,,,,,,,,,,,,,tv_wilder_rsi14_sma5_v1,66.69,63.37,False,True,3.32
9856,9856.T,ケーユーホールディングス,2025-02,OUT,4,46.62,47.06,True,False,0.44,2024-11,1119.0,1116.0,1116.0,-0.27,,,,,,,,,,,,,,,,,,,,,,,,,,,,,2025-03,1107.0,-1.07,,,,,,,,,,,,,,,,,,,,,,,,,,,,,,,,,,,tv_wilder_rsi14_sma5_v1,47.06,46.62,False,True,0.44
9857,9857.T,英和,2025-02,OUT,3,63.88,67.26,True,True,3.38,2024-12,2275.0,2360.0,2360.0,3.74,,,,,,,,,,,,,,,,,,,,,,,,,,,,,2025-03,2224.0,-2.24,,,,,,,,,,,,,,,,,,,,,,,,,,,,,,,,,,,tv_wilder_rsi14_sma5_v1,67.26,63.88,True,True,3.38
9878,9878.T,セキド,2025-02,OUT,3,46.51,48.79,True,False,2.27,2024-12,696.0,742.0,742.0,6.61,,,,,,,,,,,,,,,,,,,,,,,,,,,,,2025-03,700.0,0.57,,,,,,,,,,,,,,,,,,,,,,,,,,,,,,,,,,,tv_wilder_rsi14_sma5_v1,48.79,46.51,False,True,2.27
9882,9882.T,イエローハット,2025-02,OUT,3,73.72,77.17,True,True,3.46,2024-12,1343.0,1408.0,1408.0,4.84,,,,,,,,,,,,,,,,,,,,,,,,,,,,,2025-03,1381.0,2.83,,,,,,,,,,,,,,,,,,,,,,,,,,,,,,,,,,,tv_wilder_rsi14_sma5_v1,77.17,73.72,True,True,3.46
9888,9888.T,ＵＥＸ,2025-02,OUT,1,43.89,45.07,True,True,1.18,2025-02,917.0,917.0,917.0,0.0,,,,,,,,,,,,,,,,,,,,,,,,,,,,,2025-03,790.0,-13.85,,,,,,,,,,,,,,,,,,,,,,,,,,,,,,,,,,,tv_wilder_rsi14_sma5_v1,45.07,43.89,True,True,1.18
9906,9906.T,藤井産業,2025-02,OUT,3,59.73,60.39,True,False,0.67,2024-12,2520.0,2501.0,2501.0,-0.75,,,,,,,,,,,,,,,,,,,,,,,,,,,,,2025-03,2460.0,-2.38,,,,,,,,,,,,,,,,,,,,,,,,,,,,,,,,,,,tv_wilder_rsi14_sma5_v1,60.39,59.73,False,True,0.67
9908,9908.T,日本電計,2025-02,OUT,3,49.13,50.5,True,False,1.37,2024-12,1875.0,1844.0,1844.0,-1.65,,,,,,,,,,,,,,,,,,,,,,,,,,,,,2025-03,1833.0,-2.24,,,,,,,,,,,,,,,,,,,,,,,,,,,,,,,,,,,tv_wilder_rsi14_sma5_v1,50.5,49.13,False,True,1.37
9929,9929.T,平和紙業,2025-02,OUT,1,55.53,59.98,True,True,4.45,2025-02,460.0,460.0,460.0,0.0,,,,,,,,,,,,,,,,,,,,,,,,,,,,,2025-03,445.0,-3.26,,,,,,,,,,,,,,,,,,,,,,,,,,,,,,,,,,,tv_wilder_rsi14_sma5_v1,59.98,55.53,True,True,4.45
9950,9950.T,ハチバン,2025-02,OUT,1,60.54,62.92,True,True,2.38,2025-02,3495.0,3495.0,3495.0,0.0,,,,,,,,,,,,,,,,,,,,,,,,,,,,,2025-03,3380.0,-3.29,,,,,,,,,,,,,,,,,,,,,,,,,,,,,,,,,,,tv_wilder_rsi14_sma5_v1,62.92,60.54,True,True,2.38
9969,9969.T,ショクブン,2025-02,OUT,2,46.89,49.86,False,True,2.96,2025-01,248.0,254.0,254.0,2.42,,,,,,,,,,,,,,,,,,,,,,,,,,,,,2025-03,238.0,-4.03,,,,,,,,,,,,,,,,,,,,,,,,,,,,,,,,,,,tv_wilder_rsi14_sma5_v1,49.86,46.89,True,False,2.96
9994,9994.T,やまや,2025-02,OUT,1,48.84,50.49,False,True,1.65,2025-02,2890.0,2890.0,2890.0,0.0,,,,,,,,,,,,,,,,,,,,,,,,,,,,,2025-03,2851.0,-1.35,,,,,,,,,,,,,,,,,,,,,,,,,,,,,,,,,,,tv_wilder_rsi14_sma5_v1,50.49,48.84,True,False,1.65
